source,run_date,run_at,zone,target,model,model_label,covariate_case,context_hours,timestamp,forecast_mw,actual_mw,tso_forecast_mw,context_start,context_end
historical_mock_realized,2025-12-22,2025-12-22 18:00:00+00:00,BE,load,tso_reference,TSO forecast,tso_forecast,2208,2025-12-22 18:00:00+00:00,11671.875,10554.1675,,2025-09-21 18:00:00+00:00,2025-12-22 17:00:00+00:00
historical_mock_realized,2025-12-22,2025-12-22 18:00:00+00:00,BE,load,tso_reference,TSO forecast,tso_forecast,2208,2025-12-22 19:00:00+00:00,11084.15,9934.2375,,2025-09-21 18:00:00+00:00,2025-12-22 17:00:00+00:00
historical_mock_realized,2025-12-22,2025-12-22 18:00:00+00:00,BE,load,tso_reference,TSO forecast,tso_forecast,2208,2025-12-22 20:00:00+00:00,10526.7525,9631.0025,,2025-09-21 18:00:00+00:00,2025-12-22 17:00:00+00:00
historical_mock_realized,2025-12-22,2025-12-22 18:00:00+00:00,BE,load,tso_reference,TSO forecast,tso_forecast,2208,2025-12-22 21:00:00+00:00,10372.345,9478.6375,,2025-09-21 18:00:00+00:00,2025-12-22 17:00:00+00:00
historical_mock_realized,2025-12-22,2025-12-22 18:00:00+00:00,BE,load,tso_reference,TSO forecast,tso_forecast,2208,2025-12-22 22:00:00+00:00,10111.85,9263.6625,,2025-09-21 18:00:00+00:00,2025-12-22 17:00:00+00:00
historical_mock_realized,2025-12-22,2025-12-22 18:00:00+00:00,BE,load,tso_reference,TSO forecast,tso_forecast,2208,2025-12-22 23:00:00+00:00,9667.9925,8993.79,,2025-09-21 18:00:00+00:00,2025-12-22 17:00:00+00:00
historical_mock_realized,2025-12-22,2025-12-22 18:00:00+00:00,BE,load,tso_reference,TSO forecast,tso_forecast,2208,2025-12-23 00:00:00+00:00,7944.5725,8568.7575,,2025-09-21 18:00:00+00:00,2025-12-22 17:00:00+00:00
historical_mock_realized,2025-12-22,2025-12-22 18:00:00+00:00,BE,load,tso_reference,TSO forecast,tso_forecast,2208,2025-12-23 01:00:00+00:00,7612.0325,8357.785,,2025-09-21 18:00:00+00:00,2025-12-22 17:00:00+00:00
historical_mock_realized,2025-12-22,2025-12-22 18:00:00+00:00,BE,load,tso_reference,TSO forecast,tso_forecast,2208,2025-12-23 02:00:00+00:00,7447.365,8136.9175,,2025-09-21 18:00:00+00:00,2025-12-22 17:00:00+00:00
historical_mock_realized,2025-12-22,2025-12-22 18:00:00+00:00,BE,load,tso_reference,TSO forecast,tso_forecast,2208,2025-12-23 03:00:00+00:00,7465.5475,8142.3625,,2025-09-21 18:00:00+00:00,2025-12-22 17:00:00+00:00
historical_mock_realized,2025-12-22,2025-12-22 18:00:00+00:00,BE,load,tso_reference,TSO forecast,tso_forecast,2208,2025-12-23 04:00:00+00:00,7772.860000000001,8411.7125,,2025-09-21 18:00:00+00:00,2025-12-22 17:00:00+00:00
historical_mock_realized,2025-12-22,2025-12-22 18:00:00+00:00,BE,load,tso_reference,TSO forecast,tso_forecast,2208,2025-12-23 05:00:00+00:00,8386.17,9120.5075,,2025-09-21 18:00:00+00:00,2025-12-22 17:00:00+00:00
historical_mock_realized,2025-12-22,2025-12-22 18:00:00+00:00,BE,load,tso_reference,TSO forecast,tso_forecast,2208,2025-12-23 06:00:00+00:00,8910.09,9847.055,,2025-09-21 18:00:00+00:00,2025-12-22 17:00:00+00:00
historical_mock_realized,2025-12-22,2025-12-22 18:00:00+00:00,BE,load,tso_reference,TSO forecast,tso_forecast,2208,2025-12-23 07:00:00+00:00,9674.44,10770.47,,2025-09-21 18:00:00+00:00,2025-12-22 17:00:00+00:00
historical_mock_realized,2025-12-22,2025-12-22 18:00:00+00:00,BE,load,tso_reference,TSO forecast,tso_forecast,2208,2025-12-23 08:00:00+00:00,10125.2875,11172.01,,2025-09-21 18:00:00+00:00,2025-12-22 17:00:00+00:00
historical_mock_realized,2025-12-22,2025-12-22 18:00:00+00:00,BE,load,tso_reference,TSO forecast,tso_forecast,2208,2025-12-23 09:00:00+00:00,10338.155,11229.3925,,2025-09-21 18:00:00+00:00,2025-12-22 17:00:00+00:00
historical_mock_realized,2025-12-22,2025-12-22 18:00:00+00:00,BE,load,tso_reference,TSO forecast,tso_forecast,2208,2025-12-23 10:00:00+00:00,10435.4275,11271.875,,2025-09-21 18:00:00+00:00,2025-12-22 17:00:00+00:00
historical_mock_realized,2025-12-22,2025-12-22 18:00:00+00:00,BE,load,tso_reference,TSO forecast,tso_forecast,2208,2025-12-23 11:00:00+00:00,10408.09,11205.5175,,2025-09-21 18:00:00+00:00,2025-12-22 17:00:00+00:00
historical_mock_realized,2025-12-22,2025-12-22 18:00:00+00:00,BE,load,tso_reference,TSO forecast,tso_forecast,2208,2025-12-23 12:00:00+00:00,10273.3275,11126.375,,2025-09-21 18:00:00+00:00,2025-12-22 17:00:00+00:00
historical_mock_realized,2025-12-22,2025-12-22 18:00:00+00:00,BE,load,tso_reference,TSO forecast,tso_forecast,2208,2025-12-23 13:00:00+00:00,10070.015,11076.0525,,2025-09-21 18:00:00+00:00,2025-12-22 17:00:00+00:00
historical_mock_realized,2025-12-22,2025-12-22 18:00:00+00:00,BE,load,tso_reference,TSO forecast,tso_forecast,2208,2025-12-23 14:00:00+00:00,10044.115,10933.285,,2025-09-21 18:00:00+00:00,2025-12-22 17:00:00+00:00
historical_mock_realized,2025-12-22,2025-12-22 18:00:00+00:00,BE,load,tso_reference,TSO forecast,tso_forecast,2208,2025-12-23 15:00:00+00:00,10216.97,11149.68,,2025-09-21 18:00:00+00:00,2025-12-22 17:00:00+00:00
historical_mock_realized,2025-12-22,2025-12-22 18:00:00+00:00,BE,load,tso_reference,TSO forecast,tso_forecast,2208,2025-12-23 16:00:00+00:00,10669.69,11378.0825,,2025-09-21 18:00:00+00:00,2025-12-22 17:00:00+00:00
historical_mock_realized,2025-12-22,2025-12-22 18:00:00+00:00,BE,load,tso_reference,TSO forecast,tso_forecast,2208,2025-12-23 17:00:00+00:00,10650.8325,11306.2225,,2025-09-21 18:00:00+00:00,2025-12-22 17:00:00+00:00
historical_mock_realized,2025-12-22,2025-12-22 18:00:00+00:00,FR,load,tso_reference,TSO forecast,tso_forecast,2208,2025-12-22 18:00:00+00:00,63612.5,62995.3575,,2025-09-21 18:00:00+00:00,2025-12-22 17:00:00+00:00
historical_mock_realized,2025-12-22,2025-12-22 18:00:00+00:00,FR,load,tso_reference,TSO forecast,tso_forecast,2208,2025-12-22 19:00:00+00:00,60087.5,59806.3125,,2025-09-21 18:00:00+00:00,2025-12-22 17:00:00+00:00
historical_mock_realized,2025-12-22,2025-12-22 18:00:00+00:00,FR,load,tso_reference,TSO forecast,tso_forecast,2208,2025-12-22 20:00:00+00:00,56475.0,57210.4475,,2025-09-21 18:00:00+00:00,2025-12-22 17:00:00+00:00
historical_mock_realized,2025-12-22,2025-12-22 18:00:00+00:00,FR,load,tso_reference,TSO forecast,tso_forecast,2208,2025-12-22 21:00:00+00:00,55600.0,57513.0025,,2025-09-21 18:00:00+00:00,2025-12-22 17:00:00+00:00
historical_mock_realized,2025-12-22,2025-12-22 18:00:00+00:00,FR,load,tso_reference,TSO forecast,tso_forecast,2208,2025-12-22 22:00:00+00:00,56800.0,57089.7775,,2025-09-21 18:00:00+00:00,2025-12-22 17:00:00+00:00
historical_mock_realized,2025-12-22,2025-12-22 18:00:00+00:00,FR,load,tso_reference,TSO forecast,tso_forecast,2208,2025-12-22 23:00:00+00:00,55337.5,54981.11,,2025-09-21 18:00:00+00:00,2025-12-22 17:00:00+00:00
historical_mock_realized,2025-12-22,2025-12-22 18:00:00+00:00,FR,load,tso_reference,TSO forecast,tso_forecast,2208,2025-12-23 00:00:00+00:00,53525.0,53142.9375,,2025-09-21 18:00:00+00:00,2025-12-22 17:00:00+00:00
historical_mock_realized,2025-12-22,2025-12-22 18:00:00+00:00,FR,load,tso_reference,TSO forecast,tso_forecast,2208,2025-12-23 01:00:00+00:00,52462.5,51507.055,,2025-09-21 18:00:00+00:00,2025-12-22 17:00:00+00:00
historical_mock_realized,2025-12-22,2025-12-22 18:00:00+00:00,FR,load,tso_reference,TSO forecast,tso_forecast,2208,2025-12-23 02:00:00+00:00,50262.5,49594.71,,2025-09-21 18:00:00+00:00,2025-12-22 17:00:00+00:00
historical_mock_realized,2025-12-22,2025-12-22 18:00:00+00:00,FR,load,tso_reference,TSO forecast,tso_forecast,2208,2025-12-23 03:00:00+00:00,49750.0,49269.4225,,2025-09-21 18:00:00+00:00,2025-12-22 17:00:00+00:00
historical_mock_realized,2025-12-22,2025-12-22 18:00:00+00:00,FR,load,tso_reference,TSO forecast,tso_forecast,2208,2025-12-23 04:00:00+00:00,51687.5,51170.26,,2025-09-21 18:00:00+00:00,2025-12-22 17:00:00+00:00
historical_mock_realized,2025-12-22,2025-12-22 18:00:00+00:00,FR,load,tso_reference,TSO forecast,tso_forecast,2208,2025-12-23 05:00:00+00:00,56400.0,55084.5625,,2025-09-21 18:00:00+00:00,2025-12-22 17:00:00+00:00
historical_mock_realized,2025-12-22,2025-12-22 18:00:00+00:00,FR,load,tso_reference,TSO forecast,tso_forecast,2208,2025-12-23 06:00:00+00:00,62125.0,59157.83,,2025-09-21 18:00:00+00:00,2025-12-22 17:00:00+00:00
historical_mock_realized,2025-12-22,2025-12-22 18:00:00+00:00,FR,load,tso_reference,TSO forecast,tso_forecast,2208,2025-12-23 07:00:00+00:00,64625.0,62284.4,,2025-09-21 18:00:00+00:00,2025-12-22 17:00:00+00:00
historical_mock_realized,2025-12-22,2025-12-22 18:00:00+00:00,FR,load,tso_reference,TSO forecast,tso_forecast,2208,2025-12-23 08:00:00+00:00,64887.5,64304.8725,,2025-09-21 18:00:00+00:00,2025-12-22 17:00:00+00:00
historical_mock_realized,2025-12-22,2025-12-22 18:00:00+00:00,FR,load,tso_reference,TSO forecast,tso_forecast,2208,2025-12-23 09:00:00+00:00,65125.0,65421.9575,,2025-09-21 18:00:00+00:00,2025-12-22 17:00:00+00:00
historical_mock_realized,2025-12-22,2025-12-22 18:00:00+00:00,FR,load,tso_reference,TSO forecast,tso_forecast,2208,2025-12-23 10:00:00+00:00,65637.5,66500.5925,,2025-09-21 18:00:00+00:00,2025-12-22 17:00:00+00:00
historical_mock_realized,2025-12-22,2025-12-22 18:00:00+00:00,FR,load,tso_reference,TSO forecast,tso_forecast,2208,2025-12-23 11:00:00+00:00,66537.5,66963.75,,2025-09-21 18:00:00+00:00,2025-12-22 17:00:00+00:00
historical_mock_realized,2025-12-22,2025-12-22 18:00:00+00:00,FR,load,tso_reference,TSO forecast,tso_forecast,2208,2025-12-23 12:00:00+00:00,65775.0,65442.6525,,2025-09-21 18:00:00+00:00,2025-12-22 17:00:00+00:00
historical_mock_realized,2025-12-22,2025-12-22 18:00:00+00:00,FR,load,tso_reference,TSO forecast,tso_forecast,2208,2025-12-23 13:00:00+00:00,63762.5,64803.4125,,2025-09-21 18:00:00+00:00,2025-12-22 17:00:00+00:00
historical_mock_realized,2025-12-22,2025-12-22 18:00:00+00:00,FR,load,tso_reference,TSO forecast,tso_forecast,2208,2025-12-23 14:00:00+00:00,61862.5,63632.6425,,2025-09-21 18:00:00+00:00,2025-12-22 17:00:00+00:00
historical_mock_realized,2025-12-22,2025-12-22 18:00:00+00:00,FR,load,tso_reference,TSO forecast,tso_forecast,2208,2025-12-23 15:00:00+00:00,61025.0,62663.2925,,2025-09-21 18:00:00+00:00,2025-12-22 17:00:00+00:00
historical_mock_realized,2025-12-22,2025-12-22 18:00:00+00:00,FR,load,tso_reference,TSO forecast,tso_forecast,2208,2025-12-23 16:00:00+00:00,62787.5,63903.255000000005,,2025-09-21 18:00:00+00:00,2025-12-22 17:00:00+00:00
historical_mock_realized,2025-12-22,2025-12-22 18:00:00+00:00,FR,load,tso_reference,TSO forecast,tso_forecast,2208,2025-12-23 17:00:00+00:00,65062.5,65308.46,,2025-09-21 18:00:00+00:00,2025-12-22 17:00:00+00:00
historical_mock_realized,2025-12-22,2025-12-22 18:00:00+00:00,DE,load,tso_reference,TSO forecast,tso_forecast,2208,2025-12-22 18:00:00+00:00,65996.31868525,62479.63701,,2025-09-21 18:00:00+00:00,2025-12-22 17:00:00+00:00
historical_mock_realized,2025-12-22,2025-12-22 18:00:00+00:00,DE,load,tso_reference,TSO forecast,tso_forecast,2208,2025-12-22 19:00:00+00:00,62958.9559955,59475.1974325,,2025-09-21 18:00:00+00:00,2025-12-22 17:00:00+00:00
historical_mock_realized,2025-12-22,2025-12-22 18:00:00+00:00,DE,load,tso_reference,TSO forecast,tso_forecast,2208,2025-12-22 20:00:00+00:00,59520.1082105,56801.49325,,2025-09-21 18:00:00+00:00,2025-12-22 17:00:00+00:00
historical_mock_realized,2025-12-22,2025-12-22 18:00:00+00:00,DE,load,tso_reference,TSO forecast,tso_forecast,2208,2025-12-22 21:00:00+00:00,56183.378838,54011.2074225,,2025-09-21 18:00:00+00:00,2025-12-22 17:00:00+00:00
historical_mock_realized,2025-12-22,2025-12-22 18:00:00+00:00,DE,load,tso_reference,TSO forecast,tso_forecast,2208,2025-12-22 22:00:00+00:00,52158.7095595,49917.9371575,,2025-09-21 18:00:00+00:00,2025-12-22 17:00:00+00:00
historical_mock_realized,2025-12-22,2025-12-22 18:00:00+00:00,DE,load,tso_reference,TSO forecast,tso_forecast,2208,2025-12-22 23:00:00+00:00,48755.72039725,46263.7340075,,2025-09-21 18:00:00+00:00,2025-12-22 17:00:00+00:00
historical_mock_realized,2025-12-22,2025-12-22 18:00:00+00:00,DE,load,tso_reference,TSO forecast,tso_forecast,2208,2025-12-23 00:00:00+00:00,47213.870518,44694.2920725,,2025-09-21 18:00:00+00:00,2025-12-22 17:00:00+00:00
historical_mock_realized,2025-12-22,2025-12-22 18:00:00+00:00,DE,load,tso_reference,TSO forecast,tso_forecast,2208,2025-12-23 01:00:00+00:00,46524.00032525,44190.161217500005,,2025-09-21 18:00:00+00:00,2025-12-22 17:00:00+00:00
historical_mock_realized,2025-12-22,2025-12-22 18:00:00+00:00,DE,load,tso_reference,TSO forecast,tso_forecast,2208,2025-12-23 02:00:00+00:00,46598.409283,43845.0234175,,2025-09-21 18:00:00+00:00,2025-12-22 17:00:00+00:00
historical_mock_realized,2025-12-22,2025-12-22 18:00:00+00:00,DE,load,tso_reference,TSO forecast,tso_forecast,2208,2025-12-23 03:00:00+00:00,47739.1238855,44871.0926975,,2025-09-21 18:00:00+00:00,2025-12-22 17:00:00+00:00
historical_mock_realized,2025-12-22,2025-12-22 18:00:00+00:00,DE,load,tso_reference,TSO forecast,tso_forecast,2208,2025-12-23 04:00:00+00:00,50990.829753,46940.6789025,,2025-09-21 18:00:00+00:00,2025-12-22 17:00:00+00:00
historical_mock_realized,2025-12-22,2025-12-22 18:00:00+00:00,DE,load,tso_reference,TSO forecast,tso_forecast,2208,2025-12-23 05:00:00+00:00,56770.267290749995,51048.06011,,2025-09-21 18:00:00+00:00,2025-12-22 17:00:00+00:00
historical_mock_realized,2025-12-22,2025-12-22 18:00:00+00:00,DE,load,tso_reference,TSO forecast,tso_forecast,2208,2025-12-23 06:00:00+00:00,61689.36378925,55709.936405,,2025-09-21 18:00:00+00:00,2025-12-22 17:00:00+00:00
historical_mock_realized,2025-12-22,2025-12-22 18:00:00+00:00,DE,load,tso_reference,TSO forecast,tso_forecast,2208,2025-12-23 07:00:00+00:00,64794.08720475,59631.1500625,,2025-09-21 18:00:00+00:00,2025-12-22 17:00:00+00:00
historical_mock_realized,2025-12-22,2025-12-22 18:00:00+00:00,DE,load,tso_reference,TSO forecast,tso_forecast,2208,2025-12-23 08:00:00+00:00,66084.50861875,61958.586845,,2025-09-21 18:00:00+00:00,2025-12-22 17:00:00+00:00
historical_mock_realized,2025-12-22,2025-12-22 18:00:00+00:00,DE,load,tso_reference,TSO forecast,tso_forecast,2208,2025-12-23 09:00:00+00:00,66678.5405955,62152.8818875,,2025-09-21 18:00:00+00:00,2025-12-22 17:00:00+00:00
historical_mock_realized,2025-12-22,2025-12-22 18:00:00+00:00,DE,load,tso_reference,TSO forecast,tso_forecast,2208,2025-12-23 10:00:00+00:00,66978.79819025,63083.033395,,2025-09-21 18:00:00+00:00,2025-12-22 17:00:00+00:00
historical_mock_realized,2025-12-22,2025-12-22 18:00:00+00:00,DE,load,tso_reference,TSO forecast,tso_forecast,2208,2025-12-23 11:00:00+00:00,66605.33676925,63990.6604825,,2025-09-21 18:00:00+00:00,2025-12-22 17:00:00+00:00
historical_mock_realized,2025-12-22,2025-12-22 18:00:00+00:00,DE,load,tso_reference,TSO forecast,tso_forecast,2208,2025-12-23 12:00:00+00:00,65422.265287,63298.24943,,2025-09-21 18:00:00+00:00,2025-12-22 17:00:00+00:00
historical_mock_realized,2025-12-22,2025-12-22 18:00:00+00:00,DE,load,tso_reference,TSO forecast,tso_forecast,2208,2025-12-23 13:00:00+00:00,64354.49912125,62613.9243625,,2025-09-21 18:00:00+00:00,2025-12-22 17:00:00+00:00
historical_mock_realized,2025-12-22,2025-12-22 18:00:00+00:00,DE,load,tso_reference,TSO forecast,tso_forecast,2208,2025-12-23 14:00:00+00:00,64002.816012,62536.857385,,2025-09-21 18:00:00+00:00,2025-12-22 17:00:00+00:00
historical_mock_realized,2025-12-22,2025-12-22 18:00:00+00:00,DE,load,tso_reference,TSO forecast,tso_forecast,2208,2025-12-23 15:00:00+00:00,64928.006955,63464.41523,,2025-09-21 18:00:00+00:00,2025-12-22 17:00:00+00:00
historical_mock_realized,2025-12-22,2025-12-22 18:00:00+00:00,DE,load,tso_reference,TSO forecast,tso_forecast,2208,2025-12-23 16:00:00+00:00,65694.97058975,65272.9167175,,2025-09-21 18:00:00+00:00,2025-12-22 17:00:00+00:00
historical_mock_realized,2025-12-22,2025-12-22 18:00:00+00:00,DE,load,tso_reference,TSO forecast,tso_forecast,2208,2025-12-23 17:00:00+00:00,65688.07148525,64456.12498,,2025-09-21 18:00:00+00:00,2025-12-22 17:00:00+00:00
historical_mock_realized,2025-12-22,2025-12-22 18:00:00+00:00,BE,load,persistence,Persistence,weekly_persistence,2208,2025-12-22 18:00:00+00:00,11403.3125,10554.1675,,2025-09-21 18:00:00+00:00,2025-12-22 17:00:00+00:00
historical_mock_realized,2025-12-22,2025-12-22 18:00:00+00:00,BE,load,persistence,Persistence,weekly_persistence,2208,2025-12-22 19:00:00+00:00,10765.6275,9934.2375,,2025-09-21 18:00:00+00:00,2025-12-22 17:00:00+00:00
historical_mock_realized,2025-12-22,2025-12-22 18:00:00+00:00,BE,load,persistence,Persistence,weekly_persistence,2208,2025-12-22 20:00:00+00:00,10205.645,9631.0025,,2025-09-21 18:00:00+00:00,2025-12-22 17:00:00+00:00
historical_mock_realized,2025-12-22,2025-12-22 18:00:00+00:00,BE,load,persistence,Persistence,weekly_persistence,2208,2025-12-22 21:00:00+00:00,9896.15,9478.6375,,2025-09-21 18:00:00+00:00,2025-12-22 17:00:00+00:00
historical_mock_realized,2025-12-22,2025-12-22 18:00:00+00:00,BE,load,persistence,Persistence,weekly_persistence,2208,2025-12-22 22:00:00+00:00,9489.0,9263.6625,,2025-09-21 18:00:00+00:00,2025-12-22 17:00:00+00:00
historical_mock_realized,2025-12-22,2025-12-22 18:00:00+00:00,BE,load,persistence,Persistence,weekly_persistence,2208,2025-12-22 23:00:00+00:00,8995.995,8993.79,,2025-09-21 18:00:00+00:00,2025-12-22 17:00:00+00:00
historical_mock_realized,2025-12-22,2025-12-22 18:00:00+00:00,BE,load,persistence,Persistence,weekly_persistence,2208,2025-12-23 00:00:00+00:00,8632.8025,8568.7575,,2025-09-21 18:00:00+00:00,2025-12-22 17:00:00+00:00
historical_mock_realized,2025-12-22,2025-12-22 18:00:00+00:00,BE,load,persistence,Persistence,weekly_persistence,2208,2025-12-23 01:00:00+00:00,8234.5675,8357.785,,2025-09-21 18:00:00+00:00,2025-12-22 17:00:00+00:00
historical_mock_realized,2025-12-22,2025-12-22 18:00:00+00:00,BE,load,persistence,Persistence,weekly_persistence,2208,2025-12-23 02:00:00+00:00,8136.3875,8136.9175,,2025-09-21 18:00:00+00:00,2025-12-22 17:00:00+00:00
historical_mock_realized,2025-12-22,2025-12-22 18:00:00+00:00,BE,load,persistence,Persistence,weekly_persistence,2208,2025-12-23 03:00:00+00:00,8226.529999999999,8142.3625,,2025-09-21 18:00:00+00:00,2025-12-22 17:00:00+00:00
historical_mock_realized,2025-12-22,2025-12-22 18:00:00+00:00,BE,load,persistence,Persistence,weekly_persistence,2208,2025-12-23 04:00:00+00:00,8586.385,8411.7125,,2025-09-21 18:00:00+00:00,2025-12-22 17:00:00+00:00
historical_mock_realized,2025-12-22,2025-12-22 18:00:00+00:00,BE,load,persistence,Persistence,weekly_persistence,2208,2025-12-23 05:00:00+00:00,9765.3175,9120.5075,,2025-09-21 18:00:00+00:00,2025-12-22 17:00:00+00:00
historical_mock_realized,2025-12-22,2025-12-22 18:00:00+00:00,BE,load,persistence,Persistence,weekly_persistence,2208,2025-12-23 06:00:00+00:00,10703.12,9847.055,,2025-09-21 18:00:00+00:00,2025-12-22 17:00:00+00:00
historical_mock_realized,2025-12-22,2025-12-22 18:00:00+00:00,BE,load,persistence,Persistence,weekly_persistence,2208,2025-12-23 07:00:00+00:00,11464.9075,10770.47,,2025-09-21 18:00:00+00:00,2025-12-22 17:00:00+00:00
historical_mock_realized,2025-12-22,2025-12-22 18:00:00+00:00,BE,load,persistence,Persistence,weekly_persistence,2208,2025-12-23 08:00:00+00:00,11857.8925,11172.01,,2025-09-21 18:00:00+00:00,2025-12-22 17:00:00+00:00
historical_mock_realized,2025-12-22,2025-12-22 18:00:00+00:00,BE,load,persistence,Persistence,weekly_persistence,2208,2025-12-23 09:00:00+00:00,11829.505,11229.3925,,2025-09-21 18:00:00+00:00,2025-12-22 17:00:00+00:00
historical_mock_realized,2025-12-22,2025-12-22 18:00:00+00:00,BE,load,persistence,Persistence,weekly_persistence,2208,2025-12-23 10:00:00+00:00,11791.505,11271.875,,2025-09-21 18:00:00+00:00,2025-12-22 17:00:00+00:00
historical_mock_realized,2025-12-22,2025-12-22 18:00:00+00:00,BE,load,persistence,Persistence,weekly_persistence,2208,2025-12-23 11:00:00+00:00,11728.8075,11205.5175,,2025-09-21 18:00:00+00:00,2025-12-22 17:00:00+00:00
historical_mock_realized,2025-12-22,2025-12-22 18:00:00+00:00,BE,load,persistence,Persistence,weekly_persistence,2208,2025-12-23 12:00:00+00:00,11571.2175,11126.375,,2025-09-21 18:00:00+00:00,2025-12-22 17:00:00+00:00
historical_mock_realized,2025-12-22,2025-12-22 18:00:00+00:00,BE,load,persistence,Persistence,weekly_persistence,2208,2025-12-23 13:00:00+00:00,11295.185,11076.0525,,2025-09-21 18:00:00+00:00,2025-12-22 17:00:00+00:00
historical_mock_realized,2025-12-22,2025-12-22 18:00:00+00:00,BE,load,persistence,Persistence,weekly_persistence,2208,2025-12-23 14:00:00+00:00,11235.7625,10933.285,,2025-09-21 18:00:00+00:00,2025-12-22 17:00:00+00:00
historical_mock_realized,2025-12-22,2025-12-22 18:00:00+00:00,BE,load,persistence,Persistence,weekly_persistence,2208,2025-12-23 15:00:00+00:00,11285.2125,11149.68,,2025-09-21 18:00:00+00:00,2025-12-22 17:00:00+00:00
historical_mock_realized,2025-12-22,2025-12-22 18:00:00+00:00,BE,load,persistence,Persistence,weekly_persistence,2208,2025-12-23 16:00:00+00:00,11608.98,11378.0825,,2025-09-21 18:00:00+00:00,2025-12-22 17:00:00+00:00
historical_mock_realized,2025-12-22,2025-12-22 18:00:00+00:00,BE,load,persistence,Persistence,weekly_persistence,2208,2025-12-23 17:00:00+00:00,11570.9275,11306.2225,,2025-09-21 18:00:00+00:00,2025-12-22 17:00:00+00:00
historical_mock_realized,2025-12-22,2025-12-22 18:00:00+00:00,FR,load,persistence,Persistence,weekly_persistence,2208,2025-12-22 18:00:00+00:00,64622.2625,62995.3575,,2025-09-21 18:00:00+00:00,2025-12-22 17:00:00+00:00
historical_mock_realized,2025-12-22,2025-12-22 18:00:00+00:00,FR,load,persistence,Persistence,weekly_persistence,2208,2025-12-22 19:00:00+00:00,61169.7725,59806.3125,,2025-09-21 18:00:00+00:00,2025-12-22 17:00:00+00:00
historical_mock_realized,2025-12-22,2025-12-22 18:00:00+00:00,FR,load,persistence,Persistence,weekly_persistence,2208,2025-12-22 20:00:00+00:00,57722.0375,57210.4475,,2025-09-21 18:00:00+00:00,2025-12-22 17:00:00+00:00
historical_mock_realized,2025-12-22,2025-12-22 18:00:00+00:00,FR,load,persistence,Persistence,weekly_persistence,2208,2025-12-22 21:00:00+00:00,57474.535,57513.0025,,2025-09-21 18:00:00+00:00,2025-12-22 17:00:00+00:00
historical_mock_realized,2025-12-22,2025-12-22 18:00:00+00:00,FR,load,persistence,Persistence,weekly_persistence,2208,2025-12-22 22:00:00+00:00,56710.405,57089.7775,,2025-09-21 18:00:00+00:00,2025-12-22 17:00:00+00:00
historical_mock_realized,2025-12-22,2025-12-22 18:00:00+00:00,FR,load,persistence,Persistence,weekly_persistence,2208,2025-12-22 23:00:00+00:00,54298.1175,54981.11,,2025-09-21 18:00:00+00:00,2025-12-22 17:00:00+00:00
historical_mock_realized,2025-12-22,2025-12-22 18:00:00+00:00,FR,load,persistence,Persistence,weekly_persistence,2208,2025-12-23 00:00:00+00:00,52375.7925,53142.9375,,2025-09-21 18:00:00+00:00,2025-12-22 17:00:00+00:00
historical_mock_realized,2025-12-22,2025-12-22 18:00:00+00:00,FR,load,persistence,Persistence,weekly_persistence,2208,2025-12-23 01:00:00+00:00,50904.505,51507.055,,2025-09-21 18:00:00+00:00,2025-12-22 17:00:00+00:00
historical_mock_realized,2025-12-22,2025-12-22 18:00:00+00:00,FR,load,persistence,Persistence,weekly_persistence,2208,2025-12-23 02:00:00+00:00,49032.6175,49594.71,,2025-09-21 18:00:00+00:00,2025-12-22 17:00:00+00:00
historical_mock_realized,2025-12-22,2025-12-22 18:00:00+00:00,FR,load,persistence,Persistence,weekly_persistence,2208,2025-12-23 03:00:00+00:00,48366.095,49269.4225,,2025-09-21 18:00:00+00:00,2025-12-22 17:00:00+00:00
historical_mock_realized,2025-12-22,2025-12-22 18:00:00+00:00,FR,load,persistence,Persistence,weekly_persistence,2208,2025-12-23 04:00:00+00:00,50924.45,51170.26,,2025-09-21 18:00:00+00:00,2025-12-22 17:00:00+00:00
historical_mock_realized,2025-12-22,2025-12-22 18:00:00+00:00,FR,load,persistence,Persistence,weekly_persistence,2208,2025-12-23 05:00:00+00:00,55980.24,55084.5625,,2025-09-21 18:00:00+00:00,2025-12-22 17:00:00+00:00
historical_mock_realized,2025-12-22,2025-12-22 18:00:00+00:00,FR,load,persistence,Persistence,weekly_persistence,2208,2025-12-23 06:00:00+00:00,61149.525,59157.83,,2025-09-21 18:00:00+00:00,2025-12-22 17:00:00+00:00
historical_mock_realized,2025-12-22,2025-12-22 18:00:00+00:00,FR,load,persistence,Persistence,weekly_persistence,2208,2025-12-23 07:00:00+00:00,63162.2375,62284.4,,2025-09-21 18:00:00+00:00,2025-12-22 17:00:00+00:00
historical_mock_realized,2025-12-22,2025-12-22 18:00:00+00:00,FR,load,persistence,Persistence,weekly_persistence,2208,2025-12-23 08:00:00+00:00,62990.58,64304.8725,,2025-09-21 18:00:00+00:00,2025-12-22 17:00:00+00:00
historical_mock_realized,2025-12-22,2025-12-22 18:00:00+00:00,FR,load,persistence,Persistence,weekly_persistence,2208,2025-12-23 09:00:00+00:00,62809.4725,65421.9575,,2025-09-21 18:00:00+00:00,2025-12-22 17:00:00+00:00
historical_mock_realized,2025-12-22,2025-12-22 18:00:00+00:00,FR,load,persistence,Persistence,weekly_persistence,2208,2025-12-23 10:00:00+00:00,62878.6525,66500.5925,,2025-09-21 18:00:00+00:00,2025-12-22 17:00:00+00:00
historical_mock_realized,2025-12-22,2025-12-22 18:00:00+00:00,FR,load,persistence,Persistence,weekly_persistence,2208,2025-12-23 11:00:00+00:00,63029.455,66963.75,,2025-09-21 18:00:00+00:00,2025-12-22 17:00:00+00:00
historical_mock_realized,2025-12-22,2025-12-22 18:00:00+00:00,FR,load,persistence,Persistence,weekly_persistence,2208,2025-12-23 12:00:00+00:00,61383.225,65442.6525,,2025-09-21 18:00:00+00:00,2025-12-22 17:00:00+00:00
historical_mock_realized,2025-12-22,2025-12-22 18:00:00+00:00,FR,load,persistence,Persistence,weekly_persistence,2208,2025-12-23 13:00:00+00:00,60121.1425,64803.4125,,2025-09-21 18:00:00+00:00,2025-12-22 17:00:00+00:00
historical_mock_realized,2025-12-22,2025-12-22 18:00:00+00:00,FR,load,persistence,Persistence,weekly_persistence,2208,2025-12-23 14:00:00+00:00,58565.817500000005,63632.6425,,2025-09-21 18:00:00+00:00,2025-12-22 17:00:00+00:00
historical_mock_realized,2025-12-22,2025-12-22 18:00:00+00:00,FR,load,persistence,Persistence,weekly_persistence,2208,2025-12-23 15:00:00+00:00,58101.817500000005,62663.2925,,2025-09-21 18:00:00+00:00,2025-12-22 17:00:00+00:00
historical_mock_realized,2025-12-22,2025-12-22 18:00:00+00:00,FR,load,persistence,Persistence,weekly_persistence,2208,2025-12-23 16:00:00+00:00,60474.9225,63903.255000000005,,2025-09-21 18:00:00+00:00,2025-12-22 17:00:00+00:00
historical_mock_realized,2025-12-22,2025-12-22 18:00:00+00:00,FR,load,persistence,Persistence,weekly_persistence,2208,2025-12-23 17:00:00+00:00,63233.54,65308.46,,2025-09-21 18:00:00+00:00,2025-12-22 17:00:00+00:00
historical_mock_realized,2025-12-22,2025-12-22 18:00:00+00:00,DE,load,persistence,Persistence,weekly_persistence,2208,2025-12-22 18:00:00+00:00,69622.7058225,62479.63701,,2025-09-21 18:00:00+00:00,2025-12-22 17:00:00+00:00
historical_mock_realized,2025-12-22,2025-12-22 18:00:00+00:00,DE,load,persistence,Persistence,weekly_persistence,2208,2025-12-22 19:00:00+00:00,65815.6049725,59475.1974325,,2025-09-21 18:00:00+00:00,2025-12-22 17:00:00+00:00
historical_mock_realized,2025-12-22,2025-12-22 18:00:00+00:00,DE,load,persistence,Persistence,weekly_persistence,2208,2025-12-22 20:00:00+00:00,62456.366225,56801.49325,,2025-09-21 18:00:00+00:00,2025-12-22 17:00:00+00:00
historical_mock_realized,2025-12-22,2025-12-22 18:00:00+00:00,DE,load,persistence,Persistence,weekly_persistence,2208,2025-12-22 21:00:00+00:00,58314.01974,54011.2074225,,2025-09-21 18:00:00+00:00,2025-12-22 17:00:00+00:00
historical_mock_realized,2025-12-22,2025-12-22 18:00:00+00:00,DE,load,persistence,Persistence,weekly_persistence,2208,2025-12-22 22:00:00+00:00,53886.377675,49917.9371575,,2025-09-21 18:00:00+00:00,2025-12-22 17:00:00+00:00
historical_mock_realized,2025-12-22,2025-12-22 18:00:00+00:00,DE,load,persistence,Persistence,weekly_persistence,2208,2025-12-22 23:00:00+00:00,50431.99553,46263.7340075,,2025-09-21 18:00:00+00:00,2025-12-22 17:00:00+00:00
historical_mock_realized,2025-12-22,2025-12-22 18:00:00+00:00,DE,load,persistence,Persistence,weekly_persistence,2208,2025-12-23 00:00:00+00:00,48554.647695,44694.2920725,,2025-09-21 18:00:00+00:00,2025-12-22 17:00:00+00:00
historical_mock_realized,2025-12-22,2025-12-22 18:00:00+00:00,DE,load,persistence,Persistence,weekly_persistence,2208,2025-12-23 01:00:00+00:00,48158.703025,44190.161217500005,,2025-09-21 18:00:00+00:00,2025-12-22 17:00:00+00:00
historical_mock_realized,2025-12-22,2025-12-22 18:00:00+00:00,DE,load,persistence,Persistence,weekly_persistence,2208,2025-12-23 02:00:00+00:00,48131.4474825,43845.0234175,,2025-09-21 18:00:00+00:00,2025-12-22 17:00:00+00:00
historical_mock_realized,2025-12-22,2025-12-22 18:00:00+00:00,DE,load,persistence,Persistence,weekly_persistence,2208,2025-12-23 03:00:00+00:00,49165.9248825,44871.0926975,,2025-09-21 18:00:00+00:00,2025-12-22 17:00:00+00:00
historical_mock_realized,2025-12-22,2025-12-22 18:00:00+00:00,DE,load,persistence,Persistence,weekly_persistence,2208,2025-12-23 04:00:00+00:00,52957.9247,46940.6789025,,2025-09-21 18:00:00+00:00,2025-12-22 17:00:00+00:00
historical_mock_realized,2025-12-22,2025-12-22 18:00:00+00:00,DE,load,persistence,Persistence,weekly_persistence,2208,2025-12-23 05:00:00+00:00,60877.602955,51048.06011,,2025-09-21 18:00:00+00:00,2025-12-22 17:00:00+00:00
historical_mock_realized,2025-12-22,2025-12-22 18:00:00+00:00,DE,load,persistence,Persistence,weekly_persistence,2208,2025-12-23 06:00:00+00:00,67001.77184,55709.936405,,2025-09-21 18:00:00+00:00,2025-12-22 17:00:00+00:00
historical_mock_realized,2025-12-22,2025-12-22 18:00:00+00:00,DE,load,persistence,Persistence,weekly_persistence,2208,2025-12-23 07:00:00+00:00,69993.5240925,59631.1500625,,2025-09-21 18:00:00+00:00,2025-12-22 17:00:00+00:00
historical_mock_realized,2025-12-22,2025-12-22 18:00:00+00:00,DE,load,persistence,Persistence,weekly_persistence,2208,2025-12-23 08:00:00+00:00,69975.533885,61958.586845,,2025-09-21 18:00:00+00:00,2025-12-22 17:00:00+00:00
historical_mock_realized,2025-12-22,2025-12-22 18:00:00+00:00,DE,load,persistence,Persistence,weekly_persistence,2208,2025-12-23 09:00:00+00:00,69180.19505000001,62152.8818875,,2025-09-21 18:00:00+00:00,2025-12-22 17:00:00+00:00
historical_mock_realized,2025-12-22,2025-12-22 18:00:00+00:00,DE,load,persistence,Persistence,weekly_persistence,2208,2025-12-23 10:00:00+00:00,69046.49329,63083.033395,,2025-09-21 18:00:00+00:00,2025-12-22 17:00:00+00:00
historical_mock_realized,2025-12-22,2025-12-22 18:00:00+00:00,DE,load,persistence,Persistence,weekly_persistence,2208,2025-12-23 11:00:00+00:00,68688.2232775,63990.6604825,,2025-09-21 18:00:00+00:00,2025-12-22 17:00:00+00:00
historical_mock_realized,2025-12-22,2025-12-22 18:00:00+00:00,DE,load,persistence,Persistence,weekly_persistence,2208,2025-12-23 12:00:00+00:00,67826.97136,63298.24943,,2025-09-21 18:00:00+00:00,2025-12-22 17:00:00+00:00
historical_mock_realized,2025-12-22,2025-12-22 18:00:00+00:00,DE,load,persistence,Persistence,weekly_persistence,2208,2025-12-23 13:00:00+00:00,66707.06865,62613.9243625,,2025-09-21 18:00:00+00:00,2025-12-22 17:00:00+00:00
historical_mock_realized,2025-12-22,2025-12-22 18:00:00+00:00,DE,load,persistence,Persistence,weekly_persistence,2208,2025-12-23 14:00:00+00:00,66954.815145,62536.857385,,2025-09-21 18:00:00+00:00,2025-12-22 17:00:00+00:00
historical_mock_realized,2025-12-22,2025-12-22 18:00:00+00:00,DE,load,persistence,Persistence,weekly_persistence,2208,2025-12-23 15:00:00+00:00,68196.329555,63464.41523,,2025-09-21 18:00:00+00:00,2025-12-22 17:00:00+00:00
historical_mock_realized,2025-12-22,2025-12-22 18:00:00+00:00,DE,load,persistence,Persistence,weekly_persistence,2208,2025-12-23 16:00:00+00:00,69766.75034249999,65272.9167175,,2025-09-21 18:00:00+00:00,2025-12-22 17:00:00+00:00
historical_mock_realized,2025-12-22,2025-12-22 18:00:00+00:00,DE,load,persistence,Persistence,weekly_persistence,2208,2025-12-23 17:00:00+00:00,69441.03607249999,64456.12498,,2025-09-21 18:00:00+00:00,2025-12-22 17:00:00+00:00
historical_mock_realized,2025-12-22,2025-12-22 18:00:00+00:00,BE,load,ridge_3mo_context,Ridge with covariates,selected_covariates+tso_forecast,2208,2025-12-22 18:00:00+00:00,10960.808078787228,10554.1675,,2025-09-21 18:00:00+00:00,2025-12-22 17:00:00+00:00
historical_mock_realized,2025-12-22,2025-12-22 18:00:00+00:00,BE,load,ridge_3mo_context,Ridge with covariates,selected_covariates+tso_forecast,2208,2025-12-22 19:00:00+00:00,10755.207729443317,9934.2375,,2025-09-21 18:00:00+00:00,2025-12-22 17:00:00+00:00
historical_mock_realized,2025-12-22,2025-12-22 18:00:00+00:00,BE,load,ridge_3mo_context,Ridge with covariates,selected_covariates+tso_forecast,2208,2025-12-22 20:00:00+00:00,10433.090278440954,9631.0025,,2025-09-21 18:00:00+00:00,2025-12-22 17:00:00+00:00
historical_mock_realized,2025-12-22,2025-12-22 18:00:00+00:00,BE,load,ridge_3mo_context,Ridge with covariates,selected_covariates+tso_forecast,2208,2025-12-22 21:00:00+00:00,10199.326519624829,9478.6375,,2025-09-21 18:00:00+00:00,2025-12-22 17:00:00+00:00
historical_mock_realized,2025-12-22,2025-12-22 18:00:00+00:00,BE,load,ridge_3mo_context,Ridge with covariates,selected_covariates+tso_forecast,2208,2025-12-22 22:00:00+00:00,9994.603043494451,9263.6625,,2025-09-21 18:00:00+00:00,2025-12-22 17:00:00+00:00
historical_mock_realized,2025-12-22,2025-12-22 18:00:00+00:00,BE,load,ridge_3mo_context,Ridge with covariates,selected_covariates+tso_forecast,2208,2025-12-22 23:00:00+00:00,9746.038637557644,8993.79,,2025-09-21 18:00:00+00:00,2025-12-22 17:00:00+00:00
historical_mock_realized,2025-12-22,2025-12-22 18:00:00+00:00,BE,load,ridge_3mo_context,Ridge with covariates,selected_covariates+tso_forecast,2208,2025-12-23 00:00:00+00:00,9000.043849037187,8568.7575,,2025-09-21 18:00:00+00:00,2025-12-22 17:00:00+00:00
historical_mock_realized,2025-12-22,2025-12-22 18:00:00+00:00,BE,load,ridge_3mo_context,Ridge with covariates,selected_covariates+tso_forecast,2208,2025-12-23 01:00:00+00:00,8461.938573801113,8357.785,,2025-09-21 18:00:00+00:00,2025-12-22 17:00:00+00:00
historical_mock_realized,2025-12-22,2025-12-22 18:00:00+00:00,BE,load,ridge_3mo_context,Ridge with covariates,selected_covariates+tso_forecast,2208,2025-12-23 02:00:00+00:00,8121.403393168175,8136.9175,,2025-09-21 18:00:00+00:00,2025-12-22 17:00:00+00:00
historical_mock_realized,2025-12-22,2025-12-22 18:00:00+00:00,BE,load,ridge_3mo_context,Ridge with covariates,selected_covariates+tso_forecast,2208,2025-12-23 03:00:00+00:00,7964.871215210269,8142.3625,,2025-09-21 18:00:00+00:00,2025-12-22 17:00:00+00:00
historical_mock_realized,2025-12-22,2025-12-22 18:00:00+00:00,BE,load,ridge_3mo_context,Ridge with covariates,selected_covariates+tso_forecast,2208,2025-12-23 04:00:00+00:00,8026.90158366952,8411.7125,,2025-09-21 18:00:00+00:00,2025-12-22 17:00:00+00:00
historical_mock_realized,2025-12-22,2025-12-22 18:00:00+00:00,BE,load,ridge_3mo_context,Ridge with covariates,selected_covariates+tso_forecast,2208,2025-12-23 05:00:00+00:00,8323.496343262723,9120.5075,,2025-09-21 18:00:00+00:00,2025-12-22 17:00:00+00:00
historical_mock_realized,2025-12-22,2025-12-22 18:00:00+00:00,BE,load,ridge_3mo_context,Ridge with covariates,selected_covariates+tso_forecast,2208,2025-12-23 06:00:00+00:00,8733.458580781597,9847.055,,2025-09-21 18:00:00+00:00,2025-12-22 17:00:00+00:00
historical_mock_realized,2025-12-22,2025-12-22 18:00:00+00:00,BE,load,ridge_3mo_context,Ridge with covariates,selected_covariates+tso_forecast,2208,2025-12-23 07:00:00+00:00,9297.642705000566,10770.47,,2025-09-21 18:00:00+00:00,2025-12-22 17:00:00+00:00
historical_mock_realized,2025-12-22,2025-12-22 18:00:00+00:00,BE,load,ridge_3mo_context,Ridge with covariates,selected_covariates+tso_forecast,2208,2025-12-23 08:00:00+00:00,9823.783345091484,11172.01,,2025-09-21 18:00:00+00:00,2025-12-22 17:00:00+00:00
historical_mock_realized,2025-12-22,2025-12-22 18:00:00+00:00,BE,load,ridge_3mo_context,Ridge with covariates,selected_covariates+tso_forecast,2208,2025-12-23 09:00:00+00:00,10228.669475521185,11229.3925,,2025-09-21 18:00:00+00:00,2025-12-22 17:00:00+00:00
historical_mock_realized,2025-12-22,2025-12-22 18:00:00+00:00,BE,load,ridge_3mo_context,Ridge with covariates,selected_covariates+tso_forecast,2208,2025-12-23 10:00:00+00:00,10487.396427024463,11271.875,,2025-09-21 18:00:00+00:00,2025-12-22 17:00:00+00:00
historical_mock_realized,2025-12-22,2025-12-22 18:00:00+00:00,BE,load,ridge_3mo_context,Ridge with covariates,selected_covariates+tso_forecast,2208,2025-12-23 11:00:00+00:00,10577.357482923704,11205.5175,,2025-09-21 18:00:00+00:00,2025-12-22 17:00:00+00:00
historical_mock_realized,2025-12-22,2025-12-22 18:00:00+00:00,BE,load,ridge_3mo_context,Ridge with covariates,selected_covariates+tso_forecast,2208,2025-12-23 12:00:00+00:00,10519.565170250742,11126.375,,2025-09-21 18:00:00+00:00,2025-12-22 17:00:00+00:00
historical_mock_realized,2025-12-22,2025-12-22 18:00:00+00:00,BE,load,ridge_3mo_context,Ridge with covariates,selected_covariates+tso_forecast,2208,2025-12-23 13:00:00+00:00,10344.460918687684,11076.0525,,2025-09-21 18:00:00+00:00,2025-12-22 17:00:00+00:00
historical_mock_realized,2025-12-22,2025-12-22 18:00:00+00:00,BE,load,ridge_3mo_context,Ridge with covariates,selected_covariates+tso_forecast,2208,2025-12-23 14:00:00+00:00,10156.170511358305,10933.285,,2025-09-21 18:00:00+00:00,2025-12-22 17:00:00+00:00
historical_mock_realized,2025-12-22,2025-12-22 18:00:00+00:00,BE,load,ridge_3mo_context,Ridge with covariates,selected_covariates+tso_forecast,2208,2025-12-23 15:00:00+00:00,10040.716250013744,11149.68,,2025-09-21 18:00:00+00:00,2025-12-22 17:00:00+00:00
historical_mock_realized,2025-12-22,2025-12-22 18:00:00+00:00,BE,load,ridge_3mo_context,Ridge with covariates,selected_covariates+tso_forecast,2208,2025-12-23 16:00:00+00:00,10097.345900165898,11378.0825,,2025-09-21 18:00:00+00:00,2025-12-22 17:00:00+00:00
historical_mock_realized,2025-12-22,2025-12-22 18:00:00+00:00,BE,load,ridge_3mo_context,Ridge with covariates,selected_covariates+tso_forecast,2208,2025-12-23 17:00:00+00:00,10093.83334295466,11306.2225,,2025-09-21 18:00:00+00:00,2025-12-22 17:00:00+00:00
historical_mock_realized,2025-12-22,2025-12-22 18:00:00+00:00,FR,load,ridge_3mo_context,Ridge with covariates,selected_covariates+tso_forecast,2208,2025-12-22 18:00:00+00:00,62708.63223716213,62995.3575,,2025-09-21 18:00:00+00:00,2025-12-22 17:00:00+00:00
historical_mock_realized,2025-12-22,2025-12-22 18:00:00+00:00,FR,load,ridge_3mo_context,Ridge with covariates,selected_covariates+tso_forecast,2208,2025-12-22 19:00:00+00:00,59864.0812846906,59806.3125,,2025-09-21 18:00:00+00:00,2025-12-22 17:00:00+00:00
historical_mock_realized,2025-12-22,2025-12-22 18:00:00+00:00,FR,load,ridge_3mo_context,Ridge with covariates,selected_covariates+tso_forecast,2208,2025-12-22 20:00:00+00:00,56509.42703351372,57210.4475,,2025-09-21 18:00:00+00:00,2025-12-22 17:00:00+00:00
historical_mock_realized,2025-12-22,2025-12-22 18:00:00+00:00,FR,load,ridge_3mo_context,Ridge with covariates,selected_covariates+tso_forecast,2208,2025-12-22 21:00:00+00:00,55301.62035167821,57513.0025,,2025-09-21 18:00:00+00:00,2025-12-22 17:00:00+00:00
historical_mock_realized,2025-12-22,2025-12-22 18:00:00+00:00,FR,load,ridge_3mo_context,Ridge with covariates,selected_covariates+tso_forecast,2208,2025-12-22 22:00:00+00:00,56067.00645788463,57089.7775,,2025-09-21 18:00:00+00:00,2025-12-22 17:00:00+00:00
historical_mock_realized,2025-12-22,2025-12-22 18:00:00+00:00,FR,load,ridge_3mo_context,Ridge with covariates,selected_covariates+tso_forecast,2208,2025-12-22 23:00:00+00:00,55063.494632709895,54981.11,,2025-09-21 18:00:00+00:00,2025-12-22 17:00:00+00:00
historical_mock_realized,2025-12-22,2025-12-22 18:00:00+00:00,FR,load,ridge_3mo_context,Ridge with covariates,selected_covariates+tso_forecast,2208,2025-12-23 00:00:00+00:00,53515.77757217833,53142.9375,,2025-09-21 18:00:00+00:00,2025-12-22 17:00:00+00:00
historical_mock_realized,2025-12-22,2025-12-22 18:00:00+00:00,FR,load,ridge_3mo_context,Ridge with covariates,selected_covariates+tso_forecast,2208,2025-12-23 01:00:00+00:00,52459.17470670248,51507.055,,2025-09-21 18:00:00+00:00,2025-12-22 17:00:00+00:00
historical_mock_realized,2025-12-22,2025-12-22 18:00:00+00:00,FR,load,ridge_3mo_context,Ridge with covariates,selected_covariates+tso_forecast,2208,2025-12-23 02:00:00+00:00,50591.6585624213,49594.71,,2025-09-21 18:00:00+00:00,2025-12-22 17:00:00+00:00
historical_mock_realized,2025-12-22,2025-12-22 18:00:00+00:00,FR,load,ridge_3mo_context,Ridge with covariates,selected_covariates+tso_forecast,2208,2025-12-23 03:00:00+00:00,49952.53291987984,49269.4225,,2025-09-21 18:00:00+00:00,2025-12-22 17:00:00+00:00
historical_mock_realized,2025-12-22,2025-12-22 18:00:00+00:00,FR,load,ridge_3mo_context,Ridge with covariates,selected_covariates+tso_forecast,2208,2025-12-23 04:00:00+00:00,51499.810256820325,51170.26,,2025-09-21 18:00:00+00:00,2025-12-22 17:00:00+00:00
historical_mock_realized,2025-12-22,2025-12-22 18:00:00+00:00,FR,load,ridge_3mo_context,Ridge with covariates,selected_covariates+tso_forecast,2208,2025-12-23 05:00:00+00:00,55634.77497846426,55084.5625,,2025-09-21 18:00:00+00:00,2025-12-22 17:00:00+00:00
historical_mock_realized,2025-12-22,2025-12-22 18:00:00+00:00,FR,load,ridge_3mo_context,Ridge with covariates,selected_covariates+tso_forecast,2208,2025-12-23 06:00:00+00:00,60989.01361956285,59157.83,,2025-09-21 18:00:00+00:00,2025-12-22 17:00:00+00:00
historical_mock_realized,2025-12-22,2025-12-22 18:00:00+00:00,FR,load,ridge_3mo_context,Ridge with covariates,selected_covariates+tso_forecast,2208,2025-12-23 07:00:00+00:00,64005.439898588666,62284.4,,2025-09-21 18:00:00+00:00,2025-12-22 17:00:00+00:00
historical_mock_realized,2025-12-22,2025-12-22 18:00:00+00:00,FR,load,ridge_3mo_context,Ridge with covariates,selected_covariates+tso_forecast,2208,2025-12-23 08:00:00+00:00,64791.65799961908,64304.8725,,2025-09-21 18:00:00+00:00,2025-12-22 17:00:00+00:00
historical_mock_realized,2025-12-22,2025-12-22 18:00:00+00:00,FR,load,ridge_3mo_context,Ridge with covariates,selected_covariates+tso_forecast,2208,2025-12-23 09:00:00+00:00,65114.67910807075,65421.9575,,2025-09-21 18:00:00+00:00,2025-12-22 17:00:00+00:00
historical_mock_realized,2025-12-22,2025-12-22 18:00:00+00:00,FR,load,ridge_3mo_context,Ridge with covariates,selected_covariates+tso_forecast,2208,2025-12-23 10:00:00+00:00,65537.32926692747,66500.5925,,2025-09-21 18:00:00+00:00,2025-12-22 17:00:00+00:00
historical_mock_realized,2025-12-22,2025-12-22 18:00:00+00:00,FR,load,ridge_3mo_context,Ridge with covariates,selected_covariates+tso_forecast,2208,2025-12-23 11:00:00+00:00,66282.3413629192,66963.75,,2025-09-21 18:00:00+00:00,2025-12-22 17:00:00+00:00
historical_mock_realized,2025-12-22,2025-12-22 18:00:00+00:00,FR,load,ridge_3mo_context,Ridge with covariates,selected_covariates+tso_forecast,2208,2025-12-23 12:00:00+00:00,65695.59840427479,65442.6525,,2025-09-21 18:00:00+00:00,2025-12-22 17:00:00+00:00
historical_mock_realized,2025-12-22,2025-12-22 18:00:00+00:00,FR,load,ridge_3mo_context,Ridge with covariates,selected_covariates+tso_forecast,2208,2025-12-23 13:00:00+00:00,63914.41582532153,64803.4125,,2025-09-21 18:00:00+00:00,2025-12-22 17:00:00+00:00
historical_mock_realized,2025-12-22,2025-12-22 18:00:00+00:00,FR,load,ridge_3mo_context,Ridge with covariates,selected_covariates+tso_forecast,2208,2025-12-23 14:00:00+00:00,61995.53101684126,63632.6425,,2025-09-21 18:00:00+00:00,2025-12-22 17:00:00+00:00
historical_mock_realized,2025-12-22,2025-12-22 18:00:00+00:00,FR,load,ridge_3mo_context,Ridge with covariates,selected_covariates+tso_forecast,2208,2025-12-23 15:00:00+00:00,60901.697895203775,62663.2925,,2025-09-21 18:00:00+00:00,2025-12-22 17:00:00+00:00
historical_mock_realized,2025-12-22,2025-12-22 18:00:00+00:00,FR,load,ridge_3mo_context,Ridge with covariates,selected_covariates+tso_forecast,2208,2025-12-23 16:00:00+00:00,62055.9088718448,63903.255000000005,,2025-09-21 18:00:00+00:00,2025-12-22 17:00:00+00:00
historical_mock_realized,2025-12-22,2025-12-22 18:00:00+00:00,FR,load,ridge_3mo_context,Ridge with covariates,selected_covariates+tso_forecast,2208,2025-12-23 17:00:00+00:00,64034.82376539563,65308.46,,2025-09-21 18:00:00+00:00,2025-12-22 17:00:00+00:00
historical_mock_realized,2025-12-22,2025-12-22 18:00:00+00:00,DE,load,ridge_3mo_context,Ridge with covariates,selected_covariates+tso_forecast,2208,2025-12-22 18:00:00+00:00,64852.77864143279,62479.63701,,2025-09-21 18:00:00+00:00,2025-12-22 17:00:00+00:00
historical_mock_realized,2025-12-22,2025-12-22 18:00:00+00:00,DE,load,ridge_3mo_context,Ridge with covariates,selected_covariates+tso_forecast,2208,2025-12-22 19:00:00+00:00,63549.9490387895,59475.1974325,,2025-09-21 18:00:00+00:00,2025-12-22 17:00:00+00:00
historical_mock_realized,2025-12-22,2025-12-22 18:00:00+00:00,DE,load,ridge_3mo_context,Ridge with covariates,selected_covariates+tso_forecast,2208,2025-12-22 20:00:00+00:00,61218.74038214929,56801.49325,,2025-09-21 18:00:00+00:00,2025-12-22 17:00:00+00:00
historical_mock_realized,2025-12-22,2025-12-22 18:00:00+00:00,DE,load,ridge_3mo_context,Ridge with covariates,selected_covariates+tso_forecast,2208,2025-12-22 21:00:00+00:00,58392.25979066665,54011.2074225,,2025-09-21 18:00:00+00:00,2025-12-22 17:00:00+00:00
historical_mock_realized,2025-12-22,2025-12-22 18:00:00+00:00,DE,load,ridge_3mo_context,Ridge with covariates,selected_covariates+tso_forecast,2208,2025-12-22 22:00:00+00:00,54941.019006676375,49917.9371575,,2025-09-21 18:00:00+00:00,2025-12-22 17:00:00+00:00
historical_mock_realized,2025-12-22,2025-12-22 18:00:00+00:00,DE,load,ridge_3mo_context,Ridge with covariates,selected_covariates+tso_forecast,2208,2025-12-22 23:00:00+00:00,51635.384029824105,46263.7340075,,2025-09-21 18:00:00+00:00,2025-12-22 17:00:00+00:00
historical_mock_realized,2025-12-22,2025-12-22 18:00:00+00:00,DE,load,ridge_3mo_context,Ridge with covariates,selected_covariates+tso_forecast,2208,2025-12-23 00:00:00+00:00,49414.567181004786,44694.2920725,,2025-09-21 18:00:00+00:00,2025-12-22 17:00:00+00:00
historical_mock_realized,2025-12-22,2025-12-22 18:00:00+00:00,DE,load,ridge_3mo_context,Ridge with covariates,selected_covariates+tso_forecast,2208,2025-12-23 01:00:00+00:00,48202.439210935954,44190.161217500005,,2025-09-21 18:00:00+00:00,2025-12-22 17:00:00+00:00
historical_mock_realized,2025-12-22,2025-12-22 18:00:00+00:00,DE,load,ridge_3mo_context,Ridge with covariates,selected_covariates+tso_forecast,2208,2025-12-23 02:00:00+00:00,47856.10842422634,43845.0234175,,2025-09-21 18:00:00+00:00,2025-12-22 17:00:00+00:00
historical_mock_realized,2025-12-22,2025-12-22 18:00:00+00:00,DE,load,ridge_3mo_context,Ridge with covariates,selected_covariates+tso_forecast,2208,2025-12-23 03:00:00+00:00,48461.852143805234,44871.0926975,,2025-09-21 18:00:00+00:00,2025-12-22 17:00:00+00:00
historical_mock_realized,2025-12-22,2025-12-22 18:00:00+00:00,DE,load,ridge_3mo_context,Ridge with covariates,selected_covariates+tso_forecast,2208,2025-12-23 04:00:00+00:00,50762.39693605599,46940.6789025,,2025-09-21 18:00:00+00:00,2025-12-22 17:00:00+00:00
historical_mock_realized,2025-12-22,2025-12-22 18:00:00+00:00,DE,load,ridge_3mo_context,Ridge with covariates,selected_covariates+tso_forecast,2208,2025-12-23 05:00:00+00:00,55393.32263748103,51048.06011,,2025-09-21 18:00:00+00:00,2025-12-22 17:00:00+00:00
historical_mock_realized,2025-12-22,2025-12-22 18:00:00+00:00,DE,load,ridge_3mo_context,Ridge with covariates,selected_covariates+tso_forecast,2208,2025-12-23 06:00:00+00:00,60537.5976487716,55709.936405,,2025-09-21 18:00:00+00:00,2025-12-22 17:00:00+00:00
historical_mock_realized,2025-12-22,2025-12-22 18:00:00+00:00,DE,load,ridge_3mo_context,Ridge with covariates,selected_covariates+tso_forecast,2208,2025-12-23 07:00:00+00:00,64727.98406432852,59631.1500625,,2025-09-21 18:00:00+00:00,2025-12-22 17:00:00+00:00
historical_mock_realized,2025-12-22,2025-12-22 18:00:00+00:00,DE,load,ridge_3mo_context,Ridge with covariates,selected_covariates+tso_forecast,2208,2025-12-23 08:00:00+00:00,67179.44410690828,61958.586845,,2025-09-21 18:00:00+00:00,2025-12-22 17:00:00+00:00
historical_mock_realized,2025-12-22,2025-12-22 18:00:00+00:00,DE,load,ridge_3mo_context,Ridge with covariates,selected_covariates+tso_forecast,2208,2025-12-23 09:00:00+00:00,68272.32929338404,62152.8818875,,2025-09-21 18:00:00+00:00,2025-12-22 17:00:00+00:00
historical_mock_realized,2025-12-22,2025-12-22 18:00:00+00:00,DE,load,ridge_3mo_context,Ridge with covariates,selected_covariates+tso_forecast,2208,2025-12-23 10:00:00+00:00,68639.9780804685,63083.033395,,2025-09-21 18:00:00+00:00,2025-12-22 17:00:00+00:00
historical_mock_realized,2025-12-22,2025-12-22 18:00:00+00:00,DE,load,ridge_3mo_context,Ridge with covariates,selected_covariates+tso_forecast,2208,2025-12-23 11:00:00+00:00,68334.97976937168,63990.6604825,,2025-09-21 18:00:00+00:00,2025-12-22 17:00:00+00:00
historical_mock_realized,2025-12-22,2025-12-22 18:00:00+00:00,DE,load,ridge_3mo_context,Ridge with covariates,selected_covariates+tso_forecast,2208,2025-12-23 12:00:00+00:00,67309.62574237972,63298.24943,,2025-09-21 18:00:00+00:00,2025-12-22 17:00:00+00:00
historical_mock_realized,2025-12-22,2025-12-22 18:00:00+00:00,DE,load,ridge_3mo_context,Ridge with covariates,selected_covariates+tso_forecast,2208,2025-12-23 13:00:00+00:00,65980.11163362615,62613.9243625,,2025-09-21 18:00:00+00:00,2025-12-22 17:00:00+00:00
historical_mock_realized,2025-12-22,2025-12-22 18:00:00+00:00,DE,load,ridge_3mo_context,Ridge with covariates,selected_covariates+tso_forecast,2208,2025-12-23 14:00:00+00:00,65036.789990988385,62536.857385,,2025-09-21 18:00:00+00:00,2025-12-22 17:00:00+00:00
historical_mock_realized,2025-12-22,2025-12-22 18:00:00+00:00,DE,load,ridge_3mo_context,Ridge with covariates,selected_covariates+tso_forecast,2208,2025-12-23 15:00:00+00:00,65087.99364646561,63464.41523,,2025-09-21 18:00:00+00:00,2025-12-22 17:00:00+00:00
historical_mock_realized,2025-12-22,2025-12-22 18:00:00+00:00,DE,load,ridge_3mo_context,Ridge with covariates,selected_covariates+tso_forecast,2208,2025-12-23 16:00:00+00:00,65638.00235910215,65272.9167175,,2025-09-21 18:00:00+00:00,2025-12-22 17:00:00+00:00
historical_mock_realized,2025-12-22,2025-12-22 18:00:00+00:00,DE,load,ridge_3mo_context,Ridge with covariates,selected_covariates+tso_forecast,2208,2025-12-23 17:00:00+00:00,65886.22183347661,64456.12498,,2025-09-21 18:00:00+00:00,2025-12-22 17:00:00+00:00
historical_mock_realized,2025-12-22,2025-12-22 18:00:00+00:00,BE,solar,tso_reference,TSO forecast,tso_forecast,2208,2025-12-22 18:00:00+00:00,0.0,0.0,,2025-09-21 18:00:00+00:00,2025-12-22 17:00:00+00:00
historical_mock_realized,2025-12-22,2025-12-22 18:00:00+00:00,BE,solar,tso_reference,TSO forecast,tso_forecast,2208,2025-12-22 19:00:00+00:00,0.0,0.0,,2025-09-21 18:00:00+00:00,2025-12-22 17:00:00+00:00
historical_mock_realized,2025-12-22,2025-12-22 18:00:00+00:00,BE,solar,tso_reference,TSO forecast,tso_forecast,2208,2025-12-22 20:00:00+00:00,0.0,0.0,,2025-09-21 18:00:00+00:00,2025-12-22 17:00:00+00:00
historical_mock_realized,2025-12-22,2025-12-22 18:00:00+00:00,BE,solar,tso_reference,TSO forecast,tso_forecast,2208,2025-12-22 21:00:00+00:00,0.0,0.0,,2025-09-21 18:00:00+00:00,2025-12-22 17:00:00+00:00
historical_mock_realized,2025-12-22,2025-12-22 18:00:00+00:00,BE,solar,tso_reference,TSO forecast,tso_forecast,2208,2025-12-22 22:00:00+00:00,0.0,0.0,,2025-09-21 18:00:00+00:00,2025-12-22 17:00:00+00:00
historical_mock_realized,2025-12-22,2025-12-22 18:00:00+00:00,BE,solar,tso_reference,TSO forecast,tso_forecast,2208,2025-12-22 23:00:00+00:00,0.0,0.0,,2025-09-21 18:00:00+00:00,2025-12-22 17:00:00+00:00
historical_mock_realized,2025-12-22,2025-12-22 18:00:00+00:00,BE,solar,tso_reference,TSO forecast,tso_forecast,2208,2025-12-23 00:00:00+00:00,0.0,0.0,,2025-09-21 18:00:00+00:00,2025-12-22 17:00:00+00:00
historical_mock_realized,2025-12-22,2025-12-22 18:00:00+00:00,BE,solar,tso_reference,TSO forecast,tso_forecast,2208,2025-12-23 01:00:00+00:00,0.0,0.0,,2025-09-21 18:00:00+00:00,2025-12-22 17:00:00+00:00
historical_mock_realized,2025-12-22,2025-12-22 18:00:00+00:00,BE,solar,tso_reference,TSO forecast,tso_forecast,2208,2025-12-23 02:00:00+00:00,0.0,0.0,,2025-09-21 18:00:00+00:00,2025-12-22 17:00:00+00:00
historical_mock_realized,2025-12-22,2025-12-22 18:00:00+00:00,BE,solar,tso_reference,TSO forecast,tso_forecast,2208,2025-12-23 03:00:00+00:00,0.0,0.0,,2025-09-21 18:00:00+00:00,2025-12-22 17:00:00+00:00
historical_mock_realized,2025-12-22,2025-12-22 18:00:00+00:00,BE,solar,tso_reference,TSO forecast,tso_forecast,2208,2025-12-23 04:00:00+00:00,0.0,0.0,,2025-09-21 18:00:00+00:00,2025-12-22 17:00:00+00:00
historical_mock_realized,2025-12-22,2025-12-22 18:00:00+00:00,BE,solar,tso_reference,TSO forecast,tso_forecast,2208,2025-12-23 05:00:00+00:00,0.0,0.0,,2025-09-21 18:00:00+00:00,2025-12-22 17:00:00+00:00
historical_mock_realized,2025-12-22,2025-12-22 18:00:00+00:00,BE,solar,tso_reference,TSO forecast,tso_forecast,2208,2025-12-23 06:00:00+00:00,0.0,0.0,,2025-09-21 18:00:00+00:00,2025-12-22 17:00:00+00:00
historical_mock_realized,2025-12-22,2025-12-22 18:00:00+00:00,BE,solar,tso_reference,TSO forecast,tso_forecast,2208,2025-12-23 07:00:00+00:00,4.165,0.006,,2025-09-21 18:00:00+00:00,2025-12-22 17:00:00+00:00
historical_mock_realized,2025-12-22,2025-12-22 18:00:00+00:00,BE,solar,tso_reference,TSO forecast,tso_forecast,2208,2025-12-23 08:00:00+00:00,219.45725,35.666,,2025-09-21 18:00:00+00:00,2025-12-22 17:00:00+00:00
historical_mock_realized,2025-12-22,2025-12-22 18:00:00+00:00,BE,solar,tso_reference,TSO forecast,tso_forecast,2208,2025-12-23 09:00:00+00:00,598.04425,175.81825,,2025-09-21 18:00:00+00:00,2025-12-22 17:00:00+00:00
historical_mock_realized,2025-12-22,2025-12-22 18:00:00+00:00,BE,solar,tso_reference,TSO forecast,tso_forecast,2208,2025-12-23 10:00:00+00:00,893.744752,306.68475,,2025-09-21 18:00:00+00:00,2025-12-22 17:00:00+00:00
historical_mock_realized,2025-12-22,2025-12-22 18:00:00+00:00,BE,solar,tso_reference,TSO forecast,tso_forecast,2208,2025-12-23 11:00:00+00:00,1041.157749,354.96825,,2025-09-21 18:00:00+00:00,2025-12-22 17:00:00+00:00
historical_mock_realized,2025-12-22,2025-12-22 18:00:00+00:00,BE,solar,tso_reference,TSO forecast,tso_forecast,2208,2025-12-23 12:00:00+00:00,981.079,309.30875,,2025-09-21 18:00:00+00:00,2025-12-22 17:00:00+00:00
historical_mock_realized,2025-12-22,2025-12-22 18:00:00+00:00,BE,solar,tso_reference,TSO forecast,tso_forecast,2208,2025-12-23 13:00:00+00:00,723.615499,204.582,,2025-09-21 18:00:00+00:00,2025-12-22 17:00:00+00:00
historical_mock_realized,2025-12-22,2025-12-22 18:00:00+00:00,BE,solar,tso_reference,TSO forecast,tso_forecast,2208,2025-12-23 14:00:00+00:00,329.023999,62.79075,,2025-09-21 18:00:00+00:00,2025-12-22 17:00:00+00:00
historical_mock_realized,2025-12-22,2025-12-22 18:00:00+00:00,BE,solar,tso_reference,TSO forecast,tso_forecast,2208,2025-12-23 15:00:00+00:00,32.08575,0.56375,,2025-09-21 18:00:00+00:00,2025-12-22 17:00:00+00:00
historical_mock_realized,2025-12-22,2025-12-22 18:00:00+00:00,BE,solar,tso_reference,TSO forecast,tso_forecast,2208,2025-12-23 16:00:00+00:00,0.0,0.0,,2025-09-21 18:00:00+00:00,2025-12-22 17:00:00+00:00
historical_mock_realized,2025-12-22,2025-12-22 18:00:00+00:00,BE,solar,tso_reference,TSO forecast,tso_forecast,2208,2025-12-23 17:00:00+00:00,0.0,0.0,,2025-09-21 18:00:00+00:00,2025-12-22 17:00:00+00:00
historical_mock_realized,2025-12-22,2025-12-22 18:00:00+00:00,BE,solar,persistence,Persistence,daily_persistence,2208,2025-12-22 18:00:00+00:00,0.0,0.0,,2025-09-21 18:00:00+00:00,2025-12-22 17:00:00+00:00
historical_mock_realized,2025-12-22,2025-12-22 18:00:00+00:00,BE,solar,persistence,Persistence,daily_persistence,2208,2025-12-22 19:00:00+00:00,0.0,0.0,,2025-09-21 18:00:00+00:00,2025-12-22 17:00:00+00:00
historical_mock_realized,2025-12-22,2025-12-22 18:00:00+00:00,BE,solar,persistence,Persistence,daily_persistence,2208,2025-12-22 20:00:00+00:00,0.0,0.0,,2025-09-21 18:00:00+00:00,2025-12-22 17:00:00+00:00
historical_mock_realized,2025-12-22,2025-12-22 18:00:00+00:00,BE,solar,persistence,Persistence,daily_persistence,2208,2025-12-22 21:00:00+00:00,0.0,0.0,,2025-09-21 18:00:00+00:00,2025-12-22 17:00:00+00:00
historical_mock_realized,2025-12-22,2025-12-22 18:00:00+00:00,BE,solar,persistence,Persistence,daily_persistence,2208,2025-12-22 22:00:00+00:00,0.0,0.0,,2025-09-21 18:00:00+00:00,2025-12-22 17:00:00+00:00
historical_mock_realized,2025-12-22,2025-12-22 18:00:00+00:00,BE,solar,persistence,Persistence,daily_persistence,2208,2025-12-22 23:00:00+00:00,0.0,0.0,,2025-09-21 18:00:00+00:00,2025-12-22 17:00:00+00:00
historical_mock_realized,2025-12-22,2025-12-22 18:00:00+00:00,BE,solar,persistence,Persistence,daily_persistence,2208,2025-12-23 00:00:00+00:00,0.0,0.0,,2025-09-21 18:00:00+00:00,2025-12-22 17:00:00+00:00
historical_mock_realized,2025-12-22,2025-12-22 18:00:00+00:00,BE,solar,persistence,Persistence,daily_persistence,2208,2025-12-23 01:00:00+00:00,0.0,0.0,,2025-09-21 18:00:00+00:00,2025-12-22 17:00:00+00:00
historical_mock_realized,2025-12-22,2025-12-22 18:00:00+00:00,BE,solar,persistence,Persistence,daily_persistence,2208,2025-12-23 02:00:00+00:00,0.0,0.0,,2025-09-21 18:00:00+00:00,2025-12-22 17:00:00+00:00
historical_mock_realized,2025-12-22,2025-12-22 18:00:00+00:00,BE,solar,persistence,Persistence,daily_persistence,2208,2025-12-23 03:00:00+00:00,0.0,0.0,,2025-09-21 18:00:00+00:00,2025-12-22 17:00:00+00:00
historical_mock_realized,2025-12-22,2025-12-22 18:00:00+00:00,BE,solar,persistence,Persistence,daily_persistence,2208,2025-12-23 04:00:00+00:00,0.0,0.0,,2025-09-21 18:00:00+00:00,2025-12-22 17:00:00+00:00
historical_mock_realized,2025-12-22,2025-12-22 18:00:00+00:00,BE,solar,persistence,Persistence,daily_persistence,2208,2025-12-23 05:00:00+00:00,0.0,0.0,,2025-09-21 18:00:00+00:00,2025-12-22 17:00:00+00:00
historical_mock_realized,2025-12-22,2025-12-22 18:00:00+00:00,BE,solar,persistence,Persistence,daily_persistence,2208,2025-12-23 06:00:00+00:00,0.0,0.0,,2025-09-21 18:00:00+00:00,2025-12-22 17:00:00+00:00
historical_mock_realized,2025-12-22,2025-12-22 18:00:00+00:00,BE,solar,persistence,Persistence,daily_persistence,2208,2025-12-23 07:00:00+00:00,0.44125,0.006,,2025-09-21 18:00:00+00:00,2025-12-22 17:00:00+00:00
historical_mock_realized,2025-12-22,2025-12-22 18:00:00+00:00,BE,solar,persistence,Persistence,daily_persistence,2208,2025-12-23 08:00:00+00:00,331.53975,35.666,,2025-09-21 18:00:00+00:00,2025-12-22 17:00:00+00:00
historical_mock_realized,2025-12-22,2025-12-22 18:00:00+00:00,BE,solar,persistence,Persistence,daily_persistence,2208,2025-12-23 09:00:00+00:00,1211.33225,175.81825,,2025-09-21 18:00:00+00:00,2025-12-22 17:00:00+00:00
historical_mock_realized,2025-12-22,2025-12-22 18:00:00+00:00,BE,solar,persistence,Persistence,daily_persistence,2208,2025-12-23 10:00:00+00:00,2209.19225,306.68475,,2025-09-21 18:00:00+00:00,2025-12-22 17:00:00+00:00
historical_mock_realized,2025-12-22,2025-12-22 18:00:00+00:00,BE,solar,persistence,Persistence,daily_persistence,2208,2025-12-23 11:00:00+00:00,2286.1775,354.96825,,2025-09-21 18:00:00+00:00,2025-12-22 17:00:00+00:00
historical_mock_realized,2025-12-22,2025-12-22 18:00:00+00:00,BE,solar,persistence,Persistence,daily_persistence,2208,2025-12-23 12:00:00+00:00,1956.6315,309.30875,,2025-09-21 18:00:00+00:00,2025-12-22 17:00:00+00:00
historical_mock_realized,2025-12-22,2025-12-22 18:00:00+00:00,BE,solar,persistence,Persistence,daily_persistence,2208,2025-12-23 13:00:00+00:00,1556.263,204.582,,2025-09-21 18:00:00+00:00,2025-12-22 17:00:00+00:00
historical_mock_realized,2025-12-22,2025-12-22 18:00:00+00:00,BE,solar,persistence,Persistence,daily_persistence,2208,2025-12-23 14:00:00+00:00,890.10075,62.79075,,2025-09-21 18:00:00+00:00,2025-12-22 17:00:00+00:00
historical_mock_realized,2025-12-22,2025-12-22 18:00:00+00:00,BE,solar,persistence,Persistence,daily_persistence,2208,2025-12-23 15:00:00+00:00,67.7265,0.56375,,2025-09-21 18:00:00+00:00,2025-12-22 17:00:00+00:00
historical_mock_realized,2025-12-22,2025-12-22 18:00:00+00:00,BE,solar,persistence,Persistence,daily_persistence,2208,2025-12-23 16:00:00+00:00,0.0,0.0,,2025-09-21 18:00:00+00:00,2025-12-22 17:00:00+00:00
historical_mock_realized,2025-12-22,2025-12-22 18:00:00+00:00,BE,solar,persistence,Persistence,daily_persistence,2208,2025-12-23 17:00:00+00:00,0.0,0.0,,2025-09-21 18:00:00+00:00,2025-12-22 17:00:00+00:00
historical_mock_realized,2025-12-22,2025-12-22 18:00:00+00:00,BE,solar,xgboost_online,XGBoost with covariates,XGBoost_Weather_TSOCov,2208,2025-12-22 18:00:00+00:00,19.119346618652344,0.0,,2025-09-21 18:00:00+00:00,2025-12-22 17:00:00+00:00
historical_mock_realized,2025-12-22,2025-12-22 18:00:00+00:00,BE,solar,xgboost_online,XGBoost with covariates,XGBoost_Weather_TSOCov,2208,2025-12-22 19:00:00+00:00,19.119346618652344,0.0,,2025-09-21 18:00:00+00:00,2025-12-22 17:00:00+00:00
historical_mock_realized,2025-12-22,2025-12-22 18:00:00+00:00,BE,solar,xgboost_online,XGBoost with covariates,XGBoost_Weather_TSOCov,2208,2025-12-22 20:00:00+00:00,19.119346618652344,0.0,,2025-09-21 18:00:00+00:00,2025-12-22 17:00:00+00:00
historical_mock_realized,2025-12-22,2025-12-22 18:00:00+00:00,BE,solar,xgboost_online,XGBoost with covariates,XGBoost_Weather_TSOCov,2208,2025-12-22 21:00:00+00:00,19.119346618652344,0.0,,2025-09-21 18:00:00+00:00,2025-12-22 17:00:00+00:00
historical_mock_realized,2025-12-22,2025-12-22 18:00:00+00:00,BE,solar,xgboost_online,XGBoost with covariates,XGBoost_Weather_TSOCov,2208,2025-12-22 22:00:00+00:00,19.119346618652344,0.0,,2025-09-21 18:00:00+00:00,2025-12-22 17:00:00+00:00
historical_mock_realized,2025-12-22,2025-12-22 18:00:00+00:00,BE,solar,xgboost_online,XGBoost with covariates,XGBoost_Weather_TSOCov,2208,2025-12-22 23:00:00+00:00,19.119346618652344,0.0,,2025-09-21 18:00:00+00:00,2025-12-22 17:00:00+00:00
historical_mock_realized,2025-12-22,2025-12-22 18:00:00+00:00,BE,solar,xgboost_online,XGBoost with covariates,XGBoost_Weather_TSOCov,2208,2025-12-23 00:00:00+00:00,19.119346618652344,0.0,,2025-09-21 18:00:00+00:00,2025-12-22 17:00:00+00:00
historical_mock_realized,2025-12-22,2025-12-22 18:00:00+00:00,BE,solar,xgboost_online,XGBoost with covariates,XGBoost_Weather_TSOCov,2208,2025-12-23 01:00:00+00:00,19.119346618652344,0.0,,2025-09-21 18:00:00+00:00,2025-12-22 17:00:00+00:00
historical_mock_realized,2025-12-22,2025-12-22 18:00:00+00:00,BE,solar,xgboost_online,XGBoost with covariates,XGBoost_Weather_TSOCov,2208,2025-12-23 02:00:00+00:00,19.119346618652344,0.0,,2025-09-21 18:00:00+00:00,2025-12-22 17:00:00+00:00
historical_mock_realized,2025-12-22,2025-12-22 18:00:00+00:00,BE,solar,xgboost_online,XGBoost with covariates,XGBoost_Weather_TSOCov,2208,2025-12-23 03:00:00+00:00,19.119346618652344,0.0,,2025-09-21 18:00:00+00:00,2025-12-22 17:00:00+00:00
historical_mock_realized,2025-12-22,2025-12-22 18:00:00+00:00,BE,solar,xgboost_online,XGBoost with covariates,XGBoost_Weather_TSOCov,2208,2025-12-23 04:00:00+00:00,19.119346618652344,0.0,,2025-09-21 18:00:00+00:00,2025-12-22 17:00:00+00:00
historical_mock_realized,2025-12-22,2025-12-22 18:00:00+00:00,BE,solar,xgboost_online,XGBoost with covariates,XGBoost_Weather_TSOCov,2208,2025-12-23 05:00:00+00:00,19.119346618652344,0.0,,2025-09-21 18:00:00+00:00,2025-12-22 17:00:00+00:00
historical_mock_realized,2025-12-22,2025-12-22 18:00:00+00:00,BE,solar,xgboost_online,XGBoost with covariates,XGBoost_Weather_TSOCov,2208,2025-12-23 06:00:00+00:00,19.119346618652344,0.0,,2025-09-21 18:00:00+00:00,2025-12-22 17:00:00+00:00
historical_mock_realized,2025-12-22,2025-12-22 18:00:00+00:00,BE,solar,xgboost_online,XGBoost with covariates,XGBoost_Weather_TSOCov,2208,2025-12-23 07:00:00+00:00,19.119346618652344,0.006,,2025-09-21 18:00:00+00:00,2025-12-22 17:00:00+00:00
historical_mock_realized,2025-12-22,2025-12-22 18:00:00+00:00,BE,solar,xgboost_online,XGBoost with covariates,XGBoost_Weather_TSOCov,2208,2025-12-23 08:00:00+00:00,200.4751739501953,35.666,,2025-09-21 18:00:00+00:00,2025-12-22 17:00:00+00:00
historical_mock_realized,2025-12-22,2025-12-22 18:00:00+00:00,BE,solar,xgboost_online,XGBoost with covariates,XGBoost_Weather_TSOCov,2208,2025-12-23 09:00:00+00:00,702.209716796875,175.81825,,2025-09-21 18:00:00+00:00,2025-12-22 17:00:00+00:00
historical_mock_realized,2025-12-22,2025-12-22 18:00:00+00:00,BE,solar,xgboost_online,XGBoost with covariates,XGBoost_Weather_TSOCov,2208,2025-12-23 10:00:00+00:00,956.0635375976562,306.68475,,2025-09-21 18:00:00+00:00,2025-12-22 17:00:00+00:00
historical_mock_realized,2025-12-22,2025-12-22 18:00:00+00:00,BE,solar,xgboost_online,XGBoost with covariates,XGBoost_Weather_TSOCov,2208,2025-12-23 11:00:00+00:00,1145.0963134765625,354.96825,,2025-09-21 18:00:00+00:00,2025-12-22 17:00:00+00:00
historical_mock_realized,2025-12-22,2025-12-22 18:00:00+00:00,BE,solar,xgboost_online,XGBoost with covariates,XGBoost_Weather_TSOCov,2208,2025-12-23 12:00:00+00:00,1062.4476318359375,309.30875,,2025-09-21 18:00:00+00:00,2025-12-22 17:00:00+00:00
historical_mock_realized,2025-12-22,2025-12-22 18:00:00+00:00,BE,solar,xgboost_online,XGBoost with covariates,XGBoost_Weather_TSOCov,2208,2025-12-23 13:00:00+00:00,789.5579833984375,204.582,,2025-09-21 18:00:00+00:00,2025-12-22 17:00:00+00:00
historical_mock_realized,2025-12-22,2025-12-22 18:00:00+00:00,BE,solar,xgboost_online,XGBoost with covariates,XGBoost_Weather_TSOCov,2208,2025-12-23 14:00:00+00:00,363.5161437988281,62.79075,,2025-09-21 18:00:00+00:00,2025-12-22 17:00:00+00:00
historical_mock_realized,2025-12-22,2025-12-22 18:00:00+00:00,BE,solar,xgboost_online,XGBoost with covariates,XGBoost_Weather_TSOCov,2208,2025-12-23 15:00:00+00:00,28.664464950561523,0.56375,,2025-09-21 18:00:00+00:00,2025-12-22 17:00:00+00:00
historical_mock_realized,2025-12-22,2025-12-22 18:00:00+00:00,BE,solar,xgboost_online,XGBoost with covariates,XGBoost_Weather_TSOCov,2208,2025-12-23 16:00:00+00:00,19.119346618652344,0.0,,2025-09-21 18:00:00+00:00,2025-12-22 17:00:00+00:00
historical_mock_realized,2025-12-22,2025-12-22 18:00:00+00:00,BE,solar,xgboost_online,XGBoost with covariates,XGBoost_Weather_TSOCov,2208,2025-12-23 17:00:00+00:00,19.119346618652344,0.0,,2025-09-21 18:00:00+00:00,2025-12-22 17:00:00+00:00
historical_mock_realized,2025-12-22,2025-12-22 18:00:00+00:00,FR,solar,tso_reference,TSO forecast,tso_forecast,2208,2025-12-22 18:00:00+00:00,0.0,0.0,,2025-09-21 18:00:00+00:00,2025-12-22 17:00:00+00:00
historical_mock_realized,2025-12-22,2025-12-22 18:00:00+00:00,FR,solar,tso_reference,TSO forecast,tso_forecast,2208,2025-12-22 19:00:00+00:00,0.0,0.0,,2025-09-21 18:00:00+00:00,2025-12-22 17:00:00+00:00
historical_mock_realized,2025-12-22,2025-12-22 18:00:00+00:00,FR,solar,tso_reference,TSO forecast,tso_forecast,2208,2025-12-22 20:00:00+00:00,0.0,0.0,,2025-09-21 18:00:00+00:00,2025-12-22 17:00:00+00:00
historical_mock_realized,2025-12-22,2025-12-22 18:00:00+00:00,FR,solar,tso_reference,TSO forecast,tso_forecast,2208,2025-12-22 21:00:00+00:00,0.0,0.0,,2025-09-21 18:00:00+00:00,2025-12-22 17:00:00+00:00
historical_mock_realized,2025-12-22,2025-12-22 18:00:00+00:00,FR,solar,tso_reference,TSO forecast,tso_forecast,2208,2025-12-22 22:00:00+00:00,0.0,0.0,,2025-09-21 18:00:00+00:00,2025-12-22 17:00:00+00:00
historical_mock_realized,2025-12-22,2025-12-22 18:00:00+00:00,FR,solar,tso_reference,TSO forecast,tso_forecast,2208,2025-12-22 23:00:00+00:00,0.0,0.0,,2025-09-21 18:00:00+00:00,2025-12-22 17:00:00+00:00
historical_mock_realized,2025-12-22,2025-12-22 18:00:00+00:00,FR,solar,tso_reference,TSO forecast,tso_forecast,2208,2025-12-23 00:00:00+00:00,0.0,0.0,,2025-09-21 18:00:00+00:00,2025-12-22 17:00:00+00:00
historical_mock_realized,2025-12-22,2025-12-22 18:00:00+00:00,FR,solar,tso_reference,TSO forecast,tso_forecast,2208,2025-12-23 01:00:00+00:00,0.0,0.0,,2025-09-21 18:00:00+00:00,2025-12-22 17:00:00+00:00
historical_mock_realized,2025-12-22,2025-12-22 18:00:00+00:00,FR,solar,tso_reference,TSO forecast,tso_forecast,2208,2025-12-23 02:00:00+00:00,0.0,0.0,,2025-09-21 18:00:00+00:00,2025-12-22 17:00:00+00:00
historical_mock_realized,2025-12-22,2025-12-22 18:00:00+00:00,FR,solar,tso_reference,TSO forecast,tso_forecast,2208,2025-12-23 03:00:00+00:00,0.0,0.0,,2025-09-21 18:00:00+00:00,2025-12-22 17:00:00+00:00
historical_mock_realized,2025-12-22,2025-12-22 18:00:00+00:00,FR,solar,tso_reference,TSO forecast,tso_forecast,2208,2025-12-23 04:00:00+00:00,0.0,0.0,,2025-09-21 18:00:00+00:00,2025-12-22 17:00:00+00:00
historical_mock_realized,2025-12-22,2025-12-22 18:00:00+00:00,FR,solar,tso_reference,TSO forecast,tso_forecast,2208,2025-12-23 05:00:00+00:00,0.0,0.0,,2025-09-21 18:00:00+00:00,2025-12-22 17:00:00+00:00
historical_mock_realized,2025-12-22,2025-12-22 18:00:00+00:00,FR,solar,tso_reference,TSO forecast,tso_forecast,2208,2025-12-23 06:00:00+00:00,0.0,0.0,,2025-09-21 18:00:00+00:00,2025-12-22 17:00:00+00:00
historical_mock_realized,2025-12-22,2025-12-22 18:00:00+00:00,FR,solar,tso_reference,TSO forecast,tso_forecast,2208,2025-12-23 07:00:00+00:00,0.0,303.515,,2025-09-21 18:00:00+00:00,2025-12-22 17:00:00+00:00
historical_mock_realized,2025-12-22,2025-12-22 18:00:00+00:00,FR,solar,tso_reference,TSO forecast,tso_forecast,2208,2025-12-23 08:00:00+00:00,113.94375,964.91,,2025-09-21 18:00:00+00:00,2025-12-22 17:00:00+00:00
historical_mock_realized,2025-12-22,2025-12-22 18:00:00+00:00,FR,solar,tso_reference,TSO forecast,tso_forecast,2208,2025-12-23 09:00:00+00:00,941.90381,2456.06,,2025-09-21 18:00:00+00:00,2025-12-22 17:00:00+00:00
historical_mock_realized,2025-12-22,2025-12-22 18:00:00+00:00,FR,solar,tso_reference,TSO forecast,tso_forecast,2208,2025-12-23 10:00:00+00:00,2486.58496,3699.8175,,2025-09-21 18:00:00+00:00,2025-12-22 17:00:00+00:00
historical_mock_realized,2025-12-22,2025-12-22 18:00:00+00:00,FR,solar,tso_reference,TSO forecast,tso_forecast,2208,2025-12-23 11:00:00+00:00,3673.29004,3642.4375,,2025-09-21 18:00:00+00:00,2025-12-22 17:00:00+00:00
historical_mock_realized,2025-12-22,2025-12-22 18:00:00+00:00,FR,solar,tso_reference,TSO forecast,tso_forecast,2208,2025-12-23 12:00:00+00:00,4076.19995,3385.5425,,2025-09-21 18:00:00+00:00,2025-12-22 17:00:00+00:00
historical_mock_realized,2025-12-22,2025-12-22 18:00:00+00:00,FR,solar,tso_reference,TSO forecast,tso_forecast,2208,2025-12-23 13:00:00+00:00,4048.17114,2852.9325,,2025-09-21 18:00:00+00:00,2025-12-22 17:00:00+00:00
historical_mock_realized,2025-12-22,2025-12-22 18:00:00+00:00,FR,solar,tso_reference,TSO forecast,tso_forecast,2208,2025-12-23 14:00:00+00:00,3283.24756,1840.0575,,2025-09-21 18:00:00+00:00,2025-12-22 17:00:00+00:00
historical_mock_realized,2025-12-22,2025-12-22 18:00:00+00:00,FR,solar,tso_reference,TSO forecast,tso_forecast,2208,2025-12-23 15:00:00+00:00,1741.75256,683.2825,,2025-09-21 18:00:00+00:00,2025-12-22 17:00:00+00:00
historical_mock_realized,2025-12-22,2025-12-22 18:00:00+00:00,FR,solar,tso_reference,TSO forecast,tso_forecast,2208,2025-12-23 16:00:00+00:00,430.99249,270.59250000000003,,2025-09-21 18:00:00+00:00,2025-12-22 17:00:00+00:00
historical_mock_realized,2025-12-22,2025-12-22 18:00:00+00:00,FR,solar,tso_reference,TSO forecast,tso_forecast,2208,2025-12-23 17:00:00+00:00,16.62375,249.3625,,2025-09-21 18:00:00+00:00,2025-12-22 17:00:00+00:00
historical_mock_realized,2025-12-22,2025-12-22 18:00:00+00:00,FR,solar,persistence,Persistence,daily_persistence,2208,2025-12-22 18:00:00+00:00,0.0,0.0,,2025-09-21 18:00:00+00:00,2025-12-22 17:00:00+00:00
historical_mock_realized,2025-12-22,2025-12-22 18:00:00+00:00,FR,solar,persistence,Persistence,daily_persistence,2208,2025-12-22 19:00:00+00:00,0.0,0.0,,2025-09-21 18:00:00+00:00,2025-12-22 17:00:00+00:00
historical_mock_realized,2025-12-22,2025-12-22 18:00:00+00:00,FR,solar,persistence,Persistence,daily_persistence,2208,2025-12-22 20:00:00+00:00,0.0,0.0,,2025-09-21 18:00:00+00:00,2025-12-22 17:00:00+00:00
historical_mock_realized,2025-12-22,2025-12-22 18:00:00+00:00,FR,solar,persistence,Persistence,daily_persistence,2208,2025-12-22 21:00:00+00:00,0.0,0.0,,2025-09-21 18:00:00+00:00,2025-12-22 17:00:00+00:00
historical_mock_realized,2025-12-22,2025-12-22 18:00:00+00:00,FR,solar,persistence,Persistence,daily_persistence,2208,2025-12-22 22:00:00+00:00,0.0,0.0,,2025-09-21 18:00:00+00:00,2025-12-22 17:00:00+00:00
historical_mock_realized,2025-12-22,2025-12-22 18:00:00+00:00,FR,solar,persistence,Persistence,daily_persistence,2208,2025-12-22 23:00:00+00:00,0.0,0.0,,2025-09-21 18:00:00+00:00,2025-12-22 17:00:00+00:00
historical_mock_realized,2025-12-22,2025-12-22 18:00:00+00:00,FR,solar,persistence,Persistence,daily_persistence,2208,2025-12-23 00:00:00+00:00,0.0,0.0,,2025-09-21 18:00:00+00:00,2025-12-22 17:00:00+00:00
historical_mock_realized,2025-12-22,2025-12-22 18:00:00+00:00,FR,solar,persistence,Persistence,daily_persistence,2208,2025-12-23 01:00:00+00:00,0.0,0.0,,2025-09-21 18:00:00+00:00,2025-12-22 17:00:00+00:00
historical_mock_realized,2025-12-22,2025-12-22 18:00:00+00:00,FR,solar,persistence,Persistence,daily_persistence,2208,2025-12-23 02:00:00+00:00,0.0,0.0,,2025-09-21 18:00:00+00:00,2025-12-22 17:00:00+00:00
historical_mock_realized,2025-12-22,2025-12-22 18:00:00+00:00,FR,solar,persistence,Persistence,daily_persistence,2208,2025-12-23 03:00:00+00:00,0.0,0.0,,2025-09-21 18:00:00+00:00,2025-12-22 17:00:00+00:00
historical_mock_realized,2025-12-22,2025-12-22 18:00:00+00:00,FR,solar,persistence,Persistence,daily_persistence,2208,2025-12-23 04:00:00+00:00,0.0,0.0,,2025-09-21 18:00:00+00:00,2025-12-22 17:00:00+00:00
historical_mock_realized,2025-12-22,2025-12-22 18:00:00+00:00,FR,solar,persistence,Persistence,daily_persistence,2208,2025-12-23 05:00:00+00:00,0.0,0.0,,2025-09-21 18:00:00+00:00,2025-12-22 17:00:00+00:00
historical_mock_realized,2025-12-22,2025-12-22 18:00:00+00:00,FR,solar,persistence,Persistence,daily_persistence,2208,2025-12-23 06:00:00+00:00,0.0,0.0,,2025-09-21 18:00:00+00:00,2025-12-22 17:00:00+00:00
historical_mock_realized,2025-12-22,2025-12-22 18:00:00+00:00,FR,solar,persistence,Persistence,daily_persistence,2208,2025-12-23 07:00:00+00:00,294.305,303.515,,2025-09-21 18:00:00+00:00,2025-12-22 17:00:00+00:00
historical_mock_realized,2025-12-22,2025-12-22 18:00:00+00:00,FR,solar,persistence,Persistence,daily_persistence,2208,2025-12-23 08:00:00+00:00,785.6325,964.91,,2025-09-21 18:00:00+00:00,2025-12-22 17:00:00+00:00
historical_mock_realized,2025-12-22,2025-12-22 18:00:00+00:00,FR,solar,persistence,Persistence,daily_persistence,2208,2025-12-23 09:00:00+00:00,1816.8575,2456.06,,2025-09-21 18:00:00+00:00,2025-12-22 17:00:00+00:00
historical_mock_realized,2025-12-22,2025-12-22 18:00:00+00:00,FR,solar,persistence,Persistence,daily_persistence,2208,2025-12-23 10:00:00+00:00,2789.2175,3699.8175,,2025-09-21 18:00:00+00:00,2025-12-22 17:00:00+00:00
historical_mock_realized,2025-12-22,2025-12-22 18:00:00+00:00,FR,solar,persistence,Persistence,daily_persistence,2208,2025-12-23 11:00:00+00:00,3361.0299999999997,3642.4375,,2025-09-21 18:00:00+00:00,2025-12-22 17:00:00+00:00
historical_mock_realized,2025-12-22,2025-12-22 18:00:00+00:00,FR,solar,persistence,Persistence,daily_persistence,2208,2025-12-23 12:00:00+00:00,3463.5725,3385.5425,,2025-09-21 18:00:00+00:00,2025-12-22 17:00:00+00:00
historical_mock_realized,2025-12-22,2025-12-22 18:00:00+00:00,FR,solar,persistence,Persistence,daily_persistence,2208,2025-12-23 13:00:00+00:00,2914.68,2852.9325,,2025-09-21 18:00:00+00:00,2025-12-22 17:00:00+00:00
historical_mock_realized,2025-12-22,2025-12-22 18:00:00+00:00,FR,solar,persistence,Persistence,daily_persistence,2208,2025-12-23 14:00:00+00:00,1772.1025,1840.0575,,2025-09-21 18:00:00+00:00,2025-12-22 17:00:00+00:00
historical_mock_realized,2025-12-22,2025-12-22 18:00:00+00:00,FR,solar,persistence,Persistence,daily_persistence,2208,2025-12-23 15:00:00+00:00,710.47,683.2825,,2025-09-21 18:00:00+00:00,2025-12-22 17:00:00+00:00
historical_mock_realized,2025-12-22,2025-12-22 18:00:00+00:00,FR,solar,persistence,Persistence,daily_persistence,2208,2025-12-23 16:00:00+00:00,257.38,270.59250000000003,,2025-09-21 18:00:00+00:00,2025-12-22 17:00:00+00:00
historical_mock_realized,2025-12-22,2025-12-22 18:00:00+00:00,FR,solar,persistence,Persistence,daily_persistence,2208,2025-12-23 17:00:00+00:00,228.86,249.3625,,2025-09-21 18:00:00+00:00,2025-12-22 17:00:00+00:00
historical_mock_realized,2025-12-22,2025-12-22 18:00:00+00:00,FR,solar,xgboost_online,XGBoost with covariates,XGBoost_TSOCov,2208,2025-12-22 18:00:00+00:00,57.77022933959961,0.0,,2025-09-21 18:00:00+00:00,2025-12-22 17:00:00+00:00
historical_mock_realized,2025-12-22,2025-12-22 18:00:00+00:00,FR,solar,xgboost_online,XGBoost with covariates,XGBoost_TSOCov,2208,2025-12-22 19:00:00+00:00,57.77022933959961,0.0,,2025-09-21 18:00:00+00:00,2025-12-22 17:00:00+00:00
historical_mock_realized,2025-12-22,2025-12-22 18:00:00+00:00,FR,solar,xgboost_online,XGBoost with covariates,XGBoost_TSOCov,2208,2025-12-22 20:00:00+00:00,57.77022933959961,0.0,,2025-09-21 18:00:00+00:00,2025-12-22 17:00:00+00:00
historical_mock_realized,2025-12-22,2025-12-22 18:00:00+00:00,FR,solar,xgboost_online,XGBoost with covariates,XGBoost_TSOCov,2208,2025-12-22 21:00:00+00:00,57.77022933959961,0.0,,2025-09-21 18:00:00+00:00,2025-12-22 17:00:00+00:00
historical_mock_realized,2025-12-22,2025-12-22 18:00:00+00:00,FR,solar,xgboost_online,XGBoost with covariates,XGBoost_TSOCov,2208,2025-12-22 22:00:00+00:00,57.77022933959961,0.0,,2025-09-21 18:00:00+00:00,2025-12-22 17:00:00+00:00
historical_mock_realized,2025-12-22,2025-12-22 18:00:00+00:00,FR,solar,xgboost_online,XGBoost with covariates,XGBoost_TSOCov,2208,2025-12-22 23:00:00+00:00,57.77022933959961,0.0,,2025-09-21 18:00:00+00:00,2025-12-22 17:00:00+00:00
historical_mock_realized,2025-12-22,2025-12-22 18:00:00+00:00,FR,solar,xgboost_online,XGBoost with covariates,XGBoost_TSOCov,2208,2025-12-23 00:00:00+00:00,57.77022933959961,0.0,,2025-09-21 18:00:00+00:00,2025-12-22 17:00:00+00:00
historical_mock_realized,2025-12-22,2025-12-22 18:00:00+00:00,FR,solar,xgboost_online,XGBoost with covariates,XGBoost_TSOCov,2208,2025-12-23 01:00:00+00:00,57.77022933959961,0.0,,2025-09-21 18:00:00+00:00,2025-12-22 17:00:00+00:00
historical_mock_realized,2025-12-22,2025-12-22 18:00:00+00:00,FR,solar,xgboost_online,XGBoost with covariates,XGBoost_TSOCov,2208,2025-12-23 02:00:00+00:00,57.77022933959961,0.0,,2025-09-21 18:00:00+00:00,2025-12-22 17:00:00+00:00
historical_mock_realized,2025-12-22,2025-12-22 18:00:00+00:00,FR,solar,xgboost_online,XGBoost with covariates,XGBoost_TSOCov,2208,2025-12-23 03:00:00+00:00,57.77022933959961,0.0,,2025-09-21 18:00:00+00:00,2025-12-22 17:00:00+00:00
historical_mock_realized,2025-12-22,2025-12-22 18:00:00+00:00,FR,solar,xgboost_online,XGBoost with covariates,XGBoost_TSOCov,2208,2025-12-23 04:00:00+00:00,57.77022933959961,0.0,,2025-09-21 18:00:00+00:00,2025-12-22 17:00:00+00:00
historical_mock_realized,2025-12-22,2025-12-22 18:00:00+00:00,FR,solar,xgboost_online,XGBoost with covariates,XGBoost_TSOCov,2208,2025-12-23 05:00:00+00:00,57.77022933959961,0.0,,2025-09-21 18:00:00+00:00,2025-12-22 17:00:00+00:00
historical_mock_realized,2025-12-22,2025-12-22 18:00:00+00:00,FR,solar,xgboost_online,XGBoost with covariates,XGBoost_TSOCov,2208,2025-12-23 06:00:00+00:00,57.77022933959961,0.0,,2025-09-21 18:00:00+00:00,2025-12-22 17:00:00+00:00
historical_mock_realized,2025-12-22,2025-12-22 18:00:00+00:00,FR,solar,xgboost_online,XGBoost with covariates,XGBoost_TSOCov,2208,2025-12-23 07:00:00+00:00,324.7925720214844,303.515,,2025-09-21 18:00:00+00:00,2025-12-22 17:00:00+00:00
historical_mock_realized,2025-12-22,2025-12-22 18:00:00+00:00,FR,solar,xgboost_online,XGBoost with covariates,XGBoost_TSOCov,2208,2025-12-23 08:00:00+00:00,843.7866821289062,964.91,,2025-09-21 18:00:00+00:00,2025-12-22 17:00:00+00:00
historical_mock_realized,2025-12-22,2025-12-22 18:00:00+00:00,FR,solar,xgboost_online,XGBoost with covariates,XGBoost_TSOCov,2208,2025-12-23 09:00:00+00:00,2156.728271484375,2456.06,,2025-09-21 18:00:00+00:00,2025-12-22 17:00:00+00:00
historical_mock_realized,2025-12-22,2025-12-22 18:00:00+00:00,FR,solar,xgboost_online,XGBoost with covariates,XGBoost_TSOCov,2208,2025-12-23 10:00:00+00:00,2812.89208984375,3699.8175,,2025-09-21 18:00:00+00:00,2025-12-22 17:00:00+00:00
historical_mock_realized,2025-12-22,2025-12-22 18:00:00+00:00,FR,solar,xgboost_online,XGBoost with covariates,XGBoost_TSOCov,2208,2025-12-23 11:00:00+00:00,3461.1611328125,3642.4375,,2025-09-21 18:00:00+00:00,2025-12-22 17:00:00+00:00
historical_mock_realized,2025-12-22,2025-12-22 18:00:00+00:00,FR,solar,xgboost_online,XGBoost with covariates,XGBoost_TSOCov,2208,2025-12-23 12:00:00+00:00,3631.13525390625,3385.5425,,2025-09-21 18:00:00+00:00,2025-12-22 17:00:00+00:00
historical_mock_realized,2025-12-22,2025-12-22 18:00:00+00:00,FR,solar,xgboost_online,XGBoost with covariates,XGBoost_TSOCov,2208,2025-12-23 13:00:00+00:00,3432.006103515625,2852.9325,,2025-09-21 18:00:00+00:00,2025-12-22 17:00:00+00:00
historical_mock_realized,2025-12-22,2025-12-22 18:00:00+00:00,FR,solar,xgboost_online,XGBoost with covariates,XGBoost_TSOCov,2208,2025-12-23 14:00:00+00:00,2452.628173828125,1840.0575,,2025-09-21 18:00:00+00:00,2025-12-22 17:00:00+00:00
historical_mock_realized,2025-12-22,2025-12-22 18:00:00+00:00,FR,solar,xgboost_online,XGBoost with covariates,XGBoost_TSOCov,2208,2025-12-23 15:00:00+00:00,943.6333618164062,683.2825,,2025-09-21 18:00:00+00:00,2025-12-22 17:00:00+00:00
historical_mock_realized,2025-12-22,2025-12-22 18:00:00+00:00,FR,solar,xgboost_online,XGBoost with covariates,XGBoost_TSOCov,2208,2025-12-23 16:00:00+00:00,295.08929443359375,270.59250000000003,,2025-09-21 18:00:00+00:00,2025-12-22 17:00:00+00:00
historical_mock_realized,2025-12-22,2025-12-22 18:00:00+00:00,FR,solar,xgboost_online,XGBoost with covariates,XGBoost_TSOCov,2208,2025-12-23 17:00:00+00:00,265.2100830078125,249.3625,,2025-09-21 18:00:00+00:00,2025-12-22 17:00:00+00:00
historical_mock_realized,2025-12-22,2025-12-22 18:00:00+00:00,DE,solar,tso_reference,TSO forecast,tso_forecast,2208,2025-12-22 18:00:00+00:00,0.0,13.930807,,2025-09-21 18:00:00+00:00,2025-12-22 17:00:00+00:00
historical_mock_realized,2025-12-22,2025-12-22 18:00:00+00:00,DE,solar,tso_reference,TSO forecast,tso_forecast,2208,2025-12-22 19:00:00+00:00,0.0,10.069024,,2025-09-21 18:00:00+00:00,2025-12-22 17:00:00+00:00
historical_mock_realized,2025-12-22,2025-12-22 18:00:00+00:00,DE,solar,tso_reference,TSO forecast,tso_forecast,2208,2025-12-22 20:00:00+00:00,0.0,7.993281,,2025-09-21 18:00:00+00:00,2025-12-22 17:00:00+00:00
historical_mock_realized,2025-12-22,2025-12-22 18:00:00+00:00,DE,solar,tso_reference,TSO forecast,tso_forecast,2208,2025-12-22 21:00:00+00:00,0.0,7.016274,,2025-09-21 18:00:00+00:00,2025-12-22 17:00:00+00:00
historical_mock_realized,2025-12-22,2025-12-22 18:00:00+00:00,DE,solar,tso_reference,TSO forecast,tso_forecast,2208,2025-12-22 22:00:00+00:00,0.0,7.390331,,2025-09-21 18:00:00+00:00,2025-12-22 17:00:00+00:00
historical_mock_realized,2025-12-22,2025-12-22 18:00:00+00:00,DE,solar,tso_reference,TSO forecast,tso_forecast,2208,2025-12-22 23:00:00+00:00,0.0,7.455917,,2025-09-21 18:00:00+00:00,2025-12-22 17:00:00+00:00
historical_mock_realized,2025-12-22,2025-12-22 18:00:00+00:00,DE,solar,tso_reference,TSO forecast,tso_forecast,2208,2025-12-23 00:00:00+00:00,0.0,7.918877999999999,,2025-09-21 18:00:00+00:00,2025-12-22 17:00:00+00:00
historical_mock_realized,2025-12-22,2025-12-22 18:00:00+00:00,DE,solar,tso_reference,TSO forecast,tso_forecast,2208,2025-12-23 01:00:00+00:00,0.0,8.299281,,2025-09-21 18:00:00+00:00,2025-12-22 17:00:00+00:00
historical_mock_realized,2025-12-22,2025-12-22 18:00:00+00:00,DE,solar,tso_reference,TSO forecast,tso_forecast,2208,2025-12-23 02:00:00+00:00,0.0,8.557551,,2025-09-21 18:00:00+00:00,2025-12-22 17:00:00+00:00
historical_mock_realized,2025-12-22,2025-12-22 18:00:00+00:00,DE,solar,tso_reference,TSO forecast,tso_forecast,2208,2025-12-23 03:00:00+00:00,0.0,9.222493,,2025-09-21 18:00:00+00:00,2025-12-22 17:00:00+00:00
historical_mock_realized,2025-12-22,2025-12-22 18:00:00+00:00,DE,solar,tso_reference,TSO forecast,tso_forecast,2208,2025-12-23 04:00:00+00:00,0.0,9.019626,,2025-09-21 18:00:00+00:00,2025-12-22 17:00:00+00:00
historical_mock_realized,2025-12-22,2025-12-22 18:00:00+00:00,DE,solar,tso_reference,TSO forecast,tso_forecast,2208,2025-12-23 05:00:00+00:00,0.0,9.572555,,2025-09-21 18:00:00+00:00,2025-12-22 17:00:00+00:00
historical_mock_realized,2025-12-22,2025-12-22 18:00:00+00:00,DE,solar,tso_reference,TSO forecast,tso_forecast,2208,2025-12-23 06:00:00+00:00,0.0,23.453333,,2025-09-21 18:00:00+00:00,2025-12-22 17:00:00+00:00
historical_mock_realized,2025-12-22,2025-12-22 18:00:00+00:00,DE,solar,tso_reference,TSO forecast,tso_forecast,2208,2025-12-23 07:00:00+00:00,299.3208675,118.205838,,2025-09-21 18:00:00+00:00,2025-12-22 17:00:00+00:00
historical_mock_realized,2025-12-22,2025-12-22 18:00:00+00:00,DE,solar,tso_reference,TSO forecast,tso_forecast,2208,2025-12-23 08:00:00+00:00,2045.0119975,955.19479,,2025-09-21 18:00:00+00:00,2025-12-22 17:00:00+00:00
historical_mock_realized,2025-12-22,2025-12-22 18:00:00+00:00,DE,solar,tso_reference,TSO forecast,tso_forecast,2208,2025-12-23 09:00:00+00:00,4312.16443,2325.645521,,2025-09-21 18:00:00+00:00,2025-12-22 17:00:00+00:00
historical_mock_realized,2025-12-22,2025-12-22 18:00:00+00:00,DE,solar,tso_reference,TSO forecast,tso_forecast,2208,2025-12-23 10:00:00+00:00,5989.8787925,3532.0274609999997,,2025-09-21 18:00:00+00:00,2025-12-22 17:00:00+00:00
historical_mock_realized,2025-12-22,2025-12-22 18:00:00+00:00,DE,solar,tso_reference,TSO forecast,tso_forecast,2208,2025-12-23 11:00:00+00:00,6514.2139475,3843.798975,,2025-09-21 18:00:00+00:00,2025-12-22 17:00:00+00:00
historical_mock_realized,2025-12-22,2025-12-22 18:00:00+00:00,DE,solar,tso_reference,TSO forecast,tso_forecast,2208,2025-12-23 12:00:00+00:00,5615.81739,3315.117302,,2025-09-21 18:00:00+00:00,2025-12-22 17:00:00+00:00
historical_mock_realized,2025-12-22,2025-12-22 18:00:00+00:00,DE,solar,tso_reference,TSO forecast,tso_forecast,2208,2025-12-23 13:00:00+00:00,3685.804925,1923.676385,,2025-09-21 18:00:00+00:00,2025-12-22 17:00:00+00:00
historical_mock_realized,2025-12-22,2025-12-22 18:00:00+00:00,DE,solar,tso_reference,TSO forecast,tso_forecast,2208,2025-12-23 14:00:00+00:00,1331.9873524999998,467.853576,,2025-09-21 18:00:00+00:00,2025-12-22 17:00:00+00:00
historical_mock_realized,2025-12-22,2025-12-22 18:00:00+00:00,DE,solar,tso_reference,TSO forecast,tso_forecast,2208,2025-12-23 15:00:00+00:00,102.0338975,41.307041,,2025-09-21 18:00:00+00:00,2025-12-22 17:00:00+00:00
historical_mock_realized,2025-12-22,2025-12-22 18:00:00+00:00,DE,solar,tso_reference,TSO forecast,tso_forecast,2208,2025-12-23 16:00:00+00:00,0.0,26.698701999999997,,2025-09-21 18:00:00+00:00,2025-12-22 17:00:00+00:00
historical_mock_realized,2025-12-22,2025-12-22 18:00:00+00:00,DE,solar,tso_reference,TSO forecast,tso_forecast,2208,2025-12-23 17:00:00+00:00,0.0,22.205849,,2025-09-21 18:00:00+00:00,2025-12-22 17:00:00+00:00
historical_mock_realized,2025-12-22,2025-12-22 18:00:00+00:00,DE,solar,persistence,Persistence,daily_persistence,2208,2025-12-22 18:00:00+00:00,13.831937,13.930807,,2025-09-21 18:00:00+00:00,2025-12-22 17:00:00+00:00
historical_mock_realized,2025-12-22,2025-12-22 18:00:00+00:00,DE,solar,persistence,Persistence,daily_persistence,2208,2025-12-22 19:00:00+00:00,11.022881,10.069024,,2025-09-21 18:00:00+00:00,2025-12-22 17:00:00+00:00
historical_mock_realized,2025-12-22,2025-12-22 18:00:00+00:00,DE,solar,persistence,Persistence,daily_persistence,2208,2025-12-22 20:00:00+00:00,9.67846,7.993281,,2025-09-21 18:00:00+00:00,2025-12-22 17:00:00+00:00
historical_mock_realized,2025-12-22,2025-12-22 18:00:00+00:00,DE,solar,persistence,Persistence,daily_persistence,2208,2025-12-22 21:00:00+00:00,7.0582650000000005,7.016274,,2025-09-21 18:00:00+00:00,2025-12-22 17:00:00+00:00
historical_mock_realized,2025-12-22,2025-12-22 18:00:00+00:00,DE,solar,persistence,Persistence,daily_persistence,2208,2025-12-22 22:00:00+00:00,6.785969,7.390331,,2025-09-21 18:00:00+00:00,2025-12-22 17:00:00+00:00
historical_mock_realized,2025-12-22,2025-12-22 18:00:00+00:00,DE,solar,persistence,Persistence,daily_persistence,2208,2025-12-22 23:00:00+00:00,9.264056,7.455917,,2025-09-21 18:00:00+00:00,2025-12-22 17:00:00+00:00
historical_mock_realized,2025-12-22,2025-12-22 18:00:00+00:00,DE,solar,persistence,Persistence,daily_persistence,2208,2025-12-23 00:00:00+00:00,8.049205,7.918877999999999,,2025-09-21 18:00:00+00:00,2025-12-22 17:00:00+00:00
historical_mock_realized,2025-12-22,2025-12-22 18:00:00+00:00,DE,solar,persistence,Persistence,daily_persistence,2208,2025-12-23 01:00:00+00:00,8.699134,8.299281,,2025-09-21 18:00:00+00:00,2025-12-22 17:00:00+00:00
historical_mock_realized,2025-12-22,2025-12-22 18:00:00+00:00,DE,solar,persistence,Persistence,daily_persistence,2208,2025-12-23 02:00:00+00:00,8.052616,8.557551,,2025-09-21 18:00:00+00:00,2025-12-22 17:00:00+00:00
historical_mock_realized,2025-12-22,2025-12-22 18:00:00+00:00,DE,solar,persistence,Persistence,daily_persistence,2208,2025-12-23 03:00:00+00:00,8.111352,9.222493,,2025-09-21 18:00:00+00:00,2025-12-22 17:00:00+00:00
historical_mock_realized,2025-12-22,2025-12-22 18:00:00+00:00,DE,solar,persistence,Persistence,daily_persistence,2208,2025-12-23 04:00:00+00:00,8.828004,9.019626,,2025-09-21 18:00:00+00:00,2025-12-22 17:00:00+00:00
historical_mock_realized,2025-12-22,2025-12-22 18:00:00+00:00,DE,solar,persistence,Persistence,daily_persistence,2208,2025-12-23 05:00:00+00:00,9.832448,9.572555,,2025-09-21 18:00:00+00:00,2025-12-22 17:00:00+00:00
historical_mock_realized,2025-12-22,2025-12-22 18:00:00+00:00,DE,solar,persistence,Persistence,daily_persistence,2208,2025-12-23 06:00:00+00:00,15.063911,23.453333,,2025-09-21 18:00:00+00:00,2025-12-22 17:00:00+00:00
historical_mock_realized,2025-12-22,2025-12-22 18:00:00+00:00,DE,solar,persistence,Persistence,daily_persistence,2208,2025-12-23 07:00:00+00:00,235.754675,118.205838,,2025-09-21 18:00:00+00:00,2025-12-22 17:00:00+00:00
historical_mock_realized,2025-12-22,2025-12-22 18:00:00+00:00,DE,solar,persistence,Persistence,daily_persistence,2208,2025-12-23 08:00:00+00:00,1704.68462,955.19479,,2025-09-21 18:00:00+00:00,2025-12-22 17:00:00+00:00
historical_mock_realized,2025-12-22,2025-12-22 18:00:00+00:00,DE,solar,persistence,Persistence,daily_persistence,2208,2025-12-23 09:00:00+00:00,3480.011597,2325.645521,,2025-09-21 18:00:00+00:00,2025-12-22 17:00:00+00:00
historical_mock_realized,2025-12-22,2025-12-22 18:00:00+00:00,DE,solar,persistence,Persistence,daily_persistence,2208,2025-12-23 10:00:00+00:00,4659.644278,3532.0274609999997,,2025-09-21 18:00:00+00:00,2025-12-22 17:00:00+00:00
historical_mock_realized,2025-12-22,2025-12-22 18:00:00+00:00,DE,solar,persistence,Persistence,daily_persistence,2208,2025-12-23 11:00:00+00:00,4875.844591,3843.798975,,2025-09-21 18:00:00+00:00,2025-12-22 17:00:00+00:00
historical_mock_realized,2025-12-22,2025-12-22 18:00:00+00:00,DE,solar,persistence,Persistence,daily_persistence,2208,2025-12-23 12:00:00+00:00,4190.790484,3315.117302,,2025-09-21 18:00:00+00:00,2025-12-22 17:00:00+00:00
historical_mock_realized,2025-12-22,2025-12-22 18:00:00+00:00,DE,solar,persistence,Persistence,daily_persistence,2208,2025-12-23 13:00:00+00:00,2647.035325,1923.676385,,2025-09-21 18:00:00+00:00,2025-12-22 17:00:00+00:00
historical_mock_realized,2025-12-22,2025-12-22 18:00:00+00:00,DE,solar,persistence,Persistence,daily_persistence,2208,2025-12-23 14:00:00+00:00,914.452307,467.853576,,2025-09-21 18:00:00+00:00,2025-12-22 17:00:00+00:00
historical_mock_realized,2025-12-22,2025-12-22 18:00:00+00:00,DE,solar,persistence,Persistence,daily_persistence,2208,2025-12-23 15:00:00+00:00,60.436649,41.307041,,2025-09-21 18:00:00+00:00,2025-12-22 17:00:00+00:00
historical_mock_realized,2025-12-22,2025-12-22 18:00:00+00:00,DE,solar,persistence,Persistence,daily_persistence,2208,2025-12-23 16:00:00+00:00,47.518311,26.698701999999997,,2025-09-21 18:00:00+00:00,2025-12-22 17:00:00+00:00
historical_mock_realized,2025-12-22,2025-12-22 18:00:00+00:00,DE,solar,persistence,Persistence,daily_persistence,2208,2025-12-23 17:00:00+00:00,26.405062,22.205849,,2025-09-21 18:00:00+00:00,2025-12-22 17:00:00+00:00
historical_mock_realized,2025-12-22,2025-12-22 18:00:00+00:00,DE,solar,xgboost_online,XGBoost with covariates,XGBoost_Weather_TSOCov,2208,2025-12-22 18:00:00+00:00,125.63237762451172,13.930807,,2025-09-21 18:00:00+00:00,2025-12-22 17:00:00+00:00
historical_mock_realized,2025-12-22,2025-12-22 18:00:00+00:00,DE,solar,xgboost_online,XGBoost with covariates,XGBoost_Weather_TSOCov,2208,2025-12-22 19:00:00+00:00,125.63237762451172,10.069024,,2025-09-21 18:00:00+00:00,2025-12-22 17:00:00+00:00
historical_mock_realized,2025-12-22,2025-12-22 18:00:00+00:00,DE,solar,xgboost_online,XGBoost with covariates,XGBoost_Weather_TSOCov,2208,2025-12-22 20:00:00+00:00,125.63237762451172,7.993281,,2025-09-21 18:00:00+00:00,2025-12-22 17:00:00+00:00
historical_mock_realized,2025-12-22,2025-12-22 18:00:00+00:00,DE,solar,xgboost_online,XGBoost with covariates,XGBoost_Weather_TSOCov,2208,2025-12-22 21:00:00+00:00,125.63237762451172,7.016274,,2025-09-21 18:00:00+00:00,2025-12-22 17:00:00+00:00
historical_mock_realized,2025-12-22,2025-12-22 18:00:00+00:00,DE,solar,xgboost_online,XGBoost with covariates,XGBoost_Weather_TSOCov,2208,2025-12-22 22:00:00+00:00,125.63237762451172,7.390331,,2025-09-21 18:00:00+00:00,2025-12-22 17:00:00+00:00
historical_mock_realized,2025-12-22,2025-12-22 18:00:00+00:00,DE,solar,xgboost_online,XGBoost with covariates,XGBoost_Weather_TSOCov,2208,2025-12-22 23:00:00+00:00,125.63237762451172,7.455917,,2025-09-21 18:00:00+00:00,2025-12-22 17:00:00+00:00
historical_mock_realized,2025-12-22,2025-12-22 18:00:00+00:00,DE,solar,xgboost_online,XGBoost with covariates,XGBoost_Weather_TSOCov,2208,2025-12-23 00:00:00+00:00,125.63237762451172,7.918877999999999,,2025-09-21 18:00:00+00:00,2025-12-22 17:00:00+00:00
historical_mock_realized,2025-12-22,2025-12-22 18:00:00+00:00,DE,solar,xgboost_online,XGBoost with covariates,XGBoost_Weather_TSOCov,2208,2025-12-23 01:00:00+00:00,125.63237762451172,8.299281,,2025-09-21 18:00:00+00:00,2025-12-22 17:00:00+00:00
historical_mock_realized,2025-12-22,2025-12-22 18:00:00+00:00,DE,solar,xgboost_online,XGBoost with covariates,XGBoost_Weather_TSOCov,2208,2025-12-23 02:00:00+00:00,125.63237762451172,8.557551,,2025-09-21 18:00:00+00:00,2025-12-22 17:00:00+00:00
historical_mock_realized,2025-12-22,2025-12-22 18:00:00+00:00,DE,solar,xgboost_online,XGBoost with covariates,XGBoost_Weather_TSOCov,2208,2025-12-23 03:00:00+00:00,125.63237762451172,9.222493,,2025-09-21 18:00:00+00:00,2025-12-22 17:00:00+00:00
historical_mock_realized,2025-12-22,2025-12-22 18:00:00+00:00,DE,solar,xgboost_online,XGBoost with covariates,XGBoost_Weather_TSOCov,2208,2025-12-23 04:00:00+00:00,125.63237762451172,9.019626,,2025-09-21 18:00:00+00:00,2025-12-22 17:00:00+00:00
historical_mock_realized,2025-12-22,2025-12-22 18:00:00+00:00,DE,solar,xgboost_online,XGBoost with covariates,XGBoost_Weather_TSOCov,2208,2025-12-23 05:00:00+00:00,125.63237762451172,9.572555,,2025-09-21 18:00:00+00:00,2025-12-22 17:00:00+00:00
historical_mock_realized,2025-12-22,2025-12-22 18:00:00+00:00,DE,solar,xgboost_online,XGBoost with covariates,XGBoost_Weather_TSOCov,2208,2025-12-23 06:00:00+00:00,125.63237762451172,23.453333,,2025-09-21 18:00:00+00:00,2025-12-22 17:00:00+00:00
historical_mock_realized,2025-12-22,2025-12-22 18:00:00+00:00,DE,solar,xgboost_online,XGBoost with covariates,XGBoost_Weather_TSOCov,2208,2025-12-23 07:00:00+00:00,246.5469512939453,118.205838,,2025-09-21 18:00:00+00:00,2025-12-22 17:00:00+00:00
historical_mock_realized,2025-12-22,2025-12-22 18:00:00+00:00,DE,solar,xgboost_online,XGBoost with covariates,XGBoost_Weather_TSOCov,2208,2025-12-23 08:00:00+00:00,1912.9609375,955.19479,,2025-09-21 18:00:00+00:00,2025-12-22 17:00:00+00:00
historical_mock_realized,2025-12-22,2025-12-22 18:00:00+00:00,DE,solar,xgboost_online,XGBoost with covariates,XGBoost_Weather_TSOCov,2208,2025-12-23 09:00:00+00:00,3653.845458984375,2325.645521,,2025-09-21 18:00:00+00:00,2025-12-22 17:00:00+00:00
historical_mock_realized,2025-12-22,2025-12-22 18:00:00+00:00,DE,solar,xgboost_online,XGBoost with covariates,XGBoost_Weather_TSOCov,2208,2025-12-23 10:00:00+00:00,5616.46484375,3532.0274609999997,,2025-09-21 18:00:00+00:00,2025-12-22 17:00:00+00:00
historical_mock_realized,2025-12-22,2025-12-22 18:00:00+00:00,DE,solar,xgboost_online,XGBoost with covariates,XGBoost_Weather_TSOCov,2208,2025-12-23 11:00:00+00:00,5915.7119140625,3843.798975,,2025-09-21 18:00:00+00:00,2025-12-22 17:00:00+00:00
historical_mock_realized,2025-12-22,2025-12-22 18:00:00+00:00,DE,solar,xgboost_online,XGBoost with covariates,XGBoost_Weather_TSOCov,2208,2025-12-23 12:00:00+00:00,5250.57958984375,3315.117302,,2025-09-21 18:00:00+00:00,2025-12-22 17:00:00+00:00
historical_mock_realized,2025-12-22,2025-12-22 18:00:00+00:00,DE,solar,xgboost_online,XGBoost with covariates,XGBoost_Weather_TSOCov,2208,2025-12-23 13:00:00+00:00,3222.99365234375,1923.676385,,2025-09-21 18:00:00+00:00,2025-12-22 17:00:00+00:00
historical_mock_realized,2025-12-22,2025-12-22 18:00:00+00:00,DE,solar,xgboost_online,XGBoost with covariates,XGBoost_Weather_TSOCov,2208,2025-12-23 14:00:00+00:00,1111.873779296875,467.853576,,2025-09-21 18:00:00+00:00,2025-12-22 17:00:00+00:00
historical_mock_realized,2025-12-22,2025-12-22 18:00:00+00:00,DE,solar,xgboost_online,XGBoost with covariates,XGBoost_Weather_TSOCov,2208,2025-12-23 15:00:00+00:00,146.76124572753906,41.307041,,2025-09-21 18:00:00+00:00,2025-12-22 17:00:00+00:00
historical_mock_realized,2025-12-22,2025-12-22 18:00:00+00:00,DE,solar,xgboost_online,XGBoost with covariates,XGBoost_Weather_TSOCov,2208,2025-12-23 16:00:00+00:00,125.63237762451172,26.698701999999997,,2025-09-21 18:00:00+00:00,2025-12-22 17:00:00+00:00
historical_mock_realized,2025-12-22,2025-12-22 18:00:00+00:00,DE,solar,xgboost_online,XGBoost with covariates,XGBoost_Weather_TSOCov,2208,2025-12-23 17:00:00+00:00,125.63237762451172,22.205849,,2025-09-21 18:00:00+00:00,2025-12-22 17:00:00+00:00
historical_mock_realized,2025-12-22,2025-12-22 17:00:00+00:00,BE,wind_onshore,tso_reference,TSO forecast,tso_forecast,2208,2025-12-22 18:00:00+00:00,425.2,464.739242,,2025-09-21 17:00:00+00:00,2025-12-22 16:00:00+00:00
historical_mock_realized,2025-12-22,2025-12-22 17:00:00+00:00,BE,wind_onshore,tso_reference,TSO forecast,tso_forecast,2208,2025-12-22 19:00:00+00:00,514.975,510.329313,,2025-09-21 17:00:00+00:00,2025-12-22 16:00:00+00:00
historical_mock_realized,2025-12-22,2025-12-22 17:00:00+00:00,BE,wind_onshore,tso_reference,TSO forecast,tso_forecast,2208,2025-12-22 20:00:00+00:00,565.075,542.492753,,2025-09-21 17:00:00+00:00,2025-12-22 16:00:00+00:00
historical_mock_realized,2025-12-22,2025-12-22 17:00:00+00:00,BE,wind_onshore,tso_reference,TSO forecast,tso_forecast,2208,2025-12-22 21:00:00+00:00,586.55,534.081439,,2025-09-21 17:00:00+00:00,2025-12-22 16:00:00+00:00
historical_mock_realized,2025-12-22,2025-12-22 17:00:00+00:00,BE,wind_onshore,tso_reference,TSO forecast,tso_forecast,2208,2025-12-22 22:00:00+00:00,594.2,575.975453,,2025-09-21 17:00:00+00:00,2025-12-22 16:00:00+00:00
historical_mock_realized,2025-12-22,2025-12-22 17:00:00+00:00,BE,wind_onshore,tso_reference,TSO forecast,tso_forecast,2208,2025-12-22 23:00:00+00:00,602.875,606.252199,,2025-09-21 17:00:00+00:00,2025-12-22 16:00:00+00:00
historical_mock_realized,2025-12-22,2025-12-22 17:00:00+00:00,BE,wind_onshore,tso_reference,TSO forecast,tso_forecast,2208,2025-12-23 00:00:00+00:00,669.85,598.66356,,2025-09-21 17:00:00+00:00,2025-12-22 16:00:00+00:00
historical_mock_realized,2025-12-22,2025-12-22 17:00:00+00:00,BE,wind_onshore,tso_reference,TSO forecast,tso_forecast,2208,2025-12-23 01:00:00+00:00,711.625,642.935862,,2025-09-21 17:00:00+00:00,2025-12-22 16:00:00+00:00
historical_mock_realized,2025-12-22,2025-12-22 17:00:00+00:00,BE,wind_onshore,tso_reference,TSO forecast,tso_forecast,2208,2025-12-23 02:00:00+00:00,724.4,684.131367,,2025-09-21 17:00:00+00:00,2025-12-22 16:00:00+00:00
historical_mock_realized,2025-12-22,2025-12-22 17:00:00+00:00,BE,wind_onshore,tso_reference,TSO forecast,tso_forecast,2208,2025-12-23 03:00:00+00:00,715.4,720.978981,,2025-09-21 17:00:00+00:00,2025-12-22 16:00:00+00:00
historical_mock_realized,2025-12-22,2025-12-22 17:00:00+00:00,BE,wind_onshore,tso_reference,TSO forecast,tso_forecast,2208,2025-12-23 04:00:00+00:00,720.2,679.188651,,2025-09-21 17:00:00+00:00,2025-12-22 16:00:00+00:00
historical_mock_realized,2025-12-22,2025-12-22 17:00:00+00:00,BE,wind_onshore,tso_reference,TSO forecast,tso_forecast,2208,2025-12-23 05:00:00+00:00,754.275,705.56543,,2025-09-21 17:00:00+00:00,2025-12-22 16:00:00+00:00
historical_mock_realized,2025-12-22,2025-12-22 17:00:00+00:00,BE,wind_onshore,tso_reference,TSO forecast,tso_forecast,2208,2025-12-23 06:00:00+00:00,833.4,772.764075,,2025-09-21 17:00:00+00:00,2025-12-22 16:00:00+00:00
historical_mock_realized,2025-12-22,2025-12-22 17:00:00+00:00,BE,wind_onshore,tso_reference,TSO forecast,tso_forecast,2208,2025-12-23 07:00:00+00:00,936.075,875.378467,,2025-09-21 17:00:00+00:00,2025-12-22 16:00:00+00:00
historical_mock_realized,2025-12-22,2025-12-22 17:00:00+00:00,BE,wind_onshore,tso_reference,TSO forecast,tso_forecast,2208,2025-12-23 08:00:00+00:00,1043.125,921.402559,,2025-09-21 17:00:00+00:00,2025-12-22 16:00:00+00:00
historical_mock_realized,2025-12-22,2025-12-22 17:00:00+00:00,BE,wind_onshore,tso_reference,TSO forecast,tso_forecast,2208,2025-12-23 09:00:00+00:00,1106.775,1055.812344,,2025-09-21 17:00:00+00:00,2025-12-22 16:00:00+00:00
historical_mock_realized,2025-12-22,2025-12-22 17:00:00+00:00,BE,wind_onshore,tso_reference,TSO forecast,tso_forecast,2208,2025-12-23 10:00:00+00:00,1036.475,1155.250175,,2025-09-21 17:00:00+00:00,2025-12-22 16:00:00+00:00
historical_mock_realized,2025-12-22,2025-12-22 17:00:00+00:00,BE,wind_onshore,tso_reference,TSO forecast,tso_forecast,2208,2025-12-23 11:00:00+00:00,1016.725,1137.02213,,2025-09-21 17:00:00+00:00,2025-12-22 16:00:00+00:00
historical_mock_realized,2025-12-22,2025-12-22 17:00:00+00:00,BE,wind_onshore,tso_reference,TSO forecast,tso_forecast,2208,2025-12-23 12:00:00+00:00,1224.6,1158.70839,,2025-09-21 17:00:00+00:00,2025-12-22 16:00:00+00:00
historical_mock_realized,2025-12-22,2025-12-22 17:00:00+00:00,BE,wind_onshore,tso_reference,TSO forecast,tso_forecast,2208,2025-12-23 13:00:00+00:00,1414.9,1287.463309,,2025-09-21 17:00:00+00:00,2025-12-22 16:00:00+00:00
historical_mock_realized,2025-12-22,2025-12-22 17:00:00+00:00,BE,wind_onshore,tso_reference,TSO forecast,tso_forecast,2208,2025-12-23 14:00:00+00:00,1406.95,1407.391984,,2025-09-21 17:00:00+00:00,2025-12-22 16:00:00+00:00
historical_mock_realized,2025-12-22,2025-12-22 17:00:00+00:00,BE,wind_onshore,tso_reference,TSO forecast,tso_forecast,2208,2025-12-23 15:00:00+00:00,1370.2,1429.25352,,2025-09-21 17:00:00+00:00,2025-12-22 16:00:00+00:00
historical_mock_realized,2025-12-22,2025-12-22 17:00:00+00:00,BE,wind_onshore,tso_reference,TSO forecast,tso_forecast,2208,2025-12-23 16:00:00+00:00,1440.275,1449.591079,,2025-09-21 17:00:00+00:00,2025-12-22 16:00:00+00:00
historical_mock_realized,2025-12-22,2025-12-22 17:00:00+00:00,BE,wind_onshore,tso_reference,TSO forecast,tso_forecast,2208,2025-12-23 17:00:00+00:00,1601.725,1454.80045,,2025-09-21 17:00:00+00:00,2025-12-22 16:00:00+00:00
historical_mock_realized,2025-12-22,2025-12-22 17:00:00+00:00,FR,wind_onshore,tso_reference,TSO forecast,tso_forecast,2208,2025-12-22 18:00:00+00:00,4584.49268,3655.4575,,2025-09-21 17:00:00+00:00,2025-12-22 16:00:00+00:00
historical_mock_realized,2025-12-22,2025-12-22 17:00:00+00:00,FR,wind_onshore,tso_reference,TSO forecast,tso_forecast,2208,2025-12-22 19:00:00+00:00,4627.9126,3919.0625,,2025-09-21 17:00:00+00:00,2025-12-22 16:00:00+00:00
historical_mock_realized,2025-12-22,2025-12-22 17:00:00+00:00,FR,wind_onshore,tso_reference,TSO forecast,tso_forecast,2208,2025-12-22 20:00:00+00:00,4416.30371,3579.6425,,2025-09-21 17:00:00+00:00,2025-12-22 16:00:00+00:00
historical_mock_realized,2025-12-22,2025-12-22 17:00:00+00:00,FR,wind_onshore,tso_reference,TSO forecast,tso_forecast,2208,2025-12-22 21:00:00+00:00,4189.96484,3625.54,,2025-09-21 17:00:00+00:00,2025-12-22 16:00:00+00:00
historical_mock_realized,2025-12-22,2025-12-22 17:00:00+00:00,FR,wind_onshore,tso_reference,TSO forecast,tso_forecast,2208,2025-12-22 22:00:00+00:00,3985.50244,3608.75,,2025-09-21 17:00:00+00:00,2025-12-22 16:00:00+00:00
historical_mock_realized,2025-12-22,2025-12-22 17:00:00+00:00,FR,wind_onshore,tso_reference,TSO forecast,tso_forecast,2208,2025-12-22 23:00:00+00:00,3724.8313,3376.6025,,2025-09-21 17:00:00+00:00,2025-12-22 16:00:00+00:00
historical_mock_realized,2025-12-22,2025-12-22 17:00:00+00:00,FR,wind_onshore,tso_reference,TSO forecast,tso_forecast,2208,2025-12-23 00:00:00+00:00,3489.68994,3249.915,,2025-09-21 17:00:00+00:00,2025-12-22 16:00:00+00:00
historical_mock_realized,2025-12-22,2025-12-22 17:00:00+00:00,FR,wind_onshore,tso_reference,TSO forecast,tso_forecast,2208,2025-12-23 01:00:00+00:00,3172.74634,2977.1,,2025-09-21 17:00:00+00:00,2025-12-22 16:00:00+00:00
historical_mock_realized,2025-12-22,2025-12-22 17:00:00+00:00,FR,wind_onshore,tso_reference,TSO forecast,tso_forecast,2208,2025-12-23 02:00:00+00:00,3024.23608,2893.1925,,2025-09-21 17:00:00+00:00,2025-12-22 16:00:00+00:00
historical_mock_realized,2025-12-22,2025-12-22 17:00:00+00:00,FR,wind_onshore,tso_reference,TSO forecast,tso_forecast,2208,2025-12-23 03:00:00+00:00,2992.65137,2952.89,,2025-09-21 17:00:00+00:00,2025-12-22 16:00:00+00:00
historical_mock_realized,2025-12-22,2025-12-22 17:00:00+00:00,FR,wind_onshore,tso_reference,TSO forecast,tso_forecast,2208,2025-12-23 04:00:00+00:00,3103.74634,2921.5625,,2025-09-21 17:00:00+00:00,2025-12-22 16:00:00+00:00
historical_mock_realized,2025-12-22,2025-12-22 17:00:00+00:00,FR,wind_onshore,tso_reference,TSO forecast,tso_forecast,2208,2025-12-23 05:00:00+00:00,3194.28882,3021.64,,2025-09-21 17:00:00+00:00,2025-12-22 16:00:00+00:00
historical_mock_realized,2025-12-22,2025-12-22 17:00:00+00:00,FR,wind_onshore,tso_reference,TSO forecast,tso_forecast,2208,2025-12-23 06:00:00+00:00,3243.90991,3096.8825,,2025-09-21 17:00:00+00:00,2025-12-22 16:00:00+00:00
historical_mock_realized,2025-12-22,2025-12-22 17:00:00+00:00,FR,wind_onshore,tso_reference,TSO forecast,tso_forecast,2208,2025-12-23 07:00:00+00:00,3210.30615,3256.2075,,2025-09-21 17:00:00+00:00,2025-12-22 16:00:00+00:00
historical_mock_realized,2025-12-22,2025-12-22 17:00:00+00:00,FR,wind_onshore,tso_reference,TSO forecast,tso_forecast,2208,2025-12-23 08:00:00+00:00,3163.65381,3535.0175,,2025-09-21 17:00:00+00:00,2025-12-22 16:00:00+00:00
historical_mock_realized,2025-12-22,2025-12-22 17:00:00+00:00,FR,wind_onshore,tso_reference,TSO forecast,tso_forecast,2208,2025-12-23 09:00:00+00:00,3199.46875,3956.065,,2025-09-21 17:00:00+00:00,2025-12-22 16:00:00+00:00
historical_mock_realized,2025-12-22,2025-12-22 17:00:00+00:00,FR,wind_onshore,tso_reference,TSO forecast,tso_forecast,2208,2025-12-23 10:00:00+00:00,3232.94238,4076.4025,,2025-09-21 17:00:00+00:00,2025-12-22 16:00:00+00:00
historical_mock_realized,2025-12-22,2025-12-22 17:00:00+00:00,FR,wind_onshore,tso_reference,TSO forecast,tso_forecast,2208,2025-12-23 11:00:00+00:00,3264.50879,4060.6575,,2025-09-21 17:00:00+00:00,2025-12-22 16:00:00+00:00
historical_mock_realized,2025-12-22,2025-12-22 17:00:00+00:00,FR,wind_onshore,tso_reference,TSO forecast,tso_forecast,2208,2025-12-23 12:00:00+00:00,3326.68872,4149.1175,,2025-09-21 17:00:00+00:00,2025-12-22 16:00:00+00:00
historical_mock_realized,2025-12-22,2025-12-22 17:00:00+00:00,FR,wind_onshore,tso_reference,TSO forecast,tso_forecast,2208,2025-12-23 13:00:00+00:00,3347.2251,4350.5525,,2025-09-21 17:00:00+00:00,2025-12-22 16:00:00+00:00
historical_mock_realized,2025-12-22,2025-12-22 17:00:00+00:00,FR,wind_onshore,tso_reference,TSO forecast,tso_forecast,2208,2025-12-23 14:00:00+00:00,3658.02734,4868.5824999999995,,2025-09-21 17:00:00+00:00,2025-12-22 16:00:00+00:00
historical_mock_realized,2025-12-22,2025-12-22 17:00:00+00:00,FR,wind_onshore,tso_reference,TSO forecast,tso_forecast,2208,2025-12-23 15:00:00+00:00,4341.7749,5601.13,,2025-09-21 17:00:00+00:00,2025-12-22 16:00:00+00:00
historical_mock_realized,2025-12-22,2025-12-22 17:00:00+00:00,FR,wind_onshore,tso_reference,TSO forecast,tso_forecast,2208,2025-12-23 16:00:00+00:00,5279.44385,6290.655000000001,,2025-09-21 17:00:00+00:00,2025-12-22 16:00:00+00:00
historical_mock_realized,2025-12-22,2025-12-22 17:00:00+00:00,FR,wind_onshore,tso_reference,TSO forecast,tso_forecast,2208,2025-12-23 17:00:00+00:00,6647.01221,7018.215,,2025-09-21 17:00:00+00:00,2025-12-22 16:00:00+00:00
historical_mock_realized,2025-12-22,2025-12-22 17:00:00+00:00,DE,wind_onshore,tso_reference,TSO forecast,tso_forecast,2208,2025-12-22 18:00:00+00:00,20533.27049,21076.219141,,2025-09-21 17:00:00+00:00,2025-12-22 16:00:00+00:00
historical_mock_realized,2025-12-22,2025-12-22 17:00:00+00:00,DE,wind_onshore,tso_reference,TSO forecast,tso_forecast,2208,2025-12-22 19:00:00+00:00,20329.01414,20704.20661,,2025-09-21 17:00:00+00:00,2025-12-22 16:00:00+00:00
historical_mock_realized,2025-12-22,2025-12-22 17:00:00+00:00,DE,wind_onshore,tso_reference,TSO forecast,tso_forecast,2208,2025-12-22 20:00:00+00:00,20109.7522375,20286.254593,,2025-09-21 17:00:00+00:00,2025-12-22 16:00:00+00:00
historical_mock_realized,2025-12-22,2025-12-22 17:00:00+00:00,DE,wind_onshore,tso_reference,TSO forecast,tso_forecast,2208,2025-12-22 21:00:00+00:00,19727.208165,20398.619384,,2025-09-21 17:00:00+00:00,2025-12-22 16:00:00+00:00
historical_mock_realized,2025-12-22,2025-12-22 17:00:00+00:00,DE,wind_onshore,tso_reference,TSO forecast,tso_forecast,2208,2025-12-22 22:00:00+00:00,19214.6003,19903.791679,,2025-09-21 17:00:00+00:00,2025-12-22 16:00:00+00:00
historical_mock_realized,2025-12-22,2025-12-22 17:00:00+00:00,DE,wind_onshore,tso_reference,TSO forecast,tso_forecast,2208,2025-12-22 23:00:00+00:00,19462.12118,20463.615552,,2025-09-21 17:00:00+00:00,2025-12-22 16:00:00+00:00
historical_mock_realized,2025-12-22,2025-12-22 17:00:00+00:00,DE,wind_onshore,tso_reference,TSO forecast,tso_forecast,2208,2025-12-23 00:00:00+00:00,20278.6525325,21356.174615,,2025-09-21 17:00:00+00:00,2025-12-22 16:00:00+00:00
historical_mock_realized,2025-12-22,2025-12-22 17:00:00+00:00,DE,wind_onshore,tso_reference,TSO forecast,tso_forecast,2208,2025-12-23 01:00:00+00:00,21156.32836,22998.677966,,2025-09-21 17:00:00+00:00,2025-12-22 16:00:00+00:00
historical_mock_realized,2025-12-22,2025-12-22 17:00:00+00:00,DE,wind_onshore,tso_reference,TSO forecast,tso_forecast,2208,2025-12-23 02:00:00+00:00,22141.6692875,23904.430221,,2025-09-21 17:00:00+00:00,2025-12-22 16:00:00+00:00
historical_mock_realized,2025-12-22,2025-12-22 17:00:00+00:00,DE,wind_onshore,tso_reference,TSO forecast,tso_forecast,2208,2025-12-23 03:00:00+00:00,22825.727185,24410.232239,,2025-09-21 17:00:00+00:00,2025-12-22 16:00:00+00:00
historical_mock_realized,2025-12-22,2025-12-22 17:00:00+00:00,DE,wind_onshore,tso_reference,TSO forecast,tso_forecast,2208,2025-12-23 04:00:00+00:00,23358.8399,25400.75381,,2025-09-21 17:00:00+00:00,2025-12-22 16:00:00+00:00
historical_mock_realized,2025-12-22,2025-12-22 17:00:00+00:00,DE,wind_onshore,tso_reference,TSO forecast,tso_forecast,2208,2025-12-23 05:00:00+00:00,24086.8014875,25960.723579,,2025-09-21 17:00:00+00:00,2025-12-22 16:00:00+00:00
historical_mock_realized,2025-12-22,2025-12-22 17:00:00+00:00,DE,wind_onshore,tso_reference,TSO forecast,tso_forecast,2208,2025-12-23 06:00:00+00:00,25267.05796,27801.491516,,2025-09-21 17:00:00+00:00,2025-12-22 16:00:00+00:00
historical_mock_realized,2025-12-22,2025-12-22 17:00:00+00:00,DE,wind_onshore,tso_reference,TSO forecast,tso_forecast,2208,2025-12-23 07:00:00+00:00,25650.9853825,28511.115406,,2025-09-21 17:00:00+00:00,2025-12-22 16:00:00+00:00
historical_mock_realized,2025-12-22,2025-12-22 17:00:00+00:00,DE,wind_onshore,tso_reference,TSO forecast,tso_forecast,2208,2025-12-23 08:00:00+00:00,26236.2789375,29046.74426,,2025-09-21 17:00:00+00:00,2025-12-22 16:00:00+00:00
historical_mock_realized,2025-12-22,2025-12-22 17:00:00+00:00,DE,wind_onshore,tso_reference,TSO forecast,tso_forecast,2208,2025-12-23 09:00:00+00:00,26644.1058875,28175.939928,,2025-09-21 17:00:00+00:00,2025-12-22 16:00:00+00:00
historical_mock_realized,2025-12-22,2025-12-22 17:00:00+00:00,DE,wind_onshore,tso_reference,TSO forecast,tso_forecast,2208,2025-12-23 10:00:00+00:00,26403.0988225,27569.021309,,2025-09-21 17:00:00+00:00,2025-12-22 16:00:00+00:00
historical_mock_realized,2025-12-22,2025-12-22 17:00:00+00:00,DE,wind_onshore,tso_reference,TSO forecast,tso_forecast,2208,2025-12-23 11:00:00+00:00,26191.9393425,27245.439231,,2025-09-21 17:00:00+00:00,2025-12-22 16:00:00+00:00
historical_mock_realized,2025-12-22,2025-12-22 17:00:00+00:00,DE,wind_onshore,tso_reference,TSO forecast,tso_forecast,2208,2025-12-23 12:00:00+00:00,25890.66282,27649.948486,,2025-09-21 17:00:00+00:00,2025-12-22 16:00:00+00:00
historical_mock_realized,2025-12-22,2025-12-22 17:00:00+00:00,DE,wind_onshore,tso_reference,TSO forecast,tso_forecast,2208,2025-12-23 13:00:00+00:00,25996.4720025,28080.101571,,2025-09-21 17:00:00+00:00,2025-12-22 16:00:00+00:00
historical_mock_realized,2025-12-22,2025-12-22 17:00:00+00:00,DE,wind_onshore,tso_reference,TSO forecast,tso_forecast,2208,2025-12-23 14:00:00+00:00,26530.306640000003,28513.748455,,2025-09-21 17:00:00+00:00,2025-12-22 16:00:00+00:00
historical_mock_realized,2025-12-22,2025-12-22 17:00:00+00:00,DE,wind_onshore,tso_reference,TSO forecast,tso_forecast,2208,2025-12-23 15:00:00+00:00,27353.68148,29662.535063,,2025-09-21 17:00:00+00:00,2025-12-22 16:00:00+00:00
historical_mock_realized,2025-12-22,2025-12-22 17:00:00+00:00,DE,wind_onshore,tso_reference,TSO forecast,tso_forecast,2208,2025-12-23 16:00:00+00:00,28611.2706075,30789.319781,,2025-09-21 17:00:00+00:00,2025-12-22 16:00:00+00:00
historical_mock_realized,2025-12-22,2025-12-22 17:00:00+00:00,DE,wind_onshore,tso_reference,TSO forecast,tso_forecast,2208,2025-12-23 17:00:00+00:00,29879.5134975,31702.113921,,2025-09-21 17:00:00+00:00,2025-12-22 16:00:00+00:00
historical_mock_realized,2025-12-22,2025-12-22 17:00:00+00:00,BE,wind_onshore,persistence,Persistence,daily_persistence,2208,2025-12-22 18:00:00+00:00,1448.404388,464.739242,,2025-09-21 17:00:00+00:00,2025-12-22 16:00:00+00:00
historical_mock_realized,2025-12-22,2025-12-22 17:00:00+00:00,BE,wind_onshore,persistence,Persistence,daily_persistence,2208,2025-12-22 19:00:00+00:00,1406.449536,510.329313,,2025-09-21 17:00:00+00:00,2025-12-22 16:00:00+00:00
historical_mock_realized,2025-12-22,2025-12-22 17:00:00+00:00,BE,wind_onshore,persistence,Persistence,daily_persistence,2208,2025-12-22 20:00:00+00:00,1257.722328,542.492753,,2025-09-21 17:00:00+00:00,2025-12-22 16:00:00+00:00
historical_mock_realized,2025-12-22,2025-12-22 17:00:00+00:00,BE,wind_onshore,persistence,Persistence,daily_persistence,2208,2025-12-22 21:00:00+00:00,1082.846927,534.081439,,2025-09-21 17:00:00+00:00,2025-12-22 16:00:00+00:00
historical_mock_realized,2025-12-22,2025-12-22 17:00:00+00:00,BE,wind_onshore,persistence,Persistence,daily_persistence,2208,2025-12-22 22:00:00+00:00,958.88148,575.975453,,2025-09-21 17:00:00+00:00,2025-12-22 16:00:00+00:00
historical_mock_realized,2025-12-22,2025-12-22 17:00:00+00:00,BE,wind_onshore,persistence,Persistence,daily_persistence,2208,2025-12-22 23:00:00+00:00,828.31238,606.252199,,2025-09-21 17:00:00+00:00,2025-12-22 16:00:00+00:00
historical_mock_realized,2025-12-22,2025-12-22 17:00:00+00:00,BE,wind_onshore,persistence,Persistence,daily_persistence,2208,2025-12-23 00:00:00+00:00,678.886636,598.66356,,2025-09-21 17:00:00+00:00,2025-12-22 16:00:00+00:00
historical_mock_realized,2025-12-22,2025-12-22 17:00:00+00:00,BE,wind_onshore,persistence,Persistence,daily_persistence,2208,2025-12-23 01:00:00+00:00,620.882395,642.935862,,2025-09-21 17:00:00+00:00,2025-12-22 16:00:00+00:00
historical_mock_realized,2025-12-22,2025-12-22 17:00:00+00:00,BE,wind_onshore,persistence,Persistence,daily_persistence,2208,2025-12-23 02:00:00+00:00,667.524668,684.131367,,2025-09-21 17:00:00+00:00,2025-12-22 16:00:00+00:00
historical_mock_realized,2025-12-22,2025-12-22 17:00:00+00:00,BE,wind_onshore,persistence,Persistence,daily_persistence,2208,2025-12-23 03:00:00+00:00,668.428351,720.978981,,2025-09-21 17:00:00+00:00,2025-12-22 16:00:00+00:00
historical_mock_realized,2025-12-22,2025-12-22 17:00:00+00:00,BE,wind_onshore,persistence,Persistence,daily_persistence,2208,2025-12-23 04:00:00+00:00,600.70529,679.188651,,2025-09-21 17:00:00+00:00,2025-12-22 16:00:00+00:00
historical_mock_realized,2025-12-22,2025-12-22 17:00:00+00:00,BE,wind_onshore,persistence,Persistence,daily_persistence,2208,2025-12-23 05:00:00+00:00,620.176874,705.56543,,2025-09-21 17:00:00+00:00,2025-12-22 16:00:00+00:00
historical_mock_realized,2025-12-22,2025-12-22 17:00:00+00:00,BE,wind_onshore,persistence,Persistence,daily_persistence,2208,2025-12-23 06:00:00+00:00,561.393887,772.764075,,2025-09-21 17:00:00+00:00,2025-12-22 16:00:00+00:00
historical_mock_realized,2025-12-22,2025-12-22 17:00:00+00:00,BE,wind_onshore,persistence,Persistence,daily_persistence,2208,2025-12-23 07:00:00+00:00,544.247012,875.378467,,2025-09-21 17:00:00+00:00,2025-12-22 16:00:00+00:00
historical_mock_realized,2025-12-22,2025-12-22 17:00:00+00:00,BE,wind_onshore,persistence,Persistence,daily_persistence,2208,2025-12-23 08:00:00+00:00,463.131347,921.402559,,2025-09-21 17:00:00+00:00,2025-12-22 16:00:00+00:00
historical_mock_realized,2025-12-22,2025-12-22 17:00:00+00:00,BE,wind_onshore,persistence,Persistence,daily_persistence,2208,2025-12-23 09:00:00+00:00,397.936591,1055.812344,,2025-09-21 17:00:00+00:00,2025-12-22 16:00:00+00:00
historical_mock_realized,2025-12-22,2025-12-22 17:00:00+00:00,BE,wind_onshore,persistence,Persistence,daily_persistence,2208,2025-12-23 10:00:00+00:00,258.894466,1155.250175,,2025-09-21 17:00:00+00:00,2025-12-22 16:00:00+00:00
historical_mock_realized,2025-12-22,2025-12-22 17:00:00+00:00,BE,wind_onshore,persistence,Persistence,daily_persistence,2208,2025-12-23 11:00:00+00:00,136.312106,1137.02213,,2025-09-21 17:00:00+00:00,2025-12-22 16:00:00+00:00
historical_mock_realized,2025-12-22,2025-12-22 17:00:00+00:00,BE,wind_onshore,persistence,Persistence,daily_persistence,2208,2025-12-23 12:00:00+00:00,78.015774,1158.70839,,2025-09-21 17:00:00+00:00,2025-12-22 16:00:00+00:00
historical_mock_realized,2025-12-22,2025-12-22 17:00:00+00:00,BE,wind_onshore,persistence,Persistence,daily_persistence,2208,2025-12-23 13:00:00+00:00,61.356288,1287.463309,,2025-09-21 17:00:00+00:00,2025-12-22 16:00:00+00:00
historical_mock_realized,2025-12-22,2025-12-22 17:00:00+00:00,BE,wind_onshore,persistence,Persistence,daily_persistence,2208,2025-12-23 14:00:00+00:00,67.404148,1407.391984,,2025-09-21 17:00:00+00:00,2025-12-22 16:00:00+00:00
historical_mock_realized,2025-12-22,2025-12-22 17:00:00+00:00,BE,wind_onshore,persistence,Persistence,daily_persistence,2208,2025-12-23 15:00:00+00:00,106.620621,1429.25352,,2025-09-21 17:00:00+00:00,2025-12-22 16:00:00+00:00
historical_mock_realized,2025-12-22,2025-12-22 17:00:00+00:00,BE,wind_onshore,persistence,Persistence,daily_persistence,2208,2025-12-23 16:00:00+00:00,245.034037,1449.591079,,2025-09-21 17:00:00+00:00,2025-12-22 16:00:00+00:00
historical_mock_realized,2025-12-22,2025-12-22 17:00:00+00:00,BE,wind_onshore,persistence,Persistence,daily_persistence,2208,2025-12-23 17:00:00+00:00,414.181228,1454.80045,,2025-09-21 17:00:00+00:00,2025-12-22 16:00:00+00:00
historical_mock_realized,2025-12-22,2025-12-22 17:00:00+00:00,FR,wind_onshore,persistence,Persistence,daily_persistence,2208,2025-12-22 18:00:00+00:00,8026.575,3655.4575,,2025-09-21 17:00:00+00:00,2025-12-22 16:00:00+00:00
historical_mock_realized,2025-12-22,2025-12-22 17:00:00+00:00,FR,wind_onshore,persistence,Persistence,daily_persistence,2208,2025-12-22 19:00:00+00:00,7701.8,3919.0625,,2025-09-21 17:00:00+00:00,2025-12-22 16:00:00+00:00
historical_mock_realized,2025-12-22,2025-12-22 17:00:00+00:00,FR,wind_onshore,persistence,Persistence,daily_persistence,2208,2025-12-22 20:00:00+00:00,7329.22,3579.6425,,2025-09-21 17:00:00+00:00,2025-12-22 16:00:00+00:00
historical_mock_realized,2025-12-22,2025-12-22 17:00:00+00:00,FR,wind_onshore,persistence,Persistence,daily_persistence,2208,2025-12-22 21:00:00+00:00,7136.1825,3625.54,,2025-09-21 17:00:00+00:00,2025-12-22 16:00:00+00:00
historical_mock_realized,2025-12-22,2025-12-22 17:00:00+00:00,FR,wind_onshore,persistence,Persistence,daily_persistence,2208,2025-12-22 22:00:00+00:00,6775.8825,3608.75,,2025-09-21 17:00:00+00:00,2025-12-22 16:00:00+00:00
historical_mock_realized,2025-12-22,2025-12-22 17:00:00+00:00,FR,wind_onshore,persistence,Persistence,daily_persistence,2208,2025-12-22 23:00:00+00:00,6737.59,3376.6025,,2025-09-21 17:00:00+00:00,2025-12-22 16:00:00+00:00
historical_mock_realized,2025-12-22,2025-12-22 17:00:00+00:00,FR,wind_onshore,persistence,Persistence,daily_persistence,2208,2025-12-23 00:00:00+00:00,6959.0075,3249.915,,2025-09-21 17:00:00+00:00,2025-12-22 16:00:00+00:00
historical_mock_realized,2025-12-22,2025-12-22 17:00:00+00:00,FR,wind_onshore,persistence,Persistence,daily_persistence,2208,2025-12-23 01:00:00+00:00,6882.865,2977.1,,2025-09-21 17:00:00+00:00,2025-12-22 16:00:00+00:00
historical_mock_realized,2025-12-22,2025-12-22 17:00:00+00:00,FR,wind_onshore,persistence,Persistence,daily_persistence,2208,2025-12-23 02:00:00+00:00,6744.955,2893.1925,,2025-09-21 17:00:00+00:00,2025-12-22 16:00:00+00:00
historical_mock_realized,2025-12-22,2025-12-22 17:00:00+00:00,FR,wind_onshore,persistence,Persistence,daily_persistence,2208,2025-12-23 03:00:00+00:00,6490.4925,2952.89,,2025-09-21 17:00:00+00:00,2025-12-22 16:00:00+00:00
historical_mock_realized,2025-12-22,2025-12-22 17:00:00+00:00,FR,wind_onshore,persistence,Persistence,daily_persistence,2208,2025-12-23 04:00:00+00:00,6064.969999999999,2921.5625,,2025-09-21 17:00:00+00:00,2025-12-22 16:00:00+00:00
historical_mock_realized,2025-12-22,2025-12-22 17:00:00+00:00,FR,wind_onshore,persistence,Persistence,daily_persistence,2208,2025-12-23 05:00:00+00:00,6032.6,3021.64,,2025-09-21 17:00:00+00:00,2025-12-22 16:00:00+00:00
historical_mock_realized,2025-12-22,2025-12-22 17:00:00+00:00,FR,wind_onshore,persistence,Persistence,daily_persistence,2208,2025-12-23 06:00:00+00:00,5907.09,3096.8825,,2025-09-21 17:00:00+00:00,2025-12-22 16:00:00+00:00
historical_mock_realized,2025-12-22,2025-12-22 17:00:00+00:00,FR,wind_onshore,persistence,Persistence,daily_persistence,2208,2025-12-23 07:00:00+00:00,5689.945,3256.2075,,2025-09-21 17:00:00+00:00,2025-12-22 16:00:00+00:00
historical_mock_realized,2025-12-22,2025-12-22 17:00:00+00:00,FR,wind_onshore,persistence,Persistence,daily_persistence,2208,2025-12-23 08:00:00+00:00,5632.46,3535.0175,,2025-09-21 17:00:00+00:00,2025-12-22 16:00:00+00:00
historical_mock_realized,2025-12-22,2025-12-22 17:00:00+00:00,FR,wind_onshore,persistence,Persistence,daily_persistence,2208,2025-12-23 09:00:00+00:00,5156.4625,3956.065,,2025-09-21 17:00:00+00:00,2025-12-22 16:00:00+00:00
historical_mock_realized,2025-12-22,2025-12-22 17:00:00+00:00,FR,wind_onshore,persistence,Persistence,daily_persistence,2208,2025-12-23 10:00:00+00:00,4504.82,4076.4025,,2025-09-21 17:00:00+00:00,2025-12-22 16:00:00+00:00
historical_mock_realized,2025-12-22,2025-12-22 17:00:00+00:00,FR,wind_onshore,persistence,Persistence,daily_persistence,2208,2025-12-23 11:00:00+00:00,3656.1775,4060.6575,,2025-09-21 17:00:00+00:00,2025-12-22 16:00:00+00:00
historical_mock_realized,2025-12-22,2025-12-22 17:00:00+00:00,FR,wind_onshore,persistence,Persistence,daily_persistence,2208,2025-12-23 12:00:00+00:00,3067.5299999999997,4149.1175,,2025-09-21 17:00:00+00:00,2025-12-22 16:00:00+00:00
historical_mock_realized,2025-12-22,2025-12-22 17:00:00+00:00,FR,wind_onshore,persistence,Persistence,daily_persistence,2208,2025-12-23 13:00:00+00:00,2886.8575,4350.5525,,2025-09-21 17:00:00+00:00,2025-12-22 16:00:00+00:00
historical_mock_realized,2025-12-22,2025-12-22 17:00:00+00:00,FR,wind_onshore,persistence,Persistence,daily_persistence,2208,2025-12-23 14:00:00+00:00,3169.8500000000004,4868.5824999999995,,2025-09-21 17:00:00+00:00,2025-12-22 16:00:00+00:00
historical_mock_realized,2025-12-22,2025-12-22 17:00:00+00:00,FR,wind_onshore,persistence,Persistence,daily_persistence,2208,2025-12-23 15:00:00+00:00,3358.9825,5601.13,,2025-09-21 17:00:00+00:00,2025-12-22 16:00:00+00:00
historical_mock_realized,2025-12-22,2025-12-22 17:00:00+00:00,FR,wind_onshore,persistence,Persistence,daily_persistence,2208,2025-12-23 16:00:00+00:00,3340.555,6290.655000000001,,2025-09-21 17:00:00+00:00,2025-12-22 16:00:00+00:00
historical_mock_realized,2025-12-22,2025-12-22 17:00:00+00:00,FR,wind_onshore,persistence,Persistence,daily_persistence,2208,2025-12-23 17:00:00+00:00,3269.3225,7018.215,,2025-09-21 17:00:00+00:00,2025-12-22 16:00:00+00:00
historical_mock_realized,2025-12-22,2025-12-22 17:00:00+00:00,DE,wind_onshore,persistence,Persistence,daily_persistence,2208,2025-12-22 18:00:00+00:00,23405.540359,21076.219141,,2025-09-21 17:00:00+00:00,2025-12-22 16:00:00+00:00
historical_mock_realized,2025-12-22,2025-12-22 17:00:00+00:00,DE,wind_onshore,persistence,Persistence,daily_persistence,2208,2025-12-22 19:00:00+00:00,24976.385564,20704.20661,,2025-09-21 17:00:00+00:00,2025-12-22 16:00:00+00:00
historical_mock_realized,2025-12-22,2025-12-22 17:00:00+00:00,DE,wind_onshore,persistence,Persistence,daily_persistence,2208,2025-12-22 20:00:00+00:00,26164.413235,20286.254593,,2025-09-21 17:00:00+00:00,2025-12-22 16:00:00+00:00
historical_mock_realized,2025-12-22,2025-12-22 17:00:00+00:00,DE,wind_onshore,persistence,Persistence,daily_persistence,2208,2025-12-22 21:00:00+00:00,26533.667923,20398.619384,,2025-09-21 17:00:00+00:00,2025-12-22 16:00:00+00:00
historical_mock_realized,2025-12-22,2025-12-22 17:00:00+00:00,DE,wind_onshore,persistence,Persistence,daily_persistence,2208,2025-12-22 22:00:00+00:00,25424.428458,19903.791679,,2025-09-21 17:00:00+00:00,2025-12-22 16:00:00+00:00
historical_mock_realized,2025-12-22,2025-12-22 17:00:00+00:00,DE,wind_onshore,persistence,Persistence,daily_persistence,2208,2025-12-22 23:00:00+00:00,25042.700904,20463.615552,,2025-09-21 17:00:00+00:00,2025-12-22 16:00:00+00:00
historical_mock_realized,2025-12-22,2025-12-22 17:00:00+00:00,DE,wind_onshore,persistence,Persistence,daily_persistence,2208,2025-12-23 00:00:00+00:00,24381.649571,21356.174615,,2025-09-21 17:00:00+00:00,2025-12-22 16:00:00+00:00
historical_mock_realized,2025-12-22,2025-12-22 17:00:00+00:00,DE,wind_onshore,persistence,Persistence,daily_persistence,2208,2025-12-23 01:00:00+00:00,23798.782249,22998.677966,,2025-09-21 17:00:00+00:00,2025-12-22 16:00:00+00:00
historical_mock_realized,2025-12-22,2025-12-22 17:00:00+00:00,DE,wind_onshore,persistence,Persistence,daily_persistence,2208,2025-12-23 02:00:00+00:00,23329.000657,23904.430221,,2025-09-21 17:00:00+00:00,2025-12-22 16:00:00+00:00
historical_mock_realized,2025-12-22,2025-12-22 17:00:00+00:00,DE,wind_onshore,persistence,Persistence,daily_persistence,2208,2025-12-23 03:00:00+00:00,23358.975654,24410.232239,,2025-09-21 17:00:00+00:00,2025-12-22 16:00:00+00:00
historical_mock_realized,2025-12-22,2025-12-22 17:00:00+00:00,DE,wind_onshore,persistence,Persistence,daily_persistence,2208,2025-12-23 04:00:00+00:00,23395.195393,25400.75381,,2025-09-21 17:00:00+00:00,2025-12-22 16:00:00+00:00
historical_mock_realized,2025-12-22,2025-12-22 17:00:00+00:00,DE,wind_onshore,persistence,Persistence,daily_persistence,2208,2025-12-23 05:00:00+00:00,23120.447392,25960.723579,,2025-09-21 17:00:00+00:00,2025-12-22 16:00:00+00:00
historical_mock_realized,2025-12-22,2025-12-22 17:00:00+00:00,DE,wind_onshore,persistence,Persistence,daily_persistence,2208,2025-12-23 06:00:00+00:00,22992.14865,27801.491516,,2025-09-21 17:00:00+00:00,2025-12-22 16:00:00+00:00
historical_mock_realized,2025-12-22,2025-12-22 17:00:00+00:00,DE,wind_onshore,persistence,Persistence,daily_persistence,2208,2025-12-23 07:00:00+00:00,22635.163036,28511.115406,,2025-09-21 17:00:00+00:00,2025-12-22 16:00:00+00:00
historical_mock_realized,2025-12-22,2025-12-22 17:00:00+00:00,DE,wind_onshore,persistence,Persistence,daily_persistence,2208,2025-12-23 08:00:00+00:00,22617.375909,29046.74426,,2025-09-21 17:00:00+00:00,2025-12-22 16:00:00+00:00
historical_mock_realized,2025-12-22,2025-12-22 17:00:00+00:00,DE,wind_onshore,persistence,Persistence,daily_persistence,2208,2025-12-23 09:00:00+00:00,21608.297282,28175.939928,,2025-09-21 17:00:00+00:00,2025-12-22 16:00:00+00:00
historical_mock_realized,2025-12-22,2025-12-22 17:00:00+00:00,DE,wind_onshore,persistence,Persistence,daily_persistence,2208,2025-12-23 10:00:00+00:00,20347.768402,27569.021309,,2025-09-21 17:00:00+00:00,2025-12-22 16:00:00+00:00
historical_mock_realized,2025-12-22,2025-12-22 17:00:00+00:00,DE,wind_onshore,persistence,Persistence,daily_persistence,2208,2025-12-23 11:00:00+00:00,19458.824485,27245.439231,,2025-09-21 17:00:00+00:00,2025-12-22 16:00:00+00:00
historical_mock_realized,2025-12-22,2025-12-22 17:00:00+00:00,DE,wind_onshore,persistence,Persistence,daily_persistence,2208,2025-12-23 12:00:00+00:00,18677.166108,27649.948486,,2025-09-21 17:00:00+00:00,2025-12-22 16:00:00+00:00
historical_mock_realized,2025-12-22,2025-12-22 17:00:00+00:00,DE,wind_onshore,persistence,Persistence,daily_persistence,2208,2025-12-23 13:00:00+00:00,18612.918554,28080.101571,,2025-09-21 17:00:00+00:00,2025-12-22 16:00:00+00:00
historical_mock_realized,2025-12-22,2025-12-22 17:00:00+00:00,DE,wind_onshore,persistence,Persistence,daily_persistence,2208,2025-12-23 14:00:00+00:00,19126.335237,28513.748455,,2025-09-21 17:00:00+00:00,2025-12-22 16:00:00+00:00
historical_mock_realized,2025-12-22,2025-12-22 17:00:00+00:00,DE,wind_onshore,persistence,Persistence,daily_persistence,2208,2025-12-23 15:00:00+00:00,19820.59725,29662.535063,,2025-09-21 17:00:00+00:00,2025-12-22 16:00:00+00:00
historical_mock_realized,2025-12-22,2025-12-22 17:00:00+00:00,DE,wind_onshore,persistence,Persistence,daily_persistence,2208,2025-12-23 16:00:00+00:00,20448.899755,30789.319781,,2025-09-21 17:00:00+00:00,2025-12-22 16:00:00+00:00
historical_mock_realized,2025-12-22,2025-12-22 17:00:00+00:00,DE,wind_onshore,persistence,Persistence,daily_persistence,2208,2025-12-23 17:00:00+00:00,20999.837478,31702.113921,,2025-09-21 17:00:00+00:00,2025-12-22 16:00:00+00:00
historical_mock_realized,2025-12-22,2025-12-22 17:00:00+00:00,BE,wind_onshore,xgboost_online,XGBoost with covariates,weather_4p+tso_forecast,2208,2025-12-22 18:00:00+00:00,414.3287048339844,464.739242,,2025-09-21 17:00:00+00:00,2025-12-22 16:00:00+00:00
historical_mock_realized,2025-12-22,2025-12-22 17:00:00+00:00,BE,wind_onshore,xgboost_online,XGBoost with covariates,weather_4p+tso_forecast,2208,2025-12-22 19:00:00+00:00,443.7646179199219,510.329313,,2025-09-21 17:00:00+00:00,2025-12-22 16:00:00+00:00
historical_mock_realized,2025-12-22,2025-12-22 17:00:00+00:00,BE,wind_onshore,xgboost_online,XGBoost with covariates,weather_4p+tso_forecast,2208,2025-12-22 20:00:00+00:00,440.6639099121094,542.492753,,2025-09-21 17:00:00+00:00,2025-12-22 16:00:00+00:00
historical_mock_realized,2025-12-22,2025-12-22 17:00:00+00:00,BE,wind_onshore,xgboost_online,XGBoost with covariates,weather_4p+tso_forecast,2208,2025-12-22 21:00:00+00:00,432.1869812011719,534.081439,,2025-09-21 17:00:00+00:00,2025-12-22 16:00:00+00:00
historical_mock_realized,2025-12-22,2025-12-22 17:00:00+00:00,BE,wind_onshore,xgboost_online,XGBoost with covariates,weather_4p+tso_forecast,2208,2025-12-22 22:00:00+00:00,427.307861328125,575.975453,,2025-09-21 17:00:00+00:00,2025-12-22 16:00:00+00:00
historical_mock_realized,2025-12-22,2025-12-22 17:00:00+00:00,BE,wind_onshore,xgboost_online,XGBoost with covariates,weather_4p+tso_forecast,2208,2025-12-22 23:00:00+00:00,427.8377685546875,606.252199,,2025-09-21 17:00:00+00:00,2025-12-22 16:00:00+00:00
historical_mock_realized,2025-12-22,2025-12-22 17:00:00+00:00,BE,wind_onshore,xgboost_online,XGBoost with covariates,weather_4p+tso_forecast,2208,2025-12-23 00:00:00+00:00,450.5243225097656,598.66356,,2025-09-21 17:00:00+00:00,2025-12-22 16:00:00+00:00
historical_mock_realized,2025-12-22,2025-12-22 17:00:00+00:00,BE,wind_onshore,xgboost_online,XGBoost with covariates,weather_4p+tso_forecast,2208,2025-12-23 01:00:00+00:00,469.6179809570313,642.935862,,2025-09-21 17:00:00+00:00,2025-12-22 16:00:00+00:00
historical_mock_realized,2025-12-22,2025-12-22 17:00:00+00:00,BE,wind_onshore,xgboost_online,XGBoost with covariates,weather_4p+tso_forecast,2208,2025-12-23 02:00:00+00:00,469.7101440429687,684.131367,,2025-09-21 17:00:00+00:00,2025-12-22 16:00:00+00:00
historical_mock_realized,2025-12-22,2025-12-22 17:00:00+00:00,BE,wind_onshore,xgboost_online,XGBoost with covariates,weather_4p+tso_forecast,2208,2025-12-23 03:00:00+00:00,487.62347412109375,720.978981,,2025-09-21 17:00:00+00:00,2025-12-22 16:00:00+00:00
historical_mock_realized,2025-12-22,2025-12-22 17:00:00+00:00,BE,wind_onshore,xgboost_online,XGBoost with covariates,weather_4p+tso_forecast,2208,2025-12-23 04:00:00+00:00,553.0051879882812,679.188651,,2025-09-21 17:00:00+00:00,2025-12-22 16:00:00+00:00
historical_mock_realized,2025-12-22,2025-12-22 17:00:00+00:00,BE,wind_onshore,xgboost_online,XGBoost with covariates,weather_4p+tso_forecast,2208,2025-12-23 05:00:00+00:00,609.8226318359375,705.56543,,2025-09-21 17:00:00+00:00,2025-12-22 16:00:00+00:00
historical_mock_realized,2025-12-22,2025-12-22 17:00:00+00:00,BE,wind_onshore,xgboost_online,XGBoost with covariates,weather_4p+tso_forecast,2208,2025-12-23 06:00:00+00:00,680.0829467773438,772.764075,,2025-09-21 17:00:00+00:00,2025-12-22 16:00:00+00:00
historical_mock_realized,2025-12-22,2025-12-22 17:00:00+00:00,BE,wind_onshore,xgboost_online,XGBoost with covariates,weather_4p+tso_forecast,2208,2025-12-23 07:00:00+00:00,750.3989868164062,875.378467,,2025-09-21 17:00:00+00:00,2025-12-22 16:00:00+00:00
historical_mock_realized,2025-12-22,2025-12-22 17:00:00+00:00,BE,wind_onshore,xgboost_online,XGBoost with covariates,weather_4p+tso_forecast,2208,2025-12-23 08:00:00+00:00,807.7390747070312,921.402559,,2025-09-21 17:00:00+00:00,2025-12-22 16:00:00+00:00
historical_mock_realized,2025-12-22,2025-12-22 17:00:00+00:00,BE,wind_onshore,xgboost_online,XGBoost with covariates,weather_4p+tso_forecast,2208,2025-12-23 09:00:00+00:00,870.8088989257812,1055.812344,,2025-09-21 17:00:00+00:00,2025-12-22 16:00:00+00:00
historical_mock_realized,2025-12-22,2025-12-22 17:00:00+00:00,BE,wind_onshore,xgboost_online,XGBoost with covariates,weather_4p+tso_forecast,2208,2025-12-23 10:00:00+00:00,942.617431640625,1155.250175,,2025-09-21 17:00:00+00:00,2025-12-22 16:00:00+00:00
historical_mock_realized,2025-12-22,2025-12-22 17:00:00+00:00,BE,wind_onshore,xgboost_online,XGBoost with covariates,weather_4p+tso_forecast,2208,2025-12-23 11:00:00+00:00,966.3421020507812,1137.02213,,2025-09-21 17:00:00+00:00,2025-12-22 16:00:00+00:00
historical_mock_realized,2025-12-22,2025-12-22 17:00:00+00:00,BE,wind_onshore,xgboost_online,XGBoost with covariates,weather_4p+tso_forecast,2208,2025-12-23 12:00:00+00:00,1034.4678955078125,1158.70839,,2025-09-21 17:00:00+00:00,2025-12-22 16:00:00+00:00
historical_mock_realized,2025-12-22,2025-12-22 17:00:00+00:00,BE,wind_onshore,xgboost_online,XGBoost with covariates,weather_4p+tso_forecast,2208,2025-12-23 13:00:00+00:00,1113.0328369140625,1287.463309,,2025-09-21 17:00:00+00:00,2025-12-22 16:00:00+00:00
historical_mock_realized,2025-12-22,2025-12-22 17:00:00+00:00,BE,wind_onshore,xgboost_online,XGBoost with covariates,weather_4p+tso_forecast,2208,2025-12-23 14:00:00+00:00,1145.91162109375,1407.391984,,2025-09-21 17:00:00+00:00,2025-12-22 16:00:00+00:00
historical_mock_realized,2025-12-22,2025-12-22 17:00:00+00:00,BE,wind_onshore,xgboost_online,XGBoost with covariates,weather_4p+tso_forecast,2208,2025-12-23 15:00:00+00:00,1172.744140625,1429.25352,,2025-09-21 17:00:00+00:00,2025-12-22 16:00:00+00:00
historical_mock_realized,2025-12-22,2025-12-22 17:00:00+00:00,BE,wind_onshore,xgboost_online,XGBoost with covariates,weather_4p+tso_forecast,2208,2025-12-23 16:00:00+00:00,1220.7374267578125,1449.591079,,2025-09-21 17:00:00+00:00,2025-12-22 16:00:00+00:00
historical_mock_realized,2025-12-22,2025-12-22 17:00:00+00:00,BE,wind_onshore,xgboost_online,XGBoost with covariates,weather_4p+tso_forecast,2208,2025-12-23 17:00:00+00:00,1335.905029296875,1454.80045,,2025-09-21 17:00:00+00:00,2025-12-22 16:00:00+00:00
historical_mock_realized,2025-12-22,2025-12-22 17:00:00+00:00,FR,wind_onshore,xgboost_online,XGBoost with covariates,weather_4p+tso_forecast,2208,2025-12-22 18:00:00+00:00,3497.706298828125,3655.4575,,2025-09-21 17:00:00+00:00,2025-12-22 16:00:00+00:00
historical_mock_realized,2025-12-22,2025-12-22 17:00:00+00:00,FR,wind_onshore,xgboost_online,XGBoost with covariates,weather_4p+tso_forecast,2208,2025-12-22 19:00:00+00:00,3762.476806640625,3919.0625,,2025-09-21 17:00:00+00:00,2025-12-22 16:00:00+00:00
historical_mock_realized,2025-12-22,2025-12-22 17:00:00+00:00,FR,wind_onshore,xgboost_online,XGBoost with covariates,weather_4p+tso_forecast,2208,2025-12-22 20:00:00+00:00,3809.546875,3579.6425,,2025-09-21 17:00:00+00:00,2025-12-22 16:00:00+00:00
historical_mock_realized,2025-12-22,2025-12-22 17:00:00+00:00,FR,wind_onshore,xgboost_online,XGBoost with covariates,weather_4p+tso_forecast,2208,2025-12-22 21:00:00+00:00,3855.70458984375,3625.54,,2025-09-21 17:00:00+00:00,2025-12-22 16:00:00+00:00
historical_mock_realized,2025-12-22,2025-12-22 17:00:00+00:00,FR,wind_onshore,xgboost_online,XGBoost with covariates,weather_4p+tso_forecast,2208,2025-12-22 22:00:00+00:00,3751.6591796875,3608.75,,2025-09-21 17:00:00+00:00,2025-12-22 16:00:00+00:00
historical_mock_realized,2025-12-22,2025-12-22 17:00:00+00:00,FR,wind_onshore,xgboost_online,XGBoost with covariates,weather_4p+tso_forecast,2208,2025-12-22 23:00:00+00:00,3675.367431640625,3376.6025,,2025-09-21 17:00:00+00:00,2025-12-22 16:00:00+00:00
historical_mock_realized,2025-12-22,2025-12-22 17:00:00+00:00,FR,wind_onshore,xgboost_online,XGBoost with covariates,weather_4p+tso_forecast,2208,2025-12-23 00:00:00+00:00,3552.53173828125,3249.915,,2025-09-21 17:00:00+00:00,2025-12-22 16:00:00+00:00
historical_mock_realized,2025-12-22,2025-12-22 17:00:00+00:00,FR,wind_onshore,xgboost_online,XGBoost with covariates,weather_4p+tso_forecast,2208,2025-12-23 01:00:00+00:00,3484.02099609375,2977.1,,2025-09-21 17:00:00+00:00,2025-12-22 16:00:00+00:00
historical_mock_realized,2025-12-22,2025-12-22 17:00:00+00:00,FR,wind_onshore,xgboost_online,XGBoost with covariates,weather_4p+tso_forecast,2208,2025-12-23 02:00:00+00:00,3476.640625,2893.1925,,2025-09-21 17:00:00+00:00,2025-12-22 16:00:00+00:00
historical_mock_realized,2025-12-22,2025-12-22 17:00:00+00:00,FR,wind_onshore,xgboost_online,XGBoost with covariates,weather_4p+tso_forecast,2208,2025-12-23 03:00:00+00:00,3476.640625,2952.89,,2025-09-21 17:00:00+00:00,2025-12-22 16:00:00+00:00
historical_mock_realized,2025-12-22,2025-12-22 17:00:00+00:00,FR,wind_onshore,xgboost_online,XGBoost with covariates,weather_4p+tso_forecast,2208,2025-12-23 04:00:00+00:00,3503.776123046875,2921.5625,,2025-09-21 17:00:00+00:00,2025-12-22 16:00:00+00:00
historical_mock_realized,2025-12-22,2025-12-22 17:00:00+00:00,FR,wind_onshore,xgboost_online,XGBoost with covariates,weather_4p+tso_forecast,2208,2025-12-23 05:00:00+00:00,3543.009765625,3021.64,,2025-09-21 17:00:00+00:00,2025-12-22 16:00:00+00:00
historical_mock_realized,2025-12-22,2025-12-22 17:00:00+00:00,FR,wind_onshore,xgboost_online,XGBoost with covariates,weather_4p+tso_forecast,2208,2025-12-23 06:00:00+00:00,3548.4208984375,3096.8825,,2025-09-21 17:00:00+00:00,2025-12-22 16:00:00+00:00
historical_mock_realized,2025-12-22,2025-12-22 17:00:00+00:00,FR,wind_onshore,xgboost_online,XGBoost with covariates,weather_4p+tso_forecast,2208,2025-12-23 07:00:00+00:00,3543.009765625,3256.2075,,2025-09-21 17:00:00+00:00,2025-12-22 16:00:00+00:00
historical_mock_realized,2025-12-22,2025-12-22 17:00:00+00:00,FR,wind_onshore,xgboost_online,XGBoost with covariates,weather_4p+tso_forecast,2208,2025-12-23 08:00:00+00:00,3503.776123046875,3535.0175,,2025-09-21 17:00:00+00:00,2025-12-22 16:00:00+00:00
historical_mock_realized,2025-12-22,2025-12-22 17:00:00+00:00,FR,wind_onshore,xgboost_online,XGBoost with covariates,weather_4p+tso_forecast,2208,2025-12-23 09:00:00+00:00,3488.66552734375,3956.065,,2025-09-21 17:00:00+00:00,2025-12-22 16:00:00+00:00
historical_mock_realized,2025-12-22,2025-12-22 17:00:00+00:00,FR,wind_onshore,xgboost_online,XGBoost with covariates,weather_4p+tso_forecast,2208,2025-12-23 10:00:00+00:00,3494.07666015625,4076.4025,,2025-09-21 17:00:00+00:00,2025-12-22 16:00:00+00:00
historical_mock_realized,2025-12-22,2025-12-22 17:00:00+00:00,FR,wind_onshore,xgboost_online,XGBoost with covariates,weather_4p+tso_forecast,2208,2025-12-23 11:00:00+00:00,3494.07666015625,4060.6575,,2025-09-21 17:00:00+00:00,2025-12-22 16:00:00+00:00
historical_mock_realized,2025-12-22,2025-12-22 17:00:00+00:00,FR,wind_onshore,xgboost_online,XGBoost with covariates,weather_4p+tso_forecast,2208,2025-12-23 12:00:00+00:00,3500.018798828125,4149.1175,,2025-09-21 17:00:00+00:00,2025-12-22 16:00:00+00:00
historical_mock_realized,2025-12-22,2025-12-22 17:00:00+00:00,FR,wind_onshore,xgboost_online,XGBoost with covariates,weather_4p+tso_forecast,2208,2025-12-23 13:00:00+00:00,3503.84814453125,4350.5525,,2025-09-21 17:00:00+00:00,2025-12-22 16:00:00+00:00
historical_mock_realized,2025-12-22,2025-12-22 17:00:00+00:00,FR,wind_onshore,xgboost_online,XGBoost with covariates,weather_4p+tso_forecast,2208,2025-12-23 14:00:00+00:00,3503.84814453125,4868.5824999999995,,2025-09-21 17:00:00+00:00,2025-12-22 16:00:00+00:00
historical_mock_realized,2025-12-22,2025-12-22 17:00:00+00:00,FR,wind_onshore,xgboost_online,XGBoost with covariates,weather_4p+tso_forecast,2208,2025-12-23 15:00:00+00:00,3698.0205078125,5601.13,,2025-09-21 17:00:00+00:00,2025-12-22 16:00:00+00:00
historical_mock_realized,2025-12-22,2025-12-22 17:00:00+00:00,FR,wind_onshore,xgboost_online,XGBoost with covariates,weather_4p+tso_forecast,2208,2025-12-23 16:00:00+00:00,3909.053466796875,6290.655000000001,,2025-09-21 17:00:00+00:00,2025-12-22 16:00:00+00:00
historical_mock_realized,2025-12-22,2025-12-22 17:00:00+00:00,FR,wind_onshore,xgboost_online,XGBoost with covariates,weather_4p+tso_forecast,2208,2025-12-23 17:00:00+00:00,4418.66650390625,7018.215,,2025-09-21 17:00:00+00:00,2025-12-22 16:00:00+00:00
historical_mock_realized,2025-12-22,2025-12-22 17:00:00+00:00,DE,wind_onshore,xgboost_online,XGBoost with covariates,weather_4p+tso_forecast,2208,2025-12-22 18:00:00+00:00,20995.3984375,21076.219141,,2025-09-21 17:00:00+00:00,2025-12-22 16:00:00+00:00
historical_mock_realized,2025-12-22,2025-12-22 17:00:00+00:00,DE,wind_onshore,xgboost_online,XGBoost with covariates,weather_4p+tso_forecast,2208,2025-12-22 19:00:00+00:00,20696.375,20704.20661,,2025-09-21 17:00:00+00:00,2025-12-22 16:00:00+00:00
historical_mock_realized,2025-12-22,2025-12-22 17:00:00+00:00,DE,wind_onshore,xgboost_online,XGBoost with covariates,weather_4p+tso_forecast,2208,2025-12-22 20:00:00+00:00,20595.673828125,20286.254593,,2025-09-21 17:00:00+00:00,2025-12-22 16:00:00+00:00
historical_mock_realized,2025-12-22,2025-12-22 17:00:00+00:00,DE,wind_onshore,xgboost_online,XGBoost with covariates,weather_4p+tso_forecast,2208,2025-12-22 21:00:00+00:00,20342.232421875,20398.619384,,2025-09-21 17:00:00+00:00,2025-12-22 16:00:00+00:00
historical_mock_realized,2025-12-22,2025-12-22 17:00:00+00:00,DE,wind_onshore,xgboost_online,XGBoost with covariates,weather_4p+tso_forecast,2208,2025-12-22 22:00:00+00:00,19897.67578125,19903.791679,,2025-09-21 17:00:00+00:00,2025-12-22 16:00:00+00:00
historical_mock_realized,2025-12-22,2025-12-22 17:00:00+00:00,DE,wind_onshore,xgboost_online,XGBoost with covariates,weather_4p+tso_forecast,2208,2025-12-22 23:00:00+00:00,19573.0078125,20463.615552,,2025-09-21 17:00:00+00:00,2025-12-22 16:00:00+00:00
historical_mock_realized,2025-12-22,2025-12-22 17:00:00+00:00,DE,wind_onshore,xgboost_online,XGBoost with covariates,weather_4p+tso_forecast,2208,2025-12-23 00:00:00+00:00,19658.82421875,21356.174615,,2025-09-21 17:00:00+00:00,2025-12-22 16:00:00+00:00
historical_mock_realized,2025-12-22,2025-12-22 17:00:00+00:00,DE,wind_onshore,xgboost_online,XGBoost with covariates,weather_4p+tso_forecast,2208,2025-12-23 01:00:00+00:00,19917.255859375,22998.677966,,2025-09-21 17:00:00+00:00,2025-12-22 16:00:00+00:00
historical_mock_realized,2025-12-22,2025-12-22 17:00:00+00:00,DE,wind_onshore,xgboost_online,XGBoost with covariates,weather_4p+tso_forecast,2208,2025-12-23 02:00:00+00:00,20620.771484375,23904.430221,,2025-09-21 17:00:00+00:00,2025-12-22 16:00:00+00:00
historical_mock_realized,2025-12-22,2025-12-22 17:00:00+00:00,DE,wind_onshore,xgboost_online,XGBoost with covariates,weather_4p+tso_forecast,2208,2025-12-23 03:00:00+00:00,21106.734375,24410.232239,,2025-09-21 17:00:00+00:00,2025-12-22 16:00:00+00:00
historical_mock_realized,2025-12-22,2025-12-22 17:00:00+00:00,DE,wind_onshore,xgboost_online,XGBoost with covariates,weather_4p+tso_forecast,2208,2025-12-23 04:00:00+00:00,21417.25,25400.75381,,2025-09-21 17:00:00+00:00,2025-12-22 16:00:00+00:00
historical_mock_realized,2025-12-22,2025-12-22 17:00:00+00:00,DE,wind_onshore,xgboost_online,XGBoost with covariates,weather_4p+tso_forecast,2208,2025-12-23 05:00:00+00:00,22154.595703125,25960.723579,,2025-09-21 17:00:00+00:00,2025-12-22 16:00:00+00:00
historical_mock_realized,2025-12-22,2025-12-22 17:00:00+00:00,DE,wind_onshore,xgboost_online,XGBoost with covariates,weather_4p+tso_forecast,2208,2025-12-23 06:00:00+00:00,23563.671875,27801.491516,,2025-09-21 17:00:00+00:00,2025-12-22 16:00:00+00:00
historical_mock_realized,2025-12-22,2025-12-22 17:00:00+00:00,DE,wind_onshore,xgboost_online,XGBoost with covariates,weather_4p+tso_forecast,2208,2025-12-23 07:00:00+00:00,24139.03125,28511.115406,,2025-09-21 17:00:00+00:00,2025-12-22 16:00:00+00:00
historical_mock_realized,2025-12-22,2025-12-22 17:00:00+00:00,DE,wind_onshore,xgboost_online,XGBoost with covariates,weather_4p+tso_forecast,2208,2025-12-23 08:00:00+00:00,24845.69140625,29046.74426,,2025-09-21 17:00:00+00:00,2025-12-22 16:00:00+00:00
historical_mock_realized,2025-12-22,2025-12-22 17:00:00+00:00,DE,wind_onshore,xgboost_online,XGBoost with covariates,weather_4p+tso_forecast,2208,2025-12-23 09:00:00+00:00,25688.392578125,28175.939928,,2025-09-21 17:00:00+00:00,2025-12-22 16:00:00+00:00
historical_mock_realized,2025-12-22,2025-12-22 17:00:00+00:00,DE,wind_onshore,xgboost_online,XGBoost with covariates,weather_4p+tso_forecast,2208,2025-12-23 10:00:00+00:00,25263.275390625,27569.021309,,2025-09-21 17:00:00+00:00,2025-12-22 16:00:00+00:00
historical_mock_realized,2025-12-22,2025-12-22 17:00:00+00:00,DE,wind_onshore,xgboost_online,XGBoost with covariates,weather_4p+tso_forecast,2208,2025-12-23 11:00:00+00:00,24867.888671875,27245.439231,,2025-09-21 17:00:00+00:00,2025-12-22 16:00:00+00:00
historical_mock_realized,2025-12-22,2025-12-22 17:00:00+00:00,DE,wind_onshore,xgboost_online,XGBoost with covariates,weather_4p+tso_forecast,2208,2025-12-23 12:00:00+00:00,24858.548828125,27649.948486,,2025-09-21 17:00:00+00:00,2025-12-22 16:00:00+00:00
historical_mock_realized,2025-12-22,2025-12-22 17:00:00+00:00,DE,wind_onshore,xgboost_online,XGBoost with covariates,weather_4p+tso_forecast,2208,2025-12-23 13:00:00+00:00,24858.548828125,28080.101571,,2025-09-21 17:00:00+00:00,2025-12-22 16:00:00+00:00
historical_mock_realized,2025-12-22,2025-12-22 17:00:00+00:00,DE,wind_onshore,xgboost_online,XGBoost with covariates,weather_4p+tso_forecast,2208,2025-12-23 14:00:00+00:00,25297.337890625,28513.748455,,2025-09-21 17:00:00+00:00,2025-12-22 16:00:00+00:00
historical_mock_realized,2025-12-22,2025-12-22 17:00:00+00:00,DE,wind_onshore,xgboost_online,XGBoost with covariates,weather_4p+tso_forecast,2208,2025-12-23 15:00:00+00:00,26634.4296875,29662.535063,,2025-09-21 17:00:00+00:00,2025-12-22 16:00:00+00:00
historical_mock_realized,2025-12-22,2025-12-22 17:00:00+00:00,DE,wind_onshore,xgboost_online,XGBoost with covariates,weather_4p+tso_forecast,2208,2025-12-23 16:00:00+00:00,28432.513671875,30789.319781,,2025-09-21 17:00:00+00:00,2025-12-22 16:00:00+00:00
historical_mock_realized,2025-12-22,2025-12-22 17:00:00+00:00,DE,wind_onshore,xgboost_online,XGBoost with covariates,weather_4p+tso_forecast,2208,2025-12-23 17:00:00+00:00,29379.96875,31702.113921,,2025-09-21 17:00:00+00:00,2025-12-22 16:00:00+00:00
historical_mock_realized,2025-12-22,2025-12-22 17:00:00+00:00,BE,wind_offshore,tso_reference,TSO forecast,tso_forecast,2208,2025-12-22 18:00:00+00:00,375.45,581.07,,2025-09-21 17:00:00+00:00,2025-12-22 16:00:00+00:00
historical_mock_realized,2025-12-22,2025-12-22 17:00:00+00:00,BE,wind_offshore,tso_reference,TSO forecast,tso_forecast,2208,2025-12-22 19:00:00+00:00,440.5,592.5275,,2025-09-21 17:00:00+00:00,2025-12-22 16:00:00+00:00
historical_mock_realized,2025-12-22,2025-12-22 17:00:00+00:00,BE,wind_offshore,tso_reference,TSO forecast,tso_forecast,2208,2025-12-22 20:00:00+00:00,413.175,652.1,,2025-09-21 17:00:00+00:00,2025-12-22 16:00:00+00:00
historical_mock_realized,2025-12-22,2025-12-22 17:00:00+00:00,BE,wind_offshore,tso_reference,TSO forecast,tso_forecast,2208,2025-12-22 21:00:00+00:00,420.35,877.395,,2025-09-21 17:00:00+00:00,2025-12-22 16:00:00+00:00
historical_mock_realized,2025-12-22,2025-12-22 17:00:00+00:00,BE,wind_offshore,tso_reference,TSO forecast,tso_forecast,2208,2025-12-22 22:00:00+00:00,460.35,987.9175,,2025-09-21 17:00:00+00:00,2025-12-22 16:00:00+00:00
historical_mock_realized,2025-12-22,2025-12-22 17:00:00+00:00,BE,wind_offshore,tso_reference,TSO forecast,tso_forecast,2208,2025-12-22 23:00:00+00:00,460.95,1037.6625,,2025-09-21 17:00:00+00:00,2025-12-22 16:00:00+00:00
historical_mock_realized,2025-12-22,2025-12-22 17:00:00+00:00,BE,wind_offshore,tso_reference,TSO forecast,tso_forecast,2208,2025-12-23 00:00:00+00:00,710.475,1064.29,,2025-09-21 17:00:00+00:00,2025-12-22 16:00:00+00:00
historical_mock_realized,2025-12-22,2025-12-22 17:00:00+00:00,BE,wind_offshore,tso_reference,TSO forecast,tso_forecast,2208,2025-12-23 01:00:00+00:00,678.225,822.9125,,2025-09-21 17:00:00+00:00,2025-12-22 16:00:00+00:00
historical_mock_realized,2025-12-22,2025-12-22 17:00:00+00:00,BE,wind_offshore,tso_reference,TSO forecast,tso_forecast,2208,2025-12-23 02:00:00+00:00,646.625,1144.0525,,2025-09-21 17:00:00+00:00,2025-12-22 16:00:00+00:00
historical_mock_realized,2025-12-22,2025-12-22 17:00:00+00:00,BE,wind_offshore,tso_reference,TSO forecast,tso_forecast,2208,2025-12-23 03:00:00+00:00,646.825,1295.805,,2025-09-21 17:00:00+00:00,2025-12-22 16:00:00+00:00
historical_mock_realized,2025-12-22,2025-12-22 17:00:00+00:00,BE,wind_offshore,tso_reference,TSO forecast,tso_forecast,2208,2025-12-23 04:00:00+00:00,686.75,1273.925,,2025-09-21 17:00:00+00:00,2025-12-22 16:00:00+00:00
historical_mock_realized,2025-12-22,2025-12-22 17:00:00+00:00,BE,wind_offshore,tso_reference,TSO forecast,tso_forecast,2208,2025-12-23 05:00:00+00:00,742.4,1109.395,,2025-09-21 17:00:00+00:00,2025-12-22 16:00:00+00:00
historical_mock_realized,2025-12-22,2025-12-22 17:00:00+00:00,BE,wind_offshore,tso_reference,TSO forecast,tso_forecast,2208,2025-12-23 06:00:00+00:00,848.425,1218.3225,,2025-09-21 17:00:00+00:00,2025-12-22 16:00:00+00:00
historical_mock_realized,2025-12-22,2025-12-22 17:00:00+00:00,BE,wind_offshore,tso_reference,TSO forecast,tso_forecast,2208,2025-12-23 07:00:00+00:00,1042.975,1239.565,,2025-09-21 17:00:00+00:00,2025-12-22 16:00:00+00:00
historical_mock_realized,2025-12-22,2025-12-22 17:00:00+00:00,BE,wind_offshore,tso_reference,TSO forecast,tso_forecast,2208,2025-12-23 08:00:00+00:00,1303.95,1391.39,,2025-09-21 17:00:00+00:00,2025-12-22 16:00:00+00:00
historical_mock_realized,2025-12-22,2025-12-22 17:00:00+00:00,BE,wind_offshore,tso_reference,TSO forecast,tso_forecast,2208,2025-12-23 09:00:00+00:00,1553.3,1459.055,,2025-09-21 17:00:00+00:00,2025-12-22 16:00:00+00:00
historical_mock_realized,2025-12-22,2025-12-22 17:00:00+00:00,BE,wind_offshore,tso_reference,TSO forecast,tso_forecast,2208,2025-12-23 10:00:00+00:00,1730.075,1489.42,,2025-09-21 17:00:00+00:00,2025-12-22 16:00:00+00:00
historical_mock_realized,2025-12-22,2025-12-22 17:00:00+00:00,BE,wind_offshore,tso_reference,TSO forecast,tso_forecast,2208,2025-12-23 11:00:00+00:00,1798.75,1541.9275,,2025-09-21 17:00:00+00:00,2025-12-22 16:00:00+00:00
historical_mock_realized,2025-12-22,2025-12-22 17:00:00+00:00,BE,wind_offshore,tso_reference,TSO forecast,tso_forecast,2208,2025-12-23 12:00:00+00:00,1784.325,1594.6675,,2025-09-21 17:00:00+00:00,2025-12-22 16:00:00+00:00
historical_mock_realized,2025-12-22,2025-12-22 17:00:00+00:00,BE,wind_offshore,tso_reference,TSO forecast,tso_forecast,2208,2025-12-23 13:00:00+00:00,1760.825,1585.9725,,2025-09-21 17:00:00+00:00,2025-12-22 16:00:00+00:00
historical_mock_realized,2025-12-22,2025-12-22 17:00:00+00:00,BE,wind_offshore,tso_reference,TSO forecast,tso_forecast,2208,2025-12-23 14:00:00+00:00,1763.575,1607.42,,2025-09-21 17:00:00+00:00,2025-12-22 16:00:00+00:00
historical_mock_realized,2025-12-22,2025-12-22 17:00:00+00:00,BE,wind_offshore,tso_reference,TSO forecast,tso_forecast,2208,2025-12-23 15:00:00+00:00,1804.55,1712.8575,,2025-09-21 17:00:00+00:00,2025-12-22 16:00:00+00:00
historical_mock_realized,2025-12-22,2025-12-22 17:00:00+00:00,BE,wind_offshore,tso_reference,TSO forecast,tso_forecast,2208,2025-12-23 16:00:00+00:00,1871.2,2006.51,,2025-09-21 17:00:00+00:00,2025-12-22 16:00:00+00:00
historical_mock_realized,2025-12-22,2025-12-22 17:00:00+00:00,BE,wind_offshore,tso_reference,TSO forecast,tso_forecast,2208,2025-12-23 17:00:00+00:00,1965.275,2108.905,,2025-09-21 17:00:00+00:00,2025-12-22 16:00:00+00:00
historical_mock_realized,2025-12-22,2025-12-22 17:00:00+00:00,FR,wind_offshore,tso_reference,TSO forecast,tso_forecast,2208,2025-12-22 18:00:00+00:00,329.5,1220.78,,2025-09-21 17:00:00+00:00,2025-12-22 16:00:00+00:00
historical_mock_realized,2025-12-22,2025-12-22 17:00:00+00:00,FR,wind_offshore,tso_reference,TSO forecast,tso_forecast,2208,2025-12-22 19:00:00+00:00,331.0,1251.1775,,2025-09-21 17:00:00+00:00,2025-12-22 16:00:00+00:00
historical_mock_realized,2025-12-22,2025-12-22 17:00:00+00:00,FR,wind_offshore,tso_reference,TSO forecast,tso_forecast,2208,2025-12-22 20:00:00+00:00,323.0,1151.87,,2025-09-21 17:00:00+00:00,2025-12-22 16:00:00+00:00
historical_mock_realized,2025-12-22,2025-12-22 17:00:00+00:00,FR,wind_offshore,tso_reference,TSO forecast,tso_forecast,2208,2025-12-22 21:00:00+00:00,303.5,1110.02,,2025-09-21 17:00:00+00:00,2025-12-22 16:00:00+00:00
historical_mock_realized,2025-12-22,2025-12-22 17:00:00+00:00,FR,wind_offshore,tso_reference,TSO forecast,tso_forecast,2208,2025-12-22 22:00:00+00:00,285.5,1061.195,,2025-09-21 17:00:00+00:00,2025-12-22 16:00:00+00:00
historical_mock_realized,2025-12-22,2025-12-22 17:00:00+00:00,FR,wind_offshore,tso_reference,TSO forecast,tso_forecast,2208,2025-12-22 23:00:00+00:00,271.5,1039.7625,,2025-09-21 17:00:00+00:00,2025-12-22 16:00:00+00:00
historical_mock_realized,2025-12-22,2025-12-22 17:00:00+00:00,FR,wind_offshore,tso_reference,TSO forecast,tso_forecast,2208,2025-12-23 00:00:00+00:00,657.5,903.97,,2025-09-21 17:00:00+00:00,2025-12-22 16:00:00+00:00
historical_mock_realized,2025-12-22,2025-12-22 17:00:00+00:00,FR,wind_offshore,tso_reference,TSO forecast,tso_forecast,2208,2025-12-23 01:00:00+00:00,622.25,850.525,,2025-09-21 17:00:00+00:00,2025-12-22 16:00:00+00:00
historical_mock_realized,2025-12-22,2025-12-22 17:00:00+00:00,FR,wind_offshore,tso_reference,TSO forecast,tso_forecast,2208,2025-12-23 02:00:00+00:00,569.5,731.135,,2025-09-21 17:00:00+00:00,2025-12-22 16:00:00+00:00
historical_mock_realized,2025-12-22,2025-12-22 17:00:00+00:00,FR,wind_offshore,tso_reference,TSO forecast,tso_forecast,2208,2025-12-23 03:00:00+00:00,490.75,547.1949999999999,,2025-09-21 17:00:00+00:00,2025-12-22 16:00:00+00:00
historical_mock_realized,2025-12-22,2025-12-22 17:00:00+00:00,FR,wind_offshore,tso_reference,TSO forecast,tso_forecast,2208,2025-12-23 04:00:00+00:00,427.5,412.3425,,2025-09-21 17:00:00+00:00,2025-12-22 16:00:00+00:00
historical_mock_realized,2025-12-22,2025-12-22 17:00:00+00:00,FR,wind_offshore,tso_reference,TSO forecast,tso_forecast,2208,2025-12-23 05:00:00+00:00,383.0,354.86,,2025-09-21 17:00:00+00:00,2025-12-22 16:00:00+00:00
historical_mock_realized,2025-12-22,2025-12-22 17:00:00+00:00,FR,wind_offshore,tso_reference,TSO forecast,tso_forecast,2208,2025-12-23 06:00:00+00:00,367.5,468.0175,,2025-09-21 17:00:00+00:00,2025-12-22 16:00:00+00:00
historical_mock_realized,2025-12-22,2025-12-22 17:00:00+00:00,FR,wind_offshore,tso_reference,TSO forecast,tso_forecast,2208,2025-12-23 07:00:00+00:00,374.25,481.92,,2025-09-21 17:00:00+00:00,2025-12-22 16:00:00+00:00
historical_mock_realized,2025-12-22,2025-12-22 17:00:00+00:00,FR,wind_offshore,tso_reference,TSO forecast,tso_forecast,2208,2025-12-23 08:00:00+00:00,390.75,546.4775,,2025-09-21 17:00:00+00:00,2025-12-22 16:00:00+00:00
historical_mock_realized,2025-12-22,2025-12-22 17:00:00+00:00,FR,wind_offshore,tso_reference,TSO forecast,tso_forecast,2208,2025-12-23 09:00:00+00:00,407.5,519.2625,,2025-09-21 17:00:00+00:00,2025-12-22 16:00:00+00:00
historical_mock_realized,2025-12-22,2025-12-22 17:00:00+00:00,FR,wind_offshore,tso_reference,TSO forecast,tso_forecast,2208,2025-12-23 10:00:00+00:00,410.5,474.565,,2025-09-21 17:00:00+00:00,2025-12-22 16:00:00+00:00
historical_mock_realized,2025-12-22,2025-12-22 17:00:00+00:00,FR,wind_offshore,tso_reference,TSO forecast,tso_forecast,2208,2025-12-23 11:00:00+00:00,398.25,472.1975,,2025-09-21 17:00:00+00:00,2025-12-22 16:00:00+00:00
historical_mock_realized,2025-12-22,2025-12-22 17:00:00+00:00,FR,wind_offshore,tso_reference,TSO forecast,tso_forecast,2208,2025-12-23 12:00:00+00:00,403.5,454.23,,2025-09-21 17:00:00+00:00,2025-12-22 16:00:00+00:00
historical_mock_realized,2025-12-22,2025-12-22 17:00:00+00:00,FR,wind_offshore,tso_reference,TSO forecast,tso_forecast,2208,2025-12-23 13:00:00+00:00,450.0,466.385,,2025-09-21 17:00:00+00:00,2025-12-22 16:00:00+00:00
historical_mock_realized,2025-12-22,2025-12-22 17:00:00+00:00,FR,wind_offshore,tso_reference,TSO forecast,tso_forecast,2208,2025-12-23 14:00:00+00:00,509.75,764.4225,,2025-09-21 17:00:00+00:00,2025-12-22 16:00:00+00:00
historical_mock_realized,2025-12-22,2025-12-22 17:00:00+00:00,FR,wind_offshore,tso_reference,TSO forecast,tso_forecast,2208,2025-12-23 15:00:00+00:00,634.25,916.025,,2025-09-21 17:00:00+00:00,2025-12-22 16:00:00+00:00
historical_mock_realized,2025-12-22,2025-12-22 17:00:00+00:00,FR,wind_offshore,tso_reference,TSO forecast,tso_forecast,2208,2025-12-23 16:00:00+00:00,764.75,987.45,,2025-09-21 17:00:00+00:00,2025-12-22 16:00:00+00:00
historical_mock_realized,2025-12-22,2025-12-22 17:00:00+00:00,FR,wind_offshore,tso_reference,TSO forecast,tso_forecast,2208,2025-12-23 17:00:00+00:00,900.5,934.875,,2025-09-21 17:00:00+00:00,2025-12-22 16:00:00+00:00
historical_mock_realized,2025-12-22,2025-12-22 17:00:00+00:00,DE,wind_offshore,tso_reference,TSO forecast,tso_forecast,2208,2025-12-22 18:00:00+00:00,6122.045,6418.475,,2025-09-21 17:00:00+00:00,2025-12-22 16:00:00+00:00
historical_mock_realized,2025-12-22,2025-12-22 17:00:00+00:00,DE,wind_offshore,tso_reference,TSO forecast,tso_forecast,2208,2025-12-22 19:00:00+00:00,6181.9025,6491.31775,,2025-09-21 17:00:00+00:00,2025-12-22 16:00:00+00:00
historical_mock_realized,2025-12-22,2025-12-22 17:00:00+00:00,DE,wind_offshore,tso_reference,TSO forecast,tso_forecast,2208,2025-12-22 20:00:00+00:00,6201.4725,6419.94075,,2025-09-21 17:00:00+00:00,2025-12-22 16:00:00+00:00
historical_mock_realized,2025-12-22,2025-12-22 17:00:00+00:00,DE,wind_offshore,tso_reference,TSO forecast,tso_forecast,2208,2025-12-22 21:00:00+00:00,6194.695,6473.924,,2025-09-21 17:00:00+00:00,2025-12-22 16:00:00+00:00
historical_mock_realized,2025-12-22,2025-12-22 17:00:00+00:00,DE,wind_offshore,tso_reference,TSO forecast,tso_forecast,2208,2025-12-22 22:00:00+00:00,6180.0425,6587.815,,2025-09-21 17:00:00+00:00,2025-12-22 16:00:00+00:00
historical_mock_realized,2025-12-22,2025-12-22 17:00:00+00:00,DE,wind_offshore,tso_reference,TSO forecast,tso_forecast,2208,2025-12-22 23:00:00+00:00,6150.005,6647.49625,,2025-09-21 17:00:00+00:00,2025-12-22 16:00:00+00:00
historical_mock_realized,2025-12-22,2025-12-22 17:00:00+00:00,DE,wind_offshore,tso_reference,TSO forecast,tso_forecast,2208,2025-12-23 00:00:00+00:00,6099.305,6694.3485,,2025-09-21 17:00:00+00:00,2025-12-22 16:00:00+00:00
historical_mock_realized,2025-12-22,2025-12-22 17:00:00+00:00,DE,wind_offshore,tso_reference,TSO forecast,tso_forecast,2208,2025-12-23 01:00:00+00:00,6144.18,7069.67125,,2025-09-21 17:00:00+00:00,2025-12-22 16:00:00+00:00
historical_mock_realized,2025-12-22,2025-12-22 17:00:00+00:00,DE,wind_offshore,tso_reference,TSO forecast,tso_forecast,2208,2025-12-23 02:00:00+00:00,6205.99,6997.0154999999995,,2025-09-21 17:00:00+00:00,2025-12-22 16:00:00+00:00
historical_mock_realized,2025-12-22,2025-12-22 17:00:00+00:00,DE,wind_offshore,tso_reference,TSO forecast,tso_forecast,2208,2025-12-23 03:00:00+00:00,6167.765,6831.9130000000005,,2025-09-21 17:00:00+00:00,2025-12-22 16:00:00+00:00
historical_mock_realized,2025-12-22,2025-12-22 17:00:00+00:00,DE,wind_offshore,tso_reference,TSO forecast,tso_forecast,2208,2025-12-23 04:00:00+00:00,5922.6775,6752.56175,,2025-09-21 17:00:00+00:00,2025-12-22 16:00:00+00:00
historical_mock_realized,2025-12-22,2025-12-22 17:00:00+00:00,DE,wind_offshore,tso_reference,TSO forecast,tso_forecast,2208,2025-12-23 05:00:00+00:00,5895.0175,6946.6015,,2025-09-21 17:00:00+00:00,2025-12-22 16:00:00+00:00
historical_mock_realized,2025-12-22,2025-12-22 17:00:00+00:00,DE,wind_offshore,tso_reference,TSO forecast,tso_forecast,2208,2025-12-23 06:00:00+00:00,5673.005,7046.21225,,2025-09-21 17:00:00+00:00,2025-12-22 16:00:00+00:00
historical_mock_realized,2025-12-22,2025-12-22 17:00:00+00:00,DE,wind_offshore,tso_reference,TSO forecast,tso_forecast,2208,2025-12-23 07:00:00+00:00,5718.365,6556.95825,,2025-09-21 17:00:00+00:00,2025-12-22 16:00:00+00:00
historical_mock_realized,2025-12-22,2025-12-22 17:00:00+00:00,DE,wind_offshore,tso_reference,TSO forecast,tso_forecast,2208,2025-12-23 08:00:00+00:00,5753.105,6716.12225,,2025-09-21 17:00:00+00:00,2025-12-22 16:00:00+00:00
historical_mock_realized,2025-12-22,2025-12-22 17:00:00+00:00,DE,wind_offshore,tso_reference,TSO forecast,tso_forecast,2208,2025-12-23 09:00:00+00:00,5700.6075,6574.81575,,2025-09-21 17:00:00+00:00,2025-12-22 16:00:00+00:00
historical_mock_realized,2025-12-22,2025-12-22 17:00:00+00:00,DE,wind_offshore,tso_reference,TSO forecast,tso_forecast,2208,2025-12-23 10:00:00+00:00,5622.815,6605.58025,,2025-09-21 17:00:00+00:00,2025-12-22 16:00:00+00:00
historical_mock_realized,2025-12-22,2025-12-22 17:00:00+00:00,DE,wind_offshore,tso_reference,TSO forecast,tso_forecast,2208,2025-12-23 11:00:00+00:00,5598.575000000001,6802.90575,,2025-09-21 17:00:00+00:00,2025-12-22 16:00:00+00:00
historical_mock_realized,2025-12-22,2025-12-22 17:00:00+00:00,DE,wind_offshore,tso_reference,TSO forecast,tso_forecast,2208,2025-12-23 12:00:00+00:00,5656.38,7182.1205,,2025-09-21 17:00:00+00:00,2025-12-22 16:00:00+00:00
historical_mock_realized,2025-12-22,2025-12-22 17:00:00+00:00,DE,wind_offshore,tso_reference,TSO forecast,tso_forecast,2208,2025-12-23 13:00:00+00:00,5867.9625,7555.91125,,2025-09-21 17:00:00+00:00,2025-12-22 16:00:00+00:00
historical_mock_realized,2025-12-22,2025-12-22 17:00:00+00:00,DE,wind_offshore,tso_reference,TSO forecast,tso_forecast,2208,2025-12-23 14:00:00+00:00,6223.485,7754.59,,2025-09-21 17:00:00+00:00,2025-12-22 16:00:00+00:00
historical_mock_realized,2025-12-22,2025-12-22 17:00:00+00:00,DE,wind_offshore,tso_reference,TSO forecast,tso_forecast,2208,2025-12-23 15:00:00+00:00,6351.15,7837.652749999999,,2025-09-21 17:00:00+00:00,2025-12-22 16:00:00+00:00
historical_mock_realized,2025-12-22,2025-12-22 17:00:00+00:00,DE,wind_offshore,tso_reference,TSO forecast,tso_forecast,2208,2025-12-23 16:00:00+00:00,6617.28,7850.15475,,2025-09-21 17:00:00+00:00,2025-12-22 16:00:00+00:00
historical_mock_realized,2025-12-22,2025-12-22 17:00:00+00:00,DE,wind_offshore,tso_reference,TSO forecast,tso_forecast,2208,2025-12-23 17:00:00+00:00,6647.6675000000005,8122.82325,,2025-09-21 17:00:00+00:00,2025-12-22 16:00:00+00:00
historical_mock_realized,2025-12-22,2025-12-22 17:00:00+00:00,BE,wind_offshore,persistence,Persistence,daily_persistence,2208,2025-12-22 18:00:00+00:00,763.435,581.07,,2025-09-21 17:00:00+00:00,2025-12-22 16:00:00+00:00
historical_mock_realized,2025-12-22,2025-12-22 17:00:00+00:00,BE,wind_offshore,persistence,Persistence,daily_persistence,2208,2025-12-22 19:00:00+00:00,715.0875,592.5275,,2025-09-21 17:00:00+00:00,2025-12-22 16:00:00+00:00
historical_mock_realized,2025-12-22,2025-12-22 17:00:00+00:00,BE,wind_offshore,persistence,Persistence,daily_persistence,2208,2025-12-22 20:00:00+00:00,1141.0825,652.1,,2025-09-21 17:00:00+00:00,2025-12-22 16:00:00+00:00
historical_mock_realized,2025-12-22,2025-12-22 17:00:00+00:00,BE,wind_offshore,persistence,Persistence,daily_persistence,2208,2025-12-22 21:00:00+00:00,906.16,877.395,,2025-09-21 17:00:00+00:00,2025-12-22 16:00:00+00:00
historical_mock_realized,2025-12-22,2025-12-22 17:00:00+00:00,BE,wind_offshore,persistence,Persistence,daily_persistence,2208,2025-12-22 22:00:00+00:00,899.0525,987.9175,,2025-09-21 17:00:00+00:00,2025-12-22 16:00:00+00:00
historical_mock_realized,2025-12-22,2025-12-22 17:00:00+00:00,BE,wind_offshore,persistence,Persistence,daily_persistence,2208,2025-12-22 23:00:00+00:00,463.505,1037.6625,,2025-09-21 17:00:00+00:00,2025-12-22 16:00:00+00:00
historical_mock_realized,2025-12-22,2025-12-22 17:00:00+00:00,BE,wind_offshore,persistence,Persistence,daily_persistence,2208,2025-12-23 00:00:00+00:00,481.305,1064.29,,2025-09-21 17:00:00+00:00,2025-12-22 16:00:00+00:00
historical_mock_realized,2025-12-22,2025-12-22 17:00:00+00:00,BE,wind_offshore,persistence,Persistence,daily_persistence,2208,2025-12-23 01:00:00+00:00,429.35,822.9125,,2025-09-21 17:00:00+00:00,2025-12-22 16:00:00+00:00
historical_mock_realized,2025-12-22,2025-12-22 17:00:00+00:00,BE,wind_offshore,persistence,Persistence,daily_persistence,2208,2025-12-23 02:00:00+00:00,244.715,1144.0525,,2025-09-21 17:00:00+00:00,2025-12-22 16:00:00+00:00
historical_mock_realized,2025-12-22,2025-12-22 17:00:00+00:00,BE,wind_offshore,persistence,Persistence,daily_persistence,2208,2025-12-23 03:00:00+00:00,378.6,1295.805,,2025-09-21 17:00:00+00:00,2025-12-22 16:00:00+00:00
historical_mock_realized,2025-12-22,2025-12-22 17:00:00+00:00,BE,wind_offshore,persistence,Persistence,daily_persistence,2208,2025-12-23 04:00:00+00:00,336.84,1273.925,,2025-09-21 17:00:00+00:00,2025-12-22 16:00:00+00:00
historical_mock_realized,2025-12-22,2025-12-22 17:00:00+00:00,BE,wind_offshore,persistence,Persistence,daily_persistence,2208,2025-12-23 05:00:00+00:00,281.185,1109.395,,2025-09-21 17:00:00+00:00,2025-12-22 16:00:00+00:00
historical_mock_realized,2025-12-22,2025-12-22 17:00:00+00:00,BE,wind_offshore,persistence,Persistence,daily_persistence,2208,2025-12-23 06:00:00+00:00,289.5425,1218.3225,,2025-09-21 17:00:00+00:00,2025-12-22 16:00:00+00:00
historical_mock_realized,2025-12-22,2025-12-22 17:00:00+00:00,BE,wind_offshore,persistence,Persistence,daily_persistence,2208,2025-12-23 07:00:00+00:00,250.45,1239.565,,2025-09-21 17:00:00+00:00,2025-12-22 16:00:00+00:00
historical_mock_realized,2025-12-22,2025-12-22 17:00:00+00:00,BE,wind_offshore,persistence,Persistence,daily_persistence,2208,2025-12-23 08:00:00+00:00,123.9575,1391.39,,2025-09-21 17:00:00+00:00,2025-12-22 16:00:00+00:00
historical_mock_realized,2025-12-22,2025-12-22 17:00:00+00:00,BE,wind_offshore,persistence,Persistence,daily_persistence,2208,2025-12-23 09:00:00+00:00,90.7125,1459.055,,2025-09-21 17:00:00+00:00,2025-12-22 16:00:00+00:00
historical_mock_realized,2025-12-22,2025-12-22 17:00:00+00:00,BE,wind_offshore,persistence,Persistence,daily_persistence,2208,2025-12-23 10:00:00+00:00,118.98,1489.42,,2025-09-21 17:00:00+00:00,2025-12-22 16:00:00+00:00
historical_mock_realized,2025-12-22,2025-12-22 17:00:00+00:00,BE,wind_offshore,persistence,Persistence,daily_persistence,2208,2025-12-23 11:00:00+00:00,160.075,1541.9275,,2025-09-21 17:00:00+00:00,2025-12-22 16:00:00+00:00
historical_mock_realized,2025-12-22,2025-12-22 17:00:00+00:00,BE,wind_offshore,persistence,Persistence,daily_persistence,2208,2025-12-23 12:00:00+00:00,186.0075,1594.6675,,2025-09-21 17:00:00+00:00,2025-12-22 16:00:00+00:00
historical_mock_realized,2025-12-22,2025-12-22 17:00:00+00:00,BE,wind_offshore,persistence,Persistence,daily_persistence,2208,2025-12-23 13:00:00+00:00,132.925,1585.9725,,2025-09-21 17:00:00+00:00,2025-12-22 16:00:00+00:00
historical_mock_realized,2025-12-22,2025-12-22 17:00:00+00:00,BE,wind_offshore,persistence,Persistence,daily_persistence,2208,2025-12-23 14:00:00+00:00,80.96,1607.42,,2025-09-21 17:00:00+00:00,2025-12-22 16:00:00+00:00
historical_mock_realized,2025-12-22,2025-12-22 17:00:00+00:00,BE,wind_offshore,persistence,Persistence,daily_persistence,2208,2025-12-23 15:00:00+00:00,76.7225,1712.8575,,2025-09-21 17:00:00+00:00,2025-12-22 16:00:00+00:00
historical_mock_realized,2025-12-22,2025-12-22 17:00:00+00:00,BE,wind_offshore,persistence,Persistence,daily_persistence,2208,2025-12-23 16:00:00+00:00,120.4325,2006.51,,2025-09-21 17:00:00+00:00,2025-12-22 16:00:00+00:00
historical_mock_realized,2025-12-22,2025-12-22 17:00:00+00:00,BE,wind_offshore,persistence,Persistence,daily_persistence,2208,2025-12-23 17:00:00+00:00,456.765,2108.905,,2025-09-21 17:00:00+00:00,2025-12-22 16:00:00+00:00
historical_mock_realized,2025-12-22,2025-12-22 17:00:00+00:00,FR,wind_offshore,persistence,Persistence,daily_persistence,2208,2025-12-22 18:00:00+00:00,980.315,1220.78,,2025-09-21 17:00:00+00:00,2025-12-22 16:00:00+00:00
historical_mock_realized,2025-12-22,2025-12-22 17:00:00+00:00,FR,wind_offshore,persistence,Persistence,daily_persistence,2208,2025-12-22 19:00:00+00:00,1137.67,1251.1775,,2025-09-21 17:00:00+00:00,2025-12-22 16:00:00+00:00
historical_mock_realized,2025-12-22,2025-12-22 17:00:00+00:00,FR,wind_offshore,persistence,Persistence,daily_persistence,2208,2025-12-22 20:00:00+00:00,1384.9175,1151.87,,2025-09-21 17:00:00+00:00,2025-12-22 16:00:00+00:00
historical_mock_realized,2025-12-22,2025-12-22 17:00:00+00:00,FR,wind_offshore,persistence,Persistence,daily_persistence,2208,2025-12-22 21:00:00+00:00,1391.78,1110.02,,2025-09-21 17:00:00+00:00,2025-12-22 16:00:00+00:00
historical_mock_realized,2025-12-22,2025-12-22 17:00:00+00:00,FR,wind_offshore,persistence,Persistence,daily_persistence,2208,2025-12-22 22:00:00+00:00,1367.55,1061.195,,2025-09-21 17:00:00+00:00,2025-12-22 16:00:00+00:00
historical_mock_realized,2025-12-22,2025-12-22 17:00:00+00:00,FR,wind_offshore,persistence,Persistence,daily_persistence,2208,2025-12-22 23:00:00+00:00,1447.515,1039.7625,,2025-09-21 17:00:00+00:00,2025-12-22 16:00:00+00:00
historical_mock_realized,2025-12-22,2025-12-22 17:00:00+00:00,FR,wind_offshore,persistence,Persistence,daily_persistence,2208,2025-12-23 00:00:00+00:00,1526.835,903.97,,2025-09-21 17:00:00+00:00,2025-12-22 16:00:00+00:00
historical_mock_realized,2025-12-22,2025-12-22 17:00:00+00:00,FR,wind_offshore,persistence,Persistence,daily_persistence,2208,2025-12-23 01:00:00+00:00,1725.4725,850.525,,2025-09-21 17:00:00+00:00,2025-12-22 16:00:00+00:00
historical_mock_realized,2025-12-22,2025-12-22 17:00:00+00:00,FR,wind_offshore,persistence,Persistence,daily_persistence,2208,2025-12-23 02:00:00+00:00,1738.61,731.135,,2025-09-21 17:00:00+00:00,2025-12-22 16:00:00+00:00
historical_mock_realized,2025-12-22,2025-12-22 17:00:00+00:00,FR,wind_offshore,persistence,Persistence,daily_persistence,2208,2025-12-23 03:00:00+00:00,1540.9275,547.1949999999999,,2025-09-21 17:00:00+00:00,2025-12-22 16:00:00+00:00
historical_mock_realized,2025-12-22,2025-12-22 17:00:00+00:00,FR,wind_offshore,persistence,Persistence,daily_persistence,2208,2025-12-23 04:00:00+00:00,1499.98,412.3425,,2025-09-21 17:00:00+00:00,2025-12-22 16:00:00+00:00
historical_mock_realized,2025-12-22,2025-12-22 17:00:00+00:00,FR,wind_offshore,persistence,Persistence,daily_persistence,2208,2025-12-23 05:00:00+00:00,1407.7575,354.86,,2025-09-21 17:00:00+00:00,2025-12-22 16:00:00+00:00
historical_mock_realized,2025-12-22,2025-12-22 17:00:00+00:00,FR,wind_offshore,persistence,Persistence,daily_persistence,2208,2025-12-23 06:00:00+00:00,1334.5125,468.0175,,2025-09-21 17:00:00+00:00,2025-12-22 16:00:00+00:00
historical_mock_realized,2025-12-22,2025-12-22 17:00:00+00:00,FR,wind_offshore,persistence,Persistence,daily_persistence,2208,2025-12-23 07:00:00+00:00,1295.6425,481.92,,2025-09-21 17:00:00+00:00,2025-12-22 16:00:00+00:00
historical_mock_realized,2025-12-22,2025-12-22 17:00:00+00:00,FR,wind_offshore,persistence,Persistence,daily_persistence,2208,2025-12-23 08:00:00+00:00,1266.0525,546.4775,,2025-09-21 17:00:00+00:00,2025-12-22 16:00:00+00:00
historical_mock_realized,2025-12-22,2025-12-22 17:00:00+00:00,FR,wind_offshore,persistence,Persistence,daily_persistence,2208,2025-12-23 09:00:00+00:00,1235.7675,519.2625,,2025-09-21 17:00:00+00:00,2025-12-22 16:00:00+00:00
historical_mock_realized,2025-12-22,2025-12-22 17:00:00+00:00,FR,wind_offshore,persistence,Persistence,daily_persistence,2208,2025-12-23 10:00:00+00:00,1228.64,474.565,,2025-09-21 17:00:00+00:00,2025-12-22 16:00:00+00:00
historical_mock_realized,2025-12-22,2025-12-22 17:00:00+00:00,FR,wind_offshore,persistence,Persistence,daily_persistence,2208,2025-12-23 11:00:00+00:00,1243.2375,472.1975,,2025-09-21 17:00:00+00:00,2025-12-22 16:00:00+00:00
historical_mock_realized,2025-12-22,2025-12-22 17:00:00+00:00,FR,wind_offshore,persistence,Persistence,daily_persistence,2208,2025-12-23 12:00:00+00:00,1233.155,454.23,,2025-09-21 17:00:00+00:00,2025-12-22 16:00:00+00:00
historical_mock_realized,2025-12-22,2025-12-22 17:00:00+00:00,FR,wind_offshore,persistence,Persistence,daily_persistence,2208,2025-12-23 13:00:00+00:00,1210.1425,466.385,,2025-09-21 17:00:00+00:00,2025-12-22 16:00:00+00:00
historical_mock_realized,2025-12-22,2025-12-22 17:00:00+00:00,FR,wind_offshore,persistence,Persistence,daily_persistence,2208,2025-12-23 14:00:00+00:00,1123.0525,764.4225,,2025-09-21 17:00:00+00:00,2025-12-22 16:00:00+00:00
historical_mock_realized,2025-12-22,2025-12-22 17:00:00+00:00,FR,wind_offshore,persistence,Persistence,daily_persistence,2208,2025-12-23 15:00:00+00:00,1104.1275,916.025,,2025-09-21 17:00:00+00:00,2025-12-22 16:00:00+00:00
historical_mock_realized,2025-12-22,2025-12-22 17:00:00+00:00,FR,wind_offshore,persistence,Persistence,daily_persistence,2208,2025-12-23 16:00:00+00:00,1140.055,987.45,,2025-09-21 17:00:00+00:00,2025-12-22 16:00:00+00:00
historical_mock_realized,2025-12-22,2025-12-22 17:00:00+00:00,FR,wind_offshore,persistence,Persistence,daily_persistence,2208,2025-12-23 17:00:00+00:00,1251.585,934.875,,2025-09-21 17:00:00+00:00,2025-12-22 16:00:00+00:00
historical_mock_realized,2025-12-22,2025-12-22 17:00:00+00:00,DE,wind_offshore,persistence,Persistence,daily_persistence,2208,2025-12-22 18:00:00+00:00,5026.59875,6418.475,,2025-09-21 17:00:00+00:00,2025-12-22 16:00:00+00:00
historical_mock_realized,2025-12-22,2025-12-22 17:00:00+00:00,DE,wind_offshore,persistence,Persistence,daily_persistence,2208,2025-12-22 19:00:00+00:00,5519.989750000001,6491.31775,,2025-09-21 17:00:00+00:00,2025-12-22 16:00:00+00:00
historical_mock_realized,2025-12-22,2025-12-22 17:00:00+00:00,DE,wind_offshore,persistence,Persistence,daily_persistence,2208,2025-12-22 20:00:00+00:00,5705.90475,6419.94075,,2025-09-21 17:00:00+00:00,2025-12-22 16:00:00+00:00
historical_mock_realized,2025-12-22,2025-12-22 17:00:00+00:00,DE,wind_offshore,persistence,Persistence,daily_persistence,2208,2025-12-22 21:00:00+00:00,5805.01175,6473.924,,2025-09-21 17:00:00+00:00,2025-12-22 16:00:00+00:00
historical_mock_realized,2025-12-22,2025-12-22 17:00:00+00:00,DE,wind_offshore,persistence,Persistence,daily_persistence,2208,2025-12-22 22:00:00+00:00,5829.901,6587.815,,2025-09-21 17:00:00+00:00,2025-12-22 16:00:00+00:00
historical_mock_realized,2025-12-22,2025-12-22 17:00:00+00:00,DE,wind_offshore,persistence,Persistence,daily_persistence,2208,2025-12-22 23:00:00+00:00,5692.1775,6647.49625,,2025-09-21 17:00:00+00:00,2025-12-22 16:00:00+00:00
historical_mock_realized,2025-12-22,2025-12-22 17:00:00+00:00,DE,wind_offshore,persistence,Persistence,daily_persistence,2208,2025-12-23 00:00:00+00:00,6209.86575,6694.3485,,2025-09-21 17:00:00+00:00,2025-12-22 16:00:00+00:00
historical_mock_realized,2025-12-22,2025-12-22 17:00:00+00:00,DE,wind_offshore,persistence,Persistence,daily_persistence,2208,2025-12-23 01:00:00+00:00,6461.429,7069.67125,,2025-09-21 17:00:00+00:00,2025-12-22 16:00:00+00:00
historical_mock_realized,2025-12-22,2025-12-22 17:00:00+00:00,DE,wind_offshore,persistence,Persistence,daily_persistence,2208,2025-12-23 02:00:00+00:00,6458.92275,6997.0154999999995,,2025-09-21 17:00:00+00:00,2025-12-22 16:00:00+00:00
historical_mock_realized,2025-12-22,2025-12-22 17:00:00+00:00,DE,wind_offshore,persistence,Persistence,daily_persistence,2208,2025-12-23 03:00:00+00:00,6613.4127499999995,6831.9130000000005,,2025-09-21 17:00:00+00:00,2025-12-22 16:00:00+00:00
historical_mock_realized,2025-12-22,2025-12-22 17:00:00+00:00,DE,wind_offshore,persistence,Persistence,daily_persistence,2208,2025-12-23 04:00:00+00:00,6688.9015,6752.56175,,2025-09-21 17:00:00+00:00,2025-12-22 16:00:00+00:00
historical_mock_realized,2025-12-22,2025-12-22 17:00:00+00:00,DE,wind_offshore,persistence,Persistence,daily_persistence,2208,2025-12-23 05:00:00+00:00,6888.49475,6946.6015,,2025-09-21 17:00:00+00:00,2025-12-22 16:00:00+00:00
historical_mock_realized,2025-12-22,2025-12-22 17:00:00+00:00,DE,wind_offshore,persistence,Persistence,daily_persistence,2208,2025-12-23 06:00:00+00:00,6965.4065,7046.21225,,2025-09-21 17:00:00+00:00,2025-12-22 16:00:00+00:00
historical_mock_realized,2025-12-22,2025-12-22 17:00:00+00:00,DE,wind_offshore,persistence,Persistence,daily_persistence,2208,2025-12-23 07:00:00+00:00,7016.09225,6556.95825,,2025-09-21 17:00:00+00:00,2025-12-22 16:00:00+00:00
historical_mock_realized,2025-12-22,2025-12-22 17:00:00+00:00,DE,wind_offshore,persistence,Persistence,daily_persistence,2208,2025-12-23 08:00:00+00:00,6888.029,6716.12225,,2025-09-21 17:00:00+00:00,2025-12-22 16:00:00+00:00
historical_mock_realized,2025-12-22,2025-12-22 17:00:00+00:00,DE,wind_offshore,persistence,Persistence,daily_persistence,2208,2025-12-23 09:00:00+00:00,7088.67775,6574.81575,,2025-09-21 17:00:00+00:00,2025-12-22 16:00:00+00:00
historical_mock_realized,2025-12-22,2025-12-22 17:00:00+00:00,DE,wind_offshore,persistence,Persistence,daily_persistence,2208,2025-12-23 10:00:00+00:00,7088.31275,6605.58025,,2025-09-21 17:00:00+00:00,2025-12-22 16:00:00+00:00
historical_mock_realized,2025-12-22,2025-12-22 17:00:00+00:00,DE,wind_offshore,persistence,Persistence,daily_persistence,2208,2025-12-23 11:00:00+00:00,7168.54575,6802.90575,,2025-09-21 17:00:00+00:00,2025-12-22 16:00:00+00:00
historical_mock_realized,2025-12-22,2025-12-22 17:00:00+00:00,DE,wind_offshore,persistence,Persistence,daily_persistence,2208,2025-12-23 12:00:00+00:00,7251.239,7182.1205,,2025-09-21 17:00:00+00:00,2025-12-22 16:00:00+00:00
historical_mock_realized,2025-12-22,2025-12-22 17:00:00+00:00,DE,wind_offshore,persistence,Persistence,daily_persistence,2208,2025-12-23 13:00:00+00:00,7357.95875,7555.91125,,2025-09-21 17:00:00+00:00,2025-12-22 16:00:00+00:00
historical_mock_realized,2025-12-22,2025-12-22 17:00:00+00:00,DE,wind_offshore,persistence,Persistence,daily_persistence,2208,2025-12-23 14:00:00+00:00,7110.7735,7754.59,,2025-09-21 17:00:00+00:00,2025-12-22 16:00:00+00:00
historical_mock_realized,2025-12-22,2025-12-22 17:00:00+00:00,DE,wind_offshore,persistence,Persistence,daily_persistence,2208,2025-12-23 15:00:00+00:00,6955.10625,7837.652749999999,,2025-09-21 17:00:00+00:00,2025-12-22 16:00:00+00:00
historical_mock_realized,2025-12-22,2025-12-22 17:00:00+00:00,DE,wind_offshore,persistence,Persistence,daily_persistence,2208,2025-12-23 16:00:00+00:00,6854.443,7850.15475,,2025-09-21 17:00:00+00:00,2025-12-22 16:00:00+00:00
historical_mock_realized,2025-12-22,2025-12-22 17:00:00+00:00,DE,wind_offshore,persistence,Persistence,daily_persistence,2208,2025-12-23 17:00:00+00:00,6641.6125,8122.82325,,2025-09-21 17:00:00+00:00,2025-12-22 16:00:00+00:00
historical_mock_realized,2025-12-22,2025-12-22 17:00:00+00:00,BE,wind_offshore,xgboost_online,XGBoost with covariates,weather_4p+tso_forecast,2208,2025-12-22 18:00:00+00:00,377.8221740722656,581.07,,2025-09-21 17:00:00+00:00,2025-12-22 16:00:00+00:00
historical_mock_realized,2025-12-22,2025-12-22 17:00:00+00:00,BE,wind_offshore,xgboost_online,XGBoost with covariates,weather_4p+tso_forecast,2208,2025-12-22 19:00:00+00:00,376.5768127441406,592.5275,,2025-09-21 17:00:00+00:00,2025-12-22 16:00:00+00:00
historical_mock_realized,2025-12-22,2025-12-22 17:00:00+00:00,BE,wind_offshore,xgboost_online,XGBoost with covariates,weather_4p+tso_forecast,2208,2025-12-22 20:00:00+00:00,359.9901428222656,652.1,,2025-09-21 17:00:00+00:00,2025-12-22 16:00:00+00:00
historical_mock_realized,2025-12-22,2025-12-22 17:00:00+00:00,BE,wind_offshore,xgboost_online,XGBoost with covariates,weather_4p+tso_forecast,2208,2025-12-22 21:00:00+00:00,327.8744201660156,877.395,,2025-09-21 17:00:00+00:00,2025-12-22 16:00:00+00:00
historical_mock_realized,2025-12-22,2025-12-22 17:00:00+00:00,BE,wind_offshore,xgboost_online,XGBoost with covariates,weather_4p+tso_forecast,2208,2025-12-22 22:00:00+00:00,426.6233215332031,987.9175,,2025-09-21 17:00:00+00:00,2025-12-22 16:00:00+00:00
historical_mock_realized,2025-12-22,2025-12-22 17:00:00+00:00,BE,wind_offshore,xgboost_online,XGBoost with covariates,weather_4p+tso_forecast,2208,2025-12-22 23:00:00+00:00,471.9814453125,1037.6625,,2025-09-21 17:00:00+00:00,2025-12-22 16:00:00+00:00
historical_mock_realized,2025-12-22,2025-12-22 17:00:00+00:00,BE,wind_offshore,xgboost_online,XGBoost with covariates,weather_4p+tso_forecast,2208,2025-12-23 00:00:00+00:00,529.83251953125,1064.29,,2025-09-21 17:00:00+00:00,2025-12-22 16:00:00+00:00
historical_mock_realized,2025-12-22,2025-12-22 17:00:00+00:00,BE,wind_offshore,xgboost_online,XGBoost with covariates,weather_4p+tso_forecast,2208,2025-12-23 01:00:00+00:00,496.86419677734375,822.9125,,2025-09-21 17:00:00+00:00,2025-12-22 16:00:00+00:00
historical_mock_realized,2025-12-22,2025-12-22 17:00:00+00:00,BE,wind_offshore,xgboost_online,XGBoost with covariates,weather_4p+tso_forecast,2208,2025-12-23 02:00:00+00:00,530.3370361328125,1144.0525,,2025-09-21 17:00:00+00:00,2025-12-22 16:00:00+00:00
historical_mock_realized,2025-12-22,2025-12-22 17:00:00+00:00,BE,wind_offshore,xgboost_online,XGBoost with covariates,weather_4p+tso_forecast,2208,2025-12-23 03:00:00+00:00,557.4584350585938,1295.805,,2025-09-21 17:00:00+00:00,2025-12-22 16:00:00+00:00
historical_mock_realized,2025-12-22,2025-12-22 17:00:00+00:00,BE,wind_offshore,xgboost_online,XGBoost with covariates,weather_4p+tso_forecast,2208,2025-12-23 04:00:00+00:00,619.807861328125,1273.925,,2025-09-21 17:00:00+00:00,2025-12-22 16:00:00+00:00
historical_mock_realized,2025-12-22,2025-12-22 17:00:00+00:00,BE,wind_offshore,xgboost_online,XGBoost with covariates,weather_4p+tso_forecast,2208,2025-12-23 05:00:00+00:00,690.0944213867188,1109.395,,2025-09-21 17:00:00+00:00,2025-12-22 16:00:00+00:00
historical_mock_realized,2025-12-22,2025-12-22 17:00:00+00:00,BE,wind_offshore,xgboost_online,XGBoost with covariates,weather_4p+tso_forecast,2208,2025-12-23 06:00:00+00:00,887.4749145507812,1218.3225,,2025-09-21 17:00:00+00:00,2025-12-22 16:00:00+00:00
historical_mock_realized,2025-12-22,2025-12-22 17:00:00+00:00,BE,wind_offshore,xgboost_online,XGBoost with covariates,weather_4p+tso_forecast,2208,2025-12-23 07:00:00+00:00,920.0364379882812,1239.565,,2025-09-21 17:00:00+00:00,2025-12-22 16:00:00+00:00
historical_mock_realized,2025-12-22,2025-12-22 17:00:00+00:00,BE,wind_offshore,xgboost_online,XGBoost with covariates,weather_4p+tso_forecast,2208,2025-12-23 08:00:00+00:00,1079.4927978515625,1391.39,,2025-09-21 17:00:00+00:00,2025-12-22 16:00:00+00:00
historical_mock_realized,2025-12-22,2025-12-22 17:00:00+00:00,BE,wind_offshore,xgboost_online,XGBoost with covariates,weather_4p+tso_forecast,2208,2025-12-23 09:00:00+00:00,1245.4324951171875,1459.055,,2025-09-21 17:00:00+00:00,2025-12-22 16:00:00+00:00
historical_mock_realized,2025-12-22,2025-12-22 17:00:00+00:00,BE,wind_offshore,xgboost_online,XGBoost with covariates,weather_4p+tso_forecast,2208,2025-12-23 10:00:00+00:00,1312.3807373046875,1489.42,,2025-09-21 17:00:00+00:00,2025-12-22 16:00:00+00:00
historical_mock_realized,2025-12-22,2025-12-22 17:00:00+00:00,BE,wind_offshore,xgboost_online,XGBoost with covariates,weather_4p+tso_forecast,2208,2025-12-23 11:00:00+00:00,1384.3446044921875,1541.9275,,2025-09-21 17:00:00+00:00,2025-12-22 16:00:00+00:00
historical_mock_realized,2025-12-22,2025-12-22 17:00:00+00:00,BE,wind_offshore,xgboost_online,XGBoost with covariates,weather_4p+tso_forecast,2208,2025-12-23 12:00:00+00:00,1620.3402099609375,1594.6675,,2025-09-21 17:00:00+00:00,2025-12-22 16:00:00+00:00
historical_mock_realized,2025-12-22,2025-12-22 17:00:00+00:00,BE,wind_offshore,xgboost_online,XGBoost with covariates,weather_4p+tso_forecast,2208,2025-12-23 13:00:00+00:00,1640.4688720703125,1585.9725,,2025-09-21 17:00:00+00:00,2025-12-22 16:00:00+00:00
historical_mock_realized,2025-12-22,2025-12-22 17:00:00+00:00,BE,wind_offshore,xgboost_online,XGBoost with covariates,weather_4p+tso_forecast,2208,2025-12-23 14:00:00+00:00,1655.1109619140625,1607.42,,2025-09-21 17:00:00+00:00,2025-12-22 16:00:00+00:00
historical_mock_realized,2025-12-22,2025-12-22 17:00:00+00:00,BE,wind_offshore,xgboost_online,XGBoost with covariates,weather_4p+tso_forecast,2208,2025-12-23 15:00:00+00:00,1692.88525390625,1712.8575,,2025-09-21 17:00:00+00:00,2025-12-22 16:00:00+00:00
historical_mock_realized,2025-12-22,2025-12-22 17:00:00+00:00,BE,wind_offshore,xgboost_online,XGBoost with covariates,weather_4p+tso_forecast,2208,2025-12-23 16:00:00+00:00,1665.3917236328125,2006.51,,2025-09-21 17:00:00+00:00,2025-12-22 16:00:00+00:00
historical_mock_realized,2025-12-22,2025-12-22 17:00:00+00:00,BE,wind_offshore,xgboost_online,XGBoost with covariates,weather_4p+tso_forecast,2208,2025-12-23 17:00:00+00:00,1665.3917236328125,2108.905,,2025-09-21 17:00:00+00:00,2025-12-22 16:00:00+00:00
historical_mock_realized,2025-12-22,2025-12-22 17:00:00+00:00,FR,wind_offshore,xgboost_online,XGBoost with covariates,weather_4p+tso_forecast,2208,2025-12-22 18:00:00+00:00,1202.7442626953125,1220.78,,2025-09-21 17:00:00+00:00,2025-12-22 16:00:00+00:00
historical_mock_realized,2025-12-22,2025-12-22 17:00:00+00:00,FR,wind_offshore,xgboost_online,XGBoost with covariates,weather_4p+tso_forecast,2208,2025-12-22 19:00:00+00:00,1172.6925048828125,1251.1775,,2025-09-21 17:00:00+00:00,2025-12-22 16:00:00+00:00
historical_mock_realized,2025-12-22,2025-12-22 17:00:00+00:00,FR,wind_offshore,xgboost_online,XGBoost with covariates,weather_4p+tso_forecast,2208,2025-12-22 20:00:00+00:00,1126.2447509765625,1151.87,,2025-09-21 17:00:00+00:00,2025-12-22 16:00:00+00:00
historical_mock_realized,2025-12-22,2025-12-22 17:00:00+00:00,FR,wind_offshore,xgboost_online,XGBoost with covariates,weather_4p+tso_forecast,2208,2025-12-22 21:00:00+00:00,1138.5184326171875,1110.02,,2025-09-21 17:00:00+00:00,2025-12-22 16:00:00+00:00
historical_mock_realized,2025-12-22,2025-12-22 17:00:00+00:00,FR,wind_offshore,xgboost_online,XGBoost with covariates,weather_4p+tso_forecast,2208,2025-12-22 22:00:00+00:00,1077.3450927734375,1061.195,,2025-09-21 17:00:00+00:00,2025-12-22 16:00:00+00:00
historical_mock_realized,2025-12-22,2025-12-22 17:00:00+00:00,FR,wind_offshore,xgboost_online,XGBoost with covariates,weather_4p+tso_forecast,2208,2025-12-22 23:00:00+00:00,996.821533203125,1039.7625,,2025-09-21 17:00:00+00:00,2025-12-22 16:00:00+00:00
historical_mock_realized,2025-12-22,2025-12-22 17:00:00+00:00,FR,wind_offshore,xgboost_online,XGBoost with covariates,weather_4p+tso_forecast,2208,2025-12-23 00:00:00+00:00,1037.180908203125,903.97,,2025-09-21 17:00:00+00:00,2025-12-22 16:00:00+00:00
historical_mock_realized,2025-12-22,2025-12-22 17:00:00+00:00,FR,wind_offshore,xgboost_online,XGBoost with covariates,weather_4p+tso_forecast,2208,2025-12-23 01:00:00+00:00,1069.6881103515625,850.525,,2025-09-21 17:00:00+00:00,2025-12-22 16:00:00+00:00
historical_mock_realized,2025-12-22,2025-12-22 17:00:00+00:00,FR,wind_offshore,xgboost_online,XGBoost with covariates,weather_4p+tso_forecast,2208,2025-12-23 02:00:00+00:00,1044.2740478515625,731.135,,2025-09-21 17:00:00+00:00,2025-12-22 16:00:00+00:00
historical_mock_realized,2025-12-22,2025-12-22 17:00:00+00:00,FR,wind_offshore,xgboost_online,XGBoost with covariates,weather_4p+tso_forecast,2208,2025-12-23 03:00:00+00:00,1050.7518310546875,547.1949999999999,,2025-09-21 17:00:00+00:00,2025-12-22 16:00:00+00:00
historical_mock_realized,2025-12-22,2025-12-22 17:00:00+00:00,FR,wind_offshore,xgboost_online,XGBoost with covariates,weather_4p+tso_forecast,2208,2025-12-23 04:00:00+00:00,1050.333251953125,412.3425,,2025-09-21 17:00:00+00:00,2025-12-22 16:00:00+00:00
historical_mock_realized,2025-12-22,2025-12-22 17:00:00+00:00,FR,wind_offshore,xgboost_online,XGBoost with covariates,weather_4p+tso_forecast,2208,2025-12-23 05:00:00+00:00,1021.929931640625,354.86,,2025-09-21 17:00:00+00:00,2025-12-22 16:00:00+00:00
historical_mock_realized,2025-12-22,2025-12-22 17:00:00+00:00,FR,wind_offshore,xgboost_online,XGBoost with covariates,weather_4p+tso_forecast,2208,2025-12-23 06:00:00+00:00,1018.7008056640624,468.0175,,2025-09-21 17:00:00+00:00,2025-12-22 16:00:00+00:00
historical_mock_realized,2025-12-22,2025-12-22 17:00:00+00:00,FR,wind_offshore,xgboost_online,XGBoost with covariates,weather_4p+tso_forecast,2208,2025-12-23 07:00:00+00:00,1015.431640625,481.92,,2025-09-21 17:00:00+00:00,2025-12-22 16:00:00+00:00
historical_mock_realized,2025-12-22,2025-12-22 17:00:00+00:00,FR,wind_offshore,xgboost_online,XGBoost with covariates,weather_4p+tso_forecast,2208,2025-12-23 08:00:00+00:00,1011.4871826171876,546.4775,,2025-09-21 17:00:00+00:00,2025-12-22 16:00:00+00:00
historical_mock_realized,2025-12-22,2025-12-22 17:00:00+00:00,FR,wind_offshore,xgboost_online,XGBoost with covariates,weather_4p+tso_forecast,2208,2025-12-23 09:00:00+00:00,949.4793090820312,519.2625,,2025-09-21 17:00:00+00:00,2025-12-22 16:00:00+00:00
historical_mock_realized,2025-12-22,2025-12-22 17:00:00+00:00,FR,wind_offshore,xgboost_online,XGBoost with covariates,weather_4p+tso_forecast,2208,2025-12-23 10:00:00+00:00,920.6258544921876,474.565,,2025-09-21 17:00:00+00:00,2025-12-22 16:00:00+00:00
historical_mock_realized,2025-12-22,2025-12-22 17:00:00+00:00,FR,wind_offshore,xgboost_online,XGBoost with covariates,weather_4p+tso_forecast,2208,2025-12-23 11:00:00+00:00,839.606201171875,472.1975,,2025-09-21 17:00:00+00:00,2025-12-22 16:00:00+00:00
historical_mock_realized,2025-12-22,2025-12-22 17:00:00+00:00,FR,wind_offshore,xgboost_online,XGBoost with covariates,weather_4p+tso_forecast,2208,2025-12-23 12:00:00+00:00,747.86572265625,454.23,,2025-09-21 17:00:00+00:00,2025-12-22 16:00:00+00:00
historical_mock_realized,2025-12-22,2025-12-22 17:00:00+00:00,FR,wind_offshore,xgboost_online,XGBoost with covariates,weather_4p+tso_forecast,2208,2025-12-23 13:00:00+00:00,718.38916015625,466.385,,2025-09-21 17:00:00+00:00,2025-12-22 16:00:00+00:00
historical_mock_realized,2025-12-22,2025-12-22 17:00:00+00:00,FR,wind_offshore,xgboost_online,XGBoost with covariates,weather_4p+tso_forecast,2208,2025-12-23 14:00:00+00:00,721.6692504882812,764.4225,,2025-09-21 17:00:00+00:00,2025-12-22 16:00:00+00:00
historical_mock_realized,2025-12-22,2025-12-22 17:00:00+00:00,FR,wind_offshore,xgboost_online,XGBoost with covariates,weather_4p+tso_forecast,2208,2025-12-23 15:00:00+00:00,751.892578125,916.025,,2025-09-21 17:00:00+00:00,2025-12-22 16:00:00+00:00
historical_mock_realized,2025-12-22,2025-12-22 17:00:00+00:00,FR,wind_offshore,xgboost_online,XGBoost with covariates,weather_4p+tso_forecast,2208,2025-12-23 16:00:00+00:00,844.5860595703125,987.45,,2025-09-21 17:00:00+00:00,2025-12-22 16:00:00+00:00
historical_mock_realized,2025-12-22,2025-12-22 17:00:00+00:00,FR,wind_offshore,xgboost_online,XGBoost with covariates,weather_4p+tso_forecast,2208,2025-12-23 17:00:00+00:00,901.1055908203124,934.875,,2025-09-21 17:00:00+00:00,2025-12-22 16:00:00+00:00
historical_mock_realized,2025-12-22,2025-12-22 17:00:00+00:00,DE,wind_offshore,xgboost_online,XGBoost with covariates,weather_4p+tso_forecast,2208,2025-12-22 18:00:00+00:00,6617.10693359375,6418.475,,2025-09-21 17:00:00+00:00,2025-12-22 16:00:00+00:00
historical_mock_realized,2025-12-22,2025-12-22 17:00:00+00:00,DE,wind_offshore,xgboost_online,XGBoost with covariates,weather_4p+tso_forecast,2208,2025-12-22 19:00:00+00:00,6617.10693359375,6491.31775,,2025-09-21 17:00:00+00:00,2025-12-22 16:00:00+00:00
historical_mock_realized,2025-12-22,2025-12-22 17:00:00+00:00,DE,wind_offshore,xgboost_online,XGBoost with covariates,weather_4p+tso_forecast,2208,2025-12-22 20:00:00+00:00,6617.10693359375,6419.94075,,2025-09-21 17:00:00+00:00,2025-12-22 16:00:00+00:00
historical_mock_realized,2025-12-22,2025-12-22 17:00:00+00:00,DE,wind_offshore,xgboost_online,XGBoost with covariates,weather_4p+tso_forecast,2208,2025-12-22 21:00:00+00:00,6617.10693359375,6473.924,,2025-09-21 17:00:00+00:00,2025-12-22 16:00:00+00:00
historical_mock_realized,2025-12-22,2025-12-22 17:00:00+00:00,DE,wind_offshore,xgboost_online,XGBoost with covariates,weather_4p+tso_forecast,2208,2025-12-22 22:00:00+00:00,6617.10693359375,6587.815,,2025-09-21 17:00:00+00:00,2025-12-22 16:00:00+00:00
historical_mock_realized,2025-12-22,2025-12-22 17:00:00+00:00,DE,wind_offshore,xgboost_online,XGBoost with covariates,weather_4p+tso_forecast,2208,2025-12-22 23:00:00+00:00,6617.10693359375,6647.49625,,2025-09-21 17:00:00+00:00,2025-12-22 16:00:00+00:00
historical_mock_realized,2025-12-22,2025-12-22 17:00:00+00:00,DE,wind_offshore,xgboost_online,XGBoost with covariates,weather_4p+tso_forecast,2208,2025-12-23 00:00:00+00:00,6617.10693359375,6694.3485,,2025-09-21 17:00:00+00:00,2025-12-22 16:00:00+00:00
historical_mock_realized,2025-12-22,2025-12-22 17:00:00+00:00,DE,wind_offshore,xgboost_online,XGBoost with covariates,weather_4p+tso_forecast,2208,2025-12-23 01:00:00+00:00,6607.37548828125,7069.67125,,2025-09-21 17:00:00+00:00,2025-12-22 16:00:00+00:00
historical_mock_realized,2025-12-22,2025-12-22 17:00:00+00:00,DE,wind_offshore,xgboost_online,XGBoost with covariates,weather_4p+tso_forecast,2208,2025-12-23 02:00:00+00:00,6607.37548828125,6997.0154999999995,,2025-09-21 17:00:00+00:00,2025-12-22 16:00:00+00:00
historical_mock_realized,2025-12-22,2025-12-22 17:00:00+00:00,DE,wind_offshore,xgboost_online,XGBoost with covariates,weather_4p+tso_forecast,2208,2025-12-23 03:00:00+00:00,6607.37548828125,6831.9130000000005,,2025-09-21 17:00:00+00:00,2025-12-22 16:00:00+00:00
historical_mock_realized,2025-12-22,2025-12-22 17:00:00+00:00,DE,wind_offshore,xgboost_online,XGBoost with covariates,weather_4p+tso_forecast,2208,2025-12-23 04:00:00+00:00,6595.58544921875,6752.56175,,2025-09-21 17:00:00+00:00,2025-12-22 16:00:00+00:00
historical_mock_realized,2025-12-22,2025-12-22 17:00:00+00:00,DE,wind_offshore,xgboost_online,XGBoost with covariates,weather_4p+tso_forecast,2208,2025-12-23 05:00:00+00:00,6574.71337890625,6946.6015,,2025-09-21 17:00:00+00:00,2025-12-22 16:00:00+00:00
historical_mock_realized,2025-12-22,2025-12-22 17:00:00+00:00,DE,wind_offshore,xgboost_online,XGBoost with covariates,weather_4p+tso_forecast,2208,2025-12-23 06:00:00+00:00,6535.2470703125,7046.21225,,2025-09-21 17:00:00+00:00,2025-12-22 16:00:00+00:00
historical_mock_realized,2025-12-22,2025-12-22 17:00:00+00:00,DE,wind_offshore,xgboost_online,XGBoost with covariates,weather_4p+tso_forecast,2208,2025-12-23 07:00:00+00:00,6539.75537109375,6556.95825,,2025-09-21 17:00:00+00:00,2025-12-22 16:00:00+00:00
historical_mock_realized,2025-12-22,2025-12-22 17:00:00+00:00,DE,wind_offshore,xgboost_online,XGBoost with covariates,weather_4p+tso_forecast,2208,2025-12-23 08:00:00+00:00,6574.71337890625,6716.12225,,2025-09-21 17:00:00+00:00,2025-12-22 16:00:00+00:00
historical_mock_realized,2025-12-22,2025-12-22 17:00:00+00:00,DE,wind_offshore,xgboost_online,XGBoost with covariates,weather_4p+tso_forecast,2208,2025-12-23 09:00:00+00:00,6531.69775390625,6574.81575,,2025-09-21 17:00:00+00:00,2025-12-22 16:00:00+00:00
historical_mock_realized,2025-12-22,2025-12-22 17:00:00+00:00,DE,wind_offshore,xgboost_online,XGBoost with covariates,weather_4p+tso_forecast,2208,2025-12-23 10:00:00+00:00,6527.189453125,6605.58025,,2025-09-21 17:00:00+00:00,2025-12-22 16:00:00+00:00
historical_mock_realized,2025-12-22,2025-12-22 17:00:00+00:00,DE,wind_offshore,xgboost_online,XGBoost with covariates,weather_4p+tso_forecast,2208,2025-12-23 11:00:00+00:00,6513.04541015625,6802.90575,,2025-09-21 17:00:00+00:00,2025-12-22 16:00:00+00:00
historical_mock_realized,2025-12-22,2025-12-22 17:00:00+00:00,DE,wind_offshore,xgboost_online,XGBoost with covariates,weather_4p+tso_forecast,2208,2025-12-23 12:00:00+00:00,6513.04541015625,7182.1205,,2025-09-21 17:00:00+00:00,2025-12-22 16:00:00+00:00
historical_mock_realized,2025-12-22,2025-12-22 17:00:00+00:00,DE,wind_offshore,xgboost_online,XGBoost with covariates,weather_4p+tso_forecast,2208,2025-12-23 13:00:00+00:00,6601.5986328125,7555.91125,,2025-09-21 17:00:00+00:00,2025-12-22 16:00:00+00:00
historical_mock_realized,2025-12-22,2025-12-22 17:00:00+00:00,DE,wind_offshore,xgboost_online,XGBoost with covariates,weather_4p+tso_forecast,2208,2025-12-23 14:00:00+00:00,6634.2607421875,7754.59,,2025-09-21 17:00:00+00:00,2025-12-22 16:00:00+00:00
historical_mock_realized,2025-12-22,2025-12-22 17:00:00+00:00,DE,wind_offshore,xgboost_online,XGBoost with covariates,weather_4p+tso_forecast,2208,2025-12-23 15:00:00+00:00,6626.0244140625,7837.652749999999,,2025-09-21 17:00:00+00:00,2025-12-22 16:00:00+00:00
historical_mock_realized,2025-12-22,2025-12-22 17:00:00+00:00,DE,wind_offshore,xgboost_online,XGBoost with covariates,weather_4p+tso_forecast,2208,2025-12-23 16:00:00+00:00,6617.1474609375,7850.15475,,2025-09-21 17:00:00+00:00,2025-12-22 16:00:00+00:00
historical_mock_realized,2025-12-22,2025-12-22 17:00:00+00:00,DE,wind_offshore,xgboost_online,XGBoost with covariates,weather_4p+tso_forecast,2208,2025-12-23 17:00:00+00:00,6602.9765625,8122.82325,,2025-09-21 17:00:00+00:00,2025-12-22 16:00:00+00:00
