run_date,run_at,source,zone,target,model,model_label,covariate_case,context_hours,timestamp,forecast_mw,tso_forecast_mw,actual_mw,context_start,context_end
2026-08-11,2026-08-11 18:59:21+00:00,online,BE,load,tso_reference,TSO forecast,tso_forecast,2208,2026-08-11 16:00:00+00:00,9538.735,9538.735,9172.0425,2026-05-11 16:00:00+00:00,2026-08-11 15:00:00+00:00
2026-08-11,2026-08-11 18:59:21+00:00,online,BE,load,tso_reference,TSO forecast,tso_forecast,2208,2026-08-11 17:00:00+00:00,9361.99,9361.99,9200.865,2026-05-11 16:00:00+00:00,2026-08-11 15:00:00+00:00
2026-08-11,2026-08-11 18:59:21+00:00,online,BE,load,tso_reference,TSO forecast,tso_forecast,2208,2026-08-11 18:00:00+00:00,9229.03,9229.03,8957.73,2026-05-11 16:00:00+00:00,2026-08-11 15:00:00+00:00
2026-08-11,2026-08-11 18:59:21+00:00,online,BE,load,tso_reference,TSO forecast,tso_forecast,2208,2026-08-11 19:00:00+00:00,9058.835,9058.835,8923.625,2026-05-11 16:00:00+00:00,2026-08-11 15:00:00+00:00
2026-08-11,2026-08-11 18:59:21+00:00,online,BE,load,tso_reference,TSO forecast,tso_forecast,2208,2026-08-11 20:00:00+00:00,8974.1025,8974.1025,8834.6175,2026-05-11 16:00:00+00:00,2026-08-11 15:00:00+00:00
2026-08-11,2026-08-11 18:59:21+00:00,online,BE,load,tso_reference,TSO forecast,tso_forecast,2208,2026-08-11 21:00:00+00:00,8512.53,8512.53,8450.317500000001,2026-05-11 16:00:00+00:00,2026-08-11 15:00:00+00:00
2026-08-11,2026-08-11 18:59:21+00:00,online,BE,load,tso_reference,TSO forecast,tso_forecast,2208,2026-08-11 22:00:00+00:00,7939.59,7939.59,7865.04,2026-05-11 16:00:00+00:00,2026-08-11 15:00:00+00:00
2026-08-11,2026-08-11 18:59:21+00:00,online,BE,load,tso_reference,TSO forecast,tso_forecast,2208,2026-08-11 23:00:00+00:00,7617.225,7617.225,7623.7875,2026-05-11 16:00:00+00:00,2026-08-11 15:00:00+00:00
2026-08-11,2026-08-11 18:59:21+00:00,online,BE,load,tso_reference,TSO forecast,tso_forecast,2208,2026-08-12 00:00:00+00:00,7506.81,7506.81,7396.7375,2026-05-11 16:00:00+00:00,2026-08-11 15:00:00+00:00
2026-08-11,2026-08-11 18:59:21+00:00,online,BE,load,tso_reference,TSO forecast,tso_forecast,2208,2026-08-12 01:00:00+00:00,7410.4075,7410.4075,7298.19,2026-05-11 16:00:00+00:00,2026-08-11 15:00:00+00:00
2026-08-11,2026-08-11 18:59:21+00:00,online,BE,load,tso_reference,TSO forecast,tso_forecast,2208,2026-08-12 02:00:00+00:00,7419.265,7419.265,7331.035,2026-05-11 16:00:00+00:00,2026-08-11 15:00:00+00:00
2026-08-11,2026-08-11 18:59:21+00:00,online,BE,load,tso_reference,TSO forecast,tso_forecast,2208,2026-08-12 03:00:00+00:00,7539.5225,7539.5225,7592.9175,2026-05-11 16:00:00+00:00,2026-08-11 15:00:00+00:00
2026-08-11,2026-08-11 18:59:21+00:00,online,BE,load,tso_reference,TSO forecast,tso_forecast,2208,2026-08-12 04:00:00+00:00,8020.967500000001,8020.967500000001,8111.1125,2026-05-11 16:00:00+00:00,2026-08-11 15:00:00+00:00
2026-08-11,2026-08-11 18:59:21+00:00,online,BE,load,tso_reference,TSO forecast,tso_forecast,2208,2026-08-12 05:00:00+00:00,8713.800000000001,8713.800000000001,8755.2675,2026-05-11 16:00:00+00:00,2026-08-11 15:00:00+00:00
2026-08-11,2026-08-11 18:59:21+00:00,online,BE,load,tso_reference,TSO forecast,tso_forecast,2208,2026-08-12 06:00:00+00:00,9222.9925,9222.9925,9413.25,2026-05-11 16:00:00+00:00,2026-08-11 15:00:00+00:00
2026-08-11,2026-08-11 18:59:21+00:00,online,BE,load,tso_reference,TSO forecast,tso_forecast,2208,2026-08-12 07:00:00+00:00,9671.025,9671.025,9782.17,2026-05-11 16:00:00+00:00,2026-08-11 15:00:00+00:00
2026-08-11,2026-08-11 18:59:21+00:00,online,BE,load,tso_reference,TSO forecast,tso_forecast,2208,2026-08-12 08:00:00+00:00,9953.2675,9953.2675,10219.1175,2026-05-11 16:00:00+00:00,2026-08-11 15:00:00+00:00
2026-08-11,2026-08-11 18:59:21+00:00,online,BE,load,tso_reference,TSO forecast,tso_forecast,2208,2026-08-12 09:00:00+00:00,10017.83,10017.83,10707.52,2026-05-11 16:00:00+00:00,2026-08-11 15:00:00+00:00
2026-08-11,2026-08-11 18:59:21+00:00,online,BE,load,tso_reference,TSO forecast,tso_forecast,2208,2026-08-12 10:00:00+00:00,10002.37,10002.37,11075.9675,2026-05-11 16:00:00+00:00,2026-08-11 15:00:00+00:00
2026-08-11,2026-08-11 18:59:21+00:00,online,BE,load,tso_reference,TSO forecast,tso_forecast,2208,2026-08-12 11:00:00+00:00,10087.14,10087.14,11135.075,2026-05-11 16:00:00+00:00,2026-08-11 15:00:00+00:00
2026-08-11,2026-08-11 18:59:21+00:00,online,BE,load,tso_reference,TSO forecast,tso_forecast,2208,2026-08-12 12:00:00+00:00,9895.0575,9895.0575,10905.6375,2026-05-11 16:00:00+00:00,2026-08-11 15:00:00+00:00
2026-08-11,2026-08-11 18:59:21+00:00,online,BE,load,tso_reference,TSO forecast,tso_forecast,2208,2026-08-12 13:00:00+00:00,9692.825,9692.825,10579.33,2026-05-11 16:00:00+00:00,2026-08-11 15:00:00+00:00
2026-08-11,2026-08-11 18:59:21+00:00,online,BE,load,tso_reference,TSO forecast,tso_forecast,2208,2026-08-12 14:00:00+00:00,9585.5475,9585.5475,10082.105,2026-05-11 16:00:00+00:00,2026-08-11 15:00:00+00:00
2026-08-11,2026-08-11 18:59:21+00:00,online,BE,load,tso_reference,TSO forecast,tso_forecast,2208,2026-08-12 15:00:00+00:00,9605.8425,9605.8425,9952.725,2026-05-11 16:00:00+00:00,2026-08-11 15:00:00+00:00
2026-08-11,2026-08-11 18:59:21+00:00,online,BE,load,persistence,Persistence,weekly_persistence,2208,2026-08-11 16:00:00+00:00,9636.625,9538.735,9172.0425,2026-05-11 16:00:00+00:00,2026-08-11 15:00:00+00:00
2026-08-11,2026-08-11 18:59:21+00:00,online,BE,load,persistence,Persistence,weekly_persistence,2208,2026-08-11 17:00:00+00:00,9465.9325,9361.99,9200.865,2026-05-11 16:00:00+00:00,2026-08-11 15:00:00+00:00
2026-08-11,2026-08-11 18:59:21+00:00,online,BE,load,persistence,Persistence,weekly_persistence,2208,2026-08-11 18:00:00+00:00,9191.1975,9229.03,8957.73,2026-05-11 16:00:00+00:00,2026-08-11 15:00:00+00:00
2026-08-11,2026-08-11 18:59:21+00:00,online,BE,load,persistence,Persistence,weekly_persistence,2208,2026-08-11 19:00:00+00:00,8774.815,9058.835,8923.625,2026-05-11 16:00:00+00:00,2026-08-11 15:00:00+00:00
2026-08-11,2026-08-11 18:59:21+00:00,online,BE,load,persistence,Persistence,weekly_persistence,2208,2026-08-11 20:00:00+00:00,8678.505000000001,8974.1025,8834.6175,2026-05-11 16:00:00+00:00,2026-08-11 15:00:00+00:00
2026-08-11,2026-08-11 18:59:21+00:00,online,BE,load,persistence,Persistence,weekly_persistence,2208,2026-08-11 21:00:00+00:00,8387.425,8512.53,8450.317500000001,2026-05-11 16:00:00+00:00,2026-08-11 15:00:00+00:00
2026-08-11,2026-08-11 18:59:21+00:00,online,BE,load,persistence,Persistence,weekly_persistence,2208,2026-08-11 22:00:00+00:00,8050.047500000001,7939.59,7865.04,2026-05-11 16:00:00+00:00,2026-08-11 15:00:00+00:00
2026-08-11,2026-08-11 18:59:21+00:00,online,BE,load,persistence,Persistence,weekly_persistence,2208,2026-08-11 23:00:00+00:00,7758.3875,7617.225,7623.7875,2026-05-11 16:00:00+00:00,2026-08-11 15:00:00+00:00
2026-08-11,2026-08-11 18:59:21+00:00,online,BE,load,persistence,Persistence,weekly_persistence,2208,2026-08-12 00:00:00+00:00,7531.6175,7506.81,7396.7375,2026-05-11 16:00:00+00:00,2026-08-11 15:00:00+00:00
2026-08-11,2026-08-11 18:59:21+00:00,online,BE,load,persistence,Persistence,weekly_persistence,2208,2026-08-12 01:00:00+00:00,7251.6275,7410.4075,7298.19,2026-05-11 16:00:00+00:00,2026-08-11 15:00:00+00:00
2026-08-11,2026-08-11 18:59:21+00:00,online,BE,load,persistence,Persistence,weekly_persistence,2208,2026-08-12 02:00:00+00:00,7277.955,7419.265,7331.035,2026-05-11 16:00:00+00:00,2026-08-11 15:00:00+00:00
2026-08-11,2026-08-11 18:59:21+00:00,online,BE,load,persistence,Persistence,weekly_persistence,2208,2026-08-12 03:00:00+00:00,7509.465,7539.5225,7592.9175,2026-05-11 16:00:00+00:00,2026-08-11 15:00:00+00:00
2026-08-11,2026-08-11 18:59:21+00:00,online,BE,load,persistence,Persistence,weekly_persistence,2208,2026-08-12 04:00:00+00:00,8027.64,8020.967500000001,8111.1125,2026-05-11 16:00:00+00:00,2026-08-11 15:00:00+00:00
2026-08-11,2026-08-11 18:59:21+00:00,online,BE,load,persistence,Persistence,weekly_persistence,2208,2026-08-12 05:00:00+00:00,8622.725,8713.800000000001,8755.2675,2026-05-11 16:00:00+00:00,2026-08-11 15:00:00+00:00
2026-08-11,2026-08-11 18:59:21+00:00,online,BE,load,persistence,Persistence,weekly_persistence,2208,2026-08-12 06:00:00+00:00,9093.89,9222.9925,9413.25,2026-05-11 16:00:00+00:00,2026-08-11 15:00:00+00:00
2026-08-11,2026-08-11 18:59:21+00:00,online,BE,load,persistence,Persistence,weekly_persistence,2208,2026-08-12 07:00:00+00:00,9518.265,9671.025,9782.17,2026-05-11 16:00:00+00:00,2026-08-11 15:00:00+00:00
2026-08-11,2026-08-11 18:59:21+00:00,online,BE,load,persistence,Persistence,weekly_persistence,2208,2026-08-12 08:00:00+00:00,9785.2825,9953.2675,10219.1175,2026-05-11 16:00:00+00:00,2026-08-11 15:00:00+00:00
2026-08-11,2026-08-11 18:59:21+00:00,online,BE,load,persistence,Persistence,weekly_persistence,2208,2026-08-12 09:00:00+00:00,9836.205,10017.83,10707.52,2026-05-11 16:00:00+00:00,2026-08-11 15:00:00+00:00
2026-08-11,2026-08-11 18:59:21+00:00,online,BE,load,persistence,Persistence,weekly_persistence,2208,2026-08-12 10:00:00+00:00,10110.115,10002.37,11075.9675,2026-05-11 16:00:00+00:00,2026-08-11 15:00:00+00:00
2026-08-11,2026-08-11 18:59:21+00:00,online,BE,load,persistence,Persistence,weekly_persistence,2208,2026-08-12 11:00:00+00:00,10326.7575,10087.14,11135.075,2026-05-11 16:00:00+00:00,2026-08-11 15:00:00+00:00
2026-08-11,2026-08-11 18:59:21+00:00,online,BE,load,persistence,Persistence,weekly_persistence,2208,2026-08-12 12:00:00+00:00,10343.1975,9895.0575,10905.6375,2026-05-11 16:00:00+00:00,2026-08-11 15:00:00+00:00
2026-08-11,2026-08-11 18:59:21+00:00,online,BE,load,persistence,Persistence,weekly_persistence,2208,2026-08-12 13:00:00+00:00,10168.505,9692.825,10579.33,2026-05-11 16:00:00+00:00,2026-08-11 15:00:00+00:00
2026-08-11,2026-08-11 18:59:21+00:00,online,BE,load,persistence,Persistence,weekly_persistence,2208,2026-08-12 14:00:00+00:00,9775.9025,9585.5475,10082.105,2026-05-11 16:00:00+00:00,2026-08-11 15:00:00+00:00
2026-08-11,2026-08-11 18:59:21+00:00,online,BE,load,persistence,Persistence,weekly_persistence,2208,2026-08-12 15:00:00+00:00,9314.335,9605.8425,9952.725,2026-05-11 16:00:00+00:00,2026-08-11 15:00:00+00:00
2026-08-11,2026-08-11 18:59:21+00:00,online,BE,load,ridge_3mo_context,Ridge with covariates,Temp+tso_forecast,2208,2026-08-11 16:00:00+00:00,9579.209942302334,9538.735,9172.0425,2026-05-11 16:00:00+00:00,2026-08-11 15:00:00+00:00
2026-08-11,2026-08-11 18:59:21+00:00,online,BE,load,ridge_3mo_context,Ridge with covariates,Temp+tso_forecast,2208,2026-08-11 17:00:00+00:00,9394.66895431703,9361.99,9200.865,2026-05-11 16:00:00+00:00,2026-08-11 15:00:00+00:00
2026-08-11,2026-08-11 18:59:21+00:00,online,BE,load,ridge_3mo_context,Ridge with covariates,Temp+tso_forecast,2208,2026-08-11 18:00:00+00:00,9184.110621753129,9229.03,8957.73,2026-05-11 16:00:00+00:00,2026-08-11 15:00:00+00:00
2026-08-11,2026-08-11 18:59:21+00:00,online,BE,load,ridge_3mo_context,Ridge with covariates,Temp+tso_forecast,2208,2026-08-11 19:00:00+00:00,8928.765334565687,9058.835,8923.625,2026-05-11 16:00:00+00:00,2026-08-11 15:00:00+00:00
2026-08-11,2026-08-11 18:59:21+00:00,online,BE,load,ridge_3mo_context,Ridge with covariates,Temp+tso_forecast,2208,2026-08-11 20:00:00+00:00,8834.91427513705,8974.1025,8834.6175,2026-05-11 16:00:00+00:00,2026-08-11 15:00:00+00:00
2026-08-11,2026-08-11 18:59:21+00:00,online,BE,load,ridge_3mo_context,Ridge with covariates,Temp+tso_forecast,2208,2026-08-11 21:00:00+00:00,8349.695894724699,8512.53,8450.317500000001,2026-05-11 16:00:00+00:00,2026-08-11 15:00:00+00:00
2026-08-11,2026-08-11 18:59:21+00:00,online,BE,load,ridge_3mo_context,Ridge with covariates,Temp+tso_forecast,2208,2026-08-11 22:00:00+00:00,7769.601435967007,7939.59,7865.04,2026-05-11 16:00:00+00:00,2026-08-11 15:00:00+00:00
2026-08-11,2026-08-11 18:59:21+00:00,online,BE,load,ridge_3mo_context,Ridge with covariates,Temp+tso_forecast,2208,2026-08-11 23:00:00+00:00,7423.587653019235,7617.225,7623.7875,2026-05-11 16:00:00+00:00,2026-08-11 15:00:00+00:00
2026-08-11,2026-08-11 18:59:21+00:00,online,BE,load,ridge_3mo_context,Ridge with covariates,Temp+tso_forecast,2208,2026-08-12 00:00:00+00:00,7426.320725147229,7506.81,7396.7375,2026-05-11 16:00:00+00:00,2026-08-11 15:00:00+00:00
2026-08-11,2026-08-11 18:59:21+00:00,online,BE,load,ridge_3mo_context,Ridge with covariates,Temp+tso_forecast,2208,2026-08-12 01:00:00+00:00,7303.117094143654,7410.4075,7298.19,2026-05-11 16:00:00+00:00,2026-08-11 15:00:00+00:00
2026-08-11,2026-08-11 18:59:21+00:00,online,BE,load,ridge_3mo_context,Ridge with covariates,Temp+tso_forecast,2208,2026-08-12 02:00:00+00:00,7306.738849752856,7419.265,7331.035,2026-05-11 16:00:00+00:00,2026-08-11 15:00:00+00:00
2026-08-11,2026-08-11 18:59:21+00:00,online,BE,load,ridge_3mo_context,Ridge with covariates,Temp+tso_forecast,2208,2026-08-12 03:00:00+00:00,7396.112541414238,7539.5225,7592.9175,2026-05-11 16:00:00+00:00,2026-08-11 15:00:00+00:00
2026-08-11,2026-08-11 18:59:21+00:00,online,BE,load,ridge_3mo_context,Ridge with covariates,Temp+tso_forecast,2208,2026-08-12 04:00:00+00:00,7824.647755837417,8020.967500000001,8111.1125,2026-05-11 16:00:00+00:00,2026-08-11 15:00:00+00:00
2026-08-11,2026-08-11 18:59:21+00:00,online,BE,load,ridge_3mo_context,Ridge with covariates,Temp+tso_forecast,2208,2026-08-12 05:00:00+00:00,8472.116243443365,8713.800000000001,8755.2675,2026-05-11 16:00:00+00:00,2026-08-11 15:00:00+00:00
2026-08-11,2026-08-11 18:59:21+00:00,online,BE,load,ridge_3mo_context,Ridge with covariates,Temp+tso_forecast,2208,2026-08-12 06:00:00+00:00,9001.196581301785,9222.9925,9413.25,2026-05-11 16:00:00+00:00,2026-08-11 15:00:00+00:00
2026-08-11,2026-08-11 18:59:21+00:00,online,BE,load,ridge_3mo_context,Ridge with covariates,Temp+tso_forecast,2208,2026-08-12 07:00:00+00:00,9495.23186416485,9671.025,9782.17,2026-05-11 16:00:00+00:00,2026-08-11 15:00:00+00:00
2026-08-11,2026-08-11 18:59:21+00:00,online,BE,load,ridge_3mo_context,Ridge with covariates,Temp+tso_forecast,2208,2026-08-12 08:00:00+00:00,9841.188759034305,9953.2675,10219.1175,2026-05-11 16:00:00+00:00,2026-08-11 15:00:00+00:00
2026-08-11,2026-08-11 18:59:21+00:00,online,BE,load,ridge_3mo_context,Ridge with covariates,Temp+tso_forecast,2208,2026-08-12 09:00:00+00:00,9984.97459897264,10017.83,10707.52,2026-05-11 16:00:00+00:00,2026-08-11 15:00:00+00:00
2026-08-11,2026-08-11 18:59:21+00:00,online,BE,load,ridge_3mo_context,Ridge with covariates,Temp+tso_forecast,2208,2026-08-12 10:00:00+00:00,10004.047224816875,10002.37,11075.9675,2026-05-11 16:00:00+00:00,2026-08-11 15:00:00+00:00
2026-08-11,2026-08-11 18:59:21+00:00,online,BE,load,ridge_3mo_context,Ridge with covariates,Temp+tso_forecast,2208,2026-08-12 11:00:00+00:00,10165.104845853508,10087.14,11135.075,2026-05-11 16:00:00+00:00,2026-08-11 15:00:00+00:00
2026-08-11,2026-08-11 18:59:21+00:00,online,BE,load,ridge_3mo_context,Ridge with covariates,Temp+tso_forecast,2208,2026-08-12 12:00:00+00:00,10022.808868138573,9895.0575,10905.6375,2026-05-11 16:00:00+00:00,2026-08-11 15:00:00+00:00
2026-08-11,2026-08-11 18:59:21+00:00,online,BE,load,ridge_3mo_context,Ridge with covariates,Temp+tso_forecast,2208,2026-08-12 13:00:00+00:00,9839.380509574416,9692.825,10579.33,2026-05-11 16:00:00+00:00,2026-08-11 15:00:00+00:00
2026-08-11,2026-08-11 18:59:21+00:00,online,BE,load,ridge_3mo_context,Ridge with covariates,Temp+tso_forecast,2208,2026-08-12 14:00:00+00:00,9737.860267602302,9585.5475,10082.105,2026-05-11 16:00:00+00:00,2026-08-11 15:00:00+00:00
2026-08-11,2026-08-11 18:59:21+00:00,online,BE,load,ridge_3mo_context,Ridge with covariates,Temp+tso_forecast,2208,2026-08-12 15:00:00+00:00,9766.879530630767,9605.8425,9952.725,2026-05-11 16:00:00+00:00,2026-08-11 15:00:00+00:00
2026-08-11,2026-08-11 18:59:21+00:00,online,BE,load,chronos2_online,Chronos2 with covariates,Solar+tso_forecast,2208,2026-08-11 16:00:00+00:00,9240.0625,9538.735,9172.0425,2026-05-11 16:00:00+00:00,2026-08-11 15:00:00+00:00
2026-08-11,2026-08-11 18:59:21+00:00,online,BE,load,chronos2_online,Chronos2 with covariates,Solar+tso_forecast,2208,2026-08-11 17:00:00+00:00,9099.880859375,9361.99,9200.865,2026-05-11 16:00:00+00:00,2026-08-11 15:00:00+00:00
2026-08-11,2026-08-11 18:59:21+00:00,online,BE,load,chronos2_online,Chronos2 with covariates,Solar+tso_forecast,2208,2026-08-11 18:00:00+00:00,8870.3984375,9229.03,8957.73,2026-05-11 16:00:00+00:00,2026-08-11 15:00:00+00:00
2026-08-11,2026-08-11 18:59:21+00:00,online,BE,load,chronos2_online,Chronos2 with covariates,Solar+tso_forecast,2208,2026-08-11 19:00:00+00:00,8661.234375,9058.835,8923.625,2026-05-11 16:00:00+00:00,2026-08-11 15:00:00+00:00
2026-08-11,2026-08-11 18:59:21+00:00,online,BE,load,chronos2_online,Chronos2 with covariates,Solar+tso_forecast,2208,2026-08-11 20:00:00+00:00,8505.1904296875,8974.1025,8834.6175,2026-05-11 16:00:00+00:00,2026-08-11 15:00:00+00:00
2026-08-11,2026-08-11 18:59:21+00:00,online,BE,load,chronos2_online,Chronos2 with covariates,Solar+tso_forecast,2208,2026-08-11 21:00:00+00:00,8165.0048828125,8512.53,8450.317500000001,2026-05-11 16:00:00+00:00,2026-08-11 15:00:00+00:00
2026-08-11,2026-08-11 18:59:21+00:00,online,BE,load,chronos2_online,Chronos2 with covariates,Solar+tso_forecast,2208,2026-08-11 22:00:00+00:00,7786.01806640625,7939.59,7865.04,2026-05-11 16:00:00+00:00,2026-08-11 15:00:00+00:00
2026-08-11,2026-08-11 18:59:21+00:00,online,BE,load,chronos2_online,Chronos2 with covariates,Solar+tso_forecast,2208,2026-08-11 23:00:00+00:00,7532.97412109375,7617.225,7623.7875,2026-05-11 16:00:00+00:00,2026-08-11 15:00:00+00:00
2026-08-11,2026-08-11 18:59:21+00:00,online,BE,load,chronos2_online,Chronos2 with covariates,Solar+tso_forecast,2208,2026-08-12 00:00:00+00:00,7328.57373046875,7506.81,7396.7375,2026-05-11 16:00:00+00:00,2026-08-11 15:00:00+00:00
2026-08-11,2026-08-11 18:59:21+00:00,online,BE,load,chronos2_online,Chronos2 with covariates,Solar+tso_forecast,2208,2026-08-12 01:00:00+00:00,7238.7333984375,7410.4075,7298.19,2026-05-11 16:00:00+00:00,2026-08-11 15:00:00+00:00
2026-08-11,2026-08-11 18:59:21+00:00,online,BE,load,chronos2_online,Chronos2 with covariates,Solar+tso_forecast,2208,2026-08-12 02:00:00+00:00,7253.87353515625,7419.265,7331.035,2026-05-11 16:00:00+00:00,2026-08-11 15:00:00+00:00
2026-08-11,2026-08-11 18:59:21+00:00,online,BE,load,chronos2_online,Chronos2 with covariates,Solar+tso_forecast,2208,2026-08-12 03:00:00+00:00,7406.18505859375,7539.5225,7592.9175,2026-05-11 16:00:00+00:00,2026-08-11 15:00:00+00:00
2026-08-11,2026-08-11 18:59:21+00:00,online,BE,load,chronos2_online,Chronos2 with covariates,Solar+tso_forecast,2208,2026-08-12 04:00:00+00:00,7828.38671875,8020.967500000001,8111.1125,2026-05-11 16:00:00+00:00,2026-08-11 15:00:00+00:00
2026-08-11,2026-08-11 18:59:21+00:00,online,BE,load,chronos2_online,Chronos2 with covariates,Solar+tso_forecast,2208,2026-08-12 05:00:00+00:00,8428.25390625,8713.800000000001,8755.2675,2026-05-11 16:00:00+00:00,2026-08-11 15:00:00+00:00
2026-08-11,2026-08-11 18:59:21+00:00,online,BE,load,chronos2_online,Chronos2 with covariates,Solar+tso_forecast,2208,2026-08-12 06:00:00+00:00,8996.466796875,9222.9925,9413.25,2026-05-11 16:00:00+00:00,2026-08-11 15:00:00+00:00
2026-08-11,2026-08-11 18:59:21+00:00,online,BE,load,chronos2_online,Chronos2 with covariates,Solar+tso_forecast,2208,2026-08-12 07:00:00+00:00,9508.873046875,9671.025,9782.17,2026-05-11 16:00:00+00:00,2026-08-11 15:00:00+00:00
2026-08-11,2026-08-11 18:59:21+00:00,online,BE,load,chronos2_online,Chronos2 with covariates,Solar+tso_forecast,2208,2026-08-12 08:00:00+00:00,9924.8642578125,9953.2675,10219.1175,2026-05-11 16:00:00+00:00,2026-08-11 15:00:00+00:00
2026-08-11,2026-08-11 18:59:21+00:00,online,BE,load,chronos2_online,Chronos2 with covariates,Solar+tso_forecast,2208,2026-08-12 09:00:00+00:00,10231.177734375,10017.83,10707.52,2026-05-11 16:00:00+00:00,2026-08-11 15:00:00+00:00
2026-08-11,2026-08-11 18:59:21+00:00,online,BE,load,chronos2_online,Chronos2 with covariates,Solar+tso_forecast,2208,2026-08-12 10:00:00+00:00,10392.2568359375,10002.37,11075.9675,2026-05-11 16:00:00+00:00,2026-08-11 15:00:00+00:00
2026-08-11,2026-08-11 18:59:21+00:00,online,BE,load,chronos2_online,Chronos2 with covariates,Solar+tso_forecast,2208,2026-08-12 11:00:00+00:00,10411.939453125,10087.14,11135.075,2026-05-11 16:00:00+00:00,2026-08-11 15:00:00+00:00
2026-08-11,2026-08-11 18:59:21+00:00,online,BE,load,chronos2_online,Chronos2 with covariates,Solar+tso_forecast,2208,2026-08-12 12:00:00+00:00,10218.3505859375,9895.0575,10905.6375,2026-05-11 16:00:00+00:00,2026-08-11 15:00:00+00:00
2026-08-11,2026-08-11 18:59:21+00:00,online,BE,load,chronos2_online,Chronos2 with covariates,Solar+tso_forecast,2208,2026-08-12 13:00:00+00:00,9973.7255859375,9692.825,10579.33,2026-05-11 16:00:00+00:00,2026-08-11 15:00:00+00:00
2026-08-11,2026-08-11 18:59:21+00:00,online,BE,load,chronos2_online,Chronos2 with covariates,Solar+tso_forecast,2208,2026-08-12 14:00:00+00:00,9634.1650390625,9585.5475,10082.105,2026-05-11 16:00:00+00:00,2026-08-11 15:00:00+00:00
2026-08-11,2026-08-11 18:59:21+00:00,online,BE,load,chronos2_online,Chronos2 with covariates,Solar+tso_forecast,2208,2026-08-12 15:00:00+00:00,9392.890625,9605.8425,9952.725,2026-05-11 16:00:00+00:00,2026-08-11 15:00:00+00:00
2026-08-11,2026-08-11 18:59:21+00:00,online,BE,solar,tso_reference,TSO forecast,tso_forecast,2208,2026-08-11 16:00:00+00:00,2922.461493,2922.461493,2843.528,2026-05-11 16:00:00+00:00,2026-08-11 15:00:00+00:00
2026-08-11,2026-08-11 18:59:21+00:00,online,BE,solar,tso_reference,TSO forecast,tso_forecast,2208,2026-08-11 17:00:00+00:00,1232.507002,1232.507002,1384.931,2026-05-11 16:00:00+00:00,2026-08-11 15:00:00+00:00
2026-08-11,2026-08-11 18:59:21+00:00,online,BE,solar,tso_reference,TSO forecast,tso_forecast,2208,2026-08-11 18:00:00+00:00,255.52675,255.52675,348.3095,2026-05-11 16:00:00+00:00,2026-08-11 15:00:00+00:00
2026-08-11,2026-08-11 18:59:21+00:00,online,BE,solar,tso_reference,TSO forecast,tso_forecast,2208,2026-08-11 19:00:00+00:00,5.53275,5.53275,1.0835,2026-05-11 16:00:00+00:00,2026-08-11 15:00:00+00:00
2026-08-11,2026-08-11 18:59:21+00:00,online,BE,solar,tso_reference,TSO forecast,tso_forecast,2208,2026-08-11 20:00:00+00:00,0.0,0.0,0.0,2026-05-11 16:00:00+00:00,2026-08-11 15:00:00+00:00
2026-08-11,2026-08-11 18:59:21+00:00,online,BE,solar,tso_reference,TSO forecast,tso_forecast,2208,2026-08-11 21:00:00+00:00,0.0,0.0,0.0,2026-05-11 16:00:00+00:00,2026-08-11 15:00:00+00:00
2026-08-11,2026-08-11 18:59:21+00:00,online,BE,solar,tso_reference,TSO forecast,tso_forecast,2208,2026-08-11 22:00:00+00:00,0.0,0.0,0.0,2026-05-11 16:00:00+00:00,2026-08-11 15:00:00+00:00
2026-08-11,2026-08-11 18:59:21+00:00,online,BE,solar,tso_reference,TSO forecast,tso_forecast,2208,2026-08-11 23:00:00+00:00,0.0,0.0,0.0,2026-05-11 16:00:00+00:00,2026-08-11 15:00:00+00:00
2026-08-11,2026-08-11 18:59:21+00:00,online,BE,solar,tso_reference,TSO forecast,tso_forecast,2208,2026-08-12 00:00:00+00:00,0.0,0.0,0.0,2026-05-11 16:00:00+00:00,2026-08-11 15:00:00+00:00
2026-08-11,2026-08-11 18:59:21+00:00,online,BE,solar,tso_reference,TSO forecast,tso_forecast,2208,2026-08-12 01:00:00+00:00,0.0,0.0,0.0,2026-05-11 16:00:00+00:00,2026-08-11 15:00:00+00:00
2026-08-11,2026-08-11 18:59:21+00:00,online,BE,solar,tso_reference,TSO forecast,tso_forecast,2208,2026-08-12 02:00:00+00:00,0.0,0.0,0.0,2026-05-11 16:00:00+00:00,2026-08-11 15:00:00+00:00
2026-08-11,2026-08-11 18:59:21+00:00,online,BE,solar,tso_reference,TSO forecast,tso_forecast,2208,2026-08-12 03:00:00+00:00,0.0,0.0,0.0,2026-05-11 16:00:00+00:00,2026-08-11 15:00:00+00:00
2026-08-11,2026-08-11 18:59:21+00:00,online,BE,solar,tso_reference,TSO forecast,tso_forecast,2208,2026-08-12 04:00:00+00:00,53.74925,53.74925,45.6555,2026-05-11 16:00:00+00:00,2026-08-11 15:00:00+00:00
2026-08-11,2026-08-11 18:59:21+00:00,online,BE,solar,tso_reference,TSO forecast,tso_forecast,2208,2026-08-12 05:00:00+00:00,491.225749,491.225749,711.345,2026-05-11 16:00:00+00:00,2026-08-11 15:00:00+00:00
2026-08-11,2026-08-11 18:59:21+00:00,online,BE,solar,tso_reference,TSO forecast,tso_forecast,2208,2026-08-12 06:00:00+00:00,1759.273754,1759.273754,2010.21225,2026-05-11 16:00:00+00:00,2026-08-11 15:00:00+00:00
2026-08-11,2026-08-11 18:59:21+00:00,online,BE,solar,tso_reference,TSO forecast,tso_forecast,2208,2026-08-12 07:00:00+00:00,3476.620503,3476.620503,3594.179,2026-05-11 16:00:00+00:00,2026-08-11 15:00:00+00:00
2026-08-11,2026-08-11 18:59:21+00:00,online,BE,solar,tso_reference,TSO forecast,tso_forecast,2208,2026-08-12 08:00:00+00:00,5353.245004,5353.245004,5230.765,2026-05-11 16:00:00+00:00,2026-08-11 15:00:00+00:00
2026-08-11,2026-08-11 18:59:21+00:00,online,BE,solar,tso_reference,TSO forecast,tso_forecast,2208,2026-08-12 09:00:00+00:00,6816.169012,6816.169012,6569.498,2026-05-11 16:00:00+00:00,2026-08-11 15:00:00+00:00
2026-08-11,2026-08-11 18:59:21+00:00,online,BE,solar,tso_reference,TSO forecast,tso_forecast,2208,2026-08-12 10:00:00+00:00,7686.644498,7686.644498,7511.228,2026-05-11 16:00:00+00:00,2026-08-11 15:00:00+00:00
2026-08-11,2026-08-11 18:59:21+00:00,online,BE,solar,tso_reference,TSO forecast,tso_forecast,2208,2026-08-12 11:00:00+00:00,8056.677752,8056.677752,7896.12375,2026-05-11 16:00:00+00:00,2026-08-11 15:00:00+00:00
2026-08-11,2026-08-11 18:59:21+00:00,online,BE,solar,tso_reference,TSO forecast,tso_forecast,2208,2026-08-12 12:00:00+00:00,7981.507743,7981.507743,7760.43775,2026-05-11 16:00:00+00:00,2026-08-11 15:00:00+00:00
2026-08-11,2026-08-11 18:59:21+00:00,online,BE,solar,tso_reference,TSO forecast,tso_forecast,2208,2026-08-12 13:00:00+00:00,7397.437501,7397.437501,7116.984,2026-05-11 16:00:00+00:00,2026-08-11 15:00:00+00:00
2026-08-11,2026-08-11 18:59:21+00:00,online,BE,solar,tso_reference,TSO forecast,tso_forecast,2208,2026-08-12 14:00:00+00:00,6193.124999,6193.124999,5933.8615,2026-05-11 16:00:00+00:00,2026-08-11 15:00:00+00:00
2026-08-11,2026-08-11 18:59:21+00:00,online,BE,solar,tso_reference,TSO forecast,tso_forecast,2208,2026-08-12 15:00:00+00:00,4611.548748,4611.548748,4433.1275,2026-05-11 16:00:00+00:00,2026-08-11 15:00:00+00:00
2026-08-11,2026-08-11 18:59:21+00:00,online,BE,solar,persistence,Persistence,daily_persistence,2208,2026-08-11 16:00:00+00:00,2749.793,2922.461493,2843.528,2026-05-11 16:00:00+00:00,2026-08-11 15:00:00+00:00
2026-08-11,2026-08-11 18:59:21+00:00,online,BE,solar,persistence,Persistence,daily_persistence,2208,2026-08-11 17:00:00+00:00,1327.0715,1232.507002,1384.931,2026-05-11 16:00:00+00:00,2026-08-11 15:00:00+00:00
2026-08-11,2026-08-11 18:59:21+00:00,online,BE,solar,persistence,Persistence,daily_persistence,2208,2026-08-11 18:00:00+00:00,349.8675,255.52675,348.3095,2026-05-11 16:00:00+00:00,2026-08-11 15:00:00+00:00
2026-08-11,2026-08-11 18:59:21+00:00,online,BE,solar,persistence,Persistence,daily_persistence,2208,2026-08-11 19:00:00+00:00,1.05225,5.53275,1.0835,2026-05-11 16:00:00+00:00,2026-08-11 15:00:00+00:00
2026-08-11,2026-08-11 18:59:21+00:00,online,BE,solar,persistence,Persistence,daily_persistence,2208,2026-08-11 20:00:00+00:00,0.0,0.0,0.0,2026-05-11 16:00:00+00:00,2026-08-11 15:00:00+00:00
2026-08-11,2026-08-11 18:59:21+00:00,online,BE,solar,persistence,Persistence,daily_persistence,2208,2026-08-11 21:00:00+00:00,0.0,0.0,0.0,2026-05-11 16:00:00+00:00,2026-08-11 15:00:00+00:00
2026-08-11,2026-08-11 18:59:21+00:00,online,BE,solar,persistence,Persistence,daily_persistence,2208,2026-08-11 22:00:00+00:00,0.0,0.0,0.0,2026-05-11 16:00:00+00:00,2026-08-11 15:00:00+00:00
2026-08-11,2026-08-11 18:59:21+00:00,online,BE,solar,persistence,Persistence,daily_persistence,2208,2026-08-11 23:00:00+00:00,0.0,0.0,0.0,2026-05-11 16:00:00+00:00,2026-08-11 15:00:00+00:00
2026-08-11,2026-08-11 18:59:21+00:00,online,BE,solar,persistence,Persistence,daily_persistence,2208,2026-08-12 00:00:00+00:00,0.0,0.0,0.0,2026-05-11 16:00:00+00:00,2026-08-11 15:00:00+00:00
2026-08-11,2026-08-11 18:59:21+00:00,online,BE,solar,persistence,Persistence,daily_persistence,2208,2026-08-12 01:00:00+00:00,0.0,0.0,0.0,2026-05-11 16:00:00+00:00,2026-08-11 15:00:00+00:00
2026-08-11,2026-08-11 18:59:21+00:00,online,BE,solar,persistence,Persistence,daily_persistence,2208,2026-08-12 02:00:00+00:00,0.0,0.0,0.0,2026-05-11 16:00:00+00:00,2026-08-11 15:00:00+00:00
2026-08-11,2026-08-11 18:59:21+00:00,online,BE,solar,persistence,Persistence,daily_persistence,2208,2026-08-12 03:00:00+00:00,0.0,0.0,0.0,2026-05-11 16:00:00+00:00,2026-08-11 15:00:00+00:00
2026-08-11,2026-08-11 18:59:21+00:00,online,BE,solar,persistence,Persistence,daily_persistence,2208,2026-08-12 04:00:00+00:00,51.879,53.74925,45.6555,2026-05-11 16:00:00+00:00,2026-08-11 15:00:00+00:00
2026-08-11,2026-08-11 18:59:21+00:00,online,BE,solar,persistence,Persistence,daily_persistence,2208,2026-08-12 05:00:00+00:00,728.69825,491.225749,711.345,2026-05-11 16:00:00+00:00,2026-08-11 15:00:00+00:00
2026-08-11,2026-08-11 18:59:21+00:00,online,BE,solar,persistence,Persistence,daily_persistence,2208,2026-08-12 06:00:00+00:00,2038.68175,1759.273754,2010.21225,2026-05-11 16:00:00+00:00,2026-08-11 15:00:00+00:00
2026-08-11,2026-08-11 18:59:21+00:00,online,BE,solar,persistence,Persistence,daily_persistence,2208,2026-08-12 07:00:00+00:00,3658.46575,3476.620503,3594.179,2026-05-11 16:00:00+00:00,2026-08-11 15:00:00+00:00
2026-08-11,2026-08-11 18:59:21+00:00,online,BE,solar,persistence,Persistence,daily_persistence,2208,2026-08-12 08:00:00+00:00,5299.14625,5353.245004,5230.765,2026-05-11 16:00:00+00:00,2026-08-11 15:00:00+00:00
2026-08-11,2026-08-11 18:59:21+00:00,online,BE,solar,persistence,Persistence,daily_persistence,2208,2026-08-12 09:00:00+00:00,6728.72925,6816.169012,6569.498,2026-05-11 16:00:00+00:00,2026-08-11 15:00:00+00:00
2026-08-11,2026-08-11 18:59:21+00:00,online,BE,solar,persistence,Persistence,daily_persistence,2208,2026-08-12 10:00:00+00:00,7673.81825,7686.644498,7511.228,2026-05-11 16:00:00+00:00,2026-08-11 15:00:00+00:00
2026-08-11,2026-08-11 18:59:21+00:00,online,BE,solar,persistence,Persistence,daily_persistence,2208,2026-08-12 11:00:00+00:00,8091.654,8056.677752,7896.12375,2026-05-11 16:00:00+00:00,2026-08-11 15:00:00+00:00
2026-08-11,2026-08-11 18:59:21+00:00,online,BE,solar,persistence,Persistence,daily_persistence,2208,2026-08-12 12:00:00+00:00,7984.72975,7981.507743,7760.43775,2026-05-11 16:00:00+00:00,2026-08-11 15:00:00+00:00
2026-08-11,2026-08-11 18:59:21+00:00,online,BE,solar,persistence,Persistence,daily_persistence,2208,2026-08-12 13:00:00+00:00,7342.48575,7397.437501,7116.984,2026-05-11 16:00:00+00:00,2026-08-11 15:00:00+00:00
2026-08-11,2026-08-11 18:59:21+00:00,online,BE,solar,persistence,Persistence,daily_persistence,2208,2026-08-12 14:00:00+00:00,6124.5615,6193.124999,5933.8615,2026-05-11 16:00:00+00:00,2026-08-11 15:00:00+00:00
2026-08-11,2026-08-11 18:59:21+00:00,online,BE,solar,persistence,Persistence,daily_persistence,2208,2026-08-12 15:00:00+00:00,4576.49825,4611.548748,4433.1275,2026-05-11 16:00:00+00:00,2026-08-11 15:00:00+00:00
2026-08-11,2026-08-11 18:59:21+00:00,online,BE,solar,chronos2_online,Chronos2 with covariates,weather_4p+tso_forecast,2208,2026-08-11 16:00:00+00:00,2732.30908203125,2922.461493,2843.528,2026-05-11 16:00:00+00:00,2026-08-11 15:00:00+00:00
2026-08-11,2026-08-11 18:59:21+00:00,online,BE,solar,chronos2_online,Chronos2 with covariates,weather_4p+tso_forecast,2208,2026-08-11 17:00:00+00:00,1355.8336181640625,1232.507002,1384.931,2026-05-11 16:00:00+00:00,2026-08-11 15:00:00+00:00
2026-08-11,2026-08-11 18:59:21+00:00,online,BE,solar,chronos2_online,Chronos2 with covariates,weather_4p+tso_forecast,2208,2026-08-11 18:00:00+00:00,351.958251953125,255.52675,348.3095,2026-05-11 16:00:00+00:00,2026-08-11 15:00:00+00:00
2026-08-11,2026-08-11 18:59:21+00:00,online,BE,solar,chronos2_online,Chronos2 with covariates,weather_4p+tso_forecast,2208,2026-08-11 19:00:00+00:00,75.114501953125,5.53275,1.0835,2026-05-11 16:00:00+00:00,2026-08-11 15:00:00+00:00
2026-08-11,2026-08-11 18:59:21+00:00,online,BE,solar,chronos2_online,Chronos2 with covariates,weather_4p+tso_forecast,2208,2026-08-11 20:00:00+00:00,24.106201171875,0.0,0.0,2026-05-11 16:00:00+00:00,2026-08-11 15:00:00+00:00
2026-08-11,2026-08-11 18:59:21+00:00,online,BE,solar,chronos2_online,Chronos2 with covariates,weather_4p+tso_forecast,2208,2026-08-11 21:00:00+00:00,37.815185546875,0.0,0.0,2026-05-11 16:00:00+00:00,2026-08-11 15:00:00+00:00
2026-08-11,2026-08-11 18:59:21+00:00,online,BE,solar,chronos2_online,Chronos2 with covariates,weather_4p+tso_forecast,2208,2026-08-11 22:00:00+00:00,48.408935546875,0.0,0.0,2026-05-11 16:00:00+00:00,2026-08-11 15:00:00+00:00
2026-08-11,2026-08-11 18:59:21+00:00,online,BE,solar,chronos2_online,Chronos2 with covariates,weather_4p+tso_forecast,2208,2026-08-11 23:00:00+00:00,42.638671875,0.0,0.0,2026-05-11 16:00:00+00:00,2026-08-11 15:00:00+00:00
2026-08-11,2026-08-11 18:59:21+00:00,online,BE,solar,chronos2_online,Chronos2 with covariates,weather_4p+tso_forecast,2208,2026-08-12 00:00:00+00:00,46.636474609375,0.0,0.0,2026-05-11 16:00:00+00:00,2026-08-11 15:00:00+00:00
2026-08-11,2026-08-11 18:59:21+00:00,online,BE,solar,chronos2_online,Chronos2 with covariates,weather_4p+tso_forecast,2208,2026-08-12 01:00:00+00:00,50.167236328125,0.0,0.0,2026-05-11 16:00:00+00:00,2026-08-11 15:00:00+00:00
2026-08-11,2026-08-11 18:59:21+00:00,online,BE,solar,chronos2_online,Chronos2 with covariates,weather_4p+tso_forecast,2208,2026-08-12 02:00:00+00:00,13.8935546875,0.0,0.0,2026-05-11 16:00:00+00:00,2026-08-11 15:00:00+00:00
2026-08-11,2026-08-11 18:59:21+00:00,online,BE,solar,chronos2_online,Chronos2 with covariates,weather_4p+tso_forecast,2208,2026-08-12 03:00:00+00:00,14.4052734375,0.0,0.0,2026-05-11 16:00:00+00:00,2026-08-11 15:00:00+00:00
2026-08-11,2026-08-11 18:59:21+00:00,online,BE,solar,chronos2_online,Chronos2 with covariates,weather_4p+tso_forecast,2208,2026-08-12 04:00:00+00:00,84.96826171875,53.74925,45.6555,2026-05-11 16:00:00+00:00,2026-08-11 15:00:00+00:00
2026-08-11,2026-08-11 18:59:21+00:00,online,BE,solar,chronos2_online,Chronos2 with covariates,weather_4p+tso_forecast,2208,2026-08-12 05:00:00+00:00,596.8729248046875,491.225749,711.345,2026-05-11 16:00:00+00:00,2026-08-11 15:00:00+00:00
2026-08-11,2026-08-11 18:59:21+00:00,online,BE,solar,chronos2_online,Chronos2 with covariates,weather_4p+tso_forecast,2208,2026-08-12 06:00:00+00:00,1879.5640869140625,1759.273754,2010.21225,2026-05-11 16:00:00+00:00,2026-08-11 15:00:00+00:00
2026-08-11,2026-08-11 18:59:21+00:00,online,BE,solar,chronos2_online,Chronos2 with covariates,weather_4p+tso_forecast,2208,2026-08-12 07:00:00+00:00,3551.500244140625,3476.620503,3594.179,2026-05-11 16:00:00+00:00,2026-08-11 15:00:00+00:00
2026-08-11,2026-08-11 18:59:21+00:00,online,BE,solar,chronos2_online,Chronos2 with covariates,weather_4p+tso_forecast,2208,2026-08-12 08:00:00+00:00,5271.2861328125,5353.245004,5230.765,2026-05-11 16:00:00+00:00,2026-08-11 15:00:00+00:00
2026-08-11,2026-08-11 18:59:21+00:00,online,BE,solar,chronos2_online,Chronos2 with covariates,weather_4p+tso_forecast,2208,2026-08-12 09:00:00+00:00,6689.0888671875,6816.169012,6569.498,2026-05-11 16:00:00+00:00,2026-08-11 15:00:00+00:00
2026-08-11,2026-08-11 18:59:21+00:00,online,BE,solar,chronos2_online,Chronos2 with covariates,weather_4p+tso_forecast,2208,2026-08-12 10:00:00+00:00,7475.0634765625,7686.644498,7511.228,2026-05-11 16:00:00+00:00,2026-08-11 15:00:00+00:00
2026-08-11,2026-08-11 18:59:21+00:00,online,BE,solar,chronos2_online,Chronos2 with covariates,weather_4p+tso_forecast,2208,2026-08-12 11:00:00+00:00,7798.98828125,8056.677752,7896.12375,2026-05-11 16:00:00+00:00,2026-08-11 15:00:00+00:00
2026-08-11,2026-08-11 18:59:21+00:00,online,BE,solar,chronos2_online,Chronos2 with covariates,weather_4p+tso_forecast,2208,2026-08-12 12:00:00+00:00,7541.3193359375,7981.507743,7760.43775,2026-05-11 16:00:00+00:00,2026-08-11 15:00:00+00:00
2026-08-11,2026-08-11 18:59:21+00:00,online,BE,solar,chronos2_online,Chronos2 with covariates,weather_4p+tso_forecast,2208,2026-08-12 13:00:00+00:00,6822.408203125,7397.437501,7116.984,2026-05-11 16:00:00+00:00,2026-08-11 15:00:00+00:00
2026-08-11,2026-08-11 18:59:21+00:00,online,BE,solar,chronos2_online,Chronos2 with covariates,weather_4p+tso_forecast,2208,2026-08-12 14:00:00+00:00,5709.380859375,6193.124999,5933.8615,2026-05-11 16:00:00+00:00,2026-08-11 15:00:00+00:00
2026-08-11,2026-08-11 18:59:21+00:00,online,BE,solar,chronos2_online,Chronos2 with covariates,weather_4p+tso_forecast,2208,2026-08-12 15:00:00+00:00,4354.521484375,4611.548748,4433.1275,2026-05-11 16:00:00+00:00,2026-08-11 15:00:00+00:00
2026-08-11,2026-08-11 18:59:21+00:00,online,BE,solar,xgboost_online,XGBoost with covariates,weather_4p+tso_forecast,2208,2026-08-11 16:00:00+00:00,2879.957275390625,2922.461493,2843.528,2026-05-11 16:00:00+00:00,2026-08-11 15:00:00+00:00
2026-08-11,2026-08-11 18:59:21+00:00,online,BE,solar,xgboost_online,XGBoost with covariates,weather_4p+tso_forecast,2208,2026-08-11 17:00:00+00:00,1403.6363525390625,1232.507002,1384.931,2026-05-11 16:00:00+00:00,2026-08-11 15:00:00+00:00
2026-08-11,2026-08-11 18:59:21+00:00,online,BE,solar,xgboost_online,XGBoost with covariates,weather_4p+tso_forecast,2208,2026-08-11 18:00:00+00:00,341.8874816894531,255.52675,348.3095,2026-05-11 16:00:00+00:00,2026-08-11 15:00:00+00:00
2026-08-11,2026-08-11 18:59:21+00:00,online,BE,solar,xgboost_online,XGBoost with covariates,weather_4p+tso_forecast,2208,2026-08-11 19:00:00+00:00,102.14299011230467,5.53275,1.0835,2026-05-11 16:00:00+00:00,2026-08-11 15:00:00+00:00
2026-08-11,2026-08-11 18:59:21+00:00,online,BE,solar,xgboost_online,XGBoost with covariates,weather_4p+tso_forecast,2208,2026-08-11 20:00:00+00:00,40.0274772644043,0.0,0.0,2026-05-11 16:00:00+00:00,2026-08-11 15:00:00+00:00
2026-08-11,2026-08-11 18:59:21+00:00,online,BE,solar,xgboost_online,XGBoost with covariates,weather_4p+tso_forecast,2208,2026-08-11 21:00:00+00:00,40.0274772644043,0.0,0.0,2026-05-11 16:00:00+00:00,2026-08-11 15:00:00+00:00
2026-08-11,2026-08-11 18:59:21+00:00,online,BE,solar,xgboost_online,XGBoost with covariates,weather_4p+tso_forecast,2208,2026-08-11 22:00:00+00:00,40.0274772644043,0.0,0.0,2026-05-11 16:00:00+00:00,2026-08-11 15:00:00+00:00
2026-08-11,2026-08-11 18:59:21+00:00,online,BE,solar,xgboost_online,XGBoost with covariates,weather_4p+tso_forecast,2208,2026-08-11 23:00:00+00:00,40.0274772644043,0.0,0.0,2026-05-11 16:00:00+00:00,2026-08-11 15:00:00+00:00
2026-08-11,2026-08-11 18:59:21+00:00,online,BE,solar,xgboost_online,XGBoost with covariates,weather_4p+tso_forecast,2208,2026-08-12 00:00:00+00:00,51.62641906738281,0.0,0.0,2026-05-11 16:00:00+00:00,2026-08-11 15:00:00+00:00
2026-08-11,2026-08-11 18:59:21+00:00,online,BE,solar,xgboost_online,XGBoost with covariates,weather_4p+tso_forecast,2208,2026-08-12 01:00:00+00:00,51.62641906738281,0.0,0.0,2026-05-11 16:00:00+00:00,2026-08-11 15:00:00+00:00
2026-08-11,2026-08-11 18:59:21+00:00,online,BE,solar,xgboost_online,XGBoost with covariates,weather_4p+tso_forecast,2208,2026-08-12 02:00:00+00:00,51.62641906738281,0.0,0.0,2026-05-11 16:00:00+00:00,2026-08-11 15:00:00+00:00
2026-08-11,2026-08-11 18:59:21+00:00,online,BE,solar,xgboost_online,XGBoost with covariates,weather_4p+tso_forecast,2208,2026-08-12 03:00:00+00:00,51.62641906738281,0.0,0.0,2026-05-11 16:00:00+00:00,2026-08-11 15:00:00+00:00
2026-08-11,2026-08-11 18:59:21+00:00,online,BE,solar,xgboost_online,XGBoost with covariates,weather_4p+tso_forecast,2208,2026-08-12 04:00:00+00:00,51.62641906738281,53.74925,45.6555,2026-05-11 16:00:00+00:00,2026-08-11 15:00:00+00:00
2026-08-11,2026-08-11 18:59:21+00:00,online,BE,solar,xgboost_online,XGBoost with covariates,weather_4p+tso_forecast,2208,2026-08-12 05:00:00+00:00,546.9681396484375,491.225749,711.345,2026-05-11 16:00:00+00:00,2026-08-11 15:00:00+00:00
2026-08-11,2026-08-11 18:59:21+00:00,online,BE,solar,xgboost_online,XGBoost with covariates,weather_4p+tso_forecast,2208,2026-08-12 06:00:00+00:00,1710.38671875,1759.273754,2010.21225,2026-05-11 16:00:00+00:00,2026-08-11 15:00:00+00:00
2026-08-11,2026-08-11 18:59:21+00:00,online,BE,solar,xgboost_online,XGBoost with covariates,weather_4p+tso_forecast,2208,2026-08-12 07:00:00+00:00,3427.62353515625,3476.620503,3594.179,2026-05-11 16:00:00+00:00,2026-08-11 15:00:00+00:00
2026-08-11,2026-08-11 18:59:21+00:00,online,BE,solar,xgboost_online,XGBoost with covariates,weather_4p+tso_forecast,2208,2026-08-12 08:00:00+00:00,5094.802734375,5353.245004,5230.765,2026-05-11 16:00:00+00:00,2026-08-11 15:00:00+00:00
2026-08-11,2026-08-11 18:59:21+00:00,online,BE,solar,xgboost_online,XGBoost with covariates,weather_4p+tso_forecast,2208,2026-08-12 09:00:00+00:00,6430.7939453125,6816.169012,6569.498,2026-05-11 16:00:00+00:00,2026-08-11 15:00:00+00:00
2026-08-11,2026-08-11 18:59:21+00:00,online,BE,solar,xgboost_online,XGBoost with covariates,weather_4p+tso_forecast,2208,2026-08-12 10:00:00+00:00,7437.36669921875,7686.644498,7511.228,2026-05-11 16:00:00+00:00,2026-08-11 15:00:00+00:00
2026-08-11,2026-08-11 18:59:21+00:00,online,BE,solar,xgboost_online,XGBoost with covariates,weather_4p+tso_forecast,2208,2026-08-12 11:00:00+00:00,7574.8359375,8056.677752,7896.12375,2026-05-11 16:00:00+00:00,2026-08-11 15:00:00+00:00
2026-08-11,2026-08-11 18:59:21+00:00,online,BE,solar,xgboost_online,XGBoost with covariates,weather_4p+tso_forecast,2208,2026-08-12 12:00:00+00:00,7580.52685546875,7981.507743,7760.43775,2026-05-11 16:00:00+00:00,2026-08-11 15:00:00+00:00
2026-08-11,2026-08-11 18:59:21+00:00,online,BE,solar,xgboost_online,XGBoost with covariates,weather_4p+tso_forecast,2208,2026-08-12 13:00:00+00:00,7219.76708984375,7397.437501,7116.984,2026-05-11 16:00:00+00:00,2026-08-11 15:00:00+00:00
2026-08-11,2026-08-11 18:59:21+00:00,online,BE,solar,xgboost_online,XGBoost with covariates,weather_4p+tso_forecast,2208,2026-08-12 14:00:00+00:00,5973.41162109375,6193.124999,5933.8615,2026-05-11 16:00:00+00:00,2026-08-11 15:00:00+00:00
2026-08-11,2026-08-11 18:59:21+00:00,online,BE,solar,xgboost_online,XGBoost with covariates,weather_4p+tso_forecast,2208,2026-08-12 15:00:00+00:00,4489.5693359375,4611.548748,4433.1275,2026-05-11 16:00:00+00:00,2026-08-11 15:00:00+00:00
2026-08-11,2026-08-11 18:59:21+00:00,online,BE,wind_onshore,tso_reference,TSO forecast,tso_forecast,2208,2026-08-11 16:00:00+00:00,543.075,543.075,731.72167,2026-05-11 16:00:00+00:00,2026-08-11 15:00:00+00:00
2026-08-11,2026-08-11 18:59:21+00:00,online,BE,wind_onshore,tso_reference,TSO forecast,tso_forecast,2208,2026-08-11 17:00:00+00:00,604.65,604.65,814.680926,2026-05-11 16:00:00+00:00,2026-08-11 15:00:00+00:00
2026-08-11,2026-08-11 18:59:21+00:00,online,BE,wind_onshore,tso_reference,TSO forecast,tso_forecast,2208,2026-08-11 18:00:00+00:00,672.6,672.6,823.864887,2026-05-11 16:00:00+00:00,2026-08-11 15:00:00+00:00
2026-08-11,2026-08-11 18:59:21+00:00,online,BE,wind_onshore,tso_reference,TSO forecast,tso_forecast,2208,2026-08-11 19:00:00+00:00,762.5,762.5,1098.202975,2026-05-11 16:00:00+00:00,2026-08-11 15:00:00+00:00
2026-08-11,2026-08-11 18:59:21+00:00,online,BE,wind_onshore,tso_reference,TSO forecast,tso_forecast,2208,2026-08-11 20:00:00+00:00,840.875,840.875,1297.014862,2026-05-11 16:00:00+00:00,2026-08-11 15:00:00+00:00
2026-08-11,2026-08-11 18:59:21+00:00,online,BE,wind_onshore,tso_reference,TSO forecast,tso_forecast,2208,2026-08-11 21:00:00+00:00,899.35,899.35,1355.756756,2026-05-11 16:00:00+00:00,2026-08-11 15:00:00+00:00
2026-08-11,2026-08-11 18:59:21+00:00,online,BE,wind_onshore,tso_reference,TSO forecast,tso_forecast,2208,2026-08-11 22:00:00+00:00,1011.675,1011.675,1405.513568,2026-05-11 16:00:00+00:00,2026-08-11 15:00:00+00:00
2026-08-11,2026-08-11 18:59:21+00:00,online,BE,wind_onshore,tso_reference,TSO forecast,tso_forecast,2208,2026-08-11 23:00:00+00:00,1016.05,1016.05,1370.501565,2026-05-11 16:00:00+00:00,2026-08-11 15:00:00+00:00
2026-08-11,2026-08-11 18:59:21+00:00,online,BE,wind_onshore,tso_reference,TSO forecast,tso_forecast,2208,2026-08-12 00:00:00+00:00,997.975,997.975,1289.710546,2026-05-11 16:00:00+00:00,2026-08-11 15:00:00+00:00
2026-08-11,2026-08-11 18:59:21+00:00,online,BE,wind_onshore,tso_reference,TSO forecast,tso_forecast,2208,2026-08-12 01:00:00+00:00,955.975,955.975,1195.08259,2026-05-11 16:00:00+00:00,2026-08-11 15:00:00+00:00
2026-08-11,2026-08-11 18:59:21+00:00,online,BE,wind_onshore,tso_reference,TSO forecast,tso_forecast,2208,2026-08-12 02:00:00+00:00,890.4,890.4,1137.047158,2026-05-11 16:00:00+00:00,2026-08-11 15:00:00+00:00
2026-08-11,2026-08-11 18:59:21+00:00,online,BE,wind_onshore,tso_reference,TSO forecast,tso_forecast,2208,2026-08-12 03:00:00+00:00,824.7,824.7,1017.816039,2026-05-11 16:00:00+00:00,2026-08-11 15:00:00+00:00
2026-08-11,2026-08-11 18:59:21+00:00,online,BE,wind_onshore,tso_reference,TSO forecast,tso_forecast,2208,2026-08-12 04:00:00+00:00,754.65,754.65,932.689975,2026-05-11 16:00:00+00:00,2026-08-11 15:00:00+00:00
2026-08-11,2026-08-11 18:59:21+00:00,online,BE,wind_onshore,tso_reference,TSO forecast,tso_forecast,2208,2026-08-12 05:00:00+00:00,683.95,683.95,697.243574,2026-05-11 16:00:00+00:00,2026-08-11 15:00:00+00:00
2026-08-11,2026-08-11 18:59:21+00:00,online,BE,wind_onshore,tso_reference,TSO forecast,tso_forecast,2208,2026-08-12 06:00:00+00:00,473.625,473.625,354.67804,2026-05-11 16:00:00+00:00,2026-08-11 15:00:00+00:00
2026-08-11,2026-08-11 18:59:21+00:00,online,BE,wind_onshore,tso_reference,TSO forecast,tso_forecast,2208,2026-08-12 07:00:00+00:00,281.425,281.425,121.990795,2026-05-11 16:00:00+00:00,2026-08-11 15:00:00+00:00
2026-08-11,2026-08-11 18:59:21+00:00,online,BE,wind_onshore,tso_reference,TSO forecast,tso_forecast,2208,2026-08-12 08:00:00+00:00,203.6,203.6,84.168543,2026-05-11 16:00:00+00:00,2026-08-11 15:00:00+00:00
2026-08-11,2026-08-11 18:59:21+00:00,online,BE,wind_onshore,tso_reference,TSO forecast,tso_forecast,2208,2026-08-12 09:00:00+00:00,173.575,173.575,93.934854,2026-05-11 16:00:00+00:00,2026-08-11 15:00:00+00:00
2026-08-11,2026-08-11 18:59:21+00:00,online,BE,wind_onshore,tso_reference,TSO forecast,tso_forecast,2208,2026-08-12 10:00:00+00:00,170.6,170.6,149.268935,2026-05-11 16:00:00+00:00,2026-08-11 15:00:00+00:00
2026-08-11,2026-08-11 18:59:21+00:00,online,BE,wind_onshore,tso_reference,TSO forecast,tso_forecast,2208,2026-08-12 11:00:00+00:00,174.225,174.225,181.537044,2026-05-11 16:00:00+00:00,2026-08-11 15:00:00+00:00
2026-08-11,2026-08-11 18:59:21+00:00,online,BE,wind_onshore,tso_reference,TSO forecast,tso_forecast,2208,2026-08-12 12:00:00+00:00,172.75,172.75,194.690135,2026-05-11 16:00:00+00:00,2026-08-11 15:00:00+00:00
2026-08-11,2026-08-11 18:59:21+00:00,online,BE,wind_onshore,tso_reference,TSO forecast,tso_forecast,2208,2026-08-12 13:00:00+00:00,184.525,184.525,250.036676,2026-05-11 16:00:00+00:00,2026-08-11 15:00:00+00:00
2026-08-11,2026-08-11 18:59:21+00:00,online,BE,wind_onshore,tso_reference,TSO forecast,tso_forecast,2208,2026-08-12 14:00:00+00:00,218.6,218.6,318.824658,2026-05-11 16:00:00+00:00,2026-08-11 15:00:00+00:00
2026-08-11,2026-08-11 18:59:21+00:00,online,BE,wind_onshore,tso_reference,TSO forecast,tso_forecast,2208,2026-08-12 15:00:00+00:00,273.7,273.7,388.382701,2026-05-11 16:00:00+00:00,2026-08-11 15:00:00+00:00
2026-08-11,2026-08-11 18:59:21+00:00,online,BE,wind_onshore,persistence,Persistence,daily_persistence,2208,2026-08-11 16:00:00+00:00,650.167609,543.075,731.72167,2026-05-11 16:00:00+00:00,2026-08-11 15:00:00+00:00
2026-08-11,2026-08-11 18:59:21+00:00,online,BE,wind_onshore,persistence,Persistence,daily_persistence,2208,2026-08-11 17:00:00+00:00,710.997361,604.65,814.680926,2026-05-11 16:00:00+00:00,2026-08-11 15:00:00+00:00
2026-08-11,2026-08-11 18:59:21+00:00,online,BE,wind_onshore,persistence,Persistence,daily_persistence,2208,2026-08-11 18:00:00+00:00,776.598932,672.6,823.864887,2026-05-11 16:00:00+00:00,2026-08-11 15:00:00+00:00
2026-08-11,2026-08-11 18:59:21+00:00,online,BE,wind_onshore,persistence,Persistence,daily_persistence,2208,2026-08-11 19:00:00+00:00,596.904722,762.5,1098.202975,2026-05-11 16:00:00+00:00,2026-08-11 15:00:00+00:00
2026-08-11,2026-08-11 18:59:21+00:00,online,BE,wind_onshore,persistence,Persistence,daily_persistence,2208,2026-08-11 20:00:00+00:00,530.499698,840.875,1297.014862,2026-05-11 16:00:00+00:00,2026-08-11 15:00:00+00:00
2026-08-11,2026-08-11 18:59:21+00:00,online,BE,wind_onshore,persistence,Persistence,daily_persistence,2208,2026-08-11 21:00:00+00:00,457.690032,899.35,1355.756756,2026-05-11 16:00:00+00:00,2026-08-11 15:00:00+00:00
2026-08-11,2026-08-11 18:59:21+00:00,online,BE,wind_onshore,persistence,Persistence,daily_persistence,2208,2026-08-11 22:00:00+00:00,578.801681,1011.675,1405.513568,2026-05-11 16:00:00+00:00,2026-08-11 15:00:00+00:00
2026-08-11,2026-08-11 18:59:21+00:00,online,BE,wind_onshore,persistence,Persistence,daily_persistence,2208,2026-08-11 23:00:00+00:00,842.50987,1016.05,1370.501565,2026-05-11 16:00:00+00:00,2026-08-11 15:00:00+00:00
2026-08-11,2026-08-11 18:59:21+00:00,online,BE,wind_onshore,persistence,Persistence,daily_persistence,2208,2026-08-12 00:00:00+00:00,776.075381,997.975,1289.710546,2026-05-11 16:00:00+00:00,2026-08-11 15:00:00+00:00
2026-08-11,2026-08-11 18:59:21+00:00,online,BE,wind_onshore,persistence,Persistence,daily_persistence,2208,2026-08-12 01:00:00+00:00,743.458816,955.975,1195.08259,2026-05-11 16:00:00+00:00,2026-08-11 15:00:00+00:00
2026-08-11,2026-08-11 18:59:21+00:00,online,BE,wind_onshore,persistence,Persistence,daily_persistence,2208,2026-08-12 02:00:00+00:00,840.662111,890.4,1137.047158,2026-05-11 16:00:00+00:00,2026-08-11 15:00:00+00:00
2026-08-11,2026-08-11 18:59:21+00:00,online,BE,wind_onshore,persistence,Persistence,daily_persistence,2208,2026-08-12 03:00:00+00:00,892.886964,824.7,1017.816039,2026-05-11 16:00:00+00:00,2026-08-11 15:00:00+00:00
2026-08-11,2026-08-11 18:59:21+00:00,online,BE,wind_onshore,persistence,Persistence,daily_persistence,2208,2026-08-12 04:00:00+00:00,925.953522,754.65,932.689975,2026-05-11 16:00:00+00:00,2026-08-11 15:00:00+00:00
2026-08-11,2026-08-11 18:59:21+00:00,online,BE,wind_onshore,persistence,Persistence,daily_persistence,2208,2026-08-12 05:00:00+00:00,774.950727,683.95,697.243574,2026-05-11 16:00:00+00:00,2026-08-11 15:00:00+00:00
2026-08-11,2026-08-11 18:59:21+00:00,online,BE,wind_onshore,persistence,Persistence,daily_persistence,2208,2026-08-12 06:00:00+00:00,441.249332,473.625,354.67804,2026-05-11 16:00:00+00:00,2026-08-11 15:00:00+00:00
2026-08-11,2026-08-11 18:59:21+00:00,online,BE,wind_onshore,persistence,Persistence,daily_persistence,2208,2026-08-12 07:00:00+00:00,406.032173,281.425,121.990795,2026-05-11 16:00:00+00:00,2026-08-11 15:00:00+00:00
2026-08-11,2026-08-11 18:59:21+00:00,online,BE,wind_onshore,persistence,Persistence,daily_persistence,2208,2026-08-12 08:00:00+00:00,423.062111,203.6,84.168543,2026-05-11 16:00:00+00:00,2026-08-11 15:00:00+00:00
2026-08-11,2026-08-11 18:59:21+00:00,online,BE,wind_onshore,persistence,Persistence,daily_persistence,2208,2026-08-12 09:00:00+00:00,428.792062,173.575,93.934854,2026-05-11 16:00:00+00:00,2026-08-11 15:00:00+00:00
2026-08-11,2026-08-11 18:59:21+00:00,online,BE,wind_onshore,persistence,Persistence,daily_persistence,2208,2026-08-12 10:00:00+00:00,452.648124,170.6,149.268935,2026-05-11 16:00:00+00:00,2026-08-11 15:00:00+00:00
2026-08-11,2026-08-11 18:59:21+00:00,online,BE,wind_onshore,persistence,Persistence,daily_persistence,2208,2026-08-12 11:00:00+00:00,511.557389,174.225,181.537044,2026-05-11 16:00:00+00:00,2026-08-11 15:00:00+00:00
2026-08-11,2026-08-11 18:59:21+00:00,online,BE,wind_onshore,persistence,Persistence,daily_persistence,2208,2026-08-12 12:00:00+00:00,527.658768,172.75,194.690135,2026-05-11 16:00:00+00:00,2026-08-11 15:00:00+00:00
2026-08-11,2026-08-11 18:59:21+00:00,online,BE,wind_onshore,persistence,Persistence,daily_persistence,2208,2026-08-12 13:00:00+00:00,544.450972,184.525,250.036676,2026-05-11 16:00:00+00:00,2026-08-11 15:00:00+00:00
2026-08-11,2026-08-11 18:59:21+00:00,online,BE,wind_onshore,persistence,Persistence,daily_persistence,2208,2026-08-12 14:00:00+00:00,588.449325,218.6,318.824658,2026-05-11 16:00:00+00:00,2026-08-11 15:00:00+00:00
2026-08-11,2026-08-11 18:59:21+00:00,online,BE,wind_onshore,persistence,Persistence,daily_persistence,2208,2026-08-12 15:00:00+00:00,652.870942,273.7,388.382701,2026-05-11 16:00:00+00:00,2026-08-11 15:00:00+00:00
2026-08-11,2026-08-11 18:59:21+00:00,online,BE,wind_onshore,chronos2_online,Chronos2 with covariates,weather_4p+tso_forecast,2208,2026-08-11 16:00:00+00:00,756.4879150390625,543.075,731.72167,2026-05-11 16:00:00+00:00,2026-08-11 15:00:00+00:00
2026-08-11,2026-08-11 18:59:21+00:00,online,BE,wind_onshore,chronos2_online,Chronos2 with covariates,weather_4p+tso_forecast,2208,2026-08-11 17:00:00+00:00,818.4285888671875,604.65,814.680926,2026-05-11 16:00:00+00:00,2026-08-11 15:00:00+00:00
2026-08-11,2026-08-11 18:59:21+00:00,online,BE,wind_onshore,chronos2_online,Chronos2 with covariates,weather_4p+tso_forecast,2208,2026-08-11 18:00:00+00:00,859.2005004882812,672.6,823.864887,2026-05-11 16:00:00+00:00,2026-08-11 15:00:00+00:00
2026-08-11,2026-08-11 18:59:21+00:00,online,BE,wind_onshore,chronos2_online,Chronos2 with covariates,weather_4p+tso_forecast,2208,2026-08-11 19:00:00+00:00,939.3045654296876,762.5,1098.202975,2026-05-11 16:00:00+00:00,2026-08-11 15:00:00+00:00
2026-08-11,2026-08-11 18:59:21+00:00,online,BE,wind_onshore,chronos2_online,Chronos2 with covariates,weather_4p+tso_forecast,2208,2026-08-11 20:00:00+00:00,1109.0498046875,840.875,1297.014862,2026-05-11 16:00:00+00:00,2026-08-11 15:00:00+00:00
2026-08-11,2026-08-11 18:59:21+00:00,online,BE,wind_onshore,chronos2_online,Chronos2 with covariates,weather_4p+tso_forecast,2208,2026-08-11 21:00:00+00:00,1156.806640625,899.35,1355.756756,2026-05-11 16:00:00+00:00,2026-08-11 15:00:00+00:00
2026-08-11,2026-08-11 18:59:21+00:00,online,BE,wind_onshore,chronos2_online,Chronos2 with covariates,weather_4p+tso_forecast,2208,2026-08-11 22:00:00+00:00,1253.02734375,1011.675,1405.513568,2026-05-11 16:00:00+00:00,2026-08-11 15:00:00+00:00
2026-08-11,2026-08-11 18:59:21+00:00,online,BE,wind_onshore,chronos2_online,Chronos2 with covariates,weather_4p+tso_forecast,2208,2026-08-11 23:00:00+00:00,1305.326904296875,1016.05,1370.501565,2026-05-11 16:00:00+00:00,2026-08-11 15:00:00+00:00
2026-08-11,2026-08-11 18:59:21+00:00,online,BE,wind_onshore,chronos2_online,Chronos2 with covariates,weather_4p+tso_forecast,2208,2026-08-12 00:00:00+00:00,1284.5782470703125,997.975,1289.710546,2026-05-11 16:00:00+00:00,2026-08-11 15:00:00+00:00
2026-08-11,2026-08-11 18:59:21+00:00,online,BE,wind_onshore,chronos2_online,Chronos2 with covariates,weather_4p+tso_forecast,2208,2026-08-12 01:00:00+00:00,1195.5218505859375,955.975,1195.08259,2026-05-11 16:00:00+00:00,2026-08-11 15:00:00+00:00
2026-08-11,2026-08-11 18:59:21+00:00,online,BE,wind_onshore,chronos2_online,Chronos2 with covariates,weather_4p+tso_forecast,2208,2026-08-12 02:00:00+00:00,1099.57763671875,890.4,1137.047158,2026-05-11 16:00:00+00:00,2026-08-11 15:00:00+00:00
2026-08-11,2026-08-11 18:59:21+00:00,online,BE,wind_onshore,chronos2_online,Chronos2 with covariates,weather_4p+tso_forecast,2208,2026-08-12 03:00:00+00:00,997.024658203125,824.7,1017.816039,2026-05-11 16:00:00+00:00,2026-08-11 15:00:00+00:00
2026-08-11,2026-08-11 18:59:21+00:00,online,BE,wind_onshore,chronos2_online,Chronos2 with covariates,weather_4p+tso_forecast,2208,2026-08-12 04:00:00+00:00,890.4248046875,754.65,932.689975,2026-05-11 16:00:00+00:00,2026-08-11 15:00:00+00:00
2026-08-11,2026-08-11 18:59:21+00:00,online,BE,wind_onshore,chronos2_online,Chronos2 with covariates,weather_4p+tso_forecast,2208,2026-08-12 05:00:00+00:00,736.4913940429688,683.95,697.243574,2026-05-11 16:00:00+00:00,2026-08-11 15:00:00+00:00
2026-08-11,2026-08-11 18:59:21+00:00,online,BE,wind_onshore,chronos2_online,Chronos2 with covariates,weather_4p+tso_forecast,2208,2026-08-12 06:00:00+00:00,418.1323547363281,473.625,354.67804,2026-05-11 16:00:00+00:00,2026-08-11 15:00:00+00:00
2026-08-11,2026-08-11 18:59:21+00:00,online,BE,wind_onshore,chronos2_online,Chronos2 with covariates,weather_4p+tso_forecast,2208,2026-08-12 07:00:00+00:00,201.83657836914065,281.425,121.990795,2026-05-11 16:00:00+00:00,2026-08-11 15:00:00+00:00
2026-08-11,2026-08-11 18:59:21+00:00,online,BE,wind_onshore,chronos2_online,Chronos2 with covariates,weather_4p+tso_forecast,2208,2026-08-12 08:00:00+00:00,178.34225463867188,203.6,84.168543,2026-05-11 16:00:00+00:00,2026-08-11 15:00:00+00:00
2026-08-11,2026-08-11 18:59:21+00:00,online,BE,wind_onshore,chronos2_online,Chronos2 with covariates,weather_4p+tso_forecast,2208,2026-08-12 09:00:00+00:00,175.973876953125,173.575,93.934854,2026-05-11 16:00:00+00:00,2026-08-11 15:00:00+00:00
2026-08-11,2026-08-11 18:59:21+00:00,online,BE,wind_onshore,chronos2_online,Chronos2 with covariates,weather_4p+tso_forecast,2208,2026-08-12 10:00:00+00:00,187.99078369140625,170.6,149.268935,2026-05-11 16:00:00+00:00,2026-08-11 15:00:00+00:00
2026-08-11,2026-08-11 18:59:21+00:00,online,BE,wind_onshore,chronos2_online,Chronos2 with covariates,weather_4p+tso_forecast,2208,2026-08-12 11:00:00+00:00,198.48049926757812,174.225,181.537044,2026-05-11 16:00:00+00:00,2026-08-11 15:00:00+00:00
2026-08-11,2026-08-11 18:59:21+00:00,online,BE,wind_onshore,chronos2_online,Chronos2 with covariates,weather_4p+tso_forecast,2208,2026-08-12 12:00:00+00:00,215.4461975097656,172.75,194.690135,2026-05-11 16:00:00+00:00,2026-08-11 15:00:00+00:00
2026-08-11,2026-08-11 18:59:21+00:00,online,BE,wind_onshore,chronos2_online,Chronos2 with covariates,weather_4p+tso_forecast,2208,2026-08-12 13:00:00+00:00,241.93734741210935,184.525,250.036676,2026-05-11 16:00:00+00:00,2026-08-11 15:00:00+00:00
2026-08-11,2026-08-11 18:59:21+00:00,online,BE,wind_onshore,chronos2_online,Chronos2 with covariates,weather_4p+tso_forecast,2208,2026-08-12 14:00:00+00:00,283.3525085449219,218.6,318.824658,2026-05-11 16:00:00+00:00,2026-08-11 15:00:00+00:00
2026-08-11,2026-08-11 18:59:21+00:00,online,BE,wind_onshore,chronos2_online,Chronos2 with covariates,weather_4p+tso_forecast,2208,2026-08-12 15:00:00+00:00,327.8796691894531,273.7,388.382701,2026-05-11 16:00:00+00:00,2026-08-11 15:00:00+00:00
2026-08-11,2026-08-11 18:59:21+00:00,online,BE,wind_onshore,xgboost_online,XGBoost with covariates,weather_4p+tso_forecast,2208,2026-08-11 16:00:00+00:00,542.4799194335938,543.075,731.72167,2026-05-11 16:00:00+00:00,2026-08-11 15:00:00+00:00
2026-08-11,2026-08-11 18:59:21+00:00,online,BE,wind_onshore,xgboost_online,XGBoost with covariates,weather_4p+tso_forecast,2208,2026-08-11 17:00:00+00:00,581.0567016601562,604.65,814.680926,2026-05-11 16:00:00+00:00,2026-08-11 15:00:00+00:00
2026-08-11,2026-08-11 18:59:21+00:00,online,BE,wind_onshore,xgboost_online,XGBoost with covariates,weather_4p+tso_forecast,2208,2026-08-11 18:00:00+00:00,808.01904296875,672.6,823.864887,2026-05-11 16:00:00+00:00,2026-08-11 15:00:00+00:00
2026-08-11,2026-08-11 18:59:21+00:00,online,BE,wind_onshore,xgboost_online,XGBoost with covariates,weather_4p+tso_forecast,2208,2026-08-11 19:00:00+00:00,783.2430419921875,762.5,1098.202975,2026-05-11 16:00:00+00:00,2026-08-11 15:00:00+00:00
2026-08-11,2026-08-11 18:59:21+00:00,online,BE,wind_onshore,xgboost_online,XGBoost with covariates,weather_4p+tso_forecast,2208,2026-08-11 20:00:00+00:00,1067.868408203125,840.875,1297.014862,2026-05-11 16:00:00+00:00,2026-08-11 15:00:00+00:00
2026-08-11,2026-08-11 18:59:21+00:00,online,BE,wind_onshore,xgboost_online,XGBoost with covariates,weather_4p+tso_forecast,2208,2026-08-11 21:00:00+00:00,986.4849853515624,899.35,1355.756756,2026-05-11 16:00:00+00:00,2026-08-11 15:00:00+00:00
2026-08-11,2026-08-11 18:59:21+00:00,online,BE,wind_onshore,xgboost_online,XGBoost with covariates,weather_4p+tso_forecast,2208,2026-08-11 22:00:00+00:00,1110.2734375,1011.675,1405.513568,2026-05-11 16:00:00+00:00,2026-08-11 15:00:00+00:00
2026-08-11,2026-08-11 18:59:21+00:00,online,BE,wind_onshore,xgboost_online,XGBoost with covariates,weather_4p+tso_forecast,2208,2026-08-11 23:00:00+00:00,1168.7974853515625,1016.05,1370.501565,2026-05-11 16:00:00+00:00,2026-08-11 15:00:00+00:00
2026-08-11,2026-08-11 18:59:21+00:00,online,BE,wind_onshore,xgboost_online,XGBoost with covariates,weather_4p+tso_forecast,2208,2026-08-12 00:00:00+00:00,1096.11083984375,997.975,1289.710546,2026-05-11 16:00:00+00:00,2026-08-11 15:00:00+00:00
2026-08-11,2026-08-11 18:59:21+00:00,online,BE,wind_onshore,xgboost_online,XGBoost with covariates,weather_4p+tso_forecast,2208,2026-08-12 01:00:00+00:00,1057.043212890625,955.975,1195.08259,2026-05-11 16:00:00+00:00,2026-08-11 15:00:00+00:00
2026-08-11,2026-08-11 18:59:21+00:00,online,BE,wind_onshore,xgboost_online,XGBoost with covariates,weather_4p+tso_forecast,2208,2026-08-12 02:00:00+00:00,1015.93701171875,890.4,1137.047158,2026-05-11 16:00:00+00:00,2026-08-11 15:00:00+00:00
2026-08-11,2026-08-11 18:59:21+00:00,online,BE,wind_onshore,xgboost_online,XGBoost with covariates,weather_4p+tso_forecast,2208,2026-08-12 03:00:00+00:00,965.9999389648438,824.7,1017.816039,2026-05-11 16:00:00+00:00,2026-08-11 15:00:00+00:00
2026-08-11,2026-08-11 18:59:21+00:00,online,BE,wind_onshore,xgboost_online,XGBoost with covariates,weather_4p+tso_forecast,2208,2026-08-12 04:00:00+00:00,871.0445556640625,754.65,932.689975,2026-05-11 16:00:00+00:00,2026-08-11 15:00:00+00:00
2026-08-11,2026-08-11 18:59:21+00:00,online,BE,wind_onshore,xgboost_online,XGBoost with covariates,weather_4p+tso_forecast,2208,2026-08-12 05:00:00+00:00,821.6033935546875,683.95,697.243574,2026-05-11 16:00:00+00:00,2026-08-11 15:00:00+00:00
2026-08-11,2026-08-11 18:59:21+00:00,online,BE,wind_onshore,xgboost_online,XGBoost with covariates,weather_4p+tso_forecast,2208,2026-08-12 06:00:00+00:00,528.8408203125,473.625,354.67804,2026-05-11 16:00:00+00:00,2026-08-11 15:00:00+00:00
2026-08-11,2026-08-11 18:59:21+00:00,online,BE,wind_onshore,xgboost_online,XGBoost with covariates,weather_4p+tso_forecast,2208,2026-08-12 07:00:00+00:00,229.4263153076172,281.425,121.990795,2026-05-11 16:00:00+00:00,2026-08-11 15:00:00+00:00
2026-08-11,2026-08-11 18:59:21+00:00,online,BE,wind_onshore,xgboost_online,XGBoost with covariates,weather_4p+tso_forecast,2208,2026-08-12 08:00:00+00:00,151.36460876464844,203.6,84.168543,2026-05-11 16:00:00+00:00,2026-08-11 15:00:00+00:00
2026-08-11,2026-08-11 18:59:21+00:00,online,BE,wind_onshore,xgboost_online,XGBoost with covariates,weather_4p+tso_forecast,2208,2026-08-12 09:00:00+00:00,144.954833984375,173.575,93.934854,2026-05-11 16:00:00+00:00,2026-08-11 15:00:00+00:00
2026-08-11,2026-08-11 18:59:21+00:00,online,BE,wind_onshore,xgboost_online,XGBoost with covariates,weather_4p+tso_forecast,2208,2026-08-12 10:00:00+00:00,199.1512908935547,170.6,149.268935,2026-05-11 16:00:00+00:00,2026-08-11 15:00:00+00:00
2026-08-11,2026-08-11 18:59:21+00:00,online,BE,wind_onshore,xgboost_online,XGBoost with covariates,weather_4p+tso_forecast,2208,2026-08-12 11:00:00+00:00,198.5523681640625,174.225,181.537044,2026-05-11 16:00:00+00:00,2026-08-11 15:00:00+00:00
2026-08-11,2026-08-11 18:59:21+00:00,online,BE,wind_onshore,xgboost_online,XGBoost with covariates,weather_4p+tso_forecast,2208,2026-08-12 12:00:00+00:00,174.71409606933594,172.75,194.690135,2026-05-11 16:00:00+00:00,2026-08-11 15:00:00+00:00
2026-08-11,2026-08-11 18:59:21+00:00,online,BE,wind_onshore,xgboost_online,XGBoost with covariates,weather_4p+tso_forecast,2208,2026-08-12 13:00:00+00:00,202.1442108154297,184.525,250.036676,2026-05-11 16:00:00+00:00,2026-08-11 15:00:00+00:00
2026-08-11,2026-08-11 18:59:21+00:00,online,BE,wind_onshore,xgboost_online,XGBoost with covariates,weather_4p+tso_forecast,2208,2026-08-12 14:00:00+00:00,271.6358337402344,218.6,318.824658,2026-05-11 16:00:00+00:00,2026-08-11 15:00:00+00:00
2026-08-11,2026-08-11 18:59:21+00:00,online,BE,wind_onshore,xgboost_online,XGBoost with covariates,weather_4p+tso_forecast,2208,2026-08-12 15:00:00+00:00,253.5262451171875,273.7,388.382701,2026-05-11 16:00:00+00:00,2026-08-11 15:00:00+00:00
2026-08-11,2026-08-11 18:59:21+00:00,online,BE,wind_offshore,tso_reference,TSO forecast,tso_forecast,2208,2026-08-11 16:00:00+00:00,690.15,690.15,750.425,2026-05-11 16:00:00+00:00,2026-08-11 15:00:00+00:00
2026-08-11,2026-08-11 18:59:21+00:00,online,BE,wind_offshore,tso_reference,TSO forecast,tso_forecast,2208,2026-08-11 17:00:00+00:00,788.475,788.475,942.3425,2026-05-11 16:00:00+00:00,2026-08-11 15:00:00+00:00
2026-08-11,2026-08-11 18:59:21+00:00,online,BE,wind_offshore,tso_reference,TSO forecast,tso_forecast,2208,2026-08-11 18:00:00+00:00,848.9,848.9,927.8125,2026-05-11 16:00:00+00:00,2026-08-11 15:00:00+00:00
2026-08-11,2026-08-11 18:59:21+00:00,online,BE,wind_offshore,tso_reference,TSO forecast,tso_forecast,2208,2026-08-11 19:00:00+00:00,874.2,874.2,1070.53,2026-05-11 16:00:00+00:00,2026-08-11 15:00:00+00:00
2026-08-11,2026-08-11 18:59:21+00:00,online,BE,wind_offshore,tso_reference,TSO forecast,tso_forecast,2208,2026-08-11 20:00:00+00:00,887.425,887.425,1129.7425,2026-05-11 16:00:00+00:00,2026-08-11 15:00:00+00:00
2026-08-11,2026-08-11 18:59:21+00:00,online,BE,wind_offshore,tso_reference,TSO forecast,tso_forecast,2208,2026-08-11 21:00:00+00:00,886.725,886.725,1231.4925,2026-05-11 16:00:00+00:00,2026-08-11 15:00:00+00:00
2026-08-11,2026-08-11 18:59:21+00:00,online,BE,wind_offshore,tso_reference,TSO forecast,tso_forecast,2208,2026-08-11 22:00:00+00:00,941.075,941.075,1169.235,2026-05-11 16:00:00+00:00,2026-08-11 15:00:00+00:00
2026-08-11,2026-08-11 18:59:21+00:00,online,BE,wind_offshore,tso_reference,TSO forecast,tso_forecast,2208,2026-08-11 23:00:00+00:00,958.1,958.1,1015.2775,2026-05-11 16:00:00+00:00,2026-08-11 15:00:00+00:00
2026-08-11,2026-08-11 18:59:21+00:00,online,BE,wind_offshore,tso_reference,TSO forecast,tso_forecast,2208,2026-08-12 00:00:00+00:00,911.975,911.975,941.395,2026-05-11 16:00:00+00:00,2026-08-11 15:00:00+00:00
2026-08-11,2026-08-11 18:59:21+00:00,online,BE,wind_offshore,tso_reference,TSO forecast,tso_forecast,2208,2026-08-12 01:00:00+00:00,835.45,835.45,831.24,2026-05-11 16:00:00+00:00,2026-08-11 15:00:00+00:00
2026-08-11,2026-08-11 18:59:21+00:00,online,BE,wind_offshore,tso_reference,TSO forecast,tso_forecast,2208,2026-08-12 02:00:00+00:00,760.4,760.4,775.595,2026-05-11 16:00:00+00:00,2026-08-11 15:00:00+00:00
2026-08-11,2026-08-11 18:59:21+00:00,online,BE,wind_offshore,tso_reference,TSO forecast,tso_forecast,2208,2026-08-12 03:00:00+00:00,694.175,694.175,742.7475,2026-05-11 16:00:00+00:00,2026-08-11 15:00:00+00:00
2026-08-11,2026-08-11 18:59:21+00:00,online,BE,wind_offshore,tso_reference,TSO forecast,tso_forecast,2208,2026-08-12 04:00:00+00:00,632.25,632.25,678.67,2026-05-11 16:00:00+00:00,2026-08-11 15:00:00+00:00
2026-08-11,2026-08-11 18:59:21+00:00,online,BE,wind_offshore,tso_reference,TSO forecast,tso_forecast,2208,2026-08-12 05:00:00+00:00,567.075,567.075,573.175,2026-05-11 16:00:00+00:00,2026-08-11 15:00:00+00:00
2026-08-11,2026-08-11 18:59:21+00:00,online,BE,wind_offshore,tso_reference,TSO forecast,tso_forecast,2208,2026-08-12 06:00:00+00:00,490.35,490.35,418.5775,2026-05-11 16:00:00+00:00,2026-08-11 15:00:00+00:00
2026-08-11,2026-08-11 18:59:21+00:00,online,BE,wind_offshore,tso_reference,TSO forecast,tso_forecast,2208,2026-08-12 07:00:00+00:00,398.325,398.325,326.715,2026-05-11 16:00:00+00:00,2026-08-11 15:00:00+00:00
2026-08-11,2026-08-11 18:59:21+00:00,online,BE,wind_offshore,tso_reference,TSO forecast,tso_forecast,2208,2026-08-12 08:00:00+00:00,309.6,309.6,249.2975,2026-05-11 16:00:00+00:00,2026-08-11 15:00:00+00:00
2026-08-11,2026-08-11 18:59:21+00:00,online,BE,wind_offshore,tso_reference,TSO forecast,tso_forecast,2208,2026-08-12 09:00:00+00:00,234.15,234.15,164.9,2026-05-11 16:00:00+00:00,2026-08-11 15:00:00+00:00
2026-08-11,2026-08-11 18:59:21+00:00,online,BE,wind_offshore,tso_reference,TSO forecast,tso_forecast,2208,2026-08-12 10:00:00+00:00,177.45,177.45,124.715,2026-05-11 16:00:00+00:00,2026-08-11 15:00:00+00:00
2026-08-11,2026-08-11 18:59:21+00:00,online,BE,wind_offshore,tso_reference,TSO forecast,tso_forecast,2208,2026-08-12 11:00:00+00:00,138.275,138.275,88.6625,2026-05-11 16:00:00+00:00,2026-08-11 15:00:00+00:00
2026-08-11,2026-08-11 18:59:21+00:00,online,BE,wind_offshore,tso_reference,TSO forecast,tso_forecast,2208,2026-08-12 12:00:00+00:00,114.025,114.025,73.3675,2026-05-11 16:00:00+00:00,2026-08-11 15:00:00+00:00
2026-08-11,2026-08-11 18:59:21+00:00,online,BE,wind_offshore,tso_reference,TSO forecast,tso_forecast,2208,2026-08-12 13:00:00+00:00,106.1,106.1,48.1925,2026-05-11 16:00:00+00:00,2026-08-11 15:00:00+00:00
2026-08-11,2026-08-11 18:59:21+00:00,online,BE,wind_offshore,tso_reference,TSO forecast,tso_forecast,2208,2026-08-12 14:00:00+00:00,114.5,114.5,22.83,2026-05-11 16:00:00+00:00,2026-08-11 15:00:00+00:00
2026-08-11,2026-08-11 18:59:21+00:00,online,BE,wind_offshore,tso_reference,TSO forecast,tso_forecast,2208,2026-08-12 15:00:00+00:00,140.5,140.5,90.3225,2026-05-11 16:00:00+00:00,2026-08-11 15:00:00+00:00
2026-08-11,2026-08-11 18:59:21+00:00,online,BE,wind_offshore,persistence,Persistence,daily_persistence,2208,2026-08-11 16:00:00+00:00,126.944,690.15,750.425,2026-05-11 16:00:00+00:00,2026-08-11 15:00:00+00:00
2026-08-11,2026-08-11 18:59:21+00:00,online,BE,wind_offshore,persistence,Persistence,daily_persistence,2208,2026-08-11 17:00:00+00:00,168.7405,788.475,942.3425,2026-05-11 16:00:00+00:00,2026-08-11 15:00:00+00:00
2026-08-11,2026-08-11 18:59:21+00:00,online,BE,wind_offshore,persistence,Persistence,daily_persistence,2208,2026-08-11 18:00:00+00:00,227.184,848.9,927.8125,2026-05-11 16:00:00+00:00,2026-08-11 15:00:00+00:00
2026-08-11,2026-08-11 18:59:21+00:00,online,BE,wind_offshore,persistence,Persistence,daily_persistence,2208,2026-08-11 19:00:00+00:00,405.0105,874.2,1070.53,2026-05-11 16:00:00+00:00,2026-08-11 15:00:00+00:00
2026-08-11,2026-08-11 18:59:21+00:00,online,BE,wind_offshore,persistence,Persistence,daily_persistence,2208,2026-08-11 20:00:00+00:00,410.2695,887.425,1129.7425,2026-05-11 16:00:00+00:00,2026-08-11 15:00:00+00:00
2026-08-11,2026-08-11 18:59:21+00:00,online,BE,wind_offshore,persistence,Persistence,daily_persistence,2208,2026-08-11 21:00:00+00:00,569.78375,886.725,1231.4925,2026-05-11 16:00:00+00:00,2026-08-11 15:00:00+00:00
2026-08-11,2026-08-11 18:59:21+00:00,online,BE,wind_offshore,persistence,Persistence,daily_persistence,2208,2026-08-11 22:00:00+00:00,568.96875,941.075,1169.235,2026-05-11 16:00:00+00:00,2026-08-11 15:00:00+00:00
2026-08-11,2026-08-11 18:59:21+00:00,online,BE,wind_offshore,persistence,Persistence,daily_persistence,2208,2026-08-11 23:00:00+00:00,439.98925,958.1,1015.2775,2026-05-11 16:00:00+00:00,2026-08-11 15:00:00+00:00
2026-08-11,2026-08-11 18:59:21+00:00,online,BE,wind_offshore,persistence,Persistence,daily_persistence,2208,2026-08-12 00:00:00+00:00,368.587,911.975,941.395,2026-05-11 16:00:00+00:00,2026-08-11 15:00:00+00:00
2026-08-11,2026-08-11 18:59:21+00:00,online,BE,wind_offshore,persistence,Persistence,daily_persistence,2208,2026-08-12 01:00:00+00:00,312.1045,835.45,831.24,2026-05-11 16:00:00+00:00,2026-08-11 15:00:00+00:00
2026-08-11,2026-08-11 18:59:21+00:00,online,BE,wind_offshore,persistence,Persistence,daily_persistence,2208,2026-08-12 02:00:00+00:00,312.27775,760.4,775.595,2026-05-11 16:00:00+00:00,2026-08-11 15:00:00+00:00
2026-08-11,2026-08-11 18:59:21+00:00,online,BE,wind_offshore,persistence,Persistence,daily_persistence,2208,2026-08-12 03:00:00+00:00,284.64475,694.175,742.7475,2026-05-11 16:00:00+00:00,2026-08-11 15:00:00+00:00
2026-08-11,2026-08-11 18:59:21+00:00,online,BE,wind_offshore,persistence,Persistence,daily_persistence,2208,2026-08-12 04:00:00+00:00,317.5145,632.25,678.67,2026-05-11 16:00:00+00:00,2026-08-11 15:00:00+00:00
2026-08-11,2026-08-11 18:59:21+00:00,online,BE,wind_offshore,persistence,Persistence,daily_persistence,2208,2026-08-12 05:00:00+00:00,440.03075,567.075,573.175,2026-05-11 16:00:00+00:00,2026-08-11 15:00:00+00:00
2026-08-11,2026-08-11 18:59:21+00:00,online,BE,wind_offshore,persistence,Persistence,daily_persistence,2208,2026-08-12 06:00:00+00:00,396.5525,490.35,418.5775,2026-05-11 16:00:00+00:00,2026-08-11 15:00:00+00:00
2026-08-11,2026-08-11 18:59:21+00:00,online,BE,wind_offshore,persistence,Persistence,daily_persistence,2208,2026-08-12 07:00:00+00:00,308.20925,398.325,326.715,2026-05-11 16:00:00+00:00,2026-08-11 15:00:00+00:00
2026-08-11,2026-08-11 18:59:21+00:00,online,BE,wind_offshore,persistence,Persistence,daily_persistence,2208,2026-08-12 08:00:00+00:00,262.6895,309.6,249.2975,2026-05-11 16:00:00+00:00,2026-08-11 15:00:00+00:00
2026-08-11,2026-08-11 18:59:21+00:00,online,BE,wind_offshore,persistence,Persistence,daily_persistence,2208,2026-08-12 09:00:00+00:00,378.65175,234.15,164.9,2026-05-11 16:00:00+00:00,2026-08-11 15:00:00+00:00
2026-08-11,2026-08-11 18:59:21+00:00,online,BE,wind_offshore,persistence,Persistence,daily_persistence,2208,2026-08-12 10:00:00+00:00,518.48075,177.45,124.715,2026-05-11 16:00:00+00:00,2026-08-11 15:00:00+00:00
2026-08-11,2026-08-11 18:59:21+00:00,online,BE,wind_offshore,persistence,Persistence,daily_persistence,2208,2026-08-12 11:00:00+00:00,541.095,138.275,88.6625,2026-05-11 16:00:00+00:00,2026-08-11 15:00:00+00:00
2026-08-11,2026-08-11 18:59:21+00:00,online,BE,wind_offshore,persistence,Persistence,daily_persistence,2208,2026-08-12 12:00:00+00:00,525.249,114.025,73.3675,2026-05-11 16:00:00+00:00,2026-08-11 15:00:00+00:00
2026-08-11,2026-08-11 18:59:21+00:00,online,BE,wind_offshore,persistence,Persistence,daily_persistence,2208,2026-08-12 13:00:00+00:00,511.986,106.1,48.1925,2026-05-11 16:00:00+00:00,2026-08-11 15:00:00+00:00
2026-08-11,2026-08-11 18:59:21+00:00,online,BE,wind_offshore,persistence,Persistence,daily_persistence,2208,2026-08-12 14:00:00+00:00,514.44575,114.5,22.83,2026-05-11 16:00:00+00:00,2026-08-11 15:00:00+00:00
2026-08-11,2026-08-11 18:59:21+00:00,online,BE,wind_offshore,persistence,Persistence,daily_persistence,2208,2026-08-12 15:00:00+00:00,553.8115,140.5,90.3225,2026-05-11 16:00:00+00:00,2026-08-11 15:00:00+00:00
2026-08-11,2026-08-11 18:59:21+00:00,online,BE,wind_offshore,chronos2_online,Chronos2 with covariates,weather_4p+tso_forecast,2208,2026-08-11 16:00:00+00:00,611.60498046875,690.15,750.425,2026-05-11 16:00:00+00:00,2026-08-11 15:00:00+00:00
2026-08-11,2026-08-11 18:59:21+00:00,online,BE,wind_offshore,chronos2_online,Chronos2 with covariates,weather_4p+tso_forecast,2208,2026-08-11 17:00:00+00:00,723.1307373046875,788.475,942.3425,2026-05-11 16:00:00+00:00,2026-08-11 15:00:00+00:00
2026-08-11,2026-08-11 18:59:21+00:00,online,BE,wind_offshore,chronos2_online,Chronos2 with covariates,weather_4p+tso_forecast,2208,2026-08-11 18:00:00+00:00,821.181884765625,848.9,927.8125,2026-05-11 16:00:00+00:00,2026-08-11 15:00:00+00:00
2026-08-11,2026-08-11 18:59:21+00:00,online,BE,wind_offshore,chronos2_online,Chronos2 with covariates,weather_4p+tso_forecast,2208,2026-08-11 19:00:00+00:00,865.4444580078125,874.2,1070.53,2026-05-11 16:00:00+00:00,2026-08-11 15:00:00+00:00
2026-08-11,2026-08-11 18:59:21+00:00,online,BE,wind_offshore,chronos2_online,Chronos2 with covariates,weather_4p+tso_forecast,2208,2026-08-11 20:00:00+00:00,856.1697387695312,887.425,1129.7425,2026-05-11 16:00:00+00:00,2026-08-11 15:00:00+00:00
2026-08-11,2026-08-11 18:59:21+00:00,online,BE,wind_offshore,chronos2_online,Chronos2 with covariates,weather_4p+tso_forecast,2208,2026-08-11 21:00:00+00:00,854.3770751953125,886.725,1231.4925,2026-05-11 16:00:00+00:00,2026-08-11 15:00:00+00:00
2026-08-11,2026-08-11 18:59:21+00:00,online,BE,wind_offshore,chronos2_online,Chronos2 with covariates,weather_4p+tso_forecast,2208,2026-08-11 22:00:00+00:00,854.6378784179688,941.075,1169.235,2026-05-11 16:00:00+00:00,2026-08-11 15:00:00+00:00
2026-08-11,2026-08-11 18:59:21+00:00,online,BE,wind_offshore,chronos2_online,Chronos2 with covariates,weather_4p+tso_forecast,2208,2026-08-11 23:00:00+00:00,872.872314453125,958.1,1015.2775,2026-05-11 16:00:00+00:00,2026-08-11 15:00:00+00:00
2026-08-11,2026-08-11 18:59:21+00:00,online,BE,wind_offshore,chronos2_online,Chronos2 with covariates,weather_4p+tso_forecast,2208,2026-08-12 00:00:00+00:00,838.0320434570312,911.975,941.395,2026-05-11 16:00:00+00:00,2026-08-11 15:00:00+00:00
2026-08-11,2026-08-11 18:59:21+00:00,online,BE,wind_offshore,chronos2_online,Chronos2 with covariates,weather_4p+tso_forecast,2208,2026-08-12 01:00:00+00:00,772.356689453125,835.45,831.24,2026-05-11 16:00:00+00:00,2026-08-11 15:00:00+00:00
2026-08-11,2026-08-11 18:59:21+00:00,online,BE,wind_offshore,chronos2_online,Chronos2 with covariates,weather_4p+tso_forecast,2208,2026-08-12 02:00:00+00:00,679.9558715820312,760.4,775.595,2026-05-11 16:00:00+00:00,2026-08-11 15:00:00+00:00
2026-08-11,2026-08-11 18:59:21+00:00,online,BE,wind_offshore,chronos2_online,Chronos2 with covariates,weather_4p+tso_forecast,2208,2026-08-12 03:00:00+00:00,613.5443725585938,694.175,742.7475,2026-05-11 16:00:00+00:00,2026-08-11 15:00:00+00:00
2026-08-11,2026-08-11 18:59:21+00:00,online,BE,wind_offshore,chronos2_online,Chronos2 with covariates,weather_4p+tso_forecast,2208,2026-08-12 04:00:00+00:00,590.859619140625,632.25,678.67,2026-05-11 16:00:00+00:00,2026-08-11 15:00:00+00:00
2026-08-11,2026-08-11 18:59:21+00:00,online,BE,wind_offshore,chronos2_online,Chronos2 with covariates,weather_4p+tso_forecast,2208,2026-08-12 05:00:00+00:00,574.8555908203125,567.075,573.175,2026-05-11 16:00:00+00:00,2026-08-11 15:00:00+00:00
2026-08-11,2026-08-11 18:59:21+00:00,online,BE,wind_offshore,chronos2_online,Chronos2 with covariates,weather_4p+tso_forecast,2208,2026-08-12 06:00:00+00:00,534.1295776367188,490.35,418.5775,2026-05-11 16:00:00+00:00,2026-08-11 15:00:00+00:00
2026-08-11,2026-08-11 18:59:21+00:00,online,BE,wind_offshore,chronos2_online,Chronos2 with covariates,weather_4p+tso_forecast,2208,2026-08-12 07:00:00+00:00,478.7542419433594,398.325,326.715,2026-05-11 16:00:00+00:00,2026-08-11 15:00:00+00:00
2026-08-11,2026-08-11 18:59:21+00:00,online,BE,wind_offshore,chronos2_online,Chronos2 with covariates,weather_4p+tso_forecast,2208,2026-08-12 08:00:00+00:00,339.89813232421875,309.6,249.2975,2026-05-11 16:00:00+00:00,2026-08-11 15:00:00+00:00
2026-08-11,2026-08-11 18:59:21+00:00,online,BE,wind_offshore,chronos2_online,Chronos2 with covariates,weather_4p+tso_forecast,2208,2026-08-12 09:00:00+00:00,292.6926574707031,234.15,164.9,2026-05-11 16:00:00+00:00,2026-08-11 15:00:00+00:00
2026-08-11,2026-08-11 18:59:21+00:00,online,BE,wind_offshore,chronos2_online,Chronos2 with covariates,weather_4p+tso_forecast,2208,2026-08-12 10:00:00+00:00,253.11309814453125,177.45,124.715,2026-05-11 16:00:00+00:00,2026-08-11 15:00:00+00:00
2026-08-11,2026-08-11 18:59:21+00:00,online,BE,wind_offshore,chronos2_online,Chronos2 with covariates,weather_4p+tso_forecast,2208,2026-08-12 11:00:00+00:00,214.2129821777344,138.275,88.6625,2026-05-11 16:00:00+00:00,2026-08-11 15:00:00+00:00
2026-08-11,2026-08-11 18:59:21+00:00,online,BE,wind_offshore,chronos2_online,Chronos2 with covariates,weather_4p+tso_forecast,2208,2026-08-12 12:00:00+00:00,182.6763916015625,114.025,73.3675,2026-05-11 16:00:00+00:00,2026-08-11 15:00:00+00:00
2026-08-11,2026-08-11 18:59:21+00:00,online,BE,wind_offshore,chronos2_online,Chronos2 with covariates,weather_4p+tso_forecast,2208,2026-08-12 13:00:00+00:00,159.44375610351562,106.1,48.1925,2026-05-11 16:00:00+00:00,2026-08-11 15:00:00+00:00
2026-08-11,2026-08-11 18:59:21+00:00,online,BE,wind_offshore,chronos2_online,Chronos2 with covariates,weather_4p+tso_forecast,2208,2026-08-12 14:00:00+00:00,150.97805786132812,114.5,22.83,2026-05-11 16:00:00+00:00,2026-08-11 15:00:00+00:00
2026-08-11,2026-08-11 18:59:21+00:00,online,BE,wind_offshore,chronos2_online,Chronos2 with covariates,weather_4p+tso_forecast,2208,2026-08-12 15:00:00+00:00,160.11715698242188,140.5,90.3225,2026-05-11 16:00:00+00:00,2026-08-11 15:00:00+00:00
2026-08-11,2026-08-11 18:59:21+00:00,online,BE,wind_offshore,xgboost_online,XGBoost with covariates,weather_4p+tso_forecast,2208,2026-08-11 16:00:00+00:00,544.5250244140625,690.15,750.425,2026-05-11 16:00:00+00:00,2026-08-11 15:00:00+00:00
2026-08-11,2026-08-11 18:59:21+00:00,online,BE,wind_offshore,xgboost_online,XGBoost with covariates,weather_4p+tso_forecast,2208,2026-08-11 17:00:00+00:00,673.4570922851562,788.475,942.3425,2026-05-11 16:00:00+00:00,2026-08-11 15:00:00+00:00
2026-08-11,2026-08-11 18:59:21+00:00,online,BE,wind_offshore,xgboost_online,XGBoost with covariates,weather_4p+tso_forecast,2208,2026-08-11 18:00:00+00:00,752.0925903320312,848.9,927.8125,2026-05-11 16:00:00+00:00,2026-08-11 15:00:00+00:00
2026-08-11,2026-08-11 18:59:21+00:00,online,BE,wind_offshore,xgboost_online,XGBoost with covariates,weather_4p+tso_forecast,2208,2026-08-11 19:00:00+00:00,857.7951049804688,874.2,1070.53,2026-05-11 16:00:00+00:00,2026-08-11 15:00:00+00:00
2026-08-11,2026-08-11 18:59:21+00:00,online,BE,wind_offshore,xgboost_online,XGBoost with covariates,weather_4p+tso_forecast,2208,2026-08-11 20:00:00+00:00,900.6197509765625,887.425,1129.7425,2026-05-11 16:00:00+00:00,2026-08-11 15:00:00+00:00
2026-08-11,2026-08-11 18:59:21+00:00,online,BE,wind_offshore,xgboost_online,XGBoost with covariates,weather_4p+tso_forecast,2208,2026-08-11 21:00:00+00:00,884.55322265625,886.725,1231.4925,2026-05-11 16:00:00+00:00,2026-08-11 15:00:00+00:00
2026-08-11,2026-08-11 18:59:21+00:00,online,BE,wind_offshore,xgboost_online,XGBoost with covariates,weather_4p+tso_forecast,2208,2026-08-11 22:00:00+00:00,697.9724731445312,941.075,1169.235,2026-05-11 16:00:00+00:00,2026-08-11 15:00:00+00:00
2026-08-11,2026-08-11 18:59:21+00:00,online,BE,wind_offshore,xgboost_online,XGBoost with covariates,weather_4p+tso_forecast,2208,2026-08-11 23:00:00+00:00,928.413818359375,958.1,1015.2775,2026-05-11 16:00:00+00:00,2026-08-11 15:00:00+00:00
2026-08-11,2026-08-11 18:59:21+00:00,online,BE,wind_offshore,xgboost_online,XGBoost with covariates,weather_4p+tso_forecast,2208,2026-08-12 00:00:00+00:00,885.9086303710938,911.975,941.395,2026-05-11 16:00:00+00:00,2026-08-11 15:00:00+00:00
2026-08-11,2026-08-11 18:59:21+00:00,online,BE,wind_offshore,xgboost_online,XGBoost with covariates,weather_4p+tso_forecast,2208,2026-08-12 01:00:00+00:00,788.402587890625,835.45,831.24,2026-05-11 16:00:00+00:00,2026-08-11 15:00:00+00:00
2026-08-11,2026-08-11 18:59:21+00:00,online,BE,wind_offshore,xgboost_online,XGBoost with covariates,weather_4p+tso_forecast,2208,2026-08-12 02:00:00+00:00,636.1939697265625,760.4,775.595,2026-05-11 16:00:00+00:00,2026-08-11 15:00:00+00:00
2026-08-11,2026-08-11 18:59:21+00:00,online,BE,wind_offshore,xgboost_online,XGBoost with covariates,weather_4p+tso_forecast,2208,2026-08-12 03:00:00+00:00,537.3187255859375,694.175,742.7475,2026-05-11 16:00:00+00:00,2026-08-11 15:00:00+00:00
2026-08-11,2026-08-11 18:59:21+00:00,online,BE,wind_offshore,xgboost_online,XGBoost with covariates,weather_4p+tso_forecast,2208,2026-08-12 04:00:00+00:00,479.6507263183594,632.25,678.67,2026-05-11 16:00:00+00:00,2026-08-11 15:00:00+00:00
2026-08-11,2026-08-11 18:59:21+00:00,online,BE,wind_offshore,xgboost_online,XGBoost with covariates,weather_4p+tso_forecast,2208,2026-08-12 05:00:00+00:00,477.7460021972656,567.075,573.175,2026-05-11 16:00:00+00:00,2026-08-11 15:00:00+00:00
2026-08-11,2026-08-11 18:59:21+00:00,online,BE,wind_offshore,xgboost_online,XGBoost with covariates,weather_4p+tso_forecast,2208,2026-08-12 06:00:00+00:00,429.4188232421875,490.35,418.5775,2026-05-11 16:00:00+00:00,2026-08-11 15:00:00+00:00
2026-08-11,2026-08-11 18:59:21+00:00,online,BE,wind_offshore,xgboost_online,XGBoost with covariates,weather_4p+tso_forecast,2208,2026-08-12 07:00:00+00:00,367.99017333984375,398.325,326.715,2026-05-11 16:00:00+00:00,2026-08-11 15:00:00+00:00
2026-08-11,2026-08-11 18:59:21+00:00,online,BE,wind_offshore,xgboost_online,XGBoost with covariates,weather_4p+tso_forecast,2208,2026-08-12 08:00:00+00:00,283.04876708984375,309.6,249.2975,2026-05-11 16:00:00+00:00,2026-08-11 15:00:00+00:00
2026-08-11,2026-08-11 18:59:21+00:00,online,BE,wind_offshore,xgboost_online,XGBoost with covariates,weather_4p+tso_forecast,2208,2026-08-12 09:00:00+00:00,222.20501708984375,234.15,164.9,2026-05-11 16:00:00+00:00,2026-08-11 15:00:00+00:00
2026-08-11,2026-08-11 18:59:21+00:00,online,BE,wind_offshore,xgboost_online,XGBoost with covariates,weather_4p+tso_forecast,2208,2026-08-12 10:00:00+00:00,188.1954803466797,177.45,124.715,2026-05-11 16:00:00+00:00,2026-08-11 15:00:00+00:00
2026-08-11,2026-08-11 18:59:21+00:00,online,BE,wind_offshore,xgboost_online,XGBoost with covariates,weather_4p+tso_forecast,2208,2026-08-12 11:00:00+00:00,183.76107788085935,138.275,88.6625,2026-05-11 16:00:00+00:00,2026-08-11 15:00:00+00:00
2026-08-11,2026-08-11 18:59:21+00:00,online,BE,wind_offshore,xgboost_online,XGBoost with covariates,weather_4p+tso_forecast,2208,2026-08-12 12:00:00+00:00,149.55767822265625,114.025,73.3675,2026-05-11 16:00:00+00:00,2026-08-11 15:00:00+00:00
2026-08-11,2026-08-11 18:59:21+00:00,online,BE,wind_offshore,xgboost_online,XGBoost with covariates,weather_4p+tso_forecast,2208,2026-08-12 13:00:00+00:00,160.2207489013672,106.1,48.1925,2026-05-11 16:00:00+00:00,2026-08-11 15:00:00+00:00
2026-08-11,2026-08-11 18:59:21+00:00,online,BE,wind_offshore,xgboost_online,XGBoost with covariates,weather_4p+tso_forecast,2208,2026-08-12 14:00:00+00:00,170.48072814941406,114.5,22.83,2026-05-11 16:00:00+00:00,2026-08-11 15:00:00+00:00
2026-08-11,2026-08-11 18:59:21+00:00,online,BE,wind_offshore,xgboost_online,XGBoost with covariates,weather_4p+tso_forecast,2208,2026-08-12 15:00:00+00:00,190.23440551757812,140.5,90.3225,2026-05-11 16:00:00+00:00,2026-08-11 15:00:00+00:00
2026-08-11,2026-08-11 18:59:21+00:00,online,FR,load,tso_reference,TSO forecast,tso_forecast,2208,2026-08-11 16:00:00+00:00,47300.0,47300.0,48623.8925,2026-05-11 16:00:00+00:00,2026-08-11 15:00:00+00:00
2026-08-11,2026-08-11 18:59:21+00:00,online,FR,load,tso_reference,TSO forecast,tso_forecast,2208,2026-08-11 17:00:00+00:00,47837.5,47837.5,48769.4175,2026-05-11 16:00:00+00:00,2026-08-11 15:00:00+00:00
2026-08-11,2026-08-11 18:59:21+00:00,online,FR,load,tso_reference,TSO forecast,tso_forecast,2208,2026-08-11 18:00:00+00:00,46162.5,46162.5,46844.425,2026-05-11 16:00:00+00:00,2026-08-11 15:00:00+00:00
2026-08-11,2026-08-11 18:59:21+00:00,online,FR,load,tso_reference,TSO forecast,tso_forecast,2208,2026-08-11 19:00:00+00:00,44875.0,44875.0,45600.4025,2026-05-11 16:00:00+00:00,2026-08-11 15:00:00+00:00
2026-08-11,2026-08-11 18:59:21+00:00,online,FR,load,tso_reference,TSO forecast,tso_forecast,2208,2026-08-11 20:00:00+00:00,45325.0,45325.0,45920.4725,2026-05-11 16:00:00+00:00,2026-08-11 15:00:00+00:00
2026-08-11,2026-08-11 18:59:21+00:00,online,FR,load,tso_reference,TSO forecast,tso_forecast,2208,2026-08-11 21:00:00+00:00,45325.0,45325.0,44064.4125,2026-05-11 16:00:00+00:00,2026-08-11 15:00:00+00:00
2026-08-11,2026-08-11 18:59:21+00:00,online,FR,load,tso_reference,TSO forecast,tso_forecast,2208,2026-08-11 22:00:00+00:00,41837.5,41837.5,41143.7825,2026-05-11 16:00:00+00:00,2026-08-11 15:00:00+00:00
2026-08-11,2026-08-11 18:59:21+00:00,online,FR,load,tso_reference,TSO forecast,tso_forecast,2208,2026-08-11 23:00:00+00:00,39875.0,39875.0,39160.565,2026-05-11 16:00:00+00:00,2026-08-11 15:00:00+00:00
2026-08-11,2026-08-11 18:59:21+00:00,online,FR,load,tso_reference,TSO forecast,tso_forecast,2208,2026-08-12 00:00:00+00:00,37450.0,37450.0,37025.9875,2026-05-11 16:00:00+00:00,2026-08-11 15:00:00+00:00
2026-08-11,2026-08-11 18:59:21+00:00,online,FR,load,tso_reference,TSO forecast,tso_forecast,2208,2026-08-12 01:00:00+00:00,35162.5,35162.5,35332.165,2026-05-11 16:00:00+00:00,2026-08-11 15:00:00+00:00
2026-08-11,2026-08-11 18:59:21+00:00,online,FR,load,tso_reference,TSO forecast,tso_forecast,2208,2026-08-12 02:00:00+00:00,34612.5,34612.5,34841.4475,2026-05-11 16:00:00+00:00,2026-08-11 15:00:00+00:00
2026-08-11,2026-08-11 18:59:21+00:00,online,FR,load,tso_reference,TSO forecast,tso_forecast,2208,2026-08-12 03:00:00+00:00,35400.0,35400.0,35615.05,2026-05-11 16:00:00+00:00,2026-08-11 15:00:00+00:00
2026-08-11,2026-08-11 18:59:21+00:00,online,FR,load,tso_reference,TSO forecast,tso_forecast,2208,2026-08-12 04:00:00+00:00,37062.5,37062.5,37266.72,2026-05-11 16:00:00+00:00,2026-08-11 15:00:00+00:00
2026-08-11,2026-08-11 18:59:21+00:00,online,FR,load,tso_reference,TSO forecast,tso_forecast,2208,2026-08-12 05:00:00+00:00,39075.0,39075.0,38717.5975,2026-05-11 16:00:00+00:00,2026-08-11 15:00:00+00:00
2026-08-11,2026-08-11 18:59:21+00:00,online,FR,load,tso_reference,TSO forecast,tso_forecast,2208,2026-08-12 06:00:00+00:00,41625.0,41625.0,40640.962499999994,2026-05-11 16:00:00+00:00,2026-08-11 15:00:00+00:00
2026-08-11,2026-08-11 18:59:21+00:00,online,FR,load,tso_reference,TSO forecast,tso_forecast,2208,2026-08-12 07:00:00+00:00,43862.5,43862.5,42935.5825,2026-05-11 16:00:00+00:00,2026-08-11 15:00:00+00:00
2026-08-11,2026-08-11 18:59:21+00:00,online,FR,load,tso_reference,TSO forecast,tso_forecast,2208,2026-08-12 08:00:00+00:00,45725.0,45725.0,45122.9325,2026-05-11 16:00:00+00:00,2026-08-11 15:00:00+00:00
2026-08-11,2026-08-11 18:59:21+00:00,online,FR,load,tso_reference,TSO forecast,tso_forecast,2208,2026-08-12 09:00:00+00:00,47475.0,47475.0,47200.3225,2026-05-11 16:00:00+00:00,2026-08-11 15:00:00+00:00
2026-08-11,2026-08-11 18:59:21+00:00,online,FR,load,tso_reference,TSO forecast,tso_forecast,2208,2026-08-12 10:00:00+00:00,49075.0,49075.0,48906.0025,2026-05-11 16:00:00+00:00,2026-08-11 15:00:00+00:00
2026-08-11,2026-08-11 18:59:21+00:00,online,FR,load,tso_reference,TSO forecast,tso_forecast,2208,2026-08-12 11:00:00+00:00,49237.5,49237.5,48746.2125,2026-05-11 16:00:00+00:00,2026-08-11 15:00:00+00:00
2026-08-11,2026-08-11 18:59:21+00:00,online,FR,load,tso_reference,TSO forecast,tso_forecast,2208,2026-08-12 12:00:00+00:00,49800.0,49800.0,50170.255,2026-05-11 16:00:00+00:00,2026-08-11 15:00:00+00:00
2026-08-11,2026-08-11 18:59:21+00:00,online,FR,load,tso_reference,TSO forecast,tso_forecast,2208,2026-08-12 13:00:00+00:00,49637.5,49637.5,49756.009999999995,2026-05-11 16:00:00+00:00,2026-08-11 15:00:00+00:00
2026-08-11,2026-08-11 18:59:21+00:00,online,FR,load,tso_reference,TSO forecast,tso_forecast,2208,2026-08-12 14:00:00+00:00,48375.0,48375.0,49067.697499999995,2026-05-11 16:00:00+00:00,2026-08-11 15:00:00+00:00
2026-08-11,2026-08-11 18:59:21+00:00,online,FR,load,tso_reference,TSO forecast,tso_forecast,2208,2026-08-12 15:00:00+00:00,48162.5,48162.5,49442.925,2026-05-11 16:00:00+00:00,2026-08-11 15:00:00+00:00
2026-08-11,2026-08-11 18:59:21+00:00,online,FR,load,persistence,Persistence,weekly_persistence,2208,2026-08-11 16:00:00+00:00,49177.83,47300.0,48623.8925,2026-05-11 16:00:00+00:00,2026-08-11 15:00:00+00:00
2026-08-11,2026-08-11 18:59:21+00:00,online,FR,load,persistence,Persistence,weekly_persistence,2208,2026-08-11 17:00:00+00:00,49348.932499999995,47837.5,48769.4175,2026-05-11 16:00:00+00:00,2026-08-11 15:00:00+00:00
2026-08-11,2026-08-11 18:59:21+00:00,online,FR,load,persistence,Persistence,weekly_persistence,2208,2026-08-11 18:00:00+00:00,47450.115,46162.5,46844.425,2026-05-11 16:00:00+00:00,2026-08-11 15:00:00+00:00
2026-08-11,2026-08-11 18:59:21+00:00,online,FR,load,persistence,Persistence,weekly_persistence,2208,2026-08-11 19:00:00+00:00,46075.6075,44875.0,45600.4025,2026-05-11 16:00:00+00:00,2026-08-11 15:00:00+00:00
2026-08-11,2026-08-11 18:59:21+00:00,online,FR,load,persistence,Persistence,weekly_persistence,2208,2026-08-11 20:00:00+00:00,46820.6275,45325.0,45920.4725,2026-05-11 16:00:00+00:00,2026-08-11 15:00:00+00:00
2026-08-11,2026-08-11 18:59:21+00:00,online,FR,load,persistence,Persistence,weekly_persistence,2208,2026-08-11 21:00:00+00:00,45380.490000000005,45325.0,44064.4125,2026-05-11 16:00:00+00:00,2026-08-11 15:00:00+00:00
2026-08-11,2026-08-11 18:59:21+00:00,online,FR,load,persistence,Persistence,weekly_persistence,2208,2026-08-11 22:00:00+00:00,42465.052500000005,41837.5,41143.7825,2026-05-11 16:00:00+00:00,2026-08-11 15:00:00+00:00
2026-08-11,2026-08-11 18:59:21+00:00,online,FR,load,persistence,Persistence,weekly_persistence,2208,2026-08-11 23:00:00+00:00,40492.03,39875.0,39160.565,2026-05-11 16:00:00+00:00,2026-08-11 15:00:00+00:00
2026-08-11,2026-08-11 18:59:21+00:00,online,FR,load,persistence,Persistence,weekly_persistence,2208,2026-08-12 00:00:00+00:00,38178.8725,37450.0,37025.9875,2026-05-11 16:00:00+00:00,2026-08-11 15:00:00+00:00
2026-08-11,2026-08-11 18:59:21+00:00,online,FR,load,persistence,Persistence,weekly_persistence,2208,2026-08-12 01:00:00+00:00,36293.5025,35162.5,35332.165,2026-05-11 16:00:00+00:00,2026-08-11 15:00:00+00:00
2026-08-11,2026-08-11 18:59:21+00:00,online,FR,load,persistence,Persistence,weekly_persistence,2208,2026-08-12 02:00:00+00:00,35857.1025,34612.5,34841.4475,2026-05-11 16:00:00+00:00,2026-08-11 15:00:00+00:00
2026-08-11,2026-08-11 18:59:21+00:00,online,FR,load,persistence,Persistence,weekly_persistence,2208,2026-08-12 03:00:00+00:00,36889.7075,35400.0,35615.05,2026-05-11 16:00:00+00:00,2026-08-11 15:00:00+00:00
2026-08-11,2026-08-11 18:59:21+00:00,online,FR,load,persistence,Persistence,weekly_persistence,2208,2026-08-12 04:00:00+00:00,38485.14,37062.5,37266.72,2026-05-11 16:00:00+00:00,2026-08-11 15:00:00+00:00
2026-08-11,2026-08-11 18:59:21+00:00,online,FR,load,persistence,Persistence,weekly_persistence,2208,2026-08-12 05:00:00+00:00,40339.27,39075.0,38717.5975,2026-05-11 16:00:00+00:00,2026-08-11 15:00:00+00:00
2026-08-11,2026-08-11 18:59:21+00:00,online,FR,load,persistence,Persistence,weekly_persistence,2208,2026-08-12 06:00:00+00:00,42813.065,41625.0,40640.962499999994,2026-05-11 16:00:00+00:00,2026-08-11 15:00:00+00:00
2026-08-11,2026-08-11 18:59:21+00:00,online,FR,load,persistence,Persistence,weekly_persistence,2208,2026-08-12 07:00:00+00:00,44770.825,43862.5,42935.5825,2026-05-11 16:00:00+00:00,2026-08-11 15:00:00+00:00
2026-08-11,2026-08-11 18:59:21+00:00,online,FR,load,persistence,Persistence,weekly_persistence,2208,2026-08-12 08:00:00+00:00,46531.925,45725.0,45122.9325,2026-05-11 16:00:00+00:00,2026-08-11 15:00:00+00:00
2026-08-11,2026-08-11 18:59:21+00:00,online,FR,load,persistence,Persistence,weekly_persistence,2208,2026-08-12 09:00:00+00:00,47988.192500000005,47475.0,47200.3225,2026-05-11 16:00:00+00:00,2026-08-11 15:00:00+00:00
2026-08-11,2026-08-11 18:59:21+00:00,online,FR,load,persistence,Persistence,weekly_persistence,2208,2026-08-12 10:00:00+00:00,49162.182499999995,49075.0,48906.0025,2026-05-11 16:00:00+00:00,2026-08-11 15:00:00+00:00
2026-08-11,2026-08-11 18:59:21+00:00,online,FR,load,persistence,Persistence,weekly_persistence,2208,2026-08-12 11:00:00+00:00,48676.245,49237.5,48746.2125,2026-05-11 16:00:00+00:00,2026-08-11 15:00:00+00:00
2026-08-11,2026-08-11 18:59:21+00:00,online,FR,load,persistence,Persistence,weekly_persistence,2208,2026-08-12 12:00:00+00:00,49734.6,49800.0,50170.255,2026-05-11 16:00:00+00:00,2026-08-11 15:00:00+00:00
2026-08-11,2026-08-11 18:59:21+00:00,online,FR,load,persistence,Persistence,weekly_persistence,2208,2026-08-12 13:00:00+00:00,48492.395,49637.5,49756.009999999995,2026-05-11 16:00:00+00:00,2026-08-11 15:00:00+00:00
2026-08-11,2026-08-11 18:59:21+00:00,online,FR,load,persistence,Persistence,weekly_persistence,2208,2026-08-12 14:00:00+00:00,47361.81,48375.0,49067.697499999995,2026-05-11 16:00:00+00:00,2026-08-11 15:00:00+00:00
2026-08-11,2026-08-11 18:59:21+00:00,online,FR,load,persistence,Persistence,weekly_persistence,2208,2026-08-12 15:00:00+00:00,47395.369999999995,48162.5,49442.925,2026-05-11 16:00:00+00:00,2026-08-11 15:00:00+00:00
2026-08-11,2026-08-11 18:59:21+00:00,online,FR,load,ridge_3mo_context,Ridge with covariates,deg_proxy+tso_forecast,2208,2026-08-11 16:00:00+00:00,47445.27065857443,47300.0,48623.8925,2026-05-11 16:00:00+00:00,2026-08-11 15:00:00+00:00
2026-08-11,2026-08-11 18:59:21+00:00,online,FR,load,ridge_3mo_context,Ridge with covariates,deg_proxy+tso_forecast,2208,2026-08-11 17:00:00+00:00,47929.62578163296,47837.5,48769.4175,2026-05-11 16:00:00+00:00,2026-08-11 15:00:00+00:00
2026-08-11,2026-08-11 18:59:21+00:00,online,FR,load,ridge_3mo_context,Ridge with covariates,deg_proxy+tso_forecast,2208,2026-08-11 18:00:00+00:00,46292.38641732809,46162.5,46844.425,2026-05-11 16:00:00+00:00,2026-08-11 15:00:00+00:00
2026-08-11,2026-08-11 18:59:21+00:00,online,FR,load,ridge_3mo_context,Ridge with covariates,deg_proxy+tso_forecast,2208,2026-08-11 19:00:00+00:00,45008.272939324685,44875.0,45600.4025,2026-05-11 16:00:00+00:00,2026-08-11 15:00:00+00:00
2026-08-11,2026-08-11 18:59:21+00:00,online,FR,load,ridge_3mo_context,Ridge with covariates,deg_proxy+tso_forecast,2208,2026-08-11 20:00:00+00:00,45435.20998070772,45325.0,45920.4725,2026-05-11 16:00:00+00:00,2026-08-11 15:00:00+00:00
2026-08-11,2026-08-11 18:59:21+00:00,online,FR,load,ridge_3mo_context,Ridge with covariates,deg_proxy+tso_forecast,2208,2026-08-11 21:00:00+00:00,45414.69395625634,45325.0,44064.4125,2026-05-11 16:00:00+00:00,2026-08-11 15:00:00+00:00
2026-08-11,2026-08-11 18:59:21+00:00,online,FR,load,ridge_3mo_context,Ridge with covariates,deg_proxy+tso_forecast,2208,2026-08-11 22:00:00+00:00,42028.889122501605,41837.5,41143.7825,2026-05-11 16:00:00+00:00,2026-08-11 15:00:00+00:00
2026-08-11,2026-08-11 18:59:21+00:00,online,FR,load,ridge_3mo_context,Ridge with covariates,deg_proxy+tso_forecast,2208,2026-08-11 23:00:00+00:00,40111.76842348282,39875.0,39160.565,2026-05-11 16:00:00+00:00,2026-08-11 15:00:00+00:00
2026-08-11,2026-08-11 18:59:21+00:00,online,FR,load,ridge_3mo_context,Ridge with covariates,deg_proxy+tso_forecast,2208,2026-08-12 00:00:00+00:00,37695.86270417801,37450.0,37025.9875,2026-05-11 16:00:00+00:00,2026-08-11 15:00:00+00:00
2026-08-11,2026-08-11 18:59:21+00:00,online,FR,load,ridge_3mo_context,Ridge with covariates,deg_proxy+tso_forecast,2208,2026-08-12 01:00:00+00:00,35462.49942898183,35162.5,35332.165,2026-05-11 16:00:00+00:00,2026-08-11 15:00:00+00:00
2026-08-11,2026-08-11 18:59:21+00:00,online,FR,load,ridge_3mo_context,Ridge with covariates,deg_proxy+tso_forecast,2208,2026-08-12 02:00:00+00:00,34916.09730858126,34612.5,34841.4475,2026-05-11 16:00:00+00:00,2026-08-11 15:00:00+00:00
2026-08-11,2026-08-11 18:59:21+00:00,online,FR,load,ridge_3mo_context,Ridge with covariates,deg_proxy+tso_forecast,2208,2026-08-12 03:00:00+00:00,35681.77429701735,35400.0,35615.05,2026-05-11 16:00:00+00:00,2026-08-11 15:00:00+00:00
2026-08-11,2026-08-11 18:59:21+00:00,online,FR,load,ridge_3mo_context,Ridge with covariates,deg_proxy+tso_forecast,2208,2026-08-12 04:00:00+00:00,37285.87390148915,37062.5,37266.72,2026-05-11 16:00:00+00:00,2026-08-11 15:00:00+00:00
2026-08-11,2026-08-11 18:59:21+00:00,online,FR,load,ridge_3mo_context,Ridge with covariates,deg_proxy+tso_forecast,2208,2026-08-12 05:00:00+00:00,39232.30993782611,39075.0,38717.5975,2026-05-11 16:00:00+00:00,2026-08-11 15:00:00+00:00
2026-08-11,2026-08-11 18:59:21+00:00,online,FR,load,ridge_3mo_context,Ridge with covariates,deg_proxy+tso_forecast,2208,2026-08-12 06:00:00+00:00,41722.530710627354,41625.0,40640.962499999994,2026-05-11 16:00:00+00:00,2026-08-11 15:00:00+00:00
2026-08-11,2026-08-11 18:59:21+00:00,online,FR,load,ridge_3mo_context,Ridge with covariates,deg_proxy+tso_forecast,2208,2026-08-12 07:00:00+00:00,43931.23626322683,43862.5,42935.5825,2026-05-11 16:00:00+00:00,2026-08-11 15:00:00+00:00
2026-08-11,2026-08-11 18:59:21+00:00,online,FR,load,ridge_3mo_context,Ridge with covariates,deg_proxy+tso_forecast,2208,2026-08-12 08:00:00+00:00,45772.99395070973,45725.0,45122.9325,2026-05-11 16:00:00+00:00,2026-08-11 15:00:00+00:00
2026-08-11,2026-08-11 18:59:21+00:00,online,FR,load,ridge_3mo_context,Ridge with covariates,deg_proxy+tso_forecast,2208,2026-08-12 09:00:00+00:00,47504.92670258402,47475.0,47200.3225,2026-05-11 16:00:00+00:00,2026-08-11 15:00:00+00:00
2026-08-11,2026-08-11 18:59:21+00:00,online,FR,load,ridge_3mo_context,Ridge with covariates,deg_proxy+tso_forecast,2208,2026-08-12 10:00:00+00:00,49091.41448860442,49075.0,48906.0025,2026-05-11 16:00:00+00:00,2026-08-11 15:00:00+00:00
2026-08-11,2026-08-11 18:59:21+00:00,online,FR,load,ridge_3mo_context,Ridge with covariates,deg_proxy+tso_forecast,2208,2026-08-12 11:00:00+00:00,49278.86620666429,49237.5,48746.2125,2026-05-11 16:00:00+00:00,2026-08-11 15:00:00+00:00
2026-08-11,2026-08-11 18:59:21+00:00,online,FR,load,ridge_3mo_context,Ridge with covariates,deg_proxy+tso_forecast,2208,2026-08-12 12:00:00+00:00,49853.80056139216,49800.0,50170.255,2026-05-11 16:00:00+00:00,2026-08-11 15:00:00+00:00
2026-08-11,2026-08-11 18:59:21+00:00,online,FR,load,ridge_3mo_context,Ridge with covariates,deg_proxy+tso_forecast,2208,2026-08-12 13:00:00+00:00,49706.47942282015,49637.5,49756.009999999995,2026-05-11 16:00:00+00:00,2026-08-11 15:00:00+00:00
2026-08-11,2026-08-11 18:59:21+00:00,online,FR,load,ridge_3mo_context,Ridge with covariates,deg_proxy+tso_forecast,2208,2026-08-12 14:00:00+00:00,48490.70883994072,48375.0,49067.697499999995,2026-05-11 16:00:00+00:00,2026-08-11 15:00:00+00:00
2026-08-11,2026-08-11 18:59:21+00:00,online,FR,load,ridge_3mo_context,Ridge with covariates,deg_proxy+tso_forecast,2208,2026-08-12 15:00:00+00:00,48292.31180682045,48162.5,49442.925,2026-05-11 16:00:00+00:00,2026-08-11 15:00:00+00:00
2026-08-11,2026-08-11 18:59:21+00:00,online,FR,load,chronos2_online,Chronos2 with covariates,Temp+tso_forecast,2208,2026-08-11 16:00:00+00:00,48188.77734375,47300.0,48623.8925,2026-05-11 16:00:00+00:00,2026-08-11 15:00:00+00:00
2026-08-11,2026-08-11 18:59:21+00:00,online,FR,load,chronos2_online,Chronos2 with covariates,Temp+tso_forecast,2208,2026-08-11 17:00:00+00:00,48312.6875,47837.5,48769.4175,2026-05-11 16:00:00+00:00,2026-08-11 15:00:00+00:00
2026-08-11,2026-08-11 18:59:21+00:00,online,FR,load,chronos2_online,Chronos2 with covariates,Temp+tso_forecast,2208,2026-08-11 18:00:00+00:00,45893.8984375,46162.5,46844.425,2026-05-11 16:00:00+00:00,2026-08-11 15:00:00+00:00
2026-08-11,2026-08-11 18:59:21+00:00,online,FR,load,chronos2_online,Chronos2 with covariates,Temp+tso_forecast,2208,2026-08-11 19:00:00+00:00,45271.96484375,44875.0,45600.4025,2026-05-11 16:00:00+00:00,2026-08-11 15:00:00+00:00
2026-08-11,2026-08-11 18:59:21+00:00,online,FR,load,chronos2_online,Chronos2 with covariates,Temp+tso_forecast,2208,2026-08-11 20:00:00+00:00,45908.9375,45325.0,45920.4725,2026-05-11 16:00:00+00:00,2026-08-11 15:00:00+00:00
2026-08-11,2026-08-11 18:59:21+00:00,online,FR,load,chronos2_online,Chronos2 with covariates,Temp+tso_forecast,2208,2026-08-11 21:00:00+00:00,44275.4765625,45325.0,44064.4125,2026-05-11 16:00:00+00:00,2026-08-11 15:00:00+00:00
2026-08-11,2026-08-11 18:59:21+00:00,online,FR,load,chronos2_online,Chronos2 with covariates,Temp+tso_forecast,2208,2026-08-11 22:00:00+00:00,41140.28515625,41837.5,41143.7825,2026-05-11 16:00:00+00:00,2026-08-11 15:00:00+00:00
2026-08-11,2026-08-11 18:59:21+00:00,online,FR,load,chronos2_online,Chronos2 with covariates,Temp+tso_forecast,2208,2026-08-11 23:00:00+00:00,39326.40234375,39875.0,39160.565,2026-05-11 16:00:00+00:00,2026-08-11 15:00:00+00:00
2026-08-11,2026-08-11 18:59:21+00:00,online,FR,load,chronos2_online,Chronos2 with covariates,Temp+tso_forecast,2208,2026-08-12 00:00:00+00:00,37249.328125,37450.0,37025.9875,2026-05-11 16:00:00+00:00,2026-08-11 15:00:00+00:00
2026-08-11,2026-08-11 18:59:21+00:00,online,FR,load,chronos2_online,Chronos2 with covariates,Temp+tso_forecast,2208,2026-08-12 01:00:00+00:00,35078.81640625,35162.5,35332.165,2026-05-11 16:00:00+00:00,2026-08-11 15:00:00+00:00
2026-08-11,2026-08-11 18:59:21+00:00,online,FR,load,chronos2_online,Chronos2 with covariates,Temp+tso_forecast,2208,2026-08-12 02:00:00+00:00,34420.46484375,34612.5,34841.4475,2026-05-11 16:00:00+00:00,2026-08-11 15:00:00+00:00
2026-08-11,2026-08-11 18:59:21+00:00,online,FR,load,chronos2_online,Chronos2 with covariates,Temp+tso_forecast,2208,2026-08-12 03:00:00+00:00,35745.765625,35400.0,35615.05,2026-05-11 16:00:00+00:00,2026-08-11 15:00:00+00:00
2026-08-11,2026-08-11 18:59:21+00:00,online,FR,load,chronos2_online,Chronos2 with covariates,Temp+tso_forecast,2208,2026-08-12 04:00:00+00:00,37298.86328125,37062.5,37266.72,2026-05-11 16:00:00+00:00,2026-08-11 15:00:00+00:00
2026-08-11,2026-08-11 18:59:21+00:00,online,FR,load,chronos2_online,Chronos2 with covariates,Temp+tso_forecast,2208,2026-08-12 05:00:00+00:00,38988.9921875,39075.0,38717.5975,2026-05-11 16:00:00+00:00,2026-08-11 15:00:00+00:00
2026-08-11,2026-08-11 18:59:21+00:00,online,FR,load,chronos2_online,Chronos2 with covariates,Temp+tso_forecast,2208,2026-08-12 06:00:00+00:00,41399.55078125,41625.0,40640.962499999994,2026-05-11 16:00:00+00:00,2026-08-11 15:00:00+00:00
2026-08-11,2026-08-11 18:59:21+00:00,online,FR,load,chronos2_online,Chronos2 with covariates,Temp+tso_forecast,2208,2026-08-12 07:00:00+00:00,43633.6953125,43862.5,42935.5825,2026-05-11 16:00:00+00:00,2026-08-11 15:00:00+00:00
2026-08-11,2026-08-11 18:59:21+00:00,online,FR,load,chronos2_online,Chronos2 with covariates,Temp+tso_forecast,2208,2026-08-12 08:00:00+00:00,45586.796875,45725.0,45122.9325,2026-05-11 16:00:00+00:00,2026-08-11 15:00:00+00:00
2026-08-11,2026-08-11 18:59:21+00:00,online,FR,load,chronos2_online,Chronos2 with covariates,Temp+tso_forecast,2208,2026-08-12 09:00:00+00:00,47282.7265625,47475.0,47200.3225,2026-05-11 16:00:00+00:00,2026-08-11 15:00:00+00:00
2026-08-11,2026-08-11 18:59:21+00:00,online,FR,load,chronos2_online,Chronos2 with covariates,Temp+tso_forecast,2208,2026-08-12 10:00:00+00:00,48667.875,49075.0,48906.0025,2026-05-11 16:00:00+00:00,2026-08-11 15:00:00+00:00
2026-08-11,2026-08-11 18:59:21+00:00,online,FR,load,chronos2_online,Chronos2 with covariates,Temp+tso_forecast,2208,2026-08-12 11:00:00+00:00,48691.29296875,49237.5,48746.2125,2026-05-11 16:00:00+00:00,2026-08-11 15:00:00+00:00
2026-08-11,2026-08-11 18:59:21+00:00,online,FR,load,chronos2_online,Chronos2 with covariates,Temp+tso_forecast,2208,2026-08-12 12:00:00+00:00,49372.984375,49800.0,50170.255,2026-05-11 16:00:00+00:00,2026-08-11 15:00:00+00:00
2026-08-11,2026-08-11 18:59:21+00:00,online,FR,load,chronos2_online,Chronos2 with covariates,Temp+tso_forecast,2208,2026-08-12 13:00:00+00:00,49023.5,49637.5,49756.009999999995,2026-05-11 16:00:00+00:00,2026-08-11 15:00:00+00:00
2026-08-11,2026-08-11 18:59:21+00:00,online,FR,load,chronos2_online,Chronos2 with covariates,Temp+tso_forecast,2208,2026-08-12 14:00:00+00:00,48122.63671875,48375.0,49067.697499999995,2026-05-11 16:00:00+00:00,2026-08-11 15:00:00+00:00
2026-08-11,2026-08-11 18:59:21+00:00,online,FR,load,chronos2_online,Chronos2 with covariates,Temp+tso_forecast,2208,2026-08-12 15:00:00+00:00,48061.5625,48162.5,49442.925,2026-05-11 16:00:00+00:00,2026-08-11 15:00:00+00:00
2026-08-11,2026-08-11 18:59:21+00:00,online,FR,solar,tso_reference,TSO forecast,tso_forecast,2208,2026-08-11 16:00:00+00:00,9162.50537,9162.50537,8778.9075,2026-05-11 16:00:00+00:00,2026-08-11 15:00:00+00:00
2026-08-11,2026-08-11 18:59:21+00:00,online,FR,solar,tso_reference,TSO forecast,tso_forecast,2208,2026-08-11 17:00:00+00:00,4632.2672125,4632.2672125,4108.19,2026-05-11 16:00:00+00:00,2026-08-11 15:00:00+00:00
2026-08-11,2026-08-11 18:59:21+00:00,online,FR,solar,tso_reference,TSO forecast,tso_forecast,2208,2026-08-11 18:00:00+00:00,1272.2529,1272.2529,1117.1475,2026-05-11 16:00:00+00:00,2026-08-11 15:00:00+00:00
2026-08-11,2026-08-11 18:59:21+00:00,online,FR,solar,tso_reference,TSO forecast,tso_forecast,2208,2026-08-11 19:00:00+00:00,55.473125,55.473125,266.665,2026-05-11 16:00:00+00:00,2026-08-11 15:00:00+00:00
2026-08-11,2026-08-11 18:59:21+00:00,online,FR,solar,tso_reference,TSO forecast,tso_forecast,2208,2026-08-11 20:00:00+00:00,0.0,0.0,232.2925,2026-05-11 16:00:00+00:00,2026-08-11 15:00:00+00:00
2026-08-11,2026-08-11 18:59:21+00:00,online,FR,solar,tso_reference,TSO forecast,tso_forecast,2208,2026-08-11 21:00:00+00:00,0.0,0.0,0.0,2026-05-11 16:00:00+00:00,2026-08-11 15:00:00+00:00
2026-08-11,2026-08-11 18:59:21+00:00,online,FR,solar,tso_reference,TSO forecast,tso_forecast,2208,2026-08-11 22:00:00+00:00,0.0,0.0,0.0,2026-05-11 16:00:00+00:00,2026-08-11 15:00:00+00:00
2026-08-11,2026-08-11 18:59:21+00:00,online,FR,solar,tso_reference,TSO forecast,tso_forecast,2208,2026-08-11 23:00:00+00:00,0.0,0.0,0.0,2026-05-11 16:00:00+00:00,2026-08-11 15:00:00+00:00
2026-08-11,2026-08-11 18:59:21+00:00,online,FR,solar,tso_reference,TSO forecast,tso_forecast,2208,2026-08-12 00:00:00+00:00,0.0,0.0,0.0,2026-05-11 16:00:00+00:00,2026-08-11 15:00:00+00:00
2026-08-11,2026-08-11 18:59:21+00:00,online,FR,solar,tso_reference,TSO forecast,tso_forecast,2208,2026-08-12 01:00:00+00:00,0.0,0.0,0.0,2026-05-11 16:00:00+00:00,2026-08-11 15:00:00+00:00
2026-08-11,2026-08-11 18:59:21+00:00,online,FR,solar,tso_reference,TSO forecast,tso_forecast,2208,2026-08-12 02:00:00+00:00,0.0,0.0,0.0,2026-05-11 16:00:00+00:00,2026-08-11 15:00:00+00:00
2026-08-11,2026-08-11 18:59:21+00:00,online,FR,solar,tso_reference,TSO forecast,tso_forecast,2208,2026-08-12 03:00:00+00:00,0.0,0.0,0.0,2026-05-11 16:00:00+00:00,2026-08-11 15:00:00+00:00
2026-08-11,2026-08-11 18:59:21+00:00,online,FR,solar,tso_reference,TSO forecast,tso_forecast,2208,2026-08-12 04:00:00+00:00,29.80572,29.80572,269.71,2026-05-11 16:00:00+00:00,2026-08-11 15:00:00+00:00
2026-08-11,2026-08-11 18:59:21+00:00,online,FR,solar,tso_reference,TSO forecast,tso_forecast,2208,2026-08-12 05:00:00+00:00,784.0365425,784.0365425,1038.0925,2026-05-11 16:00:00+00:00,2026-08-11 15:00:00+00:00
2026-08-11,2026-08-11 18:59:21+00:00,online,FR,solar,tso_reference,TSO forecast,tso_forecast,2208,2026-08-12 06:00:00+00:00,3762.09491,3762.09491,4198.67,2026-05-11 16:00:00+00:00,2026-08-11 15:00:00+00:00
2026-08-11,2026-08-11 18:59:21+00:00,online,FR,solar,tso_reference,TSO forecast,tso_forecast,2208,2026-08-12 07:00:00+00:00,8836.893432500001,8836.893432500001,9274.2,2026-05-11 16:00:00+00:00,2026-08-11 15:00:00+00:00
2026-08-11,2026-08-11 18:59:21+00:00,online,FR,solar,tso_reference,TSO forecast,tso_forecast,2208,2026-08-12 08:00:00+00:00,13896.5024425,13896.5024425,14424.2175,2026-05-11 16:00:00+00:00,2026-08-11 15:00:00+00:00
2026-08-11,2026-08-11 18:59:21+00:00,online,FR,solar,tso_reference,TSO forecast,tso_forecast,2208,2026-08-12 09:00:00+00:00,17690.4140625,17690.4140625,18139.13,2026-05-11 16:00:00+00:00,2026-08-11 15:00:00+00:00
2026-08-11,2026-08-11 18:59:21+00:00,online,FR,solar,tso_reference,TSO forecast,tso_forecast,2208,2026-08-12 10:00:00+00:00,19975.17871,19975.17871,20267.285,2026-05-11 16:00:00+00:00,2026-08-11 15:00:00+00:00
2026-08-11,2026-08-11 18:59:21+00:00,online,FR,solar,tso_reference,TSO forecast,tso_forecast,2208,2026-08-12 11:00:00+00:00,20951.374025,20951.374025,21039.7325,2026-05-11 16:00:00+00:00,2026-08-11 15:00:00+00:00
2026-08-11,2026-08-11 18:59:21+00:00,online,FR,solar,tso_reference,TSO forecast,tso_forecast,2208,2026-08-12 12:00:00+00:00,20899.2558625,20899.2558625,20761.25,2026-05-11 16:00:00+00:00,2026-08-11 15:00:00+00:00
2026-08-11,2026-08-11 18:59:21+00:00,online,FR,solar,tso_reference,TSO forecast,tso_forecast,2208,2026-08-12 13:00:00+00:00,19839.143065,19839.143065,19748.08,2026-05-11 16:00:00+00:00,2026-08-11 15:00:00+00:00
2026-08-11,2026-08-11 18:59:21+00:00,online,FR,solar,tso_reference,TSO forecast,tso_forecast,2208,2026-08-12 14:00:00+00:00,17501.171385,17501.171385,17391.175,2026-05-11 16:00:00+00:00,2026-08-11 15:00:00+00:00
2026-08-11,2026-08-11 18:59:21+00:00,online,FR,solar,tso_reference,TSO forecast,tso_forecast,2208,2026-08-12 15:00:00+00:00,14111.8718275,14111.8718275,13862.2775,2026-05-11 16:00:00+00:00,2026-08-11 15:00:00+00:00
2026-08-11,2026-08-11 18:59:21+00:00,online,FR,solar,persistence,Persistence,daily_persistence,2208,2026-08-11 16:00:00+00:00,8839.715,9162.50537,8778.9075,2026-05-11 16:00:00+00:00,2026-08-11 15:00:00+00:00
2026-08-11,2026-08-11 18:59:21+00:00,online,FR,solar,persistence,Persistence,daily_persistence,2208,2026-08-11 17:00:00+00:00,4214.5825,4632.2672125,4108.19,2026-05-11 16:00:00+00:00,2026-08-11 15:00:00+00:00
2026-08-11,2026-08-11 18:59:21+00:00,online,FR,solar,persistence,Persistence,daily_persistence,2208,2026-08-11 18:00:00+00:00,1190.555,1272.2529,1117.1475,2026-05-11 16:00:00+00:00,2026-08-11 15:00:00+00:00
2026-08-11,2026-08-11 18:59:21+00:00,online,FR,solar,persistence,Persistence,daily_persistence,2208,2026-08-11 19:00:00+00:00,273.82,55.473125,266.665,2026-05-11 16:00:00+00:00,2026-08-11 15:00:00+00:00
2026-08-11,2026-08-11 18:59:21+00:00,online,FR,solar,persistence,Persistence,daily_persistence,2208,2026-08-11 20:00:00+00:00,177.4775,0.0,232.2925,2026-05-11 16:00:00+00:00,2026-08-11 15:00:00+00:00
2026-08-11,2026-08-11 18:59:21+00:00,online,FR,solar,persistence,Persistence,daily_persistence,2208,2026-08-11 21:00:00+00:00,0.0,0.0,0.0,2026-05-11 16:00:00+00:00,2026-08-11 15:00:00+00:00
2026-08-11,2026-08-11 18:59:21+00:00,online,FR,solar,persistence,Persistence,daily_persistence,2208,2026-08-11 22:00:00+00:00,0.0,0.0,0.0,2026-05-11 16:00:00+00:00,2026-08-11 15:00:00+00:00
2026-08-11,2026-08-11 18:59:21+00:00,online,FR,solar,persistence,Persistence,daily_persistence,2208,2026-08-11 23:00:00+00:00,0.0,0.0,0.0,2026-05-11 16:00:00+00:00,2026-08-11 15:00:00+00:00
2026-08-11,2026-08-11 18:59:21+00:00,online,FR,solar,persistence,Persistence,daily_persistence,2208,2026-08-12 00:00:00+00:00,0.0,0.0,0.0,2026-05-11 16:00:00+00:00,2026-08-11 15:00:00+00:00
2026-08-11,2026-08-11 18:59:21+00:00,online,FR,solar,persistence,Persistence,daily_persistence,2208,2026-08-12 01:00:00+00:00,0.0,0.0,0.0,2026-05-11 16:00:00+00:00,2026-08-11 15:00:00+00:00
2026-08-11,2026-08-11 18:59:21+00:00,online,FR,solar,persistence,Persistence,daily_persistence,2208,2026-08-12 02:00:00+00:00,0.0,0.0,0.0,2026-05-11 16:00:00+00:00,2026-08-11 15:00:00+00:00
2026-08-11,2026-08-11 18:59:21+00:00,online,FR,solar,persistence,Persistence,daily_persistence,2208,2026-08-12 03:00:00+00:00,0.0,0.0,0.0,2026-05-11 16:00:00+00:00,2026-08-11 15:00:00+00:00
2026-08-11,2026-08-11 18:59:21+00:00,online,FR,solar,persistence,Persistence,daily_persistence,2208,2026-08-12 04:00:00+00:00,280.5175,29.80572,269.71,2026-05-11 16:00:00+00:00,2026-08-11 15:00:00+00:00
2026-08-11,2026-08-11 18:59:21+00:00,online,FR,solar,persistence,Persistence,daily_persistence,2208,2026-08-12 05:00:00+00:00,1020.8175,784.0365425,1038.0925,2026-05-11 16:00:00+00:00,2026-08-11 15:00:00+00:00
2026-08-11,2026-08-11 18:59:21+00:00,online,FR,solar,persistence,Persistence,daily_persistence,2208,2026-08-12 06:00:00+00:00,3824.42,3762.09491,4198.67,2026-05-11 16:00:00+00:00,2026-08-11 15:00:00+00:00
2026-08-11,2026-08-11 18:59:21+00:00,online,FR,solar,persistence,Persistence,daily_persistence,2208,2026-08-12 07:00:00+00:00,8420.904999999999,8836.893432500001,9274.2,2026-05-11 16:00:00+00:00,2026-08-11 15:00:00+00:00
2026-08-11,2026-08-11 18:59:21+00:00,online,FR,solar,persistence,Persistence,daily_persistence,2208,2026-08-12 08:00:00+00:00,13148.17,13896.5024425,14424.2175,2026-05-11 16:00:00+00:00,2026-08-11 15:00:00+00:00
2026-08-11,2026-08-11 18:59:21+00:00,online,FR,solar,persistence,Persistence,daily_persistence,2208,2026-08-12 09:00:00+00:00,16901.300000000003,17690.4140625,18139.13,2026-05-11 16:00:00+00:00,2026-08-11 15:00:00+00:00
2026-08-11,2026-08-11 18:59:21+00:00,online,FR,solar,persistence,Persistence,daily_persistence,2208,2026-08-12 10:00:00+00:00,19161.0825,19975.17871,20267.285,2026-05-11 16:00:00+00:00,2026-08-11 15:00:00+00:00
2026-08-11,2026-08-11 18:59:21+00:00,online,FR,solar,persistence,Persistence,daily_persistence,2208,2026-08-12 11:00:00+00:00,19944.38,20951.374025,21039.7325,2026-05-11 16:00:00+00:00,2026-08-11 15:00:00+00:00
2026-08-11,2026-08-11 18:59:21+00:00,online,FR,solar,persistence,Persistence,daily_persistence,2208,2026-08-12 12:00:00+00:00,19631.9775,20899.2558625,20761.25,2026-05-11 16:00:00+00:00,2026-08-11 15:00:00+00:00
2026-08-11,2026-08-11 18:59:21+00:00,online,FR,solar,persistence,Persistence,daily_persistence,2208,2026-08-12 13:00:00+00:00,18592.46,19839.143065,19748.08,2026-05-11 16:00:00+00:00,2026-08-11 15:00:00+00:00
2026-08-11,2026-08-11 18:59:21+00:00,online,FR,solar,persistence,Persistence,daily_persistence,2208,2026-08-12 14:00:00+00:00,16491.4,17501.171385,17391.175,2026-05-11 16:00:00+00:00,2026-08-11 15:00:00+00:00
2026-08-11,2026-08-11 18:59:21+00:00,online,FR,solar,persistence,Persistence,daily_persistence,2208,2026-08-12 15:00:00+00:00,13181.3725,14111.8718275,13862.2775,2026-05-11 16:00:00+00:00,2026-08-11 15:00:00+00:00
2026-08-11,2026-08-11 18:59:21+00:00,online,FR,solar,chronos2_online,Chronos2 with covariates,weather_4p+tso_forecast,2208,2026-08-11 16:00:00+00:00,8603.046875,9162.50537,8778.9075,2026-05-11 16:00:00+00:00,2026-08-11 15:00:00+00:00
2026-08-11,2026-08-11 18:59:21+00:00,online,FR,solar,chronos2_online,Chronos2 with covariates,weather_4p+tso_forecast,2208,2026-08-11 17:00:00+00:00,4065.94384765625,4632.2672125,4108.19,2026-05-11 16:00:00+00:00,2026-08-11 15:00:00+00:00
2026-08-11,2026-08-11 18:59:21+00:00,online,FR,solar,chronos2_online,Chronos2 with covariates,weather_4p+tso_forecast,2208,2026-08-11 18:00:00+00:00,1113.19921875,1272.2529,1117.1475,2026-05-11 16:00:00+00:00,2026-08-11 15:00:00+00:00
2026-08-11,2026-08-11 18:59:21+00:00,online,FR,solar,chronos2_online,Chronos2 with covariates,weather_4p+tso_forecast,2208,2026-08-11 19:00:00+00:00,316.44189453125,55.473125,266.665,2026-05-11 16:00:00+00:00,2026-08-11 15:00:00+00:00
2026-08-11,2026-08-11 18:59:21+00:00,online,FR,solar,chronos2_online,Chronos2 with covariates,weather_4p+tso_forecast,2208,2026-08-11 20:00:00+00:00,173.7978515625,0.0,232.2925,2026-05-11 16:00:00+00:00,2026-08-11 15:00:00+00:00
2026-08-11,2026-08-11 18:59:21+00:00,online,FR,solar,chronos2_online,Chronos2 with covariates,weather_4p+tso_forecast,2208,2026-08-11 21:00:00+00:00,134.7119140625,0.0,0.0,2026-05-11 16:00:00+00:00,2026-08-11 15:00:00+00:00
2026-08-11,2026-08-11 18:59:21+00:00,online,FR,solar,chronos2_online,Chronos2 with covariates,weather_4p+tso_forecast,2208,2026-08-11 22:00:00+00:00,145.5185546875,0.0,0.0,2026-05-11 16:00:00+00:00,2026-08-11 15:00:00+00:00
2026-08-11,2026-08-11 18:59:21+00:00,online,FR,solar,chronos2_online,Chronos2 with covariates,weather_4p+tso_forecast,2208,2026-08-11 23:00:00+00:00,165.517578125,0.0,0.0,2026-05-11 16:00:00+00:00,2026-08-11 15:00:00+00:00
2026-08-11,2026-08-11 18:59:21+00:00,online,FR,solar,chronos2_online,Chronos2 with covariates,weather_4p+tso_forecast,2208,2026-08-12 00:00:00+00:00,173.5234375,0.0,0.0,2026-05-11 16:00:00+00:00,2026-08-11 15:00:00+00:00
2026-08-11,2026-08-11 18:59:21+00:00,online,FR,solar,chronos2_online,Chronos2 with covariates,weather_4p+tso_forecast,2208,2026-08-12 01:00:00+00:00,178.34521484375,0.0,0.0,2026-05-11 16:00:00+00:00,2026-08-11 15:00:00+00:00
2026-08-11,2026-08-11 18:59:21+00:00,online,FR,solar,chronos2_online,Chronos2 with covariates,weather_4p+tso_forecast,2208,2026-08-12 02:00:00+00:00,110.4091796875,0.0,0.0,2026-05-11 16:00:00+00:00,2026-08-11 15:00:00+00:00
2026-08-11,2026-08-11 18:59:21+00:00,online,FR,solar,chronos2_online,Chronos2 with covariates,weather_4p+tso_forecast,2208,2026-08-12 03:00:00+00:00,138.36279296875,0.0,0.0,2026-05-11 16:00:00+00:00,2026-08-11 15:00:00+00:00
2026-08-11,2026-08-11 18:59:21+00:00,online,FR,solar,chronos2_online,Chronos2 with covariates,weather_4p+tso_forecast,2208,2026-08-12 04:00:00+00:00,271.64013671875,29.80572,269.71,2026-05-11 16:00:00+00:00,2026-08-11 15:00:00+00:00
2026-08-11,2026-08-11 18:59:21+00:00,online,FR,solar,chronos2_online,Chronos2 with covariates,weather_4p+tso_forecast,2208,2026-08-12 05:00:00+00:00,868.3232421875,784.0365425,1038.0925,2026-05-11 16:00:00+00:00,2026-08-11 15:00:00+00:00
2026-08-11,2026-08-11 18:59:21+00:00,online,FR,solar,chronos2_online,Chronos2 with covariates,weather_4p+tso_forecast,2208,2026-08-12 06:00:00+00:00,4016.0166015625,3762.09491,4198.67,2026-05-11 16:00:00+00:00,2026-08-11 15:00:00+00:00
2026-08-11,2026-08-11 18:59:21+00:00,online,FR,solar,chronos2_online,Chronos2 with covariates,weather_4p+tso_forecast,2208,2026-08-12 07:00:00+00:00,8904.7041015625,8836.893432500001,9274.2,2026-05-11 16:00:00+00:00,2026-08-11 15:00:00+00:00
2026-08-11,2026-08-11 18:59:21+00:00,online,FR,solar,chronos2_online,Chronos2 with covariates,weather_4p+tso_forecast,2208,2026-08-12 08:00:00+00:00,13503.328125,13896.5024425,14424.2175,2026-05-11 16:00:00+00:00,2026-08-11 15:00:00+00:00
2026-08-11,2026-08-11 18:59:21+00:00,online,FR,solar,chronos2_online,Chronos2 with covariates,weather_4p+tso_forecast,2208,2026-08-12 09:00:00+00:00,17301.08984375,17690.4140625,18139.13,2026-05-11 16:00:00+00:00,2026-08-11 15:00:00+00:00
2026-08-11,2026-08-11 18:59:21+00:00,online,FR,solar,chronos2_online,Chronos2 with covariates,weather_4p+tso_forecast,2208,2026-08-12 10:00:00+00:00,19051.38671875,19975.17871,20267.285,2026-05-11 16:00:00+00:00,2026-08-11 15:00:00+00:00
2026-08-11,2026-08-11 18:59:21+00:00,online,FR,solar,chronos2_online,Chronos2 with covariates,weather_4p+tso_forecast,2208,2026-08-12 11:00:00+00:00,19917.462890625,20951.374025,21039.7325,2026-05-11 16:00:00+00:00,2026-08-11 15:00:00+00:00
2026-08-11,2026-08-11 18:59:21+00:00,online,FR,solar,chronos2_online,Chronos2 with covariates,weather_4p+tso_forecast,2208,2026-08-12 12:00:00+00:00,19672.0390625,20899.2558625,20761.25,2026-05-11 16:00:00+00:00,2026-08-11 15:00:00+00:00
2026-08-11,2026-08-11 18:59:21+00:00,online,FR,solar,chronos2_online,Chronos2 with covariates,weather_4p+tso_forecast,2208,2026-08-12 13:00:00+00:00,18501.048828125,19839.143065,19748.08,2026-05-11 16:00:00+00:00,2026-08-11 15:00:00+00:00
2026-08-11,2026-08-11 18:59:21+00:00,online,FR,solar,chronos2_online,Chronos2 with covariates,weather_4p+tso_forecast,2208,2026-08-12 14:00:00+00:00,16292.609375,17501.171385,17391.175,2026-05-11 16:00:00+00:00,2026-08-11 15:00:00+00:00
2026-08-11,2026-08-11 18:59:21+00:00,online,FR,solar,chronos2_online,Chronos2 with covariates,weather_4p+tso_forecast,2208,2026-08-12 15:00:00+00:00,13241.37890625,14111.8718275,13862.2775,2026-05-11 16:00:00+00:00,2026-08-11 15:00:00+00:00
2026-08-11,2026-08-11 18:59:21+00:00,online,FR,solar,xgboost_online,XGBoost with covariates,weather_4p+tso_forecast,2208,2026-08-11 16:00:00+00:00,8608.6767578125,9162.50537,8778.9075,2026-05-11 16:00:00+00:00,2026-08-11 15:00:00+00:00
2026-08-11,2026-08-11 18:59:21+00:00,online,FR,solar,xgboost_online,XGBoost with covariates,weather_4p+tso_forecast,2208,2026-08-11 17:00:00+00:00,4497.7998046875,4632.2672125,4108.19,2026-05-11 16:00:00+00:00,2026-08-11 15:00:00+00:00
2026-08-11,2026-08-11 18:59:21+00:00,online,FR,solar,xgboost_online,XGBoost with covariates,weather_4p+tso_forecast,2208,2026-08-11 18:00:00+00:00,1383.743896484375,1272.2529,1117.1475,2026-05-11 16:00:00+00:00,2026-08-11 15:00:00+00:00
2026-08-11,2026-08-11 18:59:21+00:00,online,FR,solar,xgboost_online,XGBoost with covariates,weather_4p+tso_forecast,2208,2026-08-11 19:00:00+00:00,539.5518798828125,55.473125,266.665,2026-05-11 16:00:00+00:00,2026-08-11 15:00:00+00:00
2026-08-11,2026-08-11 18:59:21+00:00,online,FR,solar,xgboost_online,XGBoost with covariates,weather_4p+tso_forecast,2208,2026-08-11 20:00:00+00:00,158.98233032226562,0.0,232.2925,2026-05-11 16:00:00+00:00,2026-08-11 15:00:00+00:00
2026-08-11,2026-08-11 18:59:21+00:00,online,FR,solar,xgboost_online,XGBoost with covariates,weather_4p+tso_forecast,2208,2026-08-11 21:00:00+00:00,158.98233032226562,0.0,0.0,2026-05-11 16:00:00+00:00,2026-08-11 15:00:00+00:00
2026-08-11,2026-08-11 18:59:21+00:00,online,FR,solar,xgboost_online,XGBoost with covariates,weather_4p+tso_forecast,2208,2026-08-11 22:00:00+00:00,158.98233032226562,0.0,0.0,2026-05-11 16:00:00+00:00,2026-08-11 15:00:00+00:00
2026-08-11,2026-08-11 18:59:21+00:00,online,FR,solar,xgboost_online,XGBoost with covariates,weather_4p+tso_forecast,2208,2026-08-11 23:00:00+00:00,158.98233032226562,0.0,0.0,2026-05-11 16:00:00+00:00,2026-08-11 15:00:00+00:00
2026-08-11,2026-08-11 18:59:21+00:00,online,FR,solar,xgboost_online,XGBoost with covariates,weather_4p+tso_forecast,2208,2026-08-12 00:00:00+00:00,157.4890899658203,0.0,0.0,2026-05-11 16:00:00+00:00,2026-08-11 15:00:00+00:00
2026-08-11,2026-08-11 18:59:21+00:00,online,FR,solar,xgboost_online,XGBoost with covariates,weather_4p+tso_forecast,2208,2026-08-12 01:00:00+00:00,157.4890899658203,0.0,0.0,2026-05-11 16:00:00+00:00,2026-08-11 15:00:00+00:00
2026-08-11,2026-08-11 18:59:21+00:00,online,FR,solar,xgboost_online,XGBoost with covariates,weather_4p+tso_forecast,2208,2026-08-12 02:00:00+00:00,157.4890899658203,0.0,0.0,2026-05-11 16:00:00+00:00,2026-08-11 15:00:00+00:00
2026-08-11,2026-08-11 18:59:21+00:00,online,FR,solar,xgboost_online,XGBoost with covariates,weather_4p+tso_forecast,2208,2026-08-12 03:00:00+00:00,164.2355194091797,0.0,0.0,2026-05-11 16:00:00+00:00,2026-08-11 15:00:00+00:00
2026-08-11,2026-08-11 18:59:21+00:00,online,FR,solar,xgboost_online,XGBoost with covariates,weather_4p+tso_forecast,2208,2026-08-12 04:00:00+00:00,309.6289367675781,29.80572,269.71,2026-05-11 16:00:00+00:00,2026-08-11 15:00:00+00:00
2026-08-11,2026-08-11 18:59:21+00:00,online,FR,solar,xgboost_online,XGBoost with covariates,weather_4p+tso_forecast,2208,2026-08-12 05:00:00+00:00,942.2290649414062,784.0365425,1038.0925,2026-05-11 16:00:00+00:00,2026-08-11 15:00:00+00:00
2026-08-11,2026-08-11 18:59:21+00:00,online,FR,solar,xgboost_online,XGBoost with covariates,weather_4p+tso_forecast,2208,2026-08-12 06:00:00+00:00,4149.6015625,3762.09491,4198.67,2026-05-11 16:00:00+00:00,2026-08-11 15:00:00+00:00
2026-08-11,2026-08-11 18:59:21+00:00,online,FR,solar,xgboost_online,XGBoost with covariates,weather_4p+tso_forecast,2208,2026-08-12 07:00:00+00:00,8705.9189453125,8836.893432500001,9274.2,2026-05-11 16:00:00+00:00,2026-08-11 15:00:00+00:00
2026-08-11,2026-08-11 18:59:21+00:00,online,FR,solar,xgboost_online,XGBoost with covariates,weather_4p+tso_forecast,2208,2026-08-12 08:00:00+00:00,13759.1318359375,13896.5024425,14424.2175,2026-05-11 16:00:00+00:00,2026-08-11 15:00:00+00:00
2026-08-11,2026-08-11 18:59:21+00:00,online,FR,solar,xgboost_online,XGBoost with covariates,weather_4p+tso_forecast,2208,2026-08-12 09:00:00+00:00,16770.701171875,17690.4140625,18139.13,2026-05-11 16:00:00+00:00,2026-08-11 15:00:00+00:00
2026-08-11,2026-08-11 18:59:21+00:00,online,FR,solar,xgboost_online,XGBoost with covariates,weather_4p+tso_forecast,2208,2026-08-12 10:00:00+00:00,19170.255859375,19975.17871,20267.285,2026-05-11 16:00:00+00:00,2026-08-11 15:00:00+00:00
2026-08-11,2026-08-11 18:59:21+00:00,online,FR,solar,xgboost_online,XGBoost with covariates,weather_4p+tso_forecast,2208,2026-08-12 11:00:00+00:00,20142.3828125,20951.374025,21039.7325,2026-05-11 16:00:00+00:00,2026-08-11 15:00:00+00:00
2026-08-11,2026-08-11 18:59:21+00:00,online,FR,solar,xgboost_online,XGBoost with covariates,weather_4p+tso_forecast,2208,2026-08-12 12:00:00+00:00,20101.533203125,20899.2558625,20761.25,2026-05-11 16:00:00+00:00,2026-08-11 15:00:00+00:00
2026-08-11,2026-08-11 18:59:21+00:00,online,FR,solar,xgboost_online,XGBoost with covariates,weather_4p+tso_forecast,2208,2026-08-12 13:00:00+00:00,19155.4453125,19839.143065,19748.08,2026-05-11 16:00:00+00:00,2026-08-11 15:00:00+00:00
2026-08-11,2026-08-11 18:59:21+00:00,online,FR,solar,xgboost_online,XGBoost with covariates,weather_4p+tso_forecast,2208,2026-08-12 14:00:00+00:00,17098.10546875,17501.171385,17391.175,2026-05-11 16:00:00+00:00,2026-08-11 15:00:00+00:00
2026-08-11,2026-08-11 18:59:21+00:00,online,FR,solar,xgboost_online,XGBoost with covariates,weather_4p+tso_forecast,2208,2026-08-12 15:00:00+00:00,13580.1904296875,14111.8718275,13862.2775,2026-05-11 16:00:00+00:00,2026-08-11 15:00:00+00:00
2026-08-11,2026-08-11 18:59:21+00:00,online,FR,wind_onshore,tso_reference,TSO forecast,tso_forecast,2208,2026-08-11 16:00:00+00:00,2089.4075325,2089.4075325,2447.4025,2026-05-11 16:00:00+00:00,2026-08-11 15:00:00+00:00
2026-08-11,2026-08-11 18:59:21+00:00,online,FR,wind_onshore,tso_reference,TSO forecast,tso_forecast,2208,2026-08-11 17:00:00+00:00,2259.0375375000003,2259.0375375000003,2977.15,2026-05-11 16:00:00+00:00,2026-08-11 15:00:00+00:00
2026-08-11,2026-08-11 18:59:21+00:00,online,FR,wind_onshore,tso_reference,TSO forecast,tso_forecast,2208,2026-08-11 18:00:00+00:00,2926.4800425000003,2926.4800425000003,3619.0825,2026-05-11 16:00:00+00:00,2026-08-11 15:00:00+00:00
2026-08-11,2026-08-11 18:59:21+00:00,online,FR,wind_onshore,tso_reference,TSO forecast,tso_forecast,2208,2026-08-11 19:00:00+00:00,4374.619935,4374.619935,4793.2275,2026-05-11 16:00:00+00:00,2026-08-11 15:00:00+00:00
2026-08-11,2026-08-11 18:59:21+00:00,online,FR,wind_onshore,tso_reference,TSO forecast,tso_forecast,2208,2026-08-11 20:00:00+00:00,5769.7773449999995,5769.7773449999995,6377.28,2026-05-11 16:00:00+00:00,2026-08-11 15:00:00+00:00
2026-08-11,2026-08-11 18:59:21+00:00,online,FR,wind_onshore,tso_reference,TSO forecast,tso_forecast,2208,2026-08-11 21:00:00+00:00,6281.9649675,6281.9649675,6994.400000000001,2026-05-11 16:00:00+00:00,2026-08-11 15:00:00+00:00
2026-08-11,2026-08-11 18:59:21+00:00,online,FR,wind_onshore,tso_reference,TSO forecast,tso_forecast,2208,2026-08-11 22:00:00+00:00,6706.3325225,6706.3325225,7029.39,2026-05-11 16:00:00+00:00,2026-08-11 15:00:00+00:00
2026-08-11,2026-08-11 18:59:21+00:00,online,FR,wind_onshore,tso_reference,TSO forecast,tso_forecast,2208,2026-08-11 23:00:00+00:00,6386.9025875,6386.9025875,6611.775,2026-05-11 16:00:00+00:00,2026-08-11 15:00:00+00:00
2026-08-11,2026-08-11 18:59:21+00:00,online,FR,wind_onshore,tso_reference,TSO forecast,tso_forecast,2208,2026-08-12 00:00:00+00:00,5840.439942499999,5840.439942499999,5994.945,2026-05-11 16:00:00+00:00,2026-08-11 15:00:00+00:00
2026-08-11,2026-08-11 18:59:21+00:00,online,FR,wind_onshore,tso_reference,TSO forecast,tso_forecast,2208,2026-08-12 01:00:00+00:00,5321.3948975,5321.3948975,5419.2025,2026-05-11 16:00:00+00:00,2026-08-11 15:00:00+00:00
2026-08-11,2026-08-11 18:59:21+00:00,online,FR,wind_onshore,tso_reference,TSO forecast,tso_forecast,2208,2026-08-12 02:00:00+00:00,4976.7249775,4976.7249775,4972.389999999999,2026-05-11 16:00:00+00:00,2026-08-11 15:00:00+00:00
2026-08-11,2026-08-11 18:59:21+00:00,online,FR,wind_onshore,tso_reference,TSO forecast,tso_forecast,2208,2026-08-12 03:00:00+00:00,4706.8725575,4706.8725575,4611.4425,2026-05-11 16:00:00+00:00,2026-08-11 15:00:00+00:00
2026-08-11,2026-08-11 18:59:21+00:00,online,FR,wind_onshore,tso_reference,TSO forecast,tso_forecast,2208,2026-08-12 04:00:00+00:00,4485.5526125,4485.5526125,4424.7525,2026-05-11 16:00:00+00:00,2026-08-11 15:00:00+00:00
2026-08-11,2026-08-11 18:59:21+00:00,online,FR,wind_onshore,tso_reference,TSO forecast,tso_forecast,2208,2026-08-12 05:00:00+00:00,4158.3550425,4158.3550425,4213.75,2026-05-11 16:00:00+00:00,2026-08-11 15:00:00+00:00
2026-08-11,2026-08-11 18:59:21+00:00,online,FR,wind_onshore,tso_reference,TSO forecast,tso_forecast,2208,2026-08-12 06:00:00+00:00,3466.03003,3466.03003,3096.6499999999996,2026-05-11 16:00:00+00:00,2026-08-11 15:00:00+00:00
2026-08-11,2026-08-11 18:59:21+00:00,online,FR,wind_onshore,tso_reference,TSO forecast,tso_forecast,2208,2026-08-12 07:00:00+00:00,2243.5325325000003,2243.5325325000003,1703.9425,2026-05-11 16:00:00+00:00,2026-08-11 15:00:00+00:00
2026-08-11,2026-08-11 18:59:21+00:00,online,FR,wind_onshore,tso_reference,TSO forecast,tso_forecast,2208,2026-08-12 08:00:00+00:00,1242.6474925,1242.6474925,1101.21,2026-05-11 16:00:00+00:00,2026-08-11 15:00:00+00:00
2026-08-11,2026-08-11 18:59:21+00:00,online,FR,wind_onshore,tso_reference,TSO forecast,tso_forecast,2208,2026-08-12 09:00:00+00:00,1077.8324575,1077.8324575,1066.7325,2026-05-11 16:00:00+00:00,2026-08-11 15:00:00+00:00
2026-08-11,2026-08-11 18:59:21+00:00,online,FR,wind_onshore,tso_reference,TSO forecast,tso_forecast,2208,2026-08-12 10:00:00+00:00,1075.3250125,1075.3250125,1336.075,2026-05-11 16:00:00+00:00,2026-08-11 15:00:00+00:00
2026-08-11,2026-08-11 18:59:21+00:00,online,FR,wind_onshore,tso_reference,TSO forecast,tso_forecast,2208,2026-08-12 11:00:00+00:00,1098.07504,1098.07504,1495.4025,2026-05-11 16:00:00+00:00,2026-08-11 15:00:00+00:00
2026-08-11,2026-08-11 18:59:21+00:00,online,FR,wind_onshore,tso_reference,TSO forecast,tso_forecast,2208,2026-08-12 12:00:00+00:00,1086.4525425000002,1086.4525425000002,1270.8925,2026-05-11 16:00:00+00:00,2026-08-11 15:00:00+00:00
2026-08-11,2026-08-11 18:59:21+00:00,online,FR,wind_onshore,tso_reference,TSO forecast,tso_forecast,2208,2026-08-12 13:00:00+00:00,1071.8499775,1071.8499775,1194.3425,2026-05-11 16:00:00+00:00,2026-08-11 15:00:00+00:00
2026-08-11,2026-08-11 18:59:21+00:00,online,FR,wind_onshore,tso_reference,TSO forecast,tso_forecast,2208,2026-08-12 14:00:00+00:00,1069.462555,1069.462555,1158.06,2026-05-11 16:00:00+00:00,2026-08-11 15:00:00+00:00
2026-08-11,2026-08-11 18:59:21+00:00,online,FR,wind_onshore,tso_reference,TSO forecast,tso_forecast,2208,2026-08-12 15:00:00+00:00,1099.619995,1099.619995,1168.0549999999998,2026-05-11 16:00:00+00:00,2026-08-11 15:00:00+00:00
2026-08-11,2026-08-11 18:59:21+00:00,online,FR,wind_onshore,persistence,Persistence,daily_persistence,2208,2026-08-11 16:00:00+00:00,1683.9025,2089.4075325,2447.4025,2026-05-11 16:00:00+00:00,2026-08-11 15:00:00+00:00
2026-08-11,2026-08-11 18:59:21+00:00,online,FR,wind_onshore,persistence,Persistence,daily_persistence,2208,2026-08-11 17:00:00+00:00,2358.39,2259.0375375000003,2977.15,2026-05-11 16:00:00+00:00,2026-08-11 15:00:00+00:00
2026-08-11,2026-08-11 18:59:21+00:00,online,FR,wind_onshore,persistence,Persistence,daily_persistence,2208,2026-08-11 18:00:00+00:00,3325.695,2926.4800425000003,3619.0825,2026-05-11 16:00:00+00:00,2026-08-11 15:00:00+00:00
2026-08-11,2026-08-11 18:59:21+00:00,online,FR,wind_onshore,persistence,Persistence,daily_persistence,2208,2026-08-11 19:00:00+00:00,4052.59,4374.619935,4793.2275,2026-05-11 16:00:00+00:00,2026-08-11 15:00:00+00:00
2026-08-11,2026-08-11 18:59:21+00:00,online,FR,wind_onshore,persistence,Persistence,daily_persistence,2208,2026-08-11 20:00:00+00:00,4731.8025,5769.7773449999995,6377.28,2026-05-11 16:00:00+00:00,2026-08-11 15:00:00+00:00
2026-08-11,2026-08-11 18:59:21+00:00,online,FR,wind_onshore,persistence,Persistence,daily_persistence,2208,2026-08-11 21:00:00+00:00,5244.0975,6281.9649675,6994.400000000001,2026-05-11 16:00:00+00:00,2026-08-11 15:00:00+00:00
2026-08-11,2026-08-11 18:59:21+00:00,online,FR,wind_onshore,persistence,Persistence,daily_persistence,2208,2026-08-11 22:00:00+00:00,5517.7775,6706.3325225,7029.39,2026-05-11 16:00:00+00:00,2026-08-11 15:00:00+00:00
2026-08-11,2026-08-11 18:59:21+00:00,online,FR,wind_onshore,persistence,Persistence,daily_persistence,2208,2026-08-11 23:00:00+00:00,5353.755,6386.9025875,6611.775,2026-05-11 16:00:00+00:00,2026-08-11 15:00:00+00:00
2026-08-11,2026-08-11 18:59:21+00:00,online,FR,wind_onshore,persistence,Persistence,daily_persistence,2208,2026-08-12 00:00:00+00:00,5256.6475,5840.439942499999,5994.945,2026-05-11 16:00:00+00:00,2026-08-11 15:00:00+00:00
2026-08-11,2026-08-11 18:59:21+00:00,online,FR,wind_onshore,persistence,Persistence,daily_persistence,2208,2026-08-12 01:00:00+00:00,5006.8125,5321.3948975,5419.2025,2026-05-11 16:00:00+00:00,2026-08-11 15:00:00+00:00
2026-08-11,2026-08-11 18:59:21+00:00,online,FR,wind_onshore,persistence,Persistence,daily_persistence,2208,2026-08-12 02:00:00+00:00,4832.15,4976.7249775,4972.389999999999,2026-05-11 16:00:00+00:00,2026-08-11 15:00:00+00:00
2026-08-11,2026-08-11 18:59:21+00:00,online,FR,wind_onshore,persistence,Persistence,daily_persistence,2208,2026-08-12 03:00:00+00:00,4546.3075,4706.8725575,4611.4425,2026-05-11 16:00:00+00:00,2026-08-11 15:00:00+00:00
2026-08-11,2026-08-11 18:59:21+00:00,online,FR,wind_onshore,persistence,Persistence,daily_persistence,2208,2026-08-12 04:00:00+00:00,4334.969999999999,4485.5526125,4424.7525,2026-05-11 16:00:00+00:00,2026-08-11 15:00:00+00:00
2026-08-11,2026-08-11 18:59:21+00:00,online,FR,wind_onshore,persistence,Persistence,daily_persistence,2208,2026-08-12 05:00:00+00:00,4324.235,4158.3550425,4213.75,2026-05-11 16:00:00+00:00,2026-08-11 15:00:00+00:00
2026-08-11,2026-08-11 18:59:21+00:00,online,FR,wind_onshore,persistence,Persistence,daily_persistence,2208,2026-08-12 06:00:00+00:00,3169.0325000000003,3466.03003,3096.6499999999996,2026-05-11 16:00:00+00:00,2026-08-11 15:00:00+00:00
2026-08-11,2026-08-11 18:59:21+00:00,online,FR,wind_onshore,persistence,Persistence,daily_persistence,2208,2026-08-12 07:00:00+00:00,1929.4725,2243.5325325000003,1703.9425,2026-05-11 16:00:00+00:00,2026-08-11 15:00:00+00:00
2026-08-11,2026-08-11 18:59:21+00:00,online,FR,wind_onshore,persistence,Persistence,daily_persistence,2208,2026-08-12 08:00:00+00:00,1536.7175,1242.6474925,1101.21,2026-05-11 16:00:00+00:00,2026-08-11 15:00:00+00:00
2026-08-11,2026-08-11 18:59:21+00:00,online,FR,wind_onshore,persistence,Persistence,daily_persistence,2208,2026-08-12 09:00:00+00:00,1775.72,1077.8324575,1066.7325,2026-05-11 16:00:00+00:00,2026-08-11 15:00:00+00:00
2026-08-11,2026-08-11 18:59:21+00:00,online,FR,wind_onshore,persistence,Persistence,daily_persistence,2208,2026-08-12 10:00:00+00:00,1986.6275,1075.3250125,1336.075,2026-05-11 16:00:00+00:00,2026-08-11 15:00:00+00:00
2026-08-11,2026-08-11 18:59:21+00:00,online,FR,wind_onshore,persistence,Persistence,daily_persistence,2208,2026-08-12 11:00:00+00:00,1978.525,1098.07504,1495.4025,2026-05-11 16:00:00+00:00,2026-08-11 15:00:00+00:00
2026-08-11,2026-08-11 18:59:21+00:00,online,FR,wind_onshore,persistence,Persistence,daily_persistence,2208,2026-08-12 12:00:00+00:00,1905.595,1086.4525425000002,1270.8925,2026-05-11 16:00:00+00:00,2026-08-11 15:00:00+00:00
2026-08-11,2026-08-11 18:59:21+00:00,online,FR,wind_onshore,persistence,Persistence,daily_persistence,2208,2026-08-12 13:00:00+00:00,1842.4525,1071.8499775,1194.3425,2026-05-11 16:00:00+00:00,2026-08-11 15:00:00+00:00
2026-08-11,2026-08-11 18:59:21+00:00,online,FR,wind_onshore,persistence,Persistence,daily_persistence,2208,2026-08-12 14:00:00+00:00,1888.22,1069.462555,1158.06,2026-05-11 16:00:00+00:00,2026-08-11 15:00:00+00:00
2026-08-11,2026-08-11 18:59:21+00:00,online,FR,wind_onshore,persistence,Persistence,daily_persistence,2208,2026-08-12 15:00:00+00:00,2038.9825,1099.619995,1168.0549999999998,2026-05-11 16:00:00+00:00,2026-08-11 15:00:00+00:00
2026-08-11,2026-08-11 18:59:21+00:00,online,FR,wind_onshore,chronos2_online,Chronos2 with covariates,weather_4p+tso_forecast,2208,2026-08-11 16:00:00+00:00,2448.463134765625,2089.4075325,2447.4025,2026-05-11 16:00:00+00:00,2026-08-11 15:00:00+00:00
2026-08-11,2026-08-11 18:59:21+00:00,online,FR,wind_onshore,chronos2_online,Chronos2 with covariates,weather_4p+tso_forecast,2208,2026-08-11 17:00:00+00:00,2695.55859375,2259.0375375000003,2977.15,2026-05-11 16:00:00+00:00,2026-08-11 15:00:00+00:00
2026-08-11,2026-08-11 18:59:21+00:00,online,FR,wind_onshore,chronos2_online,Chronos2 with covariates,weather_4p+tso_forecast,2208,2026-08-11 18:00:00+00:00,3336.874755859375,2926.4800425000003,3619.0825,2026-05-11 16:00:00+00:00,2026-08-11 15:00:00+00:00
2026-08-11,2026-08-11 18:59:21+00:00,online,FR,wind_onshore,chronos2_online,Chronos2 with covariates,weather_4p+tso_forecast,2208,2026-08-11 19:00:00+00:00,4588.306640625,4374.619935,4793.2275,2026-05-11 16:00:00+00:00,2026-08-11 15:00:00+00:00
2026-08-11,2026-08-11 18:59:21+00:00,online,FR,wind_onshore,chronos2_online,Chronos2 with covariates,weather_4p+tso_forecast,2208,2026-08-11 20:00:00+00:00,6137.5986328125,5769.7773449999995,6377.28,2026-05-11 16:00:00+00:00,2026-08-11 15:00:00+00:00
2026-08-11,2026-08-11 18:59:21+00:00,online,FR,wind_onshore,chronos2_online,Chronos2 with covariates,weather_4p+tso_forecast,2208,2026-08-11 21:00:00+00:00,7056.720703125,6281.9649675,6994.400000000001,2026-05-11 16:00:00+00:00,2026-08-11 15:00:00+00:00
2026-08-11,2026-08-11 18:59:21+00:00,online,FR,wind_onshore,chronos2_online,Chronos2 with covariates,weather_4p+tso_forecast,2208,2026-08-11 22:00:00+00:00,7324.7060546875,6706.3325225,7029.39,2026-05-11 16:00:00+00:00,2026-08-11 15:00:00+00:00
2026-08-11,2026-08-11 18:59:21+00:00,online,FR,wind_onshore,chronos2_online,Chronos2 with covariates,weather_4p+tso_forecast,2208,2026-08-11 23:00:00+00:00,7154.796875,6386.9025875,6611.775,2026-05-11 16:00:00+00:00,2026-08-11 15:00:00+00:00
2026-08-11,2026-08-11 18:59:21+00:00,online,FR,wind_onshore,chronos2_online,Chronos2 with covariates,weather_4p+tso_forecast,2208,2026-08-12 00:00:00+00:00,6556.25390625,5840.439942499999,5994.945,2026-05-11 16:00:00+00:00,2026-08-11 15:00:00+00:00
2026-08-11,2026-08-11 18:59:21+00:00,online,FR,wind_onshore,chronos2_online,Chronos2 with covariates,weather_4p+tso_forecast,2208,2026-08-12 01:00:00+00:00,5858.365234375,5321.3948975,5419.2025,2026-05-11 16:00:00+00:00,2026-08-11 15:00:00+00:00
2026-08-11,2026-08-11 18:59:21+00:00,online,FR,wind_onshore,chronos2_online,Chronos2 with covariates,weather_4p+tso_forecast,2208,2026-08-12 02:00:00+00:00,5322.16455078125,4976.7249775,4972.389999999999,2026-05-11 16:00:00+00:00,2026-08-11 15:00:00+00:00
2026-08-11,2026-08-11 18:59:21+00:00,online,FR,wind_onshore,chronos2_online,Chronos2 with covariates,weather_4p+tso_forecast,2208,2026-08-12 03:00:00+00:00,5032.38671875,4706.8725575,4611.4425,2026-05-11 16:00:00+00:00,2026-08-11 15:00:00+00:00
2026-08-11,2026-08-11 18:59:21+00:00,online,FR,wind_onshore,chronos2_online,Chronos2 with covariates,weather_4p+tso_forecast,2208,2026-08-12 04:00:00+00:00,4844.48876953125,4485.5526125,4424.7525,2026-05-11 16:00:00+00:00,2026-08-11 15:00:00+00:00
2026-08-11,2026-08-11 18:59:21+00:00,online,FR,wind_onshore,chronos2_online,Chronos2 with covariates,weather_4p+tso_forecast,2208,2026-08-12 05:00:00+00:00,4538.408203125,4158.3550425,4213.75,2026-05-11 16:00:00+00:00,2026-08-11 15:00:00+00:00
2026-08-11,2026-08-11 18:59:21+00:00,online,FR,wind_onshore,chronos2_online,Chronos2 with covariates,weather_4p+tso_forecast,2208,2026-08-12 06:00:00+00:00,3635.707763671875,3466.03003,3096.6499999999996,2026-05-11 16:00:00+00:00,2026-08-11 15:00:00+00:00
2026-08-11,2026-08-11 18:59:21+00:00,online,FR,wind_onshore,chronos2_online,Chronos2 with covariates,weather_4p+tso_forecast,2208,2026-08-12 07:00:00+00:00,2518.94970703125,2243.5325325000003,1703.9425,2026-05-11 16:00:00+00:00,2026-08-11 15:00:00+00:00
2026-08-11,2026-08-11 18:59:21+00:00,online,FR,wind_onshore,chronos2_online,Chronos2 with covariates,weather_4p+tso_forecast,2208,2026-08-12 08:00:00+00:00,1640.4058837890625,1242.6474925,1101.21,2026-05-11 16:00:00+00:00,2026-08-11 15:00:00+00:00
2026-08-11,2026-08-11 18:59:21+00:00,online,FR,wind_onshore,chronos2_online,Chronos2 with covariates,weather_4p+tso_forecast,2208,2026-08-12 09:00:00+00:00,1619.8419189453125,1077.8324575,1066.7325,2026-05-11 16:00:00+00:00,2026-08-11 15:00:00+00:00
2026-08-11,2026-08-11 18:59:21+00:00,online,FR,wind_onshore,chronos2_online,Chronos2 with covariates,weather_4p+tso_forecast,2208,2026-08-12 10:00:00+00:00,1616.906494140625,1075.3250125,1336.075,2026-05-11 16:00:00+00:00,2026-08-11 15:00:00+00:00
2026-08-11,2026-08-11 18:59:21+00:00,online,FR,wind_onshore,chronos2_online,Chronos2 with covariates,weather_4p+tso_forecast,2208,2026-08-12 11:00:00+00:00,1570.3077392578125,1098.07504,1495.4025,2026-05-11 16:00:00+00:00,2026-08-11 15:00:00+00:00
2026-08-11,2026-08-11 18:59:21+00:00,online,FR,wind_onshore,chronos2_online,Chronos2 with covariates,weather_4p+tso_forecast,2208,2026-08-12 12:00:00+00:00,1493.89501953125,1086.4525425000002,1270.8925,2026-05-11 16:00:00+00:00,2026-08-11 15:00:00+00:00
2026-08-11,2026-08-11 18:59:21+00:00,online,FR,wind_onshore,chronos2_online,Chronos2 with covariates,weather_4p+tso_forecast,2208,2026-08-12 13:00:00+00:00,1322.9019775390625,1071.8499775,1194.3425,2026-05-11 16:00:00+00:00,2026-08-11 15:00:00+00:00
2026-08-11,2026-08-11 18:59:21+00:00,online,FR,wind_onshore,chronos2_online,Chronos2 with covariates,weather_4p+tso_forecast,2208,2026-08-12 14:00:00+00:00,1292.010009765625,1069.462555,1158.06,2026-05-11 16:00:00+00:00,2026-08-11 15:00:00+00:00
2026-08-11,2026-08-11 18:59:21+00:00,online,FR,wind_onshore,chronos2_online,Chronos2 with covariates,weather_4p+tso_forecast,2208,2026-08-12 15:00:00+00:00,1343.92041015625,1099.619995,1168.0549999999998,2026-05-11 16:00:00+00:00,2026-08-11 15:00:00+00:00
2026-08-11,2026-08-11 18:59:21+00:00,online,FR,wind_onshore,xgboost_online,XGBoost with covariates,weather_4p+tso_forecast,2208,2026-08-11 16:00:00+00:00,2487.93994140625,2089.4075325,2447.4025,2026-05-11 16:00:00+00:00,2026-08-11 15:00:00+00:00
2026-08-11,2026-08-11 18:59:21+00:00,online,FR,wind_onshore,xgboost_online,XGBoost with covariates,weather_4p+tso_forecast,2208,2026-08-11 17:00:00+00:00,2542.4375,2259.0375375000003,2977.15,2026-05-11 16:00:00+00:00,2026-08-11 15:00:00+00:00
2026-08-11,2026-08-11 18:59:21+00:00,online,FR,wind_onshore,xgboost_online,XGBoost with covariates,weather_4p+tso_forecast,2208,2026-08-11 18:00:00+00:00,3063.160400390625,2926.4800425000003,3619.0825,2026-05-11 16:00:00+00:00,2026-08-11 15:00:00+00:00
2026-08-11,2026-08-11 18:59:21+00:00,online,FR,wind_onshore,xgboost_online,XGBoost with covariates,weather_4p+tso_forecast,2208,2026-08-11 19:00:00+00:00,4570.62060546875,4374.619935,4793.2275,2026-05-11 16:00:00+00:00,2026-08-11 15:00:00+00:00
2026-08-11,2026-08-11 18:59:21+00:00,online,FR,wind_onshore,xgboost_online,XGBoost with covariates,weather_4p+tso_forecast,2208,2026-08-11 20:00:00+00:00,6105.1728515625,5769.7773449999995,6377.28,2026-05-11 16:00:00+00:00,2026-08-11 15:00:00+00:00
2026-08-11,2026-08-11 18:59:21+00:00,online,FR,wind_onshore,xgboost_online,XGBoost with covariates,weather_4p+tso_forecast,2208,2026-08-11 21:00:00+00:00,6891.10791015625,6281.9649675,6994.400000000001,2026-05-11 16:00:00+00:00,2026-08-11 15:00:00+00:00
2026-08-11,2026-08-11 18:59:21+00:00,online,FR,wind_onshore,xgboost_online,XGBoost with covariates,weather_4p+tso_forecast,2208,2026-08-11 22:00:00+00:00,7217.6240234375,6706.3325225,7029.39,2026-05-11 16:00:00+00:00,2026-08-11 15:00:00+00:00
2026-08-11,2026-08-11 18:59:21+00:00,online,FR,wind_onshore,xgboost_online,XGBoost with covariates,weather_4p+tso_forecast,2208,2026-08-11 23:00:00+00:00,6899.87353515625,6386.9025875,6611.775,2026-05-11 16:00:00+00:00,2026-08-11 15:00:00+00:00
2026-08-11,2026-08-11 18:59:21+00:00,online,FR,wind_onshore,xgboost_online,XGBoost with covariates,weather_4p+tso_forecast,2208,2026-08-12 00:00:00+00:00,6201.75,5840.439942499999,5994.945,2026-05-11 16:00:00+00:00,2026-08-11 15:00:00+00:00
2026-08-11,2026-08-11 18:59:21+00:00,online,FR,wind_onshore,xgboost_online,XGBoost with covariates,weather_4p+tso_forecast,2208,2026-08-12 01:00:00+00:00,5724.93603515625,5321.3948975,5419.2025,2026-05-11 16:00:00+00:00,2026-08-11 15:00:00+00:00
2026-08-11,2026-08-11 18:59:21+00:00,online,FR,wind_onshore,xgboost_online,XGBoost with covariates,weather_4p+tso_forecast,2208,2026-08-12 02:00:00+00:00,5379.9765625,4976.7249775,4972.389999999999,2026-05-11 16:00:00+00:00,2026-08-11 15:00:00+00:00
2026-08-11,2026-08-11 18:59:21+00:00,online,FR,wind_onshore,xgboost_online,XGBoost with covariates,weather_4p+tso_forecast,2208,2026-08-12 03:00:00+00:00,5234.34521484375,4706.8725575,4611.4425,2026-05-11 16:00:00+00:00,2026-08-11 15:00:00+00:00
2026-08-11,2026-08-11 18:59:21+00:00,online,FR,wind_onshore,xgboost_online,XGBoost with covariates,weather_4p+tso_forecast,2208,2026-08-12 04:00:00+00:00,4878.4755859375,4485.5526125,4424.7525,2026-05-11 16:00:00+00:00,2026-08-11 15:00:00+00:00
2026-08-11,2026-08-11 18:59:21+00:00,online,FR,wind_onshore,xgboost_online,XGBoost with covariates,weather_4p+tso_forecast,2208,2026-08-12 05:00:00+00:00,4771.2724609375,4158.3550425,4213.75,2026-05-11 16:00:00+00:00,2026-08-11 15:00:00+00:00
2026-08-11,2026-08-11 18:59:21+00:00,online,FR,wind_onshore,xgboost_online,XGBoost with covariates,weather_4p+tso_forecast,2208,2026-08-12 06:00:00+00:00,3837.81640625,3466.03003,3096.6499999999996,2026-05-11 16:00:00+00:00,2026-08-11 15:00:00+00:00
2026-08-11,2026-08-11 18:59:21+00:00,online,FR,wind_onshore,xgboost_online,XGBoost with covariates,weather_4p+tso_forecast,2208,2026-08-12 07:00:00+00:00,2483.57568359375,2243.5325325000003,1703.9425,2026-05-11 16:00:00+00:00,2026-08-11 15:00:00+00:00
2026-08-11,2026-08-11 18:59:21+00:00,online,FR,wind_onshore,xgboost_online,XGBoost with covariates,weather_4p+tso_forecast,2208,2026-08-12 08:00:00+00:00,1508.59130859375,1242.6474925,1101.21,2026-05-11 16:00:00+00:00,2026-08-11 15:00:00+00:00
2026-08-11,2026-08-11 18:59:21+00:00,online,FR,wind_onshore,xgboost_online,XGBoost with covariates,weather_4p+tso_forecast,2208,2026-08-12 09:00:00+00:00,1420.0743408203125,1077.8324575,1066.7325,2026-05-11 16:00:00+00:00,2026-08-11 15:00:00+00:00
2026-08-11,2026-08-11 18:59:21+00:00,online,FR,wind_onshore,xgboost_online,XGBoost with covariates,weather_4p+tso_forecast,2208,2026-08-12 10:00:00+00:00,1467.2059326171875,1075.3250125,1336.075,2026-05-11 16:00:00+00:00,2026-08-11 15:00:00+00:00
2026-08-11,2026-08-11 18:59:21+00:00,online,FR,wind_onshore,xgboost_online,XGBoost with covariates,weather_4p+tso_forecast,2208,2026-08-12 11:00:00+00:00,1351.1732177734375,1098.07504,1495.4025,2026-05-11 16:00:00+00:00,2026-08-11 15:00:00+00:00
2026-08-11,2026-08-11 18:59:21+00:00,online,FR,wind_onshore,xgboost_online,XGBoost with covariates,weather_4p+tso_forecast,2208,2026-08-12 12:00:00+00:00,1452.803955078125,1086.4525425000002,1270.8925,2026-05-11 16:00:00+00:00,2026-08-11 15:00:00+00:00
2026-08-11,2026-08-11 18:59:21+00:00,online,FR,wind_onshore,xgboost_online,XGBoost with covariates,weather_4p+tso_forecast,2208,2026-08-12 13:00:00+00:00,1324.5208740234375,1071.8499775,1194.3425,2026-05-11 16:00:00+00:00,2026-08-11 15:00:00+00:00
2026-08-11,2026-08-11 18:59:21+00:00,online,FR,wind_onshore,xgboost_online,XGBoost with covariates,weather_4p+tso_forecast,2208,2026-08-12 14:00:00+00:00,1355.11279296875,1069.462555,1158.06,2026-05-11 16:00:00+00:00,2026-08-11 15:00:00+00:00
2026-08-11,2026-08-11 18:59:21+00:00,online,FR,wind_onshore,xgboost_online,XGBoost with covariates,weather_4p+tso_forecast,2208,2026-08-12 15:00:00+00:00,1384.99267578125,1099.619995,1168.0549999999998,2026-05-11 16:00:00+00:00,2026-08-11 15:00:00+00:00
2026-08-11,2026-08-11 18:59:21+00:00,online,FR,wind_offshore,tso_reference,TSO forecast,tso_forecast,2208,2026-08-11 16:00:00+00:00,551.640015,551.640015,671.6875,2026-05-11 16:00:00+00:00,2026-08-11 15:00:00+00:00
2026-08-11,2026-08-11 18:59:21+00:00,online,FR,wind_offshore,tso_reference,TSO forecast,tso_forecast,2208,2026-08-11 17:00:00+00:00,604.4175124999999,604.4175124999999,791.915,2026-05-11 16:00:00+00:00,2026-08-11 15:00:00+00:00
2026-08-11,2026-08-11 18:59:21+00:00,online,FR,wind_offshore,tso_reference,TSO forecast,tso_forecast,2208,2026-08-11 18:00:00+00:00,684.8375075,684.8375075,863.72,2026-05-11 16:00:00+00:00,2026-08-11 15:00:00+00:00
2026-08-11,2026-08-11 18:59:21+00:00,online,FR,wind_offshore,tso_reference,TSO forecast,tso_forecast,2208,2026-08-11 19:00:00+00:00,784.0999899999999,784.0999899999999,867.8825,2026-05-11 16:00:00+00:00,2026-08-11 15:00:00+00:00
2026-08-11,2026-08-11 18:59:21+00:00,online,FR,wind_offshore,tso_reference,TSO forecast,tso_forecast,2208,2026-08-11 20:00:00+00:00,835.55249,835.55249,814.5074999999999,2026-05-11 16:00:00+00:00,2026-08-11 15:00:00+00:00
2026-08-11,2026-08-11 18:59:21+00:00,online,FR,wind_offshore,tso_reference,TSO forecast,tso_forecast,2208,2026-08-11 21:00:00+00:00,868.31,868.31,783.205,2026-05-11 16:00:00+00:00,2026-08-11 15:00:00+00:00
2026-08-11,2026-08-11 18:59:21+00:00,online,FR,wind_offshore,tso_reference,TSO forecast,tso_forecast,2208,2026-08-11 22:00:00+00:00,1066.9674725,1066.9674725,746.3199999999999,2026-05-11 16:00:00+00:00,2026-08-11 15:00:00+00:00
2026-08-11,2026-08-11 18:59:21+00:00,online,FR,wind_offshore,tso_reference,TSO forecast,tso_forecast,2208,2026-08-11 23:00:00+00:00,1106.8725275,1106.8725275,742.075,2026-05-11 16:00:00+00:00,2026-08-11 15:00:00+00:00
2026-08-11,2026-08-11 18:59:21+00:00,online,FR,wind_offshore,tso_reference,TSO forecast,tso_forecast,2208,2026-08-12 00:00:00+00:00,1028.65503,1028.65503,618.5175,2026-05-11 16:00:00+00:00,2026-08-11 15:00:00+00:00
2026-08-11,2026-08-11 18:59:21+00:00,online,FR,wind_offshore,tso_reference,TSO forecast,tso_forecast,2208,2026-08-12 01:00:00+00:00,894.344985,894.344985,446.3675,2026-05-11 16:00:00+00:00,2026-08-11 15:00:00+00:00
2026-08-11,2026-08-11 18:59:21+00:00,online,FR,wind_offshore,tso_reference,TSO forecast,tso_forecast,2208,2026-08-12 02:00:00+00:00,771.630005,771.630005,350.1375,2026-05-11 16:00:00+00:00,2026-08-11 15:00:00+00:00
2026-08-11,2026-08-11 18:59:21+00:00,online,FR,wind_offshore,tso_reference,TSO forecast,tso_forecast,2208,2026-08-12 03:00:00+00:00,658.2125075,658.2125075,282.67,2026-05-11 16:00:00+00:00,2026-08-11 15:00:00+00:00
2026-08-11,2026-08-11 18:59:21+00:00,online,FR,wind_offshore,tso_reference,TSO forecast,tso_forecast,2208,2026-08-12 04:00:00+00:00,526.35249,526.35249,282.27250000000004,2026-05-11 16:00:00+00:00,2026-08-11 15:00:00+00:00
2026-08-11,2026-08-11 18:59:21+00:00,online,FR,wind_offshore,tso_reference,TSO forecast,tso_forecast,2208,2026-08-12 05:00:00+00:00,415.6549925,415.6549925,286.515,2026-05-11 16:00:00+00:00,2026-08-11 15:00:00+00:00
2026-08-11,2026-08-11 18:59:21+00:00,online,FR,wind_offshore,tso_reference,TSO forecast,tso_forecast,2208,2026-08-12 06:00:00+00:00,337.3049975,337.3049975,269.7125,2026-05-11 16:00:00+00:00,2026-08-11 15:00:00+00:00
2026-08-11,2026-08-11 18:59:21+00:00,online,FR,wind_offshore,tso_reference,TSO forecast,tso_forecast,2208,2026-08-12 07:00:00+00:00,284.6149975,284.6149975,198.7225,2026-05-11 16:00:00+00:00,2026-08-11 15:00:00+00:00
2026-08-11,2026-08-11 18:59:21+00:00,online,FR,wind_offshore,tso_reference,TSO forecast,tso_forecast,2208,2026-08-12 08:00:00+00:00,256.41501500000004,256.41501500000004,103.525,2026-05-11 16:00:00+00:00,2026-08-11 15:00:00+00:00
2026-08-11,2026-08-11 18:59:21+00:00,online,FR,wind_offshore,tso_reference,TSO forecast,tso_forecast,2208,2026-08-12 09:00:00+00:00,223.13,223.13,84.825,2026-05-11 16:00:00+00:00,2026-08-11 15:00:00+00:00
2026-08-11,2026-08-11 18:59:21+00:00,online,FR,wind_offshore,tso_reference,TSO forecast,tso_forecast,2208,2026-08-12 10:00:00+00:00,182.567505,182.567505,67.695,2026-05-11 16:00:00+00:00,2026-08-11 15:00:00+00:00
2026-08-11,2026-08-11 18:59:21+00:00,online,FR,wind_offshore,tso_reference,TSO forecast,tso_forecast,2208,2026-08-12 11:00:00+00:00,163.3275,163.3275,77.77250000000001,2026-05-11 16:00:00+00:00,2026-08-11 15:00:00+00:00
2026-08-11,2026-08-11 18:59:21+00:00,online,FR,wind_offshore,tso_reference,TSO forecast,tso_forecast,2208,2026-08-12 12:00:00+00:00,180.3175,180.3175,184.475,2026-05-11 16:00:00+00:00,2026-08-11 15:00:00+00:00
2026-08-11,2026-08-11 18:59:21+00:00,online,FR,wind_offshore,tso_reference,TSO forecast,tso_forecast,2208,2026-08-12 13:00:00+00:00,216.932495,216.932495,269.9475,2026-05-11 16:00:00+00:00,2026-08-11 15:00:00+00:00
2026-08-11,2026-08-11 18:59:21+00:00,online,FR,wind_offshore,tso_reference,TSO forecast,tso_forecast,2208,2026-08-12 14:00:00+00:00,262.1549975,262.1549975,387.9475,2026-05-11 16:00:00+00:00,2026-08-11 15:00:00+00:00
2026-08-11,2026-08-11 18:59:21+00:00,online,FR,wind_offshore,tso_reference,TSO forecast,tso_forecast,2208,2026-08-12 15:00:00+00:00,330.03499750000003,330.03499750000003,724.965,2026-05-11 16:00:00+00:00,2026-08-11 15:00:00+00:00
2026-08-11,2026-08-11 18:59:21+00:00,online,FR,wind_offshore,persistence,Persistence,daily_persistence,2208,2026-08-11 16:00:00+00:00,266.8225,551.640015,671.6875,2026-05-11 16:00:00+00:00,2026-08-11 15:00:00+00:00
2026-08-11,2026-08-11 18:59:21+00:00,online,FR,wind_offshore,persistence,Persistence,daily_persistence,2208,2026-08-11 17:00:00+00:00,373.1775,604.4175124999999,791.915,2026-05-11 16:00:00+00:00,2026-08-11 15:00:00+00:00
2026-08-11,2026-08-11 18:59:21+00:00,online,FR,wind_offshore,persistence,Persistence,daily_persistence,2208,2026-08-11 18:00:00+00:00,412.165,684.8375075,863.72,2026-05-11 16:00:00+00:00,2026-08-11 15:00:00+00:00
2026-08-11,2026-08-11 18:59:21+00:00,online,FR,wind_offshore,persistence,Persistence,daily_persistence,2208,2026-08-11 19:00:00+00:00,535.2049999999999,784.0999899999999,867.8825,2026-05-11 16:00:00+00:00,2026-08-11 15:00:00+00:00
2026-08-11,2026-08-11 18:59:21+00:00,online,FR,wind_offshore,persistence,Persistence,daily_persistence,2208,2026-08-11 20:00:00+00:00,711.4675,835.55249,814.5074999999999,2026-05-11 16:00:00+00:00,2026-08-11 15:00:00+00:00
2026-08-11,2026-08-11 18:59:21+00:00,online,FR,wind_offshore,persistence,Persistence,daily_persistence,2208,2026-08-11 21:00:00+00:00,915.5225,868.31,783.205,2026-05-11 16:00:00+00:00,2026-08-11 15:00:00+00:00
2026-08-11,2026-08-11 18:59:21+00:00,online,FR,wind_offshore,persistence,Persistence,daily_persistence,2208,2026-08-11 22:00:00+00:00,948.155,1066.9674725,746.3199999999999,2026-05-11 16:00:00+00:00,2026-08-11 15:00:00+00:00
2026-08-11,2026-08-11 18:59:21+00:00,online,FR,wind_offshore,persistence,Persistence,daily_persistence,2208,2026-08-11 23:00:00+00:00,923.495,1106.8725275,742.075,2026-05-11 16:00:00+00:00,2026-08-11 15:00:00+00:00
2026-08-11,2026-08-11 18:59:21+00:00,online,FR,wind_offshore,persistence,Persistence,daily_persistence,2208,2026-08-12 00:00:00+00:00,810.6825,1028.65503,618.5175,2026-05-11 16:00:00+00:00,2026-08-11 15:00:00+00:00
2026-08-11,2026-08-11 18:59:21+00:00,online,FR,wind_offshore,persistence,Persistence,daily_persistence,2208,2026-08-12 01:00:00+00:00,779.565,894.344985,446.3675,2026-05-11 16:00:00+00:00,2026-08-11 15:00:00+00:00
2026-08-11,2026-08-11 18:59:21+00:00,online,FR,wind_offshore,persistence,Persistence,daily_persistence,2208,2026-08-12 02:00:00+00:00,801.715,771.630005,350.1375,2026-05-11 16:00:00+00:00,2026-08-11 15:00:00+00:00
2026-08-11,2026-08-11 18:59:21+00:00,online,FR,wind_offshore,persistence,Persistence,daily_persistence,2208,2026-08-12 03:00:00+00:00,912.0675,658.2125075,282.67,2026-05-11 16:00:00+00:00,2026-08-11 15:00:00+00:00
2026-08-11,2026-08-11 18:59:21+00:00,online,FR,wind_offshore,persistence,Persistence,daily_persistence,2208,2026-08-12 04:00:00+00:00,902.7525,526.35249,282.27250000000004,2026-05-11 16:00:00+00:00,2026-08-11 15:00:00+00:00
2026-08-11,2026-08-11 18:59:21+00:00,online,FR,wind_offshore,persistence,Persistence,daily_persistence,2208,2026-08-12 05:00:00+00:00,763.21,415.6549925,286.515,2026-05-11 16:00:00+00:00,2026-08-11 15:00:00+00:00
2026-08-11,2026-08-11 18:59:21+00:00,online,FR,wind_offshore,persistence,Persistence,daily_persistence,2208,2026-08-12 06:00:00+00:00,605.7425,337.3049975,269.7125,2026-05-11 16:00:00+00:00,2026-08-11 15:00:00+00:00
2026-08-11,2026-08-11 18:59:21+00:00,online,FR,wind_offshore,persistence,Persistence,daily_persistence,2208,2026-08-12 07:00:00+00:00,483.505,284.6149975,198.7225,2026-05-11 16:00:00+00:00,2026-08-11 15:00:00+00:00
2026-08-11,2026-08-11 18:59:21+00:00,online,FR,wind_offshore,persistence,Persistence,daily_persistence,2208,2026-08-12 08:00:00+00:00,413.4475,256.41501500000004,103.525,2026-05-11 16:00:00+00:00,2026-08-11 15:00:00+00:00
2026-08-11,2026-08-11 18:59:21+00:00,online,FR,wind_offshore,persistence,Persistence,daily_persistence,2208,2026-08-12 09:00:00+00:00,360.2075,223.13,84.825,2026-05-11 16:00:00+00:00,2026-08-11 15:00:00+00:00
2026-08-11,2026-08-11 18:59:21+00:00,online,FR,wind_offshore,persistence,Persistence,daily_persistence,2208,2026-08-12 10:00:00+00:00,404.265,182.567505,67.695,2026-05-11 16:00:00+00:00,2026-08-11 15:00:00+00:00
2026-08-11,2026-08-11 18:59:21+00:00,online,FR,wind_offshore,persistence,Persistence,daily_persistence,2208,2026-08-12 11:00:00+00:00,423.8325,163.3275,77.77250000000001,2026-05-11 16:00:00+00:00,2026-08-11 15:00:00+00:00
2026-08-11,2026-08-11 18:59:21+00:00,online,FR,wind_offshore,persistence,Persistence,daily_persistence,2208,2026-08-12 12:00:00+00:00,393.7575,180.3175,184.475,2026-05-11 16:00:00+00:00,2026-08-11 15:00:00+00:00
2026-08-11,2026-08-11 18:59:21+00:00,online,FR,wind_offshore,persistence,Persistence,daily_persistence,2208,2026-08-12 13:00:00+00:00,380.2225,216.932495,269.9475,2026-05-11 16:00:00+00:00,2026-08-11 15:00:00+00:00
2026-08-11,2026-08-11 18:59:21+00:00,online,FR,wind_offshore,persistence,Persistence,daily_persistence,2208,2026-08-12 14:00:00+00:00,495.1475,262.1549975,387.9475,2026-05-11 16:00:00+00:00,2026-08-11 15:00:00+00:00
2026-08-11,2026-08-11 18:59:21+00:00,online,FR,wind_offshore,persistence,Persistence,daily_persistence,2208,2026-08-12 15:00:00+00:00,559.675,330.03499750000003,724.965,2026-05-11 16:00:00+00:00,2026-08-11 15:00:00+00:00
2026-08-11,2026-08-11 18:59:21+00:00,online,FR,wind_offshore,chronos2_online,Chronos2 with covariates,weather_4p+tso_forecast,2208,2026-08-11 16:00:00+00:00,652.742431640625,551.640015,671.6875,2026-05-11 16:00:00+00:00,2026-08-11 15:00:00+00:00
2026-08-11,2026-08-11 18:59:21+00:00,online,FR,wind_offshore,chronos2_online,Chronos2 with covariates,weather_4p+tso_forecast,2208,2026-08-11 17:00:00+00:00,781.01220703125,604.4175124999999,791.915,2026-05-11 16:00:00+00:00,2026-08-11 15:00:00+00:00
2026-08-11,2026-08-11 18:59:21+00:00,online,FR,wind_offshore,chronos2_online,Chronos2 with covariates,weather_4p+tso_forecast,2208,2026-08-11 18:00:00+00:00,910.304443359375,684.8375075,863.72,2026-05-11 16:00:00+00:00,2026-08-11 15:00:00+00:00
2026-08-11,2026-08-11 18:59:21+00:00,online,FR,wind_offshore,chronos2_online,Chronos2 with covariates,weather_4p+tso_forecast,2208,2026-08-11 19:00:00+00:00,1005.1898193359376,784.0999899999999,867.8825,2026-05-11 16:00:00+00:00,2026-08-11 15:00:00+00:00
2026-08-11,2026-08-11 18:59:21+00:00,online,FR,wind_offshore,chronos2_online,Chronos2 with covariates,weather_4p+tso_forecast,2208,2026-08-11 20:00:00+00:00,1066.1597900390625,835.55249,814.5074999999999,2026-05-11 16:00:00+00:00,2026-08-11 15:00:00+00:00
2026-08-11,2026-08-11 18:59:21+00:00,online,FR,wind_offshore,chronos2_online,Chronos2 with covariates,weather_4p+tso_forecast,2208,2026-08-11 21:00:00+00:00,1090.123779296875,868.31,783.205,2026-05-11 16:00:00+00:00,2026-08-11 15:00:00+00:00
2026-08-11,2026-08-11 18:59:21+00:00,online,FR,wind_offshore,chronos2_online,Chronos2 with covariates,weather_4p+tso_forecast,2208,2026-08-11 22:00:00+00:00,1145.624267578125,1066.9674725,746.3199999999999,2026-05-11 16:00:00+00:00,2026-08-11 15:00:00+00:00
2026-08-11,2026-08-11 18:59:21+00:00,online,FR,wind_offshore,chronos2_online,Chronos2 with covariates,weather_4p+tso_forecast,2208,2026-08-11 23:00:00+00:00,1107.103271484375,1106.8725275,742.075,2026-05-11 16:00:00+00:00,2026-08-11 15:00:00+00:00
2026-08-11,2026-08-11 18:59:21+00:00,online,FR,wind_offshore,chronos2_online,Chronos2 with covariates,weather_4p+tso_forecast,2208,2026-08-12 00:00:00+00:00,1023.5982666015624,1028.65503,618.5175,2026-05-11 16:00:00+00:00,2026-08-11 15:00:00+00:00
2026-08-11,2026-08-11 18:59:21+00:00,online,FR,wind_offshore,chronos2_online,Chronos2 with covariates,weather_4p+tso_forecast,2208,2026-08-12 01:00:00+00:00,847.1905517578125,894.344985,446.3675,2026-05-11 16:00:00+00:00,2026-08-11 15:00:00+00:00
2026-08-11,2026-08-11 18:59:21+00:00,online,FR,wind_offshore,chronos2_online,Chronos2 with covariates,weather_4p+tso_forecast,2208,2026-08-12 02:00:00+00:00,720.1820678710938,771.630005,350.1375,2026-05-11 16:00:00+00:00,2026-08-11 15:00:00+00:00
2026-08-11,2026-08-11 18:59:21+00:00,online,FR,wind_offshore,chronos2_online,Chronos2 with covariates,weather_4p+tso_forecast,2208,2026-08-12 03:00:00+00:00,591.81201171875,658.2125075,282.67,2026-05-11 16:00:00+00:00,2026-08-11 15:00:00+00:00
2026-08-11,2026-08-11 18:59:21+00:00,online,FR,wind_offshore,chronos2_online,Chronos2 with covariates,weather_4p+tso_forecast,2208,2026-08-12 04:00:00+00:00,470.0222473144531,526.35249,282.27250000000004,2026-05-11 16:00:00+00:00,2026-08-11 15:00:00+00:00
2026-08-11,2026-08-11 18:59:21+00:00,online,FR,wind_offshore,chronos2_online,Chronos2 with covariates,weather_4p+tso_forecast,2208,2026-08-12 05:00:00+00:00,375.69769287109375,415.6549925,286.515,2026-05-11 16:00:00+00:00,2026-08-11 15:00:00+00:00
2026-08-11,2026-08-11 18:59:21+00:00,online,FR,wind_offshore,chronos2_online,Chronos2 with covariates,weather_4p+tso_forecast,2208,2026-08-12 06:00:00+00:00,302.2195129394531,337.3049975,269.7125,2026-05-11 16:00:00+00:00,2026-08-11 15:00:00+00:00
2026-08-11,2026-08-11 18:59:21+00:00,online,FR,wind_offshore,chronos2_online,Chronos2 with covariates,weather_4p+tso_forecast,2208,2026-08-12 07:00:00+00:00,268.0570373535156,284.6149975,198.7225,2026-05-11 16:00:00+00:00,2026-08-11 15:00:00+00:00
2026-08-11,2026-08-11 18:59:21+00:00,online,FR,wind_offshore,chronos2_online,Chronos2 with covariates,weather_4p+tso_forecast,2208,2026-08-12 08:00:00+00:00,218.34503173828125,256.41501500000004,103.525,2026-05-11 16:00:00+00:00,2026-08-11 15:00:00+00:00
2026-08-11,2026-08-11 18:59:21+00:00,online,FR,wind_offshore,chronos2_online,Chronos2 with covariates,weather_4p+tso_forecast,2208,2026-08-12 09:00:00+00:00,198.69390869140625,223.13,84.825,2026-05-11 16:00:00+00:00,2026-08-11 15:00:00+00:00
2026-08-11,2026-08-11 18:59:21+00:00,online,FR,wind_offshore,chronos2_online,Chronos2 with covariates,weather_4p+tso_forecast,2208,2026-08-12 10:00:00+00:00,184.260009765625,182.567505,67.695,2026-05-11 16:00:00+00:00,2026-08-11 15:00:00+00:00
2026-08-11,2026-08-11 18:59:21+00:00,online,FR,wind_offshore,chronos2_online,Chronos2 with covariates,weather_4p+tso_forecast,2208,2026-08-12 11:00:00+00:00,185.28021240234375,163.3275,77.77250000000001,2026-05-11 16:00:00+00:00,2026-08-11 15:00:00+00:00
2026-08-11,2026-08-11 18:59:21+00:00,online,FR,wind_offshore,chronos2_online,Chronos2 with covariates,weather_4p+tso_forecast,2208,2026-08-12 12:00:00+00:00,204.53579711914065,180.3175,184.475,2026-05-11 16:00:00+00:00,2026-08-11 15:00:00+00:00
2026-08-11,2026-08-11 18:59:21+00:00,online,FR,wind_offshore,chronos2_online,Chronos2 with covariates,weather_4p+tso_forecast,2208,2026-08-12 13:00:00+00:00,241.03244018554688,216.932495,269.9475,2026-05-11 16:00:00+00:00,2026-08-11 15:00:00+00:00
2026-08-11,2026-08-11 18:59:21+00:00,online,FR,wind_offshore,chronos2_online,Chronos2 with covariates,weather_4p+tso_forecast,2208,2026-08-12 14:00:00+00:00,287.9269714355469,262.1549975,387.9475,2026-05-11 16:00:00+00:00,2026-08-11 15:00:00+00:00
2026-08-11,2026-08-11 18:59:21+00:00,online,FR,wind_offshore,chronos2_online,Chronos2 with covariates,weather_4p+tso_forecast,2208,2026-08-12 15:00:00+00:00,332.77716064453125,330.03499750000003,724.965,2026-05-11 16:00:00+00:00,2026-08-11 15:00:00+00:00
2026-08-11,2026-08-11 18:59:21+00:00,online,FR,wind_offshore,xgboost_online,XGBoost with covariates,weather_4p+tso_forecast,2208,2026-08-11 16:00:00+00:00,649.7357788085938,551.640015,671.6875,2026-05-11 16:00:00+00:00,2026-08-11 15:00:00+00:00
2026-08-11,2026-08-11 18:59:21+00:00,online,FR,wind_offshore,xgboost_online,XGBoost with covariates,weather_4p+tso_forecast,2208,2026-08-11 17:00:00+00:00,708.742919921875,604.4175124999999,791.915,2026-05-11 16:00:00+00:00,2026-08-11 15:00:00+00:00
2026-08-11,2026-08-11 18:59:21+00:00,online,FR,wind_offshore,xgboost_online,XGBoost with covariates,weather_4p+tso_forecast,2208,2026-08-11 18:00:00+00:00,816.7178955078125,684.8375075,863.72,2026-05-11 16:00:00+00:00,2026-08-11 15:00:00+00:00
2026-08-11,2026-08-11 18:59:21+00:00,online,FR,wind_offshore,xgboost_online,XGBoost with covariates,weather_4p+tso_forecast,2208,2026-08-11 19:00:00+00:00,949.14404296875,784.0999899999999,867.8825,2026-05-11 16:00:00+00:00,2026-08-11 15:00:00+00:00
2026-08-11,2026-08-11 18:59:21+00:00,online,FR,wind_offshore,xgboost_online,XGBoost with covariates,weather_4p+tso_forecast,2208,2026-08-11 20:00:00+00:00,965.1808471679688,835.55249,814.5074999999999,2026-05-11 16:00:00+00:00,2026-08-11 15:00:00+00:00
2026-08-11,2026-08-11 18:59:21+00:00,online,FR,wind_offshore,xgboost_online,XGBoost with covariates,weather_4p+tso_forecast,2208,2026-08-11 21:00:00+00:00,1090.3797607421875,868.31,783.205,2026-05-11 16:00:00+00:00,2026-08-11 15:00:00+00:00
2026-08-11,2026-08-11 18:59:21+00:00,online,FR,wind_offshore,xgboost_online,XGBoost with covariates,weather_4p+tso_forecast,2208,2026-08-11 22:00:00+00:00,1171.6795654296875,1066.9674725,746.3199999999999,2026-05-11 16:00:00+00:00,2026-08-11 15:00:00+00:00
2026-08-11,2026-08-11 18:59:21+00:00,online,FR,wind_offshore,xgboost_online,XGBoost with covariates,weather_4p+tso_forecast,2208,2026-08-11 23:00:00+00:00,955.5314331054688,1106.8725275,742.075,2026-05-11 16:00:00+00:00,2026-08-11 15:00:00+00:00
2026-08-11,2026-08-11 18:59:21+00:00,online,FR,wind_offshore,xgboost_online,XGBoost with covariates,weather_4p+tso_forecast,2208,2026-08-12 00:00:00+00:00,932.0445556640624,1028.65503,618.5175,2026-05-11 16:00:00+00:00,2026-08-11 15:00:00+00:00
2026-08-11,2026-08-11 18:59:21+00:00,online,FR,wind_offshore,xgboost_online,XGBoost with covariates,weather_4p+tso_forecast,2208,2026-08-12 01:00:00+00:00,743.4763793945312,894.344985,446.3675,2026-05-11 16:00:00+00:00,2026-08-11 15:00:00+00:00
2026-08-11,2026-08-11 18:59:21+00:00,online,FR,wind_offshore,xgboost_online,XGBoost with covariates,weather_4p+tso_forecast,2208,2026-08-12 02:00:00+00:00,670.4569702148438,771.630005,350.1375,2026-05-11 16:00:00+00:00,2026-08-11 15:00:00+00:00
2026-08-11,2026-08-11 18:59:21+00:00,online,FR,wind_offshore,xgboost_online,XGBoost with covariates,weather_4p+tso_forecast,2208,2026-08-12 03:00:00+00:00,644.3299560546875,658.2125075,282.67,2026-05-11 16:00:00+00:00,2026-08-11 15:00:00+00:00
2026-08-11,2026-08-11 18:59:21+00:00,online,FR,wind_offshore,xgboost_online,XGBoost with covariates,weather_4p+tso_forecast,2208,2026-08-12 04:00:00+00:00,397.8363952636719,526.35249,282.27250000000004,2026-05-11 16:00:00+00:00,2026-08-11 15:00:00+00:00
2026-08-11,2026-08-11 18:59:21+00:00,online,FR,wind_offshore,xgboost_online,XGBoost with covariates,weather_4p+tso_forecast,2208,2026-08-12 05:00:00+00:00,303.7458190917969,415.6549925,286.515,2026-05-11 16:00:00+00:00,2026-08-11 15:00:00+00:00
2026-08-11,2026-08-11 18:59:21+00:00,online,FR,wind_offshore,xgboost_online,XGBoost with covariates,weather_4p+tso_forecast,2208,2026-08-12 06:00:00+00:00,349.94622802734375,337.3049975,269.7125,2026-05-11 16:00:00+00:00,2026-08-11 15:00:00+00:00
2026-08-11,2026-08-11 18:59:21+00:00,online,FR,wind_offshore,xgboost_online,XGBoost with covariates,weather_4p+tso_forecast,2208,2026-08-12 07:00:00+00:00,313.2430114746094,284.6149975,198.7225,2026-05-11 16:00:00+00:00,2026-08-11 15:00:00+00:00
2026-08-11,2026-08-11 18:59:21+00:00,online,FR,wind_offshore,xgboost_online,XGBoost with covariates,weather_4p+tso_forecast,2208,2026-08-12 08:00:00+00:00,257.1708679199219,256.41501500000004,103.525,2026-05-11 16:00:00+00:00,2026-08-11 15:00:00+00:00
2026-08-11,2026-08-11 18:59:21+00:00,online,FR,wind_offshore,xgboost_online,XGBoost with covariates,weather_4p+tso_forecast,2208,2026-08-12 09:00:00+00:00,224.78721618652344,223.13,84.825,2026-05-11 16:00:00+00:00,2026-08-11 15:00:00+00:00
2026-08-11,2026-08-11 18:59:21+00:00,online,FR,wind_offshore,xgboost_online,XGBoost with covariates,weather_4p+tso_forecast,2208,2026-08-12 10:00:00+00:00,154.39212036132812,182.567505,67.695,2026-05-11 16:00:00+00:00,2026-08-11 15:00:00+00:00
2026-08-11,2026-08-11 18:59:21+00:00,online,FR,wind_offshore,xgboost_online,XGBoost with covariates,weather_4p+tso_forecast,2208,2026-08-12 11:00:00+00:00,172.7499542236328,163.3275,77.77250000000001,2026-05-11 16:00:00+00:00,2026-08-11 15:00:00+00:00
2026-08-11,2026-08-11 18:59:21+00:00,online,FR,wind_offshore,xgboost_online,XGBoost with covariates,weather_4p+tso_forecast,2208,2026-08-12 12:00:00+00:00,137.73622131347656,180.3175,184.475,2026-05-11 16:00:00+00:00,2026-08-11 15:00:00+00:00
2026-08-11,2026-08-11 18:59:21+00:00,online,FR,wind_offshore,xgboost_online,XGBoost with covariates,weather_4p+tso_forecast,2208,2026-08-12 13:00:00+00:00,213.88983154296875,216.932495,269.9475,2026-05-11 16:00:00+00:00,2026-08-11 15:00:00+00:00
2026-08-11,2026-08-11 18:59:21+00:00,online,FR,wind_offshore,xgboost_online,XGBoost with covariates,weather_4p+tso_forecast,2208,2026-08-12 14:00:00+00:00,265.17425537109375,262.1549975,387.9475,2026-05-11 16:00:00+00:00,2026-08-11 15:00:00+00:00
2026-08-11,2026-08-11 18:59:21+00:00,online,FR,wind_offshore,xgboost_online,XGBoost with covariates,weather_4p+tso_forecast,2208,2026-08-12 15:00:00+00:00,341.8403625488281,330.03499750000003,724.965,2026-05-11 16:00:00+00:00,2026-08-11 15:00:00+00:00
2026-08-11,2026-08-11 18:59:21+00:00,online,DE,load,tso_reference,TSO forecast,tso_forecast,2208,2026-08-11 16:00:00+00:00,55592.837085,55592.837085,52825.976762499995,2026-05-11 16:00:00+00:00,2026-08-11 15:00:00+00:00
2026-08-11,2026-08-11 18:59:21+00:00,online,DE,load,tso_reference,TSO forecast,tso_forecast,2208,2026-08-11 17:00:00+00:00,55281.4892465,55281.4892465,52491.84506,2026-05-11 16:00:00+00:00,2026-08-11 15:00:00+00:00
2026-08-11,2026-08-11 18:59:21+00:00,online,DE,load,tso_reference,TSO forecast,tso_forecast,2208,2026-08-11 18:00:00+00:00,53934.74750125,53934.74750125,51101.9436775,2026-05-11 16:00:00+00:00,2026-08-11 15:00:00+00:00
2026-08-11,2026-08-11 18:59:21+00:00,online,DE,load,tso_reference,TSO forecast,tso_forecast,2208,2026-08-11 19:00:00+00:00,51959.000923,51959.000923,49430.4868075,2026-05-11 16:00:00+00:00,2026-08-11 15:00:00+00:00
2026-08-11,2026-08-11 18:59:21+00:00,online,DE,load,tso_reference,TSO forecast,tso_forecast,2208,2026-08-11 20:00:00+00:00,48956.861767,48956.861767,46845.5316075,2026-05-11 16:00:00+00:00,2026-08-11 15:00:00+00:00
2026-08-11,2026-08-11 18:59:21+00:00,online,DE,load,tso_reference,TSO forecast,tso_forecast,2208,2026-08-11 21:00:00+00:00,45781.704567,45781.704567,43794.36433,2026-05-11 16:00:00+00:00,2026-08-11 15:00:00+00:00
2026-08-11,2026-08-11 18:59:21+00:00,online,DE,load,tso_reference,TSO forecast,tso_forecast,2208,2026-08-11 22:00:00+00:00,42907.3904425,42907.3904425,41975.206565,2026-05-11 16:00:00+00:00,2026-08-11 15:00:00+00:00
2026-08-11,2026-08-11 18:59:21+00:00,online,DE,load,tso_reference,TSO forecast,tso_forecast,2208,2026-08-11 23:00:00+00:00,41441.86770775,41441.86770775,40441.4830475,2026-05-11 16:00:00+00:00,2026-08-11 15:00:00+00:00
2026-08-11,2026-08-11 18:59:21+00:00,online,DE,load,tso_reference,TSO forecast,tso_forecast,2208,2026-08-12 00:00:00+00:00,40732.1183505,40732.1183505,39735.1022775,2026-05-11 16:00:00+00:00,2026-08-11 15:00:00+00:00
2026-08-11,2026-08-11 18:59:21+00:00,online,DE,load,tso_reference,TSO forecast,tso_forecast,2208,2026-08-12 01:00:00+00:00,40568.92670075,40568.92670075,39735.681545,2026-05-11 16:00:00+00:00,2026-08-11 15:00:00+00:00
2026-08-11,2026-08-11 18:59:21+00:00,online,DE,load,tso_reference,TSO forecast,tso_forecast,2208,2026-08-12 02:00:00+00:00,42025.84022575,42025.84022575,40505.461995,2026-05-11 16:00:00+00:00,2026-08-11 15:00:00+00:00
2026-08-11,2026-08-11 18:59:21+00:00,online,DE,load,tso_reference,TSO forecast,tso_forecast,2208,2026-08-12 03:00:00+00:00,44919.70276475,44919.70276475,42784.2436725,2026-05-11 16:00:00+00:00,2026-08-11 15:00:00+00:00
2026-08-11,2026-08-11 18:59:21+00:00,online,DE,load,tso_reference,TSO forecast,tso_forecast,2208,2026-08-12 04:00:00+00:00,50375.414336,50375.414336,48337.223175,2026-05-11 16:00:00+00:00,2026-08-11 15:00:00+00:00
2026-08-11,2026-08-11 18:59:21+00:00,online,DE,load,tso_reference,TSO forecast,tso_forecast,2208,2026-08-12 05:00:00+00:00,54887.64997475,54887.64997475,52171.2325375,2026-05-11 16:00:00+00:00,2026-08-11 15:00:00+00:00
2026-08-11,2026-08-11 18:59:21+00:00,online,DE,load,tso_reference,TSO forecast,tso_forecast,2208,2026-08-12 06:00:00+00:00,57818.554172250006,57818.554172250006,54657.07785,2026-05-11 16:00:00+00:00,2026-08-11 15:00:00+00:00
2026-08-11,2026-08-11 18:59:21+00:00,online,DE,load,tso_reference,TSO forecast,tso_forecast,2208,2026-08-12 07:00:00+00:00,58459.61217125,58459.61217125,56630.737915,2026-05-11 16:00:00+00:00,2026-08-11 15:00:00+00:00
2026-08-11,2026-08-11 18:59:21+00:00,online,DE,load,tso_reference,TSO forecast,tso_forecast,2208,2026-08-12 08:00:00+00:00,58302.39472025,58302.39472025,55801.38408,2026-05-11 16:00:00+00:00,2026-08-11 15:00:00+00:00
2026-08-11,2026-08-11 18:59:21+00:00,online,DE,load,tso_reference,TSO forecast,tso_forecast,2208,2026-08-12 09:00:00+00:00,57976.121569,57976.121569,55981.22409,2026-05-11 16:00:00+00:00,2026-08-11 15:00:00+00:00
2026-08-11,2026-08-11 18:59:21+00:00,online,DE,load,tso_reference,TSO forecast,tso_forecast,2208,2026-08-12 10:00:00+00:00,57342.3867535,57342.3867535,55195.4281825,2026-05-11 16:00:00+00:00,2026-08-11 15:00:00+00:00
2026-08-11,2026-08-11 18:59:21+00:00,online,DE,load,tso_reference,TSO forecast,tso_forecast,2208,2026-08-12 11:00:00+00:00,56136.82387925,56136.82387925,54002.547655,2026-05-11 16:00:00+00:00,2026-08-11 15:00:00+00:00
2026-08-11,2026-08-11 18:59:21+00:00,online,DE,load,tso_reference,TSO forecast,tso_forecast,2208,2026-08-12 12:00:00+00:00,55819.362452,55819.362452,52714.7637975,2026-05-11 16:00:00+00:00,2026-08-11 15:00:00+00:00
2026-08-11,2026-08-11 18:59:21+00:00,online,DE,load,tso_reference,TSO forecast,tso_forecast,2208,2026-08-12 13:00:00+00:00,54619.712346,54619.712346,52168.684935,2026-05-11 16:00:00+00:00,2026-08-11 15:00:00+00:00
2026-08-11,2026-08-11 18:59:21+00:00,online,DE,load,tso_reference,TSO forecast,tso_forecast,2208,2026-08-12 14:00:00+00:00,54764.53767475,54764.53767475,52376.291545,2026-05-11 16:00:00+00:00,2026-08-11 15:00:00+00:00
2026-08-11,2026-08-11 18:59:21+00:00,online,DE,load,tso_reference,TSO forecast,tso_forecast,2208,2026-08-12 15:00:00+00:00,55282.90820525,55282.90820525,53173.690495,2026-05-11 16:00:00+00:00,2026-08-11 15:00:00+00:00
2026-08-11,2026-08-11 18:59:21+00:00,online,DE,load,persistence,Persistence,weekly_persistence,2208,2026-08-11 16:00:00+00:00,57177.26597,55592.837085,52825.976762499995,2026-05-11 16:00:00+00:00,2026-08-11 15:00:00+00:00
2026-08-11,2026-08-11 18:59:21+00:00,online,DE,load,persistence,Persistence,weekly_persistence,2208,2026-08-11 17:00:00+00:00,56456.0978275,55281.4892465,52491.84506,2026-05-11 16:00:00+00:00,2026-08-11 15:00:00+00:00
2026-08-11,2026-08-11 18:59:21+00:00,online,DE,load,persistence,Persistence,weekly_persistence,2208,2026-08-11 18:00:00+00:00,54720.9405075,53934.74750125,51101.9436775,2026-05-11 16:00:00+00:00,2026-08-11 15:00:00+00:00
2026-08-11,2026-08-11 18:59:21+00:00,online,DE,load,persistence,Persistence,weekly_persistence,2208,2026-08-11 19:00:00+00:00,53893.129969999995,51959.000923,49430.4868075,2026-05-11 16:00:00+00:00,2026-08-11 15:00:00+00:00
2026-08-11,2026-08-11 18:59:21+00:00,online,DE,load,persistence,Persistence,weekly_persistence,2208,2026-08-11 20:00:00+00:00,50309.0590125,48956.861767,46845.5316075,2026-05-11 16:00:00+00:00,2026-08-11 15:00:00+00:00
2026-08-11,2026-08-11 18:59:21+00:00,online,DE,load,persistence,Persistence,weekly_persistence,2208,2026-08-11 21:00:00+00:00,46822.66309,45781.704567,43794.36433,2026-05-11 16:00:00+00:00,2026-08-11 15:00:00+00:00
2026-08-11,2026-08-11 18:59:21+00:00,online,DE,load,persistence,Persistence,weekly_persistence,2208,2026-08-11 22:00:00+00:00,44844.16756925,42907.3904425,41975.206565,2026-05-11 16:00:00+00:00,2026-08-11 15:00:00+00:00
2026-08-11,2026-08-11 18:59:21+00:00,online,DE,load,persistence,Persistence,weekly_persistence,2208,2026-08-11 23:00:00+00:00,43299.7437775,41441.86770775,40441.4830475,2026-05-11 16:00:00+00:00,2026-08-11 15:00:00+00:00
2026-08-11,2026-08-11 18:59:21+00:00,online,DE,load,persistence,Persistence,weekly_persistence,2208,2026-08-12 00:00:00+00:00,42681.59117225,40732.1183505,39735.1022775,2026-05-11 16:00:00+00:00,2026-08-11 15:00:00+00:00
2026-08-11,2026-08-11 18:59:21+00:00,online,DE,load,persistence,Persistence,weekly_persistence,2208,2026-08-12 01:00:00+00:00,41783.97894,40568.92670075,39735.681545,2026-05-11 16:00:00+00:00,2026-08-11 15:00:00+00:00
2026-08-11,2026-08-11 18:59:21+00:00,online,DE,load,persistence,Persistence,weekly_persistence,2208,2026-08-12 02:00:00+00:00,43040.0143525,42025.84022575,40505.461995,2026-05-11 16:00:00+00:00,2026-08-11 15:00:00+00:00
2026-08-11,2026-08-11 18:59:21+00:00,online,DE,load,persistence,Persistence,weekly_persistence,2208,2026-08-12 03:00:00+00:00,45435.988647499995,44919.70276475,42784.2436725,2026-05-11 16:00:00+00:00,2026-08-11 15:00:00+00:00
2026-08-11,2026-08-11 18:59:21+00:00,online,DE,load,persistence,Persistence,weekly_persistence,2208,2026-08-12 04:00:00+00:00,49579.2588645,50375.414336,48337.223175,2026-05-11 16:00:00+00:00,2026-08-11 15:00:00+00:00
2026-08-11,2026-08-11 18:59:21+00:00,online,DE,load,persistence,Persistence,weekly_persistence,2208,2026-08-12 05:00:00+00:00,54610.20268975,54887.64997475,52171.2325375,2026-05-11 16:00:00+00:00,2026-08-11 15:00:00+00:00
2026-08-11,2026-08-11 18:59:21+00:00,online,DE,load,persistence,Persistence,weekly_persistence,2208,2026-08-12 06:00:00+00:00,57558.330642500005,57818.554172250006,54657.07785,2026-05-11 16:00:00+00:00,2026-08-11 15:00:00+00:00
2026-08-11,2026-08-11 18:59:21+00:00,online,DE,load,persistence,Persistence,weekly_persistence,2208,2026-08-12 07:00:00+00:00,59202.8651975,58459.61217125,56630.737915,2026-05-11 16:00:00+00:00,2026-08-11 15:00:00+00:00
2026-08-11,2026-08-11 18:59:21+00:00,online,DE,load,persistence,Persistence,weekly_persistence,2208,2026-08-12 08:00:00+00:00,59676.80706,58302.39472025,55801.38408,2026-05-11 16:00:00+00:00,2026-08-11 15:00:00+00:00
2026-08-11,2026-08-11 18:59:21+00:00,online,DE,load,persistence,Persistence,weekly_persistence,2208,2026-08-12 09:00:00+00:00,59888.0950275,57976.121569,55981.22409,2026-05-11 16:00:00+00:00,2026-08-11 15:00:00+00:00
2026-08-11,2026-08-11 18:59:21+00:00,online,DE,load,persistence,Persistence,weekly_persistence,2208,2026-08-12 10:00:00+00:00,60819.20861475,57342.3867535,55195.4281825,2026-05-11 16:00:00+00:00,2026-08-11 15:00:00+00:00
2026-08-11,2026-08-11 18:59:21+00:00,online,DE,load,persistence,Persistence,weekly_persistence,2208,2026-08-12 11:00:00+00:00,60974.982112,56136.82387925,54002.547655,2026-05-11 16:00:00+00:00,2026-08-11 15:00:00+00:00
2026-08-11,2026-08-11 18:59:21+00:00,online,DE,load,persistence,Persistence,weekly_persistence,2208,2026-08-12 12:00:00+00:00,59258.6214,55819.362452,52714.7637975,2026-05-11 16:00:00+00:00,2026-08-11 15:00:00+00:00
2026-08-11,2026-08-11 18:59:21+00:00,online,DE,load,persistence,Persistence,weekly_persistence,2208,2026-08-12 13:00:00+00:00,57778.214935,54619.712346,52168.684935,2026-05-11 16:00:00+00:00,2026-08-11 15:00:00+00:00
2026-08-11,2026-08-11 18:59:21+00:00,online,DE,load,persistence,Persistence,weekly_persistence,2208,2026-08-12 14:00:00+00:00,57663.6409175,54764.53767475,52376.291545,2026-05-11 16:00:00+00:00,2026-08-11 15:00:00+00:00
2026-08-11,2026-08-11 18:59:21+00:00,online,DE,load,persistence,Persistence,weekly_persistence,2208,2026-08-12 15:00:00+00:00,57347.88698,55282.90820525,53173.690495,2026-05-11 16:00:00+00:00,2026-08-11 15:00:00+00:00
2026-08-11,2026-08-11 18:59:21+00:00,online,DE,load,ridge_3mo_context,Ridge with covariates,Hum+tso_forecast,2208,2026-08-11 16:00:00+00:00,55796.10580716167,55592.837085,52825.976762499995,2026-05-11 16:00:00+00:00,2026-08-11 15:00:00+00:00
2026-08-11,2026-08-11 18:59:21+00:00,online,DE,load,ridge_3mo_context,Ridge with covariates,Hum+tso_forecast,2208,2026-08-11 17:00:00+00:00,55495.57277153553,55281.4892465,52491.84506,2026-05-11 16:00:00+00:00,2026-08-11 15:00:00+00:00
2026-08-11,2026-08-11 18:59:21+00:00,online,DE,load,ridge_3mo_context,Ridge with covariates,Hum+tso_forecast,2208,2026-08-11 18:00:00+00:00,54269.4338239965,53934.74750125,51101.9436775,2026-05-11 16:00:00+00:00,2026-08-11 15:00:00+00:00
2026-08-11,2026-08-11 18:59:21+00:00,online,DE,load,ridge_3mo_context,Ridge with covariates,Hum+tso_forecast,2208,2026-08-11 19:00:00+00:00,52454.53201209489,51959.000923,49430.4868075,2026-05-11 16:00:00+00:00,2026-08-11 15:00:00+00:00
2026-08-11,2026-08-11 18:59:21+00:00,online,DE,load,ridge_3mo_context,Ridge with covariates,Hum+tso_forecast,2208,2026-08-11 20:00:00+00:00,49678.89877599839,48956.861767,46845.5316075,2026-05-11 16:00:00+00:00,2026-08-11 15:00:00+00:00
2026-08-11,2026-08-11 18:59:21+00:00,online,DE,load,ridge_3mo_context,Ridge with covariates,Hum+tso_forecast,2208,2026-08-11 21:00:00+00:00,46829.380840777594,45781.704567,43794.36433,2026-05-11 16:00:00+00:00,2026-08-11 15:00:00+00:00
2026-08-11,2026-08-11 18:59:21+00:00,online,DE,load,ridge_3mo_context,Ridge with covariates,Hum+tso_forecast,2208,2026-08-11 22:00:00+00:00,44224.55166733665,42907.3904425,41975.206565,2026-05-11 16:00:00+00:00,2026-08-11 15:00:00+00:00
2026-08-11,2026-08-11 18:59:21+00:00,online,DE,load,ridge_3mo_context,Ridge with covariates,Hum+tso_forecast,2208,2026-08-11 23:00:00+00:00,42882.598161523085,41441.86770775,40441.4830475,2026-05-11 16:00:00+00:00,2026-08-11 15:00:00+00:00
2026-08-11,2026-08-11 18:59:21+00:00,online,DE,load,ridge_3mo_context,Ridge with covariates,Hum+tso_forecast,2208,2026-08-12 00:00:00+00:00,42218.02107213787,40732.1183505,39735.1022775,2026-05-11 16:00:00+00:00,2026-08-11 15:00:00+00:00
2026-08-11,2026-08-11 18:59:21+00:00,online,DE,load,ridge_3mo_context,Ridge with covariates,Hum+tso_forecast,2208,2026-08-12 01:00:00+00:00,42005.94877419263,40568.92670075,39735.681545,2026-05-11 16:00:00+00:00,2026-08-11 15:00:00+00:00
2026-08-11,2026-08-11 18:59:21+00:00,online,DE,load,ridge_3mo_context,Ridge with covariates,Hum+tso_forecast,2208,2026-08-12 02:00:00+00:00,43317.99445856353,42025.84022575,40505.461995,2026-05-11 16:00:00+00:00,2026-08-11 15:00:00+00:00
2026-08-11,2026-08-11 18:59:21+00:00,online,DE,load,ridge_3mo_context,Ridge with covariates,Hum+tso_forecast,2208,2026-08-12 03:00:00+00:00,45984.82217735471,44919.70276475,42784.2436725,2026-05-11 16:00:00+00:00,2026-08-11 15:00:00+00:00
2026-08-11,2026-08-11 18:59:21+00:00,online,DE,load,ridge_3mo_context,Ridge with covariates,Hum+tso_forecast,2208,2026-08-12 04:00:00+00:00,50682.35753735739,50375.414336,48337.223175,2026-05-11 16:00:00+00:00,2026-08-11 15:00:00+00:00
2026-08-11,2026-08-11 18:59:21+00:00,online,DE,load,ridge_3mo_context,Ridge with covariates,Hum+tso_forecast,2208,2026-08-12 05:00:00+00:00,54882.16379951917,54887.64997475,52171.2325375,2026-05-11 16:00:00+00:00,2026-08-11 15:00:00+00:00
2026-08-11,2026-08-11 18:59:21+00:00,online,DE,load,ridge_3mo_context,Ridge with covariates,Hum+tso_forecast,2208,2026-08-12 06:00:00+00:00,57461.98224716869,57818.554172250006,54657.07785,2026-05-11 16:00:00+00:00,2026-08-11 15:00:00+00:00
2026-08-11,2026-08-11 18:59:21+00:00,online,DE,load,ridge_3mo_context,Ridge with covariates,Hum+tso_forecast,2208,2026-08-12 07:00:00+00:00,58179.86750155437,58459.61217125,56630.737915,2026-05-11 16:00:00+00:00,2026-08-11 15:00:00+00:00
2026-08-11,2026-08-11 18:59:21+00:00,online,DE,load,ridge_3mo_context,Ridge with covariates,Hum+tso_forecast,2208,2026-08-12 08:00:00+00:00,58075.23501260053,58302.39472025,55801.38408,2026-05-11 16:00:00+00:00,2026-08-11 15:00:00+00:00
2026-08-11,2026-08-11 18:59:21+00:00,online,DE,load,ridge_3mo_context,Ridge with covariates,Hum+tso_forecast,2208,2026-08-12 09:00:00+00:00,57845.85318147509,57976.121569,55981.22409,2026-05-11 16:00:00+00:00,2026-08-11 15:00:00+00:00
2026-08-11,2026-08-11 18:59:21+00:00,online,DE,load,ridge_3mo_context,Ridge with covariates,Hum+tso_forecast,2208,2026-08-12 10:00:00+00:00,57296.30012469996,57342.3867535,55195.4281825,2026-05-11 16:00:00+00:00,2026-08-11 15:00:00+00:00
2026-08-11,2026-08-11 18:59:21+00:00,online,DE,load,ridge_3mo_context,Ridge with covariates,Hum+tso_forecast,2208,2026-08-12 11:00:00+00:00,56227.94169012796,56136.82387925,54002.547655,2026-05-11 16:00:00+00:00,2026-08-11 15:00:00+00:00
2026-08-11,2026-08-11 18:59:21+00:00,online,DE,load,ridge_3mo_context,Ridge with covariates,Hum+tso_forecast,2208,2026-08-12 12:00:00+00:00,56000.71944644377,55819.362452,52714.7637975,2026-05-11 16:00:00+00:00,2026-08-11 15:00:00+00:00
2026-08-11,2026-08-11 18:59:21+00:00,online,DE,load,ridge_3mo_context,Ridge with covariates,Hum+tso_forecast,2208,2026-08-12 13:00:00+00:00,54888.553788461824,54619.712346,52168.684935,2026-05-11 16:00:00+00:00,2026-08-11 15:00:00+00:00
2026-08-11,2026-08-11 18:59:21+00:00,online,DE,load,ridge_3mo_context,Ridge with covariates,Hum+tso_forecast,2208,2026-08-12 14:00:00+00:00,55040.40789118192,54764.53767475,52376.291545,2026-05-11 16:00:00+00:00,2026-08-11 15:00:00+00:00
2026-08-11,2026-08-11 18:59:21+00:00,online,DE,load,ridge_3mo_context,Ridge with covariates,Hum+tso_forecast,2208,2026-08-12 15:00:00+00:00,55446.9374342431,55282.90820525,53173.690495,2026-05-11 16:00:00+00:00,2026-08-11 15:00:00+00:00
2026-08-11,2026-08-11 18:59:21+00:00,online,DE,load,chronos2_online,Chronos2 with covariates,Hum+tso_forecast,2208,2026-08-11 16:00:00+00:00,52894.515625,55592.837085,52825.976762499995,2026-05-11 16:00:00+00:00,2026-08-11 15:00:00+00:00
2026-08-11,2026-08-11 18:59:21+00:00,online,DE,load,chronos2_online,Chronos2 with covariates,Hum+tso_forecast,2208,2026-08-11 17:00:00+00:00,52736.984375,55281.4892465,52491.84506,2026-05-11 16:00:00+00:00,2026-08-11 15:00:00+00:00
2026-08-11,2026-08-11 18:59:21+00:00,online,DE,load,chronos2_online,Chronos2 with covariates,Hum+tso_forecast,2208,2026-08-11 18:00:00+00:00,50867.109375,53934.74750125,51101.9436775,2026-05-11 16:00:00+00:00,2026-08-11 15:00:00+00:00
2026-08-11,2026-08-11 18:59:21+00:00,online,DE,load,chronos2_online,Chronos2 with covariates,Hum+tso_forecast,2208,2026-08-11 19:00:00+00:00,49215.0234375,51959.000923,49430.4868075,2026-05-11 16:00:00+00:00,2026-08-11 15:00:00+00:00
2026-08-11,2026-08-11 18:59:21+00:00,online,DE,load,chronos2_online,Chronos2 with covariates,Hum+tso_forecast,2208,2026-08-11 20:00:00+00:00,46707.87890625,48956.861767,46845.5316075,2026-05-11 16:00:00+00:00,2026-08-11 15:00:00+00:00
2026-08-11,2026-08-11 18:59:21+00:00,online,DE,load,chronos2_online,Chronos2 with covariates,Hum+tso_forecast,2208,2026-08-11 21:00:00+00:00,44140.09765625,45781.704567,43794.36433,2026-05-11 16:00:00+00:00,2026-08-11 15:00:00+00:00
2026-08-11,2026-08-11 18:59:21+00:00,online,DE,load,chronos2_online,Chronos2 with covariates,Hum+tso_forecast,2208,2026-08-11 22:00:00+00:00,42497.17578125,42907.3904425,41975.206565,2026-05-11 16:00:00+00:00,2026-08-11 15:00:00+00:00
2026-08-11,2026-08-11 18:59:21+00:00,online,DE,load,chronos2_online,Chronos2 with covariates,Hum+tso_forecast,2208,2026-08-11 23:00:00+00:00,41695.16796875,41441.86770775,40441.4830475,2026-05-11 16:00:00+00:00,2026-08-11 15:00:00+00:00
2026-08-11,2026-08-11 18:59:21+00:00,online,DE,load,chronos2_online,Chronos2 with covariates,Hum+tso_forecast,2208,2026-08-12 00:00:00+00:00,41396.07421875,40732.1183505,39735.1022775,2026-05-11 16:00:00+00:00,2026-08-11 15:00:00+00:00
2026-08-11,2026-08-11 18:59:21+00:00,online,DE,load,chronos2_online,Chronos2 with covariates,Hum+tso_forecast,2208,2026-08-12 01:00:00+00:00,41386.87890625,40568.92670075,39735.681545,2026-05-11 16:00:00+00:00,2026-08-11 15:00:00+00:00
2026-08-11,2026-08-11 18:59:21+00:00,online,DE,load,chronos2_online,Chronos2 with covariates,Hum+tso_forecast,2208,2026-08-12 02:00:00+00:00,42130.26171875,42025.84022575,40505.461995,2026-05-11 16:00:00+00:00,2026-08-11 15:00:00+00:00
2026-08-11,2026-08-11 18:59:21+00:00,online,DE,load,chronos2_online,Chronos2 with covariates,Hum+tso_forecast,2208,2026-08-12 03:00:00+00:00,44598.87109375,44919.70276475,42784.2436725,2026-05-11 16:00:00+00:00,2026-08-11 15:00:00+00:00
2026-08-11,2026-08-11 18:59:21+00:00,online,DE,load,chronos2_online,Chronos2 with covariates,Hum+tso_forecast,2208,2026-08-12 04:00:00+00:00,48819.25,50375.414336,48337.223175,2026-05-11 16:00:00+00:00,2026-08-11 15:00:00+00:00
2026-08-11,2026-08-11 18:59:21+00:00,online,DE,load,chronos2_online,Chronos2 with covariates,Hum+tso_forecast,2208,2026-08-12 05:00:00+00:00,53377.92578125,54887.64997475,52171.2325375,2026-05-11 16:00:00+00:00,2026-08-11 15:00:00+00:00
2026-08-11,2026-08-11 18:59:21+00:00,online,DE,load,chronos2_online,Chronos2 with covariates,Hum+tso_forecast,2208,2026-08-12 06:00:00+00:00,55980.0,57818.554172250006,54657.07785,2026-05-11 16:00:00+00:00,2026-08-11 15:00:00+00:00
2026-08-11,2026-08-11 18:59:21+00:00,online,DE,load,chronos2_online,Chronos2 with covariates,Hum+tso_forecast,2208,2026-08-12 07:00:00+00:00,56573.98046875,58459.61217125,56630.737915,2026-05-11 16:00:00+00:00,2026-08-11 15:00:00+00:00
2026-08-11,2026-08-11 18:59:21+00:00,online,DE,load,chronos2_online,Chronos2 with covariates,Hum+tso_forecast,2208,2026-08-12 08:00:00+00:00,56300.609375,58302.39472025,55801.38408,2026-05-11 16:00:00+00:00,2026-08-11 15:00:00+00:00
2026-08-11,2026-08-11 18:59:21+00:00,online,DE,load,chronos2_online,Chronos2 with covariates,Hum+tso_forecast,2208,2026-08-12 09:00:00+00:00,56251.015625,57976.121569,55981.22409,2026-05-11 16:00:00+00:00,2026-08-11 15:00:00+00:00
2026-08-11,2026-08-11 18:59:21+00:00,online,DE,load,chronos2_online,Chronos2 with covariates,Hum+tso_forecast,2208,2026-08-12 10:00:00+00:00,55927.109375,57342.3867535,55195.4281825,2026-05-11 16:00:00+00:00,2026-08-11 15:00:00+00:00
2026-08-11,2026-08-11 18:59:21+00:00,online,DE,load,chronos2_online,Chronos2 with covariates,Hum+tso_forecast,2208,2026-08-12 11:00:00+00:00,55333.1953125,56136.82387925,54002.547655,2026-05-11 16:00:00+00:00,2026-08-11 15:00:00+00:00
2026-08-11,2026-08-11 18:59:21+00:00,online,DE,load,chronos2_online,Chronos2 with covariates,Hum+tso_forecast,2208,2026-08-12 12:00:00+00:00,54113.796875,55819.362452,52714.7637975,2026-05-11 16:00:00+00:00,2026-08-11 15:00:00+00:00
2026-08-11,2026-08-11 18:59:21+00:00,online,DE,load,chronos2_online,Chronos2 with covariates,Hum+tso_forecast,2208,2026-08-12 13:00:00+00:00,53368.4453125,54619.712346,52168.684935,2026-05-11 16:00:00+00:00,2026-08-11 15:00:00+00:00
2026-08-11,2026-08-11 18:59:21+00:00,online,DE,load,chronos2_online,Chronos2 with covariates,Hum+tso_forecast,2208,2026-08-12 14:00:00+00:00,53415.50390625,54764.53767475,52376.291545,2026-05-11 16:00:00+00:00,2026-08-11 15:00:00+00:00
2026-08-11,2026-08-11 18:59:21+00:00,online,DE,load,chronos2_online,Chronos2 with covariates,Hum+tso_forecast,2208,2026-08-12 15:00:00+00:00,53826.87890625,55282.90820525,53173.690495,2026-05-11 16:00:00+00:00,2026-08-11 15:00:00+00:00
2026-08-11,2026-08-11 18:59:21+00:00,online,DE,solar,tso_reference,TSO forecast,tso_forecast,2208,2026-08-11 16:00:00+00:00,17162.701087499998,17162.701087499998,17843.617749999998,2026-05-11 16:00:00+00:00,2026-08-11 15:00:00+00:00
2026-08-11,2026-08-11 18:59:21+00:00,online,DE,solar,tso_reference,TSO forecast,tso_forecast,2208,2026-08-11 17:00:00+00:00,5948.379222500001,5948.379222500001,6325.14225,2026-05-11 16:00:00+00:00,2026-08-11 15:00:00+00:00
2026-08-11,2026-08-11 18:59:21+00:00,online,DE,solar,tso_reference,TSO forecast,tso_forecast,2208,2026-08-11 18:00:00+00:00,813.6743225,813.6743225,748.75125,2026-05-11 16:00:00+00:00,2026-08-11 15:00:00+00:00
2026-08-11,2026-08-11 18:59:21+00:00,online,DE,solar,tso_reference,TSO forecast,tso_forecast,2208,2026-08-11 19:00:00+00:00,8.13433,8.13433,1.03475,2026-05-11 16:00:00+00:00,2026-08-11 15:00:00+00:00
2026-08-11,2026-08-11 18:59:21+00:00,online,DE,solar,tso_reference,TSO forecast,tso_forecast,2208,2026-08-11 20:00:00+00:00,0.0,0.0,0.0,2026-05-11 16:00:00+00:00,2026-08-11 15:00:00+00:00
2026-08-11,2026-08-11 18:59:21+00:00,online,DE,solar,tso_reference,TSO forecast,tso_forecast,2208,2026-08-11 21:00:00+00:00,0.0,0.0,0.0,2026-05-11 16:00:00+00:00,2026-08-11 15:00:00+00:00
2026-08-11,2026-08-11 18:59:21+00:00,online,DE,solar,tso_reference,TSO forecast,tso_forecast,2208,2026-08-11 22:00:00+00:00,0.0,0.0,0.0,2026-05-11 16:00:00+00:00,2026-08-11 15:00:00+00:00
2026-08-11,2026-08-11 18:59:21+00:00,online,DE,solar,tso_reference,TSO forecast,tso_forecast,2208,2026-08-11 23:00:00+00:00,0.0,0.0,0.0,2026-05-11 16:00:00+00:00,2026-08-11 15:00:00+00:00
2026-08-11,2026-08-11 18:59:21+00:00,online,DE,solar,tso_reference,TSO forecast,tso_forecast,2208,2026-08-12 00:00:00+00:00,0.0,0.0,0.0,2026-05-11 16:00:00+00:00,2026-08-11 15:00:00+00:00
2026-08-11,2026-08-11 18:59:21+00:00,online,DE,solar,tso_reference,TSO forecast,tso_forecast,2208,2026-08-12 01:00:00+00:00,0.0,0.0,0.0,2026-05-11 16:00:00+00:00,2026-08-11 15:00:00+00:00
2026-08-11,2026-08-11 18:59:21+00:00,online,DE,solar,tso_reference,TSO forecast,tso_forecast,2208,2026-08-12 02:00:00+00:00,0.0,0.0,0.0,2026-05-11 16:00:00+00:00,2026-08-11 15:00:00+00:00
2026-08-11,2026-08-11 18:59:21+00:00,online,DE,solar,tso_reference,TSO forecast,tso_forecast,2208,2026-08-12 03:00:00+00:00,12.870195,12.870195,7.682,2026-05-11 16:00:00+00:00,2026-08-11 15:00:00+00:00
2026-08-11,2026-08-11 18:59:21+00:00,online,DE,solar,tso_reference,TSO forecast,tso_forecast,2208,2026-08-12 04:00:00+00:00,1651.6132874999998,1651.6132874999998,1556.9005,2026-05-11 16:00:00+00:00,2026-08-11 15:00:00+00:00
2026-08-11,2026-08-11 18:59:21+00:00,online,DE,solar,tso_reference,TSO forecast,tso_forecast,2208,2026-08-12 05:00:00+00:00,8741.97791,8741.97791,9083.2845,2026-05-11 16:00:00+00:00,2026-08-11 15:00:00+00:00
2026-08-11,2026-08-11 18:59:21+00:00,online,DE,solar,tso_reference,TSO forecast,tso_forecast,2208,2026-08-12 06:00:00+00:00,21696.316585,21696.316585,22266.4975,2026-05-11 16:00:00+00:00,2026-08-11 15:00:00+00:00
2026-08-11,2026-08-11 18:59:21+00:00,online,DE,solar,tso_reference,TSO forecast,tso_forecast,2208,2026-08-12 07:00:00+00:00,35091.2205675,35091.2205675,35984.45525,2026-05-11 16:00:00+00:00,2026-08-11 15:00:00+00:00
2026-08-11,2026-08-11 18:59:21+00:00,online,DE,solar,tso_reference,TSO forecast,tso_forecast,2208,2026-08-12 08:00:00+00:00,45569.987085,45569.987085,46446.0215,2026-05-11 16:00:00+00:00,2026-08-11 15:00:00+00:00
2026-08-11,2026-08-11 18:59:21+00:00,online,DE,solar,tso_reference,TSO forecast,tso_forecast,2208,2026-08-12 09:00:00+00:00,52765.1068075,52765.1068075,53952.3425,2026-05-11 16:00:00+00:00,2026-08-11 15:00:00+00:00
2026-08-11,2026-08-11 18:59:21+00:00,online,DE,solar,tso_reference,TSO forecast,tso_forecast,2208,2026-08-12 10:00:00+00:00,56762.2478275,56762.2478275,56886.50525,2026-05-11 16:00:00+00:00,2026-08-11 15:00:00+00:00
2026-08-11,2026-08-11 18:59:21+00:00,online,DE,solar,tso_reference,TSO forecast,tso_forecast,2208,2026-08-12 11:00:00+00:00,57879.26732,57879.26732,57715.12325,2026-05-11 16:00:00+00:00,2026-08-11 15:00:00+00:00
2026-08-11,2026-08-11 18:59:21+00:00,online,DE,solar,tso_reference,TSO forecast,tso_forecast,2208,2026-08-12 12:00:00+00:00,55901.654905,55901.654905,56548.39625,2026-05-11 16:00:00+00:00,2026-08-11 15:00:00+00:00
2026-08-11,2026-08-11 18:59:21+00:00,online,DE,solar,tso_reference,TSO forecast,tso_forecast,2208,2026-08-12 13:00:00+00:00,50834.6501375,50834.6501375,51829.5655,2026-05-11 16:00:00+00:00,2026-08-11 15:00:00+00:00
2026-08-11,2026-08-11 18:59:21+00:00,online,DE,solar,tso_reference,TSO forecast,tso_forecast,2208,2026-08-12 14:00:00+00:00,42767.62831,42767.62831,43363.7075,2026-05-11 16:00:00+00:00,2026-08-11 15:00:00+00:00
2026-08-11,2026-08-11 18:59:21+00:00,online,DE,solar,tso_reference,TSO forecast,tso_forecast,2208,2026-08-12 15:00:00+00:00,31401.26857,31401.26857,31754.49225,2026-05-11 16:00:00+00:00,2026-08-11 15:00:00+00:00
2026-08-11,2026-08-11 18:59:21+00:00,online,DE,solar,persistence,Persistence,daily_persistence,2208,2026-08-11 16:00:00+00:00,13762.52775,17162.701087499998,17843.617749999998,2026-05-11 16:00:00+00:00,2026-08-11 15:00:00+00:00
2026-08-11,2026-08-11 18:59:21+00:00,online,DE,solar,persistence,Persistence,daily_persistence,2208,2026-08-11 17:00:00+00:00,5332.99825,5948.379222500001,6325.14225,2026-05-11 16:00:00+00:00,2026-08-11 15:00:00+00:00
2026-08-11,2026-08-11 18:59:21+00:00,online,DE,solar,persistence,Persistence,daily_persistence,2208,2026-08-11 18:00:00+00:00,744.765,813.6743225,748.75125,2026-05-11 16:00:00+00:00,2026-08-11 15:00:00+00:00
2026-08-11,2026-08-11 18:59:21+00:00,online,DE,solar,persistence,Persistence,daily_persistence,2208,2026-08-11 19:00:00+00:00,1.349,8.13433,1.03475,2026-05-11 16:00:00+00:00,2026-08-11 15:00:00+00:00
2026-08-11,2026-08-11 18:59:21+00:00,online,DE,solar,persistence,Persistence,daily_persistence,2208,2026-08-11 20:00:00+00:00,0.2334999999999999,0.0,0.0,2026-05-11 16:00:00+00:00,2026-08-11 15:00:00+00:00
2026-08-11,2026-08-11 18:59:21+00:00,online,DE,solar,persistence,Persistence,daily_persistence,2208,2026-08-11 21:00:00+00:00,0.1775,0.0,0.0,2026-05-11 16:00:00+00:00,2026-08-11 15:00:00+00:00
2026-08-11,2026-08-11 18:59:21+00:00,online,DE,solar,persistence,Persistence,daily_persistence,2208,2026-08-11 22:00:00+00:00,0.00075,0.0,0.0,2026-05-11 16:00:00+00:00,2026-08-11 15:00:00+00:00
2026-08-11,2026-08-11 18:59:21+00:00,online,DE,solar,persistence,Persistence,daily_persistence,2208,2026-08-11 23:00:00+00:00,0.0,0.0,0.0,2026-05-11 16:00:00+00:00,2026-08-11 15:00:00+00:00
2026-08-11,2026-08-11 18:59:21+00:00,online,DE,solar,persistence,Persistence,daily_persistence,2208,2026-08-12 00:00:00+00:00,0.001,0.0,0.0,2026-05-11 16:00:00+00:00,2026-08-11 15:00:00+00:00
2026-08-11,2026-08-11 18:59:21+00:00,online,DE,solar,persistence,Persistence,daily_persistence,2208,2026-08-12 01:00:00+00:00,0.0015,0.0,0.0,2026-05-11 16:00:00+00:00,2026-08-11 15:00:00+00:00
2026-08-11,2026-08-11 18:59:21+00:00,online,DE,solar,persistence,Persistence,daily_persistence,2208,2026-08-12 02:00:00+00:00,0.00025,0.0,0.0,2026-05-11 16:00:00+00:00,2026-08-11 15:00:00+00:00
2026-08-11,2026-08-11 18:59:21+00:00,online,DE,solar,persistence,Persistence,daily_persistence,2208,2026-08-12 03:00:00+00:00,9.175,12.870195,7.682,2026-05-11 16:00:00+00:00,2026-08-11 15:00:00+00:00
2026-08-11,2026-08-11 18:59:21+00:00,online,DE,solar,persistence,Persistence,daily_persistence,2208,2026-08-12 04:00:00+00:00,1555.453,1651.6132874999998,1556.9005,2026-05-11 16:00:00+00:00,2026-08-11 15:00:00+00:00
2026-08-11,2026-08-11 18:59:21+00:00,online,DE,solar,persistence,Persistence,daily_persistence,2208,2026-08-12 05:00:00+00:00,8562.96575,8741.97791,9083.2845,2026-05-11 16:00:00+00:00,2026-08-11 15:00:00+00:00
2026-08-11,2026-08-11 18:59:21+00:00,online,DE,solar,persistence,Persistence,daily_persistence,2208,2026-08-12 06:00:00+00:00,20970.57875,21696.316585,22266.4975,2026-05-11 16:00:00+00:00,2026-08-11 15:00:00+00:00
2026-08-11,2026-08-11 18:59:21+00:00,online,DE,solar,persistence,Persistence,daily_persistence,2208,2026-08-12 07:00:00+00:00,33582.563,35091.2205675,35984.45525,2026-05-11 16:00:00+00:00,2026-08-11 15:00:00+00:00
2026-08-11,2026-08-11 18:59:21+00:00,online,DE,solar,persistence,Persistence,daily_persistence,2208,2026-08-12 08:00:00+00:00,43506.8435,45569.987085,46446.0215,2026-05-11 16:00:00+00:00,2026-08-11 15:00:00+00:00
2026-08-11,2026-08-11 18:59:21+00:00,online,DE,solar,persistence,Persistence,daily_persistence,2208,2026-08-12 09:00:00+00:00,50179.0115,52765.1068075,53952.3425,2026-05-11 16:00:00+00:00,2026-08-11 15:00:00+00:00
2026-08-11,2026-08-11 18:59:21+00:00,online,DE,solar,persistence,Persistence,daily_persistence,2208,2026-08-12 10:00:00+00:00,53073.51175,56762.2478275,56886.50525,2026-05-11 16:00:00+00:00,2026-08-11 15:00:00+00:00
2026-08-11,2026-08-11 18:59:21+00:00,online,DE,solar,persistence,Persistence,daily_persistence,2208,2026-08-12 11:00:00+00:00,52272.864,57879.26732,57715.12325,2026-05-11 16:00:00+00:00,2026-08-11 15:00:00+00:00
2026-08-11,2026-08-11 18:59:21+00:00,online,DE,solar,persistence,Persistence,daily_persistence,2208,2026-08-12 12:00:00+00:00,50646.1255,55901.654905,56548.39625,2026-05-11 16:00:00+00:00,2026-08-11 15:00:00+00:00
2026-08-11,2026-08-11 18:59:21+00:00,online,DE,solar,persistence,Persistence,daily_persistence,2208,2026-08-12 13:00:00+00:00,48339.323,50834.6501375,51829.5655,2026-05-11 16:00:00+00:00,2026-08-11 15:00:00+00:00
2026-08-11,2026-08-11 18:59:21+00:00,online,DE,solar,persistence,Persistence,daily_persistence,2208,2026-08-12 14:00:00+00:00,41404.2915,42767.62831,43363.7075,2026-05-11 16:00:00+00:00,2026-08-11 15:00:00+00:00
2026-08-11,2026-08-11 18:59:21+00:00,online,DE,solar,persistence,Persistence,daily_persistence,2208,2026-08-12 15:00:00+00:00,31057.44275,31401.26857,31754.49225,2026-05-11 16:00:00+00:00,2026-08-11 15:00:00+00:00
2026-08-11,2026-08-11 18:59:21+00:00,online,DE,solar,chronos2_online,Chronos2 with covariates,weather_4p+tso_forecast,2208,2026-08-11 16:00:00+00:00,17371.705078125,17162.701087499998,17843.617749999998,2026-05-11 16:00:00+00:00,2026-08-11 15:00:00+00:00
2026-08-11,2026-08-11 18:59:21+00:00,online,DE,solar,chronos2_online,Chronos2 with covariates,weather_4p+tso_forecast,2208,2026-08-11 17:00:00+00:00,6733.9775390625,5948.379222500001,6325.14225,2026-05-11 16:00:00+00:00,2026-08-11 15:00:00+00:00
2026-08-11,2026-08-11 18:59:21+00:00,online,DE,solar,chronos2_online,Chronos2 with covariates,weather_4p+tso_forecast,2208,2026-08-11 18:00:00+00:00,1630.74609375,813.6743225,748.75125,2026-05-11 16:00:00+00:00,2026-08-11 15:00:00+00:00
2026-08-11,2026-08-11 18:59:21+00:00,online,DE,solar,chronos2_online,Chronos2 with covariates,weather_4p+tso_forecast,2208,2026-08-11 19:00:00+00:00,512.6376953125,8.13433,1.03475,2026-05-11 16:00:00+00:00,2026-08-11 15:00:00+00:00
2026-08-11,2026-08-11 18:59:21+00:00,online,DE,solar,chronos2_online,Chronos2 with covariates,weather_4p+tso_forecast,2208,2026-08-11 20:00:00+00:00,362.9755859375,0.0,0.0,2026-05-11 16:00:00+00:00,2026-08-11 15:00:00+00:00
2026-08-11,2026-08-11 18:59:21+00:00,online,DE,solar,chronos2_online,Chronos2 with covariates,weather_4p+tso_forecast,2208,2026-08-11 21:00:00+00:00,491.3017578125,0.0,0.0,2026-05-11 16:00:00+00:00,2026-08-11 15:00:00+00:00
2026-08-11,2026-08-11 18:59:21+00:00,online,DE,solar,chronos2_online,Chronos2 with covariates,weather_4p+tso_forecast,2208,2026-08-11 22:00:00+00:00,649.849609375,0.0,0.0,2026-05-11 16:00:00+00:00,2026-08-11 15:00:00+00:00
2026-08-11,2026-08-11 18:59:21+00:00,online,DE,solar,chronos2_online,Chronos2 with covariates,weather_4p+tso_forecast,2208,2026-08-11 23:00:00+00:00,668.8583984375,0.0,0.0,2026-05-11 16:00:00+00:00,2026-08-11 15:00:00+00:00
2026-08-11,2026-08-11 18:59:21+00:00,online,DE,solar,chronos2_online,Chronos2 with covariates,weather_4p+tso_forecast,2208,2026-08-12 00:00:00+00:00,527.56640625,0.0,0.0,2026-05-11 16:00:00+00:00,2026-08-11 15:00:00+00:00
2026-08-11,2026-08-11 18:59:21+00:00,online,DE,solar,chronos2_online,Chronos2 with covariates,weather_4p+tso_forecast,2208,2026-08-12 01:00:00+00:00,432.9326171875,0.0,0.0,2026-05-11 16:00:00+00:00,2026-08-11 15:00:00+00:00
2026-08-11,2026-08-11 18:59:21+00:00,online,DE,solar,chronos2_online,Chronos2 with covariates,weather_4p+tso_forecast,2208,2026-08-12 02:00:00+00:00,212.638671875,0.0,0.0,2026-05-11 16:00:00+00:00,2026-08-11 15:00:00+00:00
2026-08-11,2026-08-11 18:59:21+00:00,online,DE,solar,chronos2_online,Chronos2 with covariates,weather_4p+tso_forecast,2208,2026-08-12 03:00:00+00:00,382.2568359375,12.870195,7.682,2026-05-11 16:00:00+00:00,2026-08-11 15:00:00+00:00
2026-08-11,2026-08-11 18:59:21+00:00,online,DE,solar,chronos2_online,Chronos2 with covariates,weather_4p+tso_forecast,2208,2026-08-12 04:00:00+00:00,2028.51953125,1651.6132874999998,1556.9005,2026-05-11 16:00:00+00:00,2026-08-11 15:00:00+00:00
2026-08-11,2026-08-11 18:59:21+00:00,online,DE,solar,chronos2_online,Chronos2 with covariates,weather_4p+tso_forecast,2208,2026-08-12 05:00:00+00:00,9732.744140625,8741.97791,9083.2845,2026-05-11 16:00:00+00:00,2026-08-11 15:00:00+00:00
2026-08-11,2026-08-11 18:59:21+00:00,online,DE,solar,chronos2_online,Chronos2 with covariates,weather_4p+tso_forecast,2208,2026-08-12 06:00:00+00:00,22632.798828125,21696.316585,22266.4975,2026-05-11 16:00:00+00:00,2026-08-11 15:00:00+00:00
2026-08-11,2026-08-11 18:59:21+00:00,online,DE,solar,chronos2_online,Chronos2 with covariates,weather_4p+tso_forecast,2208,2026-08-12 07:00:00+00:00,36017.875,35091.2205675,35984.45525,2026-05-11 16:00:00+00:00,2026-08-11 15:00:00+00:00
2026-08-11,2026-08-11 18:59:21+00:00,online,DE,solar,chronos2_online,Chronos2 with covariates,weather_4p+tso_forecast,2208,2026-08-12 08:00:00+00:00,46081.671875,45569.987085,46446.0215,2026-05-11 16:00:00+00:00,2026-08-11 15:00:00+00:00
2026-08-11,2026-08-11 18:59:21+00:00,online,DE,solar,chronos2_online,Chronos2 with covariates,weather_4p+tso_forecast,2208,2026-08-12 09:00:00+00:00,51911.9296875,52765.1068075,53952.3425,2026-05-11 16:00:00+00:00,2026-08-11 15:00:00+00:00
2026-08-11,2026-08-11 18:59:21+00:00,online,DE,solar,chronos2_online,Chronos2 with covariates,weather_4p+tso_forecast,2208,2026-08-12 10:00:00+00:00,54914.0,56762.2478275,56886.50525,2026-05-11 16:00:00+00:00,2026-08-11 15:00:00+00:00
2026-08-11,2026-08-11 18:59:21+00:00,online,DE,solar,chronos2_online,Chronos2 with covariates,weather_4p+tso_forecast,2208,2026-08-12 11:00:00+00:00,54717.7890625,57879.26732,57715.12325,2026-05-11 16:00:00+00:00,2026-08-11 15:00:00+00:00
2026-08-11,2026-08-11 18:59:21+00:00,online,DE,solar,chronos2_online,Chronos2 with covariates,weather_4p+tso_forecast,2208,2026-08-12 12:00:00+00:00,51899.4765625,55901.654905,56548.39625,2026-05-11 16:00:00+00:00,2026-08-11 15:00:00+00:00
2026-08-11,2026-08-11 18:59:21+00:00,online,DE,solar,chronos2_online,Chronos2 with covariates,weather_4p+tso_forecast,2208,2026-08-12 13:00:00+00:00,47209.03125,50834.6501375,51829.5655,2026-05-11 16:00:00+00:00,2026-08-11 15:00:00+00:00
2026-08-11,2026-08-11 18:59:21+00:00,online,DE,solar,chronos2_online,Chronos2 with covariates,weather_4p+tso_forecast,2208,2026-08-12 14:00:00+00:00,39950.6953125,42767.62831,43363.7075,2026-05-11 16:00:00+00:00,2026-08-11 15:00:00+00:00
2026-08-11,2026-08-11 18:59:21+00:00,online,DE,solar,chronos2_online,Chronos2 with covariates,weather_4p+tso_forecast,2208,2026-08-12 15:00:00+00:00,30610.99609375,31401.26857,31754.49225,2026-05-11 16:00:00+00:00,2026-08-11 15:00:00+00:00
2026-08-11,2026-08-11 18:59:21+00:00,online,DE,solar,xgboost_online,XGBoost with covariates,weather_4p+tso_forecast,2208,2026-08-11 16:00:00+00:00,17005.859375,17162.701087499998,17843.617749999998,2026-05-11 16:00:00+00:00,2026-08-11 15:00:00+00:00
2026-08-11,2026-08-11 18:59:21+00:00,online,DE,solar,xgboost_online,XGBoost with covariates,weather_4p+tso_forecast,2208,2026-08-11 17:00:00+00:00,5992.34228515625,5948.379222500001,6325.14225,2026-05-11 16:00:00+00:00,2026-08-11 15:00:00+00:00
2026-08-11,2026-08-11 18:59:21+00:00,online,DE,solar,xgboost_online,XGBoost with covariates,weather_4p+tso_forecast,2208,2026-08-11 18:00:00+00:00,1275.6982421875,813.6743225,748.75125,2026-05-11 16:00:00+00:00,2026-08-11 15:00:00+00:00
2026-08-11,2026-08-11 18:59:21+00:00,online,DE,solar,xgboost_online,XGBoost with covariates,weather_4p+tso_forecast,2208,2026-08-11 19:00:00+00:00,463.2244262695313,8.13433,1.03475,2026-05-11 16:00:00+00:00,2026-08-11 15:00:00+00:00
2026-08-11,2026-08-11 18:59:21+00:00,online,DE,solar,xgboost_online,XGBoost with covariates,weather_4p+tso_forecast,2208,2026-08-11 20:00:00+00:00,294.5180358886719,0.0,0.0,2026-05-11 16:00:00+00:00,2026-08-11 15:00:00+00:00
2026-08-11,2026-08-11 18:59:21+00:00,online,DE,solar,xgboost_online,XGBoost with covariates,weather_4p+tso_forecast,2208,2026-08-11 21:00:00+00:00,294.5180358886719,0.0,0.0,2026-05-11 16:00:00+00:00,2026-08-11 15:00:00+00:00
2026-08-11,2026-08-11 18:59:21+00:00,online,DE,solar,xgboost_online,XGBoost with covariates,weather_4p+tso_forecast,2208,2026-08-11 22:00:00+00:00,294.5180358886719,0.0,0.0,2026-05-11 16:00:00+00:00,2026-08-11 15:00:00+00:00
2026-08-11,2026-08-11 18:59:21+00:00,online,DE,solar,xgboost_online,XGBoost with covariates,weather_4p+tso_forecast,2208,2026-08-11 23:00:00+00:00,294.5180358886719,0.0,0.0,2026-05-11 16:00:00+00:00,2026-08-11 15:00:00+00:00
2026-08-11,2026-08-11 18:59:21+00:00,online,DE,solar,xgboost_online,XGBoost with covariates,weather_4p+tso_forecast,2208,2026-08-12 00:00:00+00:00,312.568115234375,0.0,0.0,2026-05-11 16:00:00+00:00,2026-08-11 15:00:00+00:00
2026-08-11,2026-08-11 18:59:21+00:00,online,DE,solar,xgboost_online,XGBoost with covariates,weather_4p+tso_forecast,2208,2026-08-12 01:00:00+00:00,312.568115234375,0.0,0.0,2026-05-11 16:00:00+00:00,2026-08-11 15:00:00+00:00
2026-08-11,2026-08-11 18:59:21+00:00,online,DE,solar,xgboost_online,XGBoost with covariates,weather_4p+tso_forecast,2208,2026-08-12 02:00:00+00:00,312.568115234375,0.0,0.0,2026-05-11 16:00:00+00:00,2026-08-11 15:00:00+00:00
2026-08-11,2026-08-11 18:59:21+00:00,online,DE,solar,xgboost_online,XGBoost with covariates,weather_4p+tso_forecast,2208,2026-08-12 03:00:00+00:00,312.568115234375,12.870195,7.682,2026-05-11 16:00:00+00:00,2026-08-11 15:00:00+00:00
2026-08-11,2026-08-11 18:59:21+00:00,online,DE,solar,xgboost_online,XGBoost with covariates,weather_4p+tso_forecast,2208,2026-08-12 04:00:00+00:00,1506.1995849609375,1651.6132874999998,1556.9005,2026-05-11 16:00:00+00:00,2026-08-11 15:00:00+00:00
2026-08-11,2026-08-11 18:59:21+00:00,online,DE,solar,xgboost_online,XGBoost with covariates,weather_4p+tso_forecast,2208,2026-08-12 05:00:00+00:00,8176.96142578125,8741.97791,9083.2845,2026-05-11 16:00:00+00:00,2026-08-11 15:00:00+00:00
2026-08-11,2026-08-11 18:59:21+00:00,online,DE,solar,xgboost_online,XGBoost with covariates,weather_4p+tso_forecast,2208,2026-08-12 06:00:00+00:00,19676.2109375,21696.316585,22266.4975,2026-05-11 16:00:00+00:00,2026-08-11 15:00:00+00:00
2026-08-11,2026-08-11 18:59:21+00:00,online,DE,solar,xgboost_online,XGBoost with covariates,weather_4p+tso_forecast,2208,2026-08-12 07:00:00+00:00,34124.3125,35091.2205675,35984.45525,2026-05-11 16:00:00+00:00,2026-08-11 15:00:00+00:00
2026-08-11,2026-08-11 18:59:21+00:00,online,DE,solar,xgboost_online,XGBoost with covariates,weather_4p+tso_forecast,2208,2026-08-12 08:00:00+00:00,43376.87109375,45569.987085,46446.0215,2026-05-11 16:00:00+00:00,2026-08-11 15:00:00+00:00
2026-08-11,2026-08-11 18:59:21+00:00,online,DE,solar,xgboost_online,XGBoost with covariates,weather_4p+tso_forecast,2208,2026-08-12 09:00:00+00:00,51001.875,52765.1068075,53952.3425,2026-05-11 16:00:00+00:00,2026-08-11 15:00:00+00:00
2026-08-11,2026-08-11 18:59:21+00:00,online,DE,solar,xgboost_online,XGBoost with covariates,weather_4p+tso_forecast,2208,2026-08-12 10:00:00+00:00,51513.7734375,56762.2478275,56886.50525,2026-05-11 16:00:00+00:00,2026-08-11 15:00:00+00:00
2026-08-11,2026-08-11 18:59:21+00:00,online,DE,solar,xgboost_online,XGBoost with covariates,weather_4p+tso_forecast,2208,2026-08-12 11:00:00+00:00,51831.2265625,57879.26732,57715.12325,2026-05-11 16:00:00+00:00,2026-08-11 15:00:00+00:00
2026-08-11,2026-08-11 18:59:21+00:00,online,DE,solar,xgboost_online,XGBoost with covariates,weather_4p+tso_forecast,2208,2026-08-12 12:00:00+00:00,51684.80859375,55901.654905,56548.39625,2026-05-11 16:00:00+00:00,2026-08-11 15:00:00+00:00
2026-08-11,2026-08-11 18:59:21+00:00,online,DE,solar,xgboost_online,XGBoost with covariates,weather_4p+tso_forecast,2208,2026-08-12 13:00:00+00:00,50292.421875,50834.6501375,51829.5655,2026-05-11 16:00:00+00:00,2026-08-11 15:00:00+00:00
2026-08-11,2026-08-11 18:59:21+00:00,online,DE,solar,xgboost_online,XGBoost with covariates,weather_4p+tso_forecast,2208,2026-08-12 14:00:00+00:00,42338.9375,42767.62831,43363.7075,2026-05-11 16:00:00+00:00,2026-08-11 15:00:00+00:00
2026-08-11,2026-08-11 18:59:21+00:00,online,DE,solar,xgboost_online,XGBoost with covariates,weather_4p+tso_forecast,2208,2026-08-12 15:00:00+00:00,31264.4921875,31401.26857,31754.49225,2026-05-11 16:00:00+00:00,2026-08-11 15:00:00+00:00
2026-08-11,2026-08-11 18:59:21+00:00,online,DE,wind_onshore,tso_reference,TSO forecast,tso_forecast,2208,2026-08-11 16:00:00+00:00,7072.553355,7072.553355,6926.3395725,2026-05-11 16:00:00+00:00,2026-08-11 15:00:00+00:00
2026-08-11,2026-08-11 18:59:21+00:00,online,DE,wind_onshore,tso_reference,TSO forecast,tso_forecast,2208,2026-08-11 17:00:00+00:00,6849.424660000001,6849.424660000001,6538.688952500001,2026-05-11 16:00:00+00:00,2026-08-11 15:00:00+00:00
2026-08-11,2026-08-11 18:59:21+00:00,online,DE,wind_onshore,tso_reference,TSO forecast,tso_forecast,2208,2026-08-11 18:00:00+00:00,7254.7902525,7254.7902525,6286.2084775,2026-05-11 16:00:00+00:00,2026-08-11 15:00:00+00:00
2026-08-11,2026-08-11 18:59:21+00:00,online,DE,wind_onshore,tso_reference,TSO forecast,tso_forecast,2208,2026-08-11 19:00:00+00:00,7953.7043125,7953.7043125,7429.5889725,2026-05-11 16:00:00+00:00,2026-08-11 15:00:00+00:00
2026-08-11,2026-08-11 18:59:21+00:00,online,DE,wind_onshore,tso_reference,TSO forecast,tso_forecast,2208,2026-08-11 20:00:00+00:00,8714.7336275,8714.7336275,8595.5226575,2026-05-11 16:00:00+00:00,2026-08-11 15:00:00+00:00
2026-08-11,2026-08-11 18:59:21+00:00,online,DE,wind_onshore,tso_reference,TSO forecast,tso_forecast,2208,2026-08-11 21:00:00+00:00,8788.67202,8788.67202,8917.557815,2026-05-11 16:00:00+00:00,2026-08-11 15:00:00+00:00
2026-08-11,2026-08-11 18:59:21+00:00,online,DE,wind_onshore,tso_reference,TSO forecast,tso_forecast,2208,2026-08-11 22:00:00+00:00,7992.1516675,7992.1516675,8349.884815000001,2026-05-11 16:00:00+00:00,2026-08-11 15:00:00+00:00
2026-08-11,2026-08-11 18:59:21+00:00,online,DE,wind_onshore,tso_reference,TSO forecast,tso_forecast,2208,2026-08-11 23:00:00+00:00,7240.67167,7240.67167,7708.604995,2026-05-11 16:00:00+00:00,2026-08-11 15:00:00+00:00
2026-08-11,2026-08-11 18:59:21+00:00,online,DE,wind_onshore,tso_reference,TSO forecast,tso_forecast,2208,2026-08-12 00:00:00+00:00,6737.126245,6737.126245,7037.06308,2026-05-11 16:00:00+00:00,2026-08-11 15:00:00+00:00
2026-08-11,2026-08-11 18:59:21+00:00,online,DE,wind_onshore,tso_reference,TSO forecast,tso_forecast,2208,2026-08-12 01:00:00+00:00,6238.5892725,6238.5892725,6630.153115,2026-05-11 16:00:00+00:00,2026-08-11 15:00:00+00:00
2026-08-11,2026-08-11 18:59:21+00:00,online,DE,wind_onshore,tso_reference,TSO forecast,tso_forecast,2208,2026-08-12 02:00:00+00:00,5848.1413725,5848.1413725,6179.1571925,2026-05-11 16:00:00+00:00,2026-08-11 15:00:00+00:00
2026-08-11,2026-08-11 18:59:21+00:00,online,DE,wind_onshore,tso_reference,TSO forecast,tso_forecast,2208,2026-08-12 03:00:00+00:00,5560.8711875,5560.8711875,5972.188495,2026-05-11 16:00:00+00:00,2026-08-11 15:00:00+00:00
2026-08-11,2026-08-11 18:59:21+00:00,online,DE,wind_onshore,tso_reference,TSO forecast,tso_forecast,2208,2026-08-12 04:00:00+00:00,5402.14755,5402.14755,6054.05587,2026-05-11 16:00:00+00:00,2026-08-11 15:00:00+00:00
2026-08-11,2026-08-11 18:59:21+00:00,online,DE,wind_onshore,tso_reference,TSO forecast,tso_forecast,2208,2026-08-12 05:00:00+00:00,5011.7380125,5011.7380125,5327.62023,2026-05-11 16:00:00+00:00,2026-08-11 15:00:00+00:00
2026-08-11,2026-08-11 18:59:21+00:00,online,DE,wind_onshore,tso_reference,TSO forecast,tso_forecast,2208,2026-08-12 06:00:00+00:00,3686.0527975,3686.0527975,2912.77531,2026-05-11 16:00:00+00:00,2026-08-11 15:00:00+00:00
2026-08-11,2026-08-11 18:59:21+00:00,online,DE,wind_onshore,tso_reference,TSO forecast,tso_forecast,2208,2026-08-12 07:00:00+00:00,2031.3276,2031.3276,1316.7048275,2026-05-11 16:00:00+00:00,2026-08-11 15:00:00+00:00
2026-08-11,2026-08-11 18:59:21+00:00,online,DE,wind_onshore,tso_reference,TSO forecast,tso_forecast,2208,2026-08-12 08:00:00+00:00,1479.4335175,1479.4335175,1262.8037925,2026-05-11 16:00:00+00:00,2026-08-11 15:00:00+00:00
2026-08-11,2026-08-11 18:59:21+00:00,online,DE,wind_onshore,tso_reference,TSO forecast,tso_forecast,2208,2026-08-12 09:00:00+00:00,1312.8509325,1312.8509325,1501.8523875,2026-05-11 16:00:00+00:00,2026-08-11 15:00:00+00:00
2026-08-11,2026-08-11 18:59:21+00:00,online,DE,wind_onshore,tso_reference,TSO forecast,tso_forecast,2208,2026-08-12 10:00:00+00:00,1219.118955,1219.118955,1159.11585,2026-05-11 16:00:00+00:00,2026-08-11 15:00:00+00:00
2026-08-11,2026-08-11 18:59:21+00:00,online,DE,wind_onshore,tso_reference,TSO forecast,tso_forecast,2208,2026-08-12 11:00:00+00:00,1121.9780575,1121.9780575,982.58843,2026-05-11 16:00:00+00:00,2026-08-11 15:00:00+00:00
2026-08-11,2026-08-11 18:59:21+00:00,online,DE,wind_onshore,tso_reference,TSO forecast,tso_forecast,2208,2026-08-12 12:00:00+00:00,1140.26771,1140.26771,1290.424195,2026-05-11 16:00:00+00:00,2026-08-11 15:00:00+00:00
2026-08-11,2026-08-11 18:59:21+00:00,online,DE,wind_onshore,tso_reference,TSO forecast,tso_forecast,2208,2026-08-12 13:00:00+00:00,1250.9496399999998,1250.9496399999998,1640.6395075,2026-05-11 16:00:00+00:00,2026-08-11 15:00:00+00:00
2026-08-11,2026-08-11 18:59:21+00:00,online,DE,wind_onshore,tso_reference,TSO forecast,tso_forecast,2208,2026-08-12 14:00:00+00:00,1507.15464,1507.15464,1907.766415,2026-05-11 16:00:00+00:00,2026-08-11 15:00:00+00:00
2026-08-11,2026-08-11 18:59:21+00:00,online,DE,wind_onshore,tso_reference,TSO forecast,tso_forecast,2208,2026-08-12 15:00:00+00:00,1936.72472,1936.72472,2299.6289775,2026-05-11 16:00:00+00:00,2026-08-11 15:00:00+00:00
2026-08-11,2026-08-11 18:59:21+00:00,online,DE,wind_onshore,persistence,Persistence,daily_persistence,2208,2026-08-11 16:00:00+00:00,21751.682155,7072.553355,6926.3395725,2026-05-11 16:00:00+00:00,2026-08-11 15:00:00+00:00
2026-08-11,2026-08-11 18:59:21+00:00,online,DE,wind_onshore,persistence,Persistence,daily_persistence,2208,2026-08-11 17:00:00+00:00,20294.025315,6849.424660000001,6538.688952500001,2026-05-11 16:00:00+00:00,2026-08-11 15:00:00+00:00
2026-08-11,2026-08-11 18:59:21+00:00,online,DE,wind_onshore,persistence,Persistence,daily_persistence,2208,2026-08-11 18:00:00+00:00,17158.756955,7254.7902525,6286.2084775,2026-05-11 16:00:00+00:00,2026-08-11 15:00:00+00:00
2026-08-11,2026-08-11 18:59:21+00:00,online,DE,wind_onshore,persistence,Persistence,daily_persistence,2208,2026-08-11 19:00:00+00:00,15328.147025,7953.7043125,7429.5889725,2026-05-11 16:00:00+00:00,2026-08-11 15:00:00+00:00
2026-08-11,2026-08-11 18:59:21+00:00,online,DE,wind_onshore,persistence,Persistence,daily_persistence,2208,2026-08-11 20:00:00+00:00,14927.88949,8714.7336275,8595.5226575,2026-05-11 16:00:00+00:00,2026-08-11 15:00:00+00:00
2026-08-11,2026-08-11 18:59:21+00:00,online,DE,wind_onshore,persistence,Persistence,daily_persistence,2208,2026-08-11 21:00:00+00:00,14890.67513,8788.67202,8917.557815,2026-05-11 16:00:00+00:00,2026-08-11 15:00:00+00:00
2026-08-11,2026-08-11 18:59:21+00:00,online,DE,wind_onshore,persistence,Persistence,daily_persistence,2208,2026-08-11 22:00:00+00:00,14732.7163675,7992.1516675,8349.884815000001,2026-05-11 16:00:00+00:00,2026-08-11 15:00:00+00:00
2026-08-11,2026-08-11 18:59:21+00:00,online,DE,wind_onshore,persistence,Persistence,daily_persistence,2208,2026-08-11 23:00:00+00:00,14671.5970975,7240.67167,7708.604995,2026-05-11 16:00:00+00:00,2026-08-11 15:00:00+00:00
2026-08-11,2026-08-11 18:59:21+00:00,online,DE,wind_onshore,persistence,Persistence,daily_persistence,2208,2026-08-12 00:00:00+00:00,14419.1987975,6737.126245,7037.06308,2026-05-11 16:00:00+00:00,2026-08-11 15:00:00+00:00
2026-08-11,2026-08-11 18:59:21+00:00,online,DE,wind_onshore,persistence,Persistence,daily_persistence,2208,2026-08-12 01:00:00+00:00,13647.063305,6238.5892725,6630.153115,2026-05-11 16:00:00+00:00,2026-08-11 15:00:00+00:00
2026-08-11,2026-08-11 18:59:21+00:00,online,DE,wind_onshore,persistence,Persistence,daily_persistence,2208,2026-08-12 02:00:00+00:00,12990.8514375,5848.1413725,6179.1571925,2026-05-11 16:00:00+00:00,2026-08-11 15:00:00+00:00
2026-08-11,2026-08-11 18:59:21+00:00,online,DE,wind_onshore,persistence,Persistence,daily_persistence,2208,2026-08-12 03:00:00+00:00,12101.8609125,5560.8711875,5972.188495,2026-05-11 16:00:00+00:00,2026-08-11 15:00:00+00:00
2026-08-11,2026-08-11 18:59:21+00:00,online,DE,wind_onshore,persistence,Persistence,daily_persistence,2208,2026-08-12 04:00:00+00:00,11606.289379999998,5402.14755,6054.05587,2026-05-11 16:00:00+00:00,2026-08-11 15:00:00+00:00
2026-08-11,2026-08-11 18:59:21+00:00,online,DE,wind_onshore,persistence,Persistence,daily_persistence,2208,2026-08-12 05:00:00+00:00,9107.7859175,5011.7380125,5327.62023,2026-05-11 16:00:00+00:00,2026-08-11 15:00:00+00:00
2026-08-11,2026-08-11 18:59:21+00:00,online,DE,wind_onshore,persistence,Persistence,daily_persistence,2208,2026-08-12 06:00:00+00:00,6572.6377649999995,3686.0527975,2912.77531,2026-05-11 16:00:00+00:00,2026-08-11 15:00:00+00:00
2026-08-11,2026-08-11 18:59:21+00:00,online,DE,wind_onshore,persistence,Persistence,daily_persistence,2208,2026-08-12 07:00:00+00:00,7310.2306475,2031.3276,1316.7048275,2026-05-11 16:00:00+00:00,2026-08-11 15:00:00+00:00
2026-08-11,2026-08-11 18:59:21+00:00,online,DE,wind_onshore,persistence,Persistence,daily_persistence,2208,2026-08-12 08:00:00+00:00,7804.95682,1479.4335175,1262.8037925,2026-05-11 16:00:00+00:00,2026-08-11 15:00:00+00:00
2026-08-11,2026-08-11 18:59:21+00:00,online,DE,wind_onshore,persistence,Persistence,daily_persistence,2208,2026-08-12 09:00:00+00:00,6932.3617699999995,1312.8509325,1501.8523875,2026-05-11 16:00:00+00:00,2026-08-11 15:00:00+00:00
2026-08-11,2026-08-11 18:59:21+00:00,online,DE,wind_onshore,persistence,Persistence,daily_persistence,2208,2026-08-12 10:00:00+00:00,5669.2721475,1219.118955,1159.11585,2026-05-11 16:00:00+00:00,2026-08-11 15:00:00+00:00
2026-08-11,2026-08-11 18:59:21+00:00,online,DE,wind_onshore,persistence,Persistence,daily_persistence,2208,2026-08-12 11:00:00+00:00,4540.487102499999,1121.9780575,982.58843,2026-05-11 16:00:00+00:00,2026-08-11 15:00:00+00:00
2026-08-11,2026-08-11 18:59:21+00:00,online,DE,wind_onshore,persistence,Persistence,daily_persistence,2208,2026-08-12 12:00:00+00:00,4736.691865,1140.26771,1290.424195,2026-05-11 16:00:00+00:00,2026-08-11 15:00:00+00:00
2026-08-11,2026-08-11 18:59:21+00:00,online,DE,wind_onshore,persistence,Persistence,daily_persistence,2208,2026-08-12 13:00:00+00:00,5439.9375575,1250.9496399999998,1640.6395075,2026-05-11 16:00:00+00:00,2026-08-11 15:00:00+00:00
2026-08-11,2026-08-11 18:59:21+00:00,online,DE,wind_onshore,persistence,Persistence,daily_persistence,2208,2026-08-12 14:00:00+00:00,6224.5049500000005,1507.15464,1907.766415,2026-05-11 16:00:00+00:00,2026-08-11 15:00:00+00:00
2026-08-11,2026-08-11 18:59:21+00:00,online,DE,wind_onshore,persistence,Persistence,daily_persistence,2208,2026-08-12 15:00:00+00:00,7090.170185,1936.72472,2299.6289775,2026-05-11 16:00:00+00:00,2026-08-11 15:00:00+00:00
2026-08-11,2026-08-11 18:59:21+00:00,online,DE,wind_onshore,chronos2_online,Chronos2 with covariates,weather_4p+tso_forecast,2208,2026-08-11 16:00:00+00:00,7131.38525390625,7072.553355,6926.3395725,2026-05-11 16:00:00+00:00,2026-08-11 15:00:00+00:00
2026-08-11,2026-08-11 18:59:21+00:00,online,DE,wind_onshore,chronos2_online,Chronos2 with covariates,weather_4p+tso_forecast,2208,2026-08-11 17:00:00+00:00,6653.0380859375,6849.424660000001,6538.688952500001,2026-05-11 16:00:00+00:00,2026-08-11 15:00:00+00:00
2026-08-11,2026-08-11 18:59:21+00:00,online,DE,wind_onshore,chronos2_online,Chronos2 with covariates,weather_4p+tso_forecast,2208,2026-08-11 18:00:00+00:00,6649.0224609375,7254.7902525,6286.2084775,2026-05-11 16:00:00+00:00,2026-08-11 15:00:00+00:00
2026-08-11,2026-08-11 18:59:21+00:00,online,DE,wind_onshore,chronos2_online,Chronos2 with covariates,weather_4p+tso_forecast,2208,2026-08-11 19:00:00+00:00,7564.3544921875,7953.7043125,7429.5889725,2026-05-11 16:00:00+00:00,2026-08-11 15:00:00+00:00
2026-08-11,2026-08-11 18:59:21+00:00,online,DE,wind_onshore,chronos2_online,Chronos2 with covariates,weather_4p+tso_forecast,2208,2026-08-11 20:00:00+00:00,8686.2607421875,8714.7336275,8595.5226575,2026-05-11 16:00:00+00:00,2026-08-11 15:00:00+00:00
2026-08-11,2026-08-11 18:59:21+00:00,online,DE,wind_onshore,chronos2_online,Chronos2 with covariates,weather_4p+tso_forecast,2208,2026-08-11 21:00:00+00:00,9126.6005859375,8788.67202,8917.557815,2026-05-11 16:00:00+00:00,2026-08-11 15:00:00+00:00
2026-08-11,2026-08-11 18:59:21+00:00,online,DE,wind_onshore,chronos2_online,Chronos2 with covariates,weather_4p+tso_forecast,2208,2026-08-11 22:00:00+00:00,8588.89453125,7992.1516675,8349.884815000001,2026-05-11 16:00:00+00:00,2026-08-11 15:00:00+00:00
2026-08-11,2026-08-11 18:59:21+00:00,online,DE,wind_onshore,chronos2_online,Chronos2 with covariates,weather_4p+tso_forecast,2208,2026-08-11 23:00:00+00:00,7775.74609375,7240.67167,7708.604995,2026-05-11 16:00:00+00:00,2026-08-11 15:00:00+00:00
2026-08-11,2026-08-11 18:59:21+00:00,online,DE,wind_onshore,chronos2_online,Chronos2 with covariates,weather_4p+tso_forecast,2208,2026-08-12 00:00:00+00:00,7079.85302734375,6737.126245,7037.06308,2026-05-11 16:00:00+00:00,2026-08-11 15:00:00+00:00
2026-08-11,2026-08-11 18:59:21+00:00,online,DE,wind_onshore,chronos2_online,Chronos2 with covariates,weather_4p+tso_forecast,2208,2026-08-12 01:00:00+00:00,6327.2978515625,6238.5892725,6630.153115,2026-05-11 16:00:00+00:00,2026-08-11 15:00:00+00:00
2026-08-11,2026-08-11 18:59:21+00:00,online,DE,wind_onshore,chronos2_online,Chronos2 with covariates,weather_4p+tso_forecast,2208,2026-08-12 02:00:00+00:00,5994.19677734375,5848.1413725,6179.1571925,2026-05-11 16:00:00+00:00,2026-08-11 15:00:00+00:00
2026-08-11,2026-08-11 18:59:21+00:00,online,DE,wind_onshore,chronos2_online,Chronos2 with covariates,weather_4p+tso_forecast,2208,2026-08-12 03:00:00+00:00,6119.873046875,5560.8711875,5972.188495,2026-05-11 16:00:00+00:00,2026-08-11 15:00:00+00:00
2026-08-11,2026-08-11 18:59:21+00:00,online,DE,wind_onshore,chronos2_online,Chronos2 with covariates,weather_4p+tso_forecast,2208,2026-08-12 04:00:00+00:00,6060.384765625,5402.14755,6054.05587,2026-05-11 16:00:00+00:00,2026-08-11 15:00:00+00:00
2026-08-11,2026-08-11 18:59:21+00:00,online,DE,wind_onshore,chronos2_online,Chronos2 with covariates,weather_4p+tso_forecast,2208,2026-08-12 05:00:00+00:00,5502.78564453125,5011.7380125,5327.62023,2026-05-11 16:00:00+00:00,2026-08-11 15:00:00+00:00
2026-08-11,2026-08-11 18:59:21+00:00,online,DE,wind_onshore,chronos2_online,Chronos2 with covariates,weather_4p+tso_forecast,2208,2026-08-12 06:00:00+00:00,3234.57177734375,3686.0527975,2912.77531,2026-05-11 16:00:00+00:00,2026-08-11 15:00:00+00:00
2026-08-11,2026-08-11 18:59:21+00:00,online,DE,wind_onshore,chronos2_online,Chronos2 with covariates,weather_4p+tso_forecast,2208,2026-08-12 07:00:00+00:00,1673.302734375,2031.3276,1316.7048275,2026-05-11 16:00:00+00:00,2026-08-11 15:00:00+00:00
2026-08-11,2026-08-11 18:59:21+00:00,online,DE,wind_onshore,chronos2_online,Chronos2 with covariates,weather_4p+tso_forecast,2208,2026-08-12 08:00:00+00:00,1630.36376953125,1479.4335175,1262.8037925,2026-05-11 16:00:00+00:00,2026-08-11 15:00:00+00:00
2026-08-11,2026-08-11 18:59:21+00:00,online,DE,wind_onshore,chronos2_online,Chronos2 with covariates,weather_4p+tso_forecast,2208,2026-08-12 09:00:00+00:00,1599.208984375,1312.8509325,1501.8523875,2026-05-11 16:00:00+00:00,2026-08-11 15:00:00+00:00
2026-08-11,2026-08-11 18:59:21+00:00,online,DE,wind_onshore,chronos2_online,Chronos2 with covariates,weather_4p+tso_forecast,2208,2026-08-12 10:00:00+00:00,1477.2998046875,1219.118955,1159.11585,2026-05-11 16:00:00+00:00,2026-08-11 15:00:00+00:00
2026-08-11,2026-08-11 18:59:21+00:00,online,DE,wind_onshore,chronos2_online,Chronos2 with covariates,weather_4p+tso_forecast,2208,2026-08-12 11:00:00+00:00,1359.2568359375,1121.9780575,982.58843,2026-05-11 16:00:00+00:00,2026-08-11 15:00:00+00:00
2026-08-11,2026-08-11 18:59:21+00:00,online,DE,wind_onshore,chronos2_online,Chronos2 with covariates,weather_4p+tso_forecast,2208,2026-08-12 12:00:00+00:00,1098.44873046875,1140.26771,1290.424195,2026-05-11 16:00:00+00:00,2026-08-11 15:00:00+00:00
2026-08-11,2026-08-11 18:59:21+00:00,online,DE,wind_onshore,chronos2_online,Chronos2 with covariates,weather_4p+tso_forecast,2208,2026-08-12 13:00:00+00:00,1191.072265625,1250.9496399999998,1640.6395075,2026-05-11 16:00:00+00:00,2026-08-11 15:00:00+00:00
2026-08-11,2026-08-11 18:59:21+00:00,online,DE,wind_onshore,chronos2_online,Chronos2 with covariates,weather_4p+tso_forecast,2208,2026-08-12 14:00:00+00:00,1188.94677734375,1507.15464,1907.766415,2026-05-11 16:00:00+00:00,2026-08-11 15:00:00+00:00
2026-08-11,2026-08-11 18:59:21+00:00,online,DE,wind_onshore,chronos2_online,Chronos2 with covariates,weather_4p+tso_forecast,2208,2026-08-12 15:00:00+00:00,1538.85791015625,1936.72472,2299.6289775,2026-05-11 16:00:00+00:00,2026-08-11 15:00:00+00:00
2026-08-11,2026-08-11 18:59:21+00:00,online,DE,wind_onshore,xgboost_online,XGBoost with covariates,weather_4p+tso_forecast,2208,2026-08-11 16:00:00+00:00,7065.283203125,7072.553355,6926.3395725,2026-05-11 16:00:00+00:00,2026-08-11 15:00:00+00:00
2026-08-11,2026-08-11 18:59:21+00:00,online,DE,wind_onshore,xgboost_online,XGBoost with covariates,weather_4p+tso_forecast,2208,2026-08-11 17:00:00+00:00,6787.09326171875,6849.424660000001,6538.688952500001,2026-05-11 16:00:00+00:00,2026-08-11 15:00:00+00:00
2026-08-11,2026-08-11 18:59:21+00:00,online,DE,wind_onshore,xgboost_online,XGBoost with covariates,weather_4p+tso_forecast,2208,2026-08-11 18:00:00+00:00,7863.0869140625,7254.7902525,6286.2084775,2026-05-11 16:00:00+00:00,2026-08-11 15:00:00+00:00
2026-08-11,2026-08-11 18:59:21+00:00,online,DE,wind_onshore,xgboost_online,XGBoost with covariates,weather_4p+tso_forecast,2208,2026-08-11 19:00:00+00:00,7682.26416015625,7953.7043125,7429.5889725,2026-05-11 16:00:00+00:00,2026-08-11 15:00:00+00:00
2026-08-11,2026-08-11 18:59:21+00:00,online,DE,wind_onshore,xgboost_online,XGBoost with covariates,weather_4p+tso_forecast,2208,2026-08-11 20:00:00+00:00,8054.79931640625,8714.7336275,8595.5226575,2026-05-11 16:00:00+00:00,2026-08-11 15:00:00+00:00
2026-08-11,2026-08-11 18:59:21+00:00,online,DE,wind_onshore,xgboost_online,XGBoost with covariates,weather_4p+tso_forecast,2208,2026-08-11 21:00:00+00:00,8573.404296875,8788.67202,8917.557815,2026-05-11 16:00:00+00:00,2026-08-11 15:00:00+00:00
2026-08-11,2026-08-11 18:59:21+00:00,online,DE,wind_onshore,xgboost_online,XGBoost with covariates,weather_4p+tso_forecast,2208,2026-08-11 22:00:00+00:00,7682.26416015625,7992.1516675,8349.884815000001,2026-05-11 16:00:00+00:00,2026-08-11 15:00:00+00:00
2026-08-11,2026-08-11 18:59:21+00:00,online,DE,wind_onshore,xgboost_online,XGBoost with covariates,weather_4p+tso_forecast,2208,2026-08-11 23:00:00+00:00,7604.876953125,7240.67167,7708.604995,2026-05-11 16:00:00+00:00,2026-08-11 15:00:00+00:00
2026-08-11,2026-08-11 18:59:21+00:00,online,DE,wind_onshore,xgboost_online,XGBoost with covariates,weather_4p+tso_forecast,2208,2026-08-12 00:00:00+00:00,6735.53662109375,6737.126245,7037.06308,2026-05-11 16:00:00+00:00,2026-08-11 15:00:00+00:00
2026-08-11,2026-08-11 18:59:21+00:00,online,DE,wind_onshore,xgboost_online,XGBoost with covariates,weather_4p+tso_forecast,2208,2026-08-12 01:00:00+00:00,6014.4052734375,6238.5892725,6630.153115,2026-05-11 16:00:00+00:00,2026-08-11 15:00:00+00:00
2026-08-11,2026-08-11 18:59:21+00:00,online,DE,wind_onshore,xgboost_online,XGBoost with covariates,weather_4p+tso_forecast,2208,2026-08-12 02:00:00+00:00,5324.64404296875,5848.1413725,6179.1571925,2026-05-11 16:00:00+00:00,2026-08-11 15:00:00+00:00
2026-08-11,2026-08-11 18:59:21+00:00,online,DE,wind_onshore,xgboost_online,XGBoost with covariates,weather_4p+tso_forecast,2208,2026-08-12 03:00:00+00:00,5267.33154296875,5560.8711875,5972.188495,2026-05-11 16:00:00+00:00,2026-08-11 15:00:00+00:00
2026-08-11,2026-08-11 18:59:21+00:00,online,DE,wind_onshore,xgboost_online,XGBoost with covariates,weather_4p+tso_forecast,2208,2026-08-12 04:00:00+00:00,5110.36572265625,5402.14755,6054.05587,2026-05-11 16:00:00+00:00,2026-08-11 15:00:00+00:00
2026-08-11,2026-08-11 18:59:21+00:00,online,DE,wind_onshore,xgboost_online,XGBoost with covariates,weather_4p+tso_forecast,2208,2026-08-12 05:00:00+00:00,4852.90869140625,5011.7380125,5327.62023,2026-05-11 16:00:00+00:00,2026-08-11 15:00:00+00:00
2026-08-11,2026-08-11 18:59:21+00:00,online,DE,wind_onshore,xgboost_online,XGBoost with covariates,weather_4p+tso_forecast,2208,2026-08-12 06:00:00+00:00,3772.013916015625,3686.0527975,2912.77531,2026-05-11 16:00:00+00:00,2026-08-11 15:00:00+00:00
2026-08-11,2026-08-11 18:59:21+00:00,online,DE,wind_onshore,xgboost_online,XGBoost with covariates,weather_4p+tso_forecast,2208,2026-08-12 07:00:00+00:00,2206.89794921875,2031.3276,1316.7048275,2026-05-11 16:00:00+00:00,2026-08-11 15:00:00+00:00
2026-08-11,2026-08-11 18:59:21+00:00,online,DE,wind_onshore,xgboost_online,XGBoost with covariates,weather_4p+tso_forecast,2208,2026-08-12 08:00:00+00:00,1893.623046875,1479.4335175,1262.8037925,2026-05-11 16:00:00+00:00,2026-08-11 15:00:00+00:00
2026-08-11,2026-08-11 18:59:21+00:00,online,DE,wind_onshore,xgboost_online,XGBoost with covariates,weather_4p+tso_forecast,2208,2026-08-12 09:00:00+00:00,1605.8209228515625,1312.8509325,1501.8523875,2026-05-11 16:00:00+00:00,2026-08-11 15:00:00+00:00
2026-08-11,2026-08-11 18:59:21+00:00,online,DE,wind_onshore,xgboost_online,XGBoost with covariates,weather_4p+tso_forecast,2208,2026-08-12 10:00:00+00:00,1584.4307861328125,1219.118955,1159.11585,2026-05-11 16:00:00+00:00,2026-08-11 15:00:00+00:00
2026-08-11,2026-08-11 18:59:21+00:00,online,DE,wind_onshore,xgboost_online,XGBoost with covariates,weather_4p+tso_forecast,2208,2026-08-12 11:00:00+00:00,1451.400146484375,1121.9780575,982.58843,2026-05-11 16:00:00+00:00,2026-08-11 15:00:00+00:00
2026-08-11,2026-08-11 18:59:21+00:00,online,DE,wind_onshore,xgboost_online,XGBoost with covariates,weather_4p+tso_forecast,2208,2026-08-12 12:00:00+00:00,1584.4307861328125,1140.26771,1290.424195,2026-05-11 16:00:00+00:00,2026-08-11 15:00:00+00:00
2026-08-11,2026-08-11 18:59:21+00:00,online,DE,wind_onshore,xgboost_online,XGBoost with covariates,weather_4p+tso_forecast,2208,2026-08-12 13:00:00+00:00,1584.4307861328125,1250.9496399999998,1640.6395075,2026-05-11 16:00:00+00:00,2026-08-11 15:00:00+00:00
2026-08-11,2026-08-11 18:59:21+00:00,online,DE,wind_onshore,xgboost_online,XGBoost with covariates,weather_4p+tso_forecast,2208,2026-08-12 14:00:00+00:00,1872.23291015625,1507.15464,1907.766415,2026-05-11 16:00:00+00:00,2026-08-11 15:00:00+00:00
2026-08-11,2026-08-11 18:59:21+00:00,online,DE,wind_onshore,xgboost_online,XGBoost with covariates,weather_4p+tso_forecast,2208,2026-08-12 15:00:00+00:00,2228.2880859375,1936.72472,2299.6289775,2026-05-11 16:00:00+00:00,2026-08-11 15:00:00+00:00
2026-08-11,2026-08-11 18:59:21+00:00,online,DE,wind_offshore,tso_reference,TSO forecast,tso_forecast,2208,2026-08-11 16:00:00+00:00,1117.5525,1117.5525,1019.5415,2026-05-11 16:00:00+00:00,2026-08-11 15:00:00+00:00
2026-08-11,2026-08-11 18:59:21+00:00,online,DE,wind_offshore,tso_reference,TSO forecast,tso_forecast,2208,2026-08-11 17:00:00+00:00,989.875,989.875,812.2095,2026-05-11 16:00:00+00:00,2026-08-11 15:00:00+00:00
2026-08-11,2026-08-11 18:59:21+00:00,online,DE,wind_offshore,tso_reference,TSO forecast,tso_forecast,2208,2026-08-11 18:00:00+00:00,839.2974999999999,839.2974999999999,596.865,2026-05-11 16:00:00+00:00,2026-08-11 15:00:00+00:00
2026-08-11,2026-08-11 18:59:21+00:00,online,DE,wind_offshore,tso_reference,TSO forecast,tso_forecast,2208,2026-08-11 19:00:00+00:00,669.3125,669.3125,484.28825,2026-05-11 16:00:00+00:00,2026-08-11 15:00:00+00:00
2026-08-11,2026-08-11 18:59:21+00:00,online,DE,wind_offshore,tso_reference,TSO forecast,tso_forecast,2208,2026-08-11 20:00:00+00:00,522.6925,522.6925,522.2552499999999,2026-05-11 16:00:00+00:00,2026-08-11 15:00:00+00:00
2026-08-11,2026-08-11 18:59:21+00:00,online,DE,wind_offshore,tso_reference,TSO forecast,tso_forecast,2208,2026-08-11 21:00:00+00:00,406.1675,406.1675,545.836,2026-05-11 16:00:00+00:00,2026-08-11 15:00:00+00:00
2026-08-11,2026-08-11 18:59:21+00:00,online,DE,wind_offshore,tso_reference,TSO forecast,tso_forecast,2208,2026-08-11 22:00:00+00:00,257.1325,257.1325,348.34675,2026-05-11 16:00:00+00:00,2026-08-11 15:00:00+00:00
2026-08-11,2026-08-11 18:59:21+00:00,online,DE,wind_offshore,tso_reference,TSO forecast,tso_forecast,2208,2026-08-11 23:00:00+00:00,206.0225,206.0225,198.01025,2026-05-11 16:00:00+00:00,2026-08-11 15:00:00+00:00
2026-08-11,2026-08-11 18:59:21+00:00,online,DE,wind_offshore,tso_reference,TSO forecast,tso_forecast,2208,2026-08-12 00:00:00+00:00,168.915,168.915,155.03075,2026-05-11 16:00:00+00:00,2026-08-11 15:00:00+00:00
2026-08-11,2026-08-11 18:59:21+00:00,online,DE,wind_offshore,tso_reference,TSO forecast,tso_forecast,2208,2026-08-12 01:00:00+00:00,144.23,144.23,124.25,2026-05-11 16:00:00+00:00,2026-08-11 15:00:00+00:00
2026-08-11,2026-08-11 18:59:21+00:00,online,DE,wind_offshore,tso_reference,TSO forecast,tso_forecast,2208,2026-08-12 02:00:00+00:00,128.17000000000002,128.17000000000002,72.485,2026-05-11 16:00:00+00:00,2026-08-11 15:00:00+00:00
2026-08-11,2026-08-11 18:59:21+00:00,online,DE,wind_offshore,tso_reference,TSO forecast,tso_forecast,2208,2026-08-12 03:00:00+00:00,112.5875,112.5875,49.776,2026-05-11 16:00:00+00:00,2026-08-11 15:00:00+00:00
2026-08-11,2026-08-11 18:59:21+00:00,online,DE,wind_offshore,tso_reference,TSO forecast,tso_forecast,2208,2026-08-12 04:00:00+00:00,97.515,97.515,38.08475,2026-05-11 16:00:00+00:00,2026-08-11 15:00:00+00:00
2026-08-11,2026-08-11 18:59:21+00:00,online,DE,wind_offshore,tso_reference,TSO forecast,tso_forecast,2208,2026-08-12 05:00:00+00:00,82.7825,82.7825,10.9585,2026-05-11 16:00:00+00:00,2026-08-11 15:00:00+00:00
2026-08-11,2026-08-11 18:59:21+00:00,online,DE,wind_offshore,tso_reference,TSO forecast,tso_forecast,2208,2026-08-12 06:00:00+00:00,78.88499999999999,78.88499999999999,22.501,2026-05-11 16:00:00+00:00,2026-08-11 15:00:00+00:00
2026-08-11,2026-08-11 18:59:21+00:00,online,DE,wind_offshore,tso_reference,TSO forecast,tso_forecast,2208,2026-08-12 07:00:00+00:00,85.4625,85.4625,32.315,2026-05-11 16:00:00+00:00,2026-08-11 15:00:00+00:00
2026-08-11,2026-08-11 18:59:21+00:00,online,DE,wind_offshore,tso_reference,TSO forecast,tso_forecast,2208,2026-08-12 08:00:00+00:00,89.3025,89.3025,55.643,2026-05-11 16:00:00+00:00,2026-08-11 15:00:00+00:00
2026-08-11,2026-08-11 18:59:21+00:00,online,DE,wind_offshore,tso_reference,TSO forecast,tso_forecast,2208,2026-08-12 09:00:00+00:00,99.2725,99.2725,103.556,2026-05-11 16:00:00+00:00,2026-08-11 15:00:00+00:00
2026-08-11,2026-08-11 18:59:21+00:00,online,DE,wind_offshore,tso_reference,TSO forecast,tso_forecast,2208,2026-08-12 10:00:00+00:00,121.8275,121.8275,125.69,2026-05-11 16:00:00+00:00,2026-08-11 15:00:00+00:00
2026-08-11,2026-08-11 18:59:21+00:00,online,DE,wind_offshore,tso_reference,TSO forecast,tso_forecast,2208,2026-08-12 11:00:00+00:00,146.34500000000003,146.34500000000003,201.09325,2026-05-11 16:00:00+00:00,2026-08-11 15:00:00+00:00
2026-08-11,2026-08-11 18:59:21+00:00,online,DE,wind_offshore,tso_reference,TSO forecast,tso_forecast,2208,2026-08-12 12:00:00+00:00,165.13,165.13,275.16925,2026-05-11 16:00:00+00:00,2026-08-11 15:00:00+00:00
2026-08-11,2026-08-11 18:59:21+00:00,online,DE,wind_offshore,tso_reference,TSO forecast,tso_forecast,2208,2026-08-12 13:00:00+00:00,217.74,217.74,393.1195,2026-05-11 16:00:00+00:00,2026-08-11 15:00:00+00:00
2026-08-11,2026-08-11 18:59:21+00:00,online,DE,wind_offshore,tso_reference,TSO forecast,tso_forecast,2208,2026-08-12 14:00:00+00:00,297.775,297.775,413.05075,2026-05-11 16:00:00+00:00,2026-08-11 15:00:00+00:00
2026-08-11,2026-08-11 18:59:21+00:00,online,DE,wind_offshore,tso_reference,TSO forecast,tso_forecast,2208,2026-08-12 15:00:00+00:00,430.495,430.495,468.8375,2026-05-11 16:00:00+00:00,2026-08-11 15:00:00+00:00
2026-08-11,2026-08-11 18:59:21+00:00,online,DE,wind_offshore,persistence,Persistence,daily_persistence,2208,2026-08-11 16:00:00+00:00,3849.84325,1117.5525,1019.5415,2026-05-11 16:00:00+00:00,2026-08-11 15:00:00+00:00
2026-08-11,2026-08-11 18:59:21+00:00,online,DE,wind_offshore,persistence,Persistence,daily_persistence,2208,2026-08-11 17:00:00+00:00,3983.53125,989.875,812.2095,2026-05-11 16:00:00+00:00,2026-08-11 15:00:00+00:00
2026-08-11,2026-08-11 18:59:21+00:00,online,DE,wind_offshore,persistence,Persistence,daily_persistence,2208,2026-08-11 18:00:00+00:00,4030.49475,839.2974999999999,596.865,2026-05-11 16:00:00+00:00,2026-08-11 15:00:00+00:00
2026-08-11,2026-08-11 18:59:21+00:00,online,DE,wind_offshore,persistence,Persistence,daily_persistence,2208,2026-08-11 19:00:00+00:00,4229.78775,669.3125,484.28825,2026-05-11 16:00:00+00:00,2026-08-11 15:00:00+00:00
2026-08-11,2026-08-11 18:59:21+00:00,online,DE,wind_offshore,persistence,Persistence,daily_persistence,2208,2026-08-11 20:00:00+00:00,5448.89175,522.6925,522.2552499999999,2026-05-11 16:00:00+00:00,2026-08-11 15:00:00+00:00
2026-08-11,2026-08-11 18:59:21+00:00,online,DE,wind_offshore,persistence,Persistence,daily_persistence,2208,2026-08-11 21:00:00+00:00,5591.67875,406.1675,545.836,2026-05-11 16:00:00+00:00,2026-08-11 15:00:00+00:00
2026-08-11,2026-08-11 18:59:21+00:00,online,DE,wind_offshore,persistence,Persistence,daily_persistence,2208,2026-08-11 22:00:00+00:00,6272.24125,257.1325,348.34675,2026-05-11 16:00:00+00:00,2026-08-11 15:00:00+00:00
2026-08-11,2026-08-11 18:59:21+00:00,online,DE,wind_offshore,persistence,Persistence,daily_persistence,2208,2026-08-11 23:00:00+00:00,6274.85375,206.0225,198.01025,2026-05-11 16:00:00+00:00,2026-08-11 15:00:00+00:00
2026-08-11,2026-08-11 18:59:21+00:00,online,DE,wind_offshore,persistence,Persistence,daily_persistence,2208,2026-08-12 00:00:00+00:00,6138.93575,168.915,155.03075,2026-05-11 16:00:00+00:00,2026-08-11 15:00:00+00:00
2026-08-11,2026-08-11 18:59:21+00:00,online,DE,wind_offshore,persistence,Persistence,daily_persistence,2208,2026-08-12 01:00:00+00:00,5792.14175,144.23,124.25,2026-05-11 16:00:00+00:00,2026-08-11 15:00:00+00:00
2026-08-11,2026-08-11 18:59:21+00:00,online,DE,wind_offshore,persistence,Persistence,daily_persistence,2208,2026-08-12 02:00:00+00:00,5827.9087500000005,128.17000000000002,72.485,2026-05-11 16:00:00+00:00,2026-08-11 15:00:00+00:00
2026-08-11,2026-08-11 18:59:21+00:00,online,DE,wind_offshore,persistence,Persistence,daily_persistence,2208,2026-08-12 03:00:00+00:00,5631.4255,112.5875,49.776,2026-05-11 16:00:00+00:00,2026-08-11 15:00:00+00:00
2026-08-11,2026-08-11 18:59:21+00:00,online,DE,wind_offshore,persistence,Persistence,daily_persistence,2208,2026-08-12 04:00:00+00:00,5396.323,97.515,38.08475,2026-05-11 16:00:00+00:00,2026-08-11 15:00:00+00:00
2026-08-11,2026-08-11 18:59:21+00:00,online,DE,wind_offshore,persistence,Persistence,daily_persistence,2208,2026-08-12 05:00:00+00:00,5388.3265,82.7825,10.9585,2026-05-11 16:00:00+00:00,2026-08-11 15:00:00+00:00
2026-08-11,2026-08-11 18:59:21+00:00,online,DE,wind_offshore,persistence,Persistence,daily_persistence,2208,2026-08-12 06:00:00+00:00,5238.04175,78.88499999999999,22.501,2026-05-11 16:00:00+00:00,2026-08-11 15:00:00+00:00
2026-08-11,2026-08-11 18:59:21+00:00,online,DE,wind_offshore,persistence,Persistence,daily_persistence,2208,2026-08-12 07:00:00+00:00,4085.923,85.4625,32.315,2026-05-11 16:00:00+00:00,2026-08-11 15:00:00+00:00
2026-08-11,2026-08-11 18:59:21+00:00,online,DE,wind_offshore,persistence,Persistence,daily_persistence,2208,2026-08-12 08:00:00+00:00,2982.4852499999997,89.3025,55.643,2026-05-11 16:00:00+00:00,2026-08-11 15:00:00+00:00
2026-08-11,2026-08-11 18:59:21+00:00,online,DE,wind_offshore,persistence,Persistence,daily_persistence,2208,2026-08-12 09:00:00+00:00,2305.55,99.2725,103.556,2026-05-11 16:00:00+00:00,2026-08-11 15:00:00+00:00
2026-08-11,2026-08-11 18:59:21+00:00,online,DE,wind_offshore,persistence,Persistence,daily_persistence,2208,2026-08-12 10:00:00+00:00,1980.42925,121.8275,125.69,2026-05-11 16:00:00+00:00,2026-08-11 15:00:00+00:00
2026-08-11,2026-08-11 18:59:21+00:00,online,DE,wind_offshore,persistence,Persistence,daily_persistence,2208,2026-08-12 11:00:00+00:00,1641.8265,146.34500000000003,201.09325,2026-05-11 16:00:00+00:00,2026-08-11 15:00:00+00:00
2026-08-11,2026-08-11 18:59:21+00:00,online,DE,wind_offshore,persistence,Persistence,daily_persistence,2208,2026-08-12 12:00:00+00:00,1333.232,165.13,275.16925,2026-05-11 16:00:00+00:00,2026-08-11 15:00:00+00:00
2026-08-11,2026-08-11 18:59:21+00:00,online,DE,wind_offshore,persistence,Persistence,daily_persistence,2208,2026-08-12 13:00:00+00:00,1237.6705,217.74,393.1195,2026-05-11 16:00:00+00:00,2026-08-11 15:00:00+00:00
2026-08-11,2026-08-11 18:59:21+00:00,online,DE,wind_offshore,persistence,Persistence,daily_persistence,2208,2026-08-12 14:00:00+00:00,1256.85825,297.775,413.05075,2026-05-11 16:00:00+00:00,2026-08-11 15:00:00+00:00
2026-08-11,2026-08-11 18:59:21+00:00,online,DE,wind_offshore,persistence,Persistence,daily_persistence,2208,2026-08-12 15:00:00+00:00,1291.46625,430.495,468.8375,2026-05-11 16:00:00+00:00,2026-08-11 15:00:00+00:00
2026-08-11,2026-08-11 18:59:21+00:00,online,DE,wind_offshore,chronos2_online,Chronos2 with covariates,weather_4p+tso_forecast,2208,2026-08-11 16:00:00+00:00,1253.701171875,1117.5525,1019.5415,2026-05-11 16:00:00+00:00,2026-08-11 15:00:00+00:00
2026-08-11,2026-08-11 18:59:21+00:00,online,DE,wind_offshore,chronos2_online,Chronos2 with covariates,weather_4p+tso_forecast,2208,2026-08-11 17:00:00+00:00,1103.55224609375,989.875,812.2095,2026-05-11 16:00:00+00:00,2026-08-11 15:00:00+00:00
2026-08-11,2026-08-11 18:59:21+00:00,online,DE,wind_offshore,chronos2_online,Chronos2 with covariates,weather_4p+tso_forecast,2208,2026-08-11 18:00:00+00:00,920.5494384765624,839.2974999999999,596.865,2026-05-11 16:00:00+00:00,2026-08-11 15:00:00+00:00
2026-08-11,2026-08-11 18:59:21+00:00,online,DE,wind_offshore,chronos2_online,Chronos2 with covariates,weather_4p+tso_forecast,2208,2026-08-11 19:00:00+00:00,638.6597900390625,669.3125,484.28825,2026-05-11 16:00:00+00:00,2026-08-11 15:00:00+00:00
2026-08-11,2026-08-11 18:59:21+00:00,online,DE,wind_offshore,chronos2_online,Chronos2 with covariates,weather_4p+tso_forecast,2208,2026-08-11 20:00:00+00:00,521.5654296875,522.6925,522.2552499999999,2026-05-11 16:00:00+00:00,2026-08-11 15:00:00+00:00
2026-08-11,2026-08-11 18:59:21+00:00,online,DE,wind_offshore,chronos2_online,Chronos2 with covariates,weather_4p+tso_forecast,2208,2026-08-11 21:00:00+00:00,471.023681640625,406.1675,545.836,2026-05-11 16:00:00+00:00,2026-08-11 15:00:00+00:00
2026-08-11,2026-08-11 18:59:21+00:00,online,DE,wind_offshore,chronos2_online,Chronos2 with covariates,weather_4p+tso_forecast,2208,2026-08-11 22:00:00+00:00,378.205810546875,257.1325,348.34675,2026-05-11 16:00:00+00:00,2026-08-11 15:00:00+00:00
2026-08-11,2026-08-11 18:59:21+00:00,online,DE,wind_offshore,chronos2_online,Chronos2 with covariates,weather_4p+tso_forecast,2208,2026-08-11 23:00:00+00:00,335.5015869140625,206.0225,198.01025,2026-05-11 16:00:00+00:00,2026-08-11 15:00:00+00:00
2026-08-11,2026-08-11 18:59:21+00:00,online,DE,wind_offshore,chronos2_online,Chronos2 with covariates,weather_4p+tso_forecast,2208,2026-08-12 00:00:00+00:00,286.95361328125,168.915,155.03075,2026-05-11 16:00:00+00:00,2026-08-11 15:00:00+00:00
2026-08-11,2026-08-11 18:59:21+00:00,online,DE,wind_offshore,chronos2_online,Chronos2 with covariates,weather_4p+tso_forecast,2208,2026-08-12 01:00:00+00:00,273.27490234375,144.23,124.25,2026-05-11 16:00:00+00:00,2026-08-11 15:00:00+00:00
2026-08-11,2026-08-11 18:59:21+00:00,online,DE,wind_offshore,chronos2_online,Chronos2 with covariates,weather_4p+tso_forecast,2208,2026-08-12 02:00:00+00:00,262.296875,128.17000000000002,72.485,2026-05-11 16:00:00+00:00,2026-08-11 15:00:00+00:00
2026-08-11,2026-08-11 18:59:21+00:00,online,DE,wind_offshore,chronos2_online,Chronos2 with covariates,weather_4p+tso_forecast,2208,2026-08-12 03:00:00+00:00,255.490234375,112.5875,49.776,2026-05-11 16:00:00+00:00,2026-08-11 15:00:00+00:00
2026-08-11,2026-08-11 18:59:21+00:00,online,DE,wind_offshore,chronos2_online,Chronos2 with covariates,weather_4p+tso_forecast,2208,2026-08-12 04:00:00+00:00,253.02099609375,97.515,38.08475,2026-05-11 16:00:00+00:00,2026-08-11 15:00:00+00:00
2026-08-11,2026-08-11 18:59:21+00:00,online,DE,wind_offshore,chronos2_online,Chronos2 with covariates,weather_4p+tso_forecast,2208,2026-08-12 05:00:00+00:00,286.98486328125,82.7825,10.9585,2026-05-11 16:00:00+00:00,2026-08-11 15:00:00+00:00
2026-08-11,2026-08-11 18:59:21+00:00,online,DE,wind_offshore,chronos2_online,Chronos2 with covariates,weather_4p+tso_forecast,2208,2026-08-12 06:00:00+00:00,295.723388671875,78.88499999999999,22.501,2026-05-11 16:00:00+00:00,2026-08-11 15:00:00+00:00
2026-08-11,2026-08-11 18:59:21+00:00,online,DE,wind_offshore,chronos2_online,Chronos2 with covariates,weather_4p+tso_forecast,2208,2026-08-12 07:00:00+00:00,252.38232421875,85.4625,32.315,2026-05-11 16:00:00+00:00,2026-08-11 15:00:00+00:00
2026-08-11,2026-08-11 18:59:21+00:00,online,DE,wind_offshore,chronos2_online,Chronos2 with covariates,weather_4p+tso_forecast,2208,2026-08-12 08:00:00+00:00,263.737060546875,89.3025,55.643,2026-05-11 16:00:00+00:00,2026-08-11 15:00:00+00:00
2026-08-11,2026-08-11 18:59:21+00:00,online,DE,wind_offshore,chronos2_online,Chronos2 with covariates,weather_4p+tso_forecast,2208,2026-08-12 09:00:00+00:00,280.6416015625,99.2725,103.556,2026-05-11 16:00:00+00:00,2026-08-11 15:00:00+00:00
2026-08-11,2026-08-11 18:59:21+00:00,online,DE,wind_offshore,chronos2_online,Chronos2 with covariates,weather_4p+tso_forecast,2208,2026-08-12 10:00:00+00:00,268.093994140625,121.8275,125.69,2026-05-11 16:00:00+00:00,2026-08-11 15:00:00+00:00
2026-08-11,2026-08-11 18:59:21+00:00,online,DE,wind_offshore,chronos2_online,Chronos2 with covariates,weather_4p+tso_forecast,2208,2026-08-12 11:00:00+00:00,274.365234375,146.34500000000003,201.09325,2026-05-11 16:00:00+00:00,2026-08-11 15:00:00+00:00
2026-08-11,2026-08-11 18:59:21+00:00,online,DE,wind_offshore,chronos2_online,Chronos2 with covariates,weather_4p+tso_forecast,2208,2026-08-12 12:00:00+00:00,274.027099609375,165.13,275.16925,2026-05-11 16:00:00+00:00,2026-08-11 15:00:00+00:00
2026-08-11,2026-08-11 18:59:21+00:00,online,DE,wind_offshore,chronos2_online,Chronos2 with covariates,weather_4p+tso_forecast,2208,2026-08-12 13:00:00+00:00,256.62744140625,217.74,393.1195,2026-05-11 16:00:00+00:00,2026-08-11 15:00:00+00:00
2026-08-11,2026-08-11 18:59:21+00:00,online,DE,wind_offshore,chronos2_online,Chronos2 with covariates,weather_4p+tso_forecast,2208,2026-08-12 14:00:00+00:00,241.318115234375,297.775,413.05075,2026-05-11 16:00:00+00:00,2026-08-11 15:00:00+00:00
2026-08-11,2026-08-11 18:59:21+00:00,online,DE,wind_offshore,chronos2_online,Chronos2 with covariates,weather_4p+tso_forecast,2208,2026-08-12 15:00:00+00:00,299.16845703125,430.495,468.8375,2026-05-11 16:00:00+00:00,2026-08-11 15:00:00+00:00
2026-08-11,2026-08-11 18:59:21+00:00,online,DE,wind_offshore,xgboost_online,XGBoost with covariates,weather_4p+tso_forecast,2208,2026-08-11 16:00:00+00:00,1128.0338134765625,1117.5525,1019.5415,2026-05-11 16:00:00+00:00,2026-08-11 15:00:00+00:00
2026-08-11,2026-08-11 18:59:21+00:00,online,DE,wind_offshore,xgboost_online,XGBoost with covariates,weather_4p+tso_forecast,2208,2026-08-11 17:00:00+00:00,1067.7686767578125,989.875,812.2095,2026-05-11 16:00:00+00:00,2026-08-11 15:00:00+00:00
2026-08-11,2026-08-11 18:59:21+00:00,online,DE,wind_offshore,xgboost_online,XGBoost with covariates,weather_4p+tso_forecast,2208,2026-08-11 18:00:00+00:00,976.4876708984376,839.2974999999999,596.865,2026-05-11 16:00:00+00:00,2026-08-11 15:00:00+00:00
2026-08-11,2026-08-11 18:59:21+00:00,online,DE,wind_offshore,xgboost_online,XGBoost with covariates,weather_4p+tso_forecast,2208,2026-08-11 19:00:00+00:00,584.419189453125,669.3125,484.28825,2026-05-11 16:00:00+00:00,2026-08-11 15:00:00+00:00
2026-08-11,2026-08-11 18:59:21+00:00,online,DE,wind_offshore,xgboost_online,XGBoost with covariates,weather_4p+tso_forecast,2208,2026-08-11 20:00:00+00:00,475.6932678222656,522.6925,522.2552499999999,2026-05-11 16:00:00+00:00,2026-08-11 15:00:00+00:00
2026-08-11,2026-08-11 18:59:21+00:00,online,DE,wind_offshore,xgboost_online,XGBoost with covariates,weather_4p+tso_forecast,2208,2026-08-11 21:00:00+00:00,574.2785034179688,406.1675,545.836,2026-05-11 16:00:00+00:00,2026-08-11 15:00:00+00:00
2026-08-11,2026-08-11 18:59:21+00:00,online,DE,wind_offshore,xgboost_online,XGBoost with covariates,weather_4p+tso_forecast,2208,2026-08-11 22:00:00+00:00,319.1087341308594,257.1325,348.34675,2026-05-11 16:00:00+00:00,2026-08-11 15:00:00+00:00
2026-08-11,2026-08-11 18:59:21+00:00,online,DE,wind_offshore,xgboost_online,XGBoost with covariates,weather_4p+tso_forecast,2208,2026-08-11 23:00:00+00:00,357.3822021484375,206.0225,198.01025,2026-05-11 16:00:00+00:00,2026-08-11 15:00:00+00:00
2026-08-11,2026-08-11 18:59:21+00:00,online,DE,wind_offshore,xgboost_online,XGBoost with covariates,weather_4p+tso_forecast,2208,2026-08-12 00:00:00+00:00,288.4136962890625,168.915,155.03075,2026-05-11 16:00:00+00:00,2026-08-11 15:00:00+00:00
2026-08-11,2026-08-11 18:59:21+00:00,online,DE,wind_offshore,xgboost_online,XGBoost with covariates,weather_4p+tso_forecast,2208,2026-08-12 01:00:00+00:00,306.2480773925781,144.23,124.25,2026-05-11 16:00:00+00:00,2026-08-11 15:00:00+00:00
2026-08-11,2026-08-11 18:59:21+00:00,online,DE,wind_offshore,xgboost_online,XGBoost with covariates,weather_4p+tso_forecast,2208,2026-08-12 02:00:00+00:00,303.84991455078125,128.17000000000002,72.485,2026-05-11 16:00:00+00:00,2026-08-11 15:00:00+00:00
2026-08-11,2026-08-11 18:59:21+00:00,online,DE,wind_offshore,xgboost_online,XGBoost with covariates,weather_4p+tso_forecast,2208,2026-08-12 03:00:00+00:00,233.3271484375,112.5875,49.776,2026-05-11 16:00:00+00:00,2026-08-11 15:00:00+00:00
2026-08-11,2026-08-11 18:59:21+00:00,online,DE,wind_offshore,xgboost_online,XGBoost with covariates,weather_4p+tso_forecast,2208,2026-08-12 04:00:00+00:00,239.3225555419922,97.515,38.08475,2026-05-11 16:00:00+00:00,2026-08-11 15:00:00+00:00
2026-08-11,2026-08-11 18:59:21+00:00,online,DE,wind_offshore,xgboost_online,XGBoost with covariates,weather_4p+tso_forecast,2208,2026-08-12 05:00:00+00:00,265.6641845703125,82.7825,10.9585,2026-05-11 16:00:00+00:00,2026-08-11 15:00:00+00:00
2026-08-11,2026-08-11 18:59:21+00:00,online,DE,wind_offshore,xgboost_online,XGBoost with covariates,weather_4p+tso_forecast,2208,2026-08-12 06:00:00+00:00,319.6074523925781,78.88499999999999,22.501,2026-05-11 16:00:00+00:00,2026-08-11 15:00:00+00:00
2026-08-11,2026-08-11 18:59:21+00:00,online,DE,wind_offshore,xgboost_online,XGBoost with covariates,weather_4p+tso_forecast,2208,2026-08-12 07:00:00+00:00,265.0577697753906,85.4625,32.315,2026-05-11 16:00:00+00:00,2026-08-11 15:00:00+00:00
2026-08-11,2026-08-11 18:59:21+00:00,online,DE,wind_offshore,xgboost_online,XGBoost with covariates,weather_4p+tso_forecast,2208,2026-08-12 08:00:00+00:00,308.42181396484375,89.3025,55.643,2026-05-11 16:00:00+00:00,2026-08-11 15:00:00+00:00
2026-08-11,2026-08-11 18:59:21+00:00,online,DE,wind_offshore,xgboost_online,XGBoost with covariates,weather_4p+tso_forecast,2208,2026-08-12 09:00:00+00:00,327.4267272949219,99.2725,103.556,2026-05-11 16:00:00+00:00,2026-08-11 15:00:00+00:00
2026-08-11,2026-08-11 18:59:21+00:00,online,DE,wind_offshore,xgboost_online,XGBoost with covariates,weather_4p+tso_forecast,2208,2026-08-12 10:00:00+00:00,327.4267272949219,121.8275,125.69,2026-05-11 16:00:00+00:00,2026-08-11 15:00:00+00:00
2026-08-11,2026-08-11 18:59:21+00:00,online,DE,wind_offshore,xgboost_online,XGBoost with covariates,weather_4p+tso_forecast,2208,2026-08-12 11:00:00+00:00,327.4267272949219,146.34500000000003,201.09325,2026-05-11 16:00:00+00:00,2026-08-11 15:00:00+00:00
2026-08-11,2026-08-11 18:59:21+00:00,online,DE,wind_offshore,xgboost_online,XGBoost with covariates,weather_4p+tso_forecast,2208,2026-08-12 12:00:00+00:00,348.11260986328125,165.13,275.16925,2026-05-11 16:00:00+00:00,2026-08-11 15:00:00+00:00
2026-08-11,2026-08-11 18:59:21+00:00,online,DE,wind_offshore,xgboost_online,XGBoost with covariates,weather_4p+tso_forecast,2208,2026-08-12 13:00:00+00:00,317.84613037109375,217.74,393.1195,2026-05-11 16:00:00+00:00,2026-08-11 15:00:00+00:00
2026-08-11,2026-08-11 18:59:21+00:00,online,DE,wind_offshore,xgboost_online,XGBoost with covariates,weather_4p+tso_forecast,2208,2026-08-12 14:00:00+00:00,310.8362731933594,297.775,413.05075,2026-05-11 16:00:00+00:00,2026-08-11 15:00:00+00:00
2026-08-11,2026-08-11 18:59:21+00:00,online,DE,wind_offshore,xgboost_online,XGBoost with covariates,weather_4p+tso_forecast,2208,2026-08-12 15:00:00+00:00,489.52490234375,430.495,468.8375,2026-05-11 16:00:00+00:00,2026-08-11 15:00:00+00:00
2026-08-11,2026-09-18T19:39:18+00:00,online,BE,load,timesfm3_online,TimesFM3 with covariates,Solar+tso_forecast,2208,2026-08-11 16:00:00+00:00,9240.875,9538.735,,2026-05-11 15:00:00+00:00,2026-08-11 15:00:00+00:00
2026-08-11,2026-09-18T19:39:18+00:00,online,BE,load,timesfm3_online,TimesFM3 with covariates,Solar+tso_forecast,2208,2026-08-11 17:00:00+00:00,9150.4921875,9361.99,,2026-05-11 15:00:00+00:00,2026-08-11 15:00:00+00:00
2026-08-11,2026-09-18T19:39:18+00:00,online,BE,load,timesfm3_online,TimesFM3 with covariates,Solar+tso_forecast,2208,2026-08-11 18:00:00+00:00,9022.5009765625,9229.03,,2026-05-11 15:00:00+00:00,2026-08-11 15:00:00+00:00
2026-08-11,2026-09-18T19:39:18+00:00,online,BE,load,timesfm3_online,TimesFM3 with covariates,Solar+tso_forecast,2208,2026-08-11 19:00:00+00:00,8803.21875,9058.835,,2026-05-11 15:00:00+00:00,2026-08-11 15:00:00+00:00
2026-08-11,2026-09-18T19:39:18+00:00,online,BE,load,timesfm3_online,TimesFM3 with covariates,Solar+tso_forecast,2208,2026-08-11 20:00:00+00:00,8638.6650390625,8974.1025,,2026-05-11 15:00:00+00:00,2026-08-11 15:00:00+00:00
2026-08-11,2026-09-18T19:39:18+00:00,online,BE,load,timesfm3_online,TimesFM3 with covariates,Solar+tso_forecast,2208,2026-08-11 21:00:00+00:00,8372.87109375,8512.53,,2026-05-11 15:00:00+00:00,2026-08-11 15:00:00+00:00
2026-08-11,2026-09-18T19:39:18+00:00,online,BE,load,timesfm3_online,TimesFM3 with covariates,Solar+tso_forecast,2208,2026-08-11 22:00:00+00:00,7942.3408203125,7939.59,,2026-05-11 15:00:00+00:00,2026-08-11 15:00:00+00:00
2026-08-11,2026-09-18T19:39:18+00:00,online,BE,load,timesfm3_online,TimesFM3 with covariates,Solar+tso_forecast,2208,2026-08-11 23:00:00+00:00,7602.0615234375,7617.225,,2026-05-11 15:00:00+00:00,2026-08-11 15:00:00+00:00
2026-08-11,2026-09-18T19:39:18+00:00,online,BE,load,timesfm3_online,TimesFM3 with covariates,Solar+tso_forecast,2208,2026-08-12 00:00:00+00:00,7392.126953125,7506.81,,2026-05-11 15:00:00+00:00,2026-08-11 15:00:00+00:00
2026-08-11,2026-09-18T19:39:18+00:00,online,BE,load,timesfm3_online,TimesFM3 with covariates,Solar+tso_forecast,2208,2026-08-12 01:00:00+00:00,7288.3125,7410.4075,,2026-05-11 15:00:00+00:00,2026-08-11 15:00:00+00:00
2026-08-11,2026-09-18T19:39:18+00:00,online,BE,load,timesfm3_online,TimesFM3 with covariates,Solar+tso_forecast,2208,2026-08-12 02:00:00+00:00,7324.4443359375,7419.265,,2026-05-11 15:00:00+00:00,2026-08-11 15:00:00+00:00
2026-08-11,2026-09-18T19:39:18+00:00,online,BE,load,timesfm3_online,TimesFM3 with covariates,Solar+tso_forecast,2208,2026-08-12 03:00:00+00:00,7469.4912109375,7539.5225,,2026-05-11 15:00:00+00:00,2026-08-11 15:00:00+00:00
2026-08-11,2026-09-18T19:39:18+00:00,online,BE,load,timesfm3_online,TimesFM3 with covariates,Solar+tso_forecast,2208,2026-08-12 04:00:00+00:00,7884.1142578125,8020.967500000001,,2026-05-11 15:00:00+00:00,2026-08-11 15:00:00+00:00
2026-08-11,2026-09-18T19:39:18+00:00,online,BE,load,timesfm3_online,TimesFM3 with covariates,Solar+tso_forecast,2208,2026-08-12 05:00:00+00:00,8524.9384765625,8713.800000000001,,2026-05-11 15:00:00+00:00,2026-08-11 15:00:00+00:00
2026-08-11,2026-09-18T19:39:18+00:00,online,BE,load,timesfm3_online,TimesFM3 with covariates,Solar+tso_forecast,2208,2026-08-12 06:00:00+00:00,9136.7900390625,9222.9925,,2026-05-11 15:00:00+00:00,2026-08-11 15:00:00+00:00
2026-08-11,2026-09-18T19:39:18+00:00,online,BE,load,timesfm3_online,TimesFM3 with covariates,Solar+tso_forecast,2208,2026-08-12 07:00:00+00:00,9665.2490234375,9671.025,,2026-05-11 15:00:00+00:00,2026-08-11 15:00:00+00:00
2026-08-11,2026-09-18T19:39:18+00:00,online,BE,load,timesfm3_online,TimesFM3 with covariates,Solar+tso_forecast,2208,2026-08-12 08:00:00+00:00,10097.4501953125,9953.2675,,2026-05-11 15:00:00+00:00,2026-08-11 15:00:00+00:00
2026-08-11,2026-09-18T19:39:18+00:00,online,BE,load,timesfm3_online,TimesFM3 with covariates,Solar+tso_forecast,2208,2026-08-12 09:00:00+00:00,10385.9990234375,10017.83,,2026-05-11 15:00:00+00:00,2026-08-11 15:00:00+00:00
2026-08-11,2026-09-18T19:39:18+00:00,online,BE,load,timesfm3_online,TimesFM3 with covariates,Solar+tso_forecast,2208,2026-08-12 10:00:00+00:00,10518.12109375,10002.37,,2026-05-11 15:00:00+00:00,2026-08-11 15:00:00+00:00
2026-08-11,2026-09-18T19:39:18+00:00,online,BE,load,timesfm3_online,TimesFM3 with covariates,Solar+tso_forecast,2208,2026-08-12 11:00:00+00:00,10485.310546875,10087.14,,2026-05-11 15:00:00+00:00,2026-08-11 15:00:00+00:00
2026-08-11,2026-09-18T19:39:18+00:00,online,BE,load,timesfm3_online,TimesFM3 with covariates,Solar+tso_forecast,2208,2026-08-12 12:00:00+00:00,10286.5146484375,9895.0575,,2026-05-11 15:00:00+00:00,2026-08-11 15:00:00+00:00
2026-08-11,2026-09-18T19:39:18+00:00,online,BE,load,timesfm3_online,TimesFM3 with covariates,Solar+tso_forecast,2208,2026-08-12 13:00:00+00:00,10025.3896484375,9692.825,,2026-05-11 15:00:00+00:00,2026-08-11 15:00:00+00:00
2026-08-11,2026-09-18T19:39:18+00:00,online,BE,load,timesfm3_online,TimesFM3 with covariates,Solar+tso_forecast,2208,2026-08-12 14:00:00+00:00,9689.3115234375,9585.5475,,2026-05-11 15:00:00+00:00,2026-08-11 15:00:00+00:00
2026-08-11,2026-09-18T19:39:18+00:00,online,BE,load,timesfm3_online,TimesFM3 with covariates,Solar+tso_forecast,2208,2026-08-12 15:00:00+00:00,9426.2587890625,9605.8425,,2026-05-11 15:00:00+00:00,2026-08-11 15:00:00+00:00
2026-08-11,2026-09-18T19:39:18+00:00,online,BE,solar,timesfm3_online,TimesFM3 with covariates,weather_4p+tso_forecast,2208,2026-08-11 16:00:00+00:00,2853.652587890625,2922.461493,,2026-05-11 14:00:00+00:00,2026-08-11 15:00:00+00:00
2026-08-11,2026-09-18T19:39:18+00:00,online,BE,solar,timesfm3_online,TimesFM3 with covariates,weather_4p+tso_forecast,2208,2026-08-11 17:00:00+00:00,1205.694091796875,1232.507002,,2026-05-11 14:00:00+00:00,2026-08-11 15:00:00+00:00
2026-08-11,2026-09-18T19:39:18+00:00,online,BE,solar,timesfm3_online,TimesFM3 with covariates,weather_4p+tso_forecast,2208,2026-08-11 18:00:00+00:00,301.107666015625,255.52675,,2026-05-11 14:00:00+00:00,2026-08-11 15:00:00+00:00
2026-08-11,2026-09-18T19:39:18+00:00,online,BE,solar,timesfm3_online,TimesFM3 with covariates,weather_4p+tso_forecast,2208,2026-08-11 19:00:00+00:00,0.0,5.53275,,2026-05-11 14:00:00+00:00,2026-08-11 15:00:00+00:00
2026-08-11,2026-09-18T19:39:18+00:00,online,BE,solar,timesfm3_online,TimesFM3 with covariates,weather_4p+tso_forecast,2208,2026-08-11 20:00:00+00:00,0.0,0.0,,2026-05-11 14:00:00+00:00,2026-08-11 15:00:00+00:00
2026-08-11,2026-09-18T19:39:18+00:00,online,BE,solar,timesfm3_online,TimesFM3 with covariates,weather_4p+tso_forecast,2208,2026-08-11 21:00:00+00:00,0.0,0.0,,2026-05-11 14:00:00+00:00,2026-08-11 15:00:00+00:00
2026-08-11,2026-09-18T19:39:18+00:00,online,BE,solar,timesfm3_online,TimesFM3 with covariates,weather_4p+tso_forecast,2208,2026-08-11 22:00:00+00:00,0.0,0.0,,2026-05-11 14:00:00+00:00,2026-08-11 15:00:00+00:00
2026-08-11,2026-09-18T19:39:18+00:00,online,BE,solar,timesfm3_online,TimesFM3 with covariates,weather_4p+tso_forecast,2208,2026-08-11 23:00:00+00:00,30.80224609375,0.0,,2026-05-11 14:00:00+00:00,2026-08-11 15:00:00+00:00
2026-08-11,2026-09-18T19:39:18+00:00,online,BE,solar,timesfm3_online,TimesFM3 with covariates,weather_4p+tso_forecast,2208,2026-08-12 00:00:00+00:00,34.271728515625,0.0,,2026-05-11 14:00:00+00:00,2026-08-11 15:00:00+00:00
2026-08-11,2026-09-18T19:39:18+00:00,online,BE,solar,timesfm3_online,TimesFM3 with covariates,weather_4p+tso_forecast,2208,2026-08-12 01:00:00+00:00,15.556884765625,0.0,,2026-05-11 14:00:00+00:00,2026-08-11 15:00:00+00:00
2026-08-11,2026-09-18T19:39:18+00:00,online,BE,solar,timesfm3_online,TimesFM3 with covariates,weather_4p+tso_forecast,2208,2026-08-12 02:00:00+00:00,15.852783203125,0.0,,2026-05-11 14:00:00+00:00,2026-08-11 15:00:00+00:00
2026-08-11,2026-09-18T19:39:18+00:00,online,BE,solar,timesfm3_online,TimesFM3 with covariates,weather_4p+tso_forecast,2208,2026-08-12 03:00:00+00:00,0.0,0.0,,2026-05-11 14:00:00+00:00,2026-08-11 15:00:00+00:00
2026-08-11,2026-09-18T19:39:18+00:00,online,BE,solar,timesfm3_online,TimesFM3 with covariates,weather_4p+tso_forecast,2208,2026-08-12 04:00:00+00:00,0.0,53.74925,,2026-05-11 14:00:00+00:00,2026-08-11 15:00:00+00:00
2026-08-11,2026-09-18T19:39:18+00:00,online,BE,solar,timesfm3_online,TimesFM3 with covariates,weather_4p+tso_forecast,2208,2026-08-12 05:00:00+00:00,548.5198974609375,491.225749,,2026-05-11 14:00:00+00:00,2026-08-11 15:00:00+00:00
2026-08-11,2026-09-18T19:39:18+00:00,online,BE,solar,timesfm3_online,TimesFM3 with covariates,weather_4p+tso_forecast,2208,2026-08-12 06:00:00+00:00,1916.779296875,1759.273754,,2026-05-11 14:00:00+00:00,2026-08-11 15:00:00+00:00
2026-08-11,2026-09-18T19:39:18+00:00,online,BE,solar,timesfm3_online,TimesFM3 with covariates,weather_4p+tso_forecast,2208,2026-08-12 07:00:00+00:00,3837.130859375,3476.620503,,2026-05-11 14:00:00+00:00,2026-08-11 15:00:00+00:00
2026-08-11,2026-09-18T19:39:18+00:00,online,BE,solar,timesfm3_online,TimesFM3 with covariates,weather_4p+tso_forecast,2208,2026-08-12 08:00:00+00:00,5714.900390625,5353.245004,,2026-05-11 14:00:00+00:00,2026-08-11 15:00:00+00:00
2026-08-11,2026-09-18T19:39:18+00:00,online,BE,solar,timesfm3_online,TimesFM3 with covariates,weather_4p+tso_forecast,2208,2026-08-12 09:00:00+00:00,7053.91796875,6816.169012,,2026-05-11 14:00:00+00:00,2026-08-11 15:00:00+00:00
2026-08-11,2026-09-18T19:39:18+00:00,online,BE,solar,timesfm3_online,TimesFM3 with covariates,weather_4p+tso_forecast,2208,2026-08-12 10:00:00+00:00,7841.4189453125,7686.644498,,2026-05-11 14:00:00+00:00,2026-08-11 15:00:00+00:00
2026-08-11,2026-09-18T19:39:18+00:00,online,BE,solar,timesfm3_online,TimesFM3 with covariates,weather_4p+tso_forecast,2208,2026-08-12 11:00:00+00:00,8038.232421875,8056.677752,,2026-05-11 14:00:00+00:00,2026-08-11 15:00:00+00:00
2026-08-11,2026-09-18T19:39:18+00:00,online,BE,solar,timesfm3_online,TimesFM3 with covariates,weather_4p+tso_forecast,2208,2026-08-12 12:00:00+00:00,7887.8916015625,7981.507743,,2026-05-11 14:00:00+00:00,2026-08-11 15:00:00+00:00
2026-08-11,2026-09-18T19:39:18+00:00,online,BE,solar,timesfm3_online,TimesFM3 with covariates,weather_4p+tso_forecast,2208,2026-08-12 13:00:00+00:00,7264.466796875,7397.437501,,2026-05-11 14:00:00+00:00,2026-08-11 15:00:00+00:00
2026-08-11,2026-09-18T19:39:18+00:00,online,BE,solar,timesfm3_online,TimesFM3 with covariates,weather_4p+tso_forecast,2208,2026-08-12 14:00:00+00:00,5968.49462890625,6193.124999,,2026-05-11 14:00:00+00:00,2026-08-11 15:00:00+00:00
2026-08-11,2026-09-18T19:39:18+00:00,online,BE,solar,timesfm3_online,TimesFM3 with covariates,weather_4p+tso_forecast,2208,2026-08-12 15:00:00+00:00,4311.09375,4611.548748,,2026-05-11 14:00:00+00:00,2026-08-11 15:00:00+00:00
2026-08-11,2026-09-18T19:39:18+00:00,online,BE,wind_onshore,timesfm3_online,TimesFM3 with covariates,weather_4p+tso_forecast,2208,2026-08-11 16:00:00+00:00,708.917236328125,543.075,,2026-05-11 14:00:00+00:00,2026-08-11 15:00:00+00:00
2026-08-11,2026-09-18T19:39:18+00:00,online,BE,wind_onshore,timesfm3_online,TimesFM3 with covariates,weather_4p+tso_forecast,2208,2026-08-11 17:00:00+00:00,774.4287719726562,604.65,,2026-05-11 14:00:00+00:00,2026-08-11 15:00:00+00:00
2026-08-11,2026-09-18T19:39:18+00:00,online,BE,wind_onshore,timesfm3_online,TimesFM3 with covariates,weather_4p+tso_forecast,2208,2026-08-11 18:00:00+00:00,868.224853515625,672.6,,2026-05-11 14:00:00+00:00,2026-08-11 15:00:00+00:00
2026-08-11,2026-09-18T19:39:18+00:00,online,BE,wind_onshore,timesfm3_online,TimesFM3 with covariates,weather_4p+tso_forecast,2208,2026-08-11 19:00:00+00:00,960.1456298828125,762.5,,2026-05-11 14:00:00+00:00,2026-08-11 15:00:00+00:00
2026-08-11,2026-09-18T19:39:18+00:00,online,BE,wind_onshore,timesfm3_online,TimesFM3 with covariates,weather_4p+tso_forecast,2208,2026-08-11 20:00:00+00:00,1052.956298828125,840.875,,2026-05-11 14:00:00+00:00,2026-08-11 15:00:00+00:00
2026-08-11,2026-09-18T19:39:18+00:00,online,BE,wind_onshore,timesfm3_online,TimesFM3 with covariates,weather_4p+tso_forecast,2208,2026-08-11 21:00:00+00:00,1073.9693603515625,899.35,,2026-05-11 14:00:00+00:00,2026-08-11 15:00:00+00:00
2026-08-11,2026-09-18T19:39:18+00:00,online,BE,wind_onshore,timesfm3_online,TimesFM3 with covariates,weather_4p+tso_forecast,2208,2026-08-11 22:00:00+00:00,1165.91796875,1011.675,,2026-05-11 14:00:00+00:00,2026-08-11 15:00:00+00:00
2026-08-11,2026-09-18T19:39:18+00:00,online,BE,wind_onshore,timesfm3_online,TimesFM3 with covariates,weather_4p+tso_forecast,2208,2026-08-11 23:00:00+00:00,1197.431396484375,1016.05,,2026-05-11 14:00:00+00:00,2026-08-11 15:00:00+00:00
2026-08-11,2026-09-18T19:39:18+00:00,online,BE,wind_onshore,timesfm3_online,TimesFM3 with covariates,weather_4p+tso_forecast,2208,2026-08-12 00:00:00+00:00,1202.74951171875,997.975,,2026-05-11 14:00:00+00:00,2026-08-11 15:00:00+00:00
2026-08-11,2026-09-18T19:39:18+00:00,online,BE,wind_onshore,timesfm3_online,TimesFM3 with covariates,weather_4p+tso_forecast,2208,2026-08-12 01:00:00+00:00,1197.6318359375,955.975,,2026-05-11 14:00:00+00:00,2026-08-11 15:00:00+00:00
2026-08-11,2026-09-18T19:39:18+00:00,online,BE,wind_onshore,timesfm3_online,TimesFM3 with covariates,weather_4p+tso_forecast,2208,2026-08-12 02:00:00+00:00,1063.170654296875,890.4,,2026-05-11 14:00:00+00:00,2026-08-11 15:00:00+00:00
2026-08-11,2026-09-18T19:39:18+00:00,online,BE,wind_onshore,timesfm3_online,TimesFM3 with covariates,weather_4p+tso_forecast,2208,2026-08-12 03:00:00+00:00,965.443359375,824.7,,2026-05-11 14:00:00+00:00,2026-08-11 15:00:00+00:00
2026-08-11,2026-09-18T19:39:18+00:00,online,BE,wind_onshore,timesfm3_online,TimesFM3 with covariates,weather_4p+tso_forecast,2208,2026-08-12 04:00:00+00:00,881.7418212890625,754.65,,2026-05-11 14:00:00+00:00,2026-08-11 15:00:00+00:00
2026-08-11,2026-09-18T19:39:18+00:00,online,BE,wind_onshore,timesfm3_online,TimesFM3 with covariates,weather_4p+tso_forecast,2208,2026-08-12 05:00:00+00:00,773.3085327148438,683.95,,2026-05-11 14:00:00+00:00,2026-08-11 15:00:00+00:00
2026-08-11,2026-09-18T19:39:18+00:00,online,BE,wind_onshore,timesfm3_online,TimesFM3 with covariates,weather_4p+tso_forecast,2208,2026-08-12 06:00:00+00:00,472.09698486328125,473.625,,2026-05-11 14:00:00+00:00,2026-08-11 15:00:00+00:00
2026-08-11,2026-09-18T19:39:18+00:00,online,BE,wind_onshore,timesfm3_online,TimesFM3 with covariates,weather_4p+tso_forecast,2208,2026-08-12 07:00:00+00:00,234.459228515625,281.425,,2026-05-11 14:00:00+00:00,2026-08-11 15:00:00+00:00
2026-08-11,2026-09-18T19:39:18+00:00,online,BE,wind_onshore,timesfm3_online,TimesFM3 with covariates,weather_4p+tso_forecast,2208,2026-08-12 08:00:00+00:00,137.172607421875,203.6,,2026-05-11 14:00:00+00:00,2026-08-11 15:00:00+00:00
2026-08-11,2026-09-18T19:39:18+00:00,online,BE,wind_onshore,timesfm3_online,TimesFM3 with covariates,weather_4p+tso_forecast,2208,2026-08-12 09:00:00+00:00,107.21734619140625,173.575,,2026-05-11 14:00:00+00:00,2026-08-11 15:00:00+00:00
2026-08-11,2026-09-18T19:39:18+00:00,online,BE,wind_onshore,timesfm3_online,TimesFM3 with covariates,weather_4p+tso_forecast,2208,2026-08-12 10:00:00+00:00,127.50335693359375,170.6,,2026-05-11 14:00:00+00:00,2026-08-11 15:00:00+00:00
2026-08-11,2026-09-18T19:39:18+00:00,online,BE,wind_onshore,timesfm3_online,TimesFM3 with covariates,weather_4p+tso_forecast,2208,2026-08-12 11:00:00+00:00,157.9083251953125,174.225,,2026-05-11 14:00:00+00:00,2026-08-11 15:00:00+00:00
2026-08-11,2026-09-18T19:39:18+00:00,online,BE,wind_onshore,timesfm3_online,TimesFM3 with covariates,weather_4p+tso_forecast,2208,2026-08-12 12:00:00+00:00,180.04434204101562,172.75,,2026-05-11 14:00:00+00:00,2026-08-11 15:00:00+00:00
2026-08-11,2026-09-18T19:39:18+00:00,online,BE,wind_onshore,timesfm3_online,TimesFM3 with covariates,weather_4p+tso_forecast,2208,2026-08-12 13:00:00+00:00,199.85354614257812,184.525,,2026-05-11 14:00:00+00:00,2026-08-11 15:00:00+00:00
2026-08-11,2026-09-18T19:39:18+00:00,online,BE,wind_onshore,timesfm3_online,TimesFM3 with covariates,weather_4p+tso_forecast,2208,2026-08-12 14:00:00+00:00,231.65631103515625,218.6,,2026-05-11 14:00:00+00:00,2026-08-11 15:00:00+00:00
2026-08-11,2026-09-18T19:39:18+00:00,online,BE,wind_onshore,timesfm3_online,TimesFM3 with covariates,weather_4p+tso_forecast,2208,2026-08-12 15:00:00+00:00,294.7043151855469,273.7,,2026-05-11 14:00:00+00:00,2026-08-11 15:00:00+00:00
2026-08-11,2026-09-18T19:39:18+00:00,online,BE,wind_offshore,timesfm3_online,TimesFM3 with covariates,weather_4p+tso_forecast,2208,2026-08-11 16:00:00+00:00,653.7801513671875,690.15,,2026-05-11 14:00:00+00:00,2026-08-11 15:00:00+00:00
2026-08-11,2026-09-18T19:39:18+00:00,online,BE,wind_offshore,timesfm3_online,TimesFM3 with covariates,weather_4p+tso_forecast,2208,2026-08-11 17:00:00+00:00,763.1732788085938,788.475,,2026-05-11 14:00:00+00:00,2026-08-11 15:00:00+00:00
2026-08-11,2026-09-18T19:39:18+00:00,online,BE,wind_offshore,timesfm3_online,TimesFM3 with covariates,weather_4p+tso_forecast,2208,2026-08-11 18:00:00+00:00,837.1901245117188,848.9,,2026-05-11 14:00:00+00:00,2026-08-11 15:00:00+00:00
2026-08-11,2026-09-18T19:39:18+00:00,online,BE,wind_offshore,timesfm3_online,TimesFM3 with covariates,weather_4p+tso_forecast,2208,2026-08-11 19:00:00+00:00,950.8619384765625,874.2,,2026-05-11 14:00:00+00:00,2026-08-11 15:00:00+00:00
2026-08-11,2026-09-18T19:39:18+00:00,online,BE,wind_offshore,timesfm3_online,TimesFM3 with covariates,weather_4p+tso_forecast,2208,2026-08-11 20:00:00+00:00,993.3663330078125,887.425,,2026-05-11 14:00:00+00:00,2026-08-11 15:00:00+00:00
2026-08-11,2026-09-18T19:39:18+00:00,online,BE,wind_offshore,timesfm3_online,TimesFM3 with covariates,weather_4p+tso_forecast,2208,2026-08-11 21:00:00+00:00,944.02978515625,886.725,,2026-05-11 14:00:00+00:00,2026-08-11 15:00:00+00:00
2026-08-11,2026-09-18T19:39:18+00:00,online,BE,wind_offshore,timesfm3_online,TimesFM3 with covariates,weather_4p+tso_forecast,2208,2026-08-11 22:00:00+00:00,858.8316650390625,941.075,,2026-05-11 14:00:00+00:00,2026-08-11 15:00:00+00:00
2026-08-11,2026-09-18T19:39:18+00:00,online,BE,wind_offshore,timesfm3_online,TimesFM3 with covariates,weather_4p+tso_forecast,2208,2026-08-11 23:00:00+00:00,829.6598510742188,958.1,,2026-05-11 14:00:00+00:00,2026-08-11 15:00:00+00:00
2026-08-11,2026-09-18T19:39:18+00:00,online,BE,wind_offshore,timesfm3_online,TimesFM3 with covariates,weather_4p+tso_forecast,2208,2026-08-12 00:00:00+00:00,842.8082275390625,911.975,,2026-05-11 14:00:00+00:00,2026-08-11 15:00:00+00:00
2026-08-11,2026-09-18T19:39:18+00:00,online,BE,wind_offshore,timesfm3_online,TimesFM3 with covariates,weather_4p+tso_forecast,2208,2026-08-12 01:00:00+00:00,799.2507934570312,835.45,,2026-05-11 14:00:00+00:00,2026-08-11 15:00:00+00:00
2026-08-11,2026-09-18T19:39:18+00:00,online,BE,wind_offshore,timesfm3_online,TimesFM3 with covariates,weather_4p+tso_forecast,2208,2026-08-12 02:00:00+00:00,717.4384765625,760.4,,2026-05-11 14:00:00+00:00,2026-08-11 15:00:00+00:00
2026-08-11,2026-09-18T19:39:18+00:00,online,BE,wind_offshore,timesfm3_online,TimesFM3 with covariates,weather_4p+tso_forecast,2208,2026-08-12 03:00:00+00:00,622.591064453125,694.175,,2026-05-11 14:00:00+00:00,2026-08-11 15:00:00+00:00
2026-08-11,2026-09-18T19:39:18+00:00,online,BE,wind_offshore,timesfm3_online,TimesFM3 with covariates,weather_4p+tso_forecast,2208,2026-08-12 04:00:00+00:00,551.2632446289062,632.25,,2026-05-11 14:00:00+00:00,2026-08-11 15:00:00+00:00
2026-08-11,2026-09-18T19:39:18+00:00,online,BE,wind_offshore,timesfm3_online,TimesFM3 with covariates,weather_4p+tso_forecast,2208,2026-08-12 05:00:00+00:00,496.864990234375,567.075,,2026-05-11 14:00:00+00:00,2026-08-11 15:00:00+00:00
2026-08-11,2026-09-18T19:39:18+00:00,online,BE,wind_offshore,timesfm3_online,TimesFM3 with covariates,weather_4p+tso_forecast,2208,2026-08-12 06:00:00+00:00,437.24664306640625,490.35,,2026-05-11 14:00:00+00:00,2026-08-11 15:00:00+00:00
2026-08-11,2026-09-18T19:39:18+00:00,online,BE,wind_offshore,timesfm3_online,TimesFM3 with covariates,weather_4p+tso_forecast,2208,2026-08-12 07:00:00+00:00,367.4819641113281,398.325,,2026-05-11 14:00:00+00:00,2026-08-11 15:00:00+00:00
2026-08-11,2026-09-18T19:39:18+00:00,online,BE,wind_offshore,timesfm3_online,TimesFM3 with covariates,weather_4p+tso_forecast,2208,2026-08-12 08:00:00+00:00,279.9228515625,309.6,,2026-05-11 14:00:00+00:00,2026-08-11 15:00:00+00:00
2026-08-11,2026-09-18T19:39:18+00:00,online,BE,wind_offshore,timesfm3_online,TimesFM3 with covariates,weather_4p+tso_forecast,2208,2026-08-12 09:00:00+00:00,222.09783935546875,234.15,,2026-05-11 14:00:00+00:00,2026-08-11 15:00:00+00:00
2026-08-11,2026-09-18T19:39:18+00:00,online,BE,wind_offshore,timesfm3_online,TimesFM3 with covariates,weather_4p+tso_forecast,2208,2026-08-12 10:00:00+00:00,182.00192260742188,177.45,,2026-05-11 14:00:00+00:00,2026-08-11 15:00:00+00:00
2026-08-11,2026-09-18T19:39:18+00:00,online,BE,wind_offshore,timesfm3_online,TimesFM3 with covariates,weather_4p+tso_forecast,2208,2026-08-12 11:00:00+00:00,163.70291137695312,138.275,,2026-05-11 14:00:00+00:00,2026-08-11 15:00:00+00:00
2026-08-11,2026-09-18T19:39:18+00:00,online,BE,wind_offshore,timesfm3_online,TimesFM3 with covariates,weather_4p+tso_forecast,2208,2026-08-12 12:00:00+00:00,168.25619506835938,114.025,,2026-05-11 14:00:00+00:00,2026-08-11 15:00:00+00:00
2026-08-11,2026-09-18T19:39:18+00:00,online,BE,wind_offshore,timesfm3_online,TimesFM3 with covariates,weather_4p+tso_forecast,2208,2026-08-12 13:00:00+00:00,191.78427124023438,106.1,,2026-05-11 14:00:00+00:00,2026-08-11 15:00:00+00:00
2026-08-11,2026-09-18T19:39:18+00:00,online,BE,wind_offshore,timesfm3_online,TimesFM3 with covariates,weather_4p+tso_forecast,2208,2026-08-12 14:00:00+00:00,211.75308227539062,114.5,,2026-05-11 14:00:00+00:00,2026-08-11 15:00:00+00:00
2026-08-11,2026-09-18T19:39:18+00:00,online,BE,wind_offshore,timesfm3_online,TimesFM3 with covariates,weather_4p+tso_forecast,2208,2026-08-12 15:00:00+00:00,236.10269165039062,140.5,,2026-05-11 14:00:00+00:00,2026-08-11 15:00:00+00:00
2026-08-11,2026-09-18T19:39:18+00:00,online,FR,load,timesfm3_online,TimesFM3 with covariates,Temp+tso_forecast,2208,2026-08-11 16:00:00+00:00,47926.52734375,47300.0,,2026-05-11 15:00:00+00:00,2026-08-11 15:00:00+00:00
2026-08-11,2026-09-18T19:39:18+00:00,online,FR,load,timesfm3_online,TimesFM3 with covariates,Temp+tso_forecast,2208,2026-08-11 17:00:00+00:00,47926.609375,47837.5,,2026-05-11 15:00:00+00:00,2026-08-11 15:00:00+00:00
2026-08-11,2026-09-18T19:39:18+00:00,online,FR,load,timesfm3_online,TimesFM3 with covariates,Temp+tso_forecast,2208,2026-08-11 18:00:00+00:00,46805.4375,46162.5,,2026-05-11 15:00:00+00:00,2026-08-11 15:00:00+00:00
2026-08-11,2026-09-18T19:39:18+00:00,online,FR,load,timesfm3_online,TimesFM3 with covariates,Temp+tso_forecast,2208,2026-08-11 19:00:00+00:00,45475.03125,44875.0,,2026-05-11 15:00:00+00:00,2026-08-11 15:00:00+00:00
2026-08-11,2026-09-18T19:39:18+00:00,online,FR,load,timesfm3_online,TimesFM3 with covariates,Temp+tso_forecast,2208,2026-08-11 20:00:00+00:00,45164.625,45325.0,,2026-05-11 15:00:00+00:00,2026-08-11 15:00:00+00:00
2026-08-11,2026-09-18T19:39:18+00:00,online,FR,load,timesfm3_online,TimesFM3 with covariates,Temp+tso_forecast,2208,2026-08-11 21:00:00+00:00,44458.84375,45325.0,,2026-05-11 15:00:00+00:00,2026-08-11 15:00:00+00:00
2026-08-11,2026-09-18T19:39:18+00:00,online,FR,load,timesfm3_online,TimesFM3 with covariates,Temp+tso_forecast,2208,2026-08-11 22:00:00+00:00,41436.34375,41837.5,,2026-05-11 15:00:00+00:00,2026-08-11 15:00:00+00:00
2026-08-11,2026-09-18T19:39:18+00:00,online,FR,load,timesfm3_online,TimesFM3 with covariates,Temp+tso_forecast,2208,2026-08-11 23:00:00+00:00,39400.44140625,39875.0,,2026-05-11 15:00:00+00:00,2026-08-11 15:00:00+00:00
2026-08-11,2026-09-18T19:39:18+00:00,online,FR,load,timesfm3_online,TimesFM3 with covariates,Temp+tso_forecast,2208,2026-08-12 00:00:00+00:00,37102.68359375,37450.0,,2026-05-11 15:00:00+00:00,2026-08-11 15:00:00+00:00
2026-08-11,2026-09-18T19:39:18+00:00,online,FR,load,timesfm3_online,TimesFM3 with covariates,Temp+tso_forecast,2208,2026-08-12 01:00:00+00:00,35150.3203125,35162.5,,2026-05-11 15:00:00+00:00,2026-08-11 15:00:00+00:00
2026-08-11,2026-09-18T19:39:18+00:00,online,FR,load,timesfm3_online,TimesFM3 with covariates,Temp+tso_forecast,2208,2026-08-12 02:00:00+00:00,34620.9296875,34612.5,,2026-05-11 15:00:00+00:00,2026-08-11 15:00:00+00:00
2026-08-11,2026-09-18T19:39:18+00:00,online,FR,load,timesfm3_online,TimesFM3 with covariates,Temp+tso_forecast,2208,2026-08-12 03:00:00+00:00,35276.2734375,35400.0,,2026-05-11 15:00:00+00:00,2026-08-11 15:00:00+00:00
2026-08-11,2026-09-18T19:39:18+00:00,online,FR,load,timesfm3_online,TimesFM3 with covariates,Temp+tso_forecast,2208,2026-08-12 04:00:00+00:00,37027.91015625,37062.5,,2026-05-11 15:00:00+00:00,2026-08-11 15:00:00+00:00
2026-08-11,2026-09-18T19:39:18+00:00,online,FR,load,timesfm3_online,TimesFM3 with covariates,Temp+tso_forecast,2208,2026-08-12 05:00:00+00:00,39051.3828125,39075.0,,2026-05-11 15:00:00+00:00,2026-08-11 15:00:00+00:00
2026-08-11,2026-09-18T19:39:18+00:00,online,FR,load,timesfm3_online,TimesFM3 with covariates,Temp+tso_forecast,2208,2026-08-12 06:00:00+00:00,41403.29296875,41625.0,,2026-05-11 15:00:00+00:00,2026-08-11 15:00:00+00:00
2026-08-11,2026-09-18T19:39:18+00:00,online,FR,load,timesfm3_online,TimesFM3 with covariates,Temp+tso_forecast,2208,2026-08-12 07:00:00+00:00,43868.921875,43862.5,,2026-05-11 15:00:00+00:00,2026-08-11 15:00:00+00:00
2026-08-11,2026-09-18T19:39:18+00:00,online,FR,load,timesfm3_online,TimesFM3 with covariates,Temp+tso_forecast,2208,2026-08-12 08:00:00+00:00,45848.734375,45725.0,,2026-05-11 15:00:00+00:00,2026-08-11 15:00:00+00:00
2026-08-11,2026-09-18T19:39:18+00:00,online,FR,load,timesfm3_online,TimesFM3 with covariates,Temp+tso_forecast,2208,2026-08-12 09:00:00+00:00,47488.50390625,47475.0,,2026-05-11 15:00:00+00:00,2026-08-11 15:00:00+00:00
2026-08-11,2026-09-18T19:39:18+00:00,online,FR,load,timesfm3_online,TimesFM3 with covariates,Temp+tso_forecast,2208,2026-08-12 10:00:00+00:00,49051.375,49075.0,,2026-05-11 15:00:00+00:00,2026-08-11 15:00:00+00:00
2026-08-11,2026-09-18T19:39:18+00:00,online,FR,load,timesfm3_online,TimesFM3 with covariates,Temp+tso_forecast,2208,2026-08-12 11:00:00+00:00,49297.90234375,49237.5,,2026-05-11 15:00:00+00:00,2026-08-11 15:00:00+00:00
2026-08-11,2026-09-18T19:39:18+00:00,online,FR,load,timesfm3_online,TimesFM3 with covariates,Temp+tso_forecast,2208,2026-08-12 12:00:00+00:00,49623.49609375,49800.0,,2026-05-11 15:00:00+00:00,2026-08-11 15:00:00+00:00
2026-08-11,2026-09-18T19:39:18+00:00,online,FR,load,timesfm3_online,TimesFM3 with covariates,Temp+tso_forecast,2208,2026-08-12 13:00:00+00:00,49651.22265625,49637.5,,2026-05-11 15:00:00+00:00,2026-08-11 15:00:00+00:00
2026-08-11,2026-09-18T19:39:18+00:00,online,FR,load,timesfm3_online,TimesFM3 with covariates,Temp+tso_forecast,2208,2026-08-12 14:00:00+00:00,48712.66015625,48375.0,,2026-05-11 15:00:00+00:00,2026-08-11 15:00:00+00:00
2026-08-11,2026-09-18T19:39:18+00:00,online,FR,load,timesfm3_online,TimesFM3 with covariates,Temp+tso_forecast,2208,2026-08-12 15:00:00+00:00,48191.4140625,48162.5,,2026-05-11 15:00:00+00:00,2026-08-11 15:00:00+00:00
2026-08-11,2026-09-18T19:39:18+00:00,online,FR,solar,timesfm3_online,TimesFM3 with covariates,weather_4p+tso_forecast,2208,2026-08-11 16:00:00+00:00,8877.3359375,9162.50537,,2026-05-11 15:00:00+00:00,2026-08-11 15:00:00+00:00
2026-08-11,2026-09-18T19:39:18+00:00,online,FR,solar,timesfm3_online,TimesFM3 with covariates,weather_4p+tso_forecast,2208,2026-08-11 17:00:00+00:00,4351.3203125,4632.2672125,,2026-05-11 15:00:00+00:00,2026-08-11 15:00:00+00:00
2026-08-11,2026-09-18T19:39:18+00:00,online,FR,solar,timesfm3_online,TimesFM3 with covariates,weather_4p+tso_forecast,2208,2026-08-11 18:00:00+00:00,1245.38720703125,1272.2529,,2026-05-11 15:00:00+00:00,2026-08-11 15:00:00+00:00
2026-08-11,2026-09-18T19:39:18+00:00,online,FR,solar,timesfm3_online,TimesFM3 with covariates,weather_4p+tso_forecast,2208,2026-08-11 19:00:00+00:00,203.99755859375,55.473125,,2026-05-11 15:00:00+00:00,2026-08-11 15:00:00+00:00
2026-08-11,2026-09-18T19:39:18+00:00,online,FR,solar,timesfm3_online,TimesFM3 with covariates,weather_4p+tso_forecast,2208,2026-08-11 20:00:00+00:00,39.67333984375,0.0,,2026-05-11 15:00:00+00:00,2026-08-11 15:00:00+00:00
2026-08-11,2026-09-18T19:39:18+00:00,online,FR,solar,timesfm3_online,TimesFM3 with covariates,weather_4p+tso_forecast,2208,2026-08-11 21:00:00+00:00,71.84814453125,0.0,,2026-05-11 15:00:00+00:00,2026-08-11 15:00:00+00:00
2026-08-11,2026-09-18T19:39:18+00:00,online,FR,solar,timesfm3_online,TimesFM3 with covariates,weather_4p+tso_forecast,2208,2026-08-11 22:00:00+00:00,68.0224609375,0.0,,2026-05-11 15:00:00+00:00,2026-08-11 15:00:00+00:00
2026-08-11,2026-09-18T19:39:18+00:00,online,FR,solar,timesfm3_online,TimesFM3 with covariates,weather_4p+tso_forecast,2208,2026-08-11 23:00:00+00:00,0.0859375,0.0,,2026-05-11 15:00:00+00:00,2026-08-11 15:00:00+00:00
2026-08-11,2026-09-18T19:39:18+00:00,online,FR,solar,timesfm3_online,TimesFM3 with covariates,weather_4p+tso_forecast,2208,2026-08-12 00:00:00+00:00,150.3623046875,0.0,,2026-05-11 15:00:00+00:00,2026-08-11 15:00:00+00:00
2026-08-11,2026-09-18T19:39:18+00:00,online,FR,solar,timesfm3_online,TimesFM3 with covariates,weather_4p+tso_forecast,2208,2026-08-12 01:00:00+00:00,95.22216796875,0.0,,2026-05-11 15:00:00+00:00,2026-08-11 15:00:00+00:00
2026-08-11,2026-09-18T19:39:18+00:00,online,FR,solar,timesfm3_online,TimesFM3 with covariates,weather_4p+tso_forecast,2208,2026-08-12 02:00:00+00:00,25.7939453125,0.0,,2026-05-11 15:00:00+00:00,2026-08-11 15:00:00+00:00
2026-08-11,2026-09-18T19:39:18+00:00,online,FR,solar,timesfm3_online,TimesFM3 with covariates,weather_4p+tso_forecast,2208,2026-08-12 03:00:00+00:00,0.0,0.0,,2026-05-11 15:00:00+00:00,2026-08-11 15:00:00+00:00
2026-08-11,2026-09-18T19:39:18+00:00,online,FR,solar,timesfm3_online,TimesFM3 with covariates,weather_4p+tso_forecast,2208,2026-08-12 04:00:00+00:00,132.8193359375,29.80572,,2026-05-11 15:00:00+00:00,2026-08-11 15:00:00+00:00
2026-08-11,2026-09-18T19:39:18+00:00,online,FR,solar,timesfm3_online,TimesFM3 with covariates,weather_4p+tso_forecast,2208,2026-08-12 05:00:00+00:00,1101.03466796875,784.0365425,,2026-05-11 15:00:00+00:00,2026-08-11 15:00:00+00:00
2026-08-11,2026-09-18T19:39:18+00:00,online,FR,solar,timesfm3_online,TimesFM3 with covariates,weather_4p+tso_forecast,2208,2026-08-12 06:00:00+00:00,4173.1875,3762.09491,,2026-05-11 15:00:00+00:00,2026-08-11 15:00:00+00:00
2026-08-11,2026-09-18T19:39:18+00:00,online,FR,solar,timesfm3_online,TimesFM3 with covariates,weather_4p+tso_forecast,2208,2026-08-12 07:00:00+00:00,9254.8486328125,8836.893432500001,,2026-05-11 15:00:00+00:00,2026-08-11 15:00:00+00:00
2026-08-11,2026-09-18T19:39:18+00:00,online,FR,solar,timesfm3_online,TimesFM3 with covariates,weather_4p+tso_forecast,2208,2026-08-12 08:00:00+00:00,14525.21484375,13896.5024425,,2026-05-11 15:00:00+00:00,2026-08-11 15:00:00+00:00
2026-08-11,2026-09-18T19:39:18+00:00,online,FR,solar,timesfm3_online,TimesFM3 with covariates,weather_4p+tso_forecast,2208,2026-08-12 09:00:00+00:00,18342.818359375,17690.4140625,,2026-05-11 15:00:00+00:00,2026-08-11 15:00:00+00:00
2026-08-11,2026-09-18T19:39:18+00:00,online,FR,solar,timesfm3_online,TimesFM3 with covariates,weather_4p+tso_forecast,2208,2026-08-12 10:00:00+00:00,20301.5,19975.17871,,2026-05-11 15:00:00+00:00,2026-08-11 15:00:00+00:00
2026-08-11,2026-09-18T19:39:18+00:00,online,FR,solar,timesfm3_online,TimesFM3 with covariates,weather_4p+tso_forecast,2208,2026-08-12 11:00:00+00:00,20966.84765625,20951.374025,,2026-05-11 15:00:00+00:00,2026-08-11 15:00:00+00:00
2026-08-11,2026-09-18T19:39:18+00:00,online,FR,solar,timesfm3_online,TimesFM3 with covariates,weather_4p+tso_forecast,2208,2026-08-12 12:00:00+00:00,20780.736328125,20899.2558625,,2026-05-11 15:00:00+00:00,2026-08-11 15:00:00+00:00
2026-08-11,2026-09-18T19:39:18+00:00,online,FR,solar,timesfm3_online,TimesFM3 with covariates,weather_4p+tso_forecast,2208,2026-08-12 13:00:00+00:00,19605.59375,19839.143065,,2026-05-11 15:00:00+00:00,2026-08-11 15:00:00+00:00
2026-08-11,2026-09-18T19:39:18+00:00,online,FR,solar,timesfm3_online,TimesFM3 with covariates,weather_4p+tso_forecast,2208,2026-08-12 14:00:00+00:00,17149.00390625,17501.171385,,2026-05-11 15:00:00+00:00,2026-08-11 15:00:00+00:00
2026-08-11,2026-09-18T19:39:18+00:00,online,FR,solar,timesfm3_online,TimesFM3 with covariates,weather_4p+tso_forecast,2208,2026-08-12 15:00:00+00:00,13470.189453125,14111.8718275,,2026-05-11 15:00:00+00:00,2026-08-11 15:00:00+00:00
2026-08-11,2026-09-18T19:39:18+00:00,online,FR,wind_onshore,timesfm3_online,TimesFM3 with covariates,weather_4p+tso_forecast,2208,2026-08-11 16:00:00+00:00,2270.01953125,2089.4075325,,2026-05-11 15:00:00+00:00,2026-08-11 15:00:00+00:00
2026-08-11,2026-09-18T19:39:18+00:00,online,FR,wind_onshore,timesfm3_online,TimesFM3 with covariates,weather_4p+tso_forecast,2208,2026-08-11 17:00:00+00:00,2691.73876953125,2259.0375375000003,,2026-05-11 15:00:00+00:00,2026-08-11 15:00:00+00:00
2026-08-11,2026-09-18T19:39:18+00:00,online,FR,wind_onshore,timesfm3_online,TimesFM3 with covariates,weather_4p+tso_forecast,2208,2026-08-11 18:00:00+00:00,3497.87255859375,2926.4800425000003,,2026-05-11 15:00:00+00:00,2026-08-11 15:00:00+00:00
2026-08-11,2026-09-18T19:39:18+00:00,online,FR,wind_onshore,timesfm3_online,TimesFM3 with covariates,weather_4p+tso_forecast,2208,2026-08-11 19:00:00+00:00,4962.3681640625,4374.619935,,2026-05-11 15:00:00+00:00,2026-08-11 15:00:00+00:00
2026-08-11,2026-09-18T19:39:18+00:00,online,FR,wind_onshore,timesfm3_online,TimesFM3 with covariates,weather_4p+tso_forecast,2208,2026-08-11 20:00:00+00:00,6360.4765625,5769.7773449999995,,2026-05-11 15:00:00+00:00,2026-08-11 15:00:00+00:00
2026-08-11,2026-09-18T19:39:18+00:00,online,FR,wind_onshore,timesfm3_online,TimesFM3 with covariates,weather_4p+tso_forecast,2208,2026-08-11 21:00:00+00:00,7112.453125,6281.9649675,,2026-05-11 15:00:00+00:00,2026-08-11 15:00:00+00:00
2026-08-11,2026-09-18T19:39:18+00:00,online,FR,wind_onshore,timesfm3_online,TimesFM3 with covariates,weather_4p+tso_forecast,2208,2026-08-11 22:00:00+00:00,7511.0986328125,6706.3325225,,2026-05-11 15:00:00+00:00,2026-08-11 15:00:00+00:00
2026-08-11,2026-09-18T19:39:18+00:00,online,FR,wind_onshore,timesfm3_online,TimesFM3 with covariates,weather_4p+tso_forecast,2208,2026-08-11 23:00:00+00:00,7199.0693359375,6386.9025875,,2026-05-11 15:00:00+00:00,2026-08-11 15:00:00+00:00
2026-08-11,2026-09-18T19:39:18+00:00,online,FR,wind_onshore,timesfm3_online,TimesFM3 with covariates,weather_4p+tso_forecast,2208,2026-08-12 00:00:00+00:00,6491.5810546875,5840.439942499999,,2026-05-11 15:00:00+00:00,2026-08-11 15:00:00+00:00
2026-08-11,2026-09-18T19:39:18+00:00,online,FR,wind_onshore,timesfm3_online,TimesFM3 with covariates,weather_4p+tso_forecast,2208,2026-08-12 01:00:00+00:00,5818.009765625,5321.3948975,,2026-05-11 15:00:00+00:00,2026-08-11 15:00:00+00:00
2026-08-11,2026-09-18T19:39:18+00:00,online,FR,wind_onshore,timesfm3_online,TimesFM3 with covariates,weather_4p+tso_forecast,2208,2026-08-12 02:00:00+00:00,5365.51416015625,4976.7249775,,2026-05-11 15:00:00+00:00,2026-08-11 15:00:00+00:00
2026-08-11,2026-09-18T19:39:18+00:00,online,FR,wind_onshore,timesfm3_online,TimesFM3 with covariates,weather_4p+tso_forecast,2208,2026-08-12 03:00:00+00:00,4957.5830078125,4706.8725575,,2026-05-11 15:00:00+00:00,2026-08-11 15:00:00+00:00
2026-08-11,2026-09-18T19:39:18+00:00,online,FR,wind_onshore,timesfm3_online,TimesFM3 with covariates,weather_4p+tso_forecast,2208,2026-08-12 04:00:00+00:00,4709.5732421875,4485.5526125,,2026-05-11 15:00:00+00:00,2026-08-11 15:00:00+00:00
2026-08-11,2026-09-18T19:39:18+00:00,online,FR,wind_onshore,timesfm3_online,TimesFM3 with covariates,weather_4p+tso_forecast,2208,2026-08-12 05:00:00+00:00,4439.376953125,4158.3550425,,2026-05-11 15:00:00+00:00,2026-08-11 15:00:00+00:00
2026-08-11,2026-09-18T19:39:18+00:00,online,FR,wind_onshore,timesfm3_online,TimesFM3 with covariates,weather_4p+tso_forecast,2208,2026-08-12 06:00:00+00:00,3627.581298828125,3466.03003,,2026-05-11 15:00:00+00:00,2026-08-11 15:00:00+00:00
2026-08-11,2026-09-18T19:39:18+00:00,online,FR,wind_onshore,timesfm3_online,TimesFM3 with covariates,weather_4p+tso_forecast,2208,2026-08-12 07:00:00+00:00,2273.49951171875,2243.5325325000003,,2026-05-11 15:00:00+00:00,2026-08-11 15:00:00+00:00
2026-08-11,2026-09-18T19:39:18+00:00,online,FR,wind_onshore,timesfm3_online,TimesFM3 with covariates,weather_4p+tso_forecast,2208,2026-08-12 08:00:00+00:00,1373.1953125,1242.6474925,,2026-05-11 15:00:00+00:00,2026-08-11 15:00:00+00:00
2026-08-11,2026-09-18T19:39:18+00:00,online,FR,wind_onshore,timesfm3_online,TimesFM3 with covariates,weather_4p+tso_forecast,2208,2026-08-12 09:00:00+00:00,1237.31884765625,1077.8324575,,2026-05-11 15:00:00+00:00,2026-08-11 15:00:00+00:00
2026-08-11,2026-09-18T19:39:18+00:00,online,FR,wind_onshore,timesfm3_online,TimesFM3 with covariates,weather_4p+tso_forecast,2208,2026-08-12 10:00:00+00:00,1328.8111572265625,1075.3250125,,2026-05-11 15:00:00+00:00,2026-08-11 15:00:00+00:00
2026-08-11,2026-09-18T19:39:18+00:00,online,FR,wind_onshore,timesfm3_online,TimesFM3 with covariates,weather_4p+tso_forecast,2208,2026-08-12 11:00:00+00:00,1379.3695068359375,1098.07504,,2026-05-11 15:00:00+00:00,2026-08-11 15:00:00+00:00
2026-08-11,2026-09-18T19:39:18+00:00,online,FR,wind_onshore,timesfm3_online,TimesFM3 with covariates,weather_4p+tso_forecast,2208,2026-08-12 12:00:00+00:00,1407.4793701171875,1086.4525425000002,,2026-05-11 15:00:00+00:00,2026-08-11 15:00:00+00:00
2026-08-11,2026-09-18T19:39:18+00:00,online,FR,wind_onshore,timesfm3_online,TimesFM3 with covariates,weather_4p+tso_forecast,2208,2026-08-12 13:00:00+00:00,1346.7767333984375,1071.8499775,,2026-05-11 15:00:00+00:00,2026-08-11 15:00:00+00:00
2026-08-11,2026-09-18T19:39:18+00:00,online,FR,wind_onshore,timesfm3_online,TimesFM3 with covariates,weather_4p+tso_forecast,2208,2026-08-12 14:00:00+00:00,1395.6025390625,1069.462555,,2026-05-11 15:00:00+00:00,2026-08-11 15:00:00+00:00
2026-08-11,2026-09-18T19:39:18+00:00,online,FR,wind_onshore,timesfm3_online,TimesFM3 with covariates,weather_4p+tso_forecast,2208,2026-08-12 15:00:00+00:00,1574.1011962890625,1099.619995,,2026-05-11 15:00:00+00:00,2026-08-11 15:00:00+00:00
2026-08-11,2026-09-18T19:39:18+00:00,online,FR,wind_offshore,timesfm3_online,TimesFM3 with covariates,weather_4p+tso_forecast,2208,2026-08-11 16:00:00+00:00,623.8584594726562,551.640015,,2026-05-11 15:00:00+00:00,2026-08-11 15:00:00+00:00
2026-08-11,2026-09-18T19:39:18+00:00,online,FR,wind_offshore,timesfm3_online,TimesFM3 with covariates,weather_4p+tso_forecast,2208,2026-08-11 17:00:00+00:00,707.8330078125,604.4175124999999,,2026-05-11 15:00:00+00:00,2026-08-11 15:00:00+00:00
2026-08-11,2026-09-18T19:39:18+00:00,online,FR,wind_offshore,timesfm3_online,TimesFM3 with covariates,weather_4p+tso_forecast,2208,2026-08-11 18:00:00+00:00,782.2482299804688,684.8375075,,2026-05-11 15:00:00+00:00,2026-08-11 15:00:00+00:00
2026-08-11,2026-09-18T19:39:18+00:00,online,FR,wind_offshore,timesfm3_online,TimesFM3 with covariates,weather_4p+tso_forecast,2208,2026-08-11 19:00:00+00:00,858.291748046875,784.0999899999999,,2026-05-11 15:00:00+00:00,2026-08-11 15:00:00+00:00
2026-08-11,2026-09-18T19:39:18+00:00,online,FR,wind_offshore,timesfm3_online,TimesFM3 with covariates,weather_4p+tso_forecast,2208,2026-08-11 20:00:00+00:00,924.3304443359375,835.55249,,2026-05-11 15:00:00+00:00,2026-08-11 15:00:00+00:00
2026-08-11,2026-09-18T19:39:18+00:00,online,FR,wind_offshore,timesfm3_online,TimesFM3 with covariates,weather_4p+tso_forecast,2208,2026-08-11 21:00:00+00:00,1036.1318359375,868.31,,2026-05-11 15:00:00+00:00,2026-08-11 15:00:00+00:00
2026-08-11,2026-09-18T19:39:18+00:00,online,FR,wind_offshore,timesfm3_online,TimesFM3 with covariates,weather_4p+tso_forecast,2208,2026-08-11 22:00:00+00:00,1032.119873046875,1066.9674725,,2026-05-11 15:00:00+00:00,2026-08-11 15:00:00+00:00
2026-08-11,2026-09-18T19:39:18+00:00,online,FR,wind_offshore,timesfm3_online,TimesFM3 with covariates,weather_4p+tso_forecast,2208,2026-08-11 23:00:00+00:00,995.425537109375,1106.8725275,,2026-05-11 15:00:00+00:00,2026-08-11 15:00:00+00:00
2026-08-11,2026-09-18T19:39:18+00:00,online,FR,wind_offshore,timesfm3_online,TimesFM3 with covariates,weather_4p+tso_forecast,2208,2026-08-12 00:00:00+00:00,887.47216796875,1028.65503,,2026-05-11 15:00:00+00:00,2026-08-11 15:00:00+00:00
2026-08-11,2026-09-18T19:39:18+00:00,online,FR,wind_offshore,timesfm3_online,TimesFM3 with covariates,weather_4p+tso_forecast,2208,2026-08-12 01:00:00+00:00,769.7418823242188,894.344985,,2026-05-11 15:00:00+00:00,2026-08-11 15:00:00+00:00
2026-08-11,2026-09-18T19:39:18+00:00,online,FR,wind_offshore,timesfm3_online,TimesFM3 with covariates,weather_4p+tso_forecast,2208,2026-08-12 02:00:00+00:00,642.2384643554688,771.630005,,2026-05-11 15:00:00+00:00,2026-08-11 15:00:00+00:00
2026-08-11,2026-09-18T19:39:18+00:00,online,FR,wind_offshore,timesfm3_online,TimesFM3 with covariates,weather_4p+tso_forecast,2208,2026-08-12 03:00:00+00:00,525.814697265625,658.2125075,,2026-05-11 15:00:00+00:00,2026-08-11 15:00:00+00:00
2026-08-11,2026-09-18T19:39:18+00:00,online,FR,wind_offshore,timesfm3_online,TimesFM3 with covariates,weather_4p+tso_forecast,2208,2026-08-12 04:00:00+00:00,450.2220458984375,526.35249,,2026-05-11 15:00:00+00:00,2026-08-11 15:00:00+00:00
2026-08-11,2026-09-18T19:39:18+00:00,online,FR,wind_offshore,timesfm3_online,TimesFM3 with covariates,weather_4p+tso_forecast,2208,2026-08-12 05:00:00+00:00,400.21844482421875,415.6549925,,2026-05-11 15:00:00+00:00,2026-08-11 15:00:00+00:00
2026-08-11,2026-09-18T19:39:18+00:00,online,FR,wind_offshore,timesfm3_online,TimesFM3 with covariates,weather_4p+tso_forecast,2208,2026-08-12 06:00:00+00:00,351.5903015136719,337.3049975,,2026-05-11 15:00:00+00:00,2026-08-11 15:00:00+00:00
2026-08-11,2026-09-18T19:39:18+00:00,online,FR,wind_offshore,timesfm3_online,TimesFM3 with covariates,weather_4p+tso_forecast,2208,2026-08-12 07:00:00+00:00,300.428466796875,284.6149975,,2026-05-11 15:00:00+00:00,2026-08-11 15:00:00+00:00
2026-08-11,2026-09-18T19:39:18+00:00,online,FR,wind_offshore,timesfm3_online,TimesFM3 with covariates,weather_4p+tso_forecast,2208,2026-08-12 08:00:00+00:00,252.45181274414062,256.41501500000004,,2026-05-11 15:00:00+00:00,2026-08-11 15:00:00+00:00
2026-08-11,2026-09-18T19:39:18+00:00,online,FR,wind_offshore,timesfm3_online,TimesFM3 with covariates,weather_4p+tso_forecast,2208,2026-08-12 09:00:00+00:00,221.21661376953125,223.13,,2026-05-11 15:00:00+00:00,2026-08-11 15:00:00+00:00
2026-08-11,2026-09-18T19:39:18+00:00,online,FR,wind_offshore,timesfm3_online,TimesFM3 with covariates,weather_4p+tso_forecast,2208,2026-08-12 10:00:00+00:00,197.0712890625,182.567505,,2026-05-11 15:00:00+00:00,2026-08-11 15:00:00+00:00
2026-08-11,2026-09-18T19:39:18+00:00,online,FR,wind_offshore,timesfm3_online,TimesFM3 with covariates,weather_4p+tso_forecast,2208,2026-08-12 11:00:00+00:00,183.39761352539062,163.3275,,2026-05-11 15:00:00+00:00,2026-08-11 15:00:00+00:00
2026-08-11,2026-09-18T19:39:18+00:00,online,FR,wind_offshore,timesfm3_online,TimesFM3 with covariates,weather_4p+tso_forecast,2208,2026-08-12 12:00:00+00:00,190.56884765625,180.3175,,2026-05-11 15:00:00+00:00,2026-08-11 15:00:00+00:00
2026-08-11,2026-09-18T19:39:18+00:00,online,FR,wind_offshore,timesfm3_online,TimesFM3 with covariates,weather_4p+tso_forecast,2208,2026-08-12 13:00:00+00:00,211.63385009765625,216.932495,,2026-05-11 15:00:00+00:00,2026-08-11 15:00:00+00:00
2026-08-11,2026-09-18T19:39:18+00:00,online,FR,wind_offshore,timesfm3_online,TimesFM3 with covariates,weather_4p+tso_forecast,2208,2026-08-12 14:00:00+00:00,261.5610656738281,262.1549975,,2026-05-11 15:00:00+00:00,2026-08-11 15:00:00+00:00
2026-08-11,2026-09-18T19:39:18+00:00,online,FR,wind_offshore,timesfm3_online,TimesFM3 with covariates,weather_4p+tso_forecast,2208,2026-08-12 15:00:00+00:00,334.6641845703125,330.03499750000003,,2026-05-11 15:00:00+00:00,2026-08-11 15:00:00+00:00
2026-08-11,2026-09-18T19:39:18+00:00,online,DE,load,timesfm3_online,TimesFM3 with covariates,Hum+tso_forecast,2208,2026-08-11 16:00:00+00:00,52513.76171875,55592.837085,,2026-05-11 15:00:00+00:00,2026-08-11 15:00:00+00:00
2026-08-11,2026-09-18T19:39:18+00:00,online,DE,load,timesfm3_online,TimesFM3 with covariates,Hum+tso_forecast,2208,2026-08-11 17:00:00+00:00,52773.3828125,55281.4892465,,2026-05-11 15:00:00+00:00,2026-08-11 15:00:00+00:00
2026-08-11,2026-09-18T19:39:18+00:00,online,DE,load,timesfm3_online,TimesFM3 with covariates,Hum+tso_forecast,2208,2026-08-11 18:00:00+00:00,51553.8203125,53934.74750125,,2026-05-11 15:00:00+00:00,2026-08-11 15:00:00+00:00
2026-08-11,2026-09-18T19:39:18+00:00,online,DE,load,timesfm3_online,TimesFM3 with covariates,Hum+tso_forecast,2208,2026-08-11 19:00:00+00:00,49753.3984375,51959.000923,,2026-05-11 15:00:00+00:00,2026-08-11 15:00:00+00:00
2026-08-11,2026-09-18T19:39:18+00:00,online,DE,load,timesfm3_online,TimesFM3 with covariates,Hum+tso_forecast,2208,2026-08-11 20:00:00+00:00,47488.66015625,48956.861767,,2026-05-11 15:00:00+00:00,2026-08-11 15:00:00+00:00
2026-08-11,2026-09-18T19:39:18+00:00,online,DE,load,timesfm3_online,TimesFM3 with covariates,Hum+tso_forecast,2208,2026-08-11 21:00:00+00:00,45072.1796875,45781.704567,,2026-05-11 15:00:00+00:00,2026-08-11 15:00:00+00:00
2026-08-11,2026-09-18T19:39:18+00:00,online,DE,load,timesfm3_online,TimesFM3 with covariates,Hum+tso_forecast,2208,2026-08-11 22:00:00+00:00,42841.47265625,42907.3904425,,2026-05-11 15:00:00+00:00,2026-08-11 15:00:00+00:00
2026-08-11,2026-09-18T19:39:18+00:00,online,DE,load,timesfm3_online,TimesFM3 with covariates,Hum+tso_forecast,2208,2026-08-11 23:00:00+00:00,41828.10546875,41441.86770775,,2026-05-11 15:00:00+00:00,2026-08-11 15:00:00+00:00
2026-08-11,2026-09-18T19:39:18+00:00,online,DE,load,timesfm3_online,TimesFM3 with covariates,Hum+tso_forecast,2208,2026-08-12 00:00:00+00:00,41167.99609375,40732.1183505,,2026-05-11 15:00:00+00:00,2026-08-11 15:00:00+00:00
2026-08-11,2026-09-18T19:39:18+00:00,online,DE,load,timesfm3_online,TimesFM3 with covariates,Hum+tso_forecast,2208,2026-08-12 01:00:00+00:00,41057.53515625,40568.92670075,,2026-05-11 15:00:00+00:00,2026-08-11 15:00:00+00:00
2026-08-11,2026-09-18T19:39:18+00:00,online,DE,load,timesfm3_online,TimesFM3 with covariates,Hum+tso_forecast,2208,2026-08-12 02:00:00+00:00,41644.05859375,42025.84022575,,2026-05-11 15:00:00+00:00,2026-08-11 15:00:00+00:00
2026-08-11,2026-09-18T19:39:18+00:00,online,DE,load,timesfm3_online,TimesFM3 with covariates,Hum+tso_forecast,2208,2026-08-12 03:00:00+00:00,43850.8828125,44919.70276475,,2026-05-11 15:00:00+00:00,2026-08-11 15:00:00+00:00
2026-08-11,2026-09-18T19:39:18+00:00,online,DE,load,timesfm3_online,TimesFM3 with covariates,Hum+tso_forecast,2208,2026-08-12 04:00:00+00:00,47960.51953125,50375.414336,,2026-05-11 15:00:00+00:00,2026-08-11 15:00:00+00:00
2026-08-11,2026-09-18T19:39:18+00:00,online,DE,load,timesfm3_online,TimesFM3 with covariates,Hum+tso_forecast,2208,2026-08-12 05:00:00+00:00,52440.36328125,54887.64997475,,2026-05-11 15:00:00+00:00,2026-08-11 15:00:00+00:00
2026-08-11,2026-09-18T19:39:18+00:00,online,DE,load,timesfm3_online,TimesFM3 with covariates,Hum+tso_forecast,2208,2026-08-12 06:00:00+00:00,55829.9765625,57818.554172250006,,2026-05-11 15:00:00+00:00,2026-08-11 15:00:00+00:00
2026-08-11,2026-09-18T19:39:18+00:00,online,DE,load,timesfm3_online,TimesFM3 with covariates,Hum+tso_forecast,2208,2026-08-12 07:00:00+00:00,57223.7265625,58459.61217125,,2026-05-11 15:00:00+00:00,2026-08-11 15:00:00+00:00
2026-08-11,2026-09-18T19:39:18+00:00,online,DE,load,timesfm3_online,TimesFM3 with covariates,Hum+tso_forecast,2208,2026-08-12 08:00:00+00:00,57545.234375,58302.39472025,,2026-05-11 15:00:00+00:00,2026-08-11 15:00:00+00:00
2026-08-11,2026-09-18T19:39:18+00:00,online,DE,load,timesfm3_online,TimesFM3 with covariates,Hum+tso_forecast,2208,2026-08-12 09:00:00+00:00,57440.53515625,57976.121569,,2026-05-11 15:00:00+00:00,2026-08-11 15:00:00+00:00
2026-08-11,2026-09-18T19:39:18+00:00,online,DE,load,timesfm3_online,TimesFM3 with covariates,Hum+tso_forecast,2208,2026-08-12 10:00:00+00:00,56959.3984375,57342.3867535,,2026-05-11 15:00:00+00:00,2026-08-11 15:00:00+00:00
2026-08-11,2026-09-18T19:39:18+00:00,online,DE,load,timesfm3_online,TimesFM3 with covariates,Hum+tso_forecast,2208,2026-08-12 11:00:00+00:00,56249.1796875,56136.82387925,,2026-05-11 15:00:00+00:00,2026-08-11 15:00:00+00:00
2026-08-11,2026-09-18T19:39:18+00:00,online,DE,load,timesfm3_online,TimesFM3 with covariates,Hum+tso_forecast,2208,2026-08-12 12:00:00+00:00,55210.06640625,55819.362452,,2026-05-11 15:00:00+00:00,2026-08-11 15:00:00+00:00
2026-08-11,2026-09-18T19:39:18+00:00,online,DE,load,timesfm3_online,TimesFM3 with covariates,Hum+tso_forecast,2208,2026-08-12 13:00:00+00:00,53885.859375,54619.712346,,2026-05-11 15:00:00+00:00,2026-08-11 15:00:00+00:00
2026-08-11,2026-09-18T19:39:18+00:00,online,DE,load,timesfm3_online,TimesFM3 with covariates,Hum+tso_forecast,2208,2026-08-12 14:00:00+00:00,53347.4296875,54764.53767475,,2026-05-11 15:00:00+00:00,2026-08-11 15:00:00+00:00
2026-08-11,2026-09-18T19:39:18+00:00,online,DE,load,timesfm3_online,TimesFM3 with covariates,Hum+tso_forecast,2208,2026-08-12 15:00:00+00:00,53247.42578125,55282.90820525,,2026-05-11 15:00:00+00:00,2026-08-11 15:00:00+00:00
2026-08-11,2026-09-18T19:39:18+00:00,online,DE,solar,timesfm3_online,TimesFM3 with covariates,weather_4p+tso_forecast,2208,2026-08-11 16:00:00+00:00,17976.78125,17162.701087499998,,2026-05-11 15:00:00+00:00,2026-08-11 15:00:00+00:00
2026-08-11,2026-09-18T19:39:18+00:00,online,DE,solar,timesfm3_online,TimesFM3 with covariates,weather_4p+tso_forecast,2208,2026-08-11 17:00:00+00:00,6603.6904296875,5948.379222500001,,2026-05-11 15:00:00+00:00,2026-08-11 15:00:00+00:00
2026-08-11,2026-09-18T19:39:18+00:00,online,DE,solar,timesfm3_online,TimesFM3 with covariates,weather_4p+tso_forecast,2208,2026-08-11 18:00:00+00:00,1444.697265625,813.6743225,,2026-05-11 15:00:00+00:00,2026-08-11 15:00:00+00:00
2026-08-11,2026-09-18T19:39:18+00:00,online,DE,solar,timesfm3_online,TimesFM3 with covariates,weather_4p+tso_forecast,2208,2026-08-11 19:00:00+00:00,80.8564453125,8.13433,,2026-05-11 15:00:00+00:00,2026-08-11 15:00:00+00:00
2026-08-11,2026-09-18T19:39:18+00:00,online,DE,solar,timesfm3_online,TimesFM3 with covariates,weather_4p+tso_forecast,2208,2026-08-11 20:00:00+00:00,108.3466796875,0.0,,2026-05-11 15:00:00+00:00,2026-08-11 15:00:00+00:00
2026-08-11,2026-09-18T19:39:18+00:00,online,DE,solar,timesfm3_online,TimesFM3 with covariates,weather_4p+tso_forecast,2208,2026-08-11 21:00:00+00:00,284.4970703125,0.0,,2026-05-11 15:00:00+00:00,2026-08-11 15:00:00+00:00
2026-08-11,2026-09-18T19:39:18+00:00,online,DE,solar,timesfm3_online,TimesFM3 with covariates,weather_4p+tso_forecast,2208,2026-08-11 22:00:00+00:00,490.716796875,0.0,,2026-05-11 15:00:00+00:00,2026-08-11 15:00:00+00:00
2026-08-11,2026-09-18T19:39:18+00:00,online,DE,solar,timesfm3_online,TimesFM3 with covariates,weather_4p+tso_forecast,2208,2026-08-11 23:00:00+00:00,589.58203125,0.0,,2026-05-11 15:00:00+00:00,2026-08-11 15:00:00+00:00
2026-08-11,2026-09-18T19:39:18+00:00,online,DE,solar,timesfm3_online,TimesFM3 with covariates,weather_4p+tso_forecast,2208,2026-08-12 00:00:00+00:00,602.8623046875,0.0,,2026-05-11 15:00:00+00:00,2026-08-11 15:00:00+00:00
2026-08-11,2026-09-18T19:39:18+00:00,online,DE,solar,timesfm3_online,TimesFM3 with covariates,weather_4p+tso_forecast,2208,2026-08-12 01:00:00+00:00,418.1904296875,0.0,,2026-05-11 15:00:00+00:00,2026-08-11 15:00:00+00:00
2026-08-11,2026-09-18T19:39:18+00:00,online,DE,solar,timesfm3_online,TimesFM3 with covariates,weather_4p+tso_forecast,2208,2026-08-12 02:00:00+00:00,295.6591796875,0.0,,2026-05-11 15:00:00+00:00,2026-08-11 15:00:00+00:00
2026-08-11,2026-09-18T19:39:18+00:00,online,DE,solar,timesfm3_online,TimesFM3 with covariates,weather_4p+tso_forecast,2208,2026-08-12 03:00:00+00:00,245.9814453125,12.870195,,2026-05-11 15:00:00+00:00,2026-08-11 15:00:00+00:00
2026-08-11,2026-09-18T19:39:18+00:00,online,DE,solar,timesfm3_online,TimesFM3 with covariates,weather_4p+tso_forecast,2208,2026-08-12 04:00:00+00:00,1931.3759765625,1651.6132874999998,,2026-05-11 15:00:00+00:00,2026-08-11 15:00:00+00:00
2026-08-11,2026-09-18T19:39:18+00:00,online,DE,solar,timesfm3_online,TimesFM3 with covariates,weather_4p+tso_forecast,2208,2026-08-12 05:00:00+00:00,9657.8154296875,8741.97791,,2026-05-11 15:00:00+00:00,2026-08-11 15:00:00+00:00
2026-08-11,2026-09-18T19:39:18+00:00,online,DE,solar,timesfm3_online,TimesFM3 with covariates,weather_4p+tso_forecast,2208,2026-08-12 06:00:00+00:00,23095.3203125,21696.316585,,2026-05-11 15:00:00+00:00,2026-08-11 15:00:00+00:00
2026-08-11,2026-09-18T19:39:18+00:00,online,DE,solar,timesfm3_online,TimesFM3 with covariates,weather_4p+tso_forecast,2208,2026-08-12 07:00:00+00:00,37310.87890625,35091.2205675,,2026-05-11 15:00:00+00:00,2026-08-11 15:00:00+00:00
2026-08-11,2026-09-18T19:39:18+00:00,online,DE,solar,timesfm3_online,TimesFM3 with covariates,weather_4p+tso_forecast,2208,2026-08-12 08:00:00+00:00,47849.76171875,45569.987085,,2026-05-11 15:00:00+00:00,2026-08-11 15:00:00+00:00
2026-08-11,2026-09-18T19:39:18+00:00,online,DE,solar,timesfm3_online,TimesFM3 with covariates,weather_4p+tso_forecast,2208,2026-08-12 09:00:00+00:00,53641.35546875,52765.1068075,,2026-05-11 15:00:00+00:00,2026-08-11 15:00:00+00:00
2026-08-11,2026-09-18T19:39:18+00:00,online,DE,solar,timesfm3_online,TimesFM3 with covariates,weather_4p+tso_forecast,2208,2026-08-12 10:00:00+00:00,56701.13671875,56762.2478275,,2026-05-11 15:00:00+00:00,2026-08-11 15:00:00+00:00
2026-08-11,2026-09-18T19:39:18+00:00,online,DE,solar,timesfm3_online,TimesFM3 with covariates,weather_4p+tso_forecast,2208,2026-08-12 11:00:00+00:00,56886.1328125,57879.26732,,2026-05-11 15:00:00+00:00,2026-08-11 15:00:00+00:00
2026-08-11,2026-09-18T19:39:18+00:00,online,DE,solar,timesfm3_online,TimesFM3 with covariates,weather_4p+tso_forecast,2208,2026-08-12 12:00:00+00:00,54808.00390625,55901.654905,,2026-05-11 15:00:00+00:00,2026-08-11 15:00:00+00:00
2026-08-11,2026-09-18T19:39:18+00:00,online,DE,solar,timesfm3_online,TimesFM3 with covariates,weather_4p+tso_forecast,2208,2026-08-12 13:00:00+00:00,49843.71484375,50834.6501375,,2026-05-11 15:00:00+00:00,2026-08-11 15:00:00+00:00
2026-08-11,2026-09-18T19:39:18+00:00,online,DE,solar,timesfm3_online,TimesFM3 with covariates,weather_4p+tso_forecast,2208,2026-08-12 14:00:00+00:00,41373.5234375,42767.62831,,2026-05-11 15:00:00+00:00,2026-08-11 15:00:00+00:00
2026-08-11,2026-09-18T19:39:18+00:00,online,DE,solar,timesfm3_online,TimesFM3 with covariates,weather_4p+tso_forecast,2208,2026-08-12 15:00:00+00:00,30345.4765625,31401.26857,,2026-05-11 15:00:00+00:00,2026-08-11 15:00:00+00:00
2026-08-11,2026-09-18T19:39:18+00:00,online,DE,wind_onshore,timesfm3_online,TimesFM3 with covariates,weather_4p+tso_forecast,2208,2026-08-11 16:00:00+00:00,7315.935546875,7072.553355,,2026-05-11 15:00:00+00:00,2026-08-11 15:00:00+00:00
2026-08-11,2026-09-18T19:39:18+00:00,online,DE,wind_onshore,timesfm3_online,TimesFM3 with covariates,weather_4p+tso_forecast,2208,2026-08-11 17:00:00+00:00,7170.75927734375,6849.424660000001,,2026-05-11 15:00:00+00:00,2026-08-11 15:00:00+00:00
2026-08-11,2026-09-18T19:39:18+00:00,online,DE,wind_onshore,timesfm3_online,TimesFM3 with covariates,weather_4p+tso_forecast,2208,2026-08-11 18:00:00+00:00,7240.32470703125,7254.7902525,,2026-05-11 15:00:00+00:00,2026-08-11 15:00:00+00:00
2026-08-11,2026-09-18T19:39:18+00:00,online,DE,wind_onshore,timesfm3_online,TimesFM3 with covariates,weather_4p+tso_forecast,2208,2026-08-11 19:00:00+00:00,7531.958984375,7953.7043125,,2026-05-11 15:00:00+00:00,2026-08-11 15:00:00+00:00
2026-08-11,2026-09-18T19:39:18+00:00,online,DE,wind_onshore,timesfm3_online,TimesFM3 with covariates,weather_4p+tso_forecast,2208,2026-08-11 20:00:00+00:00,8225.7646484375,8714.7336275,,2026-05-11 15:00:00+00:00,2026-08-11 15:00:00+00:00
2026-08-11,2026-09-18T19:39:18+00:00,online,DE,wind_onshore,timesfm3_online,TimesFM3 with covariates,weather_4p+tso_forecast,2208,2026-08-11 21:00:00+00:00,8435.3564453125,8788.67202,,2026-05-11 15:00:00+00:00,2026-08-11 15:00:00+00:00
2026-08-11,2026-09-18T19:39:18+00:00,online,DE,wind_onshore,timesfm3_online,TimesFM3 with covariates,weather_4p+tso_forecast,2208,2026-08-11 22:00:00+00:00,8011.20166015625,7992.1516675,,2026-05-11 15:00:00+00:00,2026-08-11 15:00:00+00:00
2026-08-11,2026-09-18T19:39:18+00:00,online,DE,wind_onshore,timesfm3_online,TimesFM3 with covariates,weather_4p+tso_forecast,2208,2026-08-11 23:00:00+00:00,7386.7109375,7240.67167,,2026-05-11 15:00:00+00:00,2026-08-11 15:00:00+00:00
2026-08-11,2026-09-18T19:39:18+00:00,online,DE,wind_onshore,timesfm3_online,TimesFM3 with covariates,weather_4p+tso_forecast,2208,2026-08-12 00:00:00+00:00,6667.76806640625,6737.126245,,2026-05-11 15:00:00+00:00,2026-08-11 15:00:00+00:00
2026-08-11,2026-09-18T19:39:18+00:00,online,DE,wind_onshore,timesfm3_online,TimesFM3 with covariates,weather_4p+tso_forecast,2208,2026-08-12 01:00:00+00:00,6019.15234375,6238.5892725,,2026-05-11 15:00:00+00:00,2026-08-11 15:00:00+00:00
2026-08-11,2026-09-18T19:39:18+00:00,online,DE,wind_onshore,timesfm3_online,TimesFM3 with covariates,weather_4p+tso_forecast,2208,2026-08-12 02:00:00+00:00,5351.916015625,5848.1413725,,2026-05-11 15:00:00+00:00,2026-08-11 15:00:00+00:00
2026-08-11,2026-09-18T19:39:18+00:00,online,DE,wind_onshore,timesfm3_online,TimesFM3 with covariates,weather_4p+tso_forecast,2208,2026-08-12 03:00:00+00:00,5077.3779296875,5560.8711875,,2026-05-11 15:00:00+00:00,2026-08-11 15:00:00+00:00
2026-08-11,2026-09-18T19:39:18+00:00,online,DE,wind_onshore,timesfm3_online,TimesFM3 with covariates,weather_4p+tso_forecast,2208,2026-08-12 04:00:00+00:00,5208.17626953125,5402.14755,,2026-05-11 15:00:00+00:00,2026-08-11 15:00:00+00:00
2026-08-11,2026-09-18T19:39:18+00:00,online,DE,wind_onshore,timesfm3_online,TimesFM3 with covariates,weather_4p+tso_forecast,2208,2026-08-12 05:00:00+00:00,4817.9814453125,5011.7380125,,2026-05-11 15:00:00+00:00,2026-08-11 15:00:00+00:00
2026-08-11,2026-09-18T19:39:18+00:00,online,DE,wind_onshore,timesfm3_online,TimesFM3 with covariates,weather_4p+tso_forecast,2208,2026-08-12 06:00:00+00:00,3425.54052734375,3686.0527975,,2026-05-11 15:00:00+00:00,2026-08-11 15:00:00+00:00
2026-08-11,2026-09-18T19:39:18+00:00,online,DE,wind_onshore,timesfm3_online,TimesFM3 with covariates,weather_4p+tso_forecast,2208,2026-08-12 07:00:00+00:00,1801.9248046875,2031.3276,,2026-05-11 15:00:00+00:00,2026-08-11 15:00:00+00:00
2026-08-11,2026-09-18T19:39:18+00:00,online,DE,wind_onshore,timesfm3_online,TimesFM3 with covariates,weather_4p+tso_forecast,2208,2026-08-12 08:00:00+00:00,1323.81787109375,1479.4335175,,2026-05-11 15:00:00+00:00,2026-08-11 15:00:00+00:00
2026-08-11,2026-09-18T19:39:18+00:00,online,DE,wind_onshore,timesfm3_online,TimesFM3 with covariates,weather_4p+tso_forecast,2208,2026-08-12 09:00:00+00:00,1225.4765625,1312.8509325,,2026-05-11 15:00:00+00:00,2026-08-11 15:00:00+00:00
2026-08-11,2026-09-18T19:39:18+00:00,online,DE,wind_onshore,timesfm3_online,TimesFM3 with covariates,weather_4p+tso_forecast,2208,2026-08-12 10:00:00+00:00,1176.7890625,1219.118955,,2026-05-11 15:00:00+00:00,2026-08-11 15:00:00+00:00
2026-08-11,2026-09-18T19:39:18+00:00,online,DE,wind_onshore,timesfm3_online,TimesFM3 with covariates,weather_4p+tso_forecast,2208,2026-08-12 11:00:00+00:00,1154.623046875,1121.9780575,,2026-05-11 15:00:00+00:00,2026-08-11 15:00:00+00:00
2026-08-11,2026-09-18T19:39:18+00:00,online,DE,wind_onshore,timesfm3_online,TimesFM3 with covariates,weather_4p+tso_forecast,2208,2026-08-12 12:00:00+00:00,1270.474609375,1140.26771,,2026-05-11 15:00:00+00:00,2026-08-11 15:00:00+00:00
2026-08-11,2026-09-18T19:39:18+00:00,online,DE,wind_onshore,timesfm3_online,TimesFM3 with covariates,weather_4p+tso_forecast,2208,2026-08-12 13:00:00+00:00,1312.89013671875,1250.9496399999998,,2026-05-11 15:00:00+00:00,2026-08-11 15:00:00+00:00
2026-08-11,2026-09-18T19:39:18+00:00,online,DE,wind_onshore,timesfm3_online,TimesFM3 with covariates,weather_4p+tso_forecast,2208,2026-08-12 14:00:00+00:00,1598.81298828125,1507.15464,,2026-05-11 15:00:00+00:00,2026-08-11 15:00:00+00:00
2026-08-11,2026-09-18T19:39:18+00:00,online,DE,wind_onshore,timesfm3_online,TimesFM3 with covariates,weather_4p+tso_forecast,2208,2026-08-12 15:00:00+00:00,2199.7353515625,1936.72472,,2026-05-11 15:00:00+00:00,2026-08-11 15:00:00+00:00
2026-08-11,2026-09-18T19:39:18+00:00,online,DE,wind_offshore,timesfm3_online,TimesFM3 with covariates,weather_4p+tso_forecast,2208,2026-08-11 16:00:00+00:00,1223.7957763671875,1117.5525,,2026-05-11 15:00:00+00:00,2026-08-11 15:00:00+00:00
2026-08-11,2026-09-18T19:39:18+00:00,online,DE,wind_offshore,timesfm3_online,TimesFM3 with covariates,weather_4p+tso_forecast,2208,2026-08-11 17:00:00+00:00,1098.8377685546875,989.875,,2026-05-11 15:00:00+00:00,2026-08-11 15:00:00+00:00
2026-08-11,2026-09-18T19:39:18+00:00,online,DE,wind_offshore,timesfm3_online,TimesFM3 with covariates,weather_4p+tso_forecast,2208,2026-08-11 18:00:00+00:00,933.0289306640625,839.2974999999999,,2026-05-11 15:00:00+00:00,2026-08-11 15:00:00+00:00
2026-08-11,2026-09-18T19:39:18+00:00,online,DE,wind_offshore,timesfm3_online,TimesFM3 with covariates,weather_4p+tso_forecast,2208,2026-08-11 19:00:00+00:00,711.6282958984375,669.3125,,2026-05-11 15:00:00+00:00,2026-08-11 15:00:00+00:00
2026-08-11,2026-09-18T19:39:18+00:00,online,DE,wind_offshore,timesfm3_online,TimesFM3 with covariates,weather_4p+tso_forecast,2208,2026-08-11 20:00:00+00:00,528.707763671875,522.6925,,2026-05-11 15:00:00+00:00,2026-08-11 15:00:00+00:00
2026-08-11,2026-09-18T19:39:18+00:00,online,DE,wind_offshore,timesfm3_online,TimesFM3 with covariates,weather_4p+tso_forecast,2208,2026-08-11 21:00:00+00:00,356.4488525390625,406.1675,,2026-05-11 15:00:00+00:00,2026-08-11 15:00:00+00:00
2026-08-11,2026-09-18T19:39:18+00:00,online,DE,wind_offshore,timesfm3_online,TimesFM3 with covariates,weather_4p+tso_forecast,2208,2026-08-11 22:00:00+00:00,212.328857421875,257.1325,,2026-05-11 15:00:00+00:00,2026-08-11 15:00:00+00:00
2026-08-11,2026-09-18T19:39:18+00:00,online,DE,wind_offshore,timesfm3_online,TimesFM3 with covariates,weather_4p+tso_forecast,2208,2026-08-11 23:00:00+00:00,136.160888671875,206.0225,,2026-05-11 15:00:00+00:00,2026-08-11 15:00:00+00:00
2026-08-11,2026-09-18T19:39:18+00:00,online,DE,wind_offshore,timesfm3_online,TimesFM3 with covariates,weather_4p+tso_forecast,2208,2026-08-12 00:00:00+00:00,104.02490234375,168.915,,2026-05-11 15:00:00+00:00,2026-08-11 15:00:00+00:00
2026-08-11,2026-09-18T19:39:18+00:00,online,DE,wind_offshore,timesfm3_online,TimesFM3 with covariates,weather_4p+tso_forecast,2208,2026-08-12 01:00:00+00:00,96.99755859375,144.23,,2026-05-11 15:00:00+00:00,2026-08-11 15:00:00+00:00
2026-08-11,2026-09-18T19:39:18+00:00,online,DE,wind_offshore,timesfm3_online,TimesFM3 with covariates,weather_4p+tso_forecast,2208,2026-08-12 02:00:00+00:00,54.134521484375,128.17000000000002,,2026-05-11 15:00:00+00:00,2026-08-11 15:00:00+00:00
2026-08-11,2026-09-18T19:39:18+00:00,online,DE,wind_offshore,timesfm3_online,TimesFM3 with covariates,weather_4p+tso_forecast,2208,2026-08-12 03:00:00+00:00,35.598876953125,112.5875,,2026-05-11 15:00:00+00:00,2026-08-11 15:00:00+00:00
2026-08-11,2026-09-18T19:39:18+00:00,online,DE,wind_offshore,timesfm3_online,TimesFM3 with covariates,weather_4p+tso_forecast,2208,2026-08-12 04:00:00+00:00,48.655029296875,97.515,,2026-05-11 15:00:00+00:00,2026-08-11 15:00:00+00:00
2026-08-11,2026-09-18T19:39:18+00:00,online,DE,wind_offshore,timesfm3_online,TimesFM3 with covariates,weather_4p+tso_forecast,2208,2026-08-12 05:00:00+00:00,53.950927734375,82.7825,,2026-05-11 15:00:00+00:00,2026-08-11 15:00:00+00:00
2026-08-11,2026-09-18T19:39:18+00:00,online,DE,wind_offshore,timesfm3_online,TimesFM3 with covariates,weather_4p+tso_forecast,2208,2026-08-12 06:00:00+00:00,72.754150390625,78.88499999999999,,2026-05-11 15:00:00+00:00,2026-08-11 15:00:00+00:00
2026-08-11,2026-09-18T19:39:18+00:00,online,DE,wind_offshore,timesfm3_online,TimesFM3 with covariates,weather_4p+tso_forecast,2208,2026-08-12 07:00:00+00:00,80.682861328125,85.4625,,2026-05-11 15:00:00+00:00,2026-08-11 15:00:00+00:00
2026-08-11,2026-09-18T19:39:18+00:00,online,DE,wind_offshore,timesfm3_online,TimesFM3 with covariates,weather_4p+tso_forecast,2208,2026-08-12 08:00:00+00:00,105.031982421875,89.3025,,2026-05-11 15:00:00+00:00,2026-08-11 15:00:00+00:00
2026-08-11,2026-09-18T19:39:18+00:00,online,DE,wind_offshore,timesfm3_online,TimesFM3 with covariates,weather_4p+tso_forecast,2208,2026-08-12 09:00:00+00:00,142.86181640625,99.2725,,2026-05-11 15:00:00+00:00,2026-08-11 15:00:00+00:00
2026-08-11,2026-09-18T19:39:18+00:00,online,DE,wind_offshore,timesfm3_online,TimesFM3 with covariates,weather_4p+tso_forecast,2208,2026-08-12 10:00:00+00:00,164.6767578125,121.8275,,2026-05-11 15:00:00+00:00,2026-08-11 15:00:00+00:00
2026-08-11,2026-09-18T19:39:18+00:00,online,DE,wind_offshore,timesfm3_online,TimesFM3 with covariates,weather_4p+tso_forecast,2208,2026-08-12 11:00:00+00:00,200.576904296875,146.34500000000003,,2026-05-11 15:00:00+00:00,2026-08-11 15:00:00+00:00
2026-08-11,2026-09-18T19:39:18+00:00,online,DE,wind_offshore,timesfm3_online,TimesFM3 with covariates,weather_4p+tso_forecast,2208,2026-08-12 12:00:00+00:00,256.270263671875,165.13,,2026-05-11 15:00:00+00:00,2026-08-11 15:00:00+00:00
2026-08-11,2026-09-18T19:39:18+00:00,online,DE,wind_offshore,timesfm3_online,TimesFM3 with covariates,weather_4p+tso_forecast,2208,2026-08-12 13:00:00+00:00,298.16845703125,217.74,,2026-05-11 15:00:00+00:00,2026-08-11 15:00:00+00:00
2026-08-11,2026-09-18T19:39:18+00:00,online,DE,wind_offshore,timesfm3_online,TimesFM3 with covariates,weather_4p+tso_forecast,2208,2026-08-12 14:00:00+00:00,418.0352783203125,297.775,,2026-05-11 15:00:00+00:00,2026-08-11 15:00:00+00:00
2026-08-11,2026-09-18T19:39:18+00:00,online,DE,wind_offshore,timesfm3_online,TimesFM3 with covariates,weather_4p+tso_forecast,2208,2026-08-12 15:00:00+00:00,628.732177734375,430.495,,2026-05-11 15:00:00+00:00,2026-08-11 15:00:00+00:00
