source,run_date,run_at,zone,target,model,model_label,covariate_case,context_hours,timestamp,forecast_mw,actual_mw,tso_forecast_mw,context_start,context_end
historical_mock_realized,2025-12-20,2025-12-20 18:00:00+00:00,BE,load,tso_reference,TSO forecast,tso_forecast,2208,2025-12-20 18:00:00+00:00,10597.675,9902.58,,2025-09-19 18:00:00+00:00,2025-12-20 17:00:00+00:00
historical_mock_realized,2025-12-20,2025-12-20 18:00:00+00:00,BE,load,tso_reference,TSO forecast,tso_forecast,2208,2025-12-20 19:00:00+00:00,10107.095,9454.365,,2025-09-19 18:00:00+00:00,2025-12-20 17:00:00+00:00
historical_mock_realized,2025-12-20,2025-12-20 18:00:00+00:00,BE,load,tso_reference,TSO forecast,tso_forecast,2208,2025-12-20 20:00:00+00:00,9753.8925,9040.965,,2025-09-19 18:00:00+00:00,2025-12-20 17:00:00+00:00
historical_mock_realized,2025-12-20,2025-12-20 18:00:00+00:00,BE,load,tso_reference,TSO forecast,tso_forecast,2208,2025-12-20 21:00:00+00:00,9653.185,8838.015,,2025-09-19 18:00:00+00:00,2025-12-20 17:00:00+00:00
historical_mock_realized,2025-12-20,2025-12-20 18:00:00+00:00,BE,load,tso_reference,TSO forecast,tso_forecast,2208,2025-12-20 22:00:00+00:00,9591.015,8700.6425,,2025-09-19 18:00:00+00:00,2025-12-20 17:00:00+00:00
historical_mock_realized,2025-12-20,2025-12-20 18:00:00+00:00,BE,load,tso_reference,TSO forecast,tso_forecast,2208,2025-12-20 23:00:00+00:00,8982.075,8266.885,,2025-09-19 18:00:00+00:00,2025-12-20 17:00:00+00:00
historical_mock_realized,2025-12-20,2025-12-20 18:00:00+00:00,BE,load,tso_reference,TSO forecast,tso_forecast,2208,2025-12-21 00:00:00+00:00,8481.75,7921.7725,,2025-09-19 18:00:00+00:00,2025-12-20 17:00:00+00:00
historical_mock_realized,2025-12-20,2025-12-20 18:00:00+00:00,BE,load,tso_reference,TSO forecast,tso_forecast,2208,2025-12-21 01:00:00+00:00,8148.795,7779.3975,,2025-09-19 18:00:00+00:00,2025-12-20 17:00:00+00:00
historical_mock_realized,2025-12-20,2025-12-20 18:00:00+00:00,BE,load,tso_reference,TSO forecast,tso_forecast,2208,2025-12-21 02:00:00+00:00,7945.54,7635.955,,2025-09-19 18:00:00+00:00,2025-12-20 17:00:00+00:00
historical_mock_realized,2025-12-20,2025-12-20 18:00:00+00:00,BE,load,tso_reference,TSO forecast,tso_forecast,2208,2025-12-21 03:00:00+00:00,7911.375,7531.5325,,2025-09-19 18:00:00+00:00,2025-12-20 17:00:00+00:00
historical_mock_realized,2025-12-20,2025-12-20 18:00:00+00:00,BE,load,tso_reference,TSO forecast,tso_forecast,2208,2025-12-21 04:00:00+00:00,8038.335,7562.76,,2025-09-19 18:00:00+00:00,2025-12-20 17:00:00+00:00
historical_mock_realized,2025-12-20,2025-12-20 18:00:00+00:00,BE,load,tso_reference,TSO forecast,tso_forecast,2208,2025-12-21 05:00:00+00:00,8314.9925,7764.110000000001,,2025-09-19 18:00:00+00:00,2025-12-20 17:00:00+00:00
historical_mock_realized,2025-12-20,2025-12-20 18:00:00+00:00,BE,load,tso_reference,TSO forecast,tso_forecast,2208,2025-12-21 06:00:00+00:00,8655.032500000001,8082.495,,2025-09-19 18:00:00+00:00,2025-12-20 17:00:00+00:00
historical_mock_realized,2025-12-20,2025-12-20 18:00:00+00:00,BE,load,tso_reference,TSO forecast,tso_forecast,2208,2025-12-21 07:00:00+00:00,9084.845,8516.029999999999,,2025-09-19 18:00:00+00:00,2025-12-20 17:00:00+00:00
historical_mock_realized,2025-12-20,2025-12-20 18:00:00+00:00,BE,load,tso_reference,TSO forecast,tso_forecast,2208,2025-12-21 08:00:00+00:00,9462.9875,9053.315,,2025-09-19 18:00:00+00:00,2025-12-20 17:00:00+00:00
historical_mock_realized,2025-12-20,2025-12-20 18:00:00+00:00,BE,load,tso_reference,TSO forecast,tso_forecast,2208,2025-12-21 09:00:00+00:00,9798.335,9566.9275,,2025-09-19 18:00:00+00:00,2025-12-20 17:00:00+00:00
historical_mock_realized,2025-12-20,2025-12-20 18:00:00+00:00,BE,load,tso_reference,TSO forecast,tso_forecast,2208,2025-12-21 10:00:00+00:00,10056.515,9711.0975,,2025-09-19 18:00:00+00:00,2025-12-20 17:00:00+00:00
historical_mock_realized,2025-12-20,2025-12-20 18:00:00+00:00,BE,load,tso_reference,TSO forecast,tso_forecast,2208,2025-12-21 11:00:00+00:00,10112.8575,9722.5675,,2025-09-19 18:00:00+00:00,2025-12-20 17:00:00+00:00
historical_mock_realized,2025-12-20,2025-12-20 18:00:00+00:00,BE,load,tso_reference,TSO forecast,tso_forecast,2208,2025-12-21 12:00:00+00:00,9984.4475,9626.585,,2025-09-19 18:00:00+00:00,2025-12-20 17:00:00+00:00
historical_mock_realized,2025-12-20,2025-12-20 18:00:00+00:00,BE,load,tso_reference,TSO forecast,tso_forecast,2208,2025-12-21 13:00:00+00:00,9870.125,9466.735,,2025-09-19 18:00:00+00:00,2025-12-20 17:00:00+00:00
historical_mock_realized,2025-12-20,2025-12-20 18:00:00+00:00,BE,load,tso_reference,TSO forecast,tso_forecast,2208,2025-12-21 14:00:00+00:00,9828.1425,9304.915,,2025-09-19 18:00:00+00:00,2025-12-20 17:00:00+00:00
historical_mock_realized,2025-12-20,2025-12-20 18:00:00+00:00,BE,load,tso_reference,TSO forecast,tso_forecast,2208,2025-12-21 15:00:00+00:00,10045.4775,9510.8075,,2025-09-19 18:00:00+00:00,2025-12-20 17:00:00+00:00
historical_mock_realized,2025-12-20,2025-12-20 18:00:00+00:00,BE,load,tso_reference,TSO forecast,tso_forecast,2208,2025-12-21 16:00:00+00:00,10524.765,10053.71,,2025-09-19 18:00:00+00:00,2025-12-20 17:00:00+00:00
historical_mock_realized,2025-12-20,2025-12-20 18:00:00+00:00,BE,load,tso_reference,TSO forecast,tso_forecast,2208,2025-12-21 17:00:00+00:00,10549.325,10200.57,,2025-09-19 18:00:00+00:00,2025-12-20 17:00:00+00:00
historical_mock_realized,2025-12-20,2025-12-20 18:00:00+00:00,FR,load,tso_reference,TSO forecast,tso_forecast,2208,2025-12-20 18:00:00+00:00,57150.0,56547.302500000005,,2025-09-19 18:00:00+00:00,2025-12-20 17:00:00+00:00
historical_mock_realized,2025-12-20,2025-12-20 18:00:00+00:00,FR,load,tso_reference,TSO forecast,tso_forecast,2208,2025-12-20 19:00:00+00:00,54562.5,53844.75,,2025-09-19 18:00:00+00:00,2025-12-20 17:00:00+00:00
historical_mock_realized,2025-12-20,2025-12-20 18:00:00+00:00,FR,load,tso_reference,TSO forecast,tso_forecast,2208,2025-12-20 20:00:00+00:00,52112.5,51622.380000000005,,2025-09-19 18:00:00+00:00,2025-12-20 17:00:00+00:00
historical_mock_realized,2025-12-20,2025-12-20 18:00:00+00:00,FR,load,tso_reference,TSO forecast,tso_forecast,2208,2025-12-20 21:00:00+00:00,52150.0,52277.985,,2025-09-19 18:00:00+00:00,2025-12-20 17:00:00+00:00
historical_mock_realized,2025-12-20,2025-12-20 18:00:00+00:00,FR,load,tso_reference,TSO forecast,tso_forecast,2208,2025-12-20 22:00:00+00:00,54475.0,52627.525,,2025-09-19 18:00:00+00:00,2025-12-20 17:00:00+00:00
historical_mock_realized,2025-12-20,2025-12-20 18:00:00+00:00,FR,load,tso_reference,TSO forecast,tso_forecast,2208,2025-12-20 23:00:00+00:00,51525.0,50757.2325,,2025-09-19 18:00:00+00:00,2025-12-20 17:00:00+00:00
historical_mock_realized,2025-12-20,2025-12-20 18:00:00+00:00,FR,load,tso_reference,TSO forecast,tso_forecast,2208,2025-12-21 00:00:00+00:00,49362.5,48585.72,,2025-09-19 18:00:00+00:00,2025-12-20 17:00:00+00:00
historical_mock_realized,2025-12-20,2025-12-20 18:00:00+00:00,FR,load,tso_reference,TSO forecast,tso_forecast,2208,2025-12-21 01:00:00+00:00,48012.5,46638.515,,2025-09-19 18:00:00+00:00,2025-12-20 17:00:00+00:00
historical_mock_realized,2025-12-20,2025-12-20 18:00:00+00:00,FR,load,tso_reference,TSO forecast,tso_forecast,2208,2025-12-21 02:00:00+00:00,45362.5,44295.555,,2025-09-19 18:00:00+00:00,2025-12-20 17:00:00+00:00
historical_mock_realized,2025-12-20,2025-12-20 18:00:00+00:00,FR,load,tso_reference,TSO forecast,tso_forecast,2208,2025-12-21 03:00:00+00:00,43975.0,43290.8275,,2025-09-19 18:00:00+00:00,2025-12-20 17:00:00+00:00
historical_mock_realized,2025-12-20,2025-12-20 18:00:00+00:00,FR,load,tso_reference,TSO forecast,tso_forecast,2208,2025-12-21 04:00:00+00:00,43975.0,43527.5375,,2025-09-19 18:00:00+00:00,2025-12-20 17:00:00+00:00
historical_mock_realized,2025-12-20,2025-12-20 18:00:00+00:00,FR,load,tso_reference,TSO forecast,tso_forecast,2208,2025-12-21 05:00:00+00:00,45250.0,44498.1825,,2025-09-19 18:00:00+00:00,2025-12-20 17:00:00+00:00
historical_mock_realized,2025-12-20,2025-12-20 18:00:00+00:00,FR,load,tso_reference,TSO forecast,tso_forecast,2208,2025-12-21 06:00:00+00:00,46825.0,45795.5075,,2025-09-19 18:00:00+00:00,2025-12-20 17:00:00+00:00
historical_mock_realized,2025-12-20,2025-12-20 18:00:00+00:00,FR,load,tso_reference,TSO forecast,tso_forecast,2208,2025-12-21 07:00:00+00:00,48587.5,47831.7125,,2025-09-19 18:00:00+00:00,2025-12-20 17:00:00+00:00
historical_mock_realized,2025-12-20,2025-12-20 18:00:00+00:00,FR,load,tso_reference,TSO forecast,tso_forecast,2208,2025-12-21 08:00:00+00:00,50937.5,50412.365000000005,,2025-09-19 18:00:00+00:00,2025-12-20 17:00:00+00:00
historical_mock_realized,2025-12-20,2025-12-20 18:00:00+00:00,FR,load,tso_reference,TSO forecast,tso_forecast,2208,2025-12-21 09:00:00+00:00,53275.0,52774.7575,,2025-09-19 18:00:00+00:00,2025-12-20 17:00:00+00:00
historical_mock_realized,2025-12-20,2025-12-20 18:00:00+00:00,FR,load,tso_reference,TSO forecast,tso_forecast,2208,2025-12-21 10:00:00+00:00,55175.0,54618.26,,2025-09-19 18:00:00+00:00,2025-12-20 17:00:00+00:00
historical_mock_realized,2025-12-20,2025-12-20 18:00:00+00:00,FR,load,tso_reference,TSO forecast,tso_forecast,2208,2025-12-21 11:00:00+00:00,57387.5,56411.3575,,2025-09-19 18:00:00+00:00,2025-12-20 17:00:00+00:00
historical_mock_realized,2025-12-20,2025-12-20 18:00:00+00:00,FR,load,tso_reference,TSO forecast,tso_forecast,2208,2025-12-21 12:00:00+00:00,56625.0,54532.375,,2025-09-19 18:00:00+00:00,2025-12-20 17:00:00+00:00
historical_mock_realized,2025-12-20,2025-12-20 18:00:00+00:00,FR,load,tso_reference,TSO forecast,tso_forecast,2208,2025-12-21 13:00:00+00:00,53850.0,53024.4025,,2025-09-19 18:00:00+00:00,2025-12-20 17:00:00+00:00
historical_mock_realized,2025-12-20,2025-12-20 18:00:00+00:00,FR,load,tso_reference,TSO forecast,tso_forecast,2208,2025-12-21 14:00:00+00:00,52262.5,51745.0375,,2025-09-19 18:00:00+00:00,2025-12-20 17:00:00+00:00
historical_mock_realized,2025-12-20,2025-12-20 18:00:00+00:00,FR,load,tso_reference,TSO forecast,tso_forecast,2208,2025-12-21 15:00:00+00:00,51725.0,50955.075,,2025-09-19 18:00:00+00:00,2025-12-20 17:00:00+00:00
historical_mock_realized,2025-12-20,2025-12-20 18:00:00+00:00,FR,load,tso_reference,TSO forecast,tso_forecast,2208,2025-12-21 16:00:00+00:00,53962.5,53157.3275,,2025-09-19 18:00:00+00:00,2025-12-20 17:00:00+00:00
historical_mock_realized,2025-12-20,2025-12-20 18:00:00+00:00,FR,load,tso_reference,TSO forecast,tso_forecast,2208,2025-12-21 17:00:00+00:00,56637.5,55538.88,,2025-09-19 18:00:00+00:00,2025-12-20 17:00:00+00:00
historical_mock_realized,2025-12-20,2025-12-20 18:00:00+00:00,DE,load,tso_reference,TSO forecast,tso_forecast,2208,2025-12-20 18:00:00+00:00,56734.85714725,55705.450785,,2025-09-19 18:00:00+00:00,2025-12-20 17:00:00+00:00
historical_mock_realized,2025-12-20,2025-12-20 18:00:00+00:00,DE,load,tso_reference,TSO forecast,tso_forecast,2208,2025-12-20 19:00:00+00:00,53921.8077365,52941.571905,,2025-09-19 18:00:00+00:00,2025-12-20 17:00:00+00:00
historical_mock_realized,2025-12-20,2025-12-20 18:00:00+00:00,DE,load,tso_reference,TSO forecast,tso_forecast,2208,2025-12-20 20:00:00+00:00,51443.316765,50630.659055,,2025-09-19 18:00:00+00:00,2025-12-20 17:00:00+00:00
historical_mock_realized,2025-12-20,2025-12-20 18:00:00+00:00,DE,load,tso_reference,TSO forecast,tso_forecast,2208,2025-12-20 21:00:00+00:00,49664.6778235,48684.4154825,,2025-09-19 18:00:00+00:00,2025-12-20 17:00:00+00:00
historical_mock_realized,2025-12-20,2025-12-20 18:00:00+00:00,DE,load,tso_reference,TSO forecast,tso_forecast,2208,2025-12-20 22:00:00+00:00,47080.394303,46345.7965,,2025-09-19 18:00:00+00:00,2025-12-20 17:00:00+00:00
historical_mock_realized,2025-12-20,2025-12-20 18:00:00+00:00,DE,load,tso_reference,TSO forecast,tso_forecast,2208,2025-12-20 23:00:00+00:00,44664.870836,43270.3420075,,2025-09-19 18:00:00+00:00,2025-12-20 17:00:00+00:00
historical_mock_realized,2025-12-20,2025-12-20 18:00:00+00:00,DE,load,tso_reference,TSO forecast,tso_forecast,2208,2025-12-21 00:00:00+00:00,43108.63350475,41541.9858875,,2025-09-19 18:00:00+00:00,2025-12-20 17:00:00+00:00
historical_mock_realized,2025-12-20,2025-12-20 18:00:00+00:00,DE,load,tso_reference,TSO forecast,tso_forecast,2208,2025-12-21 01:00:00+00:00,42535.06052475,40602.06899,,2025-09-19 18:00:00+00:00,2025-12-20 17:00:00+00:00
historical_mock_realized,2025-12-20,2025-12-20 18:00:00+00:00,DE,load,tso_reference,TSO forecast,tso_forecast,2208,2025-12-21 02:00:00+00:00,42260.07859375,40604.71499,,2025-09-19 18:00:00+00:00,2025-12-20 17:00:00+00:00
historical_mock_realized,2025-12-20,2025-12-20 18:00:00+00:00,DE,load,tso_reference,TSO forecast,tso_forecast,2208,2025-12-21 03:00:00+00:00,42571.1178395,40608.7158925,,2025-09-19 18:00:00+00:00,2025-12-20 17:00:00+00:00
historical_mock_realized,2025-12-20,2025-12-20 18:00:00+00:00,DE,load,tso_reference,TSO forecast,tso_forecast,2208,2025-12-21 04:00:00+00:00,43634.137699750005,41198.22435,,2025-09-19 18:00:00+00:00,2025-12-20 17:00:00+00:00
historical_mock_realized,2025-12-20,2025-12-20 18:00:00+00:00,DE,load,tso_reference,TSO forecast,tso_forecast,2208,2025-12-21 05:00:00+00:00,46016.665741,41955.925025,,2025-09-19 18:00:00+00:00,2025-12-20 17:00:00+00:00
historical_mock_realized,2025-12-20,2025-12-20 18:00:00+00:00,DE,load,tso_reference,TSO forecast,tso_forecast,2208,2025-12-21 06:00:00+00:00,48808.4701255,44267.4908575,,2025-09-19 18:00:00+00:00,2025-12-20 17:00:00+00:00
historical_mock_realized,2025-12-20,2025-12-20 18:00:00+00:00,DE,load,tso_reference,TSO forecast,tso_forecast,2208,2025-12-21 07:00:00+00:00,51980.24721625,47007.9728325,,2025-09-19 18:00:00+00:00,2025-12-20 17:00:00+00:00
historical_mock_realized,2025-12-20,2025-12-20 18:00:00+00:00,DE,load,tso_reference,TSO forecast,tso_forecast,2208,2025-12-21 08:00:00+00:00,54512.7669805,49775.6171475,,2025-09-19 18:00:00+00:00,2025-12-20 17:00:00+00:00
historical_mock_realized,2025-12-20,2025-12-20 18:00:00+00:00,DE,load,tso_reference,TSO forecast,tso_forecast,2208,2025-12-21 09:00:00+00:00,56315.90994825,51941.681115,,2025-09-19 18:00:00+00:00,2025-12-20 17:00:00+00:00
historical_mock_realized,2025-12-20,2025-12-20 18:00:00+00:00,DE,load,tso_reference,TSO forecast,tso_forecast,2208,2025-12-21 10:00:00+00:00,57646.103106,53558.1004225,,2025-09-19 18:00:00+00:00,2025-12-20 17:00:00+00:00
historical_mock_realized,2025-12-20,2025-12-20 18:00:00+00:00,DE,load,tso_reference,TSO forecast,tso_forecast,2208,2025-12-21 11:00:00+00:00,57520.018785249995,53513.74374,,2025-09-19 18:00:00+00:00,2025-12-20 17:00:00+00:00
historical_mock_realized,2025-12-20,2025-12-20 18:00:00+00:00,DE,load,tso_reference,TSO forecast,tso_forecast,2208,2025-12-21 12:00:00+00:00,56394.9941495,51702.78414,,2025-09-19 18:00:00+00:00,2025-12-20 17:00:00+00:00
historical_mock_realized,2025-12-20,2025-12-20 18:00:00+00:00,DE,load,tso_reference,TSO forecast,tso_forecast,2208,2025-12-21 13:00:00+00:00,55477.3208135,50668.33278,,2025-09-19 18:00:00+00:00,2025-12-20 17:00:00+00:00
historical_mock_realized,2025-12-20,2025-12-20 18:00:00+00:00,DE,load,tso_reference,TSO forecast,tso_forecast,2208,2025-12-21 14:00:00+00:00,55543.45259,51161.03829,,2025-09-19 18:00:00+00:00,2025-12-20 17:00:00+00:00
historical_mock_realized,2025-12-20,2025-12-20 18:00:00+00:00,DE,load,tso_reference,TSO forecast,tso_forecast,2208,2025-12-21 15:00:00+00:00,56663.12852525,52972.054645,,2025-09-19 18:00:00+00:00,2025-12-20 17:00:00+00:00
historical_mock_realized,2025-12-20,2025-12-20 18:00:00+00:00,DE,load,tso_reference,TSO forecast,tso_forecast,2208,2025-12-21 16:00:00+00:00,58676.21840075,55598.495755,,2025-09-19 18:00:00+00:00,2025-12-20 17:00:00+00:00
historical_mock_realized,2025-12-20,2025-12-20 18:00:00+00:00,DE,load,tso_reference,TSO forecast,tso_forecast,2208,2025-12-21 17:00:00+00:00,59278.7309825,56467.0212975,,2025-09-19 18:00:00+00:00,2025-12-20 17:00:00+00:00
historical_mock_realized,2025-12-20,2025-12-20 18:00:00+00:00,BE,load,persistence,Persistence,weekly_persistence,2208,2025-12-20 18:00:00+00:00,9997.9025,9902.58,,2025-09-19 18:00:00+00:00,2025-12-20 17:00:00+00:00
historical_mock_realized,2025-12-20,2025-12-20 18:00:00+00:00,BE,load,persistence,Persistence,weekly_persistence,2208,2025-12-20 19:00:00+00:00,9581.375,9454.365,,2025-09-19 18:00:00+00:00,2025-12-20 17:00:00+00:00
historical_mock_realized,2025-12-20,2025-12-20 18:00:00+00:00,BE,load,persistence,Persistence,weekly_persistence,2208,2025-12-20 20:00:00+00:00,9257.7675,9040.965,,2025-09-19 18:00:00+00:00,2025-12-20 17:00:00+00:00
historical_mock_realized,2025-12-20,2025-12-20 18:00:00+00:00,BE,load,persistence,Persistence,weekly_persistence,2208,2025-12-20 21:00:00+00:00,9180.3975,8838.015,,2025-09-19 18:00:00+00:00,2025-12-20 17:00:00+00:00
historical_mock_realized,2025-12-20,2025-12-20 18:00:00+00:00,BE,load,persistence,Persistence,weekly_persistence,2208,2025-12-20 22:00:00+00:00,9029.07,8700.6425,,2025-09-19 18:00:00+00:00,2025-12-20 17:00:00+00:00
historical_mock_realized,2025-12-20,2025-12-20 18:00:00+00:00,BE,load,persistence,Persistence,weekly_persistence,2208,2025-12-20 23:00:00+00:00,8598.35,8266.885,,2025-09-19 18:00:00+00:00,2025-12-20 17:00:00+00:00
historical_mock_realized,2025-12-20,2025-12-20 18:00:00+00:00,BE,load,persistence,Persistence,weekly_persistence,2208,2025-12-21 00:00:00+00:00,8171.62,7921.7725,,2025-09-19 18:00:00+00:00,2025-12-20 17:00:00+00:00
historical_mock_realized,2025-12-20,2025-12-20 18:00:00+00:00,BE,load,persistence,Persistence,weekly_persistence,2208,2025-12-21 01:00:00+00:00,7927.585,7779.3975,,2025-09-19 18:00:00+00:00,2025-12-20 17:00:00+00:00
historical_mock_realized,2025-12-20,2025-12-20 18:00:00+00:00,BE,load,persistence,Persistence,weekly_persistence,2208,2025-12-21 02:00:00+00:00,7776.23,7635.955,,2025-09-19 18:00:00+00:00,2025-12-20 17:00:00+00:00
historical_mock_realized,2025-12-20,2025-12-20 18:00:00+00:00,BE,load,persistence,Persistence,weekly_persistence,2208,2025-12-21 03:00:00+00:00,7714.4325,7531.5325,,2025-09-19 18:00:00+00:00,2025-12-20 17:00:00+00:00
historical_mock_realized,2025-12-20,2025-12-20 18:00:00+00:00,BE,load,persistence,Persistence,weekly_persistence,2208,2025-12-21 04:00:00+00:00,7789.0375,7562.76,,2025-09-19 18:00:00+00:00,2025-12-20 17:00:00+00:00
historical_mock_realized,2025-12-20,2025-12-20 18:00:00+00:00,BE,load,persistence,Persistence,weekly_persistence,2208,2025-12-21 05:00:00+00:00,8150.1825,7764.110000000001,,2025-09-19 18:00:00+00:00,2025-12-20 17:00:00+00:00
historical_mock_realized,2025-12-20,2025-12-20 18:00:00+00:00,BE,load,persistence,Persistence,weekly_persistence,2208,2025-12-21 06:00:00+00:00,8459.95,8082.495,,2025-09-19 18:00:00+00:00,2025-12-20 17:00:00+00:00
historical_mock_realized,2025-12-20,2025-12-20 18:00:00+00:00,BE,load,persistence,Persistence,weekly_persistence,2208,2025-12-21 07:00:00+00:00,8945.1775,8516.029999999999,,2025-09-19 18:00:00+00:00,2025-12-20 17:00:00+00:00
historical_mock_realized,2025-12-20,2025-12-20 18:00:00+00:00,BE,load,persistence,Persistence,weekly_persistence,2208,2025-12-21 08:00:00+00:00,9564.01,9053.315,,2025-09-19 18:00:00+00:00,2025-12-20 17:00:00+00:00
historical_mock_realized,2025-12-20,2025-12-20 18:00:00+00:00,BE,load,persistence,Persistence,weekly_persistence,2208,2025-12-21 09:00:00+00:00,9937.6,9566.9275,,2025-09-19 18:00:00+00:00,2025-12-20 17:00:00+00:00
historical_mock_realized,2025-12-20,2025-12-20 18:00:00+00:00,BE,load,persistence,Persistence,weekly_persistence,2208,2025-12-21 10:00:00+00:00,10195.91,9711.0975,,2025-09-19 18:00:00+00:00,2025-12-20 17:00:00+00:00
historical_mock_realized,2025-12-20,2025-12-20 18:00:00+00:00,BE,load,persistence,Persistence,weekly_persistence,2208,2025-12-21 11:00:00+00:00,10120.4725,9722.5675,,2025-09-19 18:00:00+00:00,2025-12-20 17:00:00+00:00
historical_mock_realized,2025-12-20,2025-12-20 18:00:00+00:00,BE,load,persistence,Persistence,weekly_persistence,2208,2025-12-21 12:00:00+00:00,10039.7475,9626.585,,2025-09-19 18:00:00+00:00,2025-12-20 17:00:00+00:00
historical_mock_realized,2025-12-20,2025-12-20 18:00:00+00:00,BE,load,persistence,Persistence,weekly_persistence,2208,2025-12-21 13:00:00+00:00,9974.4375,9466.735,,2025-09-19 18:00:00+00:00,2025-12-20 17:00:00+00:00
historical_mock_realized,2025-12-20,2025-12-20 18:00:00+00:00,BE,load,persistence,Persistence,weekly_persistence,2208,2025-12-21 14:00:00+00:00,9901.345,9304.915,,2025-09-19 18:00:00+00:00,2025-12-20 17:00:00+00:00
historical_mock_realized,2025-12-20,2025-12-20 18:00:00+00:00,BE,load,persistence,Persistence,weekly_persistence,2208,2025-12-21 15:00:00+00:00,9965.355,9510.8075,,2025-09-19 18:00:00+00:00,2025-12-20 17:00:00+00:00
historical_mock_realized,2025-12-20,2025-12-20 18:00:00+00:00,BE,load,persistence,Persistence,weekly_persistence,2208,2025-12-21 16:00:00+00:00,10359.775,10053.71,,2025-09-19 18:00:00+00:00,2025-12-20 17:00:00+00:00
historical_mock_realized,2025-12-20,2025-12-20 18:00:00+00:00,BE,load,persistence,Persistence,weekly_persistence,2208,2025-12-21 17:00:00+00:00,10535.9975,10200.57,,2025-09-19 18:00:00+00:00,2025-12-20 17:00:00+00:00
historical_mock_realized,2025-12-20,2025-12-20 18:00:00+00:00,FR,load,persistence,Persistence,weekly_persistence,2208,2025-12-20 18:00:00+00:00,58274.125,56547.302500000005,,2025-09-19 18:00:00+00:00,2025-12-20 17:00:00+00:00
historical_mock_realized,2025-12-20,2025-12-20 18:00:00+00:00,FR,load,persistence,Persistence,weekly_persistence,2208,2025-12-20 19:00:00+00:00,56287.895,53844.75,,2025-09-19 18:00:00+00:00,2025-12-20 17:00:00+00:00
historical_mock_realized,2025-12-20,2025-12-20 18:00:00+00:00,FR,load,persistence,Persistence,weekly_persistence,2208,2025-12-20 20:00:00+00:00,54499.5625,51622.380000000005,,2025-09-19 18:00:00+00:00,2025-12-20 17:00:00+00:00
historical_mock_realized,2025-12-20,2025-12-20 18:00:00+00:00,FR,load,persistence,Persistence,weekly_persistence,2208,2025-12-20 21:00:00+00:00,55465.9,52277.985,,2025-09-19 18:00:00+00:00,2025-12-20 17:00:00+00:00
historical_mock_realized,2025-12-20,2025-12-20 18:00:00+00:00,FR,load,persistence,Persistence,weekly_persistence,2208,2025-12-20 22:00:00+00:00,55791.932499999995,52627.525,,2025-09-19 18:00:00+00:00,2025-12-20 17:00:00+00:00
historical_mock_realized,2025-12-20,2025-12-20 18:00:00+00:00,FR,load,persistence,Persistence,weekly_persistence,2208,2025-12-20 23:00:00+00:00,53904.3875,50757.2325,,2025-09-19 18:00:00+00:00,2025-12-20 17:00:00+00:00
historical_mock_realized,2025-12-20,2025-12-20 18:00:00+00:00,FR,load,persistence,Persistence,weekly_persistence,2208,2025-12-21 00:00:00+00:00,52185.8425,48585.72,,2025-09-19 18:00:00+00:00,2025-12-20 17:00:00+00:00
historical_mock_realized,2025-12-20,2025-12-20 18:00:00+00:00,FR,load,persistence,Persistence,weekly_persistence,2208,2025-12-21 01:00:00+00:00,50628.145,46638.515,,2025-09-19 18:00:00+00:00,2025-12-20 17:00:00+00:00
historical_mock_realized,2025-12-20,2025-12-20 18:00:00+00:00,FR,load,persistence,Persistence,weekly_persistence,2208,2025-12-21 02:00:00+00:00,48587.3225,44295.555,,2025-09-19 18:00:00+00:00,2025-12-20 17:00:00+00:00
historical_mock_realized,2025-12-20,2025-12-20 18:00:00+00:00,FR,load,persistence,Persistence,weekly_persistence,2208,2025-12-21 03:00:00+00:00,47544.1125,43290.8275,,2025-09-19 18:00:00+00:00,2025-12-20 17:00:00+00:00
historical_mock_realized,2025-12-20,2025-12-20 18:00:00+00:00,FR,load,persistence,Persistence,weekly_persistence,2208,2025-12-21 04:00:00+00:00,48105.865000000005,43527.5375,,2025-09-19 18:00:00+00:00,2025-12-20 17:00:00+00:00
historical_mock_realized,2025-12-20,2025-12-20 18:00:00+00:00,FR,load,persistence,Persistence,weekly_persistence,2208,2025-12-21 05:00:00+00:00,49156.095,44498.1825,,2025-09-19 18:00:00+00:00,2025-12-20 17:00:00+00:00
historical_mock_realized,2025-12-20,2025-12-20 18:00:00+00:00,FR,load,persistence,Persistence,weekly_persistence,2208,2025-12-21 06:00:00+00:00,50732.7,45795.5075,,2025-09-19 18:00:00+00:00,2025-12-20 17:00:00+00:00
historical_mock_realized,2025-12-20,2025-12-20 18:00:00+00:00,FR,load,persistence,Persistence,weekly_persistence,2208,2025-12-21 07:00:00+00:00,52795.7,47831.7125,,2025-09-19 18:00:00+00:00,2025-12-20 17:00:00+00:00
historical_mock_realized,2025-12-20,2025-12-20 18:00:00+00:00,FR,load,persistence,Persistence,weekly_persistence,2208,2025-12-21 08:00:00+00:00,55038.3975,50412.365000000005,,2025-09-19 18:00:00+00:00,2025-12-20 17:00:00+00:00
historical_mock_realized,2025-12-20,2025-12-20 18:00:00+00:00,FR,load,persistence,Persistence,weekly_persistence,2208,2025-12-21 09:00:00+00:00,57132.7625,52774.7575,,2025-09-19 18:00:00+00:00,2025-12-20 17:00:00+00:00
historical_mock_realized,2025-12-20,2025-12-20 18:00:00+00:00,FR,load,persistence,Persistence,weekly_persistence,2208,2025-12-21 10:00:00+00:00,58910.197499999995,54618.26,,2025-09-19 18:00:00+00:00,2025-12-20 17:00:00+00:00
historical_mock_realized,2025-12-20,2025-12-20 18:00:00+00:00,FR,load,persistence,Persistence,weekly_persistence,2208,2025-12-21 11:00:00+00:00,60498.835,56411.3575,,2025-09-19 18:00:00+00:00,2025-12-20 17:00:00+00:00
historical_mock_realized,2025-12-20,2025-12-20 18:00:00+00:00,FR,load,persistence,Persistence,weekly_persistence,2208,2025-12-21 12:00:00+00:00,58193.58,54532.375,,2025-09-19 18:00:00+00:00,2025-12-20 17:00:00+00:00
historical_mock_realized,2025-12-20,2025-12-20 18:00:00+00:00,FR,load,persistence,Persistence,weekly_persistence,2208,2025-12-21 13:00:00+00:00,55715.5425,53024.4025,,2025-09-19 18:00:00+00:00,2025-12-20 17:00:00+00:00
historical_mock_realized,2025-12-20,2025-12-20 18:00:00+00:00,FR,load,persistence,Persistence,weekly_persistence,2208,2025-12-21 14:00:00+00:00,53886.325,51745.0375,,2025-09-19 18:00:00+00:00,2025-12-20 17:00:00+00:00
historical_mock_realized,2025-12-20,2025-12-20 18:00:00+00:00,FR,load,persistence,Persistence,weekly_persistence,2208,2025-12-21 15:00:00+00:00,53136.5525,50955.075,,2025-09-19 18:00:00+00:00,2025-12-20 17:00:00+00:00
historical_mock_realized,2025-12-20,2025-12-20 18:00:00+00:00,FR,load,persistence,Persistence,weekly_persistence,2208,2025-12-21 16:00:00+00:00,55757.68,53157.3275,,2025-09-19 18:00:00+00:00,2025-12-20 17:00:00+00:00
historical_mock_realized,2025-12-20,2025-12-20 18:00:00+00:00,FR,load,persistence,Persistence,weekly_persistence,2208,2025-12-21 17:00:00+00:00,59292.2425,55538.88,,2025-09-19 18:00:00+00:00,2025-12-20 17:00:00+00:00
historical_mock_realized,2025-12-20,2025-12-20 18:00:00+00:00,DE,load,persistence,Persistence,weekly_persistence,2208,2025-12-20 18:00:00+00:00,60176.0793125,55705.450785,,2025-09-19 18:00:00+00:00,2025-12-20 17:00:00+00:00
historical_mock_realized,2025-12-20,2025-12-20 18:00:00+00:00,DE,load,persistence,Persistence,weekly_persistence,2208,2025-12-20 19:00:00+00:00,57381.5153725,52941.571905,,2025-09-19 18:00:00+00:00,2025-12-20 17:00:00+00:00
historical_mock_realized,2025-12-20,2025-12-20 18:00:00+00:00,DE,load,persistence,Persistence,weekly_persistence,2208,2025-12-20 20:00:00+00:00,54880.7749275,50630.659055,,2025-09-19 18:00:00+00:00,2025-12-20 17:00:00+00:00
historical_mock_realized,2025-12-20,2025-12-20 18:00:00+00:00,DE,load,persistence,Persistence,weekly_persistence,2208,2025-12-20 21:00:00+00:00,53305.216125,48684.4154825,,2025-09-19 18:00:00+00:00,2025-12-20 17:00:00+00:00
historical_mock_realized,2025-12-20,2025-12-20 18:00:00+00:00,DE,load,persistence,Persistence,weekly_persistence,2208,2025-12-20 22:00:00+00:00,50277.63676,46345.7965,,2025-09-19 18:00:00+00:00,2025-12-20 17:00:00+00:00
historical_mock_realized,2025-12-20,2025-12-20 18:00:00+00:00,DE,load,persistence,Persistence,weekly_persistence,2208,2025-12-20 23:00:00+00:00,46855.996115,43270.3420075,,2025-09-19 18:00:00+00:00,2025-12-20 17:00:00+00:00
historical_mock_realized,2025-12-20,2025-12-20 18:00:00+00:00,DE,load,persistence,Persistence,weekly_persistence,2208,2025-12-21 00:00:00+00:00,44869.2267575,41541.9858875,,2025-09-19 18:00:00+00:00,2025-12-20 17:00:00+00:00
historical_mock_realized,2025-12-20,2025-12-20 18:00:00+00:00,DE,load,persistence,Persistence,weekly_persistence,2208,2025-12-21 01:00:00+00:00,44020.040815,40602.06899,,2025-09-19 18:00:00+00:00,2025-12-20 17:00:00+00:00
historical_mock_realized,2025-12-20,2025-12-20 18:00:00+00:00,DE,load,persistence,Persistence,weekly_persistence,2208,2025-12-21 02:00:00+00:00,43655.1613725,40604.71499,,2025-09-19 18:00:00+00:00,2025-12-20 17:00:00+00:00
historical_mock_realized,2025-12-20,2025-12-20 18:00:00+00:00,DE,load,persistence,Persistence,weekly_persistence,2208,2025-12-21 03:00:00+00:00,44175.0050125,40608.7158925,,2025-09-19 18:00:00+00:00,2025-12-20 17:00:00+00:00
historical_mock_realized,2025-12-20,2025-12-20 18:00:00+00:00,DE,load,persistence,Persistence,weekly_persistence,2208,2025-12-21 04:00:00+00:00,44807.2995775,41198.22435,,2025-09-19 18:00:00+00:00,2025-12-20 17:00:00+00:00
historical_mock_realized,2025-12-20,2025-12-20 18:00:00+00:00,DE,load,persistence,Persistence,weekly_persistence,2208,2025-12-21 05:00:00+00:00,45639.170495,41955.925025,,2025-09-19 18:00:00+00:00,2025-12-20 17:00:00+00:00
historical_mock_realized,2025-12-20,2025-12-20 18:00:00+00:00,DE,load,persistence,Persistence,weekly_persistence,2208,2025-12-21 06:00:00+00:00,48265.8783925,44267.4908575,,2025-09-19 18:00:00+00:00,2025-12-20 17:00:00+00:00
historical_mock_realized,2025-12-20,2025-12-20 18:00:00+00:00,DE,load,persistence,Persistence,weekly_persistence,2208,2025-12-21 07:00:00+00:00,51524.303135,47007.9728325,,2025-09-19 18:00:00+00:00,2025-12-20 17:00:00+00:00
historical_mock_realized,2025-12-20,2025-12-20 18:00:00+00:00,DE,load,persistence,Persistence,weekly_persistence,2208,2025-12-21 08:00:00+00:00,55446.3226725,49775.6171475,,2025-09-19 18:00:00+00:00,2025-12-20 17:00:00+00:00
historical_mock_realized,2025-12-20,2025-12-20 18:00:00+00:00,DE,load,persistence,Persistence,weekly_persistence,2208,2025-12-21 09:00:00+00:00,57869.9516375,51941.681115,,2025-09-19 18:00:00+00:00,2025-12-20 17:00:00+00:00
historical_mock_realized,2025-12-20,2025-12-20 18:00:00+00:00,DE,load,persistence,Persistence,weekly_persistence,2208,2025-12-21 10:00:00+00:00,60170.361032500005,53558.1004225,,2025-09-19 18:00:00+00:00,2025-12-20 17:00:00+00:00
historical_mock_realized,2025-12-20,2025-12-20 18:00:00+00:00,DE,load,persistence,Persistence,weekly_persistence,2208,2025-12-21 11:00:00+00:00,60026.89249,53513.74374,,2025-09-19 18:00:00+00:00,2025-12-20 17:00:00+00:00
historical_mock_realized,2025-12-20,2025-12-20 18:00:00+00:00,DE,load,persistence,Persistence,weekly_persistence,2208,2025-12-21 12:00:00+00:00,58187.1541375,51702.78414,,2025-09-19 18:00:00+00:00,2025-12-20 17:00:00+00:00
historical_mock_realized,2025-12-20,2025-12-20 18:00:00+00:00,DE,load,persistence,Persistence,weekly_persistence,2208,2025-12-21 13:00:00+00:00,57576.4137475,50668.33278,,2025-09-19 18:00:00+00:00,2025-12-20 17:00:00+00:00
historical_mock_realized,2025-12-20,2025-12-20 18:00:00+00:00,DE,load,persistence,Persistence,weekly_persistence,2208,2025-12-21 14:00:00+00:00,57630.3797325,51161.03829,,2025-09-19 18:00:00+00:00,2025-12-20 17:00:00+00:00
historical_mock_realized,2025-12-20,2025-12-20 18:00:00+00:00,DE,load,persistence,Persistence,weekly_persistence,2208,2025-12-21 15:00:00+00:00,59632.669465,52972.054645,,2025-09-19 18:00:00+00:00,2025-12-20 17:00:00+00:00
historical_mock_realized,2025-12-20,2025-12-20 18:00:00+00:00,DE,load,persistence,Persistence,weekly_persistence,2208,2025-12-21 16:00:00+00:00,61915.693652500006,55598.495755,,2025-09-19 18:00:00+00:00,2025-12-20 17:00:00+00:00
historical_mock_realized,2025-12-20,2025-12-20 18:00:00+00:00,DE,load,persistence,Persistence,weekly_persistence,2208,2025-12-21 17:00:00+00:00,61738.5648725,56467.0212975,,2025-09-19 18:00:00+00:00,2025-12-20 17:00:00+00:00
historical_mock_realized,2025-12-20,2025-12-20 18:00:00+00:00,BE,load,ridge_3mo_context,Ridge with covariates,selected_covariates+tso_forecast,2208,2025-12-20 18:00:00+00:00,10150.400140047304,9902.58,,2025-09-19 18:00:00+00:00,2025-12-20 17:00:00+00:00
historical_mock_realized,2025-12-20,2025-12-20 18:00:00+00:00,BE,load,ridge_3mo_context,Ridge with covariates,selected_covariates+tso_forecast,2208,2025-12-20 19:00:00+00:00,9940.523573426188,9454.365,,2025-09-19 18:00:00+00:00,2025-12-20 17:00:00+00:00
historical_mock_realized,2025-12-20,2025-12-20 18:00:00+00:00,BE,load,ridge_3mo_context,Ridge with covariates,selected_covariates+tso_forecast,2208,2025-12-20 20:00:00+00:00,9675.892402270589,9040.965,,2025-09-19 18:00:00+00:00,2025-12-20 17:00:00+00:00
historical_mock_realized,2025-12-20,2025-12-20 18:00:00+00:00,BE,load,ridge_3mo_context,Ridge with covariates,selected_covariates+tso_forecast,2208,2025-12-20 21:00:00+00:00,9494.39874968298,8838.015,,2025-09-19 18:00:00+00:00,2025-12-20 17:00:00+00:00
historical_mock_realized,2025-12-20,2025-12-20 18:00:00+00:00,BE,load,ridge_3mo_context,Ridge with covariates,selected_covariates+tso_forecast,2208,2025-12-20 22:00:00+00:00,9393.917289252951,8700.6425,,2025-09-19 18:00:00+00:00,2025-12-20 17:00:00+00:00
historical_mock_realized,2025-12-20,2025-12-20 18:00:00+00:00,BE,load,ridge_3mo_context,Ridge with covariates,selected_covariates+tso_forecast,2208,2025-12-20 23:00:00+00:00,9139.650266383394,8266.885,,2025-09-19 18:00:00+00:00,2025-12-20 17:00:00+00:00
historical_mock_realized,2025-12-20,2025-12-20 18:00:00+00:00,BE,load,ridge_3mo_context,Ridge with covariates,selected_covariates+tso_forecast,2208,2025-12-21 00:00:00+00:00,8865.6416832693,7921.7725,,2025-09-19 18:00:00+00:00,2025-12-20 17:00:00+00:00
historical_mock_realized,2025-12-20,2025-12-20 18:00:00+00:00,BE,load,ridge_3mo_context,Ridge with covariates,selected_covariates+tso_forecast,2208,2025-12-21 01:00:00+00:00,8623.896414478935,7779.3975,,2025-09-19 18:00:00+00:00,2025-12-20 17:00:00+00:00
historical_mock_realized,2025-12-20,2025-12-20 18:00:00+00:00,BE,load,ridge_3mo_context,Ridge with covariates,selected_covariates+tso_forecast,2208,2025-12-21 02:00:00+00:00,8454.44294988685,7635.955,,2025-09-19 18:00:00+00:00,2025-12-20 17:00:00+00:00
historical_mock_realized,2025-12-20,2025-12-20 18:00:00+00:00,BE,load,ridge_3mo_context,Ridge with covariates,selected_covariates+tso_forecast,2208,2025-12-21 03:00:00+00:00,8391.040657918777,7531.5325,,2025-09-19 18:00:00+00:00,2025-12-20 17:00:00+00:00
historical_mock_realized,2025-12-20,2025-12-20 18:00:00+00:00,BE,load,ridge_3mo_context,Ridge with covariates,selected_covariates+tso_forecast,2208,2025-12-21 04:00:00+00:00,8450.841974983376,7562.76,,2025-09-19 18:00:00+00:00,2025-12-20 17:00:00+00:00
historical_mock_realized,2025-12-20,2025-12-20 18:00:00+00:00,BE,load,ridge_3mo_context,Ridge with covariates,selected_covariates+tso_forecast,2208,2025-12-21 05:00:00+00:00,8635.832161813703,7764.110000000001,,2025-09-19 18:00:00+00:00,2025-12-20 17:00:00+00:00
historical_mock_realized,2025-12-20,2025-12-20 18:00:00+00:00,BE,load,ridge_3mo_context,Ridge with covariates,selected_covariates+tso_forecast,2208,2025-12-21 06:00:00+00:00,8915.06586138651,8082.495,,2025-09-19 18:00:00+00:00,2025-12-20 17:00:00+00:00
historical_mock_realized,2025-12-20,2025-12-20 18:00:00+00:00,BE,load,ridge_3mo_context,Ridge with covariates,selected_covariates+tso_forecast,2208,2025-12-21 07:00:00+00:00,9269.426249342356,8516.029999999999,,2025-09-19 18:00:00+00:00,2025-12-20 17:00:00+00:00
historical_mock_realized,2025-12-20,2025-12-20 18:00:00+00:00,BE,load,ridge_3mo_context,Ridge with covariates,selected_covariates+tso_forecast,2208,2025-12-21 08:00:00+00:00,9625.804065058766,9053.315,,2025-09-19 18:00:00+00:00,2025-12-20 17:00:00+00:00
historical_mock_realized,2025-12-20,2025-12-20 18:00:00+00:00,BE,load,ridge_3mo_context,Ridge with covariates,selected_covariates+tso_forecast,2208,2025-12-21 09:00:00+00:00,9953.899280687909,9566.9275,,2025-09-19 18:00:00+00:00,2025-12-20 17:00:00+00:00
historical_mock_realized,2025-12-20,2025-12-20 18:00:00+00:00,BE,load,ridge_3mo_context,Ridge with covariates,selected_covariates+tso_forecast,2208,2025-12-21 10:00:00+00:00,10215.759131605751,9711.0975,,2025-09-19 18:00:00+00:00,2025-12-20 17:00:00+00:00
historical_mock_realized,2025-12-20,2025-12-20 18:00:00+00:00,BE,load,ridge_3mo_context,Ridge with covariates,selected_covariates+tso_forecast,2208,2025-12-21 11:00:00+00:00,10351.07941400683,9722.5675,,2025-09-19 18:00:00+00:00,2025-12-20 17:00:00+00:00
historical_mock_realized,2025-12-20,2025-12-20 18:00:00+00:00,BE,load,ridge_3mo_context,Ridge with covariates,selected_covariates+tso_forecast,2208,2025-12-21 12:00:00+00:00,10320.565263085193,9626.585,,2025-09-19 18:00:00+00:00,2025-12-20 17:00:00+00:00
historical_mock_realized,2025-12-20,2025-12-20 18:00:00+00:00,BE,load,ridge_3mo_context,Ridge with covariates,selected_covariates+tso_forecast,2208,2025-12-21 13:00:00+00:00,10186.473837116984,9466.735,,2025-09-19 18:00:00+00:00,2025-12-20 17:00:00+00:00
historical_mock_realized,2025-12-20,2025-12-20 18:00:00+00:00,BE,load,ridge_3mo_context,Ridge with covariates,selected_covariates+tso_forecast,2208,2025-12-21 14:00:00+00:00,10019.531741517198,9304.915,,2025-09-19 18:00:00+00:00,2025-12-20 17:00:00+00:00
historical_mock_realized,2025-12-20,2025-12-20 18:00:00+00:00,BE,load,ridge_3mo_context,Ridge with covariates,selected_covariates+tso_forecast,2208,2025-12-21 15:00:00+00:00,9945.697676703743,9510.8075,,2025-09-19 18:00:00+00:00,2025-12-20 17:00:00+00:00
historical_mock_realized,2025-12-20,2025-12-20 18:00:00+00:00,BE,load,ridge_3mo_context,Ridge with covariates,selected_covariates+tso_forecast,2208,2025-12-21 16:00:00+00:00,10034.606820053656,10053.71,,2025-09-19 18:00:00+00:00,2025-12-20 17:00:00+00:00
historical_mock_realized,2025-12-20,2025-12-20 18:00:00+00:00,BE,load,ridge_3mo_context,Ridge with covariates,selected_covariates+tso_forecast,2208,2025-12-21 17:00:00+00:00,10054.775615693605,10200.57,,2025-09-19 18:00:00+00:00,2025-12-20 17:00:00+00:00
historical_mock_realized,2025-12-20,2025-12-20 18:00:00+00:00,FR,load,ridge_3mo_context,Ridge with covariates,selected_covariates+tso_forecast,2208,2025-12-20 18:00:00+00:00,56637.60434862957,56547.302500000005,,2025-09-19 18:00:00+00:00,2025-12-20 17:00:00+00:00
historical_mock_realized,2025-12-20,2025-12-20 18:00:00+00:00,FR,load,ridge_3mo_context,Ridge with covariates,selected_covariates+tso_forecast,2208,2025-12-20 19:00:00+00:00,54548.69309196068,53844.75,,2025-09-19 18:00:00+00:00,2025-12-20 17:00:00+00:00
historical_mock_realized,2025-12-20,2025-12-20 18:00:00+00:00,FR,load,ridge_3mo_context,Ridge with covariates,selected_covariates+tso_forecast,2208,2025-12-20 20:00:00+00:00,52205.54764555408,51622.380000000005,,2025-09-19 18:00:00+00:00,2025-12-20 17:00:00+00:00
historical_mock_realized,2025-12-20,2025-12-20 18:00:00+00:00,FR,load,ridge_3mo_context,Ridge with covariates,selected_covariates+tso_forecast,2208,2025-12-20 21:00:00+00:00,51894.67608653534,52277.985,,2025-09-19 18:00:00+00:00,2025-12-20 17:00:00+00:00
historical_mock_realized,2025-12-20,2025-12-20 18:00:00+00:00,FR,load,ridge_3mo_context,Ridge with covariates,selected_covariates+tso_forecast,2208,2025-12-20 22:00:00+00:00,53675.15677318456,52627.525,,2025-09-19 18:00:00+00:00,2025-12-20 17:00:00+00:00
historical_mock_realized,2025-12-20,2025-12-20 18:00:00+00:00,FR,load,ridge_3mo_context,Ridge with covariates,selected_covariates+tso_forecast,2208,2025-12-20 23:00:00+00:00,51660.75551780179,50757.2325,,2025-09-19 18:00:00+00:00,2025-12-20 17:00:00+00:00
historical_mock_realized,2025-12-20,2025-12-20 18:00:00+00:00,FR,load,ridge_3mo_context,Ridge with covariates,selected_covariates+tso_forecast,2208,2025-12-21 00:00:00+00:00,49686.021681710095,48585.72,,2025-09-19 18:00:00+00:00,2025-12-20 17:00:00+00:00
historical_mock_realized,2025-12-20,2025-12-20 18:00:00+00:00,FR,load,ridge_3mo_context,Ridge with covariates,selected_covariates+tso_forecast,2208,2025-12-21 01:00:00+00:00,48306.63618835844,46638.515,,2025-09-19 18:00:00+00:00,2025-12-20 17:00:00+00:00
historical_mock_realized,2025-12-20,2025-12-20 18:00:00+00:00,FR,load,ridge_3mo_context,Ridge with covariates,selected_covariates+tso_forecast,2208,2025-12-21 02:00:00+00:00,46000.53065603753,44295.555,,2025-09-19 18:00:00+00:00,2025-12-20 17:00:00+00:00
historical_mock_realized,2025-12-20,2025-12-20 18:00:00+00:00,FR,load,ridge_3mo_context,Ridge with covariates,selected_covariates+tso_forecast,2208,2025-12-21 03:00:00+00:00,44563.0319196728,43290.8275,,2025-09-19 18:00:00+00:00,2025-12-20 17:00:00+00:00
historical_mock_realized,2025-12-20,2025-12-20 18:00:00+00:00,FR,load,ridge_3mo_context,Ridge with covariates,selected_covariates+tso_forecast,2208,2025-12-21 04:00:00+00:00,44400.29622115066,43527.5375,,2025-09-19 18:00:00+00:00,2025-12-20 17:00:00+00:00
historical_mock_realized,2025-12-20,2025-12-20 18:00:00+00:00,FR,load,ridge_3mo_context,Ridge with covariates,selected_covariates+tso_forecast,2208,2025-12-21 05:00:00+00:00,45465.70100903402,44498.1825,,2025-09-19 18:00:00+00:00,2025-12-20 17:00:00+00:00
historical_mock_realized,2025-12-20,2025-12-20 18:00:00+00:00,FR,load,ridge_3mo_context,Ridge with covariates,selected_covariates+tso_forecast,2208,2025-12-21 06:00:00+00:00,46972.61477908097,45795.5075,,2025-09-19 18:00:00+00:00,2025-12-20 17:00:00+00:00
historical_mock_realized,2025-12-20,2025-12-20 18:00:00+00:00,FR,load,ridge_3mo_context,Ridge with covariates,selected_covariates+tso_forecast,2208,2025-12-21 07:00:00+00:00,48701.533196393386,47831.7125,,2025-09-19 18:00:00+00:00,2025-12-20 17:00:00+00:00
historical_mock_realized,2025-12-20,2025-12-20 18:00:00+00:00,FR,load,ridge_3mo_context,Ridge with covariates,selected_covariates+tso_forecast,2208,2025-12-21 08:00:00+00:00,50911.1360469275,50412.365000000005,,2025-09-19 18:00:00+00:00,2025-12-20 17:00:00+00:00
historical_mock_realized,2025-12-20,2025-12-20 18:00:00+00:00,FR,load,ridge_3mo_context,Ridge with covariates,selected_covariates+tso_forecast,2208,2025-12-21 09:00:00+00:00,53126.81652655995,52774.7575,,2025-09-19 18:00:00+00:00,2025-12-20 17:00:00+00:00
historical_mock_realized,2025-12-20,2025-12-20 18:00:00+00:00,FR,load,ridge_3mo_context,Ridge with covariates,selected_covariates+tso_forecast,2208,2025-12-21 10:00:00+00:00,54962.34502183951,54618.26,,2025-09-19 18:00:00+00:00,2025-12-20 17:00:00+00:00
historical_mock_realized,2025-12-20,2025-12-20 18:00:00+00:00,FR,load,ridge_3mo_context,Ridge with covariates,selected_covariates+tso_forecast,2208,2025-12-21 11:00:00+00:00,57014.15064535683,56411.3575,,2025-09-19 18:00:00+00:00,2025-12-20 17:00:00+00:00
historical_mock_realized,2025-12-20,2025-12-20 18:00:00+00:00,FR,load,ridge_3mo_context,Ridge with covariates,selected_covariates+tso_forecast,2208,2025-12-21 12:00:00+00:00,56625.14243697636,54532.375,,2025-09-19 18:00:00+00:00,2025-12-20 17:00:00+00:00
historical_mock_realized,2025-12-20,2025-12-20 18:00:00+00:00,FR,load,ridge_3mo_context,Ridge with covariates,selected_covariates+tso_forecast,2208,2025-12-21 13:00:00+00:00,54258.41198361329,53024.4025,,2025-09-19 18:00:00+00:00,2025-12-20 17:00:00+00:00
historical_mock_realized,2025-12-20,2025-12-20 18:00:00+00:00,FR,load,ridge_3mo_context,Ridge with covariates,selected_covariates+tso_forecast,2208,2025-12-21 14:00:00+00:00,52489.6269467688,51745.0375,,2025-09-19 18:00:00+00:00,2025-12-20 17:00:00+00:00
historical_mock_realized,2025-12-20,2025-12-20 18:00:00+00:00,FR,load,ridge_3mo_context,Ridge with covariates,selected_covariates+tso_forecast,2208,2025-12-21 15:00:00+00:00,51661.57556624712,50955.075,,2025-09-19 18:00:00+00:00,2025-12-20 17:00:00+00:00
historical_mock_realized,2025-12-20,2025-12-20 18:00:00+00:00,FR,load,ridge_3mo_context,Ridge with covariates,selected_covariates+tso_forecast,2208,2025-12-21 16:00:00+00:00,53242.70253063496,53157.3275,,2025-09-19 18:00:00+00:00,2025-12-20 17:00:00+00:00
historical_mock_realized,2025-12-20,2025-12-20 18:00:00+00:00,FR,load,ridge_3mo_context,Ridge with covariates,selected_covariates+tso_forecast,2208,2025-12-21 17:00:00+00:00,55592.51204577767,55538.88,,2025-09-19 18:00:00+00:00,2025-12-20 17:00:00+00:00
historical_mock_realized,2025-12-20,2025-12-20 18:00:00+00:00,DE,load,ridge_3mo_context,Ridge with covariates,selected_covariates+tso_forecast,2208,2025-12-20 18:00:00+00:00,56851.14627205472,55705.450785,,2025-09-19 18:00:00+00:00,2025-12-20 17:00:00+00:00
historical_mock_realized,2025-12-20,2025-12-20 18:00:00+00:00,DE,load,ridge_3mo_context,Ridge with covariates,selected_covariates+tso_forecast,2208,2025-12-20 19:00:00+00:00,55094.73482615981,52941.571905,,2025-09-19 18:00:00+00:00,2025-12-20 17:00:00+00:00
historical_mock_realized,2025-12-20,2025-12-20 18:00:00+00:00,DE,load,ridge_3mo_context,Ridge with covariates,selected_covariates+tso_forecast,2208,2025-12-20 20:00:00+00:00,52958.51151535475,50630.659055,,2025-09-19 18:00:00+00:00,2025-12-20 17:00:00+00:00
historical_mock_realized,2025-12-20,2025-12-20 18:00:00+00:00,DE,load,ridge_3mo_context,Ridge with covariates,selected_covariates+tso_forecast,2208,2025-12-20 21:00:00+00:00,51110.5059688564,48684.4154825,,2025-09-19 18:00:00+00:00,2025-12-20 17:00:00+00:00
historical_mock_realized,2025-12-20,2025-12-20 18:00:00+00:00,DE,load,ridge_3mo_context,Ridge with covariates,selected_covariates+tso_forecast,2208,2025-12-20 22:00:00+00:00,48852.83244368991,46345.7965,,2025-09-19 18:00:00+00:00,2025-12-20 17:00:00+00:00
historical_mock_realized,2025-12-20,2025-12-20 18:00:00+00:00,DE,load,ridge_3mo_context,Ridge with covariates,selected_covariates+tso_forecast,2208,2025-12-20 23:00:00+00:00,46456.34613738916,43270.3420075,,2025-09-19 18:00:00+00:00,2025-12-20 17:00:00+00:00
historical_mock_realized,2025-12-20,2025-12-20 18:00:00+00:00,DE,load,ridge_3mo_context,Ridge with covariates,selected_covariates+tso_forecast,2208,2025-12-21 00:00:00+00:00,44680.38573478989,41541.9858875,,2025-09-19 18:00:00+00:00,2025-12-20 17:00:00+00:00
historical_mock_realized,2025-12-20,2025-12-20 18:00:00+00:00,DE,load,ridge_3mo_context,Ridge with covariates,selected_covariates+tso_forecast,2208,2025-12-21 01:00:00+00:00,43687.85934968352,40602.06899,,2025-09-19 18:00:00+00:00,2025-12-20 17:00:00+00:00
historical_mock_realized,2025-12-20,2025-12-20 18:00:00+00:00,DE,load,ridge_3mo_context,Ridge with covariates,selected_covariates+tso_forecast,2208,2025-12-21 02:00:00+00:00,43192.44408228937,40604.71499,,2025-09-19 18:00:00+00:00,2025-12-20 17:00:00+00:00
historical_mock_realized,2025-12-20,2025-12-20 18:00:00+00:00,DE,load,ridge_3mo_context,Ridge with covariates,selected_covariates+tso_forecast,2208,2025-12-21 03:00:00+00:00,43262.176694367554,40608.7158925,,2025-09-19 18:00:00+00:00,2025-12-20 17:00:00+00:00
historical_mock_realized,2025-12-20,2025-12-20 18:00:00+00:00,DE,load,ridge_3mo_context,Ridge with covariates,selected_covariates+tso_forecast,2208,2025-12-21 04:00:00+00:00,43894.53700994584,41198.22435,,2025-09-19 18:00:00+00:00,2025-12-20 17:00:00+00:00
historical_mock_realized,2025-12-20,2025-12-20 18:00:00+00:00,DE,load,ridge_3mo_context,Ridge with covariates,selected_covariates+tso_forecast,2208,2025-12-21 05:00:00+00:00,45394.5156747561,41955.925025,,2025-09-19 18:00:00+00:00,2025-12-20 17:00:00+00:00
historical_mock_realized,2025-12-20,2025-12-20 18:00:00+00:00,DE,load,ridge_3mo_context,Ridge with covariates,selected_covariates+tso_forecast,2208,2025-12-21 06:00:00+00:00,47681.83527062279,44267.4908575,,2025-09-19 18:00:00+00:00,2025-12-20 17:00:00+00:00
historical_mock_realized,2025-12-20,2025-12-20 18:00:00+00:00,DE,load,ridge_3mo_context,Ridge with covariates,selected_covariates+tso_forecast,2208,2025-12-21 07:00:00+00:00,50522.21700883203,47007.9728325,,2025-09-19 18:00:00+00:00,2025-12-20 17:00:00+00:00
historical_mock_realized,2025-12-20,2025-12-20 18:00:00+00:00,DE,load,ridge_3mo_context,Ridge with covariates,selected_covariates+tso_forecast,2208,2025-12-21 08:00:00+00:00,53296.582695825455,49775.6171475,,2025-09-19 18:00:00+00:00,2025-12-20 17:00:00+00:00
historical_mock_realized,2025-12-20,2025-12-20 18:00:00+00:00,DE,load,ridge_3mo_context,Ridge with covariates,selected_covariates+tso_forecast,2208,2025-12-21 09:00:00+00:00,55472.77645052529,51941.681115,,2025-09-19 18:00:00+00:00,2025-12-20 17:00:00+00:00
historical_mock_realized,2025-12-20,2025-12-20 18:00:00+00:00,DE,load,ridge_3mo_context,Ridge with covariates,selected_covariates+tso_forecast,2208,2025-12-21 10:00:00+00:00,57109.10211416938,53558.1004225,,2025-09-19 18:00:00+00:00,2025-12-20 17:00:00+00:00
historical_mock_realized,2025-12-20,2025-12-20 18:00:00+00:00,DE,load,ridge_3mo_context,Ridge with covariates,selected_covariates+tso_forecast,2208,2025-12-21 11:00:00+00:00,57510.67331045583,53513.74374,,2025-09-19 18:00:00+00:00,2025-12-20 17:00:00+00:00
historical_mock_realized,2025-12-20,2025-12-20 18:00:00+00:00,DE,load,ridge_3mo_context,Ridge with covariates,selected_covariates+tso_forecast,2208,2025-12-21 12:00:00+00:00,56675.20437823886,51702.78414,,2025-09-19 18:00:00+00:00,2025-12-20 17:00:00+00:00
historical_mock_realized,2025-12-20,2025-12-20 18:00:00+00:00,DE,load,ridge_3mo_context,Ridge with covariates,selected_covariates+tso_forecast,2208,2025-12-21 13:00:00+00:00,55547.08162626036,50668.33278,,2025-09-19 18:00:00+00:00,2025-12-20 17:00:00+00:00
historical_mock_realized,2025-12-20,2025-12-20 18:00:00+00:00,DE,load,ridge_3mo_context,Ridge with covariates,selected_covariates+tso_forecast,2208,2025-12-21 14:00:00+00:00,54919.61566112889,51161.03829,,2025-09-19 18:00:00+00:00,2025-12-20 17:00:00+00:00
historical_mock_realized,2025-12-20,2025-12-20 18:00:00+00:00,DE,load,ridge_3mo_context,Ridge with covariates,selected_covariates+tso_forecast,2208,2025-12-21 15:00:00+00:00,55349.31129725364,52972.054645,,2025-09-19 18:00:00+00:00,2025-12-20 17:00:00+00:00
historical_mock_realized,2025-12-20,2025-12-20 18:00:00+00:00,DE,load,ridge_3mo_context,Ridge with covariates,selected_covariates+tso_forecast,2208,2025-12-21 16:00:00+00:00,56783.270597588984,55598.495755,,2025-09-19 18:00:00+00:00,2025-12-20 17:00:00+00:00
historical_mock_realized,2025-12-20,2025-12-20 18:00:00+00:00,DE,load,ridge_3mo_context,Ridge with covariates,selected_covariates+tso_forecast,2208,2025-12-21 17:00:00+00:00,57754.35845996635,56467.0212975,,2025-09-19 18:00:00+00:00,2025-12-20 17:00:00+00:00
historical_mock_realized,2025-12-20,2025-12-20 18:00:00+00:00,BE,solar,tso_reference,TSO forecast,tso_forecast,2208,2025-12-20 18:00:00+00:00,0.0,0.0,,2025-09-19 18:00:00+00:00,2025-12-20 17:00:00+00:00
historical_mock_realized,2025-12-20,2025-12-20 18:00:00+00:00,BE,solar,tso_reference,TSO forecast,tso_forecast,2208,2025-12-20 19:00:00+00:00,0.0,0.0,,2025-09-19 18:00:00+00:00,2025-12-20 17:00:00+00:00
historical_mock_realized,2025-12-20,2025-12-20 18:00:00+00:00,BE,solar,tso_reference,TSO forecast,tso_forecast,2208,2025-12-20 20:00:00+00:00,0.0,0.0,,2025-09-19 18:00:00+00:00,2025-12-20 17:00:00+00:00
historical_mock_realized,2025-12-20,2025-12-20 18:00:00+00:00,BE,solar,tso_reference,TSO forecast,tso_forecast,2208,2025-12-20 21:00:00+00:00,0.0,0.0,,2025-09-19 18:00:00+00:00,2025-12-20 17:00:00+00:00
historical_mock_realized,2025-12-20,2025-12-20 18:00:00+00:00,BE,solar,tso_reference,TSO forecast,tso_forecast,2208,2025-12-20 22:00:00+00:00,0.0,0.0,,2025-09-19 18:00:00+00:00,2025-12-20 17:00:00+00:00
historical_mock_realized,2025-12-20,2025-12-20 18:00:00+00:00,BE,solar,tso_reference,TSO forecast,tso_forecast,2208,2025-12-20 23:00:00+00:00,0.0,0.0,,2025-09-19 18:00:00+00:00,2025-12-20 17:00:00+00:00
historical_mock_realized,2025-12-20,2025-12-20 18:00:00+00:00,BE,solar,tso_reference,TSO forecast,tso_forecast,2208,2025-12-21 00:00:00+00:00,0.0,0.0,,2025-09-19 18:00:00+00:00,2025-12-20 17:00:00+00:00
historical_mock_realized,2025-12-20,2025-12-20 18:00:00+00:00,BE,solar,tso_reference,TSO forecast,tso_forecast,2208,2025-12-21 01:00:00+00:00,0.0,0.0,,2025-09-19 18:00:00+00:00,2025-12-20 17:00:00+00:00
historical_mock_realized,2025-12-20,2025-12-20 18:00:00+00:00,BE,solar,tso_reference,TSO forecast,tso_forecast,2208,2025-12-21 02:00:00+00:00,0.0,0.0,,2025-09-19 18:00:00+00:00,2025-12-20 17:00:00+00:00
historical_mock_realized,2025-12-20,2025-12-20 18:00:00+00:00,BE,solar,tso_reference,TSO forecast,tso_forecast,2208,2025-12-21 03:00:00+00:00,0.0,0.0,,2025-09-19 18:00:00+00:00,2025-12-20 17:00:00+00:00
historical_mock_realized,2025-12-20,2025-12-20 18:00:00+00:00,BE,solar,tso_reference,TSO forecast,tso_forecast,2208,2025-12-21 04:00:00+00:00,0.0,0.0,,2025-09-19 18:00:00+00:00,2025-12-20 17:00:00+00:00
historical_mock_realized,2025-12-20,2025-12-20 18:00:00+00:00,BE,solar,tso_reference,TSO forecast,tso_forecast,2208,2025-12-21 05:00:00+00:00,0.0,0.0,,2025-09-19 18:00:00+00:00,2025-12-20 17:00:00+00:00
historical_mock_realized,2025-12-20,2025-12-20 18:00:00+00:00,BE,solar,tso_reference,TSO forecast,tso_forecast,2208,2025-12-21 06:00:00+00:00,0.0,0.0,,2025-09-19 18:00:00+00:00,2025-12-20 17:00:00+00:00
historical_mock_realized,2025-12-20,2025-12-20 18:00:00+00:00,BE,solar,tso_reference,TSO forecast,tso_forecast,2208,2025-12-21 07:00:00+00:00,5.77275,0.548,,2025-09-19 18:00:00+00:00,2025-12-20 17:00:00+00:00
historical_mock_realized,2025-12-20,2025-12-20 18:00:00+00:00,BE,solar,tso_reference,TSO forecast,tso_forecast,2208,2025-12-21 08:00:00+00:00,343.163999,232.5345,,2025-09-19 18:00:00+00:00,2025-12-20 17:00:00+00:00
historical_mock_realized,2025-12-20,2025-12-20 18:00:00+00:00,BE,solar,tso_reference,TSO forecast,tso_forecast,2208,2025-12-21 09:00:00+00:00,1028.524,900.0705,,2025-09-19 18:00:00+00:00,2025-12-20 17:00:00+00:00
historical_mock_realized,2025-12-20,2025-12-20 18:00:00+00:00,BE,solar,tso_reference,TSO forecast,tso_forecast,2208,2025-12-21 10:00:00+00:00,1552.784249,1424.54025,,2025-09-19 18:00:00+00:00,2025-12-20 17:00:00+00:00
historical_mock_realized,2025-12-20,2025-12-20 18:00:00+00:00,BE,solar,tso_reference,TSO forecast,tso_forecast,2208,2025-12-21 11:00:00+00:00,1745.509252,1276.77225,,2025-09-19 18:00:00+00:00,2025-12-20 17:00:00+00:00
historical_mock_realized,2025-12-20,2025-12-20 18:00:00+00:00,BE,solar,tso_reference,TSO forecast,tso_forecast,2208,2025-12-21 12:00:00+00:00,1631.898252,1121.84675,,2025-09-19 18:00:00+00:00,2025-12-20 17:00:00+00:00
historical_mock_realized,2025-12-20,2025-12-20 18:00:00+00:00,BE,solar,tso_reference,TSO forecast,tso_forecast,2208,2025-12-21 13:00:00+00:00,1308.325999,986.9485,,2025-09-19 18:00:00+00:00,2025-12-20 17:00:00+00:00
historical_mock_realized,2025-12-20,2025-12-20 18:00:00+00:00,BE,solar,tso_reference,TSO forecast,tso_forecast,2208,2025-12-21 14:00:00+00:00,624.83875,469.27325,,2025-09-19 18:00:00+00:00,2025-12-20 17:00:00+00:00
historical_mock_realized,2025-12-20,2025-12-20 18:00:00+00:00,BE,solar,tso_reference,TSO forecast,tso_forecast,2208,2025-12-21 15:00:00+00:00,46.3795,40.6755,,2025-09-19 18:00:00+00:00,2025-12-20 17:00:00+00:00
historical_mock_realized,2025-12-20,2025-12-20 18:00:00+00:00,BE,solar,tso_reference,TSO forecast,tso_forecast,2208,2025-12-21 16:00:00+00:00,0.0,0.0,,2025-09-19 18:00:00+00:00,2025-12-20 17:00:00+00:00
historical_mock_realized,2025-12-20,2025-12-20 18:00:00+00:00,BE,solar,tso_reference,TSO forecast,tso_forecast,2208,2025-12-21 17:00:00+00:00,0.0,0.0,,2025-09-19 18:00:00+00:00,2025-12-20 17:00:00+00:00
historical_mock_realized,2025-12-20,2025-12-20 18:00:00+00:00,BE,solar,persistence,Persistence,daily_persistence,2208,2025-12-20 18:00:00+00:00,0.0,0.0,,2025-09-19 18:00:00+00:00,2025-12-20 17:00:00+00:00
historical_mock_realized,2025-12-20,2025-12-20 18:00:00+00:00,BE,solar,persistence,Persistence,daily_persistence,2208,2025-12-20 19:00:00+00:00,0.0,0.0,,2025-09-19 18:00:00+00:00,2025-12-20 17:00:00+00:00
historical_mock_realized,2025-12-20,2025-12-20 18:00:00+00:00,BE,solar,persistence,Persistence,daily_persistence,2208,2025-12-20 20:00:00+00:00,0.0,0.0,,2025-09-19 18:00:00+00:00,2025-12-20 17:00:00+00:00
historical_mock_realized,2025-12-20,2025-12-20 18:00:00+00:00,BE,solar,persistence,Persistence,daily_persistence,2208,2025-12-20 21:00:00+00:00,0.0,0.0,,2025-09-19 18:00:00+00:00,2025-12-20 17:00:00+00:00
historical_mock_realized,2025-12-20,2025-12-20 18:00:00+00:00,BE,solar,persistence,Persistence,daily_persistence,2208,2025-12-20 22:00:00+00:00,0.0,0.0,,2025-09-19 18:00:00+00:00,2025-12-20 17:00:00+00:00
historical_mock_realized,2025-12-20,2025-12-20 18:00:00+00:00,BE,solar,persistence,Persistence,daily_persistence,2208,2025-12-20 23:00:00+00:00,0.0,0.0,,2025-09-19 18:00:00+00:00,2025-12-20 17:00:00+00:00
historical_mock_realized,2025-12-20,2025-12-20 18:00:00+00:00,BE,solar,persistence,Persistence,daily_persistence,2208,2025-12-21 00:00:00+00:00,0.0,0.0,,2025-09-19 18:00:00+00:00,2025-12-20 17:00:00+00:00
historical_mock_realized,2025-12-20,2025-12-20 18:00:00+00:00,BE,solar,persistence,Persistence,daily_persistence,2208,2025-12-21 01:00:00+00:00,0.0,0.0,,2025-09-19 18:00:00+00:00,2025-12-20 17:00:00+00:00
historical_mock_realized,2025-12-20,2025-12-20 18:00:00+00:00,BE,solar,persistence,Persistence,daily_persistence,2208,2025-12-21 02:00:00+00:00,0.0,0.0,,2025-09-19 18:00:00+00:00,2025-12-20 17:00:00+00:00
historical_mock_realized,2025-12-20,2025-12-20 18:00:00+00:00,BE,solar,persistence,Persistence,daily_persistence,2208,2025-12-21 03:00:00+00:00,0.0,0.0,,2025-09-19 18:00:00+00:00,2025-12-20 17:00:00+00:00
historical_mock_realized,2025-12-20,2025-12-20 18:00:00+00:00,BE,solar,persistence,Persistence,daily_persistence,2208,2025-12-21 04:00:00+00:00,0.0,0.0,,2025-09-19 18:00:00+00:00,2025-12-20 17:00:00+00:00
historical_mock_realized,2025-12-20,2025-12-20 18:00:00+00:00,BE,solar,persistence,Persistence,daily_persistence,2208,2025-12-21 05:00:00+00:00,0.0,0.0,,2025-09-19 18:00:00+00:00,2025-12-20 17:00:00+00:00
historical_mock_realized,2025-12-20,2025-12-20 18:00:00+00:00,BE,solar,persistence,Persistence,daily_persistence,2208,2025-12-21 06:00:00+00:00,0.0,0.0,,2025-09-19 18:00:00+00:00,2025-12-20 17:00:00+00:00
historical_mock_realized,2025-12-20,2025-12-20 18:00:00+00:00,BE,solar,persistence,Persistence,daily_persistence,2208,2025-12-21 07:00:00+00:00,0.47925,0.548,,2025-09-19 18:00:00+00:00,2025-12-20 17:00:00+00:00
historical_mock_realized,2025-12-20,2025-12-20 18:00:00+00:00,BE,solar,persistence,Persistence,daily_persistence,2208,2025-12-21 08:00:00+00:00,223.24475,232.5345,,2025-09-19 18:00:00+00:00,2025-12-20 17:00:00+00:00
historical_mock_realized,2025-12-20,2025-12-20 18:00:00+00:00,BE,solar,persistence,Persistence,daily_persistence,2208,2025-12-21 09:00:00+00:00,683.759,900.0705,,2025-09-19 18:00:00+00:00,2025-12-20 17:00:00+00:00
historical_mock_realized,2025-12-20,2025-12-20 18:00:00+00:00,BE,solar,persistence,Persistence,daily_persistence,2208,2025-12-21 10:00:00+00:00,887.30025,1424.54025,,2025-09-19 18:00:00+00:00,2025-12-20 17:00:00+00:00
historical_mock_realized,2025-12-20,2025-12-20 18:00:00+00:00,BE,solar,persistence,Persistence,daily_persistence,2208,2025-12-21 11:00:00+00:00,893.3115,1276.77225,,2025-09-19 18:00:00+00:00,2025-12-20 17:00:00+00:00
historical_mock_realized,2025-12-20,2025-12-20 18:00:00+00:00,BE,solar,persistence,Persistence,daily_persistence,2208,2025-12-21 12:00:00+00:00,703.50525,1121.84675,,2025-09-19 18:00:00+00:00,2025-12-20 17:00:00+00:00
historical_mock_realized,2025-12-20,2025-12-20 18:00:00+00:00,BE,solar,persistence,Persistence,daily_persistence,2208,2025-12-21 13:00:00+00:00,419.528,986.9485,,2025-09-19 18:00:00+00:00,2025-12-20 17:00:00+00:00
historical_mock_realized,2025-12-20,2025-12-20 18:00:00+00:00,BE,solar,persistence,Persistence,daily_persistence,2208,2025-12-21 14:00:00+00:00,138.01975,469.27325,,2025-09-19 18:00:00+00:00,2025-12-20 17:00:00+00:00
historical_mock_realized,2025-12-20,2025-12-20 18:00:00+00:00,BE,solar,persistence,Persistence,daily_persistence,2208,2025-12-21 15:00:00+00:00,10.13025,40.6755,,2025-09-19 18:00:00+00:00,2025-12-20 17:00:00+00:00
historical_mock_realized,2025-12-20,2025-12-20 18:00:00+00:00,BE,solar,persistence,Persistence,daily_persistence,2208,2025-12-21 16:00:00+00:00,0.0,0.0,,2025-09-19 18:00:00+00:00,2025-12-20 17:00:00+00:00
historical_mock_realized,2025-12-20,2025-12-20 18:00:00+00:00,BE,solar,persistence,Persistence,daily_persistence,2208,2025-12-21 17:00:00+00:00,0.0,0.0,,2025-09-19 18:00:00+00:00,2025-12-20 17:00:00+00:00
historical_mock_realized,2025-12-20,2025-12-20 18:00:00+00:00,BE,solar,xgboost_online,XGBoost with covariates,XGBoost_Weather_TSOCov,2208,2025-12-20 18:00:00+00:00,19.119346618652344,0.0,,2025-09-19 18:00:00+00:00,2025-12-20 17:00:00+00:00
historical_mock_realized,2025-12-20,2025-12-20 18:00:00+00:00,BE,solar,xgboost_online,XGBoost with covariates,XGBoost_Weather_TSOCov,2208,2025-12-20 19:00:00+00:00,19.119346618652344,0.0,,2025-09-19 18:00:00+00:00,2025-12-20 17:00:00+00:00
historical_mock_realized,2025-12-20,2025-12-20 18:00:00+00:00,BE,solar,xgboost_online,XGBoost with covariates,XGBoost_Weather_TSOCov,2208,2025-12-20 20:00:00+00:00,19.119346618652344,0.0,,2025-09-19 18:00:00+00:00,2025-12-20 17:00:00+00:00
historical_mock_realized,2025-12-20,2025-12-20 18:00:00+00:00,BE,solar,xgboost_online,XGBoost with covariates,XGBoost_Weather_TSOCov,2208,2025-12-20 21:00:00+00:00,19.119346618652344,0.0,,2025-09-19 18:00:00+00:00,2025-12-20 17:00:00+00:00
historical_mock_realized,2025-12-20,2025-12-20 18:00:00+00:00,BE,solar,xgboost_online,XGBoost with covariates,XGBoost_Weather_TSOCov,2208,2025-12-20 22:00:00+00:00,19.119346618652344,0.0,,2025-09-19 18:00:00+00:00,2025-12-20 17:00:00+00:00
historical_mock_realized,2025-12-20,2025-12-20 18:00:00+00:00,BE,solar,xgboost_online,XGBoost with covariates,XGBoost_Weather_TSOCov,2208,2025-12-20 23:00:00+00:00,19.119346618652344,0.0,,2025-09-19 18:00:00+00:00,2025-12-20 17:00:00+00:00
historical_mock_realized,2025-12-20,2025-12-20 18:00:00+00:00,BE,solar,xgboost_online,XGBoost with covariates,XGBoost_Weather_TSOCov,2208,2025-12-21 00:00:00+00:00,19.119346618652344,0.0,,2025-09-19 18:00:00+00:00,2025-12-20 17:00:00+00:00
historical_mock_realized,2025-12-20,2025-12-20 18:00:00+00:00,BE,solar,xgboost_online,XGBoost with covariates,XGBoost_Weather_TSOCov,2208,2025-12-21 01:00:00+00:00,19.119346618652344,0.0,,2025-09-19 18:00:00+00:00,2025-12-20 17:00:00+00:00
historical_mock_realized,2025-12-20,2025-12-20 18:00:00+00:00,BE,solar,xgboost_online,XGBoost with covariates,XGBoost_Weather_TSOCov,2208,2025-12-21 02:00:00+00:00,19.119346618652344,0.0,,2025-09-19 18:00:00+00:00,2025-12-20 17:00:00+00:00
historical_mock_realized,2025-12-20,2025-12-20 18:00:00+00:00,BE,solar,xgboost_online,XGBoost with covariates,XGBoost_Weather_TSOCov,2208,2025-12-21 03:00:00+00:00,19.119346618652344,0.0,,2025-09-19 18:00:00+00:00,2025-12-20 17:00:00+00:00
historical_mock_realized,2025-12-20,2025-12-20 18:00:00+00:00,BE,solar,xgboost_online,XGBoost with covariates,XGBoost_Weather_TSOCov,2208,2025-12-21 04:00:00+00:00,19.119346618652344,0.0,,2025-09-19 18:00:00+00:00,2025-12-20 17:00:00+00:00
historical_mock_realized,2025-12-20,2025-12-20 18:00:00+00:00,BE,solar,xgboost_online,XGBoost with covariates,XGBoost_Weather_TSOCov,2208,2025-12-21 05:00:00+00:00,19.119346618652344,0.0,,2025-09-19 18:00:00+00:00,2025-12-20 17:00:00+00:00
historical_mock_realized,2025-12-20,2025-12-20 18:00:00+00:00,BE,solar,xgboost_online,XGBoost with covariates,XGBoost_Weather_TSOCov,2208,2025-12-21 06:00:00+00:00,19.119346618652344,0.0,,2025-09-19 18:00:00+00:00,2025-12-20 17:00:00+00:00
historical_mock_realized,2025-12-20,2025-12-20 18:00:00+00:00,BE,solar,xgboost_online,XGBoost with covariates,XGBoost_Weather_TSOCov,2208,2025-12-21 07:00:00+00:00,19.119346618652344,0.548,,2025-09-19 18:00:00+00:00,2025-12-20 17:00:00+00:00
historical_mock_realized,2025-12-20,2025-12-20 18:00:00+00:00,BE,solar,xgboost_online,XGBoost with covariates,XGBoost_Weather_TSOCov,2208,2025-12-21 08:00:00+00:00,291.1301574707031,232.5345,,2025-09-19 18:00:00+00:00,2025-12-20 17:00:00+00:00
historical_mock_realized,2025-12-20,2025-12-20 18:00:00+00:00,BE,solar,xgboost_online,XGBoost with covariates,XGBoost_Weather_TSOCov,2208,2025-12-21 09:00:00+00:00,907.3423461914062,900.0705,,2025-09-19 18:00:00+00:00,2025-12-20 17:00:00+00:00
historical_mock_realized,2025-12-20,2025-12-20 18:00:00+00:00,BE,solar,xgboost_online,XGBoost with covariates,XGBoost_Weather_TSOCov,2208,2025-12-21 10:00:00+00:00,1378.3619384765625,1424.54025,,2025-09-19 18:00:00+00:00,2025-12-20 17:00:00+00:00
historical_mock_realized,2025-12-20,2025-12-20 18:00:00+00:00,BE,solar,xgboost_online,XGBoost with covariates,XGBoost_Weather_TSOCov,2208,2025-12-21 11:00:00+00:00,1547.4813232421875,1276.77225,,2025-09-19 18:00:00+00:00,2025-12-20 17:00:00+00:00
historical_mock_realized,2025-12-20,2025-12-20 18:00:00+00:00,BE,solar,xgboost_online,XGBoost with covariates,XGBoost_Weather_TSOCov,2208,2025-12-21 12:00:00+00:00,1417.87353515625,1121.84675,,2025-09-19 18:00:00+00:00,2025-12-20 17:00:00+00:00
historical_mock_realized,2025-12-20,2025-12-20 18:00:00+00:00,BE,solar,xgboost_online,XGBoost with covariates,XGBoost_Weather_TSOCov,2208,2025-12-21 13:00:00+00:00,1146.17724609375,986.9485,,2025-09-19 18:00:00+00:00,2025-12-20 17:00:00+00:00
historical_mock_realized,2025-12-20,2025-12-20 18:00:00+00:00,BE,solar,xgboost_online,XGBoost with covariates,XGBoost_Weather_TSOCov,2208,2025-12-21 14:00:00+00:00,519.1699829101562,469.27325,,2025-09-19 18:00:00+00:00,2025-12-20 17:00:00+00:00
historical_mock_realized,2025-12-20,2025-12-20 18:00:00+00:00,BE,solar,xgboost_online,XGBoost with covariates,XGBoost_Weather_TSOCov,2208,2025-12-21 15:00:00+00:00,31.25458335876465,40.6755,,2025-09-19 18:00:00+00:00,2025-12-20 17:00:00+00:00
historical_mock_realized,2025-12-20,2025-12-20 18:00:00+00:00,BE,solar,xgboost_online,XGBoost with covariates,XGBoost_Weather_TSOCov,2208,2025-12-21 16:00:00+00:00,19.119346618652344,0.0,,2025-09-19 18:00:00+00:00,2025-12-20 17:00:00+00:00
historical_mock_realized,2025-12-20,2025-12-20 18:00:00+00:00,BE,solar,xgboost_online,XGBoost with covariates,XGBoost_Weather_TSOCov,2208,2025-12-21 17:00:00+00:00,19.119346618652344,0.0,,2025-09-19 18:00:00+00:00,2025-12-20 17:00:00+00:00
historical_mock_realized,2025-12-20,2025-12-20 18:00:00+00:00,FR,solar,tso_reference,TSO forecast,tso_forecast,2208,2025-12-20 18:00:00+00:00,0.0,0.0,,2025-09-19 18:00:00+00:00,2025-12-20 17:00:00+00:00
historical_mock_realized,2025-12-20,2025-12-20 18:00:00+00:00,FR,solar,tso_reference,TSO forecast,tso_forecast,2208,2025-12-20 19:00:00+00:00,0.0,0.0,,2025-09-19 18:00:00+00:00,2025-12-20 17:00:00+00:00
historical_mock_realized,2025-12-20,2025-12-20 18:00:00+00:00,FR,solar,tso_reference,TSO forecast,tso_forecast,2208,2025-12-20 20:00:00+00:00,0.0,0.0,,2025-09-19 18:00:00+00:00,2025-12-20 17:00:00+00:00
historical_mock_realized,2025-12-20,2025-12-20 18:00:00+00:00,FR,solar,tso_reference,TSO forecast,tso_forecast,2208,2025-12-20 21:00:00+00:00,0.0,0.0,,2025-09-19 18:00:00+00:00,2025-12-20 17:00:00+00:00
historical_mock_realized,2025-12-20,2025-12-20 18:00:00+00:00,FR,solar,tso_reference,TSO forecast,tso_forecast,2208,2025-12-20 22:00:00+00:00,0.0,0.0,,2025-09-19 18:00:00+00:00,2025-12-20 17:00:00+00:00
historical_mock_realized,2025-12-20,2025-12-20 18:00:00+00:00,FR,solar,tso_reference,TSO forecast,tso_forecast,2208,2025-12-20 23:00:00+00:00,0.0,0.0,,2025-09-19 18:00:00+00:00,2025-12-20 17:00:00+00:00
historical_mock_realized,2025-12-20,2025-12-20 18:00:00+00:00,FR,solar,tso_reference,TSO forecast,tso_forecast,2208,2025-12-21 00:00:00+00:00,0.0,0.0,,2025-09-19 18:00:00+00:00,2025-12-20 17:00:00+00:00
historical_mock_realized,2025-12-20,2025-12-20 18:00:00+00:00,FR,solar,tso_reference,TSO forecast,tso_forecast,2208,2025-12-21 01:00:00+00:00,0.0,0.0,,2025-09-19 18:00:00+00:00,2025-12-20 17:00:00+00:00
historical_mock_realized,2025-12-20,2025-12-20 18:00:00+00:00,FR,solar,tso_reference,TSO forecast,tso_forecast,2208,2025-12-21 02:00:00+00:00,0.0,0.0,,2025-09-19 18:00:00+00:00,2025-12-20 17:00:00+00:00
historical_mock_realized,2025-12-20,2025-12-20 18:00:00+00:00,FR,solar,tso_reference,TSO forecast,tso_forecast,2208,2025-12-21 03:00:00+00:00,0.0,0.0,,2025-09-19 18:00:00+00:00,2025-12-20 17:00:00+00:00
historical_mock_realized,2025-12-20,2025-12-20 18:00:00+00:00,FR,solar,tso_reference,TSO forecast,tso_forecast,2208,2025-12-21 04:00:00+00:00,0.0,0.0,,2025-09-19 18:00:00+00:00,2025-12-20 17:00:00+00:00
historical_mock_realized,2025-12-20,2025-12-20 18:00:00+00:00,FR,solar,tso_reference,TSO forecast,tso_forecast,2208,2025-12-21 05:00:00+00:00,0.0,0.0,,2025-09-19 18:00:00+00:00,2025-12-20 17:00:00+00:00
historical_mock_realized,2025-12-20,2025-12-20 18:00:00+00:00,FR,solar,tso_reference,TSO forecast,tso_forecast,2208,2025-12-21 06:00:00+00:00,0.0,0.0,,2025-09-19 18:00:00+00:00,2025-12-20 17:00:00+00:00
historical_mock_realized,2025-12-20,2025-12-20 18:00:00+00:00,FR,solar,tso_reference,TSO forecast,tso_forecast,2208,2025-12-21 07:00:00+00:00,0.0,317.0125,,2025-09-19 18:00:00+00:00,2025-12-20 17:00:00+00:00
historical_mock_realized,2025-12-20,2025-12-20 18:00:00+00:00,FR,solar,tso_reference,TSO forecast,tso_forecast,2208,2025-12-21 08:00:00+00:00,107.0375,1074.415,,2025-09-19 18:00:00+00:00,2025-12-20 17:00:00+00:00
historical_mock_realized,2025-12-20,2025-12-20 18:00:00+00:00,FR,solar,tso_reference,TSO forecast,tso_forecast,2208,2025-12-21 09:00:00+00:00,849.10376,2643.6375,,2025-09-19 18:00:00+00:00,2025-12-20 17:00:00+00:00
historical_mock_realized,2025-12-20,2025-12-20 18:00:00+00:00,FR,solar,tso_reference,TSO forecast,tso_forecast,2208,2025-12-21 10:00:00+00:00,2131.64746,3740.915,,2025-09-19 18:00:00+00:00,2025-12-20 17:00:00+00:00
historical_mock_realized,2025-12-20,2025-12-20 18:00:00+00:00,FR,solar,tso_reference,TSO forecast,tso_forecast,2208,2025-12-21 11:00:00+00:00,3164.7749,3986.6825,,2025-09-19 18:00:00+00:00,2025-12-20 17:00:00+00:00
historical_mock_realized,2025-12-20,2025-12-20 18:00:00+00:00,FR,solar,tso_reference,TSO forecast,tso_forecast,2208,2025-12-21 12:00:00+00:00,3527.9375,3629.9525,,2025-09-19 18:00:00+00:00,2025-12-20 17:00:00+00:00
historical_mock_realized,2025-12-20,2025-12-20 18:00:00+00:00,FR,solar,tso_reference,TSO forecast,tso_forecast,2208,2025-12-21 13:00:00+00:00,3404.93994,2848.2574999999997,,2025-09-19 18:00:00+00:00,2025-12-20 17:00:00+00:00
historical_mock_realized,2025-12-20,2025-12-20 18:00:00+00:00,FR,solar,tso_reference,TSO forecast,tso_forecast,2208,2025-12-21 14:00:00+00:00,2622.7251,1751.535,,2025-09-19 18:00:00+00:00,2025-12-20 17:00:00+00:00
historical_mock_realized,2025-12-20,2025-12-20 18:00:00+00:00,FR,solar,tso_reference,TSO forecast,tso_forecast,2208,2025-12-21 15:00:00+00:00,1394.88623,632.81,,2025-09-19 18:00:00+00:00,2025-12-20 17:00:00+00:00
historical_mock_realized,2025-12-20,2025-12-20 18:00:00+00:00,FR,solar,tso_reference,TSO forecast,tso_forecast,2208,2025-12-21 16:00:00+00:00,363.80127,245.6925,,2025-09-19 18:00:00+00:00,2025-12-20 17:00:00+00:00
historical_mock_realized,2025-12-20,2025-12-20 18:00:00+00:00,FR,solar,tso_reference,TSO forecast,tso_forecast,2208,2025-12-21 17:00:00+00:00,14.51625,230.1375,,2025-09-19 18:00:00+00:00,2025-12-20 17:00:00+00:00
historical_mock_realized,2025-12-20,2025-12-20 18:00:00+00:00,FR,solar,persistence,Persistence,daily_persistence,2208,2025-12-20 18:00:00+00:00,0.0,0.0,,2025-09-19 18:00:00+00:00,2025-12-20 17:00:00+00:00
historical_mock_realized,2025-12-20,2025-12-20 18:00:00+00:00,FR,solar,persistence,Persistence,daily_persistence,2208,2025-12-20 19:00:00+00:00,0.0,0.0,,2025-09-19 18:00:00+00:00,2025-12-20 17:00:00+00:00
historical_mock_realized,2025-12-20,2025-12-20 18:00:00+00:00,FR,solar,persistence,Persistence,daily_persistence,2208,2025-12-20 20:00:00+00:00,0.0,0.0,,2025-09-19 18:00:00+00:00,2025-12-20 17:00:00+00:00
historical_mock_realized,2025-12-20,2025-12-20 18:00:00+00:00,FR,solar,persistence,Persistence,daily_persistence,2208,2025-12-20 21:00:00+00:00,0.0,0.0,,2025-09-19 18:00:00+00:00,2025-12-20 17:00:00+00:00
historical_mock_realized,2025-12-20,2025-12-20 18:00:00+00:00,FR,solar,persistence,Persistence,daily_persistence,2208,2025-12-20 22:00:00+00:00,0.0,0.0,,2025-09-19 18:00:00+00:00,2025-12-20 17:00:00+00:00
historical_mock_realized,2025-12-20,2025-12-20 18:00:00+00:00,FR,solar,persistence,Persistence,daily_persistence,2208,2025-12-20 23:00:00+00:00,0.0,0.0,,2025-09-19 18:00:00+00:00,2025-12-20 17:00:00+00:00
historical_mock_realized,2025-12-20,2025-12-20 18:00:00+00:00,FR,solar,persistence,Persistence,daily_persistence,2208,2025-12-21 00:00:00+00:00,0.0,0.0,,2025-09-19 18:00:00+00:00,2025-12-20 17:00:00+00:00
historical_mock_realized,2025-12-20,2025-12-20 18:00:00+00:00,FR,solar,persistence,Persistence,daily_persistence,2208,2025-12-21 01:00:00+00:00,0.0,0.0,,2025-09-19 18:00:00+00:00,2025-12-20 17:00:00+00:00
historical_mock_realized,2025-12-20,2025-12-20 18:00:00+00:00,FR,solar,persistence,Persistence,daily_persistence,2208,2025-12-21 02:00:00+00:00,0.0,0.0,,2025-09-19 18:00:00+00:00,2025-12-20 17:00:00+00:00
historical_mock_realized,2025-12-20,2025-12-20 18:00:00+00:00,FR,solar,persistence,Persistence,daily_persistence,2208,2025-12-21 03:00:00+00:00,0.0,0.0,,2025-09-19 18:00:00+00:00,2025-12-20 17:00:00+00:00
historical_mock_realized,2025-12-20,2025-12-20 18:00:00+00:00,FR,solar,persistence,Persistence,daily_persistence,2208,2025-12-21 04:00:00+00:00,0.0,0.0,,2025-09-19 18:00:00+00:00,2025-12-20 17:00:00+00:00
historical_mock_realized,2025-12-20,2025-12-20 18:00:00+00:00,FR,solar,persistence,Persistence,daily_persistence,2208,2025-12-21 05:00:00+00:00,0.0,0.0,,2025-09-19 18:00:00+00:00,2025-12-20 17:00:00+00:00
historical_mock_realized,2025-12-20,2025-12-20 18:00:00+00:00,FR,solar,persistence,Persistence,daily_persistence,2208,2025-12-21 06:00:00+00:00,0.0,0.0,,2025-09-19 18:00:00+00:00,2025-12-20 17:00:00+00:00
historical_mock_realized,2025-12-20,2025-12-20 18:00:00+00:00,FR,solar,persistence,Persistence,daily_persistence,2208,2025-12-21 07:00:00+00:00,331.8225,317.0125,,2025-09-19 18:00:00+00:00,2025-12-20 17:00:00+00:00
historical_mock_realized,2025-12-20,2025-12-20 18:00:00+00:00,FR,solar,persistence,Persistence,daily_persistence,2208,2025-12-21 08:00:00+00:00,1009.8225,1074.415,,2025-09-19 18:00:00+00:00,2025-12-20 17:00:00+00:00
historical_mock_realized,2025-12-20,2025-12-20 18:00:00+00:00,FR,solar,persistence,Persistence,daily_persistence,2208,2025-12-21 09:00:00+00:00,2540.1075,2643.6375,,2025-09-19 18:00:00+00:00,2025-12-20 17:00:00+00:00
historical_mock_realized,2025-12-20,2025-12-20 18:00:00+00:00,FR,solar,persistence,Persistence,daily_persistence,2208,2025-12-21 10:00:00+00:00,3706.63,3740.915,,2025-09-19 18:00:00+00:00,2025-12-20 17:00:00+00:00
historical_mock_realized,2025-12-20,2025-12-20 18:00:00+00:00,FR,solar,persistence,Persistence,daily_persistence,2208,2025-12-21 11:00:00+00:00,4235.02,3986.6825,,2025-09-19 18:00:00+00:00,2025-12-20 17:00:00+00:00
historical_mock_realized,2025-12-20,2025-12-20 18:00:00+00:00,FR,solar,persistence,Persistence,daily_persistence,2208,2025-12-21 12:00:00+00:00,3991.605,3629.9525,,2025-09-19 18:00:00+00:00,2025-12-20 17:00:00+00:00
historical_mock_realized,2025-12-20,2025-12-20 18:00:00+00:00,FR,solar,persistence,Persistence,daily_persistence,2208,2025-12-21 13:00:00+00:00,2985.9425,2848.2574999999997,,2025-09-19 18:00:00+00:00,2025-12-20 17:00:00+00:00
historical_mock_realized,2025-12-20,2025-12-20 18:00:00+00:00,FR,solar,persistence,Persistence,daily_persistence,2208,2025-12-21 14:00:00+00:00,1684.9299999999998,1751.535,,2025-09-19 18:00:00+00:00,2025-12-20 17:00:00+00:00
historical_mock_realized,2025-12-20,2025-12-20 18:00:00+00:00,FR,solar,persistence,Persistence,daily_persistence,2208,2025-12-21 15:00:00+00:00,647.425,632.81,,2025-09-19 18:00:00+00:00,2025-12-20 17:00:00+00:00
historical_mock_realized,2025-12-20,2025-12-20 18:00:00+00:00,FR,solar,persistence,Persistence,daily_persistence,2208,2025-12-21 16:00:00+00:00,273.05,245.6925,,2025-09-19 18:00:00+00:00,2025-12-20 17:00:00+00:00
historical_mock_realized,2025-12-20,2025-12-20 18:00:00+00:00,FR,solar,persistence,Persistence,daily_persistence,2208,2025-12-21 17:00:00+00:00,254.09,230.1375,,2025-09-19 18:00:00+00:00,2025-12-20 17:00:00+00:00
historical_mock_realized,2025-12-20,2025-12-20 18:00:00+00:00,FR,solar,xgboost_online,XGBoost with covariates,XGBoost_TSOCov,2208,2025-12-20 18:00:00+00:00,57.77022933959961,0.0,,2025-09-19 18:00:00+00:00,2025-12-20 17:00:00+00:00
historical_mock_realized,2025-12-20,2025-12-20 18:00:00+00:00,FR,solar,xgboost_online,XGBoost with covariates,XGBoost_TSOCov,2208,2025-12-20 19:00:00+00:00,57.77022933959961,0.0,,2025-09-19 18:00:00+00:00,2025-12-20 17:00:00+00:00
historical_mock_realized,2025-12-20,2025-12-20 18:00:00+00:00,FR,solar,xgboost_online,XGBoost with covariates,XGBoost_TSOCov,2208,2025-12-20 20:00:00+00:00,57.77022933959961,0.0,,2025-09-19 18:00:00+00:00,2025-12-20 17:00:00+00:00
historical_mock_realized,2025-12-20,2025-12-20 18:00:00+00:00,FR,solar,xgboost_online,XGBoost with covariates,XGBoost_TSOCov,2208,2025-12-20 21:00:00+00:00,57.77022933959961,0.0,,2025-09-19 18:00:00+00:00,2025-12-20 17:00:00+00:00
historical_mock_realized,2025-12-20,2025-12-20 18:00:00+00:00,FR,solar,xgboost_online,XGBoost with covariates,XGBoost_TSOCov,2208,2025-12-20 22:00:00+00:00,57.77022933959961,0.0,,2025-09-19 18:00:00+00:00,2025-12-20 17:00:00+00:00
historical_mock_realized,2025-12-20,2025-12-20 18:00:00+00:00,FR,solar,xgboost_online,XGBoost with covariates,XGBoost_TSOCov,2208,2025-12-20 23:00:00+00:00,57.77022933959961,0.0,,2025-09-19 18:00:00+00:00,2025-12-20 17:00:00+00:00
historical_mock_realized,2025-12-20,2025-12-20 18:00:00+00:00,FR,solar,xgboost_online,XGBoost with covariates,XGBoost_TSOCov,2208,2025-12-21 00:00:00+00:00,57.77022933959961,0.0,,2025-09-19 18:00:00+00:00,2025-12-20 17:00:00+00:00
historical_mock_realized,2025-12-20,2025-12-20 18:00:00+00:00,FR,solar,xgboost_online,XGBoost with covariates,XGBoost_TSOCov,2208,2025-12-21 01:00:00+00:00,57.77022933959961,0.0,,2025-09-19 18:00:00+00:00,2025-12-20 17:00:00+00:00
historical_mock_realized,2025-12-20,2025-12-20 18:00:00+00:00,FR,solar,xgboost_online,XGBoost with covariates,XGBoost_TSOCov,2208,2025-12-21 02:00:00+00:00,57.77022933959961,0.0,,2025-09-19 18:00:00+00:00,2025-12-20 17:00:00+00:00
historical_mock_realized,2025-12-20,2025-12-20 18:00:00+00:00,FR,solar,xgboost_online,XGBoost with covariates,XGBoost_TSOCov,2208,2025-12-21 03:00:00+00:00,57.77022933959961,0.0,,2025-09-19 18:00:00+00:00,2025-12-20 17:00:00+00:00
historical_mock_realized,2025-12-20,2025-12-20 18:00:00+00:00,FR,solar,xgboost_online,XGBoost with covariates,XGBoost_TSOCov,2208,2025-12-21 04:00:00+00:00,57.77022933959961,0.0,,2025-09-19 18:00:00+00:00,2025-12-20 17:00:00+00:00
historical_mock_realized,2025-12-20,2025-12-20 18:00:00+00:00,FR,solar,xgboost_online,XGBoost with covariates,XGBoost_TSOCov,2208,2025-12-21 05:00:00+00:00,57.77022933959961,0.0,,2025-09-19 18:00:00+00:00,2025-12-20 17:00:00+00:00
historical_mock_realized,2025-12-20,2025-12-20 18:00:00+00:00,FR,solar,xgboost_online,XGBoost with covariates,XGBoost_TSOCov,2208,2025-12-21 06:00:00+00:00,57.77022933959961,0.0,,2025-09-19 18:00:00+00:00,2025-12-20 17:00:00+00:00
historical_mock_realized,2025-12-20,2025-12-20 18:00:00+00:00,FR,solar,xgboost_online,XGBoost with covariates,XGBoost_TSOCov,2208,2025-12-21 07:00:00+00:00,332.1398620605469,317.0125,,2025-09-19 18:00:00+00:00,2025-12-20 17:00:00+00:00
historical_mock_realized,2025-12-20,2025-12-20 18:00:00+00:00,FR,solar,xgboost_online,XGBoost with covariates,XGBoost_TSOCov,2208,2025-12-21 08:00:00+00:00,1224.5604248046875,1074.415,,2025-09-19 18:00:00+00:00,2025-12-20 17:00:00+00:00
historical_mock_realized,2025-12-20,2025-12-20 18:00:00+00:00,FR,solar,xgboost_online,XGBoost with covariates,XGBoost_TSOCov,2208,2025-12-21 09:00:00+00:00,2601.072265625,2643.6375,,2025-09-19 18:00:00+00:00,2025-12-20 17:00:00+00:00
historical_mock_realized,2025-12-20,2025-12-20 18:00:00+00:00,FR,solar,xgboost_online,XGBoost with covariates,XGBoost_TSOCov,2208,2025-12-21 10:00:00+00:00,3357.72265625,3740.915,,2025-09-19 18:00:00+00:00,2025-12-20 17:00:00+00:00
historical_mock_realized,2025-12-20,2025-12-20 18:00:00+00:00,FR,solar,xgboost_online,XGBoost with covariates,XGBoost_TSOCov,2208,2025-12-21 11:00:00+00:00,3603.58837890625,3986.6825,,2025-09-19 18:00:00+00:00,2025-12-20 17:00:00+00:00
historical_mock_realized,2025-12-20,2025-12-20 18:00:00+00:00,FR,solar,xgboost_online,XGBoost with covariates,XGBoost_TSOCov,2208,2025-12-21 12:00:00+00:00,3634.5322265625,3629.9525,,2025-09-19 18:00:00+00:00,2025-12-20 17:00:00+00:00
historical_mock_realized,2025-12-20,2025-12-20 18:00:00+00:00,FR,solar,xgboost_online,XGBoost with covariates,XGBoost_TSOCov,2208,2025-12-21 13:00:00+00:00,3357.910400390625,2848.2574999999997,,2025-09-19 18:00:00+00:00,2025-12-20 17:00:00+00:00
historical_mock_realized,2025-12-20,2025-12-20 18:00:00+00:00,FR,solar,xgboost_online,XGBoost with covariates,XGBoost_TSOCov,2208,2025-12-21 14:00:00+00:00,2516.67822265625,1751.535,,2025-09-19 18:00:00+00:00,2025-12-20 17:00:00+00:00
historical_mock_realized,2025-12-20,2025-12-20 18:00:00+00:00,FR,solar,xgboost_online,XGBoost with covariates,XGBoost_TSOCov,2208,2025-12-21 15:00:00+00:00,733.6604614257812,632.81,,2025-09-19 18:00:00+00:00,2025-12-20 17:00:00+00:00
historical_mock_realized,2025-12-20,2025-12-20 18:00:00+00:00,FR,solar,xgboost_online,XGBoost with covariates,XGBoost_TSOCov,2208,2025-12-21 16:00:00+00:00,319.51300048828125,245.6925,,2025-09-19 18:00:00+00:00,2025-12-20 17:00:00+00:00
historical_mock_realized,2025-12-20,2025-12-20 18:00:00+00:00,FR,solar,xgboost_online,XGBoost with covariates,XGBoost_TSOCov,2208,2025-12-21 17:00:00+00:00,277.7305908203125,230.1375,,2025-09-19 18:00:00+00:00,2025-12-20 17:00:00+00:00
historical_mock_realized,2025-12-20,2025-12-20 18:00:00+00:00,DE,solar,tso_reference,TSO forecast,tso_forecast,2208,2025-12-20 18:00:00+00:00,0.0,21.526299,,2025-09-19 18:00:00+00:00,2025-12-20 17:00:00+00:00
historical_mock_realized,2025-12-20,2025-12-20 18:00:00+00:00,DE,solar,tso_reference,TSO forecast,tso_forecast,2208,2025-12-20 19:00:00+00:00,0.0,12.792988,,2025-09-19 18:00:00+00:00,2025-12-20 17:00:00+00:00
historical_mock_realized,2025-12-20,2025-12-20 18:00:00+00:00,DE,solar,tso_reference,TSO forecast,tso_forecast,2208,2025-12-20 20:00:00+00:00,0.0,8.682155,,2025-09-19 18:00:00+00:00,2025-12-20 17:00:00+00:00
historical_mock_realized,2025-12-20,2025-12-20 18:00:00+00:00,DE,solar,tso_reference,TSO forecast,tso_forecast,2208,2025-12-20 21:00:00+00:00,0.0,10.978223,,2025-09-19 18:00:00+00:00,2025-12-20 17:00:00+00:00
historical_mock_realized,2025-12-20,2025-12-20 18:00:00+00:00,DE,solar,tso_reference,TSO forecast,tso_forecast,2208,2025-12-20 22:00:00+00:00,0.0,6.146515,,2025-09-19 18:00:00+00:00,2025-12-20 17:00:00+00:00
historical_mock_realized,2025-12-20,2025-12-20 18:00:00+00:00,DE,solar,tso_reference,TSO forecast,tso_forecast,2208,2025-12-20 23:00:00+00:00,0.0,6.290602,,2025-09-19 18:00:00+00:00,2025-12-20 17:00:00+00:00
historical_mock_realized,2025-12-20,2025-12-20 18:00:00+00:00,DE,solar,tso_reference,TSO forecast,tso_forecast,2208,2025-12-21 00:00:00+00:00,0.0,6.517453,,2025-09-19 18:00:00+00:00,2025-12-20 17:00:00+00:00
historical_mock_realized,2025-12-20,2025-12-20 18:00:00+00:00,DE,solar,tso_reference,TSO forecast,tso_forecast,2208,2025-12-21 01:00:00+00:00,0.0,6.99519,,2025-09-19 18:00:00+00:00,2025-12-20 17:00:00+00:00
historical_mock_realized,2025-12-20,2025-12-20 18:00:00+00:00,DE,solar,tso_reference,TSO forecast,tso_forecast,2208,2025-12-21 02:00:00+00:00,0.0,7.606996,,2025-09-19 18:00:00+00:00,2025-12-20 17:00:00+00:00
historical_mock_realized,2025-12-20,2025-12-20 18:00:00+00:00,DE,solar,tso_reference,TSO forecast,tso_forecast,2208,2025-12-21 03:00:00+00:00,0.0,6.622046,,2025-09-19 18:00:00+00:00,2025-12-20 17:00:00+00:00
historical_mock_realized,2025-12-20,2025-12-20 18:00:00+00:00,DE,solar,tso_reference,TSO forecast,tso_forecast,2208,2025-12-21 04:00:00+00:00,0.0,6.0377220000000005,,2025-09-19 18:00:00+00:00,2025-12-20 17:00:00+00:00
historical_mock_realized,2025-12-20,2025-12-20 18:00:00+00:00,DE,solar,tso_reference,TSO forecast,tso_forecast,2208,2025-12-21 05:00:00+00:00,0.0,7.222801,,2025-09-19 18:00:00+00:00,2025-12-20 17:00:00+00:00
historical_mock_realized,2025-12-20,2025-12-20 18:00:00+00:00,DE,solar,tso_reference,TSO forecast,tso_forecast,2208,2025-12-21 06:00:00+00:00,0.00025,12.95047,,2025-09-19 18:00:00+00:00,2025-12-20 17:00:00+00:00
historical_mock_realized,2025-12-20,2025-12-20 18:00:00+00:00,DE,solar,tso_reference,TSO forecast,tso_forecast,2208,2025-12-21 07:00:00+00:00,531.792695,572.916304,,2025-09-19 18:00:00+00:00,2025-12-20 17:00:00+00:00
historical_mock_realized,2025-12-20,2025-12-20 18:00:00+00:00,DE,solar,tso_reference,TSO forecast,tso_forecast,2208,2025-12-21 08:00:00+00:00,3500.7801575,3667.239104,,2025-09-19 18:00:00+00:00,2025-12-20 17:00:00+00:00
historical_mock_realized,2025-12-20,2025-12-20 18:00:00+00:00,DE,solar,tso_reference,TSO forecast,tso_forecast,2208,2025-12-21 09:00:00+00:00,7282.7458975,7659.026167,,2025-09-19 18:00:00+00:00,2025-12-20 17:00:00+00:00
historical_mock_realized,2025-12-20,2025-12-20 18:00:00+00:00,DE,solar,tso_reference,TSO forecast,tso_forecast,2208,2025-12-21 10:00:00+00:00,10425.4771075,10968.238922,,2025-09-19 18:00:00+00:00,2025-12-20 17:00:00+00:00
historical_mock_realized,2025-12-20,2025-12-20 18:00:00+00:00,DE,solar,tso_reference,TSO forecast,tso_forecast,2208,2025-12-21 11:00:00+00:00,11760.34731,12343.574976,,2025-09-19 18:00:00+00:00,2025-12-20 17:00:00+00:00
historical_mock_realized,2025-12-20,2025-12-20 18:00:00+00:00,DE,solar,tso_reference,TSO forecast,tso_forecast,2208,2025-12-21 12:00:00+00:00,10526.391975,10938.619528,,2025-09-19 18:00:00+00:00,2025-12-20 17:00:00+00:00
historical_mock_realized,2025-12-20,2025-12-20 18:00:00+00:00,DE,solar,tso_reference,TSO forecast,tso_forecast,2208,2025-12-21 13:00:00+00:00,7061.976872499999,7037.318599,,2025-09-19 18:00:00+00:00,2025-12-20 17:00:00+00:00
historical_mock_realized,2025-12-20,2025-12-20 18:00:00+00:00,DE,solar,tso_reference,TSO forecast,tso_forecast,2208,2025-12-21 14:00:00+00:00,2621.984965,2320.204566,,2025-09-19 18:00:00+00:00,2025-12-20 17:00:00+00:00
historical_mock_realized,2025-12-20,2025-12-20 18:00:00+00:00,DE,solar,tso_reference,TSO forecast,tso_forecast,2208,2025-12-21 15:00:00+00:00,163.02741,108.26665,,2025-09-19 18:00:00+00:00,2025-12-20 17:00:00+00:00
historical_mock_realized,2025-12-20,2025-12-20 18:00:00+00:00,DE,solar,tso_reference,TSO forecast,tso_forecast,2208,2025-12-21 16:00:00+00:00,0.0,38.828888,,2025-09-19 18:00:00+00:00,2025-12-20 17:00:00+00:00
historical_mock_realized,2025-12-20,2025-12-20 18:00:00+00:00,DE,solar,tso_reference,TSO forecast,tso_forecast,2208,2025-12-21 17:00:00+00:00,0.0,20.143359,,2025-09-19 18:00:00+00:00,2025-12-20 17:00:00+00:00
historical_mock_realized,2025-12-20,2025-12-20 18:00:00+00:00,DE,solar,persistence,Persistence,daily_persistence,2208,2025-12-20 18:00:00+00:00,16.448947,21.526299,,2025-09-19 18:00:00+00:00,2025-12-20 17:00:00+00:00
historical_mock_realized,2025-12-20,2025-12-20 18:00:00+00:00,DE,solar,persistence,Persistence,daily_persistence,2208,2025-12-20 19:00:00+00:00,10.827513,12.792988,,2025-09-19 18:00:00+00:00,2025-12-20 17:00:00+00:00
historical_mock_realized,2025-12-20,2025-12-20 18:00:00+00:00,DE,solar,persistence,Persistence,daily_persistence,2208,2025-12-20 20:00:00+00:00,8.664811,8.682155,,2025-09-19 18:00:00+00:00,2025-12-20 17:00:00+00:00
historical_mock_realized,2025-12-20,2025-12-20 18:00:00+00:00,DE,solar,persistence,Persistence,daily_persistence,2208,2025-12-20 21:00:00+00:00,7.31263,10.978223,,2025-09-19 18:00:00+00:00,2025-12-20 17:00:00+00:00
historical_mock_realized,2025-12-20,2025-12-20 18:00:00+00:00,DE,solar,persistence,Persistence,daily_persistence,2208,2025-12-20 22:00:00+00:00,6.782942,6.146515,,2025-09-19 18:00:00+00:00,2025-12-20 17:00:00+00:00
historical_mock_realized,2025-12-20,2025-12-20 18:00:00+00:00,DE,solar,persistence,Persistence,daily_persistence,2208,2025-12-20 23:00:00+00:00,6.6838239999999995,6.290602,,2025-09-19 18:00:00+00:00,2025-12-20 17:00:00+00:00
historical_mock_realized,2025-12-20,2025-12-20 18:00:00+00:00,DE,solar,persistence,Persistence,daily_persistence,2208,2025-12-21 00:00:00+00:00,6.103319,6.517453,,2025-09-19 18:00:00+00:00,2025-12-20 17:00:00+00:00
historical_mock_realized,2025-12-20,2025-12-20 18:00:00+00:00,DE,solar,persistence,Persistence,daily_persistence,2208,2025-12-21 01:00:00+00:00,6.3810199999999995,6.99519,,2025-09-19 18:00:00+00:00,2025-12-20 17:00:00+00:00
historical_mock_realized,2025-12-20,2025-12-20 18:00:00+00:00,DE,solar,persistence,Persistence,daily_persistence,2208,2025-12-21 02:00:00+00:00,6.91212,7.606996,,2025-09-19 18:00:00+00:00,2025-12-20 17:00:00+00:00
historical_mock_realized,2025-12-20,2025-12-20 18:00:00+00:00,DE,solar,persistence,Persistence,daily_persistence,2208,2025-12-21 03:00:00+00:00,6.720064000000001,6.622046,,2025-09-19 18:00:00+00:00,2025-12-20 17:00:00+00:00
historical_mock_realized,2025-12-20,2025-12-20 18:00:00+00:00,DE,solar,persistence,Persistence,daily_persistence,2208,2025-12-21 04:00:00+00:00,7.017212,6.0377220000000005,,2025-09-19 18:00:00+00:00,2025-12-20 17:00:00+00:00
historical_mock_realized,2025-12-20,2025-12-20 18:00:00+00:00,DE,solar,persistence,Persistence,daily_persistence,2208,2025-12-21 05:00:00+00:00,7.582079,7.222801,,2025-09-19 18:00:00+00:00,2025-12-20 17:00:00+00:00
historical_mock_realized,2025-12-20,2025-12-20 18:00:00+00:00,DE,solar,persistence,Persistence,daily_persistence,2208,2025-12-21 06:00:00+00:00,13.661377,12.95047,,2025-09-19 18:00:00+00:00,2025-12-20 17:00:00+00:00
historical_mock_realized,2025-12-20,2025-12-20 18:00:00+00:00,DE,solar,persistence,Persistence,daily_persistence,2208,2025-12-21 07:00:00+00:00,580.618978,572.916304,,2025-09-19 18:00:00+00:00,2025-12-20 17:00:00+00:00
historical_mock_realized,2025-12-20,2025-12-20 18:00:00+00:00,DE,solar,persistence,Persistence,daily_persistence,2208,2025-12-21 08:00:00+00:00,3559.681137,3667.239104,,2025-09-19 18:00:00+00:00,2025-12-20 17:00:00+00:00
historical_mock_realized,2025-12-20,2025-12-20 18:00:00+00:00,DE,solar,persistence,Persistence,daily_persistence,2208,2025-12-21 09:00:00+00:00,7142.375775,7659.026167,,2025-09-19 18:00:00+00:00,2025-12-20 17:00:00+00:00
historical_mock_realized,2025-12-20,2025-12-20 18:00:00+00:00,DE,solar,persistence,Persistence,daily_persistence,2208,2025-12-21 10:00:00+00:00,9569.452499,10968.238922,,2025-09-19 18:00:00+00:00,2025-12-20 17:00:00+00:00
historical_mock_realized,2025-12-20,2025-12-20 18:00:00+00:00,DE,solar,persistence,Persistence,daily_persistence,2208,2025-12-21 11:00:00+00:00,10128.670679,12343.574976,,2025-09-19 18:00:00+00:00,2025-12-20 17:00:00+00:00
historical_mock_realized,2025-12-20,2025-12-20 18:00:00+00:00,DE,solar,persistence,Persistence,daily_persistence,2208,2025-12-21 12:00:00+00:00,8571.115079,10938.619528,,2025-09-19 18:00:00+00:00,2025-12-20 17:00:00+00:00
historical_mock_realized,2025-12-20,2025-12-20 18:00:00+00:00,DE,solar,persistence,Persistence,daily_persistence,2208,2025-12-21 13:00:00+00:00,5270.963097,7037.318599,,2025-09-19 18:00:00+00:00,2025-12-20 17:00:00+00:00
historical_mock_realized,2025-12-20,2025-12-20 18:00:00+00:00,DE,solar,persistence,Persistence,daily_persistence,2208,2025-12-21 14:00:00+00:00,1657.41862,2320.204566,,2025-09-19 18:00:00+00:00,2025-12-20 17:00:00+00:00
historical_mock_realized,2025-12-20,2025-12-20 18:00:00+00:00,DE,solar,persistence,Persistence,daily_persistence,2208,2025-12-21 15:00:00+00:00,87.91957,108.26665,,2025-09-19 18:00:00+00:00,2025-12-20 17:00:00+00:00
historical_mock_realized,2025-12-20,2025-12-20 18:00:00+00:00,DE,solar,persistence,Persistence,daily_persistence,2208,2025-12-21 16:00:00+00:00,60.138346,38.828888,,2025-09-19 18:00:00+00:00,2025-12-20 17:00:00+00:00
historical_mock_realized,2025-12-20,2025-12-20 18:00:00+00:00,DE,solar,persistence,Persistence,daily_persistence,2208,2025-12-21 17:00:00+00:00,39.199295,20.143359,,2025-09-19 18:00:00+00:00,2025-12-20 17:00:00+00:00
historical_mock_realized,2025-12-20,2025-12-20 18:00:00+00:00,DE,solar,xgboost_online,XGBoost with covariates,XGBoost_Weather_TSOCov,2208,2025-12-20 18:00:00+00:00,125.63237762451172,21.526299,,2025-09-19 18:00:00+00:00,2025-12-20 17:00:00+00:00
historical_mock_realized,2025-12-20,2025-12-20 18:00:00+00:00,DE,solar,xgboost_online,XGBoost with covariates,XGBoost_Weather_TSOCov,2208,2025-12-20 19:00:00+00:00,125.63237762451172,12.792988,,2025-09-19 18:00:00+00:00,2025-12-20 17:00:00+00:00
historical_mock_realized,2025-12-20,2025-12-20 18:00:00+00:00,DE,solar,xgboost_online,XGBoost with covariates,XGBoost_Weather_TSOCov,2208,2025-12-20 20:00:00+00:00,125.63237762451172,8.682155,,2025-09-19 18:00:00+00:00,2025-12-20 17:00:00+00:00
historical_mock_realized,2025-12-20,2025-12-20 18:00:00+00:00,DE,solar,xgboost_online,XGBoost with covariates,XGBoost_Weather_TSOCov,2208,2025-12-20 21:00:00+00:00,125.63237762451172,10.978223,,2025-09-19 18:00:00+00:00,2025-12-20 17:00:00+00:00
historical_mock_realized,2025-12-20,2025-12-20 18:00:00+00:00,DE,solar,xgboost_online,XGBoost with covariates,XGBoost_Weather_TSOCov,2208,2025-12-20 22:00:00+00:00,125.63237762451172,6.146515,,2025-09-19 18:00:00+00:00,2025-12-20 17:00:00+00:00
historical_mock_realized,2025-12-20,2025-12-20 18:00:00+00:00,DE,solar,xgboost_online,XGBoost with covariates,XGBoost_Weather_TSOCov,2208,2025-12-20 23:00:00+00:00,125.63237762451172,6.290602,,2025-09-19 18:00:00+00:00,2025-12-20 17:00:00+00:00
historical_mock_realized,2025-12-20,2025-12-20 18:00:00+00:00,DE,solar,xgboost_online,XGBoost with covariates,XGBoost_Weather_TSOCov,2208,2025-12-21 00:00:00+00:00,125.63237762451172,6.517453,,2025-09-19 18:00:00+00:00,2025-12-20 17:00:00+00:00
historical_mock_realized,2025-12-20,2025-12-20 18:00:00+00:00,DE,solar,xgboost_online,XGBoost with covariates,XGBoost_Weather_TSOCov,2208,2025-12-21 01:00:00+00:00,125.63237762451172,6.99519,,2025-09-19 18:00:00+00:00,2025-12-20 17:00:00+00:00
historical_mock_realized,2025-12-20,2025-12-20 18:00:00+00:00,DE,solar,xgboost_online,XGBoost with covariates,XGBoost_Weather_TSOCov,2208,2025-12-21 02:00:00+00:00,125.63237762451172,7.606996,,2025-09-19 18:00:00+00:00,2025-12-20 17:00:00+00:00
historical_mock_realized,2025-12-20,2025-12-20 18:00:00+00:00,DE,solar,xgboost_online,XGBoost with covariates,XGBoost_Weather_TSOCov,2208,2025-12-21 03:00:00+00:00,125.63237762451172,6.622046,,2025-09-19 18:00:00+00:00,2025-12-20 17:00:00+00:00
historical_mock_realized,2025-12-20,2025-12-20 18:00:00+00:00,DE,solar,xgboost_online,XGBoost with covariates,XGBoost_Weather_TSOCov,2208,2025-12-21 04:00:00+00:00,125.63237762451172,6.0377220000000005,,2025-09-19 18:00:00+00:00,2025-12-20 17:00:00+00:00
historical_mock_realized,2025-12-20,2025-12-20 18:00:00+00:00,DE,solar,xgboost_online,XGBoost with covariates,XGBoost_Weather_TSOCov,2208,2025-12-21 05:00:00+00:00,125.63237762451172,7.222801,,2025-09-19 18:00:00+00:00,2025-12-20 17:00:00+00:00
historical_mock_realized,2025-12-20,2025-12-20 18:00:00+00:00,DE,solar,xgboost_online,XGBoost with covariates,XGBoost_Weather_TSOCov,2208,2025-12-21 06:00:00+00:00,125.63237762451172,12.95047,,2025-09-19 18:00:00+00:00,2025-12-20 17:00:00+00:00
historical_mock_realized,2025-12-20,2025-12-20 18:00:00+00:00,DE,solar,xgboost_online,XGBoost with covariates,XGBoost_Weather_TSOCov,2208,2025-12-21 07:00:00+00:00,472.85345458984375,572.916304,,2025-09-19 18:00:00+00:00,2025-12-20 17:00:00+00:00
historical_mock_realized,2025-12-20,2025-12-20 18:00:00+00:00,DE,solar,xgboost_online,XGBoost with covariates,XGBoost_Weather_TSOCov,2208,2025-12-21 08:00:00+00:00,3255.9658203125,3667.239104,,2025-09-19 18:00:00+00:00,2025-12-20 17:00:00+00:00
historical_mock_realized,2025-12-20,2025-12-20 18:00:00+00:00,DE,solar,xgboost_online,XGBoost with covariates,XGBoost_Weather_TSOCov,2208,2025-12-21 09:00:00+00:00,6896.51806640625,7659.026167,,2025-09-19 18:00:00+00:00,2025-12-20 17:00:00+00:00
historical_mock_realized,2025-12-20,2025-12-20 18:00:00+00:00,DE,solar,xgboost_online,XGBoost with covariates,XGBoost_Weather_TSOCov,2208,2025-12-21 10:00:00+00:00,10169.9521484375,10968.238922,,2025-09-19 18:00:00+00:00,2025-12-20 17:00:00+00:00
historical_mock_realized,2025-12-20,2025-12-20 18:00:00+00:00,DE,solar,xgboost_online,XGBoost with covariates,XGBoost_Weather_TSOCov,2208,2025-12-21 11:00:00+00:00,11011.4501953125,12343.574976,,2025-09-19 18:00:00+00:00,2025-12-20 17:00:00+00:00
historical_mock_realized,2025-12-20,2025-12-20 18:00:00+00:00,DE,solar,xgboost_online,XGBoost with covariates,XGBoost_Weather_TSOCov,2208,2025-12-21 12:00:00+00:00,10164.755859375,10938.619528,,2025-09-19 18:00:00+00:00,2025-12-20 17:00:00+00:00
historical_mock_realized,2025-12-20,2025-12-20 18:00:00+00:00,DE,solar,xgboost_online,XGBoost with covariates,XGBoost_Weather_TSOCov,2208,2025-12-21 13:00:00+00:00,6396.21875,7037.318599,,2025-09-19 18:00:00+00:00,2025-12-20 17:00:00+00:00
historical_mock_realized,2025-12-20,2025-12-20 18:00:00+00:00,DE,solar,xgboost_online,XGBoost with covariates,XGBoost_Weather_TSOCov,2208,2025-12-21 14:00:00+00:00,2264.662841796875,2320.204566,,2025-09-19 18:00:00+00:00,2025-12-20 17:00:00+00:00
historical_mock_realized,2025-12-20,2025-12-20 18:00:00+00:00,DE,solar,xgboost_online,XGBoost with covariates,XGBoost_Weather_TSOCov,2208,2025-12-21 15:00:00+00:00,165.76467895507812,108.26665,,2025-09-19 18:00:00+00:00,2025-12-20 17:00:00+00:00
historical_mock_realized,2025-12-20,2025-12-20 18:00:00+00:00,DE,solar,xgboost_online,XGBoost with covariates,XGBoost_Weather_TSOCov,2208,2025-12-21 16:00:00+00:00,125.63237762451172,38.828888,,2025-09-19 18:00:00+00:00,2025-12-20 17:00:00+00:00
historical_mock_realized,2025-12-20,2025-12-20 18:00:00+00:00,DE,solar,xgboost_online,XGBoost with covariates,XGBoost_Weather_TSOCov,2208,2025-12-21 17:00:00+00:00,125.63237762451172,20.143359,,2025-09-19 18:00:00+00:00,2025-12-20 17:00:00+00:00
historical_mock_realized,2025-12-20,2025-12-20 17:00:00+00:00,BE,wind_onshore,tso_reference,TSO forecast,tso_forecast,2208,2025-12-20 18:00:00+00:00,560.05,414.282358,,2025-09-19 17:00:00+00:00,2025-12-20 16:00:00+00:00
historical_mock_realized,2025-12-20,2025-12-20 17:00:00+00:00,BE,wind_onshore,tso_reference,TSO forecast,tso_forecast,2208,2025-12-20 19:00:00+00:00,593.7,434.867368,,2025-09-19 17:00:00+00:00,2025-12-20 16:00:00+00:00
historical_mock_realized,2025-12-20,2025-12-20 17:00:00+00:00,BE,wind_onshore,tso_reference,TSO forecast,tso_forecast,2208,2025-12-20 20:00:00+00:00,627.9,487.184206,,2025-09-19 17:00:00+00:00,2025-12-20 16:00:00+00:00
historical_mock_realized,2025-12-20,2025-12-20 17:00:00+00:00,BE,wind_onshore,tso_reference,TSO forecast,tso_forecast,2208,2025-12-20 21:00:00+00:00,634.275,506.352349,,2025-09-19 17:00:00+00:00,2025-12-20 16:00:00+00:00
historical_mock_realized,2025-12-20,2025-12-20 17:00:00+00:00,BE,wind_onshore,tso_reference,TSO forecast,tso_forecast,2208,2025-12-20 22:00:00+00:00,618.725,420.055735,,2025-09-19 17:00:00+00:00,2025-12-20 16:00:00+00:00
historical_mock_realized,2025-12-20,2025-12-20 17:00:00+00:00,BE,wind_onshore,tso_reference,TSO forecast,tso_forecast,2208,2025-12-20 23:00:00+00:00,594.775,397.120448,,2025-09-19 17:00:00+00:00,2025-12-20 16:00:00+00:00
historical_mock_realized,2025-12-20,2025-12-20 17:00:00+00:00,BE,wind_onshore,tso_reference,TSO forecast,tso_forecast,2208,2025-12-21 00:00:00+00:00,592.175,436.877892,,2025-09-19 17:00:00+00:00,2025-12-20 16:00:00+00:00
historical_mock_realized,2025-12-20,2025-12-20 17:00:00+00:00,BE,wind_onshore,tso_reference,TSO forecast,tso_forecast,2208,2025-12-21 01:00:00+00:00,610.075,581.003673,,2025-09-19 17:00:00+00:00,2025-12-20 16:00:00+00:00
historical_mock_realized,2025-12-20,2025-12-20 17:00:00+00:00,BE,wind_onshore,tso_reference,TSO forecast,tso_forecast,2208,2025-12-21 02:00:00+00:00,598.15,636.615521,,2025-09-19 17:00:00+00:00,2025-12-20 16:00:00+00:00
historical_mock_realized,2025-12-20,2025-12-20 17:00:00+00:00,BE,wind_onshore,tso_reference,TSO forecast,tso_forecast,2208,2025-12-21 03:00:00+00:00,549.5,586.809585,,2025-09-19 17:00:00+00:00,2025-12-20 16:00:00+00:00
historical_mock_realized,2025-12-20,2025-12-20 17:00:00+00:00,BE,wind_onshore,tso_reference,TSO forecast,tso_forecast,2208,2025-12-21 04:00:00+00:00,478.325,473.793211,,2025-09-19 17:00:00+00:00,2025-12-20 16:00:00+00:00
historical_mock_realized,2025-12-20,2025-12-20 17:00:00+00:00,BE,wind_onshore,tso_reference,TSO forecast,tso_forecast,2208,2025-12-21 05:00:00+00:00,422.425,436.986776,,2025-09-19 17:00:00+00:00,2025-12-20 16:00:00+00:00
historical_mock_realized,2025-12-20,2025-12-20 17:00:00+00:00,BE,wind_onshore,tso_reference,TSO forecast,tso_forecast,2208,2025-12-21 06:00:00+00:00,394.325,473.357177,,2025-09-19 17:00:00+00:00,2025-12-20 16:00:00+00:00
historical_mock_realized,2025-12-20,2025-12-20 17:00:00+00:00,BE,wind_onshore,tso_reference,TSO forecast,tso_forecast,2208,2025-12-21 07:00:00+00:00,401.65,445.716305,,2025-09-19 17:00:00+00:00,2025-12-20 16:00:00+00:00
historical_mock_realized,2025-12-20,2025-12-20 17:00:00+00:00,BE,wind_onshore,tso_reference,TSO forecast,tso_forecast,2208,2025-12-21 08:00:00+00:00,436.55,501.295731,,2025-09-19 17:00:00+00:00,2025-12-20 16:00:00+00:00
historical_mock_realized,2025-12-20,2025-12-20 17:00:00+00:00,BE,wind_onshore,tso_reference,TSO forecast,tso_forecast,2208,2025-12-21 09:00:00+00:00,476.375,559.732382,,2025-09-19 17:00:00+00:00,2025-12-20 16:00:00+00:00
historical_mock_realized,2025-12-20,2025-12-20 17:00:00+00:00,BE,wind_onshore,tso_reference,TSO forecast,tso_forecast,2208,2025-12-21 10:00:00+00:00,476.475,582.004303,,2025-09-19 17:00:00+00:00,2025-12-20 16:00:00+00:00
historical_mock_realized,2025-12-20,2025-12-20 17:00:00+00:00,BE,wind_onshore,tso_reference,TSO forecast,tso_forecast,2208,2025-12-21 11:00:00+00:00,468.05,472.618561,,2025-09-19 17:00:00+00:00,2025-12-20 16:00:00+00:00
historical_mock_realized,2025-12-20,2025-12-20 17:00:00+00:00,BE,wind_onshore,tso_reference,TSO forecast,tso_forecast,2208,2025-12-21 12:00:00+00:00,426.375,368.339116,,2025-09-19 17:00:00+00:00,2025-12-20 16:00:00+00:00
historical_mock_realized,2025-12-20,2025-12-20 17:00:00+00:00,BE,wind_onshore,tso_reference,TSO forecast,tso_forecast,2208,2025-12-21 13:00:00+00:00,385.95,347.465785,,2025-09-19 17:00:00+00:00,2025-12-20 16:00:00+00:00
historical_mock_realized,2025-12-20,2025-12-20 17:00:00+00:00,BE,wind_onshore,tso_reference,TSO forecast,tso_forecast,2208,2025-12-21 14:00:00+00:00,446.3,376.16647,,2025-09-19 17:00:00+00:00,2025-12-20 16:00:00+00:00
historical_mock_realized,2025-12-20,2025-12-20 17:00:00+00:00,BE,wind_onshore,tso_reference,TSO forecast,tso_forecast,2208,2025-12-21 15:00:00+00:00,590.675,541.559402,,2025-09-19 17:00:00+00:00,2025-12-20 16:00:00+00:00
historical_mock_realized,2025-12-20,2025-12-20 17:00:00+00:00,BE,wind_onshore,tso_reference,TSO forecast,tso_forecast,2208,2025-12-21 16:00:00+00:00,809.55,885.424915,,2025-09-19 17:00:00+00:00,2025-12-20 16:00:00+00:00
historical_mock_realized,2025-12-20,2025-12-20 17:00:00+00:00,BE,wind_onshore,tso_reference,TSO forecast,tso_forecast,2208,2025-12-21 17:00:00+00:00,1046.35,1250.192185,,2025-09-19 17:00:00+00:00,2025-12-20 16:00:00+00:00
historical_mock_realized,2025-12-20,2025-12-20 17:00:00+00:00,FR,wind_onshore,tso_reference,TSO forecast,tso_forecast,2208,2025-12-20 18:00:00+00:00,5070.8374,4236.595,,2025-09-19 17:00:00+00:00,2025-12-20 16:00:00+00:00
historical_mock_realized,2025-12-20,2025-12-20 17:00:00+00:00,FR,wind_onshore,tso_reference,TSO forecast,tso_forecast,2208,2025-12-20 19:00:00+00:00,5327.4209,4741.695,,2025-09-19 17:00:00+00:00,2025-12-20 16:00:00+00:00
historical_mock_realized,2025-12-20,2025-12-20 17:00:00+00:00,FR,wind_onshore,tso_reference,TSO forecast,tso_forecast,2208,2025-12-20 20:00:00+00:00,5436.45117,4962.03,,2025-09-19 17:00:00+00:00,2025-12-20 16:00:00+00:00
historical_mock_realized,2025-12-20,2025-12-20 17:00:00+00:00,FR,wind_onshore,tso_reference,TSO forecast,tso_forecast,2208,2025-12-20 21:00:00+00:00,5390.22217,4982.5025000000005,,2025-09-19 17:00:00+00:00,2025-12-20 16:00:00+00:00
historical_mock_realized,2025-12-20,2025-12-20 17:00:00+00:00,FR,wind_onshore,tso_reference,TSO forecast,tso_forecast,2208,2025-12-20 22:00:00+00:00,5360.41748,5207.1575,,2025-09-19 17:00:00+00:00,2025-12-20 16:00:00+00:00
historical_mock_realized,2025-12-20,2025-12-20 17:00:00+00:00,FR,wind_onshore,tso_reference,TSO forecast,tso_forecast,2208,2025-12-20 23:00:00+00:00,5160.2251,5365.355,,2025-09-19 17:00:00+00:00,2025-12-20 16:00:00+00:00
historical_mock_realized,2025-12-20,2025-12-20 17:00:00+00:00,FR,wind_onshore,tso_reference,TSO forecast,tso_forecast,2208,2025-12-21 00:00:00+00:00,5938.57617,5081.24,,2025-09-19 17:00:00+00:00,2025-12-20 16:00:00+00:00
historical_mock_realized,2025-12-20,2025-12-20 17:00:00+00:00,FR,wind_onshore,tso_reference,TSO forecast,tso_forecast,2208,2025-12-21 01:00:00+00:00,5413.12256,4521.98,,2025-09-19 17:00:00+00:00,2025-12-20 16:00:00+00:00
historical_mock_realized,2025-12-20,2025-12-20 17:00:00+00:00,FR,wind_onshore,tso_reference,TSO forecast,tso_forecast,2208,2025-12-21 02:00:00+00:00,4869.9502,4386.639999999999,,2025-09-19 17:00:00+00:00,2025-12-20 16:00:00+00:00
historical_mock_realized,2025-12-20,2025-12-20 17:00:00+00:00,FR,wind_onshore,tso_reference,TSO forecast,tso_forecast,2208,2025-12-21 03:00:00+00:00,4440.07373,4322.6675,,2025-09-19 17:00:00+00:00,2025-12-20 16:00:00+00:00
historical_mock_realized,2025-12-20,2025-12-20 17:00:00+00:00,FR,wind_onshore,tso_reference,TSO forecast,tso_forecast,2208,2025-12-21 04:00:00+00:00,4123.33252,4275.515,,2025-09-19 17:00:00+00:00,2025-12-20 16:00:00+00:00
historical_mock_realized,2025-12-20,2025-12-20 17:00:00+00:00,FR,wind_onshore,tso_reference,TSO forecast,tso_forecast,2208,2025-12-21 05:00:00+00:00,4013.21973,4322.450000000001,,2025-09-19 17:00:00+00:00,2025-12-20 16:00:00+00:00
historical_mock_realized,2025-12-20,2025-12-20 17:00:00+00:00,FR,wind_onshore,tso_reference,TSO forecast,tso_forecast,2208,2025-12-21 06:00:00+00:00,4175.6499,4473.9675,,2025-09-19 17:00:00+00:00,2025-12-20 16:00:00+00:00
historical_mock_realized,2025-12-20,2025-12-20 17:00:00+00:00,FR,wind_onshore,tso_reference,TSO forecast,tso_forecast,2208,2025-12-21 07:00:00+00:00,4480.8374,4725.3325,,2025-09-19 17:00:00+00:00,2025-12-20 16:00:00+00:00
historical_mock_realized,2025-12-20,2025-12-20 17:00:00+00:00,FR,wind_onshore,tso_reference,TSO forecast,tso_forecast,2208,2025-12-21 08:00:00+00:00,4986.3125,5169.1225,,2025-09-19 17:00:00+00:00,2025-12-20 16:00:00+00:00
historical_mock_realized,2025-12-20,2025-12-20 17:00:00+00:00,FR,wind_onshore,tso_reference,TSO forecast,tso_forecast,2208,2025-12-21 09:00:00+00:00,5493.24756,5735.66,,2025-09-19 17:00:00+00:00,2025-12-20 16:00:00+00:00
historical_mock_realized,2025-12-20,2025-12-20 17:00:00+00:00,FR,wind_onshore,tso_reference,TSO forecast,tso_forecast,2208,2025-12-21 10:00:00+00:00,5959.5625,6276.2325,,2025-09-19 17:00:00+00:00,2025-12-20 16:00:00+00:00
historical_mock_realized,2025-12-20,2025-12-20 17:00:00+00:00,FR,wind_onshore,tso_reference,TSO forecast,tso_forecast,2208,2025-12-21 11:00:00+00:00,6338.00879,6356.7125,,2025-09-19 17:00:00+00:00,2025-12-20 16:00:00+00:00
historical_mock_realized,2025-12-20,2025-12-20 17:00:00+00:00,FR,wind_onshore,tso_reference,TSO forecast,tso_forecast,2208,2025-12-21 12:00:00+00:00,6762.3125,6147.3475,,2025-09-19 17:00:00+00:00,2025-12-20 16:00:00+00:00
historical_mock_realized,2025-12-20,2025-12-20 17:00:00+00:00,FR,wind_onshore,tso_reference,TSO forecast,tso_forecast,2208,2025-12-21 13:00:00+00:00,6755.27588,6411.4725,,2025-09-19 17:00:00+00:00,2025-12-20 16:00:00+00:00
historical_mock_realized,2025-12-20,2025-12-20 17:00:00+00:00,FR,wind_onshore,tso_reference,TSO forecast,tso_forecast,2208,2025-12-21 14:00:00+00:00,6703.6875,6652.705,,2025-09-19 17:00:00+00:00,2025-12-20 16:00:00+00:00
historical_mock_realized,2025-12-20,2025-12-20 17:00:00+00:00,FR,wind_onshore,tso_reference,TSO forecast,tso_forecast,2208,2025-12-21 15:00:00+00:00,6746.38281,6752.4075,,2025-09-19 17:00:00+00:00,2025-12-20 16:00:00+00:00
historical_mock_realized,2025-12-20,2025-12-20 17:00:00+00:00,FR,wind_onshore,tso_reference,TSO forecast,tso_forecast,2208,2025-12-21 16:00:00+00:00,6967.44629,7185.2275,,2025-09-19 17:00:00+00:00,2025-12-20 16:00:00+00:00
historical_mock_realized,2025-12-20,2025-12-20 17:00:00+00:00,FR,wind_onshore,tso_reference,TSO forecast,tso_forecast,2208,2025-12-21 17:00:00+00:00,7589.65918,7755.87,,2025-09-19 17:00:00+00:00,2025-12-20 16:00:00+00:00
historical_mock_realized,2025-12-20,2025-12-20 17:00:00+00:00,DE,wind_onshore,tso_reference,TSO forecast,tso_forecast,2208,2025-12-20 18:00:00+00:00,8686.836985,6701.102737,,2025-09-19 17:00:00+00:00,2025-12-20 16:00:00+00:00
historical_mock_realized,2025-12-20,2025-12-20 17:00:00+00:00,DE,wind_onshore,tso_reference,TSO forecast,tso_forecast,2208,2025-12-20 19:00:00+00:00,9795.6794625,7855.73995,,2025-09-19 17:00:00+00:00,2025-12-20 16:00:00+00:00
historical_mock_realized,2025-12-20,2025-12-20 17:00:00+00:00,DE,wind_onshore,tso_reference,TSO forecast,tso_forecast,2208,2025-12-20 20:00:00+00:00,10819.300895,8690.938861,,2025-09-19 17:00:00+00:00,2025-12-20 16:00:00+00:00
historical_mock_realized,2025-12-20,2025-12-20 17:00:00+00:00,DE,wind_onshore,tso_reference,TSO forecast,tso_forecast,2208,2025-12-20 21:00:00+00:00,11507.123045,8985.027393,,2025-09-19 17:00:00+00:00,2025-12-20 16:00:00+00:00
historical_mock_realized,2025-12-20,2025-12-20 17:00:00+00:00,DE,wind_onshore,tso_reference,TSO forecast,tso_forecast,2208,2025-12-20 22:00:00+00:00,11804.2337025,9184.602145,,2025-09-19 17:00:00+00:00,2025-12-20 16:00:00+00:00
historical_mock_realized,2025-12-20,2025-12-20 17:00:00+00:00,DE,wind_onshore,tso_reference,TSO forecast,tso_forecast,2208,2025-12-20 23:00:00+00:00,11959.0054375,9228.565486,,2025-09-19 17:00:00+00:00,2025-12-20 16:00:00+00:00
historical_mock_realized,2025-12-20,2025-12-20 17:00:00+00:00,DE,wind_onshore,tso_reference,TSO forecast,tso_forecast,2208,2025-12-21 00:00:00+00:00,9317.8968575,9246.55919,,2025-09-19 17:00:00+00:00,2025-12-20 16:00:00+00:00
historical_mock_realized,2025-12-20,2025-12-20 17:00:00+00:00,DE,wind_onshore,tso_reference,TSO forecast,tso_forecast,2208,2025-12-21 01:00:00+00:00,9346.4998775,9173.248081,,2025-09-19 17:00:00+00:00,2025-12-20 16:00:00+00:00
historical_mock_realized,2025-12-20,2025-12-20 17:00:00+00:00,DE,wind_onshore,tso_reference,TSO forecast,tso_forecast,2208,2025-12-21 02:00:00+00:00,9369.36382,9259.829135,,2025-09-19 17:00:00+00:00,2025-12-20 16:00:00+00:00
historical_mock_realized,2025-12-20,2025-12-20 17:00:00+00:00,DE,wind_onshore,tso_reference,TSO forecast,tso_forecast,2208,2025-12-21 03:00:00+00:00,9369.5625625,9379.232466,,2025-09-19 17:00:00+00:00,2025-12-20 16:00:00+00:00
historical_mock_realized,2025-12-20,2025-12-20 17:00:00+00:00,DE,wind_onshore,tso_reference,TSO forecast,tso_forecast,2208,2025-12-21 04:00:00+00:00,9393.67026,9586.767585,,2025-09-19 17:00:00+00:00,2025-12-20 16:00:00+00:00
historical_mock_realized,2025-12-20,2025-12-20 17:00:00+00:00,DE,wind_onshore,tso_reference,TSO forecast,tso_forecast,2208,2025-12-21 05:00:00+00:00,9577.2512625,9824.500282,,2025-09-19 17:00:00+00:00,2025-12-20 16:00:00+00:00
historical_mock_realized,2025-12-20,2025-12-20 17:00:00+00:00,DE,wind_onshore,tso_reference,TSO forecast,tso_forecast,2208,2025-12-21 06:00:00+00:00,10129.40216,10312.847676,,2025-09-19 17:00:00+00:00,2025-12-20 16:00:00+00:00
historical_mock_realized,2025-12-20,2025-12-20 17:00:00+00:00,DE,wind_onshore,tso_reference,TSO forecast,tso_forecast,2208,2025-12-21 07:00:00+00:00,10630.615925,10656.210611,,2025-09-19 17:00:00+00:00,2025-12-20 16:00:00+00:00
historical_mock_realized,2025-12-20,2025-12-20 17:00:00+00:00,DE,wind_onshore,tso_reference,TSO forecast,tso_forecast,2208,2025-12-21 08:00:00+00:00,11286.501355,11553.189831,,2025-09-19 17:00:00+00:00,2025-12-20 16:00:00+00:00
historical_mock_realized,2025-12-20,2025-12-20 17:00:00+00:00,DE,wind_onshore,tso_reference,TSO forecast,tso_forecast,2208,2025-12-21 09:00:00+00:00,11600.6237575,12247.204254,,2025-09-19 17:00:00+00:00,2025-12-20 16:00:00+00:00
historical_mock_realized,2025-12-20,2025-12-20 17:00:00+00:00,DE,wind_onshore,tso_reference,TSO forecast,tso_forecast,2208,2025-12-21 10:00:00+00:00,11147.2423075,12185.364847,,2025-09-19 17:00:00+00:00,2025-12-20 16:00:00+00:00
historical_mock_realized,2025-12-20,2025-12-20 17:00:00+00:00,DE,wind_onshore,tso_reference,TSO forecast,tso_forecast,2208,2025-12-21 11:00:00+00:00,10269.818435,11327.902804,,2025-09-19 17:00:00+00:00,2025-12-20 16:00:00+00:00
historical_mock_realized,2025-12-20,2025-12-20 17:00:00+00:00,DE,wind_onshore,tso_reference,TSO forecast,tso_forecast,2208,2025-12-21 12:00:00+00:00,9504.8087125,10583.674875,,2025-09-19 17:00:00+00:00,2025-12-20 16:00:00+00:00
historical_mock_realized,2025-12-20,2025-12-20 17:00:00+00:00,DE,wind_onshore,tso_reference,TSO forecast,tso_forecast,2208,2025-12-21 13:00:00+00:00,9633.1496975,10951.012218,,2025-09-19 17:00:00+00:00,2025-12-20 16:00:00+00:00
historical_mock_realized,2025-12-20,2025-12-20 17:00:00+00:00,DE,wind_onshore,tso_reference,TSO forecast,tso_forecast,2208,2025-12-21 14:00:00+00:00,11103.104685,12184.121422,,2025-09-19 17:00:00+00:00,2025-12-20 16:00:00+00:00
historical_mock_realized,2025-12-20,2025-12-20 17:00:00+00:00,DE,wind_onshore,tso_reference,TSO forecast,tso_forecast,2208,2025-12-21 15:00:00+00:00,13561.9475525,14877.79389,,2025-09-19 17:00:00+00:00,2025-12-20 16:00:00+00:00
historical_mock_realized,2025-12-20,2025-12-20 17:00:00+00:00,DE,wind_onshore,tso_reference,TSO forecast,tso_forecast,2208,2025-12-21 16:00:00+00:00,16682.2070925,18573.246579,,2025-09-19 17:00:00+00:00,2025-12-20 16:00:00+00:00
historical_mock_realized,2025-12-20,2025-12-20 17:00:00+00:00,DE,wind_onshore,tso_reference,TSO forecast,tso_forecast,2208,2025-12-21 17:00:00+00:00,19625.0939525,21498.96983,,2025-09-19 17:00:00+00:00,2025-12-20 16:00:00+00:00
historical_mock_realized,2025-12-20,2025-12-20 17:00:00+00:00,BE,wind_onshore,persistence,Persistence,daily_persistence,2208,2025-12-20 18:00:00+00:00,619.743919,414.282358,,2025-09-19 17:00:00+00:00,2025-12-20 16:00:00+00:00
historical_mock_realized,2025-12-20,2025-12-20 17:00:00+00:00,BE,wind_onshore,persistence,Persistence,daily_persistence,2208,2025-12-20 19:00:00+00:00,638.448801,434.867368,,2025-09-19 17:00:00+00:00,2025-12-20 16:00:00+00:00
historical_mock_realized,2025-12-20,2025-12-20 17:00:00+00:00,BE,wind_onshore,persistence,Persistence,daily_persistence,2208,2025-12-20 20:00:00+00:00,592.883358,487.184206,,2025-09-19 17:00:00+00:00,2025-12-20 16:00:00+00:00
historical_mock_realized,2025-12-20,2025-12-20 17:00:00+00:00,BE,wind_onshore,persistence,Persistence,daily_persistence,2208,2025-12-20 21:00:00+00:00,578.989268,506.352349,,2025-09-19 17:00:00+00:00,2025-12-20 16:00:00+00:00
historical_mock_realized,2025-12-20,2025-12-20 17:00:00+00:00,BE,wind_onshore,persistence,Persistence,daily_persistence,2208,2025-12-20 22:00:00+00:00,515.261546,420.055735,,2025-09-19 17:00:00+00:00,2025-12-20 16:00:00+00:00
historical_mock_realized,2025-12-20,2025-12-20 17:00:00+00:00,BE,wind_onshore,persistence,Persistence,daily_persistence,2208,2025-12-20 23:00:00+00:00,416.797791,397.120448,,2025-09-19 17:00:00+00:00,2025-12-20 16:00:00+00:00
historical_mock_realized,2025-12-20,2025-12-20 17:00:00+00:00,BE,wind_onshore,persistence,Persistence,daily_persistence,2208,2025-12-21 00:00:00+00:00,358.287539,436.877892,,2025-09-19 17:00:00+00:00,2025-12-20 16:00:00+00:00
historical_mock_realized,2025-12-20,2025-12-20 17:00:00+00:00,BE,wind_onshore,persistence,Persistence,daily_persistence,2208,2025-12-21 01:00:00+00:00,258.787762,581.003673,,2025-09-19 17:00:00+00:00,2025-12-20 16:00:00+00:00
historical_mock_realized,2025-12-20,2025-12-20 17:00:00+00:00,BE,wind_onshore,persistence,Persistence,daily_persistence,2208,2025-12-21 02:00:00+00:00,178.035157,636.615521,,2025-09-19 17:00:00+00:00,2025-12-20 16:00:00+00:00
historical_mock_realized,2025-12-20,2025-12-20 17:00:00+00:00,BE,wind_onshore,persistence,Persistence,daily_persistence,2208,2025-12-21 03:00:00+00:00,139.261378,586.809585,,2025-09-19 17:00:00+00:00,2025-12-20 16:00:00+00:00
historical_mock_realized,2025-12-20,2025-12-20 17:00:00+00:00,BE,wind_onshore,persistence,Persistence,daily_persistence,2208,2025-12-21 04:00:00+00:00,97.564576,473.793211,,2025-09-19 17:00:00+00:00,2025-12-20 16:00:00+00:00
historical_mock_realized,2025-12-20,2025-12-20 17:00:00+00:00,BE,wind_onshore,persistence,Persistence,daily_persistence,2208,2025-12-21 05:00:00+00:00,77.036746,436.986776,,2025-09-19 17:00:00+00:00,2025-12-20 16:00:00+00:00
historical_mock_realized,2025-12-20,2025-12-20 17:00:00+00:00,BE,wind_onshore,persistence,Persistence,daily_persistence,2208,2025-12-21 06:00:00+00:00,99.548563,473.357177,,2025-09-19 17:00:00+00:00,2025-12-20 16:00:00+00:00
historical_mock_realized,2025-12-20,2025-12-20 17:00:00+00:00,BE,wind_onshore,persistence,Persistence,daily_persistence,2208,2025-12-21 07:00:00+00:00,149.616296,445.716305,,2025-09-19 17:00:00+00:00,2025-12-20 16:00:00+00:00
historical_mock_realized,2025-12-20,2025-12-20 17:00:00+00:00,BE,wind_onshore,persistence,Persistence,daily_persistence,2208,2025-12-21 08:00:00+00:00,215.432712,501.295731,,2025-09-19 17:00:00+00:00,2025-12-20 16:00:00+00:00
historical_mock_realized,2025-12-20,2025-12-20 17:00:00+00:00,BE,wind_onshore,persistence,Persistence,daily_persistence,2208,2025-12-21 09:00:00+00:00,340.2974,559.732382,,2025-09-19 17:00:00+00:00,2025-12-20 16:00:00+00:00
historical_mock_realized,2025-12-20,2025-12-20 17:00:00+00:00,BE,wind_onshore,persistence,Persistence,daily_persistence,2208,2025-12-21 10:00:00+00:00,417.654706,582.004303,,2025-09-19 17:00:00+00:00,2025-12-20 16:00:00+00:00
historical_mock_realized,2025-12-20,2025-12-20 17:00:00+00:00,BE,wind_onshore,persistence,Persistence,daily_persistence,2208,2025-12-21 11:00:00+00:00,442.270301,472.618561,,2025-09-19 17:00:00+00:00,2025-12-20 16:00:00+00:00
historical_mock_realized,2025-12-20,2025-12-20 17:00:00+00:00,BE,wind_onshore,persistence,Persistence,daily_persistence,2208,2025-12-21 12:00:00+00:00,363.421002,368.339116,,2025-09-19 17:00:00+00:00,2025-12-20 16:00:00+00:00
historical_mock_realized,2025-12-20,2025-12-20 17:00:00+00:00,BE,wind_onshore,persistence,Persistence,daily_persistence,2208,2025-12-21 13:00:00+00:00,292.670192,347.465785,,2025-09-19 17:00:00+00:00,2025-12-20 16:00:00+00:00
historical_mock_realized,2025-12-20,2025-12-20 17:00:00+00:00,BE,wind_onshore,persistence,Persistence,daily_persistence,2208,2025-12-21 14:00:00+00:00,280.5157,376.16647,,2025-09-19 17:00:00+00:00,2025-12-20 16:00:00+00:00
historical_mock_realized,2025-12-20,2025-12-20 17:00:00+00:00,BE,wind_onshore,persistence,Persistence,daily_persistence,2208,2025-12-21 15:00:00+00:00,294.659439,541.559402,,2025-09-19 17:00:00+00:00,2025-12-20 16:00:00+00:00
historical_mock_realized,2025-12-20,2025-12-20 17:00:00+00:00,BE,wind_onshore,persistence,Persistence,daily_persistence,2208,2025-12-21 16:00:00+00:00,309.95915,885.424915,,2025-09-19 17:00:00+00:00,2025-12-20 16:00:00+00:00
historical_mock_realized,2025-12-20,2025-12-20 17:00:00+00:00,BE,wind_onshore,persistence,Persistence,daily_persistence,2208,2025-12-21 17:00:00+00:00,356.047058,1250.192185,,2025-09-19 17:00:00+00:00,2025-12-20 16:00:00+00:00
historical_mock_realized,2025-12-20,2025-12-20 17:00:00+00:00,FR,wind_onshore,persistence,Persistence,daily_persistence,2208,2025-12-20 18:00:00+00:00,1229.0975,4236.595,,2025-09-19 17:00:00+00:00,2025-12-20 16:00:00+00:00
historical_mock_realized,2025-12-20,2025-12-20 17:00:00+00:00,FR,wind_onshore,persistence,Persistence,daily_persistence,2208,2025-12-20 19:00:00+00:00,1289.1775,4741.695,,2025-09-19 17:00:00+00:00,2025-12-20 16:00:00+00:00
historical_mock_realized,2025-12-20,2025-12-20 17:00:00+00:00,FR,wind_onshore,persistence,Persistence,daily_persistence,2208,2025-12-20 20:00:00+00:00,1318.1075,4962.03,,2025-09-19 17:00:00+00:00,2025-12-20 16:00:00+00:00
historical_mock_realized,2025-12-20,2025-12-20 17:00:00+00:00,FR,wind_onshore,persistence,Persistence,daily_persistence,2208,2025-12-20 21:00:00+00:00,1243.95,4982.5025000000005,,2025-09-19 17:00:00+00:00,2025-12-20 16:00:00+00:00
historical_mock_realized,2025-12-20,2025-12-20 17:00:00+00:00,FR,wind_onshore,persistence,Persistence,daily_persistence,2208,2025-12-20 22:00:00+00:00,1217.17,5207.1575,,2025-09-19 17:00:00+00:00,2025-12-20 16:00:00+00:00
historical_mock_realized,2025-12-20,2025-12-20 17:00:00+00:00,FR,wind_onshore,persistence,Persistence,daily_persistence,2208,2025-12-20 23:00:00+00:00,1220.205,5365.355,,2025-09-19 17:00:00+00:00,2025-12-20 16:00:00+00:00
historical_mock_realized,2025-12-20,2025-12-20 17:00:00+00:00,FR,wind_onshore,persistence,Persistence,daily_persistence,2208,2025-12-21 00:00:00+00:00,1246.8225,5081.24,,2025-09-19 17:00:00+00:00,2025-12-20 16:00:00+00:00
historical_mock_realized,2025-12-20,2025-12-20 17:00:00+00:00,FR,wind_onshore,persistence,Persistence,daily_persistence,2208,2025-12-21 01:00:00+00:00,1284.08,4521.98,,2025-09-19 17:00:00+00:00,2025-12-20 16:00:00+00:00
historical_mock_realized,2025-12-20,2025-12-20 17:00:00+00:00,FR,wind_onshore,persistence,Persistence,daily_persistence,2208,2025-12-21 02:00:00+00:00,1352.8325,4386.639999999999,,2025-09-19 17:00:00+00:00,2025-12-20 16:00:00+00:00
historical_mock_realized,2025-12-20,2025-12-20 17:00:00+00:00,FR,wind_onshore,persistence,Persistence,daily_persistence,2208,2025-12-21 03:00:00+00:00,1458.975,4322.6675,,2025-09-19 17:00:00+00:00,2025-12-20 16:00:00+00:00
historical_mock_realized,2025-12-20,2025-12-20 17:00:00+00:00,FR,wind_onshore,persistence,Persistence,daily_persistence,2208,2025-12-21 04:00:00+00:00,1591.345,4275.515,,2025-09-19 17:00:00+00:00,2025-12-20 16:00:00+00:00
historical_mock_realized,2025-12-20,2025-12-20 17:00:00+00:00,FR,wind_onshore,persistence,Persistence,daily_persistence,2208,2025-12-21 05:00:00+00:00,1852.5,4322.450000000001,,2025-09-19 17:00:00+00:00,2025-12-20 16:00:00+00:00
historical_mock_realized,2025-12-20,2025-12-20 17:00:00+00:00,FR,wind_onshore,persistence,Persistence,daily_persistence,2208,2025-12-21 06:00:00+00:00,2262.765,4473.9675,,2025-09-19 17:00:00+00:00,2025-12-20 16:00:00+00:00
historical_mock_realized,2025-12-20,2025-12-20 17:00:00+00:00,FR,wind_onshore,persistence,Persistence,daily_persistence,2208,2025-12-21 07:00:00+00:00,2703.11,4725.3325,,2025-09-19 17:00:00+00:00,2025-12-20 16:00:00+00:00
historical_mock_realized,2025-12-20,2025-12-20 17:00:00+00:00,FR,wind_onshore,persistence,Persistence,daily_persistence,2208,2025-12-21 08:00:00+00:00,3069.99,5169.1225,,2025-09-19 17:00:00+00:00,2025-12-20 16:00:00+00:00
historical_mock_realized,2025-12-20,2025-12-20 17:00:00+00:00,FR,wind_onshore,persistence,Persistence,daily_persistence,2208,2025-12-21 09:00:00+00:00,3253.6825,5735.66,,2025-09-19 17:00:00+00:00,2025-12-20 16:00:00+00:00
historical_mock_realized,2025-12-20,2025-12-20 17:00:00+00:00,FR,wind_onshore,persistence,Persistence,daily_persistence,2208,2025-12-21 10:00:00+00:00,3158.3925,6276.2325,,2025-09-19 17:00:00+00:00,2025-12-20 16:00:00+00:00
historical_mock_realized,2025-12-20,2025-12-20 17:00:00+00:00,FR,wind_onshore,persistence,Persistence,daily_persistence,2208,2025-12-21 11:00:00+00:00,3003.8050000000003,6356.7125,,2025-09-19 17:00:00+00:00,2025-12-20 16:00:00+00:00
historical_mock_realized,2025-12-20,2025-12-20 17:00:00+00:00,FR,wind_onshore,persistence,Persistence,daily_persistence,2208,2025-12-21 12:00:00+00:00,2982.195,6147.3475,,2025-09-19 17:00:00+00:00,2025-12-20 16:00:00+00:00
historical_mock_realized,2025-12-20,2025-12-20 17:00:00+00:00,FR,wind_onshore,persistence,Persistence,daily_persistence,2208,2025-12-21 13:00:00+00:00,3008.785,6411.4725,,2025-09-19 17:00:00+00:00,2025-12-20 16:00:00+00:00
historical_mock_realized,2025-12-20,2025-12-20 17:00:00+00:00,FR,wind_onshore,persistence,Persistence,daily_persistence,2208,2025-12-21 14:00:00+00:00,3066.4975,6652.705,,2025-09-19 17:00:00+00:00,2025-12-20 16:00:00+00:00
historical_mock_realized,2025-12-20,2025-12-20 17:00:00+00:00,FR,wind_onshore,persistence,Persistence,daily_persistence,2208,2025-12-21 15:00:00+00:00,3251.57,6752.4075,,2025-09-19 17:00:00+00:00,2025-12-20 16:00:00+00:00
historical_mock_realized,2025-12-20,2025-12-20 17:00:00+00:00,FR,wind_onshore,persistence,Persistence,daily_persistence,2208,2025-12-21 16:00:00+00:00,3505.6275,7185.2275,,2025-09-19 17:00:00+00:00,2025-12-20 16:00:00+00:00
historical_mock_realized,2025-12-20,2025-12-20 17:00:00+00:00,FR,wind_onshore,persistence,Persistence,daily_persistence,2208,2025-12-21 17:00:00+00:00,3884.7775,7755.87,,2025-09-19 17:00:00+00:00,2025-12-20 16:00:00+00:00
historical_mock_realized,2025-12-20,2025-12-20 17:00:00+00:00,DE,wind_onshore,persistence,Persistence,daily_persistence,2208,2025-12-20 18:00:00+00:00,16115.302208,6701.102737,,2025-09-19 17:00:00+00:00,2025-12-20 16:00:00+00:00
historical_mock_realized,2025-12-20,2025-12-20 17:00:00+00:00,DE,wind_onshore,persistence,Persistence,daily_persistence,2208,2025-12-20 19:00:00+00:00,16004.124866,7855.73995,,2025-09-19 17:00:00+00:00,2025-12-20 16:00:00+00:00
historical_mock_realized,2025-12-20,2025-12-20 17:00:00+00:00,DE,wind_onshore,persistence,Persistence,daily_persistence,2208,2025-12-20 20:00:00+00:00,15133.10573,8690.938861,,2025-09-19 17:00:00+00:00,2025-12-20 16:00:00+00:00
historical_mock_realized,2025-12-20,2025-12-20 17:00:00+00:00,DE,wind_onshore,persistence,Persistence,daily_persistence,2208,2025-12-20 21:00:00+00:00,14038.32798,8985.027393,,2025-09-19 17:00:00+00:00,2025-12-20 16:00:00+00:00
historical_mock_realized,2025-12-20,2025-12-20 17:00:00+00:00,DE,wind_onshore,persistence,Persistence,daily_persistence,2208,2025-12-20 22:00:00+00:00,12180.698249,9184.602145,,2025-09-19 17:00:00+00:00,2025-12-20 16:00:00+00:00
historical_mock_realized,2025-12-20,2025-12-20 17:00:00+00:00,DE,wind_onshore,persistence,Persistence,daily_persistence,2208,2025-12-20 23:00:00+00:00,10986.588466,9228.565486,,2025-09-19 17:00:00+00:00,2025-12-20 16:00:00+00:00
historical_mock_realized,2025-12-20,2025-12-20 17:00:00+00:00,DE,wind_onshore,persistence,Persistence,daily_persistence,2208,2025-12-21 00:00:00+00:00,9800.743476,9246.55919,,2025-09-19 17:00:00+00:00,2025-12-20 16:00:00+00:00
historical_mock_realized,2025-12-20,2025-12-20 17:00:00+00:00,DE,wind_onshore,persistence,Persistence,daily_persistence,2208,2025-12-21 01:00:00+00:00,8855.2313,9173.248081,,2025-09-19 17:00:00+00:00,2025-12-20 16:00:00+00:00
historical_mock_realized,2025-12-20,2025-12-20 17:00:00+00:00,DE,wind_onshore,persistence,Persistence,daily_persistence,2208,2025-12-21 02:00:00+00:00,7861.521538,9259.829135,,2025-09-19 17:00:00+00:00,2025-12-20 16:00:00+00:00
historical_mock_realized,2025-12-20,2025-12-20 17:00:00+00:00,DE,wind_onshore,persistence,Persistence,daily_persistence,2208,2025-12-21 03:00:00+00:00,7087.365202999999,9379.232466,,2025-09-19 17:00:00+00:00,2025-12-20 16:00:00+00:00
historical_mock_realized,2025-12-20,2025-12-20 17:00:00+00:00,DE,wind_onshore,persistence,Persistence,daily_persistence,2208,2025-12-21 04:00:00+00:00,6059.032481,9586.767585,,2025-09-19 17:00:00+00:00,2025-12-20 16:00:00+00:00
historical_mock_realized,2025-12-20,2025-12-20 17:00:00+00:00,DE,wind_onshore,persistence,Persistence,daily_persistence,2208,2025-12-21 05:00:00+00:00,5006.898395,9824.500282,,2025-09-19 17:00:00+00:00,2025-12-20 16:00:00+00:00
historical_mock_realized,2025-12-20,2025-12-20 17:00:00+00:00,DE,wind_onshore,persistence,Persistence,daily_persistence,2208,2025-12-21 06:00:00+00:00,4045.950694,10312.847676,,2025-09-19 17:00:00+00:00,2025-12-20 16:00:00+00:00
historical_mock_realized,2025-12-20,2025-12-20 17:00:00+00:00,DE,wind_onshore,persistence,Persistence,daily_persistence,2208,2025-12-21 07:00:00+00:00,3419.553996,10656.210611,,2025-09-19 17:00:00+00:00,2025-12-20 16:00:00+00:00
historical_mock_realized,2025-12-20,2025-12-20 17:00:00+00:00,DE,wind_onshore,persistence,Persistence,daily_persistence,2208,2025-12-21 08:00:00+00:00,3273.017179,11553.189831,,2025-09-19 17:00:00+00:00,2025-12-20 16:00:00+00:00
historical_mock_realized,2025-12-20,2025-12-20 17:00:00+00:00,DE,wind_onshore,persistence,Persistence,daily_persistence,2208,2025-12-21 09:00:00+00:00,3011.916269,12247.204254,,2025-09-19 17:00:00+00:00,2025-12-20 16:00:00+00:00
historical_mock_realized,2025-12-20,2025-12-20 17:00:00+00:00,DE,wind_onshore,persistence,Persistence,daily_persistence,2208,2025-12-21 10:00:00+00:00,2867.799355,12185.364847,,2025-09-19 17:00:00+00:00,2025-12-20 16:00:00+00:00
historical_mock_realized,2025-12-20,2025-12-20 17:00:00+00:00,DE,wind_onshore,persistence,Persistence,daily_persistence,2208,2025-12-21 11:00:00+00:00,2470.911902,11327.902804,,2025-09-19 17:00:00+00:00,2025-12-20 16:00:00+00:00
historical_mock_realized,2025-12-20,2025-12-20 17:00:00+00:00,DE,wind_onshore,persistence,Persistence,daily_persistence,2208,2025-12-21 12:00:00+00:00,2136.732977,10583.674875,,2025-09-19 17:00:00+00:00,2025-12-20 16:00:00+00:00
historical_mock_realized,2025-12-20,2025-12-20 17:00:00+00:00,DE,wind_onshore,persistence,Persistence,daily_persistence,2208,2025-12-21 13:00:00+00:00,1900.54279,10951.012218,,2025-09-19 17:00:00+00:00,2025-12-20 16:00:00+00:00
historical_mock_realized,2025-12-20,2025-12-20 17:00:00+00:00,DE,wind_onshore,persistence,Persistence,daily_persistence,2208,2025-12-21 14:00:00+00:00,2146.287534,12184.121422,,2025-09-19 17:00:00+00:00,2025-12-20 16:00:00+00:00
historical_mock_realized,2025-12-20,2025-12-20 17:00:00+00:00,DE,wind_onshore,persistence,Persistence,daily_persistence,2208,2025-12-21 15:00:00+00:00,2985.942802,14877.79389,,2025-09-19 17:00:00+00:00,2025-12-20 16:00:00+00:00
historical_mock_realized,2025-12-20,2025-12-20 17:00:00+00:00,DE,wind_onshore,persistence,Persistence,daily_persistence,2208,2025-12-21 16:00:00+00:00,4174.039829,18573.246579,,2025-09-19 17:00:00+00:00,2025-12-20 16:00:00+00:00
historical_mock_realized,2025-12-20,2025-12-20 17:00:00+00:00,DE,wind_onshore,persistence,Persistence,daily_persistence,2208,2025-12-21 17:00:00+00:00,5524.583702,21498.96983,,2025-09-19 17:00:00+00:00,2025-12-20 16:00:00+00:00
historical_mock_realized,2025-12-20,2025-12-20 17:00:00+00:00,BE,wind_onshore,xgboost_online,XGBoost with covariates,weather_4p+tso_forecast,2208,2025-12-20 18:00:00+00:00,400.73638916015625,414.282358,,2025-09-19 17:00:00+00:00,2025-12-20 16:00:00+00:00
historical_mock_realized,2025-12-20,2025-12-20 17:00:00+00:00,BE,wind_onshore,xgboost_online,XGBoost with covariates,weather_4p+tso_forecast,2208,2025-12-20 19:00:00+00:00,411.089599609375,434.867368,,2025-09-19 17:00:00+00:00,2025-12-20 16:00:00+00:00
historical_mock_realized,2025-12-20,2025-12-20 17:00:00+00:00,BE,wind_onshore,xgboost_online,XGBoost with covariates,weather_4p+tso_forecast,2208,2025-12-20 20:00:00+00:00,471.7501525878906,487.184206,,2025-09-19 17:00:00+00:00,2025-12-20 16:00:00+00:00
historical_mock_realized,2025-12-20,2025-12-20 17:00:00+00:00,BE,wind_onshore,xgboost_online,XGBoost with covariates,weather_4p+tso_forecast,2208,2025-12-20 21:00:00+00:00,532.71533203125,506.352349,,2025-09-19 17:00:00+00:00,2025-12-20 16:00:00+00:00
historical_mock_realized,2025-12-20,2025-12-20 17:00:00+00:00,BE,wind_onshore,xgboost_online,XGBoost with covariates,weather_4p+tso_forecast,2208,2025-12-20 22:00:00+00:00,564.5577392578125,420.055735,,2025-09-19 17:00:00+00:00,2025-12-20 16:00:00+00:00
historical_mock_realized,2025-12-20,2025-12-20 17:00:00+00:00,BE,wind_onshore,xgboost_online,XGBoost with covariates,weather_4p+tso_forecast,2208,2025-12-20 23:00:00+00:00,555.9033813476562,397.120448,,2025-09-19 17:00:00+00:00,2025-12-20 16:00:00+00:00
historical_mock_realized,2025-12-20,2025-12-20 17:00:00+00:00,BE,wind_onshore,xgboost_online,XGBoost with covariates,weather_4p+tso_forecast,2208,2025-12-21 00:00:00+00:00,542.4597778320312,436.877892,,2025-09-19 17:00:00+00:00,2025-12-20 16:00:00+00:00
historical_mock_realized,2025-12-20,2025-12-20 17:00:00+00:00,BE,wind_onshore,xgboost_online,XGBoost with covariates,weather_4p+tso_forecast,2208,2025-12-21 01:00:00+00:00,582.5223999023438,581.003673,,2025-09-19 17:00:00+00:00,2025-12-20 16:00:00+00:00
historical_mock_realized,2025-12-20,2025-12-20 17:00:00+00:00,BE,wind_onshore,xgboost_online,XGBoost with covariates,weather_4p+tso_forecast,2208,2025-12-21 02:00:00+00:00,557.5918579101562,636.615521,,2025-09-19 17:00:00+00:00,2025-12-20 16:00:00+00:00
historical_mock_realized,2025-12-20,2025-12-20 17:00:00+00:00,BE,wind_onshore,xgboost_online,XGBoost with covariates,weather_4p+tso_forecast,2208,2025-12-21 03:00:00+00:00,563.2669677734375,586.809585,,2025-09-19 17:00:00+00:00,2025-12-20 16:00:00+00:00
historical_mock_realized,2025-12-20,2025-12-20 17:00:00+00:00,BE,wind_onshore,xgboost_online,XGBoost with covariates,weather_4p+tso_forecast,2208,2025-12-21 04:00:00+00:00,561.4596557617188,473.793211,,2025-09-19 17:00:00+00:00,2025-12-20 16:00:00+00:00
historical_mock_realized,2025-12-20,2025-12-20 17:00:00+00:00,BE,wind_onshore,xgboost_online,XGBoost with covariates,weather_4p+tso_forecast,2208,2025-12-21 05:00:00+00:00,533.3436889648438,436.986776,,2025-09-19 17:00:00+00:00,2025-12-20 16:00:00+00:00
historical_mock_realized,2025-12-20,2025-12-20 17:00:00+00:00,BE,wind_onshore,xgboost_online,XGBoost with covariates,weather_4p+tso_forecast,2208,2025-12-21 06:00:00+00:00,501.29632568359375,473.357177,,2025-09-19 17:00:00+00:00,2025-12-20 16:00:00+00:00
historical_mock_realized,2025-12-20,2025-12-20 17:00:00+00:00,BE,wind_onshore,xgboost_online,XGBoost with covariates,weather_4p+tso_forecast,2208,2025-12-21 07:00:00+00:00,505.7552185058594,445.716305,,2025-09-19 17:00:00+00:00,2025-12-20 16:00:00+00:00
historical_mock_realized,2025-12-20,2025-12-20 17:00:00+00:00,BE,wind_onshore,xgboost_online,XGBoost with covariates,weather_4p+tso_forecast,2208,2025-12-21 08:00:00+00:00,501.177978515625,501.295731,,2025-09-19 17:00:00+00:00,2025-12-20 16:00:00+00:00
historical_mock_realized,2025-12-20,2025-12-20 17:00:00+00:00,BE,wind_onshore,xgboost_online,XGBoost with covariates,weather_4p+tso_forecast,2208,2025-12-21 09:00:00+00:00,513.02685546875,559.732382,,2025-09-19 17:00:00+00:00,2025-12-20 16:00:00+00:00
historical_mock_realized,2025-12-20,2025-12-20 17:00:00+00:00,BE,wind_onshore,xgboost_online,XGBoost with covariates,weather_4p+tso_forecast,2208,2025-12-21 10:00:00+00:00,500.2705078125,582.004303,,2025-09-19 17:00:00+00:00,2025-12-20 16:00:00+00:00
historical_mock_realized,2025-12-20,2025-12-20 17:00:00+00:00,BE,wind_onshore,xgboost_online,XGBoost with covariates,weather_4p+tso_forecast,2208,2025-12-21 11:00:00+00:00,505.5039978027344,472.618561,,2025-09-19 17:00:00+00:00,2025-12-20 16:00:00+00:00
historical_mock_realized,2025-12-20,2025-12-20 17:00:00+00:00,BE,wind_onshore,xgboost_online,XGBoost with covariates,weather_4p+tso_forecast,2208,2025-12-21 12:00:00+00:00,483.94732666015625,368.339116,,2025-09-19 17:00:00+00:00,2025-12-20 16:00:00+00:00
historical_mock_realized,2025-12-20,2025-12-20 17:00:00+00:00,BE,wind_onshore,xgboost_online,XGBoost with covariates,weather_4p+tso_forecast,2208,2025-12-21 13:00:00+00:00,475.4991760253906,347.465785,,2025-09-19 17:00:00+00:00,2025-12-20 16:00:00+00:00
historical_mock_realized,2025-12-20,2025-12-20 17:00:00+00:00,BE,wind_onshore,xgboost_online,XGBoost with covariates,weather_4p+tso_forecast,2208,2025-12-21 14:00:00+00:00,491.17816162109375,376.16647,,2025-09-19 17:00:00+00:00,2025-12-20 16:00:00+00:00
historical_mock_realized,2025-12-20,2025-12-20 17:00:00+00:00,BE,wind_onshore,xgboost_online,XGBoost with covariates,weather_4p+tso_forecast,2208,2025-12-21 15:00:00+00:00,516.4772338867188,541.559402,,2025-09-19 17:00:00+00:00,2025-12-20 16:00:00+00:00
historical_mock_realized,2025-12-20,2025-12-20 17:00:00+00:00,BE,wind_onshore,xgboost_online,XGBoost with covariates,weather_4p+tso_forecast,2208,2025-12-21 16:00:00+00:00,650.5037841796875,885.424915,,2025-09-19 17:00:00+00:00,2025-12-20 16:00:00+00:00
historical_mock_realized,2025-12-20,2025-12-20 17:00:00+00:00,BE,wind_onshore,xgboost_online,XGBoost with covariates,weather_4p+tso_forecast,2208,2025-12-21 17:00:00+00:00,772.7351684570312,1250.192185,,2025-09-19 17:00:00+00:00,2025-12-20 16:00:00+00:00
historical_mock_realized,2025-12-20,2025-12-20 17:00:00+00:00,FR,wind_onshore,xgboost_online,XGBoost with covariates,weather_4p+tso_forecast,2208,2025-12-20 18:00:00+00:00,4268.5732421875,4236.595,,2025-09-19 17:00:00+00:00,2025-12-20 16:00:00+00:00
historical_mock_realized,2025-12-20,2025-12-20 17:00:00+00:00,FR,wind_onshore,xgboost_online,XGBoost with covariates,weather_4p+tso_forecast,2208,2025-12-20 19:00:00+00:00,4640.970703125,4741.695,,2025-09-19 17:00:00+00:00,2025-12-20 16:00:00+00:00
historical_mock_realized,2025-12-20,2025-12-20 17:00:00+00:00,FR,wind_onshore,xgboost_online,XGBoost with covariates,weather_4p+tso_forecast,2208,2025-12-20 20:00:00+00:00,4935.69873046875,4962.03,,2025-09-19 17:00:00+00:00,2025-12-20 16:00:00+00:00
historical_mock_realized,2025-12-20,2025-12-20 17:00:00+00:00,FR,wind_onshore,xgboost_online,XGBoost with covariates,weather_4p+tso_forecast,2208,2025-12-20 21:00:00+00:00,4990.19189453125,4982.5025000000005,,2025-09-19 17:00:00+00:00,2025-12-20 16:00:00+00:00
historical_mock_realized,2025-12-20,2025-12-20 17:00:00+00:00,FR,wind_onshore,xgboost_online,XGBoost with covariates,weather_4p+tso_forecast,2208,2025-12-20 22:00:00+00:00,4898.90283203125,5207.1575,,2025-09-19 17:00:00+00:00,2025-12-20 16:00:00+00:00
historical_mock_realized,2025-12-20,2025-12-20 17:00:00+00:00,FR,wind_onshore,xgboost_online,XGBoost with covariates,weather_4p+tso_forecast,2208,2025-12-20 23:00:00+00:00,4898.90283203125,5365.355,,2025-09-19 17:00:00+00:00,2025-12-20 16:00:00+00:00
historical_mock_realized,2025-12-20,2025-12-20 17:00:00+00:00,FR,wind_onshore,xgboost_online,XGBoost with covariates,weather_4p+tso_forecast,2208,2025-12-21 00:00:00+00:00,5009.85986328125,5081.24,,2025-09-19 17:00:00+00:00,2025-12-20 16:00:00+00:00
historical_mock_realized,2025-12-20,2025-12-20 17:00:00+00:00,FR,wind_onshore,xgboost_online,XGBoost with covariates,weather_4p+tso_forecast,2208,2025-12-21 01:00:00+00:00,4903.4189453125,4521.98,,2025-09-19 17:00:00+00:00,2025-12-20 16:00:00+00:00
historical_mock_realized,2025-12-20,2025-12-20 17:00:00+00:00,FR,wind_onshore,xgboost_online,XGBoost with covariates,weather_4p+tso_forecast,2208,2025-12-21 02:00:00+00:00,4842.00146484375,4386.639999999999,,2025-09-19 17:00:00+00:00,2025-12-20 16:00:00+00:00
historical_mock_realized,2025-12-20,2025-12-20 17:00:00+00:00,FR,wind_onshore,xgboost_online,XGBoost with covariates,weather_4p+tso_forecast,2208,2025-12-21 03:00:00+00:00,4673.52880859375,4322.6675,,2025-09-19 17:00:00+00:00,2025-12-20 16:00:00+00:00
historical_mock_realized,2025-12-20,2025-12-20 17:00:00+00:00,FR,wind_onshore,xgboost_online,XGBoost with covariates,weather_4p+tso_forecast,2208,2025-12-21 04:00:00+00:00,4515.27490234375,4275.515,,2025-09-19 17:00:00+00:00,2025-12-20 16:00:00+00:00
historical_mock_realized,2025-12-20,2025-12-20 17:00:00+00:00,FR,wind_onshore,xgboost_online,XGBoost with covariates,weather_4p+tso_forecast,2208,2025-12-21 05:00:00+00:00,4390.7890625,4322.450000000001,,2025-09-19 17:00:00+00:00,2025-12-20 16:00:00+00:00
historical_mock_realized,2025-12-20,2025-12-20 17:00:00+00:00,FR,wind_onshore,xgboost_online,XGBoost with covariates,weather_4p+tso_forecast,2208,2025-12-21 06:00:00+00:00,4322.53759765625,4473.9675,,2025-09-19 17:00:00+00:00,2025-12-20 16:00:00+00:00
historical_mock_realized,2025-12-20,2025-12-20 17:00:00+00:00,FR,wind_onshore,xgboost_online,XGBoost with covariates,weather_4p+tso_forecast,2208,2025-12-21 07:00:00+00:00,4304.0224609375,4725.3325,,2025-09-19 17:00:00+00:00,2025-12-20 16:00:00+00:00
historical_mock_realized,2025-12-20,2025-12-20 17:00:00+00:00,FR,wind_onshore,xgboost_online,XGBoost with covariates,weather_4p+tso_forecast,2208,2025-12-21 08:00:00+00:00,4380.2373046875,5169.1225,,2025-09-19 17:00:00+00:00,2025-12-20 16:00:00+00:00
historical_mock_realized,2025-12-20,2025-12-20 17:00:00+00:00,FR,wind_onshore,xgboost_online,XGBoost with covariates,weather_4p+tso_forecast,2208,2025-12-21 09:00:00+00:00,4458.658203125,5735.66,,2025-09-19 17:00:00+00:00,2025-12-20 16:00:00+00:00
historical_mock_realized,2025-12-20,2025-12-20 17:00:00+00:00,FR,wind_onshore,xgboost_online,XGBoost with covariates,weather_4p+tso_forecast,2208,2025-12-21 10:00:00+00:00,4626.32470703125,6276.2325,,2025-09-19 17:00:00+00:00,2025-12-20 16:00:00+00:00
historical_mock_realized,2025-12-20,2025-12-20 17:00:00+00:00,FR,wind_onshore,xgboost_online,XGBoost with covariates,weather_4p+tso_forecast,2208,2025-12-21 11:00:00+00:00,4875.0244140625,6356.7125,,2025-09-19 17:00:00+00:00,2025-12-20 16:00:00+00:00
historical_mock_realized,2025-12-20,2025-12-20 17:00:00+00:00,FR,wind_onshore,xgboost_online,XGBoost with covariates,weather_4p+tso_forecast,2208,2025-12-21 12:00:00+00:00,5043.2197265625,6147.3475,,2025-09-19 17:00:00+00:00,2025-12-20 16:00:00+00:00
historical_mock_realized,2025-12-20,2025-12-20 17:00:00+00:00,FR,wind_onshore,xgboost_online,XGBoost with covariates,weather_4p+tso_forecast,2208,2025-12-21 13:00:00+00:00,5095.17578125,6411.4725,,2025-09-19 17:00:00+00:00,2025-12-20 16:00:00+00:00
historical_mock_realized,2025-12-20,2025-12-20 17:00:00+00:00,FR,wind_onshore,xgboost_online,XGBoost with covariates,weather_4p+tso_forecast,2208,2025-12-21 14:00:00+00:00,5127.8837890625,6652.705,,2025-09-19 17:00:00+00:00,2025-12-20 16:00:00+00:00
historical_mock_realized,2025-12-20,2025-12-20 17:00:00+00:00,FR,wind_onshore,xgboost_online,XGBoost with covariates,weather_4p+tso_forecast,2208,2025-12-21 15:00:00+00:00,5588.55615234375,6752.4075,,2025-09-19 17:00:00+00:00,2025-12-20 16:00:00+00:00
historical_mock_realized,2025-12-20,2025-12-20 17:00:00+00:00,FR,wind_onshore,xgboost_online,XGBoost with covariates,weather_4p+tso_forecast,2208,2025-12-21 16:00:00+00:00,6049.70263671875,7185.2275,,2025-09-19 17:00:00+00:00,2025-12-20 16:00:00+00:00
historical_mock_realized,2025-12-20,2025-12-20 17:00:00+00:00,FR,wind_onshore,xgboost_online,XGBoost with covariates,weather_4p+tso_forecast,2208,2025-12-21 17:00:00+00:00,6339.36669921875,7755.87,,2025-09-19 17:00:00+00:00,2025-12-20 16:00:00+00:00
historical_mock_realized,2025-12-20,2025-12-20 17:00:00+00:00,DE,wind_onshore,xgboost_online,XGBoost with covariates,weather_4p+tso_forecast,2208,2025-12-20 18:00:00+00:00,7225.57470703125,6701.102737,,2025-09-19 17:00:00+00:00,2025-12-20 16:00:00+00:00
historical_mock_realized,2025-12-20,2025-12-20 17:00:00+00:00,DE,wind_onshore,xgboost_online,XGBoost with covariates,weather_4p+tso_forecast,2208,2025-12-20 19:00:00+00:00,8571.6259765625,7855.73995,,2025-09-19 17:00:00+00:00,2025-12-20 16:00:00+00:00
historical_mock_realized,2025-12-20,2025-12-20 17:00:00+00:00,DE,wind_onshore,xgboost_online,XGBoost with covariates,weather_4p+tso_forecast,2208,2025-12-20 20:00:00+00:00,9253.740234375,8690.938861,,2025-09-19 17:00:00+00:00,2025-12-20 16:00:00+00:00
historical_mock_realized,2025-12-20,2025-12-20 17:00:00+00:00,DE,wind_onshore,xgboost_online,XGBoost with covariates,weather_4p+tso_forecast,2208,2025-12-20 21:00:00+00:00,10512.3212890625,8985.027393,,2025-09-19 17:00:00+00:00,2025-12-20 16:00:00+00:00
historical_mock_realized,2025-12-20,2025-12-20 17:00:00+00:00,DE,wind_onshore,xgboost_online,XGBoost with covariates,weather_4p+tso_forecast,2208,2025-12-20 22:00:00+00:00,11188.2099609375,9184.602145,,2025-09-19 17:00:00+00:00,2025-12-20 16:00:00+00:00
historical_mock_realized,2025-12-20,2025-12-20 17:00:00+00:00,DE,wind_onshore,xgboost_online,XGBoost with covariates,weather_4p+tso_forecast,2208,2025-12-20 23:00:00+00:00,11663.58984375,9228.565486,,2025-09-19 17:00:00+00:00,2025-12-20 16:00:00+00:00
historical_mock_realized,2025-12-20,2025-12-20 17:00:00+00:00,DE,wind_onshore,xgboost_online,XGBoost with covariates,weather_4p+tso_forecast,2208,2025-12-21 00:00:00+00:00,11204.1650390625,9246.55919,,2025-09-19 17:00:00+00:00,2025-12-20 16:00:00+00:00
historical_mock_realized,2025-12-20,2025-12-20 17:00:00+00:00,DE,wind_onshore,xgboost_online,XGBoost with covariates,weather_4p+tso_forecast,2208,2025-12-21 01:00:00+00:00,10960.8955078125,9173.248081,,2025-09-19 17:00:00+00:00,2025-12-20 16:00:00+00:00
historical_mock_realized,2025-12-20,2025-12-20 17:00:00+00:00,DE,wind_onshore,xgboost_online,XGBoost with covariates,weather_4p+tso_forecast,2208,2025-12-21 02:00:00+00:00,10998.3134765625,9259.829135,,2025-09-19 17:00:00+00:00,2025-12-20 16:00:00+00:00
historical_mock_realized,2025-12-20,2025-12-20 17:00:00+00:00,DE,wind_onshore,xgboost_online,XGBoost with covariates,weather_4p+tso_forecast,2208,2025-12-21 03:00:00+00:00,10998.3134765625,9379.232466,,2025-09-19 17:00:00+00:00,2025-12-20 16:00:00+00:00
historical_mock_realized,2025-12-20,2025-12-20 17:00:00+00:00,DE,wind_onshore,xgboost_online,XGBoost with covariates,weather_4p+tso_forecast,2208,2025-12-21 04:00:00+00:00,11014.076171875,9586.767585,,2025-09-19 17:00:00+00:00,2025-12-20 16:00:00+00:00
historical_mock_realized,2025-12-20,2025-12-20 17:00:00+00:00,DE,wind_onshore,xgboost_online,XGBoost with covariates,weather_4p+tso_forecast,2208,2025-12-21 05:00:00+00:00,11106.2666015625,9824.500282,,2025-09-19 17:00:00+00:00,2025-12-20 16:00:00+00:00
historical_mock_realized,2025-12-20,2025-12-20 17:00:00+00:00,DE,wind_onshore,xgboost_online,XGBoost with covariates,weather_4p+tso_forecast,2208,2025-12-21 06:00:00+00:00,11150.1337890625,10312.847676,,2025-09-19 17:00:00+00:00,2025-12-20 16:00:00+00:00
historical_mock_realized,2025-12-20,2025-12-20 17:00:00+00:00,DE,wind_onshore,xgboost_online,XGBoost with covariates,weather_4p+tso_forecast,2208,2025-12-21 07:00:00+00:00,11283.6240234375,10656.210611,,2025-09-19 17:00:00+00:00,2025-12-20 16:00:00+00:00
historical_mock_realized,2025-12-20,2025-12-20 17:00:00+00:00,DE,wind_onshore,xgboost_online,XGBoost with covariates,weather_4p+tso_forecast,2208,2025-12-21 08:00:00+00:00,11666.0205078125,11553.189831,,2025-09-19 17:00:00+00:00,2025-12-20 16:00:00+00:00
historical_mock_realized,2025-12-20,2025-12-20 17:00:00+00:00,DE,wind_onshore,xgboost_online,XGBoost with covariates,weather_4p+tso_forecast,2208,2025-12-21 09:00:00+00:00,11629.8447265625,12247.204254,,2025-09-19 17:00:00+00:00,2025-12-20 16:00:00+00:00
historical_mock_realized,2025-12-20,2025-12-20 17:00:00+00:00,DE,wind_onshore,xgboost_online,XGBoost with covariates,weather_4p+tso_forecast,2208,2025-12-21 10:00:00+00:00,11226.2080078125,12185.364847,,2025-09-19 17:00:00+00:00,2025-12-20 16:00:00+00:00
historical_mock_realized,2025-12-20,2025-12-20 17:00:00+00:00,DE,wind_onshore,xgboost_online,XGBoost with covariates,weather_4p+tso_forecast,2208,2025-12-21 11:00:00+00:00,10894.2255859375,11327.902804,,2025-09-19 17:00:00+00:00,2025-12-20 16:00:00+00:00
historical_mock_realized,2025-12-20,2025-12-20 17:00:00+00:00,DE,wind_onshore,xgboost_online,XGBoost with covariates,weather_4p+tso_forecast,2208,2025-12-21 12:00:00+00:00,10692.7568359375,10583.674875,,2025-09-19 17:00:00+00:00,2025-12-20 16:00:00+00:00
historical_mock_realized,2025-12-20,2025-12-20 17:00:00+00:00,DE,wind_onshore,xgboost_online,XGBoost with covariates,weather_4p+tso_forecast,2208,2025-12-21 13:00:00+00:00,10454.4169921875,10951.012218,,2025-09-19 17:00:00+00:00,2025-12-20 16:00:00+00:00
historical_mock_realized,2025-12-20,2025-12-20 17:00:00+00:00,DE,wind_onshore,xgboost_online,XGBoost with covariates,weather_4p+tso_forecast,2208,2025-12-21 14:00:00+00:00,10617.4990234375,12184.121422,,2025-09-19 17:00:00+00:00,2025-12-20 16:00:00+00:00
historical_mock_realized,2025-12-20,2025-12-20 17:00:00+00:00,DE,wind_onshore,xgboost_online,XGBoost with covariates,weather_4p+tso_forecast,2208,2025-12-21 15:00:00+00:00,11777.583984375,14877.79389,,2025-09-19 17:00:00+00:00,2025-12-20 16:00:00+00:00
historical_mock_realized,2025-12-20,2025-12-20 17:00:00+00:00,DE,wind_onshore,xgboost_online,XGBoost with covariates,weather_4p+tso_forecast,2208,2025-12-21 16:00:00+00:00,13834.548828125,18573.246579,,2025-09-19 17:00:00+00:00,2025-12-20 16:00:00+00:00
historical_mock_realized,2025-12-20,2025-12-20 17:00:00+00:00,DE,wind_onshore,xgboost_online,XGBoost with covariates,weather_4p+tso_forecast,2208,2025-12-21 17:00:00+00:00,16903.49609375,21498.96983,,2025-09-19 17:00:00+00:00,2025-12-20 16:00:00+00:00
historical_mock_realized,2025-12-20,2025-12-20 17:00:00+00:00,BE,wind_offshore,tso_reference,TSO forecast,tso_forecast,2208,2025-12-20 18:00:00+00:00,440.75,423.0375,,2025-09-19 17:00:00+00:00,2025-12-20 16:00:00+00:00
historical_mock_realized,2025-12-20,2025-12-20 17:00:00+00:00,BE,wind_offshore,tso_reference,TSO forecast,tso_forecast,2208,2025-12-20 19:00:00+00:00,468.0,465.2925,,2025-09-19 17:00:00+00:00,2025-12-20 16:00:00+00:00
historical_mock_realized,2025-12-20,2025-12-20 17:00:00+00:00,BE,wind_offshore,tso_reference,TSO forecast,tso_forecast,2208,2025-12-20 20:00:00+00:00,452.675,391.7625,,2025-09-19 17:00:00+00:00,2025-12-20 16:00:00+00:00
historical_mock_realized,2025-12-20,2025-12-20 17:00:00+00:00,BE,wind_offshore,tso_reference,TSO forecast,tso_forecast,2208,2025-12-20 21:00:00+00:00,414.675,404.39,,2025-09-19 17:00:00+00:00,2025-12-20 16:00:00+00:00
historical_mock_realized,2025-12-20,2025-12-20 17:00:00+00:00,BE,wind_offshore,tso_reference,TSO forecast,tso_forecast,2208,2025-12-20 22:00:00+00:00,389.7,325.7,,2025-09-19 17:00:00+00:00,2025-12-20 16:00:00+00:00
historical_mock_realized,2025-12-20,2025-12-20 17:00:00+00:00,BE,wind_offshore,tso_reference,TSO forecast,tso_forecast,2208,2025-12-20 23:00:00+00:00,397.575,297.8925,,2025-09-19 17:00:00+00:00,2025-12-20 16:00:00+00:00
historical_mock_realized,2025-12-20,2025-12-20 17:00:00+00:00,BE,wind_offshore,tso_reference,TSO forecast,tso_forecast,2208,2025-12-21 00:00:00+00:00,467.775,250.2425,,2025-09-19 17:00:00+00:00,2025-12-20 16:00:00+00:00
historical_mock_realized,2025-12-20,2025-12-20 17:00:00+00:00,BE,wind_offshore,tso_reference,TSO forecast,tso_forecast,2208,2025-12-21 01:00:00+00:00,421.55,190.915,,2025-09-19 17:00:00+00:00,2025-12-20 16:00:00+00:00
historical_mock_realized,2025-12-20,2025-12-20 17:00:00+00:00,BE,wind_offshore,tso_reference,TSO forecast,tso_forecast,2208,2025-12-21 02:00:00+00:00,367.525,175.3575,,2025-09-19 17:00:00+00:00,2025-12-20 16:00:00+00:00
historical_mock_realized,2025-12-20,2025-12-20 17:00:00+00:00,BE,wind_offshore,tso_reference,TSO forecast,tso_forecast,2208,2025-12-21 03:00:00+00:00,293.875,207.6,,2025-09-19 17:00:00+00:00,2025-12-20 16:00:00+00:00
historical_mock_realized,2025-12-20,2025-12-20 17:00:00+00:00,BE,wind_offshore,tso_reference,TSO forecast,tso_forecast,2208,2025-12-21 04:00:00+00:00,230.025,138.7875,,2025-09-19 17:00:00+00:00,2025-12-20 16:00:00+00:00
historical_mock_realized,2025-12-20,2025-12-20 17:00:00+00:00,BE,wind_offshore,tso_reference,TSO forecast,tso_forecast,2208,2025-12-21 05:00:00+00:00,181.4,86.555,,2025-09-19 17:00:00+00:00,2025-12-20 16:00:00+00:00
historical_mock_realized,2025-12-20,2025-12-20 17:00:00+00:00,BE,wind_offshore,tso_reference,TSO forecast,tso_forecast,2208,2025-12-21 06:00:00+00:00,139.95,90.2425,,2025-09-19 17:00:00+00:00,2025-12-20 16:00:00+00:00
historical_mock_realized,2025-12-20,2025-12-20 17:00:00+00:00,BE,wind_offshore,tso_reference,TSO forecast,tso_forecast,2208,2025-12-21 07:00:00+00:00,121.125,149.125,,2025-09-19 17:00:00+00:00,2025-12-20 16:00:00+00:00
historical_mock_realized,2025-12-20,2025-12-20 17:00:00+00:00,BE,wind_offshore,tso_reference,TSO forecast,tso_forecast,2208,2025-12-21 08:00:00+00:00,128.5,164.78,,2025-09-19 17:00:00+00:00,2025-12-20 16:00:00+00:00
historical_mock_realized,2025-12-20,2025-12-20 17:00:00+00:00,BE,wind_offshore,tso_reference,TSO forecast,tso_forecast,2208,2025-12-21 09:00:00+00:00,145.75,210.08,,2025-09-19 17:00:00+00:00,2025-12-20 16:00:00+00:00
historical_mock_realized,2025-12-20,2025-12-20 17:00:00+00:00,BE,wind_offshore,tso_reference,TSO forecast,tso_forecast,2208,2025-12-21 10:00:00+00:00,149.925,238.66,,2025-09-19 17:00:00+00:00,2025-12-20 16:00:00+00:00
historical_mock_realized,2025-12-20,2025-12-20 17:00:00+00:00,BE,wind_offshore,tso_reference,TSO forecast,tso_forecast,2208,2025-12-21 11:00:00+00:00,165.775,172.855,,2025-09-19 17:00:00+00:00,2025-12-20 16:00:00+00:00
historical_mock_realized,2025-12-20,2025-12-20 17:00:00+00:00,BE,wind_offshore,tso_reference,TSO forecast,tso_forecast,2208,2025-12-21 12:00:00+00:00,190.225,123.4575,,2025-09-19 17:00:00+00:00,2025-12-20 16:00:00+00:00
historical_mock_realized,2025-12-20,2025-12-20 17:00:00+00:00,BE,wind_offshore,tso_reference,TSO forecast,tso_forecast,2208,2025-12-21 13:00:00+00:00,225.8,184.105,,2025-09-19 17:00:00+00:00,2025-12-20 16:00:00+00:00
historical_mock_realized,2025-12-20,2025-12-20 17:00:00+00:00,BE,wind_offshore,tso_reference,TSO forecast,tso_forecast,2208,2025-12-21 14:00:00+00:00,309.65,238.9,,2025-09-19 17:00:00+00:00,2025-12-20 16:00:00+00:00
historical_mock_realized,2025-12-20,2025-12-20 17:00:00+00:00,BE,wind_offshore,tso_reference,TSO forecast,tso_forecast,2208,2025-12-21 15:00:00+00:00,439.625,329.22,,2025-09-19 17:00:00+00:00,2025-12-20 16:00:00+00:00
historical_mock_realized,2025-12-20,2025-12-20 17:00:00+00:00,BE,wind_offshore,tso_reference,TSO forecast,tso_forecast,2208,2025-12-21 16:00:00+00:00,602.7,495.2175,,2025-09-19 17:00:00+00:00,2025-12-20 16:00:00+00:00
historical_mock_realized,2025-12-20,2025-12-20 17:00:00+00:00,BE,wind_offshore,tso_reference,TSO forecast,tso_forecast,2208,2025-12-21 17:00:00+00:00,701.925,748.095,,2025-09-19 17:00:00+00:00,2025-12-20 16:00:00+00:00
historical_mock_realized,2025-12-20,2025-12-20 17:00:00+00:00,FR,wind_offshore,tso_reference,TSO forecast,tso_forecast,2208,2025-12-20 18:00:00+00:00,620.75,1333.4725,,2025-09-19 17:00:00+00:00,2025-12-20 16:00:00+00:00
historical_mock_realized,2025-12-20,2025-12-20 17:00:00+00:00,FR,wind_offshore,tso_reference,TSO forecast,tso_forecast,2208,2025-12-20 19:00:00+00:00,620.25,1411.635,,2025-09-19 17:00:00+00:00,2025-12-20 16:00:00+00:00
historical_mock_realized,2025-12-20,2025-12-20 17:00:00+00:00,FR,wind_offshore,tso_reference,TSO forecast,tso_forecast,2208,2025-12-20 20:00:00+00:00,589.0,882.5825,,2025-09-19 17:00:00+00:00,2025-12-20 16:00:00+00:00
historical_mock_realized,2025-12-20,2025-12-20 17:00:00+00:00,FR,wind_offshore,tso_reference,TSO forecast,tso_forecast,2208,2025-12-20 21:00:00+00:00,566.0,945.485,,2025-09-19 17:00:00+00:00,2025-12-20 16:00:00+00:00
historical_mock_realized,2025-12-20,2025-12-20 17:00:00+00:00,FR,wind_offshore,tso_reference,TSO forecast,tso_forecast,2208,2025-12-20 22:00:00+00:00,562.25,540.565,,2025-09-19 17:00:00+00:00,2025-12-20 16:00:00+00:00
historical_mock_realized,2025-12-20,2025-12-20 17:00:00+00:00,FR,wind_offshore,tso_reference,TSO forecast,tso_forecast,2208,2025-12-20 23:00:00+00:00,568.0,609.6225,,2025-09-19 17:00:00+00:00,2025-12-20 16:00:00+00:00
historical_mock_realized,2025-12-20,2025-12-20 17:00:00+00:00,FR,wind_offshore,tso_reference,TSO forecast,tso_forecast,2208,2025-12-21 00:00:00+00:00,369.5,692.1025,,2025-09-19 17:00:00+00:00,2025-12-20 16:00:00+00:00
historical_mock_realized,2025-12-20,2025-12-20 17:00:00+00:00,FR,wind_offshore,tso_reference,TSO forecast,tso_forecast,2208,2025-12-21 01:00:00+00:00,351.0,489.68,,2025-09-19 17:00:00+00:00,2025-12-20 16:00:00+00:00
historical_mock_realized,2025-12-20,2025-12-20 17:00:00+00:00,FR,wind_offshore,tso_reference,TSO forecast,tso_forecast,2208,2025-12-21 02:00:00+00:00,328.0,490.33,,2025-09-19 17:00:00+00:00,2025-12-20 16:00:00+00:00
historical_mock_realized,2025-12-20,2025-12-20 17:00:00+00:00,FR,wind_offshore,tso_reference,TSO forecast,tso_forecast,2208,2025-12-21 03:00:00+00:00,280.5,546.8475,,2025-09-19 17:00:00+00:00,2025-12-20 16:00:00+00:00
historical_mock_realized,2025-12-20,2025-12-20 17:00:00+00:00,FR,wind_offshore,tso_reference,TSO forecast,tso_forecast,2208,2025-12-21 04:00:00+00:00,229.5,757.195,,2025-09-19 17:00:00+00:00,2025-12-20 16:00:00+00:00
historical_mock_realized,2025-12-20,2025-12-20 17:00:00+00:00,FR,wind_offshore,tso_reference,TSO forecast,tso_forecast,2208,2025-12-21 05:00:00+00:00,194.5,674.275,,2025-09-19 17:00:00+00:00,2025-12-20 16:00:00+00:00
historical_mock_realized,2025-12-20,2025-12-20 17:00:00+00:00,FR,wind_offshore,tso_reference,TSO forecast,tso_forecast,2208,2025-12-21 06:00:00+00:00,184.5,542.085,,2025-09-19 17:00:00+00:00,2025-12-20 16:00:00+00:00
historical_mock_realized,2025-12-20,2025-12-20 17:00:00+00:00,FR,wind_offshore,tso_reference,TSO forecast,tso_forecast,2208,2025-12-21 07:00:00+00:00,195.5,384.7225,,2025-09-19 17:00:00+00:00,2025-12-20 16:00:00+00:00
historical_mock_realized,2025-12-20,2025-12-20 17:00:00+00:00,FR,wind_offshore,tso_reference,TSO forecast,tso_forecast,2208,2025-12-21 08:00:00+00:00,198.0,452.3175,,2025-09-19 17:00:00+00:00,2025-12-20 16:00:00+00:00
historical_mock_realized,2025-12-20,2025-12-20 17:00:00+00:00,FR,wind_offshore,tso_reference,TSO forecast,tso_forecast,2208,2025-12-21 09:00:00+00:00,199.5,781.3775,,2025-09-19 17:00:00+00:00,2025-12-20 16:00:00+00:00
historical_mock_realized,2025-12-20,2025-12-20 17:00:00+00:00,FR,wind_offshore,tso_reference,TSO forecast,tso_forecast,2208,2025-12-21 10:00:00+00:00,227.5,544.06,,2025-09-19 17:00:00+00:00,2025-12-20 16:00:00+00:00
historical_mock_realized,2025-12-20,2025-12-20 17:00:00+00:00,FR,wind_offshore,tso_reference,TSO forecast,tso_forecast,2208,2025-12-21 11:00:00+00:00,270.5,671.3275000000001,,2025-09-19 17:00:00+00:00,2025-12-20 16:00:00+00:00
historical_mock_realized,2025-12-20,2025-12-20 17:00:00+00:00,FR,wind_offshore,tso_reference,TSO forecast,tso_forecast,2208,2025-12-21 12:00:00+00:00,302.0,776.4625,,2025-09-19 17:00:00+00:00,2025-12-20 16:00:00+00:00
historical_mock_realized,2025-12-20,2025-12-20 17:00:00+00:00,FR,wind_offshore,tso_reference,TSO forecast,tso_forecast,2208,2025-12-21 13:00:00+00:00,306.5,940.2025,,2025-09-19 17:00:00+00:00,2025-12-20 16:00:00+00:00
historical_mock_realized,2025-12-20,2025-12-20 17:00:00+00:00,FR,wind_offshore,tso_reference,TSO forecast,tso_forecast,2208,2025-12-21 14:00:00+00:00,292.5,998.5325,,2025-09-19 17:00:00+00:00,2025-12-20 16:00:00+00:00
historical_mock_realized,2025-12-20,2025-12-20 17:00:00+00:00,FR,wind_offshore,tso_reference,TSO forecast,tso_forecast,2208,2025-12-21 15:00:00+00:00,302.0,893.7075,,2025-09-19 17:00:00+00:00,2025-12-20 16:00:00+00:00
historical_mock_realized,2025-12-20,2025-12-20 17:00:00+00:00,FR,wind_offshore,tso_reference,TSO forecast,tso_forecast,2208,2025-12-21 16:00:00+00:00,330.5,769.9325,,2025-09-19 17:00:00+00:00,2025-12-20 16:00:00+00:00
historical_mock_realized,2025-12-20,2025-12-20 17:00:00+00:00,FR,wind_offshore,tso_reference,TSO forecast,tso_forecast,2208,2025-12-21 17:00:00+00:00,347.0,846.26,,2025-09-19 17:00:00+00:00,2025-12-20 16:00:00+00:00
historical_mock_realized,2025-12-20,2025-12-20 17:00:00+00:00,DE,wind_offshore,tso_reference,TSO forecast,tso_forecast,2208,2025-12-20 18:00:00+00:00,1211.265,431.04,,2025-09-19 17:00:00+00:00,2025-12-20 16:00:00+00:00
historical_mock_realized,2025-12-20,2025-12-20 17:00:00+00:00,DE,wind_offshore,tso_reference,TSO forecast,tso_forecast,2208,2025-12-20 19:00:00+00:00,1645.205,739.037,,2025-09-19 17:00:00+00:00,2025-12-20 16:00:00+00:00
historical_mock_realized,2025-12-20,2025-12-20 17:00:00+00:00,DE,wind_offshore,tso_reference,TSO forecast,tso_forecast,2208,2025-12-20 20:00:00+00:00,2195.21,1306.20525,,2025-09-19 17:00:00+00:00,2025-12-20 16:00:00+00:00
historical_mock_realized,2025-12-20,2025-12-20 17:00:00+00:00,DE,wind_offshore,tso_reference,TSO forecast,tso_forecast,2208,2025-12-20 21:00:00+00:00,2848.29,1828.929,,2025-09-19 17:00:00+00:00,2025-12-20 16:00:00+00:00
historical_mock_realized,2025-12-20,2025-12-20 17:00:00+00:00,DE,wind_offshore,tso_reference,TSO forecast,tso_forecast,2208,2025-12-20 22:00:00+00:00,3542.945,2253.05825,,2025-09-19 17:00:00+00:00,2025-12-20 16:00:00+00:00
historical_mock_realized,2025-12-20,2025-12-20 17:00:00+00:00,DE,wind_offshore,tso_reference,TSO forecast,tso_forecast,2208,2025-12-20 23:00:00+00:00,4111.435,2999.3737499999997,,2025-09-19 17:00:00+00:00,2025-12-20 16:00:00+00:00
historical_mock_realized,2025-12-20,2025-12-20 17:00:00+00:00,DE,wind_offshore,tso_reference,TSO forecast,tso_forecast,2208,2025-12-21 00:00:00+00:00,3254.2875,3468.5785,,2025-09-19 17:00:00+00:00,2025-12-20 16:00:00+00:00
historical_mock_realized,2025-12-20,2025-12-20 17:00:00+00:00,DE,wind_offshore,tso_reference,TSO forecast,tso_forecast,2208,2025-12-21 01:00:00+00:00,3595.115,3699.25175,,2025-09-19 17:00:00+00:00,2025-12-20 16:00:00+00:00
historical_mock_realized,2025-12-20,2025-12-20 17:00:00+00:00,DE,wind_offshore,tso_reference,TSO forecast,tso_forecast,2208,2025-12-21 02:00:00+00:00,3773.3125,3920.60875,,2025-09-19 17:00:00+00:00,2025-12-20 16:00:00+00:00
historical_mock_realized,2025-12-20,2025-12-20 17:00:00+00:00,DE,wind_offshore,tso_reference,TSO forecast,tso_forecast,2208,2025-12-21 03:00:00+00:00,3786.8275,4130.31825,,2025-09-19 17:00:00+00:00,2025-12-20 16:00:00+00:00
historical_mock_realized,2025-12-20,2025-12-20 17:00:00+00:00,DE,wind_offshore,tso_reference,TSO forecast,tso_forecast,2208,2025-12-21 04:00:00+00:00,3689.7125,4171.0175,,2025-09-19 17:00:00+00:00,2025-12-20 16:00:00+00:00
historical_mock_realized,2025-12-20,2025-12-20 17:00:00+00:00,DE,wind_offshore,tso_reference,TSO forecast,tso_forecast,2208,2025-12-21 05:00:00+00:00,3553.7775,4236.302750000001,,2025-09-19 17:00:00+00:00,2025-12-20 16:00:00+00:00
historical_mock_realized,2025-12-20,2025-12-20 17:00:00+00:00,DE,wind_offshore,tso_reference,TSO forecast,tso_forecast,2208,2025-12-21 06:00:00+00:00,3344.15,3984.3985,,2025-09-19 17:00:00+00:00,2025-12-20 16:00:00+00:00
historical_mock_realized,2025-12-20,2025-12-20 17:00:00+00:00,DE,wind_offshore,tso_reference,TSO forecast,tso_forecast,2208,2025-12-21 07:00:00+00:00,3338.895,3651.035,,2025-09-19 17:00:00+00:00,2025-12-20 16:00:00+00:00
historical_mock_realized,2025-12-20,2025-12-20 17:00:00+00:00,DE,wind_offshore,tso_reference,TSO forecast,tso_forecast,2208,2025-12-21 08:00:00+00:00,3373.14,3257.859,,2025-09-19 17:00:00+00:00,2025-12-20 16:00:00+00:00
historical_mock_realized,2025-12-20,2025-12-20 17:00:00+00:00,DE,wind_offshore,tso_reference,TSO forecast,tso_forecast,2208,2025-12-21 09:00:00+00:00,3433.2625,3161.0985,,2025-09-19 17:00:00+00:00,2025-12-20 16:00:00+00:00
historical_mock_realized,2025-12-20,2025-12-20 17:00:00+00:00,DE,wind_offshore,tso_reference,TSO forecast,tso_forecast,2208,2025-12-21 10:00:00+00:00,3440.0725,3152.7475,,2025-09-19 17:00:00+00:00,2025-12-20 16:00:00+00:00
historical_mock_realized,2025-12-20,2025-12-20 17:00:00+00:00,DE,wind_offshore,tso_reference,TSO forecast,tso_forecast,2208,2025-12-21 11:00:00+00:00,3371.2875,2969.77125,,2025-09-19 17:00:00+00:00,2025-12-20 16:00:00+00:00
historical_mock_realized,2025-12-20,2025-12-20 17:00:00+00:00,DE,wind_offshore,tso_reference,TSO forecast,tso_forecast,2208,2025-12-21 12:00:00+00:00,3279.7075,3176.10775,,2025-09-19 17:00:00+00:00,2025-12-20 16:00:00+00:00
historical_mock_realized,2025-12-20,2025-12-20 17:00:00+00:00,DE,wind_offshore,tso_reference,TSO forecast,tso_forecast,2208,2025-12-21 13:00:00+00:00,3298.335,3726.82775,,2025-09-19 17:00:00+00:00,2025-12-20 16:00:00+00:00
historical_mock_realized,2025-12-20,2025-12-20 17:00:00+00:00,DE,wind_offshore,tso_reference,TSO forecast,tso_forecast,2208,2025-12-21 14:00:00+00:00,3465.9475,4020.9355,,2025-09-19 17:00:00+00:00,2025-12-20 16:00:00+00:00
historical_mock_realized,2025-12-20,2025-12-20 17:00:00+00:00,DE,wind_offshore,tso_reference,TSO forecast,tso_forecast,2208,2025-12-21 15:00:00+00:00,3789.6425,3731.21225,,2025-09-19 17:00:00+00:00,2025-12-20 16:00:00+00:00
historical_mock_realized,2025-12-20,2025-12-20 17:00:00+00:00,DE,wind_offshore,tso_reference,TSO forecast,tso_forecast,2208,2025-12-21 16:00:00+00:00,4185.36,3808.4085,,2025-09-19 17:00:00+00:00,2025-12-20 16:00:00+00:00
historical_mock_realized,2025-12-20,2025-12-20 17:00:00+00:00,DE,wind_offshore,tso_reference,TSO forecast,tso_forecast,2208,2025-12-21 17:00:00+00:00,4563.73,4045.529,,2025-09-19 17:00:00+00:00,2025-12-20 16:00:00+00:00
historical_mock_realized,2025-12-20,2025-12-20 17:00:00+00:00,BE,wind_offshore,persistence,Persistence,daily_persistence,2208,2025-12-20 18:00:00+00:00,870.1925,423.0375,,2025-09-19 17:00:00+00:00,2025-12-20 16:00:00+00:00
historical_mock_realized,2025-12-20,2025-12-20 17:00:00+00:00,BE,wind_offshore,persistence,Persistence,daily_persistence,2208,2025-12-20 19:00:00+00:00,906.2175,465.2925,,2025-09-19 17:00:00+00:00,2025-12-20 16:00:00+00:00
historical_mock_realized,2025-12-20,2025-12-20 17:00:00+00:00,BE,wind_offshore,persistence,Persistence,daily_persistence,2208,2025-12-20 20:00:00+00:00,811.0125,391.7625,,2025-09-19 17:00:00+00:00,2025-12-20 16:00:00+00:00
historical_mock_realized,2025-12-20,2025-12-20 17:00:00+00:00,BE,wind_offshore,persistence,Persistence,daily_persistence,2208,2025-12-20 21:00:00+00:00,745.2575,404.39,,2025-09-19 17:00:00+00:00,2025-12-20 16:00:00+00:00
historical_mock_realized,2025-12-20,2025-12-20 17:00:00+00:00,BE,wind_offshore,persistence,Persistence,daily_persistence,2208,2025-12-20 22:00:00+00:00,737.1,325.7,,2025-09-19 17:00:00+00:00,2025-12-20 16:00:00+00:00
historical_mock_realized,2025-12-20,2025-12-20 17:00:00+00:00,BE,wind_offshore,persistence,Persistence,daily_persistence,2208,2025-12-20 23:00:00+00:00,534.5675,297.8925,,2025-09-19 17:00:00+00:00,2025-12-20 16:00:00+00:00
historical_mock_realized,2025-12-20,2025-12-20 17:00:00+00:00,BE,wind_offshore,persistence,Persistence,daily_persistence,2208,2025-12-21 00:00:00+00:00,402.515,250.2425,,2025-09-19 17:00:00+00:00,2025-12-20 16:00:00+00:00
historical_mock_realized,2025-12-20,2025-12-20 17:00:00+00:00,BE,wind_offshore,persistence,Persistence,daily_persistence,2208,2025-12-21 01:00:00+00:00,363.9275,190.915,,2025-09-19 17:00:00+00:00,2025-12-20 16:00:00+00:00
historical_mock_realized,2025-12-20,2025-12-20 17:00:00+00:00,BE,wind_offshore,persistence,Persistence,daily_persistence,2208,2025-12-21 02:00:00+00:00,331.4925,175.3575,,2025-09-19 17:00:00+00:00,2025-12-20 16:00:00+00:00
historical_mock_realized,2025-12-20,2025-12-20 17:00:00+00:00,BE,wind_offshore,persistence,Persistence,daily_persistence,2208,2025-12-21 03:00:00+00:00,229.3625,207.6,,2025-09-19 17:00:00+00:00,2025-12-20 16:00:00+00:00
historical_mock_realized,2025-12-20,2025-12-20 17:00:00+00:00,BE,wind_offshore,persistence,Persistence,daily_persistence,2208,2025-12-21 04:00:00+00:00,98.5625,138.7875,,2025-09-19 17:00:00+00:00,2025-12-20 16:00:00+00:00
historical_mock_realized,2025-12-20,2025-12-20 17:00:00+00:00,BE,wind_offshore,persistence,Persistence,daily_persistence,2208,2025-12-21 05:00:00+00:00,43.7725,86.555,,2025-09-19 17:00:00+00:00,2025-12-20 16:00:00+00:00
historical_mock_realized,2025-12-20,2025-12-20 17:00:00+00:00,BE,wind_offshore,persistence,Persistence,daily_persistence,2208,2025-12-21 06:00:00+00:00,37.885,90.2425,,2025-09-19 17:00:00+00:00,2025-12-20 16:00:00+00:00
historical_mock_realized,2025-12-20,2025-12-20 17:00:00+00:00,BE,wind_offshore,persistence,Persistence,daily_persistence,2208,2025-12-21 07:00:00+00:00,30.0025,149.125,,2025-09-19 17:00:00+00:00,2025-12-20 16:00:00+00:00
historical_mock_realized,2025-12-20,2025-12-20 17:00:00+00:00,BE,wind_offshore,persistence,Persistence,daily_persistence,2208,2025-12-21 08:00:00+00:00,57.2475,164.78,,2025-09-19 17:00:00+00:00,2025-12-20 16:00:00+00:00
historical_mock_realized,2025-12-20,2025-12-20 17:00:00+00:00,BE,wind_offshore,persistence,Persistence,daily_persistence,2208,2025-12-21 09:00:00+00:00,69.5,210.08,,2025-09-19 17:00:00+00:00,2025-12-20 16:00:00+00:00
historical_mock_realized,2025-12-20,2025-12-20 17:00:00+00:00,BE,wind_offshore,persistence,Persistence,daily_persistence,2208,2025-12-21 10:00:00+00:00,54.9525,238.66,,2025-09-19 17:00:00+00:00,2025-12-20 16:00:00+00:00
historical_mock_realized,2025-12-20,2025-12-20 17:00:00+00:00,BE,wind_offshore,persistence,Persistence,daily_persistence,2208,2025-12-21 11:00:00+00:00,67.8425,172.855,,2025-09-19 17:00:00+00:00,2025-12-20 16:00:00+00:00
historical_mock_realized,2025-12-20,2025-12-20 17:00:00+00:00,BE,wind_offshore,persistence,Persistence,daily_persistence,2208,2025-12-21 12:00:00+00:00,63.9875,123.4575,,2025-09-19 17:00:00+00:00,2025-12-20 16:00:00+00:00
historical_mock_realized,2025-12-20,2025-12-20 17:00:00+00:00,BE,wind_offshore,persistence,Persistence,daily_persistence,2208,2025-12-21 13:00:00+00:00,120.7825,184.105,,2025-09-19 17:00:00+00:00,2025-12-20 16:00:00+00:00
historical_mock_realized,2025-12-20,2025-12-20 17:00:00+00:00,BE,wind_offshore,persistence,Persistence,daily_persistence,2208,2025-12-21 14:00:00+00:00,234.155,238.9,,2025-09-19 17:00:00+00:00,2025-12-20 16:00:00+00:00
historical_mock_realized,2025-12-20,2025-12-20 17:00:00+00:00,BE,wind_offshore,persistence,Persistence,daily_persistence,2208,2025-12-21 15:00:00+00:00,358.0175,329.22,,2025-09-19 17:00:00+00:00,2025-12-20 16:00:00+00:00
historical_mock_realized,2025-12-20,2025-12-20 17:00:00+00:00,BE,wind_offshore,persistence,Persistence,daily_persistence,2208,2025-12-21 16:00:00+00:00,485.14,495.2175,,2025-09-19 17:00:00+00:00,2025-12-20 16:00:00+00:00
historical_mock_realized,2025-12-20,2025-12-20 17:00:00+00:00,BE,wind_offshore,persistence,Persistence,daily_persistence,2208,2025-12-21 17:00:00+00:00,430.2,748.095,,2025-09-19 17:00:00+00:00,2025-12-20 16:00:00+00:00
historical_mock_realized,2025-12-20,2025-12-20 17:00:00+00:00,FR,wind_offshore,persistence,Persistence,daily_persistence,2208,2025-12-20 18:00:00+00:00,217.07,1333.4725,,2025-09-19 17:00:00+00:00,2025-12-20 16:00:00+00:00
historical_mock_realized,2025-12-20,2025-12-20 17:00:00+00:00,FR,wind_offshore,persistence,Persistence,daily_persistence,2208,2025-12-20 19:00:00+00:00,205.5625,1411.635,,2025-09-19 17:00:00+00:00,2025-12-20 16:00:00+00:00
historical_mock_realized,2025-12-20,2025-12-20 17:00:00+00:00,FR,wind_offshore,persistence,Persistence,daily_persistence,2208,2025-12-20 20:00:00+00:00,179.3625,882.5825,,2025-09-19 17:00:00+00:00,2025-12-20 16:00:00+00:00
historical_mock_realized,2025-12-20,2025-12-20 17:00:00+00:00,FR,wind_offshore,persistence,Persistence,daily_persistence,2208,2025-12-20 21:00:00+00:00,196.17,945.485,,2025-09-19 17:00:00+00:00,2025-12-20 16:00:00+00:00
historical_mock_realized,2025-12-20,2025-12-20 17:00:00+00:00,FR,wind_offshore,persistence,Persistence,daily_persistence,2208,2025-12-20 22:00:00+00:00,176.0625,540.565,,2025-09-19 17:00:00+00:00,2025-12-20 16:00:00+00:00
historical_mock_realized,2025-12-20,2025-12-20 17:00:00+00:00,FR,wind_offshore,persistence,Persistence,daily_persistence,2208,2025-12-20 23:00:00+00:00,154.41,609.6225,,2025-09-19 17:00:00+00:00,2025-12-20 16:00:00+00:00
historical_mock_realized,2025-12-20,2025-12-20 17:00:00+00:00,FR,wind_offshore,persistence,Persistence,daily_persistence,2208,2025-12-21 00:00:00+00:00,157.45,692.1025,,2025-09-19 17:00:00+00:00,2025-12-20 16:00:00+00:00
historical_mock_realized,2025-12-20,2025-12-20 17:00:00+00:00,FR,wind_offshore,persistence,Persistence,daily_persistence,2208,2025-12-21 01:00:00+00:00,192.6875,489.68,,2025-09-19 17:00:00+00:00,2025-12-20 16:00:00+00:00
historical_mock_realized,2025-12-20,2025-12-20 17:00:00+00:00,FR,wind_offshore,persistence,Persistence,daily_persistence,2208,2025-12-21 02:00:00+00:00,235.005,490.33,,2025-09-19 17:00:00+00:00,2025-12-20 16:00:00+00:00
historical_mock_realized,2025-12-20,2025-12-20 17:00:00+00:00,FR,wind_offshore,persistence,Persistence,daily_persistence,2208,2025-12-21 03:00:00+00:00,256.885,546.8475,,2025-09-19 17:00:00+00:00,2025-12-20 16:00:00+00:00
historical_mock_realized,2025-12-20,2025-12-20 17:00:00+00:00,FR,wind_offshore,persistence,Persistence,daily_persistence,2208,2025-12-21 04:00:00+00:00,262.85249999999996,757.195,,2025-09-19 17:00:00+00:00,2025-12-20 16:00:00+00:00
historical_mock_realized,2025-12-20,2025-12-20 17:00:00+00:00,FR,wind_offshore,persistence,Persistence,daily_persistence,2208,2025-12-21 05:00:00+00:00,316.81,674.275,,2025-09-19 17:00:00+00:00,2025-12-20 16:00:00+00:00
historical_mock_realized,2025-12-20,2025-12-20 17:00:00+00:00,FR,wind_offshore,persistence,Persistence,daily_persistence,2208,2025-12-21 06:00:00+00:00,336.58500000000004,542.085,,2025-09-19 17:00:00+00:00,2025-12-20 16:00:00+00:00
historical_mock_realized,2025-12-20,2025-12-20 17:00:00+00:00,FR,wind_offshore,persistence,Persistence,daily_persistence,2208,2025-12-21 07:00:00+00:00,368.895,384.7225,,2025-09-19 17:00:00+00:00,2025-12-20 16:00:00+00:00
historical_mock_realized,2025-12-20,2025-12-20 17:00:00+00:00,FR,wind_offshore,persistence,Persistence,daily_persistence,2208,2025-12-21 08:00:00+00:00,477.5575,452.3175,,2025-09-19 17:00:00+00:00,2025-12-20 16:00:00+00:00
historical_mock_realized,2025-12-20,2025-12-20 17:00:00+00:00,FR,wind_offshore,persistence,Persistence,daily_persistence,2208,2025-12-21 09:00:00+00:00,583.4775,781.3775,,2025-09-19 17:00:00+00:00,2025-12-20 16:00:00+00:00
historical_mock_realized,2025-12-20,2025-12-20 17:00:00+00:00,FR,wind_offshore,persistence,Persistence,daily_persistence,2208,2025-12-21 10:00:00+00:00,587.37,544.06,,2025-09-19 17:00:00+00:00,2025-12-20 16:00:00+00:00
historical_mock_realized,2025-12-20,2025-12-20 17:00:00+00:00,FR,wind_offshore,persistence,Persistence,daily_persistence,2208,2025-12-21 11:00:00+00:00,676.2275,671.3275000000001,,2025-09-19 17:00:00+00:00,2025-12-20 16:00:00+00:00
historical_mock_realized,2025-12-20,2025-12-20 17:00:00+00:00,FR,wind_offshore,persistence,Persistence,daily_persistence,2208,2025-12-21 12:00:00+00:00,666.1375,776.4625,,2025-09-19 17:00:00+00:00,2025-12-20 16:00:00+00:00
historical_mock_realized,2025-12-20,2025-12-20 17:00:00+00:00,FR,wind_offshore,persistence,Persistence,daily_persistence,2208,2025-12-21 13:00:00+00:00,811.35,940.2025,,2025-09-19 17:00:00+00:00,2025-12-20 16:00:00+00:00
historical_mock_realized,2025-12-20,2025-12-20 17:00:00+00:00,FR,wind_offshore,persistence,Persistence,daily_persistence,2208,2025-12-21 14:00:00+00:00,879.1775,998.5325,,2025-09-19 17:00:00+00:00,2025-12-20 16:00:00+00:00
historical_mock_realized,2025-12-20,2025-12-20 17:00:00+00:00,FR,wind_offshore,persistence,Persistence,daily_persistence,2208,2025-12-21 15:00:00+00:00,764.22,893.7075,,2025-09-19 17:00:00+00:00,2025-12-20 16:00:00+00:00
historical_mock_realized,2025-12-20,2025-12-20 17:00:00+00:00,FR,wind_offshore,persistence,Persistence,daily_persistence,2208,2025-12-21 16:00:00+00:00,1078.2375,769.9325,,2025-09-19 17:00:00+00:00,2025-12-20 16:00:00+00:00
historical_mock_realized,2025-12-20,2025-12-20 17:00:00+00:00,FR,wind_offshore,persistence,Persistence,daily_persistence,2208,2025-12-21 17:00:00+00:00,1274.8325,846.26,,2025-09-19 17:00:00+00:00,2025-12-20 16:00:00+00:00
historical_mock_realized,2025-12-20,2025-12-20 17:00:00+00:00,DE,wind_offshore,persistence,Persistence,daily_persistence,2208,2025-12-20 18:00:00+00:00,6164.85775,431.04,,2025-09-19 17:00:00+00:00,2025-12-20 16:00:00+00:00
historical_mock_realized,2025-12-20,2025-12-20 17:00:00+00:00,DE,wind_offshore,persistence,Persistence,daily_persistence,2208,2025-12-20 19:00:00+00:00,6326.68725,739.037,,2025-09-19 17:00:00+00:00,2025-12-20 16:00:00+00:00
historical_mock_realized,2025-12-20,2025-12-20 17:00:00+00:00,DE,wind_offshore,persistence,Persistence,daily_persistence,2208,2025-12-20 20:00:00+00:00,6213.04325,1306.20525,,2025-09-19 17:00:00+00:00,2025-12-20 16:00:00+00:00
historical_mock_realized,2025-12-20,2025-12-20 17:00:00+00:00,DE,wind_offshore,persistence,Persistence,daily_persistence,2208,2025-12-20 21:00:00+00:00,6069.40525,1828.929,,2025-09-19 17:00:00+00:00,2025-12-20 16:00:00+00:00
historical_mock_realized,2025-12-20,2025-12-20 17:00:00+00:00,DE,wind_offshore,persistence,Persistence,daily_persistence,2208,2025-12-20 22:00:00+00:00,5735.34075,2253.05825,,2025-09-19 17:00:00+00:00,2025-12-20 16:00:00+00:00
historical_mock_realized,2025-12-20,2025-12-20 17:00:00+00:00,DE,wind_offshore,persistence,Persistence,daily_persistence,2208,2025-12-20 23:00:00+00:00,5367.2005,2999.3737499999997,,2025-09-19 17:00:00+00:00,2025-12-20 16:00:00+00:00
historical_mock_realized,2025-12-20,2025-12-20 17:00:00+00:00,DE,wind_offshore,persistence,Persistence,daily_persistence,2208,2025-12-21 00:00:00+00:00,4160.14775,3468.5785,,2025-09-19 17:00:00+00:00,2025-12-20 16:00:00+00:00
historical_mock_realized,2025-12-20,2025-12-20 17:00:00+00:00,DE,wind_offshore,persistence,Persistence,daily_persistence,2208,2025-12-21 01:00:00+00:00,3828.5485,3699.25175,,2025-09-19 17:00:00+00:00,2025-12-20 16:00:00+00:00
historical_mock_realized,2025-12-20,2025-12-20 17:00:00+00:00,DE,wind_offshore,persistence,Persistence,daily_persistence,2208,2025-12-21 02:00:00+00:00,3528.13125,3920.60875,,2025-09-19 17:00:00+00:00,2025-12-20 16:00:00+00:00
historical_mock_realized,2025-12-20,2025-12-20 17:00:00+00:00,DE,wind_offshore,persistence,Persistence,daily_persistence,2208,2025-12-21 03:00:00+00:00,3282.7285,4130.31825,,2025-09-19 17:00:00+00:00,2025-12-20 16:00:00+00:00
historical_mock_realized,2025-12-20,2025-12-20 17:00:00+00:00,DE,wind_offshore,persistence,Persistence,daily_persistence,2208,2025-12-21 04:00:00+00:00,3107.41875,4171.0175,,2025-09-19 17:00:00+00:00,2025-12-20 16:00:00+00:00
historical_mock_realized,2025-12-20,2025-12-20 17:00:00+00:00,DE,wind_offshore,persistence,Persistence,daily_persistence,2208,2025-12-21 05:00:00+00:00,2732.894,4236.302750000001,,2025-09-19 17:00:00+00:00,2025-12-20 16:00:00+00:00
historical_mock_realized,2025-12-20,2025-12-20 17:00:00+00:00,DE,wind_offshore,persistence,Persistence,daily_persistence,2208,2025-12-21 06:00:00+00:00,2357.752,3984.3985,,2025-09-19 17:00:00+00:00,2025-12-20 16:00:00+00:00
historical_mock_realized,2025-12-20,2025-12-20 17:00:00+00:00,DE,wind_offshore,persistence,Persistence,daily_persistence,2208,2025-12-21 07:00:00+00:00,1985.34725,3651.035,,2025-09-19 17:00:00+00:00,2025-12-20 16:00:00+00:00
historical_mock_realized,2025-12-20,2025-12-20 17:00:00+00:00,DE,wind_offshore,persistence,Persistence,daily_persistence,2208,2025-12-21 08:00:00+00:00,1927.0805,3257.859,,2025-09-19 17:00:00+00:00,2025-12-20 16:00:00+00:00
historical_mock_realized,2025-12-20,2025-12-20 17:00:00+00:00,DE,wind_offshore,persistence,Persistence,daily_persistence,2208,2025-12-21 09:00:00+00:00,1616.135,3161.0985,,2025-09-19 17:00:00+00:00,2025-12-20 16:00:00+00:00
historical_mock_realized,2025-12-20,2025-12-20 17:00:00+00:00,DE,wind_offshore,persistence,Persistence,daily_persistence,2208,2025-12-21 10:00:00+00:00,1242.8365,3152.7475,,2025-09-19 17:00:00+00:00,2025-12-20 16:00:00+00:00
historical_mock_realized,2025-12-20,2025-12-20 17:00:00+00:00,DE,wind_offshore,persistence,Persistence,daily_persistence,2208,2025-12-21 11:00:00+00:00,1045.1255,2969.77125,,2025-09-19 17:00:00+00:00,2025-12-20 16:00:00+00:00
historical_mock_realized,2025-12-20,2025-12-20 17:00:00+00:00,DE,wind_offshore,persistence,Persistence,daily_persistence,2208,2025-12-21 12:00:00+00:00,860.7492500000001,3176.10775,,2025-09-19 17:00:00+00:00,2025-12-20 16:00:00+00:00
historical_mock_realized,2025-12-20,2025-12-20 17:00:00+00:00,DE,wind_offshore,persistence,Persistence,daily_persistence,2208,2025-12-21 13:00:00+00:00,580.007,3726.82775,,2025-09-19 17:00:00+00:00,2025-12-20 16:00:00+00:00
historical_mock_realized,2025-12-20,2025-12-20 17:00:00+00:00,DE,wind_offshore,persistence,Persistence,daily_persistence,2208,2025-12-21 14:00:00+00:00,393.898,4020.9355,,2025-09-19 17:00:00+00:00,2025-12-20 16:00:00+00:00
historical_mock_realized,2025-12-20,2025-12-20 17:00:00+00:00,DE,wind_offshore,persistence,Persistence,daily_persistence,2208,2025-12-21 15:00:00+00:00,303.19124999999997,3731.21225,,2025-09-19 17:00:00+00:00,2025-12-20 16:00:00+00:00
historical_mock_realized,2025-12-20,2025-12-20 17:00:00+00:00,DE,wind_offshore,persistence,Persistence,daily_persistence,2208,2025-12-21 16:00:00+00:00,248.1795,3808.4085,,2025-09-19 17:00:00+00:00,2025-12-20 16:00:00+00:00
historical_mock_realized,2025-12-20,2025-12-20 17:00:00+00:00,DE,wind_offshore,persistence,Persistence,daily_persistence,2208,2025-12-21 17:00:00+00:00,232.77675,4045.529,,2025-09-19 17:00:00+00:00,2025-12-20 16:00:00+00:00
historical_mock_realized,2025-12-20,2025-12-20 17:00:00+00:00,BE,wind_offshore,xgboost_online,XGBoost with covariates,weather_4p+tso_forecast,2208,2025-12-20 18:00:00+00:00,508.8262023925781,423.0375,,2025-09-19 17:00:00+00:00,2025-12-20 16:00:00+00:00
historical_mock_realized,2025-12-20,2025-12-20 17:00:00+00:00,BE,wind_offshore,xgboost_online,XGBoost with covariates,weather_4p+tso_forecast,2208,2025-12-20 19:00:00+00:00,538.7317504882812,465.2925,,2025-09-19 17:00:00+00:00,2025-12-20 16:00:00+00:00
historical_mock_realized,2025-12-20,2025-12-20 17:00:00+00:00,BE,wind_offshore,xgboost_online,XGBoost with covariates,weather_4p+tso_forecast,2208,2025-12-20 20:00:00+00:00,557.7031860351562,391.7625,,2025-09-19 17:00:00+00:00,2025-12-20 16:00:00+00:00
historical_mock_realized,2025-12-20,2025-12-20 17:00:00+00:00,BE,wind_offshore,xgboost_online,XGBoost with covariates,weather_4p+tso_forecast,2208,2025-12-20 21:00:00+00:00,498.2663269042969,404.39,,2025-09-19 17:00:00+00:00,2025-12-20 16:00:00+00:00
historical_mock_realized,2025-12-20,2025-12-20 17:00:00+00:00,BE,wind_offshore,xgboost_online,XGBoost with covariates,weather_4p+tso_forecast,2208,2025-12-20 22:00:00+00:00,428.2733154296875,325.7,,2025-09-19 17:00:00+00:00,2025-12-20 16:00:00+00:00
historical_mock_realized,2025-12-20,2025-12-20 17:00:00+00:00,BE,wind_offshore,xgboost_online,XGBoost with covariates,weather_4p+tso_forecast,2208,2025-12-20 23:00:00+00:00,425.6698913574219,297.8925,,2025-09-19 17:00:00+00:00,2025-12-20 16:00:00+00:00
historical_mock_realized,2025-12-20,2025-12-20 17:00:00+00:00,BE,wind_offshore,xgboost_online,XGBoost with covariates,weather_4p+tso_forecast,2208,2025-12-21 00:00:00+00:00,436.74310302734375,250.2425,,2025-09-19 17:00:00+00:00,2025-12-20 16:00:00+00:00
historical_mock_realized,2025-12-20,2025-12-20 17:00:00+00:00,BE,wind_offshore,xgboost_online,XGBoost with covariates,weather_4p+tso_forecast,2208,2025-12-21 01:00:00+00:00,377.80364990234375,190.915,,2025-09-19 17:00:00+00:00,2025-12-20 16:00:00+00:00
historical_mock_realized,2025-12-20,2025-12-20 17:00:00+00:00,BE,wind_offshore,xgboost_online,XGBoost with covariates,weather_4p+tso_forecast,2208,2025-12-21 02:00:00+00:00,325.7420654296875,175.3575,,2025-09-19 17:00:00+00:00,2025-12-20 16:00:00+00:00
historical_mock_realized,2025-12-20,2025-12-20 17:00:00+00:00,BE,wind_offshore,xgboost_online,XGBoost with covariates,weather_4p+tso_forecast,2208,2025-12-21 03:00:00+00:00,229.0138397216797,207.6,,2025-09-19 17:00:00+00:00,2025-12-20 16:00:00+00:00
historical_mock_realized,2025-12-20,2025-12-20 17:00:00+00:00,BE,wind_offshore,xgboost_online,XGBoost with covariates,weather_4p+tso_forecast,2208,2025-12-21 04:00:00+00:00,221.6655731201172,138.7875,,2025-09-19 17:00:00+00:00,2025-12-20 16:00:00+00:00
historical_mock_realized,2025-12-20,2025-12-20 17:00:00+00:00,BE,wind_offshore,xgboost_online,XGBoost with covariates,weather_4p+tso_forecast,2208,2025-12-21 05:00:00+00:00,198.50111389160156,86.555,,2025-09-19 17:00:00+00:00,2025-12-20 16:00:00+00:00
historical_mock_realized,2025-12-20,2025-12-20 17:00:00+00:00,BE,wind_offshore,xgboost_online,XGBoost with covariates,weather_4p+tso_forecast,2208,2025-12-21 06:00:00+00:00,186.80714416503903,90.2425,,2025-09-19 17:00:00+00:00,2025-12-20 16:00:00+00:00
historical_mock_realized,2025-12-20,2025-12-20 17:00:00+00:00,BE,wind_offshore,xgboost_online,XGBoost with covariates,weather_4p+tso_forecast,2208,2025-12-21 07:00:00+00:00,181.3210906982422,149.125,,2025-09-19 17:00:00+00:00,2025-12-20 16:00:00+00:00
historical_mock_realized,2025-12-20,2025-12-20 17:00:00+00:00,BE,wind_offshore,xgboost_online,XGBoost with covariates,weather_4p+tso_forecast,2208,2025-12-21 08:00:00+00:00,220.39244079589844,164.78,,2025-09-19 17:00:00+00:00,2025-12-20 16:00:00+00:00
historical_mock_realized,2025-12-20,2025-12-20 17:00:00+00:00,BE,wind_offshore,xgboost_online,XGBoost with covariates,weather_4p+tso_forecast,2208,2025-12-21 09:00:00+00:00,228.8682403564453,210.08,,2025-09-19 17:00:00+00:00,2025-12-20 16:00:00+00:00
historical_mock_realized,2025-12-20,2025-12-20 17:00:00+00:00,BE,wind_offshore,xgboost_online,XGBoost with covariates,weather_4p+tso_forecast,2208,2025-12-21 10:00:00+00:00,238.3341827392578,238.66,,2025-09-19 17:00:00+00:00,2025-12-20 16:00:00+00:00
historical_mock_realized,2025-12-20,2025-12-20 17:00:00+00:00,BE,wind_offshore,xgboost_online,XGBoost with covariates,weather_4p+tso_forecast,2208,2025-12-21 11:00:00+00:00,233.86753845214844,172.855,,2025-09-19 17:00:00+00:00,2025-12-20 16:00:00+00:00
historical_mock_realized,2025-12-20,2025-12-20 17:00:00+00:00,BE,wind_offshore,xgboost_online,XGBoost with covariates,weather_4p+tso_forecast,2208,2025-12-21 12:00:00+00:00,291.4224548339844,123.4575,,2025-09-19 17:00:00+00:00,2025-12-20 16:00:00+00:00
historical_mock_realized,2025-12-20,2025-12-20 17:00:00+00:00,BE,wind_offshore,xgboost_online,XGBoost with covariates,weather_4p+tso_forecast,2208,2025-12-21 13:00:00+00:00,327.7403259277344,184.105,,2025-09-19 17:00:00+00:00,2025-12-20 16:00:00+00:00
historical_mock_realized,2025-12-20,2025-12-20 17:00:00+00:00,BE,wind_offshore,xgboost_online,XGBoost with covariates,weather_4p+tso_forecast,2208,2025-12-21 14:00:00+00:00,332.9877624511719,238.9,,2025-09-19 17:00:00+00:00,2025-12-20 16:00:00+00:00
historical_mock_realized,2025-12-20,2025-12-20 17:00:00+00:00,BE,wind_offshore,xgboost_online,XGBoost with covariates,weather_4p+tso_forecast,2208,2025-12-21 15:00:00+00:00,519.8185424804688,329.22,,2025-09-19 17:00:00+00:00,2025-12-20 16:00:00+00:00
historical_mock_realized,2025-12-20,2025-12-20 17:00:00+00:00,BE,wind_offshore,xgboost_online,XGBoost with covariates,weather_4p+tso_forecast,2208,2025-12-21 16:00:00+00:00,654.2621459960938,495.2175,,2025-09-19 17:00:00+00:00,2025-12-20 16:00:00+00:00
historical_mock_realized,2025-12-20,2025-12-20 17:00:00+00:00,BE,wind_offshore,xgboost_online,XGBoost with covariates,weather_4p+tso_forecast,2208,2025-12-21 17:00:00+00:00,731.2442016601562,748.095,,2025-09-19 17:00:00+00:00,2025-12-20 16:00:00+00:00
historical_mock_realized,2025-12-20,2025-12-20 17:00:00+00:00,DE,wind_offshore,xgboost_online,XGBoost with covariates,weather_4p+tso_forecast,2208,2025-12-20 18:00:00+00:00,767.6976318359375,431.04,,2025-09-19 17:00:00+00:00,2025-12-20 16:00:00+00:00
historical_mock_realized,2025-12-20,2025-12-20 17:00:00+00:00,DE,wind_offshore,xgboost_online,XGBoost with covariates,weather_4p+tso_forecast,2208,2025-12-20 19:00:00+00:00,962.7733154296876,739.037,,2025-09-19 17:00:00+00:00,2025-12-20 16:00:00+00:00
historical_mock_realized,2025-12-20,2025-12-20 17:00:00+00:00,DE,wind_offshore,xgboost_online,XGBoost with covariates,weather_4p+tso_forecast,2208,2025-12-20 20:00:00+00:00,1186.5546875,1306.20525,,2025-09-19 17:00:00+00:00,2025-12-20 16:00:00+00:00
historical_mock_realized,2025-12-20,2025-12-20 17:00:00+00:00,DE,wind_offshore,xgboost_online,XGBoost with covariates,weather_4p+tso_forecast,2208,2025-12-20 21:00:00+00:00,1715.8037109375,1828.929,,2025-09-19 17:00:00+00:00,2025-12-20 16:00:00+00:00
historical_mock_realized,2025-12-20,2025-12-20 17:00:00+00:00,DE,wind_offshore,xgboost_online,XGBoost with covariates,weather_4p+tso_forecast,2208,2025-12-20 22:00:00+00:00,2203.667236328125,2253.05825,,2025-09-19 17:00:00+00:00,2025-12-20 16:00:00+00:00
historical_mock_realized,2025-12-20,2025-12-20 17:00:00+00:00,DE,wind_offshore,xgboost_online,XGBoost with covariates,weather_4p+tso_forecast,2208,2025-12-20 23:00:00+00:00,2521.722900390625,2999.3737499999997,,2025-09-19 17:00:00+00:00,2025-12-20 16:00:00+00:00
historical_mock_realized,2025-12-20,2025-12-20 17:00:00+00:00,DE,wind_offshore,xgboost_online,XGBoost with covariates,weather_4p+tso_forecast,2208,2025-12-21 00:00:00+00:00,2721.807373046875,3468.5785,,2025-09-19 17:00:00+00:00,2025-12-20 16:00:00+00:00
historical_mock_realized,2025-12-20,2025-12-20 17:00:00+00:00,DE,wind_offshore,xgboost_online,XGBoost with covariates,weather_4p+tso_forecast,2208,2025-12-21 01:00:00+00:00,3058.128662109375,3699.25175,,2025-09-19 17:00:00+00:00,2025-12-20 16:00:00+00:00
historical_mock_realized,2025-12-20,2025-12-20 17:00:00+00:00,DE,wind_offshore,xgboost_online,XGBoost with covariates,weather_4p+tso_forecast,2208,2025-12-21 02:00:00+00:00,3226.87548828125,3920.60875,,2025-09-19 17:00:00+00:00,2025-12-20 16:00:00+00:00
historical_mock_realized,2025-12-20,2025-12-20 17:00:00+00:00,DE,wind_offshore,xgboost_online,XGBoost with covariates,weather_4p+tso_forecast,2208,2025-12-21 03:00:00+00:00,3377.22607421875,4130.31825,,2025-09-19 17:00:00+00:00,2025-12-20 16:00:00+00:00
historical_mock_realized,2025-12-20,2025-12-20 17:00:00+00:00,DE,wind_offshore,xgboost_online,XGBoost with covariates,weather_4p+tso_forecast,2208,2025-12-21 04:00:00+00:00,3332.22900390625,4171.0175,,2025-09-19 17:00:00+00:00,2025-12-20 16:00:00+00:00
historical_mock_realized,2025-12-20,2025-12-20 17:00:00+00:00,DE,wind_offshore,xgboost_online,XGBoost with covariates,weather_4p+tso_forecast,2208,2025-12-21 05:00:00+00:00,3358.51708984375,4236.302750000001,,2025-09-19 17:00:00+00:00,2025-12-20 16:00:00+00:00
historical_mock_realized,2025-12-20,2025-12-20 17:00:00+00:00,DE,wind_offshore,xgboost_online,XGBoost with covariates,weather_4p+tso_forecast,2208,2025-12-21 06:00:00+00:00,3332.22900390625,3984.3985,,2025-09-19 17:00:00+00:00,2025-12-20 16:00:00+00:00
historical_mock_realized,2025-12-20,2025-12-20 17:00:00+00:00,DE,wind_offshore,xgboost_online,XGBoost with covariates,weather_4p+tso_forecast,2208,2025-12-21 07:00:00+00:00,3276.9228515625,3651.035,,2025-09-19 17:00:00+00:00,2025-12-20 16:00:00+00:00
historical_mock_realized,2025-12-20,2025-12-20 17:00:00+00:00,DE,wind_offshore,xgboost_online,XGBoost with covariates,weather_4p+tso_forecast,2208,2025-12-21 08:00:00+00:00,3145.28125,3257.859,,2025-09-19 17:00:00+00:00,2025-12-20 16:00:00+00:00
historical_mock_realized,2025-12-20,2025-12-20 17:00:00+00:00,DE,wind_offshore,xgboost_online,XGBoost with covariates,weather_4p+tso_forecast,2208,2025-12-21 09:00:00+00:00,3145.28125,3161.0985,,2025-09-19 17:00:00+00:00,2025-12-20 16:00:00+00:00
historical_mock_realized,2025-12-20,2025-12-20 17:00:00+00:00,DE,wind_offshore,xgboost_online,XGBoost with covariates,weather_4p+tso_forecast,2208,2025-12-21 10:00:00+00:00,3145.28125,3152.7475,,2025-09-19 17:00:00+00:00,2025-12-20 16:00:00+00:00
historical_mock_realized,2025-12-20,2025-12-20 17:00:00+00:00,DE,wind_offshore,xgboost_online,XGBoost with covariates,weather_4p+tso_forecast,2208,2025-12-21 11:00:00+00:00,3145.28125,2969.77125,,2025-09-19 17:00:00+00:00,2025-12-20 16:00:00+00:00
historical_mock_realized,2025-12-20,2025-12-20 17:00:00+00:00,DE,wind_offshore,xgboost_online,XGBoost with covariates,weather_4p+tso_forecast,2208,2025-12-21 12:00:00+00:00,3084.5654296875,3176.10775,,2025-09-19 17:00:00+00:00,2025-12-20 16:00:00+00:00
historical_mock_realized,2025-12-20,2025-12-20 17:00:00+00:00,DE,wind_offshore,xgboost_online,XGBoost with covariates,weather_4p+tso_forecast,2208,2025-12-21 13:00:00+00:00,3136.142578125,3726.82775,,2025-09-19 17:00:00+00:00,2025-12-20 16:00:00+00:00
historical_mock_realized,2025-12-20,2025-12-20 17:00:00+00:00,DE,wind_offshore,xgboost_online,XGBoost with covariates,weather_4p+tso_forecast,2208,2025-12-21 14:00:00+00:00,3148.453369140625,4020.9355,,2025-09-19 17:00:00+00:00,2025-12-20 16:00:00+00:00
historical_mock_realized,2025-12-20,2025-12-20 17:00:00+00:00,DE,wind_offshore,xgboost_online,XGBoost with covariates,weather_4p+tso_forecast,2208,2025-12-21 15:00:00+00:00,3174.741455078125,3731.21225,,2025-09-19 17:00:00+00:00,2025-12-20 16:00:00+00:00
historical_mock_realized,2025-12-20,2025-12-20 17:00:00+00:00,DE,wind_offshore,xgboost_online,XGBoost with covariates,weather_4p+tso_forecast,2208,2025-12-21 16:00:00+00:00,3174.741455078125,3808.4085,,2025-09-19 17:00:00+00:00,2025-12-20 16:00:00+00:00
historical_mock_realized,2025-12-20,2025-12-20 17:00:00+00:00,DE,wind_offshore,xgboost_online,XGBoost with covariates,weather_4p+tso_forecast,2208,2025-12-21 17:00:00+00:00,3469.907470703125,4045.529,,2025-09-19 17:00:00+00:00,2025-12-20 16:00:00+00:00
