source,run_date,run_at,zone,target,model,model_label,covariate_case,context_hours,timestamp,forecast_mw,actual_mw,tso_forecast_mw,context_start,context_end
historical_mock_realized,2025-12-18,2025-12-18 18:00:00+00:00,BE,load,tso_reference,TSO forecast,tso_forecast,2208,2025-12-18 18:00:00+00:00,11288.7625,11147.5525,,2025-09-17 18:00:00+00:00,2025-12-18 17:00:00+00:00
historical_mock_realized,2025-12-18,2025-12-18 18:00:00+00:00,BE,load,tso_reference,TSO forecast,tso_forecast,2208,2025-12-18 19:00:00+00:00,10641.7675,10703.815,,2025-09-17 18:00:00+00:00,2025-12-18 17:00:00+00:00
historical_mock_realized,2025-12-18,2025-12-18 18:00:00+00:00,BE,load,tso_reference,TSO forecast,tso_forecast,2208,2025-12-18 20:00:00+00:00,10047.3325,10221.7075,,2025-09-17 18:00:00+00:00,2025-12-18 17:00:00+00:00
historical_mock_realized,2025-12-18,2025-12-18 18:00:00+00:00,BE,load,tso_reference,TSO forecast,tso_forecast,2208,2025-12-18 21:00:00+00:00,9926.0725,9895.165,,2025-09-17 18:00:00+00:00,2025-12-18 17:00:00+00:00
historical_mock_realized,2025-12-18,2025-12-18 18:00:00+00:00,BE,load,tso_reference,TSO forecast,tso_forecast,2208,2025-12-18 22:00:00+00:00,9668.695,9614.25,,2025-09-17 18:00:00+00:00,2025-12-18 17:00:00+00:00
historical_mock_realized,2025-12-18,2025-12-18 18:00:00+00:00,BE,load,tso_reference,TSO forecast,tso_forecast,2208,2025-12-18 23:00:00+00:00,9393.265,9046.01,,2025-09-17 18:00:00+00:00,2025-12-18 17:00:00+00:00
historical_mock_realized,2025-12-18,2025-12-18 18:00:00+00:00,BE,load,tso_reference,TSO forecast,tso_forecast,2208,2025-12-19 00:00:00+00:00,9036.49,8637.39,,2025-09-17 18:00:00+00:00,2025-12-18 17:00:00+00:00
historical_mock_realized,2025-12-18,2025-12-18 18:00:00+00:00,BE,load,tso_reference,TSO forecast,tso_forecast,2208,2025-12-19 01:00:00+00:00,8646.3625,8334.345000000001,,2025-09-17 18:00:00+00:00,2025-12-18 17:00:00+00:00
historical_mock_realized,2025-12-18,2025-12-18 18:00:00+00:00,BE,load,tso_reference,TSO forecast,tso_forecast,2208,2025-12-19 02:00:00+00:00,8509.755000000001,8249.9725,,2025-09-17 18:00:00+00:00,2025-12-18 17:00:00+00:00
historical_mock_realized,2025-12-18,2025-12-18 18:00:00+00:00,BE,load,tso_reference,TSO forecast,tso_forecast,2208,2025-12-19 03:00:00+00:00,8505.64,8290.3075,,2025-09-17 18:00:00+00:00,2025-12-18 17:00:00+00:00
historical_mock_realized,2025-12-18,2025-12-18 18:00:00+00:00,BE,load,tso_reference,TSO forecast,tso_forecast,2208,2025-12-19 04:00:00+00:00,8941.305,8561.0975,,2025-09-17 18:00:00+00:00,2025-12-18 17:00:00+00:00
historical_mock_realized,2025-12-18,2025-12-18 18:00:00+00:00,BE,load,tso_reference,TSO forecast,tso_forecast,2208,2025-12-19 05:00:00+00:00,9933.835,9592.93,,2025-09-17 18:00:00+00:00,2025-12-18 17:00:00+00:00
historical_mock_realized,2025-12-18,2025-12-18 18:00:00+00:00,BE,load,tso_reference,TSO forecast,tso_forecast,2208,2025-12-19 06:00:00+00:00,10983.105,10501.0425,,2025-09-17 18:00:00+00:00,2025-12-18 17:00:00+00:00
historical_mock_realized,2025-12-18,2025-12-18 18:00:00+00:00,BE,load,tso_reference,TSO forecast,tso_forecast,2208,2025-12-19 07:00:00+00:00,11479.885,11181.82,,2025-09-17 18:00:00+00:00,2025-12-18 17:00:00+00:00
historical_mock_realized,2025-12-18,2025-12-18 18:00:00+00:00,BE,load,tso_reference,TSO forecast,tso_forecast,2208,2025-12-19 08:00:00+00:00,11604.03,11439.5475,,2025-09-17 18:00:00+00:00,2025-12-18 17:00:00+00:00
historical_mock_realized,2025-12-18,2025-12-18 18:00:00+00:00,BE,load,tso_reference,TSO forecast,tso_forecast,2208,2025-12-19 09:00:00+00:00,11644.21,11443.8875,,2025-09-17 18:00:00+00:00,2025-12-18 17:00:00+00:00
historical_mock_realized,2025-12-18,2025-12-18 18:00:00+00:00,BE,load,tso_reference,TSO forecast,tso_forecast,2208,2025-12-19 10:00:00+00:00,11700.725,11498.4125,,2025-09-17 18:00:00+00:00,2025-12-18 17:00:00+00:00
historical_mock_realized,2025-12-18,2025-12-18 18:00:00+00:00,BE,load,tso_reference,TSO forecast,tso_forecast,2208,2025-12-19 11:00:00+00:00,11551.6475,11250.0125,,2025-09-17 18:00:00+00:00,2025-12-18 17:00:00+00:00
historical_mock_realized,2025-12-18,2025-12-18 18:00:00+00:00,BE,load,tso_reference,TSO forecast,tso_forecast,2208,2025-12-19 12:00:00+00:00,11437.955,11205.545,,2025-09-17 18:00:00+00:00,2025-12-18 17:00:00+00:00
historical_mock_realized,2025-12-18,2025-12-18 18:00:00+00:00,BE,load,tso_reference,TSO forecast,tso_forecast,2208,2025-12-19 13:00:00+00:00,11267.03,10919.8325,,2025-09-17 18:00:00+00:00,2025-12-18 17:00:00+00:00
historical_mock_realized,2025-12-18,2025-12-18 18:00:00+00:00,BE,load,tso_reference,TSO forecast,tso_forecast,2208,2025-12-19 14:00:00+00:00,11212.715,10767.9775,,2025-09-17 18:00:00+00:00,2025-12-18 17:00:00+00:00
historical_mock_realized,2025-12-18,2025-12-18 18:00:00+00:00,BE,load,tso_reference,TSO forecast,tso_forecast,2208,2025-12-19 15:00:00+00:00,11433.185,10907.295,,2025-09-17 18:00:00+00:00,2025-12-18 17:00:00+00:00
historical_mock_realized,2025-12-18,2025-12-18 18:00:00+00:00,BE,load,tso_reference,TSO forecast,tso_forecast,2208,2025-12-19 16:00:00+00:00,11733.565,11127.6125,,2025-09-17 18:00:00+00:00,2025-12-18 17:00:00+00:00
historical_mock_realized,2025-12-18,2025-12-18 18:00:00+00:00,BE,load,tso_reference,TSO forecast,tso_forecast,2208,2025-12-19 17:00:00+00:00,11590.4475,11064.61,,2025-09-17 18:00:00+00:00,2025-12-18 17:00:00+00:00
historical_mock_realized,2025-12-18,2025-12-18 18:00:00+00:00,FR,load,tso_reference,TSO forecast,tso_forecast,2208,2025-12-18 18:00:00+00:00,62962.5,62295.5025,,2025-09-17 18:00:00+00:00,2025-12-18 17:00:00+00:00
historical_mock_realized,2025-12-18,2025-12-18 18:00:00+00:00,FR,load,tso_reference,TSO forecast,tso_forecast,2208,2025-12-18 19:00:00+00:00,59525.0,58784.8675,,2025-09-17 18:00:00+00:00,2025-12-18 17:00:00+00:00
historical_mock_realized,2025-12-18,2025-12-18 18:00:00+00:00,FR,load,tso_reference,TSO forecast,tso_forecast,2208,2025-12-18 20:00:00+00:00,56200.0,55638.6525,,2025-09-17 18:00:00+00:00,2025-12-18 17:00:00+00:00
historical_mock_realized,2025-12-18,2025-12-18 18:00:00+00:00,FR,load,tso_reference,TSO forecast,tso_forecast,2208,2025-12-18 21:00:00+00:00,55612.5,55679.075,,2025-09-17 18:00:00+00:00,2025-12-18 17:00:00+00:00
historical_mock_realized,2025-12-18,2025-12-18 18:00:00+00:00,FR,load,tso_reference,TSO forecast,tso_forecast,2208,2025-12-18 22:00:00+00:00,56137.5,54971.565,,2025-09-17 18:00:00+00:00,2025-12-18 17:00:00+00:00
historical_mock_realized,2025-12-18,2025-12-18 18:00:00+00:00,FR,load,tso_reference,TSO forecast,tso_forecast,2208,2025-12-18 23:00:00+00:00,52823.125,52545.18,,2025-09-17 18:00:00+00:00,2025-12-18 17:00:00+00:00
historical_mock_realized,2025-12-18,2025-12-18 18:00:00+00:00,FR,load,tso_reference,TSO forecast,tso_forecast,2208,2025-12-19 00:00:00+00:00,50991.625,50846.275,,2025-09-17 18:00:00+00:00,2025-12-18 17:00:00+00:00
historical_mock_realized,2025-12-18,2025-12-18 18:00:00+00:00,FR,load,tso_reference,TSO forecast,tso_forecast,2208,2025-12-19 01:00:00+00:00,49791.25,48872.4575,,2025-09-17 18:00:00+00:00,2025-12-18 17:00:00+00:00
historical_mock_realized,2025-12-18,2025-12-18 18:00:00+00:00,FR,load,tso_reference,TSO forecast,tso_forecast,2208,2025-12-19 02:00:00+00:00,47560.75,46639.81,,2025-09-17 18:00:00+00:00,2025-12-18 17:00:00+00:00
historical_mock_realized,2025-12-18,2025-12-18 18:00:00+00:00,FR,load,tso_reference,TSO forecast,tso_forecast,2208,2025-12-19 03:00:00+00:00,46920.75,45977.7575,,2025-09-17 18:00:00+00:00,2025-12-18 17:00:00+00:00
historical_mock_realized,2025-12-18,2025-12-18 18:00:00+00:00,FR,load,tso_reference,TSO forecast,tso_forecast,2208,2025-12-19 04:00:00+00:00,48971.375,47976.7725,,2025-09-17 18:00:00+00:00,2025-12-18 17:00:00+00:00
historical_mock_realized,2025-12-18,2025-12-18 18:00:00+00:00,FR,load,tso_reference,TSO forecast,tso_forecast,2208,2025-12-19 05:00:00+00:00,53257.25,52704.4125,,2025-09-17 18:00:00+00:00,2025-12-18 17:00:00+00:00
historical_mock_realized,2025-12-18,2025-12-18 18:00:00+00:00,FR,load,tso_reference,TSO forecast,tso_forecast,2208,2025-12-19 06:00:00+00:00,58503.25,57539.985,,2025-09-17 18:00:00+00:00,2025-12-18 17:00:00+00:00
historical_mock_realized,2025-12-18,2025-12-18 18:00:00+00:00,FR,load,tso_reference,TSO forecast,tso_forecast,2208,2025-12-19 07:00:00+00:00,61438.125,59706.68,,2025-09-17 18:00:00+00:00,2025-12-18 17:00:00+00:00
historical_mock_realized,2025-12-18,2025-12-18 18:00:00+00:00,FR,load,tso_reference,TSO forecast,tso_forecast,2208,2025-12-19 08:00:00+00:00,61770.125,60414.675,,2025-09-17 18:00:00+00:00,2025-12-18 17:00:00+00:00
historical_mock_realized,2025-12-18,2025-12-18 18:00:00+00:00,FR,load,tso_reference,TSO forecast,tso_forecast,2208,2025-12-19 09:00:00+00:00,61750.125,60697.1375,,2025-09-17 18:00:00+00:00,2025-12-18 17:00:00+00:00
historical_mock_realized,2025-12-18,2025-12-18 18:00:00+00:00,FR,load,tso_reference,TSO forecast,tso_forecast,2208,2025-12-19 10:00:00+00:00,62351.125,60918.0325,,2025-09-17 18:00:00+00:00,2025-12-18 17:00:00+00:00
historical_mock_realized,2025-12-18,2025-12-18 18:00:00+00:00,FR,load,tso_reference,TSO forecast,tso_forecast,2208,2025-12-19 11:00:00+00:00,62988.875,61020.95,,2025-09-17 18:00:00+00:00,2025-12-18 17:00:00+00:00
historical_mock_realized,2025-12-18,2025-12-18 18:00:00+00:00,FR,load,tso_reference,TSO forecast,tso_forecast,2208,2025-12-19 12:00:00+00:00,62321.125,59451.18,,2025-09-17 18:00:00+00:00,2025-12-18 17:00:00+00:00
historical_mock_realized,2025-12-18,2025-12-18 18:00:00+00:00,FR,load,tso_reference,TSO forecast,tso_forecast,2208,2025-12-19 13:00:00+00:00,60726.25,58291.805,,2025-09-17 18:00:00+00:00,2025-12-18 17:00:00+00:00
historical_mock_realized,2025-12-18,2025-12-18 18:00:00+00:00,FR,load,tso_reference,TSO forecast,tso_forecast,2208,2025-12-19 14:00:00+00:00,59288.0,57009.0375,,2025-09-17 18:00:00+00:00,2025-12-18 17:00:00+00:00
historical_mock_realized,2025-12-18,2025-12-18 18:00:00+00:00,FR,load,tso_reference,TSO forecast,tso_forecast,2208,2025-12-19 15:00:00+00:00,58544.625,56090.785,,2025-09-17 18:00:00+00:00,2025-12-18 17:00:00+00:00
historical_mock_realized,2025-12-18,2025-12-18 18:00:00+00:00,FR,load,tso_reference,TSO forecast,tso_forecast,2208,2025-12-19 16:00:00+00:00,60501.5,58520.1725,,2025-09-17 18:00:00+00:00,2025-12-18 17:00:00+00:00
historical_mock_realized,2025-12-18,2025-12-18 18:00:00+00:00,FR,load,tso_reference,TSO forecast,tso_forecast,2208,2025-12-19 17:00:00+00:00,62498.5,60603.13,,2025-09-17 18:00:00+00:00,2025-12-18 17:00:00+00:00
historical_mock_realized,2025-12-18,2025-12-18 18:00:00+00:00,DE,load,tso_reference,TSO forecast,tso_forecast,2208,2025-12-18 18:00:00+00:00,65401.5377275,67066.8538,,2025-09-17 18:00:00+00:00,2025-12-18 17:00:00+00:00
historical_mock_realized,2025-12-18,2025-12-18 18:00:00+00:00,DE,load,tso_reference,TSO forecast,tso_forecast,2208,2025-12-18 19:00:00+00:00,61816.20149175,64072.2886025,,2025-09-17 18:00:00+00:00,2025-12-18 17:00:00+00:00
historical_mock_realized,2025-12-18,2025-12-18 18:00:00+00:00,DE,load,tso_reference,TSO forecast,tso_forecast,2208,2025-12-18 20:00:00+00:00,58478.3986505,60875.6765325,,2025-09-17 18:00:00+00:00,2025-12-18 17:00:00+00:00
historical_mock_realized,2025-12-18,2025-12-18 18:00:00+00:00,DE,load,tso_reference,TSO forecast,tso_forecast,2208,2025-12-18 21:00:00+00:00,55172.8809985,57790.2193775,,2025-09-17 18:00:00+00:00,2025-12-18 17:00:00+00:00
historical_mock_realized,2025-12-18,2025-12-18 18:00:00+00:00,DE,load,tso_reference,TSO forecast,tso_forecast,2208,2025-12-18 22:00:00+00:00,51662.81434825,54085.701055,,2025-09-17 18:00:00+00:00,2025-12-18 17:00:00+00:00
historical_mock_realized,2025-12-18,2025-12-18 18:00:00+00:00,DE,load,tso_reference,TSO forecast,tso_forecast,2208,2025-12-18 23:00:00+00:00,48890.10079025,51169.801745,,2025-09-17 18:00:00+00:00,2025-12-18 17:00:00+00:00
historical_mock_realized,2025-12-18,2025-12-18 18:00:00+00:00,DE,load,tso_reference,TSO forecast,tso_forecast,2208,2025-12-19 00:00:00+00:00,47145.806377,49541.2291375,,2025-09-17 18:00:00+00:00,2025-12-18 17:00:00+00:00
historical_mock_realized,2025-12-18,2025-12-18 18:00:00+00:00,DE,load,tso_reference,TSO forecast,tso_forecast,2208,2025-12-19 01:00:00+00:00,46521.62650775,48781.24344,,2025-09-17 18:00:00+00:00,2025-12-18 17:00:00+00:00
historical_mock_realized,2025-12-18,2025-12-18 18:00:00+00:00,DE,load,tso_reference,TSO forecast,tso_forecast,2208,2025-12-19 02:00:00+00:00,46694.54685875,48866.6177575,,2025-09-17 18:00:00+00:00,2025-12-18 17:00:00+00:00
historical_mock_realized,2025-12-18,2025-12-18 18:00:00+00:00,DE,load,tso_reference,TSO forecast,tso_forecast,2208,2025-12-19 03:00:00+00:00,48110.27026,50065.6181175,,2025-09-17 18:00:00+00:00,2025-12-18 17:00:00+00:00
historical_mock_realized,2025-12-18,2025-12-18 18:00:00+00:00,DE,load,tso_reference,TSO forecast,tso_forecast,2208,2025-12-19 04:00:00+00:00,51460.953431,53225.4829025,,2025-09-17 18:00:00+00:00,2025-12-18 17:00:00+00:00
historical_mock_realized,2025-12-18,2025-12-18 18:00:00+00:00,DE,load,tso_reference,TSO forecast,tso_forecast,2208,2025-12-19 05:00:00+00:00,57630.0151065,59292.5359425,,2025-09-17 18:00:00+00:00,2025-12-18 17:00:00+00:00
historical_mock_realized,2025-12-18,2025-12-18 18:00:00+00:00,DE,load,tso_reference,TSO forecast,tso_forecast,2208,2025-12-19 06:00:00+00:00,63646.08955825,63758.12985,,2025-09-17 18:00:00+00:00,2025-12-18 17:00:00+00:00
historical_mock_realized,2025-12-18,2025-12-18 18:00:00+00:00,DE,load,tso_reference,TSO forecast,tso_forecast,2208,2025-12-19 07:00:00+00:00,67093.06932925,67060.3687325,,2025-09-17 18:00:00+00:00,2025-12-18 17:00:00+00:00
historical_mock_realized,2025-12-18,2025-12-18 18:00:00+00:00,DE,load,tso_reference,TSO forecast,tso_forecast,2208,2025-12-19 08:00:00+00:00,67659.63920175,66560.72045,,2025-09-17 18:00:00+00:00,2025-12-18 17:00:00+00:00
historical_mock_realized,2025-12-18,2025-12-18 18:00:00+00:00,DE,load,tso_reference,TSO forecast,tso_forecast,2208,2025-12-19 09:00:00+00:00,68135.35115,65840.1475675,,2025-09-17 18:00:00+00:00,2025-12-18 17:00:00+00:00
historical_mock_realized,2025-12-18,2025-12-18 18:00:00+00:00,DE,load,tso_reference,TSO forecast,tso_forecast,2208,2025-12-19 10:00:00+00:00,68343.51916375,65298.9241075,,2025-09-17 18:00:00+00:00,2025-12-18 17:00:00+00:00
historical_mock_realized,2025-12-18,2025-12-18 18:00:00+00:00,DE,load,tso_reference,TSO forecast,tso_forecast,2208,2025-12-19 11:00:00+00:00,67723.1340935,65108.0188075,,2025-09-17 18:00:00+00:00,2025-12-18 17:00:00+00:00
historical_mock_realized,2025-12-18,2025-12-18 18:00:00+00:00,DE,load,tso_reference,TSO forecast,tso_forecast,2208,2025-12-19 12:00:00+00:00,66223.15830175,63303.16952,,2025-09-17 18:00:00+00:00,2025-12-18 17:00:00+00:00
historical_mock_realized,2025-12-18,2025-12-18 18:00:00+00:00,DE,load,tso_reference,TSO forecast,tso_forecast,2208,2025-12-19 13:00:00+00:00,64579.284858,62270.56799,,2025-09-17 18:00:00+00:00,2025-12-18 17:00:00+00:00
historical_mock_realized,2025-12-18,2025-12-18 18:00:00+00:00,DE,load,tso_reference,TSO forecast,tso_forecast,2208,2025-12-19 14:00:00+00:00,63627.260909,62648.3321175,,2025-09-17 18:00:00+00:00,2025-12-18 17:00:00+00:00
historical_mock_realized,2025-12-18,2025-12-18 18:00:00+00:00,DE,load,tso_reference,TSO forecast,tso_forecast,2208,2025-12-19 15:00:00+00:00,64538.1889455,64369.3967225,,2025-09-17 18:00:00+00:00,2025-12-18 17:00:00+00:00
historical_mock_realized,2025-12-18,2025-12-18 18:00:00+00:00,DE,load,tso_reference,TSO forecast,tso_forecast,2208,2025-12-19 16:00:00+00:00,65750.941802,65211.9411125,,2025-09-17 18:00:00+00:00,2025-12-18 17:00:00+00:00
historical_mock_realized,2025-12-18,2025-12-18 18:00:00+00:00,DE,load,tso_reference,TSO forecast,tso_forecast,2208,2025-12-19 17:00:00+00:00,65552.286321,64205.67969,,2025-09-17 18:00:00+00:00,2025-12-18 17:00:00+00:00
historical_mock_realized,2025-12-18,2025-12-18 18:00:00+00:00,BE,load,persistence,Persistence,weekly_persistence,2208,2025-12-18 18:00:00+00:00,11309.3075,11147.5525,,2025-09-17 18:00:00+00:00,2025-12-18 17:00:00+00:00
historical_mock_realized,2025-12-18,2025-12-18 18:00:00+00:00,BE,load,persistence,Persistence,weekly_persistence,2208,2025-12-18 19:00:00+00:00,10681.885,10703.815,,2025-09-17 18:00:00+00:00,2025-12-18 17:00:00+00:00
historical_mock_realized,2025-12-18,2025-12-18 18:00:00+00:00,BE,load,persistence,Persistence,weekly_persistence,2208,2025-12-18 20:00:00+00:00,9983.9325,10221.7075,,2025-09-17 18:00:00+00:00,2025-12-18 17:00:00+00:00
historical_mock_realized,2025-12-18,2025-12-18 18:00:00+00:00,BE,load,persistence,Persistence,weekly_persistence,2208,2025-12-18 21:00:00+00:00,9754.235,9895.165,,2025-09-17 18:00:00+00:00,2025-12-18 17:00:00+00:00
historical_mock_realized,2025-12-18,2025-12-18 18:00:00+00:00,BE,load,persistence,Persistence,weekly_persistence,2208,2025-12-18 22:00:00+00:00,9473.5775,9614.25,,2025-09-17 18:00:00+00:00,2025-12-18 17:00:00+00:00
historical_mock_realized,2025-12-18,2025-12-18 18:00:00+00:00,BE,load,persistence,Persistence,weekly_persistence,2208,2025-12-18 23:00:00+00:00,9161.115,9046.01,,2025-09-17 18:00:00+00:00,2025-12-18 17:00:00+00:00
historical_mock_realized,2025-12-18,2025-12-18 18:00:00+00:00,BE,load,persistence,Persistence,weekly_persistence,2208,2025-12-19 00:00:00+00:00,8702.365,8637.39,,2025-09-17 18:00:00+00:00,2025-12-18 17:00:00+00:00
historical_mock_realized,2025-12-18,2025-12-18 18:00:00+00:00,BE,load,persistence,Persistence,weekly_persistence,2208,2025-12-19 01:00:00+00:00,8298.7375,8334.345000000001,,2025-09-17 18:00:00+00:00,2025-12-18 17:00:00+00:00
historical_mock_realized,2025-12-18,2025-12-18 18:00:00+00:00,BE,load,persistence,Persistence,weekly_persistence,2208,2025-12-19 02:00:00+00:00,8213.98,8249.9725,,2025-09-17 18:00:00+00:00,2025-12-18 17:00:00+00:00
historical_mock_realized,2025-12-18,2025-12-18 18:00:00+00:00,BE,load,persistence,Persistence,weekly_persistence,2208,2025-12-19 03:00:00+00:00,8375.057499999999,8290.3075,,2025-09-17 18:00:00+00:00,2025-12-18 17:00:00+00:00
historical_mock_realized,2025-12-18,2025-12-18 18:00:00+00:00,BE,load,persistence,Persistence,weekly_persistence,2208,2025-12-19 04:00:00+00:00,8772.362500000001,8561.0975,,2025-09-17 18:00:00+00:00,2025-12-18 17:00:00+00:00
historical_mock_realized,2025-12-18,2025-12-18 18:00:00+00:00,BE,load,persistence,Persistence,weekly_persistence,2208,2025-12-19 05:00:00+00:00,9623.585,9592.93,,2025-09-17 18:00:00+00:00,2025-12-18 17:00:00+00:00
historical_mock_realized,2025-12-18,2025-12-18 18:00:00+00:00,BE,load,persistence,Persistence,weekly_persistence,2208,2025-12-19 06:00:00+00:00,10671.0075,10501.0425,,2025-09-17 18:00:00+00:00,2025-12-18 17:00:00+00:00
historical_mock_realized,2025-12-18,2025-12-18 18:00:00+00:00,BE,load,persistence,Persistence,weekly_persistence,2208,2025-12-19 07:00:00+00:00,11362.335,11181.82,,2025-09-17 18:00:00+00:00,2025-12-18 17:00:00+00:00
historical_mock_realized,2025-12-18,2025-12-18 18:00:00+00:00,BE,load,persistence,Persistence,weekly_persistence,2208,2025-12-19 08:00:00+00:00,11699.645,11439.5475,,2025-09-17 18:00:00+00:00,2025-12-18 17:00:00+00:00
historical_mock_realized,2025-12-18,2025-12-18 18:00:00+00:00,BE,load,persistence,Persistence,weekly_persistence,2208,2025-12-19 09:00:00+00:00,11819.2725,11443.8875,,2025-09-17 18:00:00+00:00,2025-12-18 17:00:00+00:00
historical_mock_realized,2025-12-18,2025-12-18 18:00:00+00:00,BE,load,persistence,Persistence,weekly_persistence,2208,2025-12-19 10:00:00+00:00,11817.45,11498.4125,,2025-09-17 18:00:00+00:00,2025-12-18 17:00:00+00:00
historical_mock_realized,2025-12-18,2025-12-18 18:00:00+00:00,BE,load,persistence,Persistence,weekly_persistence,2208,2025-12-19 11:00:00+00:00,11638.61,11250.0125,,2025-09-17 18:00:00+00:00,2025-12-18 17:00:00+00:00
historical_mock_realized,2025-12-18,2025-12-18 18:00:00+00:00,BE,load,persistence,Persistence,weekly_persistence,2208,2025-12-19 12:00:00+00:00,11423.495,11205.545,,2025-09-17 18:00:00+00:00,2025-12-18 17:00:00+00:00
historical_mock_realized,2025-12-18,2025-12-18 18:00:00+00:00,BE,load,persistence,Persistence,weekly_persistence,2208,2025-12-19 13:00:00+00:00,11172.595,10919.8325,,2025-09-17 18:00:00+00:00,2025-12-18 17:00:00+00:00
historical_mock_realized,2025-12-18,2025-12-18 18:00:00+00:00,BE,load,persistence,Persistence,weekly_persistence,2208,2025-12-19 14:00:00+00:00,11072.3825,10767.9775,,2025-09-17 18:00:00+00:00,2025-12-18 17:00:00+00:00
historical_mock_realized,2025-12-18,2025-12-18 18:00:00+00:00,BE,load,persistence,Persistence,weekly_persistence,2208,2025-12-19 15:00:00+00:00,11253.34,10907.295,,2025-09-17 18:00:00+00:00,2025-12-18 17:00:00+00:00
historical_mock_realized,2025-12-18,2025-12-18 18:00:00+00:00,BE,load,persistence,Persistence,weekly_persistence,2208,2025-12-19 16:00:00+00:00,11504.54,11127.6125,,2025-09-17 18:00:00+00:00,2025-12-18 17:00:00+00:00
historical_mock_realized,2025-12-18,2025-12-18 18:00:00+00:00,BE,load,persistence,Persistence,weekly_persistence,2208,2025-12-19 17:00:00+00:00,11496.115,11064.61,,2025-09-17 18:00:00+00:00,2025-12-18 17:00:00+00:00
historical_mock_realized,2025-12-18,2025-12-18 18:00:00+00:00,FR,load,persistence,Persistence,weekly_persistence,2208,2025-12-18 18:00:00+00:00,63344.905,62295.5025,,2025-09-17 18:00:00+00:00,2025-12-18 17:00:00+00:00
historical_mock_realized,2025-12-18,2025-12-18 18:00:00+00:00,FR,load,persistence,Persistence,weekly_persistence,2208,2025-12-18 19:00:00+00:00,60033.2,58784.8675,,2025-09-17 18:00:00+00:00,2025-12-18 17:00:00+00:00
historical_mock_realized,2025-12-18,2025-12-18 18:00:00+00:00,FR,load,persistence,Persistence,weekly_persistence,2208,2025-12-18 20:00:00+00:00,56865.2375,55638.6525,,2025-09-17 18:00:00+00:00,2025-12-18 17:00:00+00:00
historical_mock_realized,2025-12-18,2025-12-18 18:00:00+00:00,FR,load,persistence,Persistence,weekly_persistence,2208,2025-12-18 21:00:00+00:00,56838.825,55679.075,,2025-09-17 18:00:00+00:00,2025-12-18 17:00:00+00:00
historical_mock_realized,2025-12-18,2025-12-18 18:00:00+00:00,FR,load,persistence,Persistence,weekly_persistence,2208,2025-12-18 22:00:00+00:00,56062.2875,54971.565,,2025-09-17 18:00:00+00:00,2025-12-18 17:00:00+00:00
historical_mock_realized,2025-12-18,2025-12-18 18:00:00+00:00,FR,load,persistence,Persistence,weekly_persistence,2208,2025-12-18 23:00:00+00:00,53699.11,52545.18,,2025-09-17 18:00:00+00:00,2025-12-18 17:00:00+00:00
historical_mock_realized,2025-12-18,2025-12-18 18:00:00+00:00,FR,load,persistence,Persistence,weekly_persistence,2208,2025-12-19 00:00:00+00:00,51601.9,50846.275,,2025-09-17 18:00:00+00:00,2025-12-18 17:00:00+00:00
historical_mock_realized,2025-12-18,2025-12-18 18:00:00+00:00,FR,load,persistence,Persistence,weekly_persistence,2208,2025-12-19 01:00:00+00:00,49983.18,48872.4575,,2025-09-17 18:00:00+00:00,2025-12-18 17:00:00+00:00
historical_mock_realized,2025-12-18,2025-12-18 18:00:00+00:00,FR,load,persistence,Persistence,weekly_persistence,2208,2025-12-19 02:00:00+00:00,48234.105,46639.81,,2025-09-17 18:00:00+00:00,2025-12-18 17:00:00+00:00
historical_mock_realized,2025-12-18,2025-12-18 18:00:00+00:00,FR,load,persistence,Persistence,weekly_persistence,2208,2025-12-19 03:00:00+00:00,47856.695,45977.7575,,2025-09-17 18:00:00+00:00,2025-12-18 17:00:00+00:00
historical_mock_realized,2025-12-18,2025-12-18 18:00:00+00:00,FR,load,persistence,Persistence,weekly_persistence,2208,2025-12-19 04:00:00+00:00,50059.9575,47976.7725,,2025-09-17 18:00:00+00:00,2025-12-18 17:00:00+00:00
historical_mock_realized,2025-12-18,2025-12-18 18:00:00+00:00,FR,load,persistence,Persistence,weekly_persistence,2208,2025-12-19 05:00:00+00:00,54605.1275,52704.4125,,2025-09-17 18:00:00+00:00,2025-12-18 17:00:00+00:00
historical_mock_realized,2025-12-18,2025-12-18 18:00:00+00:00,FR,load,persistence,Persistence,weekly_persistence,2208,2025-12-19 06:00:00+00:00,59597.8975,57539.985,,2025-09-17 18:00:00+00:00,2025-12-18 17:00:00+00:00
historical_mock_realized,2025-12-18,2025-12-18 18:00:00+00:00,FR,load,persistence,Persistence,weekly_persistence,2208,2025-12-19 07:00:00+00:00,61715.435,59706.68,,2025-09-17 18:00:00+00:00,2025-12-18 17:00:00+00:00
historical_mock_realized,2025-12-18,2025-12-18 18:00:00+00:00,FR,load,persistence,Persistence,weekly_persistence,2208,2025-12-19 08:00:00+00:00,61656.47,60414.675,,2025-09-17 18:00:00+00:00,2025-12-18 17:00:00+00:00
historical_mock_realized,2025-12-18,2025-12-18 18:00:00+00:00,FR,load,persistence,Persistence,weekly_persistence,2208,2025-12-19 09:00:00+00:00,61409.25,60697.1375,,2025-09-17 18:00:00+00:00,2025-12-18 17:00:00+00:00
historical_mock_realized,2025-12-18,2025-12-18 18:00:00+00:00,FR,load,persistence,Persistence,weekly_persistence,2208,2025-12-19 10:00:00+00:00,61143.4875,60918.0325,,2025-09-17 18:00:00+00:00,2025-12-18 17:00:00+00:00
historical_mock_realized,2025-12-18,2025-12-18 18:00:00+00:00,FR,load,persistence,Persistence,weekly_persistence,2208,2025-12-19 11:00:00+00:00,61143.2525,61020.95,,2025-09-17 18:00:00+00:00,2025-12-18 17:00:00+00:00
historical_mock_realized,2025-12-18,2025-12-18 18:00:00+00:00,FR,load,persistence,Persistence,weekly_persistence,2208,2025-12-19 12:00:00+00:00,59842.850000000006,59451.18,,2025-09-17 18:00:00+00:00,2025-12-18 17:00:00+00:00
historical_mock_realized,2025-12-18,2025-12-18 18:00:00+00:00,FR,load,persistence,Persistence,weekly_persistence,2208,2025-12-19 13:00:00+00:00,58705.365000000005,58291.805,,2025-09-17 18:00:00+00:00,2025-12-18 17:00:00+00:00
historical_mock_realized,2025-12-18,2025-12-18 18:00:00+00:00,FR,load,persistence,Persistence,weekly_persistence,2208,2025-12-19 14:00:00+00:00,57021.73,57009.0375,,2025-09-17 18:00:00+00:00,2025-12-18 17:00:00+00:00
historical_mock_realized,2025-12-18,2025-12-18 18:00:00+00:00,FR,load,persistence,Persistence,weekly_persistence,2208,2025-12-19 15:00:00+00:00,56300.42,56090.785,,2025-09-17 18:00:00+00:00,2025-12-18 17:00:00+00:00
historical_mock_realized,2025-12-18,2025-12-18 18:00:00+00:00,FR,load,persistence,Persistence,weekly_persistence,2208,2025-12-19 16:00:00+00:00,58704.0125,58520.1725,,2025-09-17 18:00:00+00:00,2025-12-18 17:00:00+00:00
historical_mock_realized,2025-12-18,2025-12-18 18:00:00+00:00,FR,load,persistence,Persistence,weekly_persistence,2208,2025-12-19 17:00:00+00:00,60900.06,60603.13,,2025-09-17 18:00:00+00:00,2025-12-18 17:00:00+00:00
historical_mock_realized,2025-12-18,2025-12-18 18:00:00+00:00,DE,load,persistence,Persistence,weekly_persistence,2208,2025-12-18 18:00:00+00:00,71047.9166325,67066.8538,,2025-09-17 18:00:00+00:00,2025-12-18 17:00:00+00:00
historical_mock_realized,2025-12-18,2025-12-18 18:00:00+00:00,DE,load,persistence,Persistence,weekly_persistence,2208,2025-12-18 19:00:00+00:00,66909.449185,64072.2886025,,2025-09-17 18:00:00+00:00,2025-12-18 17:00:00+00:00
historical_mock_realized,2025-12-18,2025-12-18 18:00:00+00:00,DE,load,persistence,Persistence,weekly_persistence,2208,2025-12-18 20:00:00+00:00,63291.6880675,60875.6765325,,2025-09-17 18:00:00+00:00,2025-12-18 17:00:00+00:00
historical_mock_realized,2025-12-18,2025-12-18 18:00:00+00:00,DE,load,persistence,Persistence,weekly_persistence,2208,2025-12-18 21:00:00+00:00,60200.1782275,57790.2193775,,2025-09-17 18:00:00+00:00,2025-12-18 17:00:00+00:00
historical_mock_realized,2025-12-18,2025-12-18 18:00:00+00:00,DE,load,persistence,Persistence,weekly_persistence,2208,2025-12-18 22:00:00+00:00,55899.1082025,54085.701055,,2025-09-17 18:00:00+00:00,2025-12-18 17:00:00+00:00
historical_mock_realized,2025-12-18,2025-12-18 18:00:00+00:00,DE,load,persistence,Persistence,weekly_persistence,2208,2025-12-18 23:00:00+00:00,52582.8572325,51169.801745,,2025-09-17 18:00:00+00:00,2025-12-18 17:00:00+00:00
historical_mock_realized,2025-12-18,2025-12-18 18:00:00+00:00,DE,load,persistence,Persistence,weekly_persistence,2208,2025-12-19 00:00:00+00:00,50125.4076175,49541.2291375,,2025-09-17 18:00:00+00:00,2025-12-18 17:00:00+00:00
historical_mock_realized,2025-12-18,2025-12-18 18:00:00+00:00,DE,load,persistence,Persistence,weekly_persistence,2208,2025-12-19 01:00:00+00:00,48688.8303175,48781.24344,,2025-09-17 18:00:00+00:00,2025-12-18 17:00:00+00:00
historical_mock_realized,2025-12-18,2025-12-18 18:00:00+00:00,DE,load,persistence,Persistence,weekly_persistence,2208,2025-12-19 02:00:00+00:00,48207.390275,48866.6177575,,2025-09-17 18:00:00+00:00,2025-12-18 17:00:00+00:00
historical_mock_realized,2025-12-18,2025-12-18 18:00:00+00:00,DE,load,persistence,Persistence,weekly_persistence,2208,2025-12-19 03:00:00+00:00,49027.6899475,50065.6181175,,2025-09-17 18:00:00+00:00,2025-12-18 17:00:00+00:00
historical_mock_realized,2025-12-18,2025-12-18 18:00:00+00:00,DE,load,persistence,Persistence,weekly_persistence,2208,2025-12-19 04:00:00+00:00,52722.5565175,53225.4829025,,2025-09-17 18:00:00+00:00,2025-12-18 17:00:00+00:00
historical_mock_realized,2025-12-18,2025-12-18 18:00:00+00:00,DE,load,persistence,Persistence,weekly_persistence,2208,2025-12-19 05:00:00+00:00,59996.12108,59292.5359425,,2025-09-17 18:00:00+00:00,2025-12-18 17:00:00+00:00
historical_mock_realized,2025-12-18,2025-12-18 18:00:00+00:00,DE,load,persistence,Persistence,weekly_persistence,2208,2025-12-19 06:00:00+00:00,65747.396355,63758.12985,,2025-09-17 18:00:00+00:00,2025-12-18 17:00:00+00:00
historical_mock_realized,2025-12-18,2025-12-18 18:00:00+00:00,DE,load,persistence,Persistence,weekly_persistence,2208,2025-12-19 07:00:00+00:00,68720.67656749999,67060.3687325,,2025-09-17 18:00:00+00:00,2025-12-18 17:00:00+00:00
historical_mock_realized,2025-12-18,2025-12-18 18:00:00+00:00,DE,load,persistence,Persistence,weekly_persistence,2208,2025-12-19 08:00:00+00:00,68297.98704,66560.72045,,2025-09-17 18:00:00+00:00,2025-12-18 17:00:00+00:00
historical_mock_realized,2025-12-18,2025-12-18 18:00:00+00:00,DE,load,persistence,Persistence,weekly_persistence,2208,2025-12-19 09:00:00+00:00,68030.18303,65840.1475675,,2025-09-17 18:00:00+00:00,2025-12-18 17:00:00+00:00
historical_mock_realized,2025-12-18,2025-12-18 18:00:00+00:00,DE,load,persistence,Persistence,weekly_persistence,2208,2025-12-19 10:00:00+00:00,67606.0589925,65298.9241075,,2025-09-17 18:00:00+00:00,2025-12-18 17:00:00+00:00
historical_mock_realized,2025-12-18,2025-12-18 18:00:00+00:00,DE,load,persistence,Persistence,weekly_persistence,2208,2025-12-19 11:00:00+00:00,66467.231665,65108.0188075,,2025-09-17 18:00:00+00:00,2025-12-18 17:00:00+00:00
historical_mock_realized,2025-12-18,2025-12-18 18:00:00+00:00,DE,load,persistence,Persistence,weekly_persistence,2208,2025-12-19 12:00:00+00:00,65518.1414625,63303.16952,,2025-09-17 18:00:00+00:00,2025-12-18 17:00:00+00:00
historical_mock_realized,2025-12-18,2025-12-18 18:00:00+00:00,DE,load,persistence,Persistence,weekly_persistence,2208,2025-12-19 13:00:00+00:00,64115.836805,62270.56799,,2025-09-17 18:00:00+00:00,2025-12-18 17:00:00+00:00
historical_mock_realized,2025-12-18,2025-12-18 18:00:00+00:00,DE,load,persistence,Persistence,weekly_persistence,2208,2025-12-19 14:00:00+00:00,64099.803692500005,62648.3321175,,2025-09-17 18:00:00+00:00,2025-12-18 17:00:00+00:00
historical_mock_realized,2025-12-18,2025-12-18 18:00:00+00:00,DE,load,persistence,Persistence,weekly_persistence,2208,2025-12-19 15:00:00+00:00,65681.96656,64369.3967225,,2025-09-17 18:00:00+00:00,2025-12-18 17:00:00+00:00
historical_mock_realized,2025-12-18,2025-12-18 18:00:00+00:00,DE,load,persistence,Persistence,weekly_persistence,2208,2025-12-19 16:00:00+00:00,67395.4257625,65211.9411125,,2025-09-17 18:00:00+00:00,2025-12-18 17:00:00+00:00
historical_mock_realized,2025-12-18,2025-12-18 18:00:00+00:00,DE,load,persistence,Persistence,weekly_persistence,2208,2025-12-19 17:00:00+00:00,66405.1707225,64205.67969,,2025-09-17 18:00:00+00:00,2025-12-18 17:00:00+00:00
historical_mock_realized,2025-12-18,2025-12-18 18:00:00+00:00,BE,load,ridge_3mo_context,Ridge with covariates,selected_covariates+tso_forecast,2208,2025-12-18 18:00:00+00:00,11291.397287899712,11147.5525,,2025-09-17 18:00:00+00:00,2025-12-18 17:00:00+00:00
historical_mock_realized,2025-12-18,2025-12-18 18:00:00+00:00,BE,load,ridge_3mo_context,Ridge with covariates,selected_covariates+tso_forecast,2208,2025-12-18 19:00:00+00:00,10832.586089400398,10703.815,,2025-09-17 18:00:00+00:00,2025-12-18 17:00:00+00:00
historical_mock_realized,2025-12-18,2025-12-18 18:00:00+00:00,BE,load,ridge_3mo_context,Ridge with covariates,selected_covariates+tso_forecast,2208,2025-12-18 20:00:00+00:00,10321.25097987454,10221.7075,,2025-09-17 18:00:00+00:00,2025-12-18 17:00:00+00:00
historical_mock_realized,2025-12-18,2025-12-18 18:00:00+00:00,BE,load,ridge_3mo_context,Ridge with covariates,selected_covariates+tso_forecast,2208,2025-12-18 21:00:00+00:00,9979.851562110647,9895.165,,2025-09-17 18:00:00+00:00,2025-12-18 17:00:00+00:00
historical_mock_realized,2025-12-18,2025-12-18 18:00:00+00:00,BE,load,ridge_3mo_context,Ridge with covariates,selected_covariates+tso_forecast,2208,2025-12-18 22:00:00+00:00,9707.507442212214,9614.25,,2025-09-17 18:00:00+00:00,2025-12-18 17:00:00+00:00
historical_mock_realized,2025-12-18,2025-12-18 18:00:00+00:00,BE,load,ridge_3mo_context,Ridge with covariates,selected_covariates+tso_forecast,2208,2025-12-18 23:00:00+00:00,9473.20149548003,9046.01,,2025-09-17 18:00:00+00:00,2025-12-18 17:00:00+00:00
historical_mock_realized,2025-12-18,2025-12-18 18:00:00+00:00,BE,load,ridge_3mo_context,Ridge with covariates,selected_covariates+tso_forecast,2208,2025-12-19 00:00:00+00:00,9256.054656998793,8637.39,,2025-09-17 18:00:00+00:00,2025-12-18 17:00:00+00:00
historical_mock_realized,2025-12-18,2025-12-18 18:00:00+00:00,BE,load,ridge_3mo_context,Ridge with covariates,selected_covariates+tso_forecast,2208,2025-12-19 01:00:00+00:00,9030.642638965905,8334.345000000001,,2025-09-17 18:00:00+00:00,2025-12-18 17:00:00+00:00
historical_mock_realized,2025-12-18,2025-12-18 18:00:00+00:00,BE,load,ridge_3mo_context,Ridge with covariates,selected_covariates+tso_forecast,2208,2025-12-19 02:00:00+00:00,8896.442845782709,8249.9725,,2025-09-17 18:00:00+00:00,2025-12-18 17:00:00+00:00
historical_mock_realized,2025-12-18,2025-12-18 18:00:00+00:00,BE,load,ridge_3mo_context,Ridge with covariates,selected_covariates+tso_forecast,2208,2025-12-19 03:00:00+00:00,8863.03691032008,8290.3075,,2025-09-17 18:00:00+00:00,2025-12-18 17:00:00+00:00
historical_mock_realized,2025-12-18,2025-12-18 18:00:00+00:00,BE,load,ridge_3mo_context,Ridge with covariates,selected_covariates+tso_forecast,2208,2025-12-19 04:00:00+00:00,9062.365461152573,8561.0975,,2025-09-17 18:00:00+00:00,2025-12-18 17:00:00+00:00
historical_mock_realized,2025-12-18,2025-12-18 18:00:00+00:00,BE,load,ridge_3mo_context,Ridge with covariates,selected_covariates+tso_forecast,2208,2025-12-19 05:00:00+00:00,9624.338071846578,9592.93,,2025-09-17 18:00:00+00:00,2025-12-18 17:00:00+00:00
historical_mock_realized,2025-12-18,2025-12-18 18:00:00+00:00,BE,load,ridge_3mo_context,Ridge with covariates,selected_covariates+tso_forecast,2208,2025-12-19 06:00:00+00:00,10419.144830171264,10501.0425,,2025-09-17 18:00:00+00:00,2025-12-18 17:00:00+00:00
historical_mock_realized,2025-12-18,2025-12-18 18:00:00+00:00,BE,load,ridge_3mo_context,Ridge with covariates,selected_covariates+tso_forecast,2208,2025-12-19 07:00:00+00:00,11120.945583483252,11181.82,,2025-09-17 18:00:00+00:00,2025-12-18 17:00:00+00:00
historical_mock_realized,2025-12-18,2025-12-18 18:00:00+00:00,BE,load,ridge_3mo_context,Ridge with covariates,selected_covariates+tso_forecast,2208,2025-12-19 08:00:00+00:00,11597.354883666434,11439.5475,,2025-09-17 18:00:00+00:00,2025-12-18 17:00:00+00:00
historical_mock_realized,2025-12-18,2025-12-18 18:00:00+00:00,BE,load,ridge_3mo_context,Ridge with covariates,selected_covariates+tso_forecast,2208,2025-12-19 09:00:00+00:00,11876.646538656238,11443.8875,,2025-09-17 18:00:00+00:00,2025-12-18 17:00:00+00:00
historical_mock_realized,2025-12-18,2025-12-18 18:00:00+00:00,BE,load,ridge_3mo_context,Ridge with covariates,selected_covariates+tso_forecast,2208,2025-12-19 10:00:00+00:00,12037.941680028513,11498.4125,,2025-09-17 18:00:00+00:00,2025-12-18 17:00:00+00:00
historical_mock_realized,2025-12-18,2025-12-18 18:00:00+00:00,BE,load,ridge_3mo_context,Ridge with covariates,selected_covariates+tso_forecast,2208,2025-12-19 11:00:00+00:00,12026.123119101943,11250.0125,,2025-09-17 18:00:00+00:00,2025-12-18 17:00:00+00:00
historical_mock_realized,2025-12-18,2025-12-18 18:00:00+00:00,BE,load,ridge_3mo_context,Ridge with covariates,selected_covariates+tso_forecast,2208,2025-12-19 12:00:00+00:00,11916.97940802478,11205.545,,2025-09-17 18:00:00+00:00,2025-12-18 17:00:00+00:00
historical_mock_realized,2025-12-18,2025-12-18 18:00:00+00:00,BE,load,ridge_3mo_context,Ridge with covariates,selected_covariates+tso_forecast,2208,2025-12-19 13:00:00+00:00,11711.050802716723,10919.8325,,2025-09-17 18:00:00+00:00,2025-12-18 17:00:00+00:00
historical_mock_realized,2025-12-18,2025-12-18 18:00:00+00:00,BE,load,ridge_3mo_context,Ridge with covariates,selected_covariates+tso_forecast,2208,2025-12-19 14:00:00+00:00,11491.561717442592,10767.9775,,2025-09-17 18:00:00+00:00,2025-12-18 17:00:00+00:00
historical_mock_realized,2025-12-18,2025-12-18 18:00:00+00:00,BE,load,ridge_3mo_context,Ridge with covariates,selected_covariates+tso_forecast,2208,2025-12-19 15:00:00+00:00,11386.10009517242,10907.295,,2025-09-17 18:00:00+00:00,2025-12-18 17:00:00+00:00
historical_mock_realized,2025-12-18,2025-12-18 18:00:00+00:00,BE,load,ridge_3mo_context,Ridge with covariates,selected_covariates+tso_forecast,2208,2025-12-19 16:00:00+00:00,11402.557352921447,11127.6125,,2025-09-17 18:00:00+00:00,2025-12-18 17:00:00+00:00
historical_mock_realized,2025-12-18,2025-12-18 18:00:00+00:00,BE,load,ridge_3mo_context,Ridge with covariates,selected_covariates+tso_forecast,2208,2025-12-19 17:00:00+00:00,11322.787866779,11064.61,,2025-09-17 18:00:00+00:00,2025-12-18 17:00:00+00:00
historical_mock_realized,2025-12-18,2025-12-18 18:00:00+00:00,FR,load,ridge_3mo_context,Ridge with covariates,selected_covariates+tso_forecast,2208,2025-12-18 18:00:00+00:00,62462.276673244014,62295.5025,,2025-09-17 18:00:00+00:00,2025-12-18 17:00:00+00:00
historical_mock_realized,2025-12-18,2025-12-18 18:00:00+00:00,FR,load,ridge_3mo_context,Ridge with covariates,selected_covariates+tso_forecast,2208,2025-12-18 19:00:00+00:00,59617.68589784918,58784.8675,,2025-09-17 18:00:00+00:00,2025-12-18 17:00:00+00:00
historical_mock_realized,2025-12-18,2025-12-18 18:00:00+00:00,FR,load,ridge_3mo_context,Ridge with covariates,selected_covariates+tso_forecast,2208,2025-12-18 20:00:00+00:00,56423.74943524323,55638.6525,,2025-09-17 18:00:00+00:00,2025-12-18 17:00:00+00:00
historical_mock_realized,2025-12-18,2025-12-18 18:00:00+00:00,FR,load,ridge_3mo_context,Ridge with covariates,selected_covariates+tso_forecast,2208,2025-12-18 21:00:00+00:00,55473.728153111064,55679.075,,2025-09-17 18:00:00+00:00,2025-12-18 17:00:00+00:00
historical_mock_realized,2025-12-18,2025-12-18 18:00:00+00:00,FR,load,ridge_3mo_context,Ridge with covariates,selected_covariates+tso_forecast,2208,2025-12-18 22:00:00+00:00,55749.3048578738,54971.565,,2025-09-17 18:00:00+00:00,2025-12-18 17:00:00+00:00
historical_mock_realized,2025-12-18,2025-12-18 18:00:00+00:00,FR,load,ridge_3mo_context,Ridge with covariates,selected_covariates+tso_forecast,2208,2025-12-18 23:00:00+00:00,53198.22297391451,52545.18,,2025-09-17 18:00:00+00:00,2025-12-18 17:00:00+00:00
historical_mock_realized,2025-12-18,2025-12-18 18:00:00+00:00,FR,load,ridge_3mo_context,Ridge with covariates,selected_covariates+tso_forecast,2208,2025-12-19 00:00:00+00:00,51327.65920159201,50846.275,,2025-09-17 18:00:00+00:00,2025-12-18 17:00:00+00:00
historical_mock_realized,2025-12-18,2025-12-18 18:00:00+00:00,FR,load,ridge_3mo_context,Ridge with covariates,selected_covariates+tso_forecast,2208,2025-12-19 01:00:00+00:00,50092.95973869508,48872.4575,,2025-09-17 18:00:00+00:00,2025-12-18 17:00:00+00:00
historical_mock_realized,2025-12-18,2025-12-18 18:00:00+00:00,FR,load,ridge_3mo_context,Ridge with covariates,selected_covariates+tso_forecast,2208,2025-12-19 02:00:00+00:00,48149.07614936184,46639.81,,2025-09-17 18:00:00+00:00,2025-12-18 17:00:00+00:00
historical_mock_realized,2025-12-18,2025-12-18 18:00:00+00:00,FR,load,ridge_3mo_context,Ridge with covariates,selected_covariates+tso_forecast,2208,2025-12-19 03:00:00+00:00,47385.62933473881,45977.7575,,2025-09-17 18:00:00+00:00,2025-12-18 17:00:00+00:00
historical_mock_realized,2025-12-18,2025-12-18 18:00:00+00:00,FR,load,ridge_3mo_context,Ridge with covariates,selected_covariates+tso_forecast,2208,2025-12-19 04:00:00+00:00,49011.32627745753,47976.7725,,2025-09-17 18:00:00+00:00,2025-12-18 17:00:00+00:00
historical_mock_realized,2025-12-18,2025-12-18 18:00:00+00:00,FR,load,ridge_3mo_context,Ridge with covariates,selected_covariates+tso_forecast,2208,2025-12-19 05:00:00+00:00,52878.976794767244,52704.4125,,2025-09-17 18:00:00+00:00,2025-12-18 17:00:00+00:00
historical_mock_realized,2025-12-18,2025-12-18 18:00:00+00:00,FR,load,ridge_3mo_context,Ridge with covariates,selected_covariates+tso_forecast,2208,2025-12-19 06:00:00+00:00,57819.75976157509,57539.985,,2025-09-17 18:00:00+00:00,2025-12-18 17:00:00+00:00
historical_mock_realized,2025-12-18,2025-12-18 18:00:00+00:00,FR,load,ridge_3mo_context,Ridge with covariates,selected_covariates+tso_forecast,2208,2025-12-19 07:00:00+00:00,61010.28539643323,59706.68,,2025-09-17 18:00:00+00:00,2025-12-18 17:00:00+00:00
historical_mock_realized,2025-12-18,2025-12-18 18:00:00+00:00,FR,load,ridge_3mo_context,Ridge with covariates,selected_covariates+tso_forecast,2208,2025-12-19 08:00:00+00:00,61775.257392843254,60414.675,,2025-09-17 18:00:00+00:00,2025-12-18 17:00:00+00:00
historical_mock_realized,2025-12-18,2025-12-18 18:00:00+00:00,FR,load,ridge_3mo_context,Ridge with covariates,selected_covariates+tso_forecast,2208,2025-12-19 09:00:00+00:00,61808.57294539189,60697.1375,,2025-09-17 18:00:00+00:00,2025-12-18 17:00:00+00:00
historical_mock_realized,2025-12-18,2025-12-18 18:00:00+00:00,FR,load,ridge_3mo_context,Ridge with covariates,selected_covariates+tso_forecast,2208,2025-12-19 10:00:00+00:00,62214.47916261541,60918.0325,,2025-09-17 18:00:00+00:00,2025-12-18 17:00:00+00:00
historical_mock_realized,2025-12-18,2025-12-18 18:00:00+00:00,FR,load,ridge_3mo_context,Ridge with covariates,selected_covariates+tso_forecast,2208,2025-12-19 11:00:00+00:00,62718.4714520367,61020.95,,2025-09-17 18:00:00+00:00,2025-12-18 17:00:00+00:00
historical_mock_realized,2025-12-18,2025-12-18 18:00:00+00:00,FR,load,ridge_3mo_context,Ridge with covariates,selected_covariates+tso_forecast,2208,2025-12-19 12:00:00+00:00,62144.25317410959,59451.18,,2025-09-17 18:00:00+00:00,2025-12-18 17:00:00+00:00
historical_mock_realized,2025-12-18,2025-12-18 18:00:00+00:00,FR,load,ridge_3mo_context,Ridge with covariates,selected_covariates+tso_forecast,2208,2025-12-19 13:00:00+00:00,60686.371773148036,58291.805,,2025-09-17 18:00:00+00:00,2025-12-18 17:00:00+00:00
historical_mock_realized,2025-12-18,2025-12-18 18:00:00+00:00,FR,load,ridge_3mo_context,Ridge with covariates,selected_covariates+tso_forecast,2208,2025-12-19 14:00:00+00:00,59199.26816844262,57009.0375,,2025-09-17 18:00:00+00:00,2025-12-18 17:00:00+00:00
historical_mock_realized,2025-12-18,2025-12-18 18:00:00+00:00,FR,load,ridge_3mo_context,Ridge with covariates,selected_covariates+tso_forecast,2208,2025-12-19 15:00:00+00:00,58292.152370370735,56090.785,,2025-09-17 18:00:00+00:00,2025-12-18 17:00:00+00:00
historical_mock_realized,2025-12-18,2025-12-18 18:00:00+00:00,FR,load,ridge_3mo_context,Ridge with covariates,selected_covariates+tso_forecast,2208,2025-12-19 16:00:00+00:00,59689.88655190388,58520.1725,,2025-09-17 18:00:00+00:00,2025-12-18 17:00:00+00:00
historical_mock_realized,2025-12-18,2025-12-18 18:00:00+00:00,FR,load,ridge_3mo_context,Ridge with covariates,selected_covariates+tso_forecast,2208,2025-12-19 17:00:00+00:00,61522.85257600514,60603.13,,2025-09-17 18:00:00+00:00,2025-12-18 17:00:00+00:00
historical_mock_realized,2025-12-18,2025-12-18 18:00:00+00:00,DE,load,ridge_3mo_context,Ridge with covariates,selected_covariates+tso_forecast,2208,2025-12-18 18:00:00+00:00,67896.87552510989,67066.8538,,2025-09-17 18:00:00+00:00,2025-12-18 17:00:00+00:00
historical_mock_realized,2025-12-18,2025-12-18 18:00:00+00:00,DE,load,ridge_3mo_context,Ridge with covariates,selected_covariates+tso_forecast,2208,2025-12-18 19:00:00+00:00,65132.059572322105,64072.2886025,,2025-09-17 18:00:00+00:00,2025-12-18 17:00:00+00:00
historical_mock_realized,2025-12-18,2025-12-18 18:00:00+00:00,DE,load,ridge_3mo_context,Ridge with covariates,selected_covariates+tso_forecast,2208,2025-12-18 20:00:00+00:00,61974.53389585533,60875.6765325,,2025-09-17 18:00:00+00:00,2025-12-18 17:00:00+00:00
historical_mock_realized,2025-12-18,2025-12-18 18:00:00+00:00,DE,load,ridge_3mo_context,Ridge with covariates,selected_covariates+tso_forecast,2208,2025-12-18 21:00:00+00:00,58752.69211801008,57790.2193775,,2025-09-17 18:00:00+00:00,2025-12-18 17:00:00+00:00
historical_mock_realized,2025-12-18,2025-12-18 18:00:00+00:00,DE,load,ridge_3mo_context,Ridge with covariates,selected_covariates+tso_forecast,2208,2025-12-18 22:00:00+00:00,55263.60285854542,54085.701055,,2025-09-17 18:00:00+00:00,2025-12-18 17:00:00+00:00
historical_mock_realized,2025-12-18,2025-12-18 18:00:00+00:00,DE,load,ridge_3mo_context,Ridge with covariates,selected_covariates+tso_forecast,2208,2025-12-18 23:00:00+00:00,52128.83879982111,51169.801745,,2025-09-17 18:00:00+00:00,2025-12-18 17:00:00+00:00
historical_mock_realized,2025-12-18,2025-12-18 18:00:00+00:00,DE,load,ridge_3mo_context,Ridge with covariates,selected_covariates+tso_forecast,2208,2025-12-19 00:00:00+00:00,49770.95648833761,49541.2291375,,2025-09-17 18:00:00+00:00,2025-12-18 17:00:00+00:00
historical_mock_realized,2025-12-18,2025-12-18 18:00:00+00:00,DE,load,ridge_3mo_context,Ridge with covariates,selected_covariates+tso_forecast,2208,2025-12-19 01:00:00+00:00,48419.04310430771,48781.24344,,2025-09-17 18:00:00+00:00,2025-12-18 17:00:00+00:00
historical_mock_realized,2025-12-18,2025-12-18 18:00:00+00:00,DE,load,ridge_3mo_context,Ridge with covariates,selected_covariates+tso_forecast,2208,2025-12-19 02:00:00+00:00,48016.7812581745,48866.6177575,,2025-09-17 18:00:00+00:00,2025-12-18 17:00:00+00:00
historical_mock_realized,2025-12-18,2025-12-18 18:00:00+00:00,DE,load,ridge_3mo_context,Ridge with covariates,selected_covariates+tso_forecast,2208,2025-12-19 03:00:00+00:00,48763.928214433,50065.6181175,,2025-09-17 18:00:00+00:00,2025-12-18 17:00:00+00:00
historical_mock_realized,2025-12-18,2025-12-18 18:00:00+00:00,DE,load,ridge_3mo_context,Ridge with covariates,selected_covariates+tso_forecast,2208,2025-12-19 04:00:00+00:00,51263.88003417818,53225.4829025,,2025-09-17 18:00:00+00:00,2025-12-18 17:00:00+00:00
historical_mock_realized,2025-12-18,2025-12-18 18:00:00+00:00,DE,load,ridge_3mo_context,Ridge with covariates,selected_covariates+tso_forecast,2208,2025-12-19 05:00:00+00:00,56369.81589529546,59292.5359425,,2025-09-17 18:00:00+00:00,2025-12-18 17:00:00+00:00
historical_mock_realized,2025-12-18,2025-12-18 18:00:00+00:00,DE,load,ridge_3mo_context,Ridge with covariates,selected_covariates+tso_forecast,2208,2025-12-19 06:00:00+00:00,62318.92005858855,63758.12985,,2025-09-17 18:00:00+00:00,2025-12-18 17:00:00+00:00
historical_mock_realized,2025-12-18,2025-12-18 18:00:00+00:00,DE,load,ridge_3mo_context,Ridge with covariates,selected_covariates+tso_forecast,2208,2025-12-19 07:00:00+00:00,66928.73461567466,67060.3687325,,2025-09-17 18:00:00+00:00,2025-12-18 17:00:00+00:00
historical_mock_realized,2025-12-18,2025-12-18 18:00:00+00:00,DE,load,ridge_3mo_context,Ridge with covariates,selected_covariates+tso_forecast,2208,2025-12-19 08:00:00+00:00,69003.88774192639,66560.72045,,2025-09-17 18:00:00+00:00,2025-12-18 17:00:00+00:00
historical_mock_realized,2025-12-18,2025-12-18 18:00:00+00:00,DE,load,ridge_3mo_context,Ridge with covariates,selected_covariates+tso_forecast,2208,2025-12-19 09:00:00+00:00,69836.33289266481,65840.1475675,,2025-09-17 18:00:00+00:00,2025-12-18 17:00:00+00:00
historical_mock_realized,2025-12-18,2025-12-18 18:00:00+00:00,DE,load,ridge_3mo_context,Ridge with covariates,selected_covariates+tso_forecast,2208,2025-12-19 10:00:00+00:00,69935.87564627375,65298.9241075,,2025-09-17 18:00:00+00:00,2025-12-18 17:00:00+00:00
historical_mock_realized,2025-12-18,2025-12-18 18:00:00+00:00,DE,load,ridge_3mo_context,Ridge with covariates,selected_covariates+tso_forecast,2208,2025-12-19 11:00:00+00:00,69224.14075787777,65108.0188075,,2025-09-17 18:00:00+00:00,2025-12-18 17:00:00+00:00
historical_mock_realized,2025-12-18,2025-12-18 18:00:00+00:00,DE,load,ridge_3mo_context,Ridge with covariates,selected_covariates+tso_forecast,2208,2025-12-19 12:00:00+00:00,67774.42567370419,63303.16952,,2025-09-17 18:00:00+00:00,2025-12-18 17:00:00+00:00
historical_mock_realized,2025-12-18,2025-12-18 18:00:00+00:00,DE,load,ridge_3mo_context,Ridge with covariates,selected_covariates+tso_forecast,2208,2025-12-19 13:00:00+00:00,65960.59491882434,62270.56799,,2025-09-17 18:00:00+00:00,2025-12-18 17:00:00+00:00
historical_mock_realized,2025-12-18,2025-12-18 18:00:00+00:00,DE,load,ridge_3mo_context,Ridge with covariates,selected_covariates+tso_forecast,2208,2025-12-19 14:00:00+00:00,64540.38424442446,62648.3321175,,2025-09-17 18:00:00+00:00,2025-12-18 17:00:00+00:00
historical_mock_realized,2025-12-18,2025-12-18 18:00:00+00:00,DE,load,ridge_3mo_context,Ridge with covariates,selected_covariates+tso_forecast,2208,2025-12-19 15:00:00+00:00,64506.57681146188,64369.3967225,,2025-09-17 18:00:00+00:00,2025-12-18 17:00:00+00:00
historical_mock_realized,2025-12-18,2025-12-18 18:00:00+00:00,DE,load,ridge_3mo_context,Ridge with covariates,selected_covariates+tso_forecast,2208,2025-12-19 16:00:00+00:00,65358.72802783661,65211.9411125,,2025-09-17 18:00:00+00:00,2025-12-18 17:00:00+00:00
historical_mock_realized,2025-12-18,2025-12-18 18:00:00+00:00,DE,load,ridge_3mo_context,Ridge with covariates,selected_covariates+tso_forecast,2208,2025-12-19 17:00:00+00:00,65613.04046513484,64205.67969,,2025-09-17 18:00:00+00:00,2025-12-18 17:00:00+00:00
historical_mock_realized,2025-12-18,2025-12-18 18:00:00+00:00,BE,solar,tso_reference,TSO forecast,tso_forecast,2208,2025-12-18 18:00:00+00:00,0.0,0.0,,2025-09-17 18:00:00+00:00,2025-12-18 17:00:00+00:00
historical_mock_realized,2025-12-18,2025-12-18 18:00:00+00:00,BE,solar,tso_reference,TSO forecast,tso_forecast,2208,2025-12-18 19:00:00+00:00,0.0,0.0,,2025-09-17 18:00:00+00:00,2025-12-18 17:00:00+00:00
historical_mock_realized,2025-12-18,2025-12-18 18:00:00+00:00,BE,solar,tso_reference,TSO forecast,tso_forecast,2208,2025-12-18 20:00:00+00:00,0.0,0.0,,2025-09-17 18:00:00+00:00,2025-12-18 17:00:00+00:00
historical_mock_realized,2025-12-18,2025-12-18 18:00:00+00:00,BE,solar,tso_reference,TSO forecast,tso_forecast,2208,2025-12-18 21:00:00+00:00,0.0,0.0,,2025-09-17 18:00:00+00:00,2025-12-18 17:00:00+00:00
historical_mock_realized,2025-12-18,2025-12-18 18:00:00+00:00,BE,solar,tso_reference,TSO forecast,tso_forecast,2208,2025-12-18 22:00:00+00:00,0.0,0.0,,2025-09-17 18:00:00+00:00,2025-12-18 17:00:00+00:00
historical_mock_realized,2025-12-18,2025-12-18 18:00:00+00:00,BE,solar,tso_reference,TSO forecast,tso_forecast,2208,2025-12-18 23:00:00+00:00,0.0,0.0,,2025-09-17 18:00:00+00:00,2025-12-18 17:00:00+00:00
historical_mock_realized,2025-12-18,2025-12-18 18:00:00+00:00,BE,solar,tso_reference,TSO forecast,tso_forecast,2208,2025-12-19 00:00:00+00:00,0.0,0.0,,2025-09-17 18:00:00+00:00,2025-12-18 17:00:00+00:00
historical_mock_realized,2025-12-18,2025-12-18 18:00:00+00:00,BE,solar,tso_reference,TSO forecast,tso_forecast,2208,2025-12-19 01:00:00+00:00,0.0,0.0,,2025-09-17 18:00:00+00:00,2025-12-18 17:00:00+00:00
historical_mock_realized,2025-12-18,2025-12-18 18:00:00+00:00,BE,solar,tso_reference,TSO forecast,tso_forecast,2208,2025-12-19 02:00:00+00:00,0.0,0.0,,2025-09-17 18:00:00+00:00,2025-12-18 17:00:00+00:00
historical_mock_realized,2025-12-18,2025-12-18 18:00:00+00:00,BE,solar,tso_reference,TSO forecast,tso_forecast,2208,2025-12-19 03:00:00+00:00,0.0,0.0,,2025-09-17 18:00:00+00:00,2025-12-18 17:00:00+00:00
historical_mock_realized,2025-12-18,2025-12-18 18:00:00+00:00,BE,solar,tso_reference,TSO forecast,tso_forecast,2208,2025-12-19 04:00:00+00:00,0.0,0.0,,2025-09-17 18:00:00+00:00,2025-12-18 17:00:00+00:00
historical_mock_realized,2025-12-18,2025-12-18 18:00:00+00:00,BE,solar,tso_reference,TSO forecast,tso_forecast,2208,2025-12-19 05:00:00+00:00,0.0,0.0,,2025-09-17 18:00:00+00:00,2025-12-18 17:00:00+00:00
historical_mock_realized,2025-12-18,2025-12-18 18:00:00+00:00,BE,solar,tso_reference,TSO forecast,tso_forecast,2208,2025-12-19 06:00:00+00:00,0.0,0.0,,2025-09-17 18:00:00+00:00,2025-12-18 17:00:00+00:00
historical_mock_realized,2025-12-18,2025-12-18 18:00:00+00:00,BE,solar,tso_reference,TSO forecast,tso_forecast,2208,2025-12-19 07:00:00+00:00,2.2625,0.2195,,2025-09-17 18:00:00+00:00,2025-12-18 17:00:00+00:00
historical_mock_realized,2025-12-18,2025-12-18 18:00:00+00:00,BE,solar,tso_reference,TSO forecast,tso_forecast,2208,2025-12-19 08:00:00+00:00,87.335,125.21975,,2025-09-17 18:00:00+00:00,2025-12-18 17:00:00+00:00
historical_mock_realized,2025-12-18,2025-12-18 18:00:00+00:00,BE,solar,tso_reference,TSO forecast,tso_forecast,2208,2025-12-19 09:00:00+00:00,267.415,446.6085,,2025-09-17 18:00:00+00:00,2025-12-18 17:00:00+00:00
historical_mock_realized,2025-12-18,2025-12-18 18:00:00+00:00,BE,solar,tso_reference,TSO forecast,tso_forecast,2208,2025-12-19 10:00:00+00:00,449.351001,734.654,,2025-09-17 18:00:00+00:00,2025-12-18 17:00:00+00:00
historical_mock_realized,2025-12-18,2025-12-18 18:00:00+00:00,BE,solar,tso_reference,TSO forecast,tso_forecast,2208,2025-12-19 11:00:00+00:00,576.852249,1049.136,,2025-09-17 18:00:00+00:00,2025-12-18 17:00:00+00:00
historical_mock_realized,2025-12-18,2025-12-18 18:00:00+00:00,BE,solar,tso_reference,TSO forecast,tso_forecast,2208,2025-12-19 12:00:00+00:00,646.08925,1276.10425,,2025-09-17 18:00:00+00:00,2025-12-18 17:00:00+00:00
historical_mock_realized,2025-12-18,2025-12-18 18:00:00+00:00,BE,solar,tso_reference,TSO forecast,tso_forecast,2208,2025-12-19 13:00:00+00:00,544.83925,906.2405,,2025-09-17 18:00:00+00:00,2025-12-18 17:00:00+00:00
historical_mock_realized,2025-12-18,2025-12-18 18:00:00+00:00,BE,solar,tso_reference,TSO forecast,tso_forecast,2208,2025-12-19 14:00:00+00:00,239.36625,402.891,,2025-09-17 18:00:00+00:00,2025-12-18 17:00:00+00:00
historical_mock_realized,2025-12-18,2025-12-18 18:00:00+00:00,BE,solar,tso_reference,TSO forecast,tso_forecast,2208,2025-12-19 15:00:00+00:00,21.7785,33.55375,,2025-09-17 18:00:00+00:00,2025-12-18 17:00:00+00:00
historical_mock_realized,2025-12-18,2025-12-18 18:00:00+00:00,BE,solar,tso_reference,TSO forecast,tso_forecast,2208,2025-12-19 16:00:00+00:00,0.0,0.0,,2025-09-17 18:00:00+00:00,2025-12-18 17:00:00+00:00
historical_mock_realized,2025-12-18,2025-12-18 18:00:00+00:00,BE,solar,tso_reference,TSO forecast,tso_forecast,2208,2025-12-19 17:00:00+00:00,0.0,0.0,,2025-09-17 18:00:00+00:00,2025-12-18 17:00:00+00:00
historical_mock_realized,2025-12-18,2025-12-18 18:00:00+00:00,BE,solar,persistence,Persistence,daily_persistence,2208,2025-12-18 18:00:00+00:00,0.0,0.0,,2025-09-17 18:00:00+00:00,2025-12-18 17:00:00+00:00
historical_mock_realized,2025-12-18,2025-12-18 18:00:00+00:00,BE,solar,persistence,Persistence,daily_persistence,2208,2025-12-18 19:00:00+00:00,0.0,0.0,,2025-09-17 18:00:00+00:00,2025-12-18 17:00:00+00:00
historical_mock_realized,2025-12-18,2025-12-18 18:00:00+00:00,BE,solar,persistence,Persistence,daily_persistence,2208,2025-12-18 20:00:00+00:00,0.0,0.0,,2025-09-17 18:00:00+00:00,2025-12-18 17:00:00+00:00
historical_mock_realized,2025-12-18,2025-12-18 18:00:00+00:00,BE,solar,persistence,Persistence,daily_persistence,2208,2025-12-18 21:00:00+00:00,0.0,0.0,,2025-09-17 18:00:00+00:00,2025-12-18 17:00:00+00:00
historical_mock_realized,2025-12-18,2025-12-18 18:00:00+00:00,BE,solar,persistence,Persistence,daily_persistence,2208,2025-12-18 22:00:00+00:00,0.0,0.0,,2025-09-17 18:00:00+00:00,2025-12-18 17:00:00+00:00
historical_mock_realized,2025-12-18,2025-12-18 18:00:00+00:00,BE,solar,persistence,Persistence,daily_persistence,2208,2025-12-18 23:00:00+00:00,0.0,0.0,,2025-09-17 18:00:00+00:00,2025-12-18 17:00:00+00:00
historical_mock_realized,2025-12-18,2025-12-18 18:00:00+00:00,BE,solar,persistence,Persistence,daily_persistence,2208,2025-12-19 00:00:00+00:00,0.0,0.0,,2025-09-17 18:00:00+00:00,2025-12-18 17:00:00+00:00
historical_mock_realized,2025-12-18,2025-12-18 18:00:00+00:00,BE,solar,persistence,Persistence,daily_persistence,2208,2025-12-19 01:00:00+00:00,0.0,0.0,,2025-09-17 18:00:00+00:00,2025-12-18 17:00:00+00:00
historical_mock_realized,2025-12-18,2025-12-18 18:00:00+00:00,BE,solar,persistence,Persistence,daily_persistence,2208,2025-12-19 02:00:00+00:00,0.0,0.0,,2025-09-17 18:00:00+00:00,2025-12-18 17:00:00+00:00
historical_mock_realized,2025-12-18,2025-12-18 18:00:00+00:00,BE,solar,persistence,Persistence,daily_persistence,2208,2025-12-19 03:00:00+00:00,0.0,0.0,,2025-09-17 18:00:00+00:00,2025-12-18 17:00:00+00:00
historical_mock_realized,2025-12-18,2025-12-18 18:00:00+00:00,BE,solar,persistence,Persistence,daily_persistence,2208,2025-12-19 04:00:00+00:00,0.0,0.0,,2025-09-17 18:00:00+00:00,2025-12-18 17:00:00+00:00
historical_mock_realized,2025-12-18,2025-12-18 18:00:00+00:00,BE,solar,persistence,Persistence,daily_persistence,2208,2025-12-19 05:00:00+00:00,0.0,0.0,,2025-09-17 18:00:00+00:00,2025-12-18 17:00:00+00:00
historical_mock_realized,2025-12-18,2025-12-18 18:00:00+00:00,BE,solar,persistence,Persistence,daily_persistence,2208,2025-12-19 06:00:00+00:00,0.0,0.0,,2025-09-17 18:00:00+00:00,2025-12-18 17:00:00+00:00
historical_mock_realized,2025-12-18,2025-12-18 18:00:00+00:00,BE,solar,persistence,Persistence,daily_persistence,2208,2025-12-19 07:00:00+00:00,0.33275,0.2195,,2025-09-17 18:00:00+00:00,2025-12-18 17:00:00+00:00
historical_mock_realized,2025-12-18,2025-12-18 18:00:00+00:00,BE,solar,persistence,Persistence,daily_persistence,2208,2025-12-19 08:00:00+00:00,174.67375,125.21975,,2025-09-17 18:00:00+00:00,2025-12-18 17:00:00+00:00
historical_mock_realized,2025-12-18,2025-12-18 18:00:00+00:00,BE,solar,persistence,Persistence,daily_persistence,2208,2025-12-19 09:00:00+00:00,734.4815,446.6085,,2025-09-17 18:00:00+00:00,2025-12-18 17:00:00+00:00
historical_mock_realized,2025-12-18,2025-12-18 18:00:00+00:00,BE,solar,persistence,Persistence,daily_persistence,2208,2025-12-19 10:00:00+00:00,1468.577,734.654,,2025-09-17 18:00:00+00:00,2025-12-18 17:00:00+00:00
historical_mock_realized,2025-12-18,2025-12-18 18:00:00+00:00,BE,solar,persistence,Persistence,daily_persistence,2208,2025-12-19 11:00:00+00:00,2027.6775,1049.136,,2025-09-17 18:00:00+00:00,2025-12-18 17:00:00+00:00
historical_mock_realized,2025-12-18,2025-12-18 18:00:00+00:00,BE,solar,persistence,Persistence,daily_persistence,2208,2025-12-19 12:00:00+00:00,2251.48925,1276.10425,,2025-09-17 18:00:00+00:00,2025-12-18 17:00:00+00:00
historical_mock_realized,2025-12-18,2025-12-18 18:00:00+00:00,BE,solar,persistence,Persistence,daily_persistence,2208,2025-12-19 13:00:00+00:00,1437.478,906.2405,,2025-09-17 18:00:00+00:00,2025-12-18 17:00:00+00:00
historical_mock_realized,2025-12-18,2025-12-18 18:00:00+00:00,BE,solar,persistence,Persistence,daily_persistence,2208,2025-12-19 14:00:00+00:00,542.85075,402.891,,2025-09-17 18:00:00+00:00,2025-12-18 17:00:00+00:00
historical_mock_realized,2025-12-18,2025-12-18 18:00:00+00:00,BE,solar,persistence,Persistence,daily_persistence,2208,2025-12-19 15:00:00+00:00,37.43075,33.55375,,2025-09-17 18:00:00+00:00,2025-12-18 17:00:00+00:00
historical_mock_realized,2025-12-18,2025-12-18 18:00:00+00:00,BE,solar,persistence,Persistence,daily_persistence,2208,2025-12-19 16:00:00+00:00,0.0,0.0,,2025-09-17 18:00:00+00:00,2025-12-18 17:00:00+00:00
historical_mock_realized,2025-12-18,2025-12-18 18:00:00+00:00,BE,solar,persistence,Persistence,daily_persistence,2208,2025-12-19 17:00:00+00:00,0.0,0.0,,2025-09-17 18:00:00+00:00,2025-12-18 17:00:00+00:00
historical_mock_realized,2025-12-18,2025-12-18 18:00:00+00:00,BE,solar,xgboost_online,XGBoost with covariates,XGBoost_Weather_TSOCov,2208,2025-12-18 18:00:00+00:00,19.119346618652344,0.0,,2025-09-17 18:00:00+00:00,2025-12-18 17:00:00+00:00
historical_mock_realized,2025-12-18,2025-12-18 18:00:00+00:00,BE,solar,xgboost_online,XGBoost with covariates,XGBoost_Weather_TSOCov,2208,2025-12-18 19:00:00+00:00,19.119346618652344,0.0,,2025-09-17 18:00:00+00:00,2025-12-18 17:00:00+00:00
historical_mock_realized,2025-12-18,2025-12-18 18:00:00+00:00,BE,solar,xgboost_online,XGBoost with covariates,XGBoost_Weather_TSOCov,2208,2025-12-18 20:00:00+00:00,19.119346618652344,0.0,,2025-09-17 18:00:00+00:00,2025-12-18 17:00:00+00:00
historical_mock_realized,2025-12-18,2025-12-18 18:00:00+00:00,BE,solar,xgboost_online,XGBoost with covariates,XGBoost_Weather_TSOCov,2208,2025-12-18 21:00:00+00:00,19.119346618652344,0.0,,2025-09-17 18:00:00+00:00,2025-12-18 17:00:00+00:00
historical_mock_realized,2025-12-18,2025-12-18 18:00:00+00:00,BE,solar,xgboost_online,XGBoost with covariates,XGBoost_Weather_TSOCov,2208,2025-12-18 22:00:00+00:00,19.119346618652344,0.0,,2025-09-17 18:00:00+00:00,2025-12-18 17:00:00+00:00
historical_mock_realized,2025-12-18,2025-12-18 18:00:00+00:00,BE,solar,xgboost_online,XGBoost with covariates,XGBoost_Weather_TSOCov,2208,2025-12-18 23:00:00+00:00,19.119346618652344,0.0,,2025-09-17 18:00:00+00:00,2025-12-18 17:00:00+00:00
historical_mock_realized,2025-12-18,2025-12-18 18:00:00+00:00,BE,solar,xgboost_online,XGBoost with covariates,XGBoost_Weather_TSOCov,2208,2025-12-19 00:00:00+00:00,19.119346618652344,0.0,,2025-09-17 18:00:00+00:00,2025-12-18 17:00:00+00:00
historical_mock_realized,2025-12-18,2025-12-18 18:00:00+00:00,BE,solar,xgboost_online,XGBoost with covariates,XGBoost_Weather_TSOCov,2208,2025-12-19 01:00:00+00:00,19.119346618652344,0.0,,2025-09-17 18:00:00+00:00,2025-12-18 17:00:00+00:00
historical_mock_realized,2025-12-18,2025-12-18 18:00:00+00:00,BE,solar,xgboost_online,XGBoost with covariates,XGBoost_Weather_TSOCov,2208,2025-12-19 02:00:00+00:00,19.119346618652344,0.0,,2025-09-17 18:00:00+00:00,2025-12-18 17:00:00+00:00
historical_mock_realized,2025-12-18,2025-12-18 18:00:00+00:00,BE,solar,xgboost_online,XGBoost with covariates,XGBoost_Weather_TSOCov,2208,2025-12-19 03:00:00+00:00,19.119346618652344,0.0,,2025-09-17 18:00:00+00:00,2025-12-18 17:00:00+00:00
historical_mock_realized,2025-12-18,2025-12-18 18:00:00+00:00,BE,solar,xgboost_online,XGBoost with covariates,XGBoost_Weather_TSOCov,2208,2025-12-19 04:00:00+00:00,19.119346618652344,0.0,,2025-09-17 18:00:00+00:00,2025-12-18 17:00:00+00:00
historical_mock_realized,2025-12-18,2025-12-18 18:00:00+00:00,BE,solar,xgboost_online,XGBoost with covariates,XGBoost_Weather_TSOCov,2208,2025-12-19 05:00:00+00:00,19.119346618652344,0.0,,2025-09-17 18:00:00+00:00,2025-12-18 17:00:00+00:00
historical_mock_realized,2025-12-18,2025-12-18 18:00:00+00:00,BE,solar,xgboost_online,XGBoost with covariates,XGBoost_Weather_TSOCov,2208,2025-12-19 06:00:00+00:00,19.119346618652344,0.0,,2025-09-17 18:00:00+00:00,2025-12-18 17:00:00+00:00
historical_mock_realized,2025-12-18,2025-12-18 18:00:00+00:00,BE,solar,xgboost_online,XGBoost with covariates,XGBoost_Weather_TSOCov,2208,2025-12-19 07:00:00+00:00,19.119346618652344,0.2195,,2025-09-17 18:00:00+00:00,2025-12-18 17:00:00+00:00
historical_mock_realized,2025-12-18,2025-12-18 18:00:00+00:00,BE,solar,xgboost_online,XGBoost with covariates,XGBoost_Weather_TSOCov,2208,2025-12-19 08:00:00+00:00,108.72621154785156,125.21975,,2025-09-17 18:00:00+00:00,2025-12-18 17:00:00+00:00
historical_mock_realized,2025-12-18,2025-12-18 18:00:00+00:00,BE,solar,xgboost_online,XGBoost with covariates,XGBoost_Weather_TSOCov,2208,2025-12-19 09:00:00+00:00,319.3764953613281,446.6085,,2025-09-17 18:00:00+00:00,2025-12-18 17:00:00+00:00
historical_mock_realized,2025-12-18,2025-12-18 18:00:00+00:00,BE,solar,xgboost_online,XGBoost with covariates,XGBoost_Weather_TSOCov,2208,2025-12-19 10:00:00+00:00,531.5888671875,734.654,,2025-09-17 18:00:00+00:00,2025-12-18 17:00:00+00:00
historical_mock_realized,2025-12-18,2025-12-18 18:00:00+00:00,BE,solar,xgboost_online,XGBoost with covariates,XGBoost_Weather_TSOCov,2208,2025-12-19 11:00:00+00:00,646.6890869140625,1049.136,,2025-09-17 18:00:00+00:00,2025-12-18 17:00:00+00:00
historical_mock_realized,2025-12-18,2025-12-18 18:00:00+00:00,BE,solar,xgboost_online,XGBoost with covariates,XGBoost_Weather_TSOCov,2208,2025-12-19 12:00:00+00:00,650.9463500976562,1276.10425,,2025-09-17 18:00:00+00:00,2025-12-18 17:00:00+00:00
historical_mock_realized,2025-12-18,2025-12-18 18:00:00+00:00,BE,solar,xgboost_online,XGBoost with covariates,XGBoost_Weather_TSOCov,2208,2025-12-19 13:00:00+00:00,597.6683349609375,906.2405,,2025-09-17 18:00:00+00:00,2025-12-18 17:00:00+00:00
historical_mock_realized,2025-12-18,2025-12-18 18:00:00+00:00,BE,solar,xgboost_online,XGBoost with covariates,XGBoost_Weather_TSOCov,2208,2025-12-19 14:00:00+00:00,293.4953308105469,402.891,,2025-09-17 18:00:00+00:00,2025-12-18 17:00:00+00:00
historical_mock_realized,2025-12-18,2025-12-18 18:00:00+00:00,BE,solar,xgboost_online,XGBoost with covariates,XGBoost_Weather_TSOCov,2208,2025-12-19 15:00:00+00:00,21.513490676879883,33.55375,,2025-09-17 18:00:00+00:00,2025-12-18 17:00:00+00:00
historical_mock_realized,2025-12-18,2025-12-18 18:00:00+00:00,BE,solar,xgboost_online,XGBoost with covariates,XGBoost_Weather_TSOCov,2208,2025-12-19 16:00:00+00:00,19.119346618652344,0.0,,2025-09-17 18:00:00+00:00,2025-12-18 17:00:00+00:00
historical_mock_realized,2025-12-18,2025-12-18 18:00:00+00:00,BE,solar,xgboost_online,XGBoost with covariates,XGBoost_Weather_TSOCov,2208,2025-12-19 17:00:00+00:00,19.119346618652344,0.0,,2025-09-17 18:00:00+00:00,2025-12-18 17:00:00+00:00
historical_mock_realized,2025-12-18,2025-12-18 18:00:00+00:00,FR,solar,tso_reference,TSO forecast,tso_forecast,2208,2025-12-18 18:00:00+00:00,0.0,0.0,,2025-09-17 18:00:00+00:00,2025-12-18 17:00:00+00:00
historical_mock_realized,2025-12-18,2025-12-18 18:00:00+00:00,FR,solar,tso_reference,TSO forecast,tso_forecast,2208,2025-12-18 19:00:00+00:00,0.0,0.0,,2025-09-17 18:00:00+00:00,2025-12-18 17:00:00+00:00
historical_mock_realized,2025-12-18,2025-12-18 18:00:00+00:00,FR,solar,tso_reference,TSO forecast,tso_forecast,2208,2025-12-18 20:00:00+00:00,0.0,0.0,,2025-09-17 18:00:00+00:00,2025-12-18 17:00:00+00:00
historical_mock_realized,2025-12-18,2025-12-18 18:00:00+00:00,FR,solar,tso_reference,TSO forecast,tso_forecast,2208,2025-12-18 21:00:00+00:00,0.0,0.0,,2025-09-17 18:00:00+00:00,2025-12-18 17:00:00+00:00
historical_mock_realized,2025-12-18,2025-12-18 18:00:00+00:00,FR,solar,tso_reference,TSO forecast,tso_forecast,2208,2025-12-18 22:00:00+00:00,0.0,0.0,,2025-09-17 18:00:00+00:00,2025-12-18 17:00:00+00:00
historical_mock_realized,2025-12-18,2025-12-18 18:00:00+00:00,FR,solar,tso_reference,TSO forecast,tso_forecast,2208,2025-12-18 23:00:00+00:00,0.0,0.0,,2025-09-17 18:00:00+00:00,2025-12-18 17:00:00+00:00
historical_mock_realized,2025-12-18,2025-12-18 18:00:00+00:00,FR,solar,tso_reference,TSO forecast,tso_forecast,2208,2025-12-19 00:00:00+00:00,0.0,0.0,,2025-09-17 18:00:00+00:00,2025-12-18 17:00:00+00:00
historical_mock_realized,2025-12-18,2025-12-18 18:00:00+00:00,FR,solar,tso_reference,TSO forecast,tso_forecast,2208,2025-12-19 01:00:00+00:00,0.0,0.0,,2025-09-17 18:00:00+00:00,2025-12-18 17:00:00+00:00
historical_mock_realized,2025-12-18,2025-12-18 18:00:00+00:00,FR,solar,tso_reference,TSO forecast,tso_forecast,2208,2025-12-19 02:00:00+00:00,0.0,0.0,,2025-09-17 18:00:00+00:00,2025-12-18 17:00:00+00:00
historical_mock_realized,2025-12-18,2025-12-18 18:00:00+00:00,FR,solar,tso_reference,TSO forecast,tso_forecast,2208,2025-12-19 03:00:00+00:00,0.0,0.0,,2025-09-17 18:00:00+00:00,2025-12-18 17:00:00+00:00
historical_mock_realized,2025-12-18,2025-12-18 18:00:00+00:00,FR,solar,tso_reference,TSO forecast,tso_forecast,2208,2025-12-19 04:00:00+00:00,0.0,0.0,,2025-09-17 18:00:00+00:00,2025-12-18 17:00:00+00:00
historical_mock_realized,2025-12-18,2025-12-18 18:00:00+00:00,FR,solar,tso_reference,TSO forecast,tso_forecast,2208,2025-12-19 05:00:00+00:00,0.0,0.0,,2025-09-17 18:00:00+00:00,2025-12-18 17:00:00+00:00
historical_mock_realized,2025-12-18,2025-12-18 18:00:00+00:00,FR,solar,tso_reference,TSO forecast,tso_forecast,2208,2025-12-19 06:00:00+00:00,0.0,0.0,,2025-09-17 18:00:00+00:00,2025-12-18 17:00:00+00:00
historical_mock_realized,2025-12-18,2025-12-18 18:00:00+00:00,FR,solar,tso_reference,TSO forecast,tso_forecast,2208,2025-12-19 07:00:00+00:00,0.0,323.5075,,2025-09-17 18:00:00+00:00,2025-12-18 17:00:00+00:00
historical_mock_realized,2025-12-18,2025-12-18 18:00:00+00:00,FR,solar,tso_reference,TSO forecast,tso_forecast,2208,2025-12-19 08:00:00+00:00,171.46877,936.25,,2025-09-17 18:00:00+00:00,2025-12-18 17:00:00+00:00
historical_mock_realized,2025-12-18,2025-12-18 18:00:00+00:00,FR,solar,tso_reference,TSO forecast,tso_forecast,2208,2025-12-19 09:00:00+00:00,1156.5437,2087.3775,,2025-09-17 18:00:00+00:00,2025-12-18 17:00:00+00:00
historical_mock_realized,2025-12-18,2025-12-18 18:00:00+00:00,FR,solar,tso_reference,TSO forecast,tso_forecast,2208,2025-12-19 10:00:00+00:00,2749.06006,2859.6025,,2025-09-17 18:00:00+00:00,2025-12-18 17:00:00+00:00
historical_mock_realized,2025-12-18,2025-12-18 18:00:00+00:00,FR,solar,tso_reference,TSO forecast,tso_forecast,2208,2025-12-19 11:00:00+00:00,3970.87378,3153.7125,,2025-09-17 18:00:00+00:00,2025-12-18 17:00:00+00:00
historical_mock_realized,2025-12-18,2025-12-18 18:00:00+00:00,FR,solar,tso_reference,TSO forecast,tso_forecast,2208,2025-12-19 12:00:00+00:00,4190.95361,3406.0775,,2025-09-17 18:00:00+00:00,2025-12-18 17:00:00+00:00
historical_mock_realized,2025-12-18,2025-12-18 18:00:00+00:00,FR,solar,tso_reference,TSO forecast,tso_forecast,2208,2025-12-19 13:00:00+00:00,3854.78125,2788.1175000000003,,2025-09-17 18:00:00+00:00,2025-12-18 17:00:00+00:00
historical_mock_realized,2025-12-18,2025-12-18 18:00:00+00:00,FR,solar,tso_reference,TSO forecast,tso_forecast,2208,2025-12-19 14:00:00+00:00,3078.23242,1704.625,,2025-09-17 18:00:00+00:00,2025-12-18 17:00:00+00:00
historical_mock_realized,2025-12-18,2025-12-18 18:00:00+00:00,FR,solar,tso_reference,TSO forecast,tso_forecast,2208,2025-12-19 15:00:00+00:00,1658.44629,631.51,,2025-09-17 18:00:00+00:00,2025-12-18 17:00:00+00:00
historical_mock_realized,2025-12-18,2025-12-18 18:00:00+00:00,FR,solar,tso_reference,TSO forecast,tso_forecast,2208,2025-12-19 16:00:00+00:00,419.29376,249.26,,2025-09-17 18:00:00+00:00,2025-12-18 17:00:00+00:00
historical_mock_realized,2025-12-18,2025-12-18 18:00:00+00:00,FR,solar,tso_reference,TSO forecast,tso_forecast,2208,2025-12-19 17:00:00+00:00,19.73625,236.5125,,2025-09-17 18:00:00+00:00,2025-12-18 17:00:00+00:00
historical_mock_realized,2025-12-18,2025-12-18 18:00:00+00:00,FR,solar,persistence,Persistence,daily_persistence,2208,2025-12-18 18:00:00+00:00,0.0,0.0,,2025-09-17 18:00:00+00:00,2025-12-18 17:00:00+00:00
historical_mock_realized,2025-12-18,2025-12-18 18:00:00+00:00,FR,solar,persistence,Persistence,daily_persistence,2208,2025-12-18 19:00:00+00:00,0.0,0.0,,2025-09-17 18:00:00+00:00,2025-12-18 17:00:00+00:00
historical_mock_realized,2025-12-18,2025-12-18 18:00:00+00:00,FR,solar,persistence,Persistence,daily_persistence,2208,2025-12-18 20:00:00+00:00,0.0,0.0,,2025-09-17 18:00:00+00:00,2025-12-18 17:00:00+00:00
historical_mock_realized,2025-12-18,2025-12-18 18:00:00+00:00,FR,solar,persistence,Persistence,daily_persistence,2208,2025-12-18 21:00:00+00:00,0.0,0.0,,2025-09-17 18:00:00+00:00,2025-12-18 17:00:00+00:00
historical_mock_realized,2025-12-18,2025-12-18 18:00:00+00:00,FR,solar,persistence,Persistence,daily_persistence,2208,2025-12-18 22:00:00+00:00,0.0,0.0,,2025-09-17 18:00:00+00:00,2025-12-18 17:00:00+00:00
historical_mock_realized,2025-12-18,2025-12-18 18:00:00+00:00,FR,solar,persistence,Persistence,daily_persistence,2208,2025-12-18 23:00:00+00:00,0.0,0.0,,2025-09-17 18:00:00+00:00,2025-12-18 17:00:00+00:00
historical_mock_realized,2025-12-18,2025-12-18 18:00:00+00:00,FR,solar,persistence,Persistence,daily_persistence,2208,2025-12-19 00:00:00+00:00,0.0,0.0,,2025-09-17 18:00:00+00:00,2025-12-18 17:00:00+00:00
historical_mock_realized,2025-12-18,2025-12-18 18:00:00+00:00,FR,solar,persistence,Persistence,daily_persistence,2208,2025-12-19 01:00:00+00:00,0.0,0.0,,2025-09-17 18:00:00+00:00,2025-12-18 17:00:00+00:00
historical_mock_realized,2025-12-18,2025-12-18 18:00:00+00:00,FR,solar,persistence,Persistence,daily_persistence,2208,2025-12-19 02:00:00+00:00,0.0,0.0,,2025-09-17 18:00:00+00:00,2025-12-18 17:00:00+00:00
historical_mock_realized,2025-12-18,2025-12-18 18:00:00+00:00,FR,solar,persistence,Persistence,daily_persistence,2208,2025-12-19 03:00:00+00:00,0.0,0.0,,2025-09-17 18:00:00+00:00,2025-12-18 17:00:00+00:00
historical_mock_realized,2025-12-18,2025-12-18 18:00:00+00:00,FR,solar,persistence,Persistence,daily_persistence,2208,2025-12-19 04:00:00+00:00,0.0,0.0,,2025-09-17 18:00:00+00:00,2025-12-18 17:00:00+00:00
historical_mock_realized,2025-12-18,2025-12-18 18:00:00+00:00,FR,solar,persistence,Persistence,daily_persistence,2208,2025-12-19 05:00:00+00:00,0.0,0.0,,2025-09-17 18:00:00+00:00,2025-12-18 17:00:00+00:00
historical_mock_realized,2025-12-18,2025-12-18 18:00:00+00:00,FR,solar,persistence,Persistence,daily_persistence,2208,2025-12-19 06:00:00+00:00,0.0,0.0,,2025-09-17 18:00:00+00:00,2025-12-18 17:00:00+00:00
historical_mock_realized,2025-12-18,2025-12-18 18:00:00+00:00,FR,solar,persistence,Persistence,daily_persistence,2208,2025-12-19 07:00:00+00:00,391.865,323.5075,,2025-09-17 18:00:00+00:00,2025-12-18 17:00:00+00:00
historical_mock_realized,2025-12-18,2025-12-18 18:00:00+00:00,FR,solar,persistence,Persistence,daily_persistence,2208,2025-12-19 08:00:00+00:00,1667.2625,936.25,,2025-09-17 18:00:00+00:00,2025-12-18 17:00:00+00:00
historical_mock_realized,2025-12-18,2025-12-18 18:00:00+00:00,FR,solar,persistence,Persistence,daily_persistence,2208,2025-12-19 09:00:00+00:00,4348.9975,2087.3775,,2025-09-17 18:00:00+00:00,2025-12-18 17:00:00+00:00
historical_mock_realized,2025-12-18,2025-12-18 18:00:00+00:00,FR,solar,persistence,Persistence,daily_persistence,2208,2025-12-19 10:00:00+00:00,7283.35,2859.6025,,2025-09-17 18:00:00+00:00,2025-12-18 17:00:00+00:00
historical_mock_realized,2025-12-18,2025-12-18 18:00:00+00:00,FR,solar,persistence,Persistence,daily_persistence,2208,2025-12-19 11:00:00+00:00,9095.955,3153.7125,,2025-09-17 18:00:00+00:00,2025-12-18 17:00:00+00:00
historical_mock_realized,2025-12-18,2025-12-18 18:00:00+00:00,FR,solar,persistence,Persistence,daily_persistence,2208,2025-12-19 12:00:00+00:00,8928.215,3406.0775,,2025-09-17 18:00:00+00:00,2025-12-18 17:00:00+00:00
historical_mock_realized,2025-12-18,2025-12-18 18:00:00+00:00,FR,solar,persistence,Persistence,daily_persistence,2208,2025-12-19 13:00:00+00:00,7068.045,2788.1175000000003,,2025-09-17 18:00:00+00:00,2025-12-18 17:00:00+00:00
historical_mock_realized,2025-12-18,2025-12-18 18:00:00+00:00,FR,solar,persistence,Persistence,daily_persistence,2208,2025-12-19 14:00:00+00:00,3841.6525,1704.625,,2025-09-17 18:00:00+00:00,2025-12-18 17:00:00+00:00
historical_mock_realized,2025-12-18,2025-12-18 18:00:00+00:00,FR,solar,persistence,Persistence,daily_persistence,2208,2025-12-19 15:00:00+00:00,1122.54,631.51,,2025-09-17 18:00:00+00:00,2025-12-18 17:00:00+00:00
historical_mock_realized,2025-12-18,2025-12-18 18:00:00+00:00,FR,solar,persistence,Persistence,daily_persistence,2208,2025-12-19 16:00:00+00:00,286.27,249.26,,2025-09-17 18:00:00+00:00,2025-12-18 17:00:00+00:00
historical_mock_realized,2025-12-18,2025-12-18 18:00:00+00:00,FR,solar,persistence,Persistence,daily_persistence,2208,2025-12-19 17:00:00+00:00,253.975,236.5125,,2025-09-17 18:00:00+00:00,2025-12-18 17:00:00+00:00
historical_mock_realized,2025-12-18,2025-12-18 18:00:00+00:00,FR,solar,xgboost_online,XGBoost with covariates,XGBoost_TSOCov,2208,2025-12-18 18:00:00+00:00,57.77022933959961,0.0,,2025-09-17 18:00:00+00:00,2025-12-18 17:00:00+00:00
historical_mock_realized,2025-12-18,2025-12-18 18:00:00+00:00,FR,solar,xgboost_online,XGBoost with covariates,XGBoost_TSOCov,2208,2025-12-18 19:00:00+00:00,57.77022933959961,0.0,,2025-09-17 18:00:00+00:00,2025-12-18 17:00:00+00:00
historical_mock_realized,2025-12-18,2025-12-18 18:00:00+00:00,FR,solar,xgboost_online,XGBoost with covariates,XGBoost_TSOCov,2208,2025-12-18 20:00:00+00:00,57.77022933959961,0.0,,2025-09-17 18:00:00+00:00,2025-12-18 17:00:00+00:00
historical_mock_realized,2025-12-18,2025-12-18 18:00:00+00:00,FR,solar,xgboost_online,XGBoost with covariates,XGBoost_TSOCov,2208,2025-12-18 21:00:00+00:00,57.77022933959961,0.0,,2025-09-17 18:00:00+00:00,2025-12-18 17:00:00+00:00
historical_mock_realized,2025-12-18,2025-12-18 18:00:00+00:00,FR,solar,xgboost_online,XGBoost with covariates,XGBoost_TSOCov,2208,2025-12-18 22:00:00+00:00,57.77022933959961,0.0,,2025-09-17 18:00:00+00:00,2025-12-18 17:00:00+00:00
historical_mock_realized,2025-12-18,2025-12-18 18:00:00+00:00,FR,solar,xgboost_online,XGBoost with covariates,XGBoost_TSOCov,2208,2025-12-18 23:00:00+00:00,57.77022933959961,0.0,,2025-09-17 18:00:00+00:00,2025-12-18 17:00:00+00:00
historical_mock_realized,2025-12-18,2025-12-18 18:00:00+00:00,FR,solar,xgboost_online,XGBoost with covariates,XGBoost_TSOCov,2208,2025-12-19 00:00:00+00:00,57.77022933959961,0.0,,2025-09-17 18:00:00+00:00,2025-12-18 17:00:00+00:00
historical_mock_realized,2025-12-18,2025-12-18 18:00:00+00:00,FR,solar,xgboost_online,XGBoost with covariates,XGBoost_TSOCov,2208,2025-12-19 01:00:00+00:00,57.77022933959961,0.0,,2025-09-17 18:00:00+00:00,2025-12-18 17:00:00+00:00
historical_mock_realized,2025-12-18,2025-12-18 18:00:00+00:00,FR,solar,xgboost_online,XGBoost with covariates,XGBoost_TSOCov,2208,2025-12-19 02:00:00+00:00,57.77022933959961,0.0,,2025-09-17 18:00:00+00:00,2025-12-18 17:00:00+00:00
historical_mock_realized,2025-12-18,2025-12-18 18:00:00+00:00,FR,solar,xgboost_online,XGBoost with covariates,XGBoost_TSOCov,2208,2025-12-19 03:00:00+00:00,57.77022933959961,0.0,,2025-09-17 18:00:00+00:00,2025-12-18 17:00:00+00:00
historical_mock_realized,2025-12-18,2025-12-18 18:00:00+00:00,FR,solar,xgboost_online,XGBoost with covariates,XGBoost_TSOCov,2208,2025-12-19 04:00:00+00:00,57.77022933959961,0.0,,2025-09-17 18:00:00+00:00,2025-12-18 17:00:00+00:00
historical_mock_realized,2025-12-18,2025-12-18 18:00:00+00:00,FR,solar,xgboost_online,XGBoost with covariates,XGBoost_TSOCov,2208,2025-12-19 05:00:00+00:00,57.77022933959961,0.0,,2025-09-17 18:00:00+00:00,2025-12-18 17:00:00+00:00
historical_mock_realized,2025-12-18,2025-12-18 18:00:00+00:00,FR,solar,xgboost_online,XGBoost with covariates,XGBoost_TSOCov,2208,2025-12-19 06:00:00+00:00,57.77022933959961,0.0,,2025-09-17 18:00:00+00:00,2025-12-18 17:00:00+00:00
historical_mock_realized,2025-12-18,2025-12-18 18:00:00+00:00,FR,solar,xgboost_online,XGBoost with covariates,XGBoost_TSOCov,2208,2025-12-19 07:00:00+00:00,426.2798767089844,323.5075,,2025-09-17 18:00:00+00:00,2025-12-18 17:00:00+00:00
historical_mock_realized,2025-12-18,2025-12-18 18:00:00+00:00,FR,solar,xgboost_online,XGBoost with covariates,XGBoost_TSOCov,2208,2025-12-19 08:00:00+00:00,1626.869140625,936.25,,2025-09-17 18:00:00+00:00,2025-12-18 17:00:00+00:00
historical_mock_realized,2025-12-18,2025-12-18 18:00:00+00:00,FR,solar,xgboost_online,XGBoost with covariates,XGBoost_TSOCov,2208,2025-12-19 09:00:00+00:00,3440.56640625,2087.3775,,2025-09-17 18:00:00+00:00,2025-12-18 17:00:00+00:00
historical_mock_realized,2025-12-18,2025-12-18 18:00:00+00:00,FR,solar,xgboost_online,XGBoost with covariates,XGBoost_TSOCov,2208,2025-12-19 10:00:00+00:00,4256.10498046875,2859.6025,,2025-09-17 18:00:00+00:00,2025-12-18 17:00:00+00:00
historical_mock_realized,2025-12-18,2025-12-18 18:00:00+00:00,FR,solar,xgboost_online,XGBoost with covariates,XGBoost_TSOCov,2208,2025-12-19 11:00:00+00:00,4489.04541015625,3153.7125,,2025-09-17 18:00:00+00:00,2025-12-18 17:00:00+00:00
historical_mock_realized,2025-12-18,2025-12-18 18:00:00+00:00,FR,solar,xgboost_online,XGBoost with covariates,XGBoost_TSOCov,2208,2025-12-19 12:00:00+00:00,4529.83251953125,3406.0775,,2025-09-17 18:00:00+00:00,2025-12-18 17:00:00+00:00
historical_mock_realized,2025-12-18,2025-12-18 18:00:00+00:00,FR,solar,xgboost_online,XGBoost with covariates,XGBoost_TSOCov,2208,2025-12-19 13:00:00+00:00,3746.81884765625,2788.1175000000003,,2025-09-17 18:00:00+00:00,2025-12-18 17:00:00+00:00
historical_mock_realized,2025-12-18,2025-12-18 18:00:00+00:00,FR,solar,xgboost_online,XGBoost with covariates,XGBoost_TSOCov,2208,2025-12-19 14:00:00+00:00,2990.418701171875,1704.625,,2025-09-17 18:00:00+00:00,2025-12-18 17:00:00+00:00
historical_mock_realized,2025-12-18,2025-12-18 18:00:00+00:00,FR,solar,xgboost_online,XGBoost with covariates,XGBoost_TSOCov,2208,2025-12-19 15:00:00+00:00,1079.7821044921875,631.51,,2025-09-17 18:00:00+00:00,2025-12-18 17:00:00+00:00
historical_mock_realized,2025-12-18,2025-12-18 18:00:00+00:00,FR,solar,xgboost_online,XGBoost with covariates,XGBoost_TSOCov,2208,2025-12-19 16:00:00+00:00,343.95672607421875,249.26,,2025-09-17 18:00:00+00:00,2025-12-18 17:00:00+00:00
historical_mock_realized,2025-12-18,2025-12-18 18:00:00+00:00,FR,solar,xgboost_online,XGBoost with covariates,XGBoost_TSOCov,2208,2025-12-19 17:00:00+00:00,271.3747253417969,236.5125,,2025-09-17 18:00:00+00:00,2025-12-18 17:00:00+00:00
historical_mock_realized,2025-12-18,2025-12-18 18:00:00+00:00,DE,solar,tso_reference,TSO forecast,tso_forecast,2208,2025-12-18 18:00:00+00:00,0.0,15.865467,,2025-09-17 18:00:00+00:00,2025-12-18 17:00:00+00:00
historical_mock_realized,2025-12-18,2025-12-18 18:00:00+00:00,DE,solar,tso_reference,TSO forecast,tso_forecast,2208,2025-12-18 19:00:00+00:00,0.0,12.856412,,2025-09-17 18:00:00+00:00,2025-12-18 17:00:00+00:00
historical_mock_realized,2025-12-18,2025-12-18 18:00:00+00:00,DE,solar,tso_reference,TSO forecast,tso_forecast,2208,2025-12-18 20:00:00+00:00,0.0,11.716914,,2025-09-17 18:00:00+00:00,2025-12-18 17:00:00+00:00
historical_mock_realized,2025-12-18,2025-12-18 18:00:00+00:00,DE,solar,tso_reference,TSO forecast,tso_forecast,2208,2025-12-18 21:00:00+00:00,0.0,11.173953,,2025-09-17 18:00:00+00:00,2025-12-18 17:00:00+00:00
historical_mock_realized,2025-12-18,2025-12-18 18:00:00+00:00,DE,solar,tso_reference,TSO forecast,tso_forecast,2208,2025-12-18 22:00:00+00:00,0.0,11.107003,,2025-09-17 18:00:00+00:00,2025-12-18 17:00:00+00:00
historical_mock_realized,2025-12-18,2025-12-18 18:00:00+00:00,DE,solar,tso_reference,TSO forecast,tso_forecast,2208,2025-12-18 23:00:00+00:00,0.0,10.752694,,2025-09-17 18:00:00+00:00,2025-12-18 17:00:00+00:00
historical_mock_realized,2025-12-18,2025-12-18 18:00:00+00:00,DE,solar,tso_reference,TSO forecast,tso_forecast,2208,2025-12-19 00:00:00+00:00,0.0,11.059487,,2025-09-17 18:00:00+00:00,2025-12-18 17:00:00+00:00
historical_mock_realized,2025-12-18,2025-12-18 18:00:00+00:00,DE,solar,tso_reference,TSO forecast,tso_forecast,2208,2025-12-19 01:00:00+00:00,0.0,10.450793,,2025-09-17 18:00:00+00:00,2025-12-18 17:00:00+00:00
historical_mock_realized,2025-12-18,2025-12-18 18:00:00+00:00,DE,solar,tso_reference,TSO forecast,tso_forecast,2208,2025-12-19 02:00:00+00:00,0.0,10.915071,,2025-09-17 18:00:00+00:00,2025-12-18 17:00:00+00:00
historical_mock_realized,2025-12-18,2025-12-18 18:00:00+00:00,DE,solar,tso_reference,TSO forecast,tso_forecast,2208,2025-12-19 03:00:00+00:00,0.0,10.417349,,2025-09-17 18:00:00+00:00,2025-12-18 17:00:00+00:00
historical_mock_realized,2025-12-18,2025-12-18 18:00:00+00:00,DE,solar,tso_reference,TSO forecast,tso_forecast,2208,2025-12-19 04:00:00+00:00,0.0,10.255956,,2025-09-17 18:00:00+00:00,2025-12-18 17:00:00+00:00
historical_mock_realized,2025-12-18,2025-12-18 18:00:00+00:00,DE,solar,tso_reference,TSO forecast,tso_forecast,2208,2025-12-19 05:00:00+00:00,0.0,9.591403,,2025-09-17 18:00:00+00:00,2025-12-18 17:00:00+00:00
historical_mock_realized,2025-12-18,2025-12-18 18:00:00+00:00,DE,solar,tso_reference,TSO forecast,tso_forecast,2208,2025-12-19 06:00:00+00:00,0.003,14.8213,,2025-09-17 18:00:00+00:00,2025-12-18 17:00:00+00:00
historical_mock_realized,2025-12-18,2025-12-18 18:00:00+00:00,DE,solar,tso_reference,TSO forecast,tso_forecast,2208,2025-12-19 07:00:00+00:00,751.2326775,663.026785,,2025-09-17 18:00:00+00:00,2025-12-18 17:00:00+00:00
historical_mock_realized,2025-12-18,2025-12-18 18:00:00+00:00,DE,solar,tso_reference,TSO forecast,tso_forecast,2208,2025-12-19 08:00:00+00:00,3880.121435,3356.9235980000003,,2025-09-17 18:00:00+00:00,2025-12-18 17:00:00+00:00
historical_mock_realized,2025-12-18,2025-12-18 18:00:00+00:00,DE,solar,tso_reference,TSO forecast,tso_forecast,2208,2025-12-19 09:00:00+00:00,7211.73083,5680.904635,,2025-09-17 18:00:00+00:00,2025-12-18 17:00:00+00:00
historical_mock_realized,2025-12-18,2025-12-18 18:00:00+00:00,DE,solar,tso_reference,TSO forecast,tso_forecast,2208,2025-12-19 10:00:00+00:00,8937.411055,6771.151725,,2025-09-17 18:00:00+00:00,2025-12-18 17:00:00+00:00
historical_mock_realized,2025-12-18,2025-12-18 18:00:00+00:00,DE,solar,tso_reference,TSO forecast,tso_forecast,2208,2025-12-19 11:00:00+00:00,8795.24355,6280.0786069999995,,2025-09-17 18:00:00+00:00,2025-12-18 17:00:00+00:00
historical_mock_realized,2025-12-18,2025-12-18 18:00:00+00:00,DE,solar,tso_reference,TSO forecast,tso_forecast,2208,2025-12-19 12:00:00+00:00,7065.648555,4708.046121,,2025-09-17 18:00:00+00:00,2025-12-18 17:00:00+00:00
historical_mock_realized,2025-12-18,2025-12-18 18:00:00+00:00,DE,solar,tso_reference,TSO forecast,tso_forecast,2208,2025-12-19 13:00:00+00:00,4275.22574,2659.69887,,2025-09-17 18:00:00+00:00,2025-12-18 17:00:00+00:00
historical_mock_realized,2025-12-18,2025-12-18 18:00:00+00:00,DE,solar,tso_reference,TSO forecast,tso_forecast,2208,2025-12-19 14:00:00+00:00,1366.5947125,715.148987,,2025-09-17 18:00:00+00:00,2025-12-18 17:00:00+00:00
historical_mock_realized,2025-12-18,2025-12-18 18:00:00+00:00,DE,solar,tso_reference,TSO forecast,tso_forecast,2208,2025-12-19 15:00:00+00:00,99.7648725,49.988457,,2025-09-17 18:00:00+00:00,2025-12-18 17:00:00+00:00
historical_mock_realized,2025-12-18,2025-12-18 18:00:00+00:00,DE,solar,tso_reference,TSO forecast,tso_forecast,2208,2025-12-19 16:00:00+00:00,0.0,65.967678,,2025-09-17 18:00:00+00:00,2025-12-18 17:00:00+00:00
historical_mock_realized,2025-12-18,2025-12-18 18:00:00+00:00,DE,solar,tso_reference,TSO forecast,tso_forecast,2208,2025-12-19 17:00:00+00:00,0.0,33.359136,,2025-09-17 18:00:00+00:00,2025-12-18 17:00:00+00:00
historical_mock_realized,2025-12-18,2025-12-18 18:00:00+00:00,DE,solar,persistence,Persistence,daily_persistence,2208,2025-12-18 18:00:00+00:00,13.114651,15.865467,,2025-09-17 18:00:00+00:00,2025-12-18 17:00:00+00:00
historical_mock_realized,2025-12-18,2025-12-18 18:00:00+00:00,DE,solar,persistence,Persistence,daily_persistence,2208,2025-12-18 19:00:00+00:00,8.980189,12.856412,,2025-09-17 18:00:00+00:00,2025-12-18 17:00:00+00:00
historical_mock_realized,2025-12-18,2025-12-18 18:00:00+00:00,DE,solar,persistence,Persistence,daily_persistence,2208,2025-12-18 20:00:00+00:00,6.933854999999999,11.716914,,2025-09-17 18:00:00+00:00,2025-12-18 17:00:00+00:00
historical_mock_realized,2025-12-18,2025-12-18 18:00:00+00:00,DE,solar,persistence,Persistence,daily_persistence,2208,2025-12-18 21:00:00+00:00,5.809117,11.173953,,2025-09-17 18:00:00+00:00,2025-12-18 17:00:00+00:00
historical_mock_realized,2025-12-18,2025-12-18 18:00:00+00:00,DE,solar,persistence,Persistence,daily_persistence,2208,2025-12-18 22:00:00+00:00,6.727454,11.107003,,2025-09-17 18:00:00+00:00,2025-12-18 17:00:00+00:00
historical_mock_realized,2025-12-18,2025-12-18 18:00:00+00:00,DE,solar,persistence,Persistence,daily_persistence,2208,2025-12-18 23:00:00+00:00,6.523968,10.752694,,2025-09-17 18:00:00+00:00,2025-12-18 17:00:00+00:00
historical_mock_realized,2025-12-18,2025-12-18 18:00:00+00:00,DE,solar,persistence,Persistence,daily_persistence,2208,2025-12-19 00:00:00+00:00,7.784941,11.059487,,2025-09-17 18:00:00+00:00,2025-12-18 17:00:00+00:00
historical_mock_realized,2025-12-18,2025-12-18 18:00:00+00:00,DE,solar,persistence,Persistence,daily_persistence,2208,2025-12-19 01:00:00+00:00,8.816677,10.450793,,2025-09-17 18:00:00+00:00,2025-12-18 17:00:00+00:00
historical_mock_realized,2025-12-18,2025-12-18 18:00:00+00:00,DE,solar,persistence,Persistence,daily_persistence,2208,2025-12-19 02:00:00+00:00,8.768324,10.915071,,2025-09-17 18:00:00+00:00,2025-12-18 17:00:00+00:00
historical_mock_realized,2025-12-18,2025-12-18 18:00:00+00:00,DE,solar,persistence,Persistence,daily_persistence,2208,2025-12-19 03:00:00+00:00,9.36989,10.417349,,2025-09-17 18:00:00+00:00,2025-12-18 17:00:00+00:00
historical_mock_realized,2025-12-18,2025-12-18 18:00:00+00:00,DE,solar,persistence,Persistence,daily_persistence,2208,2025-12-19 04:00:00+00:00,8.650357,10.255956,,2025-09-17 18:00:00+00:00,2025-12-18 17:00:00+00:00
historical_mock_realized,2025-12-18,2025-12-18 18:00:00+00:00,DE,solar,persistence,Persistence,daily_persistence,2208,2025-12-19 05:00:00+00:00,9.515202,9.591403,,2025-09-17 18:00:00+00:00,2025-12-18 17:00:00+00:00
historical_mock_realized,2025-12-18,2025-12-18 18:00:00+00:00,DE,solar,persistence,Persistence,daily_persistence,2208,2025-12-19 06:00:00+00:00,16.259474,14.8213,,2025-09-17 18:00:00+00:00,2025-12-18 17:00:00+00:00
historical_mock_realized,2025-12-18,2025-12-18 18:00:00+00:00,DE,solar,persistence,Persistence,daily_persistence,2208,2025-12-19 07:00:00+00:00,893.551522,663.026785,,2025-09-17 18:00:00+00:00,2025-12-18 17:00:00+00:00
historical_mock_realized,2025-12-18,2025-12-18 18:00:00+00:00,DE,solar,persistence,Persistence,daily_persistence,2208,2025-12-19 08:00:00+00:00,5443.349453,3356.9235980000003,,2025-09-17 18:00:00+00:00,2025-12-18 17:00:00+00:00
historical_mock_realized,2025-12-18,2025-12-18 18:00:00+00:00,DE,solar,persistence,Persistence,daily_persistence,2208,2025-12-19 09:00:00+00:00,10709.027104,5680.904635,,2025-09-17 18:00:00+00:00,2025-12-18 17:00:00+00:00
historical_mock_realized,2025-12-18,2025-12-18 18:00:00+00:00,DE,solar,persistence,Persistence,daily_persistence,2208,2025-12-19 10:00:00+00:00,14727.541612,6771.151725,,2025-09-17 18:00:00+00:00,2025-12-18 17:00:00+00:00
historical_mock_realized,2025-12-18,2025-12-18 18:00:00+00:00,DE,solar,persistence,Persistence,daily_persistence,2208,2025-12-19 11:00:00+00:00,16000.198458,6280.0786069999995,,2025-09-17 18:00:00+00:00,2025-12-18 17:00:00+00:00
historical_mock_realized,2025-12-18,2025-12-18 18:00:00+00:00,DE,solar,persistence,Persistence,daily_persistence,2208,2025-12-19 12:00:00+00:00,13855.816759,4708.046121,,2025-09-17 18:00:00+00:00,2025-12-18 17:00:00+00:00
historical_mock_realized,2025-12-18,2025-12-18 18:00:00+00:00,DE,solar,persistence,Persistence,daily_persistence,2208,2025-12-19 13:00:00+00:00,8836.398122999999,2659.69887,,2025-09-17 18:00:00+00:00,2025-12-18 17:00:00+00:00
historical_mock_realized,2025-12-18,2025-12-18 18:00:00+00:00,DE,solar,persistence,Persistence,daily_persistence,2208,2025-12-19 14:00:00+00:00,2803.353776,715.148987,,2025-09-17 18:00:00+00:00,2025-12-18 17:00:00+00:00
historical_mock_realized,2025-12-18,2025-12-18 18:00:00+00:00,DE,solar,persistence,Persistence,daily_persistence,2208,2025-12-19 15:00:00+00:00,131.055806,49.988457,,2025-09-17 18:00:00+00:00,2025-12-18 17:00:00+00:00
historical_mock_realized,2025-12-18,2025-12-18 18:00:00+00:00,DE,solar,persistence,Persistence,daily_persistence,2208,2025-12-19 16:00:00+00:00,33.397804,65.967678,,2025-09-17 18:00:00+00:00,2025-12-18 17:00:00+00:00
historical_mock_realized,2025-12-18,2025-12-18 18:00:00+00:00,DE,solar,persistence,Persistence,daily_persistence,2208,2025-12-19 17:00:00+00:00,21.025070999999997,33.359136,,2025-09-17 18:00:00+00:00,2025-12-18 17:00:00+00:00
historical_mock_realized,2025-12-18,2025-12-18 18:00:00+00:00,DE,solar,xgboost_online,XGBoost with covariates,XGBoost_Weather_TSOCov,2208,2025-12-18 18:00:00+00:00,125.63237762451172,15.865467,,2025-09-17 18:00:00+00:00,2025-12-18 17:00:00+00:00
historical_mock_realized,2025-12-18,2025-12-18 18:00:00+00:00,DE,solar,xgboost_online,XGBoost with covariates,XGBoost_Weather_TSOCov,2208,2025-12-18 19:00:00+00:00,125.63237762451172,12.856412,,2025-09-17 18:00:00+00:00,2025-12-18 17:00:00+00:00
historical_mock_realized,2025-12-18,2025-12-18 18:00:00+00:00,DE,solar,xgboost_online,XGBoost with covariates,XGBoost_Weather_TSOCov,2208,2025-12-18 20:00:00+00:00,125.63237762451172,11.716914,,2025-09-17 18:00:00+00:00,2025-12-18 17:00:00+00:00
historical_mock_realized,2025-12-18,2025-12-18 18:00:00+00:00,DE,solar,xgboost_online,XGBoost with covariates,XGBoost_Weather_TSOCov,2208,2025-12-18 21:00:00+00:00,125.63237762451172,11.173953,,2025-09-17 18:00:00+00:00,2025-12-18 17:00:00+00:00
historical_mock_realized,2025-12-18,2025-12-18 18:00:00+00:00,DE,solar,xgboost_online,XGBoost with covariates,XGBoost_Weather_TSOCov,2208,2025-12-18 22:00:00+00:00,125.63237762451172,11.107003,,2025-09-17 18:00:00+00:00,2025-12-18 17:00:00+00:00
historical_mock_realized,2025-12-18,2025-12-18 18:00:00+00:00,DE,solar,xgboost_online,XGBoost with covariates,XGBoost_Weather_TSOCov,2208,2025-12-18 23:00:00+00:00,125.63237762451172,10.752694,,2025-09-17 18:00:00+00:00,2025-12-18 17:00:00+00:00
historical_mock_realized,2025-12-18,2025-12-18 18:00:00+00:00,DE,solar,xgboost_online,XGBoost with covariates,XGBoost_Weather_TSOCov,2208,2025-12-19 00:00:00+00:00,125.63237762451172,11.059487,,2025-09-17 18:00:00+00:00,2025-12-18 17:00:00+00:00
historical_mock_realized,2025-12-18,2025-12-18 18:00:00+00:00,DE,solar,xgboost_online,XGBoost with covariates,XGBoost_Weather_TSOCov,2208,2025-12-19 01:00:00+00:00,125.63237762451172,10.450793,,2025-09-17 18:00:00+00:00,2025-12-18 17:00:00+00:00
historical_mock_realized,2025-12-18,2025-12-18 18:00:00+00:00,DE,solar,xgboost_online,XGBoost with covariates,XGBoost_Weather_TSOCov,2208,2025-12-19 02:00:00+00:00,125.63237762451172,10.915071,,2025-09-17 18:00:00+00:00,2025-12-18 17:00:00+00:00
historical_mock_realized,2025-12-18,2025-12-18 18:00:00+00:00,DE,solar,xgboost_online,XGBoost with covariates,XGBoost_Weather_TSOCov,2208,2025-12-19 03:00:00+00:00,125.63237762451172,10.417349,,2025-09-17 18:00:00+00:00,2025-12-18 17:00:00+00:00
historical_mock_realized,2025-12-18,2025-12-18 18:00:00+00:00,DE,solar,xgboost_online,XGBoost with covariates,XGBoost_Weather_TSOCov,2208,2025-12-19 04:00:00+00:00,125.63237762451172,10.255956,,2025-09-17 18:00:00+00:00,2025-12-18 17:00:00+00:00
historical_mock_realized,2025-12-18,2025-12-18 18:00:00+00:00,DE,solar,xgboost_online,XGBoost with covariates,XGBoost_Weather_TSOCov,2208,2025-12-19 05:00:00+00:00,125.63237762451172,9.591403,,2025-09-17 18:00:00+00:00,2025-12-18 17:00:00+00:00
historical_mock_realized,2025-12-18,2025-12-18 18:00:00+00:00,DE,solar,xgboost_online,XGBoost with covariates,XGBoost_Weather_TSOCov,2208,2025-12-19 06:00:00+00:00,125.63237762451172,14.8213,,2025-09-17 18:00:00+00:00,2025-12-18 17:00:00+00:00
historical_mock_realized,2025-12-18,2025-12-18 18:00:00+00:00,DE,solar,xgboost_online,XGBoost with covariates,XGBoost_Weather_TSOCov,2208,2025-12-19 07:00:00+00:00,645.4309692382812,663.026785,,2025-09-17 18:00:00+00:00,2025-12-18 17:00:00+00:00
historical_mock_realized,2025-12-18,2025-12-18 18:00:00+00:00,DE,solar,xgboost_online,XGBoost with covariates,XGBoost_Weather_TSOCov,2208,2025-12-19 08:00:00+00:00,3890.841552734375,3356.9235980000003,,2025-09-17 18:00:00+00:00,2025-12-18 17:00:00+00:00
historical_mock_realized,2025-12-18,2025-12-18 18:00:00+00:00,DE,solar,xgboost_online,XGBoost with covariates,XGBoost_Weather_TSOCov,2208,2025-12-19 09:00:00+00:00,7454.6845703125,5680.904635,,2025-09-17 18:00:00+00:00,2025-12-18 17:00:00+00:00
historical_mock_realized,2025-12-18,2025-12-18 18:00:00+00:00,DE,solar,xgboost_online,XGBoost with covariates,XGBoost_Weather_TSOCov,2208,2025-12-19 10:00:00+00:00,9375.724609375,6771.151725,,2025-09-17 18:00:00+00:00,2025-12-18 17:00:00+00:00
historical_mock_realized,2025-12-18,2025-12-18 18:00:00+00:00,DE,solar,xgboost_online,XGBoost with covariates,XGBoost_Weather_TSOCov,2208,2025-12-19 11:00:00+00:00,9375.724609375,6280.0786069999995,,2025-09-17 18:00:00+00:00,2025-12-18 17:00:00+00:00
historical_mock_realized,2025-12-18,2025-12-18 18:00:00+00:00,DE,solar,xgboost_online,XGBoost with covariates,XGBoost_Weather_TSOCov,2208,2025-12-19 12:00:00+00:00,7612.36279296875,4708.046121,,2025-09-17 18:00:00+00:00,2025-12-18 17:00:00+00:00
historical_mock_realized,2025-12-18,2025-12-18 18:00:00+00:00,DE,solar,xgboost_online,XGBoost with covariates,XGBoost_Weather_TSOCov,2208,2025-12-19 13:00:00+00:00,4203.765625,2659.69887,,2025-09-17 18:00:00+00:00,2025-12-18 17:00:00+00:00
historical_mock_realized,2025-12-18,2025-12-18 18:00:00+00:00,DE,solar,xgboost_online,XGBoost with covariates,XGBoost_Weather_TSOCov,2208,2025-12-19 14:00:00+00:00,1530.10400390625,715.148987,,2025-09-17 18:00:00+00:00,2025-12-18 17:00:00+00:00
historical_mock_realized,2025-12-18,2025-12-18 18:00:00+00:00,DE,solar,xgboost_online,XGBoost with covariates,XGBoost_Weather_TSOCov,2208,2025-12-19 15:00:00+00:00,169.9434814453125,49.988457,,2025-09-17 18:00:00+00:00,2025-12-18 17:00:00+00:00
historical_mock_realized,2025-12-18,2025-12-18 18:00:00+00:00,DE,solar,xgboost_online,XGBoost with covariates,XGBoost_Weather_TSOCov,2208,2025-12-19 16:00:00+00:00,125.63237762451172,65.967678,,2025-09-17 18:00:00+00:00,2025-12-18 17:00:00+00:00
historical_mock_realized,2025-12-18,2025-12-18 18:00:00+00:00,DE,solar,xgboost_online,XGBoost with covariates,XGBoost_Weather_TSOCov,2208,2025-12-19 17:00:00+00:00,125.63237762451172,33.359136,,2025-09-17 18:00:00+00:00,2025-12-18 17:00:00+00:00
historical_mock_realized,2025-12-18,2025-12-18 17:00:00+00:00,BE,wind_onshore,tso_reference,TSO forecast,tso_forecast,2208,2025-12-18 18:00:00+00:00,2839.15,2724.315755,,2025-09-17 17:00:00+00:00,2025-12-18 16:00:00+00:00
historical_mock_realized,2025-12-18,2025-12-18 17:00:00+00:00,BE,wind_onshore,tso_reference,TSO forecast,tso_forecast,2208,2025-12-18 19:00:00+00:00,2887.925,2700.664882,,2025-09-17 17:00:00+00:00,2025-12-18 16:00:00+00:00
historical_mock_realized,2025-12-18,2025-12-18 17:00:00+00:00,BE,wind_onshore,tso_reference,TSO forecast,tso_forecast,2208,2025-12-18 20:00:00+00:00,2911.475,2695.886439,,2025-09-17 17:00:00+00:00,2025-12-18 16:00:00+00:00
historical_mock_realized,2025-12-18,2025-12-18 17:00:00+00:00,BE,wind_onshore,tso_reference,TSO forecast,tso_forecast,2208,2025-12-18 21:00:00+00:00,2906.525,2660.901398,,2025-09-17 17:00:00+00:00,2025-12-18 16:00:00+00:00
historical_mock_realized,2025-12-18,2025-12-18 17:00:00+00:00,BE,wind_onshore,tso_reference,TSO forecast,tso_forecast,2208,2025-12-18 22:00:00+00:00,2821.5,2621.691896,,2025-09-17 17:00:00+00:00,2025-12-18 16:00:00+00:00
historical_mock_realized,2025-12-18,2025-12-18 17:00:00+00:00,BE,wind_onshore,tso_reference,TSO forecast,tso_forecast,2208,2025-12-18 23:00:00+00:00,2695.4,2497.468305,,2025-09-17 17:00:00+00:00,2025-12-18 16:00:00+00:00
historical_mock_realized,2025-12-18,2025-12-18 17:00:00+00:00,BE,wind_onshore,tso_reference,TSO forecast,tso_forecast,2208,2025-12-19 00:00:00+00:00,2711.8,2307.652712,,2025-09-17 17:00:00+00:00,2025-12-18 16:00:00+00:00
historical_mock_realized,2025-12-18,2025-12-18 17:00:00+00:00,BE,wind_onshore,tso_reference,TSO forecast,tso_forecast,2208,2025-12-19 01:00:00+00:00,2529.25,2183.906177,,2025-09-17 17:00:00+00:00,2025-12-18 16:00:00+00:00
historical_mock_realized,2025-12-18,2025-12-18 17:00:00+00:00,BE,wind_onshore,tso_reference,TSO forecast,tso_forecast,2208,2025-12-19 02:00:00+00:00,2347.8,2112.272015,,2025-09-17 17:00:00+00:00,2025-12-18 16:00:00+00:00
historical_mock_realized,2025-12-18,2025-12-18 17:00:00+00:00,BE,wind_onshore,tso_reference,TSO forecast,tso_forecast,2208,2025-12-19 03:00:00+00:00,2204.175,2020.442412,,2025-09-17 17:00:00+00:00,2025-12-18 16:00:00+00:00
historical_mock_realized,2025-12-18,2025-12-18 17:00:00+00:00,BE,wind_onshore,tso_reference,TSO forecast,tso_forecast,2208,2025-12-19 04:00:00+00:00,2061.025,1946.649061,,2025-09-17 17:00:00+00:00,2025-12-18 16:00:00+00:00
historical_mock_realized,2025-12-18,2025-12-18 17:00:00+00:00,BE,wind_onshore,tso_reference,TSO forecast,tso_forecast,2208,2025-12-19 05:00:00+00:00,1867.325,1806.664113,,2025-09-17 17:00:00+00:00,2025-12-18 16:00:00+00:00
historical_mock_realized,2025-12-18,2025-12-18 17:00:00+00:00,BE,wind_onshore,tso_reference,TSO forecast,tso_forecast,2208,2025-12-19 06:00:00+00:00,1609.475,1533.672105,,2025-09-17 17:00:00+00:00,2025-12-18 16:00:00+00:00
historical_mock_realized,2025-12-18,2025-12-18 17:00:00+00:00,BE,wind_onshore,tso_reference,TSO forecast,tso_forecast,2208,2025-12-19 07:00:00+00:00,1346.75,1256.981834,,2025-09-17 17:00:00+00:00,2025-12-18 16:00:00+00:00
historical_mock_realized,2025-12-18,2025-12-18 17:00:00+00:00,BE,wind_onshore,tso_reference,TSO forecast,tso_forecast,2208,2025-12-19 08:00:00+00:00,1103.45,963.242282,,2025-09-17 17:00:00+00:00,2025-12-18 16:00:00+00:00
historical_mock_realized,2025-12-18,2025-12-18 17:00:00+00:00,BE,wind_onshore,tso_reference,TSO forecast,tso_forecast,2208,2025-12-19 09:00:00+00:00,889.5,781.097895,,2025-09-17 17:00:00+00:00,2025-12-18 16:00:00+00:00
historical_mock_realized,2025-12-18,2025-12-18 17:00:00+00:00,BE,wind_onshore,tso_reference,TSO forecast,tso_forecast,2208,2025-12-19 10:00:00+00:00,719.95,576.410648,,2025-09-17 17:00:00+00:00,2025-12-18 16:00:00+00:00
historical_mock_realized,2025-12-18,2025-12-18 17:00:00+00:00,BE,wind_onshore,tso_reference,TSO forecast,tso_forecast,2208,2025-12-19 11:00:00+00:00,585.7,451.534801,,2025-09-17 17:00:00+00:00,2025-12-18 16:00:00+00:00
historical_mock_realized,2025-12-18,2025-12-18 17:00:00+00:00,BE,wind_onshore,tso_reference,TSO forecast,tso_forecast,2208,2025-12-19 12:00:00+00:00,469.6,387.269046,,2025-09-17 17:00:00+00:00,2025-12-18 16:00:00+00:00
historical_mock_realized,2025-12-18,2025-12-18 17:00:00+00:00,BE,wind_onshore,tso_reference,TSO forecast,tso_forecast,2208,2025-12-19 13:00:00+00:00,367.475,351.322045,,2025-09-17 17:00:00+00:00,2025-12-18 16:00:00+00:00
historical_mock_realized,2025-12-18,2025-12-18 17:00:00+00:00,BE,wind_onshore,tso_reference,TSO forecast,tso_forecast,2208,2025-12-19 14:00:00+00:00,299.475,286.60046,,2025-09-17 17:00:00+00:00,2025-12-18 16:00:00+00:00
historical_mock_realized,2025-12-18,2025-12-18 17:00:00+00:00,BE,wind_onshore,tso_reference,TSO forecast,tso_forecast,2208,2025-12-19 15:00:00+00:00,259.65,249.469504,,2025-09-17 17:00:00+00:00,2025-12-18 16:00:00+00:00
historical_mock_realized,2025-12-18,2025-12-18 17:00:00+00:00,BE,wind_onshore,tso_reference,TSO forecast,tso_forecast,2208,2025-12-19 16:00:00+00:00,246.975,317.425569,,2025-09-17 17:00:00+00:00,2025-12-18 16:00:00+00:00
historical_mock_realized,2025-12-18,2025-12-18 17:00:00+00:00,BE,wind_onshore,tso_reference,TSO forecast,tso_forecast,2208,2025-12-19 17:00:00+00:00,275.025,476.118957,,2025-09-17 17:00:00+00:00,2025-12-18 16:00:00+00:00
historical_mock_realized,2025-12-18,2025-12-18 17:00:00+00:00,FR,wind_onshore,tso_reference,TSO forecast,tso_forecast,2208,2025-12-18 18:00:00+00:00,18966.76172,17307.8075,,2025-09-17 17:00:00+00:00,2025-12-18 16:00:00+00:00
historical_mock_realized,2025-12-18,2025-12-18 17:00:00+00:00,FR,wind_onshore,tso_reference,TSO forecast,tso_forecast,2208,2025-12-18 19:00:00+00:00,18630.42578,17200.0875,,2025-09-17 17:00:00+00:00,2025-12-18 16:00:00+00:00
historical_mock_realized,2025-12-18,2025-12-18 17:00:00+00:00,FR,wind_onshore,tso_reference,TSO forecast,tso_forecast,2208,2025-12-18 20:00:00+00:00,17894.32227,16726.335,,2025-09-17 17:00:00+00:00,2025-12-18 16:00:00+00:00
historical_mock_realized,2025-12-18,2025-12-18 17:00:00+00:00,FR,wind_onshore,tso_reference,TSO forecast,tso_forecast,2208,2025-12-18 21:00:00+00:00,16912.54297,16009.8475,,2025-09-17 17:00:00+00:00,2025-12-18 16:00:00+00:00
historical_mock_realized,2025-12-18,2025-12-18 17:00:00+00:00,FR,wind_onshore,tso_reference,TSO forecast,tso_forecast,2208,2025-12-18 22:00:00+00:00,16022.58789,14945.8175,,2025-09-17 17:00:00+00:00,2025-12-18 16:00:00+00:00
historical_mock_realized,2025-12-18,2025-12-18 17:00:00+00:00,FR,wind_onshore,tso_reference,TSO forecast,tso_forecast,2208,2025-12-18 23:00:00+00:00,15077.17676,14207.1225,,2025-09-17 17:00:00+00:00,2025-12-18 16:00:00+00:00
historical_mock_realized,2025-12-18,2025-12-18 17:00:00+00:00,FR,wind_onshore,tso_reference,TSO forecast,tso_forecast,2208,2025-12-19 00:00:00+00:00,14801.19238,13617.8725,,2025-09-17 17:00:00+00:00,2025-12-18 16:00:00+00:00
historical_mock_realized,2025-12-18,2025-12-18 17:00:00+00:00,FR,wind_onshore,tso_reference,TSO forecast,tso_forecast,2208,2025-12-19 01:00:00+00:00,13582.94727,13124.065,,2025-09-17 17:00:00+00:00,2025-12-18 16:00:00+00:00
historical_mock_realized,2025-12-18,2025-12-18 17:00:00+00:00,FR,wind_onshore,tso_reference,TSO forecast,tso_forecast,2208,2025-12-19 02:00:00+00:00,12652.67285,12310.7,,2025-09-17 17:00:00+00:00,2025-12-18 16:00:00+00:00
historical_mock_realized,2025-12-18,2025-12-18 17:00:00+00:00,FR,wind_onshore,tso_reference,TSO forecast,tso_forecast,2208,2025-12-19 03:00:00+00:00,11707.52246,11412.6125,,2025-09-17 17:00:00+00:00,2025-12-18 16:00:00+00:00
historical_mock_realized,2025-12-18,2025-12-18 17:00:00+00:00,FR,wind_onshore,tso_reference,TSO forecast,tso_forecast,2208,2025-12-19 04:00:00+00:00,10668.61719,10454.875,,2025-09-17 17:00:00+00:00,2025-12-18 16:00:00+00:00
historical_mock_realized,2025-12-18,2025-12-18 17:00:00+00:00,FR,wind_onshore,tso_reference,TSO forecast,tso_forecast,2208,2025-12-19 05:00:00+00:00,9416.83496,9300.13,,2025-09-17 17:00:00+00:00,2025-12-18 16:00:00+00:00
historical_mock_realized,2025-12-18,2025-12-18 17:00:00+00:00,FR,wind_onshore,tso_reference,TSO forecast,tso_forecast,2208,2025-12-19 06:00:00+00:00,8288.15918,7824.195,,2025-09-17 17:00:00+00:00,2025-12-18 16:00:00+00:00
historical_mock_realized,2025-12-18,2025-12-18 17:00:00+00:00,FR,wind_onshore,tso_reference,TSO forecast,tso_forecast,2208,2025-12-19 07:00:00+00:00,7397.12402,6709.8175,,2025-09-17 17:00:00+00:00,2025-12-18 16:00:00+00:00
historical_mock_realized,2025-12-18,2025-12-18 17:00:00+00:00,FR,wind_onshore,tso_reference,TSO forecast,tso_forecast,2208,2025-12-19 08:00:00+00:00,6471.08105,5655.43,,2025-09-17 17:00:00+00:00,2025-12-18 16:00:00+00:00
historical_mock_realized,2025-12-18,2025-12-18 17:00:00+00:00,FR,wind_onshore,tso_reference,TSO forecast,tso_forecast,2208,2025-12-19 09:00:00+00:00,5405.13623,4472.53,,2025-09-17 17:00:00+00:00,2025-12-18 16:00:00+00:00
historical_mock_realized,2025-12-18,2025-12-18 17:00:00+00:00,FR,wind_onshore,tso_reference,TSO forecast,tso_forecast,2208,2025-12-19 10:00:00+00:00,4465.0625,3637.8075,,2025-09-17 17:00:00+00:00,2025-12-18 16:00:00+00:00
historical_mock_realized,2025-12-18,2025-12-18 17:00:00+00:00,FR,wind_onshore,tso_reference,TSO forecast,tso_forecast,2208,2025-12-19 11:00:00+00:00,3813.85132,2781.2,,2025-09-17 17:00:00+00:00,2025-12-18 16:00:00+00:00
historical_mock_realized,2025-12-18,2025-12-18 17:00:00+00:00,FR,wind_onshore,tso_reference,TSO forecast,tso_forecast,2208,2025-12-19 12:00:00+00:00,3320.53247,2185.5725,,2025-09-17 17:00:00+00:00,2025-12-18 16:00:00+00:00
historical_mock_realized,2025-12-18,2025-12-18 17:00:00+00:00,FR,wind_onshore,tso_reference,TSO forecast,tso_forecast,2208,2025-12-19 13:00:00+00:00,2833.10132,1875.815,,2025-09-17 17:00:00+00:00,2025-12-18 16:00:00+00:00
historical_mock_realized,2025-12-18,2025-12-18 17:00:00+00:00,FR,wind_onshore,tso_reference,TSO forecast,tso_forecast,2208,2025-12-19 14:00:00+00:00,2409.85864,1564.09,,2025-09-17 17:00:00+00:00,2025-12-18 16:00:00+00:00
historical_mock_realized,2025-12-18,2025-12-18 17:00:00+00:00,FR,wind_onshore,tso_reference,TSO forecast,tso_forecast,2208,2025-12-19 15:00:00+00:00,2174.31494,1343.5075,,2025-09-17 17:00:00+00:00,2025-12-18 16:00:00+00:00
historical_mock_realized,2025-12-18,2025-12-18 17:00:00+00:00,FR,wind_onshore,tso_reference,TSO forecast,tso_forecast,2208,2025-12-19 16:00:00+00:00,1984.30249,1178.3325,,2025-09-17 17:00:00+00:00,2025-12-18 16:00:00+00:00
historical_mock_realized,2025-12-18,2025-12-18 17:00:00+00:00,FR,wind_onshore,tso_reference,TSO forecast,tso_forecast,2208,2025-12-19 17:00:00+00:00,1863.6925,1152.7050000000002,,2025-09-17 17:00:00+00:00,2025-12-18 16:00:00+00:00
historical_mock_realized,2025-12-18,2025-12-18 17:00:00+00:00,DE,wind_onshore,tso_reference,TSO forecast,tso_forecast,2208,2025-12-18 18:00:00+00:00,30605.3039175,33091.807531,,2025-09-17 17:00:00+00:00,2025-12-18 16:00:00+00:00
historical_mock_realized,2025-12-18,2025-12-18 17:00:00+00:00,DE,wind_onshore,tso_reference,TSO forecast,tso_forecast,2208,2025-12-18 19:00:00+00:00,33264.400015,35857.527597,,2025-09-17 17:00:00+00:00,2025-12-18 16:00:00+00:00
historical_mock_realized,2025-12-18,2025-12-18 17:00:00+00:00,DE,wind_onshore,tso_reference,TSO forecast,tso_forecast,2208,2025-12-18 20:00:00+00:00,35464.662767500005,37726.587938,,2025-09-17 17:00:00+00:00,2025-12-18 16:00:00+00:00
historical_mock_realized,2025-12-18,2025-12-18 17:00:00+00:00,DE,wind_onshore,tso_reference,TSO forecast,tso_forecast,2208,2025-12-18 21:00:00+00:00,36635.5772225,37511.845504,,2025-09-17 17:00:00+00:00,2025-12-18 16:00:00+00:00
historical_mock_realized,2025-12-18,2025-12-18 17:00:00+00:00,DE,wind_onshore,tso_reference,TSO forecast,tso_forecast,2208,2025-12-18 22:00:00+00:00,36349.172285,35228.510975,,2025-09-17 17:00:00+00:00,2025-12-18 16:00:00+00:00
historical_mock_realized,2025-12-18,2025-12-18 17:00:00+00:00,DE,wind_onshore,tso_reference,TSO forecast,tso_forecast,2208,2025-12-18 23:00:00+00:00,36542.834585,35279.292545000004,,2025-09-17 17:00:00+00:00,2025-12-18 16:00:00+00:00
historical_mock_realized,2025-12-18,2025-12-18 17:00:00+00:00,DE,wind_onshore,tso_reference,TSO forecast,tso_forecast,2208,2025-12-19 00:00:00+00:00,36170.5685675,35098.824259,,2025-09-17 17:00:00+00:00,2025-12-18 16:00:00+00:00
historical_mock_realized,2025-12-18,2025-12-18 17:00:00+00:00,DE,wind_onshore,tso_reference,TSO forecast,tso_forecast,2208,2025-12-19 01:00:00+00:00,35830.603085,35246.371171,,2025-09-17 17:00:00+00:00,2025-12-18 16:00:00+00:00
historical_mock_realized,2025-12-18,2025-12-18 17:00:00+00:00,DE,wind_onshore,tso_reference,TSO forecast,tso_forecast,2208,2025-12-19 02:00:00+00:00,35547.9343,34820.422187000004,,2025-09-17 17:00:00+00:00,2025-12-18 16:00:00+00:00
historical_mock_realized,2025-12-18,2025-12-18 17:00:00+00:00,DE,wind_onshore,tso_reference,TSO forecast,tso_forecast,2208,2025-12-19 03:00:00+00:00,34998.749742500004,33978.324649,,2025-09-17 17:00:00+00:00,2025-12-18 16:00:00+00:00
historical_mock_realized,2025-12-18,2025-12-18 17:00:00+00:00,DE,wind_onshore,tso_reference,TSO forecast,tso_forecast,2208,2025-12-19 04:00:00+00:00,34134.398049999996,33347.604284,,2025-09-17 17:00:00+00:00,2025-12-18 16:00:00+00:00
historical_mock_realized,2025-12-18,2025-12-18 17:00:00+00:00,DE,wind_onshore,tso_reference,TSO forecast,tso_forecast,2208,2025-12-19 05:00:00+00:00,33122.387155000004,32693.164138,,2025-09-17 17:00:00+00:00,2025-12-18 16:00:00+00:00
historical_mock_realized,2025-12-18,2025-12-18 17:00:00+00:00,DE,wind_onshore,tso_reference,TSO forecast,tso_forecast,2208,2025-12-19 06:00:00+00:00,32683.6075175,32568.811638,,2025-09-17 17:00:00+00:00,2025-12-18 16:00:00+00:00
historical_mock_realized,2025-12-18,2025-12-18 17:00:00+00:00,DE,wind_onshore,tso_reference,TSO forecast,tso_forecast,2208,2025-12-19 07:00:00+00:00,31242.801615,30747.154719,,2025-09-17 17:00:00+00:00,2025-12-18 16:00:00+00:00
historical_mock_realized,2025-12-18,2025-12-18 17:00:00+00:00,DE,wind_onshore,tso_reference,TSO forecast,tso_forecast,2208,2025-12-19 08:00:00+00:00,29985.84002,29108.776973,,2025-09-17 17:00:00+00:00,2025-12-18 16:00:00+00:00
historical_mock_realized,2025-12-18,2025-12-18 17:00:00+00:00,DE,wind_onshore,tso_reference,TSO forecast,tso_forecast,2208,2025-12-19 09:00:00+00:00,28500.1229775,27538.832909999997,,2025-09-17 17:00:00+00:00,2025-12-18 16:00:00+00:00
historical_mock_realized,2025-12-18,2025-12-18 17:00:00+00:00,DE,wind_onshore,tso_reference,TSO forecast,tso_forecast,2208,2025-12-19 10:00:00+00:00,26409.8661525,25600.824229,,2025-09-17 17:00:00+00:00,2025-12-18 16:00:00+00:00
historical_mock_realized,2025-12-18,2025-12-18 17:00:00+00:00,DE,wind_onshore,tso_reference,TSO forecast,tso_forecast,2208,2025-12-19 11:00:00+00:00,23786.0183025,23217.750586,,2025-09-17 17:00:00+00:00,2025-12-18 16:00:00+00:00
historical_mock_realized,2025-12-18,2025-12-18 17:00:00+00:00,DE,wind_onshore,tso_reference,TSO forecast,tso_forecast,2208,2025-12-19 12:00:00+00:00,20780.9857675,21637.694911,,2025-09-17 17:00:00+00:00,2025-12-18 16:00:00+00:00
historical_mock_realized,2025-12-18,2025-12-18 17:00:00+00:00,DE,wind_onshore,tso_reference,TSO forecast,tso_forecast,2208,2025-12-19 13:00:00+00:00,18275.797025,19537.503901,,2025-09-17 17:00:00+00:00,2025-12-18 16:00:00+00:00
historical_mock_realized,2025-12-18,2025-12-18 17:00:00+00:00,DE,wind_onshore,tso_reference,TSO forecast,tso_forecast,2208,2025-12-19 14:00:00+00:00,16448.76542,17787.44066,,2025-09-17 17:00:00+00:00,2025-12-18 16:00:00+00:00
historical_mock_realized,2025-12-18,2025-12-18 17:00:00+00:00,DE,wind_onshore,tso_reference,TSO forecast,tso_forecast,2208,2025-12-19 15:00:00+00:00,15396.8150325,16722.626069,,2025-09-17 17:00:00+00:00,2025-12-18 16:00:00+00:00
historical_mock_realized,2025-12-18,2025-12-18 17:00:00+00:00,DE,wind_onshore,tso_reference,TSO forecast,tso_forecast,2208,2025-12-19 16:00:00+00:00,15050.97436,15950.126191,,2025-09-17 17:00:00+00:00,2025-12-18 16:00:00+00:00
historical_mock_realized,2025-12-18,2025-12-18 17:00:00+00:00,DE,wind_onshore,tso_reference,TSO forecast,tso_forecast,2208,2025-12-19 17:00:00+00:00,14941.5747625,15946.72336,,2025-09-17 17:00:00+00:00,2025-12-18 16:00:00+00:00
historical_mock_realized,2025-12-18,2025-12-18 17:00:00+00:00,BE,wind_onshore,persistence,Persistence,daily_persistence,2208,2025-12-18 18:00:00+00:00,891.374217,2724.315755,,2025-09-17 17:00:00+00:00,2025-12-18 16:00:00+00:00
historical_mock_realized,2025-12-18,2025-12-18 17:00:00+00:00,BE,wind_onshore,persistence,Persistence,daily_persistence,2208,2025-12-18 19:00:00+00:00,1141.930238,2700.664882,,2025-09-17 17:00:00+00:00,2025-12-18 16:00:00+00:00
historical_mock_realized,2025-12-18,2025-12-18 17:00:00+00:00,BE,wind_onshore,persistence,Persistence,daily_persistence,2208,2025-12-18 20:00:00+00:00,1264.147081,2695.886439,,2025-09-17 17:00:00+00:00,2025-12-18 16:00:00+00:00
historical_mock_realized,2025-12-18,2025-12-18 17:00:00+00:00,BE,wind_onshore,persistence,Persistence,daily_persistence,2208,2025-12-18 21:00:00+00:00,1486.761452,2660.901398,,2025-09-17 17:00:00+00:00,2025-12-18 16:00:00+00:00
historical_mock_realized,2025-12-18,2025-12-18 17:00:00+00:00,BE,wind_onshore,persistence,Persistence,daily_persistence,2208,2025-12-18 22:00:00+00:00,1720.856025,2621.691896,,2025-09-17 17:00:00+00:00,2025-12-18 16:00:00+00:00
historical_mock_realized,2025-12-18,2025-12-18 17:00:00+00:00,BE,wind_onshore,persistence,Persistence,daily_persistence,2208,2025-12-18 23:00:00+00:00,1894.187453,2497.468305,,2025-09-17 17:00:00+00:00,2025-12-18 16:00:00+00:00
historical_mock_realized,2025-12-18,2025-12-18 17:00:00+00:00,BE,wind_onshore,persistence,Persistence,daily_persistence,2208,2025-12-19 00:00:00+00:00,1963.310582,2307.652712,,2025-09-17 17:00:00+00:00,2025-12-18 16:00:00+00:00
historical_mock_realized,2025-12-18,2025-12-18 17:00:00+00:00,BE,wind_onshore,persistence,Persistence,daily_persistence,2208,2025-12-19 01:00:00+00:00,2032.154904,2183.906177,,2025-09-17 17:00:00+00:00,2025-12-18 16:00:00+00:00
historical_mock_realized,2025-12-18,2025-12-18 17:00:00+00:00,BE,wind_onshore,persistence,Persistence,daily_persistence,2208,2025-12-19 02:00:00+00:00,2113.622292,2112.272015,,2025-09-17 17:00:00+00:00,2025-12-18 16:00:00+00:00
historical_mock_realized,2025-12-18,2025-12-18 17:00:00+00:00,BE,wind_onshore,persistence,Persistence,daily_persistence,2208,2025-12-19 03:00:00+00:00,2230.97653,2020.442412,,2025-09-17 17:00:00+00:00,2025-12-18 16:00:00+00:00
historical_mock_realized,2025-12-18,2025-12-18 17:00:00+00:00,BE,wind_onshore,persistence,Persistence,daily_persistence,2208,2025-12-19 04:00:00+00:00,2297.337685,1946.649061,,2025-09-17 17:00:00+00:00,2025-12-18 16:00:00+00:00
historical_mock_realized,2025-12-18,2025-12-18 17:00:00+00:00,BE,wind_onshore,persistence,Persistence,daily_persistence,2208,2025-12-19 05:00:00+00:00,2278.394357,1806.664113,,2025-09-17 17:00:00+00:00,2025-12-18 16:00:00+00:00
historical_mock_realized,2025-12-18,2025-12-18 17:00:00+00:00,BE,wind_onshore,persistence,Persistence,daily_persistence,2208,2025-12-19 06:00:00+00:00,2265.818993,1533.672105,,2025-09-17 17:00:00+00:00,2025-12-18 16:00:00+00:00
historical_mock_realized,2025-12-18,2025-12-18 17:00:00+00:00,BE,wind_onshore,persistence,Persistence,daily_persistence,2208,2025-12-19 07:00:00+00:00,2191.566684,1256.981834,,2025-09-17 17:00:00+00:00,2025-12-18 16:00:00+00:00
historical_mock_realized,2025-12-18,2025-12-18 17:00:00+00:00,BE,wind_onshore,persistence,Persistence,daily_persistence,2208,2025-12-19 08:00:00+00:00,2044.249126,963.242282,,2025-09-17 17:00:00+00:00,2025-12-18 16:00:00+00:00
historical_mock_realized,2025-12-18,2025-12-18 17:00:00+00:00,BE,wind_onshore,persistence,Persistence,daily_persistence,2208,2025-12-19 09:00:00+00:00,2031.519108,781.097895,,2025-09-17 17:00:00+00:00,2025-12-18 16:00:00+00:00
historical_mock_realized,2025-12-18,2025-12-18 17:00:00+00:00,BE,wind_onshore,persistence,Persistence,daily_persistence,2208,2025-12-19 10:00:00+00:00,1964.101092,576.410648,,2025-09-17 17:00:00+00:00,2025-12-18 16:00:00+00:00
historical_mock_realized,2025-12-18,2025-12-18 17:00:00+00:00,BE,wind_onshore,persistence,Persistence,daily_persistence,2208,2025-12-19 11:00:00+00:00,1842.719517,451.534801,,2025-09-17 17:00:00+00:00,2025-12-18 16:00:00+00:00
historical_mock_realized,2025-12-18,2025-12-18 17:00:00+00:00,BE,wind_onshore,persistence,Persistence,daily_persistence,2208,2025-12-19 12:00:00+00:00,1815.303391,387.269046,,2025-09-17 17:00:00+00:00,2025-12-18 16:00:00+00:00
historical_mock_realized,2025-12-18,2025-12-18 17:00:00+00:00,BE,wind_onshore,persistence,Persistence,daily_persistence,2208,2025-12-19 13:00:00+00:00,1867.85063,351.322045,,2025-09-17 17:00:00+00:00,2025-12-18 16:00:00+00:00
historical_mock_realized,2025-12-18,2025-12-18 17:00:00+00:00,BE,wind_onshore,persistence,Persistence,daily_persistence,2208,2025-12-19 14:00:00+00:00,2119.210543,286.60046,,2025-09-17 17:00:00+00:00,2025-12-18 16:00:00+00:00
historical_mock_realized,2025-12-18,2025-12-18 17:00:00+00:00,BE,wind_onshore,persistence,Persistence,daily_persistence,2208,2025-12-19 15:00:00+00:00,2263.661421,249.469504,,2025-09-17 17:00:00+00:00,2025-12-18 16:00:00+00:00
historical_mock_realized,2025-12-18,2025-12-18 17:00:00+00:00,BE,wind_onshore,persistence,Persistence,daily_persistence,2208,2025-12-19 16:00:00+00:00,2405.938251,317.425569,,2025-09-17 17:00:00+00:00,2025-12-18 16:00:00+00:00
historical_mock_realized,2025-12-18,2025-12-18 17:00:00+00:00,BE,wind_onshore,persistence,Persistence,daily_persistence,2208,2025-12-19 17:00:00+00:00,2615.647131,476.118957,,2025-09-17 17:00:00+00:00,2025-12-18 16:00:00+00:00
historical_mock_realized,2025-12-18,2025-12-18 17:00:00+00:00,FR,wind_onshore,persistence,Persistence,daily_persistence,2208,2025-12-18 18:00:00+00:00,4749.9875,17307.8075,,2025-09-17 17:00:00+00:00,2025-12-18 16:00:00+00:00
historical_mock_realized,2025-12-18,2025-12-18 17:00:00+00:00,FR,wind_onshore,persistence,Persistence,daily_persistence,2208,2025-12-18 19:00:00+00:00,5955.8075,17200.0875,,2025-09-17 17:00:00+00:00,2025-12-18 16:00:00+00:00
historical_mock_realized,2025-12-18,2025-12-18 17:00:00+00:00,FR,wind_onshore,persistence,Persistence,daily_persistence,2208,2025-12-18 20:00:00+00:00,6910.4425,16726.335,,2025-09-17 17:00:00+00:00,2025-12-18 16:00:00+00:00
historical_mock_realized,2025-12-18,2025-12-18 17:00:00+00:00,FR,wind_onshore,persistence,Persistence,daily_persistence,2208,2025-12-18 21:00:00+00:00,7337.9975,16009.8475,,2025-09-17 17:00:00+00:00,2025-12-18 16:00:00+00:00
historical_mock_realized,2025-12-18,2025-12-18 17:00:00+00:00,FR,wind_onshore,persistence,Persistence,daily_persistence,2208,2025-12-18 22:00:00+00:00,7987.6325,14945.8175,,2025-09-17 17:00:00+00:00,2025-12-18 16:00:00+00:00
historical_mock_realized,2025-12-18,2025-12-18 17:00:00+00:00,FR,wind_onshore,persistence,Persistence,daily_persistence,2208,2025-12-18 23:00:00+00:00,8752.9275,14207.1225,,2025-09-17 17:00:00+00:00,2025-12-18 16:00:00+00:00
historical_mock_realized,2025-12-18,2025-12-18 17:00:00+00:00,FR,wind_onshore,persistence,Persistence,daily_persistence,2208,2025-12-19 00:00:00+00:00,9388.8175,13617.8725,,2025-09-17 17:00:00+00:00,2025-12-18 16:00:00+00:00
historical_mock_realized,2025-12-18,2025-12-18 17:00:00+00:00,FR,wind_onshore,persistence,Persistence,daily_persistence,2208,2025-12-19 01:00:00+00:00,9854.14,13124.065,,2025-09-17 17:00:00+00:00,2025-12-18 16:00:00+00:00
historical_mock_realized,2025-12-18,2025-12-18 17:00:00+00:00,FR,wind_onshore,persistence,Persistence,daily_persistence,2208,2025-12-19 02:00:00+00:00,10341.0275,12310.7,,2025-09-17 17:00:00+00:00,2025-12-18 16:00:00+00:00
historical_mock_realized,2025-12-18,2025-12-18 17:00:00+00:00,FR,wind_onshore,persistence,Persistence,daily_persistence,2208,2025-12-19 03:00:00+00:00,10845.7325,11412.6125,,2025-09-17 17:00:00+00:00,2025-12-18 16:00:00+00:00
historical_mock_realized,2025-12-18,2025-12-18 17:00:00+00:00,FR,wind_onshore,persistence,Persistence,daily_persistence,2208,2025-12-19 04:00:00+00:00,11210.0475,10454.875,,2025-09-17 17:00:00+00:00,2025-12-18 16:00:00+00:00
historical_mock_realized,2025-12-18,2025-12-18 17:00:00+00:00,FR,wind_onshore,persistence,Persistence,daily_persistence,2208,2025-12-19 05:00:00+00:00,11404.845,9300.13,,2025-09-17 17:00:00+00:00,2025-12-18 16:00:00+00:00
historical_mock_realized,2025-12-18,2025-12-18 17:00:00+00:00,FR,wind_onshore,persistence,Persistence,daily_persistence,2208,2025-12-19 06:00:00+00:00,11686.2525,7824.195,,2025-09-17 17:00:00+00:00,2025-12-18 16:00:00+00:00
historical_mock_realized,2025-12-18,2025-12-18 17:00:00+00:00,FR,wind_onshore,persistence,Persistence,daily_persistence,2208,2025-12-19 07:00:00+00:00,12421.8375,6709.8175,,2025-09-17 17:00:00+00:00,2025-12-18 16:00:00+00:00
historical_mock_realized,2025-12-18,2025-12-18 17:00:00+00:00,FR,wind_onshore,persistence,Persistence,daily_persistence,2208,2025-12-19 08:00:00+00:00,12696.095,5655.43,,2025-09-17 17:00:00+00:00,2025-12-18 16:00:00+00:00
historical_mock_realized,2025-12-18,2025-12-18 17:00:00+00:00,FR,wind_onshore,persistence,Persistence,daily_persistence,2208,2025-12-19 09:00:00+00:00,12951.74,4472.53,,2025-09-17 17:00:00+00:00,2025-12-18 16:00:00+00:00
historical_mock_realized,2025-12-18,2025-12-18 17:00:00+00:00,FR,wind_onshore,persistence,Persistence,daily_persistence,2208,2025-12-19 10:00:00+00:00,13126.94,3637.8075,,2025-09-17 17:00:00+00:00,2025-12-18 16:00:00+00:00
historical_mock_realized,2025-12-18,2025-12-18 17:00:00+00:00,FR,wind_onshore,persistence,Persistence,daily_persistence,2208,2025-12-19 11:00:00+00:00,13686.3575,2781.2,,2025-09-17 17:00:00+00:00,2025-12-18 16:00:00+00:00
historical_mock_realized,2025-12-18,2025-12-18 17:00:00+00:00,FR,wind_onshore,persistence,Persistence,daily_persistence,2208,2025-12-19 12:00:00+00:00,14828.64,2185.5725,,2025-09-17 17:00:00+00:00,2025-12-18 16:00:00+00:00
historical_mock_realized,2025-12-18,2025-12-18 17:00:00+00:00,FR,wind_onshore,persistence,Persistence,daily_persistence,2208,2025-12-19 13:00:00+00:00,15300.7725,1875.815,,2025-09-17 17:00:00+00:00,2025-12-18 16:00:00+00:00
historical_mock_realized,2025-12-18,2025-12-18 17:00:00+00:00,FR,wind_onshore,persistence,Persistence,daily_persistence,2208,2025-12-19 14:00:00+00:00,15949.1525,1564.09,,2025-09-17 17:00:00+00:00,2025-12-18 16:00:00+00:00
historical_mock_realized,2025-12-18,2025-12-18 17:00:00+00:00,FR,wind_onshore,persistence,Persistence,daily_persistence,2208,2025-12-19 15:00:00+00:00,16615.0725,1343.5075,,2025-09-17 17:00:00+00:00,2025-12-18 16:00:00+00:00
historical_mock_realized,2025-12-18,2025-12-18 17:00:00+00:00,FR,wind_onshore,persistence,Persistence,daily_persistence,2208,2025-12-19 16:00:00+00:00,17247.4025,1178.3325,,2025-09-17 17:00:00+00:00,2025-12-18 16:00:00+00:00
historical_mock_realized,2025-12-18,2025-12-18 17:00:00+00:00,FR,wind_onshore,persistence,Persistence,daily_persistence,2208,2025-12-19 17:00:00+00:00,17246.372499999998,1152.7050000000002,,2025-09-17 17:00:00+00:00,2025-12-18 16:00:00+00:00
historical_mock_realized,2025-12-18,2025-12-18 17:00:00+00:00,DE,wind_onshore,persistence,Persistence,daily_persistence,2208,2025-12-18 18:00:00+00:00,12687.922168,33091.807531,,2025-09-17 17:00:00+00:00,2025-12-18 16:00:00+00:00
historical_mock_realized,2025-12-18,2025-12-18 17:00:00+00:00,DE,wind_onshore,persistence,Persistence,daily_persistence,2208,2025-12-18 19:00:00+00:00,12867.513036,35857.527597,,2025-09-17 17:00:00+00:00,2025-12-18 16:00:00+00:00
historical_mock_realized,2025-12-18,2025-12-18 17:00:00+00:00,DE,wind_onshore,persistence,Persistence,daily_persistence,2208,2025-12-18 20:00:00+00:00,12841.1328,37726.587938,,2025-09-17 17:00:00+00:00,2025-12-18 16:00:00+00:00
historical_mock_realized,2025-12-18,2025-12-18 17:00:00+00:00,DE,wind_onshore,persistence,Persistence,daily_persistence,2208,2025-12-18 21:00:00+00:00,13684.975456,37511.845504,,2025-09-17 17:00:00+00:00,2025-12-18 16:00:00+00:00
historical_mock_realized,2025-12-18,2025-12-18 17:00:00+00:00,DE,wind_onshore,persistence,Persistence,daily_persistence,2208,2025-12-18 22:00:00+00:00,14299.172131,35228.510975,,2025-09-17 17:00:00+00:00,2025-12-18 16:00:00+00:00
historical_mock_realized,2025-12-18,2025-12-18 17:00:00+00:00,DE,wind_onshore,persistence,Persistence,daily_persistence,2208,2025-12-18 23:00:00+00:00,14810.343795,35279.292545000004,,2025-09-17 17:00:00+00:00,2025-12-18 16:00:00+00:00
historical_mock_realized,2025-12-18,2025-12-18 17:00:00+00:00,DE,wind_onshore,persistence,Persistence,daily_persistence,2208,2025-12-19 00:00:00+00:00,16340.760696,35098.824259,,2025-09-17 17:00:00+00:00,2025-12-18 16:00:00+00:00
historical_mock_realized,2025-12-18,2025-12-18 17:00:00+00:00,DE,wind_onshore,persistence,Persistence,daily_persistence,2208,2025-12-19 01:00:00+00:00,17979.120494,35246.371171,,2025-09-17 17:00:00+00:00,2025-12-18 16:00:00+00:00
historical_mock_realized,2025-12-18,2025-12-18 17:00:00+00:00,DE,wind_onshore,persistence,Persistence,daily_persistence,2208,2025-12-19 02:00:00+00:00,19577.732875,34820.422187000004,,2025-09-17 17:00:00+00:00,2025-12-18 16:00:00+00:00
historical_mock_realized,2025-12-18,2025-12-18 17:00:00+00:00,DE,wind_onshore,persistence,Persistence,daily_persistence,2208,2025-12-19 03:00:00+00:00,21551.794415,33978.324649,,2025-09-17 17:00:00+00:00,2025-12-18 16:00:00+00:00
historical_mock_realized,2025-12-18,2025-12-18 17:00:00+00:00,DE,wind_onshore,persistence,Persistence,daily_persistence,2208,2025-12-19 04:00:00+00:00,24477.380168,33347.604284,,2025-09-17 17:00:00+00:00,2025-12-18 16:00:00+00:00
historical_mock_realized,2025-12-18,2025-12-18 17:00:00+00:00,DE,wind_onshore,persistence,Persistence,daily_persistence,2208,2025-12-19 05:00:00+00:00,26973.555905,32693.164138,,2025-09-17 17:00:00+00:00,2025-12-18 16:00:00+00:00
historical_mock_realized,2025-12-18,2025-12-18 17:00:00+00:00,DE,wind_onshore,persistence,Persistence,daily_persistence,2208,2025-12-19 06:00:00+00:00,29618.810067,32568.811638,,2025-09-17 17:00:00+00:00,2025-12-18 16:00:00+00:00
historical_mock_realized,2025-12-18,2025-12-18 17:00:00+00:00,DE,wind_onshore,persistence,Persistence,daily_persistence,2208,2025-12-19 07:00:00+00:00,30335.351764,30747.154719,,2025-09-17 17:00:00+00:00,2025-12-18 16:00:00+00:00
historical_mock_realized,2025-12-18,2025-12-18 17:00:00+00:00,DE,wind_onshore,persistence,Persistence,daily_persistence,2208,2025-12-19 08:00:00+00:00,30577.829692,29108.776973,,2025-09-17 17:00:00+00:00,2025-12-18 16:00:00+00:00
historical_mock_realized,2025-12-18,2025-12-18 17:00:00+00:00,DE,wind_onshore,persistence,Persistence,daily_persistence,2208,2025-12-19 09:00:00+00:00,29201.389934,27538.832909999997,,2025-09-17 17:00:00+00:00,2025-12-18 16:00:00+00:00
historical_mock_realized,2025-12-18,2025-12-18 17:00:00+00:00,DE,wind_onshore,persistence,Persistence,daily_persistence,2208,2025-12-19 10:00:00+00:00,26899.456335,25600.824229,,2025-09-17 17:00:00+00:00,2025-12-18 16:00:00+00:00
historical_mock_realized,2025-12-18,2025-12-18 17:00:00+00:00,DE,wind_onshore,persistence,Persistence,daily_persistence,2208,2025-12-19 11:00:00+00:00,24385.144838,23217.750586,,2025-09-17 17:00:00+00:00,2025-12-18 16:00:00+00:00
historical_mock_realized,2025-12-18,2025-12-18 17:00:00+00:00,DE,wind_onshore,persistence,Persistence,daily_persistence,2208,2025-12-19 12:00:00+00:00,22131.751365,21637.694911,,2025-09-17 17:00:00+00:00,2025-12-18 16:00:00+00:00
historical_mock_realized,2025-12-18,2025-12-18 17:00:00+00:00,DE,wind_onshore,persistence,Persistence,daily_persistence,2208,2025-12-19 13:00:00+00:00,20405.361241,19537.503901,,2025-09-17 17:00:00+00:00,2025-12-18 16:00:00+00:00
historical_mock_realized,2025-12-18,2025-12-18 17:00:00+00:00,DE,wind_onshore,persistence,Persistence,daily_persistence,2208,2025-12-19 14:00:00+00:00,19924.755796,17787.44066,,2025-09-17 17:00:00+00:00,2025-12-18 16:00:00+00:00
historical_mock_realized,2025-12-18,2025-12-18 17:00:00+00:00,DE,wind_onshore,persistence,Persistence,daily_persistence,2208,2025-12-19 15:00:00+00:00,21278.016407,16722.626069,,2025-09-17 17:00:00+00:00,2025-12-18 16:00:00+00:00
historical_mock_realized,2025-12-18,2025-12-18 17:00:00+00:00,DE,wind_onshore,persistence,Persistence,daily_persistence,2208,2025-12-19 16:00:00+00:00,25305.134787,15950.126191,,2025-09-17 17:00:00+00:00,2025-12-18 16:00:00+00:00
historical_mock_realized,2025-12-18,2025-12-18 17:00:00+00:00,DE,wind_onshore,persistence,Persistence,daily_persistence,2208,2025-12-19 17:00:00+00:00,29471.764767,15946.72336,,2025-09-17 17:00:00+00:00,2025-12-18 16:00:00+00:00
historical_mock_realized,2025-12-18,2025-12-18 17:00:00+00:00,BE,wind_onshore,xgboost_online,XGBoost with covariates,weather_4p+tso_forecast,2208,2025-12-18 18:00:00+00:00,2519.7216796875,2724.315755,,2025-09-17 17:00:00+00:00,2025-12-18 16:00:00+00:00
historical_mock_realized,2025-12-18,2025-12-18 17:00:00+00:00,BE,wind_onshore,xgboost_online,XGBoost with covariates,weather_4p+tso_forecast,2208,2025-12-18 19:00:00+00:00,2503.005126953125,2700.664882,,2025-09-17 17:00:00+00:00,2025-12-18 16:00:00+00:00
historical_mock_realized,2025-12-18,2025-12-18 17:00:00+00:00,BE,wind_onshore,xgboost_online,XGBoost with covariates,weather_4p+tso_forecast,2208,2025-12-18 20:00:00+00:00,2473.21044921875,2695.886439,,2025-09-17 17:00:00+00:00,2025-12-18 16:00:00+00:00
historical_mock_realized,2025-12-18,2025-12-18 17:00:00+00:00,BE,wind_onshore,xgboost_online,XGBoost with covariates,weather_4p+tso_forecast,2208,2025-12-18 21:00:00+00:00,2437.178955078125,2660.901398,,2025-09-17 17:00:00+00:00,2025-12-18 16:00:00+00:00
historical_mock_realized,2025-12-18,2025-12-18 17:00:00+00:00,BE,wind_onshore,xgboost_online,XGBoost with covariates,weather_4p+tso_forecast,2208,2025-12-18 22:00:00+00:00,2428.40576171875,2621.691896,,2025-09-17 17:00:00+00:00,2025-12-18 16:00:00+00:00
historical_mock_realized,2025-12-18,2025-12-18 17:00:00+00:00,BE,wind_onshore,xgboost_online,XGBoost with covariates,weather_4p+tso_forecast,2208,2025-12-18 23:00:00+00:00,2385.68896484375,2497.468305,,2025-09-17 17:00:00+00:00,2025-12-18 16:00:00+00:00
historical_mock_realized,2025-12-18,2025-12-18 17:00:00+00:00,BE,wind_onshore,xgboost_online,XGBoost with covariates,weather_4p+tso_forecast,2208,2025-12-19 00:00:00+00:00,2374.369873046875,2307.652712,,2025-09-17 17:00:00+00:00,2025-12-18 16:00:00+00:00
historical_mock_realized,2025-12-18,2025-12-18 17:00:00+00:00,BE,wind_onshore,xgboost_online,XGBoost with covariates,weather_4p+tso_forecast,2208,2025-12-19 01:00:00+00:00,2288.752685546875,2183.906177,,2025-09-17 17:00:00+00:00,2025-12-18 16:00:00+00:00
historical_mock_realized,2025-12-18,2025-12-18 17:00:00+00:00,BE,wind_onshore,xgboost_online,XGBoost with covariates,weather_4p+tso_forecast,2208,2025-12-19 02:00:00+00:00,2166.5341796875,2112.272015,,2025-09-17 17:00:00+00:00,2025-12-18 16:00:00+00:00
historical_mock_realized,2025-12-18,2025-12-18 17:00:00+00:00,BE,wind_onshore,xgboost_online,XGBoost with covariates,weather_4p+tso_forecast,2208,2025-12-19 03:00:00+00:00,2072.94189453125,2020.442412,,2025-09-17 17:00:00+00:00,2025-12-18 16:00:00+00:00
historical_mock_realized,2025-12-18,2025-12-18 17:00:00+00:00,BE,wind_onshore,xgboost_online,XGBoost with covariates,weather_4p+tso_forecast,2208,2025-12-19 04:00:00+00:00,2072.94189453125,1946.649061,,2025-09-17 17:00:00+00:00,2025-12-18 16:00:00+00:00
historical_mock_realized,2025-12-18,2025-12-18 17:00:00+00:00,BE,wind_onshore,xgboost_online,XGBoost with covariates,weather_4p+tso_forecast,2208,2025-12-19 05:00:00+00:00,2045.9664306640625,1806.664113,,2025-09-17 17:00:00+00:00,2025-12-18 16:00:00+00:00
historical_mock_realized,2025-12-18,2025-12-18 17:00:00+00:00,BE,wind_onshore,xgboost_online,XGBoost with covariates,weather_4p+tso_forecast,2208,2025-12-19 06:00:00+00:00,1937.829345703125,1533.672105,,2025-09-17 17:00:00+00:00,2025-12-18 16:00:00+00:00
historical_mock_realized,2025-12-18,2025-12-18 17:00:00+00:00,BE,wind_onshore,xgboost_online,XGBoost with covariates,weather_4p+tso_forecast,2208,2025-12-19 07:00:00+00:00,1815.78564453125,1256.981834,,2025-09-17 17:00:00+00:00,2025-12-18 16:00:00+00:00
historical_mock_realized,2025-12-18,2025-12-18 17:00:00+00:00,BE,wind_onshore,xgboost_online,XGBoost with covariates,weather_4p+tso_forecast,2208,2025-12-19 08:00:00+00:00,1663.2491455078125,963.242282,,2025-09-17 17:00:00+00:00,2025-12-18 16:00:00+00:00
historical_mock_realized,2025-12-18,2025-12-18 17:00:00+00:00,BE,wind_onshore,xgboost_online,XGBoost with covariates,weather_4p+tso_forecast,2208,2025-12-19 09:00:00+00:00,1447.0850830078125,781.097895,,2025-09-17 17:00:00+00:00,2025-12-18 16:00:00+00:00
historical_mock_realized,2025-12-18,2025-12-18 17:00:00+00:00,BE,wind_onshore,xgboost_online,XGBoost with covariates,weather_4p+tso_forecast,2208,2025-12-19 10:00:00+00:00,1182.78515625,576.410648,,2025-09-17 17:00:00+00:00,2025-12-18 16:00:00+00:00
historical_mock_realized,2025-12-18,2025-12-18 17:00:00+00:00,BE,wind_onshore,xgboost_online,XGBoost with covariates,weather_4p+tso_forecast,2208,2025-12-19 11:00:00+00:00,924.8717651367188,451.534801,,2025-09-17 17:00:00+00:00,2025-12-18 16:00:00+00:00
historical_mock_realized,2025-12-18,2025-12-18 17:00:00+00:00,BE,wind_onshore,xgboost_online,XGBoost with covariates,weather_4p+tso_forecast,2208,2025-12-19 12:00:00+00:00,761.1962890625,387.269046,,2025-09-17 17:00:00+00:00,2025-12-18 16:00:00+00:00
historical_mock_realized,2025-12-18,2025-12-18 17:00:00+00:00,BE,wind_onshore,xgboost_online,XGBoost with covariates,weather_4p+tso_forecast,2208,2025-12-19 13:00:00+00:00,608.7996215820312,351.322045,,2025-09-17 17:00:00+00:00,2025-12-18 16:00:00+00:00
historical_mock_realized,2025-12-18,2025-12-18 17:00:00+00:00,BE,wind_onshore,xgboost_online,XGBoost with covariates,weather_4p+tso_forecast,2208,2025-12-19 14:00:00+00:00,507.5356140136719,286.60046,,2025-09-17 17:00:00+00:00,2025-12-18 16:00:00+00:00
historical_mock_realized,2025-12-18,2025-12-18 17:00:00+00:00,BE,wind_onshore,xgboost_online,XGBoost with covariates,weather_4p+tso_forecast,2208,2025-12-19 15:00:00+00:00,423.7619018554687,249.469504,,2025-09-17 17:00:00+00:00,2025-12-18 16:00:00+00:00
historical_mock_realized,2025-12-18,2025-12-18 17:00:00+00:00,BE,wind_onshore,xgboost_online,XGBoost with covariates,weather_4p+tso_forecast,2208,2025-12-19 16:00:00+00:00,391.034912109375,317.425569,,2025-09-17 17:00:00+00:00,2025-12-18 16:00:00+00:00
historical_mock_realized,2025-12-18,2025-12-18 17:00:00+00:00,BE,wind_onshore,xgboost_online,XGBoost with covariates,weather_4p+tso_forecast,2208,2025-12-19 17:00:00+00:00,370.3226318359375,476.118957,,2025-09-17 17:00:00+00:00,2025-12-18 16:00:00+00:00
historical_mock_realized,2025-12-18,2025-12-18 17:00:00+00:00,FR,wind_onshore,xgboost_online,XGBoost with covariates,weather_4p+tso_forecast,2208,2025-12-18 18:00:00+00:00,16103.4853515625,17307.8075,,2025-09-17 17:00:00+00:00,2025-12-18 16:00:00+00:00
historical_mock_realized,2025-12-18,2025-12-18 17:00:00+00:00,FR,wind_onshore,xgboost_online,XGBoost with covariates,weather_4p+tso_forecast,2208,2025-12-18 19:00:00+00:00,15669.0107421875,17200.0875,,2025-09-17 17:00:00+00:00,2025-12-18 16:00:00+00:00
historical_mock_realized,2025-12-18,2025-12-18 17:00:00+00:00,FR,wind_onshore,xgboost_online,XGBoost with covariates,weather_4p+tso_forecast,2208,2025-12-18 20:00:00+00:00,14680.001953125,16726.335,,2025-09-17 17:00:00+00:00,2025-12-18 16:00:00+00:00
historical_mock_realized,2025-12-18,2025-12-18 17:00:00+00:00,FR,wind_onshore,xgboost_online,XGBoost with covariates,weather_4p+tso_forecast,2208,2025-12-18 21:00:00+00:00,14265.6201171875,16009.8475,,2025-09-17 17:00:00+00:00,2025-12-18 16:00:00+00:00
historical_mock_realized,2025-12-18,2025-12-18 17:00:00+00:00,FR,wind_onshore,xgboost_online,XGBoost with covariates,weather_4p+tso_forecast,2208,2025-12-18 22:00:00+00:00,13816.7861328125,14945.8175,,2025-09-17 17:00:00+00:00,2025-12-18 16:00:00+00:00
historical_mock_realized,2025-12-18,2025-12-18 17:00:00+00:00,FR,wind_onshore,xgboost_online,XGBoost with covariates,weather_4p+tso_forecast,2208,2025-12-18 23:00:00+00:00,13272.5126953125,14207.1225,,2025-09-17 17:00:00+00:00,2025-12-18 16:00:00+00:00
historical_mock_realized,2025-12-18,2025-12-18 17:00:00+00:00,FR,wind_onshore,xgboost_online,XGBoost with covariates,weather_4p+tso_forecast,2208,2025-12-19 00:00:00+00:00,12966.8076171875,13617.8725,,2025-09-17 17:00:00+00:00,2025-12-18 16:00:00+00:00
historical_mock_realized,2025-12-18,2025-12-18 17:00:00+00:00,FR,wind_onshore,xgboost_online,XGBoost with covariates,weather_4p+tso_forecast,2208,2025-12-19 01:00:00+00:00,12428.861328125,13124.065,,2025-09-17 17:00:00+00:00,2025-12-18 16:00:00+00:00
historical_mock_realized,2025-12-18,2025-12-18 17:00:00+00:00,FR,wind_onshore,xgboost_online,XGBoost with covariates,weather_4p+tso_forecast,2208,2025-12-19 02:00:00+00:00,11881.5419921875,12310.7,,2025-09-17 17:00:00+00:00,2025-12-18 16:00:00+00:00
historical_mock_realized,2025-12-18,2025-12-18 17:00:00+00:00,FR,wind_onshore,xgboost_online,XGBoost with covariates,weather_4p+tso_forecast,2208,2025-12-19 03:00:00+00:00,11408.0537109375,11412.6125,,2025-09-17 17:00:00+00:00,2025-12-18 16:00:00+00:00
historical_mock_realized,2025-12-18,2025-12-18 17:00:00+00:00,FR,wind_onshore,xgboost_online,XGBoost with covariates,weather_4p+tso_forecast,2208,2025-12-19 04:00:00+00:00,10825.46484375,10454.875,,2025-09-17 17:00:00+00:00,2025-12-18 16:00:00+00:00
historical_mock_realized,2025-12-18,2025-12-18 17:00:00+00:00,FR,wind_onshore,xgboost_online,XGBoost with covariates,weather_4p+tso_forecast,2208,2025-12-19 05:00:00+00:00,10499.060546875,9300.13,,2025-09-17 17:00:00+00:00,2025-12-18 16:00:00+00:00
historical_mock_realized,2025-12-18,2025-12-18 17:00:00+00:00,FR,wind_onshore,xgboost_online,XGBoost with covariates,weather_4p+tso_forecast,2208,2025-12-19 06:00:00+00:00,9744.9736328125,7824.195,,2025-09-17 17:00:00+00:00,2025-12-18 16:00:00+00:00
historical_mock_realized,2025-12-18,2025-12-18 17:00:00+00:00,FR,wind_onshore,xgboost_online,XGBoost with covariates,weather_4p+tso_forecast,2208,2025-12-19 07:00:00+00:00,8765.0810546875,6709.8175,,2025-09-17 17:00:00+00:00,2025-12-18 16:00:00+00:00
historical_mock_realized,2025-12-18,2025-12-18 17:00:00+00:00,FR,wind_onshore,xgboost_online,XGBoost with covariates,weather_4p+tso_forecast,2208,2025-12-19 08:00:00+00:00,8106.833984375,5655.43,,2025-09-17 17:00:00+00:00,2025-12-18 16:00:00+00:00
historical_mock_realized,2025-12-18,2025-12-18 17:00:00+00:00,FR,wind_onshore,xgboost_online,XGBoost with covariates,weather_4p+tso_forecast,2208,2025-12-19 09:00:00+00:00,7298.00244140625,4472.53,,2025-09-17 17:00:00+00:00,2025-12-18 16:00:00+00:00
historical_mock_realized,2025-12-18,2025-12-18 17:00:00+00:00,FR,wind_onshore,xgboost_online,XGBoost with covariates,weather_4p+tso_forecast,2208,2025-12-19 10:00:00+00:00,6859.96240234375,3637.8075,,2025-09-17 17:00:00+00:00,2025-12-18 16:00:00+00:00
historical_mock_realized,2025-12-18,2025-12-18 17:00:00+00:00,FR,wind_onshore,xgboost_online,XGBoost with covariates,weather_4p+tso_forecast,2208,2025-12-19 11:00:00+00:00,6350.80615234375,2781.2,,2025-09-17 17:00:00+00:00,2025-12-18 16:00:00+00:00
historical_mock_realized,2025-12-18,2025-12-18 17:00:00+00:00,FR,wind_onshore,xgboost_online,XGBoost with covariates,weather_4p+tso_forecast,2208,2025-12-19 12:00:00+00:00,6100.22998046875,2185.5725,,2025-09-17 17:00:00+00:00,2025-12-18 16:00:00+00:00
historical_mock_realized,2025-12-18,2025-12-18 17:00:00+00:00,FR,wind_onshore,xgboost_online,XGBoost with covariates,weather_4p+tso_forecast,2208,2025-12-19 13:00:00+00:00,5782.5126953125,1875.815,,2025-09-17 17:00:00+00:00,2025-12-18 16:00:00+00:00
historical_mock_realized,2025-12-18,2025-12-18 17:00:00+00:00,FR,wind_onshore,xgboost_online,XGBoost with covariates,weather_4p+tso_forecast,2208,2025-12-19 14:00:00+00:00,5623.57763671875,1564.09,,2025-09-17 17:00:00+00:00,2025-12-18 16:00:00+00:00
historical_mock_realized,2025-12-18,2025-12-18 17:00:00+00:00,FR,wind_onshore,xgboost_online,XGBoost with covariates,weather_4p+tso_forecast,2208,2025-12-19 15:00:00+00:00,5615.6669921875,1343.5075,,2025-09-17 17:00:00+00:00,2025-12-18 16:00:00+00:00
historical_mock_realized,2025-12-18,2025-12-18 17:00:00+00:00,FR,wind_onshore,xgboost_online,XGBoost with covariates,weather_4p+tso_forecast,2208,2025-12-19 16:00:00+00:00,5540.33935546875,1178.3325,,2025-09-17 17:00:00+00:00,2025-12-18 16:00:00+00:00
historical_mock_realized,2025-12-18,2025-12-18 17:00:00+00:00,FR,wind_onshore,xgboost_online,XGBoost with covariates,weather_4p+tso_forecast,2208,2025-12-19 17:00:00+00:00,5295.771484375,1152.7050000000002,,2025-09-17 17:00:00+00:00,2025-12-18 16:00:00+00:00
historical_mock_realized,2025-12-18,2025-12-18 17:00:00+00:00,DE,wind_onshore,xgboost_online,XGBoost with covariates,weather_4p+tso_forecast,2208,2025-12-18 18:00:00+00:00,29556.69921875,33091.807531,,2025-09-17 17:00:00+00:00,2025-12-18 16:00:00+00:00
historical_mock_realized,2025-12-18,2025-12-18 17:00:00+00:00,DE,wind_onshore,xgboost_online,XGBoost with covariates,weather_4p+tso_forecast,2208,2025-12-18 19:00:00+00:00,31237.541015625,35857.527597,,2025-09-17 17:00:00+00:00,2025-12-18 16:00:00+00:00
historical_mock_realized,2025-12-18,2025-12-18 17:00:00+00:00,DE,wind_onshore,xgboost_online,XGBoost with covariates,weather_4p+tso_forecast,2208,2025-12-18 20:00:00+00:00,32519.41015625,37726.587938,,2025-09-17 17:00:00+00:00,2025-12-18 16:00:00+00:00
historical_mock_realized,2025-12-18,2025-12-18 17:00:00+00:00,DE,wind_onshore,xgboost_online,XGBoost with covariates,weather_4p+tso_forecast,2208,2025-12-18 21:00:00+00:00,32936.69921875,37511.845504,,2025-09-17 17:00:00+00:00,2025-12-18 16:00:00+00:00
historical_mock_realized,2025-12-18,2025-12-18 17:00:00+00:00,DE,wind_onshore,xgboost_online,XGBoost with covariates,weather_4p+tso_forecast,2208,2025-12-18 22:00:00+00:00,33091.66796875,35228.510975,,2025-09-17 17:00:00+00:00,2025-12-18 16:00:00+00:00
historical_mock_realized,2025-12-18,2025-12-18 17:00:00+00:00,DE,wind_onshore,xgboost_online,XGBoost with covariates,weather_4p+tso_forecast,2208,2025-12-18 23:00:00+00:00,33022.64453125,35279.292545000004,,2025-09-17 17:00:00+00:00,2025-12-18 16:00:00+00:00
historical_mock_realized,2025-12-18,2025-12-18 17:00:00+00:00,DE,wind_onshore,xgboost_online,XGBoost with covariates,weather_4p+tso_forecast,2208,2025-12-19 00:00:00+00:00,33022.64453125,35098.824259,,2025-09-17 17:00:00+00:00,2025-12-18 16:00:00+00:00
historical_mock_realized,2025-12-18,2025-12-18 17:00:00+00:00,DE,wind_onshore,xgboost_online,XGBoost with covariates,weather_4p+tso_forecast,2208,2025-12-19 01:00:00+00:00,33022.64453125,35246.371171,,2025-09-17 17:00:00+00:00,2025-12-18 16:00:00+00:00
historical_mock_realized,2025-12-18,2025-12-18 17:00:00+00:00,DE,wind_onshore,xgboost_online,XGBoost with covariates,weather_4p+tso_forecast,2208,2025-12-19 02:00:00+00:00,32974.21484375,34820.422187000004,,2025-09-17 17:00:00+00:00,2025-12-18 16:00:00+00:00
historical_mock_realized,2025-12-18,2025-12-18 17:00:00+00:00,DE,wind_onshore,xgboost_online,XGBoost with covariates,weather_4p+tso_forecast,2208,2025-12-19 03:00:00+00:00,33032.68359375,33978.324649,,2025-09-17 17:00:00+00:00,2025-12-18 16:00:00+00:00
historical_mock_realized,2025-12-18,2025-12-18 17:00:00+00:00,DE,wind_onshore,xgboost_online,XGBoost with covariates,weather_4p+tso_forecast,2208,2025-12-19 04:00:00+00:00,32773.88671875,33347.604284,,2025-09-17 17:00:00+00:00,2025-12-18 16:00:00+00:00
historical_mock_realized,2025-12-18,2025-12-18 17:00:00+00:00,DE,wind_onshore,xgboost_online,XGBoost with covariates,weather_4p+tso_forecast,2208,2025-12-19 05:00:00+00:00,32730.34375,32693.164138,,2025-09-17 17:00:00+00:00,2025-12-18 16:00:00+00:00
historical_mock_realized,2025-12-18,2025-12-18 17:00:00+00:00,DE,wind_onshore,xgboost_online,XGBoost with covariates,weather_4p+tso_forecast,2208,2025-12-19 06:00:00+00:00,32940.82421875,32568.811638,,2025-09-17 17:00:00+00:00,2025-12-18 16:00:00+00:00
historical_mock_realized,2025-12-18,2025-12-18 17:00:00+00:00,DE,wind_onshore,xgboost_online,XGBoost with covariates,weather_4p+tso_forecast,2208,2025-12-19 07:00:00+00:00,32524.326171875,30747.154719,,2025-09-17 17:00:00+00:00,2025-12-18 16:00:00+00:00
historical_mock_realized,2025-12-18,2025-12-18 17:00:00+00:00,DE,wind_onshore,xgboost_online,XGBoost with covariates,weather_4p+tso_forecast,2208,2025-12-19 08:00:00+00:00,30885.88671875,29108.776973,,2025-09-17 17:00:00+00:00,2025-12-18 16:00:00+00:00
historical_mock_realized,2025-12-18,2025-12-18 17:00:00+00:00,DE,wind_onshore,xgboost_online,XGBoost with covariates,weather_4p+tso_forecast,2208,2025-12-19 09:00:00+00:00,29876.70703125,27538.832909999997,,2025-09-17 17:00:00+00:00,2025-12-18 16:00:00+00:00
historical_mock_realized,2025-12-18,2025-12-18 17:00:00+00:00,DE,wind_onshore,xgboost_online,XGBoost with covariates,weather_4p+tso_forecast,2208,2025-12-19 10:00:00+00:00,27623.6640625,25600.824229,,2025-09-17 17:00:00+00:00,2025-12-18 16:00:00+00:00
historical_mock_realized,2025-12-18,2025-12-18 17:00:00+00:00,DE,wind_onshore,xgboost_online,XGBoost with covariates,weather_4p+tso_forecast,2208,2025-12-19 11:00:00+00:00,25176.263671875,23217.750586,,2025-09-17 17:00:00+00:00,2025-12-18 16:00:00+00:00
historical_mock_realized,2025-12-18,2025-12-18 17:00:00+00:00,DE,wind_onshore,xgboost_online,XGBoost with covariates,weather_4p+tso_forecast,2208,2025-12-19 12:00:00+00:00,22730.63671875,21637.694911,,2025-09-17 17:00:00+00:00,2025-12-18 16:00:00+00:00
historical_mock_realized,2025-12-18,2025-12-18 17:00:00+00:00,DE,wind_onshore,xgboost_online,XGBoost with covariates,weather_4p+tso_forecast,2208,2025-12-19 13:00:00+00:00,20695.396484375,19537.503901,,2025-09-17 17:00:00+00:00,2025-12-18 16:00:00+00:00
historical_mock_realized,2025-12-18,2025-12-18 17:00:00+00:00,DE,wind_onshore,xgboost_online,XGBoost with covariates,weather_4p+tso_forecast,2208,2025-12-19 14:00:00+00:00,18035.48046875,17787.44066,,2025-09-17 17:00:00+00:00,2025-12-18 16:00:00+00:00
historical_mock_realized,2025-12-18,2025-12-18 17:00:00+00:00,DE,wind_onshore,xgboost_online,XGBoost with covariates,weather_4p+tso_forecast,2208,2025-12-19 15:00:00+00:00,16092.4697265625,16722.626069,,2025-09-17 17:00:00+00:00,2025-12-18 16:00:00+00:00
historical_mock_realized,2025-12-18,2025-12-18 17:00:00+00:00,DE,wind_onshore,xgboost_online,XGBoost with covariates,weather_4p+tso_forecast,2208,2025-12-19 16:00:00+00:00,15532.09765625,15950.126191,,2025-09-17 17:00:00+00:00,2025-12-18 16:00:00+00:00
historical_mock_realized,2025-12-18,2025-12-18 17:00:00+00:00,DE,wind_onshore,xgboost_online,XGBoost with covariates,weather_4p+tso_forecast,2208,2025-12-19 17:00:00+00:00,15360.068359375,15946.72336,,2025-09-17 17:00:00+00:00,2025-12-18 16:00:00+00:00
historical_mock_realized,2025-12-18,2025-12-18 17:00:00+00:00,BE,wind_offshore,tso_reference,TSO forecast,tso_forecast,2208,2025-12-18 18:00:00+00:00,2191.025,2163.88,,2025-09-17 17:00:00+00:00,2025-12-18 16:00:00+00:00
historical_mock_realized,2025-12-18,2025-12-18 17:00:00+00:00,BE,wind_offshore,tso_reference,TSO forecast,tso_forecast,2208,2025-12-18 19:00:00+00:00,2187.925,2169.5625,,2025-09-17 17:00:00+00:00,2025-12-18 16:00:00+00:00
historical_mock_realized,2025-12-18,2025-12-18 17:00:00+00:00,BE,wind_offshore,tso_reference,TSO forecast,tso_forecast,2208,2025-12-18 20:00:00+00:00,2182.75,2173.975,,2025-09-17 17:00:00+00:00,2025-12-18 16:00:00+00:00
historical_mock_realized,2025-12-18,2025-12-18 17:00:00+00:00,BE,wind_offshore,tso_reference,TSO forecast,tso_forecast,2208,2025-12-18 21:00:00+00:00,2177.05,2156.315,,2025-09-17 17:00:00+00:00,2025-12-18 16:00:00+00:00
historical_mock_realized,2025-12-18,2025-12-18 17:00:00+00:00,BE,wind_offshore,tso_reference,TSO forecast,tso_forecast,2208,2025-12-18 22:00:00+00:00,2172.2,2150.7725,,2025-09-17 17:00:00+00:00,2025-12-18 16:00:00+00:00
historical_mock_realized,2025-12-18,2025-12-18 17:00:00+00:00,BE,wind_offshore,tso_reference,TSO forecast,tso_forecast,2208,2025-12-18 23:00:00+00:00,2166.35,2143.185,,2025-09-17 17:00:00+00:00,2025-12-18 16:00:00+00:00
historical_mock_realized,2025-12-18,2025-12-18 17:00:00+00:00,BE,wind_offshore,tso_reference,TSO forecast,tso_forecast,2208,2025-12-19 00:00:00+00:00,2136.4,2086.4425,,2025-09-17 17:00:00+00:00,2025-12-18 16:00:00+00:00
historical_mock_realized,2025-12-18,2025-12-18 17:00:00+00:00,BE,wind_offshore,tso_reference,TSO forecast,tso_forecast,2208,2025-12-19 01:00:00+00:00,2091.075,1976.1225,,2025-09-17 17:00:00+00:00,2025-12-18 16:00:00+00:00
historical_mock_realized,2025-12-18,2025-12-18 17:00:00+00:00,BE,wind_offshore,tso_reference,TSO forecast,tso_forecast,2208,2025-12-19 02:00:00+00:00,2045.3,1772.23,,2025-09-17 17:00:00+00:00,2025-12-18 16:00:00+00:00
historical_mock_realized,2025-12-18,2025-12-18 17:00:00+00:00,BE,wind_offshore,tso_reference,TSO forecast,tso_forecast,2208,2025-12-19 03:00:00+00:00,1986.4,1629.66,,2025-09-17 17:00:00+00:00,2025-12-18 16:00:00+00:00
historical_mock_realized,2025-12-18,2025-12-18 17:00:00+00:00,BE,wind_offshore,tso_reference,TSO forecast,tso_forecast,2208,2025-12-19 04:00:00+00:00,1752.275,1281.2375,,2025-09-17 17:00:00+00:00,2025-12-18 16:00:00+00:00
historical_mock_realized,2025-12-18,2025-12-18 17:00:00+00:00,BE,wind_offshore,tso_reference,TSO forecast,tso_forecast,2208,2025-12-19 05:00:00+00:00,1320.475,855.7875,,2025-09-17 17:00:00+00:00,2025-12-18 16:00:00+00:00
historical_mock_realized,2025-12-18,2025-12-18 17:00:00+00:00,BE,wind_offshore,tso_reference,TSO forecast,tso_forecast,2208,2025-12-19 06:00:00+00:00,1019.525,971.76,,2025-09-17 17:00:00+00:00,2025-12-18 16:00:00+00:00
historical_mock_realized,2025-12-18,2025-12-18 17:00:00+00:00,BE,wind_offshore,tso_reference,TSO forecast,tso_forecast,2208,2025-12-19 07:00:00+00:00,797.775,703.45,,2025-09-17 17:00:00+00:00,2025-12-18 16:00:00+00:00
historical_mock_realized,2025-12-18,2025-12-18 17:00:00+00:00,BE,wind_offshore,tso_reference,TSO forecast,tso_forecast,2208,2025-12-19 08:00:00+00:00,661.55,706.4925,,2025-09-17 17:00:00+00:00,2025-12-18 16:00:00+00:00
historical_mock_realized,2025-12-18,2025-12-18 17:00:00+00:00,BE,wind_offshore,tso_reference,TSO forecast,tso_forecast,2208,2025-12-19 09:00:00+00:00,632.75,605.695,,2025-09-17 17:00:00+00:00,2025-12-18 16:00:00+00:00
historical_mock_realized,2025-12-18,2025-12-18 17:00:00+00:00,BE,wind_offshore,tso_reference,TSO forecast,tso_forecast,2208,2025-12-19 10:00:00+00:00,694.1,812.405,,2025-09-17 17:00:00+00:00,2025-12-18 16:00:00+00:00
historical_mock_realized,2025-12-18,2025-12-18 17:00:00+00:00,BE,wind_offshore,tso_reference,TSO forecast,tso_forecast,2208,2025-12-19 11:00:00+00:00,820.775,1072.19,,2025-09-17 17:00:00+00:00,2025-12-18 16:00:00+00:00
historical_mock_realized,2025-12-18,2025-12-18 17:00:00+00:00,BE,wind_offshore,tso_reference,TSO forecast,tso_forecast,2208,2025-12-19 12:00:00+00:00,992.15,1179.415,,2025-09-17 17:00:00+00:00,2025-12-18 16:00:00+00:00
historical_mock_realized,2025-12-18,2025-12-18 17:00:00+00:00,BE,wind_offshore,tso_reference,TSO forecast,tso_forecast,2208,2025-12-19 13:00:00+00:00,1127.65,1369.7,,2025-09-17 17:00:00+00:00,2025-12-18 16:00:00+00:00
historical_mock_realized,2025-12-18,2025-12-18 17:00:00+00:00,BE,wind_offshore,tso_reference,TSO forecast,tso_forecast,2208,2025-12-19 14:00:00+00:00,1258.375,1263.08,,2025-09-17 17:00:00+00:00,2025-12-18 16:00:00+00:00
historical_mock_realized,2025-12-18,2025-12-18 17:00:00+00:00,BE,wind_offshore,tso_reference,TSO forecast,tso_forecast,2208,2025-12-19 15:00:00+00:00,1324.95,1233.0225,,2025-09-17 17:00:00+00:00,2025-12-18 16:00:00+00:00
historical_mock_realized,2025-12-18,2025-12-18 17:00:00+00:00,BE,wind_offshore,tso_reference,TSO forecast,tso_forecast,2208,2025-12-19 16:00:00+00:00,1237.375,1086.02,,2025-09-17 17:00:00+00:00,2025-12-18 16:00:00+00:00
historical_mock_realized,2025-12-18,2025-12-18 17:00:00+00:00,BE,wind_offshore,tso_reference,TSO forecast,tso_forecast,2208,2025-12-19 17:00:00+00:00,1070.0,833.79,,2025-09-17 17:00:00+00:00,2025-12-18 16:00:00+00:00
historical_mock_realized,2025-12-18,2025-12-18 17:00:00+00:00,FR,wind_offshore,tso_reference,TSO forecast,tso_forecast,2208,2025-12-18 18:00:00+00:00,1045.5,1718.975,,2025-09-17 17:00:00+00:00,2025-12-18 16:00:00+00:00
historical_mock_realized,2025-12-18,2025-12-18 17:00:00+00:00,FR,wind_offshore,tso_reference,TSO forecast,tso_forecast,2208,2025-12-18 19:00:00+00:00,1037.0,1595.84,,2025-09-17 17:00:00+00:00,2025-12-18 16:00:00+00:00
historical_mock_realized,2025-12-18,2025-12-18 17:00:00+00:00,FR,wind_offshore,tso_reference,TSO forecast,tso_forecast,2208,2025-12-18 20:00:00+00:00,1005.0,1559.7825,,2025-09-17 17:00:00+00:00,2025-12-18 16:00:00+00:00
historical_mock_realized,2025-12-18,2025-12-18 17:00:00+00:00,FR,wind_offshore,tso_reference,TSO forecast,tso_forecast,2208,2025-12-18 21:00:00+00:00,954.5,1677.1325,,2025-09-17 17:00:00+00:00,2025-12-18 16:00:00+00:00
historical_mock_realized,2025-12-18,2025-12-18 17:00:00+00:00,FR,wind_offshore,tso_reference,TSO forecast,tso_forecast,2208,2025-12-18 22:00:00+00:00,895.25,1610.215,,2025-09-17 17:00:00+00:00,2025-12-18 16:00:00+00:00
historical_mock_realized,2025-12-18,2025-12-18 17:00:00+00:00,FR,wind_offshore,tso_reference,TSO forecast,tso_forecast,2208,2025-12-18 23:00:00+00:00,819.75,1352.7875,,2025-09-17 17:00:00+00:00,2025-12-18 16:00:00+00:00
historical_mock_realized,2025-12-18,2025-12-18 17:00:00+00:00,FR,wind_offshore,tso_reference,TSO forecast,tso_forecast,2208,2025-12-19 00:00:00+00:00,779.75,1109.145,,2025-09-17 17:00:00+00:00,2025-12-18 16:00:00+00:00
historical_mock_realized,2025-12-18,2025-12-18 17:00:00+00:00,FR,wind_offshore,tso_reference,TSO forecast,tso_forecast,2208,2025-12-19 01:00:00+00:00,724.5,1339.7325,,2025-09-17 17:00:00+00:00,2025-12-18 16:00:00+00:00
historical_mock_realized,2025-12-18,2025-12-18 17:00:00+00:00,FR,wind_offshore,tso_reference,TSO forecast,tso_forecast,2208,2025-12-19 02:00:00+00:00,634.0,929.495,,2025-09-17 17:00:00+00:00,2025-12-18 16:00:00+00:00
historical_mock_realized,2025-12-18,2025-12-18 17:00:00+00:00,FR,wind_offshore,tso_reference,TSO forecast,tso_forecast,2208,2025-12-19 03:00:00+00:00,539.0,823.4449999999999,,2025-09-17 17:00:00+00:00,2025-12-18 16:00:00+00:00
historical_mock_realized,2025-12-18,2025-12-18 17:00:00+00:00,FR,wind_offshore,tso_reference,TSO forecast,tso_forecast,2208,2025-12-19 04:00:00+00:00,456.5,761.4125,,2025-09-17 17:00:00+00:00,2025-12-18 16:00:00+00:00
historical_mock_realized,2025-12-18,2025-12-18 17:00:00+00:00,FR,wind_offshore,tso_reference,TSO forecast,tso_forecast,2208,2025-12-19 05:00:00+00:00,375.75,585.7574999999999,,2025-09-17 17:00:00+00:00,2025-12-18 16:00:00+00:00
historical_mock_realized,2025-12-18,2025-12-18 17:00:00+00:00,FR,wind_offshore,tso_reference,TSO forecast,tso_forecast,2208,2025-12-19 06:00:00+00:00,288.0,545.3725,,2025-09-17 17:00:00+00:00,2025-12-18 16:00:00+00:00
historical_mock_realized,2025-12-18,2025-12-18 17:00:00+00:00,FR,wind_offshore,tso_reference,TSO forecast,tso_forecast,2208,2025-12-19 07:00:00+00:00,225.5,411.6075,,2025-09-17 17:00:00+00:00,2025-12-18 16:00:00+00:00
historical_mock_realized,2025-12-18,2025-12-18 17:00:00+00:00,FR,wind_offshore,tso_reference,TSO forecast,tso_forecast,2208,2025-12-19 08:00:00+00:00,202.0,344.3125,,2025-09-17 17:00:00+00:00,2025-12-18 16:00:00+00:00
historical_mock_realized,2025-12-18,2025-12-18 17:00:00+00:00,FR,wind_offshore,tso_reference,TSO forecast,tso_forecast,2208,2025-12-19 09:00:00+00:00,204.0,371.3725,,2025-09-17 17:00:00+00:00,2025-12-18 16:00:00+00:00
historical_mock_realized,2025-12-18,2025-12-18 17:00:00+00:00,FR,wind_offshore,tso_reference,TSO forecast,tso_forecast,2208,2025-12-19 10:00:00+00:00,213.0,425.4375,,2025-09-17 17:00:00+00:00,2025-12-18 16:00:00+00:00
historical_mock_realized,2025-12-18,2025-12-18 17:00:00+00:00,FR,wind_offshore,tso_reference,TSO forecast,tso_forecast,2208,2025-12-19 11:00:00+00:00,223.0,421.1425,,2025-09-17 17:00:00+00:00,2025-12-18 16:00:00+00:00
historical_mock_realized,2025-12-18,2025-12-18 17:00:00+00:00,FR,wind_offshore,tso_reference,TSO forecast,tso_forecast,2208,2025-12-19 12:00:00+00:00,238.0,399.5725,,2025-09-17 17:00:00+00:00,2025-12-18 16:00:00+00:00
historical_mock_realized,2025-12-18,2025-12-18 17:00:00+00:00,FR,wind_offshore,tso_reference,TSO forecast,tso_forecast,2208,2025-12-19 13:00:00+00:00,238.25,396.93,,2025-09-17 17:00:00+00:00,2025-12-18 16:00:00+00:00
historical_mock_realized,2025-12-18,2025-12-18 17:00:00+00:00,FR,wind_offshore,tso_reference,TSO forecast,tso_forecast,2208,2025-12-19 14:00:00+00:00,219.5,272.12,,2025-09-17 17:00:00+00:00,2025-12-18 16:00:00+00:00
historical_mock_realized,2025-12-18,2025-12-18 17:00:00+00:00,FR,wind_offshore,tso_reference,TSO forecast,tso_forecast,2208,2025-12-19 15:00:00+00:00,194.5,252.96,,2025-09-17 17:00:00+00:00,2025-12-18 16:00:00+00:00
historical_mock_realized,2025-12-18,2025-12-18 17:00:00+00:00,FR,wind_offshore,tso_reference,TSO forecast,tso_forecast,2208,2025-12-19 16:00:00+00:00,173.0,227.27,,2025-09-17 17:00:00+00:00,2025-12-18 16:00:00+00:00
historical_mock_realized,2025-12-18,2025-12-18 17:00:00+00:00,FR,wind_offshore,tso_reference,TSO forecast,tso_forecast,2208,2025-12-19 17:00:00+00:00,158.5,235.1175,,2025-09-17 17:00:00+00:00,2025-12-18 16:00:00+00:00
historical_mock_realized,2025-12-18,2025-12-18 17:00:00+00:00,DE,wind_offshore,tso_reference,TSO forecast,tso_forecast,2208,2025-12-18 18:00:00+00:00,6153.075,7841.5095,,2025-09-17 17:00:00+00:00,2025-12-18 16:00:00+00:00
historical_mock_realized,2025-12-18,2025-12-18 17:00:00+00:00,DE,wind_offshore,tso_reference,TSO forecast,tso_forecast,2208,2025-12-18 19:00:00+00:00,6009.3025,7418.21375,,2025-09-17 17:00:00+00:00,2025-12-18 16:00:00+00:00
historical_mock_realized,2025-12-18,2025-12-18 17:00:00+00:00,DE,wind_offshore,tso_reference,TSO forecast,tso_forecast,2208,2025-12-18 20:00:00+00:00,5900.5675,6824.1115,,2025-09-17 17:00:00+00:00,2025-12-18 16:00:00+00:00
historical_mock_realized,2025-12-18,2025-12-18 17:00:00+00:00,DE,wind_offshore,tso_reference,TSO forecast,tso_forecast,2208,2025-12-18 21:00:00+00:00,5725.255,6778.28025,,2025-09-17 17:00:00+00:00,2025-12-18 16:00:00+00:00
historical_mock_realized,2025-12-18,2025-12-18 17:00:00+00:00,DE,wind_offshore,tso_reference,TSO forecast,tso_forecast,2208,2025-12-18 22:00:00+00:00,5665.215,6057.763,,2025-09-17 17:00:00+00:00,2025-12-18 16:00:00+00:00
historical_mock_realized,2025-12-18,2025-12-18 17:00:00+00:00,DE,wind_offshore,tso_reference,TSO forecast,tso_forecast,2208,2025-12-18 23:00:00+00:00,5654.1375,6324.54025,,2025-09-17 17:00:00+00:00,2025-12-18 16:00:00+00:00
historical_mock_realized,2025-12-18,2025-12-18 17:00:00+00:00,DE,wind_offshore,tso_reference,TSO forecast,tso_forecast,2208,2025-12-19 00:00:00+00:00,5693.1575,5753.1990000000005,,2025-09-17 17:00:00+00:00,2025-12-18 16:00:00+00:00
historical_mock_realized,2025-12-18,2025-12-18 17:00:00+00:00,DE,wind_offshore,tso_reference,TSO forecast,tso_forecast,2208,2025-12-19 01:00:00+00:00,5698.2025,6257.66175,,2025-09-17 17:00:00+00:00,2025-12-18 16:00:00+00:00
historical_mock_realized,2025-12-18,2025-12-18 17:00:00+00:00,DE,wind_offshore,tso_reference,TSO forecast,tso_forecast,2208,2025-12-19 02:00:00+00:00,5715.4425,6292.9985,,2025-09-17 17:00:00+00:00,2025-12-18 16:00:00+00:00
historical_mock_realized,2025-12-18,2025-12-18 17:00:00+00:00,DE,wind_offshore,tso_reference,TSO forecast,tso_forecast,2208,2025-12-19 03:00:00+00:00,5758.945,6391.401,,2025-09-17 17:00:00+00:00,2025-12-18 16:00:00+00:00
historical_mock_realized,2025-12-18,2025-12-18 17:00:00+00:00,DE,wind_offshore,tso_reference,TSO forecast,tso_forecast,2208,2025-12-19 04:00:00+00:00,5832.265,6266.408,,2025-09-17 17:00:00+00:00,2025-12-18 16:00:00+00:00
historical_mock_realized,2025-12-18,2025-12-18 17:00:00+00:00,DE,wind_offshore,tso_reference,TSO forecast,tso_forecast,2208,2025-12-19 05:00:00+00:00,5908.64,6025.7119999999995,,2025-09-17 17:00:00+00:00,2025-12-18 16:00:00+00:00
historical_mock_realized,2025-12-18,2025-12-18 17:00:00+00:00,DE,wind_offshore,tso_reference,TSO forecast,tso_forecast,2208,2025-12-19 06:00:00+00:00,5955.0625,5579.62725,,2025-09-17 17:00:00+00:00,2025-12-18 16:00:00+00:00
historical_mock_realized,2025-12-18,2025-12-18 17:00:00+00:00,DE,wind_offshore,tso_reference,TSO forecast,tso_forecast,2208,2025-12-19 07:00:00+00:00,5815.04,5885.7155,,2025-09-17 17:00:00+00:00,2025-12-18 16:00:00+00:00
historical_mock_realized,2025-12-18,2025-12-18 17:00:00+00:00,DE,wind_offshore,tso_reference,TSO forecast,tso_forecast,2208,2025-12-19 08:00:00+00:00,5500.4775,6153.5962500000005,,2025-09-17 17:00:00+00:00,2025-12-18 16:00:00+00:00
historical_mock_realized,2025-12-18,2025-12-18 17:00:00+00:00,DE,wind_offshore,tso_reference,TSO forecast,tso_forecast,2208,2025-12-19 09:00:00+00:00,5459.735000000001,5510.4265,,2025-09-17 17:00:00+00:00,2025-12-18 16:00:00+00:00
historical_mock_realized,2025-12-18,2025-12-18 17:00:00+00:00,DE,wind_offshore,tso_reference,TSO forecast,tso_forecast,2208,2025-12-19 10:00:00+00:00,5384.455,4883.041,,2025-09-17 17:00:00+00:00,2025-12-18 16:00:00+00:00
historical_mock_realized,2025-12-18,2025-12-18 17:00:00+00:00,DE,wind_offshore,tso_reference,TSO forecast,tso_forecast,2208,2025-12-19 11:00:00+00:00,5388.4225,4720.1455,,2025-09-17 17:00:00+00:00,2025-12-18 16:00:00+00:00
historical_mock_realized,2025-12-18,2025-12-18 17:00:00+00:00,DE,wind_offshore,tso_reference,TSO forecast,tso_forecast,2208,2025-12-19 12:00:00+00:00,5499.5475,4639.04225,,2025-09-17 17:00:00+00:00,2025-12-18 16:00:00+00:00
historical_mock_realized,2025-12-18,2025-12-18 17:00:00+00:00,DE,wind_offshore,tso_reference,TSO forecast,tso_forecast,2208,2025-12-19 13:00:00+00:00,5638.8,4343.523499999999,,2025-09-17 17:00:00+00:00,2025-12-18 16:00:00+00:00
historical_mock_realized,2025-12-18,2025-12-18 17:00:00+00:00,DE,wind_offshore,tso_reference,TSO forecast,tso_forecast,2208,2025-12-19 14:00:00+00:00,5806.9425,5164.62025,,2025-09-17 17:00:00+00:00,2025-12-18 16:00:00+00:00
historical_mock_realized,2025-12-18,2025-12-18 17:00:00+00:00,DE,wind_offshore,tso_reference,TSO forecast,tso_forecast,2208,2025-12-19 15:00:00+00:00,6018.71,5674.66125,,2025-09-17 17:00:00+00:00,2025-12-18 16:00:00+00:00
historical_mock_realized,2025-12-18,2025-12-18 17:00:00+00:00,DE,wind_offshore,tso_reference,TSO forecast,tso_forecast,2208,2025-12-19 16:00:00+00:00,6192.57,5988.8855,,2025-09-17 17:00:00+00:00,2025-12-18 16:00:00+00:00
historical_mock_realized,2025-12-18,2025-12-18 17:00:00+00:00,DE,wind_offshore,tso_reference,TSO forecast,tso_forecast,2208,2025-12-19 17:00:00+00:00,6262.5525,6119.8189999999995,,2025-09-17 17:00:00+00:00,2025-12-18 16:00:00+00:00
historical_mock_realized,2025-12-18,2025-12-18 17:00:00+00:00,BE,wind_offshore,persistence,Persistence,daily_persistence,2208,2025-12-18 18:00:00+00:00,1755.87,2163.88,,2025-09-17 17:00:00+00:00,2025-12-18 16:00:00+00:00
historical_mock_realized,2025-12-18,2025-12-18 17:00:00+00:00,BE,wind_offshore,persistence,Persistence,daily_persistence,2208,2025-12-18 19:00:00+00:00,1978.72,2169.5625,,2025-09-17 17:00:00+00:00,2025-12-18 16:00:00+00:00
historical_mock_realized,2025-12-18,2025-12-18 17:00:00+00:00,BE,wind_offshore,persistence,Persistence,daily_persistence,2208,2025-12-18 20:00:00+00:00,2060.9375,2173.975,,2025-09-17 17:00:00+00:00,2025-12-18 16:00:00+00:00
historical_mock_realized,2025-12-18,2025-12-18 17:00:00+00:00,BE,wind_offshore,persistence,Persistence,daily_persistence,2208,2025-12-18 21:00:00+00:00,2005.8275,2156.315,,2025-09-17 17:00:00+00:00,2025-12-18 16:00:00+00:00
historical_mock_realized,2025-12-18,2025-12-18 17:00:00+00:00,BE,wind_offshore,persistence,Persistence,daily_persistence,2208,2025-12-18 22:00:00+00:00,2113.8,2150.7725,,2025-09-17 17:00:00+00:00,2025-12-18 16:00:00+00:00
historical_mock_realized,2025-12-18,2025-12-18 17:00:00+00:00,BE,wind_offshore,persistence,Persistence,daily_persistence,2208,2025-12-18 23:00:00+00:00,2161.34,2143.185,,2025-09-17 17:00:00+00:00,2025-12-18 16:00:00+00:00
historical_mock_realized,2025-12-18,2025-12-18 17:00:00+00:00,BE,wind_offshore,persistence,Persistence,daily_persistence,2208,2025-12-19 00:00:00+00:00,2171.9425,2086.4425,,2025-09-17 17:00:00+00:00,2025-12-18 16:00:00+00:00
historical_mock_realized,2025-12-18,2025-12-18 17:00:00+00:00,BE,wind_offshore,persistence,Persistence,daily_persistence,2208,2025-12-19 01:00:00+00:00,2177.3675,1976.1225,,2025-09-17 17:00:00+00:00,2025-12-18 16:00:00+00:00
historical_mock_realized,2025-12-18,2025-12-18 17:00:00+00:00,BE,wind_offshore,persistence,Persistence,daily_persistence,2208,2025-12-19 02:00:00+00:00,2173.805,1772.23,,2025-09-17 17:00:00+00:00,2025-12-18 16:00:00+00:00
historical_mock_realized,2025-12-18,2025-12-18 17:00:00+00:00,BE,wind_offshore,persistence,Persistence,daily_persistence,2208,2025-12-19 03:00:00+00:00,2168.9625,1629.66,,2025-09-17 17:00:00+00:00,2025-12-18 16:00:00+00:00
historical_mock_realized,2025-12-18,2025-12-18 17:00:00+00:00,BE,wind_offshore,persistence,Persistence,daily_persistence,2208,2025-12-19 04:00:00+00:00,2178.8125,1281.2375,,2025-09-17 17:00:00+00:00,2025-12-18 16:00:00+00:00
historical_mock_realized,2025-12-18,2025-12-18 17:00:00+00:00,BE,wind_offshore,persistence,Persistence,daily_persistence,2208,2025-12-19 05:00:00+00:00,2178.9125,855.7875,,2025-09-17 17:00:00+00:00,2025-12-18 16:00:00+00:00
historical_mock_realized,2025-12-18,2025-12-18 17:00:00+00:00,BE,wind_offshore,persistence,Persistence,daily_persistence,2208,2025-12-19 06:00:00+00:00,2170.2075,971.76,,2025-09-17 17:00:00+00:00,2025-12-18 16:00:00+00:00
historical_mock_realized,2025-12-18,2025-12-18 17:00:00+00:00,BE,wind_offshore,persistence,Persistence,daily_persistence,2208,2025-12-19 07:00:00+00:00,2157.1125,703.45,,2025-09-17 17:00:00+00:00,2025-12-18 16:00:00+00:00
historical_mock_realized,2025-12-18,2025-12-18 17:00:00+00:00,BE,wind_offshore,persistence,Persistence,daily_persistence,2208,2025-12-19 08:00:00+00:00,2149.88,706.4925,,2025-09-17 17:00:00+00:00,2025-12-18 16:00:00+00:00
historical_mock_realized,2025-12-18,2025-12-18 17:00:00+00:00,BE,wind_offshore,persistence,Persistence,daily_persistence,2208,2025-12-19 09:00:00+00:00,2143.8625,605.695,,2025-09-17 17:00:00+00:00,2025-12-18 16:00:00+00:00
historical_mock_realized,2025-12-18,2025-12-18 17:00:00+00:00,BE,wind_offshore,persistence,Persistence,daily_persistence,2208,2025-12-19 10:00:00+00:00,2131.2425,812.405,,2025-09-17 17:00:00+00:00,2025-12-18 16:00:00+00:00
historical_mock_realized,2025-12-18,2025-12-18 17:00:00+00:00,BE,wind_offshore,persistence,Persistence,daily_persistence,2208,2025-12-19 11:00:00+00:00,2129.45,1072.19,,2025-09-17 17:00:00+00:00,2025-12-18 16:00:00+00:00
historical_mock_realized,2025-12-18,2025-12-18 17:00:00+00:00,BE,wind_offshore,persistence,Persistence,daily_persistence,2208,2025-12-19 12:00:00+00:00,2103.7825,1179.415,,2025-09-17 17:00:00+00:00,2025-12-18 16:00:00+00:00
historical_mock_realized,2025-12-18,2025-12-18 17:00:00+00:00,BE,wind_offshore,persistence,Persistence,daily_persistence,2208,2025-12-19 13:00:00+00:00,2104.5575,1369.7,,2025-09-17 17:00:00+00:00,2025-12-18 16:00:00+00:00
historical_mock_realized,2025-12-18,2025-12-18 17:00:00+00:00,BE,wind_offshore,persistence,Persistence,daily_persistence,2208,2025-12-19 14:00:00+00:00,2150.82,1263.08,,2025-09-17 17:00:00+00:00,2025-12-18 16:00:00+00:00
historical_mock_realized,2025-12-18,2025-12-18 17:00:00+00:00,BE,wind_offshore,persistence,Persistence,daily_persistence,2208,2025-12-19 15:00:00+00:00,2164.3275,1233.0225,,2025-09-17 17:00:00+00:00,2025-12-18 16:00:00+00:00
historical_mock_realized,2025-12-18,2025-12-18 17:00:00+00:00,BE,wind_offshore,persistence,Persistence,daily_persistence,2208,2025-12-19 16:00:00+00:00,2172.5925,1086.02,,2025-09-17 17:00:00+00:00,2025-12-18 16:00:00+00:00
historical_mock_realized,2025-12-18,2025-12-18 17:00:00+00:00,BE,wind_offshore,persistence,Persistence,daily_persistence,2208,2025-12-19 17:00:00+00:00,2166.79,833.79,,2025-09-17 17:00:00+00:00,2025-12-18 16:00:00+00:00
historical_mock_realized,2025-12-18,2025-12-18 17:00:00+00:00,FR,wind_offshore,persistence,Persistence,daily_persistence,2208,2025-12-18 18:00:00+00:00,1466.4,1718.975,,2025-09-17 17:00:00+00:00,2025-12-18 16:00:00+00:00
historical_mock_realized,2025-12-18,2025-12-18 17:00:00+00:00,FR,wind_offshore,persistence,Persistence,daily_persistence,2208,2025-12-18 19:00:00+00:00,1561.82,1595.84,,2025-09-17 17:00:00+00:00,2025-12-18 16:00:00+00:00
historical_mock_realized,2025-12-18,2025-12-18 17:00:00+00:00,FR,wind_offshore,persistence,Persistence,daily_persistence,2208,2025-12-18 20:00:00+00:00,1647.0475,1559.7825,,2025-09-17 17:00:00+00:00,2025-12-18 16:00:00+00:00
historical_mock_realized,2025-12-18,2025-12-18 17:00:00+00:00,FR,wind_offshore,persistence,Persistence,daily_persistence,2208,2025-12-18 21:00:00+00:00,1701.7925,1677.1325,,2025-09-17 17:00:00+00:00,2025-12-18 16:00:00+00:00
historical_mock_realized,2025-12-18,2025-12-18 17:00:00+00:00,FR,wind_offshore,persistence,Persistence,daily_persistence,2208,2025-12-18 22:00:00+00:00,1751.5275,1610.215,,2025-09-17 17:00:00+00:00,2025-12-18 16:00:00+00:00
historical_mock_realized,2025-12-18,2025-12-18 17:00:00+00:00,FR,wind_offshore,persistence,Persistence,daily_persistence,2208,2025-12-18 23:00:00+00:00,1762.9225,1352.7875,,2025-09-17 17:00:00+00:00,2025-12-18 16:00:00+00:00
historical_mock_realized,2025-12-18,2025-12-18 17:00:00+00:00,FR,wind_offshore,persistence,Persistence,daily_persistence,2208,2025-12-19 00:00:00+00:00,1789.0125,1109.145,,2025-09-17 17:00:00+00:00,2025-12-18 16:00:00+00:00
historical_mock_realized,2025-12-18,2025-12-18 17:00:00+00:00,FR,wind_offshore,persistence,Persistence,daily_persistence,2208,2025-12-19 01:00:00+00:00,1795.665,1339.7325,,2025-09-17 17:00:00+00:00,2025-12-18 16:00:00+00:00
historical_mock_realized,2025-12-18,2025-12-18 17:00:00+00:00,FR,wind_offshore,persistence,Persistence,daily_persistence,2208,2025-12-19 02:00:00+00:00,1797.9075,929.495,,2025-09-17 17:00:00+00:00,2025-12-18 16:00:00+00:00
historical_mock_realized,2025-12-18,2025-12-18 17:00:00+00:00,FR,wind_offshore,persistence,Persistence,daily_persistence,2208,2025-12-19 03:00:00+00:00,1797.3725,823.4449999999999,,2025-09-17 17:00:00+00:00,2025-12-18 16:00:00+00:00
historical_mock_realized,2025-12-18,2025-12-18 17:00:00+00:00,FR,wind_offshore,persistence,Persistence,daily_persistence,2208,2025-12-19 04:00:00+00:00,1789.8200000000002,761.4125,,2025-09-17 17:00:00+00:00,2025-12-18 16:00:00+00:00
historical_mock_realized,2025-12-18,2025-12-18 17:00:00+00:00,FR,wind_offshore,persistence,Persistence,daily_persistence,2208,2025-12-19 05:00:00+00:00,1784.2925,585.7574999999999,,2025-09-17 17:00:00+00:00,2025-12-18 16:00:00+00:00
historical_mock_realized,2025-12-18,2025-12-18 17:00:00+00:00,FR,wind_offshore,persistence,Persistence,daily_persistence,2208,2025-12-19 06:00:00+00:00,1767.2625,545.3725,,2025-09-17 17:00:00+00:00,2025-12-18 16:00:00+00:00
historical_mock_realized,2025-12-18,2025-12-18 17:00:00+00:00,FR,wind_offshore,persistence,Persistence,daily_persistence,2208,2025-12-19 07:00:00+00:00,1792.4,411.6075,,2025-09-17 17:00:00+00:00,2025-12-18 16:00:00+00:00
historical_mock_realized,2025-12-18,2025-12-18 17:00:00+00:00,FR,wind_offshore,persistence,Persistence,daily_persistence,2208,2025-12-19 08:00:00+00:00,1783.0425,344.3125,,2025-09-17 17:00:00+00:00,2025-12-18 16:00:00+00:00
historical_mock_realized,2025-12-18,2025-12-18 17:00:00+00:00,FR,wind_offshore,persistence,Persistence,daily_persistence,2208,2025-12-19 09:00:00+00:00,1810.4025,371.3725,,2025-09-17 17:00:00+00:00,2025-12-18 16:00:00+00:00
historical_mock_realized,2025-12-18,2025-12-18 17:00:00+00:00,FR,wind_offshore,persistence,Persistence,daily_persistence,2208,2025-12-19 10:00:00+00:00,1806.435,425.4375,,2025-09-17 17:00:00+00:00,2025-12-18 16:00:00+00:00
historical_mock_realized,2025-12-18,2025-12-18 17:00:00+00:00,FR,wind_offshore,persistence,Persistence,daily_persistence,2208,2025-12-19 11:00:00+00:00,1817.4375,421.1425,,2025-09-17 17:00:00+00:00,2025-12-18 16:00:00+00:00
historical_mock_realized,2025-12-18,2025-12-18 17:00:00+00:00,FR,wind_offshore,persistence,Persistence,daily_persistence,2208,2025-12-19 12:00:00+00:00,1726.585,399.5725,,2025-09-17 17:00:00+00:00,2025-12-18 16:00:00+00:00
historical_mock_realized,2025-12-18,2025-12-18 17:00:00+00:00,FR,wind_offshore,persistence,Persistence,daily_persistence,2208,2025-12-19 13:00:00+00:00,1351.675,396.93,,2025-09-17 17:00:00+00:00,2025-12-18 16:00:00+00:00
historical_mock_realized,2025-12-18,2025-12-18 17:00:00+00:00,FR,wind_offshore,persistence,Persistence,daily_persistence,2208,2025-12-19 14:00:00+00:00,1513.4175,272.12,,2025-09-17 17:00:00+00:00,2025-12-18 16:00:00+00:00
historical_mock_realized,2025-12-18,2025-12-18 17:00:00+00:00,FR,wind_offshore,persistence,Persistence,daily_persistence,2208,2025-12-19 15:00:00+00:00,1811.9775,252.96,,2025-09-17 17:00:00+00:00,2025-12-18 16:00:00+00:00
historical_mock_realized,2025-12-18,2025-12-18 17:00:00+00:00,FR,wind_offshore,persistence,Persistence,daily_persistence,2208,2025-12-19 16:00:00+00:00,1820.52,227.27,,2025-09-17 17:00:00+00:00,2025-12-18 16:00:00+00:00
historical_mock_realized,2025-12-18,2025-12-18 17:00:00+00:00,FR,wind_offshore,persistence,Persistence,daily_persistence,2208,2025-12-19 17:00:00+00:00,1827.085,235.1175,,2025-09-17 17:00:00+00:00,2025-12-18 16:00:00+00:00
historical_mock_realized,2025-12-18,2025-12-18 17:00:00+00:00,DE,wind_offshore,persistence,Persistence,daily_persistence,2208,2025-12-18 18:00:00+00:00,3202.6057499999997,7841.5095,,2025-09-17 17:00:00+00:00,2025-12-18 16:00:00+00:00
historical_mock_realized,2025-12-18,2025-12-18 17:00:00+00:00,DE,wind_offshore,persistence,Persistence,daily_persistence,2208,2025-12-18 19:00:00+00:00,3432.124,7418.21375,,2025-09-17 17:00:00+00:00,2025-12-18 16:00:00+00:00
historical_mock_realized,2025-12-18,2025-12-18 17:00:00+00:00,DE,wind_offshore,persistence,Persistence,daily_persistence,2208,2025-12-18 20:00:00+00:00,4415.7855,6824.1115,,2025-09-17 17:00:00+00:00,2025-12-18 16:00:00+00:00
historical_mock_realized,2025-12-18,2025-12-18 17:00:00+00:00,DE,wind_offshore,persistence,Persistence,daily_persistence,2208,2025-12-18 21:00:00+00:00,5140.65225,6778.28025,,2025-09-17 17:00:00+00:00,2025-12-18 16:00:00+00:00
historical_mock_realized,2025-12-18,2025-12-18 17:00:00+00:00,DE,wind_offshore,persistence,Persistence,daily_persistence,2208,2025-12-18 22:00:00+00:00,5864.58075,6057.763,,2025-09-17 17:00:00+00:00,2025-12-18 16:00:00+00:00
historical_mock_realized,2025-12-18,2025-12-18 17:00:00+00:00,DE,wind_offshore,persistence,Persistence,daily_persistence,2208,2025-12-18 23:00:00+00:00,6442.64125,6324.54025,,2025-09-17 17:00:00+00:00,2025-12-18 16:00:00+00:00
historical_mock_realized,2025-12-18,2025-12-18 17:00:00+00:00,DE,wind_offshore,persistence,Persistence,daily_persistence,2208,2025-12-19 00:00:00+00:00,6348.33375,5753.1990000000005,,2025-09-17 17:00:00+00:00,2025-12-18 16:00:00+00:00
historical_mock_realized,2025-12-18,2025-12-18 17:00:00+00:00,DE,wind_offshore,persistence,Persistence,daily_persistence,2208,2025-12-19 01:00:00+00:00,6349.2935,6257.66175,,2025-09-17 17:00:00+00:00,2025-12-18 16:00:00+00:00
historical_mock_realized,2025-12-18,2025-12-18 17:00:00+00:00,DE,wind_offshore,persistence,Persistence,daily_persistence,2208,2025-12-19 02:00:00+00:00,6800.3907500000005,6292.9985,,2025-09-17 17:00:00+00:00,2025-12-18 16:00:00+00:00
historical_mock_realized,2025-12-18,2025-12-18 17:00:00+00:00,DE,wind_offshore,persistence,Persistence,daily_persistence,2208,2025-12-19 03:00:00+00:00,6364.9715,6391.401,,2025-09-17 17:00:00+00:00,2025-12-18 16:00:00+00:00
historical_mock_realized,2025-12-18,2025-12-18 17:00:00+00:00,DE,wind_offshore,persistence,Persistence,daily_persistence,2208,2025-12-19 04:00:00+00:00,5818.553,6266.408,,2025-09-17 17:00:00+00:00,2025-12-18 16:00:00+00:00
historical_mock_realized,2025-12-18,2025-12-18 17:00:00+00:00,DE,wind_offshore,persistence,Persistence,daily_persistence,2208,2025-12-19 05:00:00+00:00,5486.808,6025.7119999999995,,2025-09-17 17:00:00+00:00,2025-12-18 16:00:00+00:00
historical_mock_realized,2025-12-18,2025-12-18 17:00:00+00:00,DE,wind_offshore,persistence,Persistence,daily_persistence,2208,2025-12-19 06:00:00+00:00,4826.532,5579.62725,,2025-09-17 17:00:00+00:00,2025-12-18 16:00:00+00:00
historical_mock_realized,2025-12-18,2025-12-18 17:00:00+00:00,DE,wind_offshore,persistence,Persistence,daily_persistence,2208,2025-12-19 07:00:00+00:00,4373.33125,5885.7155,,2025-09-17 17:00:00+00:00,2025-12-18 16:00:00+00:00
historical_mock_realized,2025-12-18,2025-12-18 17:00:00+00:00,DE,wind_offshore,persistence,Persistence,daily_persistence,2208,2025-12-19 08:00:00+00:00,5022.19375,6153.5962500000005,,2025-09-17 17:00:00+00:00,2025-12-18 16:00:00+00:00
historical_mock_realized,2025-12-18,2025-12-18 17:00:00+00:00,DE,wind_offshore,persistence,Persistence,daily_persistence,2208,2025-12-19 09:00:00+00:00,5207.35225,5510.4265,,2025-09-17 17:00:00+00:00,2025-12-18 16:00:00+00:00
historical_mock_realized,2025-12-18,2025-12-18 17:00:00+00:00,DE,wind_offshore,persistence,Persistence,daily_persistence,2208,2025-12-19 10:00:00+00:00,5208.456,4883.041,,2025-09-17 17:00:00+00:00,2025-12-18 16:00:00+00:00
historical_mock_realized,2025-12-18,2025-12-18 17:00:00+00:00,DE,wind_offshore,persistence,Persistence,daily_persistence,2208,2025-12-19 11:00:00+00:00,5652.06325,4720.1455,,2025-09-17 17:00:00+00:00,2025-12-18 16:00:00+00:00
historical_mock_realized,2025-12-18,2025-12-18 17:00:00+00:00,DE,wind_offshore,persistence,Persistence,daily_persistence,2208,2025-12-19 12:00:00+00:00,5745.31325,4639.04225,,2025-09-17 17:00:00+00:00,2025-12-18 16:00:00+00:00
historical_mock_realized,2025-12-18,2025-12-18 17:00:00+00:00,DE,wind_offshore,persistence,Persistence,daily_persistence,2208,2025-12-19 13:00:00+00:00,6773.868,4343.523499999999,,2025-09-17 17:00:00+00:00,2025-12-18 16:00:00+00:00
historical_mock_realized,2025-12-18,2025-12-18 17:00:00+00:00,DE,wind_offshore,persistence,Persistence,daily_persistence,2208,2025-12-19 14:00:00+00:00,6951.30725,5164.62025,,2025-09-17 17:00:00+00:00,2025-12-18 16:00:00+00:00
historical_mock_realized,2025-12-18,2025-12-18 17:00:00+00:00,DE,wind_offshore,persistence,Persistence,daily_persistence,2208,2025-12-19 15:00:00+00:00,6695.61925,5674.66125,,2025-09-17 17:00:00+00:00,2025-12-18 16:00:00+00:00
historical_mock_realized,2025-12-18,2025-12-18 17:00:00+00:00,DE,wind_offshore,persistence,Persistence,daily_persistence,2208,2025-12-19 16:00:00+00:00,6743.07075,5988.8855,,2025-09-17 17:00:00+00:00,2025-12-18 16:00:00+00:00
historical_mock_realized,2025-12-18,2025-12-18 17:00:00+00:00,DE,wind_offshore,persistence,Persistence,daily_persistence,2208,2025-12-19 17:00:00+00:00,7573.079,6119.8189999999995,,2025-09-17 17:00:00+00:00,2025-12-18 16:00:00+00:00
historical_mock_realized,2025-12-18,2025-12-18 17:00:00+00:00,BE,wind_offshore,xgboost_online,XGBoost with covariates,weather_4p+tso_forecast,2208,2025-12-18 18:00:00+00:00,2162.696533203125,2163.88,,2025-09-17 17:00:00+00:00,2025-12-18 16:00:00+00:00
historical_mock_realized,2025-12-18,2025-12-18 17:00:00+00:00,BE,wind_offshore,xgboost_online,XGBoost with covariates,weather_4p+tso_forecast,2208,2025-12-18 19:00:00+00:00,2154.09716796875,2169.5625,,2025-09-17 17:00:00+00:00,2025-12-18 16:00:00+00:00
historical_mock_realized,2025-12-18,2025-12-18 17:00:00+00:00,BE,wind_offshore,xgboost_online,XGBoost with covariates,weather_4p+tso_forecast,2208,2025-12-18 20:00:00+00:00,2150.20947265625,2173.975,,2025-09-17 17:00:00+00:00,2025-12-18 16:00:00+00:00
historical_mock_realized,2025-12-18,2025-12-18 17:00:00+00:00,BE,wind_offshore,xgboost_online,XGBoost with covariates,weather_4p+tso_forecast,2208,2025-12-18 21:00:00+00:00,2138.4453125,2156.315,,2025-09-17 17:00:00+00:00,2025-12-18 16:00:00+00:00
historical_mock_realized,2025-12-18,2025-12-18 17:00:00+00:00,BE,wind_offshore,xgboost_online,XGBoost with covariates,weather_4p+tso_forecast,2208,2025-12-18 22:00:00+00:00,2138.4453125,2150.7725,,2025-09-17 17:00:00+00:00,2025-12-18 16:00:00+00:00
historical_mock_realized,2025-12-18,2025-12-18 17:00:00+00:00,BE,wind_offshore,xgboost_online,XGBoost with covariates,weather_4p+tso_forecast,2208,2025-12-18 23:00:00+00:00,2130.808349609375,2143.185,,2025-09-17 17:00:00+00:00,2025-12-18 16:00:00+00:00
historical_mock_realized,2025-12-18,2025-12-18 17:00:00+00:00,BE,wind_offshore,xgboost_online,XGBoost with covariates,weather_4p+tso_forecast,2208,2025-12-19 00:00:00+00:00,2123.875,2086.4425,,2025-09-17 17:00:00+00:00,2025-12-18 16:00:00+00:00
historical_mock_realized,2025-12-18,2025-12-18 17:00:00+00:00,BE,wind_offshore,xgboost_online,XGBoost with covariates,weather_4p+tso_forecast,2208,2025-12-19 01:00:00+00:00,2112.298583984375,1976.1225,,2025-09-17 17:00:00+00:00,2025-12-18 16:00:00+00:00
historical_mock_realized,2025-12-18,2025-12-18 17:00:00+00:00,BE,wind_offshore,xgboost_online,XGBoost with covariates,weather_4p+tso_forecast,2208,2025-12-19 02:00:00+00:00,2097.18310546875,1772.23,,2025-09-17 17:00:00+00:00,2025-12-18 16:00:00+00:00
historical_mock_realized,2025-12-18,2025-12-18 17:00:00+00:00,BE,wind_offshore,xgboost_online,XGBoost with covariates,weather_4p+tso_forecast,2208,2025-12-19 03:00:00+00:00,2048.592041015625,1629.66,,2025-09-17 17:00:00+00:00,2025-12-18 16:00:00+00:00
historical_mock_realized,2025-12-18,2025-12-18 17:00:00+00:00,BE,wind_offshore,xgboost_online,XGBoost with covariates,weather_4p+tso_forecast,2208,2025-12-19 04:00:00+00:00,1883.1683349609375,1281.2375,,2025-09-17 17:00:00+00:00,2025-12-18 16:00:00+00:00
historical_mock_realized,2025-12-18,2025-12-18 17:00:00+00:00,BE,wind_offshore,xgboost_online,XGBoost with covariates,weather_4p+tso_forecast,2208,2025-12-19 05:00:00+00:00,1561.2239990234375,855.7875,,2025-09-17 17:00:00+00:00,2025-12-18 16:00:00+00:00
historical_mock_realized,2025-12-18,2025-12-18 17:00:00+00:00,BE,wind_offshore,xgboost_online,XGBoost with covariates,weather_4p+tso_forecast,2208,2025-12-19 06:00:00+00:00,1308.8275146484375,971.76,,2025-09-17 17:00:00+00:00,2025-12-18 16:00:00+00:00
historical_mock_realized,2025-12-18,2025-12-18 17:00:00+00:00,BE,wind_offshore,xgboost_online,XGBoost with covariates,weather_4p+tso_forecast,2208,2025-12-19 07:00:00+00:00,1071.937744140625,703.45,,2025-09-17 17:00:00+00:00,2025-12-18 16:00:00+00:00
historical_mock_realized,2025-12-18,2025-12-18 17:00:00+00:00,BE,wind_offshore,xgboost_online,XGBoost with covariates,weather_4p+tso_forecast,2208,2025-12-19 08:00:00+00:00,810.8734741210938,706.4925,,2025-09-17 17:00:00+00:00,2025-12-18 16:00:00+00:00
historical_mock_realized,2025-12-18,2025-12-18 17:00:00+00:00,BE,wind_offshore,xgboost_online,XGBoost with covariates,weather_4p+tso_forecast,2208,2025-12-19 09:00:00+00:00,768.445068359375,605.695,,2025-09-17 17:00:00+00:00,2025-12-18 16:00:00+00:00
historical_mock_realized,2025-12-18,2025-12-18 17:00:00+00:00,BE,wind_offshore,xgboost_online,XGBoost with covariates,weather_4p+tso_forecast,2208,2025-12-19 10:00:00+00:00,766.2845458984375,812.405,,2025-09-17 17:00:00+00:00,2025-12-18 16:00:00+00:00
historical_mock_realized,2025-12-18,2025-12-18 17:00:00+00:00,BE,wind_offshore,xgboost_online,XGBoost with covariates,weather_4p+tso_forecast,2208,2025-12-19 11:00:00+00:00,873.1856689453125,1072.19,,2025-09-17 17:00:00+00:00,2025-12-18 16:00:00+00:00
historical_mock_realized,2025-12-18,2025-12-18 17:00:00+00:00,BE,wind_offshore,xgboost_online,XGBoost with covariates,weather_4p+tso_forecast,2208,2025-12-19 12:00:00+00:00,1001.7619018554688,1179.415,,2025-09-17 17:00:00+00:00,2025-12-18 16:00:00+00:00
historical_mock_realized,2025-12-18,2025-12-18 17:00:00+00:00,BE,wind_offshore,xgboost_online,XGBoost with covariates,weather_4p+tso_forecast,2208,2025-12-19 13:00:00+00:00,1050.884765625,1369.7,,2025-09-17 17:00:00+00:00,2025-12-18 16:00:00+00:00
historical_mock_realized,2025-12-18,2025-12-18 17:00:00+00:00,BE,wind_offshore,xgboost_online,XGBoost with covariates,weather_4p+tso_forecast,2208,2025-12-19 14:00:00+00:00,1062.2164306640625,1263.08,,2025-09-17 17:00:00+00:00,2025-12-18 16:00:00+00:00
historical_mock_realized,2025-12-18,2025-12-18 17:00:00+00:00,BE,wind_offshore,xgboost_online,XGBoost with covariates,weather_4p+tso_forecast,2208,2025-12-19 15:00:00+00:00,1162.0401611328125,1233.0225,,2025-09-17 17:00:00+00:00,2025-12-18 16:00:00+00:00
historical_mock_realized,2025-12-18,2025-12-18 17:00:00+00:00,BE,wind_offshore,xgboost_online,XGBoost with covariates,weather_4p+tso_forecast,2208,2025-12-19 16:00:00+00:00,1054.145751953125,1086.02,,2025-09-17 17:00:00+00:00,2025-12-18 16:00:00+00:00
historical_mock_realized,2025-12-18,2025-12-18 17:00:00+00:00,BE,wind_offshore,xgboost_online,XGBoost with covariates,weather_4p+tso_forecast,2208,2025-12-19 17:00:00+00:00,1052.12255859375,833.79,,2025-09-17 17:00:00+00:00,2025-12-18 16:00:00+00:00
historical_mock_realized,2025-12-18,2025-12-18 17:00:00+00:00,FR,wind_offshore,xgboost_online,XGBoost with covariates,weather_4p+tso_forecast,2208,2025-12-18 18:00:00+00:00,1761.7139892578125,1718.975,,2025-09-17 17:00:00+00:00,2025-12-18 16:00:00+00:00
historical_mock_realized,2025-12-18,2025-12-18 17:00:00+00:00,FR,wind_offshore,xgboost_online,XGBoost with covariates,weather_4p+tso_forecast,2208,2025-12-18 19:00:00+00:00,1742.7249755859375,1595.84,,2025-09-17 17:00:00+00:00,2025-12-18 16:00:00+00:00
historical_mock_realized,2025-12-18,2025-12-18 17:00:00+00:00,FR,wind_offshore,xgboost_online,XGBoost with covariates,weather_4p+tso_forecast,2208,2025-12-18 20:00:00+00:00,1719.836181640625,1559.7825,,2025-09-17 17:00:00+00:00,2025-12-18 16:00:00+00:00
historical_mock_realized,2025-12-18,2025-12-18 17:00:00+00:00,FR,wind_offshore,xgboost_online,XGBoost with covariates,weather_4p+tso_forecast,2208,2025-12-18 21:00:00+00:00,1701.7352294921875,1677.1325,,2025-09-17 17:00:00+00:00,2025-12-18 16:00:00+00:00
historical_mock_realized,2025-12-18,2025-12-18 17:00:00+00:00,FR,wind_offshore,xgboost_online,XGBoost with covariates,weather_4p+tso_forecast,2208,2025-12-18 22:00:00+00:00,1682.753173828125,1610.215,,2025-09-17 17:00:00+00:00,2025-12-18 16:00:00+00:00
historical_mock_realized,2025-12-18,2025-12-18 17:00:00+00:00,FR,wind_offshore,xgboost_online,XGBoost with covariates,weather_4p+tso_forecast,2208,2025-12-18 23:00:00+00:00,1650.894775390625,1352.7875,,2025-09-17 17:00:00+00:00,2025-12-18 16:00:00+00:00
historical_mock_realized,2025-12-18,2025-12-18 17:00:00+00:00,FR,wind_offshore,xgboost_online,XGBoost with covariates,weather_4p+tso_forecast,2208,2025-12-19 00:00:00+00:00,1537.271484375,1109.145,,2025-09-17 17:00:00+00:00,2025-12-18 16:00:00+00:00
historical_mock_realized,2025-12-18,2025-12-18 17:00:00+00:00,FR,wind_offshore,xgboost_online,XGBoost with covariates,weather_4p+tso_forecast,2208,2025-12-19 01:00:00+00:00,1449.24072265625,1339.7325,,2025-09-17 17:00:00+00:00,2025-12-18 16:00:00+00:00
historical_mock_realized,2025-12-18,2025-12-18 17:00:00+00:00,FR,wind_offshore,xgboost_online,XGBoost with covariates,weather_4p+tso_forecast,2208,2025-12-19 02:00:00+00:00,1383.8175048828125,929.495,,2025-09-17 17:00:00+00:00,2025-12-18 16:00:00+00:00
historical_mock_realized,2025-12-18,2025-12-18 17:00:00+00:00,FR,wind_offshore,xgboost_online,XGBoost with covariates,weather_4p+tso_forecast,2208,2025-12-19 03:00:00+00:00,1228.559814453125,823.4449999999999,,2025-09-17 17:00:00+00:00,2025-12-18 16:00:00+00:00
historical_mock_realized,2025-12-18,2025-12-18 17:00:00+00:00,FR,wind_offshore,xgboost_online,XGBoost with covariates,weather_4p+tso_forecast,2208,2025-12-19 04:00:00+00:00,1049.7037353515625,761.4125,,2025-09-17 17:00:00+00:00,2025-12-18 16:00:00+00:00
historical_mock_realized,2025-12-18,2025-12-18 17:00:00+00:00,FR,wind_offshore,xgboost_online,XGBoost with covariates,weather_4p+tso_forecast,2208,2025-12-19 05:00:00+00:00,959.8346557617188,585.7574999999999,,2025-09-17 17:00:00+00:00,2025-12-18 16:00:00+00:00
historical_mock_realized,2025-12-18,2025-12-18 17:00:00+00:00,FR,wind_offshore,xgboost_online,XGBoost with covariates,weather_4p+tso_forecast,2208,2025-12-19 06:00:00+00:00,749.66552734375,545.3725,,2025-09-17 17:00:00+00:00,2025-12-18 16:00:00+00:00
historical_mock_realized,2025-12-18,2025-12-18 17:00:00+00:00,FR,wind_offshore,xgboost_online,XGBoost with covariates,weather_4p+tso_forecast,2208,2025-12-19 07:00:00+00:00,592.9818725585938,411.6075,,2025-09-17 17:00:00+00:00,2025-12-18 16:00:00+00:00
historical_mock_realized,2025-12-18,2025-12-18 17:00:00+00:00,FR,wind_offshore,xgboost_online,XGBoost with covariates,weather_4p+tso_forecast,2208,2025-12-19 08:00:00+00:00,443.0841979980469,344.3125,,2025-09-17 17:00:00+00:00,2025-12-18 16:00:00+00:00
historical_mock_realized,2025-12-18,2025-12-18 17:00:00+00:00,FR,wind_offshore,xgboost_online,XGBoost with covariates,weather_4p+tso_forecast,2208,2025-12-19 09:00:00+00:00,355.9219665527344,371.3725,,2025-09-17 17:00:00+00:00,2025-12-18 16:00:00+00:00
historical_mock_realized,2025-12-18,2025-12-18 17:00:00+00:00,FR,wind_offshore,xgboost_online,XGBoost with covariates,weather_4p+tso_forecast,2208,2025-12-19 10:00:00+00:00,332.8294982910156,425.4375,,2025-09-17 17:00:00+00:00,2025-12-18 16:00:00+00:00
historical_mock_realized,2025-12-18,2025-12-18 17:00:00+00:00,FR,wind_offshore,xgboost_online,XGBoost with covariates,weather_4p+tso_forecast,2208,2025-12-19 11:00:00+00:00,332.8294982910156,421.1425,,2025-09-17 17:00:00+00:00,2025-12-18 16:00:00+00:00
historical_mock_realized,2025-12-18,2025-12-18 17:00:00+00:00,FR,wind_offshore,xgboost_online,XGBoost with covariates,weather_4p+tso_forecast,2208,2025-12-19 12:00:00+00:00,343.75396728515625,399.5725,,2025-09-17 17:00:00+00:00,2025-12-18 16:00:00+00:00
historical_mock_realized,2025-12-18,2025-12-18 17:00:00+00:00,FR,wind_offshore,xgboost_online,XGBoost with covariates,weather_4p+tso_forecast,2208,2025-12-19 13:00:00+00:00,343.75396728515625,396.93,,2025-09-17 17:00:00+00:00,2025-12-18 16:00:00+00:00
historical_mock_realized,2025-12-18,2025-12-18 17:00:00+00:00,FR,wind_offshore,xgboost_online,XGBoost with covariates,weather_4p+tso_forecast,2208,2025-12-19 14:00:00+00:00,343.75396728515625,272.12,,2025-09-17 17:00:00+00:00,2025-12-18 16:00:00+00:00
historical_mock_realized,2025-12-18,2025-12-18 17:00:00+00:00,FR,wind_offshore,xgboost_online,XGBoost with covariates,weather_4p+tso_forecast,2208,2025-12-19 15:00:00+00:00,334.6011962890625,252.96,,2025-09-17 17:00:00+00:00,2025-12-18 16:00:00+00:00
historical_mock_realized,2025-12-18,2025-12-18 17:00:00+00:00,FR,wind_offshore,xgboost_online,XGBoost with covariates,weather_4p+tso_forecast,2208,2025-12-19 16:00:00+00:00,305.31719970703125,227.27,,2025-09-17 17:00:00+00:00,2025-12-18 16:00:00+00:00
historical_mock_realized,2025-12-18,2025-12-18 17:00:00+00:00,FR,wind_offshore,xgboost_online,XGBoost with covariates,weather_4p+tso_forecast,2208,2025-12-19 17:00:00+00:00,254.36512756347656,235.1175,,2025-09-17 17:00:00+00:00,2025-12-18 16:00:00+00:00
historical_mock_realized,2025-12-18,2025-12-18 17:00:00+00:00,DE,wind_offshore,xgboost_online,XGBoost with covariates,weather_4p+tso_forecast,2208,2025-12-18 18:00:00+00:00,7016.89453125,7841.5095,,2025-09-17 17:00:00+00:00,2025-12-18 16:00:00+00:00
historical_mock_realized,2025-12-18,2025-12-18 17:00:00+00:00,DE,wind_offshore,xgboost_online,XGBoost with covariates,weather_4p+tso_forecast,2208,2025-12-18 19:00:00+00:00,6840.70068359375,7418.21375,,2025-09-17 17:00:00+00:00,2025-12-18 16:00:00+00:00
historical_mock_realized,2025-12-18,2025-12-18 17:00:00+00:00,DE,wind_offshore,xgboost_online,XGBoost with covariates,weather_4p+tso_forecast,2208,2025-12-18 20:00:00+00:00,6575.255859375,6824.1115,,2025-09-17 17:00:00+00:00,2025-12-18 16:00:00+00:00
historical_mock_realized,2025-12-18,2025-12-18 17:00:00+00:00,DE,wind_offshore,xgboost_online,XGBoost with covariates,weather_4p+tso_forecast,2208,2025-12-18 21:00:00+00:00,6427.97705078125,6778.28025,,2025-09-17 17:00:00+00:00,2025-12-18 16:00:00+00:00
historical_mock_realized,2025-12-18,2025-12-18 17:00:00+00:00,DE,wind_offshore,xgboost_online,XGBoost with covariates,weather_4p+tso_forecast,2208,2025-12-18 22:00:00+00:00,6359.73681640625,6057.763,,2025-09-17 17:00:00+00:00,2025-12-18 16:00:00+00:00
historical_mock_realized,2025-12-18,2025-12-18 17:00:00+00:00,DE,wind_offshore,xgboost_online,XGBoost with covariates,weather_4p+tso_forecast,2208,2025-12-18 23:00:00+00:00,6235.8564453125,6324.54025,,2025-09-17 17:00:00+00:00,2025-12-18 16:00:00+00:00
historical_mock_realized,2025-12-18,2025-12-18 17:00:00+00:00,DE,wind_offshore,xgboost_online,XGBoost with covariates,weather_4p+tso_forecast,2208,2025-12-19 00:00:00+00:00,6201.693359375,5753.1990000000005,,2025-09-17 17:00:00+00:00,2025-12-18 16:00:00+00:00
historical_mock_realized,2025-12-18,2025-12-18 17:00:00+00:00,DE,wind_offshore,xgboost_online,XGBoost with covariates,weather_4p+tso_forecast,2208,2025-12-19 01:00:00+00:00,6201.693359375,6257.66175,,2025-09-17 17:00:00+00:00,2025-12-18 16:00:00+00:00
historical_mock_realized,2025-12-18,2025-12-18 17:00:00+00:00,DE,wind_offshore,xgboost_online,XGBoost with covariates,weather_4p+tso_forecast,2208,2025-12-19 02:00:00+00:00,6211.8916015625,6292.9985,,2025-09-17 17:00:00+00:00,2025-12-18 16:00:00+00:00
historical_mock_realized,2025-12-18,2025-12-18 17:00:00+00:00,DE,wind_offshore,xgboost_online,XGBoost with covariates,weather_4p+tso_forecast,2208,2025-12-19 03:00:00+00:00,6222.7265625,6391.401,,2025-09-17 17:00:00+00:00,2025-12-18 16:00:00+00:00
historical_mock_realized,2025-12-18,2025-12-18 17:00:00+00:00,DE,wind_offshore,xgboost_online,XGBoost with covariates,weather_4p+tso_forecast,2208,2025-12-19 04:00:00+00:00,6240.71484375,6266.408,,2025-09-17 17:00:00+00:00,2025-12-18 16:00:00+00:00
historical_mock_realized,2025-12-18,2025-12-18 17:00:00+00:00,DE,wind_offshore,xgboost_online,XGBoost with covariates,weather_4p+tso_forecast,2208,2025-12-19 05:00:00+00:00,6299.8134765625,6025.7119999999995,,2025-09-17 17:00:00+00:00,2025-12-18 16:00:00+00:00
historical_mock_realized,2025-12-18,2025-12-18 17:00:00+00:00,DE,wind_offshore,xgboost_online,XGBoost with covariates,weather_4p+tso_forecast,2208,2025-12-19 06:00:00+00:00,6288.978515625,5579.62725,,2025-09-17 17:00:00+00:00,2025-12-18 16:00:00+00:00
historical_mock_realized,2025-12-18,2025-12-18 17:00:00+00:00,DE,wind_offshore,xgboost_online,XGBoost with covariates,weather_4p+tso_forecast,2208,2025-12-19 07:00:00+00:00,6281.13916015625,5885.7155,,2025-09-17 17:00:00+00:00,2025-12-18 16:00:00+00:00
historical_mock_realized,2025-12-18,2025-12-18 17:00:00+00:00,DE,wind_offshore,xgboost_online,XGBoost with covariates,weather_4p+tso_forecast,2208,2025-12-19 08:00:00+00:00,6044.7236328125,6153.5962500000005,,2025-09-17 17:00:00+00:00,2025-12-18 16:00:00+00:00
historical_mock_realized,2025-12-18,2025-12-18 17:00:00+00:00,DE,wind_offshore,xgboost_online,XGBoost with covariates,weather_4p+tso_forecast,2208,2025-12-19 09:00:00+00:00,5787.38134765625,5510.4265,,2025-09-17 17:00:00+00:00,2025-12-18 16:00:00+00:00
historical_mock_realized,2025-12-18,2025-12-18 17:00:00+00:00,DE,wind_offshore,xgboost_online,XGBoost with covariates,weather_4p+tso_forecast,2208,2025-12-19 10:00:00+00:00,5626.8232421875,4883.041,,2025-09-17 17:00:00+00:00,2025-12-18 16:00:00+00:00
historical_mock_realized,2025-12-18,2025-12-18 17:00:00+00:00,DE,wind_offshore,xgboost_online,XGBoost with covariates,weather_4p+tso_forecast,2208,2025-12-19 11:00:00+00:00,5500.2822265625,4720.1455,,2025-09-17 17:00:00+00:00,2025-12-18 16:00:00+00:00
historical_mock_realized,2025-12-18,2025-12-18 17:00:00+00:00,DE,wind_offshore,xgboost_online,XGBoost with covariates,weather_4p+tso_forecast,2208,2025-12-19 12:00:00+00:00,5276.275390625,4639.04225,,2025-09-17 17:00:00+00:00,2025-12-18 16:00:00+00:00
historical_mock_realized,2025-12-18,2025-12-18 17:00:00+00:00,DE,wind_offshore,xgboost_online,XGBoost with covariates,weather_4p+tso_forecast,2208,2025-12-19 13:00:00+00:00,5401.048828125,4343.523499999999,,2025-09-17 17:00:00+00:00,2025-12-18 16:00:00+00:00
historical_mock_realized,2025-12-18,2025-12-18 17:00:00+00:00,DE,wind_offshore,xgboost_online,XGBoost with covariates,weather_4p+tso_forecast,2208,2025-12-19 14:00:00+00:00,5440.2294921875,5164.62025,,2025-09-17 17:00:00+00:00,2025-12-18 16:00:00+00:00
historical_mock_realized,2025-12-18,2025-12-18 17:00:00+00:00,DE,wind_offshore,xgboost_online,XGBoost with covariates,weather_4p+tso_forecast,2208,2025-12-19 15:00:00+00:00,5489.375,5674.66125,,2025-09-17 17:00:00+00:00,2025-12-18 16:00:00+00:00
historical_mock_realized,2025-12-18,2025-12-18 17:00:00+00:00,DE,wind_offshore,xgboost_online,XGBoost with covariates,weather_4p+tso_forecast,2208,2025-12-19 16:00:00+00:00,5537.9482421875,5988.8855,,2025-09-17 17:00:00+00:00,2025-12-18 16:00:00+00:00
historical_mock_realized,2025-12-18,2025-12-18 17:00:00+00:00,DE,wind_offshore,xgboost_online,XGBoost with covariates,weather_4p+tso_forecast,2208,2025-12-19 17:00:00+00:00,5537.9482421875,6119.8189999999995,,2025-09-17 17:00:00+00:00,2025-12-18 16:00:00+00:00
