run_date,run_at,zone,target,model,model_label,covariate_case,context_hours,timestamp,forecast_mw,tso_forecast_mw,actual_mw,context_start,context_end
2026-07-24,2026-08-07 14:16:48+00:00,BE,load,tabpfn_online,TabPFN with covariates,Temp+tso_forecast,2208,2026-07-24 18:00:00+00:00,7195.2548828125,7061.525745435457,,2026-04-23 18:00:00+00:00,2026-07-24 17:00:00+00:00
2026-07-24,2026-08-07 14:16:48+00:00,BE,load,tabpfn_online,TabPFN with covariates,Temp+tso_forecast,2208,2026-07-24 19:00:00+00:00,7028.98046875,6928.851201122384,,2026-04-23 18:00:00+00:00,2026-07-24 17:00:00+00:00
2026-07-24,2026-08-07 14:16:48+00:00,BE,load,tabpfn_online,TabPFN with covariates,Temp+tso_forecast,2208,2026-07-24 20:00:00+00:00,6574.416015625,6620.190115047354,,2026-04-23 18:00:00+00:00,2026-07-24 17:00:00+00:00
2026-07-24,2026-08-07 14:16:48+00:00,BE,load,tabpfn_online,TabPFN with covariates,Temp+tso_forecast,2208,2026-07-24 21:00:00+00:00,6270.126953125,6135.3033744459435,,2026-04-23 18:00:00+00:00,2026-07-24 17:00:00+00:00
2026-07-24,2026-08-07 14:16:48+00:00,BE,load,tabpfn_online,TabPFN with covariates,Temp+tso_forecast,2208,2026-07-24 22:00:00+00:00,6183.7421875,6157.012695831686,,2026-04-23 18:00:00+00:00,2026-07-24 17:00:00+00:00
2026-07-24,2026-08-07 14:16:48+00:00,BE,load,tabpfn_online,TabPFN with covariates,Temp+tso_forecast,2208,2026-07-24 23:00:00+00:00,6070.142578125,6001.075905787377,,2026-04-23 18:00:00+00:00,2026-07-24 17:00:00+00:00
2026-07-24,2026-08-07 14:16:48+00:00,BE,load,tabpfn_online,TabPFN with covariates,Temp+tso_forecast,2208,2026-07-25 00:00:00+00:00,6039.658203125,6065.364330458247,,2026-04-23 18:00:00+00:00,2026-07-24 17:00:00+00:00
2026-07-24,2026-08-07 14:16:48+00:00,BE,load,tabpfn_online,TabPFN with covariates,Temp+tso_forecast,2208,2026-07-25 01:00:00+00:00,6052.5615234375,6120.2308359509,,2026-04-23 18:00:00+00:00,2026-07-24 17:00:00+00:00
2026-07-24,2026-08-07 14:16:48+00:00,BE,load,tabpfn_online,TabPFN with covariates,Temp+tso_forecast,2208,2026-07-25 02:00:00+00:00,6130.7294921875,6329.746302302677,,2026-04-23 18:00:00+00:00,2026-07-24 17:00:00+00:00
2026-07-24,2026-08-07 14:16:48+00:00,BE,load,tabpfn_online,TabPFN with covariates,Temp+tso_forecast,2208,2026-07-25 03:00:00+00:00,6125.9619140625,5997.227956333978,,2026-04-23 18:00:00+00:00,2026-07-24 17:00:00+00:00
2026-07-24,2026-08-07 14:16:48+00:00,BE,load,tabpfn_online,TabPFN with covariates,Temp+tso_forecast,2208,2026-07-25 04:00:00+00:00,6300.2880859375,6324.867719283136,,2026-04-23 18:00:00+00:00,2026-07-24 17:00:00+00:00
2026-07-24,2026-08-07 14:16:48+00:00,BE,load,tabpfn_online,TabPFN with covariates,Temp+tso_forecast,2208,2026-07-25 05:00:00+00:00,6452.81494140625,6542.995269221657,,2026-04-23 18:00:00+00:00,2026-07-24 17:00:00+00:00
2026-07-24,2026-08-07 14:16:48+00:00,BE,load,tabpfn_online,TabPFN with covariates,Temp+tso_forecast,2208,2026-07-25 06:00:00+00:00,6707.99658203125,6880.476142772889,,2026-04-23 18:00:00+00:00,2026-07-24 17:00:00+00:00
2026-07-24,2026-08-07 14:16:48+00:00,BE,load,tabpfn_online,TabPFN with covariates,Temp+tso_forecast,2208,2026-07-25 07:00:00+00:00,6989.4306640625,7141.0691033724,,2026-04-23 18:00:00+00:00,2026-07-24 17:00:00+00:00
2026-07-24,2026-08-07 14:16:48+00:00,BE,load,tabpfn_online,TabPFN with covariates,Temp+tso_forecast,2208,2026-07-25 08:00:00+00:00,7334.712890625,7389.919722630175,,2026-04-23 18:00:00+00:00,2026-07-24 17:00:00+00:00
2026-07-24,2026-08-07 14:16:48+00:00,BE,load,tabpfn_online,TabPFN with covariates,Temp+tso_forecast,2208,2026-07-25 09:00:00+00:00,7576.736328125,7739.072459813216,,2026-04-23 18:00:00+00:00,2026-07-24 17:00:00+00:00
2026-07-24,2026-08-07 14:16:48+00:00,BE,load,tabpfn_online,TabPFN with covariates,Temp+tso_forecast,2208,2026-07-25 10:00:00+00:00,7422.95556640625,7454.740157227003,,2026-04-23 18:00:00+00:00,2026-07-24 17:00:00+00:00
2026-07-24,2026-08-07 14:16:48+00:00,BE,load,tabpfn_online,TabPFN with covariates,Temp+tso_forecast,2208,2026-07-25 11:00:00+00:00,7508.06103515625,7520.748310777928,,2026-04-23 18:00:00+00:00,2026-07-24 17:00:00+00:00
2026-07-24,2026-08-07 14:16:48+00:00,BE,load,tabpfn_online,TabPFN with covariates,Temp+tso_forecast,2208,2026-07-25 12:00:00+00:00,7672.14453125,8002.370168574745,,2026-04-23 18:00:00+00:00,2026-07-24 17:00:00+00:00
2026-07-24,2026-08-07 14:16:48+00:00,BE,load,tabpfn_online,TabPFN with covariates,Temp+tso_forecast,2208,2026-07-25 13:00:00+00:00,7582.33984375,7439.958148241676,,2026-04-23 18:00:00+00:00,2026-07-24 17:00:00+00:00
2026-07-24,2026-08-07 14:16:48+00:00,BE,load,tabpfn_online,TabPFN with covariates,Temp+tso_forecast,2208,2026-07-25 14:00:00+00:00,7678.6552734375,7935.8597787366125,,2026-04-23 18:00:00+00:00,2026-07-24 17:00:00+00:00
2026-07-24,2026-08-07 14:16:48+00:00,BE,load,tabpfn_online,TabPFN with covariates,Temp+tso_forecast,2208,2026-07-25 15:00:00+00:00,7604.693359375,7879.992469332259,,2026-04-23 18:00:00+00:00,2026-07-24 17:00:00+00:00
2026-07-24,2026-08-07 14:16:48+00:00,BE,load,tabpfn_online,TabPFN with covariates,Temp+tso_forecast,2208,2026-07-25 16:00:00+00:00,7477.7548828125,7751.875760469797,,2026-04-23 18:00:00+00:00,2026-07-24 17:00:00+00:00
2026-07-24,2026-08-07 14:16:48+00:00,BE,load,tabpfn_online,TabPFN with covariates,Temp+tso_forecast,2208,2026-07-25 17:00:00+00:00,7365.91259765625,7605.438563004609,,2026-04-23 18:00:00+00:00,2026-07-24 17:00:00+00:00
2026-07-24,2026-08-07 14:16:48+00:00,BE,solar,tabpfn_online,TabPFN with covariates,weather_4p+tso_forecast,2208,2026-07-24 18:00:00+00:00,180.78173828125,179.66926241612205,,2026-04-23 18:00:00+00:00,2026-07-24 17:00:00+00:00
2026-07-24,2026-08-07 14:16:48+00:00,BE,solar,tabpfn_online,TabPFN with covariates,weather_4p+tso_forecast,2208,2026-07-24 19:00:00+00:00,7.145825386047363,24.754022316289145,,2026-04-23 18:00:00+00:00,2026-07-24 17:00:00+00:00
2026-07-24,2026-08-07 14:16:48+00:00,BE,solar,tabpfn_online,TabPFN with covariates,weather_4p+tso_forecast,2208,2026-07-24 20:00:00+00:00,2.9799811840057373,2.973374876255158,,2026-04-23 18:00:00+00:00,2026-07-24 17:00:00+00:00
2026-07-24,2026-08-07 14:16:48+00:00,BE,solar,tabpfn_online,TabPFN with covariates,weather_4p+tso_forecast,2208,2026-07-24 21:00:00+00:00,3.203390598297119,13.224205166718017,,2026-04-23 18:00:00+00:00,2026-07-24 17:00:00+00:00
2026-07-24,2026-08-07 14:16:48+00:00,BE,solar,tabpfn_online,TabPFN with covariates,weather_4p+tso_forecast,2208,2026-07-24 22:00:00+00:00,4.947012424468994,24.40878949653898,,2026-04-23 18:00:00+00:00,2026-07-24 17:00:00+00:00
2026-07-24,2026-08-07 14:16:48+00:00,BE,solar,tabpfn_online,TabPFN with covariates,weather_4p+tso_forecast,2208,2026-07-24 23:00:00+00:00,7.321845531463623,36.586948044751125,,2026-04-23 18:00:00+00:00,2026-07-24 17:00:00+00:00
2026-07-24,2026-08-07 14:16:48+00:00,BE,solar,tabpfn_online,TabPFN with covariates,weather_4p+tso_forecast,2208,2026-07-25 00:00:00+00:00,2.337158203125,2.546650599287972,,2026-04-23 18:00:00+00:00,2026-07-24 17:00:00+00:00
2026-07-24,2026-08-07 14:16:48+00:00,BE,solar,tabpfn_online,TabPFN with covariates,weather_4p+tso_forecast,2208,2026-07-25 01:00:00+00:00,3.824627161026001,18.29352499316466,,2026-04-23 18:00:00+00:00,2026-07-24 17:00:00+00:00
2026-07-24,2026-08-07 14:16:48+00:00,BE,solar,tabpfn_online,TabPFN with covariates,weather_4p+tso_forecast,2208,2026-07-25 02:00:00+00:00,2.937758207321167,12.060647429548965,,2026-04-23 18:00:00+00:00,2026-07-24 17:00:00+00:00
2026-07-24,2026-08-07 14:16:48+00:00,BE,solar,tabpfn_online,TabPFN with covariates,weather_4p+tso_forecast,2208,2026-07-25 03:00:00+00:00,4.518004417419434,20.183998894972657,,2026-04-23 18:00:00+00:00,2026-07-24 17:00:00+00:00
2026-07-24,2026-08-07 14:16:48+00:00,BE,solar,tabpfn_online,TabPFN with covariates,weather_4p+tso_forecast,2208,2026-07-25 04:00:00+00:00,8.263265609741211,34.983302588212936,,2026-04-23 18:00:00+00:00,2026-07-24 17:00:00+00:00
2026-07-24,2026-08-07 14:16:48+00:00,BE,solar,tabpfn_online,TabPFN with covariates,weather_4p+tso_forecast,2208,2026-07-25 05:00:00+00:00,2.8768301010131836,4.020264696855566,,2026-04-23 18:00:00+00:00,2026-07-24 17:00:00+00:00
2026-07-24,2026-08-07 14:16:48+00:00,BE,solar,tabpfn_online,TabPFN with covariates,weather_4p+tso_forecast,2208,2026-07-25 06:00:00+00:00,3.6208620071411137,8.60489243303472,,2026-04-23 18:00:00+00:00,2026-07-24 17:00:00+00:00
2026-07-24,2026-08-07 14:16:48+00:00,BE,solar,tabpfn_online,TabPFN with covariates,weather_4p+tso_forecast,2208,2026-07-25 07:00:00+00:00,155.96774291992188,166.40717440416734,,2026-04-23 18:00:00+00:00,2026-07-24 17:00:00+00:00
2026-07-24,2026-08-07 14:16:48+00:00,BE,solar,tabpfn_online,TabPFN with covariates,weather_4p+tso_forecast,2208,2026-07-25 08:00:00+00:00,415.277587890625,418.3154223819211,,2026-04-23 18:00:00+00:00,2026-07-24 17:00:00+00:00
2026-07-24,2026-08-07 14:16:48+00:00,BE,solar,tabpfn_online,TabPFN with covariates,weather_4p+tso_forecast,2208,2026-07-25 09:00:00+00:00,581.4644775390625,575.2746096459621,,2026-04-23 18:00:00+00:00,2026-07-24 17:00:00+00:00
2026-07-24,2026-08-07 14:16:48+00:00,BE,solar,tabpfn_online,TabPFN with covariates,weather_4p+tso_forecast,2208,2026-07-25 10:00:00+00:00,692.0999755859375,681.6750538131927,,2026-04-23 18:00:00+00:00,2026-07-24 17:00:00+00:00
2026-07-24,2026-08-07 14:16:48+00:00,BE,solar,tabpfn_online,TabPFN with covariates,weather_4p+tso_forecast,2208,2026-07-25 11:00:00+00:00,808.0776977539062,789.0573755006043,,2026-04-23 18:00:00+00:00,2026-07-24 17:00:00+00:00
2026-07-24,2026-08-07 14:16:48+00:00,BE,solar,tabpfn_online,TabPFN with covariates,weather_4p+tso_forecast,2208,2026-07-25 12:00:00+00:00,837.29736328125,806.9788607892611,,2026-04-23 18:00:00+00:00,2026-07-24 17:00:00+00:00
2026-07-24,2026-08-07 14:16:48+00:00,BE,solar,tabpfn_online,TabPFN with covariates,weather_4p+tso_forecast,2208,2026-07-25 13:00:00+00:00,867.9428100585938,849.7194892432274,,2026-04-23 18:00:00+00:00,2026-07-24 17:00:00+00:00
2026-07-24,2026-08-07 14:16:48+00:00,BE,solar,tabpfn_online,TabPFN with covariates,weather_4p+tso_forecast,2208,2026-07-25 14:00:00+00:00,794.8555908203125,775.0521221894932,,2026-04-23 18:00:00+00:00,2026-07-24 17:00:00+00:00
2026-07-24,2026-08-07 14:16:48+00:00,BE,solar,tabpfn_online,TabPFN with covariates,weather_4p+tso_forecast,2208,2026-07-25 15:00:00+00:00,685.1567993164062,660.1501129442761,,2026-04-23 18:00:00+00:00,2026-07-24 17:00:00+00:00
2026-07-24,2026-08-07 14:16:48+00:00,BE,solar,tabpfn_online,TabPFN with covariates,weather_4p+tso_forecast,2208,2026-07-25 16:00:00+00:00,568.1740112304688,550.9232301634315,,2026-04-23 18:00:00+00:00,2026-07-24 17:00:00+00:00
2026-07-24,2026-08-07 14:16:48+00:00,BE,solar,tabpfn_online,TabPFN with covariates,weather_4p+tso_forecast,2208,2026-07-25 17:00:00+00:00,393.799560546875,377.3432230293333,,2026-04-23 18:00:00+00:00,2026-07-24 17:00:00+00:00
2026-07-24,2026-08-07 14:16:48+00:00,BE,wind_onshore,tabpfn_online,TabPFN with covariates,weather_4p+tso_forecast,2208,2026-07-24 18:00:00+00:00,1430.1661376953125,1496.5167783065433,,2026-04-23 18:00:00+00:00,2026-07-24 17:00:00+00:00
2026-07-24,2026-08-07 14:16:48+00:00,BE,wind_onshore,tabpfn_online,TabPFN with covariates,weather_4p+tso_forecast,2208,2026-07-24 19:00:00+00:00,1380.55810546875,1441.5294987253226,,2026-04-23 18:00:00+00:00,2026-07-24 17:00:00+00:00
2026-07-24,2026-08-07 14:16:48+00:00,BE,wind_onshore,tabpfn_online,TabPFN with covariates,weather_4p+tso_forecast,2208,2026-07-24 20:00:00+00:00,1391.188720703125,1451.8445178017469,,2026-04-23 18:00:00+00:00,2026-07-24 17:00:00+00:00
2026-07-24,2026-08-07 14:16:48+00:00,BE,wind_onshore,tabpfn_online,TabPFN with covariates,weather_4p+tso_forecast,2208,2026-07-24 21:00:00+00:00,1397.19873046875,1457.1757946479006,,2026-04-23 18:00:00+00:00,2026-07-24 17:00:00+00:00
2026-07-24,2026-08-07 14:16:48+00:00,BE,wind_onshore,tabpfn_online,TabPFN with covariates,weather_4p+tso_forecast,2208,2026-07-24 22:00:00+00:00,1416.8583984375,1474.4987607566752,,2026-04-23 18:00:00+00:00,2026-07-24 17:00:00+00:00
2026-07-24,2026-08-07 14:16:48+00:00,BE,wind_onshore,tabpfn_online,TabPFN with covariates,weather_4p+tso_forecast,2208,2026-07-24 23:00:00+00:00,1445.484619140625,1497.6000299177877,,2026-04-23 18:00:00+00:00,2026-07-24 17:00:00+00:00
2026-07-24,2026-08-07 14:16:48+00:00,BE,wind_onshore,tabpfn_online,TabPFN with covariates,weather_4p+tso_forecast,2208,2026-07-25 00:00:00+00:00,1505.810546875,1539.8195107961078,,2026-04-23 18:00:00+00:00,2026-07-24 17:00:00+00:00
2026-07-24,2026-08-07 14:16:48+00:00,BE,wind_onshore,tabpfn_online,TabPFN with covariates,weather_4p+tso_forecast,2208,2026-07-25 01:00:00+00:00,1568.37451171875,1607.4179761604075,,2026-04-23 18:00:00+00:00,2026-07-24 17:00:00+00:00
2026-07-24,2026-08-07 14:16:48+00:00,BE,wind_onshore,tabpfn_online,TabPFN with covariates,weather_4p+tso_forecast,2208,2026-07-25 02:00:00+00:00,1551.822021484375,1583.208503931928,,2026-04-23 18:00:00+00:00,2026-07-24 17:00:00+00:00
2026-07-24,2026-08-07 14:16:48+00:00,BE,wind_onshore,tabpfn_online,TabPFN with covariates,weather_4p+tso_forecast,2208,2026-07-25 03:00:00+00:00,1604.8275146484375,1649.4237751481994,,2026-04-23 18:00:00+00:00,2026-07-24 17:00:00+00:00
2026-07-24,2026-08-07 14:16:48+00:00,BE,wind_onshore,tabpfn_online,TabPFN with covariates,weather_4p+tso_forecast,2208,2026-07-25 04:00:00+00:00,1620.28369140625,1665.5388320282475,,2026-04-23 18:00:00+00:00,2026-07-24 17:00:00+00:00
2026-07-24,2026-08-07 14:16:48+00:00,BE,wind_onshore,tabpfn_online,TabPFN with covariates,weather_4p+tso_forecast,2208,2026-07-25 05:00:00+00:00,1618.41748046875,1661.1365088919076,,2026-04-23 18:00:00+00:00,2026-07-24 17:00:00+00:00
2026-07-24,2026-08-07 14:16:48+00:00,BE,wind_onshore,tabpfn_online,TabPFN with covariates,weather_4p+tso_forecast,2208,2026-07-25 06:00:00+00:00,1675.5621337890625,1722.411005023728,,2026-04-23 18:00:00+00:00,2026-07-24 17:00:00+00:00
2026-07-24,2026-08-07 14:16:48+00:00,BE,wind_onshore,tabpfn_online,TabPFN with covariates,weather_4p+tso_forecast,2208,2026-07-25 07:00:00+00:00,1643.140625,1683.1513439094751,,2026-04-23 18:00:00+00:00,2026-07-24 17:00:00+00:00
2026-07-24,2026-08-07 14:16:48+00:00,BE,wind_onshore,tabpfn_online,TabPFN with covariates,weather_4p+tso_forecast,2208,2026-07-25 08:00:00+00:00,1708.0614013671875,1756.2268895906898,,2026-04-23 18:00:00+00:00,2026-07-24 17:00:00+00:00
2026-07-24,2026-08-07 14:16:48+00:00,BE,wind_onshore,tabpfn_online,TabPFN with covariates,weather_4p+tso_forecast,2208,2026-07-25 09:00:00+00:00,1745.5821533203125,1798.1061391813355,,2026-04-23 18:00:00+00:00,2026-07-24 17:00:00+00:00
2026-07-24,2026-08-07 14:16:48+00:00,BE,wind_onshore,tabpfn_online,TabPFN with covariates,weather_4p+tso_forecast,2208,2026-07-25 10:00:00+00:00,1624.466552734375,1657.697546329295,,2026-04-23 18:00:00+00:00,2026-07-24 17:00:00+00:00
2026-07-24,2026-08-07 14:16:48+00:00,BE,wind_onshore,tabpfn_online,TabPFN with covariates,weather_4p+tso_forecast,2208,2026-07-25 11:00:00+00:00,1749.199951171875,1796.9639674090074,,2026-04-23 18:00:00+00:00,2026-07-24 17:00:00+00:00
2026-07-24,2026-08-07 14:16:48+00:00,BE,wind_onshore,tabpfn_online,TabPFN with covariates,weather_4p+tso_forecast,2208,2026-07-25 12:00:00+00:00,1745.77001953125,1789.8359828264613,,2026-04-23 18:00:00+00:00,2026-07-24 17:00:00+00:00
2026-07-24,2026-08-07 14:16:48+00:00,BE,wind_onshore,tabpfn_online,TabPFN with covariates,weather_4p+tso_forecast,2208,2026-07-25 13:00:00+00:00,1784.690673828125,1846.7163405656652,,2026-04-23 18:00:00+00:00,2026-07-24 17:00:00+00:00
2026-07-24,2026-08-07 14:16:48+00:00,BE,wind_onshore,tabpfn_online,TabPFN with covariates,weather_4p+tso_forecast,2208,2026-07-25 14:00:00+00:00,1719.2818603515625,1754.8836520236175,,2026-04-23 18:00:00+00:00,2026-07-24 17:00:00+00:00
2026-07-24,2026-08-07 14:16:48+00:00,BE,wind_onshore,tabpfn_online,TabPFN with covariates,weather_4p+tso_forecast,2208,2026-07-25 15:00:00+00:00,1722.7552490234375,1761.1787881079606,,2026-04-23 18:00:00+00:00,2026-07-24 17:00:00+00:00
2026-07-24,2026-08-07 14:16:48+00:00,BE,wind_onshore,tabpfn_online,TabPFN with covariates,weather_4p+tso_forecast,2208,2026-07-25 16:00:00+00:00,1760.16357421875,1811.5057937430136,,2026-04-23 18:00:00+00:00,2026-07-24 17:00:00+00:00
2026-07-24,2026-08-07 14:16:48+00:00,BE,wind_onshore,tabpfn_online,TabPFN with covariates,weather_4p+tso_forecast,2208,2026-07-25 17:00:00+00:00,1720.3974609375,1760.6087762389934,,2026-04-23 18:00:00+00:00,2026-07-24 17:00:00+00:00
2026-07-24,2026-08-07 14:16:48+00:00,BE,wind_offshore,tabpfn_online,TabPFN with covariates,weather_4p+tso_forecast,2208,2026-07-24 18:00:00+00:00,991.3359985351562,961.3118700952843,,2026-04-23 18:00:00+00:00,2026-07-24 17:00:00+00:00
2026-07-24,2026-08-07 14:16:48+00:00,BE,wind_offshore,tabpfn_online,TabPFN with covariates,weather_4p+tso_forecast,2208,2026-07-24 19:00:00+00:00,1016.2098388671876,1001.287742994946,,2026-04-23 18:00:00+00:00,2026-07-24 17:00:00+00:00
2026-07-24,2026-08-07 14:16:48+00:00,BE,wind_offshore,tabpfn_online,TabPFN with covariates,weather_4p+tso_forecast,2208,2026-07-24 20:00:00+00:00,1023.8348388671876,1009.937137257824,,2026-04-23 18:00:00+00:00,2026-07-24 17:00:00+00:00
2026-07-24,2026-08-07 14:16:48+00:00,BE,wind_offshore,tabpfn_online,TabPFN with covariates,weather_4p+tso_forecast,2208,2026-07-24 21:00:00+00:00,1062.860595703125,1073.3882090001227,,2026-04-23 18:00:00+00:00,2026-07-24 17:00:00+00:00
2026-07-24,2026-08-07 14:16:48+00:00,BE,wind_offshore,tabpfn_online,TabPFN with covariates,weather_4p+tso_forecast,2208,2026-07-24 22:00:00+00:00,1047.56103515625,1043.7343050376628,,2026-04-23 18:00:00+00:00,2026-07-24 17:00:00+00:00
2026-07-24,2026-08-07 14:16:48+00:00,BE,wind_offshore,tabpfn_online,TabPFN with covariates,weather_4p+tso_forecast,2208,2026-07-24 23:00:00+00:00,1074.6707763671875,1087.8615132735654,,2026-04-23 18:00:00+00:00,2026-07-24 17:00:00+00:00
2026-07-24,2026-08-07 14:16:48+00:00,BE,wind_offshore,tabpfn_online,TabPFN with covariates,weather_4p+tso_forecast,2208,2026-07-25 00:00:00+00:00,1054.9010009765625,1054.1776314917645,,2026-04-23 18:00:00+00:00,2026-07-24 17:00:00+00:00
2026-07-24,2026-08-07 14:16:48+00:00,BE,wind_offshore,tabpfn_online,TabPFN with covariates,weather_4p+tso_forecast,2208,2026-07-25 01:00:00+00:00,1063.061279296875,1058.8773353043116,,2026-04-23 18:00:00+00:00,2026-07-24 17:00:00+00:00
2026-07-24,2026-08-07 14:16:48+00:00,BE,wind_offshore,tabpfn_online,TabPFN with covariates,weather_4p+tso_forecast,2208,2026-07-25 02:00:00+00:00,1077.445556640625,1073.305525046506,,2026-04-23 18:00:00+00:00,2026-07-24 17:00:00+00:00
2026-07-24,2026-08-07 14:16:48+00:00,BE,wind_offshore,tabpfn_online,TabPFN with covariates,weather_4p+tso_forecast,2208,2026-07-25 03:00:00+00:00,1112.13330078125,1130.4116461899764,,2026-04-23 18:00:00+00:00,2026-07-24 17:00:00+00:00
2026-07-24,2026-08-07 14:16:48+00:00,BE,wind_offshore,tabpfn_online,TabPFN with covariates,weather_4p+tso_forecast,2208,2026-07-25 04:00:00+00:00,1099.4407958984375,1094.288832771623,,2026-04-23 18:00:00+00:00,2026-07-24 17:00:00+00:00
2026-07-24,2026-08-07 14:16:48+00:00,BE,wind_offshore,tabpfn_online,TabPFN with covariates,weather_4p+tso_forecast,2208,2026-07-25 05:00:00+00:00,1125.44140625,1148.0265276789166,,2026-04-23 18:00:00+00:00,2026-07-24 17:00:00+00:00
2026-07-24,2026-08-07 14:16:48+00:00,BE,wind_offshore,tabpfn_online,TabPFN with covariates,weather_4p+tso_forecast,2208,2026-07-25 06:00:00+00:00,1104.978515625,1089.7045576684698,,2026-04-23 18:00:00+00:00,2026-07-24 17:00:00+00:00
2026-07-24,2026-08-07 14:16:48+00:00,BE,wind_offshore,tabpfn_online,TabPFN with covariates,weather_4p+tso_forecast,2208,2026-07-25 07:00:00+00:00,1138.194580078125,1167.5290245026224,,2026-04-23 18:00:00+00:00,2026-07-24 17:00:00+00:00
2026-07-24,2026-08-07 14:16:48+00:00,BE,wind_offshore,tabpfn_online,TabPFN with covariates,weather_4p+tso_forecast,2208,2026-07-25 08:00:00+00:00,1151.715576171875,1203.907024946267,,2026-04-23 18:00:00+00:00,2026-07-24 17:00:00+00:00
2026-07-24,2026-08-07 14:16:48+00:00,BE,wind_offshore,tabpfn_online,TabPFN with covariates,weather_4p+tso_forecast,2208,2026-07-25 09:00:00+00:00,1136.465576171875,1147.6909219921629,,2026-04-23 18:00:00+00:00,2026-07-24 17:00:00+00:00
2026-07-24,2026-08-07 14:16:48+00:00,BE,wind_offshore,tabpfn_online,TabPFN with covariates,weather_4p+tso_forecast,2208,2026-07-25 10:00:00+00:00,1149.02392578125,1177.4818628826329,,2026-04-23 18:00:00+00:00,2026-07-24 17:00:00+00:00
2026-07-24,2026-08-07 14:16:48+00:00,BE,wind_offshore,tabpfn_online,TabPFN with covariates,weather_4p+tso_forecast,2208,2026-07-25 11:00:00+00:00,1147.7052001953125,1167.756066243752,,2026-04-23 18:00:00+00:00,2026-07-24 17:00:00+00:00
2026-07-24,2026-08-07 14:16:48+00:00,BE,wind_offshore,tabpfn_online,TabPFN with covariates,weather_4p+tso_forecast,2208,2026-07-25 12:00:00+00:00,1154.7701416015625,1185.0238768816907,,2026-04-23 18:00:00+00:00,2026-07-24 17:00:00+00:00
2026-07-24,2026-08-07 14:16:48+00:00,BE,wind_offshore,tabpfn_online,TabPFN with covariates,weather_4p+tso_forecast,2208,2026-07-25 13:00:00+00:00,1150.341796875,1167.494199482998,,2026-04-23 18:00:00+00:00,2026-07-24 17:00:00+00:00
2026-07-24,2026-08-07 14:16:48+00:00,BE,wind_offshore,tabpfn_online,TabPFN with covariates,weather_4p+tso_forecast,2208,2026-07-25 14:00:00+00:00,1162.6925048828125,1205.6779454432178,,2026-04-23 18:00:00+00:00,2026-07-24 17:00:00+00:00
2026-07-24,2026-08-07 14:16:48+00:00,BE,wind_offshore,tabpfn_online,TabPFN with covariates,weather_4p+tso_forecast,2208,2026-07-25 15:00:00+00:00,1153.7059326171875,1170.9865081953085,,2026-04-23 18:00:00+00:00,2026-07-24 17:00:00+00:00
2026-07-24,2026-08-07 14:16:48+00:00,BE,wind_offshore,tabpfn_online,TabPFN with covariates,weather_4p+tso_forecast,2208,2026-07-25 16:00:00+00:00,1135.9288330078125,1130.2179146852186,,2026-04-23 18:00:00+00:00,2026-07-24 17:00:00+00:00
2026-07-24,2026-08-07 14:16:48+00:00,BE,wind_offshore,tabpfn_online,TabPFN with covariates,weather_4p+tso_forecast,2208,2026-07-25 17:00:00+00:00,1142.038330078125,1140.7840254691378,,2026-04-23 18:00:00+00:00,2026-07-24 17:00:00+00:00
2026-07-24,2026-08-07 14:16:48+00:00,FR,load,tabpfn_online,TabPFN with covariates,Temp+tso_forecast,2208,2026-07-24 18:00:00+00:00,19244.30859375,18776.56875584745,,2026-04-23 18:00:00+00:00,2026-07-24 17:00:00+00:00
2026-07-24,2026-08-07 14:16:48+00:00,FR,load,tabpfn_online,TabPFN with covariates,Temp+tso_forecast,2208,2026-07-24 19:00:00+00:00,19136.9140625,19673.95834054254,,2026-04-23 18:00:00+00:00,2026-07-24 17:00:00+00:00
2026-07-24,2026-08-07 14:16:48+00:00,FR,load,tabpfn_online,TabPFN with covariates,Temp+tso_forecast,2208,2026-07-24 20:00:00+00:00,18002.70703125,18029.63762156135,,2026-04-23 18:00:00+00:00,2026-07-24 17:00:00+00:00
2026-07-24,2026-08-07 14:16:48+00:00,FR,load,tabpfn_online,TabPFN with covariates,Temp+tso_forecast,2208,2026-07-24 21:00:00+00:00,17174.267578125,17000.265110358585,,2026-04-23 18:00:00+00:00,2026-07-24 17:00:00+00:00
2026-07-24,2026-08-07 14:16:48+00:00,FR,load,tabpfn_online,TabPFN with covariates,Temp+tso_forecast,2208,2026-07-24 22:00:00+00:00,16915.21875,17250.16290997847,,2026-04-23 18:00:00+00:00,2026-07-24 17:00:00+00:00
2026-07-24,2026-08-07 14:16:48+00:00,FR,load,tabpfn_online,TabPFN with covariates,Temp+tso_forecast,2208,2026-07-24 23:00:00+00:00,16624.87109375,16871.415386837805,,2026-04-23 18:00:00+00:00,2026-07-24 17:00:00+00:00
2026-07-24,2026-08-07 14:16:48+00:00,FR,load,tabpfn_online,TabPFN with covariates,Temp+tso_forecast,2208,2026-07-25 00:00:00+00:00,16565.392578125,17149.655499185603,,2026-04-23 18:00:00+00:00,2026-07-24 17:00:00+00:00
2026-07-24,2026-08-07 14:16:48+00:00,FR,load,tabpfn_online,TabPFN with covariates,Temp+tso_forecast,2208,2026-07-25 01:00:00+00:00,16409.443359375,16820.380433581733,,2026-04-23 18:00:00+00:00,2026-07-24 17:00:00+00:00
2026-07-24,2026-08-07 14:16:48+00:00,FR,load,tabpfn_online,TabPFN with covariates,Temp+tso_forecast,2208,2026-07-25 02:00:00+00:00,16398.712890625,16617.81948080186,,2026-04-23 18:00:00+00:00,2026-07-24 17:00:00+00:00
2026-07-24,2026-08-07 14:16:48+00:00,FR,load,tabpfn_online,TabPFN with covariates,Temp+tso_forecast,2208,2026-07-25 03:00:00+00:00,16561.13671875,16939.229256676517,,2026-04-23 18:00:00+00:00,2026-07-24 17:00:00+00:00
2026-07-24,2026-08-07 14:16:48+00:00,FR,load,tabpfn_online,TabPFN with covariates,Temp+tso_forecast,2208,2026-07-25 04:00:00+00:00,16807.39453125,17207.70147216145,,2026-04-23 18:00:00+00:00,2026-07-24 17:00:00+00:00
2026-07-24,2026-08-07 14:16:48+00:00,FR,load,tabpfn_online,TabPFN with covariates,Temp+tso_forecast,2208,2026-07-25 05:00:00+00:00,17324.947265625,18055.81389249336,,2026-04-23 18:00:00+00:00,2026-07-24 17:00:00+00:00
2026-07-24,2026-08-07 14:16:48+00:00,FR,load,tabpfn_online,TabPFN with covariates,Temp+tso_forecast,2208,2026-07-25 06:00:00+00:00,17598.8046875,17711.779375186612,,2026-04-23 18:00:00+00:00,2026-07-24 17:00:00+00:00
2026-07-24,2026-08-07 14:16:48+00:00,FR,load,tabpfn_online,TabPFN with covariates,Temp+tso_forecast,2208,2026-07-25 07:00:00+00:00,18723.501953125,19587.552556790797,,2026-04-23 18:00:00+00:00,2026-07-24 17:00:00+00:00
2026-07-24,2026-08-07 14:16:48+00:00,FR,load,tabpfn_online,TabPFN with covariates,Temp+tso_forecast,2208,2026-07-25 08:00:00+00:00,19891.0703125,20514.36795259566,,2026-04-23 18:00:00+00:00,2026-07-24 17:00:00+00:00
2026-07-24,2026-08-07 14:16:48+00:00,FR,load,tabpfn_online,TabPFN with covariates,Temp+tso_forecast,2208,2026-07-25 09:00:00+00:00,20320.4375,20583.667679195067,,2026-04-23 18:00:00+00:00,2026-07-24 17:00:00+00:00
2026-07-24,2026-08-07 14:16:48+00:00,FR,load,tabpfn_online,TabPFN with covariates,Temp+tso_forecast,2208,2026-07-25 10:00:00+00:00,19777.990234375,20104.28059237477,,2026-04-23 18:00:00+00:00,2026-07-24 17:00:00+00:00
2026-07-24,2026-08-07 14:16:48+00:00,FR,load,tabpfn_online,TabPFN with covariates,Temp+tso_forecast,2208,2026-07-25 11:00:00+00:00,20169.376953125,20427.130207111695,,2026-04-23 18:00:00+00:00,2026-07-24 17:00:00+00:00
2026-07-24,2026-08-07 14:16:48+00:00,FR,load,tabpfn_online,TabPFN with covariates,Temp+tso_forecast,2208,2026-07-25 12:00:00+00:00,20476.513671875,20801.584706037873,,2026-04-23 18:00:00+00:00,2026-07-24 17:00:00+00:00
2026-07-24,2026-08-07 14:16:48+00:00,FR,load,tabpfn_online,TabPFN with covariates,Temp+tso_forecast,2208,2026-07-25 13:00:00+00:00,20680.97265625,21805.264313170897,,2026-04-23 18:00:00+00:00,2026-07-24 17:00:00+00:00
2026-07-24,2026-08-07 14:16:48+00:00,FR,load,tabpfn_online,TabPFN with covariates,Temp+tso_forecast,2208,2026-07-25 14:00:00+00:00,20488.865234375,21115.013995668294,,2026-04-23 18:00:00+00:00,2026-07-24 17:00:00+00:00
2026-07-24,2026-08-07 14:16:48+00:00,FR,load,tabpfn_online,TabPFN with covariates,Temp+tso_forecast,2208,2026-07-25 15:00:00+00:00,20183.484375,20582.7863452746,,2026-04-23 18:00:00+00:00,2026-07-24 17:00:00+00:00
2026-07-24,2026-08-07 14:16:48+00:00,FR,load,tabpfn_online,TabPFN with covariates,Temp+tso_forecast,2208,2026-07-25 16:00:00+00:00,19946.84375,21285.98654302979,,2026-04-23 18:00:00+00:00,2026-07-24 17:00:00+00:00
2026-07-24,2026-08-07 14:16:48+00:00,FR,load,tabpfn_online,TabPFN with covariates,Temp+tso_forecast,2208,2026-07-25 17:00:00+00:00,19901.427734375,21198.264722058397,,2026-04-23 18:00:00+00:00,2026-07-24 17:00:00+00:00
2026-07-24,2026-08-07 14:16:48+00:00,FR,solar,tabpfn_online,TabPFN with covariates,weather_4p+tso_forecast,2208,2026-07-24 18:00:00+00:00,497.93408203125,495.722940750361,,2026-04-23 18:00:00+00:00,2026-07-24 17:00:00+00:00
2026-07-24,2026-08-07 14:16:48+00:00,FR,solar,tabpfn_online,TabPFN with covariates,weather_4p+tso_forecast,2208,2026-07-24 19:00:00+00:00,5.837770462036133,4.412587310647786,,2026-04-23 18:00:00+00:00,2026-07-24 17:00:00+00:00
2026-07-24,2026-08-07 14:16:48+00:00,FR,solar,tabpfn_online,TabPFN with covariates,weather_4p+tso_forecast,2208,2026-07-24 20:00:00+00:00,5.4395751953125,0.0,,2026-04-23 18:00:00+00:00,2026-07-24 17:00:00+00:00
2026-07-24,2026-08-07 14:16:48+00:00,FR,solar,tabpfn_online,TabPFN with covariates,weather_4p+tso_forecast,2208,2026-07-24 21:00:00+00:00,5.1304779052734375,0.0,,2026-04-23 18:00:00+00:00,2026-07-24 17:00:00+00:00
2026-07-24,2026-08-07 14:16:48+00:00,FR,solar,tabpfn_online,TabPFN with covariates,weather_4p+tso_forecast,2208,2026-07-24 22:00:00+00:00,22.50694465637207,96.91423306591793,,2026-04-23 18:00:00+00:00,2026-07-24 17:00:00+00:00
2026-07-24,2026-08-07 14:16:48+00:00,FR,solar,tabpfn_online,TabPFN with covariates,weather_4p+tso_forecast,2208,2026-07-24 23:00:00+00:00,9.539664268493652,51.46009805391768,,2026-04-23 18:00:00+00:00,2026-07-24 17:00:00+00:00
2026-07-24,2026-08-07 14:16:48+00:00,FR,solar,tabpfn_online,TabPFN with covariates,weather_4p+tso_forecast,2208,2026-07-25 00:00:00+00:00,4.897353172302246,0.0,,2026-04-23 18:00:00+00:00,2026-07-24 17:00:00+00:00
2026-07-24,2026-08-07 14:16:48+00:00,FR,solar,tabpfn_online,TabPFN with covariates,weather_4p+tso_forecast,2208,2026-07-25 01:00:00+00:00,5.232285499572754,0.0,,2026-04-23 18:00:00+00:00,2026-07-24 17:00:00+00:00
2026-07-24,2026-08-07 14:16:48+00:00,FR,solar,tabpfn_online,TabPFN with covariates,weather_4p+tso_forecast,2208,2026-07-25 02:00:00+00:00,46.74030685424805,167.32629587200591,,2026-04-23 18:00:00+00:00,2026-07-24 17:00:00+00:00
2026-07-24,2026-08-07 14:16:48+00:00,FR,solar,tabpfn_online,TabPFN with covariates,weather_4p+tso_forecast,2208,2026-07-25 03:00:00+00:00,34.87977600097656,114.21855155389416,,2026-04-23 18:00:00+00:00,2026-07-24 17:00:00+00:00
2026-07-24,2026-08-07 14:16:48+00:00,FR,solar,tabpfn_online,TabPFN with covariates,weather_4p+tso_forecast,2208,2026-07-25 04:00:00+00:00,6.867436408996582,0.0,,2026-04-23 18:00:00+00:00,2026-07-24 17:00:00+00:00
2026-07-24,2026-08-07 14:16:48+00:00,FR,solar,tabpfn_online,TabPFN with covariates,weather_4p+tso_forecast,2208,2026-07-25 05:00:00+00:00,7.932779312133789,20.805298551148734,,2026-04-23 18:00:00+00:00,2026-07-24 17:00:00+00:00
2026-07-24,2026-08-07 14:16:48+00:00,FR,solar,tabpfn_online,TabPFN with covariates,weather_4p+tso_forecast,2208,2026-07-25 06:00:00+00:00,19.50404357910156,80.11143495389443,,2026-04-23 18:00:00+00:00,2026-07-24 17:00:00+00:00
2026-07-24,2026-08-07 14:16:48+00:00,FR,solar,tabpfn_online,TabPFN with covariates,weather_4p+tso_forecast,2208,2026-07-25 07:00:00+00:00,553.7859497070312,556.4057806939835,,2026-04-23 18:00:00+00:00,2026-07-24 17:00:00+00:00
2026-07-24,2026-08-07 14:16:48+00:00,FR,solar,tabpfn_online,TabPFN with covariates,weather_4p+tso_forecast,2208,2026-07-25 08:00:00+00:00,1119.35400390625,1121.744619496603,,2026-04-23 18:00:00+00:00,2026-07-24 17:00:00+00:00
2026-07-24,2026-08-07 14:16:48+00:00,FR,solar,tabpfn_online,TabPFN with covariates,weather_4p+tso_forecast,2208,2026-07-25 09:00:00+00:00,1572.031494140625,1557.571770883228,,2026-04-23 18:00:00+00:00,2026-07-24 17:00:00+00:00
2026-07-24,2026-08-07 14:16:48+00:00,FR,solar,tabpfn_online,TabPFN with covariates,weather_4p+tso_forecast,2208,2026-07-25 10:00:00+00:00,1906.4931640625,1869.2675216978828,,2026-04-23 18:00:00+00:00,2026-07-24 17:00:00+00:00
2026-07-24,2026-08-07 14:16:48+00:00,FR,solar,tabpfn_online,TabPFN with covariates,weather_4p+tso_forecast,2208,2026-07-25 11:00:00+00:00,2245.53955078125,2223.882856665658,,2026-04-23 18:00:00+00:00,2026-07-24 17:00:00+00:00
2026-07-24,2026-08-07 14:16:48+00:00,FR,solar,tabpfn_online,TabPFN with covariates,weather_4p+tso_forecast,2208,2026-07-25 12:00:00+00:00,2319.1328125,2290.5848900520027,,2026-04-23 18:00:00+00:00,2026-07-24 17:00:00+00:00
2026-07-24,2026-08-07 14:16:48+00:00,FR,solar,tabpfn_online,TabPFN with covariates,weather_4p+tso_forecast,2208,2026-07-25 13:00:00+00:00,2379.739990234375,2397.140947410464,,2026-04-23 18:00:00+00:00,2026-07-24 17:00:00+00:00
2026-07-24,2026-08-07 14:16:48+00:00,FR,solar,tabpfn_online,TabPFN with covariates,weather_4p+tso_forecast,2208,2026-07-25 14:00:00+00:00,2216.57763671875,2191.3016823506355,,2026-04-23 18:00:00+00:00,2026-07-24 17:00:00+00:00
2026-07-24,2026-08-07 14:16:48+00:00,FR,solar,tabpfn_online,TabPFN with covariates,weather_4p+tso_forecast,2208,2026-07-25 15:00:00+00:00,2043.6708984375,2042.9544146907913,,2026-04-23 18:00:00+00:00,2026-07-24 17:00:00+00:00
2026-07-24,2026-08-07 14:16:48+00:00,FR,solar,tabpfn_online,TabPFN with covariates,weather_4p+tso_forecast,2208,2026-07-25 16:00:00+00:00,1629.9776611328125,1606.849994351867,,2026-04-23 18:00:00+00:00,2026-07-24 17:00:00+00:00
2026-07-24,2026-08-07 14:16:48+00:00,FR,solar,tabpfn_online,TabPFN with covariates,weather_4p+tso_forecast,2208,2026-07-25 17:00:00+00:00,1096.0057373046875,1062.907808914172,,2026-04-23 18:00:00+00:00,2026-07-24 17:00:00+00:00
2026-07-24,2026-08-07 14:16:48+00:00,FR,wind_onshore,tabpfn_online,TabPFN with covariates,weather_4p+tso_forecast,2208,2026-07-24 18:00:00+00:00,4205.20068359375,4251.451922584889,,2026-04-23 18:00:00+00:00,2026-07-24 17:00:00+00:00
2026-07-24,2026-08-07 14:16:48+00:00,FR,wind_onshore,tabpfn_online,TabPFN with covariates,weather_4p+tso_forecast,2208,2026-07-24 19:00:00+00:00,4151.6865234375,4198.295234342776,,2026-04-23 18:00:00+00:00,2026-07-24 17:00:00+00:00
2026-07-24,2026-08-07 14:16:48+00:00,FR,wind_onshore,tabpfn_online,TabPFN with covariates,weather_4p+tso_forecast,2208,2026-07-24 20:00:00+00:00,4360.11669921875,4494.729045331368,,2026-04-23 18:00:00+00:00,2026-07-24 17:00:00+00:00
2026-07-24,2026-08-07 14:16:48+00:00,FR,wind_onshore,tabpfn_online,TabPFN with covariates,weather_4p+tso_forecast,2208,2026-07-24 21:00:00+00:00,4269.193359375,4381.243696522185,,2026-04-23 18:00:00+00:00,2026-07-24 17:00:00+00:00
2026-07-24,2026-08-07 14:16:48+00:00,FR,wind_onshore,tabpfn_online,TabPFN with covariates,weather_4p+tso_forecast,2208,2026-07-24 22:00:00+00:00,4347.9833984375,4492.233737297576,,2026-04-23 18:00:00+00:00,2026-07-24 17:00:00+00:00
2026-07-24,2026-08-07 14:16:48+00:00,FR,wind_onshore,tabpfn_online,TabPFN with covariates,weather_4p+tso_forecast,2208,2026-07-24 23:00:00+00:00,4511.46337890625,4675.663249407108,,2026-04-23 18:00:00+00:00,2026-07-24 17:00:00+00:00
2026-07-24,2026-08-07 14:16:48+00:00,FR,wind_onshore,tabpfn_online,TabPFN with covariates,weather_4p+tso_forecast,2208,2026-07-25 00:00:00+00:00,4723.85009765625,4851.597342080246,,2026-04-23 18:00:00+00:00,2026-07-24 17:00:00+00:00
2026-07-24,2026-08-07 14:16:48+00:00,FR,wind_onshore,tabpfn_online,TabPFN with covariates,weather_4p+tso_forecast,2208,2026-07-25 01:00:00+00:00,4546.96337890625,4660.532364598001,,2026-04-23 18:00:00+00:00,2026-07-24 17:00:00+00:00
2026-07-24,2026-08-07 14:16:48+00:00,FR,wind_onshore,tabpfn_online,TabPFN with covariates,weather_4p+tso_forecast,2208,2026-07-25 02:00:00+00:00,4538.50341796875,4653.532537600213,,2026-04-23 18:00:00+00:00,2026-07-24 17:00:00+00:00
2026-07-24,2026-08-07 14:16:48+00:00,FR,wind_onshore,tabpfn_online,TabPFN with covariates,weather_4p+tso_forecast,2208,2026-07-25 03:00:00+00:00,4643.759765625,4759.3572255483705,,2026-04-23 18:00:00+00:00,2026-07-24 17:00:00+00:00
2026-07-24,2026-08-07 14:16:48+00:00,FR,wind_onshore,tabpfn_online,TabPFN with covariates,weather_4p+tso_forecast,2208,2026-07-25 04:00:00+00:00,4606.71240234375,4719.259749971262,,2026-04-23 18:00:00+00:00,2026-07-24 17:00:00+00:00
2026-07-24,2026-08-07 14:16:48+00:00,FR,wind_onshore,tabpfn_online,TabPFN with covariates,weather_4p+tso_forecast,2208,2026-07-25 05:00:00+00:00,4859.95361328125,5007.975105911437,,2026-04-23 18:00:00+00:00,2026-07-24 17:00:00+00:00
2026-07-24,2026-08-07 14:16:48+00:00,FR,wind_onshore,tabpfn_online,TabPFN with covariates,weather_4p+tso_forecast,2208,2026-07-25 06:00:00+00:00,4624.4013671875,4732.59666753168,,2026-04-23 18:00:00+00:00,2026-07-24 17:00:00+00:00
2026-07-24,2026-08-07 14:16:48+00:00,FR,wind_onshore,tabpfn_online,TabPFN with covariates,weather_4p+tso_forecast,2208,2026-07-25 07:00:00+00:00,4712.576171875,4824.253746944581,,2026-04-23 18:00:00+00:00,2026-07-24 17:00:00+00:00
2026-07-24,2026-08-07 14:16:48+00:00,FR,wind_onshore,tabpfn_online,TabPFN with covariates,weather_4p+tso_forecast,2208,2026-07-25 08:00:00+00:00,4725.43798828125,4836.58524673419,,2026-04-23 18:00:00+00:00,2026-07-24 17:00:00+00:00
2026-07-24,2026-08-07 14:16:48+00:00,FR,wind_onshore,tabpfn_online,TabPFN with covariates,weather_4p+tso_forecast,2208,2026-07-25 09:00:00+00:00,4741.833984375,4856.445730313789,,2026-04-23 18:00:00+00:00,2026-07-24 17:00:00+00:00
2026-07-24,2026-08-07 14:16:48+00:00,FR,wind_onshore,tabpfn_online,TabPFN with covariates,weather_4p+tso_forecast,2208,2026-07-25 10:00:00+00:00,4610.240234375,4689.618865953887,,2026-04-23 18:00:00+00:00,2026-07-24 17:00:00+00:00
2026-07-24,2026-08-07 14:16:48+00:00,FR,wind_onshore,tabpfn_online,TabPFN with covariates,weather_4p+tso_forecast,2208,2026-07-25 11:00:00+00:00,4608.251953125,4681.943299651665,,2026-04-23 18:00:00+00:00,2026-07-24 17:00:00+00:00
2026-07-24,2026-08-07 14:16:48+00:00,FR,wind_onshore,tabpfn_online,TabPFN with covariates,weather_4p+tso_forecast,2208,2026-07-25 12:00:00+00:00,4804.1796875,4938.270683705442,,2026-04-23 18:00:00+00:00,2026-07-24 17:00:00+00:00
2026-07-24,2026-08-07 14:16:48+00:00,FR,wind_onshore,tabpfn_online,TabPFN with covariates,weather_4p+tso_forecast,2208,2026-07-25 13:00:00+00:00,4740.5791015625,4854.783335264135,,2026-04-23 18:00:00+00:00,2026-07-24 17:00:00+00:00
2026-07-24,2026-08-07 14:16:48+00:00,FR,wind_onshore,tabpfn_online,TabPFN with covariates,weather_4p+tso_forecast,2208,2026-07-25 14:00:00+00:00,4677.65771484375,4764.293363855213,,2026-04-23 18:00:00+00:00,2026-07-24 17:00:00+00:00
2026-07-24,2026-08-07 14:16:48+00:00,FR,wind_onshore,tabpfn_online,TabPFN with covariates,weather_4p+tso_forecast,2208,2026-07-25 15:00:00+00:00,4725.3193359375,4849.946562505967,,2026-04-23 18:00:00+00:00,2026-07-24 17:00:00+00:00
2026-07-24,2026-08-07 14:16:48+00:00,FR,wind_onshore,tabpfn_online,TabPFN with covariates,weather_4p+tso_forecast,2208,2026-07-25 16:00:00+00:00,4596.1923828125,4683.77049147615,,2026-04-23 18:00:00+00:00,2026-07-24 17:00:00+00:00
2026-07-24,2026-08-07 14:16:48+00:00,FR,wind_onshore,tabpfn_online,TabPFN with covariates,weather_4p+tso_forecast,2208,2026-07-25 17:00:00+00:00,4600.3486328125,4709.124619117876,,2026-04-23 18:00:00+00:00,2026-07-24 17:00:00+00:00
2026-07-24,2026-08-07 14:16:48+00:00,FR,wind_offshore,tabpfn_online,TabPFN with covariates,weather_4p+tso_forecast,2208,2026-07-24 18:00:00+00:00,2986.13037109375,2935.778785766275,,2026-04-23 18:00:00+00:00,2026-07-24 17:00:00+00:00
2026-07-24,2026-08-07 14:16:48+00:00,FR,wind_offshore,tabpfn_online,TabPFN with covariates,weather_4p+tso_forecast,2208,2026-07-24 19:00:00+00:00,3005.5693359375,2951.6464016487153,,2026-04-23 18:00:00+00:00,2026-07-24 17:00:00+00:00
2026-07-24,2026-08-07 14:16:48+00:00,FR,wind_offshore,tabpfn_online,TabPFN with covariates,weather_4p+tso_forecast,2208,2026-07-24 20:00:00+00:00,3050.428466796875,3011.2694414909693,,2026-04-23 18:00:00+00:00,2026-07-24 17:00:00+00:00
2026-07-24,2026-08-07 14:16:48+00:00,FR,wind_offshore,tabpfn_online,TabPFN with covariates,weather_4p+tso_forecast,2208,2026-07-24 21:00:00+00:00,3062.50927734375,3025.3332381596597,,2026-04-23 18:00:00+00:00,2026-07-24 17:00:00+00:00
2026-07-24,2026-08-07 14:16:48+00:00,FR,wind_offshore,tabpfn_online,TabPFN with covariates,weather_4p+tso_forecast,2208,2026-07-24 22:00:00+00:00,3067.78271484375,3028.02619095834,,2026-04-23 18:00:00+00:00,2026-07-24 17:00:00+00:00
2026-07-24,2026-08-07 14:16:48+00:00,FR,wind_offshore,tabpfn_online,TabPFN with covariates,weather_4p+tso_forecast,2208,2026-07-24 23:00:00+00:00,3116.33935546875,3122.1466598226907,,2026-04-23 18:00:00+00:00,2026-07-24 17:00:00+00:00
2026-07-24,2026-08-07 14:16:48+00:00,FR,wind_offshore,tabpfn_online,TabPFN with covariates,weather_4p+tso_forecast,2208,2026-07-25 00:00:00+00:00,3023.715087890625,3024.0218463373294,,2026-04-23 18:00:00+00:00,2026-07-24 17:00:00+00:00
2026-07-24,2026-08-07 14:16:48+00:00,FR,wind_offshore,tabpfn_online,TabPFN with covariates,weather_4p+tso_forecast,2208,2026-07-25 01:00:00+00:00,3084.7216796875,3104.915370221958,,2026-04-23 18:00:00+00:00,2026-07-24 17:00:00+00:00
2026-07-24,2026-08-07 14:16:48+00:00,FR,wind_offshore,tabpfn_online,TabPFN with covariates,weather_4p+tso_forecast,2208,2026-07-25 02:00:00+00:00,3097.84228515625,3125.0257131485555,,2026-04-23 18:00:00+00:00,2026-07-24 17:00:00+00:00
2026-07-24,2026-08-07 14:16:48+00:00,FR,wind_offshore,tabpfn_online,TabPFN with covariates,weather_4p+tso_forecast,2208,2026-07-25 03:00:00+00:00,3101.375732421875,3130.965105972528,,2026-04-23 18:00:00+00:00,2026-07-24 17:00:00+00:00
2026-07-24,2026-08-07 14:16:48+00:00,FR,wind_offshore,tabpfn_online,TabPFN with covariates,weather_4p+tso_forecast,2208,2026-07-25 04:00:00+00:00,3128.9072265625,3179.372936047339,,2026-04-23 18:00:00+00:00,2026-07-24 17:00:00+00:00
2026-07-24,2026-08-07 14:16:48+00:00,FR,wind_offshore,tabpfn_online,TabPFN with covariates,weather_4p+tso_forecast,2208,2026-07-25 05:00:00+00:00,3153.9462890625,3226.5746292942445,,2026-04-23 18:00:00+00:00,2026-07-24 17:00:00+00:00
2026-07-24,2026-08-07 14:16:48+00:00,FR,wind_offshore,tabpfn_online,TabPFN with covariates,weather_4p+tso_forecast,2208,2026-07-25 06:00:00+00:00,3110.6396484375,3149.1024212014063,,2026-04-23 18:00:00+00:00,2026-07-24 17:00:00+00:00
2026-07-24,2026-08-07 14:16:48+00:00,FR,wind_offshore,tabpfn_online,TabPFN with covariates,weather_4p+tso_forecast,2208,2026-07-25 07:00:00+00:00,3143.6201171875,3209.42857779108,,2026-04-23 18:00:00+00:00,2026-07-24 17:00:00+00:00
2026-07-24,2026-08-07 14:16:48+00:00,FR,wind_offshore,tabpfn_online,TabPFN with covariates,weather_4p+tso_forecast,2208,2026-07-25 08:00:00+00:00,3154.705078125,3230.2421375882645,,2026-04-23 18:00:00+00:00,2026-07-24 17:00:00+00:00
2026-07-24,2026-08-07 14:16:48+00:00,FR,wind_offshore,tabpfn_online,TabPFN with covariates,weather_4p+tso_forecast,2208,2026-07-25 09:00:00+00:00,3059.51025390625,3082.470428761115,,2026-04-23 18:00:00+00:00,2026-07-24 17:00:00+00:00
2026-07-24,2026-08-07 14:16:48+00:00,FR,wind_offshore,tabpfn_online,TabPFN with covariates,weather_4p+tso_forecast,2208,2026-07-25 10:00:00+00:00,3097.00927734375,3138.050011251547,,2026-04-23 18:00:00+00:00,2026-07-24 17:00:00+00:00
2026-07-24,2026-08-07 14:16:48+00:00,FR,wind_offshore,tabpfn_online,TabPFN with covariates,weather_4p+tso_forecast,2208,2026-07-25 11:00:00+00:00,3130.46728515625,3187.325791682351,,2026-04-23 18:00:00+00:00,2026-07-24 17:00:00+00:00
2026-07-24,2026-08-07 14:16:48+00:00,FR,wind_offshore,tabpfn_online,TabPFN with covariates,weather_4p+tso_forecast,2208,2026-07-25 12:00:00+00:00,3150.548095703125,3222.39828755286,,2026-04-23 18:00:00+00:00,2026-07-24 17:00:00+00:00
2026-07-24,2026-08-07 14:16:48+00:00,FR,wind_offshore,tabpfn_online,TabPFN with covariates,weather_4p+tso_forecast,2208,2026-07-25 13:00:00+00:00,3046.107421875,3072.138155259328,,2026-04-23 18:00:00+00:00,2026-07-24 17:00:00+00:00
2026-07-24,2026-08-07 14:16:48+00:00,FR,wind_offshore,tabpfn_online,TabPFN with covariates,weather_4p+tso_forecast,2208,2026-07-25 14:00:00+00:00,3127.58203125,3184.1167732265985,,2026-04-23 18:00:00+00:00,2026-07-24 17:00:00+00:00
2026-07-24,2026-08-07 14:16:48+00:00,FR,wind_offshore,tabpfn_online,TabPFN with covariates,weather_4p+tso_forecast,2208,2026-07-25 15:00:00+00:00,3096.65283203125,3134.7436943391035,,2026-04-23 18:00:00+00:00,2026-07-24 17:00:00+00:00
2026-07-24,2026-08-07 14:16:48+00:00,FR,wind_offshore,tabpfn_online,TabPFN with covariates,weather_4p+tso_forecast,2208,2026-07-25 16:00:00+00:00,3096.97021484375,3140.755784115194,,2026-04-23 18:00:00+00:00,2026-07-24 17:00:00+00:00
2026-07-24,2026-08-07 14:16:48+00:00,FR,wind_offshore,tabpfn_online,TabPFN with covariates,weather_4p+tso_forecast,2208,2026-07-25 17:00:00+00:00,3093.91259765625,3145.386787634978,,2026-04-23 18:00:00+00:00,2026-07-24 17:00:00+00:00
2026-07-24,2026-08-07 14:16:48+00:00,DE,load,tabpfn_online,TabPFN with covariates,Solar+tso_forecast,2208,2026-07-24 18:00:00+00:00,24914.814453125,24980.84436054004,,2026-04-23 18:00:00+00:00,2026-07-24 17:00:00+00:00
2026-07-24,2026-08-07 14:16:48+00:00,DE,load,tabpfn_online,TabPFN with covariates,Solar+tso_forecast,2208,2026-07-24 19:00:00+00:00,24644.359375,25138.096624075108,,2026-04-23 18:00:00+00:00,2026-07-24 17:00:00+00:00
2026-07-24,2026-08-07 14:16:48+00:00,DE,load,tabpfn_online,TabPFN with covariates,Solar+tso_forecast,2208,2026-07-24 20:00:00+00:00,22880.296875,23566.23856648731,,2026-04-23 18:00:00+00:00,2026-07-24 17:00:00+00:00
2026-07-24,2026-08-07 14:16:48+00:00,DE,load,tabpfn_online,TabPFN with covariates,Solar+tso_forecast,2208,2026-07-24 21:00:00+00:00,21895.91796875,22082.744089513413,,2026-04-23 18:00:00+00:00,2026-07-24 17:00:00+00:00
2026-07-24,2026-08-07 14:16:48+00:00,DE,load,tabpfn_online,TabPFN with covariates,Solar+tso_forecast,2208,2026-07-24 22:00:00+00:00,21346.775390625,21358.549923977174,,2026-04-23 18:00:00+00:00,2026-07-24 17:00:00+00:00
2026-07-24,2026-08-07 14:16:48+00:00,DE,load,tabpfn_online,TabPFN with covariates,Solar+tso_forecast,2208,2026-07-24 23:00:00+00:00,20884.04296875,20845.18299853162,,2026-04-23 18:00:00+00:00,2026-07-24 17:00:00+00:00
2026-07-24,2026-08-07 14:16:48+00:00,DE,load,tabpfn_online,TabPFN with covariates,Solar+tso_forecast,2208,2026-07-25 00:00:00+00:00,20517.306640625,20599.68667756161,,2026-04-23 18:00:00+00:00,2026-07-24 17:00:00+00:00
2026-07-24,2026-08-07 14:16:48+00:00,DE,load,tabpfn_online,TabPFN with covariates,Solar+tso_forecast,2208,2026-07-25 01:00:00+00:00,20507.63671875,20759.421229450418,,2026-04-23 18:00:00+00:00,2026-07-24 17:00:00+00:00
2026-07-24,2026-08-07 14:16:48+00:00,DE,load,tabpfn_online,TabPFN with covariates,Solar+tso_forecast,2208,2026-07-25 02:00:00+00:00,20819.5390625,21535.21412335232,,2026-04-23 18:00:00+00:00,2026-07-24 17:00:00+00:00
2026-07-24,2026-08-07 14:16:48+00:00,DE,load,tabpfn_online,TabPFN with covariates,Solar+tso_forecast,2208,2026-07-25 03:00:00+00:00,20784.7890625,20893.621806289462,,2026-04-23 18:00:00+00:00,2026-07-24 17:00:00+00:00
2026-07-24,2026-08-07 14:16:48+00:00,DE,load,tabpfn_online,TabPFN with covariates,Solar+tso_forecast,2208,2026-07-25 04:00:00+00:00,21240.787109375,21613.181137305182,,2026-04-23 18:00:00+00:00,2026-07-24 17:00:00+00:00
2026-07-24,2026-08-07 14:16:48+00:00,DE,load,tabpfn_online,TabPFN with covariates,Solar+tso_forecast,2208,2026-07-25 05:00:00+00:00,21859.3359375,22690.255695128075,,2026-04-23 18:00:00+00:00,2026-07-24 17:00:00+00:00
2026-07-24,2026-08-07 14:16:48+00:00,DE,load,tabpfn_online,TabPFN with covariates,Solar+tso_forecast,2208,2026-07-25 06:00:00+00:00,22591.25390625,23730.667062376466,,2026-04-23 18:00:00+00:00,2026-07-24 17:00:00+00:00
2026-07-24,2026-08-07 14:16:48+00:00,DE,load,tabpfn_online,TabPFN with covariates,Solar+tso_forecast,2208,2026-07-25 07:00:00+00:00,23157.962890625,23453.752938664933,,2026-04-23 18:00:00+00:00,2026-07-24 17:00:00+00:00
2026-07-24,2026-08-07 14:16:48+00:00,DE,load,tabpfn_online,TabPFN with covariates,Solar+tso_forecast,2208,2026-07-25 08:00:00+00:00,24667.98046875,24870.902973973905,,2026-04-23 18:00:00+00:00,2026-07-24 17:00:00+00:00
2026-07-24,2026-08-07 14:16:48+00:00,DE,load,tabpfn_online,TabPFN with covariates,Solar+tso_forecast,2208,2026-07-25 09:00:00+00:00,25435.515625,25801.888261468164,,2026-04-23 18:00:00+00:00,2026-07-24 17:00:00+00:00
2026-07-24,2026-08-07 14:16:48+00:00,DE,load,tabpfn_online,TabPFN with covariates,Solar+tso_forecast,2208,2026-07-25 10:00:00+00:00,25137.58203125,25812.392571030283,,2026-04-23 18:00:00+00:00,2026-07-24 17:00:00+00:00
2026-07-24,2026-08-07 14:16:48+00:00,DE,load,tabpfn_online,TabPFN with covariates,Solar+tso_forecast,2208,2026-07-25 11:00:00+00:00,25637.5859375,27132.454547756653,,2026-04-23 18:00:00+00:00,2026-07-24 17:00:00+00:00
2026-07-24,2026-08-07 14:16:48+00:00,DE,load,tabpfn_online,TabPFN with covariates,Solar+tso_forecast,2208,2026-07-25 12:00:00+00:00,25702.9921875,26861.37409872813,,2026-04-23 18:00:00+00:00,2026-07-24 17:00:00+00:00
2026-07-24,2026-08-07 14:16:48+00:00,DE,load,tabpfn_online,TabPFN with covariates,Solar+tso_forecast,2208,2026-07-25 13:00:00+00:00,25852.703125,27008.457062411748,,2026-04-23 18:00:00+00:00,2026-07-24 17:00:00+00:00
2026-07-24,2026-08-07 14:16:48+00:00,DE,load,tabpfn_online,TabPFN with covariates,Solar+tso_forecast,2208,2026-07-25 14:00:00+00:00,25619.806640625,26564.121462492312,,2026-04-23 18:00:00+00:00,2026-07-24 17:00:00+00:00
2026-07-24,2026-08-07 14:16:48+00:00,DE,load,tabpfn_online,TabPFN with covariates,Solar+tso_forecast,2208,2026-07-25 15:00:00+00:00,25166.27734375,25740.944943680224,,2026-04-23 18:00:00+00:00,2026-07-24 17:00:00+00:00
2026-07-24,2026-08-07 14:16:48+00:00,DE,load,tabpfn_online,TabPFN with covariates,Solar+tso_forecast,2208,2026-07-25 16:00:00+00:00,24950.296875,26140.42931803986,,2026-04-23 18:00:00+00:00,2026-07-24 17:00:00+00:00
2026-07-24,2026-08-07 14:16:48+00:00,DE,load,tabpfn_online,TabPFN with covariates,Solar+tso_forecast,2208,2026-07-25 17:00:00+00:00,24304.2734375,24776.373170127208,,2026-04-23 18:00:00+00:00,2026-07-24 17:00:00+00:00
2026-07-24,2026-08-07 14:16:48+00:00,DE,solar,tabpfn_online,TabPFN with covariates,weather_4p+tso_forecast,2208,2026-07-24 18:00:00+00:00,724.8223876953125,764.3164373878118,,2026-04-23 18:00:00+00:00,2026-07-24 17:00:00+00:00
2026-07-24,2026-08-07 14:16:48+00:00,DE,solar,tabpfn_online,TabPFN with covariates,weather_4p+tso_forecast,2208,2026-07-24 19:00:00+00:00,7.069869041442871,0.0,,2026-04-23 18:00:00+00:00,2026-07-24 17:00:00+00:00
2026-07-24,2026-08-07 14:16:48+00:00,DE,solar,tabpfn_online,TabPFN with covariates,weather_4p+tso_forecast,2208,2026-07-24 20:00:00+00:00,7.272222995758057,0.0,,2026-04-23 18:00:00+00:00,2026-07-24 17:00:00+00:00
2026-07-24,2026-08-07 14:16:48+00:00,DE,solar,tabpfn_online,TabPFN with covariates,weather_4p+tso_forecast,2208,2026-07-24 21:00:00+00:00,12.436798095703123,47.16395210566678,,2026-04-23 18:00:00+00:00,2026-07-24 17:00:00+00:00
2026-07-24,2026-08-07 14:16:48+00:00,DE,solar,tabpfn_online,TabPFN with covariates,weather_4p+tso_forecast,2208,2026-07-24 22:00:00+00:00,17.40311050415039,75.40758042207653,,2026-04-23 18:00:00+00:00,2026-07-24 17:00:00+00:00
2026-07-24,2026-08-07 14:16:48+00:00,DE,solar,tabpfn_online,TabPFN with covariates,weather_4p+tso_forecast,2208,2026-07-24 23:00:00+00:00,17.220836639404297,68.7045253098083,,2026-04-23 18:00:00+00:00,2026-07-24 17:00:00+00:00
2026-07-24,2026-08-07 14:16:48+00:00,DE,solar,tabpfn_online,TabPFN with covariates,weather_4p+tso_forecast,2208,2026-07-25 00:00:00+00:00,17.99332046508789,77.98603737496808,,2026-04-23 18:00:00+00:00,2026-07-24 17:00:00+00:00
2026-07-24,2026-08-07 14:16:48+00:00,DE,solar,tabpfn_online,TabPFN with covariates,weather_4p+tso_forecast,2208,2026-07-25 01:00:00+00:00,11.522695541381836,39.70874355713439,,2026-04-23 18:00:00+00:00,2026-07-24 17:00:00+00:00
2026-07-24,2026-08-07 14:16:48+00:00,DE,solar,tabpfn_online,TabPFN with covariates,weather_4p+tso_forecast,2208,2026-07-25 02:00:00+00:00,33.950523376464844,164.90008080404272,,2026-04-23 18:00:00+00:00,2026-07-24 17:00:00+00:00
2026-07-24,2026-08-07 14:16:48+00:00,DE,solar,tabpfn_online,TabPFN with covariates,weather_4p+tso_forecast,2208,2026-07-25 03:00:00+00:00,30.28620147705078,141.02942200551993,,2026-04-23 18:00:00+00:00,2026-07-24 17:00:00+00:00
2026-07-24,2026-08-07 14:16:48+00:00,DE,solar,tabpfn_online,TabPFN with covariates,weather_4p+tso_forecast,2208,2026-07-25 04:00:00+00:00,22.335161209106445,89.8652944473177,,2026-04-23 18:00:00+00:00,2026-07-24 17:00:00+00:00
2026-07-24,2026-08-07 14:16:48+00:00,DE,solar,tabpfn_online,TabPFN with covariates,weather_4p+tso_forecast,2208,2026-07-25 05:00:00+00:00,10.257776260375977,3.093300661868227,,2026-04-23 18:00:00+00:00,2026-07-24 17:00:00+00:00
2026-07-24,2026-08-07 14:16:48+00:00,DE,solar,tabpfn_online,TabPFN with covariates,weather_4p+tso_forecast,2208,2026-07-25 06:00:00+00:00,41.05862808227539,172.5643093623391,,2026-04-23 18:00:00+00:00,2026-07-24 17:00:00+00:00
2026-07-24,2026-08-07 14:16:48+00:00,DE,solar,tabpfn_online,TabPFN with covariates,weather_4p+tso_forecast,2208,2026-07-25 07:00:00+00:00,770.8973388671875,822.0949844034579,,2026-04-23 18:00:00+00:00,2026-07-24 17:00:00+00:00
2026-07-24,2026-08-07 14:16:48+00:00,DE,solar,tabpfn_online,TabPFN with covariates,weather_4p+tso_forecast,2208,2026-07-25 08:00:00+00:00,1433.5662841796875,1467.2716073630245,,2026-04-23 18:00:00+00:00,2026-07-24 17:00:00+00:00
2026-07-24,2026-08-07 14:16:48+00:00,DE,solar,tabpfn_online,TabPFN with covariates,weather_4p+tso_forecast,2208,2026-07-25 09:00:00+00:00,1872.690185546875,1843.4175668961257,,2026-04-23 18:00:00+00:00,2026-07-24 17:00:00+00:00
2026-07-24,2026-08-07 14:16:48+00:00,DE,solar,tabpfn_online,TabPFN with covariates,weather_4p+tso_forecast,2208,2026-07-25 10:00:00+00:00,2445.5576171875,2442.4466273048465,,2026-04-23 18:00:00+00:00,2026-07-24 17:00:00+00:00
2026-07-24,2026-08-07 14:16:48+00:00,DE,solar,tabpfn_online,TabPFN with covariates,weather_4p+tso_forecast,2208,2026-07-25 11:00:00+00:00,2833.306396484375,2808.15656294235,,2026-04-23 18:00:00+00:00,2026-07-24 17:00:00+00:00
2026-07-24,2026-08-07 14:16:48+00:00,DE,solar,tabpfn_online,TabPFN with covariates,weather_4p+tso_forecast,2208,2026-07-25 12:00:00+00:00,3011.898193359375,3113.161583534223,,2026-04-23 18:00:00+00:00,2026-07-24 17:00:00+00:00
2026-07-24,2026-08-07 14:16:48+00:00,DE,solar,tabpfn_online,TabPFN with covariates,weather_4p+tso_forecast,2208,2026-07-25 13:00:00+00:00,2965.33544921875,2987.5986985537184,,2026-04-23 18:00:00+00:00,2026-07-24 17:00:00+00:00
2026-07-24,2026-08-07 14:16:48+00:00,DE,solar,tabpfn_online,TabPFN with covariates,weather_4p+tso_forecast,2208,2026-07-25 14:00:00+00:00,2829.66552734375,2787.3171301671964,,2026-04-23 18:00:00+00:00,2026-07-24 17:00:00+00:00
2026-07-24,2026-08-07 14:16:48+00:00,DE,solar,tabpfn_online,TabPFN with covariates,weather_4p+tso_forecast,2208,2026-07-25 15:00:00+00:00,2509.818359375,2484.3133753685916,,2026-04-23 18:00:00+00:00,2026-07-24 17:00:00+00:00
2026-07-24,2026-08-07 14:16:48+00:00,DE,solar,tabpfn_online,TabPFN with covariates,weather_4p+tso_forecast,2208,2026-07-25 16:00:00+00:00,1980.4901123046875,1987.6050285603676,,2026-04-23 18:00:00+00:00,2026-07-24 17:00:00+00:00
2026-07-24,2026-08-07 14:16:48+00:00,DE,solar,tabpfn_online,TabPFN with covariates,weather_4p+tso_forecast,2208,2026-07-25 17:00:00+00:00,1390.80908203125,1405.38937426506,,2026-04-23 18:00:00+00:00,2026-07-24 17:00:00+00:00
2026-07-24,2026-08-07 14:16:48+00:00,DE,wind_onshore,tabpfn_online,TabPFN with covariates,weather_4p+tso_forecast,2208,2026-07-24 18:00:00+00:00,5473.53369140625,5629.53081305639,,2026-04-23 18:00:00+00:00,2026-07-24 17:00:00+00:00
2026-07-24,2026-08-07 14:16:48+00:00,DE,wind_onshore,tabpfn_online,TabPFN with covariates,weather_4p+tso_forecast,2208,2026-07-24 19:00:00+00:00,5850.90576171875,6052.519968039725,,2026-04-23 18:00:00+00:00,2026-07-24 17:00:00+00:00
2026-07-24,2026-08-07 14:16:48+00:00,DE,wind_onshore,tabpfn_online,TabPFN with covariates,weather_4p+tso_forecast,2208,2026-07-24 20:00:00+00:00,5654.33056640625,5802.074419363434,,2026-04-23 18:00:00+00:00,2026-07-24 17:00:00+00:00
2026-07-24,2026-08-07 14:16:48+00:00,DE,wind_onshore,tabpfn_online,TabPFN with covariates,weather_4p+tso_forecast,2208,2026-07-24 21:00:00+00:00,5671.951171875,5818.400373823007,,2026-04-23 18:00:00+00:00,2026-07-24 17:00:00+00:00
2026-07-24,2026-08-07 14:16:48+00:00,DE,wind_onshore,tabpfn_online,TabPFN with covariates,weather_4p+tso_forecast,2208,2026-07-24 22:00:00+00:00,5679.36767578125,5826.367374215836,,2026-04-23 18:00:00+00:00,2026-07-24 17:00:00+00:00
2026-07-24,2026-08-07 14:16:48+00:00,DE,wind_onshore,tabpfn_online,TabPFN with covariates,weather_4p+tso_forecast,2208,2026-07-24 23:00:00+00:00,5723.80712890625,5881.759242357921,,2026-04-23 18:00:00+00:00,2026-07-24 17:00:00+00:00
2026-07-24,2026-08-07 14:16:48+00:00,DE,wind_onshore,tabpfn_online,TabPFN with covariates,weather_4p+tso_forecast,2208,2026-07-25 00:00:00+00:00,5694.25341796875,5829.955748569944,,2026-04-23 18:00:00+00:00,2026-07-24 17:00:00+00:00
2026-07-24,2026-08-07 14:16:48+00:00,DE,wind_onshore,tabpfn_online,TabPFN with covariates,weather_4p+tso_forecast,2208,2026-07-25 01:00:00+00:00,5853.521484375,6030.703975842849,,2026-04-23 18:00:00+00:00,2026-07-24 17:00:00+00:00
2026-07-24,2026-08-07 14:16:48+00:00,DE,wind_onshore,tabpfn_online,TabPFN with covariates,weather_4p+tso_forecast,2208,2026-07-25 02:00:00+00:00,5892.69580078125,6083.963691566785,,2026-04-23 18:00:00+00:00,2026-07-24 17:00:00+00:00
2026-07-24,2026-08-07 14:16:48+00:00,DE,wind_onshore,tabpfn_online,TabPFN with covariates,weather_4p+tso_forecast,2208,2026-07-25 03:00:00+00:00,5948.572265625,6179.000167379196,,2026-04-23 18:00:00+00:00,2026-07-24 17:00:00+00:00
2026-07-24,2026-08-07 14:16:48+00:00,DE,wind_onshore,tabpfn_online,TabPFN with covariates,weather_4p+tso_forecast,2208,2026-07-25 04:00:00+00:00,5845.82373046875,5997.658335901017,,2026-04-23 18:00:00+00:00,2026-07-24 17:00:00+00:00
2026-07-24,2026-08-07 14:16:48+00:00,DE,wind_onshore,tabpfn_online,TabPFN with covariates,weather_4p+tso_forecast,2208,2026-07-25 05:00:00+00:00,5860.5185546875,6015.675601284805,,2026-04-23 18:00:00+00:00,2026-07-24 17:00:00+00:00
2026-07-24,2026-08-07 14:16:48+00:00,DE,wind_onshore,tabpfn_online,TabPFN with covariates,weather_4p+tso_forecast,2208,2026-07-25 06:00:00+00:00,5763.7646484375,5858.283528580692,,2026-04-23 18:00:00+00:00,2026-07-24 17:00:00+00:00
2026-07-24,2026-08-07 14:16:48+00:00,DE,wind_onshore,tabpfn_online,TabPFN with covariates,weather_4p+tso_forecast,2208,2026-07-25 07:00:00+00:00,5884.10986328125,6055.800557253999,,2026-04-23 18:00:00+00:00,2026-07-24 17:00:00+00:00
2026-07-24,2026-08-07 14:16:48+00:00,DE,wind_onshore,tabpfn_online,TabPFN with covariates,weather_4p+tso_forecast,2208,2026-07-25 08:00:00+00:00,5866.4052734375,6019.229237956751,,2026-04-23 18:00:00+00:00,2026-07-24 17:00:00+00:00
2026-07-24,2026-08-07 14:16:48+00:00,DE,wind_onshore,tabpfn_online,TabPFN with covariates,weather_4p+tso_forecast,2208,2026-07-25 09:00:00+00:00,5844.87353515625,5980.974661320445,,2026-04-23 18:00:00+00:00,2026-07-24 17:00:00+00:00
2026-07-24,2026-08-07 14:16:48+00:00,DE,wind_onshore,tabpfn_online,TabPFN with covariates,weather_4p+tso_forecast,2208,2026-07-25 10:00:00+00:00,5756.041015625,5850.277921816154,,2026-04-23 18:00:00+00:00,2026-07-24 17:00:00+00:00
2026-07-24,2026-08-07 14:16:48+00:00,DE,wind_onshore,tabpfn_online,TabPFN with covariates,weather_4p+tso_forecast,2208,2026-07-25 11:00:00+00:00,5765.23388671875,5893.378770817586,,2026-04-23 18:00:00+00:00,2026-07-24 17:00:00+00:00
2026-07-24,2026-08-07 14:16:48+00:00,DE,wind_onshore,tabpfn_online,TabPFN with covariates,weather_4p+tso_forecast,2208,2026-07-25 12:00:00+00:00,5653.359375,5779.310494388402,,2026-04-23 18:00:00+00:00,2026-07-24 17:00:00+00:00
2026-07-24,2026-08-07 14:16:48+00:00,DE,wind_onshore,tabpfn_online,TabPFN with covariates,weather_4p+tso_forecast,2208,2026-07-25 13:00:00+00:00,5698.7041015625,5875.861320236129,,2026-04-23 18:00:00+00:00,2026-07-24 17:00:00+00:00
2026-07-24,2026-08-07 14:16:48+00:00,DE,wind_onshore,tabpfn_online,TabPFN with covariates,weather_4p+tso_forecast,2208,2026-07-25 14:00:00+00:00,5481.56201171875,5651.408546574677,,2026-04-23 18:00:00+00:00,2026-07-24 17:00:00+00:00
2026-07-24,2026-08-07 14:16:48+00:00,DE,wind_onshore,tabpfn_online,TabPFN with covariates,weather_4p+tso_forecast,2208,2026-07-25 15:00:00+00:00,5404.052734375,5582.892175352009,,2026-04-23 18:00:00+00:00,2026-07-24 17:00:00+00:00
2026-07-24,2026-08-07 14:16:48+00:00,DE,wind_onshore,tabpfn_online,TabPFN with covariates,weather_4p+tso_forecast,2208,2026-07-25 16:00:00+00:00,5404.07763671875,5620.919937771407,,2026-04-23 18:00:00+00:00,2026-07-24 17:00:00+00:00
2026-07-24,2026-08-07 14:16:48+00:00,DE,wind_onshore,tabpfn_online,TabPFN with covariates,weather_4p+tso_forecast,2208,2026-07-25 17:00:00+00:00,5163.423828125,5365.780459001371,,2026-04-23 18:00:00+00:00,2026-07-24 17:00:00+00:00
2026-07-24,2026-08-07 14:16:48+00:00,DE,wind_offshore,tabpfn_online,TabPFN with covariates,weather_4p+tso_forecast,2208,2026-07-24 18:00:00+00:00,3956.35888671875,3964.1096240113384,,2026-04-23 18:00:00+00:00,2026-07-24 17:00:00+00:00
2026-07-24,2026-08-07 14:16:48+00:00,DE,wind_offshore,tabpfn_online,TabPFN with covariates,weather_4p+tso_forecast,2208,2026-07-24 19:00:00+00:00,3930.72509765625,3910.504040624191,,2026-04-23 18:00:00+00:00,2026-07-24 17:00:00+00:00
2026-07-24,2026-08-07 14:16:48+00:00,DE,wind_offshore,tabpfn_online,TabPFN with covariates,weather_4p+tso_forecast,2208,2026-07-24 20:00:00+00:00,3921.813720703125,3890.6051590724182,,2026-04-23 18:00:00+00:00,2026-07-24 17:00:00+00:00
2026-07-24,2026-08-07 14:16:48+00:00,DE,wind_offshore,tabpfn_online,TabPFN with covariates,weather_4p+tso_forecast,2208,2026-07-24 21:00:00+00:00,3977.530517578125,3994.118562725028,,2026-04-23 18:00:00+00:00,2026-07-24 17:00:00+00:00
2026-07-24,2026-08-07 14:16:48+00:00,DE,wind_offshore,tabpfn_online,TabPFN with covariates,weather_4p+tso_forecast,2208,2026-07-24 22:00:00+00:00,3975.8896484375,3985.866922732872,,2026-04-23 18:00:00+00:00,2026-07-24 17:00:00+00:00
2026-07-24,2026-08-07 14:16:48+00:00,DE,wind_offshore,tabpfn_online,TabPFN with covariates,weather_4p+tso_forecast,2208,2026-07-24 23:00:00+00:00,3955.9775390625,3941.700673313026,,2026-04-23 18:00:00+00:00,2026-07-24 17:00:00+00:00
2026-07-24,2026-08-07 14:16:48+00:00,DE,wind_offshore,tabpfn_online,TabPFN with covariates,weather_4p+tso_forecast,2208,2026-07-25 00:00:00+00:00,3929.72509765625,3960.3352454341457,,2026-04-23 18:00:00+00:00,2026-07-24 17:00:00+00:00
2026-07-24,2026-08-07 14:16:48+00:00,DE,wind_offshore,tabpfn_online,TabPFN with covariates,weather_4p+tso_forecast,2208,2026-07-25 01:00:00+00:00,3979.31982421875,4042.472091935989,,2026-04-23 18:00:00+00:00,2026-07-24 17:00:00+00:00
2026-07-24,2026-08-07 14:16:48+00:00,DE,wind_offshore,tabpfn_online,TabPFN with covariates,weather_4p+tso_forecast,2208,2026-07-25 02:00:00+00:00,3890.35595703125,3891.1898129813794,,2026-04-23 18:00:00+00:00,2026-07-24 17:00:00+00:00
2026-07-24,2026-08-07 14:16:48+00:00,DE,wind_offshore,tabpfn_online,TabPFN with covariates,weather_4p+tso_forecast,2208,2026-07-25 03:00:00+00:00,3970.94287109375,4017.6014320604704,,2026-04-23 18:00:00+00:00,2026-07-24 17:00:00+00:00
2026-07-24,2026-08-07 14:16:48+00:00,DE,wind_offshore,tabpfn_online,TabPFN with covariates,weather_4p+tso_forecast,2208,2026-07-25 04:00:00+00:00,3955.8642578125,3987.799705383445,,2026-04-23 18:00:00+00:00,2026-07-24 17:00:00+00:00
2026-07-24,2026-08-07 14:16:48+00:00,DE,wind_offshore,tabpfn_online,TabPFN with covariates,weather_4p+tso_forecast,2208,2026-07-25 05:00:00+00:00,3971.87744140625,4016.0340613127937,,2026-04-23 18:00:00+00:00,2026-07-24 17:00:00+00:00
2026-07-24,2026-08-07 14:16:48+00:00,DE,wind_offshore,tabpfn_online,TabPFN with covariates,weather_4p+tso_forecast,2208,2026-07-25 06:00:00+00:00,3915.72607421875,3922.546516823398,,2026-04-23 18:00:00+00:00,2026-07-24 17:00:00+00:00
2026-07-24,2026-08-07 14:16:48+00:00,DE,wind_offshore,tabpfn_online,TabPFN with covariates,weather_4p+tso_forecast,2208,2026-07-25 07:00:00+00:00,4008.552490234375,4103.250081729024,,2026-04-23 18:00:00+00:00,2026-07-24 17:00:00+00:00
2026-07-24,2026-08-07 14:16:48+00:00,DE,wind_offshore,tabpfn_online,TabPFN with covariates,weather_4p+tso_forecast,2208,2026-07-25 08:00:00+00:00,3954.6376953125,3998.3206584965974,,2026-04-23 18:00:00+00:00,2026-07-24 17:00:00+00:00
2026-07-24,2026-08-07 14:16:48+00:00,DE,wind_offshore,tabpfn_online,TabPFN with covariates,weather_4p+tso_forecast,2208,2026-07-25 09:00:00+00:00,3924.131591796875,3953.963297982083,,2026-04-23 18:00:00+00:00,2026-07-24 17:00:00+00:00
2026-07-24,2026-08-07 14:16:48+00:00,DE,wind_offshore,tabpfn_online,TabPFN with covariates,weather_4p+tso_forecast,2208,2026-07-25 10:00:00+00:00,3935.11474609375,3997.975670103367,,2026-04-23 18:00:00+00:00,2026-07-24 17:00:00+00:00
2026-07-24,2026-08-07 14:16:48+00:00,DE,wind_offshore,tabpfn_online,TabPFN with covariates,weather_4p+tso_forecast,2208,2026-07-25 11:00:00+00:00,3979.92041015625,4117.8503470614405,,2026-04-23 18:00:00+00:00,2026-07-24 17:00:00+00:00
2026-07-24,2026-08-07 14:16:48+00:00,DE,wind_offshore,tabpfn_online,TabPFN with covariates,weather_4p+tso_forecast,2208,2026-07-25 12:00:00+00:00,3891.91455078125,3953.9162169662145,,2026-04-23 18:00:00+00:00,2026-07-24 17:00:00+00:00
2026-07-24,2026-08-07 14:16:48+00:00,DE,wind_offshore,tabpfn_online,TabPFN with covariates,weather_4p+tso_forecast,2208,2026-07-25 13:00:00+00:00,3859.90478515625,3910.935409191611,,2026-04-23 18:00:00+00:00,2026-07-24 17:00:00+00:00
2026-07-24,2026-08-07 14:16:48+00:00,DE,wind_offshore,tabpfn_online,TabPFN with covariates,weather_4p+tso_forecast,2208,2026-07-25 14:00:00+00:00,3842.8623046875,3894.6824387004626,,2026-04-23 18:00:00+00:00,2026-07-24 17:00:00+00:00
2026-07-24,2026-08-07 14:16:48+00:00,DE,wind_offshore,tabpfn_online,TabPFN with covariates,weather_4p+tso_forecast,2208,2026-07-25 15:00:00+00:00,3845.277099609375,3916.0623037225914,,2026-04-23 18:00:00+00:00,2026-07-24 17:00:00+00:00
2026-07-24,2026-08-07 14:16:48+00:00,DE,wind_offshore,tabpfn_online,TabPFN with covariates,weather_4p+tso_forecast,2208,2026-07-25 16:00:00+00:00,3707.809326171875,3723.280677741033,,2026-04-23 18:00:00+00:00,2026-07-24 17:00:00+00:00
2026-07-24,2026-08-07 14:16:48+00:00,DE,wind_offshore,tabpfn_online,TabPFN with covariates,weather_4p+tso_forecast,2208,2026-07-25 17:00:00+00:00,3748.96337890625,3795.0352653798386,,2026-04-23 18:00:00+00:00,2026-07-24 17:00:00+00:00
2026-07-24,2026-08-07T14:30:35+00:00,BE,load,tso_reference,TSO forecast,tso_forecast,2208,2026-07-24 18:00:00+00:00,7214.42481599904,7214.42481599904,,2026-04-23 18:00:00+00:00,2026-07-24 17:00:00+00:00
2026-07-24,2026-08-07T14:30:35+00:00,BE,load,tso_reference,TSO forecast,tso_forecast,2208,2026-07-24 19:00:00+00:00,7166.087984932089,7166.087984932089,,2026-04-23 18:00:00+00:00,2026-07-24 17:00:00+00:00
2026-07-24,2026-08-07T14:30:35+00:00,BE,load,tso_reference,TSO forecast,tso_forecast,2208,2026-07-24 20:00:00+00:00,6552.302953457991,6552.302953457991,,2026-04-23 18:00:00+00:00,2026-07-24 17:00:00+00:00
2026-07-24,2026-08-07T14:30:35+00:00,BE,load,tso_reference,TSO forecast,tso_forecast,2208,2026-07-24 21:00:00+00:00,6150.477230260632,6150.477230260632,,2026-04-23 18:00:00+00:00,2026-07-24 17:00:00+00:00
2026-07-24,2026-08-07T14:30:35+00:00,BE,load,tso_reference,TSO forecast,tso_forecast,2208,2026-07-24 22:00:00+00:00,6058.505182209962,6058.505182209962,,2026-04-23 18:00:00+00:00,2026-07-24 17:00:00+00:00
2026-07-24,2026-08-07T14:30:35+00:00,BE,load,tso_reference,TSO forecast,tso_forecast,2208,2026-07-24 23:00:00+00:00,6023.984235198955,6023.984235198955,,2026-04-23 18:00:00+00:00,2026-07-24 17:00:00+00:00
2026-07-24,2026-08-07T14:30:35+00:00,BE,load,tso_reference,TSO forecast,tso_forecast,2208,2026-07-25 00:00:00+00:00,6122.667451821876,6122.667451821876,,2026-04-23 18:00:00+00:00,2026-07-24 17:00:00+00:00
2026-07-24,2026-08-07T14:30:35+00:00,BE,load,tso_reference,TSO forecast,tso_forecast,2208,2026-07-25 01:00:00+00:00,5838.786177336331,5838.786177336331,,2026-04-23 18:00:00+00:00,2026-07-24 17:00:00+00:00
2026-07-24,2026-08-07T14:30:35+00:00,BE,load,tso_reference,TSO forecast,tso_forecast,2208,2026-07-25 02:00:00+00:00,6239.883982379674,6239.883982379674,,2026-04-23 18:00:00+00:00,2026-07-24 17:00:00+00:00
2026-07-24,2026-08-07T14:30:35+00:00,BE,load,tso_reference,TSO forecast,tso_forecast,2208,2026-07-25 03:00:00+00:00,6426.957031779167,6426.957031779167,,2026-04-23 18:00:00+00:00,2026-07-24 17:00:00+00:00
2026-07-24,2026-08-07T14:30:35+00:00,BE,load,tso_reference,TSO forecast,tso_forecast,2208,2026-07-25 04:00:00+00:00,6294.90929518905,6294.90929518905,,2026-04-23 18:00:00+00:00,2026-07-24 17:00:00+00:00
2026-07-24,2026-08-07T14:30:35+00:00,BE,load,tso_reference,TSO forecast,tso_forecast,2208,2026-07-25 05:00:00+00:00,6605.303163177898,6605.303163177898,,2026-04-23 18:00:00+00:00,2026-07-24 17:00:00+00:00
2026-07-24,2026-08-07T14:30:35+00:00,BE,load,tso_reference,TSO forecast,tso_forecast,2208,2026-07-25 06:00:00+00:00,6785.144191183177,6785.144191183177,,2026-04-23 18:00:00+00:00,2026-07-24 17:00:00+00:00
2026-07-24,2026-08-07T14:30:35+00:00,BE,load,tso_reference,TSO forecast,tso_forecast,2208,2026-07-25 07:00:00+00:00,6808.671778926367,6808.671778926367,,2026-04-23 18:00:00+00:00,2026-07-24 17:00:00+00:00
2026-07-24,2026-08-07T14:30:35+00:00,BE,load,tso_reference,TSO forecast,tso_forecast,2208,2026-07-25 08:00:00+00:00,7378.548183136038,7378.548183136038,,2026-04-23 18:00:00+00:00,2026-07-24 17:00:00+00:00
2026-07-24,2026-08-07T14:30:35+00:00,BE,load,tso_reference,TSO forecast,tso_forecast,2208,2026-07-25 09:00:00+00:00,7687.679502434252,7687.679502434252,,2026-04-23 18:00:00+00:00,2026-07-24 17:00:00+00:00
2026-07-24,2026-08-07T14:30:35+00:00,BE,load,tso_reference,TSO forecast,tso_forecast,2208,2026-07-25 10:00:00+00:00,7419.712431053418,7419.712431053418,,2026-04-23 18:00:00+00:00,2026-07-24 17:00:00+00:00
2026-07-24,2026-08-07T14:30:35+00:00,BE,load,tso_reference,TSO forecast,tso_forecast,2208,2026-07-25 11:00:00+00:00,7567.581031002435,7567.581031002435,,2026-04-23 18:00:00+00:00,2026-07-24 17:00:00+00:00
2026-07-24,2026-08-07T14:30:35+00:00,BE,load,tso_reference,TSO forecast,tso_forecast,2208,2026-07-25 12:00:00+00:00,7863.6413430742205,7863.6413430742205,,2026-04-23 18:00:00+00:00,2026-07-24 17:00:00+00:00
2026-07-24,2026-08-07T14:30:35+00:00,BE,load,tso_reference,TSO forecast,tso_forecast,2208,2026-07-25 13:00:00+00:00,7736.056948476398,7736.056948476398,,2026-04-23 18:00:00+00:00,2026-07-24 17:00:00+00:00
2026-07-24,2026-08-07T14:30:35+00:00,BE,load,tso_reference,TSO forecast,tso_forecast,2208,2026-07-25 14:00:00+00:00,7686.130936033941,7686.130936033941,,2026-04-23 18:00:00+00:00,2026-07-24 17:00:00+00:00
2026-07-24,2026-08-07T14:30:35+00:00,BE,load,tso_reference,TSO forecast,tso_forecast,2208,2026-07-25 15:00:00+00:00,7902.864497770575,7902.864497770575,,2026-04-23 18:00:00+00:00,2026-07-24 17:00:00+00:00
2026-07-24,2026-08-07T14:30:35+00:00,BE,load,tso_reference,TSO forecast,tso_forecast,2208,2026-07-25 16:00:00+00:00,7581.614896072016,7581.614896072016,,2026-04-23 18:00:00+00:00,2026-07-24 17:00:00+00:00
2026-07-24,2026-08-07T14:30:35+00:00,BE,load,tso_reference,TSO forecast,tso_forecast,2208,2026-07-25 17:00:00+00:00,7382.851507875355,7382.851507875355,,2026-04-23 18:00:00+00:00,2026-07-24 17:00:00+00:00
2026-07-24,2026-08-07T14:30:35+00:00,BE,load,persistence,Persistence,weekly_persistence,2208,2026-07-24 18:00:00+00:00,7466.467582867827,7214.42481599904,,2026-04-23 18:00:00+00:00,2026-07-24 17:00:00+00:00
2026-07-24,2026-08-07T14:30:35+00:00,BE,load,persistence,Persistence,weekly_persistence,2208,2026-07-24 19:00:00+00:00,7264.775658459009,7166.087984932089,,2026-04-23 18:00:00+00:00,2026-07-24 17:00:00+00:00
2026-07-24,2026-08-07T14:30:35+00:00,BE,load,persistence,Persistence,weekly_persistence,2208,2026-07-24 20:00:00+00:00,6683.528372960044,6552.302953457991,,2026-04-23 18:00:00+00:00,2026-07-24 17:00:00+00:00
2026-07-24,2026-08-07T14:30:35+00:00,BE,load,persistence,Persistence,weekly_persistence,2208,2026-07-24 21:00:00+00:00,6459.322681990581,6150.477230260632,,2026-04-23 18:00:00+00:00,2026-07-24 17:00:00+00:00
2026-07-24,2026-08-07T14:30:35+00:00,BE,load,persistence,Persistence,weekly_persistence,2208,2026-07-24 22:00:00+00:00,6273.843403024631,6058.505182209962,,2026-04-23 18:00:00+00:00,2026-07-24 17:00:00+00:00
2026-07-24,2026-08-07T14:30:35+00:00,BE,load,persistence,Persistence,weekly_persistence,2208,2026-07-24 23:00:00+00:00,6213.495487773518,6023.984235198955,,2026-04-23 18:00:00+00:00,2026-07-24 17:00:00+00:00
2026-07-24,2026-08-07T14:30:35+00:00,BE,load,persistence,Persistence,weekly_persistence,2208,2026-07-25 00:00:00+00:00,6063.651544844106,6122.667451821876,,2026-04-23 18:00:00+00:00,2026-07-24 17:00:00+00:00
2026-07-24,2026-08-07T14:30:35+00:00,BE,load,persistence,Persistence,weekly_persistence,2208,2026-07-25 01:00:00+00:00,6135.535491198616,5838.786177336331,,2026-04-23 18:00:00+00:00,2026-07-24 17:00:00+00:00
2026-07-24,2026-08-07T14:30:35+00:00,BE,load,persistence,Persistence,weekly_persistence,2208,2026-07-25 02:00:00+00:00,6132.935769888735,6239.883982379674,,2026-04-23 18:00:00+00:00,2026-07-24 17:00:00+00:00
2026-07-24,2026-08-07T14:30:35+00:00,BE,load,persistence,Persistence,weekly_persistence,2208,2026-07-25 03:00:00+00:00,6297.576503170617,6426.957031779167,,2026-04-23 18:00:00+00:00,2026-07-24 17:00:00+00:00
2026-07-24,2026-08-07T14:30:35+00:00,BE,load,persistence,Persistence,weekly_persistence,2208,2026-07-25 04:00:00+00:00,6253.16196819872,6294.90929518905,,2026-04-23 18:00:00+00:00,2026-07-24 17:00:00+00:00
2026-07-24,2026-08-07T14:30:35+00:00,BE,load,persistence,Persistence,weekly_persistence,2208,2026-07-25 05:00:00+00:00,6563.986768537916,6605.303163177898,,2026-04-23 18:00:00+00:00,2026-07-24 17:00:00+00:00
2026-07-24,2026-08-07T14:30:35+00:00,BE,load,persistence,Persistence,weekly_persistence,2208,2026-07-25 06:00:00+00:00,6736.376330157234,6785.144191183177,,2026-04-23 18:00:00+00:00,2026-07-24 17:00:00+00:00
2026-07-24,2026-08-07T14:30:35+00:00,BE,load,persistence,Persistence,weekly_persistence,2208,2026-07-25 07:00:00+00:00,6947.117967602398,6808.671778926367,,2026-04-23 18:00:00+00:00,2026-07-24 17:00:00+00:00
2026-07-24,2026-08-07T14:30:35+00:00,BE,load,persistence,Persistence,weekly_persistence,2208,2026-07-25 08:00:00+00:00,7420.394730579321,7378.548183136038,,2026-04-23 18:00:00+00:00,2026-07-24 17:00:00+00:00
2026-07-24,2026-08-07T14:30:35+00:00,BE,load,persistence,Persistence,weekly_persistence,2208,2026-07-25 09:00:00+00:00,7520.406276754812,7687.679502434252,,2026-04-23 18:00:00+00:00,2026-07-24 17:00:00+00:00
2026-07-24,2026-08-07T14:30:35+00:00,BE,load,persistence,Persistence,weekly_persistence,2208,2026-07-25 10:00:00+00:00,7533.084560071993,7419.712431053418,,2026-04-23 18:00:00+00:00,2026-07-24 17:00:00+00:00
2026-07-24,2026-08-07T14:30:35+00:00,BE,load,persistence,Persistence,weekly_persistence,2208,2026-07-25 11:00:00+00:00,7630.819255027881,7567.581031002435,,2026-04-23 18:00:00+00:00,2026-07-24 17:00:00+00:00
2026-07-24,2026-08-07T14:30:35+00:00,BE,load,persistence,Persistence,weekly_persistence,2208,2026-07-25 12:00:00+00:00,7652.291342679793,7863.6413430742205,,2026-04-23 18:00:00+00:00,2026-07-24 17:00:00+00:00
2026-07-24,2026-08-07T14:30:35+00:00,BE,load,persistence,Persistence,weekly_persistence,2208,2026-07-25 13:00:00+00:00,7669.968192565741,7736.056948476398,,2026-04-23 18:00:00+00:00,2026-07-24 17:00:00+00:00
2026-07-24,2026-08-07T14:30:35+00:00,BE,load,persistence,Persistence,weekly_persistence,2208,2026-07-25 14:00:00+00:00,7663.999175374349,7686.130936033941,,2026-04-23 18:00:00+00:00,2026-07-24 17:00:00+00:00
2026-07-24,2026-08-07T14:30:35+00:00,BE,load,persistence,Persistence,weekly_persistence,2208,2026-07-25 15:00:00+00:00,7457.971661407522,7902.864497770575,,2026-04-23 18:00:00+00:00,2026-07-24 17:00:00+00:00
2026-07-24,2026-08-07T14:30:35+00:00,BE,load,persistence,Persistence,weekly_persistence,2208,2026-07-25 16:00:00+00:00,7458.863428539647,7581.614896072016,,2026-04-23 18:00:00+00:00,2026-07-24 17:00:00+00:00
2026-07-24,2026-08-07T14:30:35+00:00,BE,load,persistence,Persistence,weekly_persistence,2208,2026-07-25 17:00:00+00:00,7348.631720438852,7382.851507875355,,2026-04-23 18:00:00+00:00,2026-07-24 17:00:00+00:00
2026-07-24,2026-08-07T14:30:35+00:00,BE,load,ridge_3mo_context,Ridge with covariates,Temp+tso_forecast,2208,2026-07-24 18:00:00+00:00,7132.877558423972,7214.42481599904,,2026-04-23 18:00:00+00:00,2026-07-24 17:00:00+00:00
2026-07-24,2026-08-07T14:30:35+00:00,BE,load,ridge_3mo_context,Ridge with covariates,Temp+tso_forecast,2208,2026-07-24 19:00:00+00:00,7051.701818679185,7166.087984932089,,2026-04-23 18:00:00+00:00,2026-07-24 17:00:00+00:00
2026-07-24,2026-08-07T14:30:35+00:00,BE,load,ridge_3mo_context,Ridge with covariates,Temp+tso_forecast,2208,2026-07-24 20:00:00+00:00,6518.361147597407,6552.302953457991,,2026-04-23 18:00:00+00:00,2026-07-24 17:00:00+00:00
2026-07-24,2026-08-07T14:30:35+00:00,BE,load,ridge_3mo_context,Ridge with covariates,Temp+tso_forecast,2208,2026-07-24 21:00:00+00:00,6155.914680455877,6150.477230260632,,2026-04-23 18:00:00+00:00,2026-07-24 17:00:00+00:00
2026-07-24,2026-08-07T14:30:35+00:00,BE,load,ridge_3mo_context,Ridge with covariates,Temp+tso_forecast,2208,2026-07-24 22:00:00+00:00,6045.2298381364235,6058.505182209962,,2026-04-23 18:00:00+00:00,2026-07-24 17:00:00+00:00
2026-07-24,2026-08-07T14:30:35+00:00,BE,load,ridge_3mo_context,Ridge with covariates,Temp+tso_forecast,2208,2026-07-24 23:00:00+00:00,5987.419211827961,6023.984235198955,,2026-04-23 18:00:00+00:00,2026-07-24 17:00:00+00:00
2026-07-24,2026-08-07T14:30:35+00:00,BE,load,ridge_3mo_context,Ridge with covariates,Temp+tso_forecast,2208,2026-07-25 00:00:00+00:00,6099.8248221594,6122.667451821876,,2026-04-23 18:00:00+00:00,2026-07-24 17:00:00+00:00
2026-07-24,2026-08-07T14:30:35+00:00,BE,load,ridge_3mo_context,Ridge with covariates,Temp+tso_forecast,2208,2026-07-25 01:00:00+00:00,5862.510183431175,5838.786177336331,,2026-04-23 18:00:00+00:00,2026-07-24 17:00:00+00:00
2026-07-24,2026-08-07T14:30:35+00:00,BE,load,ridge_3mo_context,Ridge with covariates,Temp+tso_forecast,2208,2026-07-25 02:00:00+00:00,6182.676109740682,6239.883982379674,,2026-04-23 18:00:00+00:00,2026-07-24 17:00:00+00:00
2026-07-24,2026-08-07T14:30:35+00:00,BE,load,ridge_3mo_context,Ridge with covariates,Temp+tso_forecast,2208,2026-07-25 03:00:00+00:00,6343.065496284076,6426.957031779167,,2026-04-23 18:00:00+00:00,2026-07-24 17:00:00+00:00
2026-07-24,2026-08-07T14:30:35+00:00,BE,load,ridge_3mo_context,Ridge with covariates,Temp+tso_forecast,2208,2026-07-25 04:00:00+00:00,6258.999414490743,6294.90929518905,,2026-04-23 18:00:00+00:00,2026-07-24 17:00:00+00:00
2026-07-24,2026-08-07T14:30:35+00:00,BE,load,ridge_3mo_context,Ridge with covariates,Temp+tso_forecast,2208,2026-07-25 05:00:00+00:00,6536.469828863877,6605.303163177898,,2026-04-23 18:00:00+00:00,2026-07-24 17:00:00+00:00
2026-07-24,2026-08-07T14:30:35+00:00,BE,load,ridge_3mo_context,Ridge with covariates,Temp+tso_forecast,2208,2026-07-25 06:00:00+00:00,6716.266639512046,6785.144191183177,,2026-04-23 18:00:00+00:00,2026-07-24 17:00:00+00:00
2026-07-24,2026-08-07T14:30:35+00:00,BE,load,ridge_3mo_context,Ridge with covariates,Temp+tso_forecast,2208,2026-07-25 07:00:00+00:00,6775.284232843335,6808.671778926367,,2026-04-23 18:00:00+00:00,2026-07-24 17:00:00+00:00
2026-07-24,2026-08-07T14:30:35+00:00,BE,load,ridge_3mo_context,Ridge with covariates,Temp+tso_forecast,2208,2026-07-25 08:00:00+00:00,7271.235722248038,7378.548183136038,,2026-04-23 18:00:00+00:00,2026-07-24 17:00:00+00:00
2026-07-24,2026-08-07T14:30:35+00:00,BE,load,ridge_3mo_context,Ridge with covariates,Temp+tso_forecast,2208,2026-07-25 09:00:00+00:00,7557.380934802188,7687.679502434252,,2026-04-23 18:00:00+00:00,2026-07-24 17:00:00+00:00
2026-07-24,2026-08-07T14:30:35+00:00,BE,load,ridge_3mo_context,Ridge with covariates,Temp+tso_forecast,2208,2026-07-25 10:00:00+00:00,7378.581727029724,7419.712431053418,,2026-04-23 18:00:00+00:00,2026-07-24 17:00:00+00:00
2026-07-24,2026-08-07T14:30:35+00:00,BE,load,ridge_3mo_context,Ridge with covariates,Temp+tso_forecast,2208,2026-07-25 11:00:00+00:00,7524.470988912906,7567.581031002435,,2026-04-23 18:00:00+00:00,2026-07-24 17:00:00+00:00
2026-07-24,2026-08-07T14:30:35+00:00,BE,load,ridge_3mo_context,Ridge with covariates,Temp+tso_forecast,2208,2026-07-25 12:00:00+00:00,7779.5595859815385,7863.6413430742205,,2026-04-23 18:00:00+00:00,2026-07-24 17:00:00+00:00
2026-07-24,2026-08-07T14:30:35+00:00,BE,load,ridge_3mo_context,Ridge with covariates,Temp+tso_forecast,2208,2026-07-25 13:00:00+00:00,7686.309634138123,7736.056948476398,,2026-04-23 18:00:00+00:00,2026-07-24 17:00:00+00:00
2026-07-24,2026-08-07T14:30:35+00:00,BE,load,ridge_3mo_context,Ridge with covariates,Temp+tso_forecast,2208,2026-07-25 14:00:00+00:00,7643.967784583297,7686.130936033941,,2026-04-23 18:00:00+00:00,2026-07-24 17:00:00+00:00
2026-07-24,2026-08-07T14:30:35+00:00,BE,load,ridge_3mo_context,Ridge with covariates,Temp+tso_forecast,2208,2026-07-25 15:00:00+00:00,7803.400805291314,7902.864497770575,,2026-04-23 18:00:00+00:00,2026-07-24 17:00:00+00:00
2026-07-24,2026-08-07T14:30:35+00:00,BE,load,ridge_3mo_context,Ridge with covariates,Temp+tso_forecast,2208,2026-07-25 16:00:00+00:00,7523.561612887077,7581.614896072016,,2026-04-23 18:00:00+00:00,2026-07-24 17:00:00+00:00
2026-07-24,2026-08-07T14:30:35+00:00,BE,load,ridge_3mo_context,Ridge with covariates,Temp+tso_forecast,2208,2026-07-25 17:00:00+00:00,7332.857421383893,7382.851507875355,,2026-04-23 18:00:00+00:00,2026-07-24 17:00:00+00:00
2026-07-24,2026-08-07T14:30:35+00:00,BE,load,chronos2_online,Chronos2 with covariates,Solar+tso_forecast,2208,2026-07-24 18:00:00+00:00,7321.650390625,7214.42481599904,,2026-04-23 18:00:00+00:00,2026-07-24 17:00:00+00:00
2026-07-24,2026-08-07T14:30:35+00:00,BE,load,chronos2_online,Chronos2 with covariates,Solar+tso_forecast,2208,2026-07-24 19:00:00+00:00,7153.9755859375,7166.087984932089,,2026-04-23 18:00:00+00:00,2026-07-24 17:00:00+00:00
2026-07-24,2026-08-07T14:30:35+00:00,BE,load,chronos2_online,Chronos2 with covariates,Solar+tso_forecast,2208,2026-07-24 20:00:00+00:00,6661.25390625,6552.302953457991,,2026-04-23 18:00:00+00:00,2026-07-24 17:00:00+00:00
2026-07-24,2026-08-07T14:30:35+00:00,BE,load,chronos2_online,Chronos2 with covariates,Solar+tso_forecast,2208,2026-07-24 21:00:00+00:00,6423.04931640625,6150.477230260632,,2026-04-23 18:00:00+00:00,2026-07-24 17:00:00+00:00
2026-07-24,2026-08-07T14:30:35+00:00,BE,load,chronos2_online,Chronos2 with covariates,Solar+tso_forecast,2208,2026-07-24 22:00:00+00:00,6302.93798828125,6058.505182209962,,2026-04-23 18:00:00+00:00,2026-07-24 17:00:00+00:00
2026-07-24,2026-08-07T14:30:35+00:00,BE,load,chronos2_online,Chronos2 with covariates,Solar+tso_forecast,2208,2026-07-24 23:00:00+00:00,6175.205078125,6023.984235198955,,2026-04-23 18:00:00+00:00,2026-07-24 17:00:00+00:00
2026-07-24,2026-08-07T14:30:35+00:00,BE,load,chronos2_online,Chronos2 with covariates,Solar+tso_forecast,2208,2026-07-25 00:00:00+00:00,6131.998046875,6122.667451821876,,2026-04-23 18:00:00+00:00,2026-07-24 17:00:00+00:00
2026-07-24,2026-08-07T14:30:35+00:00,BE,load,chronos2_online,Chronos2 with covariates,Solar+tso_forecast,2208,2026-07-25 01:00:00+00:00,6099.85009765625,5838.786177336331,,2026-04-23 18:00:00+00:00,2026-07-24 17:00:00+00:00
2026-07-24,2026-08-07T14:30:35+00:00,BE,load,chronos2_online,Chronos2 with covariates,Solar+tso_forecast,2208,2026-07-25 02:00:00+00:00,6161.3935546875,6239.883982379674,,2026-04-23 18:00:00+00:00,2026-07-24 17:00:00+00:00
2026-07-24,2026-08-07T14:30:35+00:00,BE,load,chronos2_online,Chronos2 with covariates,Solar+tso_forecast,2208,2026-07-25 03:00:00+00:00,6249.6806640625,6426.957031779167,,2026-04-23 18:00:00+00:00,2026-07-24 17:00:00+00:00
2026-07-24,2026-08-07T14:30:35+00:00,BE,load,chronos2_online,Chronos2 with covariates,Solar+tso_forecast,2208,2026-07-25 04:00:00+00:00,6321.78076171875,6294.90929518905,,2026-04-23 18:00:00+00:00,2026-07-24 17:00:00+00:00
2026-07-24,2026-08-07T14:30:35+00:00,BE,load,chronos2_online,Chronos2 with covariates,Solar+tso_forecast,2208,2026-07-25 05:00:00+00:00,6502.64306640625,6605.303163177898,,2026-04-23 18:00:00+00:00,2026-07-24 17:00:00+00:00
2026-07-24,2026-08-07T14:30:35+00:00,BE,load,chronos2_online,Chronos2 with covariates,Solar+tso_forecast,2208,2026-07-25 06:00:00+00:00,6677.36083984375,6785.144191183177,,2026-04-23 18:00:00+00:00,2026-07-24 17:00:00+00:00
2026-07-24,2026-08-07T14:30:35+00:00,BE,load,chronos2_online,Chronos2 with covariates,Solar+tso_forecast,2208,2026-07-25 07:00:00+00:00,6876.68115234375,6808.671778926367,,2026-04-23 18:00:00+00:00,2026-07-24 17:00:00+00:00
2026-07-24,2026-08-07T14:30:35+00:00,BE,load,chronos2_online,Chronos2 with covariates,Solar+tso_forecast,2208,2026-07-25 08:00:00+00:00,7395.86962890625,7378.548183136038,,2026-04-23 18:00:00+00:00,2026-07-24 17:00:00+00:00
2026-07-24,2026-08-07T14:30:35+00:00,BE,load,chronos2_online,Chronos2 with covariates,Solar+tso_forecast,2208,2026-07-25 09:00:00+00:00,7573.41259765625,7687.679502434252,,2026-04-23 18:00:00+00:00,2026-07-24 17:00:00+00:00
2026-07-24,2026-08-07T14:30:35+00:00,BE,load,chronos2_online,Chronos2 with covariates,Solar+tso_forecast,2208,2026-07-25 10:00:00+00:00,7436.4853515625,7419.712431053418,,2026-04-23 18:00:00+00:00,2026-07-24 17:00:00+00:00
2026-07-24,2026-08-07T14:30:35+00:00,BE,load,chronos2_online,Chronos2 with covariates,Solar+tso_forecast,2208,2026-07-25 11:00:00+00:00,7534.40380859375,7567.581031002435,,2026-04-23 18:00:00+00:00,2026-07-24 17:00:00+00:00
2026-07-24,2026-08-07T14:30:35+00:00,BE,load,chronos2_online,Chronos2 with covariates,Solar+tso_forecast,2208,2026-07-25 12:00:00+00:00,7628.02978515625,7863.6413430742205,,2026-04-23 18:00:00+00:00,2026-07-24 17:00:00+00:00
2026-07-24,2026-08-07T14:30:35+00:00,BE,load,chronos2_online,Chronos2 with covariates,Solar+tso_forecast,2208,2026-07-25 13:00:00+00:00,7634.74560546875,7736.056948476398,,2026-04-23 18:00:00+00:00,2026-07-24 17:00:00+00:00
2026-07-24,2026-08-07T14:30:35+00:00,BE,load,chronos2_online,Chronos2 with covariates,Solar+tso_forecast,2208,2026-07-25 14:00:00+00:00,7575.84375,7686.130936033941,,2026-04-23 18:00:00+00:00,2026-07-24 17:00:00+00:00
2026-07-24,2026-08-07T14:30:35+00:00,BE,load,chronos2_online,Chronos2 with covariates,Solar+tso_forecast,2208,2026-07-25 15:00:00+00:00,7531.22607421875,7902.864497770575,,2026-04-23 18:00:00+00:00,2026-07-24 17:00:00+00:00
2026-07-24,2026-08-07T14:30:35+00:00,BE,load,chronos2_online,Chronos2 with covariates,Solar+tso_forecast,2208,2026-07-25 16:00:00+00:00,7388.1533203125,7581.614896072016,,2026-04-23 18:00:00+00:00,2026-07-24 17:00:00+00:00
2026-07-24,2026-08-07T14:30:35+00:00,BE,load,chronos2_online,Chronos2 with covariates,Solar+tso_forecast,2208,2026-07-25 17:00:00+00:00,7280.111328125,7382.851507875355,,2026-04-23 18:00:00+00:00,2026-07-24 17:00:00+00:00
2026-07-24,2026-08-07T14:30:35+00:00,BE,solar,tso_reference,TSO forecast,tso_forecast,2208,2026-07-24 18:00:00+00:00,187.84356739730853,187.84356739730853,,2026-04-23 18:00:00+00:00,2026-07-24 17:00:00+00:00
2026-07-24,2026-08-07T14:30:35+00:00,BE,solar,tso_reference,TSO forecast,tso_forecast,2208,2026-07-24 19:00:00+00:00,0.0,0.0,,2026-04-23 18:00:00+00:00,2026-07-24 17:00:00+00:00
2026-07-24,2026-08-07T14:30:35+00:00,BE,solar,tso_reference,TSO forecast,tso_forecast,2208,2026-07-24 20:00:00+00:00,9.625170754562308,9.625170754562308,,2026-04-23 18:00:00+00:00,2026-07-24 17:00:00+00:00
2026-07-24,2026-08-07T14:30:35+00:00,BE,solar,tso_reference,TSO forecast,tso_forecast,2208,2026-07-24 21:00:00+00:00,49.32822972014545,49.32822972014545,,2026-04-23 18:00:00+00:00,2026-07-24 17:00:00+00:00
2026-07-24,2026-08-07T14:30:35+00:00,BE,solar,tso_reference,TSO forecast,tso_forecast,2208,2026-07-24 22:00:00+00:00,2.4403094248245307,2.4403094248245307,,2026-04-23 18:00:00+00:00,2026-07-24 17:00:00+00:00
2026-07-24,2026-08-07T14:30:35+00:00,BE,solar,tso_reference,TSO forecast,tso_forecast,2208,2026-07-24 23:00:00+00:00,45.18511947958838,45.18511947958838,,2026-04-23 18:00:00+00:00,2026-07-24 17:00:00+00:00
2026-07-24,2026-08-07T14:30:35+00:00,BE,solar,tso_reference,TSO forecast,tso_forecast,2208,2026-07-25 00:00:00+00:00,0.0,0.0,,2026-04-23 18:00:00+00:00,2026-07-24 17:00:00+00:00
2026-07-24,2026-08-07T14:30:35+00:00,BE,solar,tso_reference,TSO forecast,tso_forecast,2208,2026-07-25 01:00:00+00:00,44.97130628023525,44.97130628023525,,2026-04-23 18:00:00+00:00,2026-07-24 17:00:00+00:00
2026-07-24,2026-08-07T14:30:35+00:00,BE,solar,tso_reference,TSO forecast,tso_forecast,2208,2026-07-25 02:00:00+00:00,45.59274782316268,45.59274782316268,,2026-04-23 18:00:00+00:00,2026-07-24 17:00:00+00:00
2026-07-24,2026-08-07T14:30:35+00:00,BE,solar,tso_reference,TSO forecast,tso_forecast,2208,2026-07-25 03:00:00+00:00,38.65726972367871,38.65726972367871,,2026-04-23 18:00:00+00:00,2026-07-24 17:00:00+00:00
2026-07-24,2026-08-07T14:30:35+00:00,BE,solar,tso_reference,TSO forecast,tso_forecast,2208,2026-07-25 04:00:00+00:00,11.817114002345164,11.817114002345164,,2026-04-23 18:00:00+00:00,2026-07-24 17:00:00+00:00
2026-07-24,2026-08-07T14:30:35+00:00,BE,solar,tso_reference,TSO forecast,tso_forecast,2208,2026-07-25 05:00:00+00:00,28.68676632845594,28.68676632845594,,2026-04-23 18:00:00+00:00,2026-07-24 17:00:00+00:00
2026-07-24,2026-08-07T14:30:35+00:00,BE,solar,tso_reference,TSO forecast,tso_forecast,2208,2026-07-25 06:00:00+00:00,31.344528735400008,31.344528735400008,,2026-04-23 18:00:00+00:00,2026-07-24 17:00:00+00:00
2026-07-24,2026-08-07T14:30:35+00:00,BE,solar,tso_reference,TSO forecast,tso_forecast,2208,2026-07-25 07:00:00+00:00,187.53550556393827,187.53550556393827,,2026-04-23 18:00:00+00:00,2026-07-24 17:00:00+00:00
2026-07-24,2026-08-07T14:30:35+00:00,BE,solar,tso_reference,TSO forecast,tso_forecast,2208,2026-07-25 08:00:00+00:00,379.2103065558849,379.2103065558849,,2026-04-23 18:00:00+00:00,2026-07-24 17:00:00+00:00
2026-07-24,2026-08-07T14:30:35+00:00,BE,solar,tso_reference,TSO forecast,tso_forecast,2208,2026-07-25 09:00:00+00:00,541.5776167023462,541.5776167023462,,2026-04-23 18:00:00+00:00,2026-07-24 17:00:00+00:00
2026-07-24,2026-08-07T14:30:35+00:00,BE,solar,tso_reference,TSO forecast,tso_forecast,2208,2026-07-25 10:00:00+00:00,701.1838823509679,701.1838823509679,,2026-04-23 18:00:00+00:00,2026-07-24 17:00:00+00:00
2026-07-24,2026-08-07T14:30:35+00:00,BE,solar,tso_reference,TSO forecast,tso_forecast,2208,2026-07-25 11:00:00+00:00,769.8550374092925,769.8550374092925,,2026-04-23 18:00:00+00:00,2026-07-24 17:00:00+00:00
2026-07-24,2026-08-07T14:30:35+00:00,BE,solar,tso_reference,TSO forecast,tso_forecast,2208,2026-07-25 12:00:00+00:00,790.466123970639,790.466123970639,,2026-04-23 18:00:00+00:00,2026-07-24 17:00:00+00:00
2026-07-24,2026-08-07T14:30:35+00:00,BE,solar,tso_reference,TSO forecast,tso_forecast,2208,2026-07-25 13:00:00+00:00,825.7021449020493,825.7021449020493,,2026-04-23 18:00:00+00:00,2026-07-24 17:00:00+00:00
2026-07-24,2026-08-07T14:30:35+00:00,BE,solar,tso_reference,TSO forecast,tso_forecast,2208,2026-07-25 14:00:00+00:00,782.7426206879452,782.7426206879452,,2026-04-23 18:00:00+00:00,2026-07-24 17:00:00+00:00
2026-07-24,2026-08-07T14:30:35+00:00,BE,solar,tso_reference,TSO forecast,tso_forecast,2208,2026-07-25 15:00:00+00:00,681.6047854787032,681.6047854787032,,2026-04-23 18:00:00+00:00,2026-07-24 17:00:00+00:00
2026-07-24,2026-08-07T14:30:35+00:00,BE,solar,tso_reference,TSO forecast,tso_forecast,2208,2026-07-25 16:00:00+00:00,556.415770782428,556.415770782428,,2026-04-23 18:00:00+00:00,2026-07-24 17:00:00+00:00
2026-07-24,2026-08-07T14:30:35+00:00,BE,solar,tso_reference,TSO forecast,tso_forecast,2208,2026-07-25 17:00:00+00:00,389.7530726298038,389.7530726298038,,2026-04-23 18:00:00+00:00,2026-07-24 17:00:00+00:00
2026-07-24,2026-08-07T14:30:35+00:00,BE,solar,persistence,Persistence,daily_persistence,2208,2026-07-24 18:00:00+00:00,193.27244502187793,187.84356739730853,,2026-04-23 18:00:00+00:00,2026-07-24 17:00:00+00:00
2026-07-24,2026-08-07T14:30:35+00:00,BE,solar,persistence,Persistence,daily_persistence,2208,2026-07-24 19:00:00+00:00,0.0,0.0,,2026-04-23 18:00:00+00:00,2026-07-24 17:00:00+00:00
2026-07-24,2026-08-07T14:30:35+00:00,BE,solar,persistence,Persistence,daily_persistence,2208,2026-07-24 20:00:00+00:00,0.0,9.625170754562308,,2026-04-23 18:00:00+00:00,2026-07-24 17:00:00+00:00
2026-07-24,2026-08-07T14:30:35+00:00,BE,solar,persistence,Persistence,daily_persistence,2208,2026-07-24 21:00:00+00:00,1.750562884341713,49.32822972014545,,2026-04-23 18:00:00+00:00,2026-07-24 17:00:00+00:00
2026-07-24,2026-08-07T14:30:35+00:00,BE,solar,persistence,Persistence,daily_persistence,2208,2026-07-24 22:00:00+00:00,6.071803428662951,2.4403094248245307,,2026-04-23 18:00:00+00:00,2026-07-24 17:00:00+00:00
2026-07-24,2026-08-07T14:30:35+00:00,BE,solar,persistence,Persistence,daily_persistence,2208,2026-07-24 23:00:00+00:00,0.0,45.18511947958838,,2026-04-23 18:00:00+00:00,2026-07-24 17:00:00+00:00
2026-07-24,2026-08-07T14:30:35+00:00,BE,solar,persistence,Persistence,daily_persistence,2208,2026-07-25 00:00:00+00:00,12.722733354854094,0.0,,2026-04-23 18:00:00+00:00,2026-07-24 17:00:00+00:00
2026-07-24,2026-08-07T14:30:35+00:00,BE,solar,persistence,Persistence,daily_persistence,2208,2026-07-25 01:00:00+00:00,0.0,44.97130628023525,,2026-04-23 18:00:00+00:00,2026-07-24 17:00:00+00:00
2026-07-24,2026-08-07T14:30:35+00:00,BE,solar,persistence,Persistence,daily_persistence,2208,2026-07-25 02:00:00+00:00,0.0,45.59274782316268,,2026-04-23 18:00:00+00:00,2026-07-24 17:00:00+00:00
2026-07-24,2026-08-07T14:30:35+00:00,BE,solar,persistence,Persistence,daily_persistence,2208,2026-07-25 03:00:00+00:00,0.0,38.65726972367871,,2026-04-23 18:00:00+00:00,2026-07-24 17:00:00+00:00
2026-07-24,2026-08-07T14:30:35+00:00,BE,solar,persistence,Persistence,daily_persistence,2208,2026-07-25 04:00:00+00:00,0.0,11.817114002345164,,2026-04-23 18:00:00+00:00,2026-07-24 17:00:00+00:00
2026-07-24,2026-08-07T14:30:35+00:00,BE,solar,persistence,Persistence,daily_persistence,2208,2026-07-25 05:00:00+00:00,13.408466874934351,28.68676632845594,,2026-04-23 18:00:00+00:00,2026-07-24 17:00:00+00:00
2026-07-24,2026-08-07T14:30:35+00:00,BE,solar,persistence,Persistence,daily_persistence,2208,2026-07-25 06:00:00+00:00,9.036887380390421,31.344528735400008,,2026-04-23 18:00:00+00:00,2026-07-24 17:00:00+00:00
2026-07-24,2026-08-07T14:30:35+00:00,BE,solar,persistence,Persistence,daily_persistence,2208,2026-07-25 07:00:00+00:00,182.4729223421142,187.53550556393827,,2026-04-23 18:00:00+00:00,2026-07-24 17:00:00+00:00
2026-07-24,2026-08-07T14:30:35+00:00,BE,solar,persistence,Persistence,daily_persistence,2208,2026-07-25 08:00:00+00:00,330.0842749801384,379.2103065558849,,2026-04-23 18:00:00+00:00,2026-07-24 17:00:00+00:00
2026-07-24,2026-08-07T14:30:35+00:00,BE,solar,persistence,Persistence,daily_persistence,2208,2026-07-25 09:00:00+00:00,484.5289533370781,541.5776167023462,,2026-04-23 18:00:00+00:00,2026-07-24 17:00:00+00:00
2026-07-24,2026-08-07T14:30:35+00:00,BE,solar,persistence,Persistence,daily_persistence,2208,2026-07-25 10:00:00+00:00,603.3233804870894,701.1838823509679,,2026-04-23 18:00:00+00:00,2026-07-24 17:00:00+00:00
2026-07-24,2026-08-07T14:30:35+00:00,BE,solar,persistence,Persistence,daily_persistence,2208,2026-07-25 11:00:00+00:00,671.2622980006545,769.8550374092925,,2026-04-23 18:00:00+00:00,2026-07-24 17:00:00+00:00
2026-07-24,2026-08-07T14:30:35+00:00,BE,solar,persistence,Persistence,daily_persistence,2208,2026-07-25 12:00:00+00:00,708.7329613809626,790.466123970639,,2026-04-23 18:00:00+00:00,2026-07-24 17:00:00+00:00
2026-07-24,2026-08-07T14:30:35+00:00,BE,solar,persistence,Persistence,daily_persistence,2208,2026-07-25 13:00:00+00:00,715.7913573096421,825.7021449020493,,2026-04-23 18:00:00+00:00,2026-07-24 17:00:00+00:00
2026-07-24,2026-08-07T14:30:35+00:00,BE,solar,persistence,Persistence,daily_persistence,2208,2026-07-25 14:00:00+00:00,655.7484490053106,782.7426206879452,,2026-04-23 18:00:00+00:00,2026-07-24 17:00:00+00:00
2026-07-24,2026-08-07T14:30:35+00:00,BE,solar,persistence,Persistence,daily_persistence,2208,2026-07-25 15:00:00+00:00,568.9302915745719,681.6047854787032,,2026-04-23 18:00:00+00:00,2026-07-24 17:00:00+00:00
2026-07-24,2026-08-07T14:30:35+00:00,BE,solar,persistence,Persistence,daily_persistence,2208,2026-07-25 16:00:00+00:00,473.37452373986343,556.415770782428,,2026-04-23 18:00:00+00:00,2026-07-24 17:00:00+00:00
2026-07-24,2026-08-07T14:30:35+00:00,BE,solar,persistence,Persistence,daily_persistence,2208,2026-07-25 17:00:00+00:00,316.8885664743069,389.7530726298038,,2026-04-23 18:00:00+00:00,2026-07-24 17:00:00+00:00
2026-07-24,2026-08-07T14:30:35+00:00,BE,solar,chronos2_online,Chronos2 with covariates,weather_4p+tso_forecast,2208,2026-07-24 18:00:00+00:00,197.92941284179688,187.84356739730853,,2026-04-23 18:00:00+00:00,2026-07-24 17:00:00+00:00
2026-07-24,2026-08-07T14:30:35+00:00,BE,solar,chronos2_online,Chronos2 with covariates,weather_4p+tso_forecast,2208,2026-07-24 19:00:00+00:00,29.122344970703125,0.0,,2026-04-23 18:00:00+00:00,2026-07-24 17:00:00+00:00
2026-07-24,2026-08-07T14:30:35+00:00,BE,solar,chronos2_online,Chronos2 with covariates,weather_4p+tso_forecast,2208,2026-07-24 20:00:00+00:00,25.042373657226562,9.625170754562308,,2026-04-23 18:00:00+00:00,2026-07-24 17:00:00+00:00
2026-07-24,2026-08-07T14:30:35+00:00,BE,solar,chronos2_online,Chronos2 with covariates,weather_4p+tso_forecast,2208,2026-07-24 21:00:00+00:00,31.487548828125,49.32822972014545,,2026-04-23 18:00:00+00:00,2026-07-24 17:00:00+00:00
2026-07-24,2026-08-07T14:30:35+00:00,BE,solar,chronos2_online,Chronos2 with covariates,weather_4p+tso_forecast,2208,2026-07-24 22:00:00+00:00,32.425567626953125,2.4403094248245307,,2026-04-23 18:00:00+00:00,2026-07-24 17:00:00+00:00
2026-07-24,2026-08-07T14:30:35+00:00,BE,solar,chronos2_online,Chronos2 with covariates,weather_4p+tso_forecast,2208,2026-07-24 23:00:00+00:00,39.71687316894531,45.18511947958838,,2026-04-23 18:00:00+00:00,2026-07-24 17:00:00+00:00
2026-07-24,2026-08-07T14:30:35+00:00,BE,solar,chronos2_online,Chronos2 with covariates,weather_4p+tso_forecast,2208,2026-07-25 00:00:00+00:00,42.39312744140625,0.0,,2026-04-23 18:00:00+00:00,2026-07-24 17:00:00+00:00
2026-07-24,2026-08-07T14:30:35+00:00,BE,solar,chronos2_online,Chronos2 with covariates,weather_4p+tso_forecast,2208,2026-07-25 01:00:00+00:00,41.962677001953125,44.97130628023525,,2026-04-23 18:00:00+00:00,2026-07-24 17:00:00+00:00
2026-07-24,2026-08-07T14:30:35+00:00,BE,solar,chronos2_online,Chronos2 with covariates,weather_4p+tso_forecast,2208,2026-07-25 02:00:00+00:00,42.909149169921875,45.59274782316268,,2026-04-23 18:00:00+00:00,2026-07-24 17:00:00+00:00
2026-07-24,2026-08-07T14:30:35+00:00,BE,solar,chronos2_online,Chronos2 with covariates,weather_4p+tso_forecast,2208,2026-07-25 03:00:00+00:00,48.66081237792969,38.65726972367871,,2026-04-23 18:00:00+00:00,2026-07-24 17:00:00+00:00
2026-07-24,2026-08-07T14:30:35+00:00,BE,solar,chronos2_online,Chronos2 with covariates,weather_4p+tso_forecast,2208,2026-07-25 04:00:00+00:00,46.761077880859375,11.817114002345164,,2026-04-23 18:00:00+00:00,2026-07-24 17:00:00+00:00
2026-07-24,2026-08-07T14:30:35+00:00,BE,solar,chronos2_online,Chronos2 with covariates,weather_4p+tso_forecast,2208,2026-07-25 05:00:00+00:00,50.00068664550781,28.68676632845594,,2026-04-23 18:00:00+00:00,2026-07-24 17:00:00+00:00
2026-07-24,2026-08-07T14:30:35+00:00,BE,solar,chronos2_online,Chronos2 with covariates,weather_4p+tso_forecast,2208,2026-07-25 06:00:00+00:00,60.7392578125,31.344528735400008,,2026-04-23 18:00:00+00:00,2026-07-24 17:00:00+00:00
2026-07-24,2026-08-07T14:30:35+00:00,BE,solar,chronos2_online,Chronos2 with covariates,weather_4p+tso_forecast,2208,2026-07-25 07:00:00+00:00,218.04776000976562,187.53550556393827,,2026-04-23 18:00:00+00:00,2026-07-24 17:00:00+00:00
2026-07-24,2026-08-07T14:30:35+00:00,BE,solar,chronos2_online,Chronos2 with covariates,weather_4p+tso_forecast,2208,2026-07-25 08:00:00+00:00,375.5630798339844,379.2103065558849,,2026-04-23 18:00:00+00:00,2026-07-24 17:00:00+00:00
2026-07-24,2026-08-07T14:30:35+00:00,BE,solar,chronos2_online,Chronos2 with covariates,weather_4p+tso_forecast,2208,2026-07-25 09:00:00+00:00,515.0380249023438,541.5776167023462,,2026-04-23 18:00:00+00:00,2026-07-24 17:00:00+00:00
2026-07-24,2026-08-07T14:30:35+00:00,BE,solar,chronos2_online,Chronos2 with covariates,weather_4p+tso_forecast,2208,2026-07-25 10:00:00+00:00,643.3782348632812,701.1838823509679,,2026-04-23 18:00:00+00:00,2026-07-24 17:00:00+00:00
2026-07-24,2026-08-07T14:30:35+00:00,BE,solar,chronos2_online,Chronos2 with covariates,weather_4p+tso_forecast,2208,2026-07-25 11:00:00+00:00,715.844970703125,769.8550374092925,,2026-04-23 18:00:00+00:00,2026-07-24 17:00:00+00:00
2026-07-24,2026-08-07T14:30:35+00:00,BE,solar,chronos2_online,Chronos2 with covariates,weather_4p+tso_forecast,2208,2026-07-25 12:00:00+00:00,753.3763427734375,790.466123970639,,2026-04-23 18:00:00+00:00,2026-07-24 17:00:00+00:00
2026-07-24,2026-08-07T14:30:35+00:00,BE,solar,chronos2_online,Chronos2 with covariates,weather_4p+tso_forecast,2208,2026-07-25 13:00:00+00:00,751.7000122070312,825.7021449020493,,2026-04-23 18:00:00+00:00,2026-07-24 17:00:00+00:00
2026-07-24,2026-08-07T14:30:35+00:00,BE,solar,chronos2_online,Chronos2 with covariates,weather_4p+tso_forecast,2208,2026-07-25 14:00:00+00:00,696.5216674804688,782.7426206879452,,2026-04-23 18:00:00+00:00,2026-07-24 17:00:00+00:00
2026-07-24,2026-08-07T14:30:35+00:00,BE,solar,chronos2_online,Chronos2 with covariates,weather_4p+tso_forecast,2208,2026-07-25 15:00:00+00:00,623.2890625,681.6047854787032,,2026-04-23 18:00:00+00:00,2026-07-24 17:00:00+00:00
2026-07-24,2026-08-07T14:30:35+00:00,BE,solar,chronos2_online,Chronos2 with covariates,weather_4p+tso_forecast,2208,2026-07-25 16:00:00+00:00,522.0404052734375,556.415770782428,,2026-04-23 18:00:00+00:00,2026-07-24 17:00:00+00:00
2026-07-24,2026-08-07T14:30:35+00:00,BE,solar,chronos2_online,Chronos2 with covariates,weather_4p+tso_forecast,2208,2026-07-25 17:00:00+00:00,394.185302734375,389.7530726298038,,2026-04-23 18:00:00+00:00,2026-07-24 17:00:00+00:00
2026-07-24,2026-08-07T14:30:35+00:00,BE,solar,xgboost_online,XGBoost with covariates,weather_4p+tso_forecast,2208,2026-07-24 18:00:00+00:00,195.40956115722656,187.84356739730853,,2026-04-23 18:00:00+00:00,2026-07-24 17:00:00+00:00
2026-07-24,2026-08-07T14:30:35+00:00,BE,solar,xgboost_online,XGBoost with covariates,weather_4p+tso_forecast,2208,2026-07-24 19:00:00+00:00,7.431906223297119,0.0,,2026-04-23 18:00:00+00:00,2026-07-24 17:00:00+00:00
2026-07-24,2026-08-07T14:30:35+00:00,BE,solar,xgboost_online,XGBoost with covariates,weather_4p+tso_forecast,2208,2026-07-24 20:00:00+00:00,7.485959529876709,9.625170754562308,,2026-04-23 18:00:00+00:00,2026-07-24 17:00:00+00:00
2026-07-24,2026-08-07T14:30:35+00:00,BE,solar,xgboost_online,XGBoost with covariates,weather_4p+tso_forecast,2208,2026-07-24 21:00:00+00:00,7.6221418380737305,49.32822972014545,,2026-04-23 18:00:00+00:00,2026-07-24 17:00:00+00:00
2026-07-24,2026-08-07T14:30:35+00:00,BE,solar,xgboost_online,XGBoost with covariates,weather_4p+tso_forecast,2208,2026-07-24 22:00:00+00:00,7.431906223297119,2.4403094248245307,,2026-04-23 18:00:00+00:00,2026-07-24 17:00:00+00:00
2026-07-24,2026-08-07T14:30:35+00:00,BE,solar,xgboost_online,XGBoost with covariates,weather_4p+tso_forecast,2208,2026-07-24 23:00:00+00:00,7.717185974121094,45.18511947958838,,2026-04-23 18:00:00+00:00,2026-07-24 17:00:00+00:00
2026-07-24,2026-08-07T14:30:35+00:00,BE,solar,xgboost_online,XGBoost with covariates,weather_4p+tso_forecast,2208,2026-07-25 00:00:00+00:00,7.567991256713867,0.0,,2026-04-23 18:00:00+00:00,2026-07-24 17:00:00+00:00
2026-07-24,2026-08-07T14:30:35+00:00,BE,solar,xgboost_online,XGBoost with covariates,weather_4p+tso_forecast,2208,2026-07-25 01:00:00+00:00,7.75822639465332,44.97130628023525,,2026-04-23 18:00:00+00:00,2026-07-24 17:00:00+00:00
2026-07-24,2026-08-07T14:30:35+00:00,BE,solar,xgboost_online,XGBoost with covariates,weather_4p+tso_forecast,2208,2026-07-25 02:00:00+00:00,7.75822639465332,45.59274782316268,,2026-04-23 18:00:00+00:00,2026-07-24 17:00:00+00:00
2026-07-24,2026-08-07T14:30:35+00:00,BE,solar,xgboost_online,XGBoost with covariates,weather_4p+tso_forecast,2208,2026-07-25 03:00:00+00:00,7.75822639465332,38.65726972367871,,2026-04-23 18:00:00+00:00,2026-07-24 17:00:00+00:00
2026-07-24,2026-08-07T14:30:35+00:00,BE,solar,xgboost_online,XGBoost with covariates,weather_4p+tso_forecast,2208,2026-07-25 04:00:00+00:00,7.622043609619141,11.817114002345164,,2026-04-23 18:00:00+00:00,2026-07-24 17:00:00+00:00
2026-07-24,2026-08-07T14:30:35+00:00,BE,solar,xgboost_online,XGBoost with covariates,weather_4p+tso_forecast,2208,2026-07-25 05:00:00+00:00,7.75822639465332,28.68676632845594,,2026-04-23 18:00:00+00:00,2026-07-24 17:00:00+00:00
2026-07-24,2026-08-07T14:30:35+00:00,BE,solar,xgboost_online,XGBoost with covariates,weather_4p+tso_forecast,2208,2026-07-25 06:00:00+00:00,7.75822639465332,31.344528735400008,,2026-04-23 18:00:00+00:00,2026-07-24 17:00:00+00:00
2026-07-24,2026-08-07T14:30:35+00:00,BE,solar,xgboost_online,XGBoost with covariates,weather_4p+tso_forecast,2208,2026-07-25 07:00:00+00:00,196.94430541992188,187.53550556393827,,2026-04-23 18:00:00+00:00,2026-07-24 17:00:00+00:00
2026-07-24,2026-08-07T14:30:35+00:00,BE,solar,xgboost_online,XGBoost with covariates,weather_4p+tso_forecast,2208,2026-07-25 08:00:00+00:00,377.19879150390625,379.2103065558849,,2026-04-23 18:00:00+00:00,2026-07-24 17:00:00+00:00
2026-07-24,2026-08-07T14:30:35+00:00,BE,solar,xgboost_online,XGBoost with covariates,weather_4p+tso_forecast,2208,2026-07-25 09:00:00+00:00,549.1082153320312,541.5776167023462,,2026-04-23 18:00:00+00:00,2026-07-24 17:00:00+00:00
2026-07-24,2026-08-07T14:30:35+00:00,BE,solar,xgboost_online,XGBoost with covariates,weather_4p+tso_forecast,2208,2026-07-25 10:00:00+00:00,701.116943359375,701.1838823509679,,2026-04-23 18:00:00+00:00,2026-07-24 17:00:00+00:00
2026-07-24,2026-08-07T14:30:35+00:00,BE,solar,xgboost_online,XGBoost with covariates,weather_4p+tso_forecast,2208,2026-07-25 11:00:00+00:00,769.9009399414062,769.8550374092925,,2026-04-23 18:00:00+00:00,2026-07-24 17:00:00+00:00
2026-07-24,2026-08-07T14:30:35+00:00,BE,solar,xgboost_online,XGBoost with covariates,weather_4p+tso_forecast,2208,2026-07-25 12:00:00+00:00,805.2113037109375,790.466123970639,,2026-04-23 18:00:00+00:00,2026-07-24 17:00:00+00:00
2026-07-24,2026-08-07T14:30:35+00:00,BE,solar,xgboost_online,XGBoost with covariates,weather_4p+tso_forecast,2208,2026-07-25 13:00:00+00:00,830.4251098632812,825.7021449020493,,2026-04-23 18:00:00+00:00,2026-07-24 17:00:00+00:00
2026-07-24,2026-08-07T14:30:35+00:00,BE,solar,xgboost_online,XGBoost with covariates,weather_4p+tso_forecast,2208,2026-07-25 14:00:00+00:00,800.778564453125,782.7426206879452,,2026-04-23 18:00:00+00:00,2026-07-24 17:00:00+00:00
2026-07-24,2026-08-07T14:30:35+00:00,BE,solar,xgboost_online,XGBoost with covariates,weather_4p+tso_forecast,2208,2026-07-25 15:00:00+00:00,684.5400390625,681.6047854787032,,2026-04-23 18:00:00+00:00,2026-07-24 17:00:00+00:00
2026-07-24,2026-08-07T14:30:35+00:00,BE,solar,xgboost_online,XGBoost with covariates,weather_4p+tso_forecast,2208,2026-07-25 16:00:00+00:00,556.6942138671875,556.415770782428,,2026-04-23 18:00:00+00:00,2026-07-24 17:00:00+00:00
2026-07-24,2026-08-07T14:30:35+00:00,BE,solar,xgboost_online,XGBoost with covariates,weather_4p+tso_forecast,2208,2026-07-25 17:00:00+00:00,389.59039306640625,389.7530726298038,,2026-04-23 18:00:00+00:00,2026-07-24 17:00:00+00:00
2026-07-24,2026-08-07T14:30:35+00:00,BE,wind_onshore,tso_reference,TSO forecast,tso_forecast,2208,2026-07-24 18:00:00+00:00,1355.832705375623,1355.832705375623,,2026-04-23 18:00:00+00:00,2026-07-24 17:00:00+00:00
2026-07-24,2026-08-07T14:30:35+00:00,BE,wind_onshore,tso_reference,TSO forecast,tso_forecast,2208,2026-07-24 19:00:00+00:00,1430.356998415995,1430.356998415995,,2026-04-23 18:00:00+00:00,2026-07-24 17:00:00+00:00
2026-07-24,2026-08-07T14:30:35+00:00,BE,wind_onshore,tso_reference,TSO forecast,tso_forecast,2208,2026-07-24 20:00:00+00:00,1451.745113016923,1451.745113016923,,2026-04-23 18:00:00+00:00,2026-07-24 17:00:00+00:00
2026-07-24,2026-08-07T14:30:35+00:00,BE,wind_onshore,tso_reference,TSO forecast,tso_forecast,2208,2026-07-24 21:00:00+00:00,1456.183841733619,1456.183841733619,,2026-04-23 18:00:00+00:00,2026-07-24 17:00:00+00:00
2026-07-24,2026-08-07T14:30:35+00:00,BE,wind_onshore,tso_reference,TSO forecast,tso_forecast,2208,2026-07-24 22:00:00+00:00,1491.715700120438,1491.715700120438,,2026-04-23 18:00:00+00:00,2026-07-24 17:00:00+00:00
2026-07-24,2026-08-07T14:30:35+00:00,BE,wind_onshore,tso_reference,TSO forecast,tso_forecast,2208,2026-07-24 23:00:00+00:00,1536.0829009699403,1536.0829009699403,,2026-04-23 18:00:00+00:00,2026-07-24 17:00:00+00:00
2026-07-24,2026-08-07T14:30:35+00:00,BE,wind_onshore,tso_reference,TSO forecast,tso_forecast,2208,2026-07-25 00:00:00+00:00,1609.699214186032,1609.699214186032,,2026-04-23 18:00:00+00:00,2026-07-24 17:00:00+00:00
2026-07-24,2026-08-07T14:30:35+00:00,BE,wind_onshore,tso_reference,TSO forecast,tso_forecast,2208,2026-07-25 01:00:00+00:00,1627.0773504290976,1627.0773504290976,,2026-04-23 18:00:00+00:00,2026-07-24 17:00:00+00:00
2026-07-24,2026-08-07T14:30:35+00:00,BE,wind_onshore,tso_reference,TSO forecast,tso_forecast,2208,2026-07-25 02:00:00+00:00,1642.2550208426492,1642.2550208426492,,2026-04-23 18:00:00+00:00,2026-07-24 17:00:00+00:00
2026-07-24,2026-08-07T14:30:35+00:00,BE,wind_onshore,tso_reference,TSO forecast,tso_forecast,2208,2026-07-25 03:00:00+00:00,1659.8503465577369,1659.8503465577369,,2026-04-23 18:00:00+00:00,2026-07-24 17:00:00+00:00
2026-07-24,2026-08-07T14:30:35+00:00,BE,wind_onshore,tso_reference,TSO forecast,tso_forecast,2208,2026-07-25 04:00:00+00:00,1671.0798135740133,1671.0798135740133,,2026-04-23 18:00:00+00:00,2026-07-24 17:00:00+00:00
2026-07-24,2026-08-07T14:30:35+00:00,BE,wind_onshore,tso_reference,TSO forecast,tso_forecast,2208,2026-07-25 05:00:00+00:00,1679.9242394905834,1679.9242394905834,,2026-04-23 18:00:00+00:00,2026-07-24 17:00:00+00:00
2026-07-24,2026-08-07T14:30:35+00:00,BE,wind_onshore,tso_reference,TSO forecast,tso_forecast,2208,2026-07-25 06:00:00+00:00,1733.2402346083281,1733.2402346083281,,2026-04-23 18:00:00+00:00,2026-07-24 17:00:00+00:00
2026-07-24,2026-08-07T14:30:35+00:00,BE,wind_onshore,tso_reference,TSO forecast,tso_forecast,2208,2026-07-25 07:00:00+00:00,1654.2154579437758,1654.2154579437758,,2026-04-23 18:00:00+00:00,2026-07-24 17:00:00+00:00
2026-07-24,2026-08-07T14:30:35+00:00,BE,wind_onshore,tso_reference,TSO forecast,tso_forecast,2208,2026-07-25 08:00:00+00:00,1777.4321792598084,1777.4321792598084,,2026-04-23 18:00:00+00:00,2026-07-24 17:00:00+00:00
2026-07-24,2026-08-07T14:30:35+00:00,BE,wind_onshore,tso_reference,TSO forecast,tso_forecast,2208,2026-07-25 09:00:00+00:00,1779.8444873494961,1779.8444873494961,,2026-04-23 18:00:00+00:00,2026-07-24 17:00:00+00:00
2026-07-24,2026-08-07T14:30:35+00:00,BE,wind_onshore,tso_reference,TSO forecast,tso_forecast,2208,2026-07-25 10:00:00+00:00,1766.3487609412582,1766.3487609412582,,2026-04-23 18:00:00+00:00,2026-07-24 17:00:00+00:00
2026-07-24,2026-08-07T14:30:35+00:00,BE,wind_onshore,tso_reference,TSO forecast,tso_forecast,2208,2026-07-25 11:00:00+00:00,1834.3830562009807,1834.3830562009807,,2026-04-23 18:00:00+00:00,2026-07-24 17:00:00+00:00
2026-07-24,2026-08-07T14:30:35+00:00,BE,wind_onshore,tso_reference,TSO forecast,tso_forecast,2208,2026-07-25 12:00:00+00:00,1759.6519017808046,1759.6519017808046,,2026-04-23 18:00:00+00:00,2026-07-24 17:00:00+00:00
2026-07-24,2026-08-07T14:30:35+00:00,BE,wind_onshore,tso_reference,TSO forecast,tso_forecast,2208,2026-07-25 13:00:00+00:00,1793.0749252253042,1793.0749252253042,,2026-04-23 18:00:00+00:00,2026-07-24 17:00:00+00:00
2026-07-24,2026-08-07T14:30:35+00:00,BE,wind_onshore,tso_reference,TSO forecast,tso_forecast,2208,2026-07-25 14:00:00+00:00,1800.95615872107,1800.95615872107,,2026-04-23 18:00:00+00:00,2026-07-24 17:00:00+00:00
2026-07-24,2026-08-07T14:30:35+00:00,BE,wind_onshore,tso_reference,TSO forecast,tso_forecast,2208,2026-07-25 15:00:00+00:00,1804.6707769057004,1804.6707769057004,,2026-04-23 18:00:00+00:00,2026-07-24 17:00:00+00:00
2026-07-24,2026-08-07T14:30:35+00:00,BE,wind_onshore,tso_reference,TSO forecast,tso_forecast,2208,2026-07-25 16:00:00+00:00,1805.6469813885165,1805.6469813885165,,2026-04-23 18:00:00+00:00,2026-07-24 17:00:00+00:00
2026-07-24,2026-08-07T14:30:35+00:00,BE,wind_onshore,tso_reference,TSO forecast,tso_forecast,2208,2026-07-25 17:00:00+00:00,1810.7020592395309,1810.7020592395309,,2026-04-23 18:00:00+00:00,2026-07-24 17:00:00+00:00
2026-07-24,2026-08-07T14:30:35+00:00,BE,wind_onshore,persistence,Persistence,daily_persistence,2208,2026-07-24 18:00:00+00:00,1550.652301911283,1355.832705375623,,2026-04-23 18:00:00+00:00,2026-07-24 17:00:00+00:00
2026-07-24,2026-08-07T14:30:35+00:00,BE,wind_onshore,persistence,Persistence,daily_persistence,2208,2026-07-24 19:00:00+00:00,1589.1038671419458,1430.356998415995,,2026-04-23 18:00:00+00:00,2026-07-24 17:00:00+00:00
2026-07-24,2026-08-07T14:30:35+00:00,BE,wind_onshore,persistence,Persistence,daily_persistence,2208,2026-07-24 20:00:00+00:00,1600.9250173719397,1451.745113016923,,2026-04-23 18:00:00+00:00,2026-07-24 17:00:00+00:00
2026-07-24,2026-08-07T14:30:35+00:00,BE,wind_onshore,persistence,Persistence,daily_persistence,2208,2026-07-24 21:00:00+00:00,1584.3150154289829,1456.183841733619,,2026-04-23 18:00:00+00:00,2026-07-24 17:00:00+00:00
2026-07-24,2026-08-07T14:30:35+00:00,BE,wind_onshore,persistence,Persistence,daily_persistence,2208,2026-07-24 22:00:00+00:00,1576.9486992255881,1491.715700120438,,2026-04-23 18:00:00+00:00,2026-07-24 17:00:00+00:00
2026-07-24,2026-08-07T14:30:35+00:00,BE,wind_onshore,persistence,Persistence,daily_persistence,2208,2026-07-24 23:00:00+00:00,1598.192537122632,1536.0829009699403,,2026-04-23 18:00:00+00:00,2026-07-24 17:00:00+00:00
2026-07-24,2026-08-07T14:30:35+00:00,BE,wind_onshore,persistence,Persistence,daily_persistence,2208,2026-07-25 00:00:00+00:00,1586.5799677015552,1609.699214186032,,2026-04-23 18:00:00+00:00,2026-07-24 17:00:00+00:00
2026-07-24,2026-08-07T14:30:35+00:00,BE,wind_onshore,persistence,Persistence,daily_persistence,2208,2026-07-25 01:00:00+00:00,1572.5479876466509,1627.0773504290976,,2026-04-23 18:00:00+00:00,2026-07-24 17:00:00+00:00
2026-07-24,2026-08-07T14:30:35+00:00,BE,wind_onshore,persistence,Persistence,daily_persistence,2208,2026-07-25 02:00:00+00:00,1605.0002024292949,1642.2550208426492,,2026-04-23 18:00:00+00:00,2026-07-24 17:00:00+00:00
2026-07-24,2026-08-07T14:30:35+00:00,BE,wind_onshore,persistence,Persistence,daily_persistence,2208,2026-07-25 03:00:00+00:00,1566.8500244319644,1659.8503465577369,,2026-04-23 18:00:00+00:00,2026-07-24 17:00:00+00:00
2026-07-24,2026-08-07T14:30:35+00:00,BE,wind_onshore,persistence,Persistence,daily_persistence,2208,2026-07-25 04:00:00+00:00,1580.194165600725,1671.0798135740133,,2026-04-23 18:00:00+00:00,2026-07-24 17:00:00+00:00
2026-07-24,2026-08-07T14:30:35+00:00,BE,wind_onshore,persistence,Persistence,daily_persistence,2208,2026-07-25 05:00:00+00:00,1553.1658712373355,1679.9242394905834,,2026-04-23 18:00:00+00:00,2026-07-24 17:00:00+00:00
2026-07-24,2026-08-07T14:30:35+00:00,BE,wind_onshore,persistence,Persistence,daily_persistence,2208,2026-07-25 06:00:00+00:00,1557.4946890407473,1733.2402346083281,,2026-04-23 18:00:00+00:00,2026-07-24 17:00:00+00:00
2026-07-24,2026-08-07T14:30:35+00:00,BE,wind_onshore,persistence,Persistence,daily_persistence,2208,2026-07-25 07:00:00+00:00,1559.5177784793234,1654.2154579437758,,2026-04-23 18:00:00+00:00,2026-07-24 17:00:00+00:00
2026-07-24,2026-08-07T14:30:35+00:00,BE,wind_onshore,persistence,Persistence,daily_persistence,2208,2026-07-25 08:00:00+00:00,1510.637259355018,1777.4321792598084,,2026-04-23 18:00:00+00:00,2026-07-24 17:00:00+00:00
2026-07-24,2026-08-07T14:30:35+00:00,BE,wind_onshore,persistence,Persistence,daily_persistence,2208,2026-07-25 09:00:00+00:00,1533.167254621128,1779.8444873494961,,2026-04-23 18:00:00+00:00,2026-07-24 17:00:00+00:00
2026-07-24,2026-08-07T14:30:35+00:00,BE,wind_onshore,persistence,Persistence,daily_persistence,2208,2026-07-25 10:00:00+00:00,1509.8778297824979,1766.3487609412582,,2026-04-23 18:00:00+00:00,2026-07-24 17:00:00+00:00
2026-07-24,2026-08-07T14:30:35+00:00,BE,wind_onshore,persistence,Persistence,daily_persistence,2208,2026-07-25 11:00:00+00:00,1465.4521287821162,1834.3830562009807,,2026-04-23 18:00:00+00:00,2026-07-24 17:00:00+00:00
2026-07-24,2026-08-07T14:30:35+00:00,BE,wind_onshore,persistence,Persistence,daily_persistence,2208,2026-07-25 12:00:00+00:00,1470.3592023500128,1759.6519017808046,,2026-04-23 18:00:00+00:00,2026-07-24 17:00:00+00:00
2026-07-24,2026-08-07T14:30:35+00:00,BE,wind_onshore,persistence,Persistence,daily_persistence,2208,2026-07-25 13:00:00+00:00,1435.3553203788886,1793.0749252253042,,2026-04-23 18:00:00+00:00,2026-07-24 17:00:00+00:00
2026-07-24,2026-08-07T14:30:35+00:00,BE,wind_onshore,persistence,Persistence,daily_persistence,2208,2026-07-25 14:00:00+00:00,1439.9276581053641,1800.95615872107,,2026-04-23 18:00:00+00:00,2026-07-24 17:00:00+00:00
2026-07-24,2026-08-07T14:30:35+00:00,BE,wind_onshore,persistence,Persistence,daily_persistence,2208,2026-07-25 15:00:00+00:00,1405.9724358277538,1804.6707769057004,,2026-04-23 18:00:00+00:00,2026-07-24 17:00:00+00:00
2026-07-24,2026-08-07T14:30:35+00:00,BE,wind_onshore,persistence,Persistence,daily_persistence,2208,2026-07-25 16:00:00+00:00,1382.7493403917044,1805.6469813885165,,2026-04-23 18:00:00+00:00,2026-07-24 17:00:00+00:00
2026-07-24,2026-08-07T14:30:35+00:00,BE,wind_onshore,persistence,Persistence,daily_persistence,2208,2026-07-25 17:00:00+00:00,1340.7703811551714,1810.7020592395309,,2026-04-23 18:00:00+00:00,2026-07-24 17:00:00+00:00
2026-07-24,2026-08-07T14:30:35+00:00,BE,wind_onshore,chronos2_online,Chronos2 with covariates,weather_4p+tso_forecast,2208,2026-07-24 18:00:00+00:00,1333.1619873046875,1355.832705375623,,2026-04-23 18:00:00+00:00,2026-07-24 17:00:00+00:00
2026-07-24,2026-08-07T14:30:35+00:00,BE,wind_onshore,chronos2_online,Chronos2 with covariates,weather_4p+tso_forecast,2208,2026-07-24 19:00:00+00:00,1309.96044921875,1430.356998415995,,2026-04-23 18:00:00+00:00,2026-07-24 17:00:00+00:00
2026-07-24,2026-08-07T14:30:35+00:00,BE,wind_onshore,chronos2_online,Chronos2 with covariates,weather_4p+tso_forecast,2208,2026-07-24 20:00:00+00:00,1291.0784912109375,1451.745113016923,,2026-04-23 18:00:00+00:00,2026-07-24 17:00:00+00:00
2026-07-24,2026-08-07T14:30:35+00:00,BE,wind_onshore,chronos2_online,Chronos2 with covariates,weather_4p+tso_forecast,2208,2026-07-24 21:00:00+00:00,1268.5220947265625,1456.183841733619,,2026-04-23 18:00:00+00:00,2026-07-24 17:00:00+00:00
2026-07-24,2026-08-07T14:30:35+00:00,BE,wind_onshore,chronos2_online,Chronos2 with covariates,weather_4p+tso_forecast,2208,2026-07-24 22:00:00+00:00,1248.479736328125,1491.715700120438,,2026-04-23 18:00:00+00:00,2026-07-24 17:00:00+00:00
2026-07-24,2026-08-07T14:30:35+00:00,BE,wind_onshore,chronos2_online,Chronos2 with covariates,weather_4p+tso_forecast,2208,2026-07-24 23:00:00+00:00,1228.20068359375,1536.0829009699403,,2026-04-23 18:00:00+00:00,2026-07-24 17:00:00+00:00
2026-07-24,2026-08-07T14:30:35+00:00,BE,wind_onshore,chronos2_online,Chronos2 with covariates,weather_4p+tso_forecast,2208,2026-07-25 00:00:00+00:00,1209.7279052734375,1609.699214186032,,2026-04-23 18:00:00+00:00,2026-07-24 17:00:00+00:00
2026-07-24,2026-08-07T14:30:35+00:00,BE,wind_onshore,chronos2_online,Chronos2 with covariates,weather_4p+tso_forecast,2208,2026-07-25 01:00:00+00:00,1196.80810546875,1627.0773504290976,,2026-04-23 18:00:00+00:00,2026-07-24 17:00:00+00:00
2026-07-24,2026-08-07T14:30:35+00:00,BE,wind_onshore,chronos2_online,Chronos2 with covariates,weather_4p+tso_forecast,2208,2026-07-25 02:00:00+00:00,1177.3807373046875,1642.2550208426492,,2026-04-23 18:00:00+00:00,2026-07-24 17:00:00+00:00
2026-07-24,2026-08-07T14:30:35+00:00,BE,wind_onshore,chronos2_online,Chronos2 with covariates,weather_4p+tso_forecast,2208,2026-07-25 03:00:00+00:00,1159.4522705078125,1659.8503465577369,,2026-04-23 18:00:00+00:00,2026-07-24 17:00:00+00:00
2026-07-24,2026-08-07T14:30:35+00:00,BE,wind_onshore,chronos2_online,Chronos2 with covariates,weather_4p+tso_forecast,2208,2026-07-25 04:00:00+00:00,1145.6611328125,1671.0798135740133,,2026-04-23 18:00:00+00:00,2026-07-24 17:00:00+00:00
2026-07-24,2026-08-07T14:30:35+00:00,BE,wind_onshore,chronos2_online,Chronos2 with covariates,weather_4p+tso_forecast,2208,2026-07-25 05:00:00+00:00,1129.123046875,1679.9242394905834,,2026-04-23 18:00:00+00:00,2026-07-24 17:00:00+00:00
2026-07-24,2026-08-07T14:30:35+00:00,BE,wind_onshore,chronos2_online,Chronos2 with covariates,weather_4p+tso_forecast,2208,2026-07-25 06:00:00+00:00,1120.18310546875,1733.2402346083281,,2026-04-23 18:00:00+00:00,2026-07-24 17:00:00+00:00
2026-07-24,2026-08-07T14:30:35+00:00,BE,wind_onshore,chronos2_online,Chronos2 with covariates,weather_4p+tso_forecast,2208,2026-07-25 07:00:00+00:00,1100.2415771484375,1654.2154579437758,,2026-04-23 18:00:00+00:00,2026-07-24 17:00:00+00:00
2026-07-24,2026-08-07T14:30:35+00:00,BE,wind_onshore,chronos2_online,Chronos2 with covariates,weather_4p+tso_forecast,2208,2026-07-25 08:00:00+00:00,1089.09228515625,1777.4321792598084,,2026-04-23 18:00:00+00:00,2026-07-24 17:00:00+00:00
2026-07-24,2026-08-07T14:30:35+00:00,BE,wind_onshore,chronos2_online,Chronos2 with covariates,weather_4p+tso_forecast,2208,2026-07-25 09:00:00+00:00,1074.534912109375,1779.8444873494961,,2026-04-23 18:00:00+00:00,2026-07-24 17:00:00+00:00
2026-07-24,2026-08-07T14:30:35+00:00,BE,wind_onshore,chronos2_online,Chronos2 with covariates,weather_4p+tso_forecast,2208,2026-07-25 10:00:00+00:00,1103.361328125,1766.3487609412582,,2026-04-23 18:00:00+00:00,2026-07-24 17:00:00+00:00
2026-07-24,2026-08-07T14:30:35+00:00,BE,wind_onshore,chronos2_online,Chronos2 with covariates,weather_4p+tso_forecast,2208,2026-07-25 11:00:00+00:00,1095.4248046875,1834.3830562009807,,2026-04-23 18:00:00+00:00,2026-07-24 17:00:00+00:00
2026-07-24,2026-08-07T14:30:35+00:00,BE,wind_onshore,chronos2_online,Chronos2 with covariates,weather_4p+tso_forecast,2208,2026-07-25 12:00:00+00:00,1092.3238525390625,1759.6519017808046,,2026-04-23 18:00:00+00:00,2026-07-24 17:00:00+00:00
2026-07-24,2026-08-07T14:30:35+00:00,BE,wind_onshore,chronos2_online,Chronos2 with covariates,weather_4p+tso_forecast,2208,2026-07-25 13:00:00+00:00,1087.14599609375,1793.0749252253042,,2026-04-23 18:00:00+00:00,2026-07-24 17:00:00+00:00
2026-07-24,2026-08-07T14:30:35+00:00,BE,wind_onshore,chronos2_online,Chronos2 with covariates,weather_4p+tso_forecast,2208,2026-07-25 14:00:00+00:00,1087.9637451171875,1800.95615872107,,2026-04-23 18:00:00+00:00,2026-07-24 17:00:00+00:00
2026-07-24,2026-08-07T14:30:35+00:00,BE,wind_onshore,chronos2_online,Chronos2 with covariates,weather_4p+tso_forecast,2208,2026-07-25 15:00:00+00:00,1085.348876953125,1804.6707769057004,,2026-04-23 18:00:00+00:00,2026-07-24 17:00:00+00:00
2026-07-24,2026-08-07T14:30:35+00:00,BE,wind_onshore,chronos2_online,Chronos2 with covariates,weather_4p+tso_forecast,2208,2026-07-25 16:00:00+00:00,1081.3072509765625,1805.6469813885165,,2026-04-23 18:00:00+00:00,2026-07-24 17:00:00+00:00
2026-07-24,2026-08-07T14:30:35+00:00,BE,wind_onshore,chronos2_online,Chronos2 with covariates,weather_4p+tso_forecast,2208,2026-07-25 17:00:00+00:00,1074.170654296875,1810.7020592395309,,2026-04-23 18:00:00+00:00,2026-07-24 17:00:00+00:00
2026-07-24,2026-08-07T14:30:35+00:00,BE,wind_onshore,xgboost_online,XGBoost with covariates,weather_4p+tso_forecast,2208,2026-07-24 18:00:00+00:00,1315.687255859375,1355.832705375623,,2026-04-23 18:00:00+00:00,2026-07-24 17:00:00+00:00
2026-07-24,2026-08-07T14:30:35+00:00,BE,wind_onshore,xgboost_online,XGBoost with covariates,weather_4p+tso_forecast,2208,2026-07-24 19:00:00+00:00,1409.7371826171875,1430.356998415995,,2026-04-23 18:00:00+00:00,2026-07-24 17:00:00+00:00
2026-07-24,2026-08-07T14:30:35+00:00,BE,wind_onshore,xgboost_online,XGBoost with covariates,weather_4p+tso_forecast,2208,2026-07-24 20:00:00+00:00,1436.998291015625,1451.745113016923,,2026-04-23 18:00:00+00:00,2026-07-24 17:00:00+00:00
2026-07-24,2026-08-07T14:30:35+00:00,BE,wind_onshore,xgboost_online,XGBoost with covariates,weather_4p+tso_forecast,2208,2026-07-24 21:00:00+00:00,1435.88671875,1456.183841733619,,2026-04-23 18:00:00+00:00,2026-07-24 17:00:00+00:00
2026-07-24,2026-08-07T14:30:35+00:00,BE,wind_onshore,xgboost_online,XGBoost with covariates,weather_4p+tso_forecast,2208,2026-07-24 22:00:00+00:00,1474.63916015625,1491.715700120438,,2026-04-23 18:00:00+00:00,2026-07-24 17:00:00+00:00
2026-07-24,2026-08-07T14:30:35+00:00,BE,wind_onshore,xgboost_online,XGBoost with covariates,weather_4p+tso_forecast,2208,2026-07-24 23:00:00+00:00,1515.2418212890625,1536.0829009699403,,2026-04-23 18:00:00+00:00,2026-07-24 17:00:00+00:00
2026-07-24,2026-08-07T14:30:35+00:00,BE,wind_onshore,xgboost_online,XGBoost with covariates,weather_4p+tso_forecast,2208,2026-07-25 00:00:00+00:00,1572.5684814453125,1609.699214186032,,2026-04-23 18:00:00+00:00,2026-07-24 17:00:00+00:00
2026-07-24,2026-08-07T14:30:35+00:00,BE,wind_onshore,xgboost_online,XGBoost with covariates,weather_4p+tso_forecast,2208,2026-07-25 01:00:00+00:00,1592.3985595703125,1627.0773504290976,,2026-04-23 18:00:00+00:00,2026-07-24 17:00:00+00:00
2026-07-24,2026-08-07T14:30:35+00:00,BE,wind_onshore,xgboost_online,XGBoost with covariates,weather_4p+tso_forecast,2208,2026-07-25 02:00:00+00:00,1607.1666259765625,1642.2550208426492,,2026-04-23 18:00:00+00:00,2026-07-24 17:00:00+00:00
2026-07-24,2026-08-07T14:30:35+00:00,BE,wind_onshore,xgboost_online,XGBoost with covariates,weather_4p+tso_forecast,2208,2026-07-25 03:00:00+00:00,1612.316162109375,1659.8503465577369,,2026-04-23 18:00:00+00:00,2026-07-24 17:00:00+00:00
2026-07-24,2026-08-07T14:30:35+00:00,BE,wind_onshore,xgboost_online,XGBoost with covariates,weather_4p+tso_forecast,2208,2026-07-25 04:00:00+00:00,1632.77783203125,1671.0798135740133,,2026-04-23 18:00:00+00:00,2026-07-24 17:00:00+00:00
2026-07-24,2026-08-07T14:30:35+00:00,BE,wind_onshore,xgboost_online,XGBoost with covariates,weather_4p+tso_forecast,2208,2026-07-25 05:00:00+00:00,1644.40771484375,1679.9242394905834,,2026-04-23 18:00:00+00:00,2026-07-24 17:00:00+00:00
2026-07-24,2026-08-07T14:30:35+00:00,BE,wind_onshore,xgboost_online,XGBoost with covariates,weather_4p+tso_forecast,2208,2026-07-25 06:00:00+00:00,1675.3443603515625,1733.2402346083281,,2026-04-23 18:00:00+00:00,2026-07-24 17:00:00+00:00
2026-07-24,2026-08-07T14:30:35+00:00,BE,wind_onshore,xgboost_online,XGBoost with covariates,weather_4p+tso_forecast,2208,2026-07-25 07:00:00+00:00,1605.0245361328125,1654.2154579437758,,2026-04-23 18:00:00+00:00,2026-07-24 17:00:00+00:00
2026-07-24,2026-08-07T14:30:35+00:00,BE,wind_onshore,xgboost_online,XGBoost with covariates,weather_4p+tso_forecast,2208,2026-07-25 08:00:00+00:00,1734.3463134765625,1777.4321792598084,,2026-04-23 18:00:00+00:00,2026-07-24 17:00:00+00:00
2026-07-24,2026-08-07T14:30:35+00:00,BE,wind_onshore,xgboost_online,XGBoost with covariates,weather_4p+tso_forecast,2208,2026-07-25 09:00:00+00:00,1734.3463134765625,1779.8444873494961,,2026-04-23 18:00:00+00:00,2026-07-24 17:00:00+00:00
2026-07-24,2026-08-07T14:30:35+00:00,BE,wind_onshore,xgboost_online,XGBoost with covariates,weather_4p+tso_forecast,2208,2026-07-25 10:00:00+00:00,1718.546875,1766.3487609412582,,2026-04-23 18:00:00+00:00,2026-07-24 17:00:00+00:00
2026-07-24,2026-08-07T14:30:35+00:00,BE,wind_onshore,xgboost_online,XGBoost with covariates,weather_4p+tso_forecast,2208,2026-07-25 11:00:00+00:00,1762.005126953125,1834.3830562009807,,2026-04-23 18:00:00+00:00,2026-07-24 17:00:00+00:00
2026-07-24,2026-08-07T14:30:35+00:00,BE,wind_onshore,xgboost_online,XGBoost with covariates,weather_4p+tso_forecast,2208,2026-07-25 12:00:00+00:00,1699.8074951171875,1759.6519017808046,,2026-04-23 18:00:00+00:00,2026-07-24 17:00:00+00:00
2026-07-24,2026-08-07T14:30:35+00:00,BE,wind_onshore,xgboost_online,XGBoost with covariates,weather_4p+tso_forecast,2208,2026-07-25 13:00:00+00:00,1734.3463134765625,1793.0749252253042,,2026-04-23 18:00:00+00:00,2026-07-24 17:00:00+00:00
2026-07-24,2026-08-07T14:30:35+00:00,BE,wind_onshore,xgboost_online,XGBoost with covariates,weather_4p+tso_forecast,2208,2026-07-25 14:00:00+00:00,1746.5291748046875,1800.95615872107,,2026-04-23 18:00:00+00:00,2026-07-24 17:00:00+00:00
2026-07-24,2026-08-07T14:30:35+00:00,BE,wind_onshore,xgboost_online,XGBoost with covariates,weather_4p+tso_forecast,2208,2026-07-25 15:00:00+00:00,1752.5155029296875,1804.6707769057004,,2026-04-23 18:00:00+00:00,2026-07-24 17:00:00+00:00
2026-07-24,2026-08-07T14:30:35+00:00,BE,wind_onshore,xgboost_online,XGBoost with covariates,weather_4p+tso_forecast,2208,2026-07-25 16:00:00+00:00,1752.5155029296875,1805.6469813885165,,2026-04-23 18:00:00+00:00,2026-07-24 17:00:00+00:00
2026-07-24,2026-08-07T14:30:35+00:00,BE,wind_onshore,xgboost_online,XGBoost with covariates,weather_4p+tso_forecast,2208,2026-07-25 17:00:00+00:00,1753.3612060546875,1810.7020592395309,,2026-04-23 18:00:00+00:00,2026-07-24 17:00:00+00:00
2026-07-24,2026-08-07T14:30:35+00:00,BE,wind_offshore,tso_reference,TSO forecast,tso_forecast,2208,2026-07-24 18:00:00+00:00,971.1256596373071,971.1256596373071,,2026-04-23 18:00:00+00:00,2026-07-24 17:00:00+00:00
2026-07-24,2026-08-07T14:30:35+00:00,BE,wind_offshore,tso_reference,TSO forecast,tso_forecast,2208,2026-07-24 19:00:00+00:00,963.4488283626266,963.4488283626266,,2026-04-23 18:00:00+00:00,2026-07-24 17:00:00+00:00
2026-07-24,2026-08-07T14:30:35+00:00,BE,wind_offshore,tso_reference,TSO forecast,tso_forecast,2208,2026-07-24 20:00:00+00:00,946.7718200304802,946.7718200304802,,2026-04-23 18:00:00+00:00,2026-07-24 17:00:00+00:00
2026-07-24,2026-08-07T14:30:35+00:00,BE,wind_offshore,tso_reference,TSO forecast,tso_forecast,2208,2026-07-24 21:00:00+00:00,1050.8671410214565,1050.8671410214565,,2026-04-23 18:00:00+00:00,2026-07-24 17:00:00+00:00
2026-07-24,2026-08-07T14:30:35+00:00,BE,wind_offshore,tso_reference,TSO forecast,tso_forecast,2208,2026-07-24 22:00:00+00:00,1038.2830811312444,1038.2830811312444,,2026-04-23 18:00:00+00:00,2026-07-24 17:00:00+00:00
2026-07-24,2026-08-07T14:30:35+00:00,BE,wind_offshore,tso_reference,TSO forecast,tso_forecast,2208,2026-07-24 23:00:00+00:00,1046.7751107358959,1046.7751107358959,,2026-04-23 18:00:00+00:00,2026-07-24 17:00:00+00:00
2026-07-24,2026-08-07T14:30:35+00:00,BE,wind_offshore,tso_reference,TSO forecast,tso_forecast,2208,2026-07-25 00:00:00+00:00,1055.6554308777033,1055.6554308777033,,2026-04-23 18:00:00+00:00,2026-07-24 17:00:00+00:00
2026-07-24,2026-08-07T14:30:35+00:00,BE,wind_offshore,tso_reference,TSO forecast,tso_forecast,2208,2026-07-25 01:00:00+00:00,1060.3070323514783,1060.3070323514783,,2026-04-23 18:00:00+00:00,2026-07-24 17:00:00+00:00
2026-07-24,2026-08-07T14:30:35+00:00,BE,wind_offshore,tso_reference,TSO forecast,tso_forecast,2208,2026-07-25 02:00:00+00:00,1072.025457560248,1072.025457560248,,2026-04-23 18:00:00+00:00,2026-07-24 17:00:00+00:00
2026-07-24,2026-08-07T14:30:35+00:00,BE,wind_offshore,tso_reference,TSO forecast,tso_forecast,2208,2026-07-25 03:00:00+00:00,1102.4517640022987,1102.4517640022987,,2026-04-23 18:00:00+00:00,2026-07-24 17:00:00+00:00
2026-07-24,2026-08-07T14:30:35+00:00,BE,wind_offshore,tso_reference,TSO forecast,tso_forecast,2208,2026-07-25 04:00:00+00:00,1154.6631635697015,1154.6631635697015,,2026-04-23 18:00:00+00:00,2026-07-24 17:00:00+00:00
2026-07-24,2026-08-07T14:30:35+00:00,BE,wind_offshore,tso_reference,TSO forecast,tso_forecast,2208,2026-07-25 05:00:00+00:00,1136.8997501584804,1136.8997501584804,,2026-04-23 18:00:00+00:00,2026-07-24 17:00:00+00:00
2026-07-24,2026-08-07T14:30:35+00:00,BE,wind_offshore,tso_reference,TSO forecast,tso_forecast,2208,2026-07-25 06:00:00+00:00,1109.1789535748294,1109.1789535748294,,2026-04-23 18:00:00+00:00,2026-07-24 17:00:00+00:00
2026-07-24,2026-08-07T14:30:35+00:00,BE,wind_offshore,tso_reference,TSO forecast,tso_forecast,2208,2026-07-25 07:00:00+00:00,1135.2092888665668,1135.2092888665668,,2026-04-23 18:00:00+00:00,2026-07-24 17:00:00+00:00
2026-07-24,2026-08-07T14:30:35+00:00,BE,wind_offshore,tso_reference,TSO forecast,tso_forecast,2208,2026-07-25 08:00:00+00:00,1169.7521977816486,1169.7521977816486,,2026-04-23 18:00:00+00:00,2026-07-24 17:00:00+00:00
2026-07-24,2026-08-07T14:30:35+00:00,BE,wind_offshore,tso_reference,TSO forecast,tso_forecast,2208,2026-07-25 09:00:00+00:00,1129.232631459923,1129.232631459923,,2026-04-23 18:00:00+00:00,2026-07-24 17:00:00+00:00
2026-07-24,2026-08-07T14:30:35+00:00,BE,wind_offshore,tso_reference,TSO forecast,tso_forecast,2208,2026-07-25 10:00:00+00:00,1162.6913745698128,1162.6913745698128,,2026-04-23 18:00:00+00:00,2026-07-24 17:00:00+00:00
2026-07-24,2026-08-07T14:30:35+00:00,BE,wind_offshore,tso_reference,TSO forecast,tso_forecast,2208,2026-07-25 11:00:00+00:00,1188.3824563960154,1188.3824563960154,,2026-04-23 18:00:00+00:00,2026-07-24 17:00:00+00:00
2026-07-24,2026-08-07T14:30:35+00:00,BE,wind_offshore,tso_reference,TSO forecast,tso_forecast,2208,2026-07-25 12:00:00+00:00,1180.7860265008446,1180.7860265008446,,2026-04-23 18:00:00+00:00,2026-07-24 17:00:00+00:00
2026-07-24,2026-08-07T14:30:35+00:00,BE,wind_offshore,tso_reference,TSO forecast,tso_forecast,2208,2026-07-25 13:00:00+00:00,1189.474836130654,1189.474836130654,,2026-04-23 18:00:00+00:00,2026-07-24 17:00:00+00:00
2026-07-24,2026-08-07T14:30:35+00:00,BE,wind_offshore,tso_reference,TSO forecast,tso_forecast,2208,2026-07-25 14:00:00+00:00,1181.7447307037723,1181.7447307037723,,2026-04-23 18:00:00+00:00,2026-07-24 17:00:00+00:00
2026-07-24,2026-08-07T14:30:35+00:00,BE,wind_offshore,tso_reference,TSO forecast,tso_forecast,2208,2026-07-25 15:00:00+00:00,1164.159690343124,1164.159690343124,,2026-04-23 18:00:00+00:00,2026-07-24 17:00:00+00:00
2026-07-24,2026-08-07T14:30:35+00:00,BE,wind_offshore,tso_reference,TSO forecast,tso_forecast,2208,2026-07-25 16:00:00+00:00,1169.2076192420257,1169.2076192420257,,2026-04-23 18:00:00+00:00,2026-07-24 17:00:00+00:00
2026-07-24,2026-08-07T14:30:35+00:00,BE,wind_offshore,tso_reference,TSO forecast,tso_forecast,2208,2026-07-25 17:00:00+00:00,1153.3289616837362,1153.3289616837362,,2026-04-23 18:00:00+00:00,2026-07-24 17:00:00+00:00
2026-07-24,2026-08-07T14:30:35+00:00,BE,wind_offshore,persistence,Persistence,daily_persistence,2208,2026-07-24 18:00:00+00:00,1079.3265352873484,971.1256596373071,,2026-04-23 18:00:00+00:00,2026-07-24 17:00:00+00:00
2026-07-24,2026-08-07T14:30:35+00:00,BE,wind_offshore,persistence,Persistence,daily_persistence,2208,2026-07-24 19:00:00+00:00,1075.430029743995,963.4488283626266,,2026-04-23 18:00:00+00:00,2026-07-24 17:00:00+00:00
2026-07-24,2026-08-07T14:30:35+00:00,BE,wind_offshore,persistence,Persistence,daily_persistence,2208,2026-07-24 20:00:00+00:00,1060.8194013401858,946.7718200304802,,2026-04-23 18:00:00+00:00,2026-07-24 17:00:00+00:00
2026-07-24,2026-08-07T14:30:35+00:00,BE,wind_offshore,persistence,Persistence,daily_persistence,2208,2026-07-24 21:00:00+00:00,1040.0817022929102,1050.8671410214565,,2026-04-23 18:00:00+00:00,2026-07-24 17:00:00+00:00
2026-07-24,2026-08-07T14:30:35+00:00,BE,wind_offshore,persistence,Persistence,daily_persistence,2208,2026-07-24 22:00:00+00:00,1038.7144657785338,1038.2830811312444,,2026-04-23 18:00:00+00:00,2026-07-24 17:00:00+00:00
2026-07-24,2026-08-07T14:30:35+00:00,BE,wind_offshore,persistence,Persistence,daily_persistence,2208,2026-07-24 23:00:00+00:00,1032.489184501673,1046.7751107358959,,2026-04-23 18:00:00+00:00,2026-07-24 17:00:00+00:00
2026-07-24,2026-08-07T14:30:35+00:00,BE,wind_offshore,persistence,Persistence,daily_persistence,2208,2026-07-25 00:00:00+00:00,1013.6600166562982,1055.6554308777033,,2026-04-23 18:00:00+00:00,2026-07-24 17:00:00+00:00
2026-07-24,2026-08-07T14:30:35+00:00,BE,wind_offshore,persistence,Persistence,daily_persistence,2208,2026-07-25 01:00:00+00:00,1014.2577835036199,1060.3070323514783,,2026-04-23 18:00:00+00:00,2026-07-24 17:00:00+00:00
2026-07-24,2026-08-07T14:30:35+00:00,BE,wind_offshore,persistence,Persistence,daily_persistence,2208,2026-07-25 02:00:00+00:00,999.853612028629,1072.025457560248,,2026-04-23 18:00:00+00:00,2026-07-24 17:00:00+00:00
2026-07-24,2026-08-07T14:30:35+00:00,BE,wind_offshore,persistence,Persistence,daily_persistence,2208,2026-07-25 03:00:00+00:00,977.6382590917121,1102.4517640022987,,2026-04-23 18:00:00+00:00,2026-07-24 17:00:00+00:00
2026-07-24,2026-08-07T14:30:35+00:00,BE,wind_offshore,persistence,Persistence,daily_persistence,2208,2026-07-25 04:00:00+00:00,960.0638065292623,1154.6631635697015,,2026-04-23 18:00:00+00:00,2026-07-24 17:00:00+00:00
2026-07-24,2026-08-07T14:30:35+00:00,BE,wind_offshore,persistence,Persistence,daily_persistence,2208,2026-07-25 05:00:00+00:00,964.5535409084492,1136.8997501584804,,2026-04-23 18:00:00+00:00,2026-07-24 17:00:00+00:00
2026-07-24,2026-08-07T14:30:35+00:00,BE,wind_offshore,persistence,Persistence,daily_persistence,2208,2026-07-25 06:00:00+00:00,958.698293716788,1109.1789535748294,,2026-04-23 18:00:00+00:00,2026-07-24 17:00:00+00:00
2026-07-24,2026-08-07T14:30:35+00:00,BE,wind_offshore,persistence,Persistence,daily_persistence,2208,2026-07-25 07:00:00+00:00,937.0435259438876,1135.2092888665668,,2026-04-23 18:00:00+00:00,2026-07-24 17:00:00+00:00
2026-07-24,2026-08-07T14:30:35+00:00,BE,wind_offshore,persistence,Persistence,daily_persistence,2208,2026-07-25 08:00:00+00:00,915.4750538575466,1169.7521977816486,,2026-04-23 18:00:00+00:00,2026-07-24 17:00:00+00:00
2026-07-24,2026-08-07T14:30:35+00:00,BE,wind_offshore,persistence,Persistence,daily_persistence,2208,2026-07-25 09:00:00+00:00,913.7655505528994,1129.232631459923,,2026-04-23 18:00:00+00:00,2026-07-24 17:00:00+00:00
2026-07-24,2026-08-07T14:30:35+00:00,BE,wind_offshore,persistence,Persistence,daily_persistence,2208,2026-07-25 10:00:00+00:00,886.3780581318806,1162.6913745698128,,2026-04-23 18:00:00+00:00,2026-07-24 17:00:00+00:00
2026-07-24,2026-08-07T14:30:35+00:00,BE,wind_offshore,persistence,Persistence,daily_persistence,2208,2026-07-25 11:00:00+00:00,891.0174089123605,1188.3824563960154,,2026-04-23 18:00:00+00:00,2026-07-24 17:00:00+00:00
2026-07-24,2026-08-07T14:30:35+00:00,BE,wind_offshore,persistence,Persistence,daily_persistence,2208,2026-07-25 12:00:00+00:00,851.7328593235844,1180.7860265008446,,2026-04-23 18:00:00+00:00,2026-07-24 17:00:00+00:00
2026-07-24,2026-08-07T14:30:35+00:00,BE,wind_offshore,persistence,Persistence,daily_persistence,2208,2026-07-25 13:00:00+00:00,839.6318704869352,1189.474836130654,,2026-04-23 18:00:00+00:00,2026-07-24 17:00:00+00:00
2026-07-24,2026-08-07T14:30:35+00:00,BE,wind_offshore,persistence,Persistence,daily_persistence,2208,2026-07-25 14:00:00+00:00,850.0200937122358,1181.7447307037723,,2026-04-23 18:00:00+00:00,2026-07-24 17:00:00+00:00
2026-07-24,2026-08-07T14:30:35+00:00,BE,wind_offshore,persistence,Persistence,daily_persistence,2208,2026-07-25 15:00:00+00:00,824.886447800593,1164.159690343124,,2026-04-23 18:00:00+00:00,2026-07-24 17:00:00+00:00
2026-07-24,2026-08-07T14:30:35+00:00,BE,wind_offshore,persistence,Persistence,daily_persistence,2208,2026-07-25 16:00:00+00:00,795.1435186040069,1169.2076192420257,,2026-04-23 18:00:00+00:00,2026-07-24 17:00:00+00:00
2026-07-24,2026-08-07T14:30:35+00:00,BE,wind_offshore,persistence,Persistence,daily_persistence,2208,2026-07-25 17:00:00+00:00,790.5429652703876,1153.3289616837362,,2026-04-23 18:00:00+00:00,2026-07-24 17:00:00+00:00
2026-07-24,2026-08-07T14:30:35+00:00,BE,wind_offshore,chronos2_online,Chronos2 with covariates,weather_4p+tso_forecast,2208,2026-07-24 18:00:00+00:00,807.0274047851562,971.1256596373071,,2026-04-23 18:00:00+00:00,2026-07-24 17:00:00+00:00
2026-07-24,2026-08-07T14:30:35+00:00,BE,wind_offshore,chronos2_online,Chronos2 with covariates,weather_4p+tso_forecast,2208,2026-07-24 19:00:00+00:00,797.558349609375,963.4488283626266,,2026-04-23 18:00:00+00:00,2026-07-24 17:00:00+00:00
2026-07-24,2026-08-07T14:30:35+00:00,BE,wind_offshore,chronos2_online,Chronos2 with covariates,weather_4p+tso_forecast,2208,2026-07-24 20:00:00+00:00,787.3529052734375,946.7718200304802,,2026-04-23 18:00:00+00:00,2026-07-24 17:00:00+00:00
2026-07-24,2026-08-07T14:30:35+00:00,BE,wind_offshore,chronos2_online,Chronos2 with covariates,weather_4p+tso_forecast,2208,2026-07-24 21:00:00+00:00,778.01953125,1050.8671410214565,,2026-04-23 18:00:00+00:00,2026-07-24 17:00:00+00:00
2026-07-24,2026-08-07T14:30:35+00:00,BE,wind_offshore,chronos2_online,Chronos2 with covariates,weather_4p+tso_forecast,2208,2026-07-24 22:00:00+00:00,771.4492797851562,1038.2830811312444,,2026-04-23 18:00:00+00:00,2026-07-24 17:00:00+00:00
2026-07-24,2026-08-07T14:30:35+00:00,BE,wind_offshore,chronos2_online,Chronos2 with covariates,weather_4p+tso_forecast,2208,2026-07-24 23:00:00+00:00,762.59521484375,1046.7751107358959,,2026-04-23 18:00:00+00:00,2026-07-24 17:00:00+00:00
2026-07-24,2026-08-07T14:30:35+00:00,BE,wind_offshore,chronos2_online,Chronos2 with covariates,weather_4p+tso_forecast,2208,2026-07-25 00:00:00+00:00,755.0640258789062,1055.6554308777033,,2026-04-23 18:00:00+00:00,2026-07-24 17:00:00+00:00
2026-07-24,2026-08-07T14:30:35+00:00,BE,wind_offshore,chronos2_online,Chronos2 with covariates,weather_4p+tso_forecast,2208,2026-07-25 01:00:00+00:00,751.5410766601562,1060.3070323514783,,2026-04-23 18:00:00+00:00,2026-07-24 17:00:00+00:00
2026-07-24,2026-08-07T14:30:35+00:00,BE,wind_offshore,chronos2_online,Chronos2 with covariates,weather_4p+tso_forecast,2208,2026-07-25 02:00:00+00:00,744.5687866210938,1072.025457560248,,2026-04-23 18:00:00+00:00,2026-07-24 17:00:00+00:00
2026-07-24,2026-08-07T14:30:35+00:00,BE,wind_offshore,chronos2_online,Chronos2 with covariates,weather_4p+tso_forecast,2208,2026-07-25 03:00:00+00:00,741.3486328125,1102.4517640022987,,2026-04-23 18:00:00+00:00,2026-07-24 17:00:00+00:00
2026-07-24,2026-08-07T14:30:35+00:00,BE,wind_offshore,chronos2_online,Chronos2 with covariates,weather_4p+tso_forecast,2208,2026-07-25 04:00:00+00:00,735.7919311523438,1154.6631635697015,,2026-04-23 18:00:00+00:00,2026-07-24 17:00:00+00:00
2026-07-24,2026-08-07T14:30:35+00:00,BE,wind_offshore,chronos2_online,Chronos2 with covariates,weather_4p+tso_forecast,2208,2026-07-25 05:00:00+00:00,731.879150390625,1136.8997501584804,,2026-04-23 18:00:00+00:00,2026-07-24 17:00:00+00:00
2026-07-24,2026-08-07T14:30:35+00:00,BE,wind_offshore,chronos2_online,Chronos2 with covariates,weather_4p+tso_forecast,2208,2026-07-25 06:00:00+00:00,731.1371459960938,1109.1789535748294,,2026-04-23 18:00:00+00:00,2026-07-24 17:00:00+00:00
2026-07-24,2026-08-07T14:30:35+00:00,BE,wind_offshore,chronos2_online,Chronos2 with covariates,weather_4p+tso_forecast,2208,2026-07-25 07:00:00+00:00,728.3070068359375,1135.2092888665668,,2026-04-23 18:00:00+00:00,2026-07-24 17:00:00+00:00
2026-07-24,2026-08-07T14:30:35+00:00,BE,wind_offshore,chronos2_online,Chronos2 with covariates,weather_4p+tso_forecast,2208,2026-07-25 08:00:00+00:00,726.3185424804688,1169.7521977816486,,2026-04-23 18:00:00+00:00,2026-07-24 17:00:00+00:00
2026-07-24,2026-08-07T14:30:35+00:00,BE,wind_offshore,chronos2_online,Chronos2 with covariates,weather_4p+tso_forecast,2208,2026-07-25 09:00:00+00:00,719.781005859375,1129.232631459923,,2026-04-23 18:00:00+00:00,2026-07-24 17:00:00+00:00
2026-07-24,2026-08-07T14:30:35+00:00,BE,wind_offshore,chronos2_online,Chronos2 with covariates,weather_4p+tso_forecast,2208,2026-07-25 10:00:00+00:00,747.4072265625,1162.6913745698128,,2026-04-23 18:00:00+00:00,2026-07-24 17:00:00+00:00
2026-07-24,2026-08-07T14:30:35+00:00,BE,wind_offshore,chronos2_online,Chronos2 with covariates,weather_4p+tso_forecast,2208,2026-07-25 11:00:00+00:00,747.8310546875,1188.3824563960154,,2026-04-23 18:00:00+00:00,2026-07-24 17:00:00+00:00
2026-07-24,2026-08-07T14:30:35+00:00,BE,wind_offshore,chronos2_online,Chronos2 with covariates,weather_4p+tso_forecast,2208,2026-07-25 12:00:00+00:00,749.1597900390625,1180.7860265008446,,2026-04-23 18:00:00+00:00,2026-07-24 17:00:00+00:00
2026-07-24,2026-08-07T14:30:35+00:00,BE,wind_offshore,chronos2_online,Chronos2 with covariates,weather_4p+tso_forecast,2208,2026-07-25 13:00:00+00:00,752.318359375,1189.474836130654,,2026-04-23 18:00:00+00:00,2026-07-24 17:00:00+00:00
2026-07-24,2026-08-07T14:30:35+00:00,BE,wind_offshore,chronos2_online,Chronos2 with covariates,weather_4p+tso_forecast,2208,2026-07-25 14:00:00+00:00,758.6874389648438,1181.7447307037723,,2026-04-23 18:00:00+00:00,2026-07-24 17:00:00+00:00
2026-07-24,2026-08-07T14:30:35+00:00,BE,wind_offshore,chronos2_online,Chronos2 with covariates,weather_4p+tso_forecast,2208,2026-07-25 15:00:00+00:00,763.4310913085938,1164.159690343124,,2026-04-23 18:00:00+00:00,2026-07-24 17:00:00+00:00
2026-07-24,2026-08-07T14:30:35+00:00,BE,wind_offshore,chronos2_online,Chronos2 with covariates,weather_4p+tso_forecast,2208,2026-07-25 16:00:00+00:00,761.830078125,1169.2076192420257,,2026-04-23 18:00:00+00:00,2026-07-24 17:00:00+00:00
2026-07-24,2026-08-07T14:30:35+00:00,BE,wind_offshore,chronos2_online,Chronos2 with covariates,weather_4p+tso_forecast,2208,2026-07-25 17:00:00+00:00,758.166748046875,1153.3289616837362,,2026-04-23 18:00:00+00:00,2026-07-24 17:00:00+00:00
2026-07-24,2026-08-07T14:30:35+00:00,BE,wind_offshore,xgboost_online,XGBoost with covariates,weather_4p+tso_forecast,2208,2026-07-24 18:00:00+00:00,979.4295043945312,971.1256596373071,,2026-04-23 18:00:00+00:00,2026-07-24 17:00:00+00:00
2026-07-24,2026-08-07T14:30:35+00:00,BE,wind_offshore,xgboost_online,XGBoost with covariates,weather_4p+tso_forecast,2208,2026-07-24 19:00:00+00:00,977.843017578125,963.4488283626266,,2026-04-23 18:00:00+00:00,2026-07-24 17:00:00+00:00
2026-07-24,2026-08-07T14:30:35+00:00,BE,wind_offshore,xgboost_online,XGBoost with covariates,weather_4p+tso_forecast,2208,2026-07-24 20:00:00+00:00,956.740966796875,946.7718200304802,,2026-04-23 18:00:00+00:00,2026-07-24 17:00:00+00:00
2026-07-24,2026-08-07T14:30:35+00:00,BE,wind_offshore,xgboost_online,XGBoost with covariates,weather_4p+tso_forecast,2208,2026-07-24 21:00:00+00:00,1043.968017578125,1050.8671410214565,,2026-04-23 18:00:00+00:00,2026-07-24 17:00:00+00:00
2026-07-24,2026-08-07T14:30:35+00:00,BE,wind_offshore,xgboost_online,XGBoost with covariates,weather_4p+tso_forecast,2208,2026-07-24 22:00:00+00:00,1042.41064453125,1038.2830811312444,,2026-04-23 18:00:00+00:00,2026-07-24 17:00:00+00:00
2026-07-24,2026-08-07T14:30:35+00:00,BE,wind_offshore,xgboost_online,XGBoost with covariates,weather_4p+tso_forecast,2208,2026-07-24 23:00:00+00:00,1042.41064453125,1046.7751107358959,,2026-04-23 18:00:00+00:00,2026-07-24 17:00:00+00:00
2026-07-24,2026-08-07T14:30:35+00:00,BE,wind_offshore,xgboost_online,XGBoost with covariates,weather_4p+tso_forecast,2208,2026-07-25 00:00:00+00:00,1053.19921875,1055.6554308777033,,2026-04-23 18:00:00+00:00,2026-07-24 17:00:00+00:00
2026-07-24,2026-08-07T14:30:35+00:00,BE,wind_offshore,xgboost_online,XGBoost with covariates,weather_4p+tso_forecast,2208,2026-07-25 01:00:00+00:00,1053.19921875,1060.3070323514783,,2026-04-23 18:00:00+00:00,2026-07-24 17:00:00+00:00
2026-07-24,2026-08-07T14:30:35+00:00,BE,wind_offshore,xgboost_online,XGBoost with covariates,weather_4p+tso_forecast,2208,2026-07-25 02:00:00+00:00,1075.776611328125,1072.025457560248,,2026-04-23 18:00:00+00:00,2026-07-24 17:00:00+00:00
2026-07-24,2026-08-07T14:30:35+00:00,BE,wind_offshore,xgboost_online,XGBoost with covariates,weather_4p+tso_forecast,2208,2026-07-25 03:00:00+00:00,1104.4091796875,1102.4517640022987,,2026-04-23 18:00:00+00:00,2026-07-24 17:00:00+00:00
2026-07-24,2026-08-07T14:30:35+00:00,BE,wind_offshore,xgboost_online,XGBoost with covariates,weather_4p+tso_forecast,2208,2026-07-25 04:00:00+00:00,1136.9798583984375,1154.6631635697015,,2026-04-23 18:00:00+00:00,2026-07-24 17:00:00+00:00
2026-07-24,2026-08-07T14:30:35+00:00,BE,wind_offshore,xgboost_online,XGBoost with covariates,weather_4p+tso_forecast,2208,2026-07-25 05:00:00+00:00,1131.180908203125,1136.8997501584804,,2026-04-23 18:00:00+00:00,2026-07-24 17:00:00+00:00
2026-07-24,2026-08-07T14:30:35+00:00,BE,wind_offshore,xgboost_online,XGBoost with covariates,weather_4p+tso_forecast,2208,2026-07-25 06:00:00+00:00,1111.5916748046875,1109.1789535748294,,2026-04-23 18:00:00+00:00,2026-07-24 17:00:00+00:00
2026-07-24,2026-08-07T14:30:35+00:00,BE,wind_offshore,xgboost_online,XGBoost with covariates,weather_4p+tso_forecast,2208,2026-07-25 07:00:00+00:00,1132.033447265625,1135.2092888665668,,2026-04-23 18:00:00+00:00,2026-07-24 17:00:00+00:00
2026-07-24,2026-08-07T14:30:35+00:00,BE,wind_offshore,xgboost_online,XGBoost with covariates,weather_4p+tso_forecast,2208,2026-07-25 08:00:00+00:00,1145.91748046875,1169.7521977816486,,2026-04-23 18:00:00+00:00,2026-07-24 17:00:00+00:00
2026-07-24,2026-08-07T14:30:35+00:00,BE,wind_offshore,xgboost_online,XGBoost with covariates,weather_4p+tso_forecast,2208,2026-07-25 09:00:00+00:00,1122.3258056640625,1129.232631459923,,2026-04-23 18:00:00+00:00,2026-07-24 17:00:00+00:00
2026-07-24,2026-08-07T14:30:35+00:00,BE,wind_offshore,xgboost_online,XGBoost with covariates,weather_4p+tso_forecast,2208,2026-07-25 10:00:00+00:00,1145.91748046875,1162.6913745698128,,2026-04-23 18:00:00+00:00,2026-07-24 17:00:00+00:00
2026-07-24,2026-08-07T14:30:35+00:00,BE,wind_offshore,xgboost_online,XGBoost with covariates,weather_4p+tso_forecast,2208,2026-07-25 11:00:00+00:00,1145.91748046875,1188.3824563960154,,2026-04-23 18:00:00+00:00,2026-07-24 17:00:00+00:00
2026-07-24,2026-08-07T14:30:35+00:00,BE,wind_offshore,xgboost_online,XGBoost with covariates,weather_4p+tso_forecast,2208,2026-07-25 12:00:00+00:00,1145.91748046875,1180.7860265008446,,2026-04-23 18:00:00+00:00,2026-07-24 17:00:00+00:00
2026-07-24,2026-08-07T14:30:35+00:00,BE,wind_offshore,xgboost_online,XGBoost with covariates,weather_4p+tso_forecast,2208,2026-07-25 13:00:00+00:00,1146.623291015625,1189.474836130654,,2026-04-23 18:00:00+00:00,2026-07-24 17:00:00+00:00
2026-07-24,2026-08-07T14:30:35+00:00,BE,wind_offshore,xgboost_online,XGBoost with covariates,weather_4p+tso_forecast,2208,2026-07-25 14:00:00+00:00,1149.6212158203125,1181.7447307037723,,2026-04-23 18:00:00+00:00,2026-07-24 17:00:00+00:00
2026-07-24,2026-08-07T14:30:35+00:00,BE,wind_offshore,xgboost_online,XGBoost with covariates,weather_4p+tso_forecast,2208,2026-07-25 15:00:00+00:00,1149.4970703125,1164.159690343124,,2026-04-23 18:00:00+00:00,2026-07-24 17:00:00+00:00
2026-07-24,2026-08-07T14:30:35+00:00,BE,wind_offshore,xgboost_online,XGBoost with covariates,weather_4p+tso_forecast,2208,2026-07-25 16:00:00+00:00,1149.4970703125,1169.2076192420257,,2026-04-23 18:00:00+00:00,2026-07-24 17:00:00+00:00
2026-07-24,2026-08-07T14:30:35+00:00,BE,wind_offshore,xgboost_online,XGBoost with covariates,weather_4p+tso_forecast,2208,2026-07-25 17:00:00+00:00,1141.4407958984375,1153.3289616837362,,2026-04-23 18:00:00+00:00,2026-07-24 17:00:00+00:00
2026-07-24,2026-08-07T14:30:35+00:00,FR,load,tso_reference,TSO forecast,tso_forecast,2208,2026-07-24 18:00:00+00:00,20456.25547394897,20456.25547394897,,2026-04-23 18:00:00+00:00,2026-07-24 17:00:00+00:00
2026-07-24,2026-08-07T14:30:35+00:00,FR,load,tso_reference,TSO forecast,tso_forecast,2208,2026-07-24 19:00:00+00:00,19487.920716813078,19487.920716813078,,2026-04-23 18:00:00+00:00,2026-07-24 17:00:00+00:00
2026-07-24,2026-08-07T14:30:35+00:00,FR,load,tso_reference,TSO forecast,tso_forecast,2208,2026-07-24 20:00:00+00:00,16638.264898382542,16638.264898382542,,2026-04-23 18:00:00+00:00,2026-07-24 17:00:00+00:00
2026-07-24,2026-08-07T14:30:35+00:00,FR,load,tso_reference,TSO forecast,tso_forecast,2208,2026-07-24 21:00:00+00:00,17290.01807564135,17290.01807564135,,2026-04-23 18:00:00+00:00,2026-07-24 17:00:00+00:00
2026-07-24,2026-08-07T14:30:35+00:00,FR,load,tso_reference,TSO forecast,tso_forecast,2208,2026-07-24 22:00:00+00:00,16523.592833092473,16523.592833092473,,2026-04-23 18:00:00+00:00,2026-07-24 17:00:00+00:00
2026-07-24,2026-08-07T14:30:35+00:00,FR,load,tso_reference,TSO forecast,tso_forecast,2208,2026-07-24 23:00:00+00:00,17423.974622778664,17423.974622778664,,2026-04-23 18:00:00+00:00,2026-07-24 17:00:00+00:00
2026-07-24,2026-08-07T14:30:35+00:00,FR,load,tso_reference,TSO forecast,tso_forecast,2208,2026-07-25 00:00:00+00:00,16657.94044426259,16657.94044426259,,2026-04-23 18:00:00+00:00,2026-07-24 17:00:00+00:00
2026-07-24,2026-08-07T14:30:35+00:00,FR,load,tso_reference,TSO forecast,tso_forecast,2208,2026-07-25 01:00:00+00:00,16446.364363575332,16446.364363575332,,2026-04-23 18:00:00+00:00,2026-07-24 17:00:00+00:00
2026-07-24,2026-08-07T14:30:35+00:00,FR,load,tso_reference,TSO forecast,tso_forecast,2208,2026-07-25 02:00:00+00:00,16431.972294556646,16431.972294556646,,2026-04-23 18:00:00+00:00,2026-07-24 17:00:00+00:00
2026-07-24,2026-08-07T14:30:35+00:00,FR,load,tso_reference,TSO forecast,tso_forecast,2208,2026-07-25 03:00:00+00:00,17234.896899935455,17234.896899935455,,2026-04-23 18:00:00+00:00,2026-07-24 17:00:00+00:00
2026-07-24,2026-08-07T14:30:35+00:00,FR,load,tso_reference,TSO forecast,tso_forecast,2208,2026-07-25 04:00:00+00:00,17326.308850316233,17326.308850316233,,2026-04-23 18:00:00+00:00,2026-07-24 17:00:00+00:00
2026-07-24,2026-08-07T14:30:35+00:00,FR,load,tso_reference,TSO forecast,tso_forecast,2208,2026-07-25 05:00:00+00:00,17818.663122252296,17818.663122252296,,2026-04-23 18:00:00+00:00,2026-07-24 17:00:00+00:00
2026-07-24,2026-08-07T14:30:35+00:00,FR,load,tso_reference,TSO forecast,tso_forecast,2208,2026-07-25 06:00:00+00:00,18499.39832407155,18499.39832407155,,2026-04-23 18:00:00+00:00,2026-07-24 17:00:00+00:00
2026-07-24,2026-08-07T14:30:35+00:00,FR,load,tso_reference,TSO forecast,tso_forecast,2208,2026-07-25 07:00:00+00:00,19101.430884302834,19101.430884302834,,2026-04-23 18:00:00+00:00,2026-07-24 17:00:00+00:00
2026-07-24,2026-08-07T14:30:35+00:00,FR,load,tso_reference,TSO forecast,tso_forecast,2208,2026-07-25 08:00:00+00:00,19795.654830093645,19795.654830093645,,2026-04-23 18:00:00+00:00,2026-07-24 17:00:00+00:00
2026-07-24,2026-08-07T14:30:35+00:00,FR,load,tso_reference,TSO forecast,tso_forecast,2208,2026-07-25 09:00:00+00:00,20588.15868601895,20588.15868601895,,2026-04-23 18:00:00+00:00,2026-07-24 17:00:00+00:00
2026-07-24,2026-08-07T14:30:35+00:00,FR,load,tso_reference,TSO forecast,tso_forecast,2208,2026-07-25 10:00:00+00:00,20621.583980809566,20621.583980809566,,2026-04-23 18:00:00+00:00,2026-07-24 17:00:00+00:00
2026-07-24,2026-08-07T14:30:35+00:00,FR,load,tso_reference,TSO forecast,tso_forecast,2208,2026-07-25 11:00:00+00:00,21249.52641219605,21249.52641219605,,2026-04-23 18:00:00+00:00,2026-07-24 17:00:00+00:00
2026-07-24,2026-08-07T14:30:35+00:00,FR,load,tso_reference,TSO forecast,tso_forecast,2208,2026-07-25 12:00:00+00:00,19946.981342943564,19946.981342943564,,2026-04-23 18:00:00+00:00,2026-07-24 17:00:00+00:00
2026-07-24,2026-08-07T14:30:35+00:00,FR,load,tso_reference,TSO forecast,tso_forecast,2208,2026-07-25 13:00:00+00:00,21319.692144584144,21319.692144584144,,2026-04-23 18:00:00+00:00,2026-07-24 17:00:00+00:00
2026-07-24,2026-08-07T14:30:35+00:00,FR,load,tso_reference,TSO forecast,tso_forecast,2208,2026-07-25 14:00:00+00:00,21551.627213347336,21551.627213347336,,2026-04-23 18:00:00+00:00,2026-07-24 17:00:00+00:00
2026-07-24,2026-08-07T14:30:35+00:00,FR,load,tso_reference,TSO forecast,tso_forecast,2208,2026-07-25 15:00:00+00:00,20539.036431845427,20539.036431845427,,2026-04-23 18:00:00+00:00,2026-07-24 17:00:00+00:00
2026-07-24,2026-08-07T14:30:35+00:00,FR,load,tso_reference,TSO forecast,tso_forecast,2208,2026-07-25 16:00:00+00:00,20558.325933191405,20558.325933191405,,2026-04-23 18:00:00+00:00,2026-07-24 17:00:00+00:00
2026-07-24,2026-08-07T14:30:35+00:00,FR,load,tso_reference,TSO forecast,tso_forecast,2208,2026-07-25 17:00:00+00:00,20284.57250307971,20284.57250307971,,2026-04-23 18:00:00+00:00,2026-07-24 17:00:00+00:00
2026-07-24,2026-08-07T14:30:35+00:00,FR,load,persistence,Persistence,weekly_persistence,2208,2026-07-24 18:00:00+00:00,20145.825935728364,20456.25547394897,,2026-04-23 18:00:00+00:00,2026-07-24 17:00:00+00:00
2026-07-24,2026-08-07T14:30:35+00:00,FR,load,persistence,Persistence,weekly_persistence,2208,2026-07-24 19:00:00+00:00,19510.28350223977,19487.920716813078,,2026-04-23 18:00:00+00:00,2026-07-24 17:00:00+00:00
2026-07-24,2026-08-07T14:30:35+00:00,FR,load,persistence,Persistence,weekly_persistence,2208,2026-07-24 20:00:00+00:00,17921.011634780203,16638.264898382542,,2026-04-23 18:00:00+00:00,2026-07-24 17:00:00+00:00
2026-07-24,2026-08-07T14:30:35+00:00,FR,load,persistence,Persistence,weekly_persistence,2208,2026-07-24 21:00:00+00:00,17346.39747341555,17290.01807564135,,2026-04-23 18:00:00+00:00,2026-07-24 17:00:00+00:00
2026-07-24,2026-08-07T14:30:35+00:00,FR,load,persistence,Persistence,weekly_persistence,2208,2026-07-24 22:00:00+00:00,16875.12197616737,16523.592833092473,,2026-04-23 18:00:00+00:00,2026-07-24 17:00:00+00:00
2026-07-24,2026-08-07T14:30:35+00:00,FR,load,persistence,Persistence,weekly_persistence,2208,2026-07-24 23:00:00+00:00,16650.99677005177,17423.974622778664,,2026-04-23 18:00:00+00:00,2026-07-24 17:00:00+00:00
2026-07-24,2026-08-07T14:30:35+00:00,FR,load,persistence,Persistence,weekly_persistence,2208,2026-07-25 00:00:00+00:00,16475.894589675365,16657.94044426259,,2026-04-23 18:00:00+00:00,2026-07-24 17:00:00+00:00
2026-07-24,2026-08-07T14:30:35+00:00,FR,load,persistence,Persistence,weekly_persistence,2208,2026-07-25 01:00:00+00:00,16207.74686311676,16446.364363575332,,2026-04-23 18:00:00+00:00,2026-07-24 17:00:00+00:00
2026-07-24,2026-08-07T14:30:35+00:00,FR,load,persistence,Persistence,weekly_persistence,2208,2026-07-25 02:00:00+00:00,16351.915462638075,16431.972294556646,,2026-04-23 18:00:00+00:00,2026-07-24 17:00:00+00:00
2026-07-24,2026-08-07T14:30:35+00:00,FR,load,persistence,Persistence,weekly_persistence,2208,2026-07-25 03:00:00+00:00,16544.99373558136,17234.896899935455,,2026-04-23 18:00:00+00:00,2026-07-24 17:00:00+00:00
2026-07-24,2026-08-07T14:30:35+00:00,FR,load,persistence,Persistence,weekly_persistence,2208,2026-07-25 04:00:00+00:00,16985.912335779107,17326.308850316233,,2026-04-23 18:00:00+00:00,2026-07-24 17:00:00+00:00
2026-07-24,2026-08-07T14:30:35+00:00,FR,load,persistence,Persistence,weekly_persistence,2208,2026-07-25 05:00:00+00:00,17307.01923062721,17818.663122252296,,2026-04-23 18:00:00+00:00,2026-07-24 17:00:00+00:00
2026-07-24,2026-08-07T14:30:35+00:00,FR,load,persistence,Persistence,weekly_persistence,2208,2026-07-25 06:00:00+00:00,18059.46111323934,18499.39832407155,,2026-04-23 18:00:00+00:00,2026-07-24 17:00:00+00:00
2026-07-24,2026-08-07T14:30:35+00:00,FR,load,persistence,Persistence,weekly_persistence,2208,2026-07-25 07:00:00+00:00,18362.120404404784,19101.430884302834,,2026-04-23 18:00:00+00:00,2026-07-24 17:00:00+00:00
2026-07-24,2026-08-07T14:30:35+00:00,FR,load,persistence,Persistence,weekly_persistence,2208,2026-07-25 08:00:00+00:00,19874.799244439015,19795.654830093645,,2026-04-23 18:00:00+00:00,2026-07-24 17:00:00+00:00
2026-07-24,2026-08-07T14:30:35+00:00,FR,load,persistence,Persistence,weekly_persistence,2208,2026-07-25 09:00:00+00:00,20315.213998818217,20588.15868601895,,2026-04-23 18:00:00+00:00,2026-07-24 17:00:00+00:00
2026-07-24,2026-08-07T14:30:35+00:00,FR,load,persistence,Persistence,weekly_persistence,2208,2026-07-25 10:00:00+00:00,20076.539366443583,20621.583980809566,,2026-04-23 18:00:00+00:00,2026-07-24 17:00:00+00:00
2026-07-24,2026-08-07T14:30:35+00:00,FR,load,persistence,Persistence,weekly_persistence,2208,2026-07-25 11:00:00+00:00,20198.350615233023,21249.52641219605,,2026-04-23 18:00:00+00:00,2026-07-24 17:00:00+00:00
2026-07-24,2026-08-07T14:30:35+00:00,FR,load,persistence,Persistence,weekly_persistence,2208,2026-07-25 12:00:00+00:00,20303.59572064121,19946.981342943564,,2026-04-23 18:00:00+00:00,2026-07-24 17:00:00+00:00
2026-07-24,2026-08-07T14:30:35+00:00,FR,load,persistence,Persistence,weekly_persistence,2208,2026-07-25 13:00:00+00:00,20233.087477559093,21319.692144584144,,2026-04-23 18:00:00+00:00,2026-07-24 17:00:00+00:00
2026-07-24,2026-08-07T14:30:35+00:00,FR,load,persistence,Persistence,weekly_persistence,2208,2026-07-25 14:00:00+00:00,20092.359323003122,21551.627213347336,,2026-04-23 18:00:00+00:00,2026-07-24 17:00:00+00:00
2026-07-24,2026-08-07T14:30:35+00:00,FR,load,persistence,Persistence,weekly_persistence,2208,2026-07-25 15:00:00+00:00,19976.047144183492,20539.036431845427,,2026-04-23 18:00:00+00:00,2026-07-24 17:00:00+00:00
2026-07-24,2026-08-07T14:30:35+00:00,FR,load,persistence,Persistence,weekly_persistence,2208,2026-07-25 16:00:00+00:00,19580.374562676254,20558.325933191405,,2026-04-23 18:00:00+00:00,2026-07-24 17:00:00+00:00
2026-07-24,2026-08-07T14:30:35+00:00,FR,load,persistence,Persistence,weekly_persistence,2208,2026-07-25 17:00:00+00:00,19014.243056871983,20284.57250307971,,2026-04-23 18:00:00+00:00,2026-07-24 17:00:00+00:00
2026-07-24,2026-08-07T14:30:35+00:00,FR,load,ridge_3mo_context,Ridge with covariates,deg_proxy+tso_forecast,2208,2026-07-24 18:00:00+00:00,20330.338763876432,20456.25547394897,,2026-04-23 18:00:00+00:00,2026-07-24 17:00:00+00:00
2026-07-24,2026-08-07T14:30:35+00:00,FR,load,ridge_3mo_context,Ridge with covariates,deg_proxy+tso_forecast,2208,2026-07-24 19:00:00+00:00,19412.545230381795,19487.920716813078,,2026-04-23 18:00:00+00:00,2026-07-24 17:00:00+00:00
2026-07-24,2026-08-07T14:30:35+00:00,FR,load,ridge_3mo_context,Ridge with covariates,deg_proxy+tso_forecast,2208,2026-07-24 20:00:00+00:00,16699.64815868483,16638.264898382542,,2026-04-23 18:00:00+00:00,2026-07-24 17:00:00+00:00
2026-07-24,2026-08-07T14:30:35+00:00,FR,load,ridge_3mo_context,Ridge with covariates,deg_proxy+tso_forecast,2208,2026-07-24 21:00:00+00:00,17321.317792447317,17290.01807564135,,2026-04-23 18:00:00+00:00,2026-07-24 17:00:00+00:00
2026-07-24,2026-08-07T14:30:35+00:00,FR,load,ridge_3mo_context,Ridge with covariates,deg_proxy+tso_forecast,2208,2026-07-24 22:00:00+00:00,16589.735328892213,16523.592833092473,,2026-04-23 18:00:00+00:00,2026-07-24 17:00:00+00:00
2026-07-24,2026-08-07T14:30:35+00:00,FR,load,ridge_3mo_context,Ridge with covariates,deg_proxy+tso_forecast,2208,2026-07-24 23:00:00+00:00,17445.542070202708,17423.974622778664,,2026-04-23 18:00:00+00:00,2026-07-24 17:00:00+00:00
2026-07-24,2026-08-07T14:30:35+00:00,FR,load,ridge_3mo_context,Ridge with covariates,deg_proxy+tso_forecast,2208,2026-07-25 00:00:00+00:00,16587.11047122223,16657.94044426259,,2026-04-23 18:00:00+00:00,2026-07-24 17:00:00+00:00
2026-07-24,2026-08-07T14:30:35+00:00,FR,load,ridge_3mo_context,Ridge with covariates,deg_proxy+tso_forecast,2208,2026-07-25 01:00:00+00:00,16398.999010482596,16446.364363575332,,2026-04-23 18:00:00+00:00,2026-07-24 17:00:00+00:00
2026-07-24,2026-08-07T14:30:35+00:00,FR,load,ridge_3mo_context,Ridge with covariates,deg_proxy+tso_forecast,2208,2026-07-25 02:00:00+00:00,16398.414316433624,16431.972294556646,,2026-04-23 18:00:00+00:00,2026-07-24 17:00:00+00:00
2026-07-24,2026-08-07T14:30:35+00:00,FR,load,ridge_3mo_context,Ridge with covariates,deg_proxy+tso_forecast,2208,2026-07-25 03:00:00+00:00,17175.734806517743,17234.896899935455,,2026-04-23 18:00:00+00:00,2026-07-24 17:00:00+00:00
2026-07-24,2026-08-07T14:30:35+00:00,FR,load,ridge_3mo_context,Ridge with covariates,deg_proxy+tso_forecast,2208,2026-07-25 04:00:00+00:00,17273.542966458357,17326.308850316233,,2026-04-23 18:00:00+00:00,2026-07-24 17:00:00+00:00
2026-07-24,2026-08-07T14:30:35+00:00,FR,load,ridge_3mo_context,Ridge with covariates,deg_proxy+tso_forecast,2208,2026-07-25 05:00:00+00:00,17751.54403324492,17818.663122252296,,2026-04-23 18:00:00+00:00,2026-07-24 17:00:00+00:00
2026-07-24,2026-08-07T14:30:35+00:00,FR,load,ridge_3mo_context,Ridge with covariates,deg_proxy+tso_forecast,2208,2026-07-25 06:00:00+00:00,18406.892681271755,18499.39832407155,,2026-04-23 18:00:00+00:00,2026-07-24 17:00:00+00:00
2026-07-24,2026-08-07T14:30:35+00:00,FR,load,ridge_3mo_context,Ridge with covariates,deg_proxy+tso_forecast,2208,2026-07-25 07:00:00+00:00,18984.93474086759,19101.430884302834,,2026-04-23 18:00:00+00:00,2026-07-24 17:00:00+00:00
2026-07-24,2026-08-07T14:30:35+00:00,FR,load,ridge_3mo_context,Ridge with covariates,deg_proxy+tso_forecast,2208,2026-07-25 08:00:00+00:00,19648.546044686293,19795.654830093645,,2026-04-23 18:00:00+00:00,2026-07-24 17:00:00+00:00
2026-07-24,2026-08-07T14:30:35+00:00,FR,load,ridge_3mo_context,Ridge with covariates,deg_proxy+tso_forecast,2208,2026-07-25 09:00:00+00:00,20403.706500933316,20588.15868601895,,2026-04-23 18:00:00+00:00,2026-07-24 17:00:00+00:00
2026-07-24,2026-08-07T14:30:35+00:00,FR,load,ridge_3mo_context,Ridge with covariates,deg_proxy+tso_forecast,2208,2026-07-25 10:00:00+00:00,20433.714903551845,20621.583980809566,,2026-04-23 18:00:00+00:00,2026-07-24 17:00:00+00:00
2026-07-24,2026-08-07T14:30:35+00:00,FR,load,ridge_3mo_context,Ridge with covariates,deg_proxy+tso_forecast,2208,2026-07-25 11:00:00+00:00,21028.929447011757,21249.52641219605,,2026-04-23 18:00:00+00:00,2026-07-24 17:00:00+00:00
2026-07-24,2026-08-07T14:30:35+00:00,FR,load,ridge_3mo_context,Ridge with covariates,deg_proxy+tso_forecast,2208,2026-07-25 12:00:00+00:00,19783.673099864223,19946.981342943564,,2026-04-23 18:00:00+00:00,2026-07-24 17:00:00+00:00
2026-07-24,2026-08-07T14:30:35+00:00,FR,load,ridge_3mo_context,Ridge with covariates,deg_proxy+tso_forecast,2208,2026-07-25 13:00:00+00:00,21087.597982754236,21319.692144584144,,2026-04-23 18:00:00+00:00,2026-07-24 17:00:00+00:00
2026-07-24,2026-08-07T14:30:35+00:00,FR,load,ridge_3mo_context,Ridge with covariates,deg_proxy+tso_forecast,2208,2026-07-25 14:00:00+00:00,21317.986008931526,21551.627213347336,,2026-04-23 18:00:00+00:00,2026-07-24 17:00:00+00:00
2026-07-24,2026-08-07T14:30:35+00:00,FR,load,ridge_3mo_context,Ridge with covariates,deg_proxy+tso_forecast,2208,2026-07-25 15:00:00+00:00,20365.779483414553,20539.036431845427,,2026-04-23 18:00:00+00:00,2026-07-24 17:00:00+00:00
2026-07-24,2026-08-07T14:30:35+00:00,FR,load,ridge_3mo_context,Ridge with covariates,deg_proxy+tso_forecast,2208,2026-07-25 16:00:00+00:00,20395.420271245588,20558.325933191405,,2026-04-23 18:00:00+00:00,2026-07-24 17:00:00+00:00
2026-07-24,2026-08-07T14:30:35+00:00,FR,load,ridge_3mo_context,Ridge with covariates,deg_proxy+tso_forecast,2208,2026-07-25 17:00:00+00:00,20143.903897134885,20284.57250307971,,2026-04-23 18:00:00+00:00,2026-07-24 17:00:00+00:00
2026-07-24,2026-08-07T14:30:35+00:00,FR,load,chronos2_online,Chronos2 with covariates,Temp+tso_forecast,2208,2026-07-24 18:00:00+00:00,19978.17578125,20456.25547394897,,2026-04-23 18:00:00+00:00,2026-07-24 17:00:00+00:00
2026-07-24,2026-08-07T14:30:35+00:00,FR,load,chronos2_online,Chronos2 with covariates,Temp+tso_forecast,2208,2026-07-24 19:00:00+00:00,19392.486328125,19487.920716813078,,2026-04-23 18:00:00+00:00,2026-07-24 17:00:00+00:00
2026-07-24,2026-08-07T14:30:35+00:00,FR,load,chronos2_online,Chronos2 with covariates,Temp+tso_forecast,2208,2026-07-24 20:00:00+00:00,18081.955078125,16638.264898382542,,2026-04-23 18:00:00+00:00,2026-07-24 17:00:00+00:00
2026-07-24,2026-08-07T14:30:35+00:00,FR,load,chronos2_online,Chronos2 with covariates,Temp+tso_forecast,2208,2026-07-24 21:00:00+00:00,17595.0234375,17290.01807564135,,2026-04-23 18:00:00+00:00,2026-07-24 17:00:00+00:00
2026-07-24,2026-08-07T14:30:35+00:00,FR,load,chronos2_online,Chronos2 with covariates,Temp+tso_forecast,2208,2026-07-24 22:00:00+00:00,17132.6640625,16523.592833092473,,2026-04-23 18:00:00+00:00,2026-07-24 17:00:00+00:00
2026-07-24,2026-08-07T14:30:35+00:00,FR,load,chronos2_online,Chronos2 with covariates,Temp+tso_forecast,2208,2026-07-24 23:00:00+00:00,16904.05078125,17423.974622778664,,2026-04-23 18:00:00+00:00,2026-07-24 17:00:00+00:00
2026-07-24,2026-08-07T14:30:35+00:00,FR,load,chronos2_online,Chronos2 with covariates,Temp+tso_forecast,2208,2026-07-25 00:00:00+00:00,16684.71484375,16657.94044426259,,2026-04-23 18:00:00+00:00,2026-07-24 17:00:00+00:00
2026-07-24,2026-08-07T14:30:35+00:00,FR,load,chronos2_online,Chronos2 with covariates,Temp+tso_forecast,2208,2026-07-25 01:00:00+00:00,16604.326171875,16446.364363575332,,2026-04-23 18:00:00+00:00,2026-07-24 17:00:00+00:00
2026-07-24,2026-08-07T14:30:35+00:00,FR,load,chronos2_online,Chronos2 with covariates,Temp+tso_forecast,2208,2026-07-25 02:00:00+00:00,16666.076171875,16431.972294556646,,2026-04-23 18:00:00+00:00,2026-07-24 17:00:00+00:00
2026-07-24,2026-08-07T14:30:35+00:00,FR,load,chronos2_online,Chronos2 with covariates,Temp+tso_forecast,2208,2026-07-25 03:00:00+00:00,16861.630859375,17234.896899935455,,2026-04-23 18:00:00+00:00,2026-07-24 17:00:00+00:00
2026-07-24,2026-08-07T14:30:35+00:00,FR,load,chronos2_online,Chronos2 with covariates,Temp+tso_forecast,2208,2026-07-25 04:00:00+00:00,17169.19140625,17326.308850316233,,2026-04-23 18:00:00+00:00,2026-07-24 17:00:00+00:00
2026-07-24,2026-08-07T14:30:35+00:00,FR,load,chronos2_online,Chronos2 with covariates,Temp+tso_forecast,2208,2026-07-25 05:00:00+00:00,17577.751953125,17818.663122252296,,2026-04-23 18:00:00+00:00,2026-07-24 17:00:00+00:00
2026-07-24,2026-08-07T14:30:35+00:00,FR,load,chronos2_online,Chronos2 with covariates,Temp+tso_forecast,2208,2026-07-25 06:00:00+00:00,18102.3515625,18499.39832407155,,2026-04-23 18:00:00+00:00,2026-07-24 17:00:00+00:00
2026-07-24,2026-08-07T14:30:35+00:00,FR,load,chronos2_online,Chronos2 with covariates,Temp+tso_forecast,2208,2026-07-25 07:00:00+00:00,18706.62890625,19101.430884302834,,2026-04-23 18:00:00+00:00,2026-07-24 17:00:00+00:00
2026-07-24,2026-08-07T14:30:35+00:00,FR,load,chronos2_online,Chronos2 with covariates,Temp+tso_forecast,2208,2026-07-25 08:00:00+00:00,19912.14453125,19795.654830093645,,2026-04-23 18:00:00+00:00,2026-07-24 17:00:00+00:00
2026-07-24,2026-08-07T14:30:35+00:00,FR,load,chronos2_online,Chronos2 with covariates,Temp+tso_forecast,2208,2026-07-25 09:00:00+00:00,20309.6953125,20588.15868601895,,2026-04-23 18:00:00+00:00,2026-07-24 17:00:00+00:00
2026-07-24,2026-08-07T14:30:35+00:00,FR,load,chronos2_online,Chronos2 with covariates,Temp+tso_forecast,2208,2026-07-25 10:00:00+00:00,20058.384765625,20621.583980809566,,2026-04-23 18:00:00+00:00,2026-07-24 17:00:00+00:00
2026-07-24,2026-08-07T14:30:35+00:00,FR,load,chronos2_online,Chronos2 with covariates,Temp+tso_forecast,2208,2026-07-25 11:00:00+00:00,20254.978515625,21249.52641219605,,2026-04-23 18:00:00+00:00,2026-07-24 17:00:00+00:00
2026-07-24,2026-08-07T14:30:35+00:00,FR,load,chronos2_online,Chronos2 with covariates,Temp+tso_forecast,2208,2026-07-25 12:00:00+00:00,20376.126953125,19946.981342943564,,2026-04-23 18:00:00+00:00,2026-07-24 17:00:00+00:00
2026-07-24,2026-08-07T14:30:35+00:00,FR,load,chronos2_online,Chronos2 with covariates,Temp+tso_forecast,2208,2026-07-25 13:00:00+00:00,20473.8515625,21319.692144584144,,2026-04-23 18:00:00+00:00,2026-07-24 17:00:00+00:00
2026-07-24,2026-08-07T14:30:35+00:00,FR,load,chronos2_online,Chronos2 with covariates,Temp+tso_forecast,2208,2026-07-25 14:00:00+00:00,20308.66015625,21551.627213347336,,2026-04-23 18:00:00+00:00,2026-07-24 17:00:00+00:00
2026-07-24,2026-08-07T14:30:35+00:00,FR,load,chronos2_online,Chronos2 with covariates,Temp+tso_forecast,2208,2026-07-25 15:00:00+00:00,20033.185546875,20539.036431845427,,2026-04-23 18:00:00+00:00,2026-07-24 17:00:00+00:00
2026-07-24,2026-08-07T14:30:35+00:00,FR,load,chronos2_online,Chronos2 with covariates,Temp+tso_forecast,2208,2026-07-25 16:00:00+00:00,19726.8671875,20558.325933191405,,2026-04-23 18:00:00+00:00,2026-07-24 17:00:00+00:00
2026-07-24,2026-08-07T14:30:35+00:00,FR,load,chronos2_online,Chronos2 with covariates,Temp+tso_forecast,2208,2026-07-25 17:00:00+00:00,19390.13671875,20284.57250307971,,2026-04-23 18:00:00+00:00,2026-07-24 17:00:00+00:00
2026-07-24,2026-08-07T14:30:35+00:00,FR,solar,tso_reference,TSO forecast,tso_forecast,2208,2026-07-24 18:00:00+00:00,484.44509157978973,484.44509157978973,,2026-04-23 18:00:00+00:00,2026-07-24 17:00:00+00:00
2026-07-24,2026-08-07T14:30:35+00:00,FR,solar,tso_reference,TSO forecast,tso_forecast,2208,2026-07-24 19:00:00+00:00,63.925373825266675,63.925373825266675,,2026-04-23 18:00:00+00:00,2026-07-24 17:00:00+00:00
2026-07-24,2026-08-07T14:30:35+00:00,FR,solar,tso_reference,TSO forecast,tso_forecast,2208,2026-07-24 20:00:00+00:00,0.0,0.0,,2026-04-23 18:00:00+00:00,2026-07-24 17:00:00+00:00
2026-07-24,2026-08-07T14:30:35+00:00,FR,solar,tso_reference,TSO forecast,tso_forecast,2208,2026-07-24 21:00:00+00:00,0.0,0.0,,2026-04-23 18:00:00+00:00,2026-07-24 17:00:00+00:00
2026-07-24,2026-08-07T14:30:35+00:00,FR,solar,tso_reference,TSO forecast,tso_forecast,2208,2026-07-24 22:00:00+00:00,80.04522458604778,80.04522458604778,,2026-04-23 18:00:00+00:00,2026-07-24 17:00:00+00:00
2026-07-24,2026-08-07T14:30:35+00:00,FR,solar,tso_reference,TSO forecast,tso_forecast,2208,2026-07-24 23:00:00+00:00,36.48061978169646,36.48061978169646,,2026-04-23 18:00:00+00:00,2026-07-24 17:00:00+00:00
2026-07-24,2026-08-07T14:30:35+00:00,FR,solar,tso_reference,TSO forecast,tso_forecast,2208,2026-07-25 00:00:00+00:00,45.40493578129248,45.40493578129248,,2026-04-23 18:00:00+00:00,2026-07-24 17:00:00+00:00
2026-07-24,2026-08-07T14:30:35+00:00,FR,solar,tso_reference,TSO forecast,tso_forecast,2208,2026-07-25 01:00:00+00:00,0.0,0.0,,2026-04-23 18:00:00+00:00,2026-07-24 17:00:00+00:00
2026-07-24,2026-08-07T14:30:35+00:00,FR,solar,tso_reference,TSO forecast,tso_forecast,2208,2026-07-25 02:00:00+00:00,45.56609430245631,45.56609430245631,,2026-04-23 18:00:00+00:00,2026-07-24 17:00:00+00:00
2026-07-24,2026-08-07T14:30:35+00:00,FR,solar,tso_reference,TSO forecast,tso_forecast,2208,2026-07-25 03:00:00+00:00,21.611562044561865,21.611562044561865,,2026-04-23 18:00:00+00:00,2026-07-24 17:00:00+00:00
2026-07-24,2026-08-07T14:30:35+00:00,FR,solar,tso_reference,TSO forecast,tso_forecast,2208,2026-07-25 04:00:00+00:00,35.64392216013056,35.64392216013056,,2026-04-23 18:00:00+00:00,2026-07-24 17:00:00+00:00
2026-07-24,2026-08-07T14:30:35+00:00,FR,solar,tso_reference,TSO forecast,tso_forecast,2208,2026-07-25 05:00:00+00:00,9.058842065365667,9.058842065365667,,2026-04-23 18:00:00+00:00,2026-07-24 17:00:00+00:00
2026-07-24,2026-08-07T14:30:35+00:00,FR,solar,tso_reference,TSO forecast,tso_forecast,2208,2026-07-25 06:00:00+00:00,0.0,0.0,,2026-04-23 18:00:00+00:00,2026-07-24 17:00:00+00:00
2026-07-24,2026-08-07T14:30:35+00:00,FR,solar,tso_reference,TSO forecast,tso_forecast,2208,2026-07-25 07:00:00+00:00,532.9382027722393,532.9382027722393,,2026-04-23 18:00:00+00:00,2026-07-24 17:00:00+00:00
2026-07-24,2026-08-07T14:30:35+00:00,FR,solar,tso_reference,TSO forecast,tso_forecast,2208,2026-07-25 08:00:00+00:00,1065.6856197281961,1065.6856197281961,,2026-04-23 18:00:00+00:00,2026-07-24 17:00:00+00:00
2026-07-24,2026-08-07T14:30:35+00:00,FR,solar,tso_reference,TSO forecast,tso_forecast,2208,2026-07-25 09:00:00+00:00,1624.572925391979,1624.572925391979,,2026-04-23 18:00:00+00:00,2026-07-24 17:00:00+00:00
2026-07-24,2026-08-07T14:30:35+00:00,FR,solar,tso_reference,TSO forecast,tso_forecast,2208,2026-07-25 10:00:00+00:00,2019.5934135157424,2019.5934135157424,,2026-04-23 18:00:00+00:00,2026-07-24 17:00:00+00:00
2026-07-24,2026-08-07T14:30:35+00:00,FR,solar,tso_reference,TSO forecast,tso_forecast,2208,2026-07-25 11:00:00+00:00,2145.735243828967,2145.735243828967,,2026-04-23 18:00:00+00:00,2026-07-24 17:00:00+00:00
2026-07-24,2026-08-07T14:30:35+00:00,FR,solar,tso_reference,TSO forecast,tso_forecast,2208,2026-07-25 12:00:00+00:00,2400.2616910055663,2400.2616910055663,,2026-04-23 18:00:00+00:00,2026-07-24 17:00:00+00:00
2026-07-24,2026-08-07T14:30:35+00:00,FR,solar,tso_reference,TSO forecast,tso_forecast,2208,2026-07-25 13:00:00+00:00,2381.973908114099,2381.973908114099,,2026-04-23 18:00:00+00:00,2026-07-24 17:00:00+00:00
2026-07-24,2026-08-07T14:30:35+00:00,FR,solar,tso_reference,TSO forecast,tso_forecast,2208,2026-07-25 14:00:00+00:00,2200.2829227448983,2200.2829227448983,,2026-04-23 18:00:00+00:00,2026-07-24 17:00:00+00:00
2026-07-24,2026-08-07T14:30:35+00:00,FR,solar,tso_reference,TSO forecast,tso_forecast,2208,2026-07-25 15:00:00+00:00,1865.3938653579578,1865.3938653579578,,2026-04-23 18:00:00+00:00,2026-07-24 17:00:00+00:00
2026-07-24,2026-08-07T14:30:35+00:00,FR,solar,tso_reference,TSO forecast,tso_forecast,2208,2026-07-25 16:00:00+00:00,1481.3875451474823,1481.3875451474823,,2026-04-23 18:00:00+00:00,2026-07-24 17:00:00+00:00
2026-07-24,2026-08-07T14:30:35+00:00,FR,solar,tso_reference,TSO forecast,tso_forecast,2208,2026-07-25 17:00:00+00:00,1172.9329104656995,1172.9329104656995,,2026-04-23 18:00:00+00:00,2026-07-24 17:00:00+00:00
2026-07-24,2026-08-07T14:30:35+00:00,FR,solar,persistence,Persistence,daily_persistence,2208,2026-07-24 18:00:00+00:00,464.1519375465339,484.44509157978973,,2026-04-23 18:00:00+00:00,2026-07-24 17:00:00+00:00
2026-07-24,2026-08-07T14:30:35+00:00,FR,solar,persistence,Persistence,daily_persistence,2208,2026-07-24 19:00:00+00:00,0.0,63.925373825266675,,2026-04-23 18:00:00+00:00,2026-07-24 17:00:00+00:00
2026-07-24,2026-08-07T14:30:35+00:00,FR,solar,persistence,Persistence,daily_persistence,2208,2026-07-24 20:00:00+00:00,0.0,0.0,,2026-04-23 18:00:00+00:00,2026-07-24 17:00:00+00:00
2026-07-24,2026-08-07T14:30:35+00:00,FR,solar,persistence,Persistence,daily_persistence,2208,2026-07-24 21:00:00+00:00,0.0,0.0,,2026-04-23 18:00:00+00:00,2026-07-24 17:00:00+00:00
2026-07-24,2026-08-07T14:30:35+00:00,FR,solar,persistence,Persistence,daily_persistence,2208,2026-07-24 22:00:00+00:00,0.0,80.04522458604778,,2026-04-23 18:00:00+00:00,2026-07-24 17:00:00+00:00
2026-07-24,2026-08-07T14:30:35+00:00,FR,solar,persistence,Persistence,daily_persistence,2208,2026-07-24 23:00:00+00:00,0.9270848942821232,36.48061978169646,,2026-04-23 18:00:00+00:00,2026-07-24 17:00:00+00:00
2026-07-24,2026-08-07T14:30:35+00:00,FR,solar,persistence,Persistence,daily_persistence,2208,2026-07-25 00:00:00+00:00,1.8226902611889326,45.40493578129248,,2026-04-23 18:00:00+00:00,2026-07-24 17:00:00+00:00
2026-07-24,2026-08-07T14:30:35+00:00,FR,solar,persistence,Persistence,daily_persistence,2208,2026-07-25 01:00:00+00:00,0.0,0.0,,2026-04-23 18:00:00+00:00,2026-07-24 17:00:00+00:00
2026-07-24,2026-08-07T14:30:35+00:00,FR,solar,persistence,Persistence,daily_persistence,2208,2026-07-25 02:00:00+00:00,0.0,45.56609430245631,,2026-04-23 18:00:00+00:00,2026-07-24 17:00:00+00:00
2026-07-24,2026-08-07T14:30:35+00:00,FR,solar,persistence,Persistence,daily_persistence,2208,2026-07-25 03:00:00+00:00,0.0,21.611562044561865,,2026-04-23 18:00:00+00:00,2026-07-24 17:00:00+00:00
2026-07-24,2026-08-07T14:30:35+00:00,FR,solar,persistence,Persistence,daily_persistence,2208,2026-07-25 04:00:00+00:00,19.861444186064762,35.64392216013056,,2026-04-23 18:00:00+00:00,2026-07-24 17:00:00+00:00
2026-07-24,2026-08-07T14:30:35+00:00,FR,solar,persistence,Persistence,daily_persistence,2208,2026-07-25 05:00:00+00:00,23.064027131138815,9.058842065365667,,2026-04-23 18:00:00+00:00,2026-07-24 17:00:00+00:00
2026-07-24,2026-08-07T14:30:35+00:00,FR,solar,persistence,Persistence,daily_persistence,2208,2026-07-25 06:00:00+00:00,0.0,0.0,,2026-04-23 18:00:00+00:00,2026-07-24 17:00:00+00:00
2026-07-24,2026-08-07T14:30:35+00:00,FR,solar,persistence,Persistence,daily_persistence,2208,2026-07-25 07:00:00+00:00,419.15796188054867,532.9382027722393,,2026-04-23 18:00:00+00:00,2026-07-24 17:00:00+00:00
2026-07-24,2026-08-07T14:30:35+00:00,FR,solar,persistence,Persistence,daily_persistence,2208,2026-07-25 08:00:00+00:00,818.2567443489597,1065.6856197281961,,2026-04-23 18:00:00+00:00,2026-07-24 17:00:00+00:00
2026-07-24,2026-08-07T14:30:35+00:00,FR,solar,persistence,Persistence,daily_persistence,2208,2026-07-25 09:00:00+00:00,1172.3384487840344,1624.572925391979,,2026-04-23 18:00:00+00:00,2026-07-24 17:00:00+00:00
2026-07-24,2026-08-07T14:30:35+00:00,FR,solar,persistence,Persistence,daily_persistence,2208,2026-07-25 10:00:00+00:00,1405.228878876193,2019.5934135157424,,2026-04-23 18:00:00+00:00,2026-07-24 17:00:00+00:00
2026-07-24,2026-08-07T14:30:35+00:00,FR,solar,persistence,Persistence,daily_persistence,2208,2026-07-25 11:00:00+00:00,1603.2051498079854,2145.735243828967,,2026-04-23 18:00:00+00:00,2026-07-24 17:00:00+00:00
2026-07-24,2026-08-07T14:30:35+00:00,FR,solar,persistence,Persistence,daily_persistence,2208,2026-07-25 12:00:00+00:00,1688.5218370369068,2400.2616910055663,,2026-04-23 18:00:00+00:00,2026-07-24 17:00:00+00:00
2026-07-24,2026-08-07T14:30:35+00:00,FR,solar,persistence,Persistence,daily_persistence,2208,2026-07-25 13:00:00+00:00,1708.6913866323825,2381.973908114099,,2026-04-23 18:00:00+00:00,2026-07-24 17:00:00+00:00
2026-07-24,2026-08-07T14:30:35+00:00,FR,solar,persistence,Persistence,daily_persistence,2208,2026-07-25 14:00:00+00:00,1596.5630100641474,2200.2829227448983,,2026-04-23 18:00:00+00:00,2026-07-24 17:00:00+00:00
2026-07-24,2026-08-07T14:30:35+00:00,FR,solar,persistence,Persistence,daily_persistence,2208,2026-07-25 15:00:00+00:00,1382.3313099502695,1865.3938653579578,,2026-04-23 18:00:00+00:00,2026-07-24 17:00:00+00:00
2026-07-24,2026-08-07T14:30:35+00:00,FR,solar,persistence,Persistence,daily_persistence,2208,2026-07-25 16:00:00+00:00,1092.640390614466,1481.3875451474823,,2026-04-23 18:00:00+00:00,2026-07-24 17:00:00+00:00
2026-07-24,2026-08-07T14:30:35+00:00,FR,solar,persistence,Persistence,daily_persistence,2208,2026-07-25 17:00:00+00:00,793.0798229799395,1172.9329104656995,,2026-04-23 18:00:00+00:00,2026-07-24 17:00:00+00:00
2026-07-24,2026-08-07T14:30:35+00:00,FR,solar,chronos2_online,Chronos2 with covariates,weather_4p+tso_forecast,2208,2026-07-24 18:00:00+00:00,464.4825134277344,484.44509157978973,,2026-04-23 18:00:00+00:00,2026-07-24 17:00:00+00:00
2026-07-24,2026-08-07T14:30:35+00:00,FR,solar,chronos2_online,Chronos2 with covariates,weather_4p+tso_forecast,2208,2026-07-24 19:00:00+00:00,54.51959228515625,63.925373825266675,,2026-04-23 18:00:00+00:00,2026-07-24 17:00:00+00:00
2026-07-24,2026-08-07T14:30:35+00:00,FR,solar,chronos2_online,Chronos2 with covariates,weather_4p+tso_forecast,2208,2026-07-24 20:00:00+00:00,40.64410400390625,0.0,,2026-04-23 18:00:00+00:00,2026-07-24 17:00:00+00:00
2026-07-24,2026-08-07T14:30:35+00:00,FR,solar,chronos2_online,Chronos2 with covariates,weather_4p+tso_forecast,2208,2026-07-24 21:00:00+00:00,54.36669921875,0.0,,2026-04-23 18:00:00+00:00,2026-07-24 17:00:00+00:00
2026-07-24,2026-08-07T14:30:35+00:00,FR,solar,chronos2_online,Chronos2 with covariates,weather_4p+tso_forecast,2208,2026-07-24 22:00:00+00:00,59.321044921875,80.04522458604778,,2026-04-23 18:00:00+00:00,2026-07-24 17:00:00+00:00
2026-07-24,2026-08-07T14:30:35+00:00,FR,solar,chronos2_online,Chronos2 with covariates,weather_4p+tso_forecast,2208,2026-07-24 23:00:00+00:00,71.60955810546875,36.48061978169646,,2026-04-23 18:00:00+00:00,2026-07-24 17:00:00+00:00
2026-07-24,2026-08-07T14:30:35+00:00,FR,solar,chronos2_online,Chronos2 with covariates,weather_4p+tso_forecast,2208,2026-07-25 00:00:00+00:00,80.32269287109375,45.40493578129248,,2026-04-23 18:00:00+00:00,2026-07-24 17:00:00+00:00
2026-07-24,2026-08-07T14:30:35+00:00,FR,solar,chronos2_online,Chronos2 with covariates,weather_4p+tso_forecast,2208,2026-07-25 01:00:00+00:00,78.3031005859375,0.0,,2026-04-23 18:00:00+00:00,2026-07-24 17:00:00+00:00
2026-07-24,2026-08-07T14:30:35+00:00,FR,solar,chronos2_online,Chronos2 with covariates,weather_4p+tso_forecast,2208,2026-07-25 02:00:00+00:00,75.49603271484375,45.56609430245631,,2026-04-23 18:00:00+00:00,2026-07-24 17:00:00+00:00
2026-07-24,2026-08-07T14:30:35+00:00,FR,solar,chronos2_online,Chronos2 with covariates,weather_4p+tso_forecast,2208,2026-07-25 03:00:00+00:00,93.34442138671875,21.611562044561865,,2026-04-23 18:00:00+00:00,2026-07-24 17:00:00+00:00
2026-07-24,2026-08-07T14:30:35+00:00,FR,solar,chronos2_online,Chronos2 with covariates,weather_4p+tso_forecast,2208,2026-07-25 04:00:00+00:00,87.50482177734375,35.64392216013056,,2026-04-23 18:00:00+00:00,2026-07-24 17:00:00+00:00
2026-07-24,2026-08-07T14:30:35+00:00,FR,solar,chronos2_online,Chronos2 with covariates,weather_4p+tso_forecast,2208,2026-07-25 05:00:00+00:00,95.87347412109375,9.058842065365667,,2026-04-23 18:00:00+00:00,2026-07-24 17:00:00+00:00
2026-07-24,2026-08-07T14:30:35+00:00,FR,solar,chronos2_online,Chronos2 with covariates,weather_4p+tso_forecast,2208,2026-07-25 06:00:00+00:00,116.3941650390625,0.0,,2026-04-23 18:00:00+00:00,2026-07-24 17:00:00+00:00
2026-07-24,2026-08-07T14:30:35+00:00,FR,solar,chronos2_online,Chronos2 with covariates,weather_4p+tso_forecast,2208,2026-07-25 07:00:00+00:00,530.93310546875,532.9382027722393,,2026-04-23 18:00:00+00:00,2026-07-24 17:00:00+00:00
2026-07-24,2026-08-07T14:30:35+00:00,FR,solar,chronos2_online,Chronos2 with covariates,weather_4p+tso_forecast,2208,2026-07-25 08:00:00+00:00,921.9088134765625,1065.6856197281961,,2026-04-23 18:00:00+00:00,2026-07-24 17:00:00+00:00
2026-07-24,2026-08-07T14:30:35+00:00,FR,solar,chronos2_online,Chronos2 with covariates,weather_4p+tso_forecast,2208,2026-07-25 09:00:00+00:00,1271.45751953125,1624.572925391979,,2026-04-23 18:00:00+00:00,2026-07-24 17:00:00+00:00
2026-07-24,2026-08-07T14:30:35+00:00,FR,solar,chronos2_online,Chronos2 with covariates,weather_4p+tso_forecast,2208,2026-07-25 10:00:00+00:00,1576.732421875,2019.5934135157424,,2026-04-23 18:00:00+00:00,2026-07-24 17:00:00+00:00
2026-07-24,2026-08-07T14:30:35+00:00,FR,solar,chronos2_online,Chronos2 with covariates,weather_4p+tso_forecast,2208,2026-07-25 11:00:00+00:00,1756.1484375,2145.735243828967,,2026-04-23 18:00:00+00:00,2026-07-24 17:00:00+00:00
2026-07-24,2026-08-07T14:30:35+00:00,FR,solar,chronos2_online,Chronos2 with covariates,weather_4p+tso_forecast,2208,2026-07-25 12:00:00+00:00,1856.87158203125,2400.2616910055663,,2026-04-23 18:00:00+00:00,2026-07-24 17:00:00+00:00
2026-07-24,2026-08-07T14:30:35+00:00,FR,solar,chronos2_online,Chronos2 with covariates,weather_4p+tso_forecast,2208,2026-07-25 13:00:00+00:00,1863.08349609375,2381.973908114099,,2026-04-23 18:00:00+00:00,2026-07-24 17:00:00+00:00
2026-07-24,2026-08-07T14:30:35+00:00,FR,solar,chronos2_online,Chronos2 with covariates,weather_4p+tso_forecast,2208,2026-07-25 14:00:00+00:00,1735.01953125,2200.2829227448983,,2026-04-23 18:00:00+00:00,2026-07-24 17:00:00+00:00
2026-07-24,2026-08-07T14:30:35+00:00,FR,solar,chronos2_online,Chronos2 with covariates,weather_4p+tso_forecast,2208,2026-07-25 15:00:00+00:00,1539.088134765625,1865.3938653579578,,2026-04-23 18:00:00+00:00,2026-07-24 17:00:00+00:00
2026-07-24,2026-08-07T14:30:35+00:00,FR,solar,chronos2_online,Chronos2 with covariates,weather_4p+tso_forecast,2208,2026-07-25 16:00:00+00:00,1276.8387451171875,1481.3875451474823,,2026-04-23 18:00:00+00:00,2026-07-24 17:00:00+00:00
2026-07-24,2026-08-07T14:30:35+00:00,FR,solar,chronos2_online,Chronos2 with covariates,weather_4p+tso_forecast,2208,2026-07-25 17:00:00+00:00,966.7322998046875,1172.9329104656995,,2026-04-23 18:00:00+00:00,2026-07-24 17:00:00+00:00
2026-07-24,2026-08-07T14:30:35+00:00,FR,solar,xgboost_online,XGBoost with covariates,weather_4p+tso_forecast,2208,2026-07-24 18:00:00+00:00,511.1241455078125,484.44509157978973,,2026-04-23 18:00:00+00:00,2026-07-24 17:00:00+00:00
2026-07-24,2026-08-07T14:30:35+00:00,FR,solar,xgboost_online,XGBoost with covariates,weather_4p+tso_forecast,2208,2026-07-24 19:00:00+00:00,19.71441078186035,63.925373825266675,,2026-04-23 18:00:00+00:00,2026-07-24 17:00:00+00:00
2026-07-24,2026-08-07T14:30:35+00:00,FR,solar,xgboost_online,XGBoost with covariates,weather_4p+tso_forecast,2208,2026-07-24 20:00:00+00:00,19.451717376708984,0.0,,2026-04-23 18:00:00+00:00,2026-07-24 17:00:00+00:00
2026-07-24,2026-08-07T14:30:35+00:00,FR,solar,xgboost_online,XGBoost with covariates,weather_4p+tso_forecast,2208,2026-07-24 21:00:00+00:00,19.451717376708984,0.0,,2026-04-23 18:00:00+00:00,2026-07-24 17:00:00+00:00
2026-07-24,2026-08-07T14:30:35+00:00,FR,solar,xgboost_online,XGBoost with covariates,weather_4p+tso_forecast,2208,2026-07-24 22:00:00+00:00,20.11358642578125,80.04522458604778,,2026-04-23 18:00:00+00:00,2026-07-24 17:00:00+00:00
2026-07-24,2026-08-07T14:30:35+00:00,FR,solar,xgboost_online,XGBoost with covariates,weather_4p+tso_forecast,2208,2026-07-24 23:00:00+00:00,19.71441078186035,36.48061978169646,,2026-04-23 18:00:00+00:00,2026-07-24 17:00:00+00:00
2026-07-24,2026-08-07T14:30:35+00:00,FR,solar,xgboost_online,XGBoost with covariates,weather_4p+tso_forecast,2208,2026-07-25 00:00:00+00:00,19.77701187133789,45.40493578129248,,2026-04-23 18:00:00+00:00,2026-07-24 17:00:00+00:00
2026-07-24,2026-08-07T14:30:35+00:00,FR,solar,xgboost_online,XGBoost with covariates,weather_4p+tso_forecast,2208,2026-07-25 01:00:00+00:00,19.514318466186523,0.0,,2026-04-23 18:00:00+00:00,2026-07-24 17:00:00+00:00
2026-07-24,2026-08-07T14:30:35+00:00,FR,solar,xgboost_online,XGBoost with covariates,weather_4p+tso_forecast,2208,2026-07-25 02:00:00+00:00,19.77701187133789,45.56609430245631,,2026-04-23 18:00:00+00:00,2026-07-24 17:00:00+00:00
2026-07-24,2026-08-07T14:30:35+00:00,FR,solar,xgboost_online,XGBoost with covariates,weather_4p+tso_forecast,2208,2026-07-25 03:00:00+00:00,19.77701187133789,21.611562044561865,,2026-04-23 18:00:00+00:00,2026-07-24 17:00:00+00:00
2026-07-24,2026-08-07T14:30:35+00:00,FR,solar,xgboost_online,XGBoost with covariates,weather_4p+tso_forecast,2208,2026-07-25 04:00:00+00:00,19.85796356201172,35.64392216013056,,2026-04-23 18:00:00+00:00,2026-07-24 17:00:00+00:00
2026-07-24,2026-08-07T14:30:35+00:00,FR,solar,xgboost_online,XGBoost with covariates,weather_4p+tso_forecast,2208,2026-07-25 05:00:00+00:00,19.85796356201172,9.058842065365667,,2026-04-23 18:00:00+00:00,2026-07-24 17:00:00+00:00
2026-07-24,2026-08-07T14:30:35+00:00,FR,solar,xgboost_online,XGBoost with covariates,weather_4p+tso_forecast,2208,2026-07-25 06:00:00+00:00,19.59527015686035,0.0,,2026-04-23 18:00:00+00:00,2026-07-24 17:00:00+00:00
2026-07-24,2026-08-07T14:30:35+00:00,FR,solar,xgboost_online,XGBoost with covariates,weather_4p+tso_forecast,2208,2026-07-25 07:00:00+00:00,540.0867919921875,532.9382027722393,,2026-04-23 18:00:00+00:00,2026-07-24 17:00:00+00:00
2026-07-24,2026-08-07T14:30:35+00:00,FR,solar,xgboost_online,XGBoost with covariates,weather_4p+tso_forecast,2208,2026-07-25 08:00:00+00:00,1051.720458984375,1065.6856197281961,,2026-04-23 18:00:00+00:00,2026-07-24 17:00:00+00:00
2026-07-24,2026-08-07T14:30:35+00:00,FR,solar,xgboost_online,XGBoost with covariates,weather_4p+tso_forecast,2208,2026-07-25 09:00:00+00:00,1610.63330078125,1624.572925391979,,2026-04-23 18:00:00+00:00,2026-07-24 17:00:00+00:00
2026-07-24,2026-08-07T14:30:35+00:00,FR,solar,xgboost_online,XGBoost with covariates,weather_4p+tso_forecast,2208,2026-07-25 10:00:00+00:00,2015.5443115234375,2019.5934135157424,,2026-04-23 18:00:00+00:00,2026-07-24 17:00:00+00:00
2026-07-24,2026-08-07T14:30:35+00:00,FR,solar,xgboost_online,XGBoost with covariates,weather_4p+tso_forecast,2208,2026-07-25 11:00:00+00:00,2174.272705078125,2145.735243828967,,2026-04-23 18:00:00+00:00,2026-07-24 17:00:00+00:00
2026-07-24,2026-08-07T14:30:35+00:00,FR,solar,xgboost_online,XGBoost with covariates,weather_4p+tso_forecast,2208,2026-07-25 12:00:00+00:00,2278.843994140625,2400.2616910055663,,2026-04-23 18:00:00+00:00,2026-07-24 17:00:00+00:00
2026-07-24,2026-08-07T14:30:35+00:00,FR,solar,xgboost_online,XGBoost with covariates,weather_4p+tso_forecast,2208,2026-07-25 13:00:00+00:00,2278.843994140625,2381.973908114099,,2026-04-23 18:00:00+00:00,2026-07-24 17:00:00+00:00
2026-07-24,2026-08-07T14:30:35+00:00,FR,solar,xgboost_online,XGBoost with covariates,weather_4p+tso_forecast,2208,2026-07-25 14:00:00+00:00,2203.722900390625,2200.2829227448983,,2026-04-23 18:00:00+00:00,2026-07-24 17:00:00+00:00
2026-07-24,2026-08-07T14:30:35+00:00,FR,solar,xgboost_online,XGBoost with covariates,weather_4p+tso_forecast,2208,2026-07-25 15:00:00+00:00,1867.7513427734375,1865.3938653579578,,2026-04-23 18:00:00+00:00,2026-07-24 17:00:00+00:00
2026-07-24,2026-08-07T14:30:35+00:00,FR,solar,xgboost_online,XGBoost with covariates,weather_4p+tso_forecast,2208,2026-07-25 16:00:00+00:00,1496.8780517578125,1481.3875451474823,,2026-04-23 18:00:00+00:00,2026-07-24 17:00:00+00:00
2026-07-24,2026-08-07T14:30:35+00:00,FR,solar,xgboost_online,XGBoost with covariates,weather_4p+tso_forecast,2208,2026-07-25 17:00:00+00:00,1179.6241455078125,1172.9329104656995,,2026-04-23 18:00:00+00:00,2026-07-24 17:00:00+00:00
2026-07-24,2026-08-07T14:30:35+00:00,FR,wind_onshore,tso_reference,TSO forecast,tso_forecast,2208,2026-07-24 18:00:00+00:00,4231.617603555306,4231.617603555306,,2026-04-23 18:00:00+00:00,2026-07-24 17:00:00+00:00
2026-07-24,2026-08-07T14:30:35+00:00,FR,wind_onshore,tso_reference,TSO forecast,tso_forecast,2208,2026-07-24 19:00:00+00:00,4291.717970518064,4291.717970518064,,2026-04-23 18:00:00+00:00,2026-07-24 17:00:00+00:00
2026-07-24,2026-08-07T14:30:35+00:00,FR,wind_onshore,tso_reference,TSO forecast,tso_forecast,2208,2026-07-24 20:00:00+00:00,4443.959113588323,4443.959113588323,,2026-04-23 18:00:00+00:00,2026-07-24 17:00:00+00:00
2026-07-24,2026-08-07T14:30:35+00:00,FR,wind_onshore,tso_reference,TSO forecast,tso_forecast,2208,2026-07-24 21:00:00+00:00,4614.391455534213,4614.391455534213,,2026-04-23 18:00:00+00:00,2026-07-24 17:00:00+00:00
2026-07-24,2026-08-07T14:30:35+00:00,FR,wind_onshore,tso_reference,TSO forecast,tso_forecast,2208,2026-07-24 22:00:00+00:00,4621.481651098704,4621.481651098704,,2026-04-23 18:00:00+00:00,2026-07-24 17:00:00+00:00
2026-07-24,2026-08-07T14:30:35+00:00,FR,wind_onshore,tso_reference,TSO forecast,tso_forecast,2208,2026-07-24 23:00:00+00:00,4522.4560607244575,4522.4560607244575,,2026-04-23 18:00:00+00:00,2026-07-24 17:00:00+00:00
2026-07-24,2026-08-07T14:30:35+00:00,FR,wind_onshore,tso_reference,TSO forecast,tso_forecast,2208,2026-07-25 00:00:00+00:00,4536.813575663883,4536.813575663883,,2026-04-23 18:00:00+00:00,2026-07-24 17:00:00+00:00
2026-07-24,2026-08-07T14:30:35+00:00,FR,wind_onshore,tso_reference,TSO forecast,tso_forecast,2208,2026-07-25 01:00:00+00:00,4553.947717910235,4553.947717910235,,2026-04-23 18:00:00+00:00,2026-07-24 17:00:00+00:00
2026-07-24,2026-08-07T14:30:35+00:00,FR,wind_onshore,tso_reference,TSO forecast,tso_forecast,2208,2026-07-25 02:00:00+00:00,4675.325935252257,4675.325935252257,,2026-04-23 18:00:00+00:00,2026-07-24 17:00:00+00:00
2026-07-24,2026-08-07T14:30:35+00:00,FR,wind_onshore,tso_reference,TSO forecast,tso_forecast,2208,2026-07-25 03:00:00+00:00,4679.093048355401,4679.093048355401,,2026-04-23 18:00:00+00:00,2026-07-24 17:00:00+00:00
2026-07-24,2026-08-07T14:30:35+00:00,FR,wind_onshore,tso_reference,TSO forecast,tso_forecast,2208,2026-07-25 04:00:00+00:00,4766.567644100902,4766.567644100902,,2026-04-23 18:00:00+00:00,2026-07-24 17:00:00+00:00
2026-07-24,2026-08-07T14:30:35+00:00,FR,wind_onshore,tso_reference,TSO forecast,tso_forecast,2208,2026-07-25 05:00:00+00:00,4839.48361510593,4839.48361510593,,2026-04-23 18:00:00+00:00,2026-07-24 17:00:00+00:00
2026-07-24,2026-08-07T14:30:35+00:00,FR,wind_onshore,tso_reference,TSO forecast,tso_forecast,2208,2026-07-25 06:00:00+00:00,4805.8177745543935,4805.8177745543935,,2026-04-23 18:00:00+00:00,2026-07-24 17:00:00+00:00
2026-07-24,2026-08-07T14:30:35+00:00,FR,wind_onshore,tso_reference,TSO forecast,tso_forecast,2208,2026-07-25 07:00:00+00:00,4828.542290509227,4828.542290509227,,2026-04-23 18:00:00+00:00,2026-07-24 17:00:00+00:00
2026-07-24,2026-08-07T14:30:35+00:00,FR,wind_onshore,tso_reference,TSO forecast,tso_forecast,2208,2026-07-25 08:00:00+00:00,4803.68028077713,4803.68028077713,,2026-04-23 18:00:00+00:00,2026-07-24 17:00:00+00:00
2026-07-24,2026-08-07T14:30:35+00:00,FR,wind_onshore,tso_reference,TSO forecast,tso_forecast,2208,2026-07-25 09:00:00+00:00,4787.88627262558,4787.88627262558,,2026-04-23 18:00:00+00:00,2026-07-24 17:00:00+00:00
2026-07-24,2026-08-07T14:30:35+00:00,FR,wind_onshore,tso_reference,TSO forecast,tso_forecast,2208,2026-07-25 10:00:00+00:00,4753.72290471167,4753.72290471167,,2026-04-23 18:00:00+00:00,2026-07-24 17:00:00+00:00
2026-07-24,2026-08-07T14:30:35+00:00,FR,wind_onshore,tso_reference,TSO forecast,tso_forecast,2208,2026-07-25 11:00:00+00:00,4805.670439333863,4805.670439333863,,2026-04-23 18:00:00+00:00,2026-07-24 17:00:00+00:00
2026-07-24,2026-08-07T14:30:35+00:00,FR,wind_onshore,tso_reference,TSO forecast,tso_forecast,2208,2026-07-25 12:00:00+00:00,4840.136623593776,4840.136623593776,,2026-04-23 18:00:00+00:00,2026-07-24 17:00:00+00:00
2026-07-24,2026-08-07T14:30:35+00:00,FR,wind_onshore,tso_reference,TSO forecast,tso_forecast,2208,2026-07-25 13:00:00+00:00,4667.585975551994,4667.585975551994,,2026-04-23 18:00:00+00:00,2026-07-24 17:00:00+00:00
2026-07-24,2026-08-07T14:30:35+00:00,FR,wind_onshore,tso_reference,TSO forecast,tso_forecast,2208,2026-07-25 14:00:00+00:00,4673.1218174948435,4673.1218174948435,,2026-04-23 18:00:00+00:00,2026-07-24 17:00:00+00:00
2026-07-24,2026-08-07T14:30:35+00:00,FR,wind_onshore,tso_reference,TSO forecast,tso_forecast,2208,2026-07-25 15:00:00+00:00,4707.3121316224415,4707.3121316224415,,2026-04-23 18:00:00+00:00,2026-07-24 17:00:00+00:00
2026-07-24,2026-08-07T14:30:35+00:00,FR,wind_onshore,tso_reference,TSO forecast,tso_forecast,2208,2026-07-25 16:00:00+00:00,4588.688768208613,4588.688768208613,,2026-04-23 18:00:00+00:00,2026-07-24 17:00:00+00:00
2026-07-24,2026-08-07T14:30:35+00:00,FR,wind_onshore,tso_reference,TSO forecast,tso_forecast,2208,2026-07-25 17:00:00+00:00,4518.877541703583,4518.877541703583,,2026-04-23 18:00:00+00:00,2026-07-24 17:00:00+00:00
2026-07-24,2026-08-07T14:30:35+00:00,FR,wind_onshore,persistence,Persistence,daily_persistence,2208,2026-07-24 18:00:00+00:00,4305.616733931248,4231.617603555306,,2026-04-23 18:00:00+00:00,2026-07-24 17:00:00+00:00
2026-07-24,2026-08-07T14:30:35+00:00,FR,wind_onshore,persistence,Persistence,daily_persistence,2208,2026-07-24 19:00:00+00:00,4286.898800416962,4291.717970518064,,2026-04-23 18:00:00+00:00,2026-07-24 17:00:00+00:00
2026-07-24,2026-08-07T14:30:35+00:00,FR,wind_onshore,persistence,Persistence,daily_persistence,2208,2026-07-24 20:00:00+00:00,4171.384160186923,4443.959113588323,,2026-04-23 18:00:00+00:00,2026-07-24 17:00:00+00:00
2026-07-24,2026-08-07T14:30:35+00:00,FR,wind_onshore,persistence,Persistence,daily_persistence,2208,2026-07-24 21:00:00+00:00,4199.963308530012,4614.391455534213,,2026-04-23 18:00:00+00:00,2026-07-24 17:00:00+00:00
2026-07-24,2026-08-07T14:30:35+00:00,FR,wind_onshore,persistence,Persistence,daily_persistence,2208,2026-07-24 22:00:00+00:00,4120.506715945308,4621.481651098704,,2026-04-23 18:00:00+00:00,2026-07-24 17:00:00+00:00
2026-07-24,2026-08-07T14:30:35+00:00,FR,wind_onshore,persistence,Persistence,daily_persistence,2208,2026-07-24 23:00:00+00:00,4131.949705967605,4522.4560607244575,,2026-04-23 18:00:00+00:00,2026-07-24 17:00:00+00:00
2026-07-24,2026-08-07T14:30:35+00:00,FR,wind_onshore,persistence,Persistence,daily_persistence,2208,2026-07-25 00:00:00+00:00,4121.911524723676,4536.813575663883,,2026-04-23 18:00:00+00:00,2026-07-24 17:00:00+00:00
2026-07-24,2026-08-07T14:30:35+00:00,FR,wind_onshore,persistence,Persistence,daily_persistence,2208,2026-07-25 01:00:00+00:00,4029.650429035701,4553.947717910235,,2026-04-23 18:00:00+00:00,2026-07-24 17:00:00+00:00
2026-07-24,2026-08-07T14:30:35+00:00,FR,wind_onshore,persistence,Persistence,daily_persistence,2208,2026-07-25 02:00:00+00:00,3976.5708119881206,4675.325935252257,,2026-04-23 18:00:00+00:00,2026-07-24 17:00:00+00:00
2026-07-24,2026-08-07T14:30:35+00:00,FR,wind_onshore,persistence,Persistence,daily_persistence,2208,2026-07-25 03:00:00+00:00,4030.981014822181,4679.093048355401,,2026-04-23 18:00:00+00:00,2026-07-24 17:00:00+00:00
2026-07-24,2026-08-07T14:30:35+00:00,FR,wind_onshore,persistence,Persistence,daily_persistence,2208,2026-07-25 04:00:00+00:00,3872.2227951968653,4766.567644100902,,2026-04-23 18:00:00+00:00,2026-07-24 17:00:00+00:00
2026-07-24,2026-08-07T14:30:35+00:00,FR,wind_onshore,persistence,Persistence,daily_persistence,2208,2026-07-25 05:00:00+00:00,3905.018045299874,4839.48361510593,,2026-04-23 18:00:00+00:00,2026-07-24 17:00:00+00:00
2026-07-24,2026-08-07T14:30:35+00:00,FR,wind_onshore,persistence,Persistence,daily_persistence,2208,2026-07-25 06:00:00+00:00,3815.4464848869657,4805.8177745543935,,2026-04-23 18:00:00+00:00,2026-07-24 17:00:00+00:00
2026-07-24,2026-08-07T14:30:35+00:00,FR,wind_onshore,persistence,Persistence,daily_persistence,2208,2026-07-25 07:00:00+00:00,3807.9107653524006,4828.542290509227,,2026-04-23 18:00:00+00:00,2026-07-24 17:00:00+00:00
2026-07-24,2026-08-07T14:30:35+00:00,FR,wind_onshore,persistence,Persistence,daily_persistence,2208,2026-07-25 08:00:00+00:00,3748.3231194711543,4803.68028077713,,2026-04-23 18:00:00+00:00,2026-07-24 17:00:00+00:00
2026-07-24,2026-08-07T14:30:35+00:00,FR,wind_onshore,persistence,Persistence,daily_persistence,2208,2026-07-25 09:00:00+00:00,3650.339513173131,4787.88627262558,,2026-04-23 18:00:00+00:00,2026-07-24 17:00:00+00:00
2026-07-24,2026-08-07T14:30:35+00:00,FR,wind_onshore,persistence,Persistence,daily_persistence,2208,2026-07-25 10:00:00+00:00,3593.1055582471795,4753.72290471167,,2026-04-23 18:00:00+00:00,2026-07-24 17:00:00+00:00
2026-07-24,2026-08-07T14:30:35+00:00,FR,wind_onshore,persistence,Persistence,daily_persistence,2208,2026-07-25 11:00:00+00:00,3456.3499475567164,4805.670439333863,,2026-04-23 18:00:00+00:00,2026-07-24 17:00:00+00:00
2026-07-24,2026-08-07T14:30:35+00:00,FR,wind_onshore,persistence,Persistence,daily_persistence,2208,2026-07-25 12:00:00+00:00,3409.913097698123,4840.136623593776,,2026-04-23 18:00:00+00:00,2026-07-24 17:00:00+00:00
2026-07-24,2026-08-07T14:30:35+00:00,FR,wind_onshore,persistence,Persistence,daily_persistence,2208,2026-07-25 13:00:00+00:00,3339.407196567239,4667.585975551994,,2026-04-23 18:00:00+00:00,2026-07-24 17:00:00+00:00
2026-07-24,2026-08-07T14:30:35+00:00,FR,wind_onshore,persistence,Persistence,daily_persistence,2208,2026-07-25 14:00:00+00:00,3263.721943981813,4673.1218174948435,,2026-04-23 18:00:00+00:00,2026-07-24 17:00:00+00:00
2026-07-24,2026-08-07T14:30:35+00:00,FR,wind_onshore,persistence,Persistence,daily_persistence,2208,2026-07-25 15:00:00+00:00,3202.9779362670884,4707.3121316224415,,2026-04-23 18:00:00+00:00,2026-07-24 17:00:00+00:00
2026-07-24,2026-08-07T14:30:35+00:00,FR,wind_onshore,persistence,Persistence,daily_persistence,2208,2026-07-25 16:00:00+00:00,3165.637709543378,4588.688768208613,,2026-04-23 18:00:00+00:00,2026-07-24 17:00:00+00:00
2026-07-24,2026-08-07T14:30:35+00:00,FR,wind_onshore,persistence,Persistence,daily_persistence,2208,2026-07-25 17:00:00+00:00,3037.732688827988,4518.877541703583,,2026-04-23 18:00:00+00:00,2026-07-24 17:00:00+00:00
2026-07-24,2026-08-07T14:30:35+00:00,FR,wind_onshore,chronos2_online,Chronos2 with covariates,weather_4p+tso_forecast,2208,2026-07-24 18:00:00+00:00,3129.88623046875,4231.617603555306,,2026-04-23 18:00:00+00:00,2026-07-24 17:00:00+00:00
2026-07-24,2026-08-07T14:30:35+00:00,FR,wind_onshore,chronos2_online,Chronos2 with covariates,weather_4p+tso_forecast,2208,2026-07-24 19:00:00+00:00,3076.647216796875,4291.717970518064,,2026-04-23 18:00:00+00:00,2026-07-24 17:00:00+00:00
2026-07-24,2026-08-07T14:30:35+00:00,FR,wind_onshore,chronos2_online,Chronos2 with covariates,weather_4p+tso_forecast,2208,2026-07-24 20:00:00+00:00,3015.06982421875,4443.959113588323,,2026-04-23 18:00:00+00:00,2026-07-24 17:00:00+00:00
2026-07-24,2026-08-07T14:30:35+00:00,FR,wind_onshore,chronos2_online,Chronos2 with covariates,weather_4p+tso_forecast,2208,2026-07-24 21:00:00+00:00,2950.873779296875,4614.391455534213,,2026-04-23 18:00:00+00:00,2026-07-24 17:00:00+00:00
2026-07-24,2026-08-07T14:30:35+00:00,FR,wind_onshore,chronos2_online,Chronos2 with covariates,weather_4p+tso_forecast,2208,2026-07-24 22:00:00+00:00,2897.8896484375,4621.481651098704,,2026-04-23 18:00:00+00:00,2026-07-24 17:00:00+00:00
2026-07-24,2026-08-07T14:30:35+00:00,FR,wind_onshore,chronos2_online,Chronos2 with covariates,weather_4p+tso_forecast,2208,2026-07-24 23:00:00+00:00,2839.41748046875,4522.4560607244575,,2026-04-23 18:00:00+00:00,2026-07-24 17:00:00+00:00
2026-07-24,2026-08-07T14:30:35+00:00,FR,wind_onshore,chronos2_online,Chronos2 with covariates,weather_4p+tso_forecast,2208,2026-07-25 00:00:00+00:00,2801.070068359375,4536.813575663883,,2026-04-23 18:00:00+00:00,2026-07-24 17:00:00+00:00
2026-07-24,2026-08-07T14:30:35+00:00,FR,wind_onshore,chronos2_online,Chronos2 with covariates,weather_4p+tso_forecast,2208,2026-07-25 01:00:00+00:00,2767.56591796875,4553.947717910235,,2026-04-23 18:00:00+00:00,2026-07-24 17:00:00+00:00
2026-07-24,2026-08-07T14:30:35+00:00,FR,wind_onshore,chronos2_online,Chronos2 with covariates,weather_4p+tso_forecast,2208,2026-07-25 02:00:00+00:00,2730.63671875,4675.325935252257,,2026-04-23 18:00:00+00:00,2026-07-24 17:00:00+00:00
2026-07-24,2026-08-07T14:30:35+00:00,FR,wind_onshore,chronos2_online,Chronos2 with covariates,weather_4p+tso_forecast,2208,2026-07-25 03:00:00+00:00,2701.17626953125,4679.093048355401,,2026-04-23 18:00:00+00:00,2026-07-24 17:00:00+00:00
2026-07-24,2026-08-07T14:30:35+00:00,FR,wind_onshore,chronos2_online,Chronos2 with covariates,weather_4p+tso_forecast,2208,2026-07-25 04:00:00+00:00,2653.524658203125,4766.567644100902,,2026-04-23 18:00:00+00:00,2026-07-24 17:00:00+00:00
2026-07-24,2026-08-07T14:30:35+00:00,FR,wind_onshore,chronos2_online,Chronos2 with covariates,weather_4p+tso_forecast,2208,2026-07-25 05:00:00+00:00,2625.801025390625,4839.48361510593,,2026-04-23 18:00:00+00:00,2026-07-24 17:00:00+00:00
2026-07-24,2026-08-07T14:30:35+00:00,FR,wind_onshore,chronos2_online,Chronos2 with covariates,weather_4p+tso_forecast,2208,2026-07-25 06:00:00+00:00,2614.777099609375,4805.8177745543935,,2026-04-23 18:00:00+00:00,2026-07-24 17:00:00+00:00
2026-07-24,2026-08-07T14:30:35+00:00,FR,wind_onshore,chronos2_online,Chronos2 with covariates,weather_4p+tso_forecast,2208,2026-07-25 07:00:00+00:00,2593.58203125,4828.542290509227,,2026-04-23 18:00:00+00:00,2026-07-24 17:00:00+00:00
2026-07-24,2026-08-07T14:30:35+00:00,FR,wind_onshore,chronos2_online,Chronos2 with covariates,weather_4p+tso_forecast,2208,2026-07-25 08:00:00+00:00,2574.410400390625,4803.68028077713,,2026-04-23 18:00:00+00:00,2026-07-24 17:00:00+00:00
2026-07-24,2026-08-07T14:30:35+00:00,FR,wind_onshore,chronos2_online,Chronos2 with covariates,weather_4p+tso_forecast,2208,2026-07-25 09:00:00+00:00,2547.83056640625,4787.88627262558,,2026-04-23 18:00:00+00:00,2026-07-24 17:00:00+00:00
2026-07-24,2026-08-07T14:30:35+00:00,FR,wind_onshore,chronos2_online,Chronos2 with covariates,weather_4p+tso_forecast,2208,2026-07-25 10:00:00+00:00,2593.4296875,4753.72290471167,,2026-04-23 18:00:00+00:00,2026-07-24 17:00:00+00:00
2026-07-24,2026-08-07T14:30:35+00:00,FR,wind_onshore,chronos2_online,Chronos2 with covariates,weather_4p+tso_forecast,2208,2026-07-25 11:00:00+00:00,2600.414306640625,4805.670439333863,,2026-04-23 18:00:00+00:00,2026-07-24 17:00:00+00:00
2026-07-24,2026-08-07T14:30:35+00:00,FR,wind_onshore,chronos2_online,Chronos2 with covariates,weather_4p+tso_forecast,2208,2026-07-25 12:00:00+00:00,2603.20654296875,4840.136623593776,,2026-04-23 18:00:00+00:00,2026-07-24 17:00:00+00:00
2026-07-24,2026-08-07T14:30:35+00:00,FR,wind_onshore,chronos2_online,Chronos2 with covariates,weather_4p+tso_forecast,2208,2026-07-25 13:00:00+00:00,2620.3330078125,4667.585975551994,,2026-04-23 18:00:00+00:00,2026-07-24 17:00:00+00:00
2026-07-24,2026-08-07T14:30:35+00:00,FR,wind_onshore,chronos2_online,Chronos2 with covariates,weather_4p+tso_forecast,2208,2026-07-25 14:00:00+00:00,2635.85546875,4673.1218174948435,,2026-04-23 18:00:00+00:00,2026-07-24 17:00:00+00:00
2026-07-24,2026-08-07T14:30:35+00:00,FR,wind_onshore,chronos2_online,Chronos2 with covariates,weather_4p+tso_forecast,2208,2026-07-25 15:00:00+00:00,2645.34228515625,4707.3121316224415,,2026-04-23 18:00:00+00:00,2026-07-24 17:00:00+00:00
2026-07-24,2026-08-07T14:30:35+00:00,FR,wind_onshore,chronos2_online,Chronos2 with covariates,weather_4p+tso_forecast,2208,2026-07-25 16:00:00+00:00,2666.96044921875,4588.688768208613,,2026-04-23 18:00:00+00:00,2026-07-24 17:00:00+00:00
2026-07-24,2026-08-07T14:30:35+00:00,FR,wind_onshore,chronos2_online,Chronos2 with covariates,weather_4p+tso_forecast,2208,2026-07-25 17:00:00+00:00,2689.375,4518.877541703583,,2026-04-23 18:00:00+00:00,2026-07-24 17:00:00+00:00
2026-07-24,2026-08-07T14:30:35+00:00,FR,wind_onshore,xgboost_online,XGBoost with covariates,weather_4p+tso_forecast,2208,2026-07-24 18:00:00+00:00,4150.30615234375,4231.617603555306,,2026-04-23 18:00:00+00:00,2026-07-24 17:00:00+00:00
2026-07-24,2026-08-07T14:30:35+00:00,FR,wind_onshore,xgboost_online,XGBoost with covariates,weather_4p+tso_forecast,2208,2026-07-24 19:00:00+00:00,4199.93798828125,4291.717970518064,,2026-04-23 18:00:00+00:00,2026-07-24 17:00:00+00:00
2026-07-24,2026-08-07T14:30:35+00:00,FR,wind_onshore,xgboost_online,XGBoost with covariates,weather_4p+tso_forecast,2208,2026-07-24 20:00:00+00:00,4339.25439453125,4443.959113588323,,2026-04-23 18:00:00+00:00,2026-07-24 17:00:00+00:00
2026-07-24,2026-08-07T14:30:35+00:00,FR,wind_onshore,xgboost_online,XGBoost with covariates,weather_4p+tso_forecast,2208,2026-07-24 21:00:00+00:00,4468.82177734375,4614.391455534213,,2026-04-23 18:00:00+00:00,2026-07-24 17:00:00+00:00
2026-07-24,2026-08-07T14:30:35+00:00,FR,wind_onshore,xgboost_online,XGBoost with covariates,weather_4p+tso_forecast,2208,2026-07-24 22:00:00+00:00,4468.82177734375,4621.481651098704,,2026-04-23 18:00:00+00:00,2026-07-24 17:00:00+00:00
2026-07-24,2026-08-07T14:30:35+00:00,FR,wind_onshore,xgboost_online,XGBoost with covariates,weather_4p+tso_forecast,2208,2026-07-24 23:00:00+00:00,4416.525390625,4522.4560607244575,,2026-04-23 18:00:00+00:00,2026-07-24 17:00:00+00:00
2026-07-24,2026-08-07T14:30:35+00:00,FR,wind_onshore,xgboost_online,XGBoost with covariates,weather_4p+tso_forecast,2208,2026-07-25 00:00:00+00:00,4414.59716796875,4536.813575663883,,2026-04-23 18:00:00+00:00,2026-07-24 17:00:00+00:00
2026-07-24,2026-08-07T14:30:35+00:00,FR,wind_onshore,xgboost_online,XGBoost with covariates,weather_4p+tso_forecast,2208,2026-07-25 01:00:00+00:00,4446.16650390625,4553.947717910235,,2026-04-23 18:00:00+00:00,2026-07-24 17:00:00+00:00
2026-07-24,2026-08-07T14:30:35+00:00,FR,wind_onshore,xgboost_online,XGBoost with covariates,weather_4p+tso_forecast,2208,2026-07-25 02:00:00+00:00,4537.31591796875,4675.325935252257,,2026-04-23 18:00:00+00:00,2026-07-24 17:00:00+00:00
2026-07-24,2026-08-07T14:30:35+00:00,FR,wind_onshore,xgboost_online,XGBoost with covariates,weather_4p+tso_forecast,2208,2026-07-25 03:00:00+00:00,4535.48974609375,4679.093048355401,,2026-04-23 18:00:00+00:00,2026-07-24 17:00:00+00:00
2026-07-24,2026-08-07T14:30:35+00:00,FR,wind_onshore,xgboost_online,XGBoost with covariates,weather_4p+tso_forecast,2208,2026-07-25 04:00:00+00:00,4627.88037109375,4766.567644100902,,2026-04-23 18:00:00+00:00,2026-07-24 17:00:00+00:00
2026-07-24,2026-08-07T14:30:35+00:00,FR,wind_onshore,xgboost_online,XGBoost with covariates,weather_4p+tso_forecast,2208,2026-07-25 05:00:00+00:00,4673.81640625,4839.48361510593,,2026-04-23 18:00:00+00:00,2026-07-24 17:00:00+00:00
2026-07-24,2026-08-07T14:30:35+00:00,FR,wind_onshore,xgboost_online,XGBoost with covariates,weather_4p+tso_forecast,2208,2026-07-25 06:00:00+00:00,4655.97314453125,4805.8177745543935,,2026-04-23 18:00:00+00:00,2026-07-24 17:00:00+00:00
2026-07-24,2026-08-07T14:30:35+00:00,FR,wind_onshore,xgboost_online,XGBoost with covariates,weather_4p+tso_forecast,2208,2026-07-25 07:00:00+00:00,4673.81640625,4828.542290509227,,2026-04-23 18:00:00+00:00,2026-07-24 17:00:00+00:00
2026-07-24,2026-08-07T14:30:35+00:00,FR,wind_onshore,xgboost_online,XGBoost with covariates,weather_4p+tso_forecast,2208,2026-07-25 08:00:00+00:00,4655.97314453125,4803.68028077713,,2026-04-23 18:00:00+00:00,2026-07-24 17:00:00+00:00
2026-07-24,2026-08-07T14:30:35+00:00,FR,wind_onshore,xgboost_online,XGBoost with covariates,weather_4p+tso_forecast,2208,2026-07-25 09:00:00+00:00,4657.353515625,4787.88627262558,,2026-04-23 18:00:00+00:00,2026-07-24 17:00:00+00:00
2026-07-24,2026-08-07T14:30:35+00:00,FR,wind_onshore,xgboost_online,XGBoost with covariates,weather_4p+tso_forecast,2208,2026-07-25 10:00:00+00:00,4631.08740234375,4753.72290471167,,2026-04-23 18:00:00+00:00,2026-07-24 17:00:00+00:00
2026-07-24,2026-08-07T14:30:35+00:00,FR,wind_onshore,xgboost_online,XGBoost with covariates,weather_4p+tso_forecast,2208,2026-07-25 11:00:00+00:00,4658.23974609375,4805.670439333863,,2026-04-23 18:00:00+00:00,2026-07-24 17:00:00+00:00
2026-07-24,2026-08-07T14:30:35+00:00,FR,wind_onshore,xgboost_online,XGBoost with covariates,weather_4p+tso_forecast,2208,2026-07-25 12:00:00+00:00,4680.732421875,4840.136623593776,,2026-04-23 18:00:00+00:00,2026-07-24 17:00:00+00:00
2026-07-24,2026-08-07T14:30:35+00:00,FR,wind_onshore,xgboost_online,XGBoost with covariates,weather_4p+tso_forecast,2208,2026-07-25 13:00:00+00:00,4542.40576171875,4667.585975551994,,2026-04-23 18:00:00+00:00,2026-07-24 17:00:00+00:00
2026-07-24,2026-08-07T14:30:35+00:00,FR,wind_onshore,xgboost_online,XGBoost with covariates,weather_4p+tso_forecast,2208,2026-07-25 14:00:00+00:00,4545.96630859375,4673.1218174948435,,2026-04-23 18:00:00+00:00,2026-07-24 17:00:00+00:00
2026-07-24,2026-08-07T14:30:35+00:00,FR,wind_onshore,xgboost_online,XGBoost with covariates,weather_4p+tso_forecast,2208,2026-07-25 15:00:00+00:00,4583.791015625,4707.3121316224415,,2026-04-23 18:00:00+00:00,2026-07-24 17:00:00+00:00
2026-07-24,2026-08-07T14:30:35+00:00,FR,wind_onshore,xgboost_online,XGBoost with covariates,weather_4p+tso_forecast,2208,2026-07-25 16:00:00+00:00,4473.158203125,4588.688768208613,,2026-04-23 18:00:00+00:00,2026-07-24 17:00:00+00:00
2026-07-24,2026-08-07T14:30:35+00:00,FR,wind_onshore,xgboost_online,XGBoost with covariates,weather_4p+tso_forecast,2208,2026-07-25 17:00:00+00:00,4419.6650390625,4518.877541703583,,2026-04-23 18:00:00+00:00,2026-07-24 17:00:00+00:00
2026-07-24,2026-08-07T14:30:35+00:00,FR,wind_offshore,tso_reference,TSO forecast,tso_forecast,2208,2026-07-24 18:00:00+00:00,3038.4186949263585,3038.4186949263585,,2026-04-23 18:00:00+00:00,2026-07-24 17:00:00+00:00
2026-07-24,2026-08-07T14:30:35+00:00,FR,wind_offshore,tso_reference,TSO forecast,tso_forecast,2208,2026-07-24 19:00:00+00:00,2903.350286447338,2903.350286447338,,2026-04-23 18:00:00+00:00,2026-07-24 17:00:00+00:00
2026-07-24,2026-08-07T14:30:35+00:00,FR,wind_offshore,tso_reference,TSO forecast,tso_forecast,2208,2026-07-24 20:00:00+00:00,3030.575646776104,3030.575646776104,,2026-04-23 18:00:00+00:00,2026-07-24 17:00:00+00:00
2026-07-24,2026-08-07T14:30:35+00:00,FR,wind_offshore,tso_reference,TSO forecast,tso_forecast,2208,2026-07-24 21:00:00+00:00,2991.8520462277615,2991.8520462277615,,2026-04-23 18:00:00+00:00,2026-07-24 17:00:00+00:00
2026-07-24,2026-08-07T14:30:35+00:00,FR,wind_offshore,tso_reference,TSO forecast,tso_forecast,2208,2026-07-24 22:00:00+00:00,3050.4134580288755,3050.4134580288755,,2026-04-23 18:00:00+00:00,2026-07-24 17:00:00+00:00
2026-07-24,2026-08-07T14:30:35+00:00,FR,wind_offshore,tso_reference,TSO forecast,tso_forecast,2208,2026-07-24 23:00:00+00:00,3117.3888733838885,3117.3888733838885,,2026-04-23 18:00:00+00:00,2026-07-24 17:00:00+00:00
2026-07-24,2026-08-07T14:30:35+00:00,FR,wind_offshore,tso_reference,TSO forecast,tso_forecast,2208,2026-07-25 00:00:00+00:00,3070.3466711456513,3070.3466711456513,,2026-04-23 18:00:00+00:00,2026-07-24 17:00:00+00:00
2026-07-24,2026-08-07T14:30:35+00:00,FR,wind_offshore,tso_reference,TSO forecast,tso_forecast,2208,2026-07-25 01:00:00+00:00,3112.9786341721556,3112.9786341721556,,2026-04-23 18:00:00+00:00,2026-07-24 17:00:00+00:00
2026-07-24,2026-08-07T14:30:35+00:00,FR,wind_offshore,tso_reference,TSO forecast,tso_forecast,2208,2026-07-25 02:00:00+00:00,3129.5780230253604,3129.5780230253604,,2026-04-23 18:00:00+00:00,2026-07-24 17:00:00+00:00
2026-07-24,2026-08-07T14:30:35+00:00,FR,wind_offshore,tso_reference,TSO forecast,tso_forecast,2208,2026-07-25 03:00:00+00:00,3119.5325493990576,3119.5325493990576,,2026-04-23 18:00:00+00:00,2026-07-24 17:00:00+00:00
2026-07-24,2026-08-07T14:30:35+00:00,FR,wind_offshore,tso_reference,TSO forecast,tso_forecast,2208,2026-07-25 04:00:00+00:00,3156.2164496654827,3156.2164496654827,,2026-04-23 18:00:00+00:00,2026-07-24 17:00:00+00:00
2026-07-24,2026-08-07T14:30:35+00:00,FR,wind_offshore,tso_reference,TSO forecast,tso_forecast,2208,2026-07-25 05:00:00+00:00,3164.4544165648144,3164.4544165648144,,2026-04-23 18:00:00+00:00,2026-07-24 17:00:00+00:00
2026-07-24,2026-08-07T14:30:35+00:00,FR,wind_offshore,tso_reference,TSO forecast,tso_forecast,2208,2026-07-25 06:00:00+00:00,3200.3141191078366,3200.3141191078366,,2026-04-23 18:00:00+00:00,2026-07-24 17:00:00+00:00
2026-07-24,2026-08-07T14:30:35+00:00,FR,wind_offshore,tso_reference,TSO forecast,tso_forecast,2208,2026-07-25 07:00:00+00:00,3150.7746602206885,3150.7746602206885,,2026-04-23 18:00:00+00:00,2026-07-24 17:00:00+00:00
2026-07-24,2026-08-07T14:30:35+00:00,FR,wind_offshore,tso_reference,TSO forecast,tso_forecast,2208,2026-07-25 08:00:00+00:00,3174.977360463032,3174.977360463032,,2026-04-23 18:00:00+00:00,2026-07-24 17:00:00+00:00
2026-07-24,2026-08-07T14:30:35+00:00,FR,wind_offshore,tso_reference,TSO forecast,tso_forecast,2208,2026-07-25 09:00:00+00:00,3226.9142192558484,3226.9142192558484,,2026-04-23 18:00:00+00:00,2026-07-24 17:00:00+00:00
2026-07-24,2026-08-07T14:30:35+00:00,FR,wind_offshore,tso_reference,TSO forecast,tso_forecast,2208,2026-07-25 10:00:00+00:00,3228.7514836436576,3228.7514836436576,,2026-04-23 18:00:00+00:00,2026-07-24 17:00:00+00:00
2026-07-24,2026-08-07T14:30:35+00:00,FR,wind_offshore,tso_reference,TSO forecast,tso_forecast,2208,2026-07-25 11:00:00+00:00,3199.6763799439163,3199.6763799439163,,2026-04-23 18:00:00+00:00,2026-07-24 17:00:00+00:00
2026-07-24,2026-08-07T14:30:35+00:00,FR,wind_offshore,tso_reference,TSO forecast,tso_forecast,2208,2026-07-25 12:00:00+00:00,3148.5555108073563,3148.5555108073563,,2026-04-23 18:00:00+00:00,2026-07-24 17:00:00+00:00
2026-07-24,2026-08-07T14:30:35+00:00,FR,wind_offshore,tso_reference,TSO forecast,tso_forecast,2208,2026-07-25 13:00:00+00:00,3104.8648737944745,3104.8648737944745,,2026-04-23 18:00:00+00:00,2026-07-24 17:00:00+00:00
2026-07-24,2026-08-07T14:30:35+00:00,FR,wind_offshore,tso_reference,TSO forecast,tso_forecast,2208,2026-07-25 14:00:00+00:00,3149.039436888078,3149.039436888078,,2026-04-23 18:00:00+00:00,2026-07-24 17:00:00+00:00
2026-07-24,2026-08-07T14:30:35+00:00,FR,wind_offshore,tso_reference,TSO forecast,tso_forecast,2208,2026-07-25 15:00:00+00:00,3131.0578935346966,3131.0578935346966,,2026-04-23 18:00:00+00:00,2026-07-24 17:00:00+00:00
2026-07-24,2026-08-07T14:30:35+00:00,FR,wind_offshore,tso_reference,TSO forecast,tso_forecast,2208,2026-07-25 16:00:00+00:00,3119.242909166296,3119.242909166296,,2026-04-23 18:00:00+00:00,2026-07-24 17:00:00+00:00
2026-07-24,2026-08-07T14:30:35+00:00,FR,wind_offshore,tso_reference,TSO forecast,tso_forecast,2208,2026-07-25 17:00:00+00:00,3164.767837594179,3164.767837594179,,2026-04-23 18:00:00+00:00,2026-07-24 17:00:00+00:00
2026-07-24,2026-08-07T14:30:35+00:00,FR,wind_offshore,persistence,Persistence,daily_persistence,2208,2026-07-24 18:00:00+00:00,2712.798791576646,3038.4186949263585,,2026-04-23 18:00:00+00:00,2026-07-24 17:00:00+00:00
2026-07-24,2026-08-07T14:30:35+00:00,FR,wind_offshore,persistence,Persistence,daily_persistence,2208,2026-07-24 19:00:00+00:00,2662.3085003179276,2903.350286447338,,2026-04-23 18:00:00+00:00,2026-07-24 17:00:00+00:00
2026-07-24,2026-08-07T14:30:35+00:00,FR,wind_offshore,persistence,Persistence,daily_persistence,2208,2026-07-24 20:00:00+00:00,2642.4682132704065,3030.575646776104,,2026-04-23 18:00:00+00:00,2026-07-24 17:00:00+00:00
2026-07-24,2026-08-07T14:30:35+00:00,FR,wind_offshore,persistence,Persistence,daily_persistence,2208,2026-07-24 21:00:00+00:00,2597.761134629394,2991.8520462277615,,2026-04-23 18:00:00+00:00,2026-07-24 17:00:00+00:00
2026-07-24,2026-08-07T14:30:35+00:00,FR,wind_offshore,persistence,Persistence,daily_persistence,2208,2026-07-24 22:00:00+00:00,2572.799549314993,3050.4134580288755,,2026-04-23 18:00:00+00:00,2026-07-24 17:00:00+00:00
2026-07-24,2026-08-07T14:30:35+00:00,FR,wind_offshore,persistence,Persistence,daily_persistence,2208,2026-07-24 23:00:00+00:00,2528.240783304312,3117.3888733838885,,2026-04-23 18:00:00+00:00,2026-07-24 17:00:00+00:00
2026-07-24,2026-08-07T14:30:35+00:00,FR,wind_offshore,persistence,Persistence,daily_persistence,2208,2026-07-25 00:00:00+00:00,2507.3814375453007,3070.3466711456513,,2026-04-23 18:00:00+00:00,2026-07-24 17:00:00+00:00
2026-07-24,2026-08-07T14:30:35+00:00,FR,wind_offshore,persistence,Persistence,daily_persistence,2208,2026-07-25 01:00:00+00:00,2470.822171631134,3112.9786341721556,,2026-04-23 18:00:00+00:00,2026-07-24 17:00:00+00:00
2026-07-24,2026-08-07T14:30:35+00:00,FR,wind_offshore,persistence,Persistence,daily_persistence,2208,2026-07-25 02:00:00+00:00,2440.1416292306144,3129.5780230253604,,2026-04-23 18:00:00+00:00,2026-07-24 17:00:00+00:00
2026-07-24,2026-08-07T14:30:35+00:00,FR,wind_offshore,persistence,Persistence,daily_persistence,2208,2026-07-25 03:00:00+00:00,2352.5408525884786,3119.5325493990576,,2026-04-23 18:00:00+00:00,2026-07-24 17:00:00+00:00
2026-07-24,2026-08-07T14:30:35+00:00,FR,wind_offshore,persistence,Persistence,daily_persistence,2208,2026-07-25 04:00:00+00:00,2292.968381258693,3156.2164496654827,,2026-04-23 18:00:00+00:00,2026-07-24 17:00:00+00:00
2026-07-24,2026-08-07T14:30:35+00:00,FR,wind_offshore,persistence,Persistence,daily_persistence,2208,2026-07-25 05:00:00+00:00,2265.5927922569176,3164.4544165648144,,2026-04-23 18:00:00+00:00,2026-07-24 17:00:00+00:00
2026-07-24,2026-08-07T14:30:35+00:00,FR,wind_offshore,persistence,Persistence,daily_persistence,2208,2026-07-25 06:00:00+00:00,2259.323610602959,3200.3141191078366,,2026-04-23 18:00:00+00:00,2026-07-24 17:00:00+00:00
2026-07-24,2026-08-07T14:30:35+00:00,FR,wind_offshore,persistence,Persistence,daily_persistence,2208,2026-07-25 07:00:00+00:00,2186.916406941447,3150.7746602206885,,2026-04-23 18:00:00+00:00,2026-07-24 17:00:00+00:00
2026-07-24,2026-08-07T14:30:35+00:00,FR,wind_offshore,persistence,Persistence,daily_persistence,2208,2026-07-25 08:00:00+00:00,2203.796694962285,3174.977360463032,,2026-04-23 18:00:00+00:00,2026-07-24 17:00:00+00:00
2026-07-24,2026-08-07T14:30:35+00:00,FR,wind_offshore,persistence,Persistence,daily_persistence,2208,2026-07-25 09:00:00+00:00,2127.1330798730028,3226.9142192558484,,2026-04-23 18:00:00+00:00,2026-07-24 17:00:00+00:00
2026-07-24,2026-08-07T14:30:35+00:00,FR,wind_offshore,persistence,Persistence,daily_persistence,2208,2026-07-25 10:00:00+00:00,2103.2114737059105,3228.7514836436576,,2026-04-23 18:00:00+00:00,2026-07-24 17:00:00+00:00
2026-07-24,2026-08-07T14:30:35+00:00,FR,wind_offshore,persistence,Persistence,daily_persistence,2208,2026-07-25 11:00:00+00:00,2054.295533410764,3199.6763799439163,,2026-04-23 18:00:00+00:00,2026-07-24 17:00:00+00:00
2026-07-24,2026-08-07T14:30:35+00:00,FR,wind_offshore,persistence,Persistence,daily_persistence,2208,2026-07-25 12:00:00+00:00,2073.1718336893737,3148.5555108073563,,2026-04-23 18:00:00+00:00,2026-07-24 17:00:00+00:00
2026-07-24,2026-08-07T14:30:35+00:00,FR,wind_offshore,persistence,Persistence,daily_persistence,2208,2026-07-25 13:00:00+00:00,2030.2964769009184,3104.8648737944745,,2026-04-23 18:00:00+00:00,2026-07-24 17:00:00+00:00
2026-07-24,2026-08-07T14:30:35+00:00,FR,wind_offshore,persistence,Persistence,daily_persistence,2208,2026-07-25 14:00:00+00:00,1955.2616561135846,3149.039436888078,,2026-04-23 18:00:00+00:00,2026-07-24 17:00:00+00:00
2026-07-24,2026-08-07T14:30:35+00:00,FR,wind_offshore,persistence,Persistence,daily_persistence,2208,2026-07-25 15:00:00+00:00,1966.2344064112713,3131.0578935346966,,2026-04-23 18:00:00+00:00,2026-07-24 17:00:00+00:00
2026-07-24,2026-08-07T14:30:35+00:00,FR,wind_offshore,persistence,Persistence,daily_persistence,2208,2026-07-25 16:00:00+00:00,1900.6249380248005,3119.242909166296,,2026-04-23 18:00:00+00:00,2026-07-24 17:00:00+00:00
2026-07-24,2026-08-07T14:30:35+00:00,FR,wind_offshore,persistence,Persistence,daily_persistence,2208,2026-07-25 17:00:00+00:00,1885.2566565365844,3164.767837594179,,2026-04-23 18:00:00+00:00,2026-07-24 17:00:00+00:00
2026-07-24,2026-08-07T14:30:35+00:00,FR,wind_offshore,chronos2_online,Chronos2 with covariates,weather_4p+tso_forecast,2208,2026-07-24 18:00:00+00:00,2035.406494140625,3038.4186949263585,,2026-04-23 18:00:00+00:00,2026-07-24 17:00:00+00:00
2026-07-24,2026-08-07T14:30:35+00:00,FR,wind_offshore,chronos2_online,Chronos2 with covariates,weather_4p+tso_forecast,2208,2026-07-24 19:00:00+00:00,2009.2987060546875,2903.350286447338,,2026-04-23 18:00:00+00:00,2026-07-24 17:00:00+00:00
2026-07-24,2026-08-07T14:30:35+00:00,FR,wind_offshore,chronos2_online,Chronos2 with covariates,weather_4p+tso_forecast,2208,2026-07-24 20:00:00+00:00,1981.0107421875,3030.575646776104,,2026-04-23 18:00:00+00:00,2026-07-24 17:00:00+00:00
2026-07-24,2026-08-07T14:30:35+00:00,FR,wind_offshore,chronos2_online,Chronos2 with covariates,weather_4p+tso_forecast,2208,2026-07-24 21:00:00+00:00,1959.9176025390625,2991.8520462277615,,2026-04-23 18:00:00+00:00,2026-07-24 17:00:00+00:00
2026-07-24,2026-08-07T14:30:35+00:00,FR,wind_offshore,chronos2_online,Chronos2 with covariates,weather_4p+tso_forecast,2208,2026-07-24 22:00:00+00:00,1939.9346923828125,3050.4134580288755,,2026-04-23 18:00:00+00:00,2026-07-24 17:00:00+00:00
2026-07-24,2026-08-07T14:30:35+00:00,FR,wind_offshore,chronos2_online,Chronos2 with covariates,weather_4p+tso_forecast,2208,2026-07-24 23:00:00+00:00,1920.69287109375,3117.3888733838885,,2026-04-23 18:00:00+00:00,2026-07-24 17:00:00+00:00
2026-07-24,2026-08-07T14:30:35+00:00,FR,wind_offshore,chronos2_online,Chronos2 with covariates,weather_4p+tso_forecast,2208,2026-07-25 00:00:00+00:00,1907.88330078125,3070.3466711456513,,2026-04-23 18:00:00+00:00,2026-07-24 17:00:00+00:00
2026-07-24,2026-08-07T14:30:35+00:00,FR,wind_offshore,chronos2_online,Chronos2 with covariates,weather_4p+tso_forecast,2208,2026-07-25 01:00:00+00:00,1903.338623046875,3112.9786341721556,,2026-04-23 18:00:00+00:00,2026-07-24 17:00:00+00:00
2026-07-24,2026-08-07T14:30:35+00:00,FR,wind_offshore,chronos2_online,Chronos2 with covariates,weather_4p+tso_forecast,2208,2026-07-25 02:00:00+00:00,1894.231201171875,3129.5780230253604,,2026-04-23 18:00:00+00:00,2026-07-24 17:00:00+00:00
2026-07-24,2026-08-07T14:30:35+00:00,FR,wind_offshore,chronos2_online,Chronos2 with covariates,weather_4p+tso_forecast,2208,2026-07-25 03:00:00+00:00,1881.79052734375,3119.5325493990576,,2026-04-23 18:00:00+00:00,2026-07-24 17:00:00+00:00
2026-07-24,2026-08-07T14:30:35+00:00,FR,wind_offshore,chronos2_online,Chronos2 with covariates,weather_4p+tso_forecast,2208,2026-07-25 04:00:00+00:00,1872.037109375,3156.2164496654827,,2026-04-23 18:00:00+00:00,2026-07-24 17:00:00+00:00
2026-07-24,2026-08-07T14:30:35+00:00,FR,wind_offshore,chronos2_online,Chronos2 with covariates,weather_4p+tso_forecast,2208,2026-07-25 05:00:00+00:00,1864.9039306640625,3164.4544165648144,,2026-04-23 18:00:00+00:00,2026-07-24 17:00:00+00:00
2026-07-24,2026-08-07T14:30:35+00:00,FR,wind_offshore,chronos2_online,Chronos2 with covariates,weather_4p+tso_forecast,2208,2026-07-25 06:00:00+00:00,1872.9783935546875,3200.3141191078366,,2026-04-23 18:00:00+00:00,2026-07-24 17:00:00+00:00
2026-07-24,2026-08-07T14:30:35+00:00,FR,wind_offshore,chronos2_online,Chronos2 with covariates,weather_4p+tso_forecast,2208,2026-07-25 07:00:00+00:00,1865.3875732421875,3150.7746602206885,,2026-04-23 18:00:00+00:00,2026-07-24 17:00:00+00:00
2026-07-24,2026-08-07T14:30:35+00:00,FR,wind_offshore,chronos2_online,Chronos2 with covariates,weather_4p+tso_forecast,2208,2026-07-25 08:00:00+00:00,1862.181396484375,3174.977360463032,,2026-04-23 18:00:00+00:00,2026-07-24 17:00:00+00:00
2026-07-24,2026-08-07T14:30:35+00:00,FR,wind_offshore,chronos2_online,Chronos2 with covariates,weather_4p+tso_forecast,2208,2026-07-25 09:00:00+00:00,1852.8350830078125,3226.9142192558484,,2026-04-23 18:00:00+00:00,2026-07-24 17:00:00+00:00
2026-07-24,2026-08-07T14:30:35+00:00,FR,wind_offshore,chronos2_online,Chronos2 with covariates,weather_4p+tso_forecast,2208,2026-07-25 10:00:00+00:00,1928.68701171875,3228.7514836436576,,2026-04-23 18:00:00+00:00,2026-07-24 17:00:00+00:00
2026-07-24,2026-08-07T14:30:35+00:00,FR,wind_offshore,chronos2_online,Chronos2 with covariates,weather_4p+tso_forecast,2208,2026-07-25 11:00:00+00:00,1942.333984375,3199.6763799439163,,2026-04-23 18:00:00+00:00,2026-07-24 17:00:00+00:00
2026-07-24,2026-08-07T14:30:35+00:00,FR,wind_offshore,chronos2_online,Chronos2 with covariates,weather_4p+tso_forecast,2208,2026-07-25 12:00:00+00:00,1957.49560546875,3148.5555108073563,,2026-04-23 18:00:00+00:00,2026-07-24 17:00:00+00:00
2026-07-24,2026-08-07T14:30:35+00:00,FR,wind_offshore,chronos2_online,Chronos2 with covariates,weather_4p+tso_forecast,2208,2026-07-25 13:00:00+00:00,1968.576904296875,3104.8648737944745,,2026-04-23 18:00:00+00:00,2026-07-24 17:00:00+00:00
2026-07-24,2026-08-07T14:30:35+00:00,FR,wind_offshore,chronos2_online,Chronos2 with covariates,weather_4p+tso_forecast,2208,2026-07-25 14:00:00+00:00,1997.6080322265625,3149.039436888078,,2026-04-23 18:00:00+00:00,2026-07-24 17:00:00+00:00
2026-07-24,2026-08-07T14:30:35+00:00,FR,wind_offshore,chronos2_online,Chronos2 with covariates,weather_4p+tso_forecast,2208,2026-07-25 15:00:00+00:00,2008.4473876953125,3131.0578935346966,,2026-04-23 18:00:00+00:00,2026-07-24 17:00:00+00:00
2026-07-24,2026-08-07T14:30:35+00:00,FR,wind_offshore,chronos2_online,Chronos2 with covariates,weather_4p+tso_forecast,2208,2026-07-25 16:00:00+00:00,2016.43017578125,3119.242909166296,,2026-04-23 18:00:00+00:00,2026-07-24 17:00:00+00:00
2026-07-24,2026-08-07T14:30:35+00:00,FR,wind_offshore,chronos2_online,Chronos2 with covariates,weather_4p+tso_forecast,2208,2026-07-25 17:00:00+00:00,2021.206298828125,3164.767837594179,,2026-04-23 18:00:00+00:00,2026-07-24 17:00:00+00:00
2026-07-24,2026-08-07T14:30:35+00:00,FR,wind_offshore,xgboost_online,XGBoost with covariates,weather_4p+tso_forecast,2208,2026-07-24 18:00:00+00:00,3046.3515625,3038.4186949263585,,2026-04-23 18:00:00+00:00,2026-07-24 17:00:00+00:00
2026-07-24,2026-08-07T14:30:35+00:00,FR,wind_offshore,xgboost_online,XGBoost with covariates,weather_4p+tso_forecast,2208,2026-07-24 19:00:00+00:00,2914.31494140625,2903.350286447338,,2026-04-23 18:00:00+00:00,2026-07-24 17:00:00+00:00
2026-07-24,2026-08-07T14:30:35+00:00,FR,wind_offshore,xgboost_online,XGBoost with covariates,weather_4p+tso_forecast,2208,2026-07-24 20:00:00+00:00,3041.335205078125,3030.575646776104,,2026-04-23 18:00:00+00:00,2026-07-24 17:00:00+00:00
2026-07-24,2026-08-07T14:30:35+00:00,FR,wind_offshore,xgboost_online,XGBoost with covariates,weather_4p+tso_forecast,2208,2026-07-24 21:00:00+00:00,3026.63818359375,2991.8520462277615,,2026-04-23 18:00:00+00:00,2026-07-24 17:00:00+00:00
2026-07-24,2026-08-07T14:30:35+00:00,FR,wind_offshore,xgboost_online,XGBoost with covariates,weather_4p+tso_forecast,2208,2026-07-24 22:00:00+00:00,3074.595703125,3050.4134580288755,,2026-04-23 18:00:00+00:00,2026-07-24 17:00:00+00:00
2026-07-24,2026-08-07T14:30:35+00:00,FR,wind_offshore,xgboost_online,XGBoost with covariates,weather_4p+tso_forecast,2208,2026-07-24 23:00:00+00:00,3083.796630859375,3117.3888733838885,,2026-04-23 18:00:00+00:00,2026-07-24 17:00:00+00:00
2026-07-24,2026-08-07T14:30:35+00:00,FR,wind_offshore,xgboost_online,XGBoost with covariates,weather_4p+tso_forecast,2208,2026-07-25 00:00:00+00:00,3086.71240234375,3070.3466711456513,,2026-04-23 18:00:00+00:00,2026-07-24 17:00:00+00:00
2026-07-24,2026-08-07T14:30:35+00:00,FR,wind_offshore,xgboost_online,XGBoost with covariates,weather_4p+tso_forecast,2208,2026-07-25 01:00:00+00:00,3089.6572265625,3112.9786341721556,,2026-04-23 18:00:00+00:00,2026-07-24 17:00:00+00:00
2026-07-24,2026-08-07T14:30:35+00:00,FR,wind_offshore,xgboost_online,XGBoost with covariates,weather_4p+tso_forecast,2208,2026-07-25 02:00:00+00:00,3091.280029296875,3129.5780230253604,,2026-04-23 18:00:00+00:00,2026-07-24 17:00:00+00:00
2026-07-24,2026-08-07T14:30:35+00:00,FR,wind_offshore,xgboost_online,XGBoost with covariates,weather_4p+tso_forecast,2208,2026-07-25 03:00:00+00:00,3091.280029296875,3119.5325493990576,,2026-04-23 18:00:00+00:00,2026-07-24 17:00:00+00:00
2026-07-24,2026-08-07T14:30:35+00:00,FR,wind_offshore,xgboost_online,XGBoost with covariates,weather_4p+tso_forecast,2208,2026-07-25 04:00:00+00:00,3109.92626953125,3156.2164496654827,,2026-04-23 18:00:00+00:00,2026-07-24 17:00:00+00:00
2026-07-24,2026-08-07T14:30:35+00:00,FR,wind_offshore,xgboost_online,XGBoost with covariates,weather_4p+tso_forecast,2208,2026-07-25 05:00:00+00:00,3109.92626953125,3164.4544165648144,,2026-04-23 18:00:00+00:00,2026-07-24 17:00:00+00:00
2026-07-24,2026-08-07T14:30:35+00:00,FR,wind_offshore,xgboost_online,XGBoost with covariates,weather_4p+tso_forecast,2208,2026-07-25 06:00:00+00:00,3109.92626953125,3200.3141191078366,,2026-04-23 18:00:00+00:00,2026-07-24 17:00:00+00:00
2026-07-24,2026-08-07T14:30:35+00:00,FR,wind_offshore,xgboost_online,XGBoost with covariates,weather_4p+tso_forecast,2208,2026-07-25 07:00:00+00:00,3109.92626953125,3150.7746602206885,,2026-04-23 18:00:00+00:00,2026-07-24 17:00:00+00:00
2026-07-24,2026-08-07T14:30:35+00:00,FR,wind_offshore,xgboost_online,XGBoost with covariates,weather_4p+tso_forecast,2208,2026-07-25 08:00:00+00:00,3109.92626953125,3174.977360463032,,2026-04-23 18:00:00+00:00,2026-07-24 17:00:00+00:00
2026-07-24,2026-08-07T14:30:35+00:00,FR,wind_offshore,xgboost_online,XGBoost with covariates,weather_4p+tso_forecast,2208,2026-07-25 09:00:00+00:00,3109.92626953125,3226.9142192558484,,2026-04-23 18:00:00+00:00,2026-07-24 17:00:00+00:00
2026-07-24,2026-08-07T14:30:35+00:00,FR,wind_offshore,xgboost_online,XGBoost with covariates,weather_4p+tso_forecast,2208,2026-07-25 10:00:00+00:00,3109.92626953125,3228.7514836436576,,2026-04-23 18:00:00+00:00,2026-07-24 17:00:00+00:00
2026-07-24,2026-08-07T14:30:35+00:00,FR,wind_offshore,xgboost_online,XGBoost with covariates,weather_4p+tso_forecast,2208,2026-07-25 11:00:00+00:00,3100.757080078125,3199.6763799439163,,2026-04-23 18:00:00+00:00,2026-07-24 17:00:00+00:00
2026-07-24,2026-08-07T14:30:35+00:00,FR,wind_offshore,xgboost_online,XGBoost with covariates,weather_4p+tso_forecast,2208,2026-07-25 12:00:00+00:00,3100.757080078125,3148.5555108073563,,2026-04-23 18:00:00+00:00,2026-07-24 17:00:00+00:00
2026-07-24,2026-08-07T14:30:35+00:00,FR,wind_offshore,xgboost_online,XGBoost with covariates,weather_4p+tso_forecast,2208,2026-07-25 13:00:00+00:00,3078.516845703125,3104.8648737944745,,2026-04-23 18:00:00+00:00,2026-07-24 17:00:00+00:00
2026-07-24,2026-08-07T14:30:35+00:00,FR,wind_offshore,xgboost_online,XGBoost with covariates,weather_4p+tso_forecast,2208,2026-07-25 14:00:00+00:00,3096.239013671875,3149.039436888078,,2026-04-23 18:00:00+00:00,2026-07-24 17:00:00+00:00
2026-07-24,2026-08-07T14:30:35+00:00,FR,wind_offshore,xgboost_online,XGBoost with covariates,weather_4p+tso_forecast,2208,2026-07-25 15:00:00+00:00,3078.516845703125,3131.0578935346966,,2026-04-23 18:00:00+00:00,2026-07-24 17:00:00+00:00
2026-07-24,2026-08-07T14:30:35+00:00,FR,wind_offshore,xgboost_online,XGBoost with covariates,weather_4p+tso_forecast,2208,2026-07-25 16:00:00+00:00,3078.516845703125,3119.242909166296,,2026-04-23 18:00:00+00:00,2026-07-24 17:00:00+00:00
2026-07-24,2026-08-07T14:30:35+00:00,FR,wind_offshore,xgboost_online,XGBoost with covariates,weather_4p+tso_forecast,2208,2026-07-25 17:00:00+00:00,3096.239013671875,3164.767837594179,,2026-04-23 18:00:00+00:00,2026-07-24 17:00:00+00:00
2026-07-24,2026-08-07T14:30:35+00:00,DE,load,tso_reference,TSO forecast,tso_forecast,2208,2026-07-24 18:00:00+00:00,25316.234901166023,25316.234901166023,,2026-04-23 18:00:00+00:00,2026-07-24 17:00:00+00:00
2026-07-24,2026-08-07T14:30:35+00:00,DE,load,tso_reference,TSO forecast,tso_forecast,2208,2026-07-24 19:00:00+00:00,24192.008641277906,24192.008641277906,,2026-04-23 18:00:00+00:00,2026-07-24 17:00:00+00:00
2026-07-24,2026-08-07T14:30:35+00:00,DE,load,tso_reference,TSO forecast,tso_forecast,2208,2026-07-24 20:00:00+00:00,22799.80892405446,22799.80892405446,,2026-04-23 18:00:00+00:00,2026-07-24 17:00:00+00:00
2026-07-24,2026-08-07T14:30:35+00:00,DE,load,tso_reference,TSO forecast,tso_forecast,2208,2026-07-24 21:00:00+00:00,21755.53750423431,21755.53750423431,,2026-04-23 18:00:00+00:00,2026-07-24 17:00:00+00:00
2026-07-24,2026-08-07T14:30:35+00:00,DE,load,tso_reference,TSO forecast,tso_forecast,2208,2026-07-24 22:00:00+00:00,21185.244489556037,21185.244489556037,,2026-04-23 18:00:00+00:00,2026-07-24 17:00:00+00:00
2026-07-24,2026-08-07T14:30:35+00:00,DE,load,tso_reference,TSO forecast,tso_forecast,2208,2026-07-24 23:00:00+00:00,21895.34514407632,21895.34514407632,,2026-04-23 18:00:00+00:00,2026-07-24 17:00:00+00:00
2026-07-24,2026-08-07T14:30:35+00:00,DE,load,tso_reference,TSO forecast,tso_forecast,2208,2026-07-25 00:00:00+00:00,21188.13508939786,21188.13508939786,,2026-04-23 18:00:00+00:00,2026-07-24 17:00:00+00:00
2026-07-24,2026-08-07T14:30:35+00:00,DE,load,tso_reference,TSO forecast,tso_forecast,2208,2026-07-25 01:00:00+00:00,20619.30799777553,20619.30799777553,,2026-04-23 18:00:00+00:00,2026-07-24 17:00:00+00:00
2026-07-24,2026-08-07T14:30:35+00:00,DE,load,tso_reference,TSO forecast,tso_forecast,2208,2026-07-25 02:00:00+00:00,21288.94768606038,21288.94768606038,,2026-04-23 18:00:00+00:00,2026-07-24 17:00:00+00:00
2026-07-24,2026-08-07T14:30:35+00:00,DE,load,tso_reference,TSO forecast,tso_forecast,2208,2026-07-25 03:00:00+00:00,21955.430297837804,21955.430297837804,,2026-04-23 18:00:00+00:00,2026-07-24 17:00:00+00:00
2026-07-24,2026-08-07T14:30:35+00:00,DE,load,tso_reference,TSO forecast,tso_forecast,2208,2026-07-25 04:00:00+00:00,21616.46107952291,21616.46107952291,,2026-04-23 18:00:00+00:00,2026-07-24 17:00:00+00:00
2026-07-24,2026-08-07T14:30:35+00:00,DE,load,tso_reference,TSO forecast,tso_forecast,2208,2026-07-25 05:00:00+00:00,22529.29077300024,22529.29077300024,,2026-04-23 18:00:00+00:00,2026-07-24 17:00:00+00:00
2026-07-24,2026-08-07T14:30:35+00:00,DE,load,tso_reference,TSO forecast,tso_forecast,2208,2026-07-25 06:00:00+00:00,22908.461746628484,22908.461746628484,,2026-04-23 18:00:00+00:00,2026-07-24 17:00:00+00:00
2026-07-24,2026-08-07T14:30:35+00:00,DE,load,tso_reference,TSO forecast,tso_forecast,2208,2026-07-25 07:00:00+00:00,23677.92583082107,23677.92583082107,,2026-04-23 18:00:00+00:00,2026-07-24 17:00:00+00:00
2026-07-24,2026-08-07T14:30:35+00:00,DE,load,tso_reference,TSO forecast,tso_forecast,2208,2026-07-25 08:00:00+00:00,26240.520174887395,26240.520174887395,,2026-04-23 18:00:00+00:00,2026-07-24 17:00:00+00:00
2026-07-24,2026-08-07T14:30:35+00:00,DE,load,tso_reference,TSO forecast,tso_forecast,2208,2026-07-25 09:00:00+00:00,26072.882570551945,26072.882570551945,,2026-04-23 18:00:00+00:00,2026-07-24 17:00:00+00:00
2026-07-24,2026-08-07T14:30:35+00:00,DE,load,tso_reference,TSO forecast,tso_forecast,2208,2026-07-25 10:00:00+00:00,25889.229679725104,25889.229679725104,,2026-04-23 18:00:00+00:00,2026-07-24 17:00:00+00:00
2026-07-24,2026-08-07T14:30:35+00:00,DE,load,tso_reference,TSO forecast,tso_forecast,2208,2026-07-25 11:00:00+00:00,26370.45692745787,26370.45692745787,,2026-04-23 18:00:00+00:00,2026-07-24 17:00:00+00:00
2026-07-24,2026-08-07T14:30:35+00:00,DE,load,tso_reference,TSO forecast,tso_forecast,2208,2026-07-25 12:00:00+00:00,26814.645888792624,26814.645888792624,,2026-04-23 18:00:00+00:00,2026-07-24 17:00:00+00:00
2026-07-24,2026-08-07T14:30:35+00:00,DE,load,tso_reference,TSO forecast,tso_forecast,2208,2026-07-25 13:00:00+00:00,25196.84153994578,25196.84153994578,,2026-04-23 18:00:00+00:00,2026-07-24 17:00:00+00:00
2026-07-24,2026-08-07T14:30:35+00:00,DE,load,tso_reference,TSO forecast,tso_forecast,2208,2026-07-25 14:00:00+00:00,26489.538302654128,26489.538302654128,,2026-04-23 18:00:00+00:00,2026-07-24 17:00:00+00:00
2026-07-24,2026-08-07T14:30:35+00:00,DE,load,tso_reference,TSO forecast,tso_forecast,2208,2026-07-25 15:00:00+00:00,26658.11629728078,26658.11629728078,,2026-04-23 18:00:00+00:00,2026-07-24 17:00:00+00:00
2026-07-24,2026-08-07T14:30:35+00:00,DE,load,tso_reference,TSO forecast,tso_forecast,2208,2026-07-25 16:00:00+00:00,26308.775000902297,26308.775000902297,,2026-04-23 18:00:00+00:00,2026-07-24 17:00:00+00:00
2026-07-24,2026-08-07T14:30:35+00:00,DE,load,tso_reference,TSO forecast,tso_forecast,2208,2026-07-25 17:00:00+00:00,25059.388192267346,25059.388192267346,,2026-04-23 18:00:00+00:00,2026-07-24 17:00:00+00:00
2026-07-24,2026-08-07T14:30:35+00:00,DE,load,persistence,Persistence,weekly_persistence,2208,2026-07-24 18:00:00+00:00,25396.93824555864,25316.234901166023,,2026-04-23 18:00:00+00:00,2026-07-24 17:00:00+00:00
2026-07-24,2026-08-07T14:30:35+00:00,DE,load,persistence,Persistence,weekly_persistence,2208,2026-07-24 19:00:00+00:00,24446.272719030112,24192.008641277906,,2026-04-23 18:00:00+00:00,2026-07-24 17:00:00+00:00
2026-07-24,2026-08-07T14:30:35+00:00,DE,load,persistence,Persistence,weekly_persistence,2208,2026-07-24 20:00:00+00:00,22354.060903419868,22799.80892405446,,2026-04-23 18:00:00+00:00,2026-07-24 17:00:00+00:00
2026-07-24,2026-08-07T14:30:35+00:00,DE,load,persistence,Persistence,weekly_persistence,2208,2026-07-24 21:00:00+00:00,21841.479514441337,21755.53750423431,,2026-04-23 18:00:00+00:00,2026-07-24 17:00:00+00:00
2026-07-24,2026-08-07T14:30:35+00:00,DE,load,persistence,Persistence,weekly_persistence,2208,2026-07-24 22:00:00+00:00,21508.930912791187,21185.244489556037,,2026-04-23 18:00:00+00:00,2026-07-24 17:00:00+00:00
2026-07-24,2026-08-07T14:30:35+00:00,DE,load,persistence,Persistence,weekly_persistence,2208,2026-07-24 23:00:00+00:00,20665.60907061865,21895.34514407632,,2026-04-23 18:00:00+00:00,2026-07-24 17:00:00+00:00
2026-07-24,2026-08-07T14:30:35+00:00,DE,load,persistence,Persistence,weekly_persistence,2208,2026-07-25 00:00:00+00:00,20359.001973274204,21188.13508939786,,2026-04-23 18:00:00+00:00,2026-07-24 17:00:00+00:00
2026-07-24,2026-08-07T14:30:35+00:00,DE,load,persistence,Persistence,weekly_persistence,2208,2026-07-25 01:00:00+00:00,20570.189762122132,20619.30799777553,,2026-04-23 18:00:00+00:00,2026-07-24 17:00:00+00:00
2026-07-24,2026-08-07T14:30:35+00:00,DE,load,persistence,Persistence,weekly_persistence,2208,2026-07-25 02:00:00+00:00,20626.21208862378,21288.94768606038,,2026-04-23 18:00:00+00:00,2026-07-24 17:00:00+00:00
2026-07-24,2026-08-07T14:30:35+00:00,DE,load,persistence,Persistence,weekly_persistence,2208,2026-07-25 03:00:00+00:00,20491.490701583043,21955.430297837804,,2026-04-23 18:00:00+00:00,2026-07-24 17:00:00+00:00
2026-07-24,2026-08-07T14:30:35+00:00,DE,load,persistence,Persistence,weekly_persistence,2208,2026-07-25 04:00:00+00:00,21308.190919322922,21616.46107952291,,2026-04-23 18:00:00+00:00,2026-07-24 17:00:00+00:00
2026-07-24,2026-08-07T14:30:35+00:00,DE,load,persistence,Persistence,weekly_persistence,2208,2026-07-25 05:00:00+00:00,21532.85882772565,22529.29077300024,,2026-04-23 18:00:00+00:00,2026-07-24 17:00:00+00:00
2026-07-24,2026-08-07T14:30:35+00:00,DE,load,persistence,Persistence,weekly_persistence,2208,2026-07-25 06:00:00+00:00,22389.746695986083,22908.461746628484,,2026-04-23 18:00:00+00:00,2026-07-24 17:00:00+00:00
2026-07-24,2026-08-07T14:30:35+00:00,DE,load,persistence,Persistence,weekly_persistence,2208,2026-07-25 07:00:00+00:00,23058.326261334754,23677.92583082107,,2026-04-23 18:00:00+00:00,2026-07-24 17:00:00+00:00
2026-07-24,2026-08-07T14:30:35+00:00,DE,load,persistence,Persistence,weekly_persistence,2208,2026-07-25 08:00:00+00:00,24844.09439946088,26240.520174887395,,2026-04-23 18:00:00+00:00,2026-07-24 17:00:00+00:00
2026-07-24,2026-08-07T14:30:35+00:00,DE,load,persistence,Persistence,weekly_persistence,2208,2026-07-25 09:00:00+00:00,25135.242710029204,26072.882570551945,,2026-04-23 18:00:00+00:00,2026-07-24 17:00:00+00:00
2026-07-24,2026-08-07T14:30:35+00:00,DE,load,persistence,Persistence,weekly_persistence,2208,2026-07-25 10:00:00+00:00,24929.26745463262,25889.229679725104,,2026-04-23 18:00:00+00:00,2026-07-24 17:00:00+00:00
2026-07-24,2026-08-07T14:30:35+00:00,DE,load,persistence,Persistence,weekly_persistence,2208,2026-07-25 11:00:00+00:00,25330.70390926907,26370.45692745787,,2026-04-23 18:00:00+00:00,2026-07-24 17:00:00+00:00
2026-07-24,2026-08-07T14:30:35+00:00,DE,load,persistence,Persistence,weekly_persistence,2208,2026-07-25 12:00:00+00:00,25286.617507859704,26814.645888792624,,2026-04-23 18:00:00+00:00,2026-07-24 17:00:00+00:00
2026-07-24,2026-08-07T14:30:35+00:00,DE,load,persistence,Persistence,weekly_persistence,2208,2026-07-25 13:00:00+00:00,25623.099031249825,25196.84153994578,,2026-04-23 18:00:00+00:00,2026-07-24 17:00:00+00:00
2026-07-24,2026-08-07T14:30:35+00:00,DE,load,persistence,Persistence,weekly_persistence,2208,2026-07-25 14:00:00+00:00,24857.430239611316,26489.538302654128,,2026-04-23 18:00:00+00:00,2026-07-24 17:00:00+00:00
2026-07-24,2026-08-07T14:30:35+00:00,DE,load,persistence,Persistence,weekly_persistence,2208,2026-07-25 15:00:00+00:00,24599.258821362597,26658.11629728078,,2026-04-23 18:00:00+00:00,2026-07-24 17:00:00+00:00
2026-07-24,2026-08-07T14:30:35+00:00,DE,load,persistence,Persistence,weekly_persistence,2208,2026-07-25 16:00:00+00:00,24376.42166025572,26308.775000902297,,2026-04-23 18:00:00+00:00,2026-07-24 17:00:00+00:00
2026-07-24,2026-08-07T14:30:35+00:00,DE,load,persistence,Persistence,weekly_persistence,2208,2026-07-25 17:00:00+00:00,23970.533634037307,25059.388192267346,,2026-04-23 18:00:00+00:00,2026-07-24 17:00:00+00:00
2026-07-24,2026-08-07T14:30:35+00:00,DE,load,ridge_3mo_context,Ridge with covariates,Hum+tso_forecast,2208,2026-07-24 18:00:00+00:00,24893.083921890706,25316.234901166023,,2026-04-23 18:00:00+00:00,2026-07-24 17:00:00+00:00
2026-07-24,2026-08-07T14:30:35+00:00,DE,load,ridge_3mo_context,Ridge with covariates,Hum+tso_forecast,2208,2026-07-24 19:00:00+00:00,23873.828138191562,24192.008641277906,,2026-04-23 18:00:00+00:00,2026-07-24 17:00:00+00:00
2026-07-24,2026-08-07T14:30:35+00:00,DE,load,ridge_3mo_context,Ridge with covariates,Hum+tso_forecast,2208,2026-07-24 20:00:00+00:00,22645.079229705836,22799.80892405446,,2026-04-23 18:00:00+00:00,2026-07-24 17:00:00+00:00
2026-07-24,2026-08-07T14:30:35+00:00,DE,load,ridge_3mo_context,Ridge with covariates,Hum+tso_forecast,2208,2026-07-24 21:00:00+00:00,21709.07640104899,21755.53750423431,,2026-04-23 18:00:00+00:00,2026-07-24 17:00:00+00:00
2026-07-24,2026-08-07T14:30:35+00:00,DE,load,ridge_3mo_context,Ridge with covariates,Hum+tso_forecast,2208,2026-07-24 22:00:00+00:00,21174.211623327777,21185.244489556037,,2026-04-23 18:00:00+00:00,2026-07-24 17:00:00+00:00
2026-07-24,2026-08-07T14:30:35+00:00,DE,load,ridge_3mo_context,Ridge with covariates,Hum+tso_forecast,2208,2026-07-24 23:00:00+00:00,21693.179921770912,21895.34514407632,,2026-04-23 18:00:00+00:00,2026-07-24 17:00:00+00:00
2026-07-24,2026-08-07T14:30:35+00:00,DE,load,ridge_3mo_context,Ridge with covariates,Hum+tso_forecast,2208,2026-07-25 00:00:00+00:00,20651.737762529752,21188.13508939786,,2026-04-23 18:00:00+00:00,2026-07-24 17:00:00+00:00
2026-07-24,2026-08-07T14:30:35+00:00,DE,load,ridge_3mo_context,Ridge with covariates,Hum+tso_forecast,2208,2026-07-25 01:00:00+00:00,20208.479789815603,20619.30799777553,,2026-04-23 18:00:00+00:00,2026-07-24 17:00:00+00:00
2026-07-24,2026-08-07T14:30:35+00:00,DE,load,ridge_3mo_context,Ridge with covariates,Hum+tso_forecast,2208,2026-07-25 02:00:00+00:00,20791.086145760055,21288.94768606038,,2026-04-23 18:00:00+00:00,2026-07-24 17:00:00+00:00
2026-07-24,2026-08-07T14:30:35+00:00,DE,load,ridge_3mo_context,Ridge with covariates,Hum+tso_forecast,2208,2026-07-25 03:00:00+00:00,21401.119658536554,21955.430297837804,,2026-04-23 18:00:00+00:00,2026-07-24 17:00:00+00:00
2026-07-24,2026-08-07T14:30:35+00:00,DE,load,ridge_3mo_context,Ridge with covariates,Hum+tso_forecast,2208,2026-07-25 04:00:00+00:00,21230.071461514744,21616.46107952291,,2026-04-23 18:00:00+00:00,2026-07-24 17:00:00+00:00
2026-07-24,2026-08-07T14:30:35+00:00,DE,load,ridge_3mo_context,Ridge with covariates,Hum+tso_forecast,2208,2026-07-25 05:00:00+00:00,22082.227943607482,22529.29077300024,,2026-04-23 18:00:00+00:00,2026-07-24 17:00:00+00:00
2026-07-24,2026-08-07T14:30:35+00:00,DE,load,ridge_3mo_context,Ridge with covariates,Hum+tso_forecast,2208,2026-07-25 06:00:00+00:00,22517.86212721973,22908.461746628484,,2026-04-23 18:00:00+00:00,2026-07-24 17:00:00+00:00
2026-07-24,2026-08-07T14:30:35+00:00,DE,load,ridge_3mo_context,Ridge with covariates,Hum+tso_forecast,2208,2026-07-25 07:00:00+00:00,23269.71607909991,23677.92583082107,,2026-04-23 18:00:00+00:00,2026-07-24 17:00:00+00:00
2026-07-24,2026-08-07T14:30:35+00:00,DE,load,ridge_3mo_context,Ridge with covariates,Hum+tso_forecast,2208,2026-07-25 08:00:00+00:00,25454.43777398285,26240.520174887395,,2026-04-23 18:00:00+00:00,2026-07-24 17:00:00+00:00
2026-07-24,2026-08-07T14:30:35+00:00,DE,load,ridge_3mo_context,Ridge with covariates,Hum+tso_forecast,2208,2026-07-25 09:00:00+00:00,25435.56091357547,26072.882570551945,,2026-04-23 18:00:00+00:00,2026-07-24 17:00:00+00:00
2026-07-24,2026-08-07T14:30:35+00:00,DE,load,ridge_3mo_context,Ridge with covariates,Hum+tso_forecast,2208,2026-07-25 10:00:00+00:00,25382.910017926293,25889.229679725104,,2026-04-23 18:00:00+00:00,2026-07-24 17:00:00+00:00
2026-07-24,2026-08-07T14:30:35+00:00,DE,load,ridge_3mo_context,Ridge with covariates,Hum+tso_forecast,2208,2026-07-25 11:00:00+00:00,25836.782113848232,26370.45692745787,,2026-04-23 18:00:00+00:00,2026-07-24 17:00:00+00:00
2026-07-24,2026-08-07T14:30:35+00:00,DE,load,ridge_3mo_context,Ridge with covariates,Hum+tso_forecast,2208,2026-07-25 12:00:00+00:00,26230.126779437123,26814.645888792624,,2026-04-23 18:00:00+00:00,2026-07-24 17:00:00+00:00
2026-07-24,2026-08-07T14:30:35+00:00,DE,load,ridge_3mo_context,Ridge with covariates,Hum+tso_forecast,2208,2026-07-25 13:00:00+00:00,24936.76906907925,25196.84153994578,,2026-04-23 18:00:00+00:00,2026-07-24 17:00:00+00:00
2026-07-24,2026-08-07T14:30:35+00:00,DE,load,ridge_3mo_context,Ridge with covariates,Hum+tso_forecast,2208,2026-07-25 14:00:00+00:00,25945.51589354388,26489.538302654128,,2026-04-23 18:00:00+00:00,2026-07-24 17:00:00+00:00
2026-07-24,2026-08-07T14:30:35+00:00,DE,load,ridge_3mo_context,Ridge with covariates,Hum+tso_forecast,2208,2026-07-25 15:00:00+00:00,26022.657658424156,26658.11629728078,,2026-04-23 18:00:00+00:00,2026-07-24 17:00:00+00:00
2026-07-24,2026-08-07T14:30:35+00:00,DE,load,ridge_3mo_context,Ridge with covariates,Hum+tso_forecast,2208,2026-07-25 16:00:00+00:00,25658.989775074046,26308.775000902297,,2026-04-23 18:00:00+00:00,2026-07-24 17:00:00+00:00
2026-07-24,2026-08-07T14:30:35+00:00,DE,load,ridge_3mo_context,Ridge with covariates,Hum+tso_forecast,2208,2026-07-25 17:00:00+00:00,24554.288620632182,25059.388192267346,,2026-04-23 18:00:00+00:00,2026-07-24 17:00:00+00:00
2026-07-24,2026-08-07T14:30:35+00:00,DE,load,chronos2_online,Chronos2 with covariates,Hum+tso_forecast,2208,2026-07-24 18:00:00+00:00,25003.505859375,25316.234901166023,,2026-04-23 18:00:00+00:00,2026-07-24 17:00:00+00:00
2026-07-24,2026-08-07T14:30:35+00:00,DE,load,chronos2_online,Chronos2 with covariates,Hum+tso_forecast,2208,2026-07-24 19:00:00+00:00,24212.71484375,24192.008641277906,,2026-04-23 18:00:00+00:00,2026-07-24 17:00:00+00:00
2026-07-24,2026-08-07T14:30:35+00:00,DE,load,chronos2_online,Chronos2 with covariates,Hum+tso_forecast,2208,2026-07-24 20:00:00+00:00,22451.55859375,22799.80892405446,,2026-04-23 18:00:00+00:00,2026-07-24 17:00:00+00:00
2026-07-24,2026-08-07T14:30:35+00:00,DE,load,chronos2_online,Chronos2 with covariates,Hum+tso_forecast,2208,2026-07-24 21:00:00+00:00,21783.61328125,21755.53750423431,,2026-04-23 18:00:00+00:00,2026-07-24 17:00:00+00:00
2026-07-24,2026-08-07T14:30:35+00:00,DE,load,chronos2_online,Chronos2 with covariates,Hum+tso_forecast,2208,2026-07-24 22:00:00+00:00,21232.7109375,21185.244489556037,,2026-04-23 18:00:00+00:00,2026-07-24 17:00:00+00:00
2026-07-24,2026-08-07T14:30:35+00:00,DE,load,chronos2_online,Chronos2 with covariates,Hum+tso_forecast,2208,2026-07-24 23:00:00+00:00,20899.458984375,21895.34514407632,,2026-04-23 18:00:00+00:00,2026-07-24 17:00:00+00:00
2026-07-24,2026-08-07T14:30:35+00:00,DE,load,chronos2_online,Chronos2 with covariates,Hum+tso_forecast,2208,2026-07-25 00:00:00+00:00,20654.353515625,21188.13508939786,,2026-04-23 18:00:00+00:00,2026-07-24 17:00:00+00:00
2026-07-24,2026-08-07T14:30:35+00:00,DE,load,chronos2_online,Chronos2 with covariates,Hum+tso_forecast,2208,2026-07-25 01:00:00+00:00,20488.083984375,20619.30799777553,,2026-04-23 18:00:00+00:00,2026-07-24 17:00:00+00:00
2026-07-24,2026-08-07T14:30:35+00:00,DE,load,chronos2_online,Chronos2 with covariates,Hum+tso_forecast,2208,2026-07-25 02:00:00+00:00,20616.603515625,21288.94768606038,,2026-04-23 18:00:00+00:00,2026-07-24 17:00:00+00:00
2026-07-24,2026-08-07T14:30:35+00:00,DE,load,chronos2_online,Chronos2 with covariates,Hum+tso_forecast,2208,2026-07-25 03:00:00+00:00,20804.16796875,21955.430297837804,,2026-04-23 18:00:00+00:00,2026-07-24 17:00:00+00:00
2026-07-24,2026-08-07T14:30:35+00:00,DE,load,chronos2_online,Chronos2 with covariates,Hum+tso_forecast,2208,2026-07-25 04:00:00+00:00,21209.162109375,21616.46107952291,,2026-04-23 18:00:00+00:00,2026-07-24 17:00:00+00:00
2026-07-24,2026-08-07T14:30:35+00:00,DE,load,chronos2_online,Chronos2 with covariates,Hum+tso_forecast,2208,2026-07-25 05:00:00+00:00,21690.3828125,22529.29077300024,,2026-04-23 18:00:00+00:00,2026-07-24 17:00:00+00:00
2026-07-24,2026-08-07T14:30:35+00:00,DE,load,chronos2_online,Chronos2 with covariates,Hum+tso_forecast,2208,2026-07-25 06:00:00+00:00,22277.931640625,22908.461746628484,,2026-04-23 18:00:00+00:00,2026-07-24 17:00:00+00:00
2026-07-24,2026-08-07T14:30:35+00:00,DE,load,chronos2_online,Chronos2 with covariates,Hum+tso_forecast,2208,2026-07-25 07:00:00+00:00,22933.443359375,23677.92583082107,,2026-04-23 18:00:00+00:00,2026-07-24 17:00:00+00:00
2026-07-24,2026-08-07T14:30:35+00:00,DE,load,chronos2_online,Chronos2 with covariates,Hum+tso_forecast,2208,2026-07-25 08:00:00+00:00,24658.994140625,26240.520174887395,,2026-04-23 18:00:00+00:00,2026-07-24 17:00:00+00:00
2026-07-24,2026-08-07T14:30:35+00:00,DE,load,chronos2_online,Chronos2 with covariates,Hum+tso_forecast,2208,2026-07-25 09:00:00+00:00,25143.1796875,26072.882570551945,,2026-04-23 18:00:00+00:00,2026-07-24 17:00:00+00:00
2026-07-24,2026-08-07T14:30:35+00:00,DE,load,chronos2_online,Chronos2 with covariates,Hum+tso_forecast,2208,2026-07-25 10:00:00+00:00,24747.6328125,25889.229679725104,,2026-04-23 18:00:00+00:00,2026-07-24 17:00:00+00:00
2026-07-24,2026-08-07T14:30:35+00:00,DE,load,chronos2_online,Chronos2 with covariates,Hum+tso_forecast,2208,2026-07-25 11:00:00+00:00,25027.078125,26370.45692745787,,2026-04-23 18:00:00+00:00,2026-07-24 17:00:00+00:00
2026-07-24,2026-08-07T14:30:35+00:00,DE,load,chronos2_online,Chronos2 with covariates,Hum+tso_forecast,2208,2026-07-25 12:00:00+00:00,25228.43359375,26814.645888792624,,2026-04-23 18:00:00+00:00,2026-07-24 17:00:00+00:00
2026-07-24,2026-08-07T14:30:35+00:00,DE,load,chronos2_online,Chronos2 with covariates,Hum+tso_forecast,2208,2026-07-25 13:00:00+00:00,25234.65234375,25196.84153994578,,2026-04-23 18:00:00+00:00,2026-07-24 17:00:00+00:00
2026-07-24,2026-08-07T14:30:35+00:00,DE,load,chronos2_online,Chronos2 with covariates,Hum+tso_forecast,2208,2026-07-25 14:00:00+00:00,25043.880859375,26489.538302654128,,2026-04-23 18:00:00+00:00,2026-07-24 17:00:00+00:00
2026-07-24,2026-08-07T14:30:35+00:00,DE,load,chronos2_online,Chronos2 with covariates,Hum+tso_forecast,2208,2026-07-25 15:00:00+00:00,24745.01953125,26658.11629728078,,2026-04-23 18:00:00+00:00,2026-07-24 17:00:00+00:00
2026-07-24,2026-08-07T14:30:35+00:00,DE,load,chronos2_online,Chronos2 with covariates,Hum+tso_forecast,2208,2026-07-25 16:00:00+00:00,24350.16796875,26308.775000902297,,2026-04-23 18:00:00+00:00,2026-07-24 17:00:00+00:00
2026-07-24,2026-08-07T14:30:35+00:00,DE,load,chronos2_online,Chronos2 with covariates,Hum+tso_forecast,2208,2026-07-25 17:00:00+00:00,23935.33203125,25059.388192267346,,2026-04-23 18:00:00+00:00,2026-07-24 17:00:00+00:00
2026-07-24,2026-08-07T14:30:35+00:00,DE,solar,tso_reference,TSO forecast,tso_forecast,2208,2026-07-24 18:00:00+00:00,722.027965195875,722.027965195875,,2026-04-23 18:00:00+00:00,2026-07-24 17:00:00+00:00
2026-07-24,2026-08-07T14:30:35+00:00,DE,solar,tso_reference,TSO forecast,tso_forecast,2208,2026-07-24 19:00:00+00:00,0.0,0.0,,2026-04-23 18:00:00+00:00,2026-07-24 17:00:00+00:00
2026-07-24,2026-08-07T14:30:35+00:00,DE,solar,tso_reference,TSO forecast,tso_forecast,2208,2026-07-24 20:00:00+00:00,116.4069643147805,116.4069643147805,,2026-04-23 18:00:00+00:00,2026-07-24 17:00:00+00:00
2026-07-24,2026-08-07T14:30:35+00:00,DE,solar,tso_reference,TSO forecast,tso_forecast,2208,2026-07-24 21:00:00+00:00,70.79608365258123,70.79608365258123,,2026-04-23 18:00:00+00:00,2026-07-24 17:00:00+00:00
2026-07-24,2026-08-07T14:30:35+00:00,DE,solar,tso_reference,TSO forecast,tso_forecast,2208,2026-07-24 22:00:00+00:00,0.0,0.0,,2026-04-23 18:00:00+00:00,2026-07-24 17:00:00+00:00
2026-07-24,2026-08-07T14:30:35+00:00,DE,solar,tso_reference,TSO forecast,tso_forecast,2208,2026-07-24 23:00:00+00:00,5.883402351060219,5.883402351060219,,2026-04-23 18:00:00+00:00,2026-07-24 17:00:00+00:00
2026-07-24,2026-08-07T14:30:35+00:00,DE,solar,tso_reference,TSO forecast,tso_forecast,2208,2026-07-25 00:00:00+00:00,158.46651442503756,158.46651442503756,,2026-04-23 18:00:00+00:00,2026-07-24 17:00:00+00:00
2026-07-24,2026-08-07T14:30:35+00:00,DE,solar,tso_reference,TSO forecast,tso_forecast,2208,2026-07-25 01:00:00+00:00,36.19031656964826,36.19031656964826,,2026-04-23 18:00:00+00:00,2026-07-24 17:00:00+00:00
2026-07-24,2026-08-07T14:30:35+00:00,DE,solar,tso_reference,TSO forecast,tso_forecast,2208,2026-07-25 02:00:00+00:00,0.0,0.0,,2026-04-23 18:00:00+00:00,2026-07-24 17:00:00+00:00
2026-07-24,2026-08-07T14:30:35+00:00,DE,solar,tso_reference,TSO forecast,tso_forecast,2208,2026-07-25 03:00:00+00:00,0.0,0.0,,2026-04-23 18:00:00+00:00,2026-07-24 17:00:00+00:00
2026-07-24,2026-08-07T14:30:35+00:00,DE,solar,tso_reference,TSO forecast,tso_forecast,2208,2026-07-25 04:00:00+00:00,4.708256436271554,4.708256436271554,,2026-04-23 18:00:00+00:00,2026-07-24 17:00:00+00:00
2026-07-24,2026-08-07T14:30:35+00:00,DE,solar,tso_reference,TSO forecast,tso_forecast,2208,2026-07-25 05:00:00+00:00,11.676375449046262,11.676375449046262,,2026-04-23 18:00:00+00:00,2026-07-24 17:00:00+00:00
2026-07-24,2026-08-07T14:30:35+00:00,DE,solar,tso_reference,TSO forecast,tso_forecast,2208,2026-07-25 06:00:00+00:00,55.5272580320762,55.5272580320762,,2026-04-23 18:00:00+00:00,2026-07-24 17:00:00+00:00
2026-07-24,2026-08-07T14:30:35+00:00,DE,solar,tso_reference,TSO forecast,tso_forecast,2208,2026-07-25 07:00:00+00:00,798.4904795387364,798.4904795387364,,2026-04-23 18:00:00+00:00,2026-07-24 17:00:00+00:00
2026-07-24,2026-08-07T14:30:35+00:00,DE,solar,tso_reference,TSO forecast,tso_forecast,2208,2026-07-25 08:00:00+00:00,1470.814139518226,1470.814139518226,,2026-04-23 18:00:00+00:00,2026-07-24 17:00:00+00:00
2026-07-24,2026-08-07T14:30:35+00:00,DE,solar,tso_reference,TSO forecast,tso_forecast,2208,2026-07-25 09:00:00+00:00,2044.9270986950826,2044.9270986950826,,2026-04-23 18:00:00+00:00,2026-07-24 17:00:00+00:00
2026-07-24,2026-08-07T14:30:35+00:00,DE,solar,tso_reference,TSO forecast,tso_forecast,2208,2026-07-25 10:00:00+00:00,2510.230141511065,2510.230141511065,,2026-04-23 18:00:00+00:00,2026-07-24 17:00:00+00:00
2026-07-24,2026-08-07T14:30:35+00:00,DE,solar,tso_reference,TSO forecast,tso_forecast,2208,2026-07-25 11:00:00+00:00,2836.577414031778,2836.577414031778,,2026-04-23 18:00:00+00:00,2026-07-24 17:00:00+00:00
2026-07-24,2026-08-07T14:30:35+00:00,DE,solar,tso_reference,TSO forecast,tso_forecast,2208,2026-07-25 12:00:00+00:00,3021.568425058482,3021.568425058482,,2026-04-23 18:00:00+00:00,2026-07-24 17:00:00+00:00
2026-07-24,2026-08-07T14:30:35+00:00,DE,solar,tso_reference,TSO forecast,tso_forecast,2208,2026-07-25 13:00:00+00:00,2962.2552421931046,2962.2552421931046,,2026-04-23 18:00:00+00:00,2026-07-24 17:00:00+00:00
2026-07-24,2026-08-07T14:30:35+00:00,DE,solar,tso_reference,TSO forecast,tso_forecast,2208,2026-07-25 14:00:00+00:00,2937.4857268565456,2937.4857268565456,,2026-04-23 18:00:00+00:00,2026-07-24 17:00:00+00:00
2026-07-24,2026-08-07T14:30:35+00:00,DE,solar,tso_reference,TSO forecast,tso_forecast,2208,2026-07-25 15:00:00+00:00,2595.233092420406,2595.233092420406,,2026-04-23 18:00:00+00:00,2026-07-24 17:00:00+00:00
2026-07-24,2026-08-07T14:30:35+00:00,DE,solar,tso_reference,TSO forecast,tso_forecast,2208,2026-07-25 16:00:00+00:00,1893.6080275223806,1893.6080275223806,,2026-04-23 18:00:00+00:00,2026-07-24 17:00:00+00:00
2026-07-24,2026-08-07T14:30:35+00:00,DE,solar,tso_reference,TSO forecast,tso_forecast,2208,2026-07-25 17:00:00+00:00,1554.9230167349033,1554.9230167349033,,2026-04-23 18:00:00+00:00,2026-07-24 17:00:00+00:00
2026-07-24,2026-08-07T14:30:35+00:00,DE,solar,persistence,Persistence,daily_persistence,2208,2026-07-24 18:00:00+00:00,509.04359291168385,722.027965195875,,2026-04-23 18:00:00+00:00,2026-07-24 17:00:00+00:00
2026-07-24,2026-08-07T14:30:35+00:00,DE,solar,persistence,Persistence,daily_persistence,2208,2026-07-24 19:00:00+00:00,0.0,0.0,,2026-04-23 18:00:00+00:00,2026-07-24 17:00:00+00:00
2026-07-24,2026-08-07T14:30:35+00:00,DE,solar,persistence,Persistence,daily_persistence,2208,2026-07-24 20:00:00+00:00,0.0,116.4069643147805,,2026-04-23 18:00:00+00:00,2026-07-24 17:00:00+00:00
2026-07-24,2026-08-07T14:30:35+00:00,DE,solar,persistence,Persistence,daily_persistence,2208,2026-07-24 21:00:00+00:00,0.0,70.79608365258123,,2026-04-23 18:00:00+00:00,2026-07-24 17:00:00+00:00
2026-07-24,2026-08-07T14:30:35+00:00,DE,solar,persistence,Persistence,daily_persistence,2208,2026-07-24 22:00:00+00:00,0.0,0.0,,2026-04-23 18:00:00+00:00,2026-07-24 17:00:00+00:00
2026-07-24,2026-08-07T14:30:35+00:00,DE,solar,persistence,Persistence,daily_persistence,2208,2026-07-24 23:00:00+00:00,0.4702257575321252,5.883402351060219,,2026-04-23 18:00:00+00:00,2026-07-24 17:00:00+00:00
2026-07-24,2026-08-07T14:30:35+00:00,DE,solar,persistence,Persistence,daily_persistence,2208,2026-07-25 00:00:00+00:00,7.062729293019938,158.46651442503756,,2026-04-23 18:00:00+00:00,2026-07-24 17:00:00+00:00
2026-07-24,2026-08-07T14:30:35+00:00,DE,solar,persistence,Persistence,daily_persistence,2208,2026-07-25 01:00:00+00:00,25.646420851766663,36.19031656964826,,2026-04-23 18:00:00+00:00,2026-07-24 17:00:00+00:00
2026-07-24,2026-08-07T14:30:35+00:00,DE,solar,persistence,Persistence,daily_persistence,2208,2026-07-25 02:00:00+00:00,0.0,0.0,,2026-04-23 18:00:00+00:00,2026-07-24 17:00:00+00:00
2026-07-24,2026-08-07T14:30:35+00:00,DE,solar,persistence,Persistence,daily_persistence,2208,2026-07-25 03:00:00+00:00,28.550981531849086,0.0,,2026-04-23 18:00:00+00:00,2026-07-24 17:00:00+00:00
2026-07-24,2026-08-07T14:30:35+00:00,DE,solar,persistence,Persistence,daily_persistence,2208,2026-07-25 04:00:00+00:00,9.029307002052889,4.708256436271554,,2026-04-23 18:00:00+00:00,2026-07-24 17:00:00+00:00
2026-07-24,2026-08-07T14:30:35+00:00,DE,solar,persistence,Persistence,daily_persistence,2208,2026-07-25 05:00:00+00:00,43.99750171126707,11.676375449046262,,2026-04-23 18:00:00+00:00,2026-07-24 17:00:00+00:00
2026-07-24,2026-08-07T14:30:35+00:00,DE,solar,persistence,Persistence,daily_persistence,2208,2026-07-25 06:00:00+00:00,0.0,55.5272580320762,,2026-04-23 18:00:00+00:00,2026-07-24 17:00:00+00:00
2026-07-24,2026-08-07T14:30:35+00:00,DE,solar,persistence,Persistence,daily_persistence,2208,2026-07-25 07:00:00+00:00,513.6130733896547,798.4904795387364,,2026-04-23 18:00:00+00:00,2026-07-24 17:00:00+00:00
2026-07-24,2026-08-07T14:30:35+00:00,DE,solar,persistence,Persistence,daily_persistence,2208,2026-07-25 08:00:00+00:00,991.2275029337716,1470.814139518226,,2026-04-23 18:00:00+00:00,2026-07-24 17:00:00+00:00
2026-07-24,2026-08-07T14:30:35+00:00,DE,solar,persistence,Persistence,daily_persistence,2208,2026-07-25 09:00:00+00:00,1391.5632487349192,2044.9270986950826,,2026-04-23 18:00:00+00:00,2026-07-24 17:00:00+00:00
2026-07-24,2026-08-07T14:30:35+00:00,DE,solar,persistence,Persistence,daily_persistence,2208,2026-07-25 10:00:00+00:00,1640.6937559466342,2510.230141511065,,2026-04-23 18:00:00+00:00,2026-07-24 17:00:00+00:00
2026-07-24,2026-08-07T14:30:35+00:00,DE,solar,persistence,Persistence,daily_persistence,2208,2026-07-25 11:00:00+00:00,1863.809095172308,2836.577414031778,,2026-04-23 18:00:00+00:00,2026-07-24 17:00:00+00:00
2026-07-24,2026-08-07T14:30:35+00:00,DE,solar,persistence,Persistence,daily_persistence,2208,2026-07-25 12:00:00+00:00,1978.203052135223,3021.568425058482,,2026-04-23 18:00:00+00:00,2026-07-24 17:00:00+00:00
2026-07-24,2026-08-07T14:30:35+00:00,DE,solar,persistence,Persistence,daily_persistence,2208,2026-07-25 13:00:00+00:00,1981.216277474476,2962.2552421931046,,2026-04-23 18:00:00+00:00,2026-07-24 17:00:00+00:00
2026-07-24,2026-08-07T14:30:35+00:00,DE,solar,persistence,Persistence,daily_persistence,2208,2026-07-25 14:00:00+00:00,1900.1328953274892,2937.4857268565456,,2026-04-23 18:00:00+00:00,2026-07-24 17:00:00+00:00
2026-07-24,2026-08-07T14:30:35+00:00,DE,solar,persistence,Persistence,daily_persistence,2208,2026-07-25 15:00:00+00:00,1624.668672582523,2595.233092420406,,2026-04-23 18:00:00+00:00,2026-07-24 17:00:00+00:00
2026-07-24,2026-08-07T14:30:35+00:00,DE,solar,persistence,Persistence,daily_persistence,2208,2026-07-25 16:00:00+00:00,1317.5638740911,1893.6080275223806,,2026-04-23 18:00:00+00:00,2026-07-24 17:00:00+00:00
2026-07-24,2026-08-07T14:30:35+00:00,DE,solar,persistence,Persistence,daily_persistence,2208,2026-07-25 17:00:00+00:00,947.2190030398299,1554.9230167349033,,2026-04-23 18:00:00+00:00,2026-07-24 17:00:00+00:00
2026-07-24,2026-08-07T14:30:35+00:00,DE,solar,chronos2_online,Chronos2 with covariates,weather_4p+tso_forecast,2208,2026-07-24 18:00:00+00:00,487.3064270019531,722.027965195875,,2026-04-23 18:00:00+00:00,2026-07-24 17:00:00+00:00
2026-07-24,2026-08-07T14:30:35+00:00,DE,solar,chronos2_online,Chronos2 with covariates,weather_4p+tso_forecast,2208,2026-07-24 19:00:00+00:00,31.8409423828125,0.0,,2026-04-23 18:00:00+00:00,2026-07-24 17:00:00+00:00
2026-07-24,2026-08-07T14:30:35+00:00,DE,solar,chronos2_online,Chronos2 with covariates,weather_4p+tso_forecast,2208,2026-07-24 20:00:00+00:00,16.130126953125,116.4069643147805,,2026-04-23 18:00:00+00:00,2026-07-24 17:00:00+00:00
2026-07-24,2026-08-07T14:30:35+00:00,DE,solar,chronos2_online,Chronos2 with covariates,weather_4p+tso_forecast,2208,2026-07-24 21:00:00+00:00,29.82745361328125,70.79608365258123,,2026-04-23 18:00:00+00:00,2026-07-24 17:00:00+00:00
2026-07-24,2026-08-07T14:30:35+00:00,DE,solar,chronos2_online,Chronos2 with covariates,weather_4p+tso_forecast,2208,2026-07-24 22:00:00+00:00,30.761474609375,0.0,,2026-04-23 18:00:00+00:00,2026-07-24 17:00:00+00:00
2026-07-24,2026-08-07T14:30:35+00:00,DE,solar,chronos2_online,Chronos2 with covariates,weather_4p+tso_forecast,2208,2026-07-24 23:00:00+00:00,37.2994384765625,5.883402351060219,,2026-04-23 18:00:00+00:00,2026-07-24 17:00:00+00:00
2026-07-24,2026-08-07T14:30:35+00:00,DE,solar,chronos2_online,Chronos2 with covariates,weather_4p+tso_forecast,2208,2026-07-25 00:00:00+00:00,40.137939453125,158.46651442503756,,2026-04-23 18:00:00+00:00,2026-07-24 17:00:00+00:00
2026-07-24,2026-08-07T14:30:35+00:00,DE,solar,chronos2_online,Chronos2 with covariates,weather_4p+tso_forecast,2208,2026-07-25 01:00:00+00:00,38.13934326171875,36.19031656964826,,2026-04-23 18:00:00+00:00,2026-07-24 17:00:00+00:00
2026-07-24,2026-08-07T14:30:35+00:00,DE,solar,chronos2_online,Chronos2 with covariates,weather_4p+tso_forecast,2208,2026-07-25 02:00:00+00:00,38.76214599609375,0.0,,2026-04-23 18:00:00+00:00,2026-07-24 17:00:00+00:00
2026-07-24,2026-08-07T14:30:35+00:00,DE,solar,chronos2_online,Chronos2 with covariates,weather_4p+tso_forecast,2208,2026-07-25 03:00:00+00:00,46.885009765625,0.0,,2026-04-23 18:00:00+00:00,2026-07-24 17:00:00+00:00
2026-07-24,2026-08-07T14:30:35+00:00,DE,solar,chronos2_online,Chronos2 with covariates,weather_4p+tso_forecast,2208,2026-07-25 04:00:00+00:00,39.1669921875,4.708256436271554,,2026-04-23 18:00:00+00:00,2026-07-24 17:00:00+00:00
2026-07-24,2026-08-07T14:30:35+00:00,DE,solar,chronos2_online,Chronos2 with covariates,weather_4p+tso_forecast,2208,2026-07-25 05:00:00+00:00,41.05926513671875,11.676375449046262,,2026-04-23 18:00:00+00:00,2026-07-24 17:00:00+00:00
2026-07-24,2026-08-07T14:30:35+00:00,DE,solar,chronos2_online,Chronos2 with covariates,weather_4p+tso_forecast,2208,2026-07-25 06:00:00+00:00,67.1768798828125,55.5272580320762,,2026-04-23 18:00:00+00:00,2026-07-24 17:00:00+00:00
2026-07-24,2026-08-07T14:30:35+00:00,DE,solar,chronos2_online,Chronos2 with covariates,weather_4p+tso_forecast,2208,2026-07-25 07:00:00+00:00,552.0023193359375,798.4904795387364,,2026-04-23 18:00:00+00:00,2026-07-24 17:00:00+00:00
2026-07-24,2026-08-07T14:30:35+00:00,DE,solar,chronos2_online,Chronos2 with covariates,weather_4p+tso_forecast,2208,2026-07-25 08:00:00+00:00,1043.50439453125,1470.814139518226,,2026-04-23 18:00:00+00:00,2026-07-24 17:00:00+00:00
2026-07-24,2026-08-07T14:30:35+00:00,DE,solar,chronos2_online,Chronos2 with covariates,weather_4p+tso_forecast,2208,2026-07-25 09:00:00+00:00,1462.0467529296875,2044.9270986950826,,2026-04-23 18:00:00+00:00,2026-07-24 17:00:00+00:00
2026-07-24,2026-08-07T14:30:35+00:00,DE,solar,chronos2_online,Chronos2 with covariates,weather_4p+tso_forecast,2208,2026-07-25 10:00:00+00:00,1794.77783203125,2510.230141511065,,2026-04-23 18:00:00+00:00,2026-07-24 17:00:00+00:00
2026-07-24,2026-08-07T14:30:35+00:00,DE,solar,chronos2_online,Chronos2 with covariates,weather_4p+tso_forecast,2208,2026-07-25 11:00:00+00:00,2005.755859375,2836.577414031778,,2026-04-23 18:00:00+00:00,2026-07-24 17:00:00+00:00
2026-07-24,2026-08-07T14:30:35+00:00,DE,solar,chronos2_online,Chronos2 with covariates,weather_4p+tso_forecast,2208,2026-07-25 12:00:00+00:00,2098.551025390625,3021.568425058482,,2026-04-23 18:00:00+00:00,2026-07-24 17:00:00+00:00
2026-07-24,2026-08-07T14:30:35+00:00,DE,solar,chronos2_online,Chronos2 with covariates,weather_4p+tso_forecast,2208,2026-07-25 13:00:00+00:00,2100.962890625,2962.2552421931046,,2026-04-23 18:00:00+00:00,2026-07-24 17:00:00+00:00
2026-07-24,2026-08-07T14:30:35+00:00,DE,solar,chronos2_online,Chronos2 with covariates,weather_4p+tso_forecast,2208,2026-07-25 14:00:00+00:00,1980.7978515625,2937.4857268565456,,2026-04-23 18:00:00+00:00,2026-07-24 17:00:00+00:00
2026-07-24,2026-08-07T14:30:35+00:00,DE,solar,chronos2_online,Chronos2 with covariates,weather_4p+tso_forecast,2208,2026-07-25 15:00:00+00:00,1742.50830078125,2595.233092420406,,2026-04-23 18:00:00+00:00,2026-07-24 17:00:00+00:00
2026-07-24,2026-08-07T14:30:35+00:00,DE,solar,chronos2_online,Chronos2 with covariates,weather_4p+tso_forecast,2208,2026-07-25 16:00:00+00:00,1420.449462890625,1893.6080275223806,,2026-04-23 18:00:00+00:00,2026-07-24 17:00:00+00:00
2026-07-24,2026-08-07T14:30:35+00:00,DE,solar,chronos2_online,Chronos2 with covariates,weather_4p+tso_forecast,2208,2026-07-25 17:00:00+00:00,1028.80322265625,1554.9230167349033,,2026-04-23 18:00:00+00:00,2026-07-24 17:00:00+00:00
2026-07-24,2026-08-07T14:30:35+00:00,DE,solar,xgboost_online,XGBoost with covariates,weather_4p+tso_forecast,2208,2026-07-24 18:00:00+00:00,677.3619995117188,722.027965195875,,2026-04-23 18:00:00+00:00,2026-07-24 17:00:00+00:00
2026-07-24,2026-08-07T14:30:35+00:00,DE,solar,xgboost_online,XGBoost with covariates,weather_4p+tso_forecast,2208,2026-07-24 19:00:00+00:00,25.537216186523438,0.0,,2026-04-23 18:00:00+00:00,2026-07-24 17:00:00+00:00
2026-07-24,2026-08-07T14:30:35+00:00,DE,solar,xgboost_online,XGBoost with covariates,weather_4p+tso_forecast,2208,2026-07-24 20:00:00+00:00,28.135189056396484,116.4069643147805,,2026-04-23 18:00:00+00:00,2026-07-24 17:00:00+00:00
2026-07-24,2026-08-07T14:30:35+00:00,DE,solar,xgboost_online,XGBoost with covariates,weather_4p+tso_forecast,2208,2026-07-24 21:00:00+00:00,26.126754760742188,70.79608365258123,,2026-04-23 18:00:00+00:00,2026-07-24 17:00:00+00:00
2026-07-24,2026-08-07T14:30:35+00:00,DE,solar,xgboost_online,XGBoost with covariates,weather_4p+tso_forecast,2208,2026-07-24 22:00:00+00:00,25.537216186523438,0.0,,2026-04-23 18:00:00+00:00,2026-07-24 17:00:00+00:00
2026-07-24,2026-08-07T14:30:35+00:00,DE,solar,xgboost_online,XGBoost with covariates,weather_4p+tso_forecast,2208,2026-07-24 23:00:00+00:00,25.537216186523438,5.883402351060219,,2026-04-23 18:00:00+00:00,2026-07-24 17:00:00+00:00
2026-07-24,2026-08-07T14:30:35+00:00,DE,solar,xgboost_online,XGBoost with covariates,weather_4p+tso_forecast,2208,2026-07-25 00:00:00+00:00,29.366376876831055,158.46651442503756,,2026-04-23 18:00:00+00:00,2026-07-24 17:00:00+00:00
2026-07-24,2026-08-07T14:30:35+00:00,DE,solar,xgboost_online,XGBoost with covariates,weather_4p+tso_forecast,2208,2026-07-25 01:00:00+00:00,25.769371032714844,36.19031656964826,,2026-04-23 18:00:00+00:00,2026-07-24 17:00:00+00:00
2026-07-24,2026-08-07T14:30:35+00:00,DE,solar,xgboost_online,XGBoost with covariates,weather_4p+tso_forecast,2208,2026-07-25 02:00:00+00:00,25.537216186523438,0.0,,2026-04-23 18:00:00+00:00,2026-07-24 17:00:00+00:00
2026-07-24,2026-08-07T14:30:35+00:00,DE,solar,xgboost_online,XGBoost with covariates,weather_4p+tso_forecast,2208,2026-07-25 03:00:00+00:00,25.537216186523438,0.0,,2026-04-23 18:00:00+00:00,2026-07-24 17:00:00+00:00
2026-07-24,2026-08-07T14:30:35+00:00,DE,solar,xgboost_online,XGBoost with covariates,weather_4p+tso_forecast,2208,2026-07-25 04:00:00+00:00,25.537216186523438,4.708256436271554,,2026-04-23 18:00:00+00:00,2026-07-24 17:00:00+00:00
2026-07-24,2026-08-07T14:30:35+00:00,DE,solar,xgboost_online,XGBoost with covariates,weather_4p+tso_forecast,2208,2026-07-25 05:00:00+00:00,25.537216186523438,11.676375449046262,,2026-04-23 18:00:00+00:00,2026-07-24 17:00:00+00:00
2026-07-24,2026-08-07T14:30:35+00:00,DE,solar,xgboost_online,XGBoost with covariates,weather_4p+tso_forecast,2208,2026-07-25 06:00:00+00:00,25.769371032714844,55.5272580320762,,2026-04-23 18:00:00+00:00,2026-07-24 17:00:00+00:00
2026-07-24,2026-08-07T14:30:35+00:00,DE,solar,xgboost_online,XGBoost with covariates,weather_4p+tso_forecast,2208,2026-07-25 07:00:00+00:00,703.9873657226562,798.4904795387364,,2026-04-23 18:00:00+00:00,2026-07-24 17:00:00+00:00
2026-07-24,2026-08-07T14:30:35+00:00,DE,solar,xgboost_online,XGBoost with covariates,weather_4p+tso_forecast,2208,2026-07-25 08:00:00+00:00,1437.357177734375,1470.814139518226,,2026-04-23 18:00:00+00:00,2026-07-24 17:00:00+00:00
2026-07-24,2026-08-07T14:30:35+00:00,DE,solar,xgboost_online,XGBoost with covariates,weather_4p+tso_forecast,2208,2026-07-25 09:00:00+00:00,2029.6024169921875,2044.9270986950826,,2026-04-23 18:00:00+00:00,2026-07-24 17:00:00+00:00
2026-07-24,2026-08-07T14:30:35+00:00,DE,solar,xgboost_online,XGBoost with covariates,weather_4p+tso_forecast,2208,2026-07-25 10:00:00+00:00,2490.25830078125,2510.230141511065,,2026-04-23 18:00:00+00:00,2026-07-24 17:00:00+00:00
2026-07-24,2026-08-07T14:30:35+00:00,DE,solar,xgboost_online,XGBoost with covariates,weather_4p+tso_forecast,2208,2026-07-25 11:00:00+00:00,2798.533935546875,2836.577414031778,,2026-04-23 18:00:00+00:00,2026-07-24 17:00:00+00:00
2026-07-24,2026-08-07T14:30:35+00:00,DE,solar,xgboost_online,XGBoost with covariates,weather_4p+tso_forecast,2208,2026-07-25 12:00:00+00:00,2840.4560546875,3021.568425058482,,2026-04-23 18:00:00+00:00,2026-07-24 17:00:00+00:00
2026-07-24,2026-08-07T14:30:35+00:00,DE,solar,xgboost_online,XGBoost with covariates,weather_4p+tso_forecast,2208,2026-07-25 13:00:00+00:00,2840.4560546875,2962.2552421931046,,2026-04-23 18:00:00+00:00,2026-07-24 17:00:00+00:00
2026-07-24,2026-08-07T14:30:35+00:00,DE,solar,xgboost_online,XGBoost with covariates,weather_4p+tso_forecast,2208,2026-07-25 14:00:00+00:00,2826.165771484375,2937.4857268565456,,2026-04-23 18:00:00+00:00,2026-07-24 17:00:00+00:00
2026-07-24,2026-08-07T14:30:35+00:00,DE,solar,xgboost_online,XGBoost with covariates,weather_4p+tso_forecast,2208,2026-07-25 15:00:00+00:00,2593.0234375,2595.233092420406,,2026-04-23 18:00:00+00:00,2026-07-24 17:00:00+00:00
2026-07-24,2026-08-07T14:30:35+00:00,DE,solar,xgboost_online,XGBoost with covariates,weather_4p+tso_forecast,2208,2026-07-25 16:00:00+00:00,1877.913330078125,1893.6080275223806,,2026-04-23 18:00:00+00:00,2026-07-24 17:00:00+00:00
2026-07-24,2026-08-07T14:30:35+00:00,DE,solar,xgboost_online,XGBoost with covariates,weather_4p+tso_forecast,2208,2026-07-25 17:00:00+00:00,1485.1339111328125,1554.9230167349033,,2026-04-23 18:00:00+00:00,2026-07-24 17:00:00+00:00
2026-07-24,2026-08-07T14:30:35+00:00,DE,wind_onshore,tso_reference,TSO forecast,tso_forecast,2208,2026-07-24 18:00:00+00:00,5652.133128160402,5652.133128160402,,2026-04-23 18:00:00+00:00,2026-07-24 17:00:00+00:00
2026-07-24,2026-08-07T14:30:35+00:00,DE,wind_onshore,tso_reference,TSO forecast,tso_forecast,2208,2026-07-24 19:00:00+00:00,5746.5923062707,5746.5923062707,,2026-04-23 18:00:00+00:00,2026-07-24 17:00:00+00:00
2026-07-24,2026-08-07T14:30:35+00:00,DE,wind_onshore,tso_reference,TSO forecast,tso_forecast,2208,2026-07-24 20:00:00+00:00,5944.387399400728,5944.387399400728,,2026-04-23 18:00:00+00:00,2026-07-24 17:00:00+00:00
2026-07-24,2026-08-07T14:30:35+00:00,DE,wind_onshore,tso_reference,TSO forecast,tso_forecast,2208,2026-07-24 21:00:00+00:00,5945.0563968923,5945.0563968923,,2026-04-23 18:00:00+00:00,2026-07-24 17:00:00+00:00
2026-07-24,2026-08-07T14:30:35+00:00,DE,wind_onshore,tso_reference,TSO forecast,tso_forecast,2208,2026-07-24 22:00:00+00:00,5800.353919987838,5800.353919987838,,2026-04-23 18:00:00+00:00,2026-07-24 17:00:00+00:00
2026-07-24,2026-08-07T14:30:35+00:00,DE,wind_onshore,tso_reference,TSO forecast,tso_forecast,2208,2026-07-24 23:00:00+00:00,5939.702669703328,5939.702669703328,,2026-04-23 18:00:00+00:00,2026-07-24 17:00:00+00:00
2026-07-24,2026-08-07T14:30:35+00:00,DE,wind_onshore,tso_reference,TSO forecast,tso_forecast,2208,2026-07-25 00:00:00+00:00,6130.697939629441,6130.697939629441,,2026-04-23 18:00:00+00:00,2026-07-24 17:00:00+00:00
2026-07-24,2026-08-07T14:30:35+00:00,DE,wind_onshore,tso_reference,TSO forecast,tso_forecast,2208,2026-07-25 01:00:00+00:00,5949.1709327058425,5949.1709327058425,,2026-04-23 18:00:00+00:00,2026-07-24 17:00:00+00:00
2026-07-24,2026-08-07T14:30:35+00:00,DE,wind_onshore,tso_reference,TSO forecast,tso_forecast,2208,2026-07-25 02:00:00+00:00,5867.2179938338195,5867.2179938338195,,2026-04-23 18:00:00+00:00,2026-07-24 17:00:00+00:00
2026-07-24,2026-08-07T14:30:35+00:00,DE,wind_onshore,tso_reference,TSO forecast,tso_forecast,2208,2026-07-25 03:00:00+00:00,5857.97072628961,5857.97072628961,,2026-04-23 18:00:00+00:00,2026-07-24 17:00:00+00:00
2026-07-24,2026-08-07T14:30:35+00:00,DE,wind_onshore,tso_reference,TSO forecast,tso_forecast,2208,2026-07-25 04:00:00+00:00,6031.571209310036,6031.571209310036,,2026-04-23 18:00:00+00:00,2026-07-24 17:00:00+00:00
2026-07-24,2026-08-07T14:30:35+00:00,DE,wind_onshore,tso_reference,TSO forecast,tso_forecast,2208,2026-07-25 05:00:00+00:00,6014.745086298338,6014.745086298338,,2026-04-23 18:00:00+00:00,2026-07-24 17:00:00+00:00
2026-07-24,2026-08-07T14:30:35+00:00,DE,wind_onshore,tso_reference,TSO forecast,tso_forecast,2208,2026-07-25 06:00:00+00:00,5888.467775768308,5888.467775768308,,2026-04-23 18:00:00+00:00,2026-07-24 17:00:00+00:00
2026-07-24,2026-08-07T14:30:35+00:00,DE,wind_onshore,tso_reference,TSO forecast,tso_forecast,2208,2026-07-25 07:00:00+00:00,6178.949635303059,6178.949635303059,,2026-04-23 18:00:00+00:00,2026-07-24 17:00:00+00:00
2026-07-24,2026-08-07T14:30:35+00:00,DE,wind_onshore,tso_reference,TSO forecast,tso_forecast,2208,2026-07-25 08:00:00+00:00,5994.658143341027,5994.658143341027,,2026-04-23 18:00:00+00:00,2026-07-24 17:00:00+00:00
2026-07-24,2026-08-07T14:30:35+00:00,DE,wind_onshore,tso_reference,TSO forecast,tso_forecast,2208,2026-07-25 09:00:00+00:00,5921.751174617804,5921.751174617804,,2026-04-23 18:00:00+00:00,2026-07-24 17:00:00+00:00
2026-07-24,2026-08-07T14:30:35+00:00,DE,wind_onshore,tso_reference,TSO forecast,tso_forecast,2208,2026-07-25 10:00:00+00:00,5957.965529136922,5957.965529136922,,2026-04-23 18:00:00+00:00,2026-07-24 17:00:00+00:00
2026-07-24,2026-08-07T14:30:35+00:00,DE,wind_onshore,tso_reference,TSO forecast,tso_forecast,2208,2026-07-25 11:00:00+00:00,5780.220952040175,5780.220952040175,,2026-04-23 18:00:00+00:00,2026-07-24 17:00:00+00:00
2026-07-24,2026-08-07T14:30:35+00:00,DE,wind_onshore,tso_reference,TSO forecast,tso_forecast,2208,2026-07-25 12:00:00+00:00,5576.3622151840855,5576.3622151840855,,2026-04-23 18:00:00+00:00,2026-07-24 17:00:00+00:00
2026-07-24,2026-08-07T14:30:35+00:00,DE,wind_onshore,tso_reference,TSO forecast,tso_forecast,2208,2026-07-25 13:00:00+00:00,5708.597535373495,5708.597535373495,,2026-04-23 18:00:00+00:00,2026-07-24 17:00:00+00:00
2026-07-24,2026-08-07T14:30:35+00:00,DE,wind_onshore,tso_reference,TSO forecast,tso_forecast,2208,2026-07-25 14:00:00+00:00,5661.219025607131,5661.219025607131,,2026-04-23 18:00:00+00:00,2026-07-24 17:00:00+00:00
2026-07-24,2026-08-07T14:30:35+00:00,DE,wind_onshore,tso_reference,TSO forecast,tso_forecast,2208,2026-07-25 15:00:00+00:00,5531.83875447214,5531.83875447214,,2026-04-23 18:00:00+00:00,2026-07-24 17:00:00+00:00
2026-07-24,2026-08-07T14:30:35+00:00,DE,wind_onshore,tso_reference,TSO forecast,tso_forecast,2208,2026-07-25 16:00:00+00:00,5605.448411527342,5605.448411527342,,2026-04-23 18:00:00+00:00,2026-07-24 17:00:00+00:00
2026-07-24,2026-08-07T14:30:35+00:00,DE,wind_onshore,tso_reference,TSO forecast,tso_forecast,2208,2026-07-25 17:00:00+00:00,5474.273552202555,5474.273552202555,,2026-04-23 18:00:00+00:00,2026-07-24 17:00:00+00:00
2026-07-24,2026-08-07T14:30:35+00:00,DE,wind_onshore,persistence,Persistence,daily_persistence,2208,2026-07-24 18:00:00+00:00,5183.80626176882,5652.133128160402,,2026-04-23 18:00:00+00:00,2026-07-24 17:00:00+00:00
2026-07-24,2026-08-07T14:30:35+00:00,DE,wind_onshore,persistence,Persistence,daily_persistence,2208,2026-07-24 19:00:00+00:00,5112.039118807528,5746.5923062707,,2026-04-23 18:00:00+00:00,2026-07-24 17:00:00+00:00
2026-07-24,2026-08-07T14:30:35+00:00,DE,wind_onshore,persistence,Persistence,daily_persistence,2208,2026-07-24 20:00:00+00:00,4974.591363723313,5944.387399400728,,2026-04-23 18:00:00+00:00,2026-07-24 17:00:00+00:00
2026-07-24,2026-08-07T14:30:35+00:00,DE,wind_onshore,persistence,Persistence,daily_persistence,2208,2026-07-24 21:00:00+00:00,5027.596368242384,5945.0563968923,,2026-04-23 18:00:00+00:00,2026-07-24 17:00:00+00:00
2026-07-24,2026-08-07T14:30:35+00:00,DE,wind_onshore,persistence,Persistence,daily_persistence,2208,2026-07-24 22:00:00+00:00,4906.839160955284,5800.353919987838,,2026-04-23 18:00:00+00:00,2026-07-24 17:00:00+00:00
2026-07-24,2026-08-07T14:30:35+00:00,DE,wind_onshore,persistence,Persistence,daily_persistence,2208,2026-07-24 23:00:00+00:00,4819.694802626772,5939.702669703328,,2026-04-23 18:00:00+00:00,2026-07-24 17:00:00+00:00
2026-07-24,2026-08-07T14:30:35+00:00,DE,wind_onshore,persistence,Persistence,daily_persistence,2208,2026-07-25 00:00:00+00:00,4808.951746201604,6130.697939629441,,2026-04-23 18:00:00+00:00,2026-07-24 17:00:00+00:00
2026-07-24,2026-08-07T14:30:35+00:00,DE,wind_onshore,persistence,Persistence,daily_persistence,2208,2026-07-25 01:00:00+00:00,4737.02278057927,5949.1709327058425,,2026-04-23 18:00:00+00:00,2026-07-24 17:00:00+00:00
2026-07-24,2026-08-07T14:30:35+00:00,DE,wind_onshore,persistence,Persistence,daily_persistence,2208,2026-07-25 02:00:00+00:00,4676.882273061035,5867.2179938338195,,2026-04-23 18:00:00+00:00,2026-07-24 17:00:00+00:00
2026-07-24,2026-08-07T14:30:35+00:00,DE,wind_onshore,persistence,Persistence,daily_persistence,2208,2026-07-25 03:00:00+00:00,4484.526957474909,5857.97072628961,,2026-04-23 18:00:00+00:00,2026-07-24 17:00:00+00:00
2026-07-24,2026-08-07T14:30:35+00:00,DE,wind_onshore,persistence,Persistence,daily_persistence,2208,2026-07-25 04:00:00+00:00,4392.520230503064,6031.571209310036,,2026-04-23 18:00:00+00:00,2026-07-24 17:00:00+00:00
2026-07-24,2026-08-07T14:30:35+00:00,DE,wind_onshore,persistence,Persistence,daily_persistence,2208,2026-07-25 05:00:00+00:00,4402.4998800325675,6014.745086298338,,2026-04-23 18:00:00+00:00,2026-07-24 17:00:00+00:00
2026-07-24,2026-08-07T14:30:35+00:00,DE,wind_onshore,persistence,Persistence,daily_persistence,2208,2026-07-25 06:00:00+00:00,4199.284244006828,5888.467775768308,,2026-04-23 18:00:00+00:00,2026-07-24 17:00:00+00:00
2026-07-24,2026-08-07T14:30:35+00:00,DE,wind_onshore,persistence,Persistence,daily_persistence,2208,2026-07-25 07:00:00+00:00,4190.9332346019,6178.949635303059,,2026-04-23 18:00:00+00:00,2026-07-24 17:00:00+00:00
2026-07-24,2026-08-07T14:30:35+00:00,DE,wind_onshore,persistence,Persistence,daily_persistence,2208,2026-07-25 08:00:00+00:00,4116.753653927262,5994.658143341027,,2026-04-23 18:00:00+00:00,2026-07-24 17:00:00+00:00
2026-07-24,2026-08-07T14:30:35+00:00,DE,wind_onshore,persistence,Persistence,daily_persistence,2208,2026-07-25 09:00:00+00:00,3937.211778253715,5921.751174617804,,2026-04-23 18:00:00+00:00,2026-07-24 17:00:00+00:00
2026-07-24,2026-08-07T14:30:35+00:00,DE,wind_onshore,persistence,Persistence,daily_persistence,2208,2026-07-25 10:00:00+00:00,3873.2932227741176,5957.965529136922,,2026-04-23 18:00:00+00:00,2026-07-24 17:00:00+00:00
2026-07-24,2026-08-07T14:30:35+00:00,DE,wind_onshore,persistence,Persistence,daily_persistence,2208,2026-07-25 11:00:00+00:00,3882.765715092647,5780.220952040175,,2026-04-23 18:00:00+00:00,2026-07-24 17:00:00+00:00
2026-07-24,2026-08-07T14:30:35+00:00,DE,wind_onshore,persistence,Persistence,daily_persistence,2208,2026-07-25 12:00:00+00:00,3698.3968997348975,5576.3622151840855,,2026-04-23 18:00:00+00:00,2026-07-24 17:00:00+00:00
2026-07-24,2026-08-07T14:30:35+00:00,DE,wind_onshore,persistence,Persistence,daily_persistence,2208,2026-07-25 13:00:00+00:00,3641.653635298508,5708.597535373495,,2026-04-23 18:00:00+00:00,2026-07-24 17:00:00+00:00
2026-07-24,2026-08-07T14:30:35+00:00,DE,wind_onshore,persistence,Persistence,daily_persistence,2208,2026-07-25 14:00:00+00:00,3513.3607659929985,5661.219025607131,,2026-04-23 18:00:00+00:00,2026-07-24 17:00:00+00:00
2026-07-24,2026-08-07T14:30:35+00:00,DE,wind_onshore,persistence,Persistence,daily_persistence,2208,2026-07-25 15:00:00+00:00,3475.574932137272,5531.83875447214,,2026-04-23 18:00:00+00:00,2026-07-24 17:00:00+00:00
2026-07-24,2026-08-07T14:30:35+00:00,DE,wind_onshore,persistence,Persistence,daily_persistence,2208,2026-07-25 16:00:00+00:00,3373.065613630613,5605.448411527342,,2026-04-23 18:00:00+00:00,2026-07-24 17:00:00+00:00
2026-07-24,2026-08-07T14:30:35+00:00,DE,wind_onshore,persistence,Persistence,daily_persistence,2208,2026-07-25 17:00:00+00:00,3291.835621217471,5474.273552202555,,2026-04-23 18:00:00+00:00,2026-07-24 17:00:00+00:00
2026-07-24,2026-08-07T14:30:35+00:00,DE,wind_onshore,chronos2_online,Chronos2 with covariates,weather_4p+tso_forecast,2208,2026-07-24 18:00:00+00:00,3403.185546875,5652.133128160402,,2026-04-23 18:00:00+00:00,2026-07-24 17:00:00+00:00
2026-07-24,2026-08-07T14:30:35+00:00,DE,wind_onshore,chronos2_online,Chronos2 with covariates,weather_4p+tso_forecast,2208,2026-07-24 19:00:00+00:00,3347.177001953125,5746.5923062707,,2026-04-23 18:00:00+00:00,2026-07-24 17:00:00+00:00
2026-07-24,2026-08-07T14:30:35+00:00,DE,wind_onshore,chronos2_online,Chronos2 with covariates,weather_4p+tso_forecast,2208,2026-07-24 20:00:00+00:00,3306.162841796875,5944.387399400728,,2026-04-23 18:00:00+00:00,2026-07-24 17:00:00+00:00
2026-07-24,2026-08-07T14:30:35+00:00,DE,wind_onshore,chronos2_online,Chronos2 with covariates,weather_4p+tso_forecast,2208,2026-07-24 21:00:00+00:00,3250.16015625,5945.0563968923,,2026-04-23 18:00:00+00:00,2026-07-24 17:00:00+00:00
2026-07-24,2026-08-07T14:30:35+00:00,DE,wind_onshore,chronos2_online,Chronos2 with covariates,weather_4p+tso_forecast,2208,2026-07-24 22:00:00+00:00,3188.638427734375,5800.353919987838,,2026-04-23 18:00:00+00:00,2026-07-24 17:00:00+00:00
2026-07-24,2026-08-07T14:30:35+00:00,DE,wind_onshore,chronos2_online,Chronos2 with covariates,weather_4p+tso_forecast,2208,2026-07-24 23:00:00+00:00,3150.14306640625,5939.702669703328,,2026-04-23 18:00:00+00:00,2026-07-24 17:00:00+00:00
2026-07-24,2026-08-07T14:30:35+00:00,DE,wind_onshore,chronos2_online,Chronos2 with covariates,weather_4p+tso_forecast,2208,2026-07-25 00:00:00+00:00,3138.333251953125,6130.697939629441,,2026-04-23 18:00:00+00:00,2026-07-24 17:00:00+00:00
2026-07-24,2026-08-07T14:30:35+00:00,DE,wind_onshore,chronos2_online,Chronos2 with covariates,weather_4p+tso_forecast,2208,2026-07-25 01:00:00+00:00,3132.2822265625,5949.1709327058425,,2026-04-23 18:00:00+00:00,2026-07-24 17:00:00+00:00
2026-07-24,2026-08-07T14:30:35+00:00,DE,wind_onshore,chronos2_online,Chronos2 with covariates,weather_4p+tso_forecast,2208,2026-07-25 02:00:00+00:00,3108.073486328125,5867.2179938338195,,2026-04-23 18:00:00+00:00,2026-07-24 17:00:00+00:00
2026-07-24,2026-08-07T14:30:35+00:00,DE,wind_onshore,chronos2_online,Chronos2 with covariates,weather_4p+tso_forecast,2208,2026-07-25 03:00:00+00:00,3094.6552734375,5857.97072628961,,2026-04-23 18:00:00+00:00,2026-07-24 17:00:00+00:00
2026-07-24,2026-08-07T14:30:35+00:00,DE,wind_onshore,chronos2_online,Chronos2 with covariates,weather_4p+tso_forecast,2208,2026-07-25 04:00:00+00:00,3078.296875,6031.571209310036,,2026-04-23 18:00:00+00:00,2026-07-24 17:00:00+00:00
2026-07-24,2026-08-07T14:30:35+00:00,DE,wind_onshore,chronos2_online,Chronos2 with covariates,weather_4p+tso_forecast,2208,2026-07-25 05:00:00+00:00,3078.1904296875,6014.745086298338,,2026-04-23 18:00:00+00:00,2026-07-24 17:00:00+00:00
2026-07-24,2026-08-07T14:30:35+00:00,DE,wind_onshore,chronos2_online,Chronos2 with covariates,weather_4p+tso_forecast,2208,2026-07-25 06:00:00+00:00,3088.396484375,5888.467775768308,,2026-04-23 18:00:00+00:00,2026-07-24 17:00:00+00:00
2026-07-24,2026-08-07T14:30:35+00:00,DE,wind_onshore,chronos2_online,Chronos2 with covariates,weather_4p+tso_forecast,2208,2026-07-25 07:00:00+00:00,3087.927734375,6178.949635303059,,2026-04-23 18:00:00+00:00,2026-07-24 17:00:00+00:00
2026-07-24,2026-08-07T14:30:35+00:00,DE,wind_onshore,chronos2_online,Chronos2 with covariates,weather_4p+tso_forecast,2208,2026-07-25 08:00:00+00:00,3092.8447265625,5994.658143341027,,2026-04-23 18:00:00+00:00,2026-07-24 17:00:00+00:00
2026-07-24,2026-08-07T14:30:35+00:00,DE,wind_onshore,chronos2_online,Chronos2 with covariates,weather_4p+tso_forecast,2208,2026-07-25 09:00:00+00:00,3096.175537109375,5921.751174617804,,2026-04-23 18:00:00+00:00,2026-07-24 17:00:00+00:00
2026-07-24,2026-08-07T14:30:35+00:00,DE,wind_onshore,chronos2_online,Chronos2 with covariates,weather_4p+tso_forecast,2208,2026-07-25 10:00:00+00:00,3119.13818359375,5957.965529136922,,2026-04-23 18:00:00+00:00,2026-07-24 17:00:00+00:00
2026-07-24,2026-08-07T14:30:35+00:00,DE,wind_onshore,chronos2_online,Chronos2 with covariates,weather_4p+tso_forecast,2208,2026-07-25 11:00:00+00:00,3129.84423828125,5780.220952040175,,2026-04-23 18:00:00+00:00,2026-07-24 17:00:00+00:00
2026-07-24,2026-08-07T14:30:35+00:00,DE,wind_onshore,chronos2_online,Chronos2 with covariates,weather_4p+tso_forecast,2208,2026-07-25 12:00:00+00:00,3173.3525390625,5576.3622151840855,,2026-04-23 18:00:00+00:00,2026-07-24 17:00:00+00:00
2026-07-24,2026-08-07T14:30:35+00:00,DE,wind_onshore,chronos2_online,Chronos2 with covariates,weather_4p+tso_forecast,2208,2026-07-25 13:00:00+00:00,3229.5771484375,5708.597535373495,,2026-04-23 18:00:00+00:00,2026-07-24 17:00:00+00:00
2026-07-24,2026-08-07T14:30:35+00:00,DE,wind_onshore,chronos2_online,Chronos2 with covariates,weather_4p+tso_forecast,2208,2026-07-25 14:00:00+00:00,3293.227783203125,5661.219025607131,,2026-04-23 18:00:00+00:00,2026-07-24 17:00:00+00:00
2026-07-24,2026-08-07T14:30:35+00:00,DE,wind_onshore,chronos2_online,Chronos2 with covariates,weather_4p+tso_forecast,2208,2026-07-25 15:00:00+00:00,3324.86279296875,5531.83875447214,,2026-04-23 18:00:00+00:00,2026-07-24 17:00:00+00:00
2026-07-24,2026-08-07T14:30:35+00:00,DE,wind_onshore,chronos2_online,Chronos2 with covariates,weather_4p+tso_forecast,2208,2026-07-25 16:00:00+00:00,3383.9873046875,5605.448411527342,,2026-04-23 18:00:00+00:00,2026-07-24 17:00:00+00:00
2026-07-24,2026-08-07T14:30:35+00:00,DE,wind_onshore,chronos2_online,Chronos2 with covariates,weather_4p+tso_forecast,2208,2026-07-25 17:00:00+00:00,3450.5859375,5474.273552202555,,2026-04-23 18:00:00+00:00,2026-07-24 17:00:00+00:00
2026-07-24,2026-08-07T14:30:35+00:00,DE,wind_onshore,xgboost_online,XGBoost with covariates,weather_4p+tso_forecast,2208,2026-07-24 18:00:00+00:00,5460.33251953125,5652.133128160402,,2026-04-23 18:00:00+00:00,2026-07-24 17:00:00+00:00
2026-07-24,2026-08-07T14:30:35+00:00,DE,wind_onshore,xgboost_online,XGBoost with covariates,weather_4p+tso_forecast,2208,2026-07-24 19:00:00+00:00,5623.5751953125,5746.5923062707,,2026-04-23 18:00:00+00:00,2026-07-24 17:00:00+00:00
2026-07-24,2026-08-07T14:30:35+00:00,DE,wind_onshore,xgboost_online,XGBoost with covariates,weather_4p+tso_forecast,2208,2026-07-24 20:00:00+00:00,5807.095703125,5944.387399400728,,2026-04-23 18:00:00+00:00,2026-07-24 17:00:00+00:00
2026-07-24,2026-08-07T14:30:35+00:00,DE,wind_onshore,xgboost_online,XGBoost with covariates,weather_4p+tso_forecast,2208,2026-07-24 21:00:00+00:00,5805.3408203125,5945.0563968923,,2026-04-23 18:00:00+00:00,2026-07-24 17:00:00+00:00
2026-07-24,2026-08-07T14:30:35+00:00,DE,wind_onshore,xgboost_online,XGBoost with covariates,weather_4p+tso_forecast,2208,2026-07-24 22:00:00+00:00,5671.19921875,5800.353919987838,,2026-04-23 18:00:00+00:00,2026-07-24 17:00:00+00:00
2026-07-24,2026-08-07T14:30:35+00:00,DE,wind_onshore,xgboost_online,XGBoost with covariates,weather_4p+tso_forecast,2208,2026-07-24 23:00:00+00:00,5805.3408203125,5939.702669703328,,2026-04-23 18:00:00+00:00,2026-07-24 17:00:00+00:00
2026-07-24,2026-08-07T14:30:35+00:00,DE,wind_onshore,xgboost_online,XGBoost with covariates,weather_4p+tso_forecast,2208,2026-07-25 00:00:00+00:00,5940.1923828125,6130.697939629441,,2026-04-23 18:00:00+00:00,2026-07-24 17:00:00+00:00
2026-07-24,2026-08-07T14:30:35+00:00,DE,wind_onshore,xgboost_online,XGBoost with covariates,weather_4p+tso_forecast,2208,2026-07-25 01:00:00+00:00,5801.87744140625,5949.1709327058425,,2026-04-23 18:00:00+00:00,2026-07-24 17:00:00+00:00
2026-07-24,2026-08-07T14:30:35+00:00,DE,wind_onshore,xgboost_online,XGBoost with covariates,weather_4p+tso_forecast,2208,2026-07-25 02:00:00+00:00,5758.5380859375,5867.2179938338195,,2026-04-23 18:00:00+00:00,2026-07-24 17:00:00+00:00
2026-07-24,2026-08-07T14:30:35+00:00,DE,wind_onshore,xgboost_online,XGBoost with covariates,weather_4p+tso_forecast,2208,2026-07-25 03:00:00+00:00,5755.6826171875,5857.97072628961,,2026-04-23 18:00:00+00:00,2026-07-24 17:00:00+00:00
2026-07-24,2026-08-07T14:30:35+00:00,DE,wind_onshore,xgboost_online,XGBoost with covariates,weather_4p+tso_forecast,2208,2026-07-25 04:00:00+00:00,5903.5029296875,6031.571209310036,,2026-04-23 18:00:00+00:00,2026-07-24 17:00:00+00:00
2026-07-24,2026-08-07T14:30:35+00:00,DE,wind_onshore,xgboost_online,XGBoost with covariates,weather_4p+tso_forecast,2208,2026-07-25 05:00:00+00:00,5804.24169921875,6014.745086298338,,2026-04-23 18:00:00+00:00,2026-07-24 17:00:00+00:00
2026-07-24,2026-08-07T14:30:35+00:00,DE,wind_onshore,xgboost_online,XGBoost with covariates,weather_4p+tso_forecast,2208,2026-07-25 06:00:00+00:00,5758.611328125,5888.467775768308,,2026-04-23 18:00:00+00:00,2026-07-24 17:00:00+00:00
2026-07-24,2026-08-07T14:30:35+00:00,DE,wind_onshore,xgboost_online,XGBoost with covariates,weather_4p+tso_forecast,2208,2026-07-25 07:00:00+00:00,5961.892578125,6178.949635303059,,2026-04-23 18:00:00+00:00,2026-07-24 17:00:00+00:00
2026-07-24,2026-08-07T14:30:35+00:00,DE,wind_onshore,xgboost_online,XGBoost with covariates,weather_4p+tso_forecast,2208,2026-07-25 08:00:00+00:00,5807.17041015625,5994.658143341027,,2026-04-23 18:00:00+00:00,2026-07-24 17:00:00+00:00
2026-07-24,2026-08-07T14:30:35+00:00,DE,wind_onshore,xgboost_online,XGBoost with covariates,weather_4p+tso_forecast,2208,2026-07-25 09:00:00+00:00,5777.3310546875,5921.751174617804,,2026-04-23 18:00:00+00:00,2026-07-24 17:00:00+00:00
2026-07-24,2026-08-07T14:30:35+00:00,DE,wind_onshore,xgboost_online,XGBoost with covariates,weather_4p+tso_forecast,2208,2026-07-25 10:00:00+00:00,5804.8115234375,5957.965529136922,,2026-04-23 18:00:00+00:00,2026-07-24 17:00:00+00:00
2026-07-24,2026-08-07T14:30:35+00:00,DE,wind_onshore,xgboost_online,XGBoost with covariates,weather_4p+tso_forecast,2208,2026-07-25 11:00:00+00:00,5624.552734375,5780.220952040175,,2026-04-23 18:00:00+00:00,2026-07-24 17:00:00+00:00
2026-07-24,2026-08-07T14:30:35+00:00,DE,wind_onshore,xgboost_online,XGBoost with covariates,weather_4p+tso_forecast,2208,2026-07-25 12:00:00+00:00,5449.19873046875,5576.3622151840855,,2026-04-23 18:00:00+00:00,2026-07-24 17:00:00+00:00
2026-07-24,2026-08-07T14:30:35+00:00,DE,wind_onshore,xgboost_online,XGBoost with covariates,weather_4p+tso_forecast,2208,2026-07-25 13:00:00+00:00,5499.85302734375,5708.597535373495,,2026-04-23 18:00:00+00:00,2026-07-24 17:00:00+00:00
2026-07-24,2026-08-07T14:30:35+00:00,DE,wind_onshore,xgboost_online,XGBoost with covariates,weather_4p+tso_forecast,2208,2026-07-25 14:00:00+00:00,5499.85302734375,5661.219025607131,,2026-04-23 18:00:00+00:00,2026-07-24 17:00:00+00:00
2026-07-24,2026-08-07T14:30:35+00:00,DE,wind_onshore,xgboost_online,XGBoost with covariates,weather_4p+tso_forecast,2208,2026-07-25 15:00:00+00:00,5363.53369140625,5531.83875447214,,2026-04-23 18:00:00+00:00,2026-07-24 17:00:00+00:00
2026-07-24,2026-08-07T14:30:35+00:00,DE,wind_onshore,xgboost_online,XGBoost with covariates,weather_4p+tso_forecast,2208,2026-07-25 16:00:00+00:00,5449.19873046875,5605.448411527342,,2026-04-23 18:00:00+00:00,2026-07-24 17:00:00+00:00
2026-07-24,2026-08-07T14:30:35+00:00,DE,wind_onshore,xgboost_online,XGBoost with covariates,weather_4p+tso_forecast,2208,2026-07-25 17:00:00+00:00,5308.31640625,5474.273552202555,,2026-04-23 18:00:00+00:00,2026-07-24 17:00:00+00:00
2026-07-24,2026-08-07T14:30:35+00:00,DE,wind_offshore,tso_reference,TSO forecast,tso_forecast,2208,2026-07-24 18:00:00+00:00,3886.9799774772637,3886.9799774772637,,2026-04-23 18:00:00+00:00,2026-07-24 17:00:00+00:00
2026-07-24,2026-08-07T14:30:35+00:00,DE,wind_offshore,tso_reference,TSO forecast,tso_forecast,2208,2026-07-24 19:00:00+00:00,3893.3637494945,3893.3637494945,,2026-04-23 18:00:00+00:00,2026-07-24 17:00:00+00:00
2026-07-24,2026-08-07T14:30:35+00:00,DE,wind_offshore,tso_reference,TSO forecast,tso_forecast,2208,2026-07-24 20:00:00+00:00,3963.280862496056,3963.280862496056,,2026-04-23 18:00:00+00:00,2026-07-24 17:00:00+00:00
2026-07-24,2026-08-07T14:30:35+00:00,DE,wind_offshore,tso_reference,TSO forecast,tso_forecast,2208,2026-07-24 21:00:00+00:00,3940.038287068746,3940.038287068746,,2026-04-23 18:00:00+00:00,2026-07-24 17:00:00+00:00
2026-07-24,2026-08-07T14:30:35+00:00,DE,wind_offshore,tso_reference,TSO forecast,tso_forecast,2208,2026-07-24 22:00:00+00:00,3886.411701732978,3886.411701732978,,2026-04-23 18:00:00+00:00,2026-07-24 17:00:00+00:00
2026-07-24,2026-08-07T14:30:35+00:00,DE,wind_offshore,tso_reference,TSO forecast,tso_forecast,2208,2026-07-24 23:00:00+00:00,3944.511480738087,3944.511480738087,,2026-04-23 18:00:00+00:00,2026-07-24 17:00:00+00:00
2026-07-24,2026-08-07T14:30:35+00:00,DE,wind_offshore,tso_reference,TSO forecast,tso_forecast,2208,2026-07-25 00:00:00+00:00,4061.9683066928537,4061.9683066928537,,2026-04-23 18:00:00+00:00,2026-07-24 17:00:00+00:00
2026-07-24,2026-08-07T14:30:35+00:00,DE,wind_offshore,tso_reference,TSO forecast,tso_forecast,2208,2026-07-25 01:00:00+00:00,3988.5189927531437,3988.5189927531437,,2026-04-23 18:00:00+00:00,2026-07-24 17:00:00+00:00
2026-07-24,2026-08-07T14:30:35+00:00,DE,wind_offshore,tso_reference,TSO forecast,tso_forecast,2208,2026-07-25 02:00:00+00:00,3958.808598169666,3958.808598169666,,2026-04-23 18:00:00+00:00,2026-07-24 17:00:00+00:00
2026-07-24,2026-08-07T14:30:35+00:00,DE,wind_offshore,tso_reference,TSO forecast,tso_forecast,2208,2026-07-25 03:00:00+00:00,3938.9031216853923,3938.9031216853923,,2026-04-23 18:00:00+00:00,2026-07-24 17:00:00+00:00
2026-07-24,2026-08-07T14:30:35+00:00,DE,wind_offshore,tso_reference,TSO forecast,tso_forecast,2208,2026-07-25 04:00:00+00:00,3846.1867610912905,3846.1867610912905,,2026-04-23 18:00:00+00:00,2026-07-24 17:00:00+00:00
2026-07-24,2026-08-07T14:30:35+00:00,DE,wind_offshore,tso_reference,TSO forecast,tso_forecast,2208,2026-07-25 05:00:00+00:00,3844.0532881592953,3844.0532881592953,,2026-04-23 18:00:00+00:00,2026-07-24 17:00:00+00:00
2026-07-24,2026-08-07T14:30:35+00:00,DE,wind_offshore,tso_reference,TSO forecast,tso_forecast,2208,2026-07-25 06:00:00+00:00,4023.194473495215,4023.194473495215,,2026-04-23 18:00:00+00:00,2026-07-24 17:00:00+00:00
2026-07-24,2026-08-07T14:30:35+00:00,DE,wind_offshore,tso_reference,TSO forecast,tso_forecast,2208,2026-07-25 07:00:00+00:00,3898.194929214853,3898.194929214853,,2026-04-23 18:00:00+00:00,2026-07-24 17:00:00+00:00
2026-07-24,2026-08-07T14:30:35+00:00,DE,wind_offshore,tso_reference,TSO forecast,tso_forecast,2208,2026-07-25 08:00:00+00:00,3947.264576151147,3947.264576151147,,2026-04-23 18:00:00+00:00,2026-07-24 17:00:00+00:00
2026-07-24,2026-08-07T14:30:35+00:00,DE,wind_offshore,tso_reference,TSO forecast,tso_forecast,2208,2026-07-25 09:00:00+00:00,4031.0523831058367,4031.0523831058367,,2026-04-23 18:00:00+00:00,2026-07-24 17:00:00+00:00
2026-07-24,2026-08-07T14:30:35+00:00,DE,wind_offshore,tso_reference,TSO forecast,tso_forecast,2208,2026-07-25 10:00:00+00:00,3964.6525555618423,3964.6525555618423,,2026-04-23 18:00:00+00:00,2026-07-24 17:00:00+00:00
2026-07-24,2026-08-07T14:30:35+00:00,DE,wind_offshore,tso_reference,TSO forecast,tso_forecast,2208,2026-07-25 11:00:00+00:00,3850.864295713559,3850.864295713559,,2026-04-23 18:00:00+00:00,2026-07-24 17:00:00+00:00
2026-07-24,2026-08-07T14:30:35+00:00,DE,wind_offshore,tso_reference,TSO forecast,tso_forecast,2208,2026-07-25 12:00:00+00:00,3883.886597520043,3883.886597520043,,2026-04-23 18:00:00+00:00,2026-07-24 17:00:00+00:00
2026-07-24,2026-08-07T14:30:35+00:00,DE,wind_offshore,tso_reference,TSO forecast,tso_forecast,2208,2026-07-25 13:00:00+00:00,3863.70954212398,3863.70954212398,,2026-04-23 18:00:00+00:00,2026-07-24 17:00:00+00:00
2026-07-24,2026-08-07T14:30:35+00:00,DE,wind_offshore,tso_reference,TSO forecast,tso_forecast,2208,2026-07-25 14:00:00+00:00,3851.783694537157,3851.783694537157,,2026-04-23 18:00:00+00:00,2026-07-24 17:00:00+00:00
2026-07-24,2026-08-07T14:30:35+00:00,DE,wind_offshore,tso_reference,TSO forecast,tso_forecast,2208,2026-07-25 15:00:00+00:00,3759.7438116224757,3759.7438116224757,,2026-04-23 18:00:00+00:00,2026-07-24 17:00:00+00:00
2026-07-24,2026-08-07T14:30:35+00:00,DE,wind_offshore,tso_reference,TSO forecast,tso_forecast,2208,2026-07-25 16:00:00+00:00,3843.0491151245997,3843.0491151245997,,2026-04-23 18:00:00+00:00,2026-07-24 17:00:00+00:00
2026-07-24,2026-08-07T14:30:35+00:00,DE,wind_offshore,tso_reference,TSO forecast,tso_forecast,2208,2026-07-25 17:00:00+00:00,3701.7817009696714,3701.7817009696714,,2026-04-23 18:00:00+00:00,2026-07-24 17:00:00+00:00
2026-07-24,2026-08-07T14:30:35+00:00,DE,wind_offshore,persistence,Persistence,daily_persistence,2208,2026-07-24 18:00:00+00:00,3051.0791629470305,3886.9799774772637,,2026-04-23 18:00:00+00:00,2026-07-24 17:00:00+00:00
2026-07-24,2026-08-07T14:30:35+00:00,DE,wind_offshore,persistence,Persistence,daily_persistence,2208,2026-07-24 19:00:00+00:00,3013.175455381405,3893.3637494945,,2026-04-23 18:00:00+00:00,2026-07-24 17:00:00+00:00
2026-07-24,2026-08-07T14:30:35+00:00,DE,wind_offshore,persistence,Persistence,daily_persistence,2208,2026-07-24 20:00:00+00:00,2982.269231164715,3963.280862496056,,2026-04-23 18:00:00+00:00,2026-07-24 17:00:00+00:00
2026-07-24,2026-08-07T14:30:35+00:00,DE,wind_offshore,persistence,Persistence,daily_persistence,2208,2026-07-24 21:00:00+00:00,2913.5384150033083,3940.038287068746,,2026-04-23 18:00:00+00:00,2026-07-24 17:00:00+00:00
2026-07-24,2026-08-07T14:30:35+00:00,DE,wind_offshore,persistence,Persistence,daily_persistence,2208,2026-07-24 22:00:00+00:00,2934.01937954837,3886.411701732978,,2026-04-23 18:00:00+00:00,2026-07-24 17:00:00+00:00
2026-07-24,2026-08-07T14:30:35+00:00,DE,wind_offshore,persistence,Persistence,daily_persistence,2208,2026-07-24 23:00:00+00:00,2879.714106683745,3944.511480738087,,2026-04-23 18:00:00+00:00,2026-07-24 17:00:00+00:00
2026-07-24,2026-08-07T14:30:35+00:00,DE,wind_offshore,persistence,Persistence,daily_persistence,2208,2026-07-25 00:00:00+00:00,2793.7603717874354,4061.9683066928537,,2026-04-23 18:00:00+00:00,2026-07-24 17:00:00+00:00
2026-07-24,2026-08-07T14:30:35+00:00,DE,wind_offshore,persistence,Persistence,daily_persistence,2208,2026-07-25 01:00:00+00:00,2790.9708819132093,3988.5189927531437,,2026-04-23 18:00:00+00:00,2026-07-24 17:00:00+00:00
2026-07-24,2026-08-07T14:30:35+00:00,DE,wind_offshore,persistence,Persistence,daily_persistence,2208,2026-07-25 02:00:00+00:00,2755.738267094478,3958.808598169666,,2026-04-23 18:00:00+00:00,2026-07-24 17:00:00+00:00
2026-07-24,2026-08-07T14:30:35+00:00,DE,wind_offshore,persistence,Persistence,daily_persistence,2208,2026-07-25 03:00:00+00:00,2717.5276483926073,3938.9031216853923,,2026-04-23 18:00:00+00:00,2026-07-24 17:00:00+00:00
2026-07-24,2026-08-07T14:30:35+00:00,DE,wind_offshore,persistence,Persistence,daily_persistence,2208,2026-07-25 04:00:00+00:00,2630.6414642846594,3846.1867610912905,,2026-04-23 18:00:00+00:00,2026-07-24 17:00:00+00:00
2026-07-24,2026-08-07T14:30:35+00:00,DE,wind_offshore,persistence,Persistence,daily_persistence,2208,2026-07-25 05:00:00+00:00,2634.0167535780934,3844.0532881592953,,2026-04-23 18:00:00+00:00,2026-07-24 17:00:00+00:00
2026-07-24,2026-08-07T14:30:35+00:00,DE,wind_offshore,persistence,Persistence,daily_persistence,2208,2026-07-25 06:00:00+00:00,2537.9904120695523,4023.194473495215,,2026-04-23 18:00:00+00:00,2026-07-24 17:00:00+00:00
2026-07-24,2026-08-07T14:30:35+00:00,DE,wind_offshore,persistence,Persistence,daily_persistence,2208,2026-07-25 07:00:00+00:00,2542.432256892966,3898.194929214853,,2026-04-23 18:00:00+00:00,2026-07-24 17:00:00+00:00
2026-07-24,2026-08-07T14:30:35+00:00,DE,wind_offshore,persistence,Persistence,daily_persistence,2208,2026-07-25 08:00:00+00:00,2464.632493708027,3947.264576151147,,2026-04-23 18:00:00+00:00,2026-07-24 17:00:00+00:00
2026-07-24,2026-08-07T14:30:35+00:00,DE,wind_offshore,persistence,Persistence,daily_persistence,2208,2026-07-25 09:00:00+00:00,2444.726315362839,4031.0523831058367,,2026-04-23 18:00:00+00:00,2026-07-24 17:00:00+00:00
2026-07-24,2026-08-07T14:30:35+00:00,DE,wind_offshore,persistence,Persistence,daily_persistence,2208,2026-07-25 10:00:00+00:00,2436.137265871627,3964.6525555618423,,2026-04-23 18:00:00+00:00,2026-07-24 17:00:00+00:00
2026-07-24,2026-08-07T14:30:35+00:00,DE,wind_offshore,persistence,Persistence,daily_persistence,2208,2026-07-25 11:00:00+00:00,2409.7399086665437,3850.864295713559,,2026-04-23 18:00:00+00:00,2026-07-24 17:00:00+00:00
2026-07-24,2026-08-07T14:30:35+00:00,DE,wind_offshore,persistence,Persistence,daily_persistence,2208,2026-07-25 12:00:00+00:00,2363.113686642968,3883.886597520043,,2026-04-23 18:00:00+00:00,2026-07-24 17:00:00+00:00
2026-07-24,2026-08-07T14:30:35+00:00,DE,wind_offshore,persistence,Persistence,daily_persistence,2208,2026-07-25 13:00:00+00:00,2290.711165022532,3863.70954212398,,2026-04-23 18:00:00+00:00,2026-07-24 17:00:00+00:00
2026-07-24,2026-08-07T14:30:35+00:00,DE,wind_offshore,persistence,Persistence,daily_persistence,2208,2026-07-25 14:00:00+00:00,2281.3074313230136,3851.783694537157,,2026-04-23 18:00:00+00:00,2026-07-24 17:00:00+00:00
2026-07-24,2026-08-07T14:30:35+00:00,DE,wind_offshore,persistence,Persistence,daily_persistence,2208,2026-07-25 15:00:00+00:00,2294.259754556994,3759.7438116224757,,2026-04-23 18:00:00+00:00,2026-07-24 17:00:00+00:00
2026-07-24,2026-08-07T14:30:35+00:00,DE,wind_offshore,persistence,Persistence,daily_persistence,2208,2026-07-25 16:00:00+00:00,2220.4606793834837,3843.0491151245997,,2026-04-23 18:00:00+00:00,2026-07-24 17:00:00+00:00
2026-07-24,2026-08-07T14:30:35+00:00,DE,wind_offshore,persistence,Persistence,daily_persistence,2208,2026-07-25 17:00:00+00:00,2181.4002531079104,3701.7817009696714,,2026-04-23 18:00:00+00:00,2026-07-24 17:00:00+00:00
2026-07-24,2026-08-07T14:30:35+00:00,DE,wind_offshore,chronos2_online,Chronos2 with covariates,weather_4p+tso_forecast,2208,2026-07-24 18:00:00+00:00,2347.641357421875,3886.9799774772637,,2026-04-23 18:00:00+00:00,2026-07-24 17:00:00+00:00
2026-07-24,2026-08-07T14:30:35+00:00,DE,wind_offshore,chronos2_online,Chronos2 with covariates,weather_4p+tso_forecast,2208,2026-07-24 19:00:00+00:00,2318.9521484375,3893.3637494945,,2026-04-23 18:00:00+00:00,2026-07-24 17:00:00+00:00
2026-07-24,2026-08-07T14:30:35+00:00,DE,wind_offshore,chronos2_online,Chronos2 with covariates,weather_4p+tso_forecast,2208,2026-07-24 20:00:00+00:00,2306.15966796875,3963.280862496056,,2026-04-23 18:00:00+00:00,2026-07-24 17:00:00+00:00
2026-07-24,2026-08-07T14:30:35+00:00,DE,wind_offshore,chronos2_online,Chronos2 with covariates,weather_4p+tso_forecast,2208,2026-07-24 21:00:00+00:00,2287.764404296875,3940.038287068746,,2026-04-23 18:00:00+00:00,2026-07-24 17:00:00+00:00
2026-07-24,2026-08-07T14:30:35+00:00,DE,wind_offshore,chronos2_online,Chronos2 with covariates,weather_4p+tso_forecast,2208,2026-07-24 22:00:00+00:00,2274.200439453125,3886.411701732978,,2026-04-23 18:00:00+00:00,2026-07-24 17:00:00+00:00
2026-07-24,2026-08-07T14:30:35+00:00,DE,wind_offshore,chronos2_online,Chronos2 with covariates,weather_4p+tso_forecast,2208,2026-07-24 23:00:00+00:00,2259.769775390625,3944.511480738087,,2026-04-23 18:00:00+00:00,2026-07-24 17:00:00+00:00
2026-07-24,2026-08-07T14:30:35+00:00,DE,wind_offshore,chronos2_online,Chronos2 with covariates,weather_4p+tso_forecast,2208,2026-07-25 00:00:00+00:00,2259.60107421875,4061.9683066928537,,2026-04-23 18:00:00+00:00,2026-07-24 17:00:00+00:00
2026-07-24,2026-08-07T14:30:35+00:00,DE,wind_offshore,chronos2_online,Chronos2 with covariates,weather_4p+tso_forecast,2208,2026-07-25 01:00:00+00:00,2261.981201171875,3988.5189927531437,,2026-04-23 18:00:00+00:00,2026-07-24 17:00:00+00:00
2026-07-24,2026-08-07T14:30:35+00:00,DE,wind_offshore,chronos2_online,Chronos2 with covariates,weather_4p+tso_forecast,2208,2026-07-25 02:00:00+00:00,2260.53857421875,3958.808598169666,,2026-04-23 18:00:00+00:00,2026-07-24 17:00:00+00:00
2026-07-24,2026-08-07T14:30:35+00:00,DE,wind_offshore,chronos2_online,Chronos2 with covariates,weather_4p+tso_forecast,2208,2026-07-25 03:00:00+00:00,2255.814453125,3938.9031216853923,,2026-04-23 18:00:00+00:00,2026-07-24 17:00:00+00:00
2026-07-24,2026-08-07T14:30:35+00:00,DE,wind_offshore,chronos2_online,Chronos2 with covariates,weather_4p+tso_forecast,2208,2026-07-25 04:00:00+00:00,2247.2216796875,3846.1867610912905,,2026-04-23 18:00:00+00:00,2026-07-24 17:00:00+00:00
2026-07-24,2026-08-07T14:30:35+00:00,DE,wind_offshore,chronos2_online,Chronos2 with covariates,weather_4p+tso_forecast,2208,2026-07-25 05:00:00+00:00,2247.76904296875,3844.0532881592953,,2026-04-23 18:00:00+00:00,2026-07-24 17:00:00+00:00
2026-07-24,2026-08-07T14:30:35+00:00,DE,wind_offshore,chronos2_online,Chronos2 with covariates,weather_4p+tso_forecast,2208,2026-07-25 06:00:00+00:00,2258.444580078125,4023.194473495215,,2026-04-23 18:00:00+00:00,2026-07-24 17:00:00+00:00
2026-07-24,2026-08-07T14:30:35+00:00,DE,wind_offshore,chronos2_online,Chronos2 with covariates,weather_4p+tso_forecast,2208,2026-07-25 07:00:00+00:00,2266.841552734375,3898.194929214853,,2026-04-23 18:00:00+00:00,2026-07-24 17:00:00+00:00
2026-07-24,2026-08-07T14:30:35+00:00,DE,wind_offshore,chronos2_online,Chronos2 with covariates,weather_4p+tso_forecast,2208,2026-07-25 08:00:00+00:00,2278.064453125,3947.264576151147,,2026-04-23 18:00:00+00:00,2026-07-24 17:00:00+00:00
2026-07-24,2026-08-07T14:30:35+00:00,DE,wind_offshore,chronos2_online,Chronos2 with covariates,weather_4p+tso_forecast,2208,2026-07-25 09:00:00+00:00,2286.09130859375,4031.0523831058367,,2026-04-23 18:00:00+00:00,2026-07-24 17:00:00+00:00
2026-07-24,2026-08-07T14:30:35+00:00,DE,wind_offshore,chronos2_online,Chronos2 with covariates,weather_4p+tso_forecast,2208,2026-07-25 10:00:00+00:00,2372.878662109375,3964.6525555618423,,2026-04-23 18:00:00+00:00,2026-07-24 17:00:00+00:00
2026-07-24,2026-08-07T14:30:35+00:00,DE,wind_offshore,chronos2_online,Chronos2 with covariates,weather_4p+tso_forecast,2208,2026-07-25 11:00:00+00:00,2397.849609375,3850.864295713559,,2026-04-23 18:00:00+00:00,2026-07-24 17:00:00+00:00
2026-07-24,2026-08-07T14:30:35+00:00,DE,wind_offshore,chronos2_online,Chronos2 with covariates,weather_4p+tso_forecast,2208,2026-07-25 12:00:00+00:00,2411.17822265625,3883.886597520043,,2026-04-23 18:00:00+00:00,2026-07-24 17:00:00+00:00
2026-07-24,2026-08-07T14:30:35+00:00,DE,wind_offshore,chronos2_online,Chronos2 with covariates,weather_4p+tso_forecast,2208,2026-07-25 13:00:00+00:00,2443.8271484375,3863.70954212398,,2026-04-23 18:00:00+00:00,2026-07-24 17:00:00+00:00
2026-07-24,2026-08-07T14:30:35+00:00,DE,wind_offshore,chronos2_online,Chronos2 with covariates,weather_4p+tso_forecast,2208,2026-07-25 14:00:00+00:00,2470.1171875,3851.783694537157,,2026-04-23 18:00:00+00:00,2026-07-24 17:00:00+00:00
2026-07-24,2026-08-07T14:30:35+00:00,DE,wind_offshore,chronos2_online,Chronos2 with covariates,weather_4p+tso_forecast,2208,2026-07-25 15:00:00+00:00,2495.430419921875,3759.7438116224757,,2026-04-23 18:00:00+00:00,2026-07-24 17:00:00+00:00
2026-07-24,2026-08-07T14:30:35+00:00,DE,wind_offshore,chronos2_online,Chronos2 with covariates,weather_4p+tso_forecast,2208,2026-07-25 16:00:00+00:00,2524.721923828125,3843.0491151245997,,2026-04-23 18:00:00+00:00,2026-07-24 17:00:00+00:00
2026-07-24,2026-08-07T14:30:35+00:00,DE,wind_offshore,chronos2_online,Chronos2 with covariates,weather_4p+tso_forecast,2208,2026-07-25 17:00:00+00:00,2550.139892578125,3701.7817009696714,,2026-04-23 18:00:00+00:00,2026-07-24 17:00:00+00:00
2026-07-24,2026-08-07T14:30:35+00:00,DE,wind_offshore,xgboost_online,XGBoost with covariates,weather_4p+tso_forecast,2208,2026-07-24 18:00:00+00:00,3889.272705078125,3886.9799774772637,,2026-04-23 18:00:00+00:00,2026-07-24 17:00:00+00:00
2026-07-24,2026-08-07T14:30:35+00:00,DE,wind_offshore,xgboost_online,XGBoost with covariates,weather_4p+tso_forecast,2208,2026-07-24 19:00:00+00:00,3889.272705078125,3893.3637494945,,2026-04-23 18:00:00+00:00,2026-07-24 17:00:00+00:00
2026-07-24,2026-08-07T14:30:35+00:00,DE,wind_offshore,xgboost_online,XGBoost with covariates,weather_4p+tso_forecast,2208,2026-07-24 20:00:00+00:00,3931.38818359375,3963.280862496056,,2026-04-23 18:00:00+00:00,2026-07-24 17:00:00+00:00
2026-07-24,2026-08-07T14:30:35+00:00,DE,wind_offshore,xgboost_online,XGBoost with covariates,weather_4p+tso_forecast,2208,2026-07-24 21:00:00+00:00,3906.2490234375,3940.038287068746,,2026-04-23 18:00:00+00:00,2026-07-24 17:00:00+00:00
2026-07-24,2026-08-07T14:30:35+00:00,DE,wind_offshore,xgboost_online,XGBoost with covariates,weather_4p+tso_forecast,2208,2026-07-24 22:00:00+00:00,3891.793701171875,3886.411701732978,,2026-04-23 18:00:00+00:00,2026-07-24 17:00:00+00:00
2026-07-24,2026-08-07T14:30:35+00:00,DE,wind_offshore,xgboost_online,XGBoost with covariates,weather_4p+tso_forecast,2208,2026-07-24 23:00:00+00:00,3933.9091796875,3944.511480738087,,2026-04-23 18:00:00+00:00,2026-07-24 17:00:00+00:00
2026-07-24,2026-08-07T14:30:35+00:00,DE,wind_offshore,xgboost_online,XGBoost with covariates,weather_4p+tso_forecast,2208,2026-07-25 00:00:00+00:00,3939.10400390625,4061.9683066928537,,2026-04-23 18:00:00+00:00,2026-07-24 17:00:00+00:00
2026-07-24,2026-08-07T14:30:35+00:00,DE,wind_offshore,xgboost_online,XGBoost with covariates,weather_4p+tso_forecast,2208,2026-07-25 01:00:00+00:00,3939.10400390625,3988.5189927531437,,2026-04-23 18:00:00+00:00,2026-07-24 17:00:00+00:00
2026-07-24,2026-08-07T14:30:35+00:00,DE,wind_offshore,xgboost_online,XGBoost with covariates,weather_4p+tso_forecast,2208,2026-07-25 02:00:00+00:00,3933.9091796875,3958.808598169666,,2026-04-23 18:00:00+00:00,2026-07-24 17:00:00+00:00
2026-07-24,2026-08-07T14:30:35+00:00,DE,wind_offshore,xgboost_online,XGBoost with covariates,weather_4p+tso_forecast,2208,2026-07-25 03:00:00+00:00,3906.2490234375,3938.9031216853923,,2026-04-23 18:00:00+00:00,2026-07-24 17:00:00+00:00
2026-07-24,2026-08-07T14:30:35+00:00,DE,wind_offshore,xgboost_online,XGBoost with covariates,weather_4p+tso_forecast,2208,2026-07-25 04:00:00+00:00,3862.164306640625,3846.1867610912905,,2026-04-23 18:00:00+00:00,2026-07-24 17:00:00+00:00
2026-07-24,2026-08-07T14:30:35+00:00,DE,wind_offshore,xgboost_online,XGBoost with covariates,weather_4p+tso_forecast,2208,2026-07-25 05:00:00+00:00,3859.694091796875,3844.0532881592953,,2026-04-23 18:00:00+00:00,2026-07-24 17:00:00+00:00
2026-07-24,2026-08-07T14:30:35+00:00,DE,wind_offshore,xgboost_online,XGBoost with covariates,weather_4p+tso_forecast,2208,2026-07-25 06:00:00+00:00,3934.11279296875,4023.194473495215,,2026-04-23 18:00:00+00:00,2026-07-24 17:00:00+00:00
2026-07-24,2026-08-07T14:30:35+00:00,DE,wind_offshore,xgboost_online,XGBoost with covariates,weather_4p+tso_forecast,2208,2026-07-25 07:00:00+00:00,3890.7177734375,3898.194929214853,,2026-04-23 18:00:00+00:00,2026-07-24 17:00:00+00:00
2026-07-24,2026-08-07T14:30:35+00:00,DE,wind_offshore,xgboost_online,XGBoost with covariates,weather_4p+tso_forecast,2208,2026-07-25 08:00:00+00:00,3913.718017578125,3947.264576151147,,2026-04-23 18:00:00+00:00,2026-07-24 17:00:00+00:00
2026-07-24,2026-08-07T14:30:35+00:00,DE,wind_offshore,xgboost_online,XGBoost with covariates,weather_4p+tso_forecast,2208,2026-07-25 09:00:00+00:00,3918.912841796875,4031.0523831058367,,2026-04-23 18:00:00+00:00,2026-07-24 17:00:00+00:00
2026-07-24,2026-08-07T14:30:35+00:00,DE,wind_offshore,xgboost_online,XGBoost with covariates,weather_4p+tso_forecast,2208,2026-07-25 10:00:00+00:00,3910.080322265625,3964.6525555618423,,2026-04-23 18:00:00+00:00,2026-07-24 17:00:00+00:00
2026-07-24,2026-08-07T14:30:35+00:00,DE,wind_offshore,xgboost_online,XGBoost with covariates,weather_4p+tso_forecast,2208,2026-07-25 11:00:00+00:00,3826.218017578125,3850.864295713559,,2026-04-23 18:00:00+00:00,2026-07-24 17:00:00+00:00
2026-07-24,2026-08-07T14:30:35+00:00,DE,wind_offshore,xgboost_online,XGBoost with covariates,weather_4p+tso_forecast,2208,2026-07-25 12:00:00+00:00,3851.372314453125,3883.886597520043,,2026-04-23 18:00:00+00:00,2026-07-24 17:00:00+00:00
2026-07-24,2026-08-07T14:30:35+00:00,DE,wind_offshore,xgboost_online,XGBoost with covariates,weather_4p+tso_forecast,2208,2026-07-25 13:00:00+00:00,3843.658935546875,3863.70954212398,,2026-04-23 18:00:00+00:00,2026-07-24 17:00:00+00:00
2026-07-24,2026-08-07T14:30:35+00:00,DE,wind_offshore,xgboost_online,XGBoost with covariates,weather_4p+tso_forecast,2208,2026-07-25 14:00:00+00:00,3824.263916015625,3851.783694537157,,2026-04-23 18:00:00+00:00,2026-07-24 17:00:00+00:00
2026-07-24,2026-08-07T14:30:35+00:00,DE,wind_offshore,xgboost_online,XGBoost with covariates,weather_4p+tso_forecast,2208,2026-07-25 15:00:00+00:00,3771.98095703125,3759.7438116224757,,2026-04-23 18:00:00+00:00,2026-07-24 17:00:00+00:00
2026-07-24,2026-08-07T14:30:35+00:00,DE,wind_offshore,xgboost_online,XGBoost with covariates,weather_4p+tso_forecast,2208,2026-07-25 16:00:00+00:00,3824.263916015625,3843.0491151245997,,2026-04-23 18:00:00+00:00,2026-07-24 17:00:00+00:00
2026-07-24,2026-08-07T14:30:35+00:00,DE,wind_offshore,xgboost_online,XGBoost with covariates,weather_4p+tso_forecast,2208,2026-07-25 17:00:00+00:00,3699.020751953125,3701.7817009696714,,2026-04-23 18:00:00+00:00,2026-07-24 17:00:00+00:00
