run_date,run_at,source,zone,target,model,model_label,covariate_case,context_hours,timestamp,forecast_mw,tso_forecast_mw,actual_mw,context_start,context_end,context_missing_hours,context_imputed_hours,context_imputation_method,data_quality
2026-10-09,2026-10-09T21:30:15+00:00,online,BE,load,tso_reference,TSO forecast,tso_forecast,2208,2026-10-09 16:00:00+00:00,9720.7675,9720.7675,,2026-07-09 16:00:00+00:00,2026-10-09 15:00:00+00:00,1,1,linear_interpolation,interpolated
2026-10-09,2026-10-09T21:30:15+00:00,online,BE,load,tso_reference,TSO forecast,tso_forecast,2208,2026-10-09 17:00:00+00:00,9609.42,9609.42,,2026-07-09 16:00:00+00:00,2026-10-09 15:00:00+00:00,1,1,linear_interpolation,interpolated
2026-10-09,2026-10-09T21:30:15+00:00,online,BE,load,tso_reference,TSO forecast,tso_forecast,2208,2026-10-09 18:00:00+00:00,9368.3225,9368.3225,,2026-07-09 16:00:00+00:00,2026-10-09 15:00:00+00:00,1,1,linear_interpolation,interpolated
2026-10-09,2026-10-09T21:30:15+00:00,online,BE,load,tso_reference,TSO forecast,tso_forecast,2208,2026-10-09 19:00:00+00:00,8850.682499999999,8850.682499999999,,2026-07-09 16:00:00+00:00,2026-10-09 15:00:00+00:00,1,1,linear_interpolation,interpolated
2026-10-09,2026-10-09T21:30:15+00:00,online,BE,load,tso_reference,TSO forecast,tso_forecast,2208,2026-10-09 20:00:00+00:00,8479.182499999999,8479.182499999999,,2026-07-09 16:00:00+00:00,2026-10-09 15:00:00+00:00,1,1,linear_interpolation,interpolated
2026-10-09,2026-10-09T21:30:15+00:00,online,BE,load,tso_reference,TSO forecast,tso_forecast,2208,2026-10-09 21:00:00+00:00,8085.456666666666,8085.456666666666,,2026-07-09 16:00:00+00:00,2026-10-09 15:00:00+00:00,1,1,linear_interpolation,interpolated
2026-10-09,2026-10-09T21:30:15+00:00,online,BE,load,tso_reference,TSO forecast,tso_forecast,2208,2026-10-09 22:00:00+00:00,7771.9375,7771.9375,,2026-07-09 16:00:00+00:00,2026-10-09 15:00:00+00:00,1,1,linear_interpolation,interpolated
2026-10-09,2026-10-09T21:30:15+00:00,online,BE,load,tso_reference,TSO forecast,tso_forecast,2208,2026-10-09 23:00:00+00:00,7404.53,7404.53,,2026-07-09 16:00:00+00:00,2026-10-09 15:00:00+00:00,1,1,linear_interpolation,interpolated
2026-10-09,2026-10-09T21:30:15+00:00,online,BE,load,tso_reference,TSO forecast,tso_forecast,2208,2026-10-10 00:00:00+00:00,7141.8875,7141.8875,,2026-07-09 16:00:00+00:00,2026-10-09 15:00:00+00:00,1,1,linear_interpolation,interpolated
2026-10-09,2026-10-09T21:30:15+00:00,online,BE,load,tso_reference,TSO forecast,tso_forecast,2208,2026-10-10 01:00:00+00:00,7073.51,7073.51,,2026-07-09 16:00:00+00:00,2026-10-09 15:00:00+00:00,1,1,linear_interpolation,interpolated
2026-10-09,2026-10-09T21:30:15+00:00,online,BE,load,tso_reference,TSO forecast,tso_forecast,2208,2026-10-10 02:00:00+00:00,7034.755,7034.755,,2026-07-09 16:00:00+00:00,2026-10-09 15:00:00+00:00,1,1,linear_interpolation,interpolated
2026-10-09,2026-10-09T21:30:15+00:00,online,BE,load,tso_reference,TSO forecast,tso_forecast,2208,2026-10-10 03:00:00+00:00,7094.6575,7094.6575,,2026-07-09 16:00:00+00:00,2026-10-09 15:00:00+00:00,1,1,linear_interpolation,interpolated
2026-10-09,2026-10-09T21:30:15+00:00,online,BE,load,tso_reference,TSO forecast,tso_forecast,2208,2026-10-10 04:00:00+00:00,7412.4875,7412.4875,,2026-07-09 16:00:00+00:00,2026-10-09 15:00:00+00:00,1,1,linear_interpolation,interpolated
2026-10-09,2026-10-09T21:30:15+00:00,online,BE,load,tso_reference,TSO forecast,tso_forecast,2208,2026-10-10 05:00:00+00:00,7851.4125,7851.4125,,2026-07-09 16:00:00+00:00,2026-10-09 15:00:00+00:00,1,1,linear_interpolation,interpolated
2026-10-09,2026-10-09T21:30:15+00:00,online,BE,load,tso_reference,TSO forecast,tso_forecast,2208,2026-10-10 06:00:00+00:00,8203.8825,8203.8825,,2026-07-09 16:00:00+00:00,2026-10-09 15:00:00+00:00,1,1,linear_interpolation,interpolated
2026-10-09,2026-10-09T21:30:15+00:00,online,BE,load,tso_reference,TSO forecast,tso_forecast,2208,2026-10-10 07:00:00+00:00,8657.805,8657.805,,2026-07-09 16:00:00+00:00,2026-10-09 15:00:00+00:00,1,1,linear_interpolation,interpolated
2026-10-09,2026-10-09T21:30:15+00:00,online,BE,load,tso_reference,TSO forecast,tso_forecast,2208,2026-10-10 08:00:00+00:00,8960.61,8960.61,,2026-07-09 16:00:00+00:00,2026-10-09 15:00:00+00:00,1,1,linear_interpolation,interpolated
2026-10-09,2026-10-09T21:30:15+00:00,online,BE,load,tso_reference,TSO forecast,tso_forecast,2208,2026-10-10 09:00:00+00:00,9341.89,9341.89,,2026-07-09 16:00:00+00:00,2026-10-09 15:00:00+00:00,1,1,linear_interpolation,interpolated
2026-10-09,2026-10-09T21:30:15+00:00,online,BE,load,tso_reference,TSO forecast,tso_forecast,2208,2026-10-10 10:00:00+00:00,9562.2525,9562.2525,,2026-07-09 16:00:00+00:00,2026-10-09 15:00:00+00:00,1,1,linear_interpolation,interpolated
2026-10-09,2026-10-09T21:30:15+00:00,online,BE,load,tso_reference,TSO forecast,tso_forecast,2208,2026-10-10 11:00:00+00:00,9799.1425,9799.1425,,2026-07-09 16:00:00+00:00,2026-10-09 15:00:00+00:00,1,1,linear_interpolation,interpolated
2026-10-09,2026-10-09T21:30:15+00:00,online,BE,load,tso_reference,TSO forecast,tso_forecast,2208,2026-10-10 12:00:00+00:00,9526.625,9526.625,,2026-07-09 16:00:00+00:00,2026-10-09 15:00:00+00:00,1,1,linear_interpolation,interpolated
2026-10-09,2026-10-09T21:30:15+00:00,online,BE,load,tso_reference,TSO forecast,tso_forecast,2208,2026-10-10 13:00:00+00:00,9056.195,9056.195,,2026-07-09 16:00:00+00:00,2026-10-09 15:00:00+00:00,1,1,linear_interpolation,interpolated
2026-10-09,2026-10-09T21:30:15+00:00,online,BE,load,tso_reference,TSO forecast,tso_forecast,2208,2026-10-10 14:00:00+00:00,8551.2225,8551.2225,,2026-07-09 16:00:00+00:00,2026-10-09 15:00:00+00:00,1,1,linear_interpolation,interpolated
2026-10-09,2026-10-09T21:30:15+00:00,online,BE,load,tso_reference,TSO forecast,tso_forecast,2208,2026-10-10 15:00:00+00:00,8550.3025,8550.3025,,2026-07-09 16:00:00+00:00,2026-10-09 15:00:00+00:00,1,1,linear_interpolation,interpolated
2026-10-09,2026-10-09T21:30:15+00:00,online,BE,load,persistence,Persistence,weekly_persistence,2208,2026-10-09 16:00:00+00:00,9550.21,9720.7675,,2026-07-09 16:00:00+00:00,2026-10-09 15:00:00+00:00,1,1,linear_interpolation,interpolated
2026-10-09,2026-10-09T21:30:15+00:00,online,BE,load,persistence,Persistence,weekly_persistence,2208,2026-10-09 17:00:00+00:00,9438.253333333334,9609.42,,2026-07-09 16:00:00+00:00,2026-10-09 15:00:00+00:00,1,1,linear_interpolation,interpolated
2026-10-09,2026-10-09T21:30:15+00:00,online,BE,load,persistence,Persistence,weekly_persistence,2208,2026-10-09 18:00:00+00:00,9145.05,9368.3225,,2026-07-09 16:00:00+00:00,2026-10-09 15:00:00+00:00,1,1,linear_interpolation,interpolated
2026-10-09,2026-10-09T21:30:15+00:00,online,BE,load,persistence,Persistence,weekly_persistence,2208,2026-10-09 19:00:00+00:00,8602.463333333333,8850.682499999999,,2026-07-09 16:00:00+00:00,2026-10-09 15:00:00+00:00,1,1,linear_interpolation,interpolated
2026-10-09,2026-10-09T21:30:15+00:00,online,BE,load,persistence,Persistence,weekly_persistence,2208,2026-10-09 20:00:00+00:00,8177.105,8479.182499999999,,2026-07-09 16:00:00+00:00,2026-10-09 15:00:00+00:00,1,1,linear_interpolation,interpolated
2026-10-09,2026-10-09T21:30:15+00:00,online,BE,load,persistence,Persistence,weekly_persistence,2208,2026-10-09 21:00:00+00:00,7898.453333333334,8085.456666666666,,2026-07-09 16:00:00+00:00,2026-10-09 15:00:00+00:00,1,1,linear_interpolation,interpolated
2026-10-09,2026-10-09T21:30:15+00:00,online,BE,load,persistence,Persistence,weekly_persistence,2208,2026-10-09 22:00:00+00:00,7693.8575,7771.9375,,2026-07-09 16:00:00+00:00,2026-10-09 15:00:00+00:00,1,1,linear_interpolation,interpolated
2026-10-09,2026-10-09T21:30:15+00:00,online,BE,load,persistence,Persistence,weekly_persistence,2208,2026-10-09 23:00:00+00:00,7361.3825,7404.53,,2026-07-09 16:00:00+00:00,2026-10-09 15:00:00+00:00,1,1,linear_interpolation,interpolated
2026-10-09,2026-10-09T21:30:15+00:00,online,BE,load,persistence,Persistence,weekly_persistence,2208,2026-10-10 00:00:00+00:00,7089.4425,7141.8875,,2026-07-09 16:00:00+00:00,2026-10-09 15:00:00+00:00,1,1,linear_interpolation,interpolated
2026-10-09,2026-10-09T21:30:15+00:00,online,BE,load,persistence,Persistence,weekly_persistence,2208,2026-10-10 01:00:00+00:00,7039.2075,7073.51,,2026-07-09 16:00:00+00:00,2026-10-09 15:00:00+00:00,1,1,linear_interpolation,interpolated
2026-10-09,2026-10-09T21:30:15+00:00,online,BE,load,persistence,Persistence,weekly_persistence,2208,2026-10-10 02:00:00+00:00,7041.9325,7034.755,,2026-07-09 16:00:00+00:00,2026-10-09 15:00:00+00:00,1,1,linear_interpolation,interpolated
2026-10-09,2026-10-09T21:30:15+00:00,online,BE,load,persistence,Persistence,weekly_persistence,2208,2026-10-10 03:00:00+00:00,7072.63,7094.6575,,2026-07-09 16:00:00+00:00,2026-10-09 15:00:00+00:00,1,1,linear_interpolation,interpolated
2026-10-09,2026-10-09T21:30:15+00:00,online,BE,load,persistence,Persistence,weekly_persistence,2208,2026-10-10 04:00:00+00:00,7392.6225,7412.4875,,2026-07-09 16:00:00+00:00,2026-10-09 15:00:00+00:00,1,1,linear_interpolation,interpolated
2026-10-09,2026-10-09T21:30:15+00:00,online,BE,load,persistence,Persistence,weekly_persistence,2208,2026-10-10 05:00:00+00:00,7817.6175,7851.4125,,2026-07-09 16:00:00+00:00,2026-10-09 15:00:00+00:00,1,1,linear_interpolation,interpolated
2026-10-09,2026-10-09T21:30:15+00:00,online,BE,load,persistence,Persistence,weekly_persistence,2208,2026-10-10 06:00:00+00:00,8117.8425,8203.8825,,2026-07-09 16:00:00+00:00,2026-10-09 15:00:00+00:00,1,1,linear_interpolation,interpolated
2026-10-09,2026-10-09T21:30:15+00:00,online,BE,load,persistence,Persistence,weekly_persistence,2208,2026-10-10 07:00:00+00:00,8564.7225,8657.805,,2026-07-09 16:00:00+00:00,2026-10-09 15:00:00+00:00,1,1,linear_interpolation,interpolated
2026-10-09,2026-10-09T21:30:15+00:00,online,BE,load,persistence,Persistence,weekly_persistence,2208,2026-10-10 08:00:00+00:00,8858.0925,8960.61,,2026-07-09 16:00:00+00:00,2026-10-09 15:00:00+00:00,1,1,linear_interpolation,interpolated
2026-10-09,2026-10-09T21:30:15+00:00,online,BE,load,persistence,Persistence,weekly_persistence,2208,2026-10-10 09:00:00+00:00,9256.3225,9341.89,,2026-07-09 16:00:00+00:00,2026-10-09 15:00:00+00:00,1,1,linear_interpolation,interpolated
2026-10-09,2026-10-09T21:30:15+00:00,online,BE,load,persistence,Persistence,weekly_persistence,2208,2026-10-10 10:00:00+00:00,9456.6875,9562.2525,,2026-07-09 16:00:00+00:00,2026-10-09 15:00:00+00:00,1,1,linear_interpolation,interpolated
2026-10-09,2026-10-09T21:30:15+00:00,online,BE,load,persistence,Persistence,weekly_persistence,2208,2026-10-10 11:00:00+00:00,9715.94,9799.1425,,2026-07-09 16:00:00+00:00,2026-10-09 15:00:00+00:00,1,1,linear_interpolation,interpolated
2026-10-09,2026-10-09T21:30:15+00:00,online,BE,load,persistence,Persistence,weekly_persistence,2208,2026-10-10 12:00:00+00:00,9503.307499999999,9526.625,,2026-07-09 16:00:00+00:00,2026-10-09 15:00:00+00:00,1,1,linear_interpolation,interpolated
2026-10-09,2026-10-09T21:30:15+00:00,online,BE,load,persistence,Persistence,weekly_persistence,2208,2026-10-10 13:00:00+00:00,8991.6,9056.195,,2026-07-09 16:00:00+00:00,2026-10-09 15:00:00+00:00,1,1,linear_interpolation,interpolated
2026-10-09,2026-10-09T21:30:15+00:00,online,BE,load,persistence,Persistence,weekly_persistence,2208,2026-10-10 14:00:00+00:00,8460.4325,8551.2225,,2026-07-09 16:00:00+00:00,2026-10-09 15:00:00+00:00,1,1,linear_interpolation,interpolated
2026-10-09,2026-10-09T21:30:15+00:00,online,BE,load,persistence,Persistence,weekly_persistence,2208,2026-10-10 15:00:00+00:00,8441.055,8550.3025,,2026-07-09 16:00:00+00:00,2026-10-09 15:00:00+00:00,1,1,linear_interpolation,interpolated
2026-10-09,2026-10-09T21:30:15+00:00,online,BE,load,ridge_3mo_context,Ridge with covariates,Temp+tso_forecast,2208,2026-10-09 16:00:00+00:00,9703.301571725866,9720.7675,,2026-07-09 16:00:00+00:00,2026-10-09 15:00:00+00:00,1,1,linear_interpolation,interpolated
2026-10-09,2026-10-09T21:30:15+00:00,online,BE,load,ridge_3mo_context,Ridge with covariates,Temp+tso_forecast,2208,2026-10-09 17:00:00+00:00,9584.441923235034,9609.42,,2026-07-09 16:00:00+00:00,2026-10-09 15:00:00+00:00,1,1,linear_interpolation,interpolated
2026-10-09,2026-10-09T21:30:15+00:00,online,BE,load,ridge_3mo_context,Ridge with covariates,Temp+tso_forecast,2208,2026-10-09 18:00:00+00:00,9359.996931156184,9368.3225,,2026-07-09 16:00:00+00:00,2026-10-09 15:00:00+00:00,1,1,linear_interpolation,interpolated
2026-10-09,2026-10-09T21:30:15+00:00,online,BE,load,ridge_3mo_context,Ridge with covariates,Temp+tso_forecast,2208,2026-10-09 19:00:00+00:00,8872.356349981026,8850.682499999999,,2026-07-09 16:00:00+00:00,2026-10-09 15:00:00+00:00,1,1,linear_interpolation,interpolated
2026-10-09,2026-10-09T21:30:15+00:00,online,BE,load,ridge_3mo_context,Ridge with covariates,Temp+tso_forecast,2208,2026-10-09 20:00:00+00:00,8530.264747047353,8479.182499999999,,2026-07-09 16:00:00+00:00,2026-10-09 15:00:00+00:00,1,1,linear_interpolation,interpolated
2026-10-09,2026-10-09T21:30:15+00:00,online,BE,load,ridge_3mo_context,Ridge with covariates,Temp+tso_forecast,2208,2026-10-09 21:00:00+00:00,8144.042306487001,8085.456666666666,,2026-07-09 16:00:00+00:00,2026-10-09 15:00:00+00:00,1,1,linear_interpolation,interpolated
2026-10-09,2026-10-09T21:30:15+00:00,online,BE,load,ridge_3mo_context,Ridge with covariates,Temp+tso_forecast,2208,2026-10-09 22:00:00+00:00,7854.274955969397,7771.9375,,2026-07-09 16:00:00+00:00,2026-10-09 15:00:00+00:00,1,1,linear_interpolation,interpolated
2026-10-09,2026-10-09T21:30:15+00:00,online,BE,load,ridge_3mo_context,Ridge with covariates,Temp+tso_forecast,2208,2026-10-09 23:00:00+00:00,7514.438657025732,7404.53,,2026-07-09 16:00:00+00:00,2026-10-09 15:00:00+00:00,1,1,linear_interpolation,interpolated
2026-10-09,2026-10-09T21:30:15+00:00,online,BE,load,ridge_3mo_context,Ridge with covariates,Temp+tso_forecast,2208,2026-10-10 00:00:00+00:00,7342.861547257253,7141.8875,,2026-07-09 16:00:00+00:00,2026-10-09 15:00:00+00:00,1,1,linear_interpolation,interpolated
2026-10-09,2026-10-09T21:30:15+00:00,online,BE,load,ridge_3mo_context,Ridge with covariates,Temp+tso_forecast,2208,2026-10-10 01:00:00+00:00,7233.268989222201,7073.51,,2026-07-09 16:00:00+00:00,2026-10-09 15:00:00+00:00,1,1,linear_interpolation,interpolated
2026-10-09,2026-10-09T21:30:15+00:00,online,BE,load,ridge_3mo_context,Ridge with covariates,Temp+tso_forecast,2208,2026-10-10 02:00:00+00:00,7173.883723217856,7034.755,,2026-07-09 16:00:00+00:00,2026-10-09 15:00:00+00:00,1,1,linear_interpolation,interpolated
2026-10-09,2026-10-09T21:30:15+00:00,online,BE,load,ridge_3mo_context,Ridge with covariates,Temp+tso_forecast,2208,2026-10-10 03:00:00+00:00,7221.25292880638,7094.6575,,2026-07-09 16:00:00+00:00,2026-10-09 15:00:00+00:00,1,1,linear_interpolation,interpolated
2026-10-09,2026-10-09T21:30:15+00:00,online,BE,load,ridge_3mo_context,Ridge with covariates,Temp+tso_forecast,2208,2026-10-10 04:00:00+00:00,7490.889989740446,7412.4875,,2026-07-09 16:00:00+00:00,2026-10-09 15:00:00+00:00,1,1,linear_interpolation,interpolated
2026-10-09,2026-10-09T21:30:15+00:00,online,BE,load,ridge_3mo_context,Ridge with covariates,Temp+tso_forecast,2208,2026-10-10 05:00:00+00:00,7894.648827829153,7851.4125,,2026-07-09 16:00:00+00:00,2026-10-09 15:00:00+00:00,1,1,linear_interpolation,interpolated
2026-10-09,2026-10-09T21:30:15+00:00,online,BE,load,ridge_3mo_context,Ridge with covariates,Temp+tso_forecast,2208,2026-10-10 06:00:00+00:00,8207.05752011887,8203.8825,,2026-07-09 16:00:00+00:00,2026-10-09 15:00:00+00:00,1,1,linear_interpolation,interpolated
2026-10-09,2026-10-09T21:30:15+00:00,online,BE,load,ridge_3mo_context,Ridge with covariates,Temp+tso_forecast,2208,2026-10-10 07:00:00+00:00,8618.051513108385,8657.805,,2026-07-09 16:00:00+00:00,2026-10-09 15:00:00+00:00,1,1,linear_interpolation,interpolated
2026-10-09,2026-10-09T21:30:15+00:00,online,BE,load,ridge_3mo_context,Ridge with covariates,Temp+tso_forecast,2208,2026-10-10 08:00:00+00:00,8921.096289721703,8960.61,,2026-07-09 16:00:00+00:00,2026-10-09 15:00:00+00:00,1,1,linear_interpolation,interpolated
2026-10-09,2026-10-09T21:30:15+00:00,online,BE,load,ridge_3mo_context,Ridge with covariates,Temp+tso_forecast,2208,2026-10-10 09:00:00+00:00,9288.798641432028,9341.89,,2026-07-09 16:00:00+00:00,2026-10-09 15:00:00+00:00,1,1,linear_interpolation,interpolated
2026-10-09,2026-10-09T21:30:15+00:00,online,BE,load,ridge_3mo_context,Ridge with covariates,Temp+tso_forecast,2208,2026-10-10 10:00:00+00:00,9508.560416626136,9562.2525,,2026-07-09 16:00:00+00:00,2026-10-09 15:00:00+00:00,1,1,linear_interpolation,interpolated
2026-10-09,2026-10-09T21:30:15+00:00,online,BE,load,ridge_3mo_context,Ridge with covariates,Temp+tso_forecast,2208,2026-10-10 11:00:00+00:00,9741.461852032608,9799.1425,,2026-07-09 16:00:00+00:00,2026-10-09 15:00:00+00:00,1,1,linear_interpolation,interpolated
2026-10-09,2026-10-09T21:30:15+00:00,online,BE,load,ridge_3mo_context,Ridge with covariates,Temp+tso_forecast,2208,2026-10-10 12:00:00+00:00,9478.996797639416,9526.625,,2026-07-09 16:00:00+00:00,2026-10-09 15:00:00+00:00,1,1,linear_interpolation,interpolated
2026-10-09,2026-10-09T21:30:15+00:00,online,BE,load,ridge_3mo_context,Ridge with covariates,Temp+tso_forecast,2208,2026-10-10 13:00:00+00:00,9022.618737515733,9056.195,,2026-07-09 16:00:00+00:00,2026-10-09 15:00:00+00:00,1,1,linear_interpolation,interpolated
2026-10-09,2026-10-09T21:30:15+00:00,online,BE,load,ridge_3mo_context,Ridge with covariates,Temp+tso_forecast,2208,2026-10-10 14:00:00+00:00,8549.953677268984,8551.2225,,2026-07-09 16:00:00+00:00,2026-10-09 15:00:00+00:00,1,1,linear_interpolation,interpolated
2026-10-09,2026-10-09T21:30:15+00:00,online,BE,load,ridge_3mo_context,Ridge with covariates,Temp+tso_forecast,2208,2026-10-10 15:00:00+00:00,8542.534539202108,8550.3025,,2026-07-09 16:00:00+00:00,2026-10-09 15:00:00+00:00,1,1,linear_interpolation,interpolated
2026-10-09,2026-10-09T21:30:15+00:00,online,BE,load,chronos2_online,Chronos2 with covariates,Solar+tso_forecast,2208,2026-10-09 16:00:00+00:00,9854.443359375,9720.7675,,2026-07-09 16:00:00+00:00,2026-10-09 15:00:00+00:00,1,1,linear_interpolation,interpolated
2026-10-09,2026-10-09T21:30:15+00:00,online,BE,load,chronos2_online,Chronos2 with covariates,Solar+tso_forecast,2208,2026-10-09 17:00:00+00:00,9707.7197265625,9609.42,,2026-07-09 16:00:00+00:00,2026-10-09 15:00:00+00:00,1,1,linear_interpolation,interpolated
2026-10-09,2026-10-09T21:30:15+00:00,online,BE,load,chronos2_online,Chronos2 with covariates,Solar+tso_forecast,2208,2026-10-09 18:00:00+00:00,9481.767578125,9368.3225,,2026-07-09 16:00:00+00:00,2026-10-09 15:00:00+00:00,1,1,linear_interpolation,interpolated
2026-10-09,2026-10-09T21:30:15+00:00,online,BE,load,chronos2_online,Chronos2 with covariates,Solar+tso_forecast,2208,2026-10-09 19:00:00+00:00,9075.11328125,8850.682499999999,,2026-07-09 16:00:00+00:00,2026-10-09 15:00:00+00:00,1,1,linear_interpolation,interpolated
2026-10-09,2026-10-09T21:30:15+00:00,online,BE,load,chronos2_online,Chronos2 with covariates,Solar+tso_forecast,2208,2026-10-09 20:00:00+00:00,8683.2763671875,8479.182499999999,,2026-07-09 16:00:00+00:00,2026-10-09 15:00:00+00:00,1,1,linear_interpolation,interpolated
2026-10-09,2026-10-09T21:30:15+00:00,online,BE,load,chronos2_online,Chronos2 with covariates,Solar+tso_forecast,2208,2026-10-09 21:00:00+00:00,8278.5634765625,8085.456666666666,,2026-07-09 16:00:00+00:00,2026-10-09 15:00:00+00:00,1,1,linear_interpolation,interpolated
2026-10-09,2026-10-09T21:30:15+00:00,online,BE,load,chronos2_online,Chronos2 with covariates,Solar+tso_forecast,2208,2026-10-09 22:00:00+00:00,7879.3310546875,7771.9375,,2026-07-09 16:00:00+00:00,2026-10-09 15:00:00+00:00,1,1,linear_interpolation,interpolated
2026-10-09,2026-10-09T21:30:15+00:00,online,BE,load,chronos2_online,Chronos2 with covariates,Solar+tso_forecast,2208,2026-10-09 23:00:00+00:00,7598.33447265625,7404.53,,2026-07-09 16:00:00+00:00,2026-10-09 15:00:00+00:00,1,1,linear_interpolation,interpolated
2026-10-09,2026-10-09T21:30:15+00:00,online,BE,load,chronos2_online,Chronos2 with covariates,Solar+tso_forecast,2208,2026-10-10 00:00:00+00:00,7381.591796875,7141.8875,,2026-07-09 16:00:00+00:00,2026-10-09 15:00:00+00:00,1,1,linear_interpolation,interpolated
2026-10-09,2026-10-09T21:30:15+00:00,online,BE,load,chronos2_online,Chronos2 with covariates,Solar+tso_forecast,2208,2026-10-10 01:00:00+00:00,7253.0185546875,7073.51,,2026-07-09 16:00:00+00:00,2026-10-09 15:00:00+00:00,1,1,linear_interpolation,interpolated
2026-10-09,2026-10-09T21:30:15+00:00,online,BE,load,chronos2_online,Chronos2 with covariates,Solar+tso_forecast,2208,2026-10-10 02:00:00+00:00,7196.1474609375,7034.755,,2026-07-09 16:00:00+00:00,2026-10-09 15:00:00+00:00,1,1,linear_interpolation,interpolated
2026-10-09,2026-10-09T21:30:15+00:00,online,BE,load,chronos2_online,Chronos2 with covariates,Solar+tso_forecast,2208,2026-10-10 03:00:00+00:00,7237.04052734375,7094.6575,,2026-07-09 16:00:00+00:00,2026-10-09 15:00:00+00:00,1,1,linear_interpolation,interpolated
2026-10-09,2026-10-09T21:30:15+00:00,online,BE,load,chronos2_online,Chronos2 with covariates,Solar+tso_forecast,2208,2026-10-10 04:00:00+00:00,7509.99951171875,7412.4875,,2026-07-09 16:00:00+00:00,2026-10-09 15:00:00+00:00,1,1,linear_interpolation,interpolated
2026-10-09,2026-10-09T21:30:15+00:00,online,BE,load,chronos2_online,Chronos2 with covariates,Solar+tso_forecast,2208,2026-10-10 05:00:00+00:00,7894.6572265625,7851.4125,,2026-07-09 16:00:00+00:00,2026-10-09 15:00:00+00:00,1,1,linear_interpolation,interpolated
2026-10-09,2026-10-09T21:30:15+00:00,online,BE,load,chronos2_online,Chronos2 with covariates,Solar+tso_forecast,2208,2026-10-10 06:00:00+00:00,8383.4169921875,8203.8825,,2026-07-09 16:00:00+00:00,2026-10-09 15:00:00+00:00,1,1,linear_interpolation,interpolated
2026-10-09,2026-10-09T21:30:15+00:00,online,BE,load,chronos2_online,Chronos2 with covariates,Solar+tso_forecast,2208,2026-10-10 07:00:00+00:00,8784.6005859375,8657.805,,2026-07-09 16:00:00+00:00,2026-10-09 15:00:00+00:00,1,1,linear_interpolation,interpolated
2026-10-09,2026-10-09T21:30:15+00:00,online,BE,load,chronos2_online,Chronos2 with covariates,Solar+tso_forecast,2208,2026-10-10 08:00:00+00:00,9060.1240234375,8960.61,,2026-07-09 16:00:00+00:00,2026-10-09 15:00:00+00:00,1,1,linear_interpolation,interpolated
2026-10-09,2026-10-09T21:30:15+00:00,online,BE,load,chronos2_online,Chronos2 with covariates,Solar+tso_forecast,2208,2026-10-10 09:00:00+00:00,9237.380859375,9341.89,,2026-07-09 16:00:00+00:00,2026-10-09 15:00:00+00:00,1,1,linear_interpolation,interpolated
2026-10-09,2026-10-09T21:30:15+00:00,online,BE,load,chronos2_online,Chronos2 with covariates,Solar+tso_forecast,2208,2026-10-10 10:00:00+00:00,9278.103515625,9562.2525,,2026-07-09 16:00:00+00:00,2026-10-09 15:00:00+00:00,1,1,linear_interpolation,interpolated
2026-10-09,2026-10-09T21:30:15+00:00,online,BE,load,chronos2_online,Chronos2 with covariates,Solar+tso_forecast,2208,2026-10-10 11:00:00+00:00,9233.302734375,9799.1425,,2026-07-09 16:00:00+00:00,2026-10-09 15:00:00+00:00,1,1,linear_interpolation,interpolated
2026-10-09,2026-10-09T21:30:15+00:00,online,BE,load,chronos2_online,Chronos2 with covariates,Solar+tso_forecast,2208,2026-10-10 12:00:00+00:00,9058.4228515625,9526.625,,2026-07-09 16:00:00+00:00,2026-10-09 15:00:00+00:00,1,1,linear_interpolation,interpolated
2026-10-09,2026-10-09T21:30:15+00:00,online,BE,load,chronos2_online,Chronos2 with covariates,Solar+tso_forecast,2208,2026-10-10 13:00:00+00:00,8722.9033203125,9056.195,,2026-07-09 16:00:00+00:00,2026-10-09 15:00:00+00:00,1,1,linear_interpolation,interpolated
2026-10-09,2026-10-09T21:30:15+00:00,online,BE,load,chronos2_online,Chronos2 with covariates,Solar+tso_forecast,2208,2026-10-10 14:00:00+00:00,8568.8515625,8551.2225,,2026-07-09 16:00:00+00:00,2026-10-09 15:00:00+00:00,1,1,linear_interpolation,interpolated
2026-10-09,2026-10-09T21:30:15+00:00,online,BE,load,chronos2_online,Chronos2 with covariates,Solar+tso_forecast,2208,2026-10-10 15:00:00+00:00,8599.1103515625,8550.3025,,2026-07-09 16:00:00+00:00,2026-10-09 15:00:00+00:00,1,1,linear_interpolation,interpolated
2026-10-09,2026-10-09T21:30:15+00:00,online,BE,solar,tso_reference,TSO forecast,tso_forecast,2208,2026-10-09 16:00:00+00:00,85.03925,85.03925,,2026-07-09 16:00:00+00:00,2026-10-09 15:00:00+00:00,3,3,bias_adjusted_tso+linear_interpolation,degraded
2026-10-09,2026-10-09T21:30:15+00:00,online,BE,solar,tso_reference,TSO forecast,tso_forecast,2208,2026-10-09 17:00:00+00:00,0.11675,0.11675,,2026-07-09 16:00:00+00:00,2026-10-09 15:00:00+00:00,3,3,bias_adjusted_tso+linear_interpolation,degraded
2026-10-09,2026-10-09T21:30:15+00:00,online,BE,solar,tso_reference,TSO forecast,tso_forecast,2208,2026-10-09 18:00:00+00:00,0.0,0.0,,2026-07-09 16:00:00+00:00,2026-10-09 15:00:00+00:00,3,3,bias_adjusted_tso+linear_interpolation,degraded
2026-10-09,2026-10-09T21:30:15+00:00,online,BE,solar,tso_reference,TSO forecast,tso_forecast,2208,2026-10-09 19:00:00+00:00,0.0,0.0,,2026-07-09 16:00:00+00:00,2026-10-09 15:00:00+00:00,3,3,bias_adjusted_tso+linear_interpolation,degraded
2026-10-09,2026-10-09T21:30:15+00:00,online,BE,solar,tso_reference,TSO forecast,tso_forecast,2208,2026-10-09 20:00:00+00:00,0.0,0.0,,2026-07-09 16:00:00+00:00,2026-10-09 15:00:00+00:00,3,3,bias_adjusted_tso+linear_interpolation,degraded
2026-10-09,2026-10-09T21:30:15+00:00,online,BE,solar,tso_reference,TSO forecast,tso_forecast,2208,2026-10-09 21:00:00+00:00,0.0,0.0,,2026-07-09 16:00:00+00:00,2026-10-09 15:00:00+00:00,3,3,bias_adjusted_tso+linear_interpolation,degraded
2026-10-09,2026-10-09T21:30:15+00:00,online,BE,solar,tso_reference,TSO forecast,tso_forecast,2208,2026-10-09 22:00:00+00:00,0.0,0.0,,2026-07-09 16:00:00+00:00,2026-10-09 15:00:00+00:00,3,3,bias_adjusted_tso+linear_interpolation,degraded
2026-10-09,2026-10-09T21:30:15+00:00,online,BE,solar,tso_reference,TSO forecast,tso_forecast,2208,2026-10-09 23:00:00+00:00,0.0,0.0,,2026-07-09 16:00:00+00:00,2026-10-09 15:00:00+00:00,3,3,bias_adjusted_tso+linear_interpolation,degraded
2026-10-09,2026-10-09T21:30:15+00:00,online,BE,solar,tso_reference,TSO forecast,tso_forecast,2208,2026-10-10 00:00:00+00:00,0.0,0.0,,2026-07-09 16:00:00+00:00,2026-10-09 15:00:00+00:00,3,3,bias_adjusted_tso+linear_interpolation,degraded
2026-10-09,2026-10-09T21:30:15+00:00,online,BE,solar,tso_reference,TSO forecast,tso_forecast,2208,2026-10-10 01:00:00+00:00,0.0,0.0,,2026-07-09 16:00:00+00:00,2026-10-09 15:00:00+00:00,3,3,bias_adjusted_tso+linear_interpolation,degraded
2026-10-09,2026-10-09T21:30:15+00:00,online,BE,solar,tso_reference,TSO forecast,tso_forecast,2208,2026-10-10 02:00:00+00:00,0.0,0.0,,2026-07-09 16:00:00+00:00,2026-10-09 15:00:00+00:00,3,3,bias_adjusted_tso+linear_interpolation,degraded
2026-10-09,2026-10-09T21:30:15+00:00,online,BE,solar,tso_reference,TSO forecast,tso_forecast,2208,2026-10-10 03:00:00+00:00,0.0,0.0,,2026-07-09 16:00:00+00:00,2026-10-09 15:00:00+00:00,3,3,bias_adjusted_tso+linear_interpolation,degraded
2026-10-09,2026-10-09T21:30:15+00:00,online,BE,solar,tso_reference,TSO forecast,tso_forecast,2208,2026-10-10 04:00:00+00:00,0.0,0.0,,2026-07-09 16:00:00+00:00,2026-10-09 15:00:00+00:00,3,3,bias_adjusted_tso+linear_interpolation,degraded
2026-10-09,2026-10-09T21:30:15+00:00,online,BE,solar,tso_reference,TSO forecast,tso_forecast,2208,2026-10-10 05:00:00+00:00,0.3635,0.3635,,2026-07-09 16:00:00+00:00,2026-10-09 15:00:00+00:00,3,3,bias_adjusted_tso+linear_interpolation,degraded
2026-10-09,2026-10-09T21:30:15+00:00,online,BE,solar,tso_reference,TSO forecast,tso_forecast,2208,2026-10-10 06:00:00+00:00,476.35975,476.35975,,2026-07-09 16:00:00+00:00,2026-10-09 15:00:00+00:00,3,3,bias_adjusted_tso+linear_interpolation,degraded
2026-10-09,2026-10-09T21:30:15+00:00,online,BE,solar,tso_reference,TSO forecast,tso_forecast,2208,2026-10-10 07:00:00+00:00,2185.484495,2185.484495,,2026-07-09 16:00:00+00:00,2026-10-09 15:00:00+00:00,3,3,bias_adjusted_tso+linear_interpolation,degraded
2026-10-09,2026-10-09T21:30:15+00:00,online,BE,solar,tso_reference,TSO forecast,tso_forecast,2208,2026-10-10 08:00:00+00:00,3851.24125,3851.24125,,2026-07-09 16:00:00+00:00,2026-10-09 15:00:00+00:00,3,3,bias_adjusted_tso+linear_interpolation,degraded
2026-10-09,2026-10-09T21:30:15+00:00,online,BE,solar,tso_reference,TSO forecast,tso_forecast,2208,2026-10-10 09:00:00+00:00,4783.994506,4783.994506,,2026-07-09 16:00:00+00:00,2026-10-09 15:00:00+00:00,3,3,bias_adjusted_tso+linear_interpolation,degraded
2026-10-09,2026-10-09T21:30:15+00:00,online,BE,solar,tso_reference,TSO forecast,tso_forecast,2208,2026-10-10 10:00:00+00:00,5023.498998,5023.498998,,2026-07-09 16:00:00+00:00,2026-10-09 15:00:00+00:00,3,3,bias_adjusted_tso+linear_interpolation,degraded
2026-10-09,2026-10-09T21:30:15+00:00,online,BE,solar,tso_reference,TSO forecast,tso_forecast,2208,2026-10-10 11:00:00+00:00,4873.079245,4873.079245,,2026-07-09 16:00:00+00:00,2026-10-09 15:00:00+00:00,3,3,bias_adjusted_tso+linear_interpolation,degraded
2026-10-09,2026-10-09T21:30:15+00:00,online,BE,solar,tso_reference,TSO forecast,tso_forecast,2208,2026-10-10 12:00:00+00:00,4619.636003,4619.636003,,2026-07-09 16:00:00+00:00,2026-10-09 15:00:00+00:00,3,3,bias_adjusted_tso+linear_interpolation,degraded
2026-10-09,2026-10-09T21:30:15+00:00,online,BE,solar,tso_reference,TSO forecast,tso_forecast,2208,2026-10-10 13:00:00+00:00,4022.081501,4022.081501,,2026-07-09 16:00:00+00:00,2026-10-09 15:00:00+00:00,3,3,bias_adjusted_tso+linear_interpolation,degraded
2026-10-09,2026-10-09T21:30:15+00:00,online,BE,solar,tso_reference,TSO forecast,tso_forecast,2208,2026-10-10 14:00:00+00:00,2944.1695,2944.1695,,2026-07-09 16:00:00+00:00,2026-10-09 15:00:00+00:00,3,3,bias_adjusted_tso+linear_interpolation,degraded
2026-10-09,2026-10-09T21:30:15+00:00,online,BE,solar,tso_reference,TSO forecast,tso_forecast,2208,2026-10-10 15:00:00+00:00,1530.289503,1530.289503,,2026-07-09 16:00:00+00:00,2026-10-09 15:00:00+00:00,3,3,bias_adjusted_tso+linear_interpolation,degraded
2026-10-09,2026-10-09T21:30:15+00:00,online,BE,solar,persistence,Persistence,daily_persistence,2208,2026-10-09 16:00:00+00:00,313.065,85.03925,,2026-07-09 16:00:00+00:00,2026-10-09 15:00:00+00:00,3,3,bias_adjusted_tso+linear_interpolation,degraded
2026-10-09,2026-10-09T21:30:15+00:00,online,BE,solar,persistence,Persistence,daily_persistence,2208,2026-10-09 17:00:00+00:00,0.06,0.11675,,2026-07-09 16:00:00+00:00,2026-10-09 15:00:00+00:00,3,3,bias_adjusted_tso+linear_interpolation,degraded
2026-10-09,2026-10-09T21:30:15+00:00,online,BE,solar,persistence,Persistence,daily_persistence,2208,2026-10-09 18:00:00+00:00,0.0,0.0,,2026-07-09 16:00:00+00:00,2026-10-09 15:00:00+00:00,3,3,bias_adjusted_tso+linear_interpolation,degraded
2026-10-09,2026-10-09T21:30:15+00:00,online,BE,solar,persistence,Persistence,daily_persistence,2208,2026-10-09 19:00:00+00:00,0.0,0.0,,2026-07-09 16:00:00+00:00,2026-10-09 15:00:00+00:00,3,3,bias_adjusted_tso+linear_interpolation,degraded
2026-10-09,2026-10-09T21:30:15+00:00,online,BE,solar,persistence,Persistence,daily_persistence,2208,2026-10-09 20:00:00+00:00,0.0,0.0,,2026-07-09 16:00:00+00:00,2026-10-09 15:00:00+00:00,3,3,bias_adjusted_tso+linear_interpolation,degraded
2026-10-09,2026-10-09T21:30:15+00:00,online,BE,solar,persistence,Persistence,daily_persistence,2208,2026-10-09 21:00:00+00:00,0.0,0.0,,2026-07-09 16:00:00+00:00,2026-10-09 15:00:00+00:00,3,3,bias_adjusted_tso+linear_interpolation,degraded
2026-10-09,2026-10-09T21:30:15+00:00,online,BE,solar,persistence,Persistence,daily_persistence,2208,2026-10-09 22:00:00+00:00,0.0,0.0,,2026-07-09 16:00:00+00:00,2026-10-09 15:00:00+00:00,3,3,bias_adjusted_tso+linear_interpolation,degraded
2026-10-09,2026-10-09T21:30:15+00:00,online,BE,solar,persistence,Persistence,daily_persistence,2208,2026-10-09 23:00:00+00:00,0.0,0.0,,2026-07-09 16:00:00+00:00,2026-10-09 15:00:00+00:00,3,3,bias_adjusted_tso+linear_interpolation,degraded
2026-10-09,2026-10-09T21:30:15+00:00,online,BE,solar,persistence,Persistence,daily_persistence,2208,2026-10-10 00:00:00+00:00,0.0,0.0,,2026-07-09 16:00:00+00:00,2026-10-09 15:00:00+00:00,3,3,bias_adjusted_tso+linear_interpolation,degraded
2026-10-09,2026-10-09T21:30:15+00:00,online,BE,solar,persistence,Persistence,daily_persistence,2208,2026-10-10 01:00:00+00:00,0.0,0.0,,2026-07-09 16:00:00+00:00,2026-10-09 15:00:00+00:00,3,3,bias_adjusted_tso+linear_interpolation,degraded
2026-10-09,2026-10-09T21:30:15+00:00,online,BE,solar,persistence,Persistence,daily_persistence,2208,2026-10-10 02:00:00+00:00,0.0,0.0,,2026-07-09 16:00:00+00:00,2026-10-09 15:00:00+00:00,3,3,bias_adjusted_tso+linear_interpolation,degraded
2026-10-09,2026-10-09T21:30:15+00:00,online,BE,solar,persistence,Persistence,daily_persistence,2208,2026-10-10 03:00:00+00:00,0.0,0.0,,2026-07-09 16:00:00+00:00,2026-10-09 15:00:00+00:00,3,3,bias_adjusted_tso+linear_interpolation,degraded
2026-10-09,2026-10-09T21:30:15+00:00,online,BE,solar,persistence,Persistence,daily_persistence,2208,2026-10-10 04:00:00+00:00,0.0,0.0,,2026-07-09 16:00:00+00:00,2026-10-09 15:00:00+00:00,3,3,bias_adjusted_tso+linear_interpolation,degraded
2026-10-09,2026-10-09T21:30:15+00:00,online,BE,solar,persistence,Persistence,daily_persistence,2208,2026-10-10 05:00:00+00:00,0.0,0.3635,,2026-07-09 16:00:00+00:00,2026-10-09 15:00:00+00:00,3,3,bias_adjusted_tso+linear_interpolation,degraded
2026-10-09,2026-10-09T21:30:15+00:00,online,BE,solar,persistence,Persistence,daily_persistence,2208,2026-10-10 06:00:00+00:00,37.6175,476.35975,,2026-07-09 16:00:00+00:00,2026-10-09 15:00:00+00:00,3,3,bias_adjusted_tso+linear_interpolation,degraded
2026-10-09,2026-10-09T21:30:15+00:00,online,BE,solar,persistence,Persistence,daily_persistence,2208,2026-10-10 07:00:00+00:00,198.7525,2185.484495,,2026-07-09 16:00:00+00:00,2026-10-09 15:00:00+00:00,3,3,bias_adjusted_tso+linear_interpolation,degraded
2026-10-09,2026-10-09T21:30:15+00:00,online,BE,solar,persistence,Persistence,daily_persistence,2208,2026-10-10 08:00:00+00:00,360.5725,3851.24125,,2026-07-09 16:00:00+00:00,2026-10-09 15:00:00+00:00,3,3,bias_adjusted_tso+linear_interpolation,degraded
2026-10-09,2026-10-09T21:30:15+00:00,online,BE,solar,persistence,Persistence,daily_persistence,2208,2026-10-10 09:00:00+00:00,500.2975,4783.994506,,2026-07-09 16:00:00+00:00,2026-10-09 15:00:00+00:00,3,3,bias_adjusted_tso+linear_interpolation,degraded
2026-10-09,2026-10-09T21:30:15+00:00,online,BE,solar,persistence,Persistence,daily_persistence,2208,2026-10-10 10:00:00+00:00,1058.84,5023.498998,,2026-07-09 16:00:00+00:00,2026-10-09 15:00:00+00:00,3,3,bias_adjusted_tso+linear_interpolation,degraded
2026-10-09,2026-10-09T21:30:15+00:00,online,BE,solar,persistence,Persistence,daily_persistence,2208,2026-10-10 11:00:00+00:00,1444.4825,4873.079245,,2026-07-09 16:00:00+00:00,2026-10-09 15:00:00+00:00,3,3,bias_adjusted_tso+linear_interpolation,degraded
2026-10-09,2026-10-09T21:30:15+00:00,online,BE,solar,persistence,Persistence,daily_persistence,2208,2026-10-10 12:00:00+00:00,1306.7425,4619.636003,,2026-07-09 16:00:00+00:00,2026-10-09 15:00:00+00:00,3,3,bias_adjusted_tso+linear_interpolation,degraded
2026-10-09,2026-10-09T21:30:15+00:00,online,BE,solar,persistence,Persistence,daily_persistence,2208,2026-10-10 13:00:00+00:00,1451.9225,4022.081501,,2026-07-09 16:00:00+00:00,2026-10-09 15:00:00+00:00,3,3,bias_adjusted_tso+linear_interpolation,degraded
2026-10-09,2026-10-09T21:30:15+00:00,online,BE,solar,persistence,Persistence,daily_persistence,2208,2026-10-10 14:00:00+00:00,1066.095,2944.1695,,2026-07-09 16:00:00+00:00,2026-10-09 15:00:00+00:00,3,3,bias_adjusted_tso+linear_interpolation,degraded
2026-10-09,2026-10-09T21:30:15+00:00,online,BE,solar,persistence,Persistence,daily_persistence,2208,2026-10-10 15:00:00+00:00,361.5525,1530.289503,,2026-07-09 16:00:00+00:00,2026-10-09 15:00:00+00:00,3,3,bias_adjusted_tso+linear_interpolation,degraded
2026-10-09,2026-10-09T21:30:15+00:00,online,BE,solar,chronos2_online,Chronos2 with covariates,weather_4p+tso_forecast,2208,2026-10-09 16:00:00+00:00,49.3953857421875,85.03925,,2026-07-09 16:00:00+00:00,2026-10-09 15:00:00+00:00,3,3,bias_adjusted_tso+linear_interpolation,degraded
2026-10-09,2026-10-09T21:30:15+00:00,online,BE,solar,chronos2_online,Chronos2 with covariates,weather_4p+tso_forecast,2208,2026-10-09 17:00:00+00:00,41.7156982421875,0.11675,,2026-07-09 16:00:00+00:00,2026-10-09 15:00:00+00:00,3,3,bias_adjusted_tso+linear_interpolation,degraded
2026-10-09,2026-10-09T21:30:15+00:00,online,BE,solar,chronos2_online,Chronos2 with covariates,weather_4p+tso_forecast,2208,2026-10-09 18:00:00+00:00,33.9312744140625,0.0,,2026-07-09 16:00:00+00:00,2026-10-09 15:00:00+00:00,3,3,bias_adjusted_tso+linear_interpolation,degraded
2026-10-09,2026-10-09T21:30:15+00:00,online,BE,solar,chronos2_online,Chronos2 with covariates,weather_4p+tso_forecast,2208,2026-10-09 19:00:00+00:00,31.0509033203125,0.0,,2026-07-09 16:00:00+00:00,2026-10-09 15:00:00+00:00,3,3,bias_adjusted_tso+linear_interpolation,degraded
2026-10-09,2026-10-09T21:30:15+00:00,online,BE,solar,chronos2_online,Chronos2 with covariates,weather_4p+tso_forecast,2208,2026-10-09 20:00:00+00:00,30.072021484375,0.0,,2026-07-09 16:00:00+00:00,2026-10-09 15:00:00+00:00,3,3,bias_adjusted_tso+linear_interpolation,degraded
2026-10-09,2026-10-09T21:30:15+00:00,online,BE,solar,chronos2_online,Chronos2 with covariates,weather_4p+tso_forecast,2208,2026-10-09 21:00:00+00:00,39.7431640625,0.0,,2026-07-09 16:00:00+00:00,2026-10-09 15:00:00+00:00,3,3,bias_adjusted_tso+linear_interpolation,degraded
2026-10-09,2026-10-09T21:30:15+00:00,online,BE,solar,chronos2_online,Chronos2 with covariates,weather_4p+tso_forecast,2208,2026-10-09 22:00:00+00:00,38.288330078125,0.0,,2026-07-09 16:00:00+00:00,2026-10-09 15:00:00+00:00,3,3,bias_adjusted_tso+linear_interpolation,degraded
2026-10-09,2026-10-09T21:30:15+00:00,online,BE,solar,chronos2_online,Chronos2 with covariates,weather_4p+tso_forecast,2208,2026-10-09 23:00:00+00:00,32.9510498046875,0.0,,2026-07-09 16:00:00+00:00,2026-10-09 15:00:00+00:00,3,3,bias_adjusted_tso+linear_interpolation,degraded
2026-10-09,2026-10-09T21:30:15+00:00,online,BE,solar,chronos2_online,Chronos2 with covariates,weather_4p+tso_forecast,2208,2026-10-10 00:00:00+00:00,31.2298583984375,0.0,,2026-07-09 16:00:00+00:00,2026-10-09 15:00:00+00:00,3,3,bias_adjusted_tso+linear_interpolation,degraded
2026-10-09,2026-10-09T21:30:15+00:00,online,BE,solar,chronos2_online,Chronos2 with covariates,weather_4p+tso_forecast,2208,2026-10-10 01:00:00+00:00,35.2701416015625,0.0,,2026-07-09 16:00:00+00:00,2026-10-09 15:00:00+00:00,3,3,bias_adjusted_tso+linear_interpolation,degraded
2026-10-09,2026-10-09T21:30:15+00:00,online,BE,solar,chronos2_online,Chronos2 with covariates,weather_4p+tso_forecast,2208,2026-10-10 02:00:00+00:00,34.2376708984375,0.0,,2026-07-09 16:00:00+00:00,2026-10-09 15:00:00+00:00,3,3,bias_adjusted_tso+linear_interpolation,degraded
2026-10-09,2026-10-09T21:30:15+00:00,online,BE,solar,chronos2_online,Chronos2 with covariates,weather_4p+tso_forecast,2208,2026-10-10 03:00:00+00:00,37.793701171875,0.0,,2026-07-09 16:00:00+00:00,2026-10-09 15:00:00+00:00,3,3,bias_adjusted_tso+linear_interpolation,degraded
2026-10-09,2026-10-09T21:30:15+00:00,online,BE,solar,chronos2_online,Chronos2 with covariates,weather_4p+tso_forecast,2208,2026-10-10 04:00:00+00:00,38.315185546875,0.0,,2026-07-09 16:00:00+00:00,2026-10-09 15:00:00+00:00,3,3,bias_adjusted_tso+linear_interpolation,degraded
2026-10-09,2026-10-09T21:30:15+00:00,online,BE,solar,chronos2_online,Chronos2 with covariates,weather_4p+tso_forecast,2208,2026-10-10 05:00:00+00:00,54.0474853515625,0.3635,,2026-07-09 16:00:00+00:00,2026-10-09 15:00:00+00:00,3,3,bias_adjusted_tso+linear_interpolation,degraded
2026-10-09,2026-10-09T21:30:15+00:00,online,BE,solar,chronos2_online,Chronos2 with covariates,weather_4p+tso_forecast,2208,2026-10-10 06:00:00+00:00,323.656982421875,476.35975,,2026-07-09 16:00:00+00:00,2026-10-09 15:00:00+00:00,3,3,bias_adjusted_tso+linear_interpolation,degraded
2026-10-09,2026-10-09T21:30:15+00:00,online,BE,solar,chronos2_online,Chronos2 with covariates,weather_4p+tso_forecast,2208,2026-10-10 07:00:00+00:00,1535.1700439453125,2185.484495,,2026-07-09 16:00:00+00:00,2026-10-09 15:00:00+00:00,3,3,bias_adjusted_tso+linear_interpolation,degraded
2026-10-09,2026-10-09T21:30:15+00:00,online,BE,solar,chronos2_online,Chronos2 with covariates,weather_4p+tso_forecast,2208,2026-10-10 08:00:00+00:00,3066.62060546875,3851.24125,,2026-07-09 16:00:00+00:00,2026-10-09 15:00:00+00:00,3,3,bias_adjusted_tso+linear_interpolation,degraded
2026-10-09,2026-10-09T21:30:15+00:00,online,BE,solar,chronos2_online,Chronos2 with covariates,weather_4p+tso_forecast,2208,2026-10-10 09:00:00+00:00,4175.42626953125,4783.994506,,2026-07-09 16:00:00+00:00,2026-10-09 15:00:00+00:00,3,3,bias_adjusted_tso+linear_interpolation,degraded
2026-10-09,2026-10-09T21:30:15+00:00,online,BE,solar,chronos2_online,Chronos2 with covariates,weather_4p+tso_forecast,2208,2026-10-10 10:00:00+00:00,4587.9814453125,5023.498998,,2026-07-09 16:00:00+00:00,2026-10-09 15:00:00+00:00,3,3,bias_adjusted_tso+linear_interpolation,degraded
2026-10-09,2026-10-09T21:30:15+00:00,online,BE,solar,chronos2_online,Chronos2 with covariates,weather_4p+tso_forecast,2208,2026-10-10 11:00:00+00:00,4574.23779296875,4873.079245,,2026-07-09 16:00:00+00:00,2026-10-09 15:00:00+00:00,3,3,bias_adjusted_tso+linear_interpolation,degraded
2026-10-09,2026-10-09T21:30:15+00:00,online,BE,solar,chronos2_online,Chronos2 with covariates,weather_4p+tso_forecast,2208,2026-10-10 12:00:00+00:00,4398.69677734375,4619.636003,,2026-07-09 16:00:00+00:00,2026-10-09 15:00:00+00:00,3,3,bias_adjusted_tso+linear_interpolation,degraded
2026-10-09,2026-10-09T21:30:15+00:00,online,BE,solar,chronos2_online,Chronos2 with covariates,weather_4p+tso_forecast,2208,2026-10-10 13:00:00+00:00,3682.922119140625,4022.081501,,2026-07-09 16:00:00+00:00,2026-10-09 15:00:00+00:00,3,3,bias_adjusted_tso+linear_interpolation,degraded
2026-10-09,2026-10-09T21:30:15+00:00,online,BE,solar,chronos2_online,Chronos2 with covariates,weather_4p+tso_forecast,2208,2026-10-10 14:00:00+00:00,2615.057861328125,2944.1695,,2026-07-09 16:00:00+00:00,2026-10-09 15:00:00+00:00,3,3,bias_adjusted_tso+linear_interpolation,degraded
2026-10-09,2026-10-09T21:30:15+00:00,online,BE,solar,chronos2_online,Chronos2 with covariates,weather_4p+tso_forecast,2208,2026-10-10 15:00:00+00:00,1187.661865234375,1530.289503,,2026-07-09 16:00:00+00:00,2026-10-09 15:00:00+00:00,3,3,bias_adjusted_tso+linear_interpolation,degraded
2026-10-09,2026-10-09T21:30:15+00:00,online,BE,solar,xgboost_online,XGBoost with covariates,weather_4p+tso_forecast,2208,2026-10-09 16:00:00+00:00,87.62830352783203,85.03925,,2026-07-09 16:00:00+00:00,2026-10-09 15:00:00+00:00,3,3,bias_adjusted_tso+linear_interpolation,degraded
2026-10-09,2026-10-09T21:30:15+00:00,online,BE,solar,xgboost_online,XGBoost with covariates,weather_4p+tso_forecast,2208,2026-10-09 17:00:00+00:00,32.16442108154297,0.11675,,2026-07-09 16:00:00+00:00,2026-10-09 15:00:00+00:00,3,3,bias_adjusted_tso+linear_interpolation,degraded
2026-10-09,2026-10-09T21:30:15+00:00,online,BE,solar,xgboost_online,XGBoost with covariates,weather_4p+tso_forecast,2208,2026-10-09 18:00:00+00:00,32.16442108154297,0.0,,2026-07-09 16:00:00+00:00,2026-10-09 15:00:00+00:00,3,3,bias_adjusted_tso+linear_interpolation,degraded
2026-10-09,2026-10-09T21:30:15+00:00,online,BE,solar,xgboost_online,XGBoost with covariates,weather_4p+tso_forecast,2208,2026-10-09 19:00:00+00:00,32.16442108154297,0.0,,2026-07-09 16:00:00+00:00,2026-10-09 15:00:00+00:00,3,3,bias_adjusted_tso+linear_interpolation,degraded
2026-10-09,2026-10-09T21:30:15+00:00,online,BE,solar,xgboost_online,XGBoost with covariates,weather_4p+tso_forecast,2208,2026-10-09 20:00:00+00:00,32.16442108154297,0.0,,2026-07-09 16:00:00+00:00,2026-10-09 15:00:00+00:00,3,3,bias_adjusted_tso+linear_interpolation,degraded
2026-10-09,2026-10-09T21:30:15+00:00,online,BE,solar,xgboost_online,XGBoost with covariates,weather_4p+tso_forecast,2208,2026-10-09 21:00:00+00:00,32.16442108154297,0.0,,2026-07-09 16:00:00+00:00,2026-10-09 15:00:00+00:00,3,3,bias_adjusted_tso+linear_interpolation,degraded
2026-10-09,2026-10-09T21:30:15+00:00,online,BE,solar,xgboost_online,XGBoost with covariates,weather_4p+tso_forecast,2208,2026-10-09 22:00:00+00:00,32.16442108154297,0.0,,2026-07-09 16:00:00+00:00,2026-10-09 15:00:00+00:00,3,3,bias_adjusted_tso+linear_interpolation,degraded
2026-10-09,2026-10-09T21:30:15+00:00,online,BE,solar,xgboost_online,XGBoost with covariates,weather_4p+tso_forecast,2208,2026-10-09 23:00:00+00:00,32.16442108154297,0.0,,2026-07-09 16:00:00+00:00,2026-10-09 15:00:00+00:00,3,3,bias_adjusted_tso+linear_interpolation,degraded
2026-10-09,2026-10-09T21:30:15+00:00,online,BE,solar,xgboost_online,XGBoost with covariates,weather_4p+tso_forecast,2208,2026-10-10 00:00:00+00:00,40.851505279541016,0.0,,2026-07-09 16:00:00+00:00,2026-10-09 15:00:00+00:00,3,3,bias_adjusted_tso+linear_interpolation,degraded
2026-10-09,2026-10-09T21:30:15+00:00,online,BE,solar,xgboost_online,XGBoost with covariates,weather_4p+tso_forecast,2208,2026-10-10 01:00:00+00:00,40.851505279541016,0.0,,2026-07-09 16:00:00+00:00,2026-10-09 15:00:00+00:00,3,3,bias_adjusted_tso+linear_interpolation,degraded
2026-10-09,2026-10-09T21:30:15+00:00,online,BE,solar,xgboost_online,XGBoost with covariates,weather_4p+tso_forecast,2208,2026-10-10 02:00:00+00:00,40.851505279541016,0.0,,2026-07-09 16:00:00+00:00,2026-10-09 15:00:00+00:00,3,3,bias_adjusted_tso+linear_interpolation,degraded
2026-10-09,2026-10-09T21:30:15+00:00,online,BE,solar,xgboost_online,XGBoost with covariates,weather_4p+tso_forecast,2208,2026-10-10 03:00:00+00:00,40.851505279541016,0.0,,2026-07-09 16:00:00+00:00,2026-10-09 15:00:00+00:00,3,3,bias_adjusted_tso+linear_interpolation,degraded
2026-10-09,2026-10-09T21:30:15+00:00,online,BE,solar,xgboost_online,XGBoost with covariates,weather_4p+tso_forecast,2208,2026-10-10 04:00:00+00:00,40.851505279541016,0.0,,2026-07-09 16:00:00+00:00,2026-10-09 15:00:00+00:00,3,3,bias_adjusted_tso+linear_interpolation,degraded
2026-10-09,2026-10-09T21:30:15+00:00,online,BE,solar,xgboost_online,XGBoost with covariates,weather_4p+tso_forecast,2208,2026-10-10 05:00:00+00:00,40.851505279541016,0.3635,,2026-07-09 16:00:00+00:00,2026-10-09 15:00:00+00:00,3,3,bias_adjusted_tso+linear_interpolation,degraded
2026-10-09,2026-10-09T21:30:15+00:00,online,BE,solar,xgboost_online,XGBoost with covariates,weather_4p+tso_forecast,2208,2026-10-10 06:00:00+00:00,508.12200927734375,476.35975,,2026-07-09 16:00:00+00:00,2026-10-09 15:00:00+00:00,3,3,bias_adjusted_tso+linear_interpolation,degraded
2026-10-09,2026-10-09T21:30:15+00:00,online,BE,solar,xgboost_online,XGBoost with covariates,weather_4p+tso_forecast,2208,2026-10-10 07:00:00+00:00,1997.0966796875,2185.484495,,2026-07-09 16:00:00+00:00,2026-10-09 15:00:00+00:00,3,3,bias_adjusted_tso+linear_interpolation,degraded
2026-10-09,2026-10-09T21:30:15+00:00,online,BE,solar,xgboost_online,XGBoost with covariates,weather_4p+tso_forecast,2208,2026-10-10 08:00:00+00:00,3344.077880859375,3851.24125,,2026-07-09 16:00:00+00:00,2026-10-09 15:00:00+00:00,3,3,bias_adjusted_tso+linear_interpolation,degraded
2026-10-09,2026-10-09T21:30:15+00:00,online,BE,solar,xgboost_online,XGBoost with covariates,weather_4p+tso_forecast,2208,2026-10-10 09:00:00+00:00,4156.82763671875,4783.994506,,2026-07-09 16:00:00+00:00,2026-10-09 15:00:00+00:00,3,3,bias_adjusted_tso+linear_interpolation,degraded
2026-10-09,2026-10-09T21:30:15+00:00,online,BE,solar,xgboost_online,XGBoost with covariates,weather_4p+tso_forecast,2208,2026-10-10 10:00:00+00:00,4418.40673828125,5023.498998,,2026-07-09 16:00:00+00:00,2026-10-09 15:00:00+00:00,3,3,bias_adjusted_tso+linear_interpolation,degraded
2026-10-09,2026-10-09T21:30:15+00:00,online,BE,solar,xgboost_online,XGBoost with covariates,weather_4p+tso_forecast,2208,2026-10-10 11:00:00+00:00,4380.8095703125,4873.079245,,2026-07-09 16:00:00+00:00,2026-10-09 15:00:00+00:00,3,3,bias_adjusted_tso+linear_interpolation,degraded
2026-10-09,2026-10-09T21:30:15+00:00,online,BE,solar,xgboost_online,XGBoost with covariates,weather_4p+tso_forecast,2208,2026-10-10 12:00:00+00:00,4363.56494140625,4619.636003,,2026-07-09 16:00:00+00:00,2026-10-09 15:00:00+00:00,3,3,bias_adjusted_tso+linear_interpolation,degraded
2026-10-09,2026-10-09T21:30:15+00:00,online,BE,solar,xgboost_online,XGBoost with covariates,weather_4p+tso_forecast,2208,2026-10-10 13:00:00+00:00,3891.5205078125,4022.081501,,2026-07-09 16:00:00+00:00,2026-10-09 15:00:00+00:00,3,3,bias_adjusted_tso+linear_interpolation,degraded
2026-10-09,2026-10-09T21:30:15+00:00,online,BE,solar,xgboost_online,XGBoost with covariates,weather_4p+tso_forecast,2208,2026-10-10 14:00:00+00:00,2941.5673828125,2944.1695,,2026-07-09 16:00:00+00:00,2026-10-09 15:00:00+00:00,3,3,bias_adjusted_tso+linear_interpolation,degraded
2026-10-09,2026-10-09T21:30:15+00:00,online,BE,solar,xgboost_online,XGBoost with covariates,weather_4p+tso_forecast,2208,2026-10-10 15:00:00+00:00,1696.52734375,1530.289503,,2026-07-09 16:00:00+00:00,2026-10-09 15:00:00+00:00,3,3,bias_adjusted_tso+linear_interpolation,degraded
2026-10-09,2026-10-09T21:30:15+00:00,online,BE,wind_onshore,tso_reference,TSO forecast,tso_forecast,2208,2026-10-09 16:00:00+00:00,2090.925,2090.925,,2026-07-09 16:00:00+00:00,2026-10-09 15:00:00+00:00,3,3,bias_adjusted_tso+linear_interpolation,degraded
2026-10-09,2026-10-09T21:30:15+00:00,online,BE,wind_onshore,tso_reference,TSO forecast,tso_forecast,2208,2026-10-09 17:00:00+00:00,2097.25,2097.25,,2026-07-09 16:00:00+00:00,2026-10-09 15:00:00+00:00,3,3,bias_adjusted_tso+linear_interpolation,degraded
2026-10-09,2026-10-09T21:30:15+00:00,online,BE,wind_onshore,tso_reference,TSO forecast,tso_forecast,2208,2026-10-09 18:00:00+00:00,2098.35,2098.35,,2026-07-09 16:00:00+00:00,2026-10-09 15:00:00+00:00,3,3,bias_adjusted_tso+linear_interpolation,degraded
2026-10-09,2026-10-09T21:30:15+00:00,online,BE,wind_onshore,tso_reference,TSO forecast,tso_forecast,2208,2026-10-09 19:00:00+00:00,2098.15,2098.15,,2026-07-09 16:00:00+00:00,2026-10-09 15:00:00+00:00,3,3,bias_adjusted_tso+linear_interpolation,degraded
2026-10-09,2026-10-09T21:30:15+00:00,online,BE,wind_onshore,tso_reference,TSO forecast,tso_forecast,2208,2026-10-09 20:00:00+00:00,2047.275,2047.275,,2026-07-09 16:00:00+00:00,2026-10-09 15:00:00+00:00,3,3,bias_adjusted_tso+linear_interpolation,degraded
2026-10-09,2026-10-09T21:30:15+00:00,online,BE,wind_onshore,tso_reference,TSO forecast,tso_forecast,2208,2026-10-09 21:00:00+00:00,1873.85,1873.85,,2026-07-09 16:00:00+00:00,2026-10-09 15:00:00+00:00,3,3,bias_adjusted_tso+linear_interpolation,degraded
2026-10-09,2026-10-09T21:30:15+00:00,online,BE,wind_onshore,tso_reference,TSO forecast,tso_forecast,2208,2026-10-09 22:00:00+00:00,1670.425,1670.425,,2026-07-09 16:00:00+00:00,2026-10-09 15:00:00+00:00,3,3,bias_adjusted_tso+linear_interpolation,degraded
2026-10-09,2026-10-09T21:30:15+00:00,online,BE,wind_onshore,tso_reference,TSO forecast,tso_forecast,2208,2026-10-09 23:00:00+00:00,1459.7,1459.7,,2026-07-09 16:00:00+00:00,2026-10-09 15:00:00+00:00,3,3,bias_adjusted_tso+linear_interpolation,degraded
2026-10-09,2026-10-09T21:30:15+00:00,online,BE,wind_onshore,tso_reference,TSO forecast,tso_forecast,2208,2026-10-10 00:00:00+00:00,1263.2,1263.2,,2026-07-09 16:00:00+00:00,2026-10-09 15:00:00+00:00,3,3,bias_adjusted_tso+linear_interpolation,degraded
2026-10-09,2026-10-09T21:30:15+00:00,online,BE,wind_onshore,tso_reference,TSO forecast,tso_forecast,2208,2026-10-10 01:00:00+00:00,1125.6,1125.6,,2026-07-09 16:00:00+00:00,2026-10-09 15:00:00+00:00,3,3,bias_adjusted_tso+linear_interpolation,degraded
2026-10-09,2026-10-09T21:30:15+00:00,online,BE,wind_onshore,tso_reference,TSO forecast,tso_forecast,2208,2026-10-10 02:00:00+00:00,1056.55,1056.55,,2026-07-09 16:00:00+00:00,2026-10-09 15:00:00+00:00,3,3,bias_adjusted_tso+linear_interpolation,degraded
2026-10-09,2026-10-09T21:30:15+00:00,online,BE,wind_onshore,tso_reference,TSO forecast,tso_forecast,2208,2026-10-10 03:00:00+00:00,1024.975,1024.975,,2026-07-09 16:00:00+00:00,2026-10-09 15:00:00+00:00,3,3,bias_adjusted_tso+linear_interpolation,degraded
2026-10-09,2026-10-09T21:30:15+00:00,online,BE,wind_onshore,tso_reference,TSO forecast,tso_forecast,2208,2026-10-10 04:00:00+00:00,1025.35,1025.35,,2026-07-09 16:00:00+00:00,2026-10-09 15:00:00+00:00,3,3,bias_adjusted_tso+linear_interpolation,degraded
2026-10-09,2026-10-09T21:30:15+00:00,online,BE,wind_onshore,tso_reference,TSO forecast,tso_forecast,2208,2026-10-10 05:00:00+00:00,1053.2,1053.2,,2026-07-09 16:00:00+00:00,2026-10-09 15:00:00+00:00,3,3,bias_adjusted_tso+linear_interpolation,degraded
2026-10-09,2026-10-09T21:30:15+00:00,online,BE,wind_onshore,tso_reference,TSO forecast,tso_forecast,2208,2026-10-10 06:00:00+00:00,1084.45,1084.45,,2026-07-09 16:00:00+00:00,2026-10-09 15:00:00+00:00,3,3,bias_adjusted_tso+linear_interpolation,degraded
2026-10-09,2026-10-09T21:30:15+00:00,online,BE,wind_onshore,tso_reference,TSO forecast,tso_forecast,2208,2026-10-10 07:00:00+00:00,1067.525,1067.525,,2026-07-09 16:00:00+00:00,2026-10-09 15:00:00+00:00,3,3,bias_adjusted_tso+linear_interpolation,degraded
2026-10-09,2026-10-09T21:30:15+00:00,online,BE,wind_onshore,tso_reference,TSO forecast,tso_forecast,2208,2026-10-10 08:00:00+00:00,1114.85,1114.85,,2026-07-09 16:00:00+00:00,2026-10-09 15:00:00+00:00,3,3,bias_adjusted_tso+linear_interpolation,degraded
2026-10-09,2026-10-09T21:30:15+00:00,online,BE,wind_onshore,tso_reference,TSO forecast,tso_forecast,2208,2026-10-10 09:00:00+00:00,1263.45,1263.45,,2026-07-09 16:00:00+00:00,2026-10-09 15:00:00+00:00,3,3,bias_adjusted_tso+linear_interpolation,degraded
2026-10-09,2026-10-09T21:30:15+00:00,online,BE,wind_onshore,tso_reference,TSO forecast,tso_forecast,2208,2026-10-10 10:00:00+00:00,1361.9,1361.9,,2026-07-09 16:00:00+00:00,2026-10-09 15:00:00+00:00,3,3,bias_adjusted_tso+linear_interpolation,degraded
2026-10-09,2026-10-09T21:30:15+00:00,online,BE,wind_onshore,tso_reference,TSO forecast,tso_forecast,2208,2026-10-10 11:00:00+00:00,1409.225,1409.225,,2026-07-09 16:00:00+00:00,2026-10-09 15:00:00+00:00,3,3,bias_adjusted_tso+linear_interpolation,degraded
2026-10-09,2026-10-09T21:30:15+00:00,online,BE,wind_onshore,tso_reference,TSO forecast,tso_forecast,2208,2026-10-10 12:00:00+00:00,1439.9,1439.9,,2026-07-09 16:00:00+00:00,2026-10-09 15:00:00+00:00,3,3,bias_adjusted_tso+linear_interpolation,degraded
2026-10-09,2026-10-09T21:30:15+00:00,online,BE,wind_onshore,tso_reference,TSO forecast,tso_forecast,2208,2026-10-10 13:00:00+00:00,1452.9,1452.9,,2026-07-09 16:00:00+00:00,2026-10-09 15:00:00+00:00,3,3,bias_adjusted_tso+linear_interpolation,degraded
2026-10-09,2026-10-09T21:30:15+00:00,online,BE,wind_onshore,tso_reference,TSO forecast,tso_forecast,2208,2026-10-10 14:00:00+00:00,1436.075,1436.075,,2026-07-09 16:00:00+00:00,2026-10-09 15:00:00+00:00,3,3,bias_adjusted_tso+linear_interpolation,degraded
2026-10-09,2026-10-09T21:30:15+00:00,online,BE,wind_onshore,tso_reference,TSO forecast,tso_forecast,2208,2026-10-10 15:00:00+00:00,1343.95,1343.95,,2026-07-09 16:00:00+00:00,2026-10-09 15:00:00+00:00,3,3,bias_adjusted_tso+linear_interpolation,degraded
2026-10-09,2026-10-09T21:30:15+00:00,online,BE,wind_onshore,persistence,Persistence,daily_persistence,2208,2026-10-09 16:00:00+00:00,659.380709,2090.925,,2026-07-09 16:00:00+00:00,2026-10-09 15:00:00+00:00,3,3,bias_adjusted_tso+linear_interpolation,degraded
2026-10-09,2026-10-09T21:30:15+00:00,online,BE,wind_onshore,persistence,Persistence,daily_persistence,2208,2026-10-09 17:00:00+00:00,568.838867,2097.25,,2026-07-09 16:00:00+00:00,2026-10-09 15:00:00+00:00,3,3,bias_adjusted_tso+linear_interpolation,degraded
2026-10-09,2026-10-09T21:30:15+00:00,online,BE,wind_onshore,persistence,Persistence,daily_persistence,2208,2026-10-09 18:00:00+00:00,595.739861,2098.35,,2026-07-09 16:00:00+00:00,2026-10-09 15:00:00+00:00,3,3,bias_adjusted_tso+linear_interpolation,degraded
2026-10-09,2026-10-09T21:30:15+00:00,online,BE,wind_onshore,persistence,Persistence,daily_persistence,2208,2026-10-09 19:00:00+00:00,676.858989,2098.15,,2026-07-09 16:00:00+00:00,2026-10-09 15:00:00+00:00,3,3,bias_adjusted_tso+linear_interpolation,degraded
2026-10-09,2026-10-09T21:30:15+00:00,online,BE,wind_onshore,persistence,Persistence,daily_persistence,2208,2026-10-09 20:00:00+00:00,669.212876,2047.275,,2026-07-09 16:00:00+00:00,2026-10-09 15:00:00+00:00,3,3,bias_adjusted_tso+linear_interpolation,degraded
2026-10-09,2026-10-09T21:30:15+00:00,online,BE,wind_onshore,persistence,Persistence,daily_persistence,2208,2026-10-09 21:00:00+00:00,742.049484,1873.85,,2026-07-09 16:00:00+00:00,2026-10-09 15:00:00+00:00,3,3,bias_adjusted_tso+linear_interpolation,degraded
2026-10-09,2026-10-09T21:30:15+00:00,online,BE,wind_onshore,persistence,Persistence,daily_persistence,2208,2026-10-09 22:00:00+00:00,847.536141,1670.425,,2026-07-09 16:00:00+00:00,2026-10-09 15:00:00+00:00,3,3,bias_adjusted_tso+linear_interpolation,degraded
2026-10-09,2026-10-09T21:30:15+00:00,online,BE,wind_onshore,persistence,Persistence,daily_persistence,2208,2026-10-09 23:00:00+00:00,1028.79142,1459.7,,2026-07-09 16:00:00+00:00,2026-10-09 15:00:00+00:00,3,3,bias_adjusted_tso+linear_interpolation,degraded
2026-10-09,2026-10-09T21:30:15+00:00,online,BE,wind_onshore,persistence,Persistence,daily_persistence,2208,2026-10-10 00:00:00+00:00,1048.911919,1263.2,,2026-07-09 16:00:00+00:00,2026-10-09 15:00:00+00:00,3,3,bias_adjusted_tso+linear_interpolation,degraded
2026-10-09,2026-10-09T21:30:15+00:00,online,BE,wind_onshore,persistence,Persistence,daily_persistence,2208,2026-10-10 01:00:00+00:00,1223.168159,1125.6,,2026-07-09 16:00:00+00:00,2026-10-09 15:00:00+00:00,3,3,bias_adjusted_tso+linear_interpolation,degraded
2026-10-09,2026-10-09T21:30:15+00:00,online,BE,wind_onshore,persistence,Persistence,daily_persistence,2208,2026-10-10 02:00:00+00:00,1397.809681,1056.55,,2026-07-09 16:00:00+00:00,2026-10-09 15:00:00+00:00,3,3,bias_adjusted_tso+linear_interpolation,degraded
2026-10-09,2026-10-09T21:30:15+00:00,online,BE,wind_onshore,persistence,Persistence,daily_persistence,2208,2026-10-10 03:00:00+00:00,1591.110717,1024.975,,2026-07-09 16:00:00+00:00,2026-10-09 15:00:00+00:00,3,3,bias_adjusted_tso+linear_interpolation,degraded
2026-10-09,2026-10-09T21:30:15+00:00,online,BE,wind_onshore,persistence,Persistence,daily_persistence,2208,2026-10-10 04:00:00+00:00,1916.403932,1025.35,,2026-07-09 16:00:00+00:00,2026-10-09 15:00:00+00:00,3,3,bias_adjusted_tso+linear_interpolation,degraded
2026-10-09,2026-10-09T21:30:15+00:00,online,BE,wind_onshore,persistence,Persistence,daily_persistence,2208,2026-10-10 05:00:00+00:00,2221.871591,1053.2,,2026-07-09 16:00:00+00:00,2026-10-09 15:00:00+00:00,3,3,bias_adjusted_tso+linear_interpolation,degraded
2026-10-09,2026-10-09T21:30:15+00:00,online,BE,wind_onshore,persistence,Persistence,daily_persistence,2208,2026-10-10 06:00:00+00:00,2388.61821,1084.45,,2026-07-09 16:00:00+00:00,2026-10-09 15:00:00+00:00,3,3,bias_adjusted_tso+linear_interpolation,degraded
2026-10-09,2026-10-09T21:30:15+00:00,online,BE,wind_onshore,persistence,Persistence,daily_persistence,2208,2026-10-10 07:00:00+00:00,2462.798936,1067.525,,2026-07-09 16:00:00+00:00,2026-10-09 15:00:00+00:00,3,3,bias_adjusted_tso+linear_interpolation,degraded
2026-10-09,2026-10-09T21:30:15+00:00,online,BE,wind_onshore,persistence,Persistence,daily_persistence,2208,2026-10-10 08:00:00+00:00,2376.091128,1114.85,,2026-07-09 16:00:00+00:00,2026-10-09 15:00:00+00:00,3,3,bias_adjusted_tso+linear_interpolation,degraded
2026-10-09,2026-10-09T21:30:15+00:00,online,BE,wind_onshore,persistence,Persistence,daily_persistence,2208,2026-10-10 09:00:00+00:00,2320.754415,1263.45,,2026-07-09 16:00:00+00:00,2026-10-09 15:00:00+00:00,3,3,bias_adjusted_tso+linear_interpolation,degraded
2026-10-09,2026-10-09T21:30:15+00:00,online,BE,wind_onshore,persistence,Persistence,daily_persistence,2208,2026-10-10 10:00:00+00:00,2261.62138,1361.9,,2026-07-09 16:00:00+00:00,2026-10-09 15:00:00+00:00,3,3,bias_adjusted_tso+linear_interpolation,degraded
2026-10-09,2026-10-09T21:30:15+00:00,online,BE,wind_onshore,persistence,Persistence,daily_persistence,2208,2026-10-10 11:00:00+00:00,2226.182899,1409.225,,2026-07-09 16:00:00+00:00,2026-10-09 15:00:00+00:00,3,3,bias_adjusted_tso+linear_interpolation,degraded
2026-10-09,2026-10-09T21:30:15+00:00,online,BE,wind_onshore,persistence,Persistence,daily_persistence,2208,2026-10-10 12:00:00+00:00,2242.113476,1439.9,,2026-07-09 16:00:00+00:00,2026-10-09 15:00:00+00:00,3,3,bias_adjusted_tso+linear_interpolation,degraded
2026-10-09,2026-10-09T21:30:15+00:00,online,BE,wind_onshore,persistence,Persistence,daily_persistence,2208,2026-10-10 13:00:00+00:00,2273.117546,1452.9,,2026-07-09 16:00:00+00:00,2026-10-09 15:00:00+00:00,3,3,bias_adjusted_tso+linear_interpolation,degraded
2026-10-09,2026-10-09T21:30:15+00:00,online,BE,wind_onshore,persistence,Persistence,daily_persistence,2208,2026-10-10 14:00:00+00:00,2165.281125,1436.075,,2026-07-09 16:00:00+00:00,2026-10-09 15:00:00+00:00,3,3,bias_adjusted_tso+linear_interpolation,degraded
2026-10-09,2026-10-09T21:30:15+00:00,online,BE,wind_onshore,persistence,Persistence,daily_persistence,2208,2026-10-10 15:00:00+00:00,2269.001935,1343.95,,2026-07-09 16:00:00+00:00,2026-10-09 15:00:00+00:00,3,3,bias_adjusted_tso+linear_interpolation,degraded
2026-10-09,2026-10-09T21:30:15+00:00,online,BE,wind_onshore,chronos2_online,Chronos2 with covariates,weather_4p+tso_forecast,2208,2026-10-09 16:00:00+00:00,2235.787109375,2090.925,,2026-07-09 16:00:00+00:00,2026-10-09 15:00:00+00:00,3,3,bias_adjusted_tso+linear_interpolation,degraded
2026-10-09,2026-10-09T21:30:15+00:00,online,BE,wind_onshore,chronos2_online,Chronos2 with covariates,weather_4p+tso_forecast,2208,2026-10-09 17:00:00+00:00,2214.081787109375,2097.25,,2026-07-09 16:00:00+00:00,2026-10-09 15:00:00+00:00,3,3,bias_adjusted_tso+linear_interpolation,degraded
2026-10-09,2026-10-09T21:30:15+00:00,online,BE,wind_onshore,chronos2_online,Chronos2 with covariates,weather_4p+tso_forecast,2208,2026-10-09 18:00:00+00:00,2170.221435546875,2098.35,,2026-07-09 16:00:00+00:00,2026-10-09 15:00:00+00:00,3,3,bias_adjusted_tso+linear_interpolation,degraded
2026-10-09,2026-10-09T21:30:15+00:00,online,BE,wind_onshore,chronos2_online,Chronos2 with covariates,weather_4p+tso_forecast,2208,2026-10-09 19:00:00+00:00,2114.474609375,2098.15,,2026-07-09 16:00:00+00:00,2026-10-09 15:00:00+00:00,3,3,bias_adjusted_tso+linear_interpolation,degraded
2026-10-09,2026-10-09T21:30:15+00:00,online,BE,wind_onshore,chronos2_online,Chronos2 with covariates,weather_4p+tso_forecast,2208,2026-10-09 20:00:00+00:00,2002.8131103515625,2047.275,,2026-07-09 16:00:00+00:00,2026-10-09 15:00:00+00:00,3,3,bias_adjusted_tso+linear_interpolation,degraded
2026-10-09,2026-10-09T21:30:15+00:00,online,BE,wind_onshore,chronos2_online,Chronos2 with covariates,weather_4p+tso_forecast,2208,2026-10-09 21:00:00+00:00,1832.431640625,1873.85,,2026-07-09 16:00:00+00:00,2026-10-09 15:00:00+00:00,3,3,bias_adjusted_tso+linear_interpolation,degraded
2026-10-09,2026-10-09T21:30:15+00:00,online,BE,wind_onshore,chronos2_online,Chronos2 with covariates,weather_4p+tso_forecast,2208,2026-10-09 22:00:00+00:00,1669.0440673828125,1670.425,,2026-07-09 16:00:00+00:00,2026-10-09 15:00:00+00:00,3,3,bias_adjusted_tso+linear_interpolation,degraded
2026-10-09,2026-10-09T21:30:15+00:00,online,BE,wind_onshore,chronos2_online,Chronos2 with covariates,weather_4p+tso_forecast,2208,2026-10-09 23:00:00+00:00,1468.28076171875,1459.7,,2026-07-09 16:00:00+00:00,2026-10-09 15:00:00+00:00,3,3,bias_adjusted_tso+linear_interpolation,degraded
2026-10-09,2026-10-09T21:30:15+00:00,online,BE,wind_onshore,chronos2_online,Chronos2 with covariates,weather_4p+tso_forecast,2208,2026-10-10 00:00:00+00:00,1298.92236328125,1263.2,,2026-07-09 16:00:00+00:00,2026-10-09 15:00:00+00:00,3,3,bias_adjusted_tso+linear_interpolation,degraded
2026-10-09,2026-10-09T21:30:15+00:00,online,BE,wind_onshore,chronos2_online,Chronos2 with covariates,weather_4p+tso_forecast,2208,2026-10-10 01:00:00+00:00,1138.82470703125,1125.6,,2026-07-09 16:00:00+00:00,2026-10-09 15:00:00+00:00,3,3,bias_adjusted_tso+linear_interpolation,degraded
2026-10-09,2026-10-09T21:30:15+00:00,online,BE,wind_onshore,chronos2_online,Chronos2 with covariates,weather_4p+tso_forecast,2208,2026-10-10 02:00:00+00:00,973.3629760742188,1056.55,,2026-07-09 16:00:00+00:00,2026-10-09 15:00:00+00:00,3,3,bias_adjusted_tso+linear_interpolation,degraded
2026-10-09,2026-10-09T21:30:15+00:00,online,BE,wind_onshore,chronos2_online,Chronos2 with covariates,weather_4p+tso_forecast,2208,2026-10-10 03:00:00+00:00,975.68798828125,1024.975,,2026-07-09 16:00:00+00:00,2026-10-09 15:00:00+00:00,3,3,bias_adjusted_tso+linear_interpolation,degraded
2026-10-09,2026-10-09T21:30:15+00:00,online,BE,wind_onshore,chronos2_online,Chronos2 with covariates,weather_4p+tso_forecast,2208,2026-10-10 04:00:00+00:00,1016.899658203125,1025.35,,2026-07-09 16:00:00+00:00,2026-10-09 15:00:00+00:00,3,3,bias_adjusted_tso+linear_interpolation,degraded
2026-10-09,2026-10-09T21:30:15+00:00,online,BE,wind_onshore,chronos2_online,Chronos2 with covariates,weather_4p+tso_forecast,2208,2026-10-10 05:00:00+00:00,1069.138916015625,1053.2,,2026-07-09 16:00:00+00:00,2026-10-09 15:00:00+00:00,3,3,bias_adjusted_tso+linear_interpolation,degraded
2026-10-09,2026-10-09T21:30:15+00:00,online,BE,wind_onshore,chronos2_online,Chronos2 with covariates,weather_4p+tso_forecast,2208,2026-10-10 06:00:00+00:00,1135.047119140625,1084.45,,2026-07-09 16:00:00+00:00,2026-10-09 15:00:00+00:00,3,3,bias_adjusted_tso+linear_interpolation,degraded
2026-10-09,2026-10-09T21:30:15+00:00,online,BE,wind_onshore,chronos2_online,Chronos2 with covariates,weather_4p+tso_forecast,2208,2026-10-10 07:00:00+00:00,1133.03125,1067.525,,2026-07-09 16:00:00+00:00,2026-10-09 15:00:00+00:00,3,3,bias_adjusted_tso+linear_interpolation,degraded
2026-10-09,2026-10-09T21:30:15+00:00,online,BE,wind_onshore,chronos2_online,Chronos2 with covariates,weather_4p+tso_forecast,2208,2026-10-10 08:00:00+00:00,1139.0323486328125,1114.85,,2026-07-09 16:00:00+00:00,2026-10-09 15:00:00+00:00,3,3,bias_adjusted_tso+linear_interpolation,degraded
2026-10-09,2026-10-09T21:30:15+00:00,online,BE,wind_onshore,chronos2_online,Chronos2 with covariates,weather_4p+tso_forecast,2208,2026-10-10 09:00:00+00:00,1271.458740234375,1263.45,,2026-07-09 16:00:00+00:00,2026-10-09 15:00:00+00:00,3,3,bias_adjusted_tso+linear_interpolation,degraded
2026-10-09,2026-10-09T21:30:15+00:00,online,BE,wind_onshore,chronos2_online,Chronos2 with covariates,weather_4p+tso_forecast,2208,2026-10-10 10:00:00+00:00,1376.5877685546875,1361.9,,2026-07-09 16:00:00+00:00,2026-10-09 15:00:00+00:00,3,3,bias_adjusted_tso+linear_interpolation,degraded
2026-10-09,2026-10-09T21:30:15+00:00,online,BE,wind_onshore,chronos2_online,Chronos2 with covariates,weather_4p+tso_forecast,2208,2026-10-10 11:00:00+00:00,1411.601806640625,1409.225,,2026-07-09 16:00:00+00:00,2026-10-09 15:00:00+00:00,3,3,bias_adjusted_tso+linear_interpolation,degraded
2026-10-09,2026-10-09T21:30:15+00:00,online,BE,wind_onshore,chronos2_online,Chronos2 with covariates,weather_4p+tso_forecast,2208,2026-10-10 12:00:00+00:00,1429.0908203125,1439.9,,2026-07-09 16:00:00+00:00,2026-10-09 15:00:00+00:00,3,3,bias_adjusted_tso+linear_interpolation,degraded
2026-10-09,2026-10-09T21:30:15+00:00,online,BE,wind_onshore,chronos2_online,Chronos2 with covariates,weather_4p+tso_forecast,2208,2026-10-10 13:00:00+00:00,1439.420166015625,1452.9,,2026-07-09 16:00:00+00:00,2026-10-09 15:00:00+00:00,3,3,bias_adjusted_tso+linear_interpolation,degraded
2026-10-09,2026-10-09T21:30:15+00:00,online,BE,wind_onshore,chronos2_online,Chronos2 with covariates,weather_4p+tso_forecast,2208,2026-10-10 14:00:00+00:00,1439.8253173828125,1436.075,,2026-07-09 16:00:00+00:00,2026-10-09 15:00:00+00:00,3,3,bias_adjusted_tso+linear_interpolation,degraded
2026-10-09,2026-10-09T21:30:15+00:00,online,BE,wind_onshore,chronos2_online,Chronos2 with covariates,weather_4p+tso_forecast,2208,2026-10-10 15:00:00+00:00,1374.72412109375,1343.95,,2026-07-09 16:00:00+00:00,2026-10-09 15:00:00+00:00,3,3,bias_adjusted_tso+linear_interpolation,degraded
2026-10-09,2026-10-09T21:30:15+00:00,online,BE,wind_onshore,xgboost_online,XGBoost with covariates,weather_4p+tso_forecast,2208,2026-10-09 16:00:00+00:00,2290.296630859375,2090.925,,2026-07-09 16:00:00+00:00,2026-10-09 15:00:00+00:00,3,3,bias_adjusted_tso+linear_interpolation,degraded
2026-10-09,2026-10-09T21:30:15+00:00,online,BE,wind_onshore,xgboost_online,XGBoost with covariates,weather_4p+tso_forecast,2208,2026-10-09 17:00:00+00:00,2284.346923828125,2097.25,,2026-07-09 16:00:00+00:00,2026-10-09 15:00:00+00:00,3,3,bias_adjusted_tso+linear_interpolation,degraded
2026-10-09,2026-10-09T21:30:15+00:00,online,BE,wind_onshore,xgboost_online,XGBoost with covariates,weather_4p+tso_forecast,2208,2026-10-09 18:00:00+00:00,2284.346923828125,2098.35,,2026-07-09 16:00:00+00:00,2026-10-09 15:00:00+00:00,3,3,bias_adjusted_tso+linear_interpolation,degraded
2026-10-09,2026-10-09T21:30:15+00:00,online,BE,wind_onshore,xgboost_online,XGBoost with covariates,weather_4p+tso_forecast,2208,2026-10-09 19:00:00+00:00,2284.346923828125,2098.15,,2026-07-09 16:00:00+00:00,2026-10-09 15:00:00+00:00,3,3,bias_adjusted_tso+linear_interpolation,degraded
2026-10-09,2026-10-09T21:30:15+00:00,online,BE,wind_onshore,xgboost_online,XGBoost with covariates,weather_4p+tso_forecast,2208,2026-10-09 20:00:00+00:00,2066.052490234375,2047.275,,2026-07-09 16:00:00+00:00,2026-10-09 15:00:00+00:00,3,3,bias_adjusted_tso+linear_interpolation,degraded
2026-10-09,2026-10-09T21:30:15+00:00,online,BE,wind_onshore,xgboost_online,XGBoost with covariates,weather_4p+tso_forecast,2208,2026-10-09 21:00:00+00:00,2027.484375,1873.85,,2026-07-09 16:00:00+00:00,2026-10-09 15:00:00+00:00,3,3,bias_adjusted_tso+linear_interpolation,degraded
2026-10-09,2026-10-09T21:30:15+00:00,online,BE,wind_onshore,xgboost_online,XGBoost with covariates,weather_4p+tso_forecast,2208,2026-10-09 22:00:00+00:00,1707.1768798828125,1670.425,,2026-07-09 16:00:00+00:00,2026-10-09 15:00:00+00:00,3,3,bias_adjusted_tso+linear_interpolation,degraded
2026-10-09,2026-10-09T21:30:15+00:00,online,BE,wind_onshore,xgboost_online,XGBoost with covariates,weather_4p+tso_forecast,2208,2026-10-09 23:00:00+00:00,1482.6746826171875,1459.7,,2026-07-09 16:00:00+00:00,2026-10-09 15:00:00+00:00,3,3,bias_adjusted_tso+linear_interpolation,degraded
2026-10-09,2026-10-09T21:30:15+00:00,online,BE,wind_onshore,xgboost_online,XGBoost with covariates,weather_4p+tso_forecast,2208,2026-10-10 00:00:00+00:00,1359.788330078125,1263.2,,2026-07-09 16:00:00+00:00,2026-10-09 15:00:00+00:00,3,3,bias_adjusted_tso+linear_interpolation,degraded
2026-10-09,2026-10-09T21:30:15+00:00,online,BE,wind_onshore,xgboost_online,XGBoost with covariates,weather_4p+tso_forecast,2208,2026-10-10 01:00:00+00:00,1109.8497314453125,1125.6,,2026-07-09 16:00:00+00:00,2026-10-09 15:00:00+00:00,3,3,bias_adjusted_tso+linear_interpolation,degraded
2026-10-09,2026-10-09T21:30:15+00:00,online,BE,wind_onshore,xgboost_online,XGBoost with covariates,weather_4p+tso_forecast,2208,2026-10-10 02:00:00+00:00,1062.8636474609375,1056.55,,2026-07-09 16:00:00+00:00,2026-10-09 15:00:00+00:00,3,3,bias_adjusted_tso+linear_interpolation,degraded
2026-10-09,2026-10-09T21:30:15+00:00,online,BE,wind_onshore,xgboost_online,XGBoost with covariates,weather_4p+tso_forecast,2208,2026-10-10 03:00:00+00:00,1113.2529296875,1024.975,,2026-07-09 16:00:00+00:00,2026-10-09 15:00:00+00:00,3,3,bias_adjusted_tso+linear_interpolation,degraded
2026-10-09,2026-10-09T21:30:15+00:00,online,BE,wind_onshore,xgboost_online,XGBoost with covariates,weather_4p+tso_forecast,2208,2026-10-10 04:00:00+00:00,1161.4560546875,1025.35,,2026-07-09 16:00:00+00:00,2026-10-09 15:00:00+00:00,3,3,bias_adjusted_tso+linear_interpolation,degraded
2026-10-09,2026-10-09T21:30:15+00:00,online,BE,wind_onshore,xgboost_online,XGBoost with covariates,weather_4p+tso_forecast,2208,2026-10-10 05:00:00+00:00,1102.3070068359375,1053.2,,2026-07-09 16:00:00+00:00,2026-10-09 15:00:00+00:00,3,3,bias_adjusted_tso+linear_interpolation,degraded
2026-10-09,2026-10-09T21:30:15+00:00,online,BE,wind_onshore,xgboost_online,XGBoost with covariates,weather_4p+tso_forecast,2208,2026-10-10 06:00:00+00:00,1206.3392333984375,1084.45,,2026-07-09 16:00:00+00:00,2026-10-09 15:00:00+00:00,3,3,bias_adjusted_tso+linear_interpolation,degraded
2026-10-09,2026-10-09T21:30:15+00:00,online,BE,wind_onshore,xgboost_online,XGBoost with covariates,weather_4p+tso_forecast,2208,2026-10-10 07:00:00+00:00,1132.40673828125,1067.525,,2026-07-09 16:00:00+00:00,2026-10-09 15:00:00+00:00,3,3,bias_adjusted_tso+linear_interpolation,degraded
2026-10-09,2026-10-09T21:30:15+00:00,online,BE,wind_onshore,xgboost_online,XGBoost with covariates,weather_4p+tso_forecast,2208,2026-10-10 08:00:00+00:00,1064.0308837890625,1114.85,,2026-07-09 16:00:00+00:00,2026-10-09 15:00:00+00:00,3,3,bias_adjusted_tso+linear_interpolation,degraded
2026-10-09,2026-10-09T21:30:15+00:00,online,BE,wind_onshore,xgboost_online,XGBoost with covariates,weather_4p+tso_forecast,2208,2026-10-10 09:00:00+00:00,1272.537841796875,1263.45,,2026-07-09 16:00:00+00:00,2026-10-09 15:00:00+00:00,3,3,bias_adjusted_tso+linear_interpolation,degraded
2026-10-09,2026-10-09T21:30:15+00:00,online,BE,wind_onshore,xgboost_online,XGBoost with covariates,weather_4p+tso_forecast,2208,2026-10-10 10:00:00+00:00,1371.310302734375,1361.9,,2026-07-09 16:00:00+00:00,2026-10-09 15:00:00+00:00,3,3,bias_adjusted_tso+linear_interpolation,degraded
2026-10-09,2026-10-09T21:30:15+00:00,online,BE,wind_onshore,xgboost_online,XGBoost with covariates,weather_4p+tso_forecast,2208,2026-10-10 11:00:00+00:00,1445.619873046875,1409.225,,2026-07-09 16:00:00+00:00,2026-10-09 15:00:00+00:00,3,3,bias_adjusted_tso+linear_interpolation,degraded
2026-10-09,2026-10-09T21:30:15+00:00,online,BE,wind_onshore,xgboost_online,XGBoost with covariates,weather_4p+tso_forecast,2208,2026-10-10 12:00:00+00:00,1452.71875,1439.9,,2026-07-09 16:00:00+00:00,2026-10-09 15:00:00+00:00,3,3,bias_adjusted_tso+linear_interpolation,degraded
2026-10-09,2026-10-09T21:30:15+00:00,online,BE,wind_onshore,xgboost_online,XGBoost with covariates,weather_4p+tso_forecast,2208,2026-10-10 13:00:00+00:00,1450.68212890625,1452.9,,2026-07-09 16:00:00+00:00,2026-10-09 15:00:00+00:00,3,3,bias_adjusted_tso+linear_interpolation,degraded
2026-10-09,2026-10-09T21:30:15+00:00,online,BE,wind_onshore,xgboost_online,XGBoost with covariates,weather_4p+tso_forecast,2208,2026-10-10 14:00:00+00:00,1457.3148193359375,1436.075,,2026-07-09 16:00:00+00:00,2026-10-09 15:00:00+00:00,3,3,bias_adjusted_tso+linear_interpolation,degraded
2026-10-09,2026-10-09T21:30:15+00:00,online,BE,wind_onshore,xgboost_online,XGBoost with covariates,weather_4p+tso_forecast,2208,2026-10-10 15:00:00+00:00,1388.4739990234375,1343.95,,2026-07-09 16:00:00+00:00,2026-10-09 15:00:00+00:00,3,3,bias_adjusted_tso+linear_interpolation,degraded
2026-10-09,2026-10-09T21:30:15+00:00,online,BE,wind_offshore,tso_reference,TSO forecast,tso_forecast,2208,2026-10-09 16:00:00+00:00,2173.975,2173.975,,2026-07-09 16:00:00+00:00,2026-10-09 15:00:00+00:00,3,3,bias_adjusted_tso+linear_interpolation,degraded
2026-10-09,2026-10-09T21:30:15+00:00,online,BE,wind_offshore,tso_reference,TSO forecast,tso_forecast,2208,2026-10-09 17:00:00+00:00,2160.975,2160.975,,2026-07-09 16:00:00+00:00,2026-10-09 15:00:00+00:00,3,3,bias_adjusted_tso+linear_interpolation,degraded
2026-10-09,2026-10-09T21:30:15+00:00,online,BE,wind_offshore,tso_reference,TSO forecast,tso_forecast,2208,2026-10-09 18:00:00+00:00,2125.15,2125.15,,2026-07-09 16:00:00+00:00,2026-10-09 15:00:00+00:00,3,3,bias_adjusted_tso+linear_interpolation,degraded
2026-10-09,2026-10-09T21:30:15+00:00,online,BE,wind_offshore,tso_reference,TSO forecast,tso_forecast,2208,2026-10-09 19:00:00+00:00,2066.8,2066.8,,2026-07-09 16:00:00+00:00,2026-10-09 15:00:00+00:00,3,3,bias_adjusted_tso+linear_interpolation,degraded
2026-10-09,2026-10-09T21:30:15+00:00,online,BE,wind_offshore,tso_reference,TSO forecast,tso_forecast,2208,2026-10-09 20:00:00+00:00,2040.8,2040.8,,2026-07-09 16:00:00+00:00,2026-10-09 15:00:00+00:00,3,3,bias_adjusted_tso+linear_interpolation,degraded
2026-10-09,2026-10-09T21:30:15+00:00,online,BE,wind_offshore,tso_reference,TSO forecast,tso_forecast,2208,2026-10-09 21:00:00+00:00,2052.5,2052.5,,2026-07-09 16:00:00+00:00,2026-10-09 15:00:00+00:00,3,3,bias_adjusted_tso+linear_interpolation,degraded
2026-10-09,2026-10-09T21:30:15+00:00,online,BE,wind_offshore,tso_reference,TSO forecast,tso_forecast,2208,2026-10-09 22:00:00+00:00,2078.925,2078.925,,2026-07-09 16:00:00+00:00,2026-10-09 15:00:00+00:00,3,3,bias_adjusted_tso+linear_interpolation,degraded
2026-10-09,2026-10-09T21:30:15+00:00,online,BE,wind_offshore,tso_reference,TSO forecast,tso_forecast,2208,2026-10-09 23:00:00+00:00,2052.325,2052.325,,2026-07-09 16:00:00+00:00,2026-10-09 15:00:00+00:00,3,3,bias_adjusted_tso+linear_interpolation,degraded
2026-10-09,2026-10-09T21:30:15+00:00,online,BE,wind_offshore,tso_reference,TSO forecast,tso_forecast,2208,2026-10-10 00:00:00+00:00,2015.15,2015.15,,2026-07-09 16:00:00+00:00,2026-10-09 15:00:00+00:00,3,3,bias_adjusted_tso+linear_interpolation,degraded
2026-10-09,2026-10-09T21:30:15+00:00,online,BE,wind_offshore,tso_reference,TSO forecast,tso_forecast,2208,2026-10-10 01:00:00+00:00,1993.2,1993.2,,2026-07-09 16:00:00+00:00,2026-10-09 15:00:00+00:00,3,3,bias_adjusted_tso+linear_interpolation,degraded
2026-10-09,2026-10-09T21:30:15+00:00,online,BE,wind_offshore,tso_reference,TSO forecast,tso_forecast,2208,2026-10-10 02:00:00+00:00,1982.325,1982.325,,2026-07-09 16:00:00+00:00,2026-10-09 15:00:00+00:00,3,3,bias_adjusted_tso+linear_interpolation,degraded
2026-10-09,2026-10-09T21:30:15+00:00,online,BE,wind_offshore,tso_reference,TSO forecast,tso_forecast,2208,2026-10-10 03:00:00+00:00,1986.075,1986.075,,2026-07-09 16:00:00+00:00,2026-10-09 15:00:00+00:00,3,3,bias_adjusted_tso+linear_interpolation,degraded
2026-10-09,2026-10-09T21:30:15+00:00,online,BE,wind_offshore,tso_reference,TSO forecast,tso_forecast,2208,2026-10-10 04:00:00+00:00,1996.4,1996.4,,2026-07-09 16:00:00+00:00,2026-10-09 15:00:00+00:00,3,3,bias_adjusted_tso+linear_interpolation,degraded
2026-10-09,2026-10-09T21:30:15+00:00,online,BE,wind_offshore,tso_reference,TSO forecast,tso_forecast,2208,2026-10-10 05:00:00+00:00,2000.225,2000.225,,2026-07-09 16:00:00+00:00,2026-10-09 15:00:00+00:00,3,3,bias_adjusted_tso+linear_interpolation,degraded
2026-10-09,2026-10-09T21:30:15+00:00,online,BE,wind_offshore,tso_reference,TSO forecast,tso_forecast,2208,2026-10-10 06:00:00+00:00,1989.475,1989.475,,2026-07-09 16:00:00+00:00,2026-10-09 15:00:00+00:00,3,3,bias_adjusted_tso+linear_interpolation,degraded
2026-10-09,2026-10-09T21:30:15+00:00,online,BE,wind_offshore,tso_reference,TSO forecast,tso_forecast,2208,2026-10-10 07:00:00+00:00,1974.875,1974.875,,2026-07-09 16:00:00+00:00,2026-10-09 15:00:00+00:00,3,3,bias_adjusted_tso+linear_interpolation,degraded
2026-10-09,2026-10-09T21:30:15+00:00,online,BE,wind_offshore,tso_reference,TSO forecast,tso_forecast,2208,2026-10-10 08:00:00+00:00,1969.475,1969.475,,2026-07-09 16:00:00+00:00,2026-10-09 15:00:00+00:00,3,3,bias_adjusted_tso+linear_interpolation,degraded
2026-10-09,2026-10-09T21:30:15+00:00,online,BE,wind_offshore,tso_reference,TSO forecast,tso_forecast,2208,2026-10-10 09:00:00+00:00,1951.875,1951.875,,2026-07-09 16:00:00+00:00,2026-10-09 15:00:00+00:00,3,3,bias_adjusted_tso+linear_interpolation,degraded
2026-10-09,2026-10-09T21:30:15+00:00,online,BE,wind_offshore,tso_reference,TSO forecast,tso_forecast,2208,2026-10-10 10:00:00+00:00,1930.325,1930.325,,2026-07-09 16:00:00+00:00,2026-10-09 15:00:00+00:00,3,3,bias_adjusted_tso+linear_interpolation,degraded
2026-10-09,2026-10-09T21:30:15+00:00,online,BE,wind_offshore,tso_reference,TSO forecast,tso_forecast,2208,2026-10-10 11:00:00+00:00,1937.375,1937.375,,2026-07-09 16:00:00+00:00,2026-10-09 15:00:00+00:00,3,3,bias_adjusted_tso+linear_interpolation,degraded
2026-10-09,2026-10-09T21:30:15+00:00,online,BE,wind_offshore,tso_reference,TSO forecast,tso_forecast,2208,2026-10-10 12:00:00+00:00,1975.45,1975.45,,2026-07-09 16:00:00+00:00,2026-10-09 15:00:00+00:00,3,3,bias_adjusted_tso+linear_interpolation,degraded
2026-10-09,2026-10-09T21:30:15+00:00,online,BE,wind_offshore,tso_reference,TSO forecast,tso_forecast,2208,2026-10-10 13:00:00+00:00,2015.4,2015.4,,2026-07-09 16:00:00+00:00,2026-10-09 15:00:00+00:00,3,3,bias_adjusted_tso+linear_interpolation,degraded
2026-10-09,2026-10-09T21:30:15+00:00,online,BE,wind_offshore,tso_reference,TSO forecast,tso_forecast,2208,2026-10-10 14:00:00+00:00,2042.7,2042.7,,2026-07-09 16:00:00+00:00,2026-10-09 15:00:00+00:00,3,3,bias_adjusted_tso+linear_interpolation,degraded
2026-10-09,2026-10-09T21:30:15+00:00,online,BE,wind_offshore,tso_reference,TSO forecast,tso_forecast,2208,2026-10-10 15:00:00+00:00,2053.725,2053.725,,2026-07-09 16:00:00+00:00,2026-10-09 15:00:00+00:00,3,3,bias_adjusted_tso+linear_interpolation,degraded
2026-10-09,2026-10-09T21:30:15+00:00,online,BE,wind_offshore,persistence,Persistence,daily_persistence,2208,2026-10-09 16:00:00+00:00,770.19125,2173.975,,2026-07-09 16:00:00+00:00,2026-10-09 15:00:00+00:00,3,3,bias_adjusted_tso+linear_interpolation,degraded
2026-10-09,2026-10-09T21:30:15+00:00,online,BE,wind_offshore,persistence,Persistence,daily_persistence,2208,2026-10-09 17:00:00+00:00,557.02975,2160.975,,2026-07-09 16:00:00+00:00,2026-10-09 15:00:00+00:00,3,3,bias_adjusted_tso+linear_interpolation,degraded
2026-10-09,2026-10-09T21:30:15+00:00,online,BE,wind_offshore,persistence,Persistence,daily_persistence,2208,2026-10-09 18:00:00+00:00,496.40625,2125.15,,2026-07-09 16:00:00+00:00,2026-10-09 15:00:00+00:00,3,3,bias_adjusted_tso+linear_interpolation,degraded
2026-10-09,2026-10-09T21:30:15+00:00,online,BE,wind_offshore,persistence,Persistence,daily_persistence,2208,2026-10-09 19:00:00+00:00,502.47075,2066.8,,2026-07-09 16:00:00+00:00,2026-10-09 15:00:00+00:00,3,3,bias_adjusted_tso+linear_interpolation,degraded
2026-10-09,2026-10-09T21:30:15+00:00,online,BE,wind_offshore,persistence,Persistence,daily_persistence,2208,2026-10-09 20:00:00+00:00,492.48825,2040.8,,2026-07-09 16:00:00+00:00,2026-10-09 15:00:00+00:00,3,3,bias_adjusted_tso+linear_interpolation,degraded
2026-10-09,2026-10-09T21:30:15+00:00,online,BE,wind_offshore,persistence,Persistence,daily_persistence,2208,2026-10-09 21:00:00+00:00,552.7795,2052.5,,2026-07-09 16:00:00+00:00,2026-10-09 15:00:00+00:00,3,3,bias_adjusted_tso+linear_interpolation,degraded
2026-10-09,2026-10-09T21:30:15+00:00,online,BE,wind_offshore,persistence,Persistence,daily_persistence,2208,2026-10-09 22:00:00+00:00,845.64,2078.925,,2026-07-09 16:00:00+00:00,2026-10-09 15:00:00+00:00,3,3,bias_adjusted_tso+linear_interpolation,degraded
2026-10-09,2026-10-09T21:30:15+00:00,online,BE,wind_offshore,persistence,Persistence,daily_persistence,2208,2026-10-09 23:00:00+00:00,1471.4835,2052.325,,2026-07-09 16:00:00+00:00,2026-10-09 15:00:00+00:00,3,3,bias_adjusted_tso+linear_interpolation,degraded
2026-10-09,2026-10-09T21:30:15+00:00,online,BE,wind_offshore,persistence,Persistence,daily_persistence,2208,2026-10-10 00:00:00+00:00,1934.31875,2015.15,,2026-07-09 16:00:00+00:00,2026-10-09 15:00:00+00:00,3,3,bias_adjusted_tso+linear_interpolation,degraded
2026-10-09,2026-10-09T21:30:15+00:00,online,BE,wind_offshore,persistence,Persistence,daily_persistence,2208,2026-10-10 01:00:00+00:00,2121.83825,1993.2,,2026-07-09 16:00:00+00:00,2026-10-09 15:00:00+00:00,3,3,bias_adjusted_tso+linear_interpolation,degraded
2026-10-09,2026-10-09T21:30:15+00:00,online,BE,wind_offshore,persistence,Persistence,daily_persistence,2208,2026-10-10 02:00:00+00:00,2102.37075,1982.325,,2026-07-09 16:00:00+00:00,2026-10-09 15:00:00+00:00,3,3,bias_adjusted_tso+linear_interpolation,degraded
2026-10-09,2026-10-09T21:30:15+00:00,online,BE,wind_offshore,persistence,Persistence,daily_persistence,2208,2026-10-10 03:00:00+00:00,2105.77525,1986.075,,2026-07-09 16:00:00+00:00,2026-10-09 15:00:00+00:00,3,3,bias_adjusted_tso+linear_interpolation,degraded
2026-10-09,2026-10-09T21:30:15+00:00,online,BE,wind_offshore,persistence,Persistence,daily_persistence,2208,2026-10-10 04:00:00+00:00,2153.75975,1996.4,,2026-07-09 16:00:00+00:00,2026-10-09 15:00:00+00:00,3,3,bias_adjusted_tso+linear_interpolation,degraded
2026-10-09,2026-10-09T21:30:15+00:00,online,BE,wind_offshore,persistence,Persistence,daily_persistence,2208,2026-10-10 05:00:00+00:00,2152.93725,2000.225,,2026-07-09 16:00:00+00:00,2026-10-09 15:00:00+00:00,3,3,bias_adjusted_tso+linear_interpolation,degraded
2026-10-09,2026-10-09T21:30:15+00:00,online,BE,wind_offshore,persistence,Persistence,daily_persistence,2208,2026-10-10 06:00:00+00:00,2139.96875,1989.475,,2026-07-09 16:00:00+00:00,2026-10-09 15:00:00+00:00,3,3,bias_adjusted_tso+linear_interpolation,degraded
2026-10-09,2026-10-09T21:30:15+00:00,online,BE,wind_offshore,persistence,Persistence,daily_persistence,2208,2026-10-10 07:00:00+00:00,2145.5835,1974.875,,2026-07-09 16:00:00+00:00,2026-10-09 15:00:00+00:00,3,3,bias_adjusted_tso+linear_interpolation,degraded
2026-10-09,2026-10-09T21:30:15+00:00,online,BE,wind_offshore,persistence,Persistence,daily_persistence,2208,2026-10-10 08:00:00+00:00,2150.5105,1969.475,,2026-07-09 16:00:00+00:00,2026-10-09 15:00:00+00:00,3,3,bias_adjusted_tso+linear_interpolation,degraded
2026-10-09,2026-10-09T21:30:15+00:00,online,BE,wind_offshore,persistence,Persistence,daily_persistence,2208,2026-10-10 09:00:00+00:00,2150.0605,1951.875,,2026-07-09 16:00:00+00:00,2026-10-09 15:00:00+00:00,3,3,bias_adjusted_tso+linear_interpolation,degraded
2026-10-09,2026-10-09T21:30:15+00:00,online,BE,wind_offshore,persistence,Persistence,daily_persistence,2208,2026-10-10 10:00:00+00:00,2146.82875,1930.325,,2026-07-09 16:00:00+00:00,2026-10-09 15:00:00+00:00,3,3,bias_adjusted_tso+linear_interpolation,degraded
2026-10-09,2026-10-09T21:30:15+00:00,online,BE,wind_offshore,persistence,Persistence,daily_persistence,2208,2026-10-10 11:00:00+00:00,2153.81975,1937.375,,2026-07-09 16:00:00+00:00,2026-10-09 15:00:00+00:00,3,3,bias_adjusted_tso+linear_interpolation,degraded
2026-10-09,2026-10-09T21:30:15+00:00,online,BE,wind_offshore,persistence,Persistence,daily_persistence,2208,2026-10-10 12:00:00+00:00,2156.9135,1975.45,,2026-07-09 16:00:00+00:00,2026-10-09 15:00:00+00:00,3,3,bias_adjusted_tso+linear_interpolation,degraded
2026-10-09,2026-10-09T21:30:15+00:00,online,BE,wind_offshore,persistence,Persistence,daily_persistence,2208,2026-10-10 13:00:00+00:00,2156.67375,2015.4,,2026-07-09 16:00:00+00:00,2026-10-09 15:00:00+00:00,3,3,bias_adjusted_tso+linear_interpolation,degraded
2026-10-09,2026-10-09T21:30:15+00:00,online,BE,wind_offshore,persistence,Persistence,daily_persistence,2208,2026-10-10 14:00:00+00:00,2155.7085,2042.7,,2026-07-09 16:00:00+00:00,2026-10-09 15:00:00+00:00,3,3,bias_adjusted_tso+linear_interpolation,degraded
2026-10-09,2026-10-09T21:30:15+00:00,online,BE,wind_offshore,persistence,Persistence,daily_persistence,2208,2026-10-10 15:00:00+00:00,2147.9235,2053.725,,2026-07-09 16:00:00+00:00,2026-10-09 15:00:00+00:00,3,3,bias_adjusted_tso+linear_interpolation,degraded
2026-10-09,2026-10-09T21:30:15+00:00,online,BE,wind_offshore,chronos2_online,Chronos2 with covariates,weather_4p+tso_forecast,2208,2026-10-09 16:00:00+00:00,2169.9384765625,2173.975,,2026-07-09 16:00:00+00:00,2026-10-09 15:00:00+00:00,3,3,bias_adjusted_tso+linear_interpolation,degraded
2026-10-09,2026-10-09T21:30:15+00:00,online,BE,wind_offshore,chronos2_online,Chronos2 with covariates,weather_4p+tso_forecast,2208,2026-10-09 17:00:00+00:00,2168.971435546875,2160.975,,2026-07-09 16:00:00+00:00,2026-10-09 15:00:00+00:00,3,3,bias_adjusted_tso+linear_interpolation,degraded
2026-10-09,2026-10-09T21:30:15+00:00,online,BE,wind_offshore,chronos2_online,Chronos2 with covariates,weather_4p+tso_forecast,2208,2026-10-09 18:00:00+00:00,2128.88232421875,2125.15,,2026-07-09 16:00:00+00:00,2026-10-09 15:00:00+00:00,3,3,bias_adjusted_tso+linear_interpolation,degraded
2026-10-09,2026-10-09T21:30:15+00:00,online,BE,wind_offshore,chronos2_online,Chronos2 with covariates,weather_4p+tso_forecast,2208,2026-10-09 19:00:00+00:00,2065.138916015625,2066.8,,2026-07-09 16:00:00+00:00,2026-10-09 15:00:00+00:00,3,3,bias_adjusted_tso+linear_interpolation,degraded
2026-10-09,2026-10-09T21:30:15+00:00,online,BE,wind_offshore,chronos2_online,Chronos2 with covariates,weather_4p+tso_forecast,2208,2026-10-09 20:00:00+00:00,1980.88916015625,2040.8,,2026-07-09 16:00:00+00:00,2026-10-09 15:00:00+00:00,3,3,bias_adjusted_tso+linear_interpolation,degraded
2026-10-09,2026-10-09T21:30:15+00:00,online,BE,wind_offshore,chronos2_online,Chronos2 with covariates,weather_4p+tso_forecast,2208,2026-10-09 21:00:00+00:00,1997.347412109375,2052.5,,2026-07-09 16:00:00+00:00,2026-10-09 15:00:00+00:00,3,3,bias_adjusted_tso+linear_interpolation,degraded
2026-10-09,2026-10-09T21:30:15+00:00,online,BE,wind_offshore,chronos2_online,Chronos2 with covariates,weather_4p+tso_forecast,2208,2026-10-09 22:00:00+00:00,2035.73046875,2078.925,,2026-07-09 16:00:00+00:00,2026-10-09 15:00:00+00:00,3,3,bias_adjusted_tso+linear_interpolation,degraded
2026-10-09,2026-10-09T21:30:15+00:00,online,BE,wind_offshore,chronos2_online,Chronos2 with covariates,weather_4p+tso_forecast,2208,2026-10-09 23:00:00+00:00,2064.438232421875,2052.325,,2026-07-09 16:00:00+00:00,2026-10-09 15:00:00+00:00,3,3,bias_adjusted_tso+linear_interpolation,degraded
2026-10-09,2026-10-09T21:30:15+00:00,online,BE,wind_offshore,chronos2_online,Chronos2 with covariates,weather_4p+tso_forecast,2208,2026-10-10 00:00:00+00:00,2016.824951171875,2015.15,,2026-07-09 16:00:00+00:00,2026-10-09 15:00:00+00:00,3,3,bias_adjusted_tso+linear_interpolation,degraded
2026-10-09,2026-10-09T21:30:15+00:00,online,BE,wind_offshore,chronos2_online,Chronos2 with covariates,weather_4p+tso_forecast,2208,2026-10-10 01:00:00+00:00,1937.455810546875,1993.2,,2026-07-09 16:00:00+00:00,2026-10-09 15:00:00+00:00,3,3,bias_adjusted_tso+linear_interpolation,degraded
2026-10-09,2026-10-09T21:30:15+00:00,online,BE,wind_offshore,chronos2_online,Chronos2 with covariates,weather_4p+tso_forecast,2208,2026-10-10 02:00:00+00:00,1955.523681640625,1982.325,,2026-07-09 16:00:00+00:00,2026-10-09 15:00:00+00:00,3,3,bias_adjusted_tso+linear_interpolation,degraded
2026-10-09,2026-10-09T21:30:15+00:00,online,BE,wind_offshore,chronos2_online,Chronos2 with covariates,weather_4p+tso_forecast,2208,2026-10-10 03:00:00+00:00,1943.018798828125,1986.075,,2026-07-09 16:00:00+00:00,2026-10-09 15:00:00+00:00,3,3,bias_adjusted_tso+linear_interpolation,degraded
2026-10-09,2026-10-09T21:30:15+00:00,online,BE,wind_offshore,chronos2_online,Chronos2 with covariates,weather_4p+tso_forecast,2208,2026-10-10 04:00:00+00:00,1930.303955078125,1996.4,,2026-07-09 16:00:00+00:00,2026-10-09 15:00:00+00:00,3,3,bias_adjusted_tso+linear_interpolation,degraded
2026-10-09,2026-10-09T21:30:15+00:00,online,BE,wind_offshore,chronos2_online,Chronos2 with covariates,weather_4p+tso_forecast,2208,2026-10-10 05:00:00+00:00,1951.181396484375,2000.225,,2026-07-09 16:00:00+00:00,2026-10-09 15:00:00+00:00,3,3,bias_adjusted_tso+linear_interpolation,degraded
2026-10-09,2026-10-09T21:30:15+00:00,online,BE,wind_offshore,chronos2_online,Chronos2 with covariates,weather_4p+tso_forecast,2208,2026-10-10 06:00:00+00:00,1983.53955078125,1989.475,,2026-07-09 16:00:00+00:00,2026-10-09 15:00:00+00:00,3,3,bias_adjusted_tso+linear_interpolation,degraded
2026-10-09,2026-10-09T21:30:15+00:00,online,BE,wind_offshore,chronos2_online,Chronos2 with covariates,weather_4p+tso_forecast,2208,2026-10-10 07:00:00+00:00,1979.77734375,1974.875,,2026-07-09 16:00:00+00:00,2026-10-09 15:00:00+00:00,3,3,bias_adjusted_tso+linear_interpolation,degraded
2026-10-09,2026-10-09T21:30:15+00:00,online,BE,wind_offshore,chronos2_online,Chronos2 with covariates,weather_4p+tso_forecast,2208,2026-10-10 08:00:00+00:00,2032.495361328125,1969.475,,2026-07-09 16:00:00+00:00,2026-10-09 15:00:00+00:00,3,3,bias_adjusted_tso+linear_interpolation,degraded
2026-10-09,2026-10-09T21:30:15+00:00,online,BE,wind_offshore,chronos2_online,Chronos2 with covariates,weather_4p+tso_forecast,2208,2026-10-10 09:00:00+00:00,2006.322265625,1951.875,,2026-07-09 16:00:00+00:00,2026-10-09 15:00:00+00:00,3,3,bias_adjusted_tso+linear_interpolation,degraded
2026-10-09,2026-10-09T21:30:15+00:00,online,BE,wind_offshore,chronos2_online,Chronos2 with covariates,weather_4p+tso_forecast,2208,2026-10-10 10:00:00+00:00,1976.7578125,1930.325,,2026-07-09 16:00:00+00:00,2026-10-09 15:00:00+00:00,3,3,bias_adjusted_tso+linear_interpolation,degraded
2026-10-09,2026-10-09T21:30:15+00:00,online,BE,wind_offshore,chronos2_online,Chronos2 with covariates,weather_4p+tso_forecast,2208,2026-10-10 11:00:00+00:00,1961.434814453125,1937.375,,2026-07-09 16:00:00+00:00,2026-10-09 15:00:00+00:00,3,3,bias_adjusted_tso+linear_interpolation,degraded
2026-10-09,2026-10-09T21:30:15+00:00,online,BE,wind_offshore,chronos2_online,Chronos2 with covariates,weather_4p+tso_forecast,2208,2026-10-10 12:00:00+00:00,1976.592529296875,1975.45,,2026-07-09 16:00:00+00:00,2026-10-09 15:00:00+00:00,3,3,bias_adjusted_tso+linear_interpolation,degraded
2026-10-09,2026-10-09T21:30:15+00:00,online,BE,wind_offshore,chronos2_online,Chronos2 with covariates,weather_4p+tso_forecast,2208,2026-10-10 13:00:00+00:00,2030.91357421875,2015.4,,2026-07-09 16:00:00+00:00,2026-10-09 15:00:00+00:00,3,3,bias_adjusted_tso+linear_interpolation,degraded
2026-10-09,2026-10-09T21:30:15+00:00,online,BE,wind_offshore,chronos2_online,Chronos2 with covariates,weather_4p+tso_forecast,2208,2026-10-10 14:00:00+00:00,2021.350830078125,2042.7,,2026-07-09 16:00:00+00:00,2026-10-09 15:00:00+00:00,3,3,bias_adjusted_tso+linear_interpolation,degraded
2026-10-09,2026-10-09T21:30:15+00:00,online,BE,wind_offshore,chronos2_online,Chronos2 with covariates,weather_4p+tso_forecast,2208,2026-10-10 15:00:00+00:00,2033.827880859375,2053.725,,2026-07-09 16:00:00+00:00,2026-10-09 15:00:00+00:00,3,3,bias_adjusted_tso+linear_interpolation,degraded
2026-10-09,2026-10-09T21:30:15+00:00,online,BE,wind_offshore,xgboost_online,XGBoost with covariates,weather_4p+tso_forecast,2208,2026-10-09 16:00:00+00:00,2107.518798828125,2173.975,,2026-07-09 16:00:00+00:00,2026-10-09 15:00:00+00:00,3,3,bias_adjusted_tso+linear_interpolation,degraded
2026-10-09,2026-10-09T21:30:15+00:00,online,BE,wind_offshore,xgboost_online,XGBoost with covariates,weather_4p+tso_forecast,2208,2026-10-09 17:00:00+00:00,2107.518798828125,2160.975,,2026-07-09 16:00:00+00:00,2026-10-09 15:00:00+00:00,3,3,bias_adjusted_tso+linear_interpolation,degraded
2026-10-09,2026-10-09T21:30:15+00:00,online,BE,wind_offshore,xgboost_online,XGBoost with covariates,weather_4p+tso_forecast,2208,2026-10-09 18:00:00+00:00,2107.518798828125,2125.15,,2026-07-09 16:00:00+00:00,2026-10-09 15:00:00+00:00,3,3,bias_adjusted_tso+linear_interpolation,degraded
2026-10-09,2026-10-09T21:30:15+00:00,online,BE,wind_offshore,xgboost_online,XGBoost with covariates,weather_4p+tso_forecast,2208,2026-10-09 19:00:00+00:00,2104.357666015625,2066.8,,2026-07-09 16:00:00+00:00,2026-10-09 15:00:00+00:00,3,3,bias_adjusted_tso+linear_interpolation,degraded
2026-10-09,2026-10-09T21:30:15+00:00,online,BE,wind_offshore,xgboost_online,XGBoost with covariates,weather_4p+tso_forecast,2208,2026-10-09 20:00:00+00:00,1923.353515625,2040.8,,2026-07-09 16:00:00+00:00,2026-10-09 15:00:00+00:00,3,3,bias_adjusted_tso+linear_interpolation,degraded
2026-10-09,2026-10-09T21:30:15+00:00,online,BE,wind_offshore,xgboost_online,XGBoost with covariates,weather_4p+tso_forecast,2208,2026-10-09 21:00:00+00:00,2033.6485595703125,2052.5,,2026-07-09 16:00:00+00:00,2026-10-09 15:00:00+00:00,3,3,bias_adjusted_tso+linear_interpolation,degraded
2026-10-09,2026-10-09T21:30:15+00:00,online,BE,wind_offshore,xgboost_online,XGBoost with covariates,weather_4p+tso_forecast,2208,2026-10-09 22:00:00+00:00,2099.69140625,2078.925,,2026-07-09 16:00:00+00:00,2026-10-09 15:00:00+00:00,3,3,bias_adjusted_tso+linear_interpolation,degraded
2026-10-09,2026-10-09T21:30:15+00:00,online,BE,wind_offshore,xgboost_online,XGBoost with covariates,weather_4p+tso_forecast,2208,2026-10-09 23:00:00+00:00,2071.4697265625,2052.325,,2026-07-09 16:00:00+00:00,2026-10-09 15:00:00+00:00,3,3,bias_adjusted_tso+linear_interpolation,degraded
2026-10-09,2026-10-09T21:30:15+00:00,online,BE,wind_offshore,xgboost_online,XGBoost with covariates,weather_4p+tso_forecast,2208,2026-10-10 00:00:00+00:00,2018.028076171875,2015.15,,2026-07-09 16:00:00+00:00,2026-10-09 15:00:00+00:00,3,3,bias_adjusted_tso+linear_interpolation,degraded
2026-10-09,2026-10-09T21:30:15+00:00,online,BE,wind_offshore,xgboost_online,XGBoost with covariates,weather_4p+tso_forecast,2208,2026-10-10 01:00:00+00:00,1862.350341796875,1993.2,,2026-07-09 16:00:00+00:00,2026-10-09 15:00:00+00:00,3,3,bias_adjusted_tso+linear_interpolation,degraded
2026-10-09,2026-10-09T21:30:15+00:00,online,BE,wind_offshore,xgboost_online,XGBoost with covariates,weather_4p+tso_forecast,2208,2026-10-10 02:00:00+00:00,1970.0546875,1982.325,,2026-07-09 16:00:00+00:00,2026-10-09 15:00:00+00:00,3,3,bias_adjusted_tso+linear_interpolation,degraded
2026-10-09,2026-10-09T21:30:15+00:00,online,BE,wind_offshore,xgboost_online,XGBoost with covariates,weather_4p+tso_forecast,2208,2026-10-10 03:00:00+00:00,2018.028076171875,1986.075,,2026-07-09 16:00:00+00:00,2026-10-09 15:00:00+00:00,3,3,bias_adjusted_tso+linear_interpolation,degraded
2026-10-09,2026-10-09T21:30:15+00:00,online,BE,wind_offshore,xgboost_online,XGBoost with covariates,weather_4p+tso_forecast,2208,2026-10-10 04:00:00+00:00,1963.813232421875,1996.4,,2026-07-09 16:00:00+00:00,2026-10-09 15:00:00+00:00,3,3,bias_adjusted_tso+linear_interpolation,degraded
2026-10-09,2026-10-09T21:30:15+00:00,online,BE,wind_offshore,xgboost_online,XGBoost with covariates,weather_4p+tso_forecast,2208,2026-10-10 05:00:00+00:00,1964.531005859375,2000.225,,2026-07-09 16:00:00+00:00,2026-10-09 15:00:00+00:00,3,3,bias_adjusted_tso+linear_interpolation,degraded
2026-10-09,2026-10-09T21:30:15+00:00,online,BE,wind_offshore,xgboost_online,XGBoost with covariates,weather_4p+tso_forecast,2208,2026-10-10 06:00:00+00:00,2037.8536376953125,1989.475,,2026-07-09 16:00:00+00:00,2026-10-09 15:00:00+00:00,3,3,bias_adjusted_tso+linear_interpolation,degraded
2026-10-09,2026-10-09T21:30:15+00:00,online,BE,wind_offshore,xgboost_online,XGBoost with covariates,weather_4p+tso_forecast,2208,2026-10-10 07:00:00+00:00,2044.6192626953125,1974.875,,2026-07-09 16:00:00+00:00,2026-10-09 15:00:00+00:00,3,3,bias_adjusted_tso+linear_interpolation,degraded
2026-10-09,2026-10-09T21:30:15+00:00,online,BE,wind_offshore,xgboost_online,XGBoost with covariates,weather_4p+tso_forecast,2208,2026-10-10 08:00:00+00:00,2069.05859375,1969.475,,2026-07-09 16:00:00+00:00,2026-10-09 15:00:00+00:00,3,3,bias_adjusted_tso+linear_interpolation,degraded
2026-10-09,2026-10-09T21:30:15+00:00,online,BE,wind_offshore,xgboost_online,XGBoost with covariates,weather_4p+tso_forecast,2208,2026-10-10 09:00:00+00:00,2018.9923095703125,1951.875,,2026-07-09 16:00:00+00:00,2026-10-09 15:00:00+00:00,3,3,bias_adjusted_tso+linear_interpolation,degraded
2026-10-09,2026-10-09T21:30:15+00:00,online,BE,wind_offshore,xgboost_online,XGBoost with covariates,weather_4p+tso_forecast,2208,2026-10-10 10:00:00+00:00,1971.3790283203125,1930.325,,2026-07-09 16:00:00+00:00,2026-10-09 15:00:00+00:00,3,3,bias_adjusted_tso+linear_interpolation,degraded
2026-10-09,2026-10-09T21:30:15+00:00,online,BE,wind_offshore,xgboost_online,XGBoost with covariates,weather_4p+tso_forecast,2208,2026-10-10 11:00:00+00:00,2025.7579345703125,1937.375,,2026-07-09 16:00:00+00:00,2026-10-09 15:00:00+00:00,3,3,bias_adjusted_tso+linear_interpolation,degraded
2026-10-09,2026-10-09T21:30:15+00:00,online,BE,wind_offshore,xgboost_online,XGBoost with covariates,weather_4p+tso_forecast,2208,2026-10-10 12:00:00+00:00,2005.94482421875,1975.45,,2026-07-09 16:00:00+00:00,2026-10-09 15:00:00+00:00,3,3,bias_adjusted_tso+linear_interpolation,degraded
2026-10-09,2026-10-09T21:30:15+00:00,online,BE,wind_offshore,xgboost_online,XGBoost with covariates,weather_4p+tso_forecast,2208,2026-10-10 13:00:00+00:00,2005.94482421875,2015.4,,2026-07-09 16:00:00+00:00,2026-10-09 15:00:00+00:00,3,3,bias_adjusted_tso+linear_interpolation,degraded
2026-10-09,2026-10-09T21:30:15+00:00,online,BE,wind_offshore,xgboost_online,XGBoost with covariates,weather_4p+tso_forecast,2208,2026-10-10 14:00:00+00:00,2056.623046875,2042.7,,2026-07-09 16:00:00+00:00,2026-10-09 15:00:00+00:00,3,3,bias_adjusted_tso+linear_interpolation,degraded
2026-10-09,2026-10-09T21:30:15+00:00,online,BE,wind_offshore,xgboost_online,XGBoost with covariates,weather_4p+tso_forecast,2208,2026-10-10 15:00:00+00:00,2032.0850830078125,2053.725,,2026-07-09 16:00:00+00:00,2026-10-09 15:00:00+00:00,3,3,bias_adjusted_tso+linear_interpolation,degraded
2026-10-09,2026-10-09T21:30:15+00:00,online,FR,load,tso_reference,TSO forecast,tso_forecast,2208,2026-10-09 16:00:00+00:00,47937.5,47937.5,,2026-07-09 16:00:00+00:00,2026-10-09 15:00:00+00:00,1,1,linear_interpolation,interpolated
2026-10-09,2026-10-09T21:30:15+00:00,online,FR,load,tso_reference,TSO forecast,tso_forecast,2208,2026-10-09 17:00:00+00:00,49887.5,49887.5,,2026-07-09 16:00:00+00:00,2026-10-09 15:00:00+00:00,1,1,linear_interpolation,interpolated
2026-10-09,2026-10-09T21:30:15+00:00,online,FR,load,tso_reference,TSO forecast,tso_forecast,2208,2026-10-09 18:00:00+00:00,48325.0,48325.0,,2026-07-09 16:00:00+00:00,2026-10-09 15:00:00+00:00,1,1,linear_interpolation,interpolated
2026-10-09,2026-10-09T21:30:15+00:00,online,FR,load,tso_reference,TSO forecast,tso_forecast,2208,2026-10-09 19:00:00+00:00,45300.0,45300.0,,2026-07-09 16:00:00+00:00,2026-10-09 15:00:00+00:00,1,1,linear_interpolation,interpolated
2026-10-09,2026-10-09T21:30:15+00:00,online,FR,load,tso_reference,TSO forecast,tso_forecast,2208,2026-10-09 20:00:00+00:00,44437.5,44437.5,,2026-07-09 16:00:00+00:00,2026-10-09 15:00:00+00:00,1,1,linear_interpolation,interpolated
2026-10-09,2026-10-09T21:30:15+00:00,online,FR,load,tso_reference,TSO forecast,tso_forecast,2208,2026-10-09 21:00:00+00:00,44283.333333333336,44283.333333333336,,2026-07-09 16:00:00+00:00,2026-10-09 15:00:00+00:00,1,1,linear_interpolation,interpolated
2026-10-09,2026-10-09T21:30:15+00:00,online,FR,load,tso_reference,TSO forecast,tso_forecast,2208,2026-10-09 22:00:00+00:00,41412.5,41412.5,,2026-07-09 16:00:00+00:00,2026-10-09 15:00:00+00:00,1,1,linear_interpolation,interpolated
2026-10-09,2026-10-09T21:30:15+00:00,online,FR,load,tso_reference,TSO forecast,tso_forecast,2208,2026-10-09 23:00:00+00:00,39600.0,39600.0,,2026-07-09 16:00:00+00:00,2026-10-09 15:00:00+00:00,1,1,linear_interpolation,interpolated
2026-10-09,2026-10-09T21:30:15+00:00,online,FR,load,tso_reference,TSO forecast,tso_forecast,2208,2026-10-10 00:00:00+00:00,37250.0,37250.0,,2026-07-09 16:00:00+00:00,2026-10-09 15:00:00+00:00,1,1,linear_interpolation,interpolated
2026-10-09,2026-10-09T21:30:15+00:00,online,FR,load,tso_reference,TSO forecast,tso_forecast,2208,2026-10-10 01:00:00+00:00,34837.5,34837.5,,2026-07-09 16:00:00+00:00,2026-10-09 15:00:00+00:00,1,1,linear_interpolation,interpolated
2026-10-09,2026-10-09T21:30:15+00:00,online,FR,load,tso_reference,TSO forecast,tso_forecast,2208,2026-10-10 02:00:00+00:00,33725.0,33725.0,,2026-07-09 16:00:00+00:00,2026-10-09 15:00:00+00:00,1,1,linear_interpolation,interpolated
2026-10-09,2026-10-09T21:30:15+00:00,online,FR,load,tso_reference,TSO forecast,tso_forecast,2208,2026-10-10 03:00:00+00:00,33800.0,33800.0,,2026-07-09 16:00:00+00:00,2026-10-09 15:00:00+00:00,1,1,linear_interpolation,interpolated
2026-10-09,2026-10-09T21:30:15+00:00,online,FR,load,tso_reference,TSO forecast,tso_forecast,2208,2026-10-10 04:00:00+00:00,34975.0,34975.0,,2026-07-09 16:00:00+00:00,2026-10-09 15:00:00+00:00,1,1,linear_interpolation,interpolated
2026-10-09,2026-10-09T21:30:15+00:00,online,FR,load,tso_reference,TSO forecast,tso_forecast,2208,2026-10-10 05:00:00+00:00,36587.5,36587.5,,2026-07-09 16:00:00+00:00,2026-10-09 15:00:00+00:00,1,1,linear_interpolation,interpolated
2026-10-09,2026-10-09T21:30:15+00:00,online,FR,load,tso_reference,TSO forecast,tso_forecast,2208,2026-10-10 06:00:00+00:00,38062.5,38062.5,,2026-07-09 16:00:00+00:00,2026-10-09 15:00:00+00:00,1,1,linear_interpolation,interpolated
2026-10-09,2026-10-09T21:30:15+00:00,online,FR,load,tso_reference,TSO forecast,tso_forecast,2208,2026-10-10 07:00:00+00:00,40437.5,40437.5,,2026-07-09 16:00:00+00:00,2026-10-09 15:00:00+00:00,1,1,linear_interpolation,interpolated
2026-10-09,2026-10-09T21:30:15+00:00,online,FR,load,tso_reference,TSO forecast,tso_forecast,2208,2026-10-10 08:00:00+00:00,41937.5,41937.5,,2026-07-09 16:00:00+00:00,2026-10-09 15:00:00+00:00,1,1,linear_interpolation,interpolated
2026-10-09,2026-10-09T21:30:15+00:00,online,FR,load,tso_reference,TSO forecast,tso_forecast,2208,2026-10-10 09:00:00+00:00,42900.0,42900.0,,2026-07-09 16:00:00+00:00,2026-10-09 15:00:00+00:00,1,1,linear_interpolation,interpolated
2026-10-09,2026-10-09T21:30:15+00:00,online,FR,load,tso_reference,TSO forecast,tso_forecast,2208,2026-10-10 10:00:00+00:00,44187.5,44187.5,,2026-07-09 16:00:00+00:00,2026-10-09 15:00:00+00:00,1,1,linear_interpolation,interpolated
2026-10-09,2026-10-09T21:30:15+00:00,online,FR,load,tso_reference,TSO forecast,tso_forecast,2208,2026-10-10 11:00:00+00:00,43937.5,43937.5,,2026-07-09 16:00:00+00:00,2026-10-09 15:00:00+00:00,1,1,linear_interpolation,interpolated
2026-10-09,2026-10-09T21:30:15+00:00,online,FR,load,tso_reference,TSO forecast,tso_forecast,2208,2026-10-10 12:00:00+00:00,44112.5,44112.5,,2026-07-09 16:00:00+00:00,2026-10-09 15:00:00+00:00,1,1,linear_interpolation,interpolated
2026-10-09,2026-10-09T21:30:15+00:00,online,FR,load,tso_reference,TSO forecast,tso_forecast,2208,2026-10-10 13:00:00+00:00,41937.5,41937.5,,2026-07-09 16:00:00+00:00,2026-10-09 15:00:00+00:00,1,1,linear_interpolation,interpolated
2026-10-09,2026-10-09T21:30:15+00:00,online,FR,load,tso_reference,TSO forecast,tso_forecast,2208,2026-10-10 14:00:00+00:00,39862.5,39862.5,,2026-07-09 16:00:00+00:00,2026-10-09 15:00:00+00:00,1,1,linear_interpolation,interpolated
2026-10-09,2026-10-09T21:30:15+00:00,online,FR,load,tso_reference,TSO forecast,tso_forecast,2208,2026-10-10 15:00:00+00:00,39450.0,39450.0,,2026-07-09 16:00:00+00:00,2026-10-09 15:00:00+00:00,1,1,linear_interpolation,interpolated
2026-10-09,2026-10-09T21:30:15+00:00,online,FR,load,persistence,Persistence,weekly_persistence,2208,2026-10-09 16:00:00+00:00,45933.755,47937.5,,2026-07-09 16:00:00+00:00,2026-10-09 15:00:00+00:00,1,1,linear_interpolation,interpolated
2026-10-09,2026-10-09T21:30:15+00:00,online,FR,load,persistence,Persistence,weekly_persistence,2208,2026-10-09 17:00:00+00:00,47268.18666666667,49887.5,,2026-07-09 16:00:00+00:00,2026-10-09 15:00:00+00:00,1,1,linear_interpolation,interpolated
2026-10-09,2026-10-09T21:30:15+00:00,online,FR,load,persistence,Persistence,weekly_persistence,2208,2026-10-09 18:00:00+00:00,44598.770000000004,48325.0,,2026-07-09 16:00:00+00:00,2026-10-09 15:00:00+00:00,1,1,linear_interpolation,interpolated
2026-10-09,2026-10-09T21:30:15+00:00,online,FR,load,persistence,Persistence,weekly_persistence,2208,2026-10-09 19:00:00+00:00,42497.583333333336,45300.0,,2026-07-09 16:00:00+00:00,2026-10-09 15:00:00+00:00,1,1,linear_interpolation,interpolated
2026-10-09,2026-10-09T21:30:15+00:00,online,FR,load,persistence,Persistence,weekly_persistence,2208,2026-10-09 20:00:00+00:00,43116.33,44437.5,,2026-07-09 16:00:00+00:00,2026-10-09 15:00:00+00:00,1,1,linear_interpolation,interpolated
2026-10-09,2026-10-09T21:30:15+00:00,online,FR,load,persistence,Persistence,weekly_persistence,2208,2026-10-09 21:00:00+00:00,41941.556666666664,44283.333333333336,,2026-07-09 16:00:00+00:00,2026-10-09 15:00:00+00:00,1,1,linear_interpolation,interpolated
2026-10-09,2026-10-09T21:30:15+00:00,online,FR,load,persistence,Persistence,weekly_persistence,2208,2026-10-09 22:00:00+00:00,39893.005,41412.5,,2026-07-09 16:00:00+00:00,2026-10-09 15:00:00+00:00,1,1,linear_interpolation,interpolated
2026-10-09,2026-10-09T21:30:15+00:00,online,FR,load,persistence,Persistence,weekly_persistence,2208,2026-10-09 23:00:00+00:00,38009.05,39600.0,,2026-07-09 16:00:00+00:00,2026-10-09 15:00:00+00:00,1,1,linear_interpolation,interpolated
2026-10-09,2026-10-09T21:30:15+00:00,online,FR,load,persistence,Persistence,weekly_persistence,2208,2026-10-10 00:00:00+00:00,35718.105,37250.0,,2026-07-09 16:00:00+00:00,2026-10-09 15:00:00+00:00,1,1,linear_interpolation,interpolated
2026-10-09,2026-10-09T21:30:15+00:00,online,FR,load,persistence,Persistence,weekly_persistence,2208,2026-10-10 01:00:00+00:00,33600.03,34837.5,,2026-07-09 16:00:00+00:00,2026-10-09 15:00:00+00:00,1,1,linear_interpolation,interpolated
2026-10-09,2026-10-09T21:30:15+00:00,online,FR,load,persistence,Persistence,weekly_persistence,2208,2026-10-10 02:00:00+00:00,32761.1625,33725.0,,2026-07-09 16:00:00+00:00,2026-10-09 15:00:00+00:00,1,1,linear_interpolation,interpolated
2026-10-09,2026-10-09T21:30:15+00:00,online,FR,load,persistence,Persistence,weekly_persistence,2208,2026-10-10 03:00:00+00:00,32903.0125,33800.0,,2026-07-09 16:00:00+00:00,2026-10-09 15:00:00+00:00,1,1,linear_interpolation,interpolated
2026-10-09,2026-10-09T21:30:15+00:00,online,FR,load,persistence,Persistence,weekly_persistence,2208,2026-10-10 04:00:00+00:00,34120.9525,34975.0,,2026-07-09 16:00:00+00:00,2026-10-09 15:00:00+00:00,1,1,linear_interpolation,interpolated
2026-10-09,2026-10-09T21:30:15+00:00,online,FR,load,persistence,Persistence,weekly_persistence,2208,2026-10-10 05:00:00+00:00,35594.115,36587.5,,2026-07-09 16:00:00+00:00,2026-10-09 15:00:00+00:00,1,1,linear_interpolation,interpolated
2026-10-09,2026-10-09T21:30:15+00:00,online,FR,load,persistence,Persistence,weekly_persistence,2208,2026-10-10 06:00:00+00:00,37270.44,38062.5,,2026-07-09 16:00:00+00:00,2026-10-09 15:00:00+00:00,1,1,linear_interpolation,interpolated
2026-10-09,2026-10-09T21:30:15+00:00,online,FR,load,persistence,Persistence,weekly_persistence,2208,2026-10-10 07:00:00+00:00,39670.65,40437.5,,2026-07-09 16:00:00+00:00,2026-10-09 15:00:00+00:00,1,1,linear_interpolation,interpolated
2026-10-09,2026-10-09T21:30:15+00:00,online,FR,load,persistence,Persistence,weekly_persistence,2208,2026-10-10 08:00:00+00:00,40985.5775,41937.5,,2026-07-09 16:00:00+00:00,2026-10-09 15:00:00+00:00,1,1,linear_interpolation,interpolated
2026-10-09,2026-10-09T21:30:15+00:00,online,FR,load,persistence,Persistence,weekly_persistence,2208,2026-10-10 09:00:00+00:00,42185.3575,42900.0,,2026-07-09 16:00:00+00:00,2026-10-09 15:00:00+00:00,1,1,linear_interpolation,interpolated
2026-10-09,2026-10-09T21:30:15+00:00,online,FR,load,persistence,Persistence,weekly_persistence,2208,2026-10-10 10:00:00+00:00,44085.76,44187.5,,2026-07-09 16:00:00+00:00,2026-10-09 15:00:00+00:00,1,1,linear_interpolation,interpolated
2026-10-09,2026-10-09T21:30:15+00:00,online,FR,load,persistence,Persistence,weekly_persistence,2208,2026-10-10 11:00:00+00:00,42814.3925,43937.5,,2026-07-09 16:00:00+00:00,2026-10-09 15:00:00+00:00,1,1,linear_interpolation,interpolated
2026-10-09,2026-10-09T21:30:15+00:00,online,FR,load,persistence,Persistence,weekly_persistence,2208,2026-10-10 12:00:00+00:00,42364.14,44112.5,,2026-07-09 16:00:00+00:00,2026-10-09 15:00:00+00:00,1,1,linear_interpolation,interpolated
2026-10-09,2026-10-09T21:30:15+00:00,online,FR,load,persistence,Persistence,weekly_persistence,2208,2026-10-10 13:00:00+00:00,40783.01,41937.5,,2026-07-09 16:00:00+00:00,2026-10-09 15:00:00+00:00,1,1,linear_interpolation,interpolated
2026-10-09,2026-10-09T21:30:15+00:00,online,FR,load,persistence,Persistence,weekly_persistence,2208,2026-10-10 14:00:00+00:00,39433.955,39862.5,,2026-07-09 16:00:00+00:00,2026-10-09 15:00:00+00:00,1,1,linear_interpolation,interpolated
2026-10-09,2026-10-09T21:30:15+00:00,online,FR,load,persistence,Persistence,weekly_persistence,2208,2026-10-10 15:00:00+00:00,39514.537500000006,39450.0,,2026-07-09 16:00:00+00:00,2026-10-09 15:00:00+00:00,1,1,linear_interpolation,interpolated
2026-10-09,2026-10-09T21:30:15+00:00,online,FR,load,ridge_3mo_context,Ridge with covariates,deg_proxy+tso_forecast,2208,2026-10-09 16:00:00+00:00,47725.28721254997,47937.5,,2026-07-09 16:00:00+00:00,2026-10-09 15:00:00+00:00,1,1,linear_interpolation,interpolated
2026-10-09,2026-10-09T21:30:15+00:00,online,FR,load,ridge_3mo_context,Ridge with covariates,deg_proxy+tso_forecast,2208,2026-10-09 17:00:00+00:00,49625.39154422395,49887.5,,2026-07-09 16:00:00+00:00,2026-10-09 15:00:00+00:00,1,1,linear_interpolation,interpolated
2026-10-09,2026-10-09T21:30:15+00:00,online,FR,load,ridge_3mo_context,Ridge with covariates,deg_proxy+tso_forecast,2208,2026-10-09 18:00:00+00:00,48111.87347743119,48325.0,,2026-07-09 16:00:00+00:00,2026-10-09 15:00:00+00:00,1,1,linear_interpolation,interpolated
2026-10-09,2026-10-09T21:30:15+00:00,online,FR,load,ridge_3mo_context,Ridge with covariates,deg_proxy+tso_forecast,2208,2026-10-09 19:00:00+00:00,45173.328309690616,45300.0,,2026-07-09 16:00:00+00:00,2026-10-09 15:00:00+00:00,1,1,linear_interpolation,interpolated
2026-10-09,2026-10-09T21:30:15+00:00,online,FR,load,ridge_3mo_context,Ridge with covariates,deg_proxy+tso_forecast,2208,2026-10-09 20:00:00+00:00,44332.20277605017,44437.5,,2026-07-09 16:00:00+00:00,2026-10-09 15:00:00+00:00,1,1,linear_interpolation,interpolated
2026-10-09,2026-10-09T21:30:15+00:00,online,FR,load,ridge_3mo_context,Ridge with covariates,deg_proxy+tso_forecast,2208,2026-10-09 21:00:00+00:00,44175.33742131613,44283.333333333336,,2026-07-09 16:00:00+00:00,2026-10-09 15:00:00+00:00,1,1,linear_interpolation,interpolated
2026-10-09,2026-10-09T21:30:15+00:00,online,FR,load,ridge_3mo_context,Ridge with covariates,deg_proxy+tso_forecast,2208,2026-10-09 22:00:00+00:00,41393.95497749142,41412.5,,2026-07-09 16:00:00+00:00,2026-10-09 15:00:00+00:00,1,1,linear_interpolation,interpolated
2026-10-09,2026-10-09T21:30:15+00:00,online,FR,load,ridge_3mo_context,Ridge with covariates,deg_proxy+tso_forecast,2208,2026-10-09 23:00:00+00:00,39640.93504961852,39600.0,,2026-07-09 16:00:00+00:00,2026-10-09 15:00:00+00:00,1,1,linear_interpolation,interpolated
2026-10-09,2026-10-09T21:30:15+00:00,online,FR,load,ridge_3mo_context,Ridge with covariates,deg_proxy+tso_forecast,2208,2026-10-10 00:00:00+00:00,37327.07130628344,37250.0,,2026-07-09 16:00:00+00:00,2026-10-09 15:00:00+00:00,1,1,linear_interpolation,interpolated
2026-10-09,2026-10-09T21:30:15+00:00,online,FR,load,ridge_3mo_context,Ridge with covariates,deg_proxy+tso_forecast,2208,2026-10-10 01:00:00+00:00,34984.6037374353,34837.5,,2026-07-09 16:00:00+00:00,2026-10-09 15:00:00+00:00,1,1,linear_interpolation,interpolated
2026-10-09,2026-10-09T21:30:15+00:00,online,FR,load,ridge_3mo_context,Ridge with covariates,deg_proxy+tso_forecast,2208,2026-10-10 02:00:00+00:00,33912.91350408073,33725.0,,2026-07-09 16:00:00+00:00,2026-10-09 15:00:00+00:00,1,1,linear_interpolation,interpolated
2026-10-09,2026-10-09T21:30:15+00:00,online,FR,load,ridge_3mo_context,Ridge with covariates,deg_proxy+tso_forecast,2208,2026-10-10 03:00:00+00:00,33994.23929184794,33800.0,,2026-07-09 16:00:00+00:00,2026-10-09 15:00:00+00:00,1,1,linear_interpolation,interpolated
2026-10-09,2026-10-09T21:30:15+00:00,online,FR,load,ridge_3mo_context,Ridge with covariates,deg_proxy+tso_forecast,2208,2026-10-10 04:00:00+00:00,35141.95392003133,34975.0,,2026-07-09 16:00:00+00:00,2026-10-09 15:00:00+00:00,1,1,linear_interpolation,interpolated
2026-10-09,2026-10-09T21:30:15+00:00,online,FR,load,ridge_3mo_context,Ridge with covariates,deg_proxy+tso_forecast,2208,2026-10-10 05:00:00+00:00,36708.02337547588,36587.5,,2026-07-09 16:00:00+00:00,2026-10-09 15:00:00+00:00,1,1,linear_interpolation,interpolated
2026-10-09,2026-10-09T21:30:15+00:00,online,FR,load,ridge_3mo_context,Ridge with covariates,deg_proxy+tso_forecast,2208,2026-10-10 06:00:00+00:00,38136.884242356784,38062.5,,2026-07-09 16:00:00+00:00,2026-10-09 15:00:00+00:00,1,1,linear_interpolation,interpolated
2026-10-09,2026-10-09T21:30:15+00:00,online,FR,load,ridge_3mo_context,Ridge with covariates,deg_proxy+tso_forecast,2208,2026-10-10 07:00:00+00:00,40429.12038230584,40437.5,,2026-07-09 16:00:00+00:00,2026-10-09 15:00:00+00:00,1,1,linear_interpolation,interpolated
2026-10-09,2026-10-09T21:30:15+00:00,online,FR,load,ridge_3mo_context,Ridge with covariates,deg_proxy+tso_forecast,2208,2026-10-10 08:00:00+00:00,41854.74182246862,41937.5,,2026-07-09 16:00:00+00:00,2026-10-09 15:00:00+00:00,1,1,linear_interpolation,interpolated
2026-10-09,2026-10-09T21:30:15+00:00,online,FR,load,ridge_3mo_context,Ridge with covariates,deg_proxy+tso_forecast,2208,2026-10-10 09:00:00+00:00,42757.75174378743,42900.0,,2026-07-09 16:00:00+00:00,2026-10-09 15:00:00+00:00,1,1,linear_interpolation,interpolated
2026-10-09,2026-10-09T21:30:15+00:00,online,FR,load,ridge_3mo_context,Ridge with covariates,deg_proxy+tso_forecast,2208,2026-10-10 10:00:00+00:00,43966.85488891296,44187.5,,2026-07-09 16:00:00+00:00,2026-10-09 15:00:00+00:00,1,1,linear_interpolation,interpolated
2026-10-09,2026-10-09T21:30:15+00:00,online,FR,load,ridge_3mo_context,Ridge with covariates,deg_proxy+tso_forecast,2208,2026-10-10 11:00:00+00:00,43695.682933931625,43937.5,,2026-07-09 16:00:00+00:00,2026-10-09 15:00:00+00:00,1,1,linear_interpolation,interpolated
2026-10-09,2026-10-09T21:30:15+00:00,online,FR,load,ridge_3mo_context,Ridge with covariates,deg_proxy+tso_forecast,2208,2026-10-10 12:00:00+00:00,43848.95408714098,44112.5,,2026-07-09 16:00:00+00:00,2026-10-09 15:00:00+00:00,1,1,linear_interpolation,interpolated
2026-10-09,2026-10-09T21:30:15+00:00,online,FR,load,ridge_3mo_context,Ridge with covariates,deg_proxy+tso_forecast,2208,2026-10-10 13:00:00+00:00,41721.140288116236,41937.5,,2026-07-09 16:00:00+00:00,2026-10-09 15:00:00+00:00,1,1,linear_interpolation,interpolated
2026-10-09,2026-10-09T21:30:15+00:00,online,FR,load,ridge_3mo_context,Ridge with covariates,deg_proxy+tso_forecast,2208,2026-10-10 14:00:00+00:00,39693.45834503618,39862.5,,2026-07-09 16:00:00+00:00,2026-10-09 15:00:00+00:00,1,1,linear_interpolation,interpolated
2026-10-09,2026-10-09T21:30:15+00:00,online,FR,load,ridge_3mo_context,Ridge with covariates,deg_proxy+tso_forecast,2208,2026-10-10 15:00:00+00:00,39296.910605192854,39450.0,,2026-07-09 16:00:00+00:00,2026-10-09 15:00:00+00:00,1,1,linear_interpolation,interpolated
2026-10-09,2026-10-09T21:30:15+00:00,online,FR,load,chronos2_online,Chronos2 with covariates,Temp+tso_forecast,2208,2026-10-09 16:00:00+00:00,47817.75,47937.5,,2026-07-09 16:00:00+00:00,2026-10-09 15:00:00+00:00,1,1,linear_interpolation,interpolated
2026-10-09,2026-10-09T21:30:15+00:00,online,FR,load,chronos2_online,Chronos2 with covariates,Temp+tso_forecast,2208,2026-10-09 17:00:00+00:00,49123.4296875,49887.5,,2026-07-09 16:00:00+00:00,2026-10-09 15:00:00+00:00,1,1,linear_interpolation,interpolated
2026-10-09,2026-10-09T21:30:15+00:00,online,FR,load,chronos2_online,Chronos2 with covariates,Temp+tso_forecast,2208,2026-10-09 18:00:00+00:00,47027.7578125,48325.0,,2026-07-09 16:00:00+00:00,2026-10-09 15:00:00+00:00,1,1,linear_interpolation,interpolated
2026-10-09,2026-10-09T21:30:15+00:00,online,FR,load,chronos2_online,Chronos2 with covariates,Temp+tso_forecast,2208,2026-10-09 19:00:00+00:00,44034.65625,45300.0,,2026-07-09 16:00:00+00:00,2026-10-09 15:00:00+00:00,1,1,linear_interpolation,interpolated
2026-10-09,2026-10-09T21:30:15+00:00,online,FR,load,chronos2_online,Chronos2 with covariates,Temp+tso_forecast,2208,2026-10-09 20:00:00+00:00,43982.0390625,44437.5,,2026-07-09 16:00:00+00:00,2026-10-09 15:00:00+00:00,1,1,linear_interpolation,interpolated
2026-10-09,2026-10-09T21:30:15+00:00,online,FR,load,chronos2_online,Chronos2 with covariates,Temp+tso_forecast,2208,2026-10-09 21:00:00+00:00,43019.6875,44283.333333333336,,2026-07-09 16:00:00+00:00,2026-10-09 15:00:00+00:00,1,1,linear_interpolation,interpolated
2026-10-09,2026-10-09T21:30:15+00:00,online,FR,load,chronos2_online,Chronos2 with covariates,Temp+tso_forecast,2208,2026-10-09 22:00:00+00:00,40410.5546875,41412.5,,2026-07-09 16:00:00+00:00,2026-10-09 15:00:00+00:00,1,1,linear_interpolation,interpolated
2026-10-09,2026-10-09T21:30:15+00:00,online,FR,load,chronos2_online,Chronos2 with covariates,Temp+tso_forecast,2208,2026-10-09 23:00:00+00:00,38880.64453125,39600.0,,2026-07-09 16:00:00+00:00,2026-10-09 15:00:00+00:00,1,1,linear_interpolation,interpolated
2026-10-09,2026-10-09T21:30:15+00:00,online,FR,load,chronos2_online,Chronos2 with covariates,Temp+tso_forecast,2208,2026-10-10 00:00:00+00:00,36465.109375,37250.0,,2026-07-09 16:00:00+00:00,2026-10-09 15:00:00+00:00,1,1,linear_interpolation,interpolated
2026-10-09,2026-10-09T21:30:15+00:00,online,FR,load,chronos2_online,Chronos2 with covariates,Temp+tso_forecast,2208,2026-10-10 01:00:00+00:00,34379.8515625,34837.5,,2026-07-09 16:00:00+00:00,2026-10-09 15:00:00+00:00,1,1,linear_interpolation,interpolated
2026-10-09,2026-10-09T21:30:15+00:00,online,FR,load,chronos2_online,Chronos2 with covariates,Temp+tso_forecast,2208,2026-10-10 02:00:00+00:00,33316.73046875,33725.0,,2026-07-09 16:00:00+00:00,2026-10-09 15:00:00+00:00,1,1,linear_interpolation,interpolated
2026-10-09,2026-10-09T21:30:15+00:00,online,FR,load,chronos2_online,Chronos2 with covariates,Temp+tso_forecast,2208,2026-10-10 03:00:00+00:00,33590.27734375,33800.0,,2026-07-09 16:00:00+00:00,2026-10-09 15:00:00+00:00,1,1,linear_interpolation,interpolated
2026-10-09,2026-10-09T21:30:15+00:00,online,FR,load,chronos2_online,Chronos2 with covariates,Temp+tso_forecast,2208,2026-10-10 04:00:00+00:00,34985.6171875,34975.0,,2026-07-09 16:00:00+00:00,2026-10-09 15:00:00+00:00,1,1,linear_interpolation,interpolated
2026-10-09,2026-10-09T21:30:15+00:00,online,FR,load,chronos2_online,Chronos2 with covariates,Temp+tso_forecast,2208,2026-10-10 05:00:00+00:00,36904.6953125,36587.5,,2026-07-09 16:00:00+00:00,2026-10-09 15:00:00+00:00,1,1,linear_interpolation,interpolated
2026-10-09,2026-10-09T21:30:15+00:00,online,FR,load,chronos2_online,Chronos2 with covariates,Temp+tso_forecast,2208,2026-10-10 06:00:00+00:00,38989.69140625,38062.5,,2026-07-09 16:00:00+00:00,2026-10-09 15:00:00+00:00,1,1,linear_interpolation,interpolated
2026-10-09,2026-10-09T21:30:15+00:00,online,FR,load,chronos2_online,Chronos2 with covariates,Temp+tso_forecast,2208,2026-10-10 07:00:00+00:00,41098.40625,40437.5,,2026-07-09 16:00:00+00:00,2026-10-09 15:00:00+00:00,1,1,linear_interpolation,interpolated
2026-10-09,2026-10-09T21:30:15+00:00,online,FR,load,chronos2_online,Chronos2 with covariates,Temp+tso_forecast,2208,2026-10-10 08:00:00+00:00,41763.80078125,41937.5,,2026-07-09 16:00:00+00:00,2026-10-09 15:00:00+00:00,1,1,linear_interpolation,interpolated
2026-10-09,2026-10-09T21:30:15+00:00,online,FR,load,chronos2_online,Chronos2 with covariates,Temp+tso_forecast,2208,2026-10-10 09:00:00+00:00,43028.328125,42900.0,,2026-07-09 16:00:00+00:00,2026-10-09 15:00:00+00:00,1,1,linear_interpolation,interpolated
2026-10-09,2026-10-09T21:30:15+00:00,online,FR,load,chronos2_online,Chronos2 with covariates,Temp+tso_forecast,2208,2026-10-10 10:00:00+00:00,44365.41015625,44187.5,,2026-07-09 16:00:00+00:00,2026-10-09 15:00:00+00:00,1,1,linear_interpolation,interpolated
2026-10-09,2026-10-09T21:30:15+00:00,online,FR,load,chronos2_online,Chronos2 with covariates,Temp+tso_forecast,2208,2026-10-10 11:00:00+00:00,42962.50390625,43937.5,,2026-07-09 16:00:00+00:00,2026-10-09 15:00:00+00:00,1,1,linear_interpolation,interpolated
2026-10-09,2026-10-09T21:30:15+00:00,online,FR,load,chronos2_online,Chronos2 with covariates,Temp+tso_forecast,2208,2026-10-10 12:00:00+00:00,42732.9140625,44112.5,,2026-07-09 16:00:00+00:00,2026-10-09 15:00:00+00:00,1,1,linear_interpolation,interpolated
2026-10-09,2026-10-09T21:30:15+00:00,online,FR,load,chronos2_online,Chronos2 with covariates,Temp+tso_forecast,2208,2026-10-10 13:00:00+00:00,41187.1796875,41937.5,,2026-07-09 16:00:00+00:00,2026-10-09 15:00:00+00:00,1,1,linear_interpolation,interpolated
2026-10-09,2026-10-09T21:30:15+00:00,online,FR,load,chronos2_online,Chronos2 with covariates,Temp+tso_forecast,2208,2026-10-10 14:00:00+00:00,39739.16015625,39862.5,,2026-07-09 16:00:00+00:00,2026-10-09 15:00:00+00:00,1,1,linear_interpolation,interpolated
2026-10-09,2026-10-09T21:30:15+00:00,online,FR,load,chronos2_online,Chronos2 with covariates,Temp+tso_forecast,2208,2026-10-10 15:00:00+00:00,39950.765625,39450.0,,2026-07-09 16:00:00+00:00,2026-10-09 15:00:00+00:00,1,1,linear_interpolation,interpolated
2026-10-09,2026-10-09T21:30:15+00:00,online,DE,load,tso_reference,TSO forecast,tso_forecast,2208,2026-10-09 16:00:00+00:00,59383.46851125,59383.46851125,,2026-07-09 16:00:00+00:00,2026-10-09 15:00:00+00:00,1,1,linear_interpolation,interpolated
2026-10-09,2026-10-09T21:30:15+00:00,online,DE,load,tso_reference,TSO forecast,tso_forecast,2208,2026-10-09 17:00:00+00:00,58910.27008175,58910.27008175,,2026-07-09 16:00:00+00:00,2026-10-09 15:00:00+00:00,1,1,linear_interpolation,interpolated
2026-10-09,2026-10-09T21:30:15+00:00,online,DE,load,tso_reference,TSO forecast,tso_forecast,2208,2026-10-09 18:00:00+00:00,56814.24353725,56814.24353725,,2026-07-09 16:00:00+00:00,2026-10-09 15:00:00+00:00,1,1,linear_interpolation,interpolated
2026-10-09,2026-10-09T21:30:15+00:00,online,DE,load,tso_reference,TSO forecast,tso_forecast,2208,2026-10-09 19:00:00+00:00,53777.29213625,53777.29213625,,2026-07-09 16:00:00+00:00,2026-10-09 15:00:00+00:00,1,1,linear_interpolation,interpolated
2026-10-09,2026-10-09T21:30:15+00:00,online,DE,load,tso_reference,TSO forecast,tso_forecast,2208,2026-10-09 20:00:00+00:00,50302.37186275,50302.37186275,,2026-07-09 16:00:00+00:00,2026-10-09 15:00:00+00:00,1,1,linear_interpolation,interpolated
2026-10-09,2026-10-09T21:30:15+00:00,online,DE,load,tso_reference,TSO forecast,tso_forecast,2208,2026-10-09 21:00:00+00:00,46663.53985466666,46663.53985466666,,2026-07-09 16:00:00+00:00,2026-10-09 15:00:00+00:00,1,1,linear_interpolation,interpolated
2026-10-09,2026-10-09T21:30:15+00:00,online,DE,load,tso_reference,TSO forecast,tso_forecast,2208,2026-10-09 22:00:00+00:00,44179.15502625,44179.15502625,,2026-07-09 16:00:00+00:00,2026-10-09 15:00:00+00:00,1,1,linear_interpolation,interpolated
2026-10-09,2026-10-09T21:30:15+00:00,online,DE,load,tso_reference,TSO forecast,tso_forecast,2208,2026-10-09 23:00:00+00:00,42410.6428865,42410.6428865,,2026-07-09 16:00:00+00:00,2026-10-09 15:00:00+00:00,1,1,linear_interpolation,interpolated
2026-10-09,2026-10-09T21:30:15+00:00,online,DE,load,tso_reference,TSO forecast,tso_forecast,2208,2026-10-10 00:00:00+00:00,41388.35281275,41388.35281275,,2026-07-09 16:00:00+00:00,2026-10-09 15:00:00+00:00,1,1,linear_interpolation,interpolated
2026-10-09,2026-10-09T21:30:15+00:00,online,DE,load,tso_reference,TSO forecast,tso_forecast,2208,2026-10-10 01:00:00+00:00,40931.377555,40931.377555,,2026-07-09 16:00:00+00:00,2026-10-09 15:00:00+00:00,1,1,linear_interpolation,interpolated
2026-10-09,2026-10-09T21:30:15+00:00,online,DE,load,tso_reference,TSO forecast,tso_forecast,2208,2026-10-10 02:00:00+00:00,40929.08297925,40929.08297925,,2026-07-09 16:00:00+00:00,2026-10-09 15:00:00+00:00,1,1,linear_interpolation,interpolated
2026-10-09,2026-10-09T21:30:15+00:00,online,DE,load,tso_reference,TSO forecast,tso_forecast,2208,2026-10-10 03:00:00+00:00,41268.47281775,41268.47281775,,2026-07-09 16:00:00+00:00,2026-10-09 15:00:00+00:00,1,1,linear_interpolation,interpolated
2026-10-09,2026-10-09T21:30:15+00:00,online,DE,load,tso_reference,TSO forecast,tso_forecast,2208,2026-10-10 04:00:00+00:00,42796.633533,42796.633533,,2026-07-09 16:00:00+00:00,2026-10-09 15:00:00+00:00,1,1,linear_interpolation,interpolated
2026-10-09,2026-10-09T21:30:15+00:00,online,DE,load,tso_reference,TSO forecast,tso_forecast,2208,2026-10-10 05:00:00+00:00,44998.178485,44998.178485,,2026-07-09 16:00:00+00:00,2026-10-09 15:00:00+00:00,1,1,linear_interpolation,interpolated
2026-10-09,2026-10-09T21:30:15+00:00,online,DE,load,tso_reference,TSO forecast,tso_forecast,2208,2026-10-10 06:00:00+00:00,48052.511593999996,48052.511593999996,,2026-07-09 16:00:00+00:00,2026-10-09 15:00:00+00:00,1,1,linear_interpolation,interpolated
2026-10-09,2026-10-09T21:30:15+00:00,online,DE,load,tso_reference,TSO forecast,tso_forecast,2208,2026-10-10 07:00:00+00:00,50238.130731,50238.130731,,2026-07-09 16:00:00+00:00,2026-10-09 15:00:00+00:00,1,1,linear_interpolation,interpolated
2026-10-09,2026-10-09T21:30:15+00:00,online,DE,load,tso_reference,TSO forecast,tso_forecast,2208,2026-10-10 08:00:00+00:00,51425.061953000004,51425.061953000004,,2026-07-09 16:00:00+00:00,2026-10-09 15:00:00+00:00,1,1,linear_interpolation,interpolated
2026-10-09,2026-10-09T21:30:15+00:00,online,DE,load,tso_reference,TSO forecast,tso_forecast,2208,2026-10-10 09:00:00+00:00,51409.419618,51409.419618,,2026-07-09 16:00:00+00:00,2026-10-09 15:00:00+00:00,1,1,linear_interpolation,interpolated
2026-10-09,2026-10-09T21:30:15+00:00,online,DE,load,tso_reference,TSO forecast,tso_forecast,2208,2026-10-10 10:00:00+00:00,50750.55148925,50750.55148925,,2026-07-09 16:00:00+00:00,2026-10-09 15:00:00+00:00,1,1,linear_interpolation,interpolated
2026-10-09,2026-10-09T21:30:15+00:00,online,DE,load,tso_reference,TSO forecast,tso_forecast,2208,2026-10-10 11:00:00+00:00,49288.4540755,49288.4540755,,2026-07-09 16:00:00+00:00,2026-10-09 15:00:00+00:00,1,1,linear_interpolation,interpolated
2026-10-09,2026-10-09T21:30:15+00:00,online,DE,load,tso_reference,TSO forecast,tso_forecast,2208,2026-10-10 12:00:00+00:00,48053.7337405,48053.7337405,,2026-07-09 16:00:00+00:00,2026-10-09 15:00:00+00:00,1,1,linear_interpolation,interpolated
2026-10-09,2026-10-09T21:30:15+00:00,online,DE,load,tso_reference,TSO forecast,tso_forecast,2208,2026-10-10 13:00:00+00:00,47810.20813225,47810.20813225,,2026-07-09 16:00:00+00:00,2026-10-09 15:00:00+00:00,1,1,linear_interpolation,interpolated
2026-10-09,2026-10-09T21:30:15+00:00,online,DE,load,tso_reference,TSO forecast,tso_forecast,2208,2026-10-10 14:00:00+00:00,48715.81542175,48715.81542175,,2026-07-09 16:00:00+00:00,2026-10-09 15:00:00+00:00,1,1,linear_interpolation,interpolated
2026-10-09,2026-10-09T21:30:15+00:00,online,DE,load,tso_reference,TSO forecast,tso_forecast,2208,2026-10-10 15:00:00+00:00,50323.4778855,50323.4778855,,2026-07-09 16:00:00+00:00,2026-10-09 15:00:00+00:00,1,1,linear_interpolation,interpolated
2026-10-09,2026-10-09T21:30:15+00:00,online,DE,load,persistence,Persistence,weekly_persistence,2208,2026-10-09 16:00:00+00:00,59446.96457,59383.46851125,,2026-07-09 16:00:00+00:00,2026-10-09 15:00:00+00:00,1,1,linear_interpolation,interpolated
2026-10-09,2026-10-09T21:30:15+00:00,online,DE,load,persistence,Persistence,weekly_persistence,2208,2026-10-09 17:00:00+00:00,59385.45908,58910.27008175,,2026-07-09 16:00:00+00:00,2026-10-09 15:00:00+00:00,1,1,linear_interpolation,interpolated
2026-10-09,2026-10-09T21:30:15+00:00,online,DE,load,persistence,Persistence,weekly_persistence,2208,2026-10-09 18:00:00+00:00,56873.22963,56814.24353725,,2026-07-09 16:00:00+00:00,2026-10-09 15:00:00+00:00,1,1,linear_interpolation,interpolated
2026-10-09,2026-10-09T21:30:15+00:00,online,DE,load,persistence,Persistence,weekly_persistence,2208,2026-10-09 19:00:00+00:00,54337.203349999996,53777.29213625,,2026-07-09 16:00:00+00:00,2026-10-09 15:00:00+00:00,1,1,linear_interpolation,interpolated
2026-10-09,2026-10-09T21:30:15+00:00,online,DE,load,persistence,Persistence,weekly_persistence,2208,2026-10-09 20:00:00+00:00,50718.83717,50302.37186275,,2026-07-09 16:00:00+00:00,2026-10-09 15:00:00+00:00,1,1,linear_interpolation,interpolated
2026-10-09,2026-10-09T21:30:15+00:00,online,DE,load,persistence,Persistence,weekly_persistence,2208,2026-10-09 21:00:00+00:00,48284.747383333335,46663.53985466666,,2026-07-09 16:00:00+00:00,2026-10-09 15:00:00+00:00,1,1,linear_interpolation,interpolated
2026-10-09,2026-10-09T21:30:15+00:00,online,DE,load,persistence,Persistence,weekly_persistence,2208,2026-10-09 22:00:00+00:00,45895.1176275,44179.15502625,,2026-07-09 16:00:00+00:00,2026-10-09 15:00:00+00:00,1,1,linear_interpolation,interpolated
2026-10-09,2026-10-09T21:30:15+00:00,online,DE,load,persistence,Persistence,weekly_persistence,2208,2026-10-09 23:00:00+00:00,44838.245145,42410.6428865,,2026-07-09 16:00:00+00:00,2026-10-09 15:00:00+00:00,1,1,linear_interpolation,interpolated
2026-10-09,2026-10-09T21:30:15+00:00,online,DE,load,persistence,Persistence,weekly_persistence,2208,2026-10-10 00:00:00+00:00,43683.5117275,41388.35281275,,2026-07-09 16:00:00+00:00,2026-10-09 15:00:00+00:00,1,1,linear_interpolation,interpolated
2026-10-09,2026-10-09T21:30:15+00:00,online,DE,load,persistence,Persistence,weekly_persistence,2208,2026-10-10 01:00:00+00:00,43564.8752425,40931.377555,,2026-07-09 16:00:00+00:00,2026-10-09 15:00:00+00:00,1,1,linear_interpolation,interpolated
2026-10-09,2026-10-09T21:30:15+00:00,online,DE,load,persistence,Persistence,weekly_persistence,2208,2026-10-10 02:00:00+00:00,43174.9146625,40929.08297925,,2026-07-09 16:00:00+00:00,2026-10-09 15:00:00+00:00,1,1,linear_interpolation,interpolated
2026-10-09,2026-10-09T21:30:15+00:00,online,DE,load,persistence,Persistence,weekly_persistence,2208,2026-10-10 03:00:00+00:00,43024.0896525,41268.47281775,,2026-07-09 16:00:00+00:00,2026-10-09 15:00:00+00:00,1,1,linear_interpolation,interpolated
2026-10-09,2026-10-09T21:30:15+00:00,online,DE,load,persistence,Persistence,weekly_persistence,2208,2026-10-10 04:00:00+00:00,44266.237552499995,42796.633533,,2026-07-09 16:00:00+00:00,2026-10-09 15:00:00+00:00,1,1,linear_interpolation,interpolated
2026-10-09,2026-10-09T21:30:15+00:00,online,DE,load,persistence,Persistence,weekly_persistence,2208,2026-10-10 05:00:00+00:00,45091.4286975,44998.178485,,2026-07-09 16:00:00+00:00,2026-10-09 15:00:00+00:00,1,1,linear_interpolation,interpolated
2026-10-09,2026-10-09T21:30:15+00:00,online,DE,load,persistence,Persistence,weekly_persistence,2208,2026-10-10 06:00:00+00:00,48296.932315,48052.511593999996,,2026-07-09 16:00:00+00:00,2026-10-09 15:00:00+00:00,1,1,linear_interpolation,interpolated
2026-10-09,2026-10-09T21:30:15+00:00,online,DE,load,persistence,Persistence,weekly_persistence,2208,2026-10-10 07:00:00+00:00,51344.514055,50238.130731,,2026-07-09 16:00:00+00:00,2026-10-09 15:00:00+00:00,1,1,linear_interpolation,interpolated
2026-10-09,2026-10-09T21:30:15+00:00,online,DE,load,persistence,Persistence,weekly_persistence,2208,2026-10-10 08:00:00+00:00,52046.3806325,51425.061953000004,,2026-07-09 16:00:00+00:00,2026-10-09 15:00:00+00:00,1,1,linear_interpolation,interpolated
2026-10-09,2026-10-09T21:30:15+00:00,online,DE,load,persistence,Persistence,weekly_persistence,2208,2026-10-10 09:00:00+00:00,52161.4088775,51409.419618,,2026-07-09 16:00:00+00:00,2026-10-09 15:00:00+00:00,1,1,linear_interpolation,interpolated
2026-10-09,2026-10-09T21:30:15+00:00,online,DE,load,persistence,Persistence,weekly_persistence,2208,2026-10-10 10:00:00+00:00,51802.5931225,50750.55148925,,2026-07-09 16:00:00+00:00,2026-10-09 15:00:00+00:00,1,1,linear_interpolation,interpolated
2026-10-09,2026-10-09T21:30:15+00:00,online,DE,load,persistence,Persistence,weekly_persistence,2208,2026-10-10 11:00:00+00:00,49424.7734325,49288.4540755,,2026-07-09 16:00:00+00:00,2026-10-09 15:00:00+00:00,1,1,linear_interpolation,interpolated
2026-10-09,2026-10-09T21:30:15+00:00,online,DE,load,persistence,Persistence,weekly_persistence,2208,2026-10-10 12:00:00+00:00,46624.138435,48053.7337405,,2026-07-09 16:00:00+00:00,2026-10-09 15:00:00+00:00,1,1,linear_interpolation,interpolated
2026-10-09,2026-10-09T21:30:15+00:00,online,DE,load,persistence,Persistence,weekly_persistence,2208,2026-10-10 13:00:00+00:00,45795.821225,47810.20813225,,2026-07-09 16:00:00+00:00,2026-10-09 15:00:00+00:00,1,1,linear_interpolation,interpolated
2026-10-09,2026-10-09T21:30:15+00:00,online,DE,load,persistence,Persistence,weekly_persistence,2208,2026-10-10 14:00:00+00:00,46875.3700675,48715.81542175,,2026-07-09 16:00:00+00:00,2026-10-09 15:00:00+00:00,1,1,linear_interpolation,interpolated
2026-10-09,2026-10-09T21:30:15+00:00,online,DE,load,persistence,Persistence,weekly_persistence,2208,2026-10-10 15:00:00+00:00,49435.7519775,50323.4778855,,2026-07-09 16:00:00+00:00,2026-10-09 15:00:00+00:00,1,1,linear_interpolation,interpolated
2026-10-09,2026-10-09T21:30:15+00:00,online,DE,load,ridge_3mo_context,Ridge with covariates,Hum+tso_forecast,2208,2026-10-09 16:00:00+00:00,60202.96751436168,59383.46851125,,2026-07-09 16:00:00+00:00,2026-10-09 15:00:00+00:00,1,1,linear_interpolation,interpolated
2026-10-09,2026-10-09T21:30:15+00:00,online,DE,load,ridge_3mo_context,Ridge with covariates,Hum+tso_forecast,2208,2026-10-09 17:00:00+00:00,59796.11196592256,58910.27008175,,2026-07-09 16:00:00+00:00,2026-10-09 15:00:00+00:00,1,1,linear_interpolation,interpolated
2026-10-09,2026-10-09T21:30:15+00:00,online,DE,load,ridge_3mo_context,Ridge with covariates,Hum+tso_forecast,2208,2026-10-09 18:00:00+00:00,57783.44445360871,56814.24353725,,2026-07-09 16:00:00+00:00,2026-10-09 15:00:00+00:00,1,1,linear_interpolation,interpolated
2026-10-09,2026-10-09T21:30:15+00:00,online,DE,load,ridge_3mo_context,Ridge with covariates,Hum+tso_forecast,2208,2026-10-09 19:00:00+00:00,54749.41727551742,53777.29213625,,2026-07-09 16:00:00+00:00,2026-10-09 15:00:00+00:00,1,1,linear_interpolation,interpolated
2026-10-09,2026-10-09T21:30:15+00:00,online,DE,load,ridge_3mo_context,Ridge with covariates,Hum+tso_forecast,2208,2026-10-09 20:00:00+00:00,51486.49183245987,50302.37186275,,2026-07-09 16:00:00+00:00,2026-10-09 15:00:00+00:00,1,1,linear_interpolation,interpolated
2026-10-09,2026-10-09T21:30:15+00:00,online,DE,load,ridge_3mo_context,Ridge with covariates,Hum+tso_forecast,2208,2026-10-09 21:00:00+00:00,48035.77424513796,46663.53985466666,,2026-07-09 16:00:00+00:00,2026-10-09 15:00:00+00:00,1,1,linear_interpolation,interpolated
2026-10-09,2026-10-09T21:30:15+00:00,online,DE,load,ridge_3mo_context,Ridge with covariates,Hum+tso_forecast,2208,2026-10-09 22:00:00+00:00,45640.70515721632,44179.15502625,,2026-07-09 16:00:00+00:00,2026-10-09 15:00:00+00:00,1,1,linear_interpolation,interpolated
2026-10-09,2026-10-09T21:30:15+00:00,online,DE,load,ridge_3mo_context,Ridge with covariates,Hum+tso_forecast,2208,2026-10-09 23:00:00+00:00,43912.9898566125,42410.6428865,,2026-07-09 16:00:00+00:00,2026-10-09 15:00:00+00:00,1,1,linear_interpolation,interpolated
2026-10-09,2026-10-09T21:30:15+00:00,online,DE,load,ridge_3mo_context,Ridge with covariates,Hum+tso_forecast,2208,2026-10-10 00:00:00+00:00,41542.93037722863,41388.35281275,,2026-07-09 16:00:00+00:00,2026-10-09 15:00:00+00:00,1,1,linear_interpolation,interpolated
2026-10-09,2026-10-09T21:30:15+00:00,online,DE,load,ridge_3mo_context,Ridge with covariates,Hum+tso_forecast,2208,2026-10-10 01:00:00+00:00,41133.428519913854,40931.377555,,2026-07-09 16:00:00+00:00,2026-10-09 15:00:00+00:00,1,1,linear_interpolation,interpolated
2026-10-09,2026-10-09T21:30:15+00:00,online,DE,load,ridge_3mo_context,Ridge with covariates,Hum+tso_forecast,2208,2026-10-10 02:00:00+00:00,41173.104729841114,40929.08297925,,2026-07-09 16:00:00+00:00,2026-10-09 15:00:00+00:00,1,1,linear_interpolation,interpolated
2026-10-09,2026-10-09T21:30:15+00:00,online,DE,load,ridge_3mo_context,Ridge with covariates,Hum+tso_forecast,2208,2026-10-10 03:00:00+00:00,41531.43992823074,41268.47281775,,2026-07-09 16:00:00+00:00,2026-10-09 15:00:00+00:00,1,1,linear_interpolation,interpolated
2026-10-09,2026-10-09T21:30:15+00:00,online,DE,load,ridge_3mo_context,Ridge with covariates,Hum+tso_forecast,2208,2026-10-10 04:00:00+00:00,43003.22721197492,42796.633533,,2026-07-09 16:00:00+00:00,2026-10-09 15:00:00+00:00,1,1,linear_interpolation,interpolated
2026-10-09,2026-10-09T21:30:15+00:00,online,DE,load,ridge_3mo_context,Ridge with covariates,Hum+tso_forecast,2208,2026-10-10 05:00:00+00:00,45105.15846228789,44998.178485,,2026-07-09 16:00:00+00:00,2026-10-09 15:00:00+00:00,1,1,linear_interpolation,interpolated
2026-10-09,2026-10-09T21:30:15+00:00,online,DE,load,ridge_3mo_context,Ridge with covariates,Hum+tso_forecast,2208,2026-10-10 06:00:00+00:00,48065.32781395236,48052.511593999996,,2026-07-09 16:00:00+00:00,2026-10-09 15:00:00+00:00,1,1,linear_interpolation,interpolated
2026-10-09,2026-10-09T21:30:15+00:00,online,DE,load,ridge_3mo_context,Ridge with covariates,Hum+tso_forecast,2208,2026-10-10 07:00:00+00:00,50219.242905941355,50238.130731,,2026-07-09 16:00:00+00:00,2026-10-09 15:00:00+00:00,1,1,linear_interpolation,interpolated
2026-10-09,2026-10-09T21:30:15+00:00,online,DE,load,ridge_3mo_context,Ridge with covariates,Hum+tso_forecast,2208,2026-10-10 08:00:00+00:00,51380.39527074502,51425.061953000004,,2026-07-09 16:00:00+00:00,2026-10-09 15:00:00+00:00,1,1,linear_interpolation,interpolated
2026-10-09,2026-10-09T21:30:15+00:00,online,DE,load,ridge_3mo_context,Ridge with covariates,Hum+tso_forecast,2208,2026-10-10 09:00:00+00:00,51383.92371703488,51409.419618,,2026-07-09 16:00:00+00:00,2026-10-09 15:00:00+00:00,1,1,linear_interpolation,interpolated
2026-10-09,2026-10-09T21:30:15+00:00,online,DE,load,ridge_3mo_context,Ridge with covariates,Hum+tso_forecast,2208,2026-10-10 10:00:00+00:00,50714.52823903131,50750.55148925,,2026-07-09 16:00:00+00:00,2026-10-09 15:00:00+00:00,1,1,linear_interpolation,interpolated
2026-10-09,2026-10-09T21:30:15+00:00,online,DE,load,ridge_3mo_context,Ridge with covariates,Hum+tso_forecast,2208,2026-10-10 11:00:00+00:00,49305.42576858752,49288.4540755,,2026-07-09 16:00:00+00:00,2026-10-09 15:00:00+00:00,1,1,linear_interpolation,interpolated
2026-10-09,2026-10-09T21:30:15+00:00,online,DE,load,ridge_3mo_context,Ridge with covariates,Hum+tso_forecast,2208,2026-10-10 12:00:00+00:00,48032.288710273795,48053.7337405,,2026-07-09 16:00:00+00:00,2026-10-09 15:00:00+00:00,1,1,linear_interpolation,interpolated
2026-10-09,2026-10-09T21:30:15+00:00,online,DE,load,ridge_3mo_context,Ridge with covariates,Hum+tso_forecast,2208,2026-10-10 13:00:00+00:00,47780.557105068656,47810.20813225,,2026-07-09 16:00:00+00:00,2026-10-09 15:00:00+00:00,1,1,linear_interpolation,interpolated
2026-10-09,2026-10-09T21:30:15+00:00,online,DE,load,ridge_3mo_context,Ridge with covariates,Hum+tso_forecast,2208,2026-10-10 14:00:00+00:00,48626.84812764497,48715.81542175,,2026-07-09 16:00:00+00:00,2026-10-09 15:00:00+00:00,1,1,linear_interpolation,interpolated
2026-10-09,2026-10-09T21:30:15+00:00,online,DE,load,ridge_3mo_context,Ridge with covariates,Hum+tso_forecast,2208,2026-10-10 15:00:00+00:00,50214.925994786856,50323.4778855,,2026-07-09 16:00:00+00:00,2026-10-09 15:00:00+00:00,1,1,linear_interpolation,interpolated
2026-10-09,2026-10-09T21:30:15+00:00,online,DE,load,chronos2_online,Chronos2 with covariates,Hum+tso_forecast,2208,2026-10-09 16:00:00+00:00,59240.40234375,59383.46851125,,2026-07-09 16:00:00+00:00,2026-10-09 15:00:00+00:00,1,1,linear_interpolation,interpolated
2026-10-09,2026-10-09T21:30:15+00:00,online,DE,load,chronos2_online,Chronos2 with covariates,Hum+tso_forecast,2208,2026-10-09 17:00:00+00:00,58488.26953125,58910.27008175,,2026-07-09 16:00:00+00:00,2026-10-09 15:00:00+00:00,1,1,linear_interpolation,interpolated
2026-10-09,2026-10-09T21:30:15+00:00,online,DE,load,chronos2_online,Chronos2 with covariates,Hum+tso_forecast,2208,2026-10-09 18:00:00+00:00,56224.23046875,56814.24353725,,2026-07-09 16:00:00+00:00,2026-10-09 15:00:00+00:00,1,1,linear_interpolation,interpolated
2026-10-09,2026-10-09T21:30:15+00:00,online,DE,load,chronos2_online,Chronos2 with covariates,Hum+tso_forecast,2208,2026-10-09 19:00:00+00:00,52908.3125,53777.29213625,,2026-07-09 16:00:00+00:00,2026-10-09 15:00:00+00:00,1,1,linear_interpolation,interpolated
2026-10-09,2026-10-09T21:30:15+00:00,online,DE,load,chronos2_online,Chronos2 with covariates,Hum+tso_forecast,2208,2026-10-09 20:00:00+00:00,49955.29296875,50302.37186275,,2026-07-09 16:00:00+00:00,2026-10-09 15:00:00+00:00,1,1,linear_interpolation,interpolated
2026-10-09,2026-10-09T21:30:15+00:00,online,DE,load,chronos2_online,Chronos2 with covariates,Hum+tso_forecast,2208,2026-10-09 21:00:00+00:00,46928.19140625,46663.53985466666,,2026-07-09 16:00:00+00:00,2026-10-09 15:00:00+00:00,1,1,linear_interpolation,interpolated
2026-10-09,2026-10-09T21:30:15+00:00,online,DE,load,chronos2_online,Chronos2 with covariates,Hum+tso_forecast,2208,2026-10-09 22:00:00+00:00,44389.89453125,44179.15502625,,2026-07-09 16:00:00+00:00,2026-10-09 15:00:00+00:00,1,1,linear_interpolation,interpolated
2026-10-09,2026-10-09T21:30:15+00:00,online,DE,load,chronos2_online,Chronos2 with covariates,Hum+tso_forecast,2208,2026-10-09 23:00:00+00:00,42976.08984375,42410.6428865,,2026-07-09 16:00:00+00:00,2026-10-09 15:00:00+00:00,1,1,linear_interpolation,interpolated
2026-10-09,2026-10-09T21:30:15+00:00,online,DE,load,chronos2_online,Chronos2 with covariates,Hum+tso_forecast,2208,2026-10-10 00:00:00+00:00,42279.6484375,41388.35281275,,2026-07-09 16:00:00+00:00,2026-10-09 15:00:00+00:00,1,1,linear_interpolation,interpolated
2026-10-09,2026-10-09T21:30:15+00:00,online,DE,load,chronos2_online,Chronos2 with covariates,Hum+tso_forecast,2208,2026-10-10 01:00:00+00:00,42121.1953125,40931.377555,,2026-07-09 16:00:00+00:00,2026-10-09 15:00:00+00:00,1,1,linear_interpolation,interpolated
2026-10-09,2026-10-09T21:30:15+00:00,online,DE,load,chronos2_online,Chronos2 with covariates,Hum+tso_forecast,2208,2026-10-10 02:00:00+00:00,42135.09375,40929.08297925,,2026-07-09 16:00:00+00:00,2026-10-09 15:00:00+00:00,1,1,linear_interpolation,interpolated
2026-10-09,2026-10-09T21:30:15+00:00,online,DE,load,chronos2_online,Chronos2 with covariates,Hum+tso_forecast,2208,2026-10-10 03:00:00+00:00,42802.59375,41268.47281775,,2026-07-09 16:00:00+00:00,2026-10-09 15:00:00+00:00,1,1,linear_interpolation,interpolated
2026-10-09,2026-10-09T21:30:15+00:00,online,DE,load,chronos2_online,Chronos2 with covariates,Hum+tso_forecast,2208,2026-10-10 04:00:00+00:00,44168.96484375,42796.633533,,2026-07-09 16:00:00+00:00,2026-10-09 15:00:00+00:00,1,1,linear_interpolation,interpolated
2026-10-09,2026-10-09T21:30:15+00:00,online,DE,load,chronos2_online,Chronos2 with covariates,Hum+tso_forecast,2208,2026-10-10 05:00:00+00:00,46076.6015625,44998.178485,,2026-07-09 16:00:00+00:00,2026-10-09 15:00:00+00:00,1,1,linear_interpolation,interpolated
2026-10-09,2026-10-09T21:30:15+00:00,online,DE,load,chronos2_online,Chronos2 with covariates,Hum+tso_forecast,2208,2026-10-10 06:00:00+00:00,49809.68359375,48052.511593999996,,2026-07-09 16:00:00+00:00,2026-10-09 15:00:00+00:00,1,1,linear_interpolation,interpolated
2026-10-09,2026-10-09T21:30:15+00:00,online,DE,load,chronos2_online,Chronos2 with covariates,Hum+tso_forecast,2208,2026-10-10 07:00:00+00:00,52582.68359375,50238.130731,,2026-07-09 16:00:00+00:00,2026-10-09 15:00:00+00:00,1,1,linear_interpolation,interpolated
2026-10-09,2026-10-09T21:30:15+00:00,online,DE,load,chronos2_online,Chronos2 with covariates,Hum+tso_forecast,2208,2026-10-10 08:00:00+00:00,53336.36328125,51425.061953000004,,2026-07-09 16:00:00+00:00,2026-10-09 15:00:00+00:00,1,1,linear_interpolation,interpolated
2026-10-09,2026-10-09T21:30:15+00:00,online,DE,load,chronos2_online,Chronos2 with covariates,Hum+tso_forecast,2208,2026-10-10 09:00:00+00:00,52995.4375,51409.419618,,2026-07-09 16:00:00+00:00,2026-10-09 15:00:00+00:00,1,1,linear_interpolation,interpolated
2026-10-09,2026-10-09T21:30:15+00:00,online,DE,load,chronos2_online,Chronos2 with covariates,Hum+tso_forecast,2208,2026-10-10 10:00:00+00:00,51834.44921875,50750.55148925,,2026-07-09 16:00:00+00:00,2026-10-09 15:00:00+00:00,1,1,linear_interpolation,interpolated
2026-10-09,2026-10-09T21:30:15+00:00,online,DE,load,chronos2_online,Chronos2 with covariates,Hum+tso_forecast,2208,2026-10-10 11:00:00+00:00,49929.0625,49288.4540755,,2026-07-09 16:00:00+00:00,2026-10-09 15:00:00+00:00,1,1,linear_interpolation,interpolated
2026-10-09,2026-10-09T21:30:15+00:00,online,DE,load,chronos2_online,Chronos2 with covariates,Hum+tso_forecast,2208,2026-10-10 12:00:00+00:00,47493.52734375,48053.7337405,,2026-07-09 16:00:00+00:00,2026-10-09 15:00:00+00:00,1,1,linear_interpolation,interpolated
2026-10-09,2026-10-09T21:30:15+00:00,online,DE,load,chronos2_online,Chronos2 with covariates,Hum+tso_forecast,2208,2026-10-10 13:00:00+00:00,46900.73046875,47810.20813225,,2026-07-09 16:00:00+00:00,2026-10-09 15:00:00+00:00,1,1,linear_interpolation,interpolated
2026-10-09,2026-10-09T21:30:15+00:00,online,DE,load,chronos2_online,Chronos2 with covariates,Hum+tso_forecast,2208,2026-10-10 14:00:00+00:00,48350.40234375,48715.81542175,,2026-07-09 16:00:00+00:00,2026-10-09 15:00:00+00:00,1,1,linear_interpolation,interpolated
2026-10-09,2026-10-09T21:30:15+00:00,online,DE,load,chronos2_online,Chronos2 with covariates,Hum+tso_forecast,2208,2026-10-10 15:00:00+00:00,50675.27734375,50323.4778855,,2026-07-09 16:00:00+00:00,2026-10-09 15:00:00+00:00,1,1,linear_interpolation,interpolated
2026-10-09,2026-10-09T21:30:15+00:00,online,DE,solar,tso_reference,TSO forecast,tso_forecast,2208,2026-10-09 16:00:00+00:00,258.946675,258.946675,,2026-07-09 16:00:00+00:00,2026-10-09 15:00:00+00:00,1,1,linear_interpolation,interpolated
2026-10-09,2026-10-09T21:30:15+00:00,online,DE,solar,tso_reference,TSO forecast,tso_forecast,2208,2026-10-09 17:00:00+00:00,0.0,0.0,,2026-07-09 16:00:00+00:00,2026-10-09 15:00:00+00:00,1,1,linear_interpolation,interpolated
2026-10-09,2026-10-09T21:30:15+00:00,online,DE,solar,tso_reference,TSO forecast,tso_forecast,2208,2026-10-09 18:00:00+00:00,0.0,0.0,,2026-07-09 16:00:00+00:00,2026-10-09 15:00:00+00:00,1,1,linear_interpolation,interpolated
2026-10-09,2026-10-09T21:30:15+00:00,online,DE,solar,tso_reference,TSO forecast,tso_forecast,2208,2026-10-09 19:00:00+00:00,0.0,0.0,,2026-07-09 16:00:00+00:00,2026-10-09 15:00:00+00:00,1,1,linear_interpolation,interpolated
2026-10-09,2026-10-09T21:30:15+00:00,online,DE,solar,tso_reference,TSO forecast,tso_forecast,2208,2026-10-09 20:00:00+00:00,0.0,0.0,,2026-07-09 16:00:00+00:00,2026-10-09 15:00:00+00:00,1,1,linear_interpolation,interpolated
2026-10-09,2026-10-09T21:30:15+00:00,online,DE,solar,tso_reference,TSO forecast,tso_forecast,2208,2026-10-09 21:00:00+00:00,0.0,0.0,,2026-07-09 16:00:00+00:00,2026-10-09 15:00:00+00:00,1,1,linear_interpolation,interpolated
2026-10-09,2026-10-09T21:30:15+00:00,online,DE,solar,tso_reference,TSO forecast,tso_forecast,2208,2026-10-09 22:00:00+00:00,0.0,0.0,,2026-07-09 16:00:00+00:00,2026-10-09 15:00:00+00:00,1,1,linear_interpolation,interpolated
2026-10-09,2026-10-09T21:30:15+00:00,online,DE,solar,tso_reference,TSO forecast,tso_forecast,2208,2026-10-09 23:00:00+00:00,0.0,0.0,,2026-07-09 16:00:00+00:00,2026-10-09 15:00:00+00:00,1,1,linear_interpolation,interpolated
2026-10-09,2026-10-09T21:30:15+00:00,online,DE,solar,tso_reference,TSO forecast,tso_forecast,2208,2026-10-10 00:00:00+00:00,0.0,0.0,,2026-07-09 16:00:00+00:00,2026-10-09 15:00:00+00:00,1,1,linear_interpolation,interpolated
2026-10-09,2026-10-09T21:30:15+00:00,online,DE,solar,tso_reference,TSO forecast,tso_forecast,2208,2026-10-10 01:00:00+00:00,0.0,0.0,,2026-07-09 16:00:00+00:00,2026-10-09 15:00:00+00:00,1,1,linear_interpolation,interpolated
2026-10-09,2026-10-09T21:30:15+00:00,online,DE,solar,tso_reference,TSO forecast,tso_forecast,2208,2026-10-10 02:00:00+00:00,0.0,0.0,,2026-07-09 16:00:00+00:00,2026-10-09 15:00:00+00:00,1,1,linear_interpolation,interpolated
2026-10-09,2026-10-09T21:30:15+00:00,online,DE,solar,tso_reference,TSO forecast,tso_forecast,2208,2026-10-10 03:00:00+00:00,0.0,0.0,,2026-07-09 16:00:00+00:00,2026-10-09 15:00:00+00:00,1,1,linear_interpolation,interpolated
2026-10-09,2026-10-09T21:30:15+00:00,online,DE,solar,tso_reference,TSO forecast,tso_forecast,2208,2026-10-10 04:00:00+00:00,0.0,0.0,,2026-07-09 16:00:00+00:00,2026-10-09 15:00:00+00:00,1,1,linear_interpolation,interpolated
2026-10-09,2026-10-09T21:30:15+00:00,online,DE,solar,tso_reference,TSO forecast,tso_forecast,2208,2026-10-10 05:00:00+00:00,156.6007025,156.6007025,,2026-07-09 16:00:00+00:00,2026-10-09 15:00:00+00:00,1,1,linear_interpolation,interpolated
2026-10-09,2026-10-09T21:30:15+00:00,online,DE,solar,tso_reference,TSO forecast,tso_forecast,2208,2026-10-10 06:00:00+00:00,3100.9732725,3100.9732725,,2026-07-09 16:00:00+00:00,2026-10-09 15:00:00+00:00,1,1,linear_interpolation,interpolated
2026-10-09,2026-10-09T21:30:15+00:00,online,DE,solar,tso_reference,TSO forecast,tso_forecast,2208,2026-10-10 07:00:00+00:00,9424.6265325,9424.6265325,,2026-07-09 16:00:00+00:00,2026-10-09 15:00:00+00:00,1,1,linear_interpolation,interpolated
2026-10-09,2026-10-09T21:30:15+00:00,online,DE,solar,tso_reference,TSO forecast,tso_forecast,2208,2026-10-10 08:00:00+00:00,16401.665057500002,16401.665057500002,,2026-07-09 16:00:00+00:00,2026-10-09 15:00:00+00:00,1,1,linear_interpolation,interpolated
2026-10-09,2026-10-09T21:30:15+00:00,online,DE,solar,tso_reference,TSO forecast,tso_forecast,2208,2026-10-10 09:00:00+00:00,22059.14763,22059.14763,,2026-07-09 16:00:00+00:00,2026-10-09 15:00:00+00:00,1,1,linear_interpolation,interpolated
2026-10-09,2026-10-09T21:30:15+00:00,online,DE,solar,tso_reference,TSO forecast,tso_forecast,2208,2026-10-10 10:00:00+00:00,25249.5039225,25249.5039225,,2026-07-09 16:00:00+00:00,2026-10-09 15:00:00+00:00,1,1,linear_interpolation,interpolated
2026-10-09,2026-10-09T21:30:15+00:00,online,DE,solar,tso_reference,TSO forecast,tso_forecast,2208,2026-10-10 11:00:00+00:00,26127.4018575,26127.4018575,,2026-07-09 16:00:00+00:00,2026-10-09 15:00:00+00:00,1,1,linear_interpolation,interpolated
2026-10-09,2026-10-09T21:30:15+00:00,online,DE,solar,tso_reference,TSO forecast,tso_forecast,2208,2026-10-10 12:00:00+00:00,24585.256365,24585.256365,,2026-07-09 16:00:00+00:00,2026-10-09 15:00:00+00:00,1,1,linear_interpolation,interpolated
2026-10-09,2026-10-09T21:30:15+00:00,online,DE,solar,tso_reference,TSO forecast,tso_forecast,2208,2026-10-10 13:00:00+00:00,20548.467275000003,20548.467275000003,,2026-07-09 16:00:00+00:00,2026-10-09 15:00:00+00:00,1,1,linear_interpolation,interpolated
2026-10-09,2026-10-09T21:30:15+00:00,online,DE,solar,tso_reference,TSO forecast,tso_forecast,2208,2026-10-10 14:00:00+00:00,13931.7636025,13931.7636025,,2026-07-09 16:00:00+00:00,2026-10-09 15:00:00+00:00,1,1,linear_interpolation,interpolated
2026-10-09,2026-10-09T21:30:15+00:00,online,DE,solar,tso_reference,TSO forecast,tso_forecast,2208,2026-10-10 15:00:00+00:00,5814.7513675,5814.7513675,,2026-07-09 16:00:00+00:00,2026-10-09 15:00:00+00:00,1,1,linear_interpolation,interpolated
2026-10-09,2026-10-09T21:30:15+00:00,online,DE,solar,persistence,Persistence,daily_persistence,2208,2026-10-09 16:00:00+00:00,596.0005,258.946675,,2026-07-09 16:00:00+00:00,2026-10-09 15:00:00+00:00,1,1,linear_interpolation,interpolated
2026-10-09,2026-10-09T21:30:15+00:00,online,DE,solar,persistence,Persistence,daily_persistence,2208,2026-10-09 17:00:00+00:00,0.317,0.0,,2026-07-09 16:00:00+00:00,2026-10-09 15:00:00+00:00,1,1,linear_interpolation,interpolated
2026-10-09,2026-10-09T21:30:15+00:00,online,DE,solar,persistence,Persistence,daily_persistence,2208,2026-10-09 18:00:00+00:00,0.21925,0.0,,2026-07-09 16:00:00+00:00,2026-10-09 15:00:00+00:00,1,1,linear_interpolation,interpolated
2026-10-09,2026-10-09T21:30:15+00:00,online,DE,solar,persistence,Persistence,daily_persistence,2208,2026-10-09 19:00:00+00:00,0.15675,0.0,,2026-07-09 16:00:00+00:00,2026-10-09 15:00:00+00:00,1,1,linear_interpolation,interpolated
2026-10-09,2026-10-09T21:30:15+00:00,online,DE,solar,persistence,Persistence,daily_persistence,2208,2026-10-09 20:00:00+00:00,0.1195,0.0,,2026-07-09 16:00:00+00:00,2026-10-09 15:00:00+00:00,1,1,linear_interpolation,interpolated
2026-10-09,2026-10-09T21:30:15+00:00,online,DE,solar,persistence,Persistence,daily_persistence,2208,2026-10-09 21:00:00+00:00,0.09275,0.0,,2026-07-09 16:00:00+00:00,2026-10-09 15:00:00+00:00,1,1,linear_interpolation,interpolated
2026-10-09,2026-10-09T21:30:15+00:00,online,DE,solar,persistence,Persistence,daily_persistence,2208,2026-10-09 22:00:00+00:00,0.00025,0.0,,2026-07-09 16:00:00+00:00,2026-10-09 15:00:00+00:00,1,1,linear_interpolation,interpolated
2026-10-09,2026-10-09T21:30:15+00:00,online,DE,solar,persistence,Persistence,daily_persistence,2208,2026-10-09 23:00:00+00:00,0.0005,0.0,,2026-07-09 16:00:00+00:00,2026-10-09 15:00:00+00:00,1,1,linear_interpolation,interpolated
2026-10-09,2026-10-09T21:30:15+00:00,online,DE,solar,persistence,Persistence,daily_persistence,2208,2026-10-10 00:00:00+00:00,0.00125,0.0,,2026-07-09 16:00:00+00:00,2026-10-09 15:00:00+00:00,1,1,linear_interpolation,interpolated
2026-10-09,2026-10-09T21:30:15+00:00,online,DE,solar,persistence,Persistence,daily_persistence,2208,2026-10-10 01:00:00+00:00,0.00025,0.0,,2026-07-09 16:00:00+00:00,2026-10-09 15:00:00+00:00,1,1,linear_interpolation,interpolated
2026-10-09,2026-10-09T21:30:15+00:00,online,DE,solar,persistence,Persistence,daily_persistence,2208,2026-10-10 02:00:00+00:00,0.00025,0.0,,2026-07-09 16:00:00+00:00,2026-10-09 15:00:00+00:00,1,1,linear_interpolation,interpolated
2026-10-09,2026-10-09T21:30:15+00:00,online,DE,solar,persistence,Persistence,daily_persistence,2208,2026-10-10 03:00:00+00:00,0.00075,0.0,,2026-07-09 16:00:00+00:00,2026-10-09 15:00:00+00:00,1,1,linear_interpolation,interpolated
2026-10-09,2026-10-09T21:30:15+00:00,online,DE,solar,persistence,Persistence,daily_persistence,2208,2026-10-10 04:00:00+00:00,0.0,0.0,,2026-07-09 16:00:00+00:00,2026-10-09 15:00:00+00:00,1,1,linear_interpolation,interpolated
2026-10-09,2026-10-09T21:30:15+00:00,online,DE,solar,persistence,Persistence,daily_persistence,2208,2026-10-10 05:00:00+00:00,320.75125,156.6007025,,2026-07-09 16:00:00+00:00,2026-10-09 15:00:00+00:00,1,1,linear_interpolation,interpolated
2026-10-09,2026-10-09T21:30:15+00:00,online,DE,solar,persistence,Persistence,daily_persistence,2208,2026-10-10 06:00:00+00:00,4299.19125,3100.9732725,,2026-07-09 16:00:00+00:00,2026-10-09 15:00:00+00:00,1,1,linear_interpolation,interpolated
2026-10-09,2026-10-09T21:30:15+00:00,online,DE,solar,persistence,Persistence,daily_persistence,2208,2026-10-10 07:00:00+00:00,11688.6985,9424.6265325,,2026-07-09 16:00:00+00:00,2026-10-09 15:00:00+00:00,1,1,linear_interpolation,interpolated
2026-10-09,2026-10-09T21:30:15+00:00,online,DE,solar,persistence,Persistence,daily_persistence,2208,2026-10-10 08:00:00+00:00,19129.604,16401.665057500002,,2026-07-09 16:00:00+00:00,2026-10-09 15:00:00+00:00,1,1,linear_interpolation,interpolated
2026-10-09,2026-10-09T21:30:15+00:00,online,DE,solar,persistence,Persistence,daily_persistence,2208,2026-10-10 09:00:00+00:00,22210.26625,22059.14763,,2026-07-09 16:00:00+00:00,2026-10-09 15:00:00+00:00,1,1,linear_interpolation,interpolated
2026-10-09,2026-10-09T21:30:15+00:00,online,DE,solar,persistence,Persistence,daily_persistence,2208,2026-10-10 10:00:00+00:00,21771.157,25249.5039225,,2026-07-09 16:00:00+00:00,2026-10-09 15:00:00+00:00,1,1,linear_interpolation,interpolated
2026-10-09,2026-10-09T21:30:15+00:00,online,DE,solar,persistence,Persistence,daily_persistence,2208,2026-10-10 11:00:00+00:00,18646.188000000002,26127.4018575,,2026-07-09 16:00:00+00:00,2026-10-09 15:00:00+00:00,1,1,linear_interpolation,interpolated
2026-10-09,2026-10-09T21:30:15+00:00,online,DE,solar,persistence,Persistence,daily_persistence,2208,2026-10-10 12:00:00+00:00,14106.355749999999,24585.256365,,2026-07-09 16:00:00+00:00,2026-10-09 15:00:00+00:00,1,1,linear_interpolation,interpolated
2026-10-09,2026-10-09T21:30:15+00:00,online,DE,solar,persistence,Persistence,daily_persistence,2208,2026-10-10 13:00:00+00:00,9551.62925,20548.467275000003,,2026-07-09 16:00:00+00:00,2026-10-09 15:00:00+00:00,1,1,linear_interpolation,interpolated
2026-10-09,2026-10-09T21:30:15+00:00,online,DE,solar,persistence,Persistence,daily_persistence,2208,2026-10-10 14:00:00+00:00,5232.037,13931.7636025,,2026-07-09 16:00:00+00:00,2026-10-09 15:00:00+00:00,1,1,linear_interpolation,interpolated
2026-10-09,2026-10-09T21:30:15+00:00,online,DE,solar,persistence,Persistence,daily_persistence,2208,2026-10-10 15:00:00+00:00,1775.63925,5814.7513675,,2026-07-09 16:00:00+00:00,2026-10-09 15:00:00+00:00,1,1,linear_interpolation,interpolated
2026-10-09,2026-10-09T21:30:15+00:00,online,DE,solar,chronos2_online,Chronos2 with covariates,weather_4p+tso_forecast,2208,2026-10-09 16:00:00+00:00,305.35546875,258.946675,,2026-07-09 16:00:00+00:00,2026-10-09 15:00:00+00:00,1,1,linear_interpolation,interpolated
2026-10-09,2026-10-09T21:30:15+00:00,online,DE,solar,chronos2_online,Chronos2 with covariates,weather_4p+tso_forecast,2208,2026-10-09 17:00:00+00:00,188.9296875,0.0,,2026-07-09 16:00:00+00:00,2026-10-09 15:00:00+00:00,1,1,linear_interpolation,interpolated
2026-10-09,2026-10-09T21:30:15+00:00,online,DE,solar,chronos2_online,Chronos2 with covariates,weather_4p+tso_forecast,2208,2026-10-09 18:00:00+00:00,206.2021484375,0.0,,2026-07-09 16:00:00+00:00,2026-10-09 15:00:00+00:00,1,1,linear_interpolation,interpolated
2026-10-09,2026-10-09T21:30:15+00:00,online,DE,solar,chronos2_online,Chronos2 with covariates,weather_4p+tso_forecast,2208,2026-10-09 19:00:00+00:00,157.076171875,0.0,,2026-07-09 16:00:00+00:00,2026-10-09 15:00:00+00:00,1,1,linear_interpolation,interpolated
2026-10-09,2026-10-09T21:30:15+00:00,online,DE,solar,chronos2_online,Chronos2 with covariates,weather_4p+tso_forecast,2208,2026-10-09 20:00:00+00:00,186.169921875,0.0,,2026-07-09 16:00:00+00:00,2026-10-09 15:00:00+00:00,1,1,linear_interpolation,interpolated
2026-10-09,2026-10-09T21:30:15+00:00,online,DE,solar,chronos2_online,Chronos2 with covariates,weather_4p+tso_forecast,2208,2026-10-09 21:00:00+00:00,261.2490234375,0.0,,2026-07-09 16:00:00+00:00,2026-10-09 15:00:00+00:00,1,1,linear_interpolation,interpolated
2026-10-09,2026-10-09T21:30:15+00:00,online,DE,solar,chronos2_online,Chronos2 with covariates,weather_4p+tso_forecast,2208,2026-10-09 22:00:00+00:00,284.65625,0.0,,2026-07-09 16:00:00+00:00,2026-10-09 15:00:00+00:00,1,1,linear_interpolation,interpolated
2026-10-09,2026-10-09T21:30:15+00:00,online,DE,solar,chronos2_online,Chronos2 with covariates,weather_4p+tso_forecast,2208,2026-10-09 23:00:00+00:00,239.501953125,0.0,,2026-07-09 16:00:00+00:00,2026-10-09 15:00:00+00:00,1,1,linear_interpolation,interpolated
2026-10-09,2026-10-09T21:30:15+00:00,online,DE,solar,chronos2_online,Chronos2 with covariates,weather_4p+tso_forecast,2208,2026-10-10 00:00:00+00:00,232.427734375,0.0,,2026-07-09 16:00:00+00:00,2026-10-09 15:00:00+00:00,1,1,linear_interpolation,interpolated
2026-10-09,2026-10-09T21:30:15+00:00,online,DE,solar,chronos2_online,Chronos2 with covariates,weather_4p+tso_forecast,2208,2026-10-10 01:00:00+00:00,286.4072265625,0.0,,2026-07-09 16:00:00+00:00,2026-10-09 15:00:00+00:00,1,1,linear_interpolation,interpolated
2026-10-09,2026-10-09T21:30:15+00:00,online,DE,solar,chronos2_online,Chronos2 with covariates,weather_4p+tso_forecast,2208,2026-10-10 02:00:00+00:00,270.7529296875,0.0,,2026-07-09 16:00:00+00:00,2026-10-09 15:00:00+00:00,1,1,linear_interpolation,interpolated
2026-10-09,2026-10-09T21:30:15+00:00,online,DE,solar,chronos2_online,Chronos2 with covariates,weather_4p+tso_forecast,2208,2026-10-10 03:00:00+00:00,230.0771484375,0.0,,2026-07-09 16:00:00+00:00,2026-10-09 15:00:00+00:00,1,1,linear_interpolation,interpolated
2026-10-09,2026-10-09T21:30:15+00:00,online,DE,solar,chronos2_online,Chronos2 with covariates,weather_4p+tso_forecast,2208,2026-10-10 04:00:00+00:00,289.103515625,0.0,,2026-07-09 16:00:00+00:00,2026-10-09 15:00:00+00:00,1,1,linear_interpolation,interpolated
2026-10-09,2026-10-09T21:30:15+00:00,online,DE,solar,chronos2_online,Chronos2 with covariates,weather_4p+tso_forecast,2208,2026-10-10 05:00:00+00:00,522.9775390625,156.6007025,,2026-07-09 16:00:00+00:00,2026-10-09 15:00:00+00:00,1,1,linear_interpolation,interpolated
2026-10-09,2026-10-09T21:30:15+00:00,online,DE,solar,chronos2_online,Chronos2 with covariates,weather_4p+tso_forecast,2208,2026-10-10 06:00:00+00:00,3404.6474609375,3100.9732725,,2026-07-09 16:00:00+00:00,2026-10-09 15:00:00+00:00,1,1,linear_interpolation,interpolated
2026-10-09,2026-10-09T21:30:15+00:00,online,DE,solar,chronos2_online,Chronos2 with covariates,weather_4p+tso_forecast,2208,2026-10-10 07:00:00+00:00,9491.5537109375,9424.6265325,,2026-07-09 16:00:00+00:00,2026-10-09 15:00:00+00:00,1,1,linear_interpolation,interpolated
2026-10-09,2026-10-09T21:30:15+00:00,online,DE,solar,chronos2_online,Chronos2 with covariates,weather_4p+tso_forecast,2208,2026-10-10 08:00:00+00:00,15741.3154296875,16401.665057500002,,2026-07-09 16:00:00+00:00,2026-10-09 15:00:00+00:00,1,1,linear_interpolation,interpolated
2026-10-09,2026-10-09T21:30:15+00:00,online,DE,solar,chronos2_online,Chronos2 with covariates,weather_4p+tso_forecast,2208,2026-10-10 09:00:00+00:00,20855.80859375,22059.14763,,2026-07-09 16:00:00+00:00,2026-10-09 15:00:00+00:00,1,1,linear_interpolation,interpolated
2026-10-09,2026-10-09T21:30:15+00:00,online,DE,solar,chronos2_online,Chronos2 with covariates,weather_4p+tso_forecast,2208,2026-10-10 10:00:00+00:00,22980.484375,25249.5039225,,2026-07-09 16:00:00+00:00,2026-10-09 15:00:00+00:00,1,1,linear_interpolation,interpolated
2026-10-09,2026-10-09T21:30:15+00:00,online,DE,solar,chronos2_online,Chronos2 with covariates,weather_4p+tso_forecast,2208,2026-10-10 11:00:00+00:00,22979.015625,26127.4018575,,2026-07-09 16:00:00+00:00,2026-10-09 15:00:00+00:00,1,1,linear_interpolation,interpolated
2026-10-09,2026-10-09T21:30:15+00:00,online,DE,solar,chronos2_online,Chronos2 with covariates,weather_4p+tso_forecast,2208,2026-10-10 12:00:00+00:00,21068.673828125,24585.256365,,2026-07-09 16:00:00+00:00,2026-10-09 15:00:00+00:00,1,1,linear_interpolation,interpolated
2026-10-09,2026-10-09T21:30:15+00:00,online,DE,solar,chronos2_online,Chronos2 with covariates,weather_4p+tso_forecast,2208,2026-10-10 13:00:00+00:00,16690.61328125,20548.467275000003,,2026-07-09 16:00:00+00:00,2026-10-09 15:00:00+00:00,1,1,linear_interpolation,interpolated
2026-10-09,2026-10-09T21:30:15+00:00,online,DE,solar,chronos2_online,Chronos2 with covariates,weather_4p+tso_forecast,2208,2026-10-10 14:00:00+00:00,10427.5537109375,13931.7636025,,2026-07-09 16:00:00+00:00,2026-10-09 15:00:00+00:00,1,1,linear_interpolation,interpolated
2026-10-09,2026-10-09T21:30:15+00:00,online,DE,solar,chronos2_online,Chronos2 with covariates,weather_4p+tso_forecast,2208,2026-10-10 15:00:00+00:00,3401.541015625,5814.7513675,,2026-07-09 16:00:00+00:00,2026-10-09 15:00:00+00:00,1,1,linear_interpolation,interpolated
2026-10-09,2026-10-09T21:30:15+00:00,online,DE,solar,xgboost_online,XGBoost with covariates,weather_4p+tso_forecast,2208,2026-10-09 16:00:00+00:00,576.2875366210938,258.946675,,2026-07-09 16:00:00+00:00,2026-10-09 15:00:00+00:00,1,1,linear_interpolation,interpolated
2026-10-09,2026-10-09T21:30:15+00:00,online,DE,solar,xgboost_online,XGBoost with covariates,weather_4p+tso_forecast,2208,2026-10-09 17:00:00+00:00,225.44293212890625,0.0,,2026-07-09 16:00:00+00:00,2026-10-09 15:00:00+00:00,1,1,linear_interpolation,interpolated
2026-10-09,2026-10-09T21:30:15+00:00,online,DE,solar,xgboost_online,XGBoost with covariates,weather_4p+tso_forecast,2208,2026-10-09 18:00:00+00:00,225.44293212890625,0.0,,2026-07-09 16:00:00+00:00,2026-10-09 15:00:00+00:00,1,1,linear_interpolation,interpolated
2026-10-09,2026-10-09T21:30:15+00:00,online,DE,solar,xgboost_online,XGBoost with covariates,weather_4p+tso_forecast,2208,2026-10-09 19:00:00+00:00,225.44293212890625,0.0,,2026-07-09 16:00:00+00:00,2026-10-09 15:00:00+00:00,1,1,linear_interpolation,interpolated
2026-10-09,2026-10-09T21:30:15+00:00,online,DE,solar,xgboost_online,XGBoost with covariates,weather_4p+tso_forecast,2208,2026-10-09 20:00:00+00:00,225.44293212890625,0.0,,2026-07-09 16:00:00+00:00,2026-10-09 15:00:00+00:00,1,1,linear_interpolation,interpolated
2026-10-09,2026-10-09T21:30:15+00:00,online,DE,solar,xgboost_online,XGBoost with covariates,weather_4p+tso_forecast,2208,2026-10-09 21:00:00+00:00,225.44293212890625,0.0,,2026-07-09 16:00:00+00:00,2026-10-09 15:00:00+00:00,1,1,linear_interpolation,interpolated
2026-10-09,2026-10-09T21:30:15+00:00,online,DE,solar,xgboost_online,XGBoost with covariates,weather_4p+tso_forecast,2208,2026-10-09 22:00:00+00:00,225.44293212890625,0.0,,2026-07-09 16:00:00+00:00,2026-10-09 15:00:00+00:00,1,1,linear_interpolation,interpolated
2026-10-09,2026-10-09T21:30:15+00:00,online,DE,solar,xgboost_online,XGBoost with covariates,weather_4p+tso_forecast,2208,2026-10-09 23:00:00+00:00,225.44293212890625,0.0,,2026-07-09 16:00:00+00:00,2026-10-09 15:00:00+00:00,1,1,linear_interpolation,interpolated
2026-10-09,2026-10-09T21:30:15+00:00,online,DE,solar,xgboost_online,XGBoost with covariates,weather_4p+tso_forecast,2208,2026-10-10 00:00:00+00:00,264.72686767578125,0.0,,2026-07-09 16:00:00+00:00,2026-10-09 15:00:00+00:00,1,1,linear_interpolation,interpolated
2026-10-09,2026-10-09T21:30:15+00:00,online,DE,solar,xgboost_online,XGBoost with covariates,weather_4p+tso_forecast,2208,2026-10-10 01:00:00+00:00,264.72686767578125,0.0,,2026-07-09 16:00:00+00:00,2026-10-09 15:00:00+00:00,1,1,linear_interpolation,interpolated
2026-10-09,2026-10-09T21:30:15+00:00,online,DE,solar,xgboost_online,XGBoost with covariates,weather_4p+tso_forecast,2208,2026-10-10 02:00:00+00:00,264.72686767578125,0.0,,2026-07-09 16:00:00+00:00,2026-10-09 15:00:00+00:00,1,1,linear_interpolation,interpolated
2026-10-09,2026-10-09T21:30:15+00:00,online,DE,solar,xgboost_online,XGBoost with covariates,weather_4p+tso_forecast,2208,2026-10-10 03:00:00+00:00,264.72686767578125,0.0,,2026-07-09 16:00:00+00:00,2026-10-09 15:00:00+00:00,1,1,linear_interpolation,interpolated
2026-10-09,2026-10-09T21:30:15+00:00,online,DE,solar,xgboost_online,XGBoost with covariates,weather_4p+tso_forecast,2208,2026-10-10 04:00:00+00:00,264.72686767578125,0.0,,2026-07-09 16:00:00+00:00,2026-10-09 15:00:00+00:00,1,1,linear_interpolation,interpolated
2026-10-09,2026-10-09T21:30:15+00:00,online,DE,solar,xgboost_online,XGBoost with covariates,weather_4p+tso_forecast,2208,2026-10-10 05:00:00+00:00,264.72686767578125,156.6007025,,2026-07-09 16:00:00+00:00,2026-10-09 15:00:00+00:00,1,1,linear_interpolation,interpolated
2026-10-09,2026-10-09T21:30:15+00:00,online,DE,solar,xgboost_online,XGBoost with covariates,weather_4p+tso_forecast,2208,2026-10-10 06:00:00+00:00,3313.65087890625,3100.9732725,,2026-07-09 16:00:00+00:00,2026-10-09 15:00:00+00:00,1,1,linear_interpolation,interpolated
2026-10-09,2026-10-09T21:30:15+00:00,online,DE,solar,xgboost_online,XGBoost with covariates,weather_4p+tso_forecast,2208,2026-10-10 07:00:00+00:00,8857.1162109375,9424.6265325,,2026-07-09 16:00:00+00:00,2026-10-09 15:00:00+00:00,1,1,linear_interpolation,interpolated
2026-10-09,2026-10-09T21:30:15+00:00,online,DE,solar,xgboost_online,XGBoost with covariates,weather_4p+tso_forecast,2208,2026-10-10 08:00:00+00:00,16683.189453125,16401.665057500002,,2026-07-09 16:00:00+00:00,2026-10-09 15:00:00+00:00,1,1,linear_interpolation,interpolated
2026-10-09,2026-10-09T21:30:15+00:00,online,DE,solar,xgboost_online,XGBoost with covariates,weather_4p+tso_forecast,2208,2026-10-10 09:00:00+00:00,22633.208984375,22059.14763,,2026-07-09 16:00:00+00:00,2026-10-09 15:00:00+00:00,1,1,linear_interpolation,interpolated
2026-10-09,2026-10-09T21:30:15+00:00,online,DE,solar,xgboost_online,XGBoost with covariates,weather_4p+tso_forecast,2208,2026-10-10 10:00:00+00:00,25559.900390625,25249.5039225,,2026-07-09 16:00:00+00:00,2026-10-09 15:00:00+00:00,1,1,linear_interpolation,interpolated
2026-10-09,2026-10-09T21:30:15+00:00,online,DE,solar,xgboost_online,XGBoost with covariates,weather_4p+tso_forecast,2208,2026-10-10 11:00:00+00:00,25744.25,26127.4018575,,2026-07-09 16:00:00+00:00,2026-10-09 15:00:00+00:00,1,1,linear_interpolation,interpolated
2026-10-09,2026-10-09T21:30:15+00:00,online,DE,solar,xgboost_online,XGBoost with covariates,weather_4p+tso_forecast,2208,2026-10-10 12:00:00+00:00,25810.876953125,24585.256365,,2026-07-09 16:00:00+00:00,2026-10-09 15:00:00+00:00,1,1,linear_interpolation,interpolated
2026-10-09,2026-10-09T21:30:15+00:00,online,DE,solar,xgboost_online,XGBoost with covariates,weather_4p+tso_forecast,2208,2026-10-10 13:00:00+00:00,21604.048828125,20548.467275000003,,2026-07-09 16:00:00+00:00,2026-10-09 15:00:00+00:00,1,1,linear_interpolation,interpolated
2026-10-09,2026-10-09T21:30:15+00:00,online,DE,solar,xgboost_online,XGBoost with covariates,weather_4p+tso_forecast,2208,2026-10-10 14:00:00+00:00,14792.45703125,13931.7636025,,2026-07-09 16:00:00+00:00,2026-10-09 15:00:00+00:00,1,1,linear_interpolation,interpolated
2026-10-09,2026-10-09T21:30:15+00:00,online,DE,solar,xgboost_online,XGBoost with covariates,weather_4p+tso_forecast,2208,2026-10-10 15:00:00+00:00,6171.40283203125,5814.7513675,,2026-07-09 16:00:00+00:00,2026-10-09 15:00:00+00:00,1,1,linear_interpolation,interpolated
2026-10-09,2026-10-09T21:30:15+00:00,online,DE,wind_onshore,tso_reference,TSO forecast,tso_forecast,2208,2026-10-09 16:00:00+00:00,40037.993535,40037.993535,,2026-07-09 16:00:00+00:00,2026-10-09 15:00:00+00:00,1,1,linear_interpolation,interpolated
2026-10-09,2026-10-09T21:30:15+00:00,online,DE,wind_onshore,tso_reference,TSO forecast,tso_forecast,2208,2026-10-09 17:00:00+00:00,40475.9254875,40475.9254875,,2026-07-09 16:00:00+00:00,2026-10-09 15:00:00+00:00,1,1,linear_interpolation,interpolated
2026-10-09,2026-10-09T21:30:15+00:00,online,DE,wind_onshore,tso_reference,TSO forecast,tso_forecast,2208,2026-10-09 18:00:00+00:00,40593.440985,40593.440985,,2026-07-09 16:00:00+00:00,2026-10-09 15:00:00+00:00,1,1,linear_interpolation,interpolated
2026-10-09,2026-10-09T21:30:15+00:00,online,DE,wind_onshore,tso_reference,TSO forecast,tso_forecast,2208,2026-10-09 19:00:00+00:00,40804.43232,40804.43232,,2026-07-09 16:00:00+00:00,2026-10-09 15:00:00+00:00,1,1,linear_interpolation,interpolated
2026-10-09,2026-10-09T21:30:15+00:00,online,DE,wind_onshore,tso_reference,TSO forecast,tso_forecast,2208,2026-10-09 20:00:00+00:00,39610.147540000005,39610.147540000005,,2026-07-09 16:00:00+00:00,2026-10-09 15:00:00+00:00,1,1,linear_interpolation,interpolated
2026-10-09,2026-10-09T21:30:15+00:00,online,DE,wind_onshore,tso_reference,TSO forecast,tso_forecast,2208,2026-10-09 21:00:00+00:00,38507.967533333336,38507.967533333336,,2026-07-09 16:00:00+00:00,2026-10-09 15:00:00+00:00,1,1,linear_interpolation,interpolated
2026-10-09,2026-10-09T21:30:15+00:00,online,DE,wind_onshore,tso_reference,TSO forecast,tso_forecast,2208,2026-10-09 22:00:00+00:00,38185.646085,38185.646085,,2026-07-09 16:00:00+00:00,2026-10-09 15:00:00+00:00,1,1,linear_interpolation,interpolated
2026-10-09,2026-10-09T21:30:15+00:00,online,DE,wind_onshore,tso_reference,TSO forecast,tso_forecast,2208,2026-10-09 23:00:00+00:00,36484.208695,36484.208695,,2026-07-09 16:00:00+00:00,2026-10-09 15:00:00+00:00,1,1,linear_interpolation,interpolated
2026-10-09,2026-10-09T21:30:15+00:00,online,DE,wind_onshore,tso_reference,TSO forecast,tso_forecast,2208,2026-10-10 00:00:00+00:00,34228.136985,34228.136985,,2026-07-09 16:00:00+00:00,2026-10-09 15:00:00+00:00,1,1,linear_interpolation,interpolated
2026-10-09,2026-10-09T21:30:15+00:00,online,DE,wind_onshore,tso_reference,TSO forecast,tso_forecast,2208,2026-10-10 01:00:00+00:00,32361.1986425,32361.1986425,,2026-07-09 16:00:00+00:00,2026-10-09 15:00:00+00:00,1,1,linear_interpolation,interpolated
2026-10-09,2026-10-09T21:30:15+00:00,online,DE,wind_onshore,tso_reference,TSO forecast,tso_forecast,2208,2026-10-10 02:00:00+00:00,31238.91881,31238.91881,,2026-07-09 16:00:00+00:00,2026-10-09 15:00:00+00:00,1,1,linear_interpolation,interpolated
2026-10-09,2026-10-09T21:30:15+00:00,online,DE,wind_onshore,tso_reference,TSO forecast,tso_forecast,2208,2026-10-10 03:00:00+00:00,30300.8349575,30300.8349575,,2026-07-09 16:00:00+00:00,2026-10-09 15:00:00+00:00,1,1,linear_interpolation,interpolated
2026-10-09,2026-10-09T21:30:15+00:00,online,DE,wind_onshore,tso_reference,TSO forecast,tso_forecast,2208,2026-10-10 04:00:00+00:00,29596.55899,29596.55899,,2026-07-09 16:00:00+00:00,2026-10-09 15:00:00+00:00,1,1,linear_interpolation,interpolated
2026-10-09,2026-10-09T21:30:15+00:00,online,DE,wind_onshore,tso_reference,TSO forecast,tso_forecast,2208,2026-10-10 05:00:00+00:00,28265.38199,28265.38199,,2026-07-09 16:00:00+00:00,2026-10-09 15:00:00+00:00,1,1,linear_interpolation,interpolated
2026-10-09,2026-10-09T21:30:15+00:00,online,DE,wind_onshore,tso_reference,TSO forecast,tso_forecast,2208,2026-10-10 06:00:00+00:00,26667.76507,26667.76507,,2026-07-09 16:00:00+00:00,2026-10-09 15:00:00+00:00,1,1,linear_interpolation,interpolated
2026-10-09,2026-10-09T21:30:15+00:00,online,DE,wind_onshore,tso_reference,TSO forecast,tso_forecast,2208,2026-10-10 07:00:00+00:00,25373.8097825,25373.8097825,,2026-07-09 16:00:00+00:00,2026-10-09 15:00:00+00:00,1,1,linear_interpolation,interpolated
2026-10-09,2026-10-09T21:30:15+00:00,online,DE,wind_onshore,tso_reference,TSO forecast,tso_forecast,2208,2026-10-10 08:00:00+00:00,25354.25921,25354.25921,,2026-07-09 16:00:00+00:00,2026-10-09 15:00:00+00:00,1,1,linear_interpolation,interpolated
2026-10-09,2026-10-09T21:30:15+00:00,online,DE,wind_onshore,tso_reference,TSO forecast,tso_forecast,2208,2026-10-10 09:00:00+00:00,24800.944705,24800.944705,,2026-07-09 16:00:00+00:00,2026-10-09 15:00:00+00:00,1,1,linear_interpolation,interpolated
2026-10-09,2026-10-09T21:30:15+00:00,online,DE,wind_onshore,tso_reference,TSO forecast,tso_forecast,2208,2026-10-10 10:00:00+00:00,22564.5016775,22564.5016775,,2026-07-09 16:00:00+00:00,2026-10-09 15:00:00+00:00,1,1,linear_interpolation,interpolated
2026-10-09,2026-10-09T21:30:15+00:00,online,DE,wind_onshore,tso_reference,TSO forecast,tso_forecast,2208,2026-10-10 11:00:00+00:00,21924.711372499998,21924.711372499998,,2026-07-09 16:00:00+00:00,2026-10-09 15:00:00+00:00,1,1,linear_interpolation,interpolated
2026-10-09,2026-10-09T21:30:15+00:00,online,DE,wind_onshore,tso_reference,TSO forecast,tso_forecast,2208,2026-10-10 12:00:00+00:00,22757.943245,22757.943245,,2026-07-09 16:00:00+00:00,2026-10-09 15:00:00+00:00,1,1,linear_interpolation,interpolated
2026-10-09,2026-10-09T21:30:15+00:00,online,DE,wind_onshore,tso_reference,TSO forecast,tso_forecast,2208,2026-10-10 13:00:00+00:00,25248.8541975,25248.8541975,,2026-07-09 16:00:00+00:00,2026-10-09 15:00:00+00:00,1,1,linear_interpolation,interpolated
2026-10-09,2026-10-09T21:30:15+00:00,online,DE,wind_onshore,tso_reference,TSO forecast,tso_forecast,2208,2026-10-10 14:00:00+00:00,27576.9236475,27576.9236475,,2026-07-09 16:00:00+00:00,2026-10-09 15:00:00+00:00,1,1,linear_interpolation,interpolated
2026-10-09,2026-10-09T21:30:15+00:00,online,DE,wind_onshore,tso_reference,TSO forecast,tso_forecast,2208,2026-10-10 15:00:00+00:00,27549.0112125,27549.0112125,,2026-07-09 16:00:00+00:00,2026-10-09 15:00:00+00:00,1,1,linear_interpolation,interpolated
2026-10-09,2026-10-09T21:30:15+00:00,online,DE,wind_onshore,persistence,Persistence,daily_persistence,2208,2026-10-09 16:00:00+00:00,31862.72637,40037.993535,,2026-07-09 16:00:00+00:00,2026-10-09 15:00:00+00:00,1,1,linear_interpolation,interpolated
2026-10-09,2026-10-09T21:30:15+00:00,online,DE,wind_onshore,persistence,Persistence,daily_persistence,2208,2026-10-09 17:00:00+00:00,30821.614407499997,40475.9254875,,2026-07-09 16:00:00+00:00,2026-10-09 15:00:00+00:00,1,1,linear_interpolation,interpolated
2026-10-09,2026-10-09T21:30:15+00:00,online,DE,wind_onshore,persistence,Persistence,daily_persistence,2208,2026-10-09 18:00:00+00:00,31777.38633,40593.440985,,2026-07-09 16:00:00+00:00,2026-10-09 15:00:00+00:00,1,1,linear_interpolation,interpolated
2026-10-09,2026-10-09T21:30:15+00:00,online,DE,wind_onshore,persistence,Persistence,daily_persistence,2208,2026-10-09 19:00:00+00:00,31437.035905,40804.43232,,2026-07-09 16:00:00+00:00,2026-10-09 15:00:00+00:00,1,1,linear_interpolation,interpolated
2026-10-09,2026-10-09T21:30:15+00:00,online,DE,wind_onshore,persistence,Persistence,daily_persistence,2208,2026-10-09 20:00:00+00:00,30474.5881525,39610.147540000005,,2026-07-09 16:00:00+00:00,2026-10-09 15:00:00+00:00,1,1,linear_interpolation,interpolated
2026-10-09,2026-10-09T21:30:15+00:00,online,DE,wind_onshore,persistence,Persistence,daily_persistence,2208,2026-10-09 21:00:00+00:00,30723.694805,38507.967533333336,,2026-07-09 16:00:00+00:00,2026-10-09 15:00:00+00:00,1,1,linear_interpolation,interpolated
2026-10-09,2026-10-09T21:30:15+00:00,online,DE,wind_onshore,persistence,Persistence,daily_persistence,2208,2026-10-09 22:00:00+00:00,30186.1329725,38185.646085,,2026-07-09 16:00:00+00:00,2026-10-09 15:00:00+00:00,1,1,linear_interpolation,interpolated
2026-10-09,2026-10-09T21:30:15+00:00,online,DE,wind_onshore,persistence,Persistence,daily_persistence,2208,2026-10-09 23:00:00+00:00,28944.2820675,36484.208695,,2026-07-09 16:00:00+00:00,2026-10-09 15:00:00+00:00,1,1,linear_interpolation,interpolated
2026-10-09,2026-10-09T21:30:15+00:00,online,DE,wind_onshore,persistence,Persistence,daily_persistence,2208,2026-10-10 00:00:00+00:00,28359.88233,34228.136985,,2026-07-09 16:00:00+00:00,2026-10-09 15:00:00+00:00,1,1,linear_interpolation,interpolated
2026-10-09,2026-10-09T21:30:15+00:00,online,DE,wind_onshore,persistence,Persistence,daily_persistence,2208,2026-10-10 01:00:00+00:00,28597.964065,32361.1986425,,2026-07-09 16:00:00+00:00,2026-10-09 15:00:00+00:00,1,1,linear_interpolation,interpolated
2026-10-09,2026-10-09T21:30:15+00:00,online,DE,wind_onshore,persistence,Persistence,daily_persistence,2208,2026-10-10 02:00:00+00:00,27646.1004575,31238.91881,,2026-07-09 16:00:00+00:00,2026-10-09 15:00:00+00:00,1,1,linear_interpolation,interpolated
2026-10-09,2026-10-09T21:30:15+00:00,online,DE,wind_onshore,persistence,Persistence,daily_persistence,2208,2026-10-10 03:00:00+00:00,27404.06891,30300.8349575,,2026-07-09 16:00:00+00:00,2026-10-09 15:00:00+00:00,1,1,linear_interpolation,interpolated
2026-10-09,2026-10-09T21:30:15+00:00,online,DE,wind_onshore,persistence,Persistence,daily_persistence,2208,2026-10-10 04:00:00+00:00,27874.282455,29596.55899,,2026-07-09 16:00:00+00:00,2026-10-09 15:00:00+00:00,1,1,linear_interpolation,interpolated
2026-10-09,2026-10-09T21:30:15+00:00,online,DE,wind_onshore,persistence,Persistence,daily_persistence,2208,2026-10-10 05:00:00+00:00,28902.59383,28265.38199,,2026-07-09 16:00:00+00:00,2026-10-09 15:00:00+00:00,1,1,linear_interpolation,interpolated
2026-10-09,2026-10-09T21:30:15+00:00,online,DE,wind_onshore,persistence,Persistence,daily_persistence,2208,2026-10-10 06:00:00+00:00,29831.111255,26667.76507,,2026-07-09 16:00:00+00:00,2026-10-09 15:00:00+00:00,1,1,linear_interpolation,interpolated
2026-10-09,2026-10-09T21:30:15+00:00,online,DE,wind_onshore,persistence,Persistence,daily_persistence,2208,2026-10-10 07:00:00+00:00,31739.5637475,25373.8097825,,2026-07-09 16:00:00+00:00,2026-10-09 15:00:00+00:00,1,1,linear_interpolation,interpolated
2026-10-09,2026-10-09T21:30:15+00:00,online,DE,wind_onshore,persistence,Persistence,daily_persistence,2208,2026-10-10 08:00:00+00:00,33965.941965,25354.25921,,2026-07-09 16:00:00+00:00,2026-10-09 15:00:00+00:00,1,1,linear_interpolation,interpolated
2026-10-09,2026-10-09T21:30:15+00:00,online,DE,wind_onshore,persistence,Persistence,daily_persistence,2208,2026-10-10 09:00:00+00:00,34769.40581,24800.944705,,2026-07-09 16:00:00+00:00,2026-10-09 15:00:00+00:00,1,1,linear_interpolation,interpolated
2026-10-09,2026-10-09T21:30:15+00:00,online,DE,wind_onshore,persistence,Persistence,daily_persistence,2208,2026-10-10 10:00:00+00:00,36579.78557,22564.5016775,,2026-07-09 16:00:00+00:00,2026-10-09 15:00:00+00:00,1,1,linear_interpolation,interpolated
2026-10-09,2026-10-09T21:30:15+00:00,online,DE,wind_onshore,persistence,Persistence,daily_persistence,2208,2026-10-10 11:00:00+00:00,38670.038545,21924.711372499998,,2026-07-09 16:00:00+00:00,2026-10-09 15:00:00+00:00,1,1,linear_interpolation,interpolated
2026-10-09,2026-10-09T21:30:15+00:00,online,DE,wind_onshore,persistence,Persistence,daily_persistence,2208,2026-10-10 12:00:00+00:00,41337.64948,22757.943245,,2026-07-09 16:00:00+00:00,2026-10-09 15:00:00+00:00,1,1,linear_interpolation,interpolated
2026-10-09,2026-10-09T21:30:15+00:00,online,DE,wind_onshore,persistence,Persistence,daily_persistence,2208,2026-10-10 13:00:00+00:00,41716.032074999996,25248.8541975,,2026-07-09 16:00:00+00:00,2026-10-09 15:00:00+00:00,1,1,linear_interpolation,interpolated
2026-10-09,2026-10-09T21:30:15+00:00,online,DE,wind_onshore,persistence,Persistence,daily_persistence,2208,2026-10-10 14:00:00+00:00,41409.24037,27576.9236475,,2026-07-09 16:00:00+00:00,2026-10-09 15:00:00+00:00,1,1,linear_interpolation,interpolated
2026-10-09,2026-10-09T21:30:15+00:00,online,DE,wind_onshore,persistence,Persistence,daily_persistence,2208,2026-10-10 15:00:00+00:00,41269.2072475,27549.0112125,,2026-07-09 16:00:00+00:00,2026-10-09 15:00:00+00:00,1,1,linear_interpolation,interpolated
2026-10-09,2026-10-09T21:30:15+00:00,online,DE,wind_onshore,chronos2_online,Chronos2 with covariates,weather_4p+tso_forecast,2208,2026-10-09 16:00:00+00:00,42373.953125,40037.993535,,2026-07-09 16:00:00+00:00,2026-10-09 15:00:00+00:00,1,1,linear_interpolation,interpolated
2026-10-09,2026-10-09T21:30:15+00:00,online,DE,wind_onshore,chronos2_online,Chronos2 with covariates,weather_4p+tso_forecast,2208,2026-10-09 17:00:00+00:00,42401.7265625,40475.9254875,,2026-07-09 16:00:00+00:00,2026-10-09 15:00:00+00:00,1,1,linear_interpolation,interpolated
2026-10-09,2026-10-09T21:30:15+00:00,online,DE,wind_onshore,chronos2_online,Chronos2 with covariates,weather_4p+tso_forecast,2208,2026-10-09 18:00:00+00:00,42914.109375,40593.440985,,2026-07-09 16:00:00+00:00,2026-10-09 15:00:00+00:00,1,1,linear_interpolation,interpolated
2026-10-09,2026-10-09T21:30:15+00:00,online,DE,wind_onshore,chronos2_online,Chronos2 with covariates,weather_4p+tso_forecast,2208,2026-10-09 19:00:00+00:00,42622.6484375,40804.43232,,2026-07-09 16:00:00+00:00,2026-10-09 15:00:00+00:00,1,1,linear_interpolation,interpolated
2026-10-09,2026-10-09T21:30:15+00:00,online,DE,wind_onshore,chronos2_online,Chronos2 with covariates,weather_4p+tso_forecast,2208,2026-10-09 20:00:00+00:00,41425.44921875,39610.147540000005,,2026-07-09 16:00:00+00:00,2026-10-09 15:00:00+00:00,1,1,linear_interpolation,interpolated
2026-10-09,2026-10-09T21:30:15+00:00,online,DE,wind_onshore,chronos2_online,Chronos2 with covariates,weather_4p+tso_forecast,2208,2026-10-09 21:00:00+00:00,39802.86328125,38507.967533333336,,2026-07-09 16:00:00+00:00,2026-10-09 15:00:00+00:00,1,1,linear_interpolation,interpolated
2026-10-09,2026-10-09T21:30:15+00:00,online,DE,wind_onshore,chronos2_online,Chronos2 with covariates,weather_4p+tso_forecast,2208,2026-10-09 22:00:00+00:00,38876.859375,38185.646085,,2026-07-09 16:00:00+00:00,2026-10-09 15:00:00+00:00,1,1,linear_interpolation,interpolated
2026-10-09,2026-10-09T21:30:15+00:00,online,DE,wind_onshore,chronos2_online,Chronos2 with covariates,weather_4p+tso_forecast,2208,2026-10-09 23:00:00+00:00,37093.2734375,36484.208695,,2026-07-09 16:00:00+00:00,2026-10-09 15:00:00+00:00,1,1,linear_interpolation,interpolated
2026-10-09,2026-10-09T21:30:15+00:00,online,DE,wind_onshore,chronos2_online,Chronos2 with covariates,weather_4p+tso_forecast,2208,2026-10-10 00:00:00+00:00,35051.1796875,34228.136985,,2026-07-09 16:00:00+00:00,2026-10-09 15:00:00+00:00,1,1,linear_interpolation,interpolated
2026-10-09,2026-10-09T21:30:15+00:00,online,DE,wind_onshore,chronos2_online,Chronos2 with covariates,weather_4p+tso_forecast,2208,2026-10-10 01:00:00+00:00,33661.8984375,32361.1986425,,2026-07-09 16:00:00+00:00,2026-10-09 15:00:00+00:00,1,1,linear_interpolation,interpolated
2026-10-09,2026-10-09T21:30:15+00:00,online,DE,wind_onshore,chronos2_online,Chronos2 with covariates,weather_4p+tso_forecast,2208,2026-10-10 02:00:00+00:00,32116.90234375,31238.91881,,2026-07-09 16:00:00+00:00,2026-10-09 15:00:00+00:00,1,1,linear_interpolation,interpolated
2026-10-09,2026-10-09T21:30:15+00:00,online,DE,wind_onshore,chronos2_online,Chronos2 with covariates,weather_4p+tso_forecast,2208,2026-10-10 03:00:00+00:00,30766.3515625,30300.8349575,,2026-07-09 16:00:00+00:00,2026-10-09 15:00:00+00:00,1,1,linear_interpolation,interpolated
2026-10-09,2026-10-09T21:30:15+00:00,online,DE,wind_onshore,chronos2_online,Chronos2 with covariates,weather_4p+tso_forecast,2208,2026-10-10 04:00:00+00:00,29864.208984375,29596.55899,,2026-07-09 16:00:00+00:00,2026-10-09 15:00:00+00:00,1,1,linear_interpolation,interpolated
2026-10-09,2026-10-09T21:30:15+00:00,online,DE,wind_onshore,chronos2_online,Chronos2 with covariates,weather_4p+tso_forecast,2208,2026-10-10 05:00:00+00:00,28834.91796875,28265.38199,,2026-07-09 16:00:00+00:00,2026-10-09 15:00:00+00:00,1,1,linear_interpolation,interpolated
2026-10-09,2026-10-09T21:30:15+00:00,online,DE,wind_onshore,chronos2_online,Chronos2 with covariates,weather_4p+tso_forecast,2208,2026-10-10 06:00:00+00:00,27466.59375,26667.76507,,2026-07-09 16:00:00+00:00,2026-10-09 15:00:00+00:00,1,1,linear_interpolation,interpolated
2026-10-09,2026-10-09T21:30:15+00:00,online,DE,wind_onshore,chronos2_online,Chronos2 with covariates,weather_4p+tso_forecast,2208,2026-10-10 07:00:00+00:00,26813.2890625,25373.8097825,,2026-07-09 16:00:00+00:00,2026-10-09 15:00:00+00:00,1,1,linear_interpolation,interpolated
2026-10-09,2026-10-09T21:30:15+00:00,online,DE,wind_onshore,chronos2_online,Chronos2 with covariates,weather_4p+tso_forecast,2208,2026-10-10 08:00:00+00:00,27521.7421875,25354.25921,,2026-07-09 16:00:00+00:00,2026-10-09 15:00:00+00:00,1,1,linear_interpolation,interpolated
2026-10-09,2026-10-09T21:30:15+00:00,online,DE,wind_onshore,chronos2_online,Chronos2 with covariates,weather_4p+tso_forecast,2208,2026-10-10 09:00:00+00:00,26685.1953125,24800.944705,,2026-07-09 16:00:00+00:00,2026-10-09 15:00:00+00:00,1,1,linear_interpolation,interpolated
2026-10-09,2026-10-09T21:30:15+00:00,online,DE,wind_onshore,chronos2_online,Chronos2 with covariates,weather_4p+tso_forecast,2208,2026-10-10 10:00:00+00:00,24290.125,22564.5016775,,2026-07-09 16:00:00+00:00,2026-10-09 15:00:00+00:00,1,1,linear_interpolation,interpolated
2026-10-09,2026-10-09T21:30:15+00:00,online,DE,wind_onshore,chronos2_online,Chronos2 with covariates,weather_4p+tso_forecast,2208,2026-10-10 11:00:00+00:00,23248.77734375,21924.711372499998,,2026-07-09 16:00:00+00:00,2026-10-09 15:00:00+00:00,1,1,linear_interpolation,interpolated
2026-10-09,2026-10-09T21:30:15+00:00,online,DE,wind_onshore,chronos2_online,Chronos2 with covariates,weather_4p+tso_forecast,2208,2026-10-10 12:00:00+00:00,23740.865234375,22757.943245,,2026-07-09 16:00:00+00:00,2026-10-09 15:00:00+00:00,1,1,linear_interpolation,interpolated
2026-10-09,2026-10-09T21:30:15+00:00,online,DE,wind_onshore,chronos2_online,Chronos2 with covariates,weather_4p+tso_forecast,2208,2026-10-10 13:00:00+00:00,26023.662109375,25248.8541975,,2026-07-09 16:00:00+00:00,2026-10-09 15:00:00+00:00,1,1,linear_interpolation,interpolated
2026-10-09,2026-10-09T21:30:15+00:00,online,DE,wind_onshore,chronos2_online,Chronos2 with covariates,weather_4p+tso_forecast,2208,2026-10-10 14:00:00+00:00,28997.357421875,27576.9236475,,2026-07-09 16:00:00+00:00,2026-10-09 15:00:00+00:00,1,1,linear_interpolation,interpolated
2026-10-09,2026-10-09T21:30:15+00:00,online,DE,wind_onshore,chronos2_online,Chronos2 with covariates,weather_4p+tso_forecast,2208,2026-10-10 15:00:00+00:00,29933.615234375,27549.0112125,,2026-07-09 16:00:00+00:00,2026-10-09 15:00:00+00:00,1,1,linear_interpolation,interpolated
2026-10-09,2026-10-09T21:30:15+00:00,online,DE,wind_onshore,xgboost_online,XGBoost with covariates,weather_4p+tso_forecast,2208,2026-10-09 16:00:00+00:00,38661.83984375,40037.993535,,2026-07-09 16:00:00+00:00,2026-10-09 15:00:00+00:00,1,1,linear_interpolation,interpolated
2026-10-09,2026-10-09T21:30:15+00:00,online,DE,wind_onshore,xgboost_online,XGBoost with covariates,weather_4p+tso_forecast,2208,2026-10-09 17:00:00+00:00,38529.7421875,40475.9254875,,2026-07-09 16:00:00+00:00,2026-10-09 15:00:00+00:00,1,1,linear_interpolation,interpolated
2026-10-09,2026-10-09T21:30:15+00:00,online,DE,wind_onshore,xgboost_online,XGBoost with covariates,weather_4p+tso_forecast,2208,2026-10-09 18:00:00+00:00,37016.68359375,40593.440985,,2026-07-09 16:00:00+00:00,2026-10-09 15:00:00+00:00,1,1,linear_interpolation,interpolated
2026-10-09,2026-10-09T21:30:15+00:00,online,DE,wind_onshore,xgboost_online,XGBoost with covariates,weather_4p+tso_forecast,2208,2026-10-09 19:00:00+00:00,38556.74609375,40804.43232,,2026-07-09 16:00:00+00:00,2026-10-09 15:00:00+00:00,1,1,linear_interpolation,interpolated
2026-10-09,2026-10-09T21:30:15+00:00,online,DE,wind_onshore,xgboost_online,XGBoost with covariates,weather_4p+tso_forecast,2208,2026-10-09 20:00:00+00:00,37084.03125,39610.147540000005,,2026-07-09 16:00:00+00:00,2026-10-09 15:00:00+00:00,1,1,linear_interpolation,interpolated
2026-10-09,2026-10-09T21:30:15+00:00,online,DE,wind_onshore,xgboost_online,XGBoost with covariates,weather_4p+tso_forecast,2208,2026-10-09 21:00:00+00:00,37083.83203125,38507.967533333336,,2026-07-09 16:00:00+00:00,2026-10-09 15:00:00+00:00,1,1,linear_interpolation,interpolated
2026-10-09,2026-10-09T21:30:15+00:00,online,DE,wind_onshore,xgboost_online,XGBoost with covariates,weather_4p+tso_forecast,2208,2026-10-09 22:00:00+00:00,36905.50390625,38185.646085,,2026-07-09 16:00:00+00:00,2026-10-09 15:00:00+00:00,1,1,linear_interpolation,interpolated
2026-10-09,2026-10-09T21:30:15+00:00,online,DE,wind_onshore,xgboost_online,XGBoost with covariates,weather_4p+tso_forecast,2208,2026-10-09 23:00:00+00:00,37330.0625,36484.208695,,2026-07-09 16:00:00+00:00,2026-10-09 15:00:00+00:00,1,1,linear_interpolation,interpolated
2026-10-09,2026-10-09T21:30:15+00:00,online,DE,wind_onshore,xgboost_online,XGBoost with covariates,weather_4p+tso_forecast,2208,2026-10-10 00:00:00+00:00,34856.26171875,34228.136985,,2026-07-09 16:00:00+00:00,2026-10-09 15:00:00+00:00,1,1,linear_interpolation,interpolated
2026-10-09,2026-10-09T21:30:15+00:00,online,DE,wind_onshore,xgboost_online,XGBoost with covariates,weather_4p+tso_forecast,2208,2026-10-10 01:00:00+00:00,32884.90625,32361.1986425,,2026-07-09 16:00:00+00:00,2026-10-09 15:00:00+00:00,1,1,linear_interpolation,interpolated
2026-10-09,2026-10-09T21:30:15+00:00,online,DE,wind_onshore,xgboost_online,XGBoost with covariates,weather_4p+tso_forecast,2208,2026-10-10 02:00:00+00:00,33327.1953125,31238.91881,,2026-07-09 16:00:00+00:00,2026-10-09 15:00:00+00:00,1,1,linear_interpolation,interpolated
2026-10-09,2026-10-09T21:30:15+00:00,online,DE,wind_onshore,xgboost_online,XGBoost with covariates,weather_4p+tso_forecast,2208,2026-10-10 03:00:00+00:00,30693.25390625,30300.8349575,,2026-07-09 16:00:00+00:00,2026-10-09 15:00:00+00:00,1,1,linear_interpolation,interpolated
2026-10-09,2026-10-09T21:30:15+00:00,online,DE,wind_onshore,xgboost_online,XGBoost with covariates,weather_4p+tso_forecast,2208,2026-10-10 04:00:00+00:00,30515.134765625,29596.55899,,2026-07-09 16:00:00+00:00,2026-10-09 15:00:00+00:00,1,1,linear_interpolation,interpolated
2026-10-09,2026-10-09T21:30:15+00:00,online,DE,wind_onshore,xgboost_online,XGBoost with covariates,weather_4p+tso_forecast,2208,2026-10-10 05:00:00+00:00,29549.400390625,28265.38199,,2026-07-09 16:00:00+00:00,2026-10-09 15:00:00+00:00,1,1,linear_interpolation,interpolated
2026-10-09,2026-10-09T21:30:15+00:00,online,DE,wind_onshore,xgboost_online,XGBoost with covariates,weather_4p+tso_forecast,2208,2026-10-10 06:00:00+00:00,26998.361328125,26667.76507,,2026-07-09 16:00:00+00:00,2026-10-09 15:00:00+00:00,1,1,linear_interpolation,interpolated
2026-10-09,2026-10-09T21:30:15+00:00,online,DE,wind_onshore,xgboost_online,XGBoost with covariates,weather_4p+tso_forecast,2208,2026-10-10 07:00:00+00:00,25454.93359375,25373.8097825,,2026-07-09 16:00:00+00:00,2026-10-09 15:00:00+00:00,1,1,linear_interpolation,interpolated
2026-10-09,2026-10-09T21:30:15+00:00,online,DE,wind_onshore,xgboost_online,XGBoost with covariates,weather_4p+tso_forecast,2208,2026-10-10 08:00:00+00:00,25539.615234375,25354.25921,,2026-07-09 16:00:00+00:00,2026-10-09 15:00:00+00:00,1,1,linear_interpolation,interpolated
2026-10-09,2026-10-09T21:30:15+00:00,online,DE,wind_onshore,xgboost_online,XGBoost with covariates,weather_4p+tso_forecast,2208,2026-10-10 09:00:00+00:00,26037.623046875,24800.944705,,2026-07-09 16:00:00+00:00,2026-10-09 15:00:00+00:00,1,1,linear_interpolation,interpolated
2026-10-09,2026-10-09T21:30:15+00:00,online,DE,wind_onshore,xgboost_online,XGBoost with covariates,weather_4p+tso_forecast,2208,2026-10-10 10:00:00+00:00,23891.498046875,22564.5016775,,2026-07-09 16:00:00+00:00,2026-10-09 15:00:00+00:00,1,1,linear_interpolation,interpolated
2026-10-09,2026-10-09T21:30:15+00:00,online,DE,wind_onshore,xgboost_online,XGBoost with covariates,weather_4p+tso_forecast,2208,2026-10-10 11:00:00+00:00,24057.279296875,21924.711372499998,,2026-07-09 16:00:00+00:00,2026-10-09 15:00:00+00:00,1,1,linear_interpolation,interpolated
2026-10-09,2026-10-09T21:30:15+00:00,online,DE,wind_onshore,xgboost_online,XGBoost with covariates,weather_4p+tso_forecast,2208,2026-10-10 12:00:00+00:00,22727.396484375,22757.943245,,2026-07-09 16:00:00+00:00,2026-10-09 15:00:00+00:00,1,1,linear_interpolation,interpolated
2026-10-09,2026-10-09T21:30:15+00:00,online,DE,wind_onshore,xgboost_online,XGBoost with covariates,weather_4p+tso_forecast,2208,2026-10-10 13:00:00+00:00,25104.072265625,25248.8541975,,2026-07-09 16:00:00+00:00,2026-10-09 15:00:00+00:00,1,1,linear_interpolation,interpolated
2026-10-09,2026-10-09T21:30:15+00:00,online,DE,wind_onshore,xgboost_online,XGBoost with covariates,weather_4p+tso_forecast,2208,2026-10-10 14:00:00+00:00,29076.076171875,27576.9236475,,2026-07-09 16:00:00+00:00,2026-10-09 15:00:00+00:00,1,1,linear_interpolation,interpolated
2026-10-09,2026-10-09T21:30:15+00:00,online,DE,wind_onshore,xgboost_online,XGBoost with covariates,weather_4p+tso_forecast,2208,2026-10-10 15:00:00+00:00,27831.474609375,27549.0112125,,2026-07-09 16:00:00+00:00,2026-10-09 15:00:00+00:00,1,1,linear_interpolation,interpolated
2026-10-09,2026-10-09T21:30:15+00:00,online,DE,wind_offshore,tso_reference,TSO forecast,tso_forecast,2208,2026-10-09 16:00:00+00:00,5895.4675,5895.4675,,2026-07-09 16:00:00+00:00,2026-10-09 15:00:00+00:00,1,1,linear_interpolation,interpolated
2026-10-09,2026-10-09T21:30:15+00:00,online,DE,wind_offshore,tso_reference,TSO forecast,tso_forecast,2208,2026-10-09 17:00:00+00:00,5848.34,5848.34,,2026-07-09 16:00:00+00:00,2026-10-09 15:00:00+00:00,1,1,linear_interpolation,interpolated
2026-10-09,2026-10-09T21:30:15+00:00,online,DE,wind_offshore,tso_reference,TSO forecast,tso_forecast,2208,2026-10-09 18:00:00+00:00,5795.6175,5795.6175,,2026-07-09 16:00:00+00:00,2026-10-09 15:00:00+00:00,1,1,linear_interpolation,interpolated
2026-10-09,2026-10-09T21:30:15+00:00,online,DE,wind_offshore,tso_reference,TSO forecast,tso_forecast,2208,2026-10-09 19:00:00+00:00,5814.375,5814.375,,2026-07-09 16:00:00+00:00,2026-10-09 15:00:00+00:00,1,1,linear_interpolation,interpolated
2026-10-09,2026-10-09T21:30:15+00:00,online,DE,wind_offshore,tso_reference,TSO forecast,tso_forecast,2208,2026-10-09 20:00:00+00:00,5845.8825,5845.8825,,2026-07-09 16:00:00+00:00,2026-10-09 15:00:00+00:00,1,1,linear_interpolation,interpolated
2026-10-09,2026-10-09T21:30:15+00:00,online,DE,wind_offshore,tso_reference,TSO forecast,tso_forecast,2208,2026-10-09 21:00:00+00:00,5920.876666666667,5920.876666666667,,2026-07-09 16:00:00+00:00,2026-10-09 15:00:00+00:00,1,1,linear_interpolation,interpolated
2026-10-09,2026-10-09T21:30:15+00:00,online,DE,wind_offshore,tso_reference,TSO forecast,tso_forecast,2208,2026-10-09 22:00:00+00:00,6415.1925,6415.1925,,2026-07-09 16:00:00+00:00,2026-10-09 15:00:00+00:00,1,1,linear_interpolation,interpolated
2026-10-09,2026-10-09T21:30:15+00:00,online,DE,wind_offshore,tso_reference,TSO forecast,tso_forecast,2208,2026-10-09 23:00:00+00:00,6483.2725,6483.2725,,2026-07-09 16:00:00+00:00,2026-10-09 15:00:00+00:00,1,1,linear_interpolation,interpolated
2026-10-09,2026-10-09T21:30:15+00:00,online,DE,wind_offshore,tso_reference,TSO forecast,tso_forecast,2208,2026-10-10 00:00:00+00:00,6512.22,6512.22,,2026-07-09 16:00:00+00:00,2026-10-09 15:00:00+00:00,1,1,linear_interpolation,interpolated
2026-10-09,2026-10-09T21:30:15+00:00,online,DE,wind_offshore,tso_reference,TSO forecast,tso_forecast,2208,2026-10-10 01:00:00+00:00,6483.3175,6483.3175,,2026-07-09 16:00:00+00:00,2026-10-09 15:00:00+00:00,1,1,linear_interpolation,interpolated
2026-10-09,2026-10-09T21:30:15+00:00,online,DE,wind_offshore,tso_reference,TSO forecast,tso_forecast,2208,2026-10-10 02:00:00+00:00,6492.1625,6492.1625,,2026-07-09 16:00:00+00:00,2026-10-09 15:00:00+00:00,1,1,linear_interpolation,interpolated
2026-10-09,2026-10-09T21:30:15+00:00,online,DE,wind_offshore,tso_reference,TSO forecast,tso_forecast,2208,2026-10-10 03:00:00+00:00,6527.4675,6527.4675,,2026-07-09 16:00:00+00:00,2026-10-09 15:00:00+00:00,1,1,linear_interpolation,interpolated
2026-10-09,2026-10-09T21:30:15+00:00,online,DE,wind_offshore,tso_reference,TSO forecast,tso_forecast,2208,2026-10-10 04:00:00+00:00,6539.705,6539.705,,2026-07-09 16:00:00+00:00,2026-10-09 15:00:00+00:00,1,1,linear_interpolation,interpolated
2026-10-09,2026-10-09T21:30:15+00:00,online,DE,wind_offshore,tso_reference,TSO forecast,tso_forecast,2208,2026-10-10 05:00:00+00:00,6478.26,6478.26,,2026-07-09 16:00:00+00:00,2026-10-09 15:00:00+00:00,1,1,linear_interpolation,interpolated
2026-10-09,2026-10-09T21:30:15+00:00,online,DE,wind_offshore,tso_reference,TSO forecast,tso_forecast,2208,2026-10-10 06:00:00+00:00,6393.8525,6393.8525,,2026-07-09 16:00:00+00:00,2026-10-09 15:00:00+00:00,1,1,linear_interpolation,interpolated
2026-10-09,2026-10-09T21:30:15+00:00,online,DE,wind_offshore,tso_reference,TSO forecast,tso_forecast,2208,2026-10-10 07:00:00+00:00,6295.6224999999995,6295.6224999999995,,2026-07-09 16:00:00+00:00,2026-10-09 15:00:00+00:00,1,1,linear_interpolation,interpolated
2026-10-09,2026-10-09T21:30:15+00:00,online,DE,wind_offshore,tso_reference,TSO forecast,tso_forecast,2208,2026-10-10 08:00:00+00:00,6006.245,6006.245,,2026-07-09 16:00:00+00:00,2026-10-09 15:00:00+00:00,1,1,linear_interpolation,interpolated
2026-10-09,2026-10-09T21:30:15+00:00,online,DE,wind_offshore,tso_reference,TSO forecast,tso_forecast,2208,2026-10-10 09:00:00+00:00,5931.65,5931.65,,2026-07-09 16:00:00+00:00,2026-10-09 15:00:00+00:00,1,1,linear_interpolation,interpolated
2026-10-09,2026-10-09T21:30:15+00:00,online,DE,wind_offshore,tso_reference,TSO forecast,tso_forecast,2208,2026-10-10 10:00:00+00:00,5967.885,5967.885,,2026-07-09 16:00:00+00:00,2026-10-09 15:00:00+00:00,1,1,linear_interpolation,interpolated
2026-10-09,2026-10-09T21:30:15+00:00,online,DE,wind_offshore,tso_reference,TSO forecast,tso_forecast,2208,2026-10-10 11:00:00+00:00,6023.1375,6023.1375,,2026-07-09 16:00:00+00:00,2026-10-09 15:00:00+00:00,1,1,linear_interpolation,interpolated
2026-10-09,2026-10-09T21:30:15+00:00,online,DE,wind_offshore,tso_reference,TSO forecast,tso_forecast,2208,2026-10-10 12:00:00+00:00,6094.035,6094.035,,2026-07-09 16:00:00+00:00,2026-10-09 15:00:00+00:00,1,1,linear_interpolation,interpolated
2026-10-09,2026-10-09T21:30:15+00:00,online,DE,wind_offshore,tso_reference,TSO forecast,tso_forecast,2208,2026-10-10 13:00:00+00:00,6215.9325,6215.9325,,2026-07-09 16:00:00+00:00,2026-10-09 15:00:00+00:00,1,1,linear_interpolation,interpolated
2026-10-09,2026-10-09T21:30:15+00:00,online,DE,wind_offshore,tso_reference,TSO forecast,tso_forecast,2208,2026-10-10 14:00:00+00:00,6294.514999999999,6294.514999999999,,2026-07-09 16:00:00+00:00,2026-10-09 15:00:00+00:00,1,1,linear_interpolation,interpolated
2026-10-09,2026-10-09T21:30:15+00:00,online,DE,wind_offshore,tso_reference,TSO forecast,tso_forecast,2208,2026-10-10 15:00:00+00:00,6345.7125,6345.7125,,2026-07-09 16:00:00+00:00,2026-10-09 15:00:00+00:00,1,1,linear_interpolation,interpolated
2026-10-09,2026-10-09T21:30:15+00:00,online,DE,wind_offshore,persistence,Persistence,daily_persistence,2208,2026-10-09 16:00:00+00:00,5131.95875,5895.4675,,2026-07-09 16:00:00+00:00,2026-10-09 15:00:00+00:00,1,1,linear_interpolation,interpolated
2026-10-09,2026-10-09T21:30:15+00:00,online,DE,wind_offshore,persistence,Persistence,daily_persistence,2208,2026-10-09 17:00:00+00:00,4574.31175,5848.34,,2026-07-09 16:00:00+00:00,2026-10-09 15:00:00+00:00,1,1,linear_interpolation,interpolated
2026-10-09,2026-10-09T21:30:15+00:00,online,DE,wind_offshore,persistence,Persistence,daily_persistence,2208,2026-10-09 18:00:00+00:00,4405.02025,5795.6175,,2026-07-09 16:00:00+00:00,2026-10-09 15:00:00+00:00,1,1,linear_interpolation,interpolated
2026-10-09,2026-10-09T21:30:15+00:00,online,DE,wind_offshore,persistence,Persistence,daily_persistence,2208,2026-10-09 19:00:00+00:00,4177.018,5814.375,,2026-07-09 16:00:00+00:00,2026-10-09 15:00:00+00:00,1,1,linear_interpolation,interpolated
2026-10-09,2026-10-09T21:30:15+00:00,online,DE,wind_offshore,persistence,Persistence,daily_persistence,2208,2026-10-09 20:00:00+00:00,4083.941,5845.8825,,2026-07-09 16:00:00+00:00,2026-10-09 15:00:00+00:00,1,1,linear_interpolation,interpolated
2026-10-09,2026-10-09T21:30:15+00:00,online,DE,wind_offshore,persistence,Persistence,daily_persistence,2208,2026-10-09 21:00:00+00:00,4019.68275,5920.876666666667,,2026-07-09 16:00:00+00:00,2026-10-09 15:00:00+00:00,1,1,linear_interpolation,interpolated
2026-10-09,2026-10-09T21:30:15+00:00,online,DE,wind_offshore,persistence,Persistence,daily_persistence,2208,2026-10-09 22:00:00+00:00,4924.19275,6415.1925,,2026-07-09 16:00:00+00:00,2026-10-09 15:00:00+00:00,1,1,linear_interpolation,interpolated
2026-10-09,2026-10-09T21:30:15+00:00,online,DE,wind_offshore,persistence,Persistence,daily_persistence,2208,2026-10-09 23:00:00+00:00,4671.0455,6483.2725,,2026-07-09 16:00:00+00:00,2026-10-09 15:00:00+00:00,1,1,linear_interpolation,interpolated
2026-10-09,2026-10-09T21:30:15+00:00,online,DE,wind_offshore,persistence,Persistence,daily_persistence,2208,2026-10-10 00:00:00+00:00,4845.93225,6512.22,,2026-07-09 16:00:00+00:00,2026-10-09 15:00:00+00:00,1,1,linear_interpolation,interpolated
2026-10-09,2026-10-09T21:30:15+00:00,online,DE,wind_offshore,persistence,Persistence,daily_persistence,2208,2026-10-10 01:00:00+00:00,4425.09925,6483.3175,,2026-07-09 16:00:00+00:00,2026-10-09 15:00:00+00:00,1,1,linear_interpolation,interpolated
2026-10-09,2026-10-09T21:30:15+00:00,online,DE,wind_offshore,persistence,Persistence,daily_persistence,2208,2026-10-10 02:00:00+00:00,4144.3372500000005,6492.1625,,2026-07-09 16:00:00+00:00,2026-10-09 15:00:00+00:00,1,1,linear_interpolation,interpolated
2026-10-09,2026-10-09T21:30:15+00:00,online,DE,wind_offshore,persistence,Persistence,daily_persistence,2208,2026-10-10 03:00:00+00:00,4349.203750000001,6527.4675,,2026-07-09 16:00:00+00:00,2026-10-09 15:00:00+00:00,1,1,linear_interpolation,interpolated
2026-10-09,2026-10-09T21:30:15+00:00,online,DE,wind_offshore,persistence,Persistence,daily_persistence,2208,2026-10-10 04:00:00+00:00,4400.52,6539.705,,2026-07-09 16:00:00+00:00,2026-10-09 15:00:00+00:00,1,1,linear_interpolation,interpolated
2026-10-09,2026-10-09T21:30:15+00:00,online,DE,wind_offshore,persistence,Persistence,daily_persistence,2208,2026-10-10 05:00:00+00:00,5151.1385,6478.26,,2026-07-09 16:00:00+00:00,2026-10-09 15:00:00+00:00,1,1,linear_interpolation,interpolated
2026-10-09,2026-10-09T21:30:15+00:00,online,DE,wind_offshore,persistence,Persistence,daily_persistence,2208,2026-10-10 06:00:00+00:00,5686.82875,6393.8525,,2026-07-09 16:00:00+00:00,2026-10-09 15:00:00+00:00,1,1,linear_interpolation,interpolated
2026-10-09,2026-10-09T21:30:15+00:00,online,DE,wind_offshore,persistence,Persistence,daily_persistence,2208,2026-10-10 07:00:00+00:00,6148.0085,6295.6224999999995,,2026-07-09 16:00:00+00:00,2026-10-09 15:00:00+00:00,1,1,linear_interpolation,interpolated
2026-10-09,2026-10-09T21:30:15+00:00,online,DE,wind_offshore,persistence,Persistence,daily_persistence,2208,2026-10-10 08:00:00+00:00,6161.309,6006.245,,2026-07-09 16:00:00+00:00,2026-10-09 15:00:00+00:00,1,1,linear_interpolation,interpolated
2026-10-09,2026-10-09T21:30:15+00:00,online,DE,wind_offshore,persistence,Persistence,daily_persistence,2208,2026-10-10 09:00:00+00:00,6132.6807499999995,5931.65,,2026-07-09 16:00:00+00:00,2026-10-09 15:00:00+00:00,1,1,linear_interpolation,interpolated
2026-10-09,2026-10-09T21:30:15+00:00,online,DE,wind_offshore,persistence,Persistence,daily_persistence,2208,2026-10-10 10:00:00+00:00,6452.3795,5967.885,,2026-07-09 16:00:00+00:00,2026-10-09 15:00:00+00:00,1,1,linear_interpolation,interpolated
2026-10-09,2026-10-09T21:30:15+00:00,online,DE,wind_offshore,persistence,Persistence,daily_persistence,2208,2026-10-10 11:00:00+00:00,6537.8685000000005,6023.1375,,2026-07-09 16:00:00+00:00,2026-10-09 15:00:00+00:00,1,1,linear_interpolation,interpolated
2026-10-09,2026-10-09T21:30:15+00:00,online,DE,wind_offshore,persistence,Persistence,daily_persistence,2208,2026-10-10 12:00:00+00:00,6538.98575,6094.035,,2026-07-09 16:00:00+00:00,2026-10-09 15:00:00+00:00,1,1,linear_interpolation,interpolated
2026-10-09,2026-10-09T21:30:15+00:00,online,DE,wind_offshore,persistence,Persistence,daily_persistence,2208,2026-10-10 13:00:00+00:00,6495.55325,6215.9325,,2026-07-09 16:00:00+00:00,2026-10-09 15:00:00+00:00,1,1,linear_interpolation,interpolated
2026-10-09,2026-10-09T21:30:15+00:00,online,DE,wind_offshore,persistence,Persistence,daily_persistence,2208,2026-10-10 14:00:00+00:00,6022.37275,6294.514999999999,,2026-07-09 16:00:00+00:00,2026-10-09 15:00:00+00:00,1,1,linear_interpolation,interpolated
2026-10-09,2026-10-09T21:30:15+00:00,online,DE,wind_offshore,persistence,Persistence,daily_persistence,2208,2026-10-10 15:00:00+00:00,6831.0905,6345.7125,,2026-07-09 16:00:00+00:00,2026-10-09 15:00:00+00:00,1,1,linear_interpolation,interpolated
2026-10-09,2026-10-09T21:30:15+00:00,online,DE,wind_offshore,chronos2_online,Chronos2 with covariates,weather_4p+tso_forecast,2208,2026-10-09 16:00:00+00:00,6208.671875,5895.4675,,2026-07-09 16:00:00+00:00,2026-10-09 15:00:00+00:00,1,1,linear_interpolation,interpolated
2026-10-09,2026-10-09T21:30:15+00:00,online,DE,wind_offshore,chronos2_online,Chronos2 with covariates,weather_4p+tso_forecast,2208,2026-10-09 17:00:00+00:00,6072.8251953125,5848.34,,2026-07-09 16:00:00+00:00,2026-10-09 15:00:00+00:00,1,1,linear_interpolation,interpolated
2026-10-09,2026-10-09T21:30:15+00:00,online,DE,wind_offshore,chronos2_online,Chronos2 with covariates,weather_4p+tso_forecast,2208,2026-10-09 18:00:00+00:00,5916.1533203125,5795.6175,,2026-07-09 16:00:00+00:00,2026-10-09 15:00:00+00:00,1,1,linear_interpolation,interpolated
2026-10-09,2026-10-09T21:30:15+00:00,online,DE,wind_offshore,chronos2_online,Chronos2 with covariates,weather_4p+tso_forecast,2208,2026-10-09 19:00:00+00:00,5733.767578125,5814.375,,2026-07-09 16:00:00+00:00,2026-10-09 15:00:00+00:00,1,1,linear_interpolation,interpolated
2026-10-09,2026-10-09T21:30:15+00:00,online,DE,wind_offshore,chronos2_online,Chronos2 with covariates,weather_4p+tso_forecast,2208,2026-10-09 20:00:00+00:00,5607.99169921875,5845.8825,,2026-07-09 16:00:00+00:00,2026-10-09 15:00:00+00:00,1,1,linear_interpolation,interpolated
2026-10-09,2026-10-09T21:30:15+00:00,online,DE,wind_offshore,chronos2_online,Chronos2 with covariates,weather_4p+tso_forecast,2208,2026-10-09 21:00:00+00:00,5591.7138671875,5920.876666666667,,2026-07-09 16:00:00+00:00,2026-10-09 15:00:00+00:00,1,1,linear_interpolation,interpolated
2026-10-09,2026-10-09T21:30:15+00:00,online,DE,wind_offshore,chronos2_online,Chronos2 with covariates,weather_4p+tso_forecast,2208,2026-10-09 22:00:00+00:00,5601.2958984375,6415.1925,,2026-07-09 16:00:00+00:00,2026-10-09 15:00:00+00:00,1,1,linear_interpolation,interpolated
2026-10-09,2026-10-09T21:30:15+00:00,online,DE,wind_offshore,chronos2_online,Chronos2 with covariates,weather_4p+tso_forecast,2208,2026-10-09 23:00:00+00:00,5610.19775390625,6483.2725,,2026-07-09 16:00:00+00:00,2026-10-09 15:00:00+00:00,1,1,linear_interpolation,interpolated
2026-10-09,2026-10-09T21:30:15+00:00,online,DE,wind_offshore,chronos2_online,Chronos2 with covariates,weather_4p+tso_forecast,2208,2026-10-10 00:00:00+00:00,5606.11376953125,6512.22,,2026-07-09 16:00:00+00:00,2026-10-09 15:00:00+00:00,1,1,linear_interpolation,interpolated
2026-10-09,2026-10-09T21:30:15+00:00,online,DE,wind_offshore,chronos2_online,Chronos2 with covariates,weather_4p+tso_forecast,2208,2026-10-10 01:00:00+00:00,5567.3515625,6483.3175,,2026-07-09 16:00:00+00:00,2026-10-09 15:00:00+00:00,1,1,linear_interpolation,interpolated
2026-10-09,2026-10-09T21:30:15+00:00,online,DE,wind_offshore,chronos2_online,Chronos2 with covariates,weather_4p+tso_forecast,2208,2026-10-10 02:00:00+00:00,5577.646484375,6492.1625,,2026-07-09 16:00:00+00:00,2026-10-09 15:00:00+00:00,1,1,linear_interpolation,interpolated
2026-10-09,2026-10-09T21:30:15+00:00,online,DE,wind_offshore,chronos2_online,Chronos2 with covariates,weather_4p+tso_forecast,2208,2026-10-10 03:00:00+00:00,5665.92529296875,6527.4675,,2026-07-09 16:00:00+00:00,2026-10-09 15:00:00+00:00,1,1,linear_interpolation,interpolated
2026-10-09,2026-10-09T21:30:15+00:00,online,DE,wind_offshore,chronos2_online,Chronos2 with covariates,weather_4p+tso_forecast,2208,2026-10-10 04:00:00+00:00,5656.87451171875,6539.705,,2026-07-09 16:00:00+00:00,2026-10-09 15:00:00+00:00,1,1,linear_interpolation,interpolated
2026-10-09,2026-10-09T21:30:15+00:00,online,DE,wind_offshore,chronos2_online,Chronos2 with covariates,weather_4p+tso_forecast,2208,2026-10-10 05:00:00+00:00,5576.71630859375,6478.26,,2026-07-09 16:00:00+00:00,2026-10-09 15:00:00+00:00,1,1,linear_interpolation,interpolated
2026-10-09,2026-10-09T21:30:15+00:00,online,DE,wind_offshore,chronos2_online,Chronos2 with covariates,weather_4p+tso_forecast,2208,2026-10-10 06:00:00+00:00,5431.0673828125,6393.8525,,2026-07-09 16:00:00+00:00,2026-10-09 15:00:00+00:00,1,1,linear_interpolation,interpolated
2026-10-09,2026-10-09T21:30:15+00:00,online,DE,wind_offshore,chronos2_online,Chronos2 with covariates,weather_4p+tso_forecast,2208,2026-10-10 07:00:00+00:00,5246.419921875,6295.6224999999995,,2026-07-09 16:00:00+00:00,2026-10-09 15:00:00+00:00,1,1,linear_interpolation,interpolated
2026-10-09,2026-10-09T21:30:15+00:00,online,DE,wind_offshore,chronos2_online,Chronos2 with covariates,weather_4p+tso_forecast,2208,2026-10-10 08:00:00+00:00,5168.5322265625,6006.245,,2026-07-09 16:00:00+00:00,2026-10-09 15:00:00+00:00,1,1,linear_interpolation,interpolated
2026-10-09,2026-10-09T21:30:15+00:00,online,DE,wind_offshore,chronos2_online,Chronos2 with covariates,weather_4p+tso_forecast,2208,2026-10-10 09:00:00+00:00,5099.6923828125,5931.65,,2026-07-09 16:00:00+00:00,2026-10-09 15:00:00+00:00,1,1,linear_interpolation,interpolated
2026-10-09,2026-10-09T21:30:15+00:00,online,DE,wind_offshore,chronos2_online,Chronos2 with covariates,weather_4p+tso_forecast,2208,2026-10-10 10:00:00+00:00,5141.1005859375,5967.885,,2026-07-09 16:00:00+00:00,2026-10-09 15:00:00+00:00,1,1,linear_interpolation,interpolated
2026-10-09,2026-10-09T21:30:15+00:00,online,DE,wind_offshore,chronos2_online,Chronos2 with covariates,weather_4p+tso_forecast,2208,2026-10-10 11:00:00+00:00,5133.7578125,6023.1375,,2026-07-09 16:00:00+00:00,2026-10-09 15:00:00+00:00,1,1,linear_interpolation,interpolated
2026-10-09,2026-10-09T21:30:15+00:00,online,DE,wind_offshore,chronos2_online,Chronos2 with covariates,weather_4p+tso_forecast,2208,2026-10-10 12:00:00+00:00,5175.5595703125,6094.035,,2026-07-09 16:00:00+00:00,2026-10-09 15:00:00+00:00,1,1,linear_interpolation,interpolated
2026-10-09,2026-10-09T21:30:15+00:00,online,DE,wind_offshore,chronos2_online,Chronos2 with covariates,weather_4p+tso_forecast,2208,2026-10-10 13:00:00+00:00,5283.521484375,6215.9325,,2026-07-09 16:00:00+00:00,2026-10-09 15:00:00+00:00,1,1,linear_interpolation,interpolated
2026-10-09,2026-10-09T21:30:15+00:00,online,DE,wind_offshore,chronos2_online,Chronos2 with covariates,weather_4p+tso_forecast,2208,2026-10-10 14:00:00+00:00,5330.9443359375,6294.514999999999,,2026-07-09 16:00:00+00:00,2026-10-09 15:00:00+00:00,1,1,linear_interpolation,interpolated
2026-10-09,2026-10-09T21:30:15+00:00,online,DE,wind_offshore,chronos2_online,Chronos2 with covariates,weather_4p+tso_forecast,2208,2026-10-10 15:00:00+00:00,5255.2021484375,6345.7125,,2026-07-09 16:00:00+00:00,2026-10-09 15:00:00+00:00,1,1,linear_interpolation,interpolated
2026-10-09,2026-10-09T21:30:15+00:00,online,DE,wind_offshore,xgboost_online,XGBoost with covariates,weather_4p+tso_forecast,2208,2026-10-09 16:00:00+00:00,5058.658203125,5895.4675,,2026-07-09 16:00:00+00:00,2026-10-09 15:00:00+00:00,1,1,linear_interpolation,interpolated
2026-10-09,2026-10-09T21:30:15+00:00,online,DE,wind_offshore,xgboost_online,XGBoost with covariates,weather_4p+tso_forecast,2208,2026-10-09 17:00:00+00:00,5067.1552734375,5848.34,,2026-07-09 16:00:00+00:00,2026-10-09 15:00:00+00:00,1,1,linear_interpolation,interpolated
2026-10-09,2026-10-09T21:30:15+00:00,online,DE,wind_offshore,xgboost_online,XGBoost with covariates,weather_4p+tso_forecast,2208,2026-10-09 18:00:00+00:00,5056.56005859375,5795.6175,,2026-07-09 16:00:00+00:00,2026-10-09 15:00:00+00:00,1,1,linear_interpolation,interpolated
2026-10-09,2026-10-09T21:30:15+00:00,online,DE,wind_offshore,xgboost_online,XGBoost with covariates,weather_4p+tso_forecast,2208,2026-10-09 19:00:00+00:00,4879.21484375,5814.375,,2026-07-09 16:00:00+00:00,2026-10-09 15:00:00+00:00,1,1,linear_interpolation,interpolated
2026-10-09,2026-10-09T21:30:15+00:00,online,DE,wind_offshore,xgboost_online,XGBoost with covariates,weather_4p+tso_forecast,2208,2026-10-09 20:00:00+00:00,4927.42529296875,5845.8825,,2026-07-09 16:00:00+00:00,2026-10-09 15:00:00+00:00,1,1,linear_interpolation,interpolated
2026-10-09,2026-10-09T21:30:15+00:00,online,DE,wind_offshore,xgboost_online,XGBoost with covariates,weather_4p+tso_forecast,2208,2026-10-09 21:00:00+00:00,4956.4677734375,5920.876666666667,,2026-07-09 16:00:00+00:00,2026-10-09 15:00:00+00:00,1,1,linear_interpolation,interpolated
2026-10-09,2026-10-09T21:30:15+00:00,online,DE,wind_offshore,xgboost_online,XGBoost with covariates,weather_4p+tso_forecast,2208,2026-10-09 22:00:00+00:00,4752.10107421875,6415.1925,,2026-07-09 16:00:00+00:00,2026-10-09 15:00:00+00:00,1,1,linear_interpolation,interpolated
2026-10-09,2026-10-09T21:30:15+00:00,online,DE,wind_offshore,xgboost_online,XGBoost with covariates,weather_4p+tso_forecast,2208,2026-10-09 23:00:00+00:00,4941.7431640625,6483.2725,,2026-07-09 16:00:00+00:00,2026-10-09 15:00:00+00:00,1,1,linear_interpolation,interpolated
2026-10-09,2026-10-09T21:30:15+00:00,online,DE,wind_offshore,xgboost_online,XGBoost with covariates,weather_4p+tso_forecast,2208,2026-10-10 00:00:00+00:00,4752.70849609375,6512.22,,2026-07-09 16:00:00+00:00,2026-10-09 15:00:00+00:00,1,1,linear_interpolation,interpolated
2026-10-09,2026-10-09T21:30:15+00:00,online,DE,wind_offshore,xgboost_online,XGBoost with covariates,weather_4p+tso_forecast,2208,2026-10-10 01:00:00+00:00,5001.3701171875,6483.3175,,2026-07-09 16:00:00+00:00,2026-10-09 15:00:00+00:00,1,1,linear_interpolation,interpolated
2026-10-09,2026-10-09T21:30:15+00:00,online,DE,wind_offshore,xgboost_online,XGBoost with covariates,weather_4p+tso_forecast,2208,2026-10-10 02:00:00+00:00,5119.2080078125,6492.1625,,2026-07-09 16:00:00+00:00,2026-10-09 15:00:00+00:00,1,1,linear_interpolation,interpolated
2026-10-09,2026-10-09T21:30:15+00:00,online,DE,wind_offshore,xgboost_online,XGBoost with covariates,weather_4p+tso_forecast,2208,2026-10-10 03:00:00+00:00,4750.1845703125,6527.4675,,2026-07-09 16:00:00+00:00,2026-10-09 15:00:00+00:00,1,1,linear_interpolation,interpolated
2026-10-09,2026-10-09T21:30:15+00:00,online,DE,wind_offshore,xgboost_online,XGBoost with covariates,weather_4p+tso_forecast,2208,2026-10-10 04:00:00+00:00,4939.14306640625,6539.705,,2026-07-09 16:00:00+00:00,2026-10-09 15:00:00+00:00,1,1,linear_interpolation,interpolated
2026-10-09,2026-10-09T21:30:15+00:00,online,DE,wind_offshore,xgboost_online,XGBoost with covariates,weather_4p+tso_forecast,2208,2026-10-10 05:00:00+00:00,5023.26806640625,6478.26,,2026-07-09 16:00:00+00:00,2026-10-09 15:00:00+00:00,1,1,linear_interpolation,interpolated
2026-10-09,2026-10-09T21:30:15+00:00,online,DE,wind_offshore,xgboost_online,XGBoost with covariates,weather_4p+tso_forecast,2208,2026-10-10 06:00:00+00:00,5185.54833984375,6393.8525,,2026-07-09 16:00:00+00:00,2026-10-09 15:00:00+00:00,1,1,linear_interpolation,interpolated
2026-10-09,2026-10-09T21:30:15+00:00,online,DE,wind_offshore,xgboost_online,XGBoost with covariates,weather_4p+tso_forecast,2208,2026-10-10 07:00:00+00:00,5197.90673828125,6295.6224999999995,,2026-07-09 16:00:00+00:00,2026-10-09 15:00:00+00:00,1,1,linear_interpolation,interpolated
2026-10-09,2026-10-09T21:30:15+00:00,online,DE,wind_offshore,xgboost_online,XGBoost with covariates,weather_4p+tso_forecast,2208,2026-10-10 08:00:00+00:00,5138.13330078125,6006.245,,2026-07-09 16:00:00+00:00,2026-10-09 15:00:00+00:00,1,1,linear_interpolation,interpolated
2026-10-09,2026-10-09T21:30:15+00:00,online,DE,wind_offshore,xgboost_online,XGBoost with covariates,weather_4p+tso_forecast,2208,2026-10-10 09:00:00+00:00,5183.15576171875,5931.65,,2026-07-09 16:00:00+00:00,2026-10-09 15:00:00+00:00,1,1,linear_interpolation,interpolated
2026-10-09,2026-10-09T21:30:15+00:00,online,DE,wind_offshore,xgboost_online,XGBoost with covariates,weather_4p+tso_forecast,2208,2026-10-10 10:00:00+00:00,5118.974609375,5967.885,,2026-07-09 16:00:00+00:00,2026-10-09 15:00:00+00:00,1,1,linear_interpolation,interpolated
2026-10-09,2026-10-09T21:30:15+00:00,online,DE,wind_offshore,xgboost_online,XGBoost with covariates,weather_4p+tso_forecast,2208,2026-10-10 11:00:00+00:00,5126.33251953125,6023.1375,,2026-07-09 16:00:00+00:00,2026-10-09 15:00:00+00:00,1,1,linear_interpolation,interpolated
2026-10-09,2026-10-09T21:30:15+00:00,online,DE,wind_offshore,xgboost_online,XGBoost with covariates,weather_4p+tso_forecast,2208,2026-10-10 12:00:00+00:00,4815.87890625,6094.035,,2026-07-09 16:00:00+00:00,2026-10-09 15:00:00+00:00,1,1,linear_interpolation,interpolated
2026-10-09,2026-10-09T21:30:15+00:00,online,DE,wind_offshore,xgboost_online,XGBoost with covariates,weather_4p+tso_forecast,2208,2026-10-10 13:00:00+00:00,5106.388671875,6215.9325,,2026-07-09 16:00:00+00:00,2026-10-09 15:00:00+00:00,1,1,linear_interpolation,interpolated
2026-10-09,2026-10-09T21:30:15+00:00,online,DE,wind_offshore,xgboost_online,XGBoost with covariates,weather_4p+tso_forecast,2208,2026-10-10 14:00:00+00:00,5106.388671875,6294.514999999999,,2026-07-09 16:00:00+00:00,2026-10-09 15:00:00+00:00,1,1,linear_interpolation,interpolated
2026-10-09,2026-10-09T21:30:15+00:00,online,DE,wind_offshore,xgboost_online,XGBoost with covariates,weather_4p+tso_forecast,2208,2026-10-10 15:00:00+00:00,5113.78173828125,6345.7125,,2026-07-09 16:00:00+00:00,2026-10-09 15:00:00+00:00,1,1,linear_interpolation,interpolated
2026-10-09,2026-10-09T21:30:15+00:00,online,DK1,wind_onshore,tso_reference,TSO forecast,tso_forecast,2208,2026-10-09 16:00:00+00:00,1032.54166625,1032.54166625,,2026-07-09 16:00:00+00:00,2026-10-09 15:00:00+00:00,0,0,none,complete
2026-10-09,2026-10-09T21:30:15+00:00,online,DK1,wind_onshore,tso_reference,TSO forecast,tso_forecast,2208,2026-10-09 17:00:00+00:00,1004.333333,1004.333333,,2026-07-09 16:00:00+00:00,2026-10-09 15:00:00+00:00,0,0,none,complete
2026-10-09,2026-10-09T21:30:15+00:00,online,DK1,wind_onshore,tso_reference,TSO forecast,tso_forecast,2208,2026-10-09 18:00:00+00:00,982.7916665,982.7916665,,2026-07-09 16:00:00+00:00,2026-10-09 15:00:00+00:00,0,0,none,complete
2026-10-09,2026-10-09T21:30:15+00:00,online,DK1,wind_onshore,tso_reference,TSO forecast,tso_forecast,2208,2026-10-09 19:00:00+00:00,908.6249995,908.6249995,,2026-07-09 16:00:00+00:00,2026-10-09 15:00:00+00:00,0,0,none,complete
2026-10-09,2026-10-09T21:30:15+00:00,online,DK1,wind_onshore,tso_reference,TSO forecast,tso_forecast,2208,2026-10-09 20:00:00+00:00,830.7916662499999,830.7916662499999,,2026-07-09 16:00:00+00:00,2026-10-09 15:00:00+00:00,0,0,none,complete
2026-10-09,2026-10-09T21:30:15+00:00,online,DK1,wind_onshore,tso_reference,TSO forecast,tso_forecast,2208,2026-10-09 21:00:00+00:00,837.9444440000001,837.9444440000001,,2026-07-09 16:00:00+00:00,2026-10-09 15:00:00+00:00,0,0,none,complete
2026-10-09,2026-10-09T21:30:15+00:00,online,DK1,wind_onshore,tso_reference,TSO forecast,tso_forecast,2208,2026-10-09 22:00:00+00:00,1318.9583332500001,1318.9583332500001,,2026-07-09 16:00:00+00:00,2026-10-09 15:00:00+00:00,0,0,none,complete
2026-10-09,2026-10-09T21:30:15+00:00,online,DK1,wind_onshore,tso_reference,TSO forecast,tso_forecast,2208,2026-10-09 23:00:00+00:00,1328.708333,1328.708333,,2026-07-09 16:00:00+00:00,2026-10-09 15:00:00+00:00,0,0,none,complete
2026-10-09,2026-10-09T21:30:15+00:00,online,DK1,wind_onshore,tso_reference,TSO forecast,tso_forecast,2208,2026-10-10 00:00:00+00:00,1470.833333,1470.833333,,2026-07-09 16:00:00+00:00,2026-10-09 15:00:00+00:00,0,0,none,complete
2026-10-09,2026-10-09T21:30:15+00:00,online,DK1,wind_onshore,tso_reference,TSO forecast,tso_forecast,2208,2026-10-10 01:00:00+00:00,1565.1666662500002,1565.1666662500002,,2026-07-09 16:00:00+00:00,2026-10-09 15:00:00+00:00,0,0,none,complete
2026-10-09,2026-10-09T21:30:15+00:00,online,DK1,wind_onshore,tso_reference,TSO forecast,tso_forecast,2208,2026-10-10 02:00:00+00:00,1644.6249995,1644.6249995,,2026-07-09 16:00:00+00:00,2026-10-09 15:00:00+00:00,0,0,none,complete
2026-10-09,2026-10-09T21:30:15+00:00,online,DK1,wind_onshore,tso_reference,TSO forecast,tso_forecast,2208,2026-10-10 03:00:00+00:00,1609.24999975,1609.24999975,,2026-07-09 16:00:00+00:00,2026-10-09 15:00:00+00:00,0,0,none,complete
2026-10-09,2026-10-09T21:30:15+00:00,online,DK1,wind_onshore,tso_reference,TSO forecast,tso_forecast,2208,2026-10-10 04:00:00+00:00,1346.2916662500002,1346.2916662500002,,2026-07-09 16:00:00+00:00,2026-10-09 15:00:00+00:00,0,0,none,complete
2026-10-09,2026-10-09T21:30:15+00:00,online,DK1,wind_onshore,tso_reference,TSO forecast,tso_forecast,2208,2026-10-10 05:00:00+00:00,1068.333333,1068.333333,,2026-07-09 16:00:00+00:00,2026-10-09 15:00:00+00:00,0,0,none,complete
2026-10-09,2026-10-09T21:30:15+00:00,online,DK1,wind_onshore,tso_reference,TSO forecast,tso_forecast,2208,2026-10-10 06:00:00+00:00,875.708333,875.708333,,2026-07-09 16:00:00+00:00,2026-10-09 15:00:00+00:00,0,0,none,complete
2026-10-09,2026-10-09T21:30:15+00:00,online,DK1,wind_onshore,tso_reference,TSO forecast,tso_forecast,2208,2026-10-10 07:00:00+00:00,840.958333,840.958333,,2026-07-09 16:00:00+00:00,2026-10-09 15:00:00+00:00,0,0,none,complete
2026-10-09,2026-10-09T21:30:15+00:00,online,DK1,wind_onshore,tso_reference,TSO forecast,tso_forecast,2208,2026-10-10 08:00:00+00:00,759.12499975,759.12499975,,2026-07-09 16:00:00+00:00,2026-10-09 15:00:00+00:00,0,0,none,complete
2026-10-09,2026-10-09T21:30:15+00:00,online,DK1,wind_onshore,tso_reference,TSO forecast,tso_forecast,2208,2026-10-10 09:00:00+00:00,561.8749995,561.8749995,,2026-07-09 16:00:00+00:00,2026-10-09 15:00:00+00:00,0,0,none,complete
2026-10-09,2026-10-09T21:30:15+00:00,online,DK1,wind_onshore,tso_reference,TSO forecast,tso_forecast,2208,2026-10-10 10:00:00+00:00,471.29166625,471.29166625,,2026-07-09 16:00:00+00:00,2026-10-09 15:00:00+00:00,0,0,none,complete
2026-10-09,2026-10-09T21:30:15+00:00,online,DK1,wind_onshore,tso_reference,TSO forecast,tso_forecast,2208,2026-10-10 11:00:00+00:00,398.24999975,398.24999975,,2026-07-09 16:00:00+00:00,2026-10-09 15:00:00+00:00,0,0,none,complete
2026-10-09,2026-10-09T21:30:15+00:00,online,DK1,wind_onshore,tso_reference,TSO forecast,tso_forecast,2208,2026-10-10 12:00:00+00:00,379.91666625,379.91666625,,2026-07-09 16:00:00+00:00,2026-10-09 15:00:00+00:00,0,0,none,complete
2026-10-09,2026-10-09T21:30:15+00:00,online,DK1,wind_onshore,tso_reference,TSO forecast,tso_forecast,2208,2026-10-10 13:00:00+00:00,340.208333,340.208333,,2026-07-09 16:00:00+00:00,2026-10-09 15:00:00+00:00,0,0,none,complete
2026-10-09,2026-10-09T21:30:15+00:00,online,DK1,wind_onshore,tso_reference,TSO forecast,tso_forecast,2208,2026-10-10 14:00:00+00:00,349.08333275,349.08333275,,2026-07-09 16:00:00+00:00,2026-10-09 15:00:00+00:00,0,0,none,complete
2026-10-09,2026-10-09T21:30:15+00:00,online,DK1,wind_onshore,tso_reference,TSO forecast,tso_forecast,2208,2026-10-10 15:00:00+00:00,348.66666625,348.66666625,,2026-07-09 16:00:00+00:00,2026-10-09 15:00:00+00:00,0,0,none,complete
2026-10-09,2026-10-09T21:30:15+00:00,online,DK1,wind_onshore,persistence,Persistence,daily_persistence,2208,2026-10-09 16:00:00+00:00,2167.6725,1032.54166625,,2026-07-09 16:00:00+00:00,2026-10-09 15:00:00+00:00,0,0,none,complete
2026-10-09,2026-10-09T21:30:15+00:00,online,DK1,wind_onshore,persistence,Persistence,daily_persistence,2208,2026-10-09 17:00:00+00:00,2307.6675,1004.333333,,2026-07-09 16:00:00+00:00,2026-10-09 15:00:00+00:00,0,0,none,complete
2026-10-09,2026-10-09T21:30:15+00:00,online,DK1,wind_onshore,persistence,Persistence,daily_persistence,2208,2026-10-09 18:00:00+00:00,2446.8775,982.7916665,,2026-07-09 16:00:00+00:00,2026-10-09 15:00:00+00:00,0,0,none,complete
2026-10-09,2026-10-09T21:30:15+00:00,online,DK1,wind_onshore,persistence,Persistence,daily_persistence,2208,2026-10-09 19:00:00+00:00,2459.995,908.6249995,,2026-07-09 16:00:00+00:00,2026-10-09 15:00:00+00:00,0,0,none,complete
2026-10-09,2026-10-09T21:30:15+00:00,online,DK1,wind_onshore,persistence,Persistence,daily_persistence,2208,2026-10-09 20:00:00+00:00,2395.935,830.7916662499999,,2026-07-09 16:00:00+00:00,2026-10-09 15:00:00+00:00,0,0,none,complete
2026-10-09,2026-10-09T21:30:15+00:00,online,DK1,wind_onshore,persistence,Persistence,daily_persistence,2208,2026-10-09 21:00:00+00:00,2363.3425,837.9444440000001,,2026-07-09 16:00:00+00:00,2026-10-09 15:00:00+00:00,0,0,none,complete
2026-10-09,2026-10-09T21:30:15+00:00,online,DK1,wind_onshore,persistence,Persistence,daily_persistence,2208,2026-10-09 22:00:00+00:00,2289.4700000000003,1318.9583332500001,,2026-07-09 16:00:00+00:00,2026-10-09 15:00:00+00:00,0,0,none,complete
2026-10-09,2026-10-09T21:30:15+00:00,online,DK1,wind_onshore,persistence,Persistence,daily_persistence,2208,2026-10-09 23:00:00+00:00,2198.4025,1328.708333,,2026-07-09 16:00:00+00:00,2026-10-09 15:00:00+00:00,0,0,none,complete
2026-10-09,2026-10-09T21:30:15+00:00,online,DK1,wind_onshore,persistence,Persistence,daily_persistence,2208,2026-10-10 00:00:00+00:00,2019.6725000000001,1470.833333,,2026-07-09 16:00:00+00:00,2026-10-09 15:00:00+00:00,0,0,none,complete
2026-10-09,2026-10-09T21:30:15+00:00,online,DK1,wind_onshore,persistence,Persistence,daily_persistence,2208,2026-10-10 01:00:00+00:00,1826.2849999999999,1565.1666662500002,,2026-07-09 16:00:00+00:00,2026-10-09 15:00:00+00:00,0,0,none,complete
2026-10-09,2026-10-09T21:30:15+00:00,online,DK1,wind_onshore,persistence,Persistence,daily_persistence,2208,2026-10-10 02:00:00+00:00,1521.9025,1644.6249995,,2026-07-09 16:00:00+00:00,2026-10-09 15:00:00+00:00,0,0,none,complete
2026-10-09,2026-10-09T21:30:15+00:00,online,DK1,wind_onshore,persistence,Persistence,daily_persistence,2208,2026-10-10 03:00:00+00:00,1157.0425,1609.24999975,,2026-07-09 16:00:00+00:00,2026-10-09 15:00:00+00:00,0,0,none,complete
2026-10-09,2026-10-09T21:30:15+00:00,online,DK1,wind_onshore,persistence,Persistence,daily_persistence,2208,2026-10-10 04:00:00+00:00,907.24425,1346.2916662500002,,2026-07-09 16:00:00+00:00,2026-10-09 15:00:00+00:00,0,0,none,complete
2026-10-09,2026-10-09T21:30:15+00:00,online,DK1,wind_onshore,persistence,Persistence,daily_persistence,2208,2026-10-10 05:00:00+00:00,594.46875,1068.333333,,2026-07-09 16:00:00+00:00,2026-10-09 15:00:00+00:00,0,0,none,complete
2026-10-09,2026-10-09T21:30:15+00:00,online,DK1,wind_onshore,persistence,Persistence,daily_persistence,2208,2026-10-10 06:00:00+00:00,391.75825,875.708333,,2026-07-09 16:00:00+00:00,2026-10-09 15:00:00+00:00,0,0,none,complete
2026-10-09,2026-10-09T21:30:15+00:00,online,DK1,wind_onshore,persistence,Persistence,daily_persistence,2208,2026-10-10 07:00:00+00:00,211.54775,840.958333,,2026-07-09 16:00:00+00:00,2026-10-09 15:00:00+00:00,0,0,none,complete
2026-10-09,2026-10-09T21:30:15+00:00,online,DK1,wind_onshore,persistence,Persistence,daily_persistence,2208,2026-10-10 08:00:00+00:00,130.37824999999998,759.12499975,,2026-07-09 16:00:00+00:00,2026-10-09 15:00:00+00:00,0,0,none,complete
2026-10-09,2026-10-09T21:30:15+00:00,online,DK1,wind_onshore,persistence,Persistence,daily_persistence,2208,2026-10-10 09:00:00+00:00,171.20375,561.8749995,,2026-07-09 16:00:00+00:00,2026-10-09 15:00:00+00:00,0,0,none,complete
2026-10-09,2026-10-09T21:30:15+00:00,online,DK1,wind_onshore,persistence,Persistence,daily_persistence,2208,2026-10-10 10:00:00+00:00,303.02525,471.29166625,,2026-07-09 16:00:00+00:00,2026-10-09 15:00:00+00:00,0,0,none,complete
2026-10-09,2026-10-09T21:30:15+00:00,online,DK1,wind_onshore,persistence,Persistence,daily_persistence,2208,2026-10-10 11:00:00+00:00,500.058,398.24999975,,2026-07-09 16:00:00+00:00,2026-10-09 15:00:00+00:00,0,0,none,complete
2026-10-09,2026-10-09T21:30:15+00:00,online,DK1,wind_onshore,persistence,Persistence,daily_persistence,2208,2026-10-10 12:00:00+00:00,731.33975,379.91666625,,2026-07-09 16:00:00+00:00,2026-10-09 15:00:00+00:00,0,0,none,complete
2026-10-09,2026-10-09T21:30:15+00:00,online,DK1,wind_onshore,persistence,Persistence,daily_persistence,2208,2026-10-10 13:00:00+00:00,955.70775,340.208333,,2026-07-09 16:00:00+00:00,2026-10-09 15:00:00+00:00,0,0,none,complete
2026-10-09,2026-10-09T21:30:15+00:00,online,DK1,wind_onshore,persistence,Persistence,daily_persistence,2208,2026-10-10 14:00:00+00:00,1134.7075,349.08333275,,2026-07-09 16:00:00+00:00,2026-10-09 15:00:00+00:00,0,0,none,complete
2026-10-09,2026-10-09T21:30:15+00:00,online,DK1,wind_onshore,persistence,Persistence,daily_persistence,2208,2026-10-10 15:00:00+00:00,1168.8874999999998,348.66666625,,2026-07-09 16:00:00+00:00,2026-10-09 15:00:00+00:00,0,0,none,complete
2026-10-09,2026-10-09T21:30:15+00:00,online,DK1,wind_onshore,chronos2_online,Chronos2 with covariates,weather_4p+tso_forecast,2208,2026-10-09 16:00:00+00:00,1298.217529296875,1032.54166625,,2026-07-09 16:00:00+00:00,2026-10-09 15:00:00+00:00,0,0,none,complete
2026-10-09,2026-10-09T21:30:15+00:00,online,DK1,wind_onshore,chronos2_online,Chronos2 with covariates,weather_4p+tso_forecast,2208,2026-10-09 17:00:00+00:00,1298.708740234375,1004.333333,,2026-07-09 16:00:00+00:00,2026-10-09 15:00:00+00:00,0,0,none,complete
2026-10-09,2026-10-09T21:30:15+00:00,online,DK1,wind_onshore,chronos2_online,Chronos2 with covariates,weather_4p+tso_forecast,2208,2026-10-09 18:00:00+00:00,1279.2916259765625,982.7916665,,2026-07-09 16:00:00+00:00,2026-10-09 15:00:00+00:00,0,0,none,complete
2026-10-09,2026-10-09T21:30:15+00:00,online,DK1,wind_onshore,chronos2_online,Chronos2 with covariates,weather_4p+tso_forecast,2208,2026-10-09 19:00:00+00:00,1137.63427734375,908.6249995,,2026-07-09 16:00:00+00:00,2026-10-09 15:00:00+00:00,0,0,none,complete
2026-10-09,2026-10-09T21:30:15+00:00,online,DK1,wind_onshore,chronos2_online,Chronos2 with covariates,weather_4p+tso_forecast,2208,2026-10-09 20:00:00+00:00,1073.40380859375,830.7916662499999,,2026-07-09 16:00:00+00:00,2026-10-09 15:00:00+00:00,0,0,none,complete
2026-10-09,2026-10-09T21:30:15+00:00,online,DK1,wind_onshore,chronos2_online,Chronos2 with covariates,weather_4p+tso_forecast,2208,2026-10-09 21:00:00+00:00,1038.085205078125,837.9444440000001,,2026-07-09 16:00:00+00:00,2026-10-09 15:00:00+00:00,0,0,none,complete
2026-10-09,2026-10-09T21:30:15+00:00,online,DK1,wind_onshore,chronos2_online,Chronos2 with covariates,weather_4p+tso_forecast,2208,2026-10-09 22:00:00+00:00,1307.02099609375,1318.9583332500001,,2026-07-09 16:00:00+00:00,2026-10-09 15:00:00+00:00,0,0,none,complete
2026-10-09,2026-10-09T21:30:15+00:00,online,DK1,wind_onshore,chronos2_online,Chronos2 with covariates,weather_4p+tso_forecast,2208,2026-10-09 23:00:00+00:00,1314.82568359375,1328.708333,,2026-07-09 16:00:00+00:00,2026-10-09 15:00:00+00:00,0,0,none,complete
2026-10-09,2026-10-09T21:30:15+00:00,online,DK1,wind_onshore,chronos2_online,Chronos2 with covariates,weather_4p+tso_forecast,2208,2026-10-10 00:00:00+00:00,1521.955322265625,1470.833333,,2026-07-09 16:00:00+00:00,2026-10-09 15:00:00+00:00,0,0,none,complete
2026-10-09,2026-10-09T21:30:15+00:00,online,DK1,wind_onshore,chronos2_online,Chronos2 with covariates,weather_4p+tso_forecast,2208,2026-10-10 01:00:00+00:00,1682.072021484375,1565.1666662500002,,2026-07-09 16:00:00+00:00,2026-10-09 15:00:00+00:00,0,0,none,complete
2026-10-09,2026-10-09T21:30:15+00:00,online,DK1,wind_onshore,chronos2_online,Chronos2 with covariates,weather_4p+tso_forecast,2208,2026-10-10 02:00:00+00:00,1809.0721435546875,1644.6249995,,2026-07-09 16:00:00+00:00,2026-10-09 15:00:00+00:00,0,0,none,complete
2026-10-09,2026-10-09T21:30:15+00:00,online,DK1,wind_onshore,chronos2_online,Chronos2 with covariates,weather_4p+tso_forecast,2208,2026-10-10 03:00:00+00:00,1785.4345703125,1609.24999975,,2026-07-09 16:00:00+00:00,2026-10-09 15:00:00+00:00,0,0,none,complete
2026-10-09,2026-10-09T21:30:15+00:00,online,DK1,wind_onshore,chronos2_online,Chronos2 with covariates,weather_4p+tso_forecast,2208,2026-10-10 04:00:00+00:00,1483.114501953125,1346.2916662500002,,2026-07-09 16:00:00+00:00,2026-10-09 15:00:00+00:00,0,0,none,complete
2026-10-09,2026-10-09T21:30:15+00:00,online,DK1,wind_onshore,chronos2_online,Chronos2 with covariates,weather_4p+tso_forecast,2208,2026-10-10 05:00:00+00:00,1245.9111328125,1068.333333,,2026-07-09 16:00:00+00:00,2026-10-09 15:00:00+00:00,0,0,none,complete
2026-10-09,2026-10-09T21:30:15+00:00,online,DK1,wind_onshore,chronos2_online,Chronos2 with covariates,weather_4p+tso_forecast,2208,2026-10-10 06:00:00+00:00,986.405029296875,875.708333,,2026-07-09 16:00:00+00:00,2026-10-09 15:00:00+00:00,0,0,none,complete
2026-10-09,2026-10-09T21:30:15+00:00,online,DK1,wind_onshore,chronos2_online,Chronos2 with covariates,weather_4p+tso_forecast,2208,2026-10-10 07:00:00+00:00,817.756591796875,840.958333,,2026-07-09 16:00:00+00:00,2026-10-09 15:00:00+00:00,0,0,none,complete
2026-10-09,2026-10-09T21:30:15+00:00,online,DK1,wind_onshore,chronos2_online,Chronos2 with covariates,weather_4p+tso_forecast,2208,2026-10-10 08:00:00+00:00,767.833984375,759.12499975,,2026-07-09 16:00:00+00:00,2026-10-09 15:00:00+00:00,0,0,none,complete
2026-10-09,2026-10-09T21:30:15+00:00,online,DK1,wind_onshore,chronos2_online,Chronos2 with covariates,weather_4p+tso_forecast,2208,2026-10-10 09:00:00+00:00,629.3489990234375,561.8749995,,2026-07-09 16:00:00+00:00,2026-10-09 15:00:00+00:00,0,0,none,complete
2026-10-09,2026-10-09T21:30:15+00:00,online,DK1,wind_onshore,chronos2_online,Chronos2 with covariates,weather_4p+tso_forecast,2208,2026-10-10 10:00:00+00:00,513.4617919921875,471.29166625,,2026-07-09 16:00:00+00:00,2026-10-09 15:00:00+00:00,0,0,none,complete
2026-10-09,2026-10-09T21:30:15+00:00,online,DK1,wind_onshore,chronos2_online,Chronos2 with covariates,weather_4p+tso_forecast,2208,2026-10-10 11:00:00+00:00,474.20343017578125,398.24999975,,2026-07-09 16:00:00+00:00,2026-10-09 15:00:00+00:00,0,0,none,complete
2026-10-09,2026-10-09T21:30:15+00:00,online,DK1,wind_onshore,chronos2_online,Chronos2 with covariates,weather_4p+tso_forecast,2208,2026-10-10 12:00:00+00:00,450.7017822265625,379.91666625,,2026-07-09 16:00:00+00:00,2026-10-09 15:00:00+00:00,0,0,none,complete
2026-10-09,2026-10-09T21:30:15+00:00,online,DK1,wind_onshore,chronos2_online,Chronos2 with covariates,weather_4p+tso_forecast,2208,2026-10-10 13:00:00+00:00,371.17913818359375,340.208333,,2026-07-09 16:00:00+00:00,2026-10-09 15:00:00+00:00,0,0,none,complete
2026-10-09,2026-10-09T21:30:15+00:00,online,DK1,wind_onshore,chronos2_online,Chronos2 with covariates,weather_4p+tso_forecast,2208,2026-10-10 14:00:00+00:00,299.19891357421875,349.08333275,,2026-07-09 16:00:00+00:00,2026-10-09 15:00:00+00:00,0,0,none,complete
2026-10-09,2026-10-09T21:30:15+00:00,online,DK1,wind_onshore,chronos2_online,Chronos2 with covariates,weather_4p+tso_forecast,2208,2026-10-10 15:00:00+00:00,288.0865478515625,348.66666625,,2026-07-09 16:00:00+00:00,2026-10-09 15:00:00+00:00,0,0,none,complete
2026-10-09,2026-10-09T21:30:15+00:00,online,DK1,wind_onshore,xgboost_online,XGBoost with covariates,weather_4p+tso_forecast,2208,2026-10-09 16:00:00+00:00,1373.122802734375,1032.54166625,,2026-07-09 16:00:00+00:00,2026-10-09 15:00:00+00:00,0,0,none,complete
2026-10-09,2026-10-09T21:30:15+00:00,online,DK1,wind_onshore,xgboost_online,XGBoost with covariates,weather_4p+tso_forecast,2208,2026-10-09 17:00:00+00:00,1313.229736328125,1004.333333,,2026-07-09 16:00:00+00:00,2026-10-09 15:00:00+00:00,0,0,none,complete
2026-10-09,2026-10-09T21:30:15+00:00,online,DK1,wind_onshore,xgboost_online,XGBoost with covariates,weather_4p+tso_forecast,2208,2026-10-09 18:00:00+00:00,1149.4366455078125,982.7916665,,2026-07-09 16:00:00+00:00,2026-10-09 15:00:00+00:00,0,0,none,complete
2026-10-09,2026-10-09T21:30:15+00:00,online,DK1,wind_onshore,xgboost_online,XGBoost with covariates,weather_4p+tso_forecast,2208,2026-10-09 19:00:00+00:00,984.2260131835938,908.6249995,,2026-07-09 16:00:00+00:00,2026-10-09 15:00:00+00:00,0,0,none,complete
2026-10-09,2026-10-09T21:30:15+00:00,online,DK1,wind_onshore,xgboost_online,XGBoost with covariates,weather_4p+tso_forecast,2208,2026-10-09 20:00:00+00:00,947.7974243164062,830.7916662499999,,2026-07-09 16:00:00+00:00,2026-10-09 15:00:00+00:00,0,0,none,complete
2026-10-09,2026-10-09T21:30:15+00:00,online,DK1,wind_onshore,xgboost_online,XGBoost with covariates,weather_4p+tso_forecast,2208,2026-10-09 21:00:00+00:00,904.480712890625,837.9444440000001,,2026-07-09 16:00:00+00:00,2026-10-09 15:00:00+00:00,0,0,none,complete
2026-10-09,2026-10-09T21:30:15+00:00,online,DK1,wind_onshore,xgboost_online,XGBoost with covariates,weather_4p+tso_forecast,2208,2026-10-09 22:00:00+00:00,1269.2113037109375,1318.9583332500001,,2026-07-09 16:00:00+00:00,2026-10-09 15:00:00+00:00,0,0,none,complete
2026-10-09,2026-10-09T21:30:15+00:00,online,DK1,wind_onshore,xgboost_online,XGBoost with covariates,weather_4p+tso_forecast,2208,2026-10-09 23:00:00+00:00,1256.7557373046875,1328.708333,,2026-07-09 16:00:00+00:00,2026-10-09 15:00:00+00:00,0,0,none,complete
2026-10-09,2026-10-09T21:30:15+00:00,online,DK1,wind_onshore,xgboost_online,XGBoost with covariates,weather_4p+tso_forecast,2208,2026-10-10 00:00:00+00:00,1570.3126220703125,1470.833333,,2026-07-09 16:00:00+00:00,2026-10-09 15:00:00+00:00,0,0,none,complete
2026-10-09,2026-10-09T21:30:15+00:00,online,DK1,wind_onshore,xgboost_online,XGBoost with covariates,weather_4p+tso_forecast,2208,2026-10-10 01:00:00+00:00,1677.2041015625,1565.1666662500002,,2026-07-09 16:00:00+00:00,2026-10-09 15:00:00+00:00,0,0,none,complete
2026-10-09,2026-10-09T21:30:15+00:00,online,DK1,wind_onshore,xgboost_online,XGBoost with covariates,weather_4p+tso_forecast,2208,2026-10-10 02:00:00+00:00,1790.4105224609375,1644.6249995,,2026-07-09 16:00:00+00:00,2026-10-09 15:00:00+00:00,0,0,none,complete
2026-10-09,2026-10-09T21:30:15+00:00,online,DK1,wind_onshore,xgboost_online,XGBoost with covariates,weather_4p+tso_forecast,2208,2026-10-10 03:00:00+00:00,1745.110107421875,1609.24999975,,2026-07-09 16:00:00+00:00,2026-10-09 15:00:00+00:00,0,0,none,complete
2026-10-09,2026-10-09T21:30:15+00:00,online,DK1,wind_onshore,xgboost_online,XGBoost with covariates,weather_4p+tso_forecast,2208,2026-10-10 04:00:00+00:00,1380.3480224609375,1346.2916662500002,,2026-07-09 16:00:00+00:00,2026-10-09 15:00:00+00:00,0,0,none,complete
2026-10-09,2026-10-09T21:30:15+00:00,online,DK1,wind_onshore,xgboost_online,XGBoost with covariates,weather_4p+tso_forecast,2208,2026-10-10 05:00:00+00:00,1152.769775390625,1068.333333,,2026-07-09 16:00:00+00:00,2026-10-09 15:00:00+00:00,0,0,none,complete
2026-10-09,2026-10-09T21:30:15+00:00,online,DK1,wind_onshore,xgboost_online,XGBoost with covariates,weather_4p+tso_forecast,2208,2026-10-10 06:00:00+00:00,946.839111328125,875.708333,,2026-07-09 16:00:00+00:00,2026-10-09 15:00:00+00:00,0,0,none,complete
2026-10-09,2026-10-09T21:30:15+00:00,online,DK1,wind_onshore,xgboost_online,XGBoost with covariates,weather_4p+tso_forecast,2208,2026-10-10 07:00:00+00:00,920.0067138671875,840.958333,,2026-07-09 16:00:00+00:00,2026-10-09 15:00:00+00:00,0,0,none,complete
2026-10-09,2026-10-09T21:30:15+00:00,online,DK1,wind_onshore,xgboost_online,XGBoost with covariates,weather_4p+tso_forecast,2208,2026-10-10 08:00:00+00:00,831.7555541992188,759.12499975,,2026-07-09 16:00:00+00:00,2026-10-09 15:00:00+00:00,0,0,none,complete
2026-10-09,2026-10-09T21:30:15+00:00,online,DK1,wind_onshore,xgboost_online,XGBoost with covariates,weather_4p+tso_forecast,2208,2026-10-10 09:00:00+00:00,609.0946044921875,561.8749995,,2026-07-09 16:00:00+00:00,2026-10-09 15:00:00+00:00,0,0,none,complete
2026-10-09,2026-10-09T21:30:15+00:00,online,DK1,wind_onshore,xgboost_online,XGBoost with covariates,weather_4p+tso_forecast,2208,2026-10-10 10:00:00+00:00,447.61053466796875,471.29166625,,2026-07-09 16:00:00+00:00,2026-10-09 15:00:00+00:00,0,0,none,complete
2026-10-09,2026-10-09T21:30:15+00:00,online,DK1,wind_onshore,xgboost_online,XGBoost with covariates,weather_4p+tso_forecast,2208,2026-10-10 11:00:00+00:00,372.87469482421875,398.24999975,,2026-07-09 16:00:00+00:00,2026-10-09 15:00:00+00:00,0,0,none,complete
2026-10-09,2026-10-09T21:30:15+00:00,online,DK1,wind_onshore,xgboost_online,XGBoost with covariates,weather_4p+tso_forecast,2208,2026-10-10 12:00:00+00:00,361.88092041015625,379.91666625,,2026-07-09 16:00:00+00:00,2026-10-09 15:00:00+00:00,0,0,none,complete
2026-10-09,2026-10-09T21:30:15+00:00,online,DK1,wind_onshore,xgboost_online,XGBoost with covariates,weather_4p+tso_forecast,2208,2026-10-10 13:00:00+00:00,335.5338134765625,340.208333,,2026-07-09 16:00:00+00:00,2026-10-09 15:00:00+00:00,0,0,none,complete
2026-10-09,2026-10-09T21:30:15+00:00,online,DK1,wind_onshore,xgboost_online,XGBoost with covariates,weather_4p+tso_forecast,2208,2026-10-10 14:00:00+00:00,319.6866455078125,349.08333275,,2026-07-09 16:00:00+00:00,2026-10-09 15:00:00+00:00,0,0,none,complete
2026-10-09,2026-10-09T21:30:15+00:00,online,DK1,wind_onshore,xgboost_online,XGBoost with covariates,weather_4p+tso_forecast,2208,2026-10-10 15:00:00+00:00,308.36199951171875,348.66666625,,2026-07-09 16:00:00+00:00,2026-10-09 15:00:00+00:00,0,0,none,complete
2026-10-09,2026-10-09T21:30:15+00:00,online,DK1,wind_offshore,tso_reference,TSO forecast,tso_forecast,2208,2026-10-09 16:00:00+00:00,670.4999995,670.4999995,,2026-07-09 16:00:00+00:00,2026-10-09 15:00:00+00:00,0,0,none,complete
2026-10-09,2026-10-09T21:30:15+00:00,online,DK1,wind_offshore,tso_reference,TSO forecast,tso_forecast,2208,2026-10-09 17:00:00+00:00,703.4166665,703.4166665,,2026-07-09 16:00:00+00:00,2026-10-09 15:00:00+00:00,0,0,none,complete
2026-10-09,2026-10-09T21:30:15+00:00,online,DK1,wind_offshore,tso_reference,TSO forecast,tso_forecast,2208,2026-10-09 18:00:00+00:00,745.958333,745.958333,,2026-07-09 16:00:00+00:00,2026-10-09 15:00:00+00:00,0,0,none,complete
2026-10-09,2026-10-09T21:30:15+00:00,online,DK1,wind_offshore,tso_reference,TSO forecast,tso_forecast,2208,2026-10-09 19:00:00+00:00,804.24999975,804.24999975,,2026-07-09 16:00:00+00:00,2026-10-09 15:00:00+00:00,0,0,none,complete
2026-10-09,2026-10-09T21:30:15+00:00,online,DK1,wind_offshore,tso_reference,TSO forecast,tso_forecast,2208,2026-10-09 20:00:00+00:00,864.3749995000001,864.3749995000001,,2026-07-09 16:00:00+00:00,2026-10-09 15:00:00+00:00,0,0,none,complete
2026-10-09,2026-10-09T21:30:15+00:00,online,DK1,wind_offshore,tso_reference,TSO forecast,tso_forecast,2208,2026-10-09 21:00:00+00:00,849.6666663333334,849.6666663333334,,2026-07-09 16:00:00+00:00,2026-10-09 15:00:00+00:00,0,0,none,complete
2026-10-09,2026-10-09T21:30:15+00:00,online,DK1,wind_offshore,tso_reference,TSO forecast,tso_forecast,2208,2026-10-09 22:00:00+00:00,818.7499995,818.7499995,,2026-07-09 16:00:00+00:00,2026-10-09 15:00:00+00:00,0,0,none,complete
2026-10-09,2026-10-09T21:30:15+00:00,online,DK1,wind_offshore,tso_reference,TSO forecast,tso_forecast,2208,2026-10-09 23:00:00+00:00,844.74999975,844.74999975,,2026-07-09 16:00:00+00:00,2026-10-09 15:00:00+00:00,0,0,none,complete
2026-10-09,2026-10-09T21:30:15+00:00,online,DK1,wind_offshore,tso_reference,TSO forecast,tso_forecast,2208,2026-10-10 00:00:00+00:00,858.208333,858.208333,,2026-07-09 16:00:00+00:00,2026-10-09 15:00:00+00:00,0,0,none,complete
2026-10-09,2026-10-09T21:30:15+00:00,online,DK1,wind_offshore,tso_reference,TSO forecast,tso_forecast,2208,2026-10-10 01:00:00+00:00,875.916666,875.916666,,2026-07-09 16:00:00+00:00,2026-10-09 15:00:00+00:00,0,0,none,complete
2026-10-09,2026-10-09T21:30:15+00:00,online,DK1,wind_offshore,tso_reference,TSO forecast,tso_forecast,2208,2026-10-10 02:00:00+00:00,893.99999975,893.99999975,,2026-07-09 16:00:00+00:00,2026-10-09 15:00:00+00:00,0,0,none,complete
2026-10-09,2026-10-09T21:30:15+00:00,online,DK1,wind_offshore,tso_reference,TSO forecast,tso_forecast,2208,2026-10-10 03:00:00+00:00,898.4999995000001,898.4999995000001,,2026-07-09 16:00:00+00:00,2026-10-09 15:00:00+00:00,0,0,none,complete
2026-10-09,2026-10-09T21:30:15+00:00,online,DK1,wind_offshore,tso_reference,TSO forecast,tso_forecast,2208,2026-10-10 04:00:00+00:00,904.458333,904.458333,,2026-07-09 16:00:00+00:00,2026-10-09 15:00:00+00:00,0,0,none,complete
2026-10-09,2026-10-09T21:30:15+00:00,online,DK1,wind_offshore,tso_reference,TSO forecast,tso_forecast,2208,2026-10-10 05:00:00+00:00,900.833333,900.833333,,2026-07-09 16:00:00+00:00,2026-10-09 15:00:00+00:00,0,0,none,complete
2026-10-09,2026-10-09T21:30:15+00:00,online,DK1,wind_offshore,tso_reference,TSO forecast,tso_forecast,2208,2026-10-10 06:00:00+00:00,860.9166662499999,860.9166662499999,,2026-07-09 16:00:00+00:00,2026-10-09 15:00:00+00:00,0,0,none,complete
2026-10-09,2026-10-09T21:30:15+00:00,online,DK1,wind_offshore,tso_reference,TSO forecast,tso_forecast,2208,2026-10-10 07:00:00+00:00,811.958333,811.958333,,2026-07-09 16:00:00+00:00,2026-10-09 15:00:00+00:00,0,0,none,complete
2026-10-09,2026-10-09T21:30:15+00:00,online,DK1,wind_offshore,tso_reference,TSO forecast,tso_forecast,2208,2026-10-10 08:00:00+00:00,761.4166662499999,761.4166662499999,,2026-07-09 16:00:00+00:00,2026-10-09 15:00:00+00:00,0,0,none,complete
2026-10-09,2026-10-09T21:30:15+00:00,online,DK1,wind_offshore,tso_reference,TSO forecast,tso_forecast,2208,2026-10-10 09:00:00+00:00,684.125,684.125,,2026-07-09 16:00:00+00:00,2026-10-09 15:00:00+00:00,0,0,none,complete
2026-10-09,2026-10-09T21:30:15+00:00,online,DK1,wind_offshore,tso_reference,TSO forecast,tso_forecast,2208,2026-10-10 10:00:00+00:00,606.70833275,606.70833275,,2026-07-09 16:00:00+00:00,2026-10-09 15:00:00+00:00,0,0,none,complete
2026-10-09,2026-10-09T21:30:15+00:00,online,DK1,wind_offshore,tso_reference,TSO forecast,tso_forecast,2208,2026-10-10 11:00:00+00:00,534.958333,534.958333,,2026-07-09 16:00:00+00:00,2026-10-09 15:00:00+00:00,0,0,none,complete
2026-10-09,2026-10-09T21:30:15+00:00,online,DK1,wind_offshore,tso_reference,TSO forecast,tso_forecast,2208,2026-10-10 12:00:00+00:00,527.958333,527.958333,,2026-07-09 16:00:00+00:00,2026-10-09 15:00:00+00:00,0,0,none,complete
2026-10-09,2026-10-09T21:30:15+00:00,online,DK1,wind_offshore,tso_reference,TSO forecast,tso_forecast,2208,2026-10-10 13:00:00+00:00,525.6666665,525.6666665,,2026-07-09 16:00:00+00:00,2026-10-09 15:00:00+00:00,0,0,none,complete
2026-10-09,2026-10-09T21:30:15+00:00,online,DK1,wind_offshore,tso_reference,TSO forecast,tso_forecast,2208,2026-10-10 14:00:00+00:00,536.95833325,536.95833325,,2026-07-09 16:00:00+00:00,2026-10-09 15:00:00+00:00,0,0,none,complete
2026-10-09,2026-10-09T21:30:15+00:00,online,DK1,wind_offshore,tso_reference,TSO forecast,tso_forecast,2208,2026-10-10 15:00:00+00:00,535.1666662499999,535.1666662499999,,2026-07-09 16:00:00+00:00,2026-10-09 15:00:00+00:00,0,0,none,complete
2026-10-09,2026-10-09T21:30:15+00:00,online,DK1,wind_offshore,persistence,Persistence,daily_persistence,2208,2026-10-09 16:00:00+00:00,1492.2800000000002,670.4999995,,2026-07-09 16:00:00+00:00,2026-10-09 15:00:00+00:00,0,0,none,complete
2026-10-09,2026-10-09T21:30:15+00:00,online,DK1,wind_offshore,persistence,Persistence,daily_persistence,2208,2026-10-09 17:00:00+00:00,1489.8625,703.4166665,,2026-07-09 16:00:00+00:00,2026-10-09 15:00:00+00:00,0,0,none,complete
2026-10-09,2026-10-09T21:30:15+00:00,online,DK1,wind_offshore,persistence,Persistence,daily_persistence,2208,2026-10-09 18:00:00+00:00,1489.3875,745.958333,,2026-07-09 16:00:00+00:00,2026-10-09 15:00:00+00:00,0,0,none,complete
2026-10-09,2026-10-09T21:30:15+00:00,online,DK1,wind_offshore,persistence,Persistence,daily_persistence,2208,2026-10-09 19:00:00+00:00,1499.4375,804.24999975,,2026-07-09 16:00:00+00:00,2026-10-09 15:00:00+00:00,0,0,none,complete
2026-10-09,2026-10-09T21:30:15+00:00,online,DK1,wind_offshore,persistence,Persistence,daily_persistence,2208,2026-10-09 20:00:00+00:00,1498.435,864.3749995000001,,2026-07-09 16:00:00+00:00,2026-10-09 15:00:00+00:00,0,0,none,complete
2026-10-09,2026-10-09T21:30:15+00:00,online,DK1,wind_offshore,persistence,Persistence,daily_persistence,2208,2026-10-09 21:00:00+00:00,1491.2825,849.6666663333334,,2026-07-09 16:00:00+00:00,2026-10-09 15:00:00+00:00,0,0,none,complete
2026-10-09,2026-10-09T21:30:15+00:00,online,DK1,wind_offshore,persistence,Persistence,daily_persistence,2208,2026-10-09 22:00:00+00:00,1480.5825,818.7499995,,2026-07-09 16:00:00+00:00,2026-10-09 15:00:00+00:00,0,0,none,complete
2026-10-09,2026-10-09T21:30:15+00:00,online,DK1,wind_offshore,persistence,Persistence,daily_persistence,2208,2026-10-09 23:00:00+00:00,1479.445,844.74999975,,2026-07-09 16:00:00+00:00,2026-10-09 15:00:00+00:00,0,0,none,complete
2026-10-09,2026-10-09T21:30:15+00:00,online,DK1,wind_offshore,persistence,Persistence,daily_persistence,2208,2026-10-10 00:00:00+00:00,1438.6999999999998,858.208333,,2026-07-09 16:00:00+00:00,2026-10-09 15:00:00+00:00,0,0,none,complete
2026-10-09,2026-10-09T21:30:15+00:00,online,DK1,wind_offshore,persistence,Persistence,daily_persistence,2208,2026-10-10 01:00:00+00:00,1336.8825,875.916666,,2026-07-09 16:00:00+00:00,2026-10-09 15:00:00+00:00,0,0,none,complete
2026-10-09,2026-10-09T21:30:15+00:00,online,DK1,wind_offshore,persistence,Persistence,daily_persistence,2208,2026-10-10 02:00:00+00:00,1132.14,893.99999975,,2026-07-09 16:00:00+00:00,2026-10-09 15:00:00+00:00,0,0,none,complete
2026-10-09,2026-10-09T21:30:15+00:00,online,DK1,wind_offshore,persistence,Persistence,daily_persistence,2208,2026-10-10 03:00:00+00:00,869.97675,898.4999995000001,,2026-07-09 16:00:00+00:00,2026-10-09 15:00:00+00:00,0,0,none,complete
2026-10-09,2026-10-09T21:30:15+00:00,online,DK1,wind_offshore,persistence,Persistence,daily_persistence,2208,2026-10-10 04:00:00+00:00,712.0335,904.458333,,2026-07-09 16:00:00+00:00,2026-10-09 15:00:00+00:00,0,0,none,complete
2026-10-09,2026-10-09T21:30:15+00:00,online,DK1,wind_offshore,persistence,Persistence,daily_persistence,2208,2026-10-10 05:00:00+00:00,512.48275,900.833333,,2026-07-09 16:00:00+00:00,2026-10-09 15:00:00+00:00,0,0,none,complete
2026-10-09,2026-10-09T21:30:15+00:00,online,DK1,wind_offshore,persistence,Persistence,daily_persistence,2208,2026-10-10 06:00:00+00:00,398.94975,860.9166662499999,,2026-07-09 16:00:00+00:00,2026-10-09 15:00:00+00:00,0,0,none,complete
2026-10-09,2026-10-09T21:30:15+00:00,online,DK1,wind_offshore,persistence,Persistence,daily_persistence,2208,2026-10-10 07:00:00+00:00,331.36325,811.958333,,2026-07-09 16:00:00+00:00,2026-10-09 15:00:00+00:00,0,0,none,complete
2026-10-09,2026-10-09T21:30:15+00:00,online,DK1,wind_offshore,persistence,Persistence,daily_persistence,2208,2026-10-10 08:00:00+00:00,260.7985,761.4166662499999,,2026-07-09 16:00:00+00:00,2026-10-09 15:00:00+00:00,0,0,none,complete
2026-10-09,2026-10-09T21:30:15+00:00,online,DK1,wind_offshore,persistence,Persistence,daily_persistence,2208,2026-10-10 09:00:00+00:00,282.015,684.125,,2026-07-09 16:00:00+00:00,2026-10-09 15:00:00+00:00,0,0,none,complete
2026-10-09,2026-10-09T21:30:15+00:00,online,DK1,wind_offshore,persistence,Persistence,daily_persistence,2208,2026-10-10 10:00:00+00:00,401.40525,606.70833275,,2026-07-09 16:00:00+00:00,2026-10-09 15:00:00+00:00,0,0,none,complete
2026-10-09,2026-10-09T21:30:15+00:00,online,DK1,wind_offshore,persistence,Persistence,daily_persistence,2208,2026-10-10 11:00:00+00:00,598.7057500000001,534.958333,,2026-07-09 16:00:00+00:00,2026-10-09 15:00:00+00:00,0,0,none,complete
2026-10-09,2026-10-09T21:30:15+00:00,online,DK1,wind_offshore,persistence,Persistence,daily_persistence,2208,2026-10-10 12:00:00+00:00,798.6334999999999,527.958333,,2026-07-09 16:00:00+00:00,2026-10-09 15:00:00+00:00,0,0,none,complete
2026-10-09,2026-10-09T21:30:15+00:00,online,DK1,wind_offshore,persistence,Persistence,daily_persistence,2208,2026-10-10 13:00:00+00:00,682.9282499999999,525.6666665,,2026-07-09 16:00:00+00:00,2026-10-09 15:00:00+00:00,0,0,none,complete
2026-10-09,2026-10-09T21:30:15+00:00,online,DK1,wind_offshore,persistence,Persistence,daily_persistence,2208,2026-10-10 14:00:00+00:00,612.189,536.95833325,,2026-07-09 16:00:00+00:00,2026-10-09 15:00:00+00:00,0,0,none,complete
2026-10-09,2026-10-09T21:30:15+00:00,online,DK1,wind_offshore,persistence,Persistence,daily_persistence,2208,2026-10-10 15:00:00+00:00,784.12925,535.1666662499999,,2026-07-09 16:00:00+00:00,2026-10-09 15:00:00+00:00,0,0,none,complete
2026-10-09,2026-10-09T21:30:15+00:00,online,DK1,wind_offshore,chronos2_online,Chronos2 with covariates,weather_4p+tso_forecast,2208,2026-10-09 16:00:00+00:00,918.2359619140625,670.4999995,,2026-07-09 16:00:00+00:00,2026-10-09 15:00:00+00:00,0,0,none,complete
2026-10-09,2026-10-09T21:30:15+00:00,online,DK1,wind_offshore,chronos2_online,Chronos2 with covariates,weather_4p+tso_forecast,2208,2026-10-09 17:00:00+00:00,970.1386108398438,703.4166665,,2026-07-09 16:00:00+00:00,2026-10-09 15:00:00+00:00,0,0,none,complete
2026-10-09,2026-10-09T21:30:15+00:00,online,DK1,wind_offshore,chronos2_online,Chronos2 with covariates,weather_4p+tso_forecast,2208,2026-10-09 18:00:00+00:00,1120.156982421875,745.958333,,2026-07-09 16:00:00+00:00,2026-10-09 15:00:00+00:00,0,0,none,complete
2026-10-09,2026-10-09T21:30:15+00:00,online,DK1,wind_offshore,chronos2_online,Chronos2 with covariates,weather_4p+tso_forecast,2208,2026-10-09 19:00:00+00:00,1264.923583984375,804.24999975,,2026-07-09 16:00:00+00:00,2026-10-09 15:00:00+00:00,0,0,none,complete
2026-10-09,2026-10-09T21:30:15+00:00,online,DK1,wind_offshore,chronos2_online,Chronos2 with covariates,weather_4p+tso_forecast,2208,2026-10-09 20:00:00+00:00,1341.479248046875,864.3749995000001,,2026-07-09 16:00:00+00:00,2026-10-09 15:00:00+00:00,0,0,none,complete
2026-10-09,2026-10-09T21:30:15+00:00,online,DK1,wind_offshore,chronos2_online,Chronos2 with covariates,weather_4p+tso_forecast,2208,2026-10-09 21:00:00+00:00,1276.7255859375,849.6666663333334,,2026-07-09 16:00:00+00:00,2026-10-09 15:00:00+00:00,0,0,none,complete
2026-10-09,2026-10-09T21:30:15+00:00,online,DK1,wind_offshore,chronos2_online,Chronos2 with covariates,weather_4p+tso_forecast,2208,2026-10-09 22:00:00+00:00,1259.913818359375,818.7499995,,2026-07-09 16:00:00+00:00,2026-10-09 15:00:00+00:00,0,0,none,complete
2026-10-09,2026-10-09T21:30:15+00:00,online,DK1,wind_offshore,chronos2_online,Chronos2 with covariates,weather_4p+tso_forecast,2208,2026-10-09 23:00:00+00:00,1281.96044921875,844.74999975,,2026-07-09 16:00:00+00:00,2026-10-09 15:00:00+00:00,0,0,none,complete
2026-10-09,2026-10-09T21:30:15+00:00,online,DK1,wind_offshore,chronos2_online,Chronos2 with covariates,weather_4p+tso_forecast,2208,2026-10-10 00:00:00+00:00,1293.2423095703125,858.208333,,2026-07-09 16:00:00+00:00,2026-10-09 15:00:00+00:00,0,0,none,complete
2026-10-09,2026-10-09T21:30:15+00:00,online,DK1,wind_offshore,chronos2_online,Chronos2 with covariates,weather_4p+tso_forecast,2208,2026-10-10 01:00:00+00:00,1317.94970703125,875.916666,,2026-07-09 16:00:00+00:00,2026-10-09 15:00:00+00:00,0,0,none,complete
2026-10-09,2026-10-09T21:30:15+00:00,online,DK1,wind_offshore,chronos2_online,Chronos2 with covariates,weather_4p+tso_forecast,2208,2026-10-10 02:00:00+00:00,1334.48583984375,893.99999975,,2026-07-09 16:00:00+00:00,2026-10-09 15:00:00+00:00,0,0,none,complete
2026-10-09,2026-10-09T21:30:15+00:00,online,DK1,wind_offshore,chronos2_online,Chronos2 with covariates,weather_4p+tso_forecast,2208,2026-10-10 03:00:00+00:00,1319.722412109375,898.4999995000001,,2026-07-09 16:00:00+00:00,2026-10-09 15:00:00+00:00,0,0,none,complete
2026-10-09,2026-10-09T21:30:15+00:00,online,DK1,wind_offshore,chronos2_online,Chronos2 with covariates,weather_4p+tso_forecast,2208,2026-10-10 04:00:00+00:00,1300.65869140625,904.458333,,2026-07-09 16:00:00+00:00,2026-10-09 15:00:00+00:00,0,0,none,complete
2026-10-09,2026-10-09T21:30:15+00:00,online,DK1,wind_offshore,chronos2_online,Chronos2 with covariates,weather_4p+tso_forecast,2208,2026-10-10 05:00:00+00:00,1270.7957763671875,900.833333,,2026-07-09 16:00:00+00:00,2026-10-09 15:00:00+00:00,0,0,none,complete
2026-10-09,2026-10-09T21:30:15+00:00,online,DK1,wind_offshore,chronos2_online,Chronos2 with covariates,weather_4p+tso_forecast,2208,2026-10-10 06:00:00+00:00,1155.85888671875,860.9166662499999,,2026-07-09 16:00:00+00:00,2026-10-09 15:00:00+00:00,0,0,none,complete
2026-10-09,2026-10-09T21:30:15+00:00,online,DK1,wind_offshore,chronos2_online,Chronos2 with covariates,weather_4p+tso_forecast,2208,2026-10-10 07:00:00+00:00,1004.09814453125,811.958333,,2026-07-09 16:00:00+00:00,2026-10-09 15:00:00+00:00,0,0,none,complete
2026-10-09,2026-10-09T21:30:15+00:00,online,DK1,wind_offshore,chronos2_online,Chronos2 with covariates,weather_4p+tso_forecast,2208,2026-10-10 08:00:00+00:00,897.2698974609375,761.4166662499999,,2026-07-09 16:00:00+00:00,2026-10-09 15:00:00+00:00,0,0,none,complete
2026-10-09,2026-10-09T21:30:15+00:00,online,DK1,wind_offshore,chronos2_online,Chronos2 with covariates,weather_4p+tso_forecast,2208,2026-10-10 09:00:00+00:00,709.7057495117188,684.125,,2026-07-09 16:00:00+00:00,2026-10-09 15:00:00+00:00,0,0,none,complete
2026-10-09,2026-10-09T21:30:15+00:00,online,DK1,wind_offshore,chronos2_online,Chronos2 with covariates,weather_4p+tso_forecast,2208,2026-10-10 10:00:00+00:00,583.34716796875,606.70833275,,2026-07-09 16:00:00+00:00,2026-10-09 15:00:00+00:00,0,0,none,complete
2026-10-09,2026-10-09T21:30:15+00:00,online,DK1,wind_offshore,chronos2_online,Chronos2 with covariates,weather_4p+tso_forecast,2208,2026-10-10 11:00:00+00:00,475.4607849121094,534.958333,,2026-07-09 16:00:00+00:00,2026-10-09 15:00:00+00:00,0,0,none,complete
2026-10-09,2026-10-09T21:30:15+00:00,online,DK1,wind_offshore,chronos2_online,Chronos2 with covariates,weather_4p+tso_forecast,2208,2026-10-10 12:00:00+00:00,455.2938232421875,527.958333,,2026-07-09 16:00:00+00:00,2026-10-09 15:00:00+00:00,0,0,none,complete
2026-10-09,2026-10-09T21:30:15+00:00,online,DK1,wind_offshore,chronos2_online,Chronos2 with covariates,weather_4p+tso_forecast,2208,2026-10-10 13:00:00+00:00,448.6665344238281,525.6666665,,2026-07-09 16:00:00+00:00,2026-10-09 15:00:00+00:00,0,0,none,complete
2026-10-09,2026-10-09T21:30:15+00:00,online,DK1,wind_offshore,chronos2_online,Chronos2 with covariates,weather_4p+tso_forecast,2208,2026-10-10 14:00:00+00:00,497.10791015625,536.95833325,,2026-07-09 16:00:00+00:00,2026-10-09 15:00:00+00:00,0,0,none,complete
2026-10-09,2026-10-09T21:30:15+00:00,online,DK1,wind_offshore,chronos2_online,Chronos2 with covariates,weather_4p+tso_forecast,2208,2026-10-10 15:00:00+00:00,518.1912841796875,535.1666662499999,,2026-07-09 16:00:00+00:00,2026-10-09 15:00:00+00:00,0,0,none,complete
2026-10-09,2026-10-09T21:30:15+00:00,online,DK1,wind_offshore,xgboost_online,XGBoost with covariates,weather_4p+tso_forecast,2208,2026-10-09 16:00:00+00:00,957.5681762695312,670.4999995,,2026-07-09 16:00:00+00:00,2026-10-09 15:00:00+00:00,0,0,none,complete
2026-10-09,2026-10-09T21:30:15+00:00,online,DK1,wind_offshore,xgboost_online,XGBoost with covariates,weather_4p+tso_forecast,2208,2026-10-09 17:00:00+00:00,1004.5169677734375,703.4166665,,2026-07-09 16:00:00+00:00,2026-10-09 15:00:00+00:00,0,0,none,complete
2026-10-09,2026-10-09T21:30:15+00:00,online,DK1,wind_offshore,xgboost_online,XGBoost with covariates,weather_4p+tso_forecast,2208,2026-10-09 18:00:00+00:00,1093.5079345703125,745.958333,,2026-07-09 16:00:00+00:00,2026-10-09 15:00:00+00:00,0,0,none,complete
2026-10-09,2026-10-09T21:30:15+00:00,online,DK1,wind_offshore,xgboost_online,XGBoost with covariates,weather_4p+tso_forecast,2208,2026-10-09 19:00:00+00:00,1188.303955078125,804.24999975,,2026-07-09 16:00:00+00:00,2026-10-09 15:00:00+00:00,0,0,none,complete
2026-10-09,2026-10-09T21:30:15+00:00,online,DK1,wind_offshore,xgboost_online,XGBoost with covariates,weather_4p+tso_forecast,2208,2026-10-09 20:00:00+00:00,1267.2291259765625,864.3749995000001,,2026-07-09 16:00:00+00:00,2026-10-09 15:00:00+00:00,0,0,none,complete
2026-10-09,2026-10-09T21:30:15+00:00,online,DK1,wind_offshore,xgboost_online,XGBoost with covariates,weather_4p+tso_forecast,2208,2026-10-09 21:00:00+00:00,1274.4210205078125,849.6666663333334,,2026-07-09 16:00:00+00:00,2026-10-09 15:00:00+00:00,0,0,none,complete
2026-10-09,2026-10-09T21:30:15+00:00,online,DK1,wind_offshore,xgboost_online,XGBoost with covariates,weather_4p+tso_forecast,2208,2026-10-09 22:00:00+00:00,1162.9945068359375,818.7499995,,2026-07-09 16:00:00+00:00,2026-10-09 15:00:00+00:00,0,0,none,complete
2026-10-09,2026-10-09T21:30:15+00:00,online,DK1,wind_offshore,xgboost_online,XGBoost with covariates,weather_4p+tso_forecast,2208,2026-10-09 23:00:00+00:00,1226.869873046875,844.74999975,,2026-07-09 16:00:00+00:00,2026-10-09 15:00:00+00:00,0,0,none,complete
2026-10-09,2026-10-09T21:30:15+00:00,online,DK1,wind_offshore,xgboost_online,XGBoost with covariates,weather_4p+tso_forecast,2208,2026-10-10 00:00:00+00:00,1106.82421875,858.208333,,2026-07-09 16:00:00+00:00,2026-10-09 15:00:00+00:00,0,0,none,complete
2026-10-09,2026-10-09T21:30:15+00:00,online,DK1,wind_offshore,xgboost_online,XGBoost with covariates,weather_4p+tso_forecast,2208,2026-10-10 01:00:00+00:00,1176.5008544921875,875.916666,,2026-07-09 16:00:00+00:00,2026-10-09 15:00:00+00:00,0,0,none,complete
2026-10-09,2026-10-09T21:30:15+00:00,online,DK1,wind_offshore,xgboost_online,XGBoost with covariates,weather_4p+tso_forecast,2208,2026-10-10 02:00:00+00:00,1189.4559326171875,893.99999975,,2026-07-09 16:00:00+00:00,2026-10-09 15:00:00+00:00,0,0,none,complete
2026-10-09,2026-10-09T21:30:15+00:00,online,DK1,wind_offshore,xgboost_online,XGBoost with covariates,weather_4p+tso_forecast,2208,2026-10-10 03:00:00+00:00,1125.3355712890625,898.4999995000001,,2026-07-09 16:00:00+00:00,2026-10-09 15:00:00+00:00,0,0,none,complete
2026-10-09,2026-10-09T21:30:15+00:00,online,DK1,wind_offshore,xgboost_online,XGBoost with covariates,weather_4p+tso_forecast,2208,2026-10-10 04:00:00+00:00,1102.248046875,904.458333,,2026-07-09 16:00:00+00:00,2026-10-09 15:00:00+00:00,0,0,none,complete
2026-10-09,2026-10-09T21:30:15+00:00,online,DK1,wind_offshore,xgboost_online,XGBoost with covariates,weather_4p+tso_forecast,2208,2026-10-10 05:00:00+00:00,1085.081787109375,900.833333,,2026-07-09 16:00:00+00:00,2026-10-09 15:00:00+00:00,0,0,none,complete
2026-10-09,2026-10-09T21:30:15+00:00,online,DK1,wind_offshore,xgboost_online,XGBoost with covariates,weather_4p+tso_forecast,2208,2026-10-10 06:00:00+00:00,1013.9738159179688,860.9166662499999,,2026-07-09 16:00:00+00:00,2026-10-09 15:00:00+00:00,0,0,none,complete
2026-10-09,2026-10-09T21:30:15+00:00,online,DK1,wind_offshore,xgboost_online,XGBoost with covariates,weather_4p+tso_forecast,2208,2026-10-10 07:00:00+00:00,930.3216552734375,811.958333,,2026-07-09 16:00:00+00:00,2026-10-09 15:00:00+00:00,0,0,none,complete
2026-10-09,2026-10-09T21:30:15+00:00,online,DK1,wind_offshore,xgboost_online,XGBoost with covariates,weather_4p+tso_forecast,2208,2026-10-10 08:00:00+00:00,773.7630615234375,761.4166662499999,,2026-07-09 16:00:00+00:00,2026-10-09 15:00:00+00:00,0,0,none,complete
2026-10-09,2026-10-09T21:30:15+00:00,online,DK1,wind_offshore,xgboost_online,XGBoost with covariates,weather_4p+tso_forecast,2208,2026-10-10 09:00:00+00:00,652.1671142578125,684.125,,2026-07-09 16:00:00+00:00,2026-10-09 15:00:00+00:00,0,0,none,complete
2026-10-09,2026-10-09T21:30:15+00:00,online,DK1,wind_offshore,xgboost_online,XGBoost with covariates,weather_4p+tso_forecast,2208,2026-10-10 10:00:00+00:00,607.509521484375,606.70833275,,2026-07-09 16:00:00+00:00,2026-10-09 15:00:00+00:00,0,0,none,complete
2026-10-09,2026-10-09T21:30:15+00:00,online,DK1,wind_offshore,xgboost_online,XGBoost with covariates,weather_4p+tso_forecast,2208,2026-10-10 11:00:00+00:00,441.3340759277344,534.958333,,2026-07-09 16:00:00+00:00,2026-10-09 15:00:00+00:00,0,0,none,complete
2026-10-09,2026-10-09T21:30:15+00:00,online,DK1,wind_offshore,xgboost_online,XGBoost with covariates,weather_4p+tso_forecast,2208,2026-10-10 12:00:00+00:00,423.28582763671875,527.958333,,2026-07-09 16:00:00+00:00,2026-10-09 15:00:00+00:00,0,0,none,complete
2026-10-09,2026-10-09T21:30:15+00:00,online,DK1,wind_offshore,xgboost_online,XGBoost with covariates,weather_4p+tso_forecast,2208,2026-10-10 13:00:00+00:00,410.90997314453125,525.6666665,,2026-07-09 16:00:00+00:00,2026-10-09 15:00:00+00:00,0,0,none,complete
2026-10-09,2026-10-09T21:30:15+00:00,online,DK1,wind_offshore,xgboost_online,XGBoost with covariates,weather_4p+tso_forecast,2208,2026-10-10 14:00:00+00:00,400.7916259765625,536.95833325,,2026-07-09 16:00:00+00:00,2026-10-09 15:00:00+00:00,0,0,none,complete
2026-10-09,2026-10-09T21:30:15+00:00,online,DK1,wind_offshore,xgboost_online,XGBoost with covariates,weather_4p+tso_forecast,2208,2026-10-10 15:00:00+00:00,412.0733337402344,535.1666662499999,,2026-07-09 16:00:00+00:00,2026-10-09 15:00:00+00:00,0,0,none,complete
2026-10-09,2026-10-09T21:30:15+00:00,online,DK2,wind_onshore,tso_reference,TSO forecast,tso_forecast,2208,2026-10-09 16:00:00+00:00,265.33333300000004,265.33333300000004,,2026-07-09 16:00:00+00:00,2026-10-09 15:00:00+00:00,0,0,none,complete
2026-10-09,2026-10-09T21:30:15+00:00,online,DK2,wind_onshore,tso_reference,TSO forecast,tso_forecast,2208,2026-10-09 17:00:00+00:00,256.708333,256.708333,,2026-07-09 16:00:00+00:00,2026-10-09 15:00:00+00:00,0,0,none,complete
2026-10-09,2026-10-09T21:30:15+00:00,online,DK2,wind_onshore,tso_reference,TSO forecast,tso_forecast,2208,2026-10-09 18:00:00+00:00,266.24999975000003,266.24999975000003,,2026-07-09 16:00:00+00:00,2026-10-09 15:00:00+00:00,0,0,none,complete
2026-10-09,2026-10-09T21:30:15+00:00,online,DK2,wind_onshore,tso_reference,TSO forecast,tso_forecast,2208,2026-10-09 19:00:00+00:00,289.12499975000003,289.12499975000003,,2026-07-09 16:00:00+00:00,2026-10-09 15:00:00+00:00,0,0,none,complete
2026-10-09,2026-10-09T21:30:15+00:00,online,DK2,wind_onshore,tso_reference,TSO forecast,tso_forecast,2208,2026-10-09 20:00:00+00:00,320.37499975000003,320.37499975000003,,2026-07-09 16:00:00+00:00,2026-10-09 15:00:00+00:00,0,0,none,complete
2026-10-09,2026-10-09T21:30:15+00:00,online,DK2,wind_onshore,tso_reference,TSO forecast,tso_forecast,2208,2026-10-09 21:00:00+00:00,300.6666666666667,300.6666666666667,,2026-07-09 16:00:00+00:00,2026-10-09 15:00:00+00:00,0,0,none,complete
2026-10-09,2026-10-09T21:30:15+00:00,online,DK2,wind_onshore,tso_reference,TSO forecast,tso_forecast,2208,2026-10-09 22:00:00+00:00,331.24999975000003,331.24999975000003,,2026-07-09 16:00:00+00:00,2026-10-09 15:00:00+00:00,0,0,none,complete
2026-10-09,2026-10-09T21:30:15+00:00,online,DK2,wind_onshore,tso_reference,TSO forecast,tso_forecast,2208,2026-10-09 23:00:00+00:00,306.70833300000004,306.70833300000004,,2026-07-09 16:00:00+00:00,2026-10-09 15:00:00+00:00,0,0,none,complete
2026-10-09,2026-10-09T21:30:15+00:00,online,DK2,wind_onshore,tso_reference,TSO forecast,tso_forecast,2208,2026-10-10 00:00:00+00:00,291.333333,291.333333,,2026-07-09 16:00:00+00:00,2026-10-09 15:00:00+00:00,0,0,none,complete
2026-10-09,2026-10-09T21:30:15+00:00,online,DK2,wind_onshore,tso_reference,TSO forecast,tso_forecast,2208,2026-10-10 01:00:00+00:00,285.2499995,285.2499995,,2026-07-09 16:00:00+00:00,2026-10-09 15:00:00+00:00,0,0,none,complete
2026-10-09,2026-10-09T21:30:15+00:00,online,DK2,wind_onshore,tso_reference,TSO forecast,tso_forecast,2208,2026-10-10 02:00:00+00:00,300.99999975,300.99999975,,2026-07-09 16:00:00+00:00,2026-10-09 15:00:00+00:00,0,0,none,complete
2026-10-09,2026-10-09T21:30:15+00:00,online,DK2,wind_onshore,tso_reference,TSO forecast,tso_forecast,2208,2026-10-10 03:00:00+00:00,311.7916665,311.7916665,,2026-07-09 16:00:00+00:00,2026-10-09 15:00:00+00:00,0,0,none,complete
2026-10-09,2026-10-09T21:30:15+00:00,online,DK2,wind_onshore,tso_reference,TSO forecast,tso_forecast,2208,2026-10-10 04:00:00+00:00,294.62499975000003,294.62499975000003,,2026-07-09 16:00:00+00:00,2026-10-09 15:00:00+00:00,0,0,none,complete
2026-10-09,2026-10-09T21:30:15+00:00,online,DK2,wind_onshore,tso_reference,TSO forecast,tso_forecast,2208,2026-10-10 05:00:00+00:00,262.29166625,262.29166625,,2026-07-09 16:00:00+00:00,2026-10-09 15:00:00+00:00,0,0,none,complete
2026-10-09,2026-10-09T21:30:15+00:00,online,DK2,wind_onshore,tso_reference,TSO forecast,tso_forecast,2208,2026-10-10 06:00:00+00:00,257.8749995,257.8749995,,2026-07-09 16:00:00+00:00,2026-10-09 15:00:00+00:00,0,0,none,complete
2026-10-09,2026-10-09T21:30:15+00:00,online,DK2,wind_onshore,tso_reference,TSO forecast,tso_forecast,2208,2026-10-10 07:00:00+00:00,312.45833300000004,312.45833300000004,,2026-07-09 16:00:00+00:00,2026-10-09 15:00:00+00:00,0,0,none,complete
2026-10-09,2026-10-09T21:30:15+00:00,online,DK2,wind_onshore,tso_reference,TSO forecast,tso_forecast,2208,2026-10-10 08:00:00+00:00,355.6249995,355.6249995,,2026-07-09 16:00:00+00:00,2026-10-09 15:00:00+00:00,0,0,none,complete
2026-10-09,2026-10-09T21:30:15+00:00,online,DK2,wind_onshore,tso_reference,TSO forecast,tso_forecast,2208,2026-10-10 09:00:00+00:00,315.29166625,315.29166625,,2026-07-09 16:00:00+00:00,2026-10-09 15:00:00+00:00,0,0,none,complete
2026-10-09,2026-10-09T21:30:15+00:00,online,DK2,wind_onshore,tso_reference,TSO forecast,tso_forecast,2208,2026-10-10 10:00:00+00:00,350.95833300000004,350.95833300000004,,2026-07-09 16:00:00+00:00,2026-10-09 15:00:00+00:00,0,0,none,complete
2026-10-09,2026-10-09T21:30:15+00:00,online,DK2,wind_onshore,tso_reference,TSO forecast,tso_forecast,2208,2026-10-10 11:00:00+00:00,325.87499975,325.87499975,,2026-07-09 16:00:00+00:00,2026-10-09 15:00:00+00:00,0,0,none,complete
2026-10-09,2026-10-09T21:30:15+00:00,online,DK2,wind_onshore,tso_reference,TSO forecast,tso_forecast,2208,2026-10-10 12:00:00+00:00,325.62499975000003,325.62499975000003,,2026-07-09 16:00:00+00:00,2026-10-09 15:00:00+00:00,0,0,none,complete
2026-10-09,2026-10-09T21:30:15+00:00,online,DK2,wind_onshore,tso_reference,TSO forecast,tso_forecast,2208,2026-10-10 13:00:00+00:00,274.5416665,274.5416665,,2026-07-09 16:00:00+00:00,2026-10-09 15:00:00+00:00,0,0,none,complete
2026-10-09,2026-10-09T21:30:15+00:00,online,DK2,wind_onshore,tso_reference,TSO forecast,tso_forecast,2208,2026-10-10 14:00:00+00:00,286.91666625,286.91666625,,2026-07-09 16:00:00+00:00,2026-10-09 15:00:00+00:00,0,0,none,complete
2026-10-09,2026-10-09T21:30:15+00:00,online,DK2,wind_onshore,tso_reference,TSO forecast,tso_forecast,2208,2026-10-10 15:00:00+00:00,293.58333325,293.58333325,,2026-07-09 16:00:00+00:00,2026-10-09 15:00:00+00:00,0,0,none,complete
2026-10-09,2026-10-09T21:30:15+00:00,online,DK2,wind_onshore,persistence,Persistence,daily_persistence,2208,2026-10-09 16:00:00+00:00,387.42875000000004,265.33333300000004,,2026-07-09 16:00:00+00:00,2026-10-09 15:00:00+00:00,0,0,none,complete
2026-10-09,2026-10-09T21:30:15+00:00,online,DK2,wind_onshore,persistence,Persistence,daily_persistence,2208,2026-10-09 17:00:00+00:00,359.995,256.708333,,2026-07-09 16:00:00+00:00,2026-10-09 15:00:00+00:00,0,0,none,complete
2026-10-09,2026-10-09T21:30:15+00:00,online,DK2,wind_onshore,persistence,Persistence,daily_persistence,2208,2026-10-09 18:00:00+00:00,374.86650000000003,266.24999975000003,,2026-07-09 16:00:00+00:00,2026-10-09 15:00:00+00:00,0,0,none,complete
2026-10-09,2026-10-09T21:30:15+00:00,online,DK2,wind_onshore,persistence,Persistence,daily_persistence,2208,2026-10-09 19:00:00+00:00,408.8055,289.12499975000003,,2026-07-09 16:00:00+00:00,2026-10-09 15:00:00+00:00,0,0,none,complete
2026-10-09,2026-10-09T21:30:15+00:00,online,DK2,wind_onshore,persistence,Persistence,daily_persistence,2208,2026-10-09 20:00:00+00:00,420.47225000000003,320.37499975000003,,2026-07-09 16:00:00+00:00,2026-10-09 15:00:00+00:00,0,0,none,complete
2026-10-09,2026-10-09T21:30:15+00:00,online,DK2,wind_onshore,persistence,Persistence,daily_persistence,2208,2026-10-09 21:00:00+00:00,452.83074999999997,300.6666666666667,,2026-07-09 16:00:00+00:00,2026-10-09 15:00:00+00:00,0,0,none,complete
2026-10-09,2026-10-09T21:30:15+00:00,online,DK2,wind_onshore,persistence,Persistence,daily_persistence,2208,2026-10-09 22:00:00+00:00,470.1805,331.24999975000003,,2026-07-09 16:00:00+00:00,2026-10-09 15:00:00+00:00,0,0,none,complete
2026-10-09,2026-10-09T21:30:15+00:00,online,DK2,wind_onshore,persistence,Persistence,daily_persistence,2208,2026-10-09 23:00:00+00:00,472.8705,306.70833300000004,,2026-07-09 16:00:00+00:00,2026-10-09 15:00:00+00:00,0,0,none,complete
2026-10-09,2026-10-09T21:30:15+00:00,online,DK2,wind_onshore,persistence,Persistence,daily_persistence,2208,2026-10-10 00:00:00+00:00,484.46524999999997,291.333333,,2026-07-09 16:00:00+00:00,2026-10-09 15:00:00+00:00,0,0,none,complete
2026-10-09,2026-10-09T21:30:15+00:00,online,DK2,wind_onshore,persistence,Persistence,daily_persistence,2208,2026-10-10 01:00:00+00:00,476.2345,285.2499995,,2026-07-09 16:00:00+00:00,2026-10-09 15:00:00+00:00,0,0,none,complete
2026-10-09,2026-10-09T21:30:15+00:00,online,DK2,wind_onshore,persistence,Persistence,daily_persistence,2208,2026-10-10 02:00:00+00:00,468.5715,300.99999975,,2026-07-09 16:00:00+00:00,2026-10-09 15:00:00+00:00,0,0,none,complete
2026-10-09,2026-10-09T21:30:15+00:00,online,DK2,wind_onshore,persistence,Persistence,daily_persistence,2208,2026-10-10 03:00:00+00:00,435.17025,311.7916665,,2026-07-09 16:00:00+00:00,2026-10-09 15:00:00+00:00,0,0,none,complete
2026-10-09,2026-10-09T21:30:15+00:00,online,DK2,wind_onshore,persistence,Persistence,daily_persistence,2208,2026-10-10 04:00:00+00:00,392.01800000000003,294.62499975000003,,2026-07-09 16:00:00+00:00,2026-10-09 15:00:00+00:00,0,0,none,complete
2026-10-09,2026-10-09T21:30:15+00:00,online,DK2,wind_onshore,persistence,Persistence,daily_persistence,2208,2026-10-10 05:00:00+00:00,362.44025,262.29166625,,2026-07-09 16:00:00+00:00,2026-10-09 15:00:00+00:00,0,0,none,complete
2026-10-09,2026-10-09T21:30:15+00:00,online,DK2,wind_onshore,persistence,Persistence,daily_persistence,2208,2026-10-10 06:00:00+00:00,278.55375,257.8749995,,2026-07-09 16:00:00+00:00,2026-10-09 15:00:00+00:00,0,0,none,complete
2026-10-09,2026-10-09T21:30:15+00:00,online,DK2,wind_onshore,persistence,Persistence,daily_persistence,2208,2026-10-10 07:00:00+00:00,232.8755,312.45833300000004,,2026-07-09 16:00:00+00:00,2026-10-09 15:00:00+00:00,0,0,none,complete
2026-10-09,2026-10-09T21:30:15+00:00,online,DK2,wind_onshore,persistence,Persistence,daily_persistence,2208,2026-10-10 08:00:00+00:00,231.57,355.6249995,,2026-07-09 16:00:00+00:00,2026-10-09 15:00:00+00:00,0,0,none,complete
2026-10-09,2026-10-09T21:30:15+00:00,online,DK2,wind_onshore,persistence,Persistence,daily_persistence,2208,2026-10-10 09:00:00+00:00,242.38425,315.29166625,,2026-07-09 16:00:00+00:00,2026-10-09 15:00:00+00:00,0,0,none,complete
2026-10-09,2026-10-09T21:30:15+00:00,online,DK2,wind_onshore,persistence,Persistence,daily_persistence,2208,2026-10-10 10:00:00+00:00,278.7565,350.95833300000004,,2026-07-09 16:00:00+00:00,2026-10-09 15:00:00+00:00,0,0,none,complete
2026-10-09,2026-10-09T21:30:15+00:00,online,DK2,wind_onshore,persistence,Persistence,daily_persistence,2208,2026-10-10 11:00:00+00:00,280.82625,325.87499975,,2026-07-09 16:00:00+00:00,2026-10-09 15:00:00+00:00,0,0,none,complete
2026-10-09,2026-10-09T21:30:15+00:00,online,DK2,wind_onshore,persistence,Persistence,daily_persistence,2208,2026-10-10 12:00:00+00:00,278.308,325.62499975000003,,2026-07-09 16:00:00+00:00,2026-10-09 15:00:00+00:00,0,0,none,complete
2026-10-09,2026-10-09T21:30:15+00:00,online,DK2,wind_onshore,persistence,Persistence,daily_persistence,2208,2026-10-10 13:00:00+00:00,287.24075,274.5416665,,2026-07-09 16:00:00+00:00,2026-10-09 15:00:00+00:00,0,0,none,complete
2026-10-09,2026-10-09T21:30:15+00:00,online,DK2,wind_onshore,persistence,Persistence,daily_persistence,2208,2026-10-10 14:00:00+00:00,281.21275,286.91666625,,2026-07-09 16:00:00+00:00,2026-10-09 15:00:00+00:00,0,0,none,complete
2026-10-09,2026-10-09T21:30:15+00:00,online,DK2,wind_onshore,persistence,Persistence,daily_persistence,2208,2026-10-10 15:00:00+00:00,274.17375,293.58333325,,2026-07-09 16:00:00+00:00,2026-10-09 15:00:00+00:00,0,0,none,complete
2026-10-09,2026-10-09T21:30:15+00:00,online,DK2,wind_onshore,chronos2_online,Chronos2 with covariates,weather_4p+tso_forecast,2208,2026-10-09 16:00:00+00:00,285.173095703125,265.33333300000004,,2026-07-09 16:00:00+00:00,2026-10-09 15:00:00+00:00,0,0,none,complete
2026-10-09,2026-10-09T21:30:15+00:00,online,DK2,wind_onshore,chronos2_online,Chronos2 with covariates,weather_4p+tso_forecast,2208,2026-10-09 17:00:00+00:00,289.7783203125,256.708333,,2026-07-09 16:00:00+00:00,2026-10-09 15:00:00+00:00,0,0,none,complete
2026-10-09,2026-10-09T21:30:15+00:00,online,DK2,wind_onshore,chronos2_online,Chronos2 with covariates,weather_4p+tso_forecast,2208,2026-10-09 18:00:00+00:00,302.27667236328125,266.24999975000003,,2026-07-09 16:00:00+00:00,2026-10-09 15:00:00+00:00,0,0,none,complete
2026-10-09,2026-10-09T21:30:15+00:00,online,DK2,wind_onshore,chronos2_online,Chronos2 with covariates,weather_4p+tso_forecast,2208,2026-10-09 19:00:00+00:00,320.5111999511719,289.12499975000003,,2026-07-09 16:00:00+00:00,2026-10-09 15:00:00+00:00,0,0,none,complete
2026-10-09,2026-10-09T21:30:15+00:00,online,DK2,wind_onshore,chronos2_online,Chronos2 with covariates,weather_4p+tso_forecast,2208,2026-10-09 20:00:00+00:00,352.89764404296875,320.37499975000003,,2026-07-09 16:00:00+00:00,2026-10-09 15:00:00+00:00,0,0,none,complete
2026-10-09,2026-10-09T21:30:15+00:00,online,DK2,wind_onshore,chronos2_online,Chronos2 with covariates,weather_4p+tso_forecast,2208,2026-10-09 21:00:00+00:00,331.71331787109375,300.6666666666667,,2026-07-09 16:00:00+00:00,2026-10-09 15:00:00+00:00,0,0,none,complete
2026-10-09,2026-10-09T21:30:15+00:00,online,DK2,wind_onshore,chronos2_online,Chronos2 with covariates,weather_4p+tso_forecast,2208,2026-10-09 22:00:00+00:00,330.66986083984375,331.24999975000003,,2026-07-09 16:00:00+00:00,2026-10-09 15:00:00+00:00,0,0,none,complete
2026-10-09,2026-10-09T21:30:15+00:00,online,DK2,wind_onshore,chronos2_online,Chronos2 with covariates,weather_4p+tso_forecast,2208,2026-10-09 23:00:00+00:00,327.98870849609375,306.70833300000004,,2026-07-09 16:00:00+00:00,2026-10-09 15:00:00+00:00,0,0,none,complete
2026-10-09,2026-10-09T21:30:15+00:00,online,DK2,wind_onshore,chronos2_online,Chronos2 with covariates,weather_4p+tso_forecast,2208,2026-10-10 00:00:00+00:00,297.632568359375,291.333333,,2026-07-09 16:00:00+00:00,2026-10-09 15:00:00+00:00,0,0,none,complete
2026-10-09,2026-10-09T21:30:15+00:00,online,DK2,wind_onshore,chronos2_online,Chronos2 with covariates,weather_4p+tso_forecast,2208,2026-10-10 01:00:00+00:00,302.1787109375,285.2499995,,2026-07-09 16:00:00+00:00,2026-10-09 15:00:00+00:00,0,0,none,complete
2026-10-09,2026-10-09T21:30:15+00:00,online,DK2,wind_onshore,chronos2_online,Chronos2 with covariates,weather_4p+tso_forecast,2208,2026-10-10 02:00:00+00:00,310.8363952636719,300.99999975,,2026-07-09 16:00:00+00:00,2026-10-09 15:00:00+00:00,0,0,none,complete
2026-10-09,2026-10-09T21:30:15+00:00,online,DK2,wind_onshore,chronos2_online,Chronos2 with covariates,weather_4p+tso_forecast,2208,2026-10-10 03:00:00+00:00,304.93408203125,311.7916665,,2026-07-09 16:00:00+00:00,2026-10-09 15:00:00+00:00,0,0,none,complete
2026-10-09,2026-10-09T21:30:15+00:00,online,DK2,wind_onshore,chronos2_online,Chronos2 with covariates,weather_4p+tso_forecast,2208,2026-10-10 04:00:00+00:00,291.5177001953125,294.62499975000003,,2026-07-09 16:00:00+00:00,2026-10-09 15:00:00+00:00,0,0,none,complete
2026-10-09,2026-10-09T21:30:15+00:00,online,DK2,wind_onshore,chronos2_online,Chronos2 with covariates,weather_4p+tso_forecast,2208,2026-10-10 05:00:00+00:00,281.871826171875,262.29166625,,2026-07-09 16:00:00+00:00,2026-10-09 15:00:00+00:00,0,0,none,complete
2026-10-09,2026-10-09T21:30:15+00:00,online,DK2,wind_onshore,chronos2_online,Chronos2 with covariates,weather_4p+tso_forecast,2208,2026-10-10 06:00:00+00:00,289.7731628417969,257.8749995,,2026-07-09 16:00:00+00:00,2026-10-09 15:00:00+00:00,0,0,none,complete
2026-10-09,2026-10-09T21:30:15+00:00,online,DK2,wind_onshore,chronos2_online,Chronos2 with covariates,weather_4p+tso_forecast,2208,2026-10-10 07:00:00+00:00,315.3128662109375,312.45833300000004,,2026-07-09 16:00:00+00:00,2026-10-09 15:00:00+00:00,0,0,none,complete
2026-10-09,2026-10-09T21:30:15+00:00,online,DK2,wind_onshore,chronos2_online,Chronos2 with covariates,weather_4p+tso_forecast,2208,2026-10-10 08:00:00+00:00,355.26483154296875,355.6249995,,2026-07-09 16:00:00+00:00,2026-10-09 15:00:00+00:00,0,0,none,complete
2026-10-09,2026-10-09T21:30:15+00:00,online,DK2,wind_onshore,chronos2_online,Chronos2 with covariates,weather_4p+tso_forecast,2208,2026-10-10 09:00:00+00:00,339.5262451171875,315.29166625,,2026-07-09 16:00:00+00:00,2026-10-09 15:00:00+00:00,0,0,none,complete
2026-10-09,2026-10-09T21:30:15+00:00,online,DK2,wind_onshore,chronos2_online,Chronos2 with covariates,weather_4p+tso_forecast,2208,2026-10-10 10:00:00+00:00,356.9684143066406,350.95833300000004,,2026-07-09 16:00:00+00:00,2026-10-09 15:00:00+00:00,0,0,none,complete
2026-10-09,2026-10-09T21:30:15+00:00,online,DK2,wind_onshore,chronos2_online,Chronos2 with covariates,weather_4p+tso_forecast,2208,2026-10-10 11:00:00+00:00,350.76068115234375,325.87499975,,2026-07-09 16:00:00+00:00,2026-10-09 15:00:00+00:00,0,0,none,complete
2026-10-09,2026-10-09T21:30:15+00:00,online,DK2,wind_onshore,chronos2_online,Chronos2 with covariates,weather_4p+tso_forecast,2208,2026-10-10 12:00:00+00:00,356.4286804199219,325.62499975000003,,2026-07-09 16:00:00+00:00,2026-10-09 15:00:00+00:00,0,0,none,complete
2026-10-09,2026-10-09T21:30:15+00:00,online,DK2,wind_onshore,chronos2_online,Chronos2 with covariates,weather_4p+tso_forecast,2208,2026-10-10 13:00:00+00:00,322.28814697265625,274.5416665,,2026-07-09 16:00:00+00:00,2026-10-09 15:00:00+00:00,0,0,none,complete
2026-10-09,2026-10-09T21:30:15+00:00,online,DK2,wind_onshore,chronos2_online,Chronos2 with covariates,weather_4p+tso_forecast,2208,2026-10-10 14:00:00+00:00,320.77105712890625,286.91666625,,2026-07-09 16:00:00+00:00,2026-10-09 15:00:00+00:00,0,0,none,complete
2026-10-09,2026-10-09T21:30:15+00:00,online,DK2,wind_onshore,chronos2_online,Chronos2 with covariates,weather_4p+tso_forecast,2208,2026-10-10 15:00:00+00:00,316.33685302734375,293.58333325,,2026-07-09 16:00:00+00:00,2026-10-09 15:00:00+00:00,0,0,none,complete
2026-10-09,2026-10-09T21:30:15+00:00,online,DK2,wind_onshore,xgboost_online,XGBoost with covariates,weather_4p+tso_forecast,2208,2026-10-09 16:00:00+00:00,261.1971130371094,265.33333300000004,,2026-07-09 16:00:00+00:00,2026-10-09 15:00:00+00:00,0,0,none,complete
2026-10-09,2026-10-09T21:30:15+00:00,online,DK2,wind_onshore,xgboost_online,XGBoost with covariates,weather_4p+tso_forecast,2208,2026-10-09 17:00:00+00:00,260.0704040527344,256.708333,,2026-07-09 16:00:00+00:00,2026-10-09 15:00:00+00:00,0,0,none,complete
2026-10-09,2026-10-09T21:30:15+00:00,online,DK2,wind_onshore,xgboost_online,XGBoost with covariates,weather_4p+tso_forecast,2208,2026-10-09 18:00:00+00:00,267.9685974121094,266.24999975000003,,2026-07-09 16:00:00+00:00,2026-10-09 15:00:00+00:00,0,0,none,complete
2026-10-09,2026-10-09T21:30:15+00:00,online,DK2,wind_onshore,xgboost_online,XGBoost with covariates,weather_4p+tso_forecast,2208,2026-10-09 19:00:00+00:00,309.1760559082031,289.12499975000003,,2026-07-09 16:00:00+00:00,2026-10-09 15:00:00+00:00,0,0,none,complete
2026-10-09,2026-10-09T21:30:15+00:00,online,DK2,wind_onshore,xgboost_online,XGBoost with covariates,weather_4p+tso_forecast,2208,2026-10-09 20:00:00+00:00,347.7498474121094,320.37499975000003,,2026-07-09 16:00:00+00:00,2026-10-09 15:00:00+00:00,0,0,none,complete
2026-10-09,2026-10-09T21:30:15+00:00,online,DK2,wind_onshore,xgboost_online,XGBoost with covariates,weather_4p+tso_forecast,2208,2026-10-09 21:00:00+00:00,341.5491027832031,300.6666666666667,,2026-07-09 16:00:00+00:00,2026-10-09 15:00:00+00:00,0,0,none,complete
2026-10-09,2026-10-09T21:30:15+00:00,online,DK2,wind_onshore,xgboost_online,XGBoost with covariates,weather_4p+tso_forecast,2208,2026-10-09 22:00:00+00:00,335.6664733886719,331.24999975000003,,2026-07-09 16:00:00+00:00,2026-10-09 15:00:00+00:00,0,0,none,complete
2026-10-09,2026-10-09T21:30:15+00:00,online,DK2,wind_onshore,xgboost_online,XGBoost with covariates,weather_4p+tso_forecast,2208,2026-10-09 23:00:00+00:00,342.02117919921875,306.70833300000004,,2026-07-09 16:00:00+00:00,2026-10-09 15:00:00+00:00,0,0,none,complete
2026-10-09,2026-10-09T21:30:15+00:00,online,DK2,wind_onshore,xgboost_online,XGBoost with covariates,weather_4p+tso_forecast,2208,2026-10-10 00:00:00+00:00,325.1951599121094,291.333333,,2026-07-09 16:00:00+00:00,2026-10-09 15:00:00+00:00,0,0,none,complete
2026-10-09,2026-10-09T21:30:15+00:00,online,DK2,wind_onshore,xgboost_online,XGBoost with covariates,weather_4p+tso_forecast,2208,2026-10-10 01:00:00+00:00,321.5741271972656,285.2499995,,2026-07-09 16:00:00+00:00,2026-10-09 15:00:00+00:00,0,0,none,complete
2026-10-09,2026-10-09T21:30:15+00:00,online,DK2,wind_onshore,xgboost_online,XGBoost with covariates,weather_4p+tso_forecast,2208,2026-10-10 02:00:00+00:00,346.1466369628906,300.99999975,,2026-07-09 16:00:00+00:00,2026-10-09 15:00:00+00:00,0,0,none,complete
2026-10-09,2026-10-09T21:30:15+00:00,online,DK2,wind_onshore,xgboost_online,XGBoost with covariates,weather_4p+tso_forecast,2208,2026-10-10 03:00:00+00:00,329.2388610839844,311.7916665,,2026-07-09 16:00:00+00:00,2026-10-09 15:00:00+00:00,0,0,none,complete
2026-10-09,2026-10-09T21:30:15+00:00,online,DK2,wind_onshore,xgboost_online,XGBoost with covariates,weather_4p+tso_forecast,2208,2026-10-10 04:00:00+00:00,318.932861328125,294.62499975000003,,2026-07-09 16:00:00+00:00,2026-10-09 15:00:00+00:00,0,0,none,complete
2026-10-09,2026-10-09T21:30:15+00:00,online,DK2,wind_onshore,xgboost_online,XGBoost with covariates,weather_4p+tso_forecast,2208,2026-10-10 05:00:00+00:00,281.76953125,262.29166625,,2026-07-09 16:00:00+00:00,2026-10-09 15:00:00+00:00,0,0,none,complete
2026-10-09,2026-10-09T21:30:15+00:00,online,DK2,wind_onshore,xgboost_online,XGBoost with covariates,weather_4p+tso_forecast,2208,2026-10-10 06:00:00+00:00,276.5719909667969,257.8749995,,2026-07-09 16:00:00+00:00,2026-10-09 15:00:00+00:00,0,0,none,complete
2026-10-09,2026-10-09T21:30:15+00:00,online,DK2,wind_onshore,xgboost_online,XGBoost with covariates,weather_4p+tso_forecast,2208,2026-10-10 07:00:00+00:00,311.7649230957031,312.45833300000004,,2026-07-09 16:00:00+00:00,2026-10-09 15:00:00+00:00,0,0,none,complete
2026-10-09,2026-10-09T21:30:15+00:00,online,DK2,wind_onshore,xgboost_online,XGBoost with covariates,weather_4p+tso_forecast,2208,2026-10-10 08:00:00+00:00,327.87677001953125,355.6249995,,2026-07-09 16:00:00+00:00,2026-10-09 15:00:00+00:00,0,0,none,complete
2026-10-09,2026-10-09T21:30:15+00:00,online,DK2,wind_onshore,xgboost_online,XGBoost with covariates,weather_4p+tso_forecast,2208,2026-10-10 09:00:00+00:00,323.5469055175781,315.29166625,,2026-07-09 16:00:00+00:00,2026-10-09 15:00:00+00:00,0,0,none,complete
2026-10-09,2026-10-09T21:30:15+00:00,online,DK2,wind_onshore,xgboost_online,XGBoost with covariates,weather_4p+tso_forecast,2208,2026-10-10 10:00:00+00:00,327.87677001953125,350.95833300000004,,2026-07-09 16:00:00+00:00,2026-10-09 15:00:00+00:00,0,0,none,complete
2026-10-09,2026-10-09T21:30:15+00:00,online,DK2,wind_onshore,xgboost_online,XGBoost with covariates,weather_4p+tso_forecast,2208,2026-10-10 11:00:00+00:00,334.09979248046875,325.87499975,,2026-07-09 16:00:00+00:00,2026-10-09 15:00:00+00:00,0,0,none,complete
2026-10-09,2026-10-09T21:30:15+00:00,online,DK2,wind_onshore,xgboost_online,XGBoost with covariates,weather_4p+tso_forecast,2208,2026-10-10 12:00:00+00:00,335.9324645996094,325.62499975000003,,2026-07-09 16:00:00+00:00,2026-10-09 15:00:00+00:00,0,0,none,complete
2026-10-09,2026-10-09T21:30:15+00:00,online,DK2,wind_onshore,xgboost_online,XGBoost with covariates,weather_4p+tso_forecast,2208,2026-10-10 13:00:00+00:00,307.2979736328125,274.5416665,,2026-07-09 16:00:00+00:00,2026-10-09 15:00:00+00:00,0,0,none,complete
2026-10-09,2026-10-09T21:30:15+00:00,online,DK2,wind_onshore,xgboost_online,XGBoost with covariates,weather_4p+tso_forecast,2208,2026-10-10 14:00:00+00:00,314.0013427734375,286.91666625,,2026-07-09 16:00:00+00:00,2026-10-09 15:00:00+00:00,0,0,none,complete
2026-10-09,2026-10-09T21:30:15+00:00,online,DK2,wind_onshore,xgboost_online,XGBoost with covariates,weather_4p+tso_forecast,2208,2026-10-10 15:00:00+00:00,333.8104248046875,293.58333325,,2026-07-09 16:00:00+00:00,2026-10-09 15:00:00+00:00,0,0,none,complete
2026-10-09,2026-10-09T21:30:15+00:00,online,DK2,wind_offshore,tso_reference,TSO forecast,tso_forecast,2208,2026-10-09 16:00:00+00:00,757.6666665,757.6666665,,2026-07-09 16:00:00+00:00,2026-10-09 15:00:00+00:00,6,6,bias_adjusted_tso+linear_interpolation,degraded
2026-10-09,2026-10-09T21:30:15+00:00,online,DK2,wind_offshore,tso_reference,TSO forecast,tso_forecast,2208,2026-10-09 17:00:00+00:00,750.3749995,750.3749995,,2026-07-09 16:00:00+00:00,2026-10-09 15:00:00+00:00,6,6,bias_adjusted_tso+linear_interpolation,degraded
2026-10-09,2026-10-09T21:30:15+00:00,online,DK2,wind_offshore,tso_reference,TSO forecast,tso_forecast,2208,2026-10-09 18:00:00+00:00,762.95833275,762.95833275,,2026-07-09 16:00:00+00:00,2026-10-09 15:00:00+00:00,6,6,bias_adjusted_tso+linear_interpolation,degraded
2026-10-09,2026-10-09T21:30:15+00:00,online,DK2,wind_offshore,tso_reference,TSO forecast,tso_forecast,2208,2026-10-09 19:00:00+00:00,772.95833325,772.95833325,,2026-07-09 16:00:00+00:00,2026-10-09 15:00:00+00:00,6,6,bias_adjusted_tso+linear_interpolation,degraded
2026-10-09,2026-10-09T21:30:15+00:00,online,DK2,wind_offshore,tso_reference,TSO forecast,tso_forecast,2208,2026-10-09 20:00:00+00:00,775.875,775.875,,2026-07-09 16:00:00+00:00,2026-10-09 15:00:00+00:00,6,6,bias_adjusted_tso+linear_interpolation,degraded
2026-10-09,2026-10-09T21:30:15+00:00,online,DK2,wind_offshore,tso_reference,TSO forecast,tso_forecast,2208,2026-10-09 21:00:00+00:00,779.3888886666667,779.3888886666667,,2026-07-09 16:00:00+00:00,2026-10-09 15:00:00+00:00,6,6,bias_adjusted_tso+linear_interpolation,degraded
2026-10-09,2026-10-09T21:30:15+00:00,online,DK2,wind_offshore,tso_reference,TSO forecast,tso_forecast,2208,2026-10-09 22:00:00+00:00,834.95833325,834.95833325,,2026-07-09 16:00:00+00:00,2026-10-09 15:00:00+00:00,6,6,bias_adjusted_tso+linear_interpolation,degraded
2026-10-09,2026-10-09T21:30:15+00:00,online,DK2,wind_offshore,tso_reference,TSO forecast,tso_forecast,2208,2026-10-09 23:00:00+00:00,818.0416665,818.0416665,,2026-07-09 16:00:00+00:00,2026-10-09 15:00:00+00:00,6,6,bias_adjusted_tso+linear_interpolation,degraded
2026-10-09,2026-10-09T21:30:15+00:00,online,DK2,wind_offshore,tso_reference,TSO forecast,tso_forecast,2208,2026-10-10 00:00:00+00:00,810.666666,810.666666,,2026-07-09 16:00:00+00:00,2026-10-09 15:00:00+00:00,6,6,bias_adjusted_tso+linear_interpolation,degraded
2026-10-09,2026-10-09T21:30:15+00:00,online,DK2,wind_offshore,tso_reference,TSO forecast,tso_forecast,2208,2026-10-10 01:00:00+00:00,814.833333,814.833333,,2026-07-09 16:00:00+00:00,2026-10-09 15:00:00+00:00,6,6,bias_adjusted_tso+linear_interpolation,degraded
2026-10-09,2026-10-09T21:30:15+00:00,online,DK2,wind_offshore,tso_reference,TSO forecast,tso_forecast,2208,2026-10-10 02:00:00+00:00,814.9166665,814.9166665,,2026-07-09 16:00:00+00:00,2026-10-09 15:00:00+00:00,6,6,bias_adjusted_tso+linear_interpolation,degraded
2026-10-09,2026-10-09T21:30:15+00:00,online,DK2,wind_offshore,tso_reference,TSO forecast,tso_forecast,2208,2026-10-10 03:00:00+00:00,801.75,801.75,,2026-07-09 16:00:00+00:00,2026-10-09 15:00:00+00:00,6,6,bias_adjusted_tso+linear_interpolation,degraded
2026-10-09,2026-10-09T21:30:15+00:00,online,DK2,wind_offshore,tso_reference,TSO forecast,tso_forecast,2208,2026-10-10 04:00:00+00:00,779.583333,779.583333,,2026-07-09 16:00:00+00:00,2026-10-09 15:00:00+00:00,6,6,bias_adjusted_tso+linear_interpolation,degraded
2026-10-09,2026-10-09T21:30:15+00:00,online,DK2,wind_offshore,tso_reference,TSO forecast,tso_forecast,2208,2026-10-10 05:00:00+00:00,763.99999975,763.99999975,,2026-07-09 16:00:00+00:00,2026-10-09 15:00:00+00:00,6,6,bias_adjusted_tso+linear_interpolation,degraded
2026-10-09,2026-10-09T21:30:15+00:00,online,DK2,wind_offshore,tso_reference,TSO forecast,tso_forecast,2208,2026-10-10 06:00:00+00:00,747.958333,747.958333,,2026-07-09 16:00:00+00:00,2026-10-09 15:00:00+00:00,6,6,bias_adjusted_tso+linear_interpolation,degraded
2026-10-09,2026-10-09T21:30:15+00:00,online,DK2,wind_offshore,tso_reference,TSO forecast,tso_forecast,2208,2026-10-10 07:00:00+00:00,762.16666625,762.16666625,,2026-07-09 16:00:00+00:00,2026-10-09 15:00:00+00:00,6,6,bias_adjusted_tso+linear_interpolation,degraded
2026-10-09,2026-10-09T21:30:15+00:00,online,DK2,wind_offshore,tso_reference,TSO forecast,tso_forecast,2208,2026-10-10 08:00:00+00:00,790.20833325,790.20833325,,2026-07-09 16:00:00+00:00,2026-10-09 15:00:00+00:00,6,6,bias_adjusted_tso+linear_interpolation,degraded
2026-10-09,2026-10-09T21:30:15+00:00,online,DK2,wind_offshore,tso_reference,TSO forecast,tso_forecast,2208,2026-10-10 09:00:00+00:00,791.83333325,791.83333325,,2026-07-09 16:00:00+00:00,2026-10-09 15:00:00+00:00,6,6,bias_adjusted_tso+linear_interpolation,degraded
2026-10-09,2026-10-09T21:30:15+00:00,online,DK2,wind_offshore,tso_reference,TSO forecast,tso_forecast,2208,2026-10-10 10:00:00+00:00,795.66666625,795.66666625,,2026-07-09 16:00:00+00:00,2026-10-09 15:00:00+00:00,6,6,bias_adjusted_tso+linear_interpolation,degraded
2026-10-09,2026-10-09T21:30:15+00:00,online,DK2,wind_offshore,tso_reference,TSO forecast,tso_forecast,2208,2026-10-10 11:00:00+00:00,794.87499975,794.87499975,,2026-07-09 16:00:00+00:00,2026-10-09 15:00:00+00:00,6,6,bias_adjusted_tso+linear_interpolation,degraded
2026-10-09,2026-10-09T21:30:15+00:00,online,DK2,wind_offshore,tso_reference,TSO forecast,tso_forecast,2208,2026-10-10 12:00:00+00:00,766.87499975,766.87499975,,2026-07-09 16:00:00+00:00,2026-10-09 15:00:00+00:00,6,6,bias_adjusted_tso+linear_interpolation,degraded
2026-10-09,2026-10-09T21:30:15+00:00,online,DK2,wind_offshore,tso_reference,TSO forecast,tso_forecast,2208,2026-10-10 13:00:00+00:00,777.208333,777.208333,,2026-07-09 16:00:00+00:00,2026-10-09 15:00:00+00:00,6,6,bias_adjusted_tso+linear_interpolation,degraded
2026-10-09,2026-10-09T21:30:15+00:00,online,DK2,wind_offshore,tso_reference,TSO forecast,tso_forecast,2208,2026-10-10 14:00:00+00:00,802.458333,802.458333,,2026-07-09 16:00:00+00:00,2026-10-09 15:00:00+00:00,6,6,bias_adjusted_tso+linear_interpolation,degraded
2026-10-09,2026-10-09T21:30:15+00:00,online,DK2,wind_offshore,tso_reference,TSO forecast,tso_forecast,2208,2026-10-10 15:00:00+00:00,815.2916662499999,815.2916662499999,,2026-07-09 16:00:00+00:00,2026-10-09 15:00:00+00:00,6,6,bias_adjusted_tso+linear_interpolation,degraded
2026-10-09,2026-10-09T21:30:15+00:00,online,DK2,wind_offshore,persistence,Persistence,daily_persistence,2208,2026-10-09 16:00:00+00:00,913.7315,757.6666665,,2026-07-09 16:00:00+00:00,2026-10-09 15:00:00+00:00,6,6,bias_adjusted_tso+linear_interpolation,degraded
2026-10-09,2026-10-09T21:30:15+00:00,online,DK2,wind_offshore,persistence,Persistence,daily_persistence,2208,2026-10-09 17:00:00+00:00,879.9655,750.3749995,,2026-07-09 16:00:00+00:00,2026-10-09 15:00:00+00:00,6,6,bias_adjusted_tso+linear_interpolation,degraded
2026-10-09,2026-10-09T21:30:15+00:00,online,DK2,wind_offshore,persistence,Persistence,daily_persistence,2208,2026-10-09 18:00:00+00:00,918.60375,762.95833275,,2026-07-09 16:00:00+00:00,2026-10-09 15:00:00+00:00,6,6,bias_adjusted_tso+linear_interpolation,degraded
2026-10-09,2026-10-09T21:30:15+00:00,online,DK2,wind_offshore,persistence,Persistence,daily_persistence,2208,2026-10-09 19:00:00+00:00,940.5785,772.95833325,,2026-07-09 16:00:00+00:00,2026-10-09 15:00:00+00:00,6,6,bias_adjusted_tso+linear_interpolation,degraded
2026-10-09,2026-10-09T21:30:15+00:00,online,DK2,wind_offshore,persistence,Persistence,daily_persistence,2208,2026-10-09 20:00:00+00:00,948.7535,775.875,,2026-07-09 16:00:00+00:00,2026-10-09 15:00:00+00:00,6,6,bias_adjusted_tso+linear_interpolation,degraded
2026-10-09,2026-10-09T21:30:15+00:00,online,DK2,wind_offshore,persistence,Persistence,daily_persistence,2208,2026-10-09 21:00:00+00:00,948.1052500000001,779.3888886666667,,2026-07-09 16:00:00+00:00,2026-10-09 15:00:00+00:00,6,6,bias_adjusted_tso+linear_interpolation,degraded
2026-10-09,2026-10-09T21:30:15+00:00,online,DK2,wind_offshore,persistence,Persistence,daily_persistence,2208,2026-10-09 22:00:00+00:00,949.3222499999999,834.95833325,,2026-07-09 16:00:00+00:00,2026-10-09 15:00:00+00:00,6,6,bias_adjusted_tso+linear_interpolation,degraded
2026-10-09,2026-10-09T21:30:15+00:00,online,DK2,wind_offshore,persistence,Persistence,daily_persistence,2208,2026-10-09 23:00:00+00:00,950.29525,818.0416665,,2026-07-09 16:00:00+00:00,2026-10-09 15:00:00+00:00,6,6,bias_adjusted_tso+linear_interpolation,degraded
2026-10-09,2026-10-09T21:30:15+00:00,online,DK2,wind_offshore,persistence,Persistence,daily_persistence,2208,2026-10-10 00:00:00+00:00,949.8975,810.666666,,2026-07-09 16:00:00+00:00,2026-10-09 15:00:00+00:00,6,6,bias_adjusted_tso+linear_interpolation,degraded
2026-10-09,2026-10-09T21:30:15+00:00,online,DK2,wind_offshore,persistence,Persistence,daily_persistence,2208,2026-10-10 01:00:00+00:00,946.3905,814.833333,,2026-07-09 16:00:00+00:00,2026-10-09 15:00:00+00:00,6,6,bias_adjusted_tso+linear_interpolation,degraded
2026-10-09,2026-10-09T21:30:15+00:00,online,DK2,wind_offshore,persistence,Persistence,daily_persistence,2208,2026-10-10 02:00:00+00:00,948.5215,814.9166665,,2026-07-09 16:00:00+00:00,2026-10-09 15:00:00+00:00,6,6,bias_adjusted_tso+linear_interpolation,degraded
2026-10-09,2026-10-09T21:30:15+00:00,online,DK2,wind_offshore,persistence,Persistence,daily_persistence,2208,2026-10-10 03:00:00+00:00,945.8755,801.75,,2026-07-09 16:00:00+00:00,2026-10-09 15:00:00+00:00,6,6,bias_adjusted_tso+linear_interpolation,degraded
2026-10-09,2026-10-09T21:30:15+00:00,online,DK2,wind_offshore,persistence,Persistence,daily_persistence,2208,2026-10-10 04:00:00+00:00,943.2574999999999,779.583333,,2026-07-09 16:00:00+00:00,2026-10-09 15:00:00+00:00,6,6,bias_adjusted_tso+linear_interpolation,degraded
2026-10-09,2026-10-09T21:30:15+00:00,online,DK2,wind_offshore,persistence,Persistence,daily_persistence,2208,2026-10-10 05:00:00+00:00,934.044,763.99999975,,2026-07-09 16:00:00+00:00,2026-10-09 15:00:00+00:00,6,6,bias_adjusted_tso+linear_interpolation,degraded
2026-10-09,2026-10-09T21:30:15+00:00,online,DK2,wind_offshore,persistence,Persistence,daily_persistence,2208,2026-10-10 06:00:00+00:00,920.586,747.958333,,2026-07-09 16:00:00+00:00,2026-10-09 15:00:00+00:00,6,6,bias_adjusted_tso+linear_interpolation,degraded
2026-10-09,2026-10-09T21:30:15+00:00,online,DK2,wind_offshore,persistence,Persistence,daily_persistence,2208,2026-10-10 07:00:00+00:00,920.89525,762.16666625,,2026-07-09 16:00:00+00:00,2026-10-09 15:00:00+00:00,6,6,bias_adjusted_tso+linear_interpolation,degraded
2026-10-09,2026-10-09T21:30:15+00:00,online,DK2,wind_offshore,persistence,Persistence,daily_persistence,2208,2026-10-10 08:00:00+00:00,915.98325,790.20833325,,2026-07-09 16:00:00+00:00,2026-10-09 15:00:00+00:00,6,6,bias_adjusted_tso+linear_interpolation,degraded
2026-10-09,2026-10-09T21:30:15+00:00,online,DK2,wind_offshore,persistence,Persistence,daily_persistence,2208,2026-10-10 09:00:00+00:00,892.42575,791.83333325,,2026-07-09 16:00:00+00:00,2026-10-09 15:00:00+00:00,6,6,bias_adjusted_tso+linear_interpolation,degraded
2026-10-09,2026-10-09T21:30:15+00:00,online,DK2,wind_offshore,persistence,Persistence,daily_persistence,2208,2026-10-10 10:00:00+00:00,747.8847499999999,795.66666625,,2026-07-09 16:00:00+00:00,2026-10-09 15:00:00+00:00,6,6,bias_adjusted_tso+linear_interpolation,degraded
2026-10-09,2026-10-09T21:30:15+00:00,online,DK2,wind_offshore,persistence,Persistence,daily_persistence,2208,2026-10-10 11:00:00+00:00,828.27475,794.87499975,,2026-07-09 16:00:00+00:00,2026-10-09 15:00:00+00:00,6,6,bias_adjusted_tso+linear_interpolation,degraded
2026-10-09,2026-10-09T21:30:15+00:00,online,DK2,wind_offshore,persistence,Persistence,daily_persistence,2208,2026-10-10 12:00:00+00:00,790.698,766.87499975,,2026-07-09 16:00:00+00:00,2026-10-09 15:00:00+00:00,6,6,bias_adjusted_tso+linear_interpolation,degraded
2026-10-09,2026-10-09T21:30:15+00:00,online,DK2,wind_offshore,persistence,Persistence,daily_persistence,2208,2026-10-10 13:00:00+00:00,856.877,777.208333,,2026-07-09 16:00:00+00:00,2026-10-09 15:00:00+00:00,6,6,bias_adjusted_tso+linear_interpolation,degraded
2026-10-09,2026-10-09T21:30:15+00:00,online,DK2,wind_offshore,persistence,Persistence,daily_persistence,2208,2026-10-10 14:00:00+00:00,914.7175,802.458333,,2026-07-09 16:00:00+00:00,2026-10-09 15:00:00+00:00,6,6,bias_adjusted_tso+linear_interpolation,degraded
2026-10-09,2026-10-09T21:30:15+00:00,online,DK2,wind_offshore,persistence,Persistence,daily_persistence,2208,2026-10-10 15:00:00+00:00,935.2335,815.2916662499999,,2026-07-09 16:00:00+00:00,2026-10-09 15:00:00+00:00,6,6,bias_adjusted_tso+linear_interpolation,degraded
2026-10-09,2026-10-09T21:30:15+00:00,online,DK2,wind_offshore,chronos2_online,Chronos2 with covariates,weather_4p+tso_forecast,2208,2026-10-09 16:00:00+00:00,950.66943359375,757.6666665,,2026-07-09 16:00:00+00:00,2026-10-09 15:00:00+00:00,6,6,bias_adjusted_tso+linear_interpolation,degraded
2026-10-09,2026-10-09T21:30:15+00:00,online,DK2,wind_offshore,chronos2_online,Chronos2 with covariates,weather_4p+tso_forecast,2208,2026-10-09 17:00:00+00:00,953.0247802734375,750.3749995,,2026-07-09 16:00:00+00:00,2026-10-09 15:00:00+00:00,6,6,bias_adjusted_tso+linear_interpolation,degraded
2026-10-09,2026-10-09T21:30:15+00:00,online,DK2,wind_offshore,chronos2_online,Chronos2 with covariates,weather_4p+tso_forecast,2208,2026-10-09 18:00:00+00:00,950.2015380859375,762.95833275,,2026-07-09 16:00:00+00:00,2026-10-09 15:00:00+00:00,6,6,bias_adjusted_tso+linear_interpolation,degraded
2026-10-09,2026-10-09T21:30:15+00:00,online,DK2,wind_offshore,chronos2_online,Chronos2 with covariates,weather_4p+tso_forecast,2208,2026-10-09 19:00:00+00:00,956.1907958984375,772.95833325,,2026-07-09 16:00:00+00:00,2026-10-09 15:00:00+00:00,6,6,bias_adjusted_tso+linear_interpolation,degraded
2026-10-09,2026-10-09T21:30:15+00:00,online,DK2,wind_offshore,chronos2_online,Chronos2 with covariates,weather_4p+tso_forecast,2208,2026-10-09 20:00:00+00:00,946.130859375,775.875,,2026-07-09 16:00:00+00:00,2026-10-09 15:00:00+00:00,6,6,bias_adjusted_tso+linear_interpolation,degraded
2026-10-09,2026-10-09T21:30:15+00:00,online,DK2,wind_offshore,chronos2_online,Chronos2 with covariates,weather_4p+tso_forecast,2208,2026-10-09 21:00:00+00:00,939.96142578125,779.3888886666667,,2026-07-09 16:00:00+00:00,2026-10-09 15:00:00+00:00,6,6,bias_adjusted_tso+linear_interpolation,degraded
2026-10-09,2026-10-09T21:30:15+00:00,online,DK2,wind_offshore,chronos2_online,Chronos2 with covariates,weather_4p+tso_forecast,2208,2026-10-09 22:00:00+00:00,921.94189453125,834.95833325,,2026-07-09 16:00:00+00:00,2026-10-09 15:00:00+00:00,6,6,bias_adjusted_tso+linear_interpolation,degraded
2026-10-09,2026-10-09T21:30:15+00:00,online,DK2,wind_offshore,chronos2_online,Chronos2 with covariates,weather_4p+tso_forecast,2208,2026-10-09 23:00:00+00:00,928.7542724609375,818.0416665,,2026-07-09 16:00:00+00:00,2026-10-09 15:00:00+00:00,6,6,bias_adjusted_tso+linear_interpolation,degraded
2026-10-09,2026-10-09T21:30:15+00:00,online,DK2,wind_offshore,chronos2_online,Chronos2 with covariates,weather_4p+tso_forecast,2208,2026-10-10 00:00:00+00:00,919.06494140625,810.666666,,2026-07-09 16:00:00+00:00,2026-10-09 15:00:00+00:00,6,6,bias_adjusted_tso+linear_interpolation,degraded
2026-10-09,2026-10-09T21:30:15+00:00,online,DK2,wind_offshore,chronos2_online,Chronos2 with covariates,weather_4p+tso_forecast,2208,2026-10-10 01:00:00+00:00,895.15869140625,814.833333,,2026-07-09 16:00:00+00:00,2026-10-09 15:00:00+00:00,6,6,bias_adjusted_tso+linear_interpolation,degraded
2026-10-09,2026-10-09T21:30:15+00:00,online,DK2,wind_offshore,chronos2_online,Chronos2 with covariates,weather_4p+tso_forecast,2208,2026-10-10 02:00:00+00:00,869.9620361328125,814.9166665,,2026-07-09 16:00:00+00:00,2026-10-09 15:00:00+00:00,6,6,bias_adjusted_tso+linear_interpolation,degraded
2026-10-09,2026-10-09T21:30:15+00:00,online,DK2,wind_offshore,chronos2_online,Chronos2 with covariates,weather_4p+tso_forecast,2208,2026-10-10 03:00:00+00:00,836.2845458984375,801.75,,2026-07-09 16:00:00+00:00,2026-10-09 15:00:00+00:00,6,6,bias_adjusted_tso+linear_interpolation,degraded
2026-10-09,2026-10-09T21:30:15+00:00,online,DK2,wind_offshore,chronos2_online,Chronos2 with covariates,weather_4p+tso_forecast,2208,2026-10-10 04:00:00+00:00,798.00439453125,779.583333,,2026-07-09 16:00:00+00:00,2026-10-09 15:00:00+00:00,6,6,bias_adjusted_tso+linear_interpolation,degraded
2026-10-09,2026-10-09T21:30:15+00:00,online,DK2,wind_offshore,chronos2_online,Chronos2 with covariates,weather_4p+tso_forecast,2208,2026-10-10 05:00:00+00:00,775.750244140625,763.99999975,,2026-07-09 16:00:00+00:00,2026-10-09 15:00:00+00:00,6,6,bias_adjusted_tso+linear_interpolation,degraded
2026-10-09,2026-10-09T21:30:15+00:00,online,DK2,wind_offshore,chronos2_online,Chronos2 with covariates,weather_4p+tso_forecast,2208,2026-10-10 06:00:00+00:00,738.234130859375,747.958333,,2026-07-09 16:00:00+00:00,2026-10-09 15:00:00+00:00,6,6,bias_adjusted_tso+linear_interpolation,degraded
2026-10-09,2026-10-09T21:30:15+00:00,online,DK2,wind_offshore,chronos2_online,Chronos2 with covariates,weather_4p+tso_forecast,2208,2026-10-10 07:00:00+00:00,704.474609375,762.16666625,,2026-07-09 16:00:00+00:00,2026-10-09 15:00:00+00:00,6,6,bias_adjusted_tso+linear_interpolation,degraded
2026-10-09,2026-10-09T21:30:15+00:00,online,DK2,wind_offshore,chronos2_online,Chronos2 with covariates,weather_4p+tso_forecast,2208,2026-10-10 08:00:00+00:00,726.1647338867188,790.20833325,,2026-07-09 16:00:00+00:00,2026-10-09 15:00:00+00:00,6,6,bias_adjusted_tso+linear_interpolation,degraded
2026-10-09,2026-10-09T21:30:15+00:00,online,DK2,wind_offshore,chronos2_online,Chronos2 with covariates,weather_4p+tso_forecast,2208,2026-10-10 09:00:00+00:00,696.1179809570312,791.83333325,,2026-07-09 16:00:00+00:00,2026-10-09 15:00:00+00:00,6,6,bias_adjusted_tso+linear_interpolation,degraded
2026-10-09,2026-10-09T21:30:15+00:00,online,DK2,wind_offshore,chronos2_online,Chronos2 with covariates,weather_4p+tso_forecast,2208,2026-10-10 10:00:00+00:00,672.1000366210938,795.66666625,,2026-07-09 16:00:00+00:00,2026-10-09 15:00:00+00:00,6,6,bias_adjusted_tso+linear_interpolation,degraded
2026-10-09,2026-10-09T21:30:15+00:00,online,DK2,wind_offshore,chronos2_online,Chronos2 with covariates,weather_4p+tso_forecast,2208,2026-10-10 11:00:00+00:00,675.80859375,794.87499975,,2026-07-09 16:00:00+00:00,2026-10-09 15:00:00+00:00,6,6,bias_adjusted_tso+linear_interpolation,degraded
2026-10-09,2026-10-09T21:30:15+00:00,online,DK2,wind_offshore,chronos2_online,Chronos2 with covariates,weather_4p+tso_forecast,2208,2026-10-10 12:00:00+00:00,681.93359375,766.87499975,,2026-07-09 16:00:00+00:00,2026-10-09 15:00:00+00:00,6,6,bias_adjusted_tso+linear_interpolation,degraded
2026-10-09,2026-10-09T21:30:15+00:00,online,DK2,wind_offshore,chronos2_online,Chronos2 with covariates,weather_4p+tso_forecast,2208,2026-10-10 13:00:00+00:00,715.7464599609375,777.208333,,2026-07-09 16:00:00+00:00,2026-10-09 15:00:00+00:00,6,6,bias_adjusted_tso+linear_interpolation,degraded
2026-10-09,2026-10-09T21:30:15+00:00,online,DK2,wind_offshore,chronos2_online,Chronos2 with covariates,weather_4p+tso_forecast,2208,2026-10-10 14:00:00+00:00,781.59033203125,802.458333,,2026-07-09 16:00:00+00:00,2026-10-09 15:00:00+00:00,6,6,bias_adjusted_tso+linear_interpolation,degraded
2026-10-09,2026-10-09T21:30:15+00:00,online,DK2,wind_offshore,chronos2_online,Chronos2 with covariates,weather_4p+tso_forecast,2208,2026-10-10 15:00:00+00:00,826.009521484375,815.2916662499999,,2026-07-09 16:00:00+00:00,2026-10-09 15:00:00+00:00,6,6,bias_adjusted_tso+linear_interpolation,degraded
2026-10-09,2026-10-09T21:30:15+00:00,online,DK2,wind_offshore,xgboost_online,XGBoost with covariates,weather_4p+tso_forecast,2208,2026-10-09 16:00:00+00:00,778.6656494140625,757.6666665,,2026-07-09 16:00:00+00:00,2026-10-09 15:00:00+00:00,6,6,bias_adjusted_tso+linear_interpolation,degraded
2026-10-09,2026-10-09T21:30:15+00:00,online,DK2,wind_offshore,xgboost_online,XGBoost with covariates,weather_4p+tso_forecast,2208,2026-10-09 17:00:00+00:00,755.7821044921875,750.3749995,,2026-07-09 16:00:00+00:00,2026-10-09 15:00:00+00:00,6,6,bias_adjusted_tso+linear_interpolation,degraded
2026-10-09,2026-10-09T21:30:15+00:00,online,DK2,wind_offshore,xgboost_online,XGBoost with covariates,weather_4p+tso_forecast,2208,2026-10-09 18:00:00+00:00,839.6978149414062,762.95833275,,2026-07-09 16:00:00+00:00,2026-10-09 15:00:00+00:00,6,6,bias_adjusted_tso+linear_interpolation,degraded
2026-10-09,2026-10-09T21:30:15+00:00,online,DK2,wind_offshore,xgboost_online,XGBoost with covariates,weather_4p+tso_forecast,2208,2026-10-09 19:00:00+00:00,800.8267211914062,772.95833325,,2026-07-09 16:00:00+00:00,2026-10-09 15:00:00+00:00,6,6,bias_adjusted_tso+linear_interpolation,degraded
2026-10-09,2026-10-09T21:30:15+00:00,online,DK2,wind_offshore,xgboost_online,XGBoost with covariates,weather_4p+tso_forecast,2208,2026-10-09 20:00:00+00:00,811.07421875,775.875,,2026-07-09 16:00:00+00:00,2026-10-09 15:00:00+00:00,6,6,bias_adjusted_tso+linear_interpolation,degraded
2026-10-09,2026-10-09T21:30:15+00:00,online,DK2,wind_offshore,xgboost_online,XGBoost with covariates,weather_4p+tso_forecast,2208,2026-10-09 21:00:00+00:00,882.2597045898438,779.3888886666667,,2026-07-09 16:00:00+00:00,2026-10-09 15:00:00+00:00,6,6,bias_adjusted_tso+linear_interpolation,degraded
2026-10-09,2026-10-09T21:30:15+00:00,online,DK2,wind_offshore,xgboost_online,XGBoost with covariates,weather_4p+tso_forecast,2208,2026-10-09 22:00:00+00:00,869.7662963867188,834.95833325,,2026-07-09 16:00:00+00:00,2026-10-09 15:00:00+00:00,6,6,bias_adjusted_tso+linear_interpolation,degraded
2026-10-09,2026-10-09T21:30:15+00:00,online,DK2,wind_offshore,xgboost_online,XGBoost with covariates,weather_4p+tso_forecast,2208,2026-10-09 23:00:00+00:00,850.5249633789062,818.0416665,,2026-07-09 16:00:00+00:00,2026-10-09 15:00:00+00:00,6,6,bias_adjusted_tso+linear_interpolation,degraded
2026-10-09,2026-10-09T21:30:15+00:00,online,DK2,wind_offshore,xgboost_online,XGBoost with covariates,weather_4p+tso_forecast,2208,2026-10-10 00:00:00+00:00,800.3189697265625,810.666666,,2026-07-09 16:00:00+00:00,2026-10-09 15:00:00+00:00,6,6,bias_adjusted_tso+linear_interpolation,degraded
2026-10-09,2026-10-09T21:30:15+00:00,online,DK2,wind_offshore,xgboost_online,XGBoost with covariates,weather_4p+tso_forecast,2208,2026-10-10 01:00:00+00:00,826.6550903320312,814.833333,,2026-07-09 16:00:00+00:00,2026-10-09 15:00:00+00:00,6,6,bias_adjusted_tso+linear_interpolation,degraded
2026-10-09,2026-10-09T21:30:15+00:00,online,DK2,wind_offshore,xgboost_online,XGBoost with covariates,weather_4p+tso_forecast,2208,2026-10-10 02:00:00+00:00,738.9862670898438,814.9166665,,2026-07-09 16:00:00+00:00,2026-10-09 15:00:00+00:00,6,6,bias_adjusted_tso+linear_interpolation,degraded
2026-10-09,2026-10-09T21:30:15+00:00,online,DK2,wind_offshore,xgboost_online,XGBoost with covariates,weather_4p+tso_forecast,2208,2026-10-10 03:00:00+00:00,716.2029418945312,801.75,,2026-07-09 16:00:00+00:00,2026-10-09 15:00:00+00:00,6,6,bias_adjusted_tso+linear_interpolation,degraded
2026-10-09,2026-10-09T21:30:15+00:00,online,DK2,wind_offshore,xgboost_online,XGBoost with covariates,weather_4p+tso_forecast,2208,2026-10-10 04:00:00+00:00,722.364013671875,779.583333,,2026-07-09 16:00:00+00:00,2026-10-09 15:00:00+00:00,6,6,bias_adjusted_tso+linear_interpolation,degraded
2026-10-09,2026-10-09T21:30:15+00:00,online,DK2,wind_offshore,xgboost_online,XGBoost with covariates,weather_4p+tso_forecast,2208,2026-10-10 05:00:00+00:00,678.9541625976562,763.99999975,,2026-07-09 16:00:00+00:00,2026-10-09 15:00:00+00:00,6,6,bias_adjusted_tso+linear_interpolation,degraded
2026-10-09,2026-10-09T21:30:15+00:00,online,DK2,wind_offshore,xgboost_online,XGBoost with covariates,weather_4p+tso_forecast,2208,2026-10-10 06:00:00+00:00,658.0686645507812,747.958333,,2026-07-09 16:00:00+00:00,2026-10-09 15:00:00+00:00,6,6,bias_adjusted_tso+linear_interpolation,degraded
2026-10-09,2026-10-09T21:30:15+00:00,online,DK2,wind_offshore,xgboost_online,XGBoost with covariates,weather_4p+tso_forecast,2208,2026-10-10 07:00:00+00:00,607.9480590820312,762.16666625,,2026-07-09 16:00:00+00:00,2026-10-09 15:00:00+00:00,6,6,bias_adjusted_tso+linear_interpolation,degraded
2026-10-09,2026-10-09T21:30:15+00:00,online,DK2,wind_offshore,xgboost_online,XGBoost with covariates,weather_4p+tso_forecast,2208,2026-10-10 08:00:00+00:00,562.70654296875,790.20833325,,2026-07-09 16:00:00+00:00,2026-10-09 15:00:00+00:00,6,6,bias_adjusted_tso+linear_interpolation,degraded
2026-10-09,2026-10-09T21:30:15+00:00,online,DK2,wind_offshore,xgboost_online,XGBoost with covariates,weather_4p+tso_forecast,2208,2026-10-10 09:00:00+00:00,546.1697998046875,791.83333325,,2026-07-09 16:00:00+00:00,2026-10-09 15:00:00+00:00,6,6,bias_adjusted_tso+linear_interpolation,degraded
2026-10-09,2026-10-09T21:30:15+00:00,online,DK2,wind_offshore,xgboost_online,XGBoost with covariates,weather_4p+tso_forecast,2208,2026-10-10 10:00:00+00:00,528.7843627929688,795.66666625,,2026-07-09 16:00:00+00:00,2026-10-09 15:00:00+00:00,6,6,bias_adjusted_tso+linear_interpolation,degraded
2026-10-09,2026-10-09T21:30:15+00:00,online,DK2,wind_offshore,xgboost_online,XGBoost with covariates,weather_4p+tso_forecast,2208,2026-10-10 11:00:00+00:00,545.5260009765625,794.87499975,,2026-07-09 16:00:00+00:00,2026-10-09 15:00:00+00:00,6,6,bias_adjusted_tso+linear_interpolation,degraded
2026-10-09,2026-10-09T21:30:15+00:00,online,DK2,wind_offshore,xgboost_online,XGBoost with covariates,weather_4p+tso_forecast,2208,2026-10-10 12:00:00+00:00,541.9732666015625,766.87499975,,2026-07-09 16:00:00+00:00,2026-10-09 15:00:00+00:00,6,6,bias_adjusted_tso+linear_interpolation,degraded
2026-10-09,2026-10-09T21:30:15+00:00,online,DK2,wind_offshore,xgboost_online,XGBoost with covariates,weather_4p+tso_forecast,2208,2026-10-10 13:00:00+00:00,541.9732666015625,777.208333,,2026-07-09 16:00:00+00:00,2026-10-09 15:00:00+00:00,6,6,bias_adjusted_tso+linear_interpolation,degraded
2026-10-09,2026-10-09T21:30:15+00:00,online,DK2,wind_offshore,xgboost_online,XGBoost with covariates,weather_4p+tso_forecast,2208,2026-10-10 14:00:00+00:00,580.4925537109375,802.458333,,2026-07-09 16:00:00+00:00,2026-10-09 15:00:00+00:00,6,6,bias_adjusted_tso+linear_interpolation,degraded
2026-10-09,2026-10-09T21:30:15+00:00,online,DK2,wind_offshore,xgboost_online,XGBoost with covariates,weather_4p+tso_forecast,2208,2026-10-10 15:00:00+00:00,685.2704467773438,815.2916662499999,,2026-07-09 16:00:00+00:00,2026-10-09 15:00:00+00:00,6,6,bias_adjusted_tso+linear_interpolation,degraded
2026-10-09,2026-10-09T21:30:15+00:00,online,ES,load,tso_reference,TSO forecast,tso_forecast,2208,2026-10-09 16:00:00+00:00,27792.0,27792.0,,2026-07-09 16:00:00+00:00,2026-10-09 15:00:00+00:00,0,0,none,complete
2026-10-09,2026-10-09T21:30:15+00:00,online,ES,load,tso_reference,TSO forecast,tso_forecast,2208,2026-10-09 17:00:00+00:00,28792.5,28792.5,,2026-07-09 16:00:00+00:00,2026-10-09 15:00:00+00:00,0,0,none,complete
2026-10-09,2026-10-09T21:30:15+00:00,online,ES,load,tso_reference,TSO forecast,tso_forecast,2208,2026-10-09 18:00:00+00:00,30418.0,30418.0,,2026-07-09 16:00:00+00:00,2026-10-09 15:00:00+00:00,0,0,none,complete
2026-10-09,2026-10-09T21:30:15+00:00,online,ES,load,tso_reference,TSO forecast,tso_forecast,2208,2026-10-09 19:00:00+00:00,29488.25,29488.25,,2026-07-09 16:00:00+00:00,2026-10-09 15:00:00+00:00,0,0,none,complete
2026-10-09,2026-10-09T21:30:15+00:00,online,ES,load,tso_reference,TSO forecast,tso_forecast,2208,2026-10-09 20:00:00+00:00,26933.0,26933.0,,2026-07-09 16:00:00+00:00,2026-10-09 15:00:00+00:00,0,0,none,complete
2026-10-09,2026-10-09T21:30:15+00:00,online,ES,load,tso_reference,TSO forecast,tso_forecast,2208,2026-10-09 21:00:00+00:00,24546.333333333332,24546.333333333332,,2026-07-09 16:00:00+00:00,2026-10-09 15:00:00+00:00,0,0,none,complete
2026-10-09,2026-10-09T21:30:15+00:00,online,ES,load,tso_reference,TSO forecast,tso_forecast,2208,2026-10-09 22:00:00+00:00,22914.5,22914.5,,2026-07-09 16:00:00+00:00,2026-10-09 15:00:00+00:00,0,0,none,complete
2026-10-09,2026-10-09T21:30:15+00:00,online,ES,load,tso_reference,TSO forecast,tso_forecast,2208,2026-10-09 23:00:00+00:00,21796.0,21796.0,,2026-07-09 16:00:00+00:00,2026-10-09 15:00:00+00:00,0,0,none,complete
2026-10-09,2026-10-09T21:30:15+00:00,online,ES,load,tso_reference,TSO forecast,tso_forecast,2208,2026-10-10 00:00:00+00:00,20891.0,20891.0,,2026-07-09 16:00:00+00:00,2026-10-09 15:00:00+00:00,0,0,none,complete
2026-10-09,2026-10-09T21:30:15+00:00,online,ES,load,tso_reference,TSO forecast,tso_forecast,2208,2026-10-10 01:00:00+00:00,20425.25,20425.25,,2026-07-09 16:00:00+00:00,2026-10-09 15:00:00+00:00,0,0,none,complete
2026-10-09,2026-10-09T21:30:15+00:00,online,ES,load,tso_reference,TSO forecast,tso_forecast,2208,2026-10-10 02:00:00+00:00,20055.5,20055.5,,2026-07-09 16:00:00+00:00,2026-10-09 15:00:00+00:00,0,0,none,complete
2026-10-09,2026-10-09T21:30:15+00:00,online,ES,load,tso_reference,TSO forecast,tso_forecast,2208,2026-10-10 03:00:00+00:00,19977.75,19977.75,,2026-07-09 16:00:00+00:00,2026-10-09 15:00:00+00:00,0,0,none,complete
2026-10-09,2026-10-09T21:30:15+00:00,online,ES,load,tso_reference,TSO forecast,tso_forecast,2208,2026-10-10 04:00:00+00:00,20610.0,20610.0,,2026-07-09 16:00:00+00:00,2026-10-09 15:00:00+00:00,0,0,none,complete
2026-10-09,2026-10-09T21:30:15+00:00,online,ES,load,tso_reference,TSO forecast,tso_forecast,2208,2026-10-10 05:00:00+00:00,21808.0,21808.0,,2026-07-09 16:00:00+00:00,2026-10-09 15:00:00+00:00,0,0,none,complete
2026-10-09,2026-10-09T21:30:15+00:00,online,ES,load,tso_reference,TSO forecast,tso_forecast,2208,2026-10-10 06:00:00+00:00,22917.0,22917.0,,2026-07-09 16:00:00+00:00,2026-10-09 15:00:00+00:00,0,0,none,complete
2026-10-09,2026-10-09T21:30:15+00:00,online,ES,load,tso_reference,TSO forecast,tso_forecast,2208,2026-10-10 07:00:00+00:00,24073.5,24073.5,,2026-07-09 16:00:00+00:00,2026-10-09 15:00:00+00:00,0,0,none,complete
2026-10-09,2026-10-09T21:30:15+00:00,online,ES,load,tso_reference,TSO forecast,tso_forecast,2208,2026-10-10 08:00:00+00:00,24621.0,24621.0,,2026-07-09 16:00:00+00:00,2026-10-09 15:00:00+00:00,0,0,none,complete
2026-10-09,2026-10-09T21:30:15+00:00,online,ES,load,tso_reference,TSO forecast,tso_forecast,2208,2026-10-10 09:00:00+00:00,24016.25,24016.25,,2026-07-09 16:00:00+00:00,2026-10-09 15:00:00+00:00,0,0,none,complete
2026-10-09,2026-10-09T21:30:15+00:00,online,ES,load,tso_reference,TSO forecast,tso_forecast,2208,2026-10-10 10:00:00+00:00,23707.75,23707.75,,2026-07-09 16:00:00+00:00,2026-10-09 15:00:00+00:00,0,0,none,complete
2026-10-09,2026-10-09T21:30:15+00:00,online,ES,load,tso_reference,TSO forecast,tso_forecast,2208,2026-10-10 11:00:00+00:00,23864.0,23864.0,,2026-07-09 16:00:00+00:00,2026-10-09 15:00:00+00:00,0,0,none,complete
2026-10-09,2026-10-09T21:30:15+00:00,online,ES,load,tso_reference,TSO forecast,tso_forecast,2208,2026-10-10 12:00:00+00:00,23506.75,23506.75,,2026-07-09 16:00:00+00:00,2026-10-09 15:00:00+00:00,0,0,none,complete
2026-10-09,2026-10-09T21:30:15+00:00,online,ES,load,tso_reference,TSO forecast,tso_forecast,2208,2026-10-10 13:00:00+00:00,22484.5,22484.5,,2026-07-09 16:00:00+00:00,2026-10-09 15:00:00+00:00,0,0,none,complete
2026-10-09,2026-10-09T21:30:15+00:00,online,ES,load,tso_reference,TSO forecast,tso_forecast,2208,2026-10-10 14:00:00+00:00,22195.0,22195.0,,2026-07-09 16:00:00+00:00,2026-10-09 15:00:00+00:00,0,0,none,complete
2026-10-09,2026-10-09T21:30:15+00:00,online,ES,load,tso_reference,TSO forecast,tso_forecast,2208,2026-10-10 15:00:00+00:00,22976.25,22976.25,,2026-07-09 16:00:00+00:00,2026-10-09 15:00:00+00:00,0,0,none,complete
2026-10-09,2026-10-09T21:30:15+00:00,online,ES,load,persistence,Persistence,weekly_persistence,2208,2026-10-09 16:00:00+00:00,30330.0,27792.0,,2026-07-09 16:00:00+00:00,2026-10-09 15:00:00+00:00,0,0,none,complete
2026-10-09,2026-10-09T21:30:15+00:00,online,ES,load,persistence,Persistence,weekly_persistence,2208,2026-10-09 17:00:00+00:00,30866.666666666668,28792.5,,2026-07-09 16:00:00+00:00,2026-10-09 15:00:00+00:00,0,0,none,complete
2026-10-09,2026-10-09T21:30:15+00:00,online,ES,load,persistence,Persistence,weekly_persistence,2208,2026-10-09 18:00:00+00:00,31686.0,30418.0,,2026-07-09 16:00:00+00:00,2026-10-09 15:00:00+00:00,0,0,none,complete
2026-10-09,2026-10-09T21:30:15+00:00,online,ES,load,persistence,Persistence,weekly_persistence,2208,2026-10-09 19:00:00+00:00,30410.666666666668,29488.25,,2026-07-09 16:00:00+00:00,2026-10-09 15:00:00+00:00,0,0,none,complete
2026-10-09,2026-10-09T21:30:15+00:00,online,ES,load,persistence,Persistence,weekly_persistence,2208,2026-10-09 20:00:00+00:00,27588.0,26933.0,,2026-07-09 16:00:00+00:00,2026-10-09 15:00:00+00:00,0,0,none,complete
2026-10-09,2026-10-09T21:30:15+00:00,online,ES,load,persistence,Persistence,weekly_persistence,2208,2026-10-09 21:00:00+00:00,25756.0,24546.333333333332,,2026-07-09 16:00:00+00:00,2026-10-09 15:00:00+00:00,0,0,none,complete
2026-10-09,2026-10-09T21:30:15+00:00,online,ES,load,persistence,Persistence,weekly_persistence,2208,2026-10-09 22:00:00+00:00,24476.0,22914.5,,2026-07-09 16:00:00+00:00,2026-10-09 15:00:00+00:00,0,0,none,complete
2026-10-09,2026-10-09T21:30:15+00:00,online,ES,load,persistence,Persistence,weekly_persistence,2208,2026-10-09 23:00:00+00:00,23248.0,21796.0,,2026-07-09 16:00:00+00:00,2026-10-09 15:00:00+00:00,0,0,none,complete
2026-10-09,2026-10-09T21:30:15+00:00,online,ES,load,persistence,Persistence,weekly_persistence,2208,2026-10-10 00:00:00+00:00,22253.0,20891.0,,2026-07-09 16:00:00+00:00,2026-10-09 15:00:00+00:00,0,0,none,complete
2026-10-09,2026-10-09T21:30:15+00:00,online,ES,load,persistence,Persistence,weekly_persistence,2208,2026-10-10 01:00:00+00:00,21668.0,20425.25,,2026-07-09 16:00:00+00:00,2026-10-09 15:00:00+00:00,0,0,none,complete
2026-10-09,2026-10-09T21:30:15+00:00,online,ES,load,persistence,Persistence,weekly_persistence,2208,2026-10-10 02:00:00+00:00,21197.0,20055.5,,2026-07-09 16:00:00+00:00,2026-10-09 15:00:00+00:00,0,0,none,complete
2026-10-09,2026-10-09T21:30:15+00:00,online,ES,load,persistence,Persistence,weekly_persistence,2208,2026-10-10 03:00:00+00:00,20998.0,19977.75,,2026-07-09 16:00:00+00:00,2026-10-09 15:00:00+00:00,0,0,none,complete
2026-10-09,2026-10-09T21:30:15+00:00,online,ES,load,persistence,Persistence,weekly_persistence,2208,2026-10-10 04:00:00+00:00,21565.0,20610.0,,2026-07-09 16:00:00+00:00,2026-10-09 15:00:00+00:00,0,0,none,complete
2026-10-09,2026-10-09T21:30:15+00:00,online,ES,load,persistence,Persistence,weekly_persistence,2208,2026-10-10 05:00:00+00:00,22874.0,21808.0,,2026-07-09 16:00:00+00:00,2026-10-09 15:00:00+00:00,0,0,none,complete
2026-10-09,2026-10-09T21:30:15+00:00,online,ES,load,persistence,Persistence,weekly_persistence,2208,2026-10-10 06:00:00+00:00,23896.0,22917.0,,2026-07-09 16:00:00+00:00,2026-10-09 15:00:00+00:00,0,0,none,complete
2026-10-09,2026-10-09T21:30:15+00:00,online,ES,load,persistence,Persistence,weekly_persistence,2208,2026-10-10 07:00:00+00:00,25229.0,24073.5,,2026-07-09 16:00:00+00:00,2026-10-09 15:00:00+00:00,0,0,none,complete
2026-10-09,2026-10-09T21:30:15+00:00,online,ES,load,persistence,Persistence,weekly_persistence,2208,2026-10-10 08:00:00+00:00,26240.0,24621.0,,2026-07-09 16:00:00+00:00,2026-10-09 15:00:00+00:00,0,0,none,complete
2026-10-09,2026-10-09T21:30:15+00:00,online,ES,load,persistence,Persistence,weekly_persistence,2208,2026-10-10 09:00:00+00:00,26029.0,24016.25,,2026-07-09 16:00:00+00:00,2026-10-09 15:00:00+00:00,0,0,none,complete
2026-10-09,2026-10-09T21:30:15+00:00,online,ES,load,persistence,Persistence,weekly_persistence,2208,2026-10-10 10:00:00+00:00,26400.0,23707.75,,2026-07-09 16:00:00+00:00,2026-10-09 15:00:00+00:00,0,0,none,complete
2026-10-09,2026-10-09T21:30:15+00:00,online,ES,load,persistence,Persistence,weekly_persistence,2208,2026-10-10 11:00:00+00:00,26919.0,23864.0,,2026-07-09 16:00:00+00:00,2026-10-09 15:00:00+00:00,0,0,none,complete
2026-10-09,2026-10-09T21:30:15+00:00,online,ES,load,persistence,Persistence,weekly_persistence,2208,2026-10-10 12:00:00+00:00,26442.0,23506.75,,2026-07-09 16:00:00+00:00,2026-10-09 15:00:00+00:00,0,0,none,complete
2026-10-09,2026-10-09T21:30:15+00:00,online,ES,load,persistence,Persistence,weekly_persistence,2208,2026-10-10 13:00:00+00:00,25171.0,22484.5,,2026-07-09 16:00:00+00:00,2026-10-09 15:00:00+00:00,0,0,none,complete
2026-10-09,2026-10-09T21:30:15+00:00,online,ES,load,persistence,Persistence,weekly_persistence,2208,2026-10-10 14:00:00+00:00,24336.0,22195.0,,2026-07-09 16:00:00+00:00,2026-10-09 15:00:00+00:00,0,0,none,complete
2026-10-09,2026-10-09T21:30:15+00:00,online,ES,load,persistence,Persistence,weekly_persistence,2208,2026-10-10 15:00:00+00:00,24588.0,22976.25,,2026-07-09 16:00:00+00:00,2026-10-09 15:00:00+00:00,0,0,none,complete
2026-10-09,2026-10-09T21:30:15+00:00,online,ES,load,ridge_3mo_context,Ridge with covariates,Wind+tso_forecast,2208,2026-10-09 16:00:00+00:00,27596.91689628007,27792.0,,2026-07-09 16:00:00+00:00,2026-10-09 15:00:00+00:00,0,0,none,complete
2026-10-09,2026-10-09T21:30:15+00:00,online,ES,load,ridge_3mo_context,Ridge with covariates,Wind+tso_forecast,2208,2026-10-09 17:00:00+00:00,28628.83025560227,28792.5,,2026-07-09 16:00:00+00:00,2026-10-09 15:00:00+00:00,0,0,none,complete
2026-10-09,2026-10-09T21:30:15+00:00,online,ES,load,ridge_3mo_context,Ridge with covariates,Wind+tso_forecast,2208,2026-10-09 18:00:00+00:00,30287.77554484581,30418.0,,2026-07-09 16:00:00+00:00,2026-10-09 15:00:00+00:00,0,0,none,complete
2026-10-09,2026-10-09T21:30:15+00:00,online,ES,load,ridge_3mo_context,Ridge with covariates,Wind+tso_forecast,2208,2026-10-09 19:00:00+00:00,29394.516035528854,29488.25,,2026-07-09 16:00:00+00:00,2026-10-09 15:00:00+00:00,0,0,none,complete
2026-10-09,2026-10-09T21:30:15+00:00,online,ES,load,ridge_3mo_context,Ridge with covariates,Wind+tso_forecast,2208,2026-10-09 20:00:00+00:00,26863.236680020047,26933.0,,2026-07-09 16:00:00+00:00,2026-10-09 15:00:00+00:00,0,0,none,complete
2026-10-09,2026-10-09T21:30:15+00:00,online,ES,load,ridge_3mo_context,Ridge with covariates,Wind+tso_forecast,2208,2026-10-09 21:00:00+00:00,24475.37930978587,24546.333333333332,,2026-07-09 16:00:00+00:00,2026-10-09 15:00:00+00:00,0,0,none,complete
2026-10-09,2026-10-09T21:30:15+00:00,online,ES,load,ridge_3mo_context,Ridge with covariates,Wind+tso_forecast,2208,2026-10-09 22:00:00+00:00,22837.994639162443,22914.5,,2026-07-09 16:00:00+00:00,2026-10-09 15:00:00+00:00,0,0,none,complete
2026-10-09,2026-10-09T21:30:15+00:00,online,ES,load,ridge_3mo_context,Ridge with covariates,Wind+tso_forecast,2208,2026-10-09 23:00:00+00:00,21718.59099148683,21796.0,,2026-07-09 16:00:00+00:00,2026-10-09 15:00:00+00:00,0,0,none,complete
2026-10-09,2026-10-09T21:30:15+00:00,online,ES,load,ridge_3mo_context,Ridge with covariates,Wind+tso_forecast,2208,2026-10-10 00:00:00+00:00,20775.252885468875,20891.0,,2026-07-09 16:00:00+00:00,2026-10-09 15:00:00+00:00,0,0,none,complete
2026-10-09,2026-10-09T21:30:15+00:00,online,ES,load,ridge_3mo_context,Ridge with covariates,Wind+tso_forecast,2208,2026-10-10 01:00:00+00:00,20298.829537476784,20425.25,,2026-07-09 16:00:00+00:00,2026-10-09 15:00:00+00:00,0,0,none,complete
2026-10-09,2026-10-09T21:30:15+00:00,online,ES,load,ridge_3mo_context,Ridge with covariates,Wind+tso_forecast,2208,2026-10-10 02:00:00+00:00,19914.82021231851,20055.5,,2026-07-09 16:00:00+00:00,2026-10-09 15:00:00+00:00,0,0,none,complete
2026-10-09,2026-10-09T21:30:15+00:00,online,ES,load,ridge_3mo_context,Ridge with covariates,Wind+tso_forecast,2208,2026-10-10 03:00:00+00:00,19826.04200832789,19977.75,,2026-07-09 16:00:00+00:00,2026-10-09 15:00:00+00:00,0,0,none,complete
2026-10-09,2026-10-09T21:30:15+00:00,online,ES,load,ridge_3mo_context,Ridge with covariates,Wind+tso_forecast,2208,2026-10-10 04:00:00+00:00,20460.718877703835,20610.0,,2026-07-09 16:00:00+00:00,2026-10-09 15:00:00+00:00,0,0,none,complete
2026-10-09,2026-10-09T21:30:15+00:00,online,ES,load,ridge_3mo_context,Ridge with covariates,Wind+tso_forecast,2208,2026-10-10 05:00:00+00:00,21649.360922461834,21808.0,,2026-07-09 16:00:00+00:00,2026-10-09 15:00:00+00:00,0,0,none,complete
2026-10-09,2026-10-09T21:30:15+00:00,online,ES,load,ridge_3mo_context,Ridge with covariates,Wind+tso_forecast,2208,2026-10-10 06:00:00+00:00,22752.154679346484,22917.0,,2026-07-09 16:00:00+00:00,2026-10-09 15:00:00+00:00,0,0,none,complete
2026-10-09,2026-10-09T21:30:15+00:00,online,ES,load,ridge_3mo_context,Ridge with covariates,Wind+tso_forecast,2208,2026-10-10 07:00:00+00:00,23891.039071951047,24073.5,,2026-07-09 16:00:00+00:00,2026-10-09 15:00:00+00:00,0,0,none,complete
2026-10-09,2026-10-09T21:30:15+00:00,online,ES,load,ridge_3mo_context,Ridge with covariates,Wind+tso_forecast,2208,2026-10-10 08:00:00+00:00,24424.193476315017,24621.0,,2026-07-09 16:00:00+00:00,2026-10-09 15:00:00+00:00,0,0,none,complete
2026-10-09,2026-10-09T21:30:15+00:00,online,ES,load,ridge_3mo_context,Ridge with covariates,Wind+tso_forecast,2208,2026-10-10 09:00:00+00:00,23803.881246245677,24016.25,,2026-07-09 16:00:00+00:00,2026-10-09 15:00:00+00:00,0,0,none,complete
2026-10-09,2026-10-09T21:30:15+00:00,online,ES,load,ridge_3mo_context,Ridge with covariates,Wind+tso_forecast,2208,2026-10-10 10:00:00+00:00,23525.25092224715,23707.75,,2026-07-09 16:00:00+00:00,2026-10-09 15:00:00+00:00,0,0,none,complete
2026-10-09,2026-10-09T21:30:15+00:00,online,ES,load,ridge_3mo_context,Ridge with covariates,Wind+tso_forecast,2208,2026-10-10 11:00:00+00:00,23694.520729093216,23864.0,,2026-07-09 16:00:00+00:00,2026-10-09 15:00:00+00:00,0,0,none,complete
2026-10-09,2026-10-09T21:30:15+00:00,online,ES,load,ridge_3mo_context,Ridge with covariates,Wind+tso_forecast,2208,2026-10-10 12:00:00+00:00,23352.725955445127,23506.75,,2026-07-09 16:00:00+00:00,2026-10-09 15:00:00+00:00,0,0,none,complete
2026-10-09,2026-10-09T21:30:15+00:00,online,ES,load,ridge_3mo_context,Ridge with covariates,Wind+tso_forecast,2208,2026-10-10 13:00:00+00:00,22375.161462793476,22484.5,,2026-07-09 16:00:00+00:00,2026-10-09 15:00:00+00:00,0,0,none,complete
2026-10-09,2026-10-09T21:30:15+00:00,online,ES,load,ridge_3mo_context,Ridge with covariates,Wind+tso_forecast,2208,2026-10-10 14:00:00+00:00,22097.31068028129,22195.0,,2026-07-09 16:00:00+00:00,2026-10-09 15:00:00+00:00,0,0,none,complete
2026-10-09,2026-10-09T21:30:15+00:00,online,ES,load,ridge_3mo_context,Ridge with covariates,Wind+tso_forecast,2208,2026-10-10 15:00:00+00:00,22896.140780524165,22976.25,,2026-07-09 16:00:00+00:00,2026-10-09 15:00:00+00:00,0,0,none,complete
2026-10-09,2026-10-09T21:30:15+00:00,online,ES,load,chronos2_online,Chronos2 with covariates,deg_proxy+tso_forecast,2208,2026-10-09 16:00:00+00:00,26889.064453125,27792.0,,2026-07-09 16:00:00+00:00,2026-10-09 15:00:00+00:00,0,0,none,complete
2026-10-09,2026-10-09T21:30:15+00:00,online,ES,load,chronos2_online,Chronos2 with covariates,deg_proxy+tso_forecast,2208,2026-10-09 17:00:00+00:00,27956.943359375,28792.5,,2026-07-09 16:00:00+00:00,2026-10-09 15:00:00+00:00,0,0,none,complete
2026-10-09,2026-10-09T21:30:15+00:00,online,ES,load,chronos2_online,Chronos2 with covariates,deg_proxy+tso_forecast,2208,2026-10-09 18:00:00+00:00,29496.2109375,30418.0,,2026-07-09 16:00:00+00:00,2026-10-09 15:00:00+00:00,0,0,none,complete
2026-10-09,2026-10-09T21:30:15+00:00,online,ES,load,chronos2_online,Chronos2 with covariates,deg_proxy+tso_forecast,2208,2026-10-09 19:00:00+00:00,28485.822265625,29488.25,,2026-07-09 16:00:00+00:00,2026-10-09 15:00:00+00:00,0,0,none,complete
2026-10-09,2026-10-09T21:30:15+00:00,online,ES,load,chronos2_online,Chronos2 with covariates,deg_proxy+tso_forecast,2208,2026-10-09 20:00:00+00:00,26065.36328125,26933.0,,2026-07-09 16:00:00+00:00,2026-10-09 15:00:00+00:00,0,0,none,complete
2026-10-09,2026-10-09T21:30:15+00:00,online,ES,load,chronos2_online,Chronos2 with covariates,deg_proxy+tso_forecast,2208,2026-10-09 21:00:00+00:00,23835.640625,24546.333333333332,,2026-07-09 16:00:00+00:00,2026-10-09 15:00:00+00:00,0,0,none,complete
2026-10-09,2026-10-09T21:30:15+00:00,online,ES,load,chronos2_online,Chronos2 with covariates,deg_proxy+tso_forecast,2208,2026-10-09 22:00:00+00:00,22250.15234375,22914.5,,2026-07-09 16:00:00+00:00,2026-10-09 15:00:00+00:00,0,0,none,complete
2026-10-09,2026-10-09T21:30:15+00:00,online,ES,load,chronos2_online,Chronos2 with covariates,deg_proxy+tso_forecast,2208,2026-10-09 23:00:00+00:00,21160.70703125,21796.0,,2026-07-09 16:00:00+00:00,2026-10-09 15:00:00+00:00,0,0,none,complete
2026-10-09,2026-10-09T21:30:15+00:00,online,ES,load,chronos2_online,Chronos2 with covariates,deg_proxy+tso_forecast,2208,2026-10-10 00:00:00+00:00,20467.1953125,20891.0,,2026-07-09 16:00:00+00:00,2026-10-09 15:00:00+00:00,0,0,none,complete
2026-10-09,2026-10-09T21:30:15+00:00,online,ES,load,chronos2_online,Chronos2 with covariates,deg_proxy+tso_forecast,2208,2026-10-10 01:00:00+00:00,20186.017578125,20425.25,,2026-07-09 16:00:00+00:00,2026-10-09 15:00:00+00:00,0,0,none,complete
2026-10-09,2026-10-09T21:30:15+00:00,online,ES,load,chronos2_online,Chronos2 with covariates,deg_proxy+tso_forecast,2208,2026-10-10 02:00:00+00:00,19825.28515625,20055.5,,2026-07-09 16:00:00+00:00,2026-10-09 15:00:00+00:00,0,0,none,complete
2026-10-09,2026-10-09T21:30:15+00:00,online,ES,load,chronos2_online,Chronos2 with covariates,deg_proxy+tso_forecast,2208,2026-10-10 03:00:00+00:00,19767.728515625,19977.75,,2026-07-09 16:00:00+00:00,2026-10-09 15:00:00+00:00,0,0,none,complete
2026-10-09,2026-10-09T21:30:15+00:00,online,ES,load,chronos2_online,Chronos2 with covariates,deg_proxy+tso_forecast,2208,2026-10-10 04:00:00+00:00,20475.998046875,20610.0,,2026-07-09 16:00:00+00:00,2026-10-09 15:00:00+00:00,0,0,none,complete
2026-10-09,2026-10-09T21:30:15+00:00,online,ES,load,chronos2_online,Chronos2 with covariates,deg_proxy+tso_forecast,2208,2026-10-10 05:00:00+00:00,21844.1875,21808.0,,2026-07-09 16:00:00+00:00,2026-10-09 15:00:00+00:00,0,0,none,complete
2026-10-09,2026-10-09T21:30:15+00:00,online,ES,load,chronos2_online,Chronos2 with covariates,deg_proxy+tso_forecast,2208,2026-10-10 06:00:00+00:00,23137.859375,22917.0,,2026-07-09 16:00:00+00:00,2026-10-09 15:00:00+00:00,0,0,none,complete
2026-10-09,2026-10-09T21:30:15+00:00,online,ES,load,chronos2_online,Chronos2 with covariates,deg_proxy+tso_forecast,2208,2026-10-10 07:00:00+00:00,24060.15625,24073.5,,2026-07-09 16:00:00+00:00,2026-10-09 15:00:00+00:00,0,0,none,complete
2026-10-09,2026-10-09T21:30:15+00:00,online,ES,load,chronos2_online,Chronos2 with covariates,deg_proxy+tso_forecast,2208,2026-10-10 08:00:00+00:00,24173.84375,24621.0,,2026-07-09 16:00:00+00:00,2026-10-09 15:00:00+00:00,0,0,none,complete
2026-10-09,2026-10-09T21:30:15+00:00,online,ES,load,chronos2_online,Chronos2 with covariates,deg_proxy+tso_forecast,2208,2026-10-10 09:00:00+00:00,23145.171875,24016.25,,2026-07-09 16:00:00+00:00,2026-10-09 15:00:00+00:00,0,0,none,complete
2026-10-09,2026-10-09T21:30:15+00:00,online,ES,load,chronos2_online,Chronos2 with covariates,deg_proxy+tso_forecast,2208,2026-10-10 10:00:00+00:00,22533.3125,23707.75,,2026-07-09 16:00:00+00:00,2026-10-09 15:00:00+00:00,0,0,none,complete
2026-10-09,2026-10-09T21:30:15+00:00,online,ES,load,chronos2_online,Chronos2 with covariates,deg_proxy+tso_forecast,2208,2026-10-10 11:00:00+00:00,22481.3125,23864.0,,2026-07-09 16:00:00+00:00,2026-10-09 15:00:00+00:00,0,0,none,complete
2026-10-09,2026-10-09T21:30:15+00:00,online,ES,load,chronos2_online,Chronos2 with covariates,deg_proxy+tso_forecast,2208,2026-10-10 12:00:00+00:00,22177.92578125,23506.75,,2026-07-09 16:00:00+00:00,2026-10-09 15:00:00+00:00,0,0,none,complete
2026-10-09,2026-10-09T21:30:15+00:00,online,ES,load,chronos2_online,Chronos2 with covariates,deg_proxy+tso_forecast,2208,2026-10-10 13:00:00+00:00,21321.8984375,22484.5,,2026-07-09 16:00:00+00:00,2026-10-09 15:00:00+00:00,0,0,none,complete
2026-10-09,2026-10-09T21:30:15+00:00,online,ES,load,chronos2_online,Chronos2 with covariates,deg_proxy+tso_forecast,2208,2026-10-10 14:00:00+00:00,21413.009765625,22195.0,,2026-07-09 16:00:00+00:00,2026-10-09 15:00:00+00:00,0,0,none,complete
2026-10-09,2026-10-09T21:30:15+00:00,online,ES,load,chronos2_online,Chronos2 with covariates,deg_proxy+tso_forecast,2208,2026-10-10 15:00:00+00:00,22457.1015625,22976.25,,2026-07-09 16:00:00+00:00,2026-10-09 15:00:00+00:00,0,0,none,complete
2026-10-09,2026-10-09T21:30:15+00:00,online,ES,solar,tso_reference,TSO forecast,tso_forecast,2208,2026-10-09 16:00:00+00:00,12528.25,12528.25,,2026-07-09 16:00:00+00:00,2026-10-09 15:00:00+00:00,0,0,none,complete
2026-10-09,2026-10-09T21:30:15+00:00,online,ES,solar,tso_reference,TSO forecast,tso_forecast,2208,2026-10-09 17:00:00+00:00,3669.75,3669.75,,2026-07-09 16:00:00+00:00,2026-10-09 15:00:00+00:00,0,0,none,complete
2026-10-09,2026-10-09T21:30:15+00:00,online,ES,solar,tso_reference,TSO forecast,tso_forecast,2208,2026-10-09 18:00:00+00:00,516.75,516.75,,2026-07-09 16:00:00+00:00,2026-10-09 15:00:00+00:00,0,0,none,complete
2026-10-09,2026-10-09T21:30:15+00:00,online,ES,solar,tso_reference,TSO forecast,tso_forecast,2208,2026-10-09 19:00:00+00:00,390.0,390.0,,2026-07-09 16:00:00+00:00,2026-10-09 15:00:00+00:00,0,0,none,complete
2026-10-09,2026-10-09T21:30:15+00:00,online,ES,solar,tso_reference,TSO forecast,tso_forecast,2208,2026-10-09 20:00:00+00:00,329.5,329.5,,2026-07-09 16:00:00+00:00,2026-10-09 15:00:00+00:00,0,0,none,complete
2026-10-09,2026-10-09T21:30:15+00:00,online,ES,solar,tso_reference,TSO forecast,tso_forecast,2208,2026-10-09 21:00:00+00:00,298.3333333333333,298.3333333333333,,2026-07-09 16:00:00+00:00,2026-10-09 15:00:00+00:00,0,0,none,complete
2026-10-09,2026-10-09T21:30:15+00:00,online,ES,solar,tso_reference,TSO forecast,tso_forecast,2208,2026-10-09 22:00:00+00:00,264.5,264.5,,2026-07-09 16:00:00+00:00,2026-10-09 15:00:00+00:00,0,0,none,complete
2026-10-09,2026-10-09T21:30:15+00:00,online,ES,solar,tso_reference,TSO forecast,tso_forecast,2208,2026-10-09 23:00:00+00:00,223.25,223.25,,2026-07-09 16:00:00+00:00,2026-10-09 15:00:00+00:00,0,0,none,complete
2026-10-09,2026-10-09T21:30:15+00:00,online,ES,solar,tso_reference,TSO forecast,tso_forecast,2208,2026-10-10 00:00:00+00:00,199.75,199.75,,2026-07-09 16:00:00+00:00,2026-10-09 15:00:00+00:00,0,0,none,complete
2026-10-09,2026-10-09T21:30:15+00:00,online,ES,solar,tso_reference,TSO forecast,tso_forecast,2208,2026-10-10 01:00:00+00:00,172.0,172.0,,2026-07-09 16:00:00+00:00,2026-10-09 15:00:00+00:00,0,0,none,complete
2026-10-09,2026-10-09T21:30:15+00:00,online,ES,solar,tso_reference,TSO forecast,tso_forecast,2208,2026-10-10 02:00:00+00:00,124.75,124.75,,2026-07-09 16:00:00+00:00,2026-10-09 15:00:00+00:00,0,0,none,complete
2026-10-09,2026-10-09T21:30:15+00:00,online,ES,solar,tso_reference,TSO forecast,tso_forecast,2208,2026-10-10 03:00:00+00:00,80.0,80.0,,2026-07-09 16:00:00+00:00,2026-10-09 15:00:00+00:00,0,0,none,complete
2026-10-09,2026-10-09T21:30:15+00:00,online,ES,solar,tso_reference,TSO forecast,tso_forecast,2208,2026-10-10 04:00:00+00:00,41.5,41.5,,2026-07-09 16:00:00+00:00,2026-10-09 15:00:00+00:00,0,0,none,complete
2026-10-09,2026-10-09T21:30:15+00:00,online,ES,solar,tso_reference,TSO forecast,tso_forecast,2208,2026-10-10 05:00:00+00:00,21.0,21.0,,2026-07-09 16:00:00+00:00,2026-10-09 15:00:00+00:00,0,0,none,complete
2026-10-09,2026-10-09T21:30:15+00:00,online,ES,solar,tso_reference,TSO forecast,tso_forecast,2208,2026-10-10 06:00:00+00:00,1233.5,1233.5,,2026-07-09 16:00:00+00:00,2026-10-09 15:00:00+00:00,0,0,none,complete
2026-10-09,2026-10-09T21:30:15+00:00,online,ES,solar,tso_reference,TSO forecast,tso_forecast,2208,2026-10-10 07:00:00+00:00,8475.75,8475.75,,2026-07-09 16:00:00+00:00,2026-10-09 15:00:00+00:00,0,0,none,complete
2026-10-09,2026-10-09T21:30:15+00:00,online,ES,solar,tso_reference,TSO forecast,tso_forecast,2208,2026-10-10 08:00:00+00:00,16495.5,16495.5,,2026-07-09 16:00:00+00:00,2026-10-09 15:00:00+00:00,0,0,none,complete
2026-10-09,2026-10-09T21:30:15+00:00,online,ES,solar,tso_reference,TSO forecast,tso_forecast,2208,2026-10-10 09:00:00+00:00,20328.25,20328.25,,2026-07-09 16:00:00+00:00,2026-10-09 15:00:00+00:00,0,0,none,complete
2026-10-09,2026-10-09T21:30:15+00:00,online,ES,solar,tso_reference,TSO forecast,tso_forecast,2208,2026-10-10 10:00:00+00:00,21229.5,21229.5,,2026-07-09 16:00:00+00:00,2026-10-09 15:00:00+00:00,0,0,none,complete
2026-10-09,2026-10-09T21:30:15+00:00,online,ES,solar,tso_reference,TSO forecast,tso_forecast,2208,2026-10-10 11:00:00+00:00,22047.75,22047.75,,2026-07-09 16:00:00+00:00,2026-10-09 15:00:00+00:00,0,0,none,complete
2026-10-09,2026-10-09T21:30:15+00:00,online,ES,solar,tso_reference,TSO forecast,tso_forecast,2208,2026-10-10 12:00:00+00:00,21445.75,21445.75,,2026-07-09 16:00:00+00:00,2026-10-09 15:00:00+00:00,0,0,none,complete
2026-10-09,2026-10-09T21:30:15+00:00,online,ES,solar,tso_reference,TSO forecast,tso_forecast,2208,2026-10-10 13:00:00+00:00,21311.25,21311.25,,2026-07-09 16:00:00+00:00,2026-10-09 15:00:00+00:00,0,0,none,complete
2026-10-09,2026-10-09T21:30:15+00:00,online,ES,solar,tso_reference,TSO forecast,tso_forecast,2208,2026-10-10 14:00:00+00:00,20205.5,20205.5,,2026-07-09 16:00:00+00:00,2026-10-09 15:00:00+00:00,0,0,none,complete
2026-10-09,2026-10-09T21:30:15+00:00,online,ES,solar,tso_reference,TSO forecast,tso_forecast,2208,2026-10-10 15:00:00+00:00,18700.5,18700.5,,2026-07-09 16:00:00+00:00,2026-10-09 15:00:00+00:00,0,0,none,complete
2026-10-09,2026-10-09T21:30:15+00:00,online,ES,solar,persistence,Persistence,daily_persistence,2208,2026-10-09 16:00:00+00:00,12587.0,12528.25,,2026-07-09 16:00:00+00:00,2026-10-09 15:00:00+00:00,0,0,none,complete
2026-10-09,2026-10-09T21:30:15+00:00,online,ES,solar,persistence,Persistence,daily_persistence,2208,2026-10-09 17:00:00+00:00,2719.0,3669.75,,2026-07-09 16:00:00+00:00,2026-10-09 15:00:00+00:00,0,0,none,complete
2026-10-09,2026-10-09T21:30:15+00:00,online,ES,solar,persistence,Persistence,daily_persistence,2208,2026-10-09 18:00:00+00:00,472.0,516.75,,2026-07-09 16:00:00+00:00,2026-10-09 15:00:00+00:00,0,0,none,complete
2026-10-09,2026-10-09T21:30:15+00:00,online,ES,solar,persistence,Persistence,daily_persistence,2208,2026-10-09 19:00:00+00:00,398.0,390.0,,2026-07-09 16:00:00+00:00,2026-10-09 15:00:00+00:00,0,0,none,complete
2026-10-09,2026-10-09T21:30:15+00:00,online,ES,solar,persistence,Persistence,daily_persistence,2208,2026-10-09 20:00:00+00:00,383.0,329.5,,2026-07-09 16:00:00+00:00,2026-10-09 15:00:00+00:00,0,0,none,complete
2026-10-09,2026-10-09T21:30:15+00:00,online,ES,solar,persistence,Persistence,daily_persistence,2208,2026-10-09 21:00:00+00:00,352.0,298.3333333333333,,2026-07-09 16:00:00+00:00,2026-10-09 15:00:00+00:00,0,0,none,complete
2026-10-09,2026-10-09T21:30:15+00:00,online,ES,solar,persistence,Persistence,daily_persistence,2208,2026-10-09 22:00:00+00:00,344.0,264.5,,2026-07-09 16:00:00+00:00,2026-10-09 15:00:00+00:00,0,0,none,complete
2026-10-09,2026-10-09T21:30:15+00:00,online,ES,solar,persistence,Persistence,daily_persistence,2208,2026-10-09 23:00:00+00:00,313.0,223.25,,2026-07-09 16:00:00+00:00,2026-10-09 15:00:00+00:00,0,0,none,complete
2026-10-09,2026-10-09T21:30:15+00:00,online,ES,solar,persistence,Persistence,daily_persistence,2208,2026-10-10 00:00:00+00:00,201.0,199.75,,2026-07-09 16:00:00+00:00,2026-10-09 15:00:00+00:00,0,0,none,complete
2026-10-09,2026-10-09T21:30:15+00:00,online,ES,solar,persistence,Persistence,daily_persistence,2208,2026-10-10 01:00:00+00:00,132.0,172.0,,2026-07-09 16:00:00+00:00,2026-10-09 15:00:00+00:00,0,0,none,complete
2026-10-09,2026-10-09T21:30:15+00:00,online,ES,solar,persistence,Persistence,daily_persistence,2208,2026-10-10 02:00:00+00:00,86.0,124.75,,2026-07-09 16:00:00+00:00,2026-10-09 15:00:00+00:00,0,0,none,complete
2026-10-09,2026-10-09T21:30:15+00:00,online,ES,solar,persistence,Persistence,daily_persistence,2208,2026-10-10 03:00:00+00:00,72.0,80.0,,2026-07-09 16:00:00+00:00,2026-10-09 15:00:00+00:00,0,0,none,complete
2026-10-09,2026-10-09T21:30:15+00:00,online,ES,solar,persistence,Persistence,daily_persistence,2208,2026-10-10 04:00:00+00:00,72.0,41.5,,2026-07-09 16:00:00+00:00,2026-10-09 15:00:00+00:00,0,0,none,complete
2026-10-09,2026-10-09T21:30:15+00:00,online,ES,solar,persistence,Persistence,daily_persistence,2208,2026-10-10 05:00:00+00:00,64.0,21.0,,2026-07-09 16:00:00+00:00,2026-10-09 15:00:00+00:00,0,0,none,complete
2026-10-09,2026-10-09T21:30:15+00:00,online,ES,solar,persistence,Persistence,daily_persistence,2208,2026-10-10 06:00:00+00:00,1167.0,1233.5,,2026-07-09 16:00:00+00:00,2026-10-09 15:00:00+00:00,0,0,none,complete
2026-10-09,2026-10-09T21:30:15+00:00,online,ES,solar,persistence,Persistence,daily_persistence,2208,2026-10-10 07:00:00+00:00,10895.0,8475.75,,2026-07-09 16:00:00+00:00,2026-10-09 15:00:00+00:00,0,0,none,complete
2026-10-09,2026-10-09T21:30:15+00:00,online,ES,solar,persistence,Persistence,daily_persistence,2208,2026-10-10 08:00:00+00:00,18924.0,16495.5,,2026-07-09 16:00:00+00:00,2026-10-09 15:00:00+00:00,0,0,none,complete
2026-10-09,2026-10-09T21:30:15+00:00,online,ES,solar,persistence,Persistence,daily_persistence,2208,2026-10-10 09:00:00+00:00,19377.0,20328.25,,2026-07-09 16:00:00+00:00,2026-10-09 15:00:00+00:00,0,0,none,complete
2026-10-09,2026-10-09T21:30:15+00:00,online,ES,solar,persistence,Persistence,daily_persistence,2208,2026-10-10 10:00:00+00:00,19373.0,21229.5,,2026-07-09 16:00:00+00:00,2026-10-09 15:00:00+00:00,0,0,none,complete
2026-10-09,2026-10-09T21:30:15+00:00,online,ES,solar,persistence,Persistence,daily_persistence,2208,2026-10-10 11:00:00+00:00,19357.0,22047.75,,2026-07-09 16:00:00+00:00,2026-10-09 15:00:00+00:00,0,0,none,complete
2026-10-09,2026-10-09T21:30:15+00:00,online,ES,solar,persistence,Persistence,daily_persistence,2208,2026-10-10 12:00:00+00:00,19778.0,21445.75,,2026-07-09 16:00:00+00:00,2026-10-09 15:00:00+00:00,0,0,none,complete
2026-10-09,2026-10-09T21:30:15+00:00,online,ES,solar,persistence,Persistence,daily_persistence,2208,2026-10-10 13:00:00+00:00,19441.0,21311.25,,2026-07-09 16:00:00+00:00,2026-10-09 15:00:00+00:00,0,0,none,complete
2026-10-09,2026-10-09T21:30:15+00:00,online,ES,solar,persistence,Persistence,daily_persistence,2208,2026-10-10 14:00:00+00:00,19128.0,20205.5,,2026-07-09 16:00:00+00:00,2026-10-09 15:00:00+00:00,0,0,none,complete
2026-10-09,2026-10-09T21:30:15+00:00,online,ES,solar,persistence,Persistence,daily_persistence,2208,2026-10-10 15:00:00+00:00,20872.0,18700.5,,2026-07-09 16:00:00+00:00,2026-10-09 15:00:00+00:00,0,0,none,complete
2026-10-09,2026-10-09T21:30:15+00:00,online,ES,solar,chronos2_online,Chronos2 with covariates,weather_4p+tso_forecast,2208,2026-10-09 16:00:00+00:00,14227.80078125,12528.25,,2026-07-09 16:00:00+00:00,2026-10-09 15:00:00+00:00,0,0,none,complete
2026-10-09,2026-10-09T21:30:15+00:00,online,ES,solar,chronos2_online,Chronos2 with covariates,weather_4p+tso_forecast,2208,2026-10-09 17:00:00+00:00,2545.19873046875,3669.75,,2026-07-09 16:00:00+00:00,2026-10-09 15:00:00+00:00,0,0,none,complete
2026-10-09,2026-10-09T21:30:15+00:00,online,ES,solar,chronos2_online,Chronos2 with covariates,weather_4p+tso_forecast,2208,2026-10-09 18:00:00+00:00,581.484375,516.75,,2026-07-09 16:00:00+00:00,2026-10-09 15:00:00+00:00,0,0,none,complete
2026-10-09,2026-10-09T21:30:15+00:00,online,ES,solar,chronos2_online,Chronos2 with covariates,weather_4p+tso_forecast,2208,2026-10-09 19:00:00+00:00,516.6025390625,390.0,,2026-07-09 16:00:00+00:00,2026-10-09 15:00:00+00:00,0,0,none,complete
2026-10-09,2026-10-09T21:30:15+00:00,online,ES,solar,chronos2_online,Chronos2 with covariates,weather_4p+tso_forecast,2208,2026-10-09 20:00:00+00:00,496.76171875,329.5,,2026-07-09 16:00:00+00:00,2026-10-09 15:00:00+00:00,0,0,none,complete
2026-10-09,2026-10-09T21:30:15+00:00,online,ES,solar,chronos2_online,Chronos2 with covariates,weather_4p+tso_forecast,2208,2026-10-09 21:00:00+00:00,541.62109375,298.3333333333333,,2026-07-09 16:00:00+00:00,2026-10-09 15:00:00+00:00,0,0,none,complete
2026-10-09,2026-10-09T21:30:15+00:00,online,ES,solar,chronos2_online,Chronos2 with covariates,weather_4p+tso_forecast,2208,2026-10-09 22:00:00+00:00,527.74609375,264.5,,2026-07-09 16:00:00+00:00,2026-10-09 15:00:00+00:00,0,0,none,complete
2026-10-09,2026-10-09T21:30:15+00:00,online,ES,solar,chronos2_online,Chronos2 with covariates,weather_4p+tso_forecast,2208,2026-10-09 23:00:00+00:00,476.4052734375,223.25,,2026-07-09 16:00:00+00:00,2026-10-09 15:00:00+00:00,0,0,none,complete
2026-10-09,2026-10-09T21:30:15+00:00,online,ES,solar,chronos2_online,Chronos2 with covariates,weather_4p+tso_forecast,2208,2026-10-10 00:00:00+00:00,486.974609375,199.75,,2026-07-09 16:00:00+00:00,2026-10-09 15:00:00+00:00,0,0,none,complete
2026-10-09,2026-10-09T21:30:15+00:00,online,ES,solar,chronos2_online,Chronos2 with covariates,weather_4p+tso_forecast,2208,2026-10-10 01:00:00+00:00,500.763671875,172.0,,2026-07-09 16:00:00+00:00,2026-10-09 15:00:00+00:00,0,0,none,complete
2026-10-09,2026-10-09T21:30:15+00:00,online,ES,solar,chronos2_online,Chronos2 with covariates,weather_4p+tso_forecast,2208,2026-10-10 02:00:00+00:00,451.0322265625,124.75,,2026-07-09 16:00:00+00:00,2026-10-09 15:00:00+00:00,0,0,none,complete
2026-10-09,2026-10-09T21:30:15+00:00,online,ES,solar,chronos2_online,Chronos2 with covariates,weather_4p+tso_forecast,2208,2026-10-10 03:00:00+00:00,452.728515625,80.0,,2026-07-09 16:00:00+00:00,2026-10-09 15:00:00+00:00,0,0,none,complete
2026-10-09,2026-10-09T21:30:15+00:00,online,ES,solar,chronos2_online,Chronos2 with covariates,weather_4p+tso_forecast,2208,2026-10-10 04:00:00+00:00,390.619140625,41.5,,2026-07-09 16:00:00+00:00,2026-10-09 15:00:00+00:00,0,0,none,complete
2026-10-09,2026-10-09T21:30:15+00:00,online,ES,solar,chronos2_online,Chronos2 with covariates,weather_4p+tso_forecast,2208,2026-10-10 05:00:00+00:00,324.5068359375,21.0,,2026-07-09 16:00:00+00:00,2026-10-09 15:00:00+00:00,0,0,none,complete
2026-10-09,2026-10-09T21:30:15+00:00,online,ES,solar,chronos2_online,Chronos2 with covariates,weather_4p+tso_forecast,2208,2026-10-10 06:00:00+00:00,465.1025390625,1233.5,,2026-07-09 16:00:00+00:00,2026-10-09 15:00:00+00:00,0,0,none,complete
2026-10-09,2026-10-09T21:30:15+00:00,online,ES,solar,chronos2_online,Chronos2 with covariates,weather_4p+tso_forecast,2208,2026-10-10 07:00:00+00:00,10247.8330078125,8475.75,,2026-07-09 16:00:00+00:00,2026-10-09 15:00:00+00:00,0,0,none,complete
2026-10-09,2026-10-09T21:30:15+00:00,online,ES,solar,chronos2_online,Chronos2 with covariates,weather_4p+tso_forecast,2208,2026-10-10 08:00:00+00:00,17411.7734375,16495.5,,2026-07-09 16:00:00+00:00,2026-10-09 15:00:00+00:00,0,0,none,complete
2026-10-09,2026-10-09T21:30:15+00:00,online,ES,solar,chronos2_online,Chronos2 with covariates,weather_4p+tso_forecast,2208,2026-10-10 09:00:00+00:00,18606.7421875,20328.25,,2026-07-09 16:00:00+00:00,2026-10-09 15:00:00+00:00,0,0,none,complete
2026-10-09,2026-10-09T21:30:15+00:00,online,ES,solar,chronos2_online,Chronos2 with covariates,weather_4p+tso_forecast,2208,2026-10-10 10:00:00+00:00,18661.01171875,21229.5,,2026-07-09 16:00:00+00:00,2026-10-09 15:00:00+00:00,0,0,none,complete
2026-10-09,2026-10-09T21:30:15+00:00,online,ES,solar,chronos2_online,Chronos2 with covariates,weather_4p+tso_forecast,2208,2026-10-10 11:00:00+00:00,18470.1328125,22047.75,,2026-07-09 16:00:00+00:00,2026-10-09 15:00:00+00:00,0,0,none,complete
2026-10-09,2026-10-09T21:30:15+00:00,online,ES,solar,chronos2_online,Chronos2 with covariates,weather_4p+tso_forecast,2208,2026-10-10 12:00:00+00:00,18211.86328125,21445.75,,2026-07-09 16:00:00+00:00,2026-10-09 15:00:00+00:00,0,0,none,complete
2026-10-09,2026-10-09T21:30:15+00:00,online,ES,solar,chronos2_online,Chronos2 with covariates,weather_4p+tso_forecast,2208,2026-10-10 13:00:00+00:00,18023.48828125,21311.25,,2026-07-09 16:00:00+00:00,2026-10-09 15:00:00+00:00,0,0,none,complete
2026-10-09,2026-10-09T21:30:15+00:00,online,ES,solar,chronos2_online,Chronos2 with covariates,weather_4p+tso_forecast,2208,2026-10-10 14:00:00+00:00,18209.330078125,20205.5,,2026-07-09 16:00:00+00:00,2026-10-09 15:00:00+00:00,0,0,none,complete
2026-10-09,2026-10-09T21:30:15+00:00,online,ES,solar,chronos2_online,Chronos2 with covariates,weather_4p+tso_forecast,2208,2026-10-10 15:00:00+00:00,18195.640625,18700.5,,2026-07-09 16:00:00+00:00,2026-10-09 15:00:00+00:00,0,0,none,complete
2026-10-09,2026-10-09T21:30:15+00:00,online,ES,solar,xgboost_online,XGBoost with covariates,weather_4p+tso_forecast,2208,2026-10-09 16:00:00+00:00,12661.2021484375,12528.25,,2026-07-09 16:00:00+00:00,2026-10-09 15:00:00+00:00,0,0,none,complete
2026-10-09,2026-10-09T21:30:15+00:00,online,ES,solar,xgboost_online,XGBoost with covariates,weather_4p+tso_forecast,2208,2026-10-09 17:00:00+00:00,2940.765625,3669.75,,2026-07-09 16:00:00+00:00,2026-10-09 15:00:00+00:00,0,0,none,complete
2026-10-09,2026-10-09T21:30:15+00:00,online,ES,solar,xgboost_online,XGBoost with covariates,weather_4p+tso_forecast,2208,2026-10-09 18:00:00+00:00,915.7215576171875,516.75,,2026-07-09 16:00:00+00:00,2026-10-09 15:00:00+00:00,0,0,none,complete
2026-10-09,2026-10-09T21:30:15+00:00,online,ES,solar,xgboost_online,XGBoost with covariates,weather_4p+tso_forecast,2208,2026-10-09 19:00:00+00:00,651.3911743164062,390.0,,2026-07-09 16:00:00+00:00,2026-10-09 15:00:00+00:00,0,0,none,complete
2026-10-09,2026-10-09T21:30:15+00:00,online,ES,solar,xgboost_online,XGBoost with covariates,weather_4p+tso_forecast,2208,2026-10-09 20:00:00+00:00,535.8704223632812,329.5,,2026-07-09 16:00:00+00:00,2026-10-09 15:00:00+00:00,0,0,none,complete
2026-10-09,2026-10-09T21:30:15+00:00,online,ES,solar,xgboost_online,XGBoost with covariates,weather_4p+tso_forecast,2208,2026-10-09 21:00:00+00:00,485.5179443359375,298.3333333333333,,2026-07-09 16:00:00+00:00,2026-10-09 15:00:00+00:00,0,0,none,complete
2026-10-09,2026-10-09T21:30:15+00:00,online,ES,solar,xgboost_online,XGBoost with covariates,weather_4p+tso_forecast,2208,2026-10-09 22:00:00+00:00,485.5179443359375,264.5,,2026-07-09 16:00:00+00:00,2026-10-09 15:00:00+00:00,0,0,none,complete
2026-10-09,2026-10-09T21:30:15+00:00,online,ES,solar,xgboost_online,XGBoost with covariates,weather_4p+tso_forecast,2208,2026-10-09 23:00:00+00:00,429.8445129394531,223.25,,2026-07-09 16:00:00+00:00,2026-10-09 15:00:00+00:00,0,0,none,complete
2026-10-09,2026-10-09T21:30:15+00:00,online,ES,solar,xgboost_online,XGBoost with covariates,weather_4p+tso_forecast,2208,2026-10-10 00:00:00+00:00,431.37091064453125,199.75,,2026-07-09 16:00:00+00:00,2026-10-09 15:00:00+00:00,0,0,none,complete
2026-10-09,2026-10-09T21:30:15+00:00,online,ES,solar,xgboost_online,XGBoost with covariates,weather_4p+tso_forecast,2208,2026-10-10 01:00:00+00:00,396.06658935546875,172.0,,2026-07-09 16:00:00+00:00,2026-10-09 15:00:00+00:00,0,0,none,complete
2026-10-09,2026-10-09T21:30:15+00:00,online,ES,solar,xgboost_online,XGBoost with covariates,weather_4p+tso_forecast,2208,2026-10-10 02:00:00+00:00,354.41064453125,124.75,,2026-07-09 16:00:00+00:00,2026-10-09 15:00:00+00:00,0,0,none,complete
2026-10-09,2026-10-09T21:30:15+00:00,online,ES,solar,xgboost_online,XGBoost with covariates,weather_4p+tso_forecast,2208,2026-10-10 03:00:00+00:00,354.41064453125,80.0,,2026-07-09 16:00:00+00:00,2026-10-09 15:00:00+00:00,0,0,none,complete
2026-10-09,2026-10-09T21:30:15+00:00,online,ES,solar,xgboost_online,XGBoost with covariates,weather_4p+tso_forecast,2208,2026-10-10 04:00:00+00:00,354.41064453125,41.5,,2026-07-09 16:00:00+00:00,2026-10-09 15:00:00+00:00,0,0,none,complete
2026-10-09,2026-10-09T21:30:15+00:00,online,ES,solar,xgboost_online,XGBoost with covariates,weather_4p+tso_forecast,2208,2026-10-10 05:00:00+00:00,354.41064453125,21.0,,2026-07-09 16:00:00+00:00,2026-10-09 15:00:00+00:00,0,0,none,complete
2026-10-09,2026-10-09T21:30:15+00:00,online,ES,solar,xgboost_online,XGBoost with covariates,weather_4p+tso_forecast,2208,2026-10-10 06:00:00+00:00,1112.1956787109375,1233.5,,2026-07-09 16:00:00+00:00,2026-10-09 15:00:00+00:00,0,0,none,complete
2026-10-09,2026-10-09T21:30:15+00:00,online,ES,solar,xgboost_online,XGBoost with covariates,weather_4p+tso_forecast,2208,2026-10-10 07:00:00+00:00,8680.689453125,8475.75,,2026-07-09 16:00:00+00:00,2026-10-09 15:00:00+00:00,0,0,none,complete
2026-10-09,2026-10-09T21:30:15+00:00,online,ES,solar,xgboost_online,XGBoost with covariates,weather_4p+tso_forecast,2208,2026-10-10 08:00:00+00:00,17539.572265625,16495.5,,2026-07-09 16:00:00+00:00,2026-10-09 15:00:00+00:00,0,0,none,complete
2026-10-09,2026-10-09T21:30:15+00:00,online,ES,solar,xgboost_online,XGBoost with covariates,weather_4p+tso_forecast,2208,2026-10-10 09:00:00+00:00,19801.96875,20328.25,,2026-07-09 16:00:00+00:00,2026-10-09 15:00:00+00:00,0,0,none,complete
2026-10-09,2026-10-09T21:30:15+00:00,online,ES,solar,xgboost_online,XGBoost with covariates,weather_4p+tso_forecast,2208,2026-10-10 10:00:00+00:00,19647.052734375,21229.5,,2026-07-09 16:00:00+00:00,2026-10-09 15:00:00+00:00,0,0,none,complete
2026-10-09,2026-10-09T21:30:15+00:00,online,ES,solar,xgboost_online,XGBoost with covariates,weather_4p+tso_forecast,2208,2026-10-10 11:00:00+00:00,19691.62890625,22047.75,,2026-07-09 16:00:00+00:00,2026-10-09 15:00:00+00:00,0,0,none,complete
2026-10-09,2026-10-09T21:30:15+00:00,online,ES,solar,xgboost_online,XGBoost with covariates,weather_4p+tso_forecast,2208,2026-10-10 12:00:00+00:00,19319.91796875,21445.75,,2026-07-09 16:00:00+00:00,2026-10-09 15:00:00+00:00,0,0,none,complete
2026-10-09,2026-10-09T21:30:15+00:00,online,ES,solar,xgboost_online,XGBoost with covariates,weather_4p+tso_forecast,2208,2026-10-10 13:00:00+00:00,19304.599609375,21311.25,,2026-07-09 16:00:00+00:00,2026-10-09 15:00:00+00:00,0,0,none,complete
2026-10-09,2026-10-09T21:30:15+00:00,online,ES,solar,xgboost_online,XGBoost with covariates,weather_4p+tso_forecast,2208,2026-10-10 14:00:00+00:00,19470.134765625,20205.5,,2026-07-09 16:00:00+00:00,2026-10-09 15:00:00+00:00,0,0,none,complete
2026-10-09,2026-10-09T21:30:15+00:00,online,ES,solar,xgboost_online,XGBoost with covariates,weather_4p+tso_forecast,2208,2026-10-10 15:00:00+00:00,18571.349609375,18700.5,,2026-07-09 16:00:00+00:00,2026-10-09 15:00:00+00:00,0,0,none,complete
2026-10-09,2026-10-09T21:30:15+00:00,online,ES,wind_onshore,tso_reference,TSO forecast,tso_forecast,2208,2026-10-09 16:00:00+00:00,7116.5,7116.5,,2026-07-09 16:00:00+00:00,2026-10-09 15:00:00+00:00,0,0,none,complete
2026-10-09,2026-10-09T21:30:15+00:00,online,ES,wind_onshore,tso_reference,TSO forecast,tso_forecast,2208,2026-10-09 17:00:00+00:00,7386.75,7386.75,,2026-07-09 16:00:00+00:00,2026-10-09 15:00:00+00:00,0,0,none,complete
2026-10-09,2026-10-09T21:30:15+00:00,online,ES,wind_onshore,tso_reference,TSO forecast,tso_forecast,2208,2026-10-09 18:00:00+00:00,7343.0,7343.0,,2026-07-09 16:00:00+00:00,2026-10-09 15:00:00+00:00,0,0,none,complete
2026-10-09,2026-10-09T21:30:15+00:00,online,ES,wind_onshore,tso_reference,TSO forecast,tso_forecast,2208,2026-10-09 19:00:00+00:00,7375.75,7375.75,,2026-07-09 16:00:00+00:00,2026-10-09 15:00:00+00:00,0,0,none,complete
2026-10-09,2026-10-09T21:30:15+00:00,online,ES,wind_onshore,tso_reference,TSO forecast,tso_forecast,2208,2026-10-09 20:00:00+00:00,7246.5,7246.5,,2026-07-09 16:00:00+00:00,2026-10-09 15:00:00+00:00,0,0,none,complete
2026-10-09,2026-10-09T21:30:15+00:00,online,ES,wind_onshore,tso_reference,TSO forecast,tso_forecast,2208,2026-10-09 21:00:00+00:00,6596.0,6596.0,,2026-07-09 16:00:00+00:00,2026-10-09 15:00:00+00:00,0,0,none,complete
2026-10-09,2026-10-09T21:30:15+00:00,online,ES,wind_onshore,tso_reference,TSO forecast,tso_forecast,2208,2026-10-09 22:00:00+00:00,6546.75,6546.75,,2026-07-09 16:00:00+00:00,2026-10-09 15:00:00+00:00,0,0,none,complete
2026-10-09,2026-10-09T21:30:15+00:00,online,ES,wind_onshore,tso_reference,TSO forecast,tso_forecast,2208,2026-10-09 23:00:00+00:00,6082.5,6082.5,,2026-07-09 16:00:00+00:00,2026-10-09 15:00:00+00:00,0,0,none,complete
2026-10-09,2026-10-09T21:30:15+00:00,online,ES,wind_onshore,tso_reference,TSO forecast,tso_forecast,2208,2026-10-10 00:00:00+00:00,5642.75,5642.75,,2026-07-09 16:00:00+00:00,2026-10-09 15:00:00+00:00,0,0,none,complete
2026-10-09,2026-10-09T21:30:15+00:00,online,ES,wind_onshore,tso_reference,TSO forecast,tso_forecast,2208,2026-10-10 01:00:00+00:00,5242.75,5242.75,,2026-07-09 16:00:00+00:00,2026-10-09 15:00:00+00:00,0,0,none,complete
2026-10-09,2026-10-09T21:30:15+00:00,online,ES,wind_onshore,tso_reference,TSO forecast,tso_forecast,2208,2026-10-10 02:00:00+00:00,4952.25,4952.25,,2026-07-09 16:00:00+00:00,2026-10-09 15:00:00+00:00,0,0,none,complete
2026-10-09,2026-10-09T21:30:15+00:00,online,ES,wind_onshore,tso_reference,TSO forecast,tso_forecast,2208,2026-10-10 03:00:00+00:00,4715.5,4715.5,,2026-07-09 16:00:00+00:00,2026-10-09 15:00:00+00:00,0,0,none,complete
2026-10-09,2026-10-09T21:30:15+00:00,online,ES,wind_onshore,tso_reference,TSO forecast,tso_forecast,2208,2026-10-10 04:00:00+00:00,4460.0,4460.0,,2026-07-09 16:00:00+00:00,2026-10-09 15:00:00+00:00,0,0,none,complete
2026-10-09,2026-10-09T21:30:15+00:00,online,ES,wind_onshore,tso_reference,TSO forecast,tso_forecast,2208,2026-10-10 05:00:00+00:00,4300.75,4300.75,,2026-07-09 16:00:00+00:00,2026-10-09 15:00:00+00:00,0,0,none,complete
2026-10-09,2026-10-09T21:30:15+00:00,online,ES,wind_onshore,tso_reference,TSO forecast,tso_forecast,2208,2026-10-10 06:00:00+00:00,3723.75,3723.75,,2026-07-09 16:00:00+00:00,2026-10-09 15:00:00+00:00,0,0,none,complete
2026-10-09,2026-10-09T21:30:15+00:00,online,ES,wind_onshore,tso_reference,TSO forecast,tso_forecast,2208,2026-10-10 07:00:00+00:00,3209.5,3209.5,,2026-07-09 16:00:00+00:00,2026-10-09 15:00:00+00:00,0,0,none,complete
2026-10-09,2026-10-09T21:30:15+00:00,online,ES,wind_onshore,tso_reference,TSO forecast,tso_forecast,2208,2026-10-10 08:00:00+00:00,2745.75,2745.75,,2026-07-09 16:00:00+00:00,2026-10-09 15:00:00+00:00,0,0,none,complete
2026-10-09,2026-10-09T21:30:15+00:00,online,ES,wind_onshore,tso_reference,TSO forecast,tso_forecast,2208,2026-10-10 09:00:00+00:00,2140.0,2140.0,,2026-07-09 16:00:00+00:00,2026-10-09 15:00:00+00:00,0,0,none,complete
2026-10-09,2026-10-09T21:30:15+00:00,online,ES,wind_onshore,tso_reference,TSO forecast,tso_forecast,2208,2026-10-10 10:00:00+00:00,1956.0,1956.0,,2026-07-09 16:00:00+00:00,2026-10-09 15:00:00+00:00,0,0,none,complete
2026-10-09,2026-10-09T21:30:15+00:00,online,ES,wind_onshore,tso_reference,TSO forecast,tso_forecast,2208,2026-10-10 11:00:00+00:00,1878.75,1878.75,,2026-07-09 16:00:00+00:00,2026-10-09 15:00:00+00:00,0,0,none,complete
2026-10-09,2026-10-09T21:30:15+00:00,online,ES,wind_onshore,tso_reference,TSO forecast,tso_forecast,2208,2026-10-10 12:00:00+00:00,1906.5,1906.5,,2026-07-09 16:00:00+00:00,2026-10-09 15:00:00+00:00,0,0,none,complete
2026-10-09,2026-10-09T21:30:15+00:00,online,ES,wind_onshore,tso_reference,TSO forecast,tso_forecast,2208,2026-10-10 13:00:00+00:00,1997.75,1997.75,,2026-07-09 16:00:00+00:00,2026-10-09 15:00:00+00:00,0,0,none,complete
2026-10-09,2026-10-09T21:30:15+00:00,online,ES,wind_onshore,tso_reference,TSO forecast,tso_forecast,2208,2026-10-10 14:00:00+00:00,2119.5,2119.5,,2026-07-09 16:00:00+00:00,2026-10-09 15:00:00+00:00,0,0,none,complete
2026-10-09,2026-10-09T21:30:15+00:00,online,ES,wind_onshore,tso_reference,TSO forecast,tso_forecast,2208,2026-10-10 15:00:00+00:00,2916.5,2916.5,,2026-07-09 16:00:00+00:00,2026-10-09 15:00:00+00:00,0,0,none,complete
2026-10-09,2026-10-09T21:30:15+00:00,online,ES,wind_onshore,persistence,Persistence,daily_persistence,2208,2026-10-09 16:00:00+00:00,10807.0,7116.5,,2026-07-09 16:00:00+00:00,2026-10-09 15:00:00+00:00,0,0,none,complete
2026-10-09,2026-10-09T21:30:15+00:00,online,ES,wind_onshore,persistence,Persistence,daily_persistence,2208,2026-10-09 17:00:00+00:00,11607.0,7386.75,,2026-07-09 16:00:00+00:00,2026-10-09 15:00:00+00:00,0,0,none,complete
2026-10-09,2026-10-09T21:30:15+00:00,online,ES,wind_onshore,persistence,Persistence,daily_persistence,2208,2026-10-09 18:00:00+00:00,12063.0,7343.0,,2026-07-09 16:00:00+00:00,2026-10-09 15:00:00+00:00,0,0,none,complete
2026-10-09,2026-10-09T21:30:15+00:00,online,ES,wind_onshore,persistence,Persistence,daily_persistence,2208,2026-10-09 19:00:00+00:00,11898.0,7375.75,,2026-07-09 16:00:00+00:00,2026-10-09 15:00:00+00:00,0,0,none,complete
2026-10-09,2026-10-09T21:30:15+00:00,online,ES,wind_onshore,persistence,Persistence,daily_persistence,2208,2026-10-09 20:00:00+00:00,11902.0,7246.5,,2026-07-09 16:00:00+00:00,2026-10-09 15:00:00+00:00,0,0,none,complete
2026-10-09,2026-10-09T21:30:15+00:00,online,ES,wind_onshore,persistence,Persistence,daily_persistence,2208,2026-10-09 21:00:00+00:00,11612.0,6596.0,,2026-07-09 16:00:00+00:00,2026-10-09 15:00:00+00:00,0,0,none,complete
2026-10-09,2026-10-09T21:30:15+00:00,online,ES,wind_onshore,persistence,Persistence,daily_persistence,2208,2026-10-09 22:00:00+00:00,10840.0,6546.75,,2026-07-09 16:00:00+00:00,2026-10-09 15:00:00+00:00,0,0,none,complete
2026-10-09,2026-10-09T21:30:15+00:00,online,ES,wind_onshore,persistence,Persistence,daily_persistence,2208,2026-10-09 23:00:00+00:00,10639.0,6082.5,,2026-07-09 16:00:00+00:00,2026-10-09 15:00:00+00:00,0,0,none,complete
2026-10-09,2026-10-09T21:30:15+00:00,online,ES,wind_onshore,persistence,Persistence,daily_persistence,2208,2026-10-10 00:00:00+00:00,10408.0,5642.75,,2026-07-09 16:00:00+00:00,2026-10-09 15:00:00+00:00,0,0,none,complete
2026-10-09,2026-10-09T21:30:15+00:00,online,ES,wind_onshore,persistence,Persistence,daily_persistence,2208,2026-10-10 01:00:00+00:00,10505.0,5242.75,,2026-07-09 16:00:00+00:00,2026-10-09 15:00:00+00:00,0,0,none,complete
2026-10-09,2026-10-09T21:30:15+00:00,online,ES,wind_onshore,persistence,Persistence,daily_persistence,2208,2026-10-10 02:00:00+00:00,10326.0,4952.25,,2026-07-09 16:00:00+00:00,2026-10-09 15:00:00+00:00,0,0,none,complete
2026-10-09,2026-10-09T21:30:15+00:00,online,ES,wind_onshore,persistence,Persistence,daily_persistence,2208,2026-10-10 03:00:00+00:00,10321.0,4715.5,,2026-07-09 16:00:00+00:00,2026-10-09 15:00:00+00:00,0,0,none,complete
2026-10-09,2026-10-09T21:30:15+00:00,online,ES,wind_onshore,persistence,Persistence,daily_persistence,2208,2026-10-10 04:00:00+00:00,10014.0,4460.0,,2026-07-09 16:00:00+00:00,2026-10-09 15:00:00+00:00,0,0,none,complete
2026-10-09,2026-10-09T21:30:15+00:00,online,ES,wind_onshore,persistence,Persistence,daily_persistence,2208,2026-10-10 05:00:00+00:00,9630.0,4300.75,,2026-07-09 16:00:00+00:00,2026-10-09 15:00:00+00:00,0,0,none,complete
2026-10-09,2026-10-09T21:30:15+00:00,online,ES,wind_onshore,persistence,Persistence,daily_persistence,2208,2026-10-10 06:00:00+00:00,9050.0,3723.75,,2026-07-09 16:00:00+00:00,2026-10-09 15:00:00+00:00,0,0,none,complete
2026-10-09,2026-10-09T21:30:15+00:00,online,ES,wind_onshore,persistence,Persistence,daily_persistence,2208,2026-10-10 07:00:00+00:00,7859.0,3209.5,,2026-07-09 16:00:00+00:00,2026-10-09 15:00:00+00:00,0,0,none,complete
2026-10-09,2026-10-09T21:30:15+00:00,online,ES,wind_onshore,persistence,Persistence,daily_persistence,2208,2026-10-10 08:00:00+00:00,5982.0,2745.75,,2026-07-09 16:00:00+00:00,2026-10-09 15:00:00+00:00,0,0,none,complete
2026-10-09,2026-10-09T21:30:15+00:00,online,ES,wind_onshore,persistence,Persistence,daily_persistence,2208,2026-10-10 09:00:00+00:00,4808.0,2140.0,,2026-07-09 16:00:00+00:00,2026-10-09 15:00:00+00:00,0,0,none,complete
2026-10-09,2026-10-09T21:30:15+00:00,online,ES,wind_onshore,persistence,Persistence,daily_persistence,2208,2026-10-10 10:00:00+00:00,4562.0,1956.0,,2026-07-09 16:00:00+00:00,2026-10-09 15:00:00+00:00,0,0,none,complete
2026-10-09,2026-10-09T21:30:15+00:00,online,ES,wind_onshore,persistence,Persistence,daily_persistence,2208,2026-10-10 11:00:00+00:00,4698.0,1878.75,,2026-07-09 16:00:00+00:00,2026-10-09 15:00:00+00:00,0,0,none,complete
2026-10-09,2026-10-09T21:30:15+00:00,online,ES,wind_onshore,persistence,Persistence,daily_persistence,2208,2026-10-10 12:00:00+00:00,4759.0,1906.5,,2026-07-09 16:00:00+00:00,2026-10-09 15:00:00+00:00,0,0,none,complete
2026-10-09,2026-10-09T21:30:15+00:00,online,ES,wind_onshore,persistence,Persistence,daily_persistence,2208,2026-10-10 13:00:00+00:00,4515.0,1997.75,,2026-07-09 16:00:00+00:00,2026-10-09 15:00:00+00:00,0,0,none,complete
2026-10-09,2026-10-09T21:30:15+00:00,online,ES,wind_onshore,persistence,Persistence,daily_persistence,2208,2026-10-10 14:00:00+00:00,4469.0,2119.5,,2026-07-09 16:00:00+00:00,2026-10-09 15:00:00+00:00,0,0,none,complete
2026-10-09,2026-10-09T21:30:15+00:00,online,ES,wind_onshore,persistence,Persistence,daily_persistence,2208,2026-10-10 15:00:00+00:00,5090.0,2916.5,,2026-07-09 16:00:00+00:00,2026-10-09 15:00:00+00:00,0,0,none,complete
2026-10-09,2026-10-09T21:30:15+00:00,online,ES,wind_onshore,chronos2_online,Chronos2 with covariates,weather_4p+tso_forecast,2208,2026-10-09 16:00:00+00:00,5707.28173828125,7116.5,,2026-07-09 16:00:00+00:00,2026-10-09 15:00:00+00:00,0,0,none,complete
2026-10-09,2026-10-09T21:30:15+00:00,online,ES,wind_onshore,chronos2_online,Chronos2 with covariates,weather_4p+tso_forecast,2208,2026-10-09 17:00:00+00:00,6364.39111328125,7386.75,,2026-07-09 16:00:00+00:00,2026-10-09 15:00:00+00:00,0,0,none,complete
2026-10-09,2026-10-09T21:30:15+00:00,online,ES,wind_onshore,chronos2_online,Chronos2 with covariates,weather_4p+tso_forecast,2208,2026-10-09 18:00:00+00:00,6664.013671875,7343.0,,2026-07-09 16:00:00+00:00,2026-10-09 15:00:00+00:00,0,0,none,complete
2026-10-09,2026-10-09T21:30:15+00:00,online,ES,wind_onshore,chronos2_online,Chronos2 with covariates,weather_4p+tso_forecast,2208,2026-10-09 19:00:00+00:00,6986.17236328125,7375.75,,2026-07-09 16:00:00+00:00,2026-10-09 15:00:00+00:00,0,0,none,complete
2026-10-09,2026-10-09T21:30:15+00:00,online,ES,wind_onshore,chronos2_online,Chronos2 with covariates,weather_4p+tso_forecast,2208,2026-10-09 20:00:00+00:00,7030.01953125,7246.5,,2026-07-09 16:00:00+00:00,2026-10-09 15:00:00+00:00,0,0,none,complete
2026-10-09,2026-10-09T21:30:15+00:00,online,ES,wind_onshore,chronos2_online,Chronos2 with covariates,weather_4p+tso_forecast,2208,2026-10-09 21:00:00+00:00,6685.494140625,6596.0,,2026-07-09 16:00:00+00:00,2026-10-09 15:00:00+00:00,0,0,none,complete
2026-10-09,2026-10-09T21:30:15+00:00,online,ES,wind_onshore,chronos2_online,Chronos2 with covariates,weather_4p+tso_forecast,2208,2026-10-09 22:00:00+00:00,6563.53564453125,6546.75,,2026-07-09 16:00:00+00:00,2026-10-09 15:00:00+00:00,0,0,none,complete
2026-10-09,2026-10-09T21:30:15+00:00,online,ES,wind_onshore,chronos2_online,Chronos2 with covariates,weather_4p+tso_forecast,2208,2026-10-09 23:00:00+00:00,6216.48583984375,6082.5,,2026-07-09 16:00:00+00:00,2026-10-09 15:00:00+00:00,0,0,none,complete
2026-10-09,2026-10-09T21:30:15+00:00,online,ES,wind_onshore,chronos2_online,Chronos2 with covariates,weather_4p+tso_forecast,2208,2026-10-10 00:00:00+00:00,5846.36474609375,5642.75,,2026-07-09 16:00:00+00:00,2026-10-09 15:00:00+00:00,0,0,none,complete
2026-10-09,2026-10-09T21:30:15+00:00,online,ES,wind_onshore,chronos2_online,Chronos2 with covariates,weather_4p+tso_forecast,2208,2026-10-10 01:00:00+00:00,5484.5341796875,5242.75,,2026-07-09 16:00:00+00:00,2026-10-09 15:00:00+00:00,0,0,none,complete
2026-10-09,2026-10-09T21:30:15+00:00,online,ES,wind_onshore,chronos2_online,Chronos2 with covariates,weather_4p+tso_forecast,2208,2026-10-10 02:00:00+00:00,5221.986328125,4952.25,,2026-07-09 16:00:00+00:00,2026-10-09 15:00:00+00:00,0,0,none,complete
2026-10-09,2026-10-09T21:30:15+00:00,online,ES,wind_onshore,chronos2_online,Chronos2 with covariates,weather_4p+tso_forecast,2208,2026-10-10 03:00:00+00:00,4963.07568359375,4715.5,,2026-07-09 16:00:00+00:00,2026-10-09 15:00:00+00:00,0,0,none,complete
2026-10-09,2026-10-09T21:30:15+00:00,online,ES,wind_onshore,chronos2_online,Chronos2 with covariates,weather_4p+tso_forecast,2208,2026-10-10 04:00:00+00:00,4703.14453125,4460.0,,2026-07-09 16:00:00+00:00,2026-10-09 15:00:00+00:00,0,0,none,complete
2026-10-09,2026-10-09T21:30:15+00:00,online,ES,wind_onshore,chronos2_online,Chronos2 with covariates,weather_4p+tso_forecast,2208,2026-10-10 05:00:00+00:00,4404.44384765625,4300.75,,2026-07-09 16:00:00+00:00,2026-10-09 15:00:00+00:00,0,0,none,complete
2026-10-09,2026-10-09T21:30:15+00:00,online,ES,wind_onshore,chronos2_online,Chronos2 with covariates,weather_4p+tso_forecast,2208,2026-10-10 06:00:00+00:00,3899.756591796875,3723.75,,2026-07-09 16:00:00+00:00,2026-10-09 15:00:00+00:00,0,0,none,complete
2026-10-09,2026-10-09T21:30:15+00:00,online,ES,wind_onshore,chronos2_online,Chronos2 with covariates,weather_4p+tso_forecast,2208,2026-10-10 07:00:00+00:00,3370.39501953125,3209.5,,2026-07-09 16:00:00+00:00,2026-10-09 15:00:00+00:00,0,0,none,complete
2026-10-09,2026-10-09T21:30:15+00:00,online,ES,wind_onshore,chronos2_online,Chronos2 with covariates,weather_4p+tso_forecast,2208,2026-10-10 08:00:00+00:00,2542.60693359375,2745.75,,2026-07-09 16:00:00+00:00,2026-10-09 15:00:00+00:00,0,0,none,complete
2026-10-09,2026-10-09T21:30:15+00:00,online,ES,wind_onshore,chronos2_online,Chronos2 with covariates,weather_4p+tso_forecast,2208,2026-10-10 09:00:00+00:00,1826.34326171875,2140.0,,2026-07-09 16:00:00+00:00,2026-10-09 15:00:00+00:00,0,0,none,complete
2026-10-09,2026-10-09T21:30:15+00:00,online,ES,wind_onshore,chronos2_online,Chronos2 with covariates,weather_4p+tso_forecast,2208,2026-10-10 10:00:00+00:00,1534.712646484375,1956.0,,2026-07-09 16:00:00+00:00,2026-10-09 15:00:00+00:00,0,0,none,complete
2026-10-09,2026-10-09T21:30:15+00:00,online,ES,wind_onshore,chronos2_online,Chronos2 with covariates,weather_4p+tso_forecast,2208,2026-10-10 11:00:00+00:00,1294.094970703125,1878.75,,2026-07-09 16:00:00+00:00,2026-10-09 15:00:00+00:00,0,0,none,complete
2026-10-09,2026-10-09T21:30:15+00:00,online,ES,wind_onshore,chronos2_online,Chronos2 with covariates,weather_4p+tso_forecast,2208,2026-10-10 12:00:00+00:00,1184.408935546875,1906.5,,2026-07-09 16:00:00+00:00,2026-10-09 15:00:00+00:00,0,0,none,complete
2026-10-09,2026-10-09T21:30:15+00:00,online,ES,wind_onshore,chronos2_online,Chronos2 with covariates,weather_4p+tso_forecast,2208,2026-10-10 13:00:00+00:00,1186.3115234375,1997.75,,2026-07-09 16:00:00+00:00,2026-10-09 15:00:00+00:00,0,0,none,complete
2026-10-09,2026-10-09T21:30:15+00:00,online,ES,wind_onshore,chronos2_online,Chronos2 with covariates,weather_4p+tso_forecast,2208,2026-10-10 14:00:00+00:00,1370.693115234375,2119.5,,2026-07-09 16:00:00+00:00,2026-10-09 15:00:00+00:00,0,0,none,complete
2026-10-09,2026-10-09T21:30:15+00:00,online,ES,wind_onshore,chronos2_online,Chronos2 with covariates,weather_4p+tso_forecast,2208,2026-10-10 15:00:00+00:00,1817.5029296875,2916.5,,2026-07-09 16:00:00+00:00,2026-10-09 15:00:00+00:00,0,0,none,complete
2026-10-09,2026-10-09T21:30:15+00:00,online,ES,wind_onshore,xgboost_online,XGBoost with covariates,weather_4p+tso_forecast,2208,2026-10-09 16:00:00+00:00,6366.77099609375,7116.5,,2026-07-09 16:00:00+00:00,2026-10-09 15:00:00+00:00,0,0,none,complete
2026-10-09,2026-10-09T21:30:15+00:00,online,ES,wind_onshore,xgboost_online,XGBoost with covariates,weather_4p+tso_forecast,2208,2026-10-09 17:00:00+00:00,6836.34521484375,7386.75,,2026-07-09 16:00:00+00:00,2026-10-09 15:00:00+00:00,0,0,none,complete
2026-10-09,2026-10-09T21:30:15+00:00,online,ES,wind_onshore,xgboost_online,XGBoost with covariates,weather_4p+tso_forecast,2208,2026-10-09 18:00:00+00:00,6961.478515625,7343.0,,2026-07-09 16:00:00+00:00,2026-10-09 15:00:00+00:00,0,0,none,complete
2026-10-09,2026-10-09T21:30:15+00:00,online,ES,wind_onshore,xgboost_online,XGBoost with covariates,weather_4p+tso_forecast,2208,2026-10-09 19:00:00+00:00,6982.6826171875,7375.75,,2026-07-09 16:00:00+00:00,2026-10-09 15:00:00+00:00,0,0,none,complete
2026-10-09,2026-10-09T21:30:15+00:00,online,ES,wind_onshore,xgboost_online,XGBoost with covariates,weather_4p+tso_forecast,2208,2026-10-09 20:00:00+00:00,6977.2626953125,7246.5,,2026-07-09 16:00:00+00:00,2026-10-09 15:00:00+00:00,0,0,none,complete
2026-10-09,2026-10-09T21:30:15+00:00,online,ES,wind_onshore,xgboost_online,XGBoost with covariates,weather_4p+tso_forecast,2208,2026-10-09 21:00:00+00:00,6310.62109375,6596.0,,2026-07-09 16:00:00+00:00,2026-10-09 15:00:00+00:00,0,0,none,complete
2026-10-09,2026-10-09T21:30:15+00:00,online,ES,wind_onshore,xgboost_online,XGBoost with covariates,weather_4p+tso_forecast,2208,2026-10-09 22:00:00+00:00,6385.61572265625,6546.75,,2026-07-09 16:00:00+00:00,2026-10-09 15:00:00+00:00,0,0,none,complete
2026-10-09,2026-10-09T21:30:15+00:00,online,ES,wind_onshore,xgboost_online,XGBoost with covariates,weather_4p+tso_forecast,2208,2026-10-09 23:00:00+00:00,5677.9404296875,6082.5,,2026-07-09 16:00:00+00:00,2026-10-09 15:00:00+00:00,0,0,none,complete
2026-10-09,2026-10-09T21:30:15+00:00,online,ES,wind_onshore,xgboost_online,XGBoost with covariates,weather_4p+tso_forecast,2208,2026-10-10 00:00:00+00:00,5557.09814453125,5642.75,,2026-07-09 16:00:00+00:00,2026-10-09 15:00:00+00:00,0,0,none,complete
2026-10-09,2026-10-09T21:30:15+00:00,online,ES,wind_onshore,xgboost_online,XGBoost with covariates,weather_4p+tso_forecast,2208,2026-10-10 01:00:00+00:00,4899.5146484375,5242.75,,2026-07-09 16:00:00+00:00,2026-10-09 15:00:00+00:00,0,0,none,complete
2026-10-09,2026-10-09T21:30:15+00:00,online,ES,wind_onshore,xgboost_online,XGBoost with covariates,weather_4p+tso_forecast,2208,2026-10-10 02:00:00+00:00,4725.24609375,4952.25,,2026-07-09 16:00:00+00:00,2026-10-09 15:00:00+00:00,0,0,none,complete
2026-10-09,2026-10-09T21:30:15+00:00,online,ES,wind_onshore,xgboost_online,XGBoost with covariates,weather_4p+tso_forecast,2208,2026-10-10 03:00:00+00:00,4656.52734375,4715.5,,2026-07-09 16:00:00+00:00,2026-10-09 15:00:00+00:00,0,0,none,complete
2026-10-09,2026-10-09T21:30:15+00:00,online,ES,wind_onshore,xgboost_online,XGBoost with covariates,weather_4p+tso_forecast,2208,2026-10-10 04:00:00+00:00,4273.466796875,4460.0,,2026-07-09 16:00:00+00:00,2026-10-09 15:00:00+00:00,0,0,none,complete
2026-10-09,2026-10-09T21:30:15+00:00,online,ES,wind_onshore,xgboost_online,XGBoost with covariates,weather_4p+tso_forecast,2208,2026-10-10 05:00:00+00:00,4264.86474609375,4300.75,,2026-07-09 16:00:00+00:00,2026-10-09 15:00:00+00:00,0,0,none,complete
2026-10-09,2026-10-09T21:30:15+00:00,online,ES,wind_onshore,xgboost_online,XGBoost with covariates,weather_4p+tso_forecast,2208,2026-10-10 06:00:00+00:00,3862.95263671875,3723.75,,2026-07-09 16:00:00+00:00,2026-10-09 15:00:00+00:00,0,0,none,complete
2026-10-09,2026-10-09T21:30:15+00:00,online,ES,wind_onshore,xgboost_online,XGBoost with covariates,weather_4p+tso_forecast,2208,2026-10-10 07:00:00+00:00,3189.3759765625,3209.5,,2026-07-09 16:00:00+00:00,2026-10-09 15:00:00+00:00,0,0,none,complete
2026-10-09,2026-10-09T21:30:15+00:00,online,ES,wind_onshore,xgboost_online,XGBoost with covariates,weather_4p+tso_forecast,2208,2026-10-10 08:00:00+00:00,2320.040283203125,2745.75,,2026-07-09 16:00:00+00:00,2026-10-09 15:00:00+00:00,0,0,none,complete
2026-10-09,2026-10-09T21:30:15+00:00,online,ES,wind_onshore,xgboost_online,XGBoost with covariates,weather_4p+tso_forecast,2208,2026-10-10 09:00:00+00:00,1817.1175537109375,2140.0,,2026-07-09 16:00:00+00:00,2026-10-09 15:00:00+00:00,0,0,none,complete
2026-10-09,2026-10-09T21:30:15+00:00,online,ES,wind_onshore,xgboost_online,XGBoost with covariates,weather_4p+tso_forecast,2208,2026-10-10 10:00:00+00:00,1546.6256103515625,1956.0,,2026-07-09 16:00:00+00:00,2026-10-09 15:00:00+00:00,0,0,none,complete
2026-10-09,2026-10-09T21:30:15+00:00,online,ES,wind_onshore,xgboost_online,XGBoost with covariates,weather_4p+tso_forecast,2208,2026-10-10 11:00:00+00:00,1546.6256103515625,1878.75,,2026-07-09 16:00:00+00:00,2026-10-09 15:00:00+00:00,0,0,none,complete
2026-10-09,2026-10-09T21:30:15+00:00,online,ES,wind_onshore,xgboost_online,XGBoost with covariates,weather_4p+tso_forecast,2208,2026-10-10 12:00:00+00:00,1546.6256103515625,1906.5,,2026-07-09 16:00:00+00:00,2026-10-09 15:00:00+00:00,0,0,none,complete
2026-10-09,2026-10-09T21:30:15+00:00,online,ES,wind_onshore,xgboost_online,XGBoost with covariates,weather_4p+tso_forecast,2208,2026-10-10 13:00:00+00:00,1652.2581787109375,1997.75,,2026-07-09 16:00:00+00:00,2026-10-09 15:00:00+00:00,0,0,none,complete
2026-10-09,2026-10-09T21:30:15+00:00,online,ES,wind_onshore,xgboost_online,XGBoost with covariates,weather_4p+tso_forecast,2208,2026-10-10 14:00:00+00:00,1819.847900390625,2119.5,,2026-07-09 16:00:00+00:00,2026-10-09 15:00:00+00:00,0,0,none,complete
2026-10-09,2026-10-09T21:30:15+00:00,online,ES,wind_onshore,xgboost_online,XGBoost with covariates,weather_4p+tso_forecast,2208,2026-10-10 15:00:00+00:00,2390.377685546875,2916.5,,2026-07-09 16:00:00+00:00,2026-10-09 15:00:00+00:00,0,0,none,complete
2026-10-09,2026-10-09T21:30:15+00:00,online,PT,load,tso_reference,TSO forecast,tso_forecast,2208,2026-10-09 16:00:00+00:00,6489.0,6489.0,,2026-07-09 16:00:00+00:00,2026-10-09 15:00:00+00:00,0,0,none,complete
2026-10-09,2026-10-09T21:30:15+00:00,online,PT,load,tso_reference,TSO forecast,tso_forecast,2208,2026-10-09 17:00:00+00:00,6709.0,6709.0,,2026-07-09 16:00:00+00:00,2026-10-09 15:00:00+00:00,0,0,none,complete
2026-10-09,2026-10-09T21:30:15+00:00,online,PT,load,tso_reference,TSO forecast,tso_forecast,2208,2026-10-09 18:00:00+00:00,7319.0,7319.0,,2026-07-09 16:00:00+00:00,2026-10-09 15:00:00+00:00,0,0,none,complete
2026-10-09,2026-10-09T21:30:15+00:00,online,PT,load,tso_reference,TSO forecast,tso_forecast,2208,2026-10-09 19:00:00+00:00,7210.0,7210.0,,2026-07-09 16:00:00+00:00,2026-10-09 15:00:00+00:00,0,0,none,complete
2026-10-09,2026-10-09T21:30:15+00:00,online,PT,load,tso_reference,TSO forecast,tso_forecast,2208,2026-10-09 20:00:00+00:00,6684.0,6684.0,,2026-07-09 16:00:00+00:00,2026-10-09 15:00:00+00:00,0,0,none,complete
2026-10-09,2026-10-09T21:30:15+00:00,online,PT,load,tso_reference,TSO forecast,tso_forecast,2208,2026-10-09 21:00:00+00:00,6182.0,6182.0,,2026-07-09 16:00:00+00:00,2026-10-09 15:00:00+00:00,0,0,none,complete
2026-10-09,2026-10-09T21:30:15+00:00,online,PT,load,tso_reference,TSO forecast,tso_forecast,2208,2026-10-09 22:00:00+00:00,5662.0,5662.0,,2026-07-09 16:00:00+00:00,2026-10-09 15:00:00+00:00,0,0,none,complete
2026-10-09,2026-10-09T21:30:15+00:00,online,PT,load,tso_reference,TSO forecast,tso_forecast,2208,2026-10-09 23:00:00+00:00,5228.0,5228.0,,2026-07-09 16:00:00+00:00,2026-10-09 15:00:00+00:00,0,0,none,complete
2026-10-09,2026-10-09T21:30:15+00:00,online,PT,load,tso_reference,TSO forecast,tso_forecast,2208,2026-10-10 00:00:00+00:00,4977.0,4977.0,,2026-07-09 16:00:00+00:00,2026-10-09 15:00:00+00:00,0,0,none,complete
2026-10-09,2026-10-09T21:30:15+00:00,online,PT,load,tso_reference,TSO forecast,tso_forecast,2208,2026-10-10 01:00:00+00:00,4773.0,4773.0,,2026-07-09 16:00:00+00:00,2026-10-09 15:00:00+00:00,0,0,none,complete
2026-10-09,2026-10-09T21:30:15+00:00,online,PT,load,tso_reference,TSO forecast,tso_forecast,2208,2026-10-10 02:00:00+00:00,4623.0,4623.0,,2026-07-09 16:00:00+00:00,2026-10-09 15:00:00+00:00,0,0,none,complete
2026-10-09,2026-10-09T21:30:15+00:00,online,PT,load,tso_reference,TSO forecast,tso_forecast,2208,2026-10-10 03:00:00+00:00,4561.0,4561.0,,2026-07-09 16:00:00+00:00,2026-10-09 15:00:00+00:00,0,0,none,complete
2026-10-09,2026-10-09T21:30:15+00:00,online,PT,load,tso_reference,TSO forecast,tso_forecast,2208,2026-10-10 04:00:00+00:00,4559.0,4559.0,,2026-07-09 16:00:00+00:00,2026-10-09 15:00:00+00:00,0,0,none,complete
2026-10-09,2026-10-09T21:30:15+00:00,online,PT,load,tso_reference,TSO forecast,tso_forecast,2208,2026-10-10 05:00:00+00:00,4711.0,4711.0,,2026-07-09 16:00:00+00:00,2026-10-09 15:00:00+00:00,0,0,none,complete
2026-10-09,2026-10-09T21:30:15+00:00,online,PT,load,tso_reference,TSO forecast,tso_forecast,2208,2026-10-10 06:00:00+00:00,4917.0,4917.0,,2026-07-09 16:00:00+00:00,2026-10-09 15:00:00+00:00,0,0,none,complete
2026-10-09,2026-10-09T21:30:15+00:00,online,PT,load,tso_reference,TSO forecast,tso_forecast,2208,2026-10-10 07:00:00+00:00,5198.0,5198.0,,2026-07-09 16:00:00+00:00,2026-10-09 15:00:00+00:00,0,0,none,complete
2026-10-09,2026-10-09T21:30:15+00:00,online,PT,load,tso_reference,TSO forecast,tso_forecast,2208,2026-10-10 08:00:00+00:00,5401.0,5401.0,,2026-07-09 16:00:00+00:00,2026-10-09 15:00:00+00:00,0,0,none,complete
2026-10-09,2026-10-09T21:30:15+00:00,online,PT,load,tso_reference,TSO forecast,tso_forecast,2208,2026-10-10 09:00:00+00:00,5370.0,5370.0,,2026-07-09 16:00:00+00:00,2026-10-09 15:00:00+00:00,0,0,none,complete
2026-10-09,2026-10-09T21:30:15+00:00,online,PT,load,tso_reference,TSO forecast,tso_forecast,2208,2026-10-10 10:00:00+00:00,5327.0,5327.0,,2026-07-09 16:00:00+00:00,2026-10-09 15:00:00+00:00,0,0,none,complete
2026-10-09,2026-10-09T21:30:15+00:00,online,PT,load,tso_reference,TSO forecast,tso_forecast,2208,2026-10-10 11:00:00+00:00,5354.0,5354.0,,2026-07-09 16:00:00+00:00,2026-10-09 15:00:00+00:00,0,0,none,complete
2026-10-09,2026-10-09T21:30:15+00:00,online,PT,load,tso_reference,TSO forecast,tso_forecast,2208,2026-10-10 12:00:00+00:00,5181.0,5181.0,,2026-07-09 16:00:00+00:00,2026-10-09 15:00:00+00:00,0,0,none,complete
2026-10-09,2026-10-09T21:30:15+00:00,online,PT,load,tso_reference,TSO forecast,tso_forecast,2208,2026-10-10 13:00:00+00:00,5113.0,5113.0,,2026-07-09 16:00:00+00:00,2026-10-09 15:00:00+00:00,0,0,none,complete
2026-10-09,2026-10-09T21:30:15+00:00,online,PT,load,tso_reference,TSO forecast,tso_forecast,2208,2026-10-10 14:00:00+00:00,5089.0,5089.0,,2026-07-09 16:00:00+00:00,2026-10-09 15:00:00+00:00,0,0,none,complete
2026-10-09,2026-10-09T21:30:15+00:00,online,PT,load,tso_reference,TSO forecast,tso_forecast,2208,2026-10-10 15:00:00+00:00,5204.0,5204.0,,2026-07-09 16:00:00+00:00,2026-10-09 15:00:00+00:00,0,0,none,complete
2026-10-09,2026-10-09T21:30:15+00:00,online,PT,load,persistence,Persistence,weekly_persistence,2208,2026-10-09 16:00:00+00:00,6683.6,6489.0,,2026-07-09 16:00:00+00:00,2026-10-09 15:00:00+00:00,0,0,none,complete
2026-10-09,2026-10-09T21:30:15+00:00,online,PT,load,persistence,Persistence,weekly_persistence,2208,2026-10-09 17:00:00+00:00,6885.5,6709.0,,2026-07-09 16:00:00+00:00,2026-10-09 15:00:00+00:00,0,0,none,complete
2026-10-09,2026-10-09T21:30:15+00:00,online,PT,load,persistence,Persistence,weekly_persistence,2208,2026-10-09 18:00:00+00:00,7387.5,7319.0,,2026-07-09 16:00:00+00:00,2026-10-09 15:00:00+00:00,0,0,none,complete
2026-10-09,2026-10-09T21:30:15+00:00,online,PT,load,persistence,Persistence,weekly_persistence,2208,2026-10-09 19:00:00+00:00,7331.2,7210.0,,2026-07-09 16:00:00+00:00,2026-10-09 15:00:00+00:00,0,0,none,complete
2026-10-09,2026-10-09T21:30:15+00:00,online,PT,load,persistence,Persistence,weekly_persistence,2208,2026-10-09 20:00:00+00:00,6844.1,6684.0,,2026-07-09 16:00:00+00:00,2026-10-09 15:00:00+00:00,0,0,none,complete
2026-10-09,2026-10-09T21:30:15+00:00,online,PT,load,persistence,Persistence,weekly_persistence,2208,2026-10-09 21:00:00+00:00,6343.0,6182.0,,2026-07-09 16:00:00+00:00,2026-10-09 15:00:00+00:00,0,0,none,complete
2026-10-09,2026-10-09T21:30:15+00:00,online,PT,load,persistence,Persistence,weekly_persistence,2208,2026-10-09 22:00:00+00:00,5813.0,5662.0,,2026-07-09 16:00:00+00:00,2026-10-09 15:00:00+00:00,0,0,none,complete
2026-10-09,2026-10-09T21:30:15+00:00,online,PT,load,persistence,Persistence,weekly_persistence,2208,2026-10-09 23:00:00+00:00,5476.5,5228.0,,2026-07-09 16:00:00+00:00,2026-10-09 15:00:00+00:00,0,0,none,complete
2026-10-09,2026-10-09T21:30:15+00:00,online,PT,load,persistence,Persistence,weekly_persistence,2208,2026-10-10 00:00:00+00:00,5222.6,4977.0,,2026-07-09 16:00:00+00:00,2026-10-09 15:00:00+00:00,0,0,none,complete
2026-10-09,2026-10-09T21:30:15+00:00,online,PT,load,persistence,Persistence,weekly_persistence,2208,2026-10-10 01:00:00+00:00,5012.8,4773.0,,2026-07-09 16:00:00+00:00,2026-10-09 15:00:00+00:00,0,0,none,complete
2026-10-09,2026-10-09T21:30:15+00:00,online,PT,load,persistence,Persistence,weekly_persistence,2208,2026-10-10 02:00:00+00:00,4841.5,4623.0,,2026-07-09 16:00:00+00:00,2026-10-09 15:00:00+00:00,0,0,none,complete
2026-10-09,2026-10-09T21:30:15+00:00,online,PT,load,persistence,Persistence,weekly_persistence,2208,2026-10-10 03:00:00+00:00,4710.7,4561.0,,2026-07-09 16:00:00+00:00,2026-10-09 15:00:00+00:00,0,0,none,complete
2026-10-09,2026-10-09T21:30:15+00:00,online,PT,load,persistence,Persistence,weekly_persistence,2208,2026-10-10 04:00:00+00:00,4704.3,4559.0,,2026-07-09 16:00:00+00:00,2026-10-09 15:00:00+00:00,0,0,none,complete
2026-10-09,2026-10-09T21:30:15+00:00,online,PT,load,persistence,Persistence,weekly_persistence,2208,2026-10-10 05:00:00+00:00,4852.5,4711.0,,2026-07-09 16:00:00+00:00,2026-10-09 15:00:00+00:00,0,0,none,complete
2026-10-09,2026-10-09T21:30:15+00:00,online,PT,load,persistence,Persistence,weekly_persistence,2208,2026-10-10 06:00:00+00:00,5040.3,4917.0,,2026-07-09 16:00:00+00:00,2026-10-09 15:00:00+00:00,0,0,none,complete
2026-10-09,2026-10-09T21:30:15+00:00,online,PT,load,persistence,Persistence,weekly_persistence,2208,2026-10-10 07:00:00+00:00,5266.1,5198.0,,2026-07-09 16:00:00+00:00,2026-10-09 15:00:00+00:00,0,0,none,complete
2026-10-09,2026-10-09T21:30:15+00:00,online,PT,load,persistence,Persistence,weekly_persistence,2208,2026-10-10 08:00:00+00:00,5446.4,5401.0,,2026-07-09 16:00:00+00:00,2026-10-09 15:00:00+00:00,0,0,none,complete
2026-10-09,2026-10-09T21:30:15+00:00,online,PT,load,persistence,Persistence,weekly_persistence,2208,2026-10-10 09:00:00+00:00,5413.6,5370.0,,2026-07-09 16:00:00+00:00,2026-10-09 15:00:00+00:00,0,0,none,complete
2026-10-09,2026-10-09T21:30:15+00:00,online,PT,load,persistence,Persistence,weekly_persistence,2208,2026-10-10 10:00:00+00:00,5429.7,5327.0,,2026-07-09 16:00:00+00:00,2026-10-09 15:00:00+00:00,0,0,none,complete
2026-10-09,2026-10-09T21:30:15+00:00,online,PT,load,persistence,Persistence,weekly_persistence,2208,2026-10-10 11:00:00+00:00,5560.7,5354.0,,2026-07-09 16:00:00+00:00,2026-10-09 15:00:00+00:00,0,0,none,complete
2026-10-09,2026-10-09T21:30:15+00:00,online,PT,load,persistence,Persistence,weekly_persistence,2208,2026-10-10 12:00:00+00:00,5431.1,5181.0,,2026-07-09 16:00:00+00:00,2026-10-09 15:00:00+00:00,0,0,none,complete
2026-10-09,2026-10-09T21:30:15+00:00,online,PT,load,persistence,Persistence,weekly_persistence,2208,2026-10-10 13:00:00+00:00,5376.4,5113.0,,2026-07-09 16:00:00+00:00,2026-10-09 15:00:00+00:00,0,0,none,complete
2026-10-09,2026-10-09T21:30:15+00:00,online,PT,load,persistence,Persistence,weekly_persistence,2208,2026-10-10 14:00:00+00:00,5395.3,5089.0,,2026-07-09 16:00:00+00:00,2026-10-09 15:00:00+00:00,0,0,none,complete
2026-10-09,2026-10-09T21:30:15+00:00,online,PT,load,persistence,Persistence,weekly_persistence,2208,2026-10-10 15:00:00+00:00,5520.1,5204.0,,2026-07-09 16:00:00+00:00,2026-10-09 15:00:00+00:00,0,0,none,complete
2026-10-09,2026-10-09T21:30:15+00:00,online,PT,load,ridge_3mo_context,Ridge with covariates,tso_forecast,2208,2026-10-09 16:00:00+00:00,6492.745553798182,6489.0,,2026-07-09 16:00:00+00:00,2026-10-09 15:00:00+00:00,0,0,none,complete
2026-10-09,2026-10-09T21:30:15+00:00,online,PT,load,ridge_3mo_context,Ridge with covariates,tso_forecast,2208,2026-10-09 17:00:00+00:00,6714.716464149521,6709.0,,2026-07-09 16:00:00+00:00,2026-10-09 15:00:00+00:00,0,0,none,complete
2026-10-09,2026-10-09T21:30:15+00:00,online,PT,load,ridge_3mo_context,Ridge with covariates,tso_forecast,2208,2026-10-09 18:00:00+00:00,7330.959230232498,7319.0,,2026-07-09 16:00:00+00:00,2026-10-09 15:00:00+00:00,0,0,none,complete
2026-10-09,2026-10-09T21:30:15+00:00,online,PT,load,ridge_3mo_context,Ridge with covariates,tso_forecast,2208,2026-10-09 19:00:00+00:00,7220.326446902532,7210.0,,2026-07-09 16:00:00+00:00,2026-10-09 15:00:00+00:00,0,0,none,complete
2026-10-09,2026-10-09T21:30:15+00:00,online,PT,load,ridge_3mo_context,Ridge with covariates,tso_forecast,2208,2026-10-09 20:00:00+00:00,6688.126063982582,6684.0,,2026-07-09 16:00:00+00:00,2026-10-09 15:00:00+00:00,0,0,none,complete
2026-10-09,2026-10-09T21:30:15+00:00,online,PT,load,ridge_3mo_context,Ridge with covariates,tso_forecast,2208,2026-10-09 21:00:00+00:00,6180.188564492273,6182.0,,2026-07-09 16:00:00+00:00,2026-10-09 15:00:00+00:00,0,0,none,complete
2026-10-09,2026-10-09T21:30:15+00:00,online,PT,load,ridge_3mo_context,Ridge with covariates,tso_forecast,2208,2026-10-09 22:00:00+00:00,5654.053902429734,5662.0,,2026-07-09 16:00:00+00:00,2026-10-09 15:00:00+00:00,0,0,none,complete
2026-10-09,2026-10-09T21:30:15+00:00,online,PT,load,ridge_3mo_context,Ridge with covariates,tso_forecast,2208,2026-10-09 23:00:00+00:00,5214.8612393234025,5228.0,,2026-07-09 16:00:00+00:00,2026-10-09 15:00:00+00:00,0,0,none,complete
2026-10-09,2026-10-09T21:30:15+00:00,online,PT,load,ridge_3mo_context,Ridge with covariates,tso_forecast,2208,2026-10-10 00:00:00+00:00,4980.593143909491,4977.0,,2026-07-09 16:00:00+00:00,2026-10-09 15:00:00+00:00,0,0,none,complete
2026-10-09,2026-10-09T21:30:15+00:00,online,PT,load,ridge_3mo_context,Ridge with covariates,tso_forecast,2208,2026-10-10 01:00:00+00:00,4773.9197803372035,4773.0,,2026-07-09 16:00:00+00:00,2026-10-09 15:00:00+00:00,0,0,none,complete
2026-10-09,2026-10-09T21:30:15+00:00,online,PT,load,ridge_3mo_context,Ridge with covariates,tso_forecast,2208,2026-10-10 02:00:00+00:00,4621.837904481603,4623.0,,2026-07-09 16:00:00+00:00,2026-10-09 15:00:00+00:00,0,0,none,complete
2026-10-09,2026-10-09T21:30:15+00:00,online,PT,load,ridge_3mo_context,Ridge with covariates,tso_forecast,2208,2026-10-10 03:00:00+00:00,4558.71993453468,4561.0,,2026-07-09 16:00:00+00:00,2026-10-09 15:00:00+00:00,0,0,none,complete
2026-10-09,2026-10-09T21:30:15+00:00,online,PT,load,ridge_3mo_context,Ridge with covariates,tso_forecast,2208,2026-10-10 04:00:00+00:00,4556.259173161855,4559.0,,2026-07-09 16:00:00+00:00,2026-10-09 15:00:00+00:00,0,0,none,complete
2026-10-09,2026-10-09T21:30:15+00:00,online,PT,load,ridge_3mo_context,Ridge with covariates,tso_forecast,2208,2026-10-10 05:00:00+00:00,4709.485247129216,4711.0,,2026-07-09 16:00:00+00:00,2026-10-09 15:00:00+00:00,0,0,none,complete
2026-10-09,2026-10-09T21:30:15+00:00,online,PT,load,ridge_3mo_context,Ridge with covariates,tso_forecast,2208,2026-10-10 06:00:00+00:00,4917.302808813264,4917.0,,2026-07-09 16:00:00+00:00,2026-10-09 15:00:00+00:00,0,0,none,complete
2026-10-09,2026-10-09T21:30:15+00:00,online,PT,load,ridge_3mo_context,Ridge with covariates,tso_forecast,2208,2026-10-10 07:00:00+00:00,5200.941881214936,5198.0,,2026-07-09 16:00:00+00:00,2026-10-09 15:00:00+00:00,0,0,none,complete
2026-10-09,2026-10-09T21:30:15+00:00,online,PT,load,ridge_3mo_context,Ridge with covariates,tso_forecast,2208,2026-10-10 08:00:00+00:00,5405.726582470279,5401.0,,2026-07-09 16:00:00+00:00,2026-10-09 15:00:00+00:00,0,0,none,complete
2026-10-09,2026-10-09T21:30:15+00:00,online,PT,load,ridge_3mo_context,Ridge with covariates,tso_forecast,2208,2026-10-10 09:00:00+00:00,5373.948170286641,5370.0,,2026-07-09 16:00:00+00:00,2026-10-09 15:00:00+00:00,0,0,none,complete
2026-10-09,2026-10-09T21:30:15+00:00,online,PT,load,ridge_3mo_context,Ridge with covariates,tso_forecast,2208,2026-10-10 10:00:00+00:00,5330.0383163881825,5327.0,,2026-07-09 16:00:00+00:00,2026-10-09 15:00:00+00:00,0,0,none,complete
2026-10-09,2026-10-09T21:30:15+00:00,online,PT,load,ridge_3mo_context,Ridge with covariates,tso_forecast,2208,2026-10-10 11:00:00+00:00,5356.895205826172,5354.0,,2026-07-09 16:00:00+00:00,2026-10-09 15:00:00+00:00,0,0,none,complete
2026-10-09,2026-10-09T21:30:15+00:00,online,PT,load,ridge_3mo_context,Ridge with covariates,tso_forecast,2208,2026-10-10 12:00:00+00:00,5181.561400017167,5181.0,,2026-07-09 16:00:00+00:00,2026-10-09 15:00:00+00:00,0,0,none,complete
2026-10-09,2026-10-09T21:30:15+00:00,online,PT,load,ridge_3mo_context,Ridge with covariates,tso_forecast,2208,2026-10-10 13:00:00+00:00,5112.377709212834,5113.0,,2026-07-09 16:00:00+00:00,2026-10-09 15:00:00+00:00,0,0,none,complete
2026-10-09,2026-10-09T21:30:15+00:00,online,PT,load,ridge_3mo_context,Ridge with covariates,tso_forecast,2208,2026-10-10 14:00:00+00:00,5087.67597136284,5089.0,,2026-07-09 16:00:00+00:00,2026-10-09 15:00:00+00:00,0,0,none,complete
2026-10-09,2026-10-09T21:30:15+00:00,online,PT,load,ridge_3mo_context,Ridge with covariates,tso_forecast,2208,2026-10-10 15:00:00+00:00,5203.496766709507,5204.0,,2026-07-09 16:00:00+00:00,2026-10-09 15:00:00+00:00,0,0,none,complete
2026-10-09,2026-10-09T21:30:15+00:00,online,PT,load,chronos2_online,Chronos2 with covariates,Hum+tso_forecast,2208,2026-10-09 16:00:00+00:00,6273.880859375,6489.0,,2026-07-09 16:00:00+00:00,2026-10-09 15:00:00+00:00,0,0,none,complete
2026-10-09,2026-10-09T21:30:15+00:00,online,PT,load,chronos2_online,Chronos2 with covariates,Hum+tso_forecast,2208,2026-10-09 17:00:00+00:00,6602.06103515625,6709.0,,2026-07-09 16:00:00+00:00,2026-10-09 15:00:00+00:00,0,0,none,complete
2026-10-09,2026-10-09T21:30:15+00:00,online,PT,load,chronos2_online,Chronos2 with covariates,Hum+tso_forecast,2208,2026-10-09 18:00:00+00:00,7111.0712890625,7319.0,,2026-07-09 16:00:00+00:00,2026-10-09 15:00:00+00:00,0,0,none,complete
2026-10-09,2026-10-09T21:30:15+00:00,online,PT,load,chronos2_online,Chronos2 with covariates,Hum+tso_forecast,2208,2026-10-09 19:00:00+00:00,7048.49267578125,7210.0,,2026-07-09 16:00:00+00:00,2026-10-09 15:00:00+00:00,0,0,none,complete
2026-10-09,2026-10-09T21:30:15+00:00,online,PT,load,chronos2_online,Chronos2 with covariates,Hum+tso_forecast,2208,2026-10-09 20:00:00+00:00,6554.11572265625,6684.0,,2026-07-09 16:00:00+00:00,2026-10-09 15:00:00+00:00,0,0,none,complete
2026-10-09,2026-10-09T21:30:15+00:00,online,PT,load,chronos2_online,Chronos2 with covariates,Hum+tso_forecast,2208,2026-10-09 21:00:00+00:00,6090.79150390625,6182.0,,2026-07-09 16:00:00+00:00,2026-10-09 15:00:00+00:00,0,0,none,complete
2026-10-09,2026-10-09T21:30:15+00:00,online,PT,load,chronos2_online,Chronos2 with covariates,Hum+tso_forecast,2208,2026-10-09 22:00:00+00:00,5634.19287109375,5662.0,,2026-07-09 16:00:00+00:00,2026-10-09 15:00:00+00:00,0,0,none,complete
2026-10-09,2026-10-09T21:30:15+00:00,online,PT,load,chronos2_online,Chronos2 with covariates,Hum+tso_forecast,2208,2026-10-09 23:00:00+00:00,5249.515625,5228.0,,2026-07-09 16:00:00+00:00,2026-10-09 15:00:00+00:00,0,0,none,complete
2026-10-09,2026-10-09T21:30:15+00:00,online,PT,load,chronos2_online,Chronos2 with covariates,Hum+tso_forecast,2208,2026-10-10 00:00:00+00:00,5013.04638671875,4977.0,,2026-07-09 16:00:00+00:00,2026-10-09 15:00:00+00:00,0,0,none,complete
2026-10-09,2026-10-09T21:30:15+00:00,online,PT,load,chronos2_online,Chronos2 with covariates,Hum+tso_forecast,2208,2026-10-10 01:00:00+00:00,4839.6982421875,4773.0,,2026-07-09 16:00:00+00:00,2026-10-09 15:00:00+00:00,0,0,none,complete
2026-10-09,2026-10-09T21:30:15+00:00,online,PT,load,chronos2_online,Chronos2 with covariates,Hum+tso_forecast,2208,2026-10-10 02:00:00+00:00,4686.0341796875,4623.0,,2026-07-09 16:00:00+00:00,2026-10-09 15:00:00+00:00,0,0,none,complete
2026-10-09,2026-10-09T21:30:15+00:00,online,PT,load,chronos2_online,Chronos2 with covariates,Hum+tso_forecast,2208,2026-10-10 03:00:00+00:00,4610.88232421875,4561.0,,2026-07-09 16:00:00+00:00,2026-10-09 15:00:00+00:00,0,0,none,complete
2026-10-09,2026-10-09T21:30:15+00:00,online,PT,load,chronos2_online,Chronos2 with covariates,Hum+tso_forecast,2208,2026-10-10 04:00:00+00:00,4630.822265625,4559.0,,2026-07-09 16:00:00+00:00,2026-10-09 15:00:00+00:00,0,0,none,complete
2026-10-09,2026-10-09T21:30:15+00:00,online,PT,load,chronos2_online,Chronos2 with covariates,Hum+tso_forecast,2208,2026-10-10 05:00:00+00:00,4784.09765625,4711.0,,2026-07-09 16:00:00+00:00,2026-10-09 15:00:00+00:00,0,0,none,complete
2026-10-09,2026-10-09T21:30:15+00:00,online,PT,load,chronos2_online,Chronos2 with covariates,Hum+tso_forecast,2208,2026-10-10 06:00:00+00:00,5001.578125,4917.0,,2026-07-09 16:00:00+00:00,2026-10-09 15:00:00+00:00,0,0,none,complete
2026-10-09,2026-10-09T21:30:15+00:00,online,PT,load,chronos2_online,Chronos2 with covariates,Hum+tso_forecast,2208,2026-10-10 07:00:00+00:00,5276.39501953125,5198.0,,2026-07-09 16:00:00+00:00,2026-10-09 15:00:00+00:00,0,0,none,complete
2026-10-09,2026-10-09T21:30:15+00:00,online,PT,load,chronos2_online,Chronos2 with covariates,Hum+tso_forecast,2208,2026-10-10 08:00:00+00:00,5412.4169921875,5401.0,,2026-07-09 16:00:00+00:00,2026-10-09 15:00:00+00:00,0,0,none,complete
2026-10-09,2026-10-09T21:30:15+00:00,online,PT,load,chronos2_online,Chronos2 with covariates,Hum+tso_forecast,2208,2026-10-10 09:00:00+00:00,5419.7802734375,5370.0,,2026-07-09 16:00:00+00:00,2026-10-09 15:00:00+00:00,0,0,none,complete
2026-10-09,2026-10-09T21:30:15+00:00,online,PT,load,chronos2_online,Chronos2 with covariates,Hum+tso_forecast,2208,2026-10-10 10:00:00+00:00,5455.76513671875,5327.0,,2026-07-09 16:00:00+00:00,2026-10-09 15:00:00+00:00,0,0,none,complete
2026-10-09,2026-10-09T21:30:15+00:00,online,PT,load,chronos2_online,Chronos2 with covariates,Hum+tso_forecast,2208,2026-10-10 11:00:00+00:00,5505.4794921875,5354.0,,2026-07-09 16:00:00+00:00,2026-10-09 15:00:00+00:00,0,0,none,complete
2026-10-09,2026-10-09T21:30:15+00:00,online,PT,load,chronos2_online,Chronos2 with covariates,Hum+tso_forecast,2208,2026-10-10 12:00:00+00:00,5343.05029296875,5181.0,,2026-07-09 16:00:00+00:00,2026-10-09 15:00:00+00:00,0,0,none,complete
2026-10-09,2026-10-09T21:30:15+00:00,online,PT,load,chronos2_online,Chronos2 with covariates,Hum+tso_forecast,2208,2026-10-10 13:00:00+00:00,5319.591796875,5113.0,,2026-07-09 16:00:00+00:00,2026-10-09 15:00:00+00:00,0,0,none,complete
2026-10-09,2026-10-09T21:30:15+00:00,online,PT,load,chronos2_online,Chronos2 with covariates,Hum+tso_forecast,2208,2026-10-10 14:00:00+00:00,5369.55078125,5089.0,,2026-07-09 16:00:00+00:00,2026-10-09 15:00:00+00:00,0,0,none,complete
2026-10-09,2026-10-09T21:30:15+00:00,online,PT,load,chronos2_online,Chronos2 with covariates,Hum+tso_forecast,2208,2026-10-10 15:00:00+00:00,5476.69287109375,5204.0,,2026-07-09 16:00:00+00:00,2026-10-09 15:00:00+00:00,0,0,none,complete
2026-10-09,2026-10-09T21:30:15+00:00,online,PT,solar,tso_reference,TSO forecast,tso_forecast,2208,2026-10-09 16:00:00+00:00,1302.4,1302.4,,2026-07-09 16:00:00+00:00,2026-10-09 15:00:00+00:00,0,0,none,complete
2026-10-09,2026-10-09T21:30:15+00:00,online,PT,solar,tso_reference,TSO forecast,tso_forecast,2208,2026-10-09 17:00:00+00:00,326.9,326.9,,2026-07-09 16:00:00+00:00,2026-10-09 15:00:00+00:00,0,0,none,complete
2026-10-09,2026-10-09T21:30:15+00:00,online,PT,solar,tso_reference,TSO forecast,tso_forecast,2208,2026-10-09 18:00:00+00:00,4.0,4.0,,2026-07-09 16:00:00+00:00,2026-10-09 15:00:00+00:00,0,0,none,complete
2026-10-09,2026-10-09T21:30:15+00:00,online,PT,solar,tso_reference,TSO forecast,tso_forecast,2208,2026-10-09 19:00:00+00:00,3.4,3.4,,2026-07-09 16:00:00+00:00,2026-10-09 15:00:00+00:00,0,0,none,complete
2026-10-09,2026-10-09T21:30:15+00:00,online,PT,solar,tso_reference,TSO forecast,tso_forecast,2208,2026-10-09 20:00:00+00:00,7.2,7.2,,2026-07-09 16:00:00+00:00,2026-10-09 15:00:00+00:00,0,0,none,complete
2026-10-09,2026-10-09T21:30:15+00:00,online,PT,solar,tso_reference,TSO forecast,tso_forecast,2208,2026-10-09 21:00:00+00:00,2.4,2.4,,2026-07-09 16:00:00+00:00,2026-10-09 15:00:00+00:00,0,0,none,complete
2026-10-09,2026-10-09T21:30:15+00:00,online,PT,solar,tso_reference,TSO forecast,tso_forecast,2208,2026-10-09 22:00:00+00:00,0.0,0.0,,2026-07-09 16:00:00+00:00,2026-10-09 15:00:00+00:00,0,0,none,complete
2026-10-09,2026-10-09T21:30:15+00:00,online,PT,solar,tso_reference,TSO forecast,tso_forecast,2208,2026-10-09 23:00:00+00:00,0.0,0.0,,2026-07-09 16:00:00+00:00,2026-10-09 15:00:00+00:00,0,0,none,complete
2026-10-09,2026-10-09T21:30:15+00:00,online,PT,solar,tso_reference,TSO forecast,tso_forecast,2208,2026-10-10 00:00:00+00:00,0.0,0.0,,2026-07-09 16:00:00+00:00,2026-10-09 15:00:00+00:00,0,0,none,complete
2026-10-09,2026-10-09T21:30:15+00:00,online,PT,solar,tso_reference,TSO forecast,tso_forecast,2208,2026-10-10 01:00:00+00:00,0.0,0.0,,2026-07-09 16:00:00+00:00,2026-10-09 15:00:00+00:00,0,0,none,complete
2026-10-09,2026-10-09T21:30:15+00:00,online,PT,solar,tso_reference,TSO forecast,tso_forecast,2208,2026-10-10 02:00:00+00:00,0.0,0.0,,2026-07-09 16:00:00+00:00,2026-10-09 15:00:00+00:00,0,0,none,complete
2026-10-09,2026-10-09T21:30:15+00:00,online,PT,solar,tso_reference,TSO forecast,tso_forecast,2208,2026-10-10 03:00:00+00:00,0.0,0.0,,2026-07-09 16:00:00+00:00,2026-10-09 15:00:00+00:00,0,0,none,complete
2026-10-09,2026-10-09T21:30:15+00:00,online,PT,solar,tso_reference,TSO forecast,tso_forecast,2208,2026-10-10 04:00:00+00:00,0.0,0.0,,2026-07-09 16:00:00+00:00,2026-10-09 15:00:00+00:00,0,0,none,complete
2026-10-09,2026-10-09T21:30:15+00:00,online,PT,solar,tso_reference,TSO forecast,tso_forecast,2208,2026-10-10 05:00:00+00:00,0.0,0.0,,2026-07-09 16:00:00+00:00,2026-10-09 15:00:00+00:00,0,0,none,complete
2026-10-09,2026-10-09T21:30:15+00:00,online,PT,solar,tso_reference,TSO forecast,tso_forecast,2208,2026-10-10 06:00:00+00:00,15.4,15.4,,2026-07-09 16:00:00+00:00,2026-10-09 15:00:00+00:00,0,0,none,complete
2026-10-09,2026-10-09T21:30:15+00:00,online,PT,solar,tso_reference,TSO forecast,tso_forecast,2208,2026-10-10 07:00:00+00:00,468.7,468.7,,2026-07-09 16:00:00+00:00,2026-10-09 15:00:00+00:00,0,0,none,complete
2026-10-09,2026-10-09T21:30:15+00:00,online,PT,solar,tso_reference,TSO forecast,tso_forecast,2208,2026-10-10 08:00:00+00:00,1292.7,1292.7,,2026-07-09 16:00:00+00:00,2026-10-09 15:00:00+00:00,0,0,none,complete
2026-10-09,2026-10-09T21:30:15+00:00,online,PT,solar,tso_reference,TSO forecast,tso_forecast,2208,2026-10-10 09:00:00+00:00,1916.1,1916.1,,2026-07-09 16:00:00+00:00,2026-10-09 15:00:00+00:00,0,0,none,complete
2026-10-09,2026-10-09T21:30:15+00:00,online,PT,solar,tso_reference,TSO forecast,tso_forecast,2208,2026-10-10 10:00:00+00:00,2147.5,2147.5,,2026-07-09 16:00:00+00:00,2026-10-09 15:00:00+00:00,0,0,none,complete
2026-10-09,2026-10-09T21:30:15+00:00,online,PT,solar,tso_reference,TSO forecast,tso_forecast,2208,2026-10-10 11:00:00+00:00,2272.9,2272.9,,2026-07-09 16:00:00+00:00,2026-10-09 15:00:00+00:00,0,0,none,complete
2026-10-09,2026-10-09T21:30:15+00:00,online,PT,solar,tso_reference,TSO forecast,tso_forecast,2208,2026-10-10 12:00:00+00:00,2315.4,2315.4,,2026-07-09 16:00:00+00:00,2026-10-09 15:00:00+00:00,0,0,none,complete
2026-10-09,2026-10-09T21:30:15+00:00,online,PT,solar,tso_reference,TSO forecast,tso_forecast,2208,2026-10-10 13:00:00+00:00,2217.8,2217.8,,2026-07-09 16:00:00+00:00,2026-10-09 15:00:00+00:00,0,0,none,complete
2026-10-09,2026-10-09T21:30:15+00:00,online,PT,solar,tso_reference,TSO forecast,tso_forecast,2208,2026-10-10 14:00:00+00:00,2085.5,2085.5,,2026-07-09 16:00:00+00:00,2026-10-09 15:00:00+00:00,0,0,none,complete
2026-10-09,2026-10-09T21:30:15+00:00,online,PT,solar,tso_reference,TSO forecast,tso_forecast,2208,2026-10-10 15:00:00+00:00,1904.2,1904.2,,2026-07-09 16:00:00+00:00,2026-10-09 15:00:00+00:00,0,0,none,complete
2026-10-09,2026-10-09T21:30:15+00:00,online,PT,solar,persistence,Persistence,daily_persistence,2208,2026-10-09 16:00:00+00:00,1336.0,1302.4,,2026-07-09 16:00:00+00:00,2026-10-09 15:00:00+00:00,0,0,none,complete
2026-10-09,2026-10-09T21:30:15+00:00,online,PT,solar,persistence,Persistence,daily_persistence,2208,2026-10-09 17:00:00+00:00,326.1,326.9,,2026-07-09 16:00:00+00:00,2026-10-09 15:00:00+00:00,0,0,none,complete
2026-10-09,2026-10-09T21:30:15+00:00,online,PT,solar,persistence,Persistence,daily_persistence,2208,2026-10-09 18:00:00+00:00,33.2,4.0,,2026-07-09 16:00:00+00:00,2026-10-09 15:00:00+00:00,0,0,none,complete
2026-10-09,2026-10-09T21:30:15+00:00,online,PT,solar,persistence,Persistence,daily_persistence,2208,2026-10-09 19:00:00+00:00,26.6,3.4,,2026-07-09 16:00:00+00:00,2026-10-09 15:00:00+00:00,0,0,none,complete
2026-10-09,2026-10-09T21:30:15+00:00,online,PT,solar,persistence,Persistence,daily_persistence,2208,2026-10-09 20:00:00+00:00,0.2,7.2,,2026-07-09 16:00:00+00:00,2026-10-09 15:00:00+00:00,0,0,none,complete
2026-10-09,2026-10-09T21:30:15+00:00,online,PT,solar,persistence,Persistence,daily_persistence,2208,2026-10-09 21:00:00+00:00,0.0,2.4,,2026-07-09 16:00:00+00:00,2026-10-09 15:00:00+00:00,0,0,none,complete
2026-10-09,2026-10-09T21:30:15+00:00,online,PT,solar,persistence,Persistence,daily_persistence,2208,2026-10-09 22:00:00+00:00,0.0,0.0,,2026-07-09 16:00:00+00:00,2026-10-09 15:00:00+00:00,0,0,none,complete
2026-10-09,2026-10-09T21:30:15+00:00,online,PT,solar,persistence,Persistence,daily_persistence,2208,2026-10-09 23:00:00+00:00,0.0,0.0,,2026-07-09 16:00:00+00:00,2026-10-09 15:00:00+00:00,0,0,none,complete
2026-10-09,2026-10-09T21:30:15+00:00,online,PT,solar,persistence,Persistence,daily_persistence,2208,2026-10-10 00:00:00+00:00,0.0,0.0,,2026-07-09 16:00:00+00:00,2026-10-09 15:00:00+00:00,0,0,none,complete
2026-10-09,2026-10-09T21:30:15+00:00,online,PT,solar,persistence,Persistence,daily_persistence,2208,2026-10-10 01:00:00+00:00,0.0,0.0,,2026-07-09 16:00:00+00:00,2026-10-09 15:00:00+00:00,0,0,none,complete
2026-10-09,2026-10-09T21:30:15+00:00,online,PT,solar,persistence,Persistence,daily_persistence,2208,2026-10-10 02:00:00+00:00,0.0,0.0,,2026-07-09 16:00:00+00:00,2026-10-09 15:00:00+00:00,0,0,none,complete
2026-10-09,2026-10-09T21:30:15+00:00,online,PT,solar,persistence,Persistence,daily_persistence,2208,2026-10-10 03:00:00+00:00,0.0,0.0,,2026-07-09 16:00:00+00:00,2026-10-09 15:00:00+00:00,0,0,none,complete
2026-10-09,2026-10-09T21:30:15+00:00,online,PT,solar,persistence,Persistence,daily_persistence,2208,2026-10-10 04:00:00+00:00,0.0,0.0,,2026-07-09 16:00:00+00:00,2026-10-09 15:00:00+00:00,0,0,none,complete
2026-10-09,2026-10-09T21:30:15+00:00,online,PT,solar,persistence,Persistence,daily_persistence,2208,2026-10-10 05:00:00+00:00,0.0,0.0,,2026-07-09 16:00:00+00:00,2026-10-09 15:00:00+00:00,0,0,none,complete
2026-10-09,2026-10-09T21:30:15+00:00,online,PT,solar,persistence,Persistence,daily_persistence,2208,2026-10-10 06:00:00+00:00,17.7,15.4,,2026-07-09 16:00:00+00:00,2026-10-09 15:00:00+00:00,0,0,none,complete
2026-10-09,2026-10-09T21:30:15+00:00,online,PT,solar,persistence,Persistence,daily_persistence,2208,2026-10-10 07:00:00+00:00,649.4,468.7,,2026-07-09 16:00:00+00:00,2026-10-09 15:00:00+00:00,0,0,none,complete
2026-10-09,2026-10-09T21:30:15+00:00,online,PT,solar,persistence,Persistence,daily_persistence,2208,2026-10-10 08:00:00+00:00,1476.3,1292.7,,2026-07-09 16:00:00+00:00,2026-10-09 15:00:00+00:00,0,0,none,complete
2026-10-09,2026-10-09T21:30:15+00:00,online,PT,solar,persistence,Persistence,daily_persistence,2208,2026-10-10 09:00:00+00:00,1745.9,1916.1,,2026-07-09 16:00:00+00:00,2026-10-09 15:00:00+00:00,0,0,none,complete
2026-10-09,2026-10-09T21:30:15+00:00,online,PT,solar,persistence,Persistence,daily_persistence,2208,2026-10-10 10:00:00+00:00,2012.0,2147.5,,2026-07-09 16:00:00+00:00,2026-10-09 15:00:00+00:00,0,0,none,complete
2026-10-09,2026-10-09T21:30:15+00:00,online,PT,solar,persistence,Persistence,daily_persistence,2208,2026-10-10 11:00:00+00:00,2331.8,2272.9,,2026-07-09 16:00:00+00:00,2026-10-09 15:00:00+00:00,0,0,none,complete
2026-10-09,2026-10-09T21:30:15+00:00,online,PT,solar,persistence,Persistence,daily_persistence,2208,2026-10-10 12:00:00+00:00,2378.7,2315.4,,2026-07-09 16:00:00+00:00,2026-10-09 15:00:00+00:00,0,0,none,complete
2026-10-09,2026-10-09T21:30:15+00:00,online,PT,solar,persistence,Persistence,daily_persistence,2208,2026-10-10 13:00:00+00:00,2460.0,2217.8,,2026-07-09 16:00:00+00:00,2026-10-09 15:00:00+00:00,0,0,none,complete
2026-10-09,2026-10-09T21:30:15+00:00,online,PT,solar,persistence,Persistence,daily_persistence,2208,2026-10-10 14:00:00+00:00,2410.3,2085.5,,2026-07-09 16:00:00+00:00,2026-10-09 15:00:00+00:00,0,0,none,complete
2026-10-09,2026-10-09T21:30:15+00:00,online,PT,solar,persistence,Persistence,daily_persistence,2208,2026-10-10 15:00:00+00:00,2153.4,1904.2,,2026-07-09 16:00:00+00:00,2026-10-09 15:00:00+00:00,0,0,none,complete
2026-10-09,2026-10-09T21:30:15+00:00,online,PT,solar,chronos2_online,Chronos2 with covariates,weather_4p+tso_forecast,2208,2026-10-09 16:00:00+00:00,1388.1536865234375,1302.4,,2026-07-09 16:00:00+00:00,2026-10-09 15:00:00+00:00,0,0,none,complete
2026-10-09,2026-10-09T21:30:15+00:00,online,PT,solar,chronos2_online,Chronos2 with covariates,weather_4p+tso_forecast,2208,2026-10-09 17:00:00+00:00,301.62225341796875,326.9,,2026-07-09 16:00:00+00:00,2026-10-09 15:00:00+00:00,0,0,none,complete
2026-10-09,2026-10-09T21:30:15+00:00,online,PT,solar,chronos2_online,Chronos2 with covariates,weather_4p+tso_forecast,2208,2026-10-09 18:00:00+00:00,32.252197265625,4.0,,2026-07-09 16:00:00+00:00,2026-10-09 15:00:00+00:00,0,0,none,complete
2026-10-09,2026-10-09T21:30:15+00:00,online,PT,solar,chronos2_online,Chronos2 with covariates,weather_4p+tso_forecast,2208,2026-10-09 19:00:00+00:00,23.7393798828125,3.4,,2026-07-09 16:00:00+00:00,2026-10-09 15:00:00+00:00,0,0,none,complete
2026-10-09,2026-10-09T21:30:15+00:00,online,PT,solar,chronos2_online,Chronos2 with covariates,weather_4p+tso_forecast,2208,2026-10-09 20:00:00+00:00,22.11083984375,7.2,,2026-07-09 16:00:00+00:00,2026-10-09 15:00:00+00:00,0,0,none,complete
2026-10-09,2026-10-09T21:30:15+00:00,online,PT,solar,chronos2_online,Chronos2 with covariates,weather_4p+tso_forecast,2208,2026-10-09 21:00:00+00:00,28.8231201171875,2.4,,2026-07-09 16:00:00+00:00,2026-10-09 15:00:00+00:00,0,0,none,complete
2026-10-09,2026-10-09T21:30:15+00:00,online,PT,solar,chronos2_online,Chronos2 with covariates,weather_4p+tso_forecast,2208,2026-10-09 22:00:00+00:00,28.288818359375,0.0,,2026-07-09 16:00:00+00:00,2026-10-09 15:00:00+00:00,0,0,none,complete
2026-10-09,2026-10-09T21:30:15+00:00,online,PT,solar,chronos2_online,Chronos2 with covariates,weather_4p+tso_forecast,2208,2026-10-09 23:00:00+00:00,24.803466796875,0.0,,2026-07-09 16:00:00+00:00,2026-10-09 15:00:00+00:00,0,0,none,complete
2026-10-09,2026-10-09T21:30:15+00:00,online,PT,solar,chronos2_online,Chronos2 with covariates,weather_4p+tso_forecast,2208,2026-10-10 00:00:00+00:00,25.8438720703125,0.0,,2026-07-09 16:00:00+00:00,2026-10-09 15:00:00+00:00,0,0,none,complete
2026-10-09,2026-10-09T21:30:15+00:00,online,PT,solar,chronos2_online,Chronos2 with covariates,weather_4p+tso_forecast,2208,2026-10-10 01:00:00+00:00,27.9150390625,0.0,,2026-07-09 16:00:00+00:00,2026-10-09 15:00:00+00:00,0,0,none,complete
2026-10-09,2026-10-09T21:30:15+00:00,online,PT,solar,chronos2_online,Chronos2 with covariates,weather_4p+tso_forecast,2208,2026-10-10 02:00:00+00:00,24.481201171875,0.0,,2026-07-09 16:00:00+00:00,2026-10-09 15:00:00+00:00,0,0,none,complete
2026-10-09,2026-10-09T21:30:15+00:00,online,PT,solar,chronos2_online,Chronos2 with covariates,weather_4p+tso_forecast,2208,2026-10-10 03:00:00+00:00,28.21435546875,0.0,,2026-07-09 16:00:00+00:00,2026-10-09 15:00:00+00:00,0,0,none,complete
2026-10-09,2026-10-09T21:30:15+00:00,online,PT,solar,chronos2_online,Chronos2 with covariates,weather_4p+tso_forecast,2208,2026-10-10 04:00:00+00:00,26.4683837890625,0.0,,2026-07-09 16:00:00+00:00,2026-10-09 15:00:00+00:00,0,0,none,complete
2026-10-09,2026-10-09T21:30:15+00:00,online,PT,solar,chronos2_online,Chronos2 with covariates,weather_4p+tso_forecast,2208,2026-10-10 05:00:00+00:00,19.566162109375,0.0,,2026-07-09 16:00:00+00:00,2026-10-09 15:00:00+00:00,0,0,none,complete
2026-10-09,2026-10-09T21:30:15+00:00,online,PT,solar,chronos2_online,Chronos2 with covariates,weather_4p+tso_forecast,2208,2026-10-10 06:00:00+00:00,24.1102294921875,15.4,,2026-07-09 16:00:00+00:00,2026-10-09 15:00:00+00:00,0,0,none,complete
2026-10-09,2026-10-09T21:30:15+00:00,online,PT,solar,chronos2_online,Chronos2 with covariates,weather_4p+tso_forecast,2208,2026-10-10 07:00:00+00:00,589.5955810546875,468.7,,2026-07-09 16:00:00+00:00,2026-10-09 15:00:00+00:00,0,0,none,complete
2026-10-09,2026-10-09T21:30:15+00:00,online,PT,solar,chronos2_online,Chronos2 with covariates,weather_4p+tso_forecast,2208,2026-10-10 08:00:00+00:00,1392.231689453125,1292.7,,2026-07-09 16:00:00+00:00,2026-10-09 15:00:00+00:00,0,0,none,complete
2026-10-09,2026-10-09T21:30:15+00:00,online,PT,solar,chronos2_online,Chronos2 with covariates,weather_4p+tso_forecast,2208,2026-10-10 09:00:00+00:00,1879.97314453125,1916.1,,2026-07-09 16:00:00+00:00,2026-10-09 15:00:00+00:00,0,0,none,complete
2026-10-09,2026-10-09T21:30:15+00:00,online,PT,solar,chronos2_online,Chronos2 with covariates,weather_4p+tso_forecast,2208,2026-10-10 10:00:00+00:00,2165.04541015625,2147.5,,2026-07-09 16:00:00+00:00,2026-10-09 15:00:00+00:00,0,0,none,complete
2026-10-09,2026-10-09T21:30:15+00:00,online,PT,solar,chronos2_online,Chronos2 with covariates,weather_4p+tso_forecast,2208,2026-10-10 11:00:00+00:00,2354.452392578125,2272.9,,2026-07-09 16:00:00+00:00,2026-10-09 15:00:00+00:00,0,0,none,complete
2026-10-09,2026-10-09T21:30:15+00:00,online,PT,solar,chronos2_online,Chronos2 with covariates,weather_4p+tso_forecast,2208,2026-10-10 12:00:00+00:00,2420.5419921875,2315.4,,2026-07-09 16:00:00+00:00,2026-10-09 15:00:00+00:00,0,0,none,complete
2026-10-09,2026-10-09T21:30:15+00:00,online,PT,solar,chronos2_online,Chronos2 with covariates,weather_4p+tso_forecast,2208,2026-10-10 13:00:00+00:00,2344.407958984375,2217.8,,2026-07-09 16:00:00+00:00,2026-10-09 15:00:00+00:00,0,0,none,complete
2026-10-09,2026-10-09T21:30:15+00:00,online,PT,solar,chronos2_online,Chronos2 with covariates,weather_4p+tso_forecast,2208,2026-10-10 14:00:00+00:00,2206.9912109375,2085.5,,2026-07-09 16:00:00+00:00,2026-10-09 15:00:00+00:00,0,0,none,complete
2026-10-09,2026-10-09T21:30:15+00:00,online,PT,solar,chronos2_online,Chronos2 with covariates,weather_4p+tso_forecast,2208,2026-10-10 15:00:00+00:00,1909.482421875,1904.2,,2026-07-09 16:00:00+00:00,2026-10-09 15:00:00+00:00,0,0,none,complete
2026-10-09,2026-10-09T21:30:15+00:00,online,PT,solar,xgboost_online,XGBoost with covariates,weather_4p+tso_forecast,2208,2026-10-09 16:00:00+00:00,1384.83984375,1302.4,,2026-07-09 16:00:00+00:00,2026-10-09 15:00:00+00:00,0,0,none,complete
2026-10-09,2026-10-09T21:30:15+00:00,online,PT,solar,xgboost_online,XGBoost with covariates,weather_4p+tso_forecast,2208,2026-10-09 17:00:00+00:00,337.9977111816406,326.9,,2026-07-09 16:00:00+00:00,2026-10-09 15:00:00+00:00,0,0,none,complete
2026-10-09,2026-10-09T21:30:15+00:00,online,PT,solar,xgboost_online,XGBoost with covariates,weather_4p+tso_forecast,2208,2026-10-09 18:00:00+00:00,46.99245834350586,4.0,,2026-07-09 16:00:00+00:00,2026-10-09 15:00:00+00:00,0,0,none,complete
2026-10-09,2026-10-09T21:30:15+00:00,online,PT,solar,xgboost_online,XGBoost with covariates,weather_4p+tso_forecast,2208,2026-10-09 19:00:00+00:00,18.648143768310547,3.4,,2026-07-09 16:00:00+00:00,2026-10-09 15:00:00+00:00,0,0,none,complete
2026-10-09,2026-10-09T21:30:15+00:00,online,PT,solar,xgboost_online,XGBoost with covariates,weather_4p+tso_forecast,2208,2026-10-09 20:00:00+00:00,18.648143768310547,7.2,,2026-07-09 16:00:00+00:00,2026-10-09 15:00:00+00:00,0,0,none,complete
2026-10-09,2026-10-09T21:30:15+00:00,online,PT,solar,xgboost_online,XGBoost with covariates,weather_4p+tso_forecast,2208,2026-10-09 21:00:00+00:00,18.648143768310547,2.4,,2026-07-09 16:00:00+00:00,2026-10-09 15:00:00+00:00,0,0,none,complete
2026-10-09,2026-10-09T21:30:15+00:00,online,PT,solar,xgboost_online,XGBoost with covariates,weather_4p+tso_forecast,2208,2026-10-09 22:00:00+00:00,18.648143768310547,0.0,,2026-07-09 16:00:00+00:00,2026-10-09 15:00:00+00:00,0,0,none,complete
2026-10-09,2026-10-09T21:30:15+00:00,online,PT,solar,xgboost_online,XGBoost with covariates,weather_4p+tso_forecast,2208,2026-10-09 23:00:00+00:00,29.719388961791992,0.0,,2026-07-09 16:00:00+00:00,2026-10-09 15:00:00+00:00,0,0,none,complete
2026-10-09,2026-10-09T21:30:15+00:00,online,PT,solar,xgboost_online,XGBoost with covariates,weather_4p+tso_forecast,2208,2026-10-10 00:00:00+00:00,32.95491409301758,0.0,,2026-07-09 16:00:00+00:00,2026-10-09 15:00:00+00:00,0,0,none,complete
2026-10-09,2026-10-09T21:30:15+00:00,online,PT,solar,xgboost_online,XGBoost with covariates,weather_4p+tso_forecast,2208,2026-10-10 01:00:00+00:00,32.95491409301758,0.0,,2026-07-09 16:00:00+00:00,2026-10-09 15:00:00+00:00,0,0,none,complete
2026-10-09,2026-10-09T21:30:15+00:00,online,PT,solar,xgboost_online,XGBoost with covariates,weather_4p+tso_forecast,2208,2026-10-10 02:00:00+00:00,32.95491409301758,0.0,,2026-07-09 16:00:00+00:00,2026-10-09 15:00:00+00:00,0,0,none,complete
2026-10-09,2026-10-09T21:30:15+00:00,online,PT,solar,xgboost_online,XGBoost with covariates,weather_4p+tso_forecast,2208,2026-10-10 03:00:00+00:00,32.95491409301758,0.0,,2026-07-09 16:00:00+00:00,2026-10-09 15:00:00+00:00,0,0,none,complete
2026-10-09,2026-10-09T21:30:15+00:00,online,PT,solar,xgboost_online,XGBoost with covariates,weather_4p+tso_forecast,2208,2026-10-10 04:00:00+00:00,32.95491409301758,0.0,,2026-07-09 16:00:00+00:00,2026-10-09 15:00:00+00:00,0,0,none,complete
2026-10-09,2026-10-09T21:30:15+00:00,online,PT,solar,xgboost_online,XGBoost with covariates,weather_4p+tso_forecast,2208,2026-10-10 05:00:00+00:00,32.95491409301758,0.0,,2026-07-09 16:00:00+00:00,2026-10-09 15:00:00+00:00,0,0,none,complete
2026-10-09,2026-10-09T21:30:15+00:00,online,PT,solar,xgboost_online,XGBoost with covariates,weather_4p+tso_forecast,2208,2026-10-10 06:00:00+00:00,34.92562484741211,15.4,,2026-07-09 16:00:00+00:00,2026-10-09 15:00:00+00:00,0,0,none,complete
2026-10-09,2026-10-09T21:30:15+00:00,online,PT,solar,xgboost_online,XGBoost with covariates,weather_4p+tso_forecast,2208,2026-10-10 07:00:00+00:00,452.6064453125,468.7,,2026-07-09 16:00:00+00:00,2026-10-09 15:00:00+00:00,0,0,none,complete
2026-10-09,2026-10-09T21:30:15+00:00,online,PT,solar,xgboost_online,XGBoost with covariates,weather_4p+tso_forecast,2208,2026-10-10 08:00:00+00:00,1252.0474853515625,1292.7,,2026-07-09 16:00:00+00:00,2026-10-09 15:00:00+00:00,0,0,none,complete
2026-10-09,2026-10-09T21:30:15+00:00,online,PT,solar,xgboost_online,XGBoost with covariates,weather_4p+tso_forecast,2208,2026-10-10 09:00:00+00:00,1991.62255859375,1916.1,,2026-07-09 16:00:00+00:00,2026-10-09 15:00:00+00:00,0,0,none,complete
2026-10-09,2026-10-09T21:30:15+00:00,online,PT,solar,xgboost_online,XGBoost with covariates,weather_4p+tso_forecast,2208,2026-10-10 10:00:00+00:00,2254.910888671875,2147.5,,2026-07-09 16:00:00+00:00,2026-10-09 15:00:00+00:00,0,0,none,complete
2026-10-09,2026-10-09T21:30:15+00:00,online,PT,solar,xgboost_online,XGBoost with covariates,weather_4p+tso_forecast,2208,2026-10-10 11:00:00+00:00,2321.06005859375,2272.9,,2026-07-09 16:00:00+00:00,2026-10-09 15:00:00+00:00,0,0,none,complete
2026-10-09,2026-10-09T21:30:15+00:00,online,PT,solar,xgboost_online,XGBoost with covariates,weather_4p+tso_forecast,2208,2026-10-10 12:00:00+00:00,2313.8154296875,2315.4,,2026-07-09 16:00:00+00:00,2026-10-09 15:00:00+00:00,0,0,none,complete
2026-10-09,2026-10-09T21:30:15+00:00,online,PT,solar,xgboost_online,XGBoost with covariates,weather_4p+tso_forecast,2208,2026-10-10 13:00:00+00:00,2260.741943359375,2217.8,,2026-07-09 16:00:00+00:00,2026-10-09 15:00:00+00:00,0,0,none,complete
2026-10-09,2026-10-09T21:30:15+00:00,online,PT,solar,xgboost_online,XGBoost with covariates,weather_4p+tso_forecast,2208,2026-10-10 14:00:00+00:00,2191.17431640625,2085.5,,2026-07-09 16:00:00+00:00,2026-10-09 15:00:00+00:00,0,0,none,complete
2026-10-09,2026-10-09T21:30:15+00:00,online,PT,solar,xgboost_online,XGBoost with covariates,weather_4p+tso_forecast,2208,2026-10-10 15:00:00+00:00,2077.927001953125,1904.2,,2026-07-09 16:00:00+00:00,2026-10-09 15:00:00+00:00,0,0,none,complete
2026-10-09,2026-10-09T21:30:15+00:00,online,PT,wind_onshore,tso_reference,TSO forecast,tso_forecast,2208,2026-10-09 16:00:00+00:00,621.8,621.8,,2026-07-09 16:00:00+00:00,2026-10-09 15:00:00+00:00,0,0,none,complete
2026-10-09,2026-10-09T21:30:15+00:00,online,PT,wind_onshore,tso_reference,TSO forecast,tso_forecast,2208,2026-10-09 17:00:00+00:00,731.3,731.3,,2026-07-09 16:00:00+00:00,2026-10-09 15:00:00+00:00,0,0,none,complete
2026-10-09,2026-10-09T21:30:15+00:00,online,PT,wind_onshore,tso_reference,TSO forecast,tso_forecast,2208,2026-10-09 18:00:00+00:00,894.7,894.7,,2026-07-09 16:00:00+00:00,2026-10-09 15:00:00+00:00,0,0,none,complete
2026-10-09,2026-10-09T21:30:15+00:00,online,PT,wind_onshore,tso_reference,TSO forecast,tso_forecast,2208,2026-10-09 19:00:00+00:00,1059.0,1059.0,,2026-07-09 16:00:00+00:00,2026-10-09 15:00:00+00:00,0,0,none,complete
2026-10-09,2026-10-09T21:30:15+00:00,online,PT,wind_onshore,tso_reference,TSO forecast,tso_forecast,2208,2026-10-09 20:00:00+00:00,1164.2,1164.2,,2026-07-09 16:00:00+00:00,2026-10-09 15:00:00+00:00,0,0,none,complete
2026-10-09,2026-10-09T21:30:15+00:00,online,PT,wind_onshore,tso_reference,TSO forecast,tso_forecast,2208,2026-10-09 21:00:00+00:00,1191.7,1191.7,,2026-07-09 16:00:00+00:00,2026-10-09 15:00:00+00:00,0,0,none,complete
2026-10-09,2026-10-09T21:30:15+00:00,online,PT,wind_onshore,tso_reference,TSO forecast,tso_forecast,2208,2026-10-09 22:00:00+00:00,973.7,973.7,,2026-07-09 16:00:00+00:00,2026-10-09 15:00:00+00:00,0,0,none,complete
2026-10-09,2026-10-09T21:30:15+00:00,online,PT,wind_onshore,tso_reference,TSO forecast,tso_forecast,2208,2026-10-09 23:00:00+00:00,887.0,887.0,,2026-07-09 16:00:00+00:00,2026-10-09 15:00:00+00:00,0,0,none,complete
2026-10-09,2026-10-09T21:30:15+00:00,online,PT,wind_onshore,tso_reference,TSO forecast,tso_forecast,2208,2026-10-10 00:00:00+00:00,811.1,811.1,,2026-07-09 16:00:00+00:00,2026-10-09 15:00:00+00:00,0,0,none,complete
2026-10-09,2026-10-09T21:30:15+00:00,online,PT,wind_onshore,tso_reference,TSO forecast,tso_forecast,2208,2026-10-10 01:00:00+00:00,751.9,751.9,,2026-07-09 16:00:00+00:00,2026-10-09 15:00:00+00:00,0,0,none,complete
2026-10-09,2026-10-09T21:30:15+00:00,online,PT,wind_onshore,tso_reference,TSO forecast,tso_forecast,2208,2026-10-10 02:00:00+00:00,713.3,713.3,,2026-07-09 16:00:00+00:00,2026-10-09 15:00:00+00:00,0,0,none,complete
2026-10-09,2026-10-09T21:30:15+00:00,online,PT,wind_onshore,tso_reference,TSO forecast,tso_forecast,2208,2026-10-10 03:00:00+00:00,676.9,676.9,,2026-07-09 16:00:00+00:00,2026-10-09 15:00:00+00:00,0,0,none,complete
2026-10-09,2026-10-09T21:30:15+00:00,online,PT,wind_onshore,tso_reference,TSO forecast,tso_forecast,2208,2026-10-10 04:00:00+00:00,648.8,648.8,,2026-07-09 16:00:00+00:00,2026-10-09 15:00:00+00:00,0,0,none,complete
2026-10-09,2026-10-09T21:30:15+00:00,online,PT,wind_onshore,tso_reference,TSO forecast,tso_forecast,2208,2026-10-10 05:00:00+00:00,626.0,626.0,,2026-07-09 16:00:00+00:00,2026-10-09 15:00:00+00:00,0,0,none,complete
2026-10-09,2026-10-09T21:30:15+00:00,online,PT,wind_onshore,tso_reference,TSO forecast,tso_forecast,2208,2026-10-10 06:00:00+00:00,594.1,594.1,,2026-07-09 16:00:00+00:00,2026-10-09 15:00:00+00:00,0,0,none,complete
2026-10-09,2026-10-09T21:30:15+00:00,online,PT,wind_onshore,tso_reference,TSO forecast,tso_forecast,2208,2026-10-10 07:00:00+00:00,538.6,538.6,,2026-07-09 16:00:00+00:00,2026-10-09 15:00:00+00:00,0,0,none,complete
2026-10-09,2026-10-09T21:30:15+00:00,online,PT,wind_onshore,tso_reference,TSO forecast,tso_forecast,2208,2026-10-10 08:00:00+00:00,425.2,425.2,,2026-07-09 16:00:00+00:00,2026-10-09 15:00:00+00:00,0,0,none,complete
2026-10-09,2026-10-09T21:30:15+00:00,online,PT,wind_onshore,tso_reference,TSO forecast,tso_forecast,2208,2026-10-10 09:00:00+00:00,283.7,283.7,,2026-07-09 16:00:00+00:00,2026-10-09 15:00:00+00:00,0,0,none,complete
2026-10-09,2026-10-09T21:30:15+00:00,online,PT,wind_onshore,tso_reference,TSO forecast,tso_forecast,2208,2026-10-10 10:00:00+00:00,190.7,190.7,,2026-07-09 16:00:00+00:00,2026-10-09 15:00:00+00:00,0,0,none,complete
2026-10-09,2026-10-09T21:30:15+00:00,online,PT,wind_onshore,tso_reference,TSO forecast,tso_forecast,2208,2026-10-10 11:00:00+00:00,145.3,145.3,,2026-07-09 16:00:00+00:00,2026-10-09 15:00:00+00:00,0,0,none,complete
2026-10-09,2026-10-09T21:30:15+00:00,online,PT,wind_onshore,tso_reference,TSO forecast,tso_forecast,2208,2026-10-10 12:00:00+00:00,115.5,115.5,,2026-07-09 16:00:00+00:00,2026-10-09 15:00:00+00:00,0,0,none,complete
2026-10-09,2026-10-09T21:30:15+00:00,online,PT,wind_onshore,tso_reference,TSO forecast,tso_forecast,2208,2026-10-10 13:00:00+00:00,108.3,108.3,,2026-07-09 16:00:00+00:00,2026-10-09 15:00:00+00:00,0,0,none,complete
2026-10-09,2026-10-09T21:30:15+00:00,online,PT,wind_onshore,tso_reference,TSO forecast,tso_forecast,2208,2026-10-10 14:00:00+00:00,139.0,139.0,,2026-07-09 16:00:00+00:00,2026-10-09 15:00:00+00:00,0,0,none,complete
2026-10-09,2026-10-09T21:30:15+00:00,online,PT,wind_onshore,tso_reference,TSO forecast,tso_forecast,2208,2026-10-10 15:00:00+00:00,193.2,193.2,,2026-07-09 16:00:00+00:00,2026-10-09 15:00:00+00:00,0,0,none,complete
2026-10-09,2026-10-09T21:30:15+00:00,online,PT,wind_onshore,persistence,Persistence,daily_persistence,2208,2026-10-09 16:00:00+00:00,1560.5,621.8,,2026-07-09 16:00:00+00:00,2026-10-09 15:00:00+00:00,0,0,none,complete
2026-10-09,2026-10-09T21:30:15+00:00,online,PT,wind_onshore,persistence,Persistence,daily_persistence,2208,2026-10-09 17:00:00+00:00,1866.9,731.3,,2026-07-09 16:00:00+00:00,2026-10-09 15:00:00+00:00,0,0,none,complete
2026-10-09,2026-10-09T21:30:15+00:00,online,PT,wind_onshore,persistence,Persistence,daily_persistence,2208,2026-10-09 18:00:00+00:00,2406.8,894.7,,2026-07-09 16:00:00+00:00,2026-10-09 15:00:00+00:00,0,0,none,complete
2026-10-09,2026-10-09T21:30:15+00:00,online,PT,wind_onshore,persistence,Persistence,daily_persistence,2208,2026-10-09 19:00:00+00:00,2989.0,1059.0,,2026-07-09 16:00:00+00:00,2026-10-09 15:00:00+00:00,0,0,none,complete
2026-10-09,2026-10-09T21:30:15+00:00,online,PT,wind_onshore,persistence,Persistence,daily_persistence,2208,2026-10-09 20:00:00+00:00,3324.9,1164.2,,2026-07-09 16:00:00+00:00,2026-10-09 15:00:00+00:00,0,0,none,complete
2026-10-09,2026-10-09T21:30:15+00:00,online,PT,wind_onshore,persistence,Persistence,daily_persistence,2208,2026-10-09 21:00:00+00:00,3460.5,1191.7,,2026-07-09 16:00:00+00:00,2026-10-09 15:00:00+00:00,0,0,none,complete
2026-10-09,2026-10-09T21:30:15+00:00,online,PT,wind_onshore,persistence,Persistence,daily_persistence,2208,2026-10-09 22:00:00+00:00,3514.4,973.7,,2026-07-09 16:00:00+00:00,2026-10-09 15:00:00+00:00,0,0,none,complete
2026-10-09,2026-10-09T21:30:15+00:00,online,PT,wind_onshore,persistence,Persistence,daily_persistence,2208,2026-10-09 23:00:00+00:00,3560.2,887.0,,2026-07-09 16:00:00+00:00,2026-10-09 15:00:00+00:00,0,0,none,complete
2026-10-09,2026-10-09T21:30:15+00:00,online,PT,wind_onshore,persistence,Persistence,daily_persistence,2208,2026-10-10 00:00:00+00:00,3639.3,811.1,,2026-07-09 16:00:00+00:00,2026-10-09 15:00:00+00:00,0,0,none,complete
2026-10-09,2026-10-09T21:30:15+00:00,online,PT,wind_onshore,persistence,Persistence,daily_persistence,2208,2026-10-10 01:00:00+00:00,3624.5,751.9,,2026-07-09 16:00:00+00:00,2026-10-09 15:00:00+00:00,0,0,none,complete
2026-10-09,2026-10-09T21:30:15+00:00,online,PT,wind_onshore,persistence,Persistence,daily_persistence,2208,2026-10-10 02:00:00+00:00,3516.6,713.3,,2026-07-09 16:00:00+00:00,2026-10-09 15:00:00+00:00,0,0,none,complete
2026-10-09,2026-10-09T21:30:15+00:00,online,PT,wind_onshore,persistence,Persistence,daily_persistence,2208,2026-10-10 03:00:00+00:00,3380.0,676.9,,2026-07-09 16:00:00+00:00,2026-10-09 15:00:00+00:00,0,0,none,complete
2026-10-09,2026-10-09T21:30:15+00:00,online,PT,wind_onshore,persistence,Persistence,daily_persistence,2208,2026-10-10 04:00:00+00:00,3265.3,648.8,,2026-07-09 16:00:00+00:00,2026-10-09 15:00:00+00:00,0,0,none,complete
2026-10-09,2026-10-09T21:30:15+00:00,online,PT,wind_onshore,persistence,Persistence,daily_persistence,2208,2026-10-10 05:00:00+00:00,3110.6,626.0,,2026-07-09 16:00:00+00:00,2026-10-09 15:00:00+00:00,0,0,none,complete
2026-10-09,2026-10-09T21:30:15+00:00,online,PT,wind_onshore,persistence,Persistence,daily_persistence,2208,2026-10-10 06:00:00+00:00,2877.4,594.1,,2026-07-09 16:00:00+00:00,2026-10-09 15:00:00+00:00,0,0,none,complete
2026-10-09,2026-10-09T21:30:15+00:00,online,PT,wind_onshore,persistence,Persistence,daily_persistence,2208,2026-10-10 07:00:00+00:00,2603.5,538.6,,2026-07-09 16:00:00+00:00,2026-10-09 15:00:00+00:00,0,0,none,complete
2026-10-09,2026-10-09T21:30:15+00:00,online,PT,wind_onshore,persistence,Persistence,daily_persistence,2208,2026-10-10 08:00:00+00:00,2130.2,425.2,,2026-07-09 16:00:00+00:00,2026-10-09 15:00:00+00:00,0,0,none,complete
2026-10-09,2026-10-09T21:30:15+00:00,online,PT,wind_onshore,persistence,Persistence,daily_persistence,2208,2026-10-10 09:00:00+00:00,1641.7,283.7,,2026-07-09 16:00:00+00:00,2026-10-09 15:00:00+00:00,0,0,none,complete
2026-10-09,2026-10-09T21:30:15+00:00,online,PT,wind_onshore,persistence,Persistence,daily_persistence,2208,2026-10-10 10:00:00+00:00,1125.7,190.7,,2026-07-09 16:00:00+00:00,2026-10-09 15:00:00+00:00,0,0,none,complete
2026-10-09,2026-10-09T21:30:15+00:00,online,PT,wind_onshore,persistence,Persistence,daily_persistence,2208,2026-10-10 11:00:00+00:00,688.5,145.3,,2026-07-09 16:00:00+00:00,2026-10-09 15:00:00+00:00,0,0,none,complete
2026-10-09,2026-10-09T21:30:15+00:00,online,PT,wind_onshore,persistence,Persistence,daily_persistence,2208,2026-10-10 12:00:00+00:00,456.5,115.5,,2026-07-09 16:00:00+00:00,2026-10-09 15:00:00+00:00,0,0,none,complete
2026-10-09,2026-10-09T21:30:15+00:00,online,PT,wind_onshore,persistence,Persistence,daily_persistence,2208,2026-10-10 13:00:00+00:00,375.6,108.3,,2026-07-09 16:00:00+00:00,2026-10-09 15:00:00+00:00,0,0,none,complete
2026-10-09,2026-10-09T21:30:15+00:00,online,PT,wind_onshore,persistence,Persistence,daily_persistence,2208,2026-10-10 14:00:00+00:00,394.1,139.0,,2026-07-09 16:00:00+00:00,2026-10-09 15:00:00+00:00,0,0,none,complete
2026-10-09,2026-10-09T21:30:15+00:00,online,PT,wind_onshore,persistence,Persistence,daily_persistence,2208,2026-10-10 15:00:00+00:00,484.3,193.2,,2026-07-09 16:00:00+00:00,2026-10-09 15:00:00+00:00,0,0,none,complete
2026-10-09,2026-10-09T21:30:15+00:00,online,PT,wind_onshore,chronos2_online,Chronos2 with covariates,weather_4p+tso_forecast,2208,2026-10-09 16:00:00+00:00,604.686767578125,621.8,,2026-07-09 16:00:00+00:00,2026-10-09 15:00:00+00:00,0,0,none,complete
2026-10-09,2026-10-09T21:30:15+00:00,online,PT,wind_onshore,chronos2_online,Chronos2 with covariates,weather_4p+tso_forecast,2208,2026-10-09 17:00:00+00:00,693.9016723632812,731.3,,2026-07-09 16:00:00+00:00,2026-10-09 15:00:00+00:00,0,0,none,complete
2026-10-09,2026-10-09T21:30:15+00:00,online,PT,wind_onshore,chronos2_online,Chronos2 with covariates,weather_4p+tso_forecast,2208,2026-10-09 18:00:00+00:00,837.6522827148438,894.7,,2026-07-09 16:00:00+00:00,2026-10-09 15:00:00+00:00,0,0,none,complete
2026-10-09,2026-10-09T21:30:15+00:00,online,PT,wind_onshore,chronos2_online,Chronos2 with covariates,weather_4p+tso_forecast,2208,2026-10-09 19:00:00+00:00,1069.2720947265625,1059.0,,2026-07-09 16:00:00+00:00,2026-10-09 15:00:00+00:00,0,0,none,complete
2026-10-09,2026-10-09T21:30:15+00:00,online,PT,wind_onshore,chronos2_online,Chronos2 with covariates,weather_4p+tso_forecast,2208,2026-10-09 20:00:00+00:00,1260.352294921875,1164.2,,2026-07-09 16:00:00+00:00,2026-10-09 15:00:00+00:00,0,0,none,complete
2026-10-09,2026-10-09T21:30:15+00:00,online,PT,wind_onshore,chronos2_online,Chronos2 with covariates,weather_4p+tso_forecast,2208,2026-10-09 21:00:00+00:00,1260.2894287109375,1191.7,,2026-07-09 16:00:00+00:00,2026-10-09 15:00:00+00:00,0,0,none,complete
2026-10-09,2026-10-09T21:30:15+00:00,online,PT,wind_onshore,chronos2_online,Chronos2 with covariates,weather_4p+tso_forecast,2208,2026-10-09 22:00:00+00:00,1097.954345703125,973.7,,2026-07-09 16:00:00+00:00,2026-10-09 15:00:00+00:00,0,0,none,complete
2026-10-09,2026-10-09T21:30:15+00:00,online,PT,wind_onshore,chronos2_online,Chronos2 with covariates,weather_4p+tso_forecast,2208,2026-10-09 23:00:00+00:00,1015.009521484375,887.0,,2026-07-09 16:00:00+00:00,2026-10-09 15:00:00+00:00,0,0,none,complete
2026-10-09,2026-10-09T21:30:15+00:00,online,PT,wind_onshore,chronos2_online,Chronos2 with covariates,weather_4p+tso_forecast,2208,2026-10-10 00:00:00+00:00,941.584228515625,811.1,,2026-07-09 16:00:00+00:00,2026-10-09 15:00:00+00:00,0,0,none,complete
2026-10-09,2026-10-09T21:30:15+00:00,online,PT,wind_onshore,chronos2_online,Chronos2 with covariates,weather_4p+tso_forecast,2208,2026-10-10 01:00:00+00:00,871.2866821289062,751.9,,2026-07-09 16:00:00+00:00,2026-10-09 15:00:00+00:00,0,0,none,complete
2026-10-09,2026-10-09T21:30:15+00:00,online,PT,wind_onshore,chronos2_online,Chronos2 with covariates,weather_4p+tso_forecast,2208,2026-10-10 02:00:00+00:00,825.5728759765625,713.3,,2026-07-09 16:00:00+00:00,2026-10-09 15:00:00+00:00,0,0,none,complete
2026-10-09,2026-10-09T21:30:15+00:00,online,PT,wind_onshore,chronos2_online,Chronos2 with covariates,weather_4p+tso_forecast,2208,2026-10-10 03:00:00+00:00,785.712890625,676.9,,2026-07-09 16:00:00+00:00,2026-10-09 15:00:00+00:00,0,0,none,complete
2026-10-09,2026-10-09T21:30:15+00:00,online,PT,wind_onshore,chronos2_online,Chronos2 with covariates,weather_4p+tso_forecast,2208,2026-10-10 04:00:00+00:00,722.5533447265625,648.8,,2026-07-09 16:00:00+00:00,2026-10-09 15:00:00+00:00,0,0,none,complete
2026-10-09,2026-10-09T21:30:15+00:00,online,PT,wind_onshore,chronos2_online,Chronos2 with covariates,weather_4p+tso_forecast,2208,2026-10-10 05:00:00+00:00,709.8197631835938,626.0,,2026-07-09 16:00:00+00:00,2026-10-09 15:00:00+00:00,0,0,none,complete
2026-10-09,2026-10-09T21:30:15+00:00,online,PT,wind_onshore,chronos2_online,Chronos2 with covariates,weather_4p+tso_forecast,2208,2026-10-10 06:00:00+00:00,682.134033203125,594.1,,2026-07-09 16:00:00+00:00,2026-10-09 15:00:00+00:00,0,0,none,complete
2026-10-09,2026-10-09T21:30:15+00:00,online,PT,wind_onshore,chronos2_online,Chronos2 with covariates,weather_4p+tso_forecast,2208,2026-10-10 07:00:00+00:00,536.65966796875,538.6,,2026-07-09 16:00:00+00:00,2026-10-09 15:00:00+00:00,0,0,none,complete
2026-10-09,2026-10-09T21:30:15+00:00,online,PT,wind_onshore,chronos2_online,Chronos2 with covariates,weather_4p+tso_forecast,2208,2026-10-10 08:00:00+00:00,518.1566162109375,425.2,,2026-07-09 16:00:00+00:00,2026-10-09 15:00:00+00:00,0,0,none,complete
2026-10-09,2026-10-09T21:30:15+00:00,online,PT,wind_onshore,chronos2_online,Chronos2 with covariates,weather_4p+tso_forecast,2208,2026-10-10 09:00:00+00:00,294.07037353515625,283.7,,2026-07-09 16:00:00+00:00,2026-10-09 15:00:00+00:00,0,0,none,complete
2026-10-09,2026-10-09T21:30:15+00:00,online,PT,wind_onshore,chronos2_online,Chronos2 with covariates,weather_4p+tso_forecast,2208,2026-10-10 10:00:00+00:00,147.67779541015625,190.7,,2026-07-09 16:00:00+00:00,2026-10-09 15:00:00+00:00,0,0,none,complete
2026-10-09,2026-10-09T21:30:15+00:00,online,PT,wind_onshore,chronos2_online,Chronos2 with covariates,weather_4p+tso_forecast,2208,2026-10-10 11:00:00+00:00,102.06011962890625,145.3,,2026-07-09 16:00:00+00:00,2026-10-09 15:00:00+00:00,0,0,none,complete
2026-10-09,2026-10-09T21:30:15+00:00,online,PT,wind_onshore,chronos2_online,Chronos2 with covariates,weather_4p+tso_forecast,2208,2026-10-10 12:00:00+00:00,91.44921875,115.5,,2026-07-09 16:00:00+00:00,2026-10-09 15:00:00+00:00,0,0,none,complete
2026-10-09,2026-10-09T21:30:15+00:00,online,PT,wind_onshore,chronos2_online,Chronos2 with covariates,weather_4p+tso_forecast,2208,2026-10-10 13:00:00+00:00,104.29571533203125,108.3,,2026-07-09 16:00:00+00:00,2026-10-09 15:00:00+00:00,0,0,none,complete
2026-10-09,2026-10-09T21:30:15+00:00,online,PT,wind_onshore,chronos2_online,Chronos2 with covariates,weather_4p+tso_forecast,2208,2026-10-10 14:00:00+00:00,132.22125244140625,139.0,,2026-07-09 16:00:00+00:00,2026-10-09 15:00:00+00:00,0,0,none,complete
2026-10-09,2026-10-09T21:30:15+00:00,online,PT,wind_onshore,chronos2_online,Chronos2 with covariates,weather_4p+tso_forecast,2208,2026-10-10 15:00:00+00:00,188.9293212890625,193.2,,2026-07-09 16:00:00+00:00,2026-10-09 15:00:00+00:00,0,0,none,complete
2026-10-09,2026-10-09T21:30:15+00:00,online,PT,wind_onshore,xgboost_online,XGBoost with covariates,weather_4p+tso_forecast,2208,2026-10-09 16:00:00+00:00,641.2752075195312,621.8,,2026-07-09 16:00:00+00:00,2026-10-09 15:00:00+00:00,0,0,none,complete
2026-10-09,2026-10-09T21:30:15+00:00,online,PT,wind_onshore,xgboost_online,XGBoost with covariates,weather_4p+tso_forecast,2208,2026-10-09 17:00:00+00:00,716.791748046875,731.3,,2026-07-09 16:00:00+00:00,2026-10-09 15:00:00+00:00,0,0,none,complete
2026-10-09,2026-10-09T21:30:15+00:00,online,PT,wind_onshore,xgboost_online,XGBoost with covariates,weather_4p+tso_forecast,2208,2026-10-09 18:00:00+00:00,876.2030639648438,894.7,,2026-07-09 16:00:00+00:00,2026-10-09 15:00:00+00:00,0,0,none,complete
2026-10-09,2026-10-09T21:30:15+00:00,online,PT,wind_onshore,xgboost_online,XGBoost with covariates,weather_4p+tso_forecast,2208,2026-10-09 19:00:00+00:00,1096.1378173828125,1059.0,,2026-07-09 16:00:00+00:00,2026-10-09 15:00:00+00:00,0,0,none,complete
2026-10-09,2026-10-09T21:30:15+00:00,online,PT,wind_onshore,xgboost_online,XGBoost with covariates,weather_4p+tso_forecast,2208,2026-10-09 20:00:00+00:00,1196.435791015625,1164.2,,2026-07-09 16:00:00+00:00,2026-10-09 15:00:00+00:00,0,0,none,complete
2026-10-09,2026-10-09T21:30:15+00:00,online,PT,wind_onshore,xgboost_online,XGBoost with covariates,weather_4p+tso_forecast,2208,2026-10-09 21:00:00+00:00,1215.1439208984375,1191.7,,2026-07-09 16:00:00+00:00,2026-10-09 15:00:00+00:00,0,0,none,complete
2026-10-09,2026-10-09T21:30:15+00:00,online,PT,wind_onshore,xgboost_online,XGBoost with covariates,weather_4p+tso_forecast,2208,2026-10-09 22:00:00+00:00,1029.7552490234375,973.7,,2026-07-09 16:00:00+00:00,2026-10-09 15:00:00+00:00,0,0,none,complete
2026-10-09,2026-10-09T21:30:15+00:00,online,PT,wind_onshore,xgboost_online,XGBoost with covariates,weather_4p+tso_forecast,2208,2026-10-09 23:00:00+00:00,911.7467651367188,887.0,,2026-07-09 16:00:00+00:00,2026-10-09 15:00:00+00:00,0,0,none,complete
2026-10-09,2026-10-09T21:30:15+00:00,online,PT,wind_onshore,xgboost_online,XGBoost with covariates,weather_4p+tso_forecast,2208,2026-10-10 00:00:00+00:00,840.0896606445312,811.1,,2026-07-09 16:00:00+00:00,2026-10-09 15:00:00+00:00,0,0,none,complete
2026-10-09,2026-10-09T21:30:15+00:00,online,PT,wind_onshore,xgboost_online,XGBoost with covariates,weather_4p+tso_forecast,2208,2026-10-10 01:00:00+00:00,782.8159790039062,751.9,,2026-07-09 16:00:00+00:00,2026-10-09 15:00:00+00:00,0,0,none,complete
2026-10-09,2026-10-09T21:30:15+00:00,online,PT,wind_onshore,xgboost_online,XGBoost with covariates,weather_4p+tso_forecast,2208,2026-10-10 02:00:00+00:00,747.37841796875,713.3,,2026-07-09 16:00:00+00:00,2026-10-09 15:00:00+00:00,0,0,none,complete
2026-10-09,2026-10-09T21:30:15+00:00,online,PT,wind_onshore,xgboost_online,XGBoost with covariates,weather_4p+tso_forecast,2208,2026-10-10 03:00:00+00:00,699.0541381835938,676.9,,2026-07-09 16:00:00+00:00,2026-10-09 15:00:00+00:00,0,0,none,complete
2026-10-09,2026-10-09T21:30:15+00:00,online,PT,wind_onshore,xgboost_online,XGBoost with covariates,weather_4p+tso_forecast,2208,2026-10-10 04:00:00+00:00,699.0541381835938,648.8,,2026-07-09 16:00:00+00:00,2026-10-09 15:00:00+00:00,0,0,none,complete
2026-10-09,2026-10-09T21:30:15+00:00,online,PT,wind_onshore,xgboost_online,XGBoost with covariates,weather_4p+tso_forecast,2208,2026-10-10 05:00:00+00:00,677.21630859375,626.0,,2026-07-09 16:00:00+00:00,2026-10-09 15:00:00+00:00,0,0,none,complete
2026-10-09,2026-10-09T21:30:15+00:00,online,PT,wind_onshore,xgboost_online,XGBoost with covariates,weather_4p+tso_forecast,2208,2026-10-10 06:00:00+00:00,703.345703125,594.1,,2026-07-09 16:00:00+00:00,2026-10-09 15:00:00+00:00,0,0,none,complete
2026-10-09,2026-10-09T21:30:15+00:00,online,PT,wind_onshore,xgboost_online,XGBoost with covariates,weather_4p+tso_forecast,2208,2026-10-10 07:00:00+00:00,543.38037109375,538.6,,2026-07-09 16:00:00+00:00,2026-10-09 15:00:00+00:00,0,0,none,complete
2026-10-09,2026-10-09T21:30:15+00:00,online,PT,wind_onshore,xgboost_online,XGBoost with covariates,weather_4p+tso_forecast,2208,2026-10-10 08:00:00+00:00,468.9079284667969,425.2,,2026-07-09 16:00:00+00:00,2026-10-09 15:00:00+00:00,0,0,none,complete
2026-10-09,2026-10-09T21:30:15+00:00,online,PT,wind_onshore,xgboost_online,XGBoost with covariates,weather_4p+tso_forecast,2208,2026-10-10 09:00:00+00:00,311.8338317871094,283.7,,2026-07-09 16:00:00+00:00,2026-10-09 15:00:00+00:00,0,0,none,complete
2026-10-09,2026-10-09T21:30:15+00:00,online,PT,wind_onshore,xgboost_online,XGBoost with covariates,weather_4p+tso_forecast,2208,2026-10-10 10:00:00+00:00,225.8206329345703,190.7,,2026-07-09 16:00:00+00:00,2026-10-09 15:00:00+00:00,0,0,none,complete
2026-10-09,2026-10-09T21:30:15+00:00,online,PT,wind_onshore,xgboost_online,XGBoost with covariates,weather_4p+tso_forecast,2208,2026-10-10 11:00:00+00:00,225.8206329345703,145.3,,2026-07-09 16:00:00+00:00,2026-10-09 15:00:00+00:00,0,0,none,complete
2026-10-09,2026-10-09T21:30:15+00:00,online,PT,wind_onshore,xgboost_online,XGBoost with covariates,weather_4p+tso_forecast,2208,2026-10-10 12:00:00+00:00,225.8206329345703,115.5,,2026-07-09 16:00:00+00:00,2026-10-09 15:00:00+00:00,0,0,none,complete
2026-10-09,2026-10-09T21:30:15+00:00,online,PT,wind_onshore,xgboost_online,XGBoost with covariates,weather_4p+tso_forecast,2208,2026-10-10 13:00:00+00:00,225.8206329345703,108.3,,2026-07-09 16:00:00+00:00,2026-10-09 15:00:00+00:00,0,0,none,complete
2026-10-09,2026-10-09T21:30:15+00:00,online,PT,wind_onshore,xgboost_online,XGBoost with covariates,weather_4p+tso_forecast,2208,2026-10-10 14:00:00+00:00,225.8206329345703,139.0,,2026-07-09 16:00:00+00:00,2026-10-09 15:00:00+00:00,0,0,none,complete
2026-10-09,2026-10-09T21:30:15+00:00,online,PT,wind_onshore,xgboost_online,XGBoost with covariates,weather_4p+tso_forecast,2208,2026-10-10 15:00:00+00:00,228.0451202392578,193.2,,2026-07-09 16:00:00+00:00,2026-10-09 15:00:00+00:00,0,0,none,complete
2026-10-09,2026-10-09T21:30:15+00:00,online,PT,wind_offshore,tso_reference,TSO forecast,tso_forecast,2208,2026-10-09 16:00:00+00:00,5.9,5.9,,2026-07-09 16:00:00+00:00,2026-10-09 15:00:00+00:00,0,0,none,complete
2026-10-09,2026-10-09T21:30:15+00:00,online,PT,wind_offshore,tso_reference,TSO forecast,tso_forecast,2208,2026-10-09 17:00:00+00:00,9.5,9.5,,2026-07-09 16:00:00+00:00,2026-10-09 15:00:00+00:00,0,0,none,complete
2026-10-09,2026-10-09T21:30:15+00:00,online,PT,wind_offshore,tso_reference,TSO forecast,tso_forecast,2208,2026-10-09 18:00:00+00:00,13.3,13.3,,2026-07-09 16:00:00+00:00,2026-10-09 15:00:00+00:00,0,0,none,complete
2026-10-09,2026-10-09T21:30:15+00:00,online,PT,wind_offshore,tso_reference,TSO forecast,tso_forecast,2208,2026-10-09 19:00:00+00:00,17.0,17.0,,2026-07-09 16:00:00+00:00,2026-10-09 15:00:00+00:00,0,0,none,complete
2026-10-09,2026-10-09T21:30:15+00:00,online,PT,wind_offshore,tso_reference,TSO forecast,tso_forecast,2208,2026-10-09 20:00:00+00:00,19.2,19.2,,2026-07-09 16:00:00+00:00,2026-10-09 15:00:00+00:00,0,0,none,complete
2026-10-09,2026-10-09T21:30:15+00:00,online,PT,wind_offshore,tso_reference,TSO forecast,tso_forecast,2208,2026-10-09 21:00:00+00:00,19.4,19.4,,2026-07-09 16:00:00+00:00,2026-10-09 15:00:00+00:00,0,0,none,complete
2026-10-09,2026-10-09T21:30:15+00:00,online,PT,wind_offshore,tso_reference,TSO forecast,tso_forecast,2208,2026-10-09 22:00:00+00:00,20.2,20.2,,2026-07-09 16:00:00+00:00,2026-10-09 15:00:00+00:00,0,0,none,complete
2026-10-09,2026-10-09T21:30:15+00:00,online,PT,wind_offshore,tso_reference,TSO forecast,tso_forecast,2208,2026-10-09 23:00:00+00:00,19.6,19.6,,2026-07-09 16:00:00+00:00,2026-10-09 15:00:00+00:00,0,0,none,complete
2026-10-09,2026-10-09T21:30:15+00:00,online,PT,wind_offshore,tso_reference,TSO forecast,tso_forecast,2208,2026-10-10 00:00:00+00:00,18.5,18.5,,2026-07-09 16:00:00+00:00,2026-10-09 15:00:00+00:00,0,0,none,complete
2026-10-09,2026-10-09T21:30:15+00:00,online,PT,wind_offshore,tso_reference,TSO forecast,tso_forecast,2208,2026-10-10 01:00:00+00:00,17.5,17.5,,2026-07-09 16:00:00+00:00,2026-10-09 15:00:00+00:00,0,0,none,complete
2026-10-09,2026-10-09T21:30:15+00:00,online,PT,wind_offshore,tso_reference,TSO forecast,tso_forecast,2208,2026-10-10 02:00:00+00:00,16.9,16.9,,2026-07-09 16:00:00+00:00,2026-10-09 15:00:00+00:00,0,0,none,complete
2026-10-09,2026-10-09T21:30:15+00:00,online,PT,wind_offshore,tso_reference,TSO forecast,tso_forecast,2208,2026-10-10 03:00:00+00:00,16.1,16.1,,2026-07-09 16:00:00+00:00,2026-10-09 15:00:00+00:00,0,0,none,complete
2026-10-09,2026-10-09T21:30:15+00:00,online,PT,wind_offshore,tso_reference,TSO forecast,tso_forecast,2208,2026-10-10 04:00:00+00:00,14.9,14.9,,2026-07-09 16:00:00+00:00,2026-10-09 15:00:00+00:00,0,0,none,complete
2026-10-09,2026-10-09T21:30:15+00:00,online,PT,wind_offshore,tso_reference,TSO forecast,tso_forecast,2208,2026-10-10 05:00:00+00:00,13.4,13.4,,2026-07-09 16:00:00+00:00,2026-10-09 15:00:00+00:00,0,0,none,complete
2026-10-09,2026-10-09T21:30:15+00:00,online,PT,wind_offshore,tso_reference,TSO forecast,tso_forecast,2208,2026-10-10 06:00:00+00:00,11.5,11.5,,2026-07-09 16:00:00+00:00,2026-10-09 15:00:00+00:00,0,0,none,complete
2026-10-09,2026-10-09T21:30:15+00:00,online,PT,wind_offshore,tso_reference,TSO forecast,tso_forecast,2208,2026-10-10 07:00:00+00:00,9.5,9.5,,2026-07-09 16:00:00+00:00,2026-10-09 15:00:00+00:00,0,0,none,complete
2026-10-09,2026-10-09T21:30:15+00:00,online,PT,wind_offshore,tso_reference,TSO forecast,tso_forecast,2208,2026-10-10 08:00:00+00:00,8.3,8.3,,2026-07-09 16:00:00+00:00,2026-10-09 15:00:00+00:00,0,0,none,complete
2026-10-09,2026-10-09T21:30:15+00:00,online,PT,wind_offshore,tso_reference,TSO forecast,tso_forecast,2208,2026-10-10 09:00:00+00:00,7.2,7.2,,2026-07-09 16:00:00+00:00,2026-10-09 15:00:00+00:00,0,0,none,complete
2026-10-09,2026-10-09T21:30:15+00:00,online,PT,wind_offshore,tso_reference,TSO forecast,tso_forecast,2208,2026-10-10 10:00:00+00:00,6.6,6.6,,2026-07-09 16:00:00+00:00,2026-10-09 15:00:00+00:00,0,0,none,complete
2026-10-09,2026-10-09T21:30:15+00:00,online,PT,wind_offshore,tso_reference,TSO forecast,tso_forecast,2208,2026-10-10 11:00:00+00:00,6.5,6.5,,2026-07-09 16:00:00+00:00,2026-10-09 15:00:00+00:00,0,0,none,complete
2026-10-09,2026-10-09T21:30:15+00:00,online,PT,wind_offshore,tso_reference,TSO forecast,tso_forecast,2208,2026-10-10 12:00:00+00:00,8.0,8.0,,2026-07-09 16:00:00+00:00,2026-10-09 15:00:00+00:00,0,0,none,complete
2026-10-09,2026-10-09T21:30:15+00:00,online,PT,wind_offshore,tso_reference,TSO forecast,tso_forecast,2208,2026-10-10 13:00:00+00:00,10.8,10.8,,2026-07-09 16:00:00+00:00,2026-10-09 15:00:00+00:00,0,0,none,complete
2026-10-09,2026-10-09T21:30:15+00:00,online,PT,wind_offshore,tso_reference,TSO forecast,tso_forecast,2208,2026-10-10 14:00:00+00:00,13.6,13.6,,2026-07-09 16:00:00+00:00,2026-10-09 15:00:00+00:00,0,0,none,complete
2026-10-09,2026-10-09T21:30:15+00:00,online,PT,wind_offshore,tso_reference,TSO forecast,tso_forecast,2208,2026-10-10 15:00:00+00:00,16.4,16.4,,2026-07-09 16:00:00+00:00,2026-10-09 15:00:00+00:00,0,0,none,complete
2026-10-09,2026-10-09T21:30:15+00:00,online,PT,wind_offshore,persistence,Persistence,daily_persistence,2208,2026-10-09 16:00:00+00:00,25.0,5.9,,2026-07-09 16:00:00+00:00,2026-10-09 15:00:00+00:00,0,0,none,complete
2026-10-09,2026-10-09T21:30:15+00:00,online,PT,wind_offshore,persistence,Persistence,daily_persistence,2208,2026-10-09 17:00:00+00:00,24.9,9.5,,2026-07-09 16:00:00+00:00,2026-10-09 15:00:00+00:00,0,0,none,complete
2026-10-09,2026-10-09T21:30:15+00:00,online,PT,wind_offshore,persistence,Persistence,daily_persistence,2208,2026-10-09 18:00:00+00:00,25.0,13.3,,2026-07-09 16:00:00+00:00,2026-10-09 15:00:00+00:00,0,0,none,complete
2026-10-09,2026-10-09T21:30:15+00:00,online,PT,wind_offshore,persistence,Persistence,daily_persistence,2208,2026-10-09 19:00:00+00:00,24.9,17.0,,2026-07-09 16:00:00+00:00,2026-10-09 15:00:00+00:00,0,0,none,complete
2026-10-09,2026-10-09T21:30:15+00:00,online,PT,wind_offshore,persistence,Persistence,daily_persistence,2208,2026-10-09 20:00:00+00:00,24.4,19.2,,2026-07-09 16:00:00+00:00,2026-10-09 15:00:00+00:00,0,0,none,complete
2026-10-09,2026-10-09T21:30:15+00:00,online,PT,wind_offshore,persistence,Persistence,daily_persistence,2208,2026-10-09 21:00:00+00:00,24.7,19.4,,2026-07-09 16:00:00+00:00,2026-10-09 15:00:00+00:00,0,0,none,complete
2026-10-09,2026-10-09T21:30:15+00:00,online,PT,wind_offshore,persistence,Persistence,daily_persistence,2208,2026-10-09 22:00:00+00:00,21.4,20.2,,2026-07-09 16:00:00+00:00,2026-10-09 15:00:00+00:00,0,0,none,complete
2026-10-09,2026-10-09T21:30:15+00:00,online,PT,wind_offshore,persistence,Persistence,daily_persistence,2208,2026-10-09 23:00:00+00:00,12.4,19.6,,2026-07-09 16:00:00+00:00,2026-10-09 15:00:00+00:00,0,0,none,complete
2026-10-09,2026-10-09T21:30:15+00:00,online,PT,wind_offshore,persistence,Persistence,daily_persistence,2208,2026-10-10 00:00:00+00:00,7.8,18.5,,2026-07-09 16:00:00+00:00,2026-10-09 15:00:00+00:00,0,0,none,complete
2026-10-09,2026-10-09T21:30:15+00:00,online,PT,wind_offshore,persistence,Persistence,daily_persistence,2208,2026-10-10 01:00:00+00:00,4.9,17.5,,2026-07-09 16:00:00+00:00,2026-10-09 15:00:00+00:00,0,0,none,complete
2026-10-09,2026-10-09T21:30:15+00:00,online,PT,wind_offshore,persistence,Persistence,daily_persistence,2208,2026-10-10 02:00:00+00:00,2.6,16.9,,2026-07-09 16:00:00+00:00,2026-10-09 15:00:00+00:00,0,0,none,complete
2026-10-09,2026-10-09T21:30:15+00:00,online,PT,wind_offshore,persistence,Persistence,daily_persistence,2208,2026-10-10 03:00:00+00:00,1.7,16.1,,2026-07-09 16:00:00+00:00,2026-10-09 15:00:00+00:00,0,0,none,complete
2026-10-09,2026-10-09T21:30:15+00:00,online,PT,wind_offshore,persistence,Persistence,daily_persistence,2208,2026-10-10 04:00:00+00:00,1.1,14.9,,2026-07-09 16:00:00+00:00,2026-10-09 15:00:00+00:00,0,0,none,complete
2026-10-09,2026-10-09T21:30:15+00:00,online,PT,wind_offshore,persistence,Persistence,daily_persistence,2208,2026-10-10 05:00:00+00:00,0.9,13.4,,2026-07-09 16:00:00+00:00,2026-10-09 15:00:00+00:00,0,0,none,complete
2026-10-09,2026-10-09T21:30:15+00:00,online,PT,wind_offshore,persistence,Persistence,daily_persistence,2208,2026-10-10 06:00:00+00:00,0.8,11.5,,2026-07-09 16:00:00+00:00,2026-10-09 15:00:00+00:00,0,0,none,complete
2026-10-09,2026-10-09T21:30:15+00:00,online,PT,wind_offshore,persistence,Persistence,daily_persistence,2208,2026-10-10 07:00:00+00:00,0.7,9.5,,2026-07-09 16:00:00+00:00,2026-10-09 15:00:00+00:00,0,0,none,complete
2026-10-09,2026-10-09T21:30:15+00:00,online,PT,wind_offshore,persistence,Persistence,daily_persistence,2208,2026-10-10 08:00:00+00:00,0.6,8.3,,2026-07-09 16:00:00+00:00,2026-10-09 15:00:00+00:00,0,0,none,complete
2026-10-09,2026-10-09T21:30:15+00:00,online,PT,wind_offshore,persistence,Persistence,daily_persistence,2208,2026-10-10 09:00:00+00:00,0.5,7.2,,2026-07-09 16:00:00+00:00,2026-10-09 15:00:00+00:00,0,0,none,complete
2026-10-09,2026-10-09T21:30:15+00:00,online,PT,wind_offshore,persistence,Persistence,daily_persistence,2208,2026-10-10 10:00:00+00:00,0.6,6.6,,2026-07-09 16:00:00+00:00,2026-10-09 15:00:00+00:00,0,0,none,complete
2026-10-09,2026-10-09T21:30:15+00:00,online,PT,wind_offshore,persistence,Persistence,daily_persistence,2208,2026-10-10 11:00:00+00:00,0.8,6.5,,2026-07-09 16:00:00+00:00,2026-10-09 15:00:00+00:00,0,0,none,complete
2026-10-09,2026-10-09T21:30:15+00:00,online,PT,wind_offshore,persistence,Persistence,daily_persistence,2208,2026-10-10 12:00:00+00:00,1.2,8.0,,2026-07-09 16:00:00+00:00,2026-10-09 15:00:00+00:00,0,0,none,complete
2026-10-09,2026-10-09T21:30:15+00:00,online,PT,wind_offshore,persistence,Persistence,daily_persistence,2208,2026-10-10 13:00:00+00:00,1.8,10.8,,2026-07-09 16:00:00+00:00,2026-10-09 15:00:00+00:00,0,0,none,complete
2026-10-09,2026-10-09T21:30:15+00:00,online,PT,wind_offshore,persistence,Persistence,daily_persistence,2208,2026-10-10 14:00:00+00:00,2.6,13.6,,2026-07-09 16:00:00+00:00,2026-10-09 15:00:00+00:00,0,0,none,complete
2026-10-09,2026-10-09T21:30:15+00:00,online,PT,wind_offshore,persistence,Persistence,daily_persistence,2208,2026-10-10 15:00:00+00:00,4.0,16.4,,2026-07-09 16:00:00+00:00,2026-10-09 15:00:00+00:00,0,0,none,complete
2026-10-09,2026-10-09T21:30:15+00:00,online,PT,wind_offshore,chronos2_online,Chronos2 with covariates,weather_4p+tso_forecast,2208,2026-10-09 16:00:00+00:00,7.046684741973877,5.9,,2026-07-09 16:00:00+00:00,2026-10-09 15:00:00+00:00,0,0,none,complete
2026-10-09,2026-10-09T21:30:15+00:00,online,PT,wind_offshore,chronos2_online,Chronos2 with covariates,weather_4p+tso_forecast,2208,2026-10-09 17:00:00+00:00,10.388412475585938,9.5,,2026-07-09 16:00:00+00:00,2026-10-09 15:00:00+00:00,0,0,none,complete
2026-10-09,2026-10-09T21:30:15+00:00,online,PT,wind_offshore,chronos2_online,Chronos2 with covariates,weather_4p+tso_forecast,2208,2026-10-09 18:00:00+00:00,14.491324424743652,13.3,,2026-07-09 16:00:00+00:00,2026-10-09 15:00:00+00:00,0,0,none,complete
2026-10-09,2026-10-09T21:30:15+00:00,online,PT,wind_offshore,chronos2_online,Chronos2 with covariates,weather_4p+tso_forecast,2208,2026-10-09 19:00:00+00:00,18.934633255004883,17.0,,2026-07-09 16:00:00+00:00,2026-10-09 15:00:00+00:00,0,0,none,complete
2026-10-09,2026-10-09T21:30:15+00:00,online,PT,wind_offshore,chronos2_online,Chronos2 with covariates,weather_4p+tso_forecast,2208,2026-10-09 20:00:00+00:00,21.25387191772461,19.2,,2026-07-09 16:00:00+00:00,2026-10-09 15:00:00+00:00,0,0,none,complete
2026-10-09,2026-10-09T21:30:15+00:00,online,PT,wind_offshore,chronos2_online,Chronos2 with covariates,weather_4p+tso_forecast,2208,2026-10-09 21:00:00+00:00,21.80392074584961,19.4,,2026-07-09 16:00:00+00:00,2026-10-09 15:00:00+00:00,0,0,none,complete
2026-10-09,2026-10-09T21:30:15+00:00,online,PT,wind_offshore,chronos2_online,Chronos2 with covariates,weather_4p+tso_forecast,2208,2026-10-09 22:00:00+00:00,21.85494613647461,20.2,,2026-07-09 16:00:00+00:00,2026-10-09 15:00:00+00:00,0,0,none,complete
2026-10-09,2026-10-09T21:30:15+00:00,online,PT,wind_offshore,chronos2_online,Chronos2 with covariates,weather_4p+tso_forecast,2208,2026-10-09 23:00:00+00:00,21.456096649169922,19.6,,2026-07-09 16:00:00+00:00,2026-10-09 15:00:00+00:00,0,0,none,complete
2026-10-09,2026-10-09T21:30:15+00:00,online,PT,wind_offshore,chronos2_online,Chronos2 with covariates,weather_4p+tso_forecast,2208,2026-10-10 00:00:00+00:00,19.50613784790039,18.5,,2026-07-09 16:00:00+00:00,2026-10-09 15:00:00+00:00,0,0,none,complete
2026-10-09,2026-10-09T21:30:15+00:00,online,PT,wind_offshore,chronos2_online,Chronos2 with covariates,weather_4p+tso_forecast,2208,2026-10-10 01:00:00+00:00,18.84008026123047,17.5,,2026-07-09 16:00:00+00:00,2026-10-09 15:00:00+00:00,0,0,none,complete
2026-10-09,2026-10-09T21:30:15+00:00,online,PT,wind_offshore,chronos2_online,Chronos2 with covariates,weather_4p+tso_forecast,2208,2026-10-10 02:00:00+00:00,18.54678726196289,16.9,,2026-07-09 16:00:00+00:00,2026-10-09 15:00:00+00:00,0,0,none,complete
2026-10-09,2026-10-09T21:30:15+00:00,online,PT,wind_offshore,chronos2_online,Chronos2 with covariates,weather_4p+tso_forecast,2208,2026-10-10 03:00:00+00:00,16.96132469177246,16.1,,2026-07-09 16:00:00+00:00,2026-10-09 15:00:00+00:00,0,0,none,complete
2026-10-09,2026-10-09T21:30:15+00:00,online,PT,wind_offshore,chronos2_online,Chronos2 with covariates,weather_4p+tso_forecast,2208,2026-10-10 04:00:00+00:00,13.915714263916016,14.9,,2026-07-09 16:00:00+00:00,2026-10-09 15:00:00+00:00,0,0,none,complete
2026-10-09,2026-10-09T21:30:15+00:00,online,PT,wind_offshore,chronos2_online,Chronos2 with covariates,weather_4p+tso_forecast,2208,2026-10-10 05:00:00+00:00,13.493795394897461,13.4,,2026-07-09 16:00:00+00:00,2026-10-09 15:00:00+00:00,0,0,none,complete
2026-10-09,2026-10-09T21:30:15+00:00,online,PT,wind_offshore,chronos2_online,Chronos2 with covariates,weather_4p+tso_forecast,2208,2026-10-10 06:00:00+00:00,10.610015869140625,11.5,,2026-07-09 16:00:00+00:00,2026-10-09 15:00:00+00:00,0,0,none,complete
2026-10-09,2026-10-09T21:30:15+00:00,online,PT,wind_offshore,chronos2_online,Chronos2 with covariates,weather_4p+tso_forecast,2208,2026-10-10 07:00:00+00:00,7.539612293243408,9.5,,2026-07-09 16:00:00+00:00,2026-10-09 15:00:00+00:00,0,0,none,complete
2026-10-09,2026-10-09T21:30:15+00:00,online,PT,wind_offshore,chronos2_online,Chronos2 with covariates,weather_4p+tso_forecast,2208,2026-10-10 08:00:00+00:00,9.399253845214844,8.3,,2026-07-09 16:00:00+00:00,2026-10-09 15:00:00+00:00,0,0,none,complete
2026-10-09,2026-10-09T21:30:15+00:00,online,PT,wind_offshore,chronos2_online,Chronos2 with covariates,weather_4p+tso_forecast,2208,2026-10-10 09:00:00+00:00,7.624365329742432,7.2,,2026-07-09 16:00:00+00:00,2026-10-09 15:00:00+00:00,0,0,none,complete
2026-10-09,2026-10-09T21:30:15+00:00,online,PT,wind_offshore,chronos2_online,Chronos2 with covariates,weather_4p+tso_forecast,2208,2026-10-10 10:00:00+00:00,6.52828311920166,6.6,,2026-07-09 16:00:00+00:00,2026-10-09 15:00:00+00:00,0,0,none,complete
2026-10-09,2026-10-09T21:30:15+00:00,online,PT,wind_offshore,chronos2_online,Chronos2 with covariates,weather_4p+tso_forecast,2208,2026-10-10 11:00:00+00:00,7.215459823608398,6.5,,2026-07-09 16:00:00+00:00,2026-10-09 15:00:00+00:00,0,0,none,complete
2026-10-09,2026-10-09T21:30:15+00:00,online,PT,wind_offshore,chronos2_online,Chronos2 with covariates,weather_4p+tso_forecast,2208,2026-10-10 12:00:00+00:00,10.564215660095215,8.0,,2026-07-09 16:00:00+00:00,2026-10-09 15:00:00+00:00,0,0,none,complete
2026-10-09,2026-10-09T21:30:15+00:00,online,PT,wind_offshore,chronos2_online,Chronos2 with covariates,weather_4p+tso_forecast,2208,2026-10-10 13:00:00+00:00,14.700796127319336,10.8,,2026-07-09 16:00:00+00:00,2026-10-09 15:00:00+00:00,0,0,none,complete
2026-10-09,2026-10-09T21:30:15+00:00,online,PT,wind_offshore,chronos2_online,Chronos2 with covariates,weather_4p+tso_forecast,2208,2026-10-10 14:00:00+00:00,18.704755783081055,13.6,,2026-07-09 16:00:00+00:00,2026-10-09 15:00:00+00:00,0,0,none,complete
2026-10-09,2026-10-09T21:30:15+00:00,online,PT,wind_offshore,chronos2_online,Chronos2 with covariates,weather_4p+tso_forecast,2208,2026-10-10 15:00:00+00:00,20.275503158569336,16.4,,2026-07-09 16:00:00+00:00,2026-10-09 15:00:00+00:00,0,0,none,complete
2026-10-09,2026-10-09T21:30:15+00:00,online,PT,wind_offshore,xgboost_online,XGBoost with covariates,weather_4p+tso_forecast,2208,2026-10-09 16:00:00+00:00,11.654494285583496,5.9,,2026-07-09 16:00:00+00:00,2026-10-09 15:00:00+00:00,0,0,none,complete
2026-10-09,2026-10-09T21:30:15+00:00,online,PT,wind_offshore,xgboost_online,XGBoost with covariates,weather_4p+tso_forecast,2208,2026-10-09 17:00:00+00:00,14.102041244506836,9.5,,2026-07-09 16:00:00+00:00,2026-10-09 15:00:00+00:00,0,0,none,complete
2026-10-09,2026-10-09T21:30:15+00:00,online,PT,wind_offshore,xgboost_online,XGBoost with covariates,weather_4p+tso_forecast,2208,2026-10-09 18:00:00+00:00,17.150373458862305,13.3,,2026-07-09 16:00:00+00:00,2026-10-09 15:00:00+00:00,0,0,none,complete
2026-10-09,2026-10-09T21:30:15+00:00,online,PT,wind_offshore,xgboost_online,XGBoost with covariates,weather_4p+tso_forecast,2208,2026-10-09 19:00:00+00:00,21.40437126159668,17.0,,2026-07-09 16:00:00+00:00,2026-10-09 15:00:00+00:00,0,0,none,complete
2026-10-09,2026-10-09T21:30:15+00:00,online,PT,wind_offshore,xgboost_online,XGBoost with covariates,weather_4p+tso_forecast,2208,2026-10-09 20:00:00+00:00,22.17932891845703,19.2,,2026-07-09 16:00:00+00:00,2026-10-09 15:00:00+00:00,0,0,none,complete
2026-10-09,2026-10-09T21:30:15+00:00,online,PT,wind_offshore,xgboost_online,XGBoost with covariates,weather_4p+tso_forecast,2208,2026-10-09 21:00:00+00:00,22.477718353271484,19.4,,2026-07-09 16:00:00+00:00,2026-10-09 15:00:00+00:00,0,0,none,complete
2026-10-09,2026-10-09T21:30:15+00:00,online,PT,wind_offshore,xgboost_online,XGBoost with covariates,weather_4p+tso_forecast,2208,2026-10-09 22:00:00+00:00,22.516014099121094,20.2,,2026-07-09 16:00:00+00:00,2026-10-09 15:00:00+00:00,0,0,none,complete
2026-10-09,2026-10-09T21:30:15+00:00,online,PT,wind_offshore,xgboost_online,XGBoost with covariates,weather_4p+tso_forecast,2208,2026-10-09 23:00:00+00:00,20.62126922607422,19.6,,2026-07-09 16:00:00+00:00,2026-10-09 15:00:00+00:00,0,0,none,complete
2026-10-09,2026-10-09T21:30:15+00:00,online,PT,wind_offshore,xgboost_online,XGBoost with covariates,weather_4p+tso_forecast,2208,2026-10-10 00:00:00+00:00,19.06639289855957,18.5,,2026-07-09 16:00:00+00:00,2026-10-09 15:00:00+00:00,0,0,none,complete
2026-10-09,2026-10-09T21:30:15+00:00,online,PT,wind_offshore,xgboost_online,XGBoost with covariates,weather_4p+tso_forecast,2208,2026-10-10 01:00:00+00:00,18.764938354492188,17.5,,2026-07-09 16:00:00+00:00,2026-10-09 15:00:00+00:00,0,0,none,complete
2026-10-09,2026-10-09T21:30:15+00:00,online,PT,wind_offshore,xgboost_online,XGBoost with covariates,weather_4p+tso_forecast,2208,2026-10-10 02:00:00+00:00,19.822284698486328,16.9,,2026-07-09 16:00:00+00:00,2026-10-09 15:00:00+00:00,0,0,none,complete
2026-10-09,2026-10-09T21:30:15+00:00,online,PT,wind_offshore,xgboost_online,XGBoost with covariates,weather_4p+tso_forecast,2208,2026-10-10 03:00:00+00:00,18.072328567504883,16.1,,2026-07-09 16:00:00+00:00,2026-10-09 15:00:00+00:00,0,0,none,complete
2026-10-09,2026-10-09T21:30:15+00:00,online,PT,wind_offshore,xgboost_online,XGBoost with covariates,weather_4p+tso_forecast,2208,2026-10-10 04:00:00+00:00,13.137419700622559,14.9,,2026-07-09 16:00:00+00:00,2026-10-09 15:00:00+00:00,0,0,none,complete
2026-10-09,2026-10-09T21:30:15+00:00,online,PT,wind_offshore,xgboost_online,XGBoost with covariates,weather_4p+tso_forecast,2208,2026-10-10 05:00:00+00:00,12.958955764770508,13.4,,2026-07-09 16:00:00+00:00,2026-10-09 15:00:00+00:00,0,0,none,complete
2026-10-09,2026-10-09T21:30:15+00:00,online,PT,wind_offshore,xgboost_online,XGBoost with covariates,weather_4p+tso_forecast,2208,2026-10-10 06:00:00+00:00,12.27133846282959,11.5,,2026-07-09 16:00:00+00:00,2026-10-09 15:00:00+00:00,0,0,none,complete
2026-10-09,2026-10-09T21:30:15+00:00,online,PT,wind_offshore,xgboost_online,XGBoost with covariates,weather_4p+tso_forecast,2208,2026-10-10 07:00:00+00:00,8.043428421020508,9.5,,2026-07-09 16:00:00+00:00,2026-10-09 15:00:00+00:00,0,0,none,complete
2026-10-09,2026-10-09T21:30:15+00:00,online,PT,wind_offshore,xgboost_online,XGBoost with covariates,weather_4p+tso_forecast,2208,2026-10-10 08:00:00+00:00,8.199634552001953,8.3,,2026-07-09 16:00:00+00:00,2026-10-09 15:00:00+00:00,0,0,none,complete
2026-10-09,2026-10-09T21:30:15+00:00,online,PT,wind_offshore,xgboost_online,XGBoost with covariates,weather_4p+tso_forecast,2208,2026-10-10 09:00:00+00:00,7.811041831970215,7.2,,2026-07-09 16:00:00+00:00,2026-10-09 15:00:00+00:00,0,0,none,complete
2026-10-09,2026-10-09T21:30:15+00:00,online,PT,wind_offshore,xgboost_online,XGBoost with covariates,weather_4p+tso_forecast,2208,2026-10-10 10:00:00+00:00,5.69230842590332,6.6,,2026-07-09 16:00:00+00:00,2026-10-09 15:00:00+00:00,0,0,none,complete
2026-10-09,2026-10-09T21:30:15+00:00,online,PT,wind_offshore,xgboost_online,XGBoost with covariates,weather_4p+tso_forecast,2208,2026-10-10 11:00:00+00:00,5.241844654083252,6.5,,2026-07-09 16:00:00+00:00,2026-10-09 15:00:00+00:00,0,0,none,complete
2026-10-09,2026-10-09T21:30:15+00:00,online,PT,wind_offshore,xgboost_online,XGBoost with covariates,weather_4p+tso_forecast,2208,2026-10-10 12:00:00+00:00,8.21239948272705,8.0,,2026-07-09 16:00:00+00:00,2026-10-09 15:00:00+00:00,0,0,none,complete
2026-10-09,2026-10-09T21:30:15+00:00,online,PT,wind_offshore,xgboost_online,XGBoost with covariates,weather_4p+tso_forecast,2208,2026-10-10 13:00:00+00:00,12.710643768310547,10.8,,2026-07-09 16:00:00+00:00,2026-10-09 15:00:00+00:00,0,0,none,complete
2026-10-09,2026-10-09T21:30:15+00:00,online,PT,wind_offshore,xgboost_online,XGBoost with covariates,weather_4p+tso_forecast,2208,2026-10-10 14:00:00+00:00,17.469818115234375,13.6,,2026-07-09 16:00:00+00:00,2026-10-09 15:00:00+00:00,0,0,none,complete
2026-10-09,2026-10-09T21:30:15+00:00,online,PT,wind_offshore,xgboost_online,XGBoost with covariates,weather_4p+tso_forecast,2208,2026-10-10 15:00:00+00:00,19.926128387451172,16.4,,2026-07-09 16:00:00+00:00,2026-10-09 15:00:00+00:00,0,0,none,complete
