run_date,run_at,zone,target,model,model_label,covariate_case,context_hours,timestamp,forecast_mw,tso_forecast_mw,actual_mw,context_start,context_end,source
2026-07-29,2026-08-10 08:08:40+00:00,BE,load,tso_reference,TSO forecast,tso_forecast,2208,2026-07-29 18:00:00+00:00,9435.4925,9435.4925,,2026-04-28 18:00:00+00:00,2026-07-29 17:00:00+00:00,online
2026-07-29,2026-08-10 08:08:40+00:00,BE,load,tso_reference,TSO forecast,tso_forecast,2208,2026-07-29 19:00:00+00:00,9276.7475,9276.7475,,2026-04-28 18:00:00+00:00,2026-07-29 17:00:00+00:00,online
2026-07-29,2026-08-10 08:08:40+00:00,BE,load,tso_reference,TSO forecast,tso_forecast,2208,2026-07-29 20:00:00+00:00,9271.59,9271.59,,2026-04-28 18:00:00+00:00,2026-07-29 17:00:00+00:00,online
2026-07-29,2026-08-10 08:08:40+00:00,BE,load,tso_reference,TSO forecast,tso_forecast,2208,2026-07-29 21:00:00+00:00,8757.89,8757.89,,2026-04-28 18:00:00+00:00,2026-07-29 17:00:00+00:00,online
2026-07-29,2026-08-10 08:08:40+00:00,BE,load,tso_reference,TSO forecast,tso_forecast,2208,2026-07-29 22:00:00+00:00,8298.035,8298.035,,2026-04-28 18:00:00+00:00,2026-07-29 17:00:00+00:00,online
2026-07-29,2026-08-10 08:08:40+00:00,BE,load,tso_reference,TSO forecast,tso_forecast,2208,2026-07-29 23:00:00+00:00,8165.3125,8165.3125,,2026-04-28 18:00:00+00:00,2026-07-29 17:00:00+00:00,online
2026-07-29,2026-08-10 08:08:40+00:00,BE,load,tso_reference,TSO forecast,tso_forecast,2208,2026-07-30 00:00:00+00:00,7932.6475,7932.6475,,2026-04-28 18:00:00+00:00,2026-07-29 17:00:00+00:00,online
2026-07-29,2026-08-10 08:08:40+00:00,BE,load,tso_reference,TSO forecast,tso_forecast,2208,2026-07-30 01:00:00+00:00,7727.7475,7727.7475,,2026-04-28 18:00:00+00:00,2026-07-29 17:00:00+00:00,online
2026-07-29,2026-08-10 08:08:40+00:00,BE,load,tso_reference,TSO forecast,tso_forecast,2208,2026-07-30 02:00:00+00:00,7658.2425,7658.2425,,2026-04-28 18:00:00+00:00,2026-07-29 17:00:00+00:00,online
2026-07-29,2026-08-10 08:08:40+00:00,BE,load,tso_reference,TSO forecast,tso_forecast,2208,2026-07-30 03:00:00+00:00,7741.815,7741.815,,2026-04-28 18:00:00+00:00,2026-07-29 17:00:00+00:00,online
2026-07-29,2026-08-10 08:08:40+00:00,BE,load,tso_reference,TSO forecast,tso_forecast,2208,2026-07-30 04:00:00+00:00,8151.1775,8151.1775,,2026-04-28 18:00:00+00:00,2026-07-29 17:00:00+00:00,online
2026-07-29,2026-08-10 08:08:40+00:00,BE,load,tso_reference,TSO forecast,tso_forecast,2208,2026-07-30 05:00:00+00:00,8658.85,8658.85,,2026-04-28 18:00:00+00:00,2026-07-29 17:00:00+00:00,online
2026-07-29,2026-08-10 08:08:40+00:00,BE,load,tso_reference,TSO forecast,tso_forecast,2208,2026-07-30 06:00:00+00:00,9267.1575,9267.1575,,2026-04-28 18:00:00+00:00,2026-07-29 17:00:00+00:00,online
2026-07-29,2026-08-10 08:08:40+00:00,BE,load,tso_reference,TSO forecast,tso_forecast,2208,2026-07-30 07:00:00+00:00,9740.8075,9740.8075,,2026-04-28 18:00:00+00:00,2026-07-29 17:00:00+00:00,online
2026-07-29,2026-08-10 08:08:40+00:00,BE,load,tso_reference,TSO forecast,tso_forecast,2208,2026-07-30 08:00:00+00:00,9867.62,9867.62,,2026-04-28 18:00:00+00:00,2026-07-29 17:00:00+00:00,online
2026-07-29,2026-08-10 08:08:40+00:00,BE,load,tso_reference,TSO forecast,tso_forecast,2208,2026-07-30 09:00:00+00:00,10018.4725,10018.4725,,2026-04-28 18:00:00+00:00,2026-07-29 17:00:00+00:00,online
2026-07-29,2026-08-10 08:08:40+00:00,BE,load,tso_reference,TSO forecast,tso_forecast,2208,2026-07-30 10:00:00+00:00,10014.085,10014.085,,2026-04-28 18:00:00+00:00,2026-07-29 17:00:00+00:00,online
2026-07-29,2026-08-10 08:08:40+00:00,BE,load,tso_reference,TSO forecast,tso_forecast,2208,2026-07-30 11:00:00+00:00,9909.3475,9909.3475,,2026-04-28 18:00:00+00:00,2026-07-29 17:00:00+00:00,online
2026-07-29,2026-08-10 08:08:40+00:00,BE,load,tso_reference,TSO forecast,tso_forecast,2208,2026-07-30 12:00:00+00:00,9632.77,9632.77,,2026-04-28 18:00:00+00:00,2026-07-29 17:00:00+00:00,online
2026-07-29,2026-08-10 08:08:40+00:00,BE,load,tso_reference,TSO forecast,tso_forecast,2208,2026-07-30 13:00:00+00:00,9504.315,9504.315,,2026-04-28 18:00:00+00:00,2026-07-29 17:00:00+00:00,online
2026-07-29,2026-08-10 08:08:40+00:00,BE,load,tso_reference,TSO forecast,tso_forecast,2208,2026-07-30 14:00:00+00:00,9439.43,9439.43,,2026-04-28 18:00:00+00:00,2026-07-29 17:00:00+00:00,online
2026-07-29,2026-08-10 08:08:40+00:00,BE,load,tso_reference,TSO forecast,tso_forecast,2208,2026-07-30 15:00:00+00:00,9499.475,9499.475,,2026-04-28 18:00:00+00:00,2026-07-29 17:00:00+00:00,online
2026-07-29,2026-08-10 08:08:40+00:00,BE,load,tso_reference,TSO forecast,tso_forecast,2208,2026-07-30 16:00:00+00:00,9500.96,9500.96,,2026-04-28 18:00:00+00:00,2026-07-29 17:00:00+00:00,online
2026-07-29,2026-08-10 08:08:40+00:00,BE,load,tso_reference,TSO forecast,tso_forecast,2208,2026-07-30 17:00:00+00:00,9338.2225,9338.2225,,2026-04-28 18:00:00+00:00,2026-07-29 17:00:00+00:00,online
2026-07-29,2026-08-10 08:08:40+00:00,BE,load,persistence,Persistence,weekly_persistence,2208,2026-07-29 18:00:00+00:00,8446.355,9435.4925,,2026-04-28 18:00:00+00:00,2026-07-29 17:00:00+00:00,online
2026-07-29,2026-08-10 08:08:40+00:00,BE,load,persistence,Persistence,weekly_persistence,2208,2026-07-29 19:00:00+00:00,8334.567500000001,9276.7475,,2026-04-28 18:00:00+00:00,2026-07-29 17:00:00+00:00,online
2026-07-29,2026-08-10 08:08:40+00:00,BE,load,persistence,Persistence,weekly_persistence,2208,2026-07-29 20:00:00+00:00,8521.9125,9271.59,,2026-04-28 18:00:00+00:00,2026-07-29 17:00:00+00:00,online
2026-07-29,2026-08-10 08:08:40+00:00,BE,load,persistence,Persistence,weekly_persistence,2208,2026-07-29 21:00:00+00:00,8125.9775,8757.89,,2026-04-28 18:00:00+00:00,2026-07-29 17:00:00+00:00,online
2026-07-29,2026-08-10 08:08:40+00:00,BE,load,persistence,Persistence,weekly_persistence,2208,2026-07-29 22:00:00+00:00,7540.2,8298.035,,2026-04-28 18:00:00+00:00,2026-07-29 17:00:00+00:00,online
2026-07-29,2026-08-10 08:08:40+00:00,BE,load,persistence,Persistence,weekly_persistence,2208,2026-07-29 23:00:00+00:00,7340.8925,8165.3125,,2026-04-28 18:00:00+00:00,2026-07-29 17:00:00+00:00,online
2026-07-29,2026-08-10 08:08:40+00:00,BE,load,persistence,Persistence,weekly_persistence,2208,2026-07-30 00:00:00+00:00,7197.6125,7932.6475,,2026-04-28 18:00:00+00:00,2026-07-29 17:00:00+00:00,online
2026-07-29,2026-08-10 08:08:40+00:00,BE,load,persistence,Persistence,weekly_persistence,2208,2026-07-30 01:00:00+00:00,7137.35,7727.7475,,2026-04-28 18:00:00+00:00,2026-07-29 17:00:00+00:00,online
2026-07-29,2026-08-10 08:08:40+00:00,BE,load,persistence,Persistence,weekly_persistence,2208,2026-07-30 02:00:00+00:00,7114.9475,7658.2425,,2026-04-28 18:00:00+00:00,2026-07-29 17:00:00+00:00,online
2026-07-29,2026-08-10 08:08:40+00:00,BE,load,persistence,Persistence,weekly_persistence,2208,2026-07-30 03:00:00+00:00,7209.860000000001,7741.815,,2026-04-28 18:00:00+00:00,2026-07-29 17:00:00+00:00,online
2026-07-29,2026-08-10 08:08:40+00:00,BE,load,persistence,Persistence,weekly_persistence,2208,2026-07-30 04:00:00+00:00,7563.7125,8151.1775,,2026-04-28 18:00:00+00:00,2026-07-29 17:00:00+00:00,online
2026-07-29,2026-08-10 08:08:40+00:00,BE,load,persistence,Persistence,weekly_persistence,2208,2026-07-30 05:00:00+00:00,8087.7075,8658.85,,2026-04-28 18:00:00+00:00,2026-07-29 17:00:00+00:00,online
2026-07-29,2026-08-10 08:08:40+00:00,BE,load,persistence,Persistence,weekly_persistence,2208,2026-07-30 06:00:00+00:00,8616.3775,9267.1575,,2026-04-28 18:00:00+00:00,2026-07-29 17:00:00+00:00,online
2026-07-29,2026-08-10 08:08:40+00:00,BE,load,persistence,Persistence,weekly_persistence,2208,2026-07-30 07:00:00+00:00,9143.04,9740.8075,,2026-04-28 18:00:00+00:00,2026-07-29 17:00:00+00:00,online
2026-07-29,2026-08-10 08:08:40+00:00,BE,load,persistence,Persistence,weekly_persistence,2208,2026-07-30 08:00:00+00:00,9319.915,9867.62,,2026-04-28 18:00:00+00:00,2026-07-29 17:00:00+00:00,online
2026-07-29,2026-08-10 08:08:40+00:00,BE,load,persistence,Persistence,weekly_persistence,2208,2026-07-30 09:00:00+00:00,9431.3275,10018.4725,,2026-04-28 18:00:00+00:00,2026-07-29 17:00:00+00:00,online
2026-07-29,2026-08-10 08:08:40+00:00,BE,load,persistence,Persistence,weekly_persistence,2208,2026-07-30 10:00:00+00:00,9606.4225,10014.085,,2026-04-28 18:00:00+00:00,2026-07-29 17:00:00+00:00,online
2026-07-29,2026-08-10 08:08:40+00:00,BE,load,persistence,Persistence,weekly_persistence,2208,2026-07-30 11:00:00+00:00,9771.805,9909.3475,,2026-04-28 18:00:00+00:00,2026-07-29 17:00:00+00:00,online
2026-07-29,2026-08-10 08:08:40+00:00,BE,load,persistence,Persistence,weekly_persistence,2208,2026-07-30 12:00:00+00:00,9450.6125,9632.77,,2026-04-28 18:00:00+00:00,2026-07-29 17:00:00+00:00,online
2026-07-29,2026-08-10 08:08:40+00:00,BE,load,persistence,Persistence,weekly_persistence,2208,2026-07-30 13:00:00+00:00,9255.6025,9504.315,,2026-04-28 18:00:00+00:00,2026-07-29 17:00:00+00:00,online
2026-07-29,2026-08-10 08:08:40+00:00,BE,load,persistence,Persistence,weekly_persistence,2208,2026-07-30 14:00:00+00:00,9156.24,9439.43,,2026-04-28 18:00:00+00:00,2026-07-29 17:00:00+00:00,online
2026-07-29,2026-08-10 08:08:40+00:00,BE,load,persistence,Persistence,weekly_persistence,2208,2026-07-30 15:00:00+00:00,8868.1325,9499.475,,2026-04-28 18:00:00+00:00,2026-07-29 17:00:00+00:00,online
2026-07-29,2026-08-10 08:08:40+00:00,BE,load,persistence,Persistence,weekly_persistence,2208,2026-07-30 16:00:00+00:00,8804.2375,9500.96,,2026-04-28 18:00:00+00:00,2026-07-29 17:00:00+00:00,online
2026-07-29,2026-08-10 08:08:40+00:00,BE,load,persistence,Persistence,weekly_persistence,2208,2026-07-30 17:00:00+00:00,8603.305,9338.2225,,2026-04-28 18:00:00+00:00,2026-07-29 17:00:00+00:00,online
2026-07-29,2026-08-10 08:08:40+00:00,BE,load,ridge_3mo_context,Ridge with covariates,Temp+tso_forecast,2208,2026-07-29 18:00:00+00:00,9675.577021284553,9435.4925,,2026-04-28 18:00:00+00:00,2026-07-29 17:00:00+00:00,online
2026-07-29,2026-08-10 08:08:40+00:00,BE,load,ridge_3mo_context,Ridge with covariates,Temp+tso_forecast,2208,2026-07-29 19:00:00+00:00,9467.193122883444,9276.7475,,2026-04-28 18:00:00+00:00,2026-07-29 17:00:00+00:00,online
2026-07-29,2026-08-10 08:08:40+00:00,BE,load,ridge_3mo_context,Ridge with covariates,Temp+tso_forecast,2208,2026-07-29 20:00:00+00:00,9366.429909233866,9271.59,,2026-04-28 18:00:00+00:00,2026-07-29 17:00:00+00:00,online
2026-07-29,2026-08-10 08:08:40+00:00,BE,load,ridge_3mo_context,Ridge with covariates,Temp+tso_forecast,2208,2026-07-29 21:00:00+00:00,8817.903279699993,8757.89,,2026-04-28 18:00:00+00:00,2026-07-29 17:00:00+00:00,online
2026-07-29,2026-08-10 08:08:40+00:00,BE,load,ridge_3mo_context,Ridge with covariates,Temp+tso_forecast,2208,2026-07-29 22:00:00+00:00,8333.1553235005,8298.035,,2026-04-28 18:00:00+00:00,2026-07-29 17:00:00+00:00,online
2026-07-29,2026-08-10 08:08:40+00:00,BE,load,ridge_3mo_context,Ridge with covariates,Temp+tso_forecast,2208,2026-07-29 23:00:00+00:00,8171.466897964017,8165.3125,,2026-04-28 18:00:00+00:00,2026-07-29 17:00:00+00:00,online
2026-07-29,2026-08-10 08:08:40+00:00,BE,load,ridge_3mo_context,Ridge with covariates,Temp+tso_forecast,2208,2026-07-30 00:00:00+00:00,8050.447055007969,7932.6475,,2026-04-28 18:00:00+00:00,2026-07-29 17:00:00+00:00,online
2026-07-29,2026-08-10 08:08:40+00:00,BE,load,ridge_3mo_context,Ridge with covariates,Temp+tso_forecast,2208,2026-07-30 01:00:00+00:00,7827.91825069942,7727.7475,,2026-04-28 18:00:00+00:00,2026-07-29 17:00:00+00:00,online
2026-07-29,2026-08-10 08:08:40+00:00,BE,load,ridge_3mo_context,Ridge with covariates,Temp+tso_forecast,2208,2026-07-30 02:00:00+00:00,7726.687852548161,7658.2425,,2026-04-28 18:00:00+00:00,2026-07-29 17:00:00+00:00,online
2026-07-29,2026-08-10 08:08:40+00:00,BE,load,ridge_3mo_context,Ridge with covariates,Temp+tso_forecast,2208,2026-07-30 03:00:00+00:00,7790.631288587063,7741.815,,2026-04-28 18:00:00+00:00,2026-07-29 17:00:00+00:00,online
2026-07-29,2026-08-10 08:08:40+00:00,BE,load,ridge_3mo_context,Ridge with covariates,Temp+tso_forecast,2208,2026-07-30 04:00:00+00:00,8168.905730405805,8151.1775,,2026-04-28 18:00:00+00:00,2026-07-29 17:00:00+00:00,online
2026-07-29,2026-08-10 08:08:40+00:00,BE,load,ridge_3mo_context,Ridge with covariates,Temp+tso_forecast,2208,2026-07-30 05:00:00+00:00,8641.275332345704,8658.85,,2026-04-28 18:00:00+00:00,2026-07-29 17:00:00+00:00,online
2026-07-29,2026-08-10 08:08:40+00:00,BE,load,ridge_3mo_context,Ridge with covariates,Temp+tso_forecast,2208,2026-07-30 06:00:00+00:00,9280.513794777307,9267.1575,,2026-04-28 18:00:00+00:00,2026-07-29 17:00:00+00:00,online
2026-07-29,2026-08-10 08:08:40+00:00,BE,load,ridge_3mo_context,Ridge with covariates,Temp+tso_forecast,2208,2026-07-30 07:00:00+00:00,9820.319976446764,9740.8075,,2026-04-28 18:00:00+00:00,2026-07-29 17:00:00+00:00,online
2026-07-29,2026-08-10 08:08:40+00:00,BE,load,ridge_3mo_context,Ridge with covariates,Temp+tso_forecast,2208,2026-07-30 08:00:00+00:00,9968.414076649196,9867.62,,2026-04-28 18:00:00+00:00,2026-07-29 17:00:00+00:00,online
2026-07-29,2026-08-10 08:08:40+00:00,BE,load,ridge_3mo_context,Ridge with covariates,Temp+tso_forecast,2208,2026-07-30 09:00:00+00:00,10125.330632737794,10018.4725,,2026-04-28 18:00:00+00:00,2026-07-29 17:00:00+00:00,online
2026-07-29,2026-08-10 08:08:40+00:00,BE,load,ridge_3mo_context,Ridge with covariates,Temp+tso_forecast,2208,2026-07-30 10:00:00+00:00,10115.942473519885,10014.085,,2026-04-28 18:00:00+00:00,2026-07-29 17:00:00+00:00,online
2026-07-29,2026-08-10 08:08:40+00:00,BE,load,ridge_3mo_context,Ridge with covariates,Temp+tso_forecast,2208,2026-07-30 11:00:00+00:00,9999.51295533616,9909.3475,,2026-04-28 18:00:00+00:00,2026-07-29 17:00:00+00:00,online
2026-07-29,2026-08-10 08:08:40+00:00,BE,load,ridge_3mo_context,Ridge with covariates,Temp+tso_forecast,2208,2026-07-30 12:00:00+00:00,9723.573630258135,9632.77,,2026-04-28 18:00:00+00:00,2026-07-29 17:00:00+00:00,online
2026-07-29,2026-08-10 08:08:40+00:00,BE,load,ridge_3mo_context,Ridge with covariates,Temp+tso_forecast,2208,2026-07-30 13:00:00+00:00,9565.813633641295,9504.315,,2026-04-28 18:00:00+00:00,2026-07-29 17:00:00+00:00,online
2026-07-29,2026-08-10 08:08:40+00:00,BE,load,ridge_3mo_context,Ridge with covariates,Temp+tso_forecast,2208,2026-07-30 14:00:00+00:00,9474.151737033257,9439.43,,2026-04-28 18:00:00+00:00,2026-07-29 17:00:00+00:00,online
2026-07-29,2026-08-10 08:08:40+00:00,BE,load,ridge_3mo_context,Ridge with covariates,Temp+tso_forecast,2208,2026-07-30 15:00:00+00:00,9546.271976599755,9499.475,,2026-04-28 18:00:00+00:00,2026-07-29 17:00:00+00:00,online
2026-07-29,2026-08-10 08:08:40+00:00,BE,load,ridge_3mo_context,Ridge with covariates,Temp+tso_forecast,2208,2026-07-30 16:00:00+00:00,9574.215874801648,9500.96,,2026-04-28 18:00:00+00:00,2026-07-29 17:00:00+00:00,online
2026-07-29,2026-08-10 08:08:40+00:00,BE,load,ridge_3mo_context,Ridge with covariates,Temp+tso_forecast,2208,2026-07-30 17:00:00+00:00,9408.166558758918,9338.2225,,2026-04-28 18:00:00+00:00,2026-07-29 17:00:00+00:00,online
2026-07-29,2026-08-10 08:08:40+00:00,BE,load,chronos2_online,Chronos2 with covariates,Solar+tso_forecast,2208,2026-07-29 18:00:00+00:00,9275.4443359375,9435.4925,,2026-04-28 18:00:00+00:00,2026-07-29 17:00:00+00:00,online
2026-07-29,2026-08-10 08:08:40+00:00,BE,load,chronos2_online,Chronos2 with covariates,Solar+tso_forecast,2208,2026-07-29 19:00:00+00:00,9051.2802734375,9276.7475,,2026-04-28 18:00:00+00:00,2026-07-29 17:00:00+00:00,online
2026-07-29,2026-08-10 08:08:40+00:00,BE,load,chronos2_online,Chronos2 with covariates,Solar+tso_forecast,2208,2026-07-29 20:00:00+00:00,8940.443359375,9271.59,,2026-04-28 18:00:00+00:00,2026-07-29 17:00:00+00:00,online
2026-07-29,2026-08-10 08:08:40+00:00,BE,load,chronos2_online,Chronos2 with covariates,Solar+tso_forecast,2208,2026-07-29 21:00:00+00:00,8609.3564453125,8757.89,,2026-04-28 18:00:00+00:00,2026-07-29 17:00:00+00:00,online
2026-07-29,2026-08-10 08:08:40+00:00,BE,load,chronos2_online,Chronos2 with covariates,Solar+tso_forecast,2208,2026-07-29 22:00:00+00:00,8132.08349609375,8298.035,,2026-04-28 18:00:00+00:00,2026-07-29 17:00:00+00:00,online
2026-07-29,2026-08-10 08:08:40+00:00,BE,load,chronos2_online,Chronos2 with covariates,Solar+tso_forecast,2208,2026-07-29 23:00:00+00:00,7829.7041015625,8165.3125,,2026-04-28 18:00:00+00:00,2026-07-29 17:00:00+00:00,online
2026-07-29,2026-08-10 08:08:40+00:00,BE,load,chronos2_online,Chronos2 with covariates,Solar+tso_forecast,2208,2026-07-30 00:00:00+00:00,7628.41943359375,7932.6475,,2026-04-28 18:00:00+00:00,2026-07-29 17:00:00+00:00,online
2026-07-29,2026-08-10 08:08:40+00:00,BE,load,chronos2_online,Chronos2 with covariates,Solar+tso_forecast,2208,2026-07-30 01:00:00+00:00,7521.369140625,7727.7475,,2026-04-28 18:00:00+00:00,2026-07-29 17:00:00+00:00,online
2026-07-29,2026-08-10 08:08:40+00:00,BE,load,chronos2_online,Chronos2 with covariates,Solar+tso_forecast,2208,2026-07-30 02:00:00+00:00,7511.0205078125,7658.2425,,2026-04-28 18:00:00+00:00,2026-07-29 17:00:00+00:00,online
2026-07-29,2026-08-10 08:08:40+00:00,BE,load,chronos2_online,Chronos2 with covariates,Solar+tso_forecast,2208,2026-07-30 03:00:00+00:00,7682.64306640625,7741.815,,2026-04-28 18:00:00+00:00,2026-07-29 17:00:00+00:00,online
2026-07-29,2026-08-10 08:08:40+00:00,BE,load,chronos2_online,Chronos2 with covariates,Solar+tso_forecast,2208,2026-07-30 04:00:00+00:00,8099.3935546875,8151.1775,,2026-04-28 18:00:00+00:00,2026-07-29 17:00:00+00:00,online
2026-07-29,2026-08-10 08:08:40+00:00,BE,load,chronos2_online,Chronos2 with covariates,Solar+tso_forecast,2208,2026-07-30 05:00:00+00:00,8658.203125,8658.85,,2026-04-28 18:00:00+00:00,2026-07-29 17:00:00+00:00,online
2026-07-29,2026-08-10 08:08:40+00:00,BE,load,chronos2_online,Chronos2 with covariates,Solar+tso_forecast,2208,2026-07-30 06:00:00+00:00,9201.4072265625,9267.1575,,2026-04-28 18:00:00+00:00,2026-07-29 17:00:00+00:00,online
2026-07-29,2026-08-10 08:08:40+00:00,BE,load,chronos2_online,Chronos2 with covariates,Solar+tso_forecast,2208,2026-07-30 07:00:00+00:00,9692.7392578125,9740.8075,,2026-04-28 18:00:00+00:00,2026-07-29 17:00:00+00:00,online
2026-07-29,2026-08-10 08:08:40+00:00,BE,load,chronos2_online,Chronos2 with covariates,Solar+tso_forecast,2208,2026-07-30 08:00:00+00:00,10046.865234375,9867.62,,2026-04-28 18:00:00+00:00,2026-07-29 17:00:00+00:00,online
2026-07-29,2026-08-10 08:08:40+00:00,BE,load,chronos2_online,Chronos2 with covariates,Solar+tso_forecast,2208,2026-07-30 09:00:00+00:00,10396.748046875,10018.4725,,2026-04-28 18:00:00+00:00,2026-07-29 17:00:00+00:00,online
2026-07-29,2026-08-10 08:08:40+00:00,BE,load,chronos2_online,Chronos2 with covariates,Solar+tso_forecast,2208,2026-07-30 10:00:00+00:00,10513.203125,10014.085,,2026-04-28 18:00:00+00:00,2026-07-29 17:00:00+00:00,online
2026-07-29,2026-08-10 08:08:40+00:00,BE,load,chronos2_online,Chronos2 with covariates,Solar+tso_forecast,2208,2026-07-30 11:00:00+00:00,10491.0263671875,9909.3475,,2026-04-28 18:00:00+00:00,2026-07-29 17:00:00+00:00,online
2026-07-29,2026-08-10 08:08:40+00:00,BE,load,chronos2_online,Chronos2 with covariates,Solar+tso_forecast,2208,2026-07-30 12:00:00+00:00,10359.5625,9632.77,,2026-04-28 18:00:00+00:00,2026-07-29 17:00:00+00:00,online
2026-07-29,2026-08-10 08:08:40+00:00,BE,load,chronos2_online,Chronos2 with covariates,Solar+tso_forecast,2208,2026-07-30 13:00:00+00:00,10185.73046875,9504.315,,2026-04-28 18:00:00+00:00,2026-07-29 17:00:00+00:00,online
2026-07-29,2026-08-10 08:08:40+00:00,BE,load,chronos2_online,Chronos2 with covariates,Solar+tso_forecast,2208,2026-07-30 14:00:00+00:00,9920.94140625,9439.43,,2026-04-28 18:00:00+00:00,2026-07-29 17:00:00+00:00,online
2026-07-29,2026-08-10 08:08:40+00:00,BE,load,chronos2_online,Chronos2 with covariates,Solar+tso_forecast,2208,2026-07-30 15:00:00+00:00,9733.7197265625,9499.475,,2026-04-28 18:00:00+00:00,2026-07-29 17:00:00+00:00,online
2026-07-29,2026-08-10 08:08:40+00:00,BE,load,chronos2_online,Chronos2 with covariates,Solar+tso_forecast,2208,2026-07-30 16:00:00+00:00,9619.44921875,9500.96,,2026-04-28 18:00:00+00:00,2026-07-29 17:00:00+00:00,online
2026-07-29,2026-08-10 08:08:40+00:00,BE,load,chronos2_online,Chronos2 with covariates,Solar+tso_forecast,2208,2026-07-30 17:00:00+00:00,9447.3896484375,9338.2225,,2026-04-28 18:00:00+00:00,2026-07-29 17:00:00+00:00,online
2026-07-29,2026-08-10 08:08:40+00:00,BE,solar,tso_reference,TSO forecast,tso_forecast,2208,2026-07-29 18:00:00+00:00,384.739,384.739,,2026-04-28 18:00:00+00:00,2026-07-29 17:00:00+00:00,online
2026-07-29,2026-08-10 08:08:40+00:00,BE,solar,tso_reference,TSO forecast,tso_forecast,2208,2026-07-29 19:00:00+00:00,44.969749,44.969749,,2026-04-28 18:00:00+00:00,2026-07-29 17:00:00+00:00,online
2026-07-29,2026-08-10 08:08:40+00:00,BE,solar,tso_reference,TSO forecast,tso_forecast,2208,2026-07-29 20:00:00+00:00,0.0,0.0,,2026-04-28 18:00:00+00:00,2026-07-29 17:00:00+00:00,online
2026-07-29,2026-08-10 08:08:40+00:00,BE,solar,tso_reference,TSO forecast,tso_forecast,2208,2026-07-29 21:00:00+00:00,0.0,0.0,,2026-04-28 18:00:00+00:00,2026-07-29 17:00:00+00:00,online
2026-07-29,2026-08-10 08:08:40+00:00,BE,solar,tso_reference,TSO forecast,tso_forecast,2208,2026-07-29 22:00:00+00:00,0.0,0.0,,2026-04-28 18:00:00+00:00,2026-07-29 17:00:00+00:00,online
2026-07-29,2026-08-10 08:08:40+00:00,BE,solar,tso_reference,TSO forecast,tso_forecast,2208,2026-07-29 23:00:00+00:00,0.0,0.0,,2026-04-28 18:00:00+00:00,2026-07-29 17:00:00+00:00,online
2026-07-29,2026-08-10 08:08:40+00:00,BE,solar,tso_reference,TSO forecast,tso_forecast,2208,2026-07-30 00:00:00+00:00,0.0,0.0,,2026-04-28 18:00:00+00:00,2026-07-29 17:00:00+00:00,online
2026-07-29,2026-08-10 08:08:40+00:00,BE,solar,tso_reference,TSO forecast,tso_forecast,2208,2026-07-30 01:00:00+00:00,0.0,0.0,,2026-04-28 18:00:00+00:00,2026-07-29 17:00:00+00:00,online
2026-07-29,2026-08-10 08:08:40+00:00,BE,solar,tso_reference,TSO forecast,tso_forecast,2208,2026-07-30 02:00:00+00:00,0.0,0.0,,2026-04-28 18:00:00+00:00,2026-07-29 17:00:00+00:00,online
2026-07-29,2026-08-10 08:08:40+00:00,BE,solar,tso_reference,TSO forecast,tso_forecast,2208,2026-07-30 03:00:00+00:00,0.0,0.0,,2026-04-28 18:00:00+00:00,2026-07-29 17:00:00+00:00,online
2026-07-29,2026-08-10 08:08:40+00:00,BE,solar,tso_reference,TSO forecast,tso_forecast,2208,2026-07-30 04:00:00+00:00,133.650499,133.650499,,2026-04-28 18:00:00+00:00,2026-07-29 17:00:00+00:00,online
2026-07-29,2026-08-10 08:08:40+00:00,BE,solar,tso_reference,TSO forecast,tso_forecast,2208,2026-07-30 05:00:00+00:00,726.42475,726.42475,,2026-04-28 18:00:00+00:00,2026-07-29 17:00:00+00:00,online
2026-07-29,2026-08-10 08:08:40+00:00,BE,solar,tso_reference,TSO forecast,tso_forecast,2208,2026-07-30 06:00:00+00:00,1763.020997,1763.020997,,2026-04-28 18:00:00+00:00,2026-07-29 17:00:00+00:00,online
2026-07-29,2026-08-10 08:08:40+00:00,BE,solar,tso_reference,TSO forecast,tso_forecast,2208,2026-07-30 07:00:00+00:00,2936.471498,2936.471498,,2026-04-28 18:00:00+00:00,2026-07-29 17:00:00+00:00,online
2026-07-29,2026-08-10 08:08:40+00:00,BE,solar,tso_reference,TSO forecast,tso_forecast,2208,2026-07-30 08:00:00+00:00,4017.237748,4017.237748,,2026-04-28 18:00:00+00:00,2026-07-29 17:00:00+00:00,online
2026-07-29,2026-08-10 08:08:40+00:00,BE,solar,tso_reference,TSO forecast,tso_forecast,2208,2026-07-30 09:00:00+00:00,4258.241992,4258.241992,,2026-04-28 18:00:00+00:00,2026-07-29 17:00:00+00:00,online
2026-07-29,2026-08-10 08:08:40+00:00,BE,solar,tso_reference,TSO forecast,tso_forecast,2208,2026-07-30 10:00:00+00:00,3819.854746,3819.854746,,2026-04-28 18:00:00+00:00,2026-07-29 17:00:00+00:00,online
2026-07-29,2026-08-10 08:08:40+00:00,BE,solar,tso_reference,TSO forecast,tso_forecast,2208,2026-07-30 11:00:00+00:00,3327.794496,3327.794496,,2026-04-28 18:00:00+00:00,2026-07-29 17:00:00+00:00,online
2026-07-29,2026-08-10 08:08:40+00:00,BE,solar,tso_reference,TSO forecast,tso_forecast,2208,2026-07-30 12:00:00+00:00,2866.190502,2866.190502,,2026-04-28 18:00:00+00:00,2026-07-29 17:00:00+00:00,online
2026-07-29,2026-08-10 08:08:40+00:00,BE,solar,tso_reference,TSO forecast,tso_forecast,2208,2026-07-30 13:00:00+00:00,2884.999998,2884.999998,,2026-04-28 18:00:00+00:00,2026-07-29 17:00:00+00:00,online
2026-07-29,2026-08-10 08:08:40+00:00,BE,solar,tso_reference,TSO forecast,tso_forecast,2208,2026-07-30 14:00:00+00:00,3389.610251,3389.610251,,2026-04-28 18:00:00+00:00,2026-07-29 17:00:00+00:00,online
2026-07-29,2026-08-10 08:08:40+00:00,BE,solar,tso_reference,TSO forecast,tso_forecast,2208,2026-07-30 15:00:00+00:00,3531.976745,3531.976745,,2026-04-28 18:00:00+00:00,2026-07-29 17:00:00+00:00,online
2026-07-29,2026-08-10 08:08:40+00:00,BE,solar,tso_reference,TSO forecast,tso_forecast,2208,2026-07-30 16:00:00+00:00,2780.223001,2780.223001,,2026-04-28 18:00:00+00:00,2026-07-29 17:00:00+00:00,online
2026-07-29,2026-08-10 08:08:40+00:00,BE,solar,tso_reference,TSO forecast,tso_forecast,2208,2026-07-30 17:00:00+00:00,1438.599997,1438.599997,,2026-04-28 18:00:00+00:00,2026-07-29 17:00:00+00:00,online
2026-07-29,2026-08-10 08:08:40+00:00,BE,solar,persistence,Persistence,daily_persistence,2208,2026-07-29 18:00:00+00:00,514.605,384.739,,2026-04-28 18:00:00+00:00,2026-07-29 17:00:00+00:00,online
2026-07-29,2026-08-10 08:08:40+00:00,BE,solar,persistence,Persistence,daily_persistence,2208,2026-07-29 19:00:00+00:00,17.63275,44.969749,,2026-04-28 18:00:00+00:00,2026-07-29 17:00:00+00:00,online
2026-07-29,2026-08-10 08:08:40+00:00,BE,solar,persistence,Persistence,daily_persistence,2208,2026-07-29 20:00:00+00:00,0.0,0.0,,2026-04-28 18:00:00+00:00,2026-07-29 17:00:00+00:00,online
2026-07-29,2026-08-10 08:08:40+00:00,BE,solar,persistence,Persistence,daily_persistence,2208,2026-07-29 21:00:00+00:00,0.0,0.0,,2026-04-28 18:00:00+00:00,2026-07-29 17:00:00+00:00,online
2026-07-29,2026-08-10 08:08:40+00:00,BE,solar,persistence,Persistence,daily_persistence,2208,2026-07-29 22:00:00+00:00,0.0,0.0,,2026-04-28 18:00:00+00:00,2026-07-29 17:00:00+00:00,online
2026-07-29,2026-08-10 08:08:40+00:00,BE,solar,persistence,Persistence,daily_persistence,2208,2026-07-29 23:00:00+00:00,0.0,0.0,,2026-04-28 18:00:00+00:00,2026-07-29 17:00:00+00:00,online
2026-07-29,2026-08-10 08:08:40+00:00,BE,solar,persistence,Persistence,daily_persistence,2208,2026-07-30 00:00:00+00:00,0.0,0.0,,2026-04-28 18:00:00+00:00,2026-07-29 17:00:00+00:00,online
2026-07-29,2026-08-10 08:08:40+00:00,BE,solar,persistence,Persistence,daily_persistence,2208,2026-07-30 01:00:00+00:00,0.0,0.0,,2026-04-28 18:00:00+00:00,2026-07-29 17:00:00+00:00,online
2026-07-29,2026-08-10 08:08:40+00:00,BE,solar,persistence,Persistence,daily_persistence,2208,2026-07-30 02:00:00+00:00,0.0,0.0,,2026-04-28 18:00:00+00:00,2026-07-29 17:00:00+00:00,online
2026-07-29,2026-08-10 08:08:40+00:00,BE,solar,persistence,Persistence,daily_persistence,2208,2026-07-30 03:00:00+00:00,0.0,0.0,,2026-04-28 18:00:00+00:00,2026-07-29 17:00:00+00:00,online
2026-07-29,2026-08-10 08:08:40+00:00,BE,solar,persistence,Persistence,daily_persistence,2208,2026-07-30 04:00:00+00:00,141.97875,133.650499,,2026-04-28 18:00:00+00:00,2026-07-29 17:00:00+00:00,online
2026-07-29,2026-08-10 08:08:40+00:00,BE,solar,persistence,Persistence,daily_persistence,2208,2026-07-30 05:00:00+00:00,898.988,726.42475,,2026-04-28 18:00:00+00:00,2026-07-29 17:00:00+00:00,online
2026-07-29,2026-08-10 08:08:40+00:00,BE,solar,persistence,Persistence,daily_persistence,2208,2026-07-30 06:00:00+00:00,2159.86525,1763.020997,,2026-04-28 18:00:00+00:00,2026-07-29 17:00:00+00:00,online
2026-07-29,2026-08-10 08:08:40+00:00,BE,solar,persistence,Persistence,daily_persistence,2208,2026-07-30 07:00:00+00:00,3681.805,2936.471498,,2026-04-28 18:00:00+00:00,2026-07-29 17:00:00+00:00,online
2026-07-29,2026-08-10 08:08:40+00:00,BE,solar,persistence,Persistence,daily_persistence,2208,2026-07-30 08:00:00+00:00,5223.53325,4017.237748,,2026-04-28 18:00:00+00:00,2026-07-29 17:00:00+00:00,online
2026-07-29,2026-08-10 08:08:40+00:00,BE,solar,persistence,Persistence,daily_persistence,2208,2026-07-30 09:00:00+00:00,6538.87425,4258.241992,,2026-04-28 18:00:00+00:00,2026-07-29 17:00:00+00:00,online
2026-07-29,2026-08-10 08:08:40+00:00,BE,solar,persistence,Persistence,daily_persistence,2208,2026-07-30 10:00:00+00:00,7443.19675,3819.854746,,2026-04-28 18:00:00+00:00,2026-07-29 17:00:00+00:00,online
2026-07-29,2026-08-10 08:08:40+00:00,BE,solar,persistence,Persistence,daily_persistence,2208,2026-07-30 11:00:00+00:00,7853.15475,3327.794496,,2026-04-28 18:00:00+00:00,2026-07-29 17:00:00+00:00,online
2026-07-29,2026-08-10 08:08:40+00:00,BE,solar,persistence,Persistence,daily_persistence,2208,2026-07-30 12:00:00+00:00,7766.8615,2866.190502,,2026-04-28 18:00:00+00:00,2026-07-29 17:00:00+00:00,online
2026-07-29,2026-08-10 08:08:40+00:00,BE,solar,persistence,Persistence,daily_persistence,2208,2026-07-30 13:00:00+00:00,7190.2375,2884.999998,,2026-04-28 18:00:00+00:00,2026-07-29 17:00:00+00:00,online
2026-07-29,2026-08-10 08:08:40+00:00,BE,solar,persistence,Persistence,daily_persistence,2208,2026-07-30 14:00:00+00:00,6055.41775,3389.610251,,2026-04-28 18:00:00+00:00,2026-07-29 17:00:00+00:00,online
2026-07-29,2026-08-10 08:08:40+00:00,BE,solar,persistence,Persistence,daily_persistence,2208,2026-07-30 15:00:00+00:00,4607.3065,3531.976745,,2026-04-28 18:00:00+00:00,2026-07-29 17:00:00+00:00,online
2026-07-29,2026-08-10 08:08:40+00:00,BE,solar,persistence,Persistence,daily_persistence,2208,2026-07-30 16:00:00+00:00,2966.70775,2780.223001,,2026-04-28 18:00:00+00:00,2026-07-29 17:00:00+00:00,online
2026-07-29,2026-08-10 08:08:40+00:00,BE,solar,persistence,Persistence,daily_persistence,2208,2026-07-30 17:00:00+00:00,1561.235,1438.599997,,2026-04-28 18:00:00+00:00,2026-07-29 17:00:00+00:00,online
2026-07-29,2026-08-10 08:08:40+00:00,BE,solar,chronos2_online,Chronos2 with covariates,weather_4p+tso_forecast,2208,2026-07-29 18:00:00+00:00,493.0701904296875,384.739,,2026-04-28 18:00:00+00:00,2026-07-29 17:00:00+00:00,online
2026-07-29,2026-08-10 08:08:40+00:00,BE,solar,chronos2_online,Chronos2 with covariates,weather_4p+tso_forecast,2208,2026-07-29 19:00:00+00:00,76.453125,44.969749,,2026-04-28 18:00:00+00:00,2026-07-29 17:00:00+00:00,online
2026-07-29,2026-08-10 08:08:40+00:00,BE,solar,chronos2_online,Chronos2 with covariates,weather_4p+tso_forecast,2208,2026-07-29 20:00:00+00:00,29.141845703125,0.0,,2026-04-28 18:00:00+00:00,2026-07-29 17:00:00+00:00,online
2026-07-29,2026-08-10 08:08:40+00:00,BE,solar,chronos2_online,Chronos2 with covariates,weather_4p+tso_forecast,2208,2026-07-29 21:00:00+00:00,26.206298828125,0.0,,2026-04-28 18:00:00+00:00,2026-07-29 17:00:00+00:00,online
2026-07-29,2026-08-10 08:08:40+00:00,BE,solar,chronos2_online,Chronos2 with covariates,weather_4p+tso_forecast,2208,2026-07-29 22:00:00+00:00,25.18505859375,0.0,,2026-04-28 18:00:00+00:00,2026-07-29 17:00:00+00:00,online
2026-07-29,2026-08-10 08:08:40+00:00,BE,solar,chronos2_online,Chronos2 with covariates,weather_4p+tso_forecast,2208,2026-07-29 23:00:00+00:00,55.161376953125,0.0,,2026-04-28 18:00:00+00:00,2026-07-29 17:00:00+00:00,online
2026-07-29,2026-08-10 08:08:40+00:00,BE,solar,chronos2_online,Chronos2 with covariates,weather_4p+tso_forecast,2208,2026-07-30 00:00:00+00:00,38.748291015625,0.0,,2026-04-28 18:00:00+00:00,2026-07-29 17:00:00+00:00,online
2026-07-29,2026-08-10 08:08:40+00:00,BE,solar,chronos2_online,Chronos2 with covariates,weather_4p+tso_forecast,2208,2026-07-30 01:00:00+00:00,28.01708984375,0.0,,2026-04-28 18:00:00+00:00,2026-07-29 17:00:00+00:00,online
2026-07-29,2026-08-10 08:08:40+00:00,BE,solar,chronos2_online,Chronos2 with covariates,weather_4p+tso_forecast,2208,2026-07-30 02:00:00+00:00,33.323486328125,0.0,,2026-04-28 18:00:00+00:00,2026-07-29 17:00:00+00:00,online
2026-07-29,2026-08-10 08:08:40+00:00,BE,solar,chronos2_online,Chronos2 with covariates,weather_4p+tso_forecast,2208,2026-07-30 03:00:00+00:00,62.580078125,0.0,,2026-04-28 18:00:00+00:00,2026-07-29 17:00:00+00:00,online
2026-07-29,2026-08-10 08:08:40+00:00,BE,solar,chronos2_online,Chronos2 with covariates,weather_4p+tso_forecast,2208,2026-07-30 04:00:00+00:00,152.3404541015625,133.650499,,2026-04-28 18:00:00+00:00,2026-07-29 17:00:00+00:00,online
2026-07-29,2026-08-10 08:08:40+00:00,BE,solar,chronos2_online,Chronos2 with covariates,weather_4p+tso_forecast,2208,2026-07-30 05:00:00+00:00,806.740966796875,726.42475,,2026-04-28 18:00:00+00:00,2026-07-29 17:00:00+00:00,online
2026-07-29,2026-08-10 08:08:40+00:00,BE,solar,chronos2_online,Chronos2 with covariates,weather_4p+tso_forecast,2208,2026-07-30 06:00:00+00:00,1872.0767822265625,1763.020997,,2026-04-28 18:00:00+00:00,2026-07-29 17:00:00+00:00,online
2026-07-29,2026-08-10 08:08:40+00:00,BE,solar,chronos2_online,Chronos2 with covariates,weather_4p+tso_forecast,2208,2026-07-30 07:00:00+00:00,3132.2333984375,2936.471498,,2026-04-28 18:00:00+00:00,2026-07-29 17:00:00+00:00,online
2026-07-29,2026-08-10 08:08:40+00:00,BE,solar,chronos2_online,Chronos2 with covariates,weather_4p+tso_forecast,2208,2026-07-30 08:00:00+00:00,4421.314453125,4017.237748,,2026-04-28 18:00:00+00:00,2026-07-29 17:00:00+00:00,online
2026-07-29,2026-08-10 08:08:40+00:00,BE,solar,chronos2_online,Chronos2 with covariates,weather_4p+tso_forecast,2208,2026-07-30 09:00:00+00:00,5072.2490234375,4258.241992,,2026-04-28 18:00:00+00:00,2026-07-29 17:00:00+00:00,online
2026-07-29,2026-08-10 08:08:40+00:00,BE,solar,chronos2_online,Chronos2 with covariates,weather_4p+tso_forecast,2208,2026-07-30 10:00:00+00:00,4463.74267578125,3819.854746,,2026-04-28 18:00:00+00:00,2026-07-29 17:00:00+00:00,online
2026-07-29,2026-08-10 08:08:40+00:00,BE,solar,chronos2_online,Chronos2 with covariates,weather_4p+tso_forecast,2208,2026-07-30 11:00:00+00:00,4219.197265625,3327.794496,,2026-04-28 18:00:00+00:00,2026-07-29 17:00:00+00:00,online
2026-07-29,2026-08-10 08:08:40+00:00,BE,solar,chronos2_online,Chronos2 with covariates,weather_4p+tso_forecast,2208,2026-07-30 12:00:00+00:00,4038.013671875,2866.190502,,2026-04-28 18:00:00+00:00,2026-07-29 17:00:00+00:00,online
2026-07-29,2026-08-10 08:08:40+00:00,BE,solar,chronos2_online,Chronos2 with covariates,weather_4p+tso_forecast,2208,2026-07-30 13:00:00+00:00,3967.157958984375,2884.999998,,2026-04-28 18:00:00+00:00,2026-07-29 17:00:00+00:00,online
2026-07-29,2026-08-10 08:08:40+00:00,BE,solar,chronos2_online,Chronos2 with covariates,weather_4p+tso_forecast,2208,2026-07-30 14:00:00+00:00,3811.1025390625,3389.610251,,2026-04-28 18:00:00+00:00,2026-07-29 17:00:00+00:00,online
2026-07-29,2026-08-10 08:08:40+00:00,BE,solar,chronos2_online,Chronos2 with covariates,weather_4p+tso_forecast,2208,2026-07-30 15:00:00+00:00,3269.399169921875,3531.976745,,2026-04-28 18:00:00+00:00,2026-07-29 17:00:00+00:00,online
2026-07-29,2026-08-10 08:08:40+00:00,BE,solar,chronos2_online,Chronos2 with covariates,weather_4p+tso_forecast,2208,2026-07-30 16:00:00+00:00,2285.564697265625,2780.223001,,2026-04-28 18:00:00+00:00,2026-07-29 17:00:00+00:00,online
2026-07-29,2026-08-10 08:08:40+00:00,BE,solar,chronos2_online,Chronos2 with covariates,weather_4p+tso_forecast,2208,2026-07-30 17:00:00+00:00,1067.09619140625,1438.599997,,2026-04-28 18:00:00+00:00,2026-07-29 17:00:00+00:00,online
2026-07-29,2026-08-10 08:08:40+00:00,BE,solar,xgboost_online,XGBoost with covariates,weather_4p+tso_forecast,2208,2026-07-29 18:00:00+00:00,525.8370361328125,384.739,,2026-04-28 18:00:00+00:00,2026-07-29 17:00:00+00:00,online
2026-07-29,2026-08-10 08:08:40+00:00,BE,solar,xgboost_online,XGBoost with covariates,weather_4p+tso_forecast,2208,2026-07-29 19:00:00+00:00,104.39952087402344,44.969749,,2026-04-28 18:00:00+00:00,2026-07-29 17:00:00+00:00,online
2026-07-29,2026-08-10 08:08:40+00:00,BE,solar,xgboost_online,XGBoost with covariates,weather_4p+tso_forecast,2208,2026-07-29 20:00:00+00:00,46.47159194946289,0.0,,2026-04-28 18:00:00+00:00,2026-07-29 17:00:00+00:00,online
2026-07-29,2026-08-10 08:08:40+00:00,BE,solar,xgboost_online,XGBoost with covariates,weather_4p+tso_forecast,2208,2026-07-29 21:00:00+00:00,38.70828628540039,0.0,,2026-04-28 18:00:00+00:00,2026-07-29 17:00:00+00:00,online
2026-07-29,2026-08-10 08:08:40+00:00,BE,solar,xgboost_online,XGBoost with covariates,weather_4p+tso_forecast,2208,2026-07-29 22:00:00+00:00,38.70828628540039,0.0,,2026-04-28 18:00:00+00:00,2026-07-29 17:00:00+00:00,online
2026-07-29,2026-08-10 08:08:40+00:00,BE,solar,xgboost_online,XGBoost with covariates,weather_4p+tso_forecast,2208,2026-07-29 23:00:00+00:00,38.70828628540039,0.0,,2026-04-28 18:00:00+00:00,2026-07-29 17:00:00+00:00,online
2026-07-29,2026-08-10 08:08:40+00:00,BE,solar,xgboost_online,XGBoost with covariates,weather_4p+tso_forecast,2208,2026-07-30 00:00:00+00:00,45.22822189331055,0.0,,2026-04-28 18:00:00+00:00,2026-07-29 17:00:00+00:00,online
2026-07-29,2026-08-10 08:08:40+00:00,BE,solar,xgboost_online,XGBoost with covariates,weather_4p+tso_forecast,2208,2026-07-30 01:00:00+00:00,45.22822189331055,0.0,,2026-04-28 18:00:00+00:00,2026-07-29 17:00:00+00:00,online
2026-07-29,2026-08-10 08:08:40+00:00,BE,solar,xgboost_online,XGBoost with covariates,weather_4p+tso_forecast,2208,2026-07-30 02:00:00+00:00,45.22822189331055,0.0,,2026-04-28 18:00:00+00:00,2026-07-29 17:00:00+00:00,online
2026-07-29,2026-08-10 08:08:40+00:00,BE,solar,xgboost_online,XGBoost with covariates,weather_4p+tso_forecast,2208,2026-07-30 03:00:00+00:00,45.22822189331055,0.0,,2026-04-28 18:00:00+00:00,2026-07-29 17:00:00+00:00,online
2026-07-29,2026-08-10 08:08:40+00:00,BE,solar,xgboost_online,XGBoost with covariates,weather_4p+tso_forecast,2208,2026-07-30 04:00:00+00:00,113.24559783935548,133.650499,,2026-04-28 18:00:00+00:00,2026-07-29 17:00:00+00:00,online
2026-07-29,2026-08-10 08:08:40+00:00,BE,solar,xgboost_online,XGBoost with covariates,weather_4p+tso_forecast,2208,2026-07-30 05:00:00+00:00,701.5897827148438,726.42475,,2026-04-28 18:00:00+00:00,2026-07-29 17:00:00+00:00,online
2026-07-29,2026-08-10 08:08:40+00:00,BE,solar,xgboost_online,XGBoost with covariates,weather_4p+tso_forecast,2208,2026-07-30 06:00:00+00:00,1669.9027099609375,1763.020997,,2026-04-28 18:00:00+00:00,2026-07-29 17:00:00+00:00,online
2026-07-29,2026-08-10 08:08:40+00:00,BE,solar,xgboost_online,XGBoost with covariates,weather_4p+tso_forecast,2208,2026-07-30 07:00:00+00:00,2813.47021484375,2936.471498,,2026-04-28 18:00:00+00:00,2026-07-29 17:00:00+00:00,online
2026-07-29,2026-08-10 08:08:40+00:00,BE,solar,xgboost_online,XGBoost with covariates,weather_4p+tso_forecast,2208,2026-07-30 08:00:00+00:00,3955.466796875,4017.237748,,2026-04-28 18:00:00+00:00,2026-07-29 17:00:00+00:00,online
2026-07-29,2026-08-10 08:08:40+00:00,BE,solar,xgboost_online,XGBoost with covariates,weather_4p+tso_forecast,2208,2026-07-30 09:00:00+00:00,4284.2685546875,4258.241992,,2026-04-28 18:00:00+00:00,2026-07-29 17:00:00+00:00,online
2026-07-29,2026-08-10 08:08:40+00:00,BE,solar,xgboost_online,XGBoost with covariates,weather_4p+tso_forecast,2208,2026-07-30 10:00:00+00:00,3979.72119140625,3819.854746,,2026-04-28 18:00:00+00:00,2026-07-29 17:00:00+00:00,online
2026-07-29,2026-08-10 08:08:40+00:00,BE,solar,xgboost_online,XGBoost with covariates,weather_4p+tso_forecast,2208,2026-07-30 11:00:00+00:00,3289.323486328125,3327.794496,,2026-04-28 18:00:00+00:00,2026-07-29 17:00:00+00:00,online
2026-07-29,2026-08-10 08:08:40+00:00,BE,solar,xgboost_online,XGBoost with covariates,weather_4p+tso_forecast,2208,2026-07-30 12:00:00+00:00,2878.48046875,2866.190502,,2026-04-28 18:00:00+00:00,2026-07-29 17:00:00+00:00,online
2026-07-29,2026-08-10 08:08:40+00:00,BE,solar,xgboost_online,XGBoost with covariates,weather_4p+tso_forecast,2208,2026-07-30 13:00:00+00:00,2696.496826171875,2884.999998,,2026-04-28 18:00:00+00:00,2026-07-29 17:00:00+00:00,online
2026-07-29,2026-08-10 08:08:40+00:00,BE,solar,xgboost_online,XGBoost with covariates,weather_4p+tso_forecast,2208,2026-07-30 14:00:00+00:00,2937.184814453125,3389.610251,,2026-04-28 18:00:00+00:00,2026-07-29 17:00:00+00:00,online
2026-07-29,2026-08-10 08:08:40+00:00,BE,solar,xgboost_online,XGBoost with covariates,weather_4p+tso_forecast,2208,2026-07-30 15:00:00+00:00,3421.32177734375,3531.976745,,2026-04-28 18:00:00+00:00,2026-07-29 17:00:00+00:00,online
2026-07-29,2026-08-10 08:08:40+00:00,BE,solar,xgboost_online,XGBoost with covariates,weather_4p+tso_forecast,2208,2026-07-30 16:00:00+00:00,2821.314208984375,2780.223001,,2026-04-28 18:00:00+00:00,2026-07-29 17:00:00+00:00,online
2026-07-29,2026-08-10 08:08:40+00:00,BE,solar,xgboost_online,XGBoost with covariates,weather_4p+tso_forecast,2208,2026-07-30 17:00:00+00:00,1618.0064697265625,1438.599997,,2026-04-28 18:00:00+00:00,2026-07-29 17:00:00+00:00,online
2026-07-29,2026-08-10 08:08:40+00:00,BE,wind_onshore,tso_reference,TSO forecast,tso_forecast,2208,2026-07-29 18:00:00+00:00,203.675,203.675,,2026-04-28 18:00:00+00:00,2026-07-29 17:00:00+00:00,online
2026-07-29,2026-08-10 08:08:40+00:00,BE,wind_onshore,tso_reference,TSO forecast,tso_forecast,2208,2026-07-29 19:00:00+00:00,288.625,288.625,,2026-04-28 18:00:00+00:00,2026-07-29 17:00:00+00:00,online
2026-07-29,2026-08-10 08:08:40+00:00,BE,wind_onshore,tso_reference,TSO forecast,tso_forecast,2208,2026-07-29 20:00:00+00:00,410.8,410.8,,2026-04-28 18:00:00+00:00,2026-07-29 17:00:00+00:00,online
2026-07-29,2026-08-10 08:08:40+00:00,BE,wind_onshore,tso_reference,TSO forecast,tso_forecast,2208,2026-07-29 21:00:00+00:00,505.225,505.225,,2026-04-28 18:00:00+00:00,2026-07-29 17:00:00+00:00,online
2026-07-29,2026-08-10 08:08:40+00:00,BE,wind_onshore,tso_reference,TSO forecast,tso_forecast,2208,2026-07-29 22:00:00+00:00,565.125,565.125,,2026-04-28 18:00:00+00:00,2026-07-29 17:00:00+00:00,online
2026-07-29,2026-08-10 08:08:40+00:00,BE,wind_onshore,tso_reference,TSO forecast,tso_forecast,2208,2026-07-29 23:00:00+00:00,538.05,538.05,,2026-04-28 18:00:00+00:00,2026-07-29 17:00:00+00:00,online
2026-07-29,2026-08-10 08:08:40+00:00,BE,wind_onshore,tso_reference,TSO forecast,tso_forecast,2208,2026-07-30 00:00:00+00:00,460.125,460.125,,2026-04-28 18:00:00+00:00,2026-07-29 17:00:00+00:00,online
2026-07-29,2026-08-10 08:08:40+00:00,BE,wind_onshore,tso_reference,TSO forecast,tso_forecast,2208,2026-07-30 01:00:00+00:00,413.05,413.05,,2026-04-28 18:00:00+00:00,2026-07-29 17:00:00+00:00,online
2026-07-29,2026-08-10 08:08:40+00:00,BE,wind_onshore,tso_reference,TSO forecast,tso_forecast,2208,2026-07-30 02:00:00+00:00,403.375,403.375,,2026-04-28 18:00:00+00:00,2026-07-29 17:00:00+00:00,online
2026-07-29,2026-08-10 08:08:40+00:00,BE,wind_onshore,tso_reference,TSO forecast,tso_forecast,2208,2026-07-30 03:00:00+00:00,407.125,407.125,,2026-04-28 18:00:00+00:00,2026-07-29 17:00:00+00:00,online
2026-07-29,2026-08-10 08:08:40+00:00,BE,wind_onshore,tso_reference,TSO forecast,tso_forecast,2208,2026-07-30 04:00:00+00:00,370.25,370.25,,2026-04-28 18:00:00+00:00,2026-07-29 17:00:00+00:00,online
2026-07-29,2026-08-10 08:08:40+00:00,BE,wind_onshore,tso_reference,TSO forecast,tso_forecast,2208,2026-07-30 05:00:00+00:00,309.3,309.3,,2026-04-28 18:00:00+00:00,2026-07-29 17:00:00+00:00,online
2026-07-29,2026-08-10 08:08:40+00:00,BE,wind_onshore,tso_reference,TSO forecast,tso_forecast,2208,2026-07-30 06:00:00+00:00,236.15,236.15,,2026-04-28 18:00:00+00:00,2026-07-29 17:00:00+00:00,online
2026-07-29,2026-08-10 08:08:40+00:00,BE,wind_onshore,tso_reference,TSO forecast,tso_forecast,2208,2026-07-30 07:00:00+00:00,161.425,161.425,,2026-04-28 18:00:00+00:00,2026-07-29 17:00:00+00:00,online
2026-07-29,2026-08-10 08:08:40+00:00,BE,wind_onshore,tso_reference,TSO forecast,tso_forecast,2208,2026-07-30 08:00:00+00:00,171.775,171.775,,2026-04-28 18:00:00+00:00,2026-07-29 17:00:00+00:00,online
2026-07-29,2026-08-10 08:08:40+00:00,BE,wind_onshore,tso_reference,TSO forecast,tso_forecast,2208,2026-07-30 09:00:00+00:00,276.525,276.525,,2026-04-28 18:00:00+00:00,2026-07-29 17:00:00+00:00,online
2026-07-29,2026-08-10 08:08:40+00:00,BE,wind_onshore,tso_reference,TSO forecast,tso_forecast,2208,2026-07-30 10:00:00+00:00,398.425,398.425,,2026-04-28 18:00:00+00:00,2026-07-29 17:00:00+00:00,online
2026-07-29,2026-08-10 08:08:40+00:00,BE,wind_onshore,tso_reference,TSO forecast,tso_forecast,2208,2026-07-30 11:00:00+00:00,518.0,518.0,,2026-04-28 18:00:00+00:00,2026-07-29 17:00:00+00:00,online
2026-07-29,2026-08-10 08:08:40+00:00,BE,wind_onshore,tso_reference,TSO forecast,tso_forecast,2208,2026-07-30 12:00:00+00:00,522.4,522.4,,2026-04-28 18:00:00+00:00,2026-07-29 17:00:00+00:00,online
2026-07-29,2026-08-10 08:08:40+00:00,BE,wind_onshore,tso_reference,TSO forecast,tso_forecast,2208,2026-07-30 13:00:00+00:00,400.375,400.375,,2026-04-28 18:00:00+00:00,2026-07-29 17:00:00+00:00,online
2026-07-29,2026-08-10 08:08:40+00:00,BE,wind_onshore,tso_reference,TSO forecast,tso_forecast,2208,2026-07-30 14:00:00+00:00,291.325,291.325,,2026-04-28 18:00:00+00:00,2026-07-29 17:00:00+00:00,online
2026-07-29,2026-08-10 08:08:40+00:00,BE,wind_onshore,tso_reference,TSO forecast,tso_forecast,2208,2026-07-30 15:00:00+00:00,234.35,234.35,,2026-04-28 18:00:00+00:00,2026-07-29 17:00:00+00:00,online
2026-07-29,2026-08-10 08:08:40+00:00,BE,wind_onshore,tso_reference,TSO forecast,tso_forecast,2208,2026-07-30 16:00:00+00:00,194.05,194.05,,2026-04-28 18:00:00+00:00,2026-07-29 17:00:00+00:00,online
2026-07-29,2026-08-10 08:08:40+00:00,BE,wind_onshore,tso_reference,TSO forecast,tso_forecast,2208,2026-07-30 17:00:00+00:00,177.05,177.05,,2026-04-28 18:00:00+00:00,2026-07-29 17:00:00+00:00,online
2026-07-29,2026-08-10 08:08:40+00:00,BE,wind_onshore,persistence,Persistence,daily_persistence,2208,2026-07-29 18:00:00+00:00,53.800635,203.675,,2026-04-28 18:00:00+00:00,2026-07-29 17:00:00+00:00,online
2026-07-29,2026-08-10 08:08:40+00:00,BE,wind_onshore,persistence,Persistence,daily_persistence,2208,2026-07-29 19:00:00+00:00,125.818644,288.625,,2026-04-28 18:00:00+00:00,2026-07-29 17:00:00+00:00,online
2026-07-29,2026-08-10 08:08:40+00:00,BE,wind_onshore,persistence,Persistence,daily_persistence,2208,2026-07-29 20:00:00+00:00,243.469365,410.8,,2026-04-28 18:00:00+00:00,2026-07-29 17:00:00+00:00,online
2026-07-29,2026-08-10 08:08:40+00:00,BE,wind_onshore,persistence,Persistence,daily_persistence,2208,2026-07-29 21:00:00+00:00,286.782575,505.225,,2026-04-28 18:00:00+00:00,2026-07-29 17:00:00+00:00,online
2026-07-29,2026-08-10 08:08:40+00:00,BE,wind_onshore,persistence,Persistence,daily_persistence,2208,2026-07-29 22:00:00+00:00,249.616122,565.125,,2026-04-28 18:00:00+00:00,2026-07-29 17:00:00+00:00,online
2026-07-29,2026-08-10 08:08:40+00:00,BE,wind_onshore,persistence,Persistence,daily_persistence,2208,2026-07-29 23:00:00+00:00,266.18716,538.05,,2026-04-28 18:00:00+00:00,2026-07-29 17:00:00+00:00,online
2026-07-29,2026-08-10 08:08:40+00:00,BE,wind_onshore,persistence,Persistence,daily_persistence,2208,2026-07-30 00:00:00+00:00,226.662908,460.125,,2026-04-28 18:00:00+00:00,2026-07-29 17:00:00+00:00,online
2026-07-29,2026-08-10 08:08:40+00:00,BE,wind_onshore,persistence,Persistence,daily_persistence,2208,2026-07-30 01:00:00+00:00,178.736389,413.05,,2026-04-28 18:00:00+00:00,2026-07-29 17:00:00+00:00,online
2026-07-29,2026-08-10 08:08:40+00:00,BE,wind_onshore,persistence,Persistence,daily_persistence,2208,2026-07-30 02:00:00+00:00,190.694993,403.375,,2026-04-28 18:00:00+00:00,2026-07-29 17:00:00+00:00,online
2026-07-29,2026-08-10 08:08:40+00:00,BE,wind_onshore,persistence,Persistence,daily_persistence,2208,2026-07-30 03:00:00+00:00,135.759326,407.125,,2026-04-28 18:00:00+00:00,2026-07-29 17:00:00+00:00,online
2026-07-29,2026-08-10 08:08:40+00:00,BE,wind_onshore,persistence,Persistence,daily_persistence,2208,2026-07-30 04:00:00+00:00,113.243186,370.25,,2026-04-28 18:00:00+00:00,2026-07-29 17:00:00+00:00,online
2026-07-29,2026-08-10 08:08:40+00:00,BE,wind_onshore,persistence,Persistence,daily_persistence,2208,2026-07-30 05:00:00+00:00,126.929586,309.3,,2026-04-28 18:00:00+00:00,2026-07-29 17:00:00+00:00,online
2026-07-29,2026-08-10 08:08:40+00:00,BE,wind_onshore,persistence,Persistence,daily_persistence,2208,2026-07-30 06:00:00+00:00,145.921146,236.15,,2026-04-28 18:00:00+00:00,2026-07-29 17:00:00+00:00,online
2026-07-29,2026-08-10 08:08:40+00:00,BE,wind_onshore,persistence,Persistence,daily_persistence,2208,2026-07-30 07:00:00+00:00,72.811341,161.425,,2026-04-28 18:00:00+00:00,2026-07-29 17:00:00+00:00,online
2026-07-29,2026-08-10 08:08:40+00:00,BE,wind_onshore,persistence,Persistence,daily_persistence,2208,2026-07-30 08:00:00+00:00,30.737926,171.775,,2026-04-28 18:00:00+00:00,2026-07-29 17:00:00+00:00,online
2026-07-29,2026-08-10 08:08:40+00:00,BE,wind_onshore,persistence,Persistence,daily_persistence,2208,2026-07-30 09:00:00+00:00,25.72996,276.525,,2026-04-28 18:00:00+00:00,2026-07-29 17:00:00+00:00,online
2026-07-29,2026-08-10 08:08:40+00:00,BE,wind_onshore,persistence,Persistence,daily_persistence,2208,2026-07-30 10:00:00+00:00,29.991194,398.425,,2026-04-28 18:00:00+00:00,2026-07-29 17:00:00+00:00,online
2026-07-29,2026-08-10 08:08:40+00:00,BE,wind_onshore,persistence,Persistence,daily_persistence,2208,2026-07-30 11:00:00+00:00,62.974548,518.0,,2026-04-28 18:00:00+00:00,2026-07-29 17:00:00+00:00,online
2026-07-29,2026-08-10 08:08:40+00:00,BE,wind_onshore,persistence,Persistence,daily_persistence,2208,2026-07-30 12:00:00+00:00,117.77127,522.4,,2026-04-28 18:00:00+00:00,2026-07-29 17:00:00+00:00,online
2026-07-29,2026-08-10 08:08:40+00:00,BE,wind_onshore,persistence,Persistence,daily_persistence,2208,2026-07-30 13:00:00+00:00,229.6752,400.375,,2026-04-28 18:00:00+00:00,2026-07-29 17:00:00+00:00,online
2026-07-29,2026-08-10 08:08:40+00:00,BE,wind_onshore,persistence,Persistence,daily_persistence,2208,2026-07-30 14:00:00+00:00,336.002206,291.325,,2026-04-28 18:00:00+00:00,2026-07-29 17:00:00+00:00,online
2026-07-29,2026-08-10 08:08:40+00:00,BE,wind_onshore,persistence,Persistence,daily_persistence,2208,2026-07-30 15:00:00+00:00,385.397725,234.35,,2026-04-28 18:00:00+00:00,2026-07-29 17:00:00+00:00,online
2026-07-29,2026-08-10 08:08:40+00:00,BE,wind_onshore,persistence,Persistence,daily_persistence,2208,2026-07-30 16:00:00+00:00,404.469381,194.05,,2026-04-28 18:00:00+00:00,2026-07-29 17:00:00+00:00,online
2026-07-29,2026-08-10 08:08:40+00:00,BE,wind_onshore,persistence,Persistence,daily_persistence,2208,2026-07-30 17:00:00+00:00,339.22597,177.05,,2026-04-28 18:00:00+00:00,2026-07-29 17:00:00+00:00,online
2026-07-29,2026-08-10 08:08:40+00:00,BE,wind_onshore,chronos2_online,Chronos2 with covariates,weather_4p+tso_forecast,2208,2026-07-29 18:00:00+00:00,312.13873291015625,203.675,,2026-04-28 18:00:00+00:00,2026-07-29 17:00:00+00:00,online
2026-07-29,2026-08-10 08:08:40+00:00,BE,wind_onshore,chronos2_online,Chronos2 with covariates,weather_4p+tso_forecast,2208,2026-07-29 19:00:00+00:00,406.42291259765625,288.625,,2026-04-28 18:00:00+00:00,2026-07-29 17:00:00+00:00,online
2026-07-29,2026-08-10 08:08:40+00:00,BE,wind_onshore,chronos2_online,Chronos2 with covariates,weather_4p+tso_forecast,2208,2026-07-29 20:00:00+00:00,456.8761596679687,410.8,,2026-04-28 18:00:00+00:00,2026-07-29 17:00:00+00:00,online
2026-07-29,2026-08-10 08:08:40+00:00,BE,wind_onshore,chronos2_online,Chronos2 with covariates,weather_4p+tso_forecast,2208,2026-07-29 21:00:00+00:00,617.2825317382812,505.225,,2026-04-28 18:00:00+00:00,2026-07-29 17:00:00+00:00,online
2026-07-29,2026-08-10 08:08:40+00:00,BE,wind_onshore,chronos2_online,Chronos2 with covariates,weather_4p+tso_forecast,2208,2026-07-29 22:00:00+00:00,676.107177734375,565.125,,2026-04-28 18:00:00+00:00,2026-07-29 17:00:00+00:00,online
2026-07-29,2026-08-10 08:08:40+00:00,BE,wind_onshore,chronos2_online,Chronos2 with covariates,weather_4p+tso_forecast,2208,2026-07-29 23:00:00+00:00,700.5253295898438,538.05,,2026-04-28 18:00:00+00:00,2026-07-29 17:00:00+00:00,online
2026-07-29,2026-08-10 08:08:40+00:00,BE,wind_onshore,chronos2_online,Chronos2 with covariates,weather_4p+tso_forecast,2208,2026-07-30 00:00:00+00:00,636.3465576171875,460.125,,2026-04-28 18:00:00+00:00,2026-07-29 17:00:00+00:00,online
2026-07-29,2026-08-10 08:08:40+00:00,BE,wind_onshore,chronos2_online,Chronos2 with covariates,weather_4p+tso_forecast,2208,2026-07-30 01:00:00+00:00,550.7650756835938,413.05,,2026-04-28 18:00:00+00:00,2026-07-29 17:00:00+00:00,online
2026-07-29,2026-08-10 08:08:40+00:00,BE,wind_onshore,chronos2_online,Chronos2 with covariates,weather_4p+tso_forecast,2208,2026-07-30 02:00:00+00:00,540.0272827148438,403.375,,2026-04-28 18:00:00+00:00,2026-07-29 17:00:00+00:00,online
2026-07-29,2026-08-10 08:08:40+00:00,BE,wind_onshore,chronos2_online,Chronos2 with covariates,weather_4p+tso_forecast,2208,2026-07-30 03:00:00+00:00,587.4150390625,407.125,,2026-04-28 18:00:00+00:00,2026-07-29 17:00:00+00:00,online
2026-07-29,2026-08-10 08:08:40+00:00,BE,wind_onshore,chronos2_online,Chronos2 with covariates,weather_4p+tso_forecast,2208,2026-07-30 04:00:00+00:00,578.9937744140625,370.25,,2026-04-28 18:00:00+00:00,2026-07-29 17:00:00+00:00,online
2026-07-29,2026-08-10 08:08:40+00:00,BE,wind_onshore,chronos2_online,Chronos2 with covariates,weather_4p+tso_forecast,2208,2026-07-30 05:00:00+00:00,469.30706787109375,309.3,,2026-04-28 18:00:00+00:00,2026-07-29 17:00:00+00:00,online
2026-07-29,2026-08-10 08:08:40+00:00,BE,wind_onshore,chronos2_online,Chronos2 with covariates,weather_4p+tso_forecast,2208,2026-07-30 06:00:00+00:00,358.06964111328125,236.15,,2026-04-28 18:00:00+00:00,2026-07-29 17:00:00+00:00,online
2026-07-29,2026-08-10 08:08:40+00:00,BE,wind_onshore,chronos2_online,Chronos2 with covariates,weather_4p+tso_forecast,2208,2026-07-30 07:00:00+00:00,252.42965698242188,161.425,,2026-04-28 18:00:00+00:00,2026-07-29 17:00:00+00:00,online
2026-07-29,2026-08-10 08:08:40+00:00,BE,wind_onshore,chronos2_online,Chronos2 with covariates,weather_4p+tso_forecast,2208,2026-07-30 08:00:00+00:00,245.1524353027344,171.775,,2026-04-28 18:00:00+00:00,2026-07-29 17:00:00+00:00,online
2026-07-29,2026-08-10 08:08:40+00:00,BE,wind_onshore,chronos2_online,Chronos2 with covariates,weather_4p+tso_forecast,2208,2026-07-30 09:00:00+00:00,305.20001220703125,276.525,,2026-04-28 18:00:00+00:00,2026-07-29 17:00:00+00:00,online
2026-07-29,2026-08-10 08:08:40+00:00,BE,wind_onshore,chronos2_online,Chronos2 with covariates,weather_4p+tso_forecast,2208,2026-07-30 10:00:00+00:00,404.92095947265625,398.425,,2026-04-28 18:00:00+00:00,2026-07-29 17:00:00+00:00,online
2026-07-29,2026-08-10 08:08:40+00:00,BE,wind_onshore,chronos2_online,Chronos2 with covariates,weather_4p+tso_forecast,2208,2026-07-30 11:00:00+00:00,497.575439453125,518.0,,2026-04-28 18:00:00+00:00,2026-07-29 17:00:00+00:00,online
2026-07-29,2026-08-10 08:08:40+00:00,BE,wind_onshore,chronos2_online,Chronos2 with covariates,weather_4p+tso_forecast,2208,2026-07-30 12:00:00+00:00,514.9412841796875,522.4,,2026-04-28 18:00:00+00:00,2026-07-29 17:00:00+00:00,online
2026-07-29,2026-08-10 08:08:40+00:00,BE,wind_onshore,chronos2_online,Chronos2 with covariates,weather_4p+tso_forecast,2208,2026-07-30 13:00:00+00:00,519.8663940429688,400.375,,2026-04-28 18:00:00+00:00,2026-07-29 17:00:00+00:00,online
2026-07-29,2026-08-10 08:08:40+00:00,BE,wind_onshore,chronos2_online,Chronos2 with covariates,weather_4p+tso_forecast,2208,2026-07-30 14:00:00+00:00,336.48052978515625,291.325,,2026-04-28 18:00:00+00:00,2026-07-29 17:00:00+00:00,online
2026-07-29,2026-08-10 08:08:40+00:00,BE,wind_onshore,chronos2_online,Chronos2 with covariates,weather_4p+tso_forecast,2208,2026-07-30 15:00:00+00:00,349.572998046875,234.35,,2026-04-28 18:00:00+00:00,2026-07-29 17:00:00+00:00,online
2026-07-29,2026-08-10 08:08:40+00:00,BE,wind_onshore,chronos2_online,Chronos2 with covariates,weather_4p+tso_forecast,2208,2026-07-30 16:00:00+00:00,329.6817932128906,194.05,,2026-04-28 18:00:00+00:00,2026-07-29 17:00:00+00:00,online
2026-07-29,2026-08-10 08:08:40+00:00,BE,wind_onshore,chronos2_online,Chronos2 with covariates,weather_4p+tso_forecast,2208,2026-07-30 17:00:00+00:00,318.84759521484375,177.05,,2026-04-28 18:00:00+00:00,2026-07-29 17:00:00+00:00,online
2026-07-29,2026-08-10 08:08:40+00:00,BE,wind_onshore,xgboost_online,XGBoost with covariates,weather_4p+tso_forecast,2208,2026-07-29 18:00:00+00:00,199.29953002929688,203.675,,2026-04-28 18:00:00+00:00,2026-07-29 17:00:00+00:00,online
2026-07-29,2026-08-10 08:08:40+00:00,BE,wind_onshore,xgboost_online,XGBoost with covariates,weather_4p+tso_forecast,2208,2026-07-29 19:00:00+00:00,236.56385803222656,288.625,,2026-04-28 18:00:00+00:00,2026-07-29 17:00:00+00:00,online
2026-07-29,2026-08-10 08:08:40+00:00,BE,wind_onshore,xgboost_online,XGBoost with covariates,weather_4p+tso_forecast,2208,2026-07-29 20:00:00+00:00,356.6488342285156,410.8,,2026-04-28 18:00:00+00:00,2026-07-29 17:00:00+00:00,online
2026-07-29,2026-08-10 08:08:40+00:00,BE,wind_onshore,xgboost_online,XGBoost with covariates,weather_4p+tso_forecast,2208,2026-07-29 21:00:00+00:00,515.672607421875,505.225,,2026-04-28 18:00:00+00:00,2026-07-29 17:00:00+00:00,online
2026-07-29,2026-08-10 08:08:40+00:00,BE,wind_onshore,xgboost_online,XGBoost with covariates,weather_4p+tso_forecast,2208,2026-07-29 22:00:00+00:00,585.078125,565.125,,2026-04-28 18:00:00+00:00,2026-07-29 17:00:00+00:00,online
2026-07-29,2026-08-10 08:08:40+00:00,BE,wind_onshore,xgboost_online,XGBoost with covariates,weather_4p+tso_forecast,2208,2026-07-29 23:00:00+00:00,602.6001586914062,538.05,,2026-04-28 18:00:00+00:00,2026-07-29 17:00:00+00:00,online
2026-07-29,2026-08-10 08:08:40+00:00,BE,wind_onshore,xgboost_online,XGBoost with covariates,weather_4p+tso_forecast,2208,2026-07-30 00:00:00+00:00,612.1392211914062,460.125,,2026-04-28 18:00:00+00:00,2026-07-29 17:00:00+00:00,online
2026-07-29,2026-08-10 08:08:40+00:00,BE,wind_onshore,xgboost_online,XGBoost with covariates,weather_4p+tso_forecast,2208,2026-07-30 01:00:00+00:00,581.4990234375,413.05,,2026-04-28 18:00:00+00:00,2026-07-29 17:00:00+00:00,online
2026-07-29,2026-08-10 08:08:40+00:00,BE,wind_onshore,xgboost_online,XGBoost with covariates,weather_4p+tso_forecast,2208,2026-07-30 02:00:00+00:00,523.8404541015625,403.375,,2026-04-28 18:00:00+00:00,2026-07-29 17:00:00+00:00,online
2026-07-29,2026-08-10 08:08:40+00:00,BE,wind_onshore,xgboost_online,XGBoost with covariates,weather_4p+tso_forecast,2208,2026-07-30 03:00:00+00:00,588.6121215820312,407.125,,2026-04-28 18:00:00+00:00,2026-07-29 17:00:00+00:00,online
2026-07-29,2026-08-10 08:08:40+00:00,BE,wind_onshore,xgboost_online,XGBoost with covariates,weather_4p+tso_forecast,2208,2026-07-30 04:00:00+00:00,534.92626953125,370.25,,2026-04-28 18:00:00+00:00,2026-07-29 17:00:00+00:00,online
2026-07-29,2026-08-10 08:08:40+00:00,BE,wind_onshore,xgboost_online,XGBoost with covariates,weather_4p+tso_forecast,2208,2026-07-30 05:00:00+00:00,456.4670104980469,309.3,,2026-04-28 18:00:00+00:00,2026-07-29 17:00:00+00:00,online
2026-07-29,2026-08-10 08:08:40+00:00,BE,wind_onshore,xgboost_online,XGBoost with covariates,weather_4p+tso_forecast,2208,2026-07-30 06:00:00+00:00,340.675537109375,236.15,,2026-04-28 18:00:00+00:00,2026-07-29 17:00:00+00:00,online
2026-07-29,2026-08-10 08:08:40+00:00,BE,wind_onshore,xgboost_online,XGBoost with covariates,weather_4p+tso_forecast,2208,2026-07-30 07:00:00+00:00,187.6663360595703,161.425,,2026-04-28 18:00:00+00:00,2026-07-29 17:00:00+00:00,online
2026-07-29,2026-08-10 08:08:40+00:00,BE,wind_onshore,xgboost_online,XGBoost with covariates,weather_4p+tso_forecast,2208,2026-07-30 08:00:00+00:00,190.06092834472656,171.775,,2026-04-28 18:00:00+00:00,2026-07-29 17:00:00+00:00,online
2026-07-29,2026-08-10 08:08:40+00:00,BE,wind_onshore,xgboost_online,XGBoost with covariates,weather_4p+tso_forecast,2208,2026-07-30 09:00:00+00:00,207.85072326660156,276.525,,2026-04-28 18:00:00+00:00,2026-07-29 17:00:00+00:00,online
2026-07-29,2026-08-10 08:08:40+00:00,BE,wind_onshore,xgboost_online,XGBoost with covariates,weather_4p+tso_forecast,2208,2026-07-30 10:00:00+00:00,367.6476135253906,398.425,,2026-04-28 18:00:00+00:00,2026-07-29 17:00:00+00:00,online
2026-07-29,2026-08-10 08:08:40+00:00,BE,wind_onshore,xgboost_online,XGBoost with covariates,weather_4p+tso_forecast,2208,2026-07-30 11:00:00+00:00,510.5298767089844,518.0,,2026-04-28 18:00:00+00:00,2026-07-29 17:00:00+00:00,online
2026-07-29,2026-08-10 08:08:40+00:00,BE,wind_onshore,xgboost_online,XGBoost with covariates,weather_4p+tso_forecast,2208,2026-07-30 12:00:00+00:00,614.0803833007812,522.4,,2026-04-28 18:00:00+00:00,2026-07-29 17:00:00+00:00,online
2026-07-29,2026-08-10 08:08:40+00:00,BE,wind_onshore,xgboost_online,XGBoost with covariates,weather_4p+tso_forecast,2208,2026-07-30 13:00:00+00:00,568.2945556640625,400.375,,2026-04-28 18:00:00+00:00,2026-07-29 17:00:00+00:00,online
2026-07-29,2026-08-10 08:08:40+00:00,BE,wind_onshore,xgboost_online,XGBoost with covariates,weather_4p+tso_forecast,2208,2026-07-30 14:00:00+00:00,262.6015930175781,291.325,,2026-04-28 18:00:00+00:00,2026-07-29 17:00:00+00:00,online
2026-07-29,2026-08-10 08:08:40+00:00,BE,wind_onshore,xgboost_online,XGBoost with covariates,weather_4p+tso_forecast,2208,2026-07-30 15:00:00+00:00,288.2085876464844,234.35,,2026-04-28 18:00:00+00:00,2026-07-29 17:00:00+00:00,online
2026-07-29,2026-08-10 08:08:40+00:00,BE,wind_onshore,xgboost_online,XGBoost with covariates,weather_4p+tso_forecast,2208,2026-07-30 16:00:00+00:00,205.08480834960935,194.05,,2026-04-28 18:00:00+00:00,2026-07-29 17:00:00+00:00,online
2026-07-29,2026-08-10 08:08:40+00:00,BE,wind_onshore,xgboost_online,XGBoost with covariates,weather_4p+tso_forecast,2208,2026-07-30 17:00:00+00:00,166.49786376953125,177.05,,2026-04-28 18:00:00+00:00,2026-07-29 17:00:00+00:00,online
2026-07-29,2026-08-10 08:08:40+00:00,BE,wind_offshore,tso_reference,TSO forecast,tso_forecast,2208,2026-07-29 18:00:00+00:00,302.275,302.275,,2026-04-28 18:00:00+00:00,2026-07-29 17:00:00+00:00,online
2026-07-29,2026-08-10 08:08:40+00:00,BE,wind_offshore,tso_reference,TSO forecast,tso_forecast,2208,2026-07-29 19:00:00+00:00,510.25,510.25,,2026-04-28 18:00:00+00:00,2026-07-29 17:00:00+00:00,online
2026-07-29,2026-08-10 08:08:40+00:00,BE,wind_offshore,tso_reference,TSO forecast,tso_forecast,2208,2026-07-29 20:00:00+00:00,724.975,724.975,,2026-04-28 18:00:00+00:00,2026-07-29 17:00:00+00:00,online
2026-07-29,2026-08-10 08:08:40+00:00,BE,wind_offshore,tso_reference,TSO forecast,tso_forecast,2208,2026-07-29 21:00:00+00:00,857.025,857.025,,2026-04-28 18:00:00+00:00,2026-07-29 17:00:00+00:00,online
2026-07-29,2026-08-10 08:08:40+00:00,BE,wind_offshore,tso_reference,TSO forecast,tso_forecast,2208,2026-07-29 22:00:00+00:00,1246.8,1246.8,,2026-04-28 18:00:00+00:00,2026-07-29 17:00:00+00:00,online
2026-07-29,2026-08-10 08:08:40+00:00,BE,wind_offshore,tso_reference,TSO forecast,tso_forecast,2208,2026-07-29 23:00:00+00:00,1221.05,1221.05,,2026-04-28 18:00:00+00:00,2026-07-29 17:00:00+00:00,online
2026-07-29,2026-08-10 08:08:40+00:00,BE,wind_offshore,tso_reference,TSO forecast,tso_forecast,2208,2026-07-30 00:00:00+00:00,1128.425,1128.425,,2026-04-28 18:00:00+00:00,2026-07-29 17:00:00+00:00,online
2026-07-29,2026-08-10 08:08:40+00:00,BE,wind_offshore,tso_reference,TSO forecast,tso_forecast,2208,2026-07-30 01:00:00+00:00,973.625,973.625,,2026-04-28 18:00:00+00:00,2026-07-29 17:00:00+00:00,online
2026-07-29,2026-08-10 08:08:40+00:00,BE,wind_offshore,tso_reference,TSO forecast,tso_forecast,2208,2026-07-30 02:00:00+00:00,804.325,804.325,,2026-04-28 18:00:00+00:00,2026-07-29 17:00:00+00:00,online
2026-07-29,2026-08-10 08:08:40+00:00,BE,wind_offshore,tso_reference,TSO forecast,tso_forecast,2208,2026-07-30 03:00:00+00:00,645.2,645.2,,2026-04-28 18:00:00+00:00,2026-07-29 17:00:00+00:00,online
2026-07-29,2026-08-10 08:08:40+00:00,BE,wind_offshore,tso_reference,TSO forecast,tso_forecast,2208,2026-07-30 04:00:00+00:00,478.95,478.95,,2026-04-28 18:00:00+00:00,2026-07-29 17:00:00+00:00,online
2026-07-29,2026-08-10 08:08:40+00:00,BE,wind_offshore,tso_reference,TSO forecast,tso_forecast,2208,2026-07-30 05:00:00+00:00,323.1,323.1,,2026-04-28 18:00:00+00:00,2026-07-29 17:00:00+00:00,online
2026-07-29,2026-08-10 08:08:40+00:00,BE,wind_offshore,tso_reference,TSO forecast,tso_forecast,2208,2026-07-30 06:00:00+00:00,217.7,217.7,,2026-04-28 18:00:00+00:00,2026-07-29 17:00:00+00:00,online
2026-07-29,2026-08-10 08:08:40+00:00,BE,wind_offshore,tso_reference,TSO forecast,tso_forecast,2208,2026-07-30 07:00:00+00:00,159.7,159.7,,2026-04-28 18:00:00+00:00,2026-07-29 17:00:00+00:00,online
2026-07-29,2026-08-10 08:08:40+00:00,BE,wind_offshore,tso_reference,TSO forecast,tso_forecast,2208,2026-07-30 08:00:00+00:00,123.775,123.775,,2026-04-28 18:00:00+00:00,2026-07-29 17:00:00+00:00,online
2026-07-29,2026-08-10 08:08:40+00:00,BE,wind_offshore,tso_reference,TSO forecast,tso_forecast,2208,2026-07-30 09:00:00+00:00,101.325,101.325,,2026-04-28 18:00:00+00:00,2026-07-29 17:00:00+00:00,online
2026-07-29,2026-08-10 08:08:40+00:00,BE,wind_offshore,tso_reference,TSO forecast,tso_forecast,2208,2026-07-30 10:00:00+00:00,95.975,95.975,,2026-04-28 18:00:00+00:00,2026-07-29 17:00:00+00:00,online
2026-07-29,2026-08-10 08:08:40+00:00,BE,wind_offshore,tso_reference,TSO forecast,tso_forecast,2208,2026-07-30 11:00:00+00:00,103.225,103.225,,2026-04-28 18:00:00+00:00,2026-07-29 17:00:00+00:00,online
2026-07-29,2026-08-10 08:08:40+00:00,BE,wind_offshore,tso_reference,TSO forecast,tso_forecast,2208,2026-07-30 12:00:00+00:00,115.825,115.825,,2026-04-28 18:00:00+00:00,2026-07-29 17:00:00+00:00,online
2026-07-29,2026-08-10 08:08:40+00:00,BE,wind_offshore,tso_reference,TSO forecast,tso_forecast,2208,2026-07-30 13:00:00+00:00,140.2,140.2,,2026-04-28 18:00:00+00:00,2026-07-29 17:00:00+00:00,online
2026-07-29,2026-08-10 08:08:40+00:00,BE,wind_offshore,tso_reference,TSO forecast,tso_forecast,2208,2026-07-30 14:00:00+00:00,194.0,194.0,,2026-04-28 18:00:00+00:00,2026-07-29 17:00:00+00:00,online
2026-07-29,2026-08-10 08:08:40+00:00,BE,wind_offshore,tso_reference,TSO forecast,tso_forecast,2208,2026-07-30 15:00:00+00:00,297.725,297.725,,2026-04-28 18:00:00+00:00,2026-07-29 17:00:00+00:00,online
2026-07-29,2026-08-10 08:08:40+00:00,BE,wind_offshore,tso_reference,TSO forecast,tso_forecast,2208,2026-07-30 16:00:00+00:00,458.3,458.3,,2026-04-28 18:00:00+00:00,2026-07-29 17:00:00+00:00,online
2026-07-29,2026-08-10 08:08:40+00:00,BE,wind_offshore,tso_reference,TSO forecast,tso_forecast,2208,2026-07-30 17:00:00+00:00,635.3,635.3,,2026-04-28 18:00:00+00:00,2026-07-29 17:00:00+00:00,online
2026-07-29,2026-08-10 08:08:40+00:00,BE,wind_offshore,persistence,Persistence,daily_persistence,2208,2026-07-29 18:00:00+00:00,27.9875,302.275,,2026-04-28 18:00:00+00:00,2026-07-29 17:00:00+00:00,online
2026-07-29,2026-08-10 08:08:40+00:00,BE,wind_offshore,persistence,Persistence,daily_persistence,2208,2026-07-29 19:00:00+00:00,27.9825,510.25,,2026-04-28 18:00:00+00:00,2026-07-29 17:00:00+00:00,online
2026-07-29,2026-08-10 08:08:40+00:00,BE,wind_offshore,persistence,Persistence,daily_persistence,2208,2026-07-29 20:00:00+00:00,28.14,724.975,,2026-04-28 18:00:00+00:00,2026-07-29 17:00:00+00:00,online
2026-07-29,2026-08-10 08:08:40+00:00,BE,wind_offshore,persistence,Persistence,daily_persistence,2208,2026-07-29 21:00:00+00:00,28.8475,857.025,,2026-04-28 18:00:00+00:00,2026-07-29 17:00:00+00:00,online
2026-07-29,2026-08-10 08:08:40+00:00,BE,wind_offshore,persistence,Persistence,daily_persistence,2208,2026-07-29 22:00:00+00:00,27.955,1246.8,,2026-04-28 18:00:00+00:00,2026-07-29 17:00:00+00:00,online
2026-07-29,2026-08-10 08:08:40+00:00,BE,wind_offshore,persistence,Persistence,daily_persistence,2208,2026-07-29 23:00:00+00:00,27.795,1221.05,,2026-04-28 18:00:00+00:00,2026-07-29 17:00:00+00:00,online
2026-07-29,2026-08-10 08:08:40+00:00,BE,wind_offshore,persistence,Persistence,daily_persistence,2208,2026-07-30 00:00:00+00:00,26.2075,1128.425,,2026-04-28 18:00:00+00:00,2026-07-29 17:00:00+00:00,online
2026-07-29,2026-08-10 08:08:40+00:00,BE,wind_offshore,persistence,Persistence,daily_persistence,2208,2026-07-30 01:00:00+00:00,29.3825,973.625,,2026-04-28 18:00:00+00:00,2026-07-29 17:00:00+00:00,online
2026-07-29,2026-08-10 08:08:40+00:00,BE,wind_offshore,persistence,Persistence,daily_persistence,2208,2026-07-30 02:00:00+00:00,29.72,804.325,,2026-04-28 18:00:00+00:00,2026-07-29 17:00:00+00:00,online
2026-07-29,2026-08-10 08:08:40+00:00,BE,wind_offshore,persistence,Persistence,daily_persistence,2208,2026-07-30 03:00:00+00:00,29.9525,645.2,,2026-04-28 18:00:00+00:00,2026-07-29 17:00:00+00:00,online
2026-07-29,2026-08-10 08:08:40+00:00,BE,wind_offshore,persistence,Persistence,daily_persistence,2208,2026-07-30 04:00:00+00:00,29.655,478.95,,2026-04-28 18:00:00+00:00,2026-07-29 17:00:00+00:00,online
2026-07-29,2026-08-10 08:08:40+00:00,BE,wind_offshore,persistence,Persistence,daily_persistence,2208,2026-07-30 05:00:00+00:00,29.4475,323.1,,2026-04-28 18:00:00+00:00,2026-07-29 17:00:00+00:00,online
2026-07-29,2026-08-10 08:08:40+00:00,BE,wind_offshore,persistence,Persistence,daily_persistence,2208,2026-07-30 06:00:00+00:00,28.845,217.7,,2026-04-28 18:00:00+00:00,2026-07-29 17:00:00+00:00,online
2026-07-29,2026-08-10 08:08:40+00:00,BE,wind_offshore,persistence,Persistence,daily_persistence,2208,2026-07-30 07:00:00+00:00,28.21,159.7,,2026-04-28 18:00:00+00:00,2026-07-29 17:00:00+00:00,online
2026-07-29,2026-08-10 08:08:40+00:00,BE,wind_offshore,persistence,Persistence,daily_persistence,2208,2026-07-30 08:00:00+00:00,23.7975,123.775,,2026-04-28 18:00:00+00:00,2026-07-29 17:00:00+00:00,online
2026-07-29,2026-08-10 08:08:40+00:00,BE,wind_offshore,persistence,Persistence,daily_persistence,2208,2026-07-30 09:00:00+00:00,18.49,101.325,,2026-04-28 18:00:00+00:00,2026-07-29 17:00:00+00:00,online
2026-07-29,2026-08-10 08:08:40+00:00,BE,wind_offshore,persistence,Persistence,daily_persistence,2208,2026-07-30 10:00:00+00:00,15.7625,95.975,,2026-04-28 18:00:00+00:00,2026-07-29 17:00:00+00:00,online
2026-07-29,2026-08-10 08:08:40+00:00,BE,wind_offshore,persistence,Persistence,daily_persistence,2208,2026-07-30 11:00:00+00:00,1.3275,103.225,,2026-04-28 18:00:00+00:00,2026-07-29 17:00:00+00:00,online
2026-07-29,2026-08-10 08:08:40+00:00,BE,wind_offshore,persistence,Persistence,daily_persistence,2208,2026-07-30 12:00:00+00:00,11.51,115.825,,2026-04-28 18:00:00+00:00,2026-07-29 17:00:00+00:00,online
2026-07-29,2026-08-10 08:08:40+00:00,BE,wind_offshore,persistence,Persistence,daily_persistence,2208,2026-07-30 13:00:00+00:00,27.5375,140.2,,2026-04-28 18:00:00+00:00,2026-07-29 17:00:00+00:00,online
2026-07-29,2026-08-10 08:08:40+00:00,BE,wind_offshore,persistence,Persistence,daily_persistence,2208,2026-07-30 14:00:00+00:00,28.9575,194.0,,2026-04-28 18:00:00+00:00,2026-07-29 17:00:00+00:00,online
2026-07-29,2026-08-10 08:08:40+00:00,BE,wind_offshore,persistence,Persistence,daily_persistence,2208,2026-07-30 15:00:00+00:00,28.42,297.725,,2026-04-28 18:00:00+00:00,2026-07-29 17:00:00+00:00,online
2026-07-29,2026-08-10 08:08:40+00:00,BE,wind_offshore,persistence,Persistence,daily_persistence,2208,2026-07-30 16:00:00+00:00,29.185,458.3,,2026-04-28 18:00:00+00:00,2026-07-29 17:00:00+00:00,online
2026-07-29,2026-08-10 08:08:40+00:00,BE,wind_offshore,persistence,Persistence,daily_persistence,2208,2026-07-30 17:00:00+00:00,17.3725,635.3,,2026-04-28 18:00:00+00:00,2026-07-29 17:00:00+00:00,online
2026-07-29,2026-08-10 08:08:40+00:00,BE,wind_offshore,chronos2_online,Chronos2 with covariates,weather_4p+tso_forecast,2208,2026-07-29 18:00:00+00:00,50.677490234375,302.275,,2026-04-28 18:00:00+00:00,2026-07-29 17:00:00+00:00,online
2026-07-29,2026-08-10 08:08:40+00:00,BE,wind_offshore,chronos2_online,Chronos2 with covariates,weather_4p+tso_forecast,2208,2026-07-29 19:00:00+00:00,103.8843994140625,510.25,,2026-04-28 18:00:00+00:00,2026-07-29 17:00:00+00:00,online
2026-07-29,2026-08-10 08:08:40+00:00,BE,wind_offshore,chronos2_online,Chronos2 with covariates,weather_4p+tso_forecast,2208,2026-07-29 20:00:00+00:00,373.9298706054687,724.975,,2026-04-28 18:00:00+00:00,2026-07-29 17:00:00+00:00,online
2026-07-29,2026-08-10 08:08:40+00:00,BE,wind_offshore,chronos2_online,Chronos2 with covariates,weather_4p+tso_forecast,2208,2026-07-29 21:00:00+00:00,736.8659057617188,857.025,,2026-04-28 18:00:00+00:00,2026-07-29 17:00:00+00:00,online
2026-07-29,2026-08-10 08:08:40+00:00,BE,wind_offshore,chronos2_online,Chronos2 with covariates,weather_4p+tso_forecast,2208,2026-07-29 22:00:00+00:00,1149.689453125,1246.8,,2026-04-28 18:00:00+00:00,2026-07-29 17:00:00+00:00,online
2026-07-29,2026-08-10 08:08:40+00:00,BE,wind_offshore,chronos2_online,Chronos2 with covariates,weather_4p+tso_forecast,2208,2026-07-29 23:00:00+00:00,1212.157958984375,1221.05,,2026-04-28 18:00:00+00:00,2026-07-29 17:00:00+00:00,online
2026-07-29,2026-08-10 08:08:40+00:00,BE,wind_offshore,chronos2_online,Chronos2 with covariates,weather_4p+tso_forecast,2208,2026-07-30 00:00:00+00:00,1089.9132080078125,1128.425,,2026-04-28 18:00:00+00:00,2026-07-29 17:00:00+00:00,online
2026-07-29,2026-08-10 08:08:40+00:00,BE,wind_offshore,chronos2_online,Chronos2 with covariates,weather_4p+tso_forecast,2208,2026-07-30 01:00:00+00:00,967.9510498046876,973.625,,2026-04-28 18:00:00+00:00,2026-07-29 17:00:00+00:00,online
2026-07-29,2026-08-10 08:08:40+00:00,BE,wind_offshore,chronos2_online,Chronos2 with covariates,weather_4p+tso_forecast,2208,2026-07-30 02:00:00+00:00,781.5479125976562,804.325,,2026-04-28 18:00:00+00:00,2026-07-29 17:00:00+00:00,online
2026-07-29,2026-08-10 08:08:40+00:00,BE,wind_offshore,chronos2_online,Chronos2 with covariates,weather_4p+tso_forecast,2208,2026-07-30 03:00:00+00:00,606.12060546875,645.2,,2026-04-28 18:00:00+00:00,2026-07-29 17:00:00+00:00,online
2026-07-29,2026-08-10 08:08:40+00:00,BE,wind_offshore,chronos2_online,Chronos2 with covariates,weather_4p+tso_forecast,2208,2026-07-30 04:00:00+00:00,341.0956726074219,478.95,,2026-04-28 18:00:00+00:00,2026-07-29 17:00:00+00:00,online
2026-07-29,2026-08-10 08:08:40+00:00,BE,wind_offshore,chronos2_online,Chronos2 with covariates,weather_4p+tso_forecast,2208,2026-07-30 05:00:00+00:00,115.90826416015624,323.1,,2026-04-28 18:00:00+00:00,2026-07-29 17:00:00+00:00,online
2026-07-29,2026-08-10 08:08:40+00:00,BE,wind_offshore,chronos2_online,Chronos2 with covariates,weather_4p+tso_forecast,2208,2026-07-30 06:00:00+00:00,62.0234375,217.7,,2026-04-28 18:00:00+00:00,2026-07-29 17:00:00+00:00,online
2026-07-29,2026-08-10 08:08:40+00:00,BE,wind_offshore,chronos2_online,Chronos2 with covariates,weather_4p+tso_forecast,2208,2026-07-30 07:00:00+00:00,52.843994140625,159.7,,2026-04-28 18:00:00+00:00,2026-07-29 17:00:00+00:00,online
2026-07-29,2026-08-10 08:08:40+00:00,BE,wind_offshore,chronos2_online,Chronos2 with covariates,weather_4p+tso_forecast,2208,2026-07-30 08:00:00+00:00,29.6114501953125,123.775,,2026-04-28 18:00:00+00:00,2026-07-29 17:00:00+00:00,online
2026-07-29,2026-08-10 08:08:40+00:00,BE,wind_offshore,chronos2_online,Chronos2 with covariates,weather_4p+tso_forecast,2208,2026-07-30 09:00:00+00:00,37.80157470703125,101.325,,2026-04-28 18:00:00+00:00,2026-07-29 17:00:00+00:00,online
2026-07-29,2026-08-10 08:08:40+00:00,BE,wind_offshore,chronos2_online,Chronos2 with covariates,weather_4p+tso_forecast,2208,2026-07-30 10:00:00+00:00,43.75341796875,95.975,,2026-04-28 18:00:00+00:00,2026-07-29 17:00:00+00:00,online
2026-07-29,2026-08-10 08:08:40+00:00,BE,wind_offshore,chronos2_online,Chronos2 with covariates,weather_4p+tso_forecast,2208,2026-07-30 11:00:00+00:00,43.012939453125,103.225,,2026-04-28 18:00:00+00:00,2026-07-29 17:00:00+00:00,online
2026-07-29,2026-08-10 08:08:40+00:00,BE,wind_offshore,chronos2_online,Chronos2 with covariates,weather_4p+tso_forecast,2208,2026-07-30 12:00:00+00:00,40.65484619140625,115.825,,2026-04-28 18:00:00+00:00,2026-07-29 17:00:00+00:00,online
2026-07-29,2026-08-10 08:08:40+00:00,BE,wind_offshore,chronos2_online,Chronos2 with covariates,weather_4p+tso_forecast,2208,2026-07-30 13:00:00+00:00,35.94476318359375,140.2,,2026-04-28 18:00:00+00:00,2026-07-29 17:00:00+00:00,online
2026-07-29,2026-08-10 08:08:40+00:00,BE,wind_offshore,chronos2_online,Chronos2 with covariates,weather_4p+tso_forecast,2208,2026-07-30 14:00:00+00:00,45.7821044921875,194.0,,2026-04-28 18:00:00+00:00,2026-07-29 17:00:00+00:00,online
2026-07-29,2026-08-10 08:08:40+00:00,BE,wind_offshore,chronos2_online,Chronos2 with covariates,weather_4p+tso_forecast,2208,2026-07-30 15:00:00+00:00,103.13314819335938,297.725,,2026-04-28 18:00:00+00:00,2026-07-29 17:00:00+00:00,online
2026-07-29,2026-08-10 08:08:40+00:00,BE,wind_offshore,chronos2_online,Chronos2 with covariates,weather_4p+tso_forecast,2208,2026-07-30 16:00:00+00:00,214.2039794921875,458.3,,2026-04-28 18:00:00+00:00,2026-07-29 17:00:00+00:00,online
2026-07-29,2026-08-10 08:08:40+00:00,BE,wind_offshore,chronos2_online,Chronos2 with covariates,weather_4p+tso_forecast,2208,2026-07-30 17:00:00+00:00,418.1808776855469,635.3,,2026-04-28 18:00:00+00:00,2026-07-29 17:00:00+00:00,online
2026-07-29,2026-08-10 08:08:40+00:00,BE,wind_offshore,xgboost_online,XGBoost with covariates,weather_4p+tso_forecast,2208,2026-07-29 18:00:00+00:00,91.2086181640625,302.275,,2026-04-28 18:00:00+00:00,2026-07-29 17:00:00+00:00,online
2026-07-29,2026-08-10 08:08:40+00:00,BE,wind_offshore,xgboost_online,XGBoost with covariates,weather_4p+tso_forecast,2208,2026-07-29 19:00:00+00:00,245.2828826904297,510.25,,2026-04-28 18:00:00+00:00,2026-07-29 17:00:00+00:00,online
2026-07-29,2026-08-10 08:08:40+00:00,BE,wind_offshore,xgboost_online,XGBoost with covariates,weather_4p+tso_forecast,2208,2026-07-29 20:00:00+00:00,433.8787231445313,724.975,,2026-04-28 18:00:00+00:00,2026-07-29 17:00:00+00:00,online
2026-07-29,2026-08-10 08:08:40+00:00,BE,wind_offshore,xgboost_online,XGBoost with covariates,weather_4p+tso_forecast,2208,2026-07-29 21:00:00+00:00,881.8903198242188,857.025,,2026-04-28 18:00:00+00:00,2026-07-29 17:00:00+00:00,online
2026-07-29,2026-08-10 08:08:40+00:00,BE,wind_offshore,xgboost_online,XGBoost with covariates,weather_4p+tso_forecast,2208,2026-07-29 22:00:00+00:00,1133.3211669921875,1246.8,,2026-04-28 18:00:00+00:00,2026-07-29 17:00:00+00:00,online
2026-07-29,2026-08-10 08:08:40+00:00,BE,wind_offshore,xgboost_online,XGBoost with covariates,weather_4p+tso_forecast,2208,2026-07-29 23:00:00+00:00,1343.746826171875,1221.05,,2026-04-28 18:00:00+00:00,2026-07-29 17:00:00+00:00,online
2026-07-29,2026-08-10 08:08:40+00:00,BE,wind_offshore,xgboost_online,XGBoost with covariates,weather_4p+tso_forecast,2208,2026-07-30 00:00:00+00:00,983.0694580078124,1128.425,,2026-04-28 18:00:00+00:00,2026-07-29 17:00:00+00:00,online
2026-07-29,2026-08-10 08:08:40+00:00,BE,wind_offshore,xgboost_online,XGBoost with covariates,weather_4p+tso_forecast,2208,2026-07-30 01:00:00+00:00,1039.24853515625,973.625,,2026-04-28 18:00:00+00:00,2026-07-29 17:00:00+00:00,online
2026-07-29,2026-08-10 08:08:40+00:00,BE,wind_offshore,xgboost_online,XGBoost with covariates,weather_4p+tso_forecast,2208,2026-07-30 02:00:00+00:00,850.8597412109375,804.325,,2026-04-28 18:00:00+00:00,2026-07-29 17:00:00+00:00,online
2026-07-29,2026-08-10 08:08:40+00:00,BE,wind_offshore,xgboost_online,XGBoost with covariates,weather_4p+tso_forecast,2208,2026-07-30 03:00:00+00:00,720.052490234375,645.2,,2026-04-28 18:00:00+00:00,2026-07-29 17:00:00+00:00,online
2026-07-29,2026-08-10 08:08:40+00:00,BE,wind_offshore,xgboost_online,XGBoost with covariates,weather_4p+tso_forecast,2208,2026-07-30 04:00:00+00:00,457.9417724609375,478.95,,2026-04-28 18:00:00+00:00,2026-07-29 17:00:00+00:00,online
2026-07-29,2026-08-10 08:08:40+00:00,BE,wind_offshore,xgboost_online,XGBoost with covariates,weather_4p+tso_forecast,2208,2026-07-30 05:00:00+00:00,233.48890686035156,323.1,,2026-04-28 18:00:00+00:00,2026-07-29 17:00:00+00:00,online
2026-07-29,2026-08-10 08:08:40+00:00,BE,wind_offshore,xgboost_online,XGBoost with covariates,weather_4p+tso_forecast,2208,2026-07-30 06:00:00+00:00,82.18071746826172,217.7,,2026-04-28 18:00:00+00:00,2026-07-29 17:00:00+00:00,online
2026-07-29,2026-08-10 08:08:40+00:00,BE,wind_offshore,xgboost_online,XGBoost with covariates,weather_4p+tso_forecast,2208,2026-07-30 07:00:00+00:00,65.46417999267578,159.7,,2026-04-28 18:00:00+00:00,2026-07-29 17:00:00+00:00,online
2026-07-29,2026-08-10 08:08:40+00:00,BE,wind_offshore,xgboost_online,XGBoost with covariates,weather_4p+tso_forecast,2208,2026-07-30 08:00:00+00:00,55.262638092041016,123.775,,2026-04-28 18:00:00+00:00,2026-07-29 17:00:00+00:00,online
2026-07-29,2026-08-10 08:08:40+00:00,BE,wind_offshore,xgboost_online,XGBoost with covariates,weather_4p+tso_forecast,2208,2026-07-30 09:00:00+00:00,96.02608489990234,101.325,,2026-04-28 18:00:00+00:00,2026-07-29 17:00:00+00:00,online
2026-07-29,2026-08-10 08:08:40+00:00,BE,wind_offshore,xgboost_online,XGBoost with covariates,weather_4p+tso_forecast,2208,2026-07-30 10:00:00+00:00,53.56825637817383,95.975,,2026-04-28 18:00:00+00:00,2026-07-29 17:00:00+00:00,online
2026-07-29,2026-08-10 08:08:40+00:00,BE,wind_offshore,xgboost_online,XGBoost with covariates,weather_4p+tso_forecast,2208,2026-07-30 11:00:00+00:00,47.059906005859375,103.225,,2026-04-28 18:00:00+00:00,2026-07-29 17:00:00+00:00,online
2026-07-29,2026-08-10 08:08:40+00:00,BE,wind_offshore,xgboost_online,XGBoost with covariates,weather_4p+tso_forecast,2208,2026-07-30 12:00:00+00:00,51.587364196777344,115.825,,2026-04-28 18:00:00+00:00,2026-07-29 17:00:00+00:00,online
2026-07-29,2026-08-10 08:08:40+00:00,BE,wind_offshore,xgboost_online,XGBoost with covariates,weather_4p+tso_forecast,2208,2026-07-30 13:00:00+00:00,53.1241455078125,140.2,,2026-04-28 18:00:00+00:00,2026-07-29 17:00:00+00:00,online
2026-07-29,2026-08-10 08:08:40+00:00,BE,wind_offshore,xgboost_online,XGBoost with covariates,weather_4p+tso_forecast,2208,2026-07-30 14:00:00+00:00,66.51350402832031,194.0,,2026-04-28 18:00:00+00:00,2026-07-29 17:00:00+00:00,online
2026-07-29,2026-08-10 08:08:40+00:00,BE,wind_offshore,xgboost_online,XGBoost with covariates,weather_4p+tso_forecast,2208,2026-07-30 15:00:00+00:00,140.010009765625,297.725,,2026-04-28 18:00:00+00:00,2026-07-29 17:00:00+00:00,online
2026-07-29,2026-08-10 08:08:40+00:00,BE,wind_offshore,xgboost_online,XGBoost with covariates,weather_4p+tso_forecast,2208,2026-07-30 16:00:00+00:00,250.20054626464844,458.3,,2026-04-28 18:00:00+00:00,2026-07-29 17:00:00+00:00,online
2026-07-29,2026-08-10 08:08:40+00:00,BE,wind_offshore,xgboost_online,XGBoost with covariates,weather_4p+tso_forecast,2208,2026-07-30 17:00:00+00:00,463.8683166503906,635.3,,2026-04-28 18:00:00+00:00,2026-07-29 17:00:00+00:00,online
2026-07-29,2026-08-10 08:08:40+00:00,FR,load,tso_reference,TSO forecast,tso_forecast,2208,2026-07-29 18:00:00+00:00,50850.0,50850.0,,2026-04-28 18:00:00+00:00,2026-07-29 17:00:00+00:00,online
2026-07-29,2026-08-10 08:08:40+00:00,FR,load,tso_reference,TSO forecast,tso_forecast,2208,2026-07-29 19:00:00+00:00,48812.5,48812.5,,2026-04-28 18:00:00+00:00,2026-07-29 17:00:00+00:00,online
2026-07-29,2026-08-10 08:08:40+00:00,FR,load,tso_reference,TSO forecast,tso_forecast,2208,2026-07-29 20:00:00+00:00,48987.5,48987.5,,2026-04-28 18:00:00+00:00,2026-07-29 17:00:00+00:00,online
2026-07-29,2026-08-10 08:08:40+00:00,FR,load,tso_reference,TSO forecast,tso_forecast,2208,2026-07-29 21:00:00+00:00,48650.0,48650.0,,2026-04-28 18:00:00+00:00,2026-07-29 17:00:00+00:00,online
2026-07-29,2026-08-10 08:08:40+00:00,FR,load,tso_reference,TSO forecast,tso_forecast,2208,2026-07-29 22:00:00+00:00,45075.0,45075.0,,2026-04-28 18:00:00+00:00,2026-07-29 17:00:00+00:00,online
2026-07-29,2026-08-10 08:08:40+00:00,FR,load,tso_reference,TSO forecast,tso_forecast,2208,2026-07-29 23:00:00+00:00,42862.5,42862.5,,2026-04-28 18:00:00+00:00,2026-07-29 17:00:00+00:00,online
2026-07-29,2026-08-10 08:08:40+00:00,FR,load,tso_reference,TSO forecast,tso_forecast,2208,2026-07-30 00:00:00+00:00,40225.0,40225.0,,2026-04-28 18:00:00+00:00,2026-07-29 17:00:00+00:00,online
2026-07-29,2026-08-10 08:08:40+00:00,FR,load,tso_reference,TSO forecast,tso_forecast,2208,2026-07-30 01:00:00+00:00,38100.0,38100.0,,2026-04-28 18:00:00+00:00,2026-07-29 17:00:00+00:00,online
2026-07-29,2026-08-10 08:08:40+00:00,FR,load,tso_reference,TSO forecast,tso_forecast,2208,2026-07-30 02:00:00+00:00,37462.5,37462.5,,2026-04-28 18:00:00+00:00,2026-07-29 17:00:00+00:00,online
2026-07-29,2026-08-10 08:08:40+00:00,FR,load,tso_reference,TSO forecast,tso_forecast,2208,2026-07-30 03:00:00+00:00,38537.5,38537.5,,2026-04-28 18:00:00+00:00,2026-07-29 17:00:00+00:00,online
2026-07-29,2026-08-10 08:08:40+00:00,FR,load,tso_reference,TSO forecast,tso_forecast,2208,2026-07-30 04:00:00+00:00,40237.5,40237.5,,2026-04-28 18:00:00+00:00,2026-07-29 17:00:00+00:00,online
2026-07-29,2026-08-10 08:08:40+00:00,FR,load,tso_reference,TSO forecast,tso_forecast,2208,2026-07-30 05:00:00+00:00,42575.0,42575.0,,2026-04-28 18:00:00+00:00,2026-07-29 17:00:00+00:00,online
2026-07-29,2026-08-10 08:08:40+00:00,FR,load,tso_reference,TSO forecast,tso_forecast,2208,2026-07-30 06:00:00+00:00,45175.0,45175.0,,2026-04-28 18:00:00+00:00,2026-07-29 17:00:00+00:00,online
2026-07-29,2026-08-10 08:08:40+00:00,FR,load,tso_reference,TSO forecast,tso_forecast,2208,2026-07-30 07:00:00+00:00,47275.0,47275.0,,2026-04-28 18:00:00+00:00,2026-07-29 17:00:00+00:00,online
2026-07-29,2026-08-10 08:08:40+00:00,FR,load,tso_reference,TSO forecast,tso_forecast,2208,2026-07-30 08:00:00+00:00,49112.5,49112.5,,2026-04-28 18:00:00+00:00,2026-07-29 17:00:00+00:00,online
2026-07-29,2026-08-10 08:08:40+00:00,FR,load,tso_reference,TSO forecast,tso_forecast,2208,2026-07-30 09:00:00+00:00,50812.5,50812.5,,2026-04-28 18:00:00+00:00,2026-07-29 17:00:00+00:00,online
2026-07-29,2026-08-10 08:08:40+00:00,FR,load,tso_reference,TSO forecast,tso_forecast,2208,2026-07-30 10:00:00+00:00,52325.0,52325.0,,2026-04-28 18:00:00+00:00,2026-07-29 17:00:00+00:00,online
2026-07-29,2026-08-10 08:08:40+00:00,FR,load,tso_reference,TSO forecast,tso_forecast,2208,2026-07-30 11:00:00+00:00,52037.5,52037.5,,2026-04-28 18:00:00+00:00,2026-07-29 17:00:00+00:00,online
2026-07-29,2026-08-10 08:08:40+00:00,FR,load,tso_reference,TSO forecast,tso_forecast,2208,2026-07-30 12:00:00+00:00,52425.0,52425.0,,2026-04-28 18:00:00+00:00,2026-07-29 17:00:00+00:00,online
2026-07-29,2026-08-10 08:08:40+00:00,FR,load,tso_reference,TSO forecast,tso_forecast,2208,2026-07-30 13:00:00+00:00,52062.5,52062.5,,2026-04-28 18:00:00+00:00,2026-07-29 17:00:00+00:00,online
2026-07-29,2026-08-10 08:08:40+00:00,FR,load,tso_reference,TSO forecast,tso_forecast,2208,2026-07-30 14:00:00+00:00,50637.5,50637.5,,2026-04-28 18:00:00+00:00,2026-07-29 17:00:00+00:00,online
2026-07-29,2026-08-10 08:08:40+00:00,FR,load,tso_reference,TSO forecast,tso_forecast,2208,2026-07-30 15:00:00+00:00,50237.5,50237.5,,2026-04-28 18:00:00+00:00,2026-07-29 17:00:00+00:00,online
2026-07-29,2026-08-10 08:08:40+00:00,FR,load,tso_reference,TSO forecast,tso_forecast,2208,2026-07-30 16:00:00+00:00,51175.0,51175.0,,2026-04-28 18:00:00+00:00,2026-07-29 17:00:00+00:00,online
2026-07-29,2026-08-10 08:08:40+00:00,FR,load,tso_reference,TSO forecast,tso_forecast,2208,2026-07-30 17:00:00+00:00,51850.0,51850.0,,2026-04-28 18:00:00+00:00,2026-07-29 17:00:00+00:00,online
2026-07-29,2026-08-10 08:08:40+00:00,FR,load,persistence,Persistence,weekly_persistence,2208,2026-07-29 18:00:00+00:00,47777.8,50850.0,,2026-04-28 18:00:00+00:00,2026-07-29 17:00:00+00:00,online
2026-07-29,2026-08-10 08:08:40+00:00,FR,load,persistence,Persistence,weekly_persistence,2208,2026-07-29 19:00:00+00:00,46206.7,48812.5,,2026-04-28 18:00:00+00:00,2026-07-29 17:00:00+00:00,online
2026-07-29,2026-08-10 08:08:40+00:00,FR,load,persistence,Persistence,weekly_persistence,2208,2026-07-29 20:00:00+00:00,46943.025,48987.5,,2026-04-28 18:00:00+00:00,2026-07-29 17:00:00+00:00,online
2026-07-29,2026-08-10 08:08:40+00:00,FR,load,persistence,Persistence,weekly_persistence,2208,2026-07-29 21:00:00+00:00,45517.635,48650.0,,2026-04-28 18:00:00+00:00,2026-07-29 17:00:00+00:00,online
2026-07-29,2026-08-10 08:08:40+00:00,FR,load,persistence,Persistence,weekly_persistence,2208,2026-07-29 22:00:00+00:00,42523.725,45075.0,,2026-04-28 18:00:00+00:00,2026-07-29 17:00:00+00:00,online
2026-07-29,2026-08-10 08:08:40+00:00,FR,load,persistence,Persistence,weekly_persistence,2208,2026-07-29 23:00:00+00:00,40360.735,42862.5,,2026-04-28 18:00:00+00:00,2026-07-29 17:00:00+00:00,online
2026-07-29,2026-08-10 08:08:40+00:00,FR,load,persistence,Persistence,weekly_persistence,2208,2026-07-30 00:00:00+00:00,38077.975,40225.0,,2026-04-28 18:00:00+00:00,2026-07-29 17:00:00+00:00,online
2026-07-29,2026-08-10 08:08:40+00:00,FR,load,persistence,Persistence,weekly_persistence,2208,2026-07-30 01:00:00+00:00,36327.9725,38100.0,,2026-04-28 18:00:00+00:00,2026-07-29 17:00:00+00:00,online
2026-07-29,2026-08-10 08:08:40+00:00,FR,load,persistence,Persistence,weekly_persistence,2208,2026-07-30 02:00:00+00:00,35626.619999999995,37462.5,,2026-04-28 18:00:00+00:00,2026-07-29 17:00:00+00:00,online
2026-07-29,2026-08-10 08:08:40+00:00,FR,load,persistence,Persistence,weekly_persistence,2208,2026-07-30 03:00:00+00:00,37436.395,38537.5,,2026-04-28 18:00:00+00:00,2026-07-29 17:00:00+00:00,online
2026-07-29,2026-08-10 08:08:40+00:00,FR,load,persistence,Persistence,weekly_persistence,2208,2026-07-30 04:00:00+00:00,39979.2225,40237.5,,2026-04-28 18:00:00+00:00,2026-07-29 17:00:00+00:00,online
2026-07-29,2026-08-10 08:08:40+00:00,FR,load,persistence,Persistence,weekly_persistence,2208,2026-07-30 05:00:00+00:00,42211.4375,42575.0,,2026-04-28 18:00:00+00:00,2026-07-29 17:00:00+00:00,online
2026-07-29,2026-08-10 08:08:40+00:00,FR,load,persistence,Persistence,weekly_persistence,2208,2026-07-30 06:00:00+00:00,44428.68,45175.0,,2026-04-28 18:00:00+00:00,2026-07-29 17:00:00+00:00,online
2026-07-29,2026-08-10 08:08:40+00:00,FR,load,persistence,Persistence,weekly_persistence,2208,2026-07-30 07:00:00+00:00,46060.2075,47275.0,,2026-04-28 18:00:00+00:00,2026-07-29 17:00:00+00:00,online
2026-07-29,2026-08-10 08:08:40+00:00,FR,load,persistence,Persistence,weekly_persistence,2208,2026-07-30 08:00:00+00:00,47491.2975,49112.5,,2026-04-28 18:00:00+00:00,2026-07-29 17:00:00+00:00,online
2026-07-29,2026-08-10 08:08:40+00:00,FR,load,persistence,Persistence,weekly_persistence,2208,2026-07-30 09:00:00+00:00,48427.9625,50812.5,,2026-04-28 18:00:00+00:00,2026-07-29 17:00:00+00:00,online
2026-07-29,2026-08-10 08:08:40+00:00,FR,load,persistence,Persistence,weekly_persistence,2208,2026-07-30 10:00:00+00:00,49281.045,52325.0,,2026-04-28 18:00:00+00:00,2026-07-29 17:00:00+00:00,online
2026-07-29,2026-08-10 08:08:40+00:00,FR,load,persistence,Persistence,weekly_persistence,2208,2026-07-30 11:00:00+00:00,49045.87,52037.5,,2026-04-28 18:00:00+00:00,2026-07-29 17:00:00+00:00,online
2026-07-29,2026-08-10 08:08:40+00:00,FR,load,persistence,Persistence,weekly_persistence,2208,2026-07-30 12:00:00+00:00,49495.36,52425.0,,2026-04-28 18:00:00+00:00,2026-07-29 17:00:00+00:00,online
2026-07-29,2026-08-10 08:08:40+00:00,FR,load,persistence,Persistence,weekly_persistence,2208,2026-07-30 13:00:00+00:00,48735.0225,52062.5,,2026-04-28 18:00:00+00:00,2026-07-29 17:00:00+00:00,online
2026-07-29,2026-08-10 08:08:40+00:00,FR,load,persistence,Persistence,weekly_persistence,2208,2026-07-30 14:00:00+00:00,48028.1275,50637.5,,2026-04-28 18:00:00+00:00,2026-07-29 17:00:00+00:00,online
2026-07-29,2026-08-10 08:08:40+00:00,FR,load,persistence,Persistence,weekly_persistence,2208,2026-07-30 15:00:00+00:00,48042.13,50237.5,,2026-04-28 18:00:00+00:00,2026-07-29 17:00:00+00:00,online
2026-07-29,2026-08-10 08:08:40+00:00,FR,load,persistence,Persistence,weekly_persistence,2208,2026-07-30 16:00:00+00:00,49255.075,51175.0,,2026-04-28 18:00:00+00:00,2026-07-29 17:00:00+00:00,online
2026-07-29,2026-08-10 08:08:40+00:00,FR,load,persistence,Persistence,weekly_persistence,2208,2026-07-30 17:00:00+00:00,49664.675,51850.0,,2026-04-28 18:00:00+00:00,2026-07-29 17:00:00+00:00,online
2026-07-29,2026-08-10 08:08:40+00:00,FR,load,ridge_3mo_context,Ridge with covariates,deg_proxy+tso_forecast,2208,2026-07-29 18:00:00+00:00,50956.51086107214,50850.0,,2026-04-28 18:00:00+00:00,2026-07-29 17:00:00+00:00,online
2026-07-29,2026-08-10 08:08:40+00:00,FR,load,ridge_3mo_context,Ridge with covariates,deg_proxy+tso_forecast,2208,2026-07-29 19:00:00+00:00,48951.51415784101,48812.5,,2026-04-28 18:00:00+00:00,2026-07-29 17:00:00+00:00,online
2026-07-29,2026-08-10 08:08:40+00:00,FR,load,ridge_3mo_context,Ridge with covariates,deg_proxy+tso_forecast,2208,2026-07-29 20:00:00+00:00,49089.73861928172,48987.5,,2026-04-28 18:00:00+00:00,2026-07-29 17:00:00+00:00,online
2026-07-29,2026-08-10 08:08:40+00:00,FR,load,ridge_3mo_context,Ridge with covariates,deg_proxy+tso_forecast,2208,2026-07-29 21:00:00+00:00,48744.811978089405,48650.0,,2026-04-28 18:00:00+00:00,2026-07-29 17:00:00+00:00,online
2026-07-29,2026-08-10 08:08:40+00:00,FR,load,ridge_3mo_context,Ridge with covariates,deg_proxy+tso_forecast,2208,2026-07-29 22:00:00+00:00,45270.45226221923,45075.0,,2026-04-28 18:00:00+00:00,2026-07-29 17:00:00+00:00,online
2026-07-29,2026-08-10 08:08:40+00:00,FR,load,ridge_3mo_context,Ridge with covariates,deg_proxy+tso_forecast,2208,2026-07-29 23:00:00+00:00,43114.75384880498,42862.5,,2026-04-28 18:00:00+00:00,2026-07-29 17:00:00+00:00,online
2026-07-29,2026-08-10 08:08:40+00:00,FR,load,ridge_3mo_context,Ridge with covariates,deg_proxy+tso_forecast,2208,2026-07-30 00:00:00+00:00,40404.470086429064,40225.0,,2026-04-28 18:00:00+00:00,2026-07-29 17:00:00+00:00,online
2026-07-29,2026-08-10 08:08:40+00:00,FR,load,ridge_3mo_context,Ridge with covariates,deg_proxy+tso_forecast,2208,2026-07-30 01:00:00+00:00,38343.36857602166,38100.0,,2026-04-28 18:00:00+00:00,2026-07-29 17:00:00+00:00,online
2026-07-29,2026-08-10 08:08:40+00:00,FR,load,ridge_3mo_context,Ridge with covariates,deg_proxy+tso_forecast,2208,2026-07-30 02:00:00+00:00,37720.518269616376,37462.5,,2026-04-28 18:00:00+00:00,2026-07-29 17:00:00+00:00,online
2026-07-29,2026-08-10 08:08:40+00:00,FR,load,ridge_3mo_context,Ridge with covariates,deg_proxy+tso_forecast,2208,2026-07-30 03:00:00+00:00,38758.54758075016,38537.5,,2026-04-28 18:00:00+00:00,2026-07-29 17:00:00+00:00,online
2026-07-29,2026-08-10 08:08:40+00:00,FR,load,ridge_3mo_context,Ridge with covariates,deg_proxy+tso_forecast,2208,2026-07-30 04:00:00+00:00,40398.84016897525,40237.5,,2026-04-28 18:00:00+00:00,2026-07-29 17:00:00+00:00,online
2026-07-29,2026-08-10 08:08:40+00:00,FR,load,ridge_3mo_context,Ridge with covariates,deg_proxy+tso_forecast,2208,2026-07-30 05:00:00+00:00,42662.77895135652,42575.0,,2026-04-28 18:00:00+00:00,2026-07-29 17:00:00+00:00,online
2026-07-29,2026-08-10 08:08:40+00:00,FR,load,ridge_3mo_context,Ridge with covariates,deg_proxy+tso_forecast,2208,2026-07-30 06:00:00+00:00,45191.59422325538,45175.0,,2026-04-28 18:00:00+00:00,2026-07-29 17:00:00+00:00,online
2026-07-29,2026-08-10 08:08:40+00:00,FR,load,ridge_3mo_context,Ridge with covariates,deg_proxy+tso_forecast,2208,2026-07-30 07:00:00+00:00,47241.05440373244,47275.0,,2026-04-28 18:00:00+00:00,2026-07-29 17:00:00+00:00,online
2026-07-29,2026-08-10 08:08:40+00:00,FR,load,ridge_3mo_context,Ridge with covariates,deg_proxy+tso_forecast,2208,2026-07-30 08:00:00+00:00,49034.59746182491,49112.5,,2026-04-28 18:00:00+00:00,2026-07-29 17:00:00+00:00,online
2026-07-29,2026-08-10 08:08:40+00:00,FR,load,ridge_3mo_context,Ridge with covariates,deg_proxy+tso_forecast,2208,2026-07-30 09:00:00+00:00,50693.80426955296,50812.5,,2026-04-28 18:00:00+00:00,2026-07-29 17:00:00+00:00,online
2026-07-29,2026-08-10 08:08:40+00:00,FR,load,ridge_3mo_context,Ridge with covariates,deg_proxy+tso_forecast,2208,2026-07-30 10:00:00+00:00,52181.59010685769,52325.0,,2026-04-28 18:00:00+00:00,2026-07-29 17:00:00+00:00,online
2026-07-29,2026-08-10 08:08:40+00:00,FR,load,ridge_3mo_context,Ridge with covariates,deg_proxy+tso_forecast,2208,2026-07-30 11:00:00+00:00,51923.52244757416,52037.5,,2026-04-28 18:00:00+00:00,2026-07-29 17:00:00+00:00,online
2026-07-29,2026-08-10 08:08:40+00:00,FR,load,ridge_3mo_context,Ridge with covariates,deg_proxy+tso_forecast,2208,2026-07-30 12:00:00+00:00,52310.77569686284,52425.0,,2026-04-28 18:00:00+00:00,2026-07-29 17:00:00+00:00,online
2026-07-29,2026-08-10 08:08:40+00:00,FR,load,ridge_3mo_context,Ridge with covariates,deg_proxy+tso_forecast,2208,2026-07-30 13:00:00+00:00,51967.54822879336,52062.5,,2026-04-28 18:00:00+00:00,2026-07-29 17:00:00+00:00,online
2026-07-29,2026-08-10 08:08:40+00:00,FR,load,ridge_3mo_context,Ridge with covariates,deg_proxy+tso_forecast,2208,2026-07-30 14:00:00+00:00,50601.501857746865,50637.5,,2026-04-28 18:00:00+00:00,2026-07-29 17:00:00+00:00,online
2026-07-29,2026-08-10 08:08:40+00:00,FR,load,ridge_3mo_context,Ridge with covariates,deg_proxy+tso_forecast,2208,2026-07-30 15:00:00+00:00,50234.60870478736,50237.5,,2026-04-28 18:00:00+00:00,2026-07-29 17:00:00+00:00,online
2026-07-29,2026-08-10 08:08:40+00:00,FR,load,ridge_3mo_context,Ridge with covariates,deg_proxy+tso_forecast,2208,2026-07-30 16:00:00+00:00,51156.22049982269,51175.0,,2026-04-28 18:00:00+00:00,2026-07-29 17:00:00+00:00,online
2026-07-29,2026-08-10 08:08:40+00:00,FR,load,ridge_3mo_context,Ridge with covariates,deg_proxy+tso_forecast,2208,2026-07-30 17:00:00+00:00,51811.628491691095,51850.0,,2026-04-28 18:00:00+00:00,2026-07-29 17:00:00+00:00,online
2026-07-29,2026-08-10 08:08:40+00:00,FR,load,chronos2_online,Chronos2 with covariates,Temp+tso_forecast,2208,2026-07-29 18:00:00+00:00,51148.40625,50850.0,,2026-04-28 18:00:00+00:00,2026-07-29 17:00:00+00:00,online
2026-07-29,2026-08-10 08:08:40+00:00,FR,load,chronos2_online,Chronos2 with covariates,Temp+tso_forecast,2208,2026-07-29 19:00:00+00:00,49545.9765625,48812.5,,2026-04-28 18:00:00+00:00,2026-07-29 17:00:00+00:00,online
2026-07-29,2026-08-10 08:08:40+00:00,FR,load,chronos2_online,Chronos2 with covariates,Temp+tso_forecast,2208,2026-07-29 20:00:00+00:00,49470.4921875,48987.5,,2026-04-28 18:00:00+00:00,2026-07-29 17:00:00+00:00,online
2026-07-29,2026-08-10 08:08:40+00:00,FR,load,chronos2_online,Chronos2 with covariates,Temp+tso_forecast,2208,2026-07-29 21:00:00+00:00,47906.609375,48650.0,,2026-04-28 18:00:00+00:00,2026-07-29 17:00:00+00:00,online
2026-07-29,2026-08-10 08:08:40+00:00,FR,load,chronos2_online,Chronos2 with covariates,Temp+tso_forecast,2208,2026-07-29 22:00:00+00:00,44563.5859375,45075.0,,2026-04-28 18:00:00+00:00,2026-07-29 17:00:00+00:00,online
2026-07-29,2026-08-10 08:08:40+00:00,FR,load,chronos2_online,Chronos2 with covariates,Temp+tso_forecast,2208,2026-07-29 23:00:00+00:00,42262.2734375,42862.5,,2026-04-28 18:00:00+00:00,2026-07-29 17:00:00+00:00,online
2026-07-29,2026-08-10 08:08:40+00:00,FR,load,chronos2_online,Chronos2 with covariates,Temp+tso_forecast,2208,2026-07-30 00:00:00+00:00,39927.2890625,40225.0,,2026-04-28 18:00:00+00:00,2026-07-29 17:00:00+00:00,online
2026-07-29,2026-08-10 08:08:40+00:00,FR,load,chronos2_online,Chronos2 with covariates,Temp+tso_forecast,2208,2026-07-30 01:00:00+00:00,38094.0625,38100.0,,2026-04-28 18:00:00+00:00,2026-07-29 17:00:00+00:00,online
2026-07-29,2026-08-10 08:08:40+00:00,FR,load,chronos2_online,Chronos2 with covariates,Temp+tso_forecast,2208,2026-07-30 02:00:00+00:00,37717.125,37462.5,,2026-04-28 18:00:00+00:00,2026-07-29 17:00:00+00:00,online
2026-07-29,2026-08-10 08:08:40+00:00,FR,load,chronos2_online,Chronos2 with covariates,Temp+tso_forecast,2208,2026-07-30 03:00:00+00:00,38943.53515625,38537.5,,2026-04-28 18:00:00+00:00,2026-07-29 17:00:00+00:00,online
2026-07-29,2026-08-10 08:08:40+00:00,FR,load,chronos2_online,Chronos2 with covariates,Temp+tso_forecast,2208,2026-07-30 04:00:00+00:00,40848.359375,40237.5,,2026-04-28 18:00:00+00:00,2026-07-29 17:00:00+00:00,online
2026-07-29,2026-08-10 08:08:40+00:00,FR,load,chronos2_online,Chronos2 with covariates,Temp+tso_forecast,2208,2026-07-30 05:00:00+00:00,43100.2578125,42575.0,,2026-04-28 18:00:00+00:00,2026-07-29 17:00:00+00:00,online
2026-07-29,2026-08-10 08:08:40+00:00,FR,load,chronos2_online,Chronos2 with covariates,Temp+tso_forecast,2208,2026-07-30 06:00:00+00:00,45638.98046875,45175.0,,2026-04-28 18:00:00+00:00,2026-07-29 17:00:00+00:00,online
2026-07-29,2026-08-10 08:08:40+00:00,FR,load,chronos2_online,Chronos2 with covariates,Temp+tso_forecast,2208,2026-07-30 07:00:00+00:00,47722.7265625,47275.0,,2026-04-28 18:00:00+00:00,2026-07-29 17:00:00+00:00,online
2026-07-29,2026-08-10 08:08:40+00:00,FR,load,chronos2_online,Chronos2 with covariates,Temp+tso_forecast,2208,2026-07-30 08:00:00+00:00,49260.70703125,49112.5,,2026-04-28 18:00:00+00:00,2026-07-29 17:00:00+00:00,online
2026-07-29,2026-08-10 08:08:40+00:00,FR,load,chronos2_online,Chronos2 with covariates,Temp+tso_forecast,2208,2026-07-30 09:00:00+00:00,50480.17578125,50812.5,,2026-04-28 18:00:00+00:00,2026-07-29 17:00:00+00:00,online
2026-07-29,2026-08-10 08:08:40+00:00,FR,load,chronos2_online,Chronos2 with covariates,Temp+tso_forecast,2208,2026-07-30 10:00:00+00:00,52087.62890625,52325.0,,2026-04-28 18:00:00+00:00,2026-07-29 17:00:00+00:00,online
2026-07-29,2026-08-10 08:08:40+00:00,FR,load,chronos2_online,Chronos2 with covariates,Temp+tso_forecast,2208,2026-07-30 11:00:00+00:00,51882.0390625,52037.5,,2026-04-28 18:00:00+00:00,2026-07-29 17:00:00+00:00,online
2026-07-29,2026-08-10 08:08:40+00:00,FR,load,chronos2_online,Chronos2 with covariates,Temp+tso_forecast,2208,2026-07-30 12:00:00+00:00,52355.3984375,52425.0,,2026-04-28 18:00:00+00:00,2026-07-29 17:00:00+00:00,online
2026-07-29,2026-08-10 08:08:40+00:00,FR,load,chronos2_online,Chronos2 with covariates,Temp+tso_forecast,2208,2026-07-30 13:00:00+00:00,51532.484375,52062.5,,2026-04-28 18:00:00+00:00,2026-07-29 17:00:00+00:00,online
2026-07-29,2026-08-10 08:08:40+00:00,FR,load,chronos2_online,Chronos2 with covariates,Temp+tso_forecast,2208,2026-07-30 14:00:00+00:00,50382.86328125,50637.5,,2026-04-28 18:00:00+00:00,2026-07-29 17:00:00+00:00,online
2026-07-29,2026-08-10 08:08:40+00:00,FR,load,chronos2_online,Chronos2 with covariates,Temp+tso_forecast,2208,2026-07-30 15:00:00+00:00,50678.98046875,50237.5,,2026-04-28 18:00:00+00:00,2026-07-29 17:00:00+00:00,online
2026-07-29,2026-08-10 08:08:40+00:00,FR,load,chronos2_online,Chronos2 with covariates,Temp+tso_forecast,2208,2026-07-30 16:00:00+00:00,51736.37890625,51175.0,,2026-04-28 18:00:00+00:00,2026-07-29 17:00:00+00:00,online
2026-07-29,2026-08-10 08:08:40+00:00,FR,load,chronos2_online,Chronos2 with covariates,Temp+tso_forecast,2208,2026-07-30 17:00:00+00:00,52016.1953125,51850.0,,2026-04-28 18:00:00+00:00,2026-07-29 17:00:00+00:00,online
2026-07-29,2026-08-10 08:08:40+00:00,FR,solar,tso_reference,TSO forecast,tso_forecast,2208,2026-07-29 18:00:00+00:00,2004.3087475,2004.3087475,,2026-04-28 18:00:00+00:00,2026-07-29 17:00:00+00:00,online
2026-07-29,2026-08-10 08:08:40+00:00,FR,solar,tso_reference,TSO forecast,tso_forecast,2208,2026-07-29 19:00:00+00:00,216.1688075,216.1688075,,2026-04-28 18:00:00+00:00,2026-07-29 17:00:00+00:00,online
2026-07-29,2026-08-10 08:08:40+00:00,FR,solar,tso_reference,TSO forecast,tso_forecast,2208,2026-07-29 20:00:00+00:00,0.0,0.0,,2026-04-28 18:00:00+00:00,2026-07-29 17:00:00+00:00,online
2026-07-29,2026-08-10 08:08:40+00:00,FR,solar,tso_reference,TSO forecast,tso_forecast,2208,2026-07-29 21:00:00+00:00,0.0,0.0,,2026-04-28 18:00:00+00:00,2026-07-29 17:00:00+00:00,online
2026-07-29,2026-08-10 08:08:40+00:00,FR,solar,tso_reference,TSO forecast,tso_forecast,2208,2026-07-29 22:00:00+00:00,0.0,0.0,,2026-04-28 18:00:00+00:00,2026-07-29 17:00:00+00:00,online
2026-07-29,2026-08-10 08:08:40+00:00,FR,solar,tso_reference,TSO forecast,tso_forecast,2208,2026-07-29 23:00:00+00:00,0.0,0.0,,2026-04-28 18:00:00+00:00,2026-07-29 17:00:00+00:00,online
2026-07-29,2026-08-10 08:08:40+00:00,FR,solar,tso_reference,TSO forecast,tso_forecast,2208,2026-07-30 00:00:00+00:00,0.0,0.0,,2026-04-28 18:00:00+00:00,2026-07-29 17:00:00+00:00,online
2026-07-29,2026-08-10 08:08:40+00:00,FR,solar,tso_reference,TSO forecast,tso_forecast,2208,2026-07-30 01:00:00+00:00,0.0,0.0,,2026-04-28 18:00:00+00:00,2026-07-29 17:00:00+00:00,online
2026-07-29,2026-08-10 08:08:40+00:00,FR,solar,tso_reference,TSO forecast,tso_forecast,2208,2026-07-30 02:00:00+00:00,0.0,0.0,,2026-04-28 18:00:00+00:00,2026-07-29 17:00:00+00:00,online
2026-07-29,2026-08-10 08:08:40+00:00,FR,solar,tso_reference,TSO forecast,tso_forecast,2208,2026-07-30 03:00:00+00:00,0.0,0.0,,2026-04-28 18:00:00+00:00,2026-07-29 17:00:00+00:00,online
2026-07-29,2026-08-10 08:08:40+00:00,FR,solar,tso_reference,TSO forecast,tso_forecast,2208,2026-07-30 04:00:00+00:00,89.3771725,89.3771725,,2026-04-28 18:00:00+00:00,2026-07-29 17:00:00+00:00,online
2026-07-29,2026-08-10 08:08:40+00:00,FR,solar,tso_reference,TSO forecast,tso_forecast,2208,2026-07-30 05:00:00+00:00,1014.3708125,1014.3708125,,2026-04-28 18:00:00+00:00,2026-07-29 17:00:00+00:00,online
2026-07-29,2026-08-10 08:08:40+00:00,FR,solar,tso_reference,TSO forecast,tso_forecast,2208,2026-07-30 06:00:00+00:00,3587.8644400000003,3587.8644400000003,,2026-04-28 18:00:00+00:00,2026-07-29 17:00:00+00:00,online
2026-07-29,2026-08-10 08:08:40+00:00,FR,solar,tso_reference,TSO forecast,tso_forecast,2208,2026-07-30 07:00:00+00:00,7178.10022,7178.10022,,2026-04-28 18:00:00+00:00,2026-07-29 17:00:00+00:00,online
2026-07-29,2026-08-10 08:08:40+00:00,FR,solar,tso_reference,TSO forecast,tso_forecast,2208,2026-07-30 08:00:00+00:00,11148.1645525,11148.1645525,,2026-04-28 18:00:00+00:00,2026-07-29 17:00:00+00:00,online
2026-07-29,2026-08-10 08:08:40+00:00,FR,solar,tso_reference,TSO forecast,tso_forecast,2208,2026-07-30 09:00:00+00:00,14655.723145,14655.723145,,2026-04-28 18:00:00+00:00,2026-07-29 17:00:00+00:00,online
2026-07-29,2026-08-10 08:08:40+00:00,FR,solar,tso_reference,TSO forecast,tso_forecast,2208,2026-07-30 10:00:00+00:00,17247.9394525,17247.9394525,,2026-04-28 18:00:00+00:00,2026-07-29 17:00:00+00:00,online
2026-07-29,2026-08-10 08:08:40+00:00,FR,solar,tso_reference,TSO forecast,tso_forecast,2208,2026-07-30 11:00:00+00:00,18699.26904,18699.26904,,2026-04-28 18:00:00+00:00,2026-07-29 17:00:00+00:00,online
2026-07-29,2026-08-10 08:08:40+00:00,FR,solar,tso_reference,TSO forecast,tso_forecast,2208,2026-07-30 12:00:00+00:00,19137.6215825,19137.6215825,,2026-04-28 18:00:00+00:00,2026-07-29 17:00:00+00:00,online
2026-07-29,2026-08-10 08:08:40+00:00,FR,solar,tso_reference,TSO forecast,tso_forecast,2208,2026-07-30 13:00:00+00:00,18694.46582,18694.46582,,2026-04-28 18:00:00+00:00,2026-07-29 17:00:00+00:00,online
2026-07-29,2026-08-10 08:08:40+00:00,FR,solar,tso_reference,TSO forecast,tso_forecast,2208,2026-07-30 14:00:00+00:00,16998.0249025,16998.0249025,,2026-04-28 18:00:00+00:00,2026-07-29 17:00:00+00:00,online
2026-07-29,2026-08-10 08:08:40+00:00,FR,solar,tso_reference,TSO forecast,tso_forecast,2208,2026-07-30 15:00:00+00:00,14189.561525,14189.561525,,2026-04-28 18:00:00+00:00,2026-07-29 17:00:00+00:00,online
2026-07-29,2026-08-10 08:08:40+00:00,FR,solar,tso_reference,TSO forecast,tso_forecast,2208,2026-07-30 16:00:00+00:00,10160.659425,10160.659425,,2026-04-28 18:00:00+00:00,2026-07-29 17:00:00+00:00,online
2026-07-29,2026-08-10 08:08:40+00:00,FR,solar,tso_reference,TSO forecast,tso_forecast,2208,2026-07-30 17:00:00+00:00,5541.0750725,5541.0750725,,2026-04-28 18:00:00+00:00,2026-07-29 17:00:00+00:00,online
2026-07-29,2026-08-10 08:08:40+00:00,FR,solar,persistence,Persistence,daily_persistence,2208,2026-07-29 18:00:00+00:00,1714.665,2004.3087475,,2026-04-28 18:00:00+00:00,2026-07-29 17:00:00+00:00,online
2026-07-29,2026-08-10 08:08:40+00:00,FR,solar,persistence,Persistence,daily_persistence,2208,2026-07-29 19:00:00+00:00,353.64,216.1688075,,2026-04-28 18:00:00+00:00,2026-07-29 17:00:00+00:00,online
2026-07-29,2026-08-10 08:08:40+00:00,FR,solar,persistence,Persistence,daily_persistence,2208,2026-07-29 20:00:00+00:00,207.4075,0.0,,2026-04-28 18:00:00+00:00,2026-07-29 17:00:00+00:00,online
2026-07-29,2026-08-10 08:08:40+00:00,FR,solar,persistence,Persistence,daily_persistence,2208,2026-07-29 21:00:00+00:00,202.8675,0.0,,2026-04-28 18:00:00+00:00,2026-07-29 17:00:00+00:00,online
2026-07-29,2026-08-10 08:08:40+00:00,FR,solar,persistence,Persistence,daily_persistence,2208,2026-07-29 22:00:00+00:00,0.0,0.0,,2026-04-28 18:00:00+00:00,2026-07-29 17:00:00+00:00,online
2026-07-29,2026-08-10 08:08:40+00:00,FR,solar,persistence,Persistence,daily_persistence,2208,2026-07-29 23:00:00+00:00,0.0,0.0,,2026-04-28 18:00:00+00:00,2026-07-29 17:00:00+00:00,online
2026-07-29,2026-08-10 08:08:40+00:00,FR,solar,persistence,Persistence,daily_persistence,2208,2026-07-30 00:00:00+00:00,0.0,0.0,,2026-04-28 18:00:00+00:00,2026-07-29 17:00:00+00:00,online
2026-07-29,2026-08-10 08:08:40+00:00,FR,solar,persistence,Persistence,daily_persistence,2208,2026-07-30 01:00:00+00:00,0.0,0.0,,2026-04-28 18:00:00+00:00,2026-07-29 17:00:00+00:00,online
2026-07-29,2026-08-10 08:08:40+00:00,FR,solar,persistence,Persistence,daily_persistence,2208,2026-07-30 02:00:00+00:00,0.0,0.0,,2026-04-28 18:00:00+00:00,2026-07-29 17:00:00+00:00,online
2026-07-29,2026-08-10 08:08:40+00:00,FR,solar,persistence,Persistence,daily_persistence,2208,2026-07-30 03:00:00+00:00,195.135,0.0,,2026-04-28 18:00:00+00:00,2026-07-29 17:00:00+00:00,online
2026-07-29,2026-08-10 08:08:40+00:00,FR,solar,persistence,Persistence,daily_persistence,2208,2026-07-30 04:00:00+00:00,311.875,89.3771725,,2026-04-28 18:00:00+00:00,2026-07-29 17:00:00+00:00,online
2026-07-29,2026-08-10 08:08:40+00:00,FR,solar,persistence,Persistence,daily_persistence,2208,2026-07-30 05:00:00+00:00,1411.375,1014.3708125,,2026-04-28 18:00:00+00:00,2026-07-29 17:00:00+00:00,online
2026-07-29,2026-08-10 08:08:40+00:00,FR,solar,persistence,Persistence,daily_persistence,2208,2026-07-30 06:00:00+00:00,4757.985,3587.8644400000003,,2026-04-28 18:00:00+00:00,2026-07-29 17:00:00+00:00,online
2026-07-29,2026-08-10 08:08:40+00:00,FR,solar,persistence,Persistence,daily_persistence,2208,2026-07-30 07:00:00+00:00,9737.9625,7178.10022,,2026-04-28 18:00:00+00:00,2026-07-29 17:00:00+00:00,online
2026-07-29,2026-08-10 08:08:40+00:00,FR,solar,persistence,Persistence,daily_persistence,2208,2026-07-30 08:00:00+00:00,14433.4175,11148.1645525,,2026-04-28 18:00:00+00:00,2026-07-29 17:00:00+00:00,online
2026-07-29,2026-08-10 08:08:40+00:00,FR,solar,persistence,Persistence,daily_persistence,2208,2026-07-30 09:00:00+00:00,17838.095,14655.723145,,2026-04-28 18:00:00+00:00,2026-07-29 17:00:00+00:00,online
2026-07-29,2026-08-10 08:08:40+00:00,FR,solar,persistence,Persistence,daily_persistence,2208,2026-07-30 10:00:00+00:00,19893.705,17247.9394525,,2026-04-28 18:00:00+00:00,2026-07-29 17:00:00+00:00,online
2026-07-29,2026-08-10 08:08:40+00:00,FR,solar,persistence,Persistence,daily_persistence,2208,2026-07-30 11:00:00+00:00,20762.6175,18699.26904,,2026-04-28 18:00:00+00:00,2026-07-29 17:00:00+00:00,online
2026-07-29,2026-08-10 08:08:40+00:00,FR,solar,persistence,Persistence,daily_persistence,2208,2026-07-30 12:00:00+00:00,20672.865,19137.6215825,,2026-04-28 18:00:00+00:00,2026-07-29 17:00:00+00:00,online
2026-07-29,2026-08-10 08:08:40+00:00,FR,solar,persistence,Persistence,daily_persistence,2208,2026-07-30 13:00:00+00:00,19464.77,18694.46582,,2026-04-28 18:00:00+00:00,2026-07-29 17:00:00+00:00,online
2026-07-29,2026-08-10 08:08:40+00:00,FR,solar,persistence,Persistence,daily_persistence,2208,2026-07-30 14:00:00+00:00,17378.04,16998.0249025,,2026-04-28 18:00:00+00:00,2026-07-29 17:00:00+00:00,online
2026-07-29,2026-08-10 08:08:40+00:00,FR,solar,persistence,Persistence,daily_persistence,2208,2026-07-30 15:00:00+00:00,14320.02,14189.561525,,2026-04-28 18:00:00+00:00,2026-07-29 17:00:00+00:00,online
2026-07-29,2026-08-10 08:08:40+00:00,FR,solar,persistence,Persistence,daily_persistence,2208,2026-07-30 16:00:00+00:00,9899.5925,10160.659425,,2026-04-28 18:00:00+00:00,2026-07-29 17:00:00+00:00,online
2026-07-29,2026-08-10 08:08:40+00:00,FR,solar,persistence,Persistence,daily_persistence,2208,2026-07-30 17:00:00+00:00,5007.2699999999995,5541.0750725,,2026-04-28 18:00:00+00:00,2026-07-29 17:00:00+00:00,online
2026-07-29,2026-08-10 08:08:40+00:00,FR,solar,chronos2_online,Chronos2 with covariates,weather_4p+tso_forecast,2208,2026-07-29 18:00:00+00:00,1585.240234375,2004.3087475,,2026-04-28 18:00:00+00:00,2026-07-29 17:00:00+00:00,online
2026-07-29,2026-08-10 08:08:40+00:00,FR,solar,chronos2_online,Chronos2 with covariates,weather_4p+tso_forecast,2208,2026-07-29 19:00:00+00:00,467.84814453125,216.1688075,,2026-04-28 18:00:00+00:00,2026-07-29 17:00:00+00:00,online
2026-07-29,2026-08-10 08:08:40+00:00,FR,solar,chronos2_online,Chronos2 with covariates,weather_4p+tso_forecast,2208,2026-07-29 20:00:00+00:00,283.26318359375,0.0,,2026-04-28 18:00:00+00:00,2026-07-29 17:00:00+00:00,online
2026-07-29,2026-08-10 08:08:40+00:00,FR,solar,chronos2_online,Chronos2 with covariates,weather_4p+tso_forecast,2208,2026-07-29 21:00:00+00:00,249.33251953125,0.0,,2026-04-28 18:00:00+00:00,2026-07-29 17:00:00+00:00,online
2026-07-29,2026-08-10 08:08:40+00:00,FR,solar,chronos2_online,Chronos2 with covariates,weather_4p+tso_forecast,2208,2026-07-29 22:00:00+00:00,162.28369140625,0.0,,2026-04-28 18:00:00+00:00,2026-07-29 17:00:00+00:00,online
2026-07-29,2026-08-10 08:08:40+00:00,FR,solar,chronos2_online,Chronos2 with covariates,weather_4p+tso_forecast,2208,2026-07-29 23:00:00+00:00,193.70166015625,0.0,,2026-04-28 18:00:00+00:00,2026-07-29 17:00:00+00:00,online
2026-07-29,2026-08-10 08:08:40+00:00,FR,solar,chronos2_online,Chronos2 with covariates,weather_4p+tso_forecast,2208,2026-07-30 00:00:00+00:00,120.7783203125,0.0,,2026-04-28 18:00:00+00:00,2026-07-29 17:00:00+00:00,online
2026-07-29,2026-08-10 08:08:40+00:00,FR,solar,chronos2_online,Chronos2 with covariates,weather_4p+tso_forecast,2208,2026-07-30 01:00:00+00:00,152.263671875,0.0,,2026-04-28 18:00:00+00:00,2026-07-29 17:00:00+00:00,online
2026-07-29,2026-08-10 08:08:40+00:00,FR,solar,chronos2_online,Chronos2 with covariates,weather_4p+tso_forecast,2208,2026-07-30 02:00:00+00:00,214.15380859375,0.0,,2026-04-28 18:00:00+00:00,2026-07-29 17:00:00+00:00,online
2026-07-29,2026-08-10 08:08:40+00:00,FR,solar,chronos2_online,Chronos2 with covariates,weather_4p+tso_forecast,2208,2026-07-30 03:00:00+00:00,332.47119140625,0.0,,2026-04-28 18:00:00+00:00,2026-07-29 17:00:00+00:00,online
2026-07-29,2026-08-10 08:08:40+00:00,FR,solar,chronos2_online,Chronos2 with covariates,weather_4p+tso_forecast,2208,2026-07-30 04:00:00+00:00,425.20751953125,89.3771725,,2026-04-28 18:00:00+00:00,2026-07-29 17:00:00+00:00,online
2026-07-29,2026-08-10 08:08:40+00:00,FR,solar,chronos2_online,Chronos2 with covariates,weather_4p+tso_forecast,2208,2026-07-30 05:00:00+00:00,1310.51318359375,1014.3708125,,2026-04-28 18:00:00+00:00,2026-07-29 17:00:00+00:00,online
2026-07-29,2026-08-10 08:08:40+00:00,FR,solar,chronos2_online,Chronos2 with covariates,weather_4p+tso_forecast,2208,2026-07-30 06:00:00+00:00,3960.8876953125,3587.8644400000003,,2026-04-28 18:00:00+00:00,2026-07-29 17:00:00+00:00,online
2026-07-29,2026-08-10 08:08:40+00:00,FR,solar,chronos2_online,Chronos2 with covariates,weather_4p+tso_forecast,2208,2026-07-30 07:00:00+00:00,7765.052734375,7178.10022,,2026-04-28 18:00:00+00:00,2026-07-29 17:00:00+00:00,online
2026-07-29,2026-08-10 08:08:40+00:00,FR,solar,chronos2_online,Chronos2 with covariates,weather_4p+tso_forecast,2208,2026-07-30 08:00:00+00:00,12018.216796875,11148.1645525,,2026-04-28 18:00:00+00:00,2026-07-29 17:00:00+00:00,online
2026-07-29,2026-08-10 08:08:40+00:00,FR,solar,chronos2_online,Chronos2 with covariates,weather_4p+tso_forecast,2208,2026-07-30 09:00:00+00:00,15226.6064453125,14655.723145,,2026-04-28 18:00:00+00:00,2026-07-29 17:00:00+00:00,online
2026-07-29,2026-08-10 08:08:40+00:00,FR,solar,chronos2_online,Chronos2 with covariates,weather_4p+tso_forecast,2208,2026-07-30 10:00:00+00:00,16816.77734375,17247.9394525,,2026-04-28 18:00:00+00:00,2026-07-29 17:00:00+00:00,online
2026-07-29,2026-08-10 08:08:40+00:00,FR,solar,chronos2_online,Chronos2 with covariates,weather_4p+tso_forecast,2208,2026-07-30 11:00:00+00:00,17484.044921875,18699.26904,,2026-04-28 18:00:00+00:00,2026-07-29 17:00:00+00:00,online
2026-07-29,2026-08-10 08:08:40+00:00,FR,solar,chronos2_online,Chronos2 with covariates,weather_4p+tso_forecast,2208,2026-07-30 12:00:00+00:00,17567.19921875,19137.6215825,,2026-04-28 18:00:00+00:00,2026-07-29 17:00:00+00:00,online
2026-07-29,2026-08-10 08:08:40+00:00,FR,solar,chronos2_online,Chronos2 with covariates,weather_4p+tso_forecast,2208,2026-07-30 13:00:00+00:00,16916.7109375,18694.46582,,2026-04-28 18:00:00+00:00,2026-07-29 17:00:00+00:00,online
2026-07-29,2026-08-10 08:08:40+00:00,FR,solar,chronos2_online,Chronos2 with covariates,weather_4p+tso_forecast,2208,2026-07-30 14:00:00+00:00,15103.650390625,16998.0249025,,2026-04-28 18:00:00+00:00,2026-07-29 17:00:00+00:00,online
2026-07-29,2026-08-10 08:08:40+00:00,FR,solar,chronos2_online,Chronos2 with covariates,weather_4p+tso_forecast,2208,2026-07-30 15:00:00+00:00,12292.1015625,14189.561525,,2026-04-28 18:00:00+00:00,2026-07-29 17:00:00+00:00,online
2026-07-29,2026-08-10 08:08:40+00:00,FR,solar,chronos2_online,Chronos2 with covariates,weather_4p+tso_forecast,2208,2026-07-30 16:00:00+00:00,8390.96875,10160.659425,,2026-04-28 18:00:00+00:00,2026-07-29 17:00:00+00:00,online
2026-07-29,2026-08-10 08:08:40+00:00,FR,solar,chronos2_online,Chronos2 with covariates,weather_4p+tso_forecast,2208,2026-07-30 17:00:00+00:00,4266.6708984375,5541.0750725,,2026-04-28 18:00:00+00:00,2026-07-29 17:00:00+00:00,online
2026-07-29,2026-08-10 08:08:40+00:00,FR,solar,xgboost_online,XGBoost with covariates,weather_4p+tso_forecast,2208,2026-07-29 18:00:00+00:00,1991.281982421875,2004.3087475,,2026-04-28 18:00:00+00:00,2026-07-29 17:00:00+00:00,online
2026-07-29,2026-08-10 08:08:40+00:00,FR,solar,xgboost_online,XGBoost with covariates,weather_4p+tso_forecast,2208,2026-07-29 19:00:00+00:00,567.6976928710938,216.1688075,,2026-04-28 18:00:00+00:00,2026-07-29 17:00:00+00:00,online
2026-07-29,2026-08-10 08:08:40+00:00,FR,solar,xgboost_online,XGBoost with covariates,weather_4p+tso_forecast,2208,2026-07-29 20:00:00+00:00,202.5744781494141,0.0,,2026-04-28 18:00:00+00:00,2026-07-29 17:00:00+00:00,online
2026-07-29,2026-08-10 08:08:40+00:00,FR,solar,xgboost_online,XGBoost with covariates,weather_4p+tso_forecast,2208,2026-07-29 21:00:00+00:00,151.53213500976562,0.0,,2026-04-28 18:00:00+00:00,2026-07-29 17:00:00+00:00,online
2026-07-29,2026-08-10 08:08:40+00:00,FR,solar,xgboost_online,XGBoost with covariates,weather_4p+tso_forecast,2208,2026-07-29 22:00:00+00:00,151.53213500976562,0.0,,2026-04-28 18:00:00+00:00,2026-07-29 17:00:00+00:00,online
2026-07-29,2026-08-10 08:08:40+00:00,FR,solar,xgboost_online,XGBoost with covariates,weather_4p+tso_forecast,2208,2026-07-29 23:00:00+00:00,151.53213500976562,0.0,,2026-04-28 18:00:00+00:00,2026-07-29 17:00:00+00:00,online
2026-07-29,2026-08-10 08:08:40+00:00,FR,solar,xgboost_online,XGBoost with covariates,weather_4p+tso_forecast,2208,2026-07-30 00:00:00+00:00,156.88426208496094,0.0,,2026-04-28 18:00:00+00:00,2026-07-29 17:00:00+00:00,online
2026-07-29,2026-08-10 08:08:40+00:00,FR,solar,xgboost_online,XGBoost with covariates,weather_4p+tso_forecast,2208,2026-07-30 01:00:00+00:00,156.88426208496094,0.0,,2026-04-28 18:00:00+00:00,2026-07-29 17:00:00+00:00,online
2026-07-29,2026-08-10 08:08:40+00:00,FR,solar,xgboost_online,XGBoost with covariates,weather_4p+tso_forecast,2208,2026-07-30 02:00:00+00:00,156.88426208496094,0.0,,2026-04-28 18:00:00+00:00,2026-07-29 17:00:00+00:00,online
2026-07-29,2026-08-10 08:08:40+00:00,FR,solar,xgboost_online,XGBoost with covariates,weather_4p+tso_forecast,2208,2026-07-30 03:00:00+00:00,156.88426208496094,0.0,,2026-04-28 18:00:00+00:00,2026-07-29 17:00:00+00:00,online
2026-07-29,2026-08-10 08:08:40+00:00,FR,solar,xgboost_online,XGBoost with covariates,weather_4p+tso_forecast,2208,2026-07-30 04:00:00+00:00,350.4142761230469,89.3771725,,2026-04-28 18:00:00+00:00,2026-07-29 17:00:00+00:00,online
2026-07-29,2026-08-10 08:08:40+00:00,FR,solar,xgboost_online,XGBoost with covariates,weather_4p+tso_forecast,2208,2026-07-30 05:00:00+00:00,1230.0911865234375,1014.3708125,,2026-04-28 18:00:00+00:00,2026-07-29 17:00:00+00:00,online
2026-07-29,2026-08-10 08:08:40+00:00,FR,solar,xgboost_online,XGBoost with covariates,weather_4p+tso_forecast,2208,2026-07-30 06:00:00+00:00,3951.845458984375,3587.8644400000003,,2026-04-28 18:00:00+00:00,2026-07-29 17:00:00+00:00,online
2026-07-29,2026-08-10 08:08:40+00:00,FR,solar,xgboost_online,XGBoost with covariates,weather_4p+tso_forecast,2208,2026-07-30 07:00:00+00:00,7210.61279296875,7178.10022,,2026-04-28 18:00:00+00:00,2026-07-29 17:00:00+00:00,online
2026-07-29,2026-08-10 08:08:40+00:00,FR,solar,xgboost_online,XGBoost with covariates,weather_4p+tso_forecast,2208,2026-07-30 08:00:00+00:00,10691.1181640625,11148.1645525,,2026-04-28 18:00:00+00:00,2026-07-29 17:00:00+00:00,online
2026-07-29,2026-08-10 08:08:40+00:00,FR,solar,xgboost_online,XGBoost with covariates,weather_4p+tso_forecast,2208,2026-07-30 09:00:00+00:00,14032.451171875,14655.723145,,2026-04-28 18:00:00+00:00,2026-07-29 17:00:00+00:00,online
2026-07-29,2026-08-10 08:08:40+00:00,FR,solar,xgboost_online,XGBoost with covariates,weather_4p+tso_forecast,2208,2026-07-30 10:00:00+00:00,16520.716796875,17247.9394525,,2026-04-28 18:00:00+00:00,2026-07-29 17:00:00+00:00,online
2026-07-29,2026-08-10 08:08:40+00:00,FR,solar,xgboost_online,XGBoost with covariates,weather_4p+tso_forecast,2208,2026-07-30 11:00:00+00:00,17577.154296875,18699.26904,,2026-04-28 18:00:00+00:00,2026-07-29 17:00:00+00:00,online
2026-07-29,2026-08-10 08:08:40+00:00,FR,solar,xgboost_online,XGBoost with covariates,weather_4p+tso_forecast,2208,2026-07-30 12:00:00+00:00,18599.57421875,19137.6215825,,2026-04-28 18:00:00+00:00,2026-07-29 17:00:00+00:00,online
2026-07-29,2026-08-10 08:08:40+00:00,FR,solar,xgboost_online,XGBoost with covariates,weather_4p+tso_forecast,2208,2026-07-30 13:00:00+00:00,17626.828125,18694.46582,,2026-04-28 18:00:00+00:00,2026-07-29 17:00:00+00:00,online
2026-07-29,2026-08-10 08:08:40+00:00,FR,solar,xgboost_online,XGBoost with covariates,weather_4p+tso_forecast,2208,2026-07-30 14:00:00+00:00,16560.130859375,16998.0249025,,2026-04-28 18:00:00+00:00,2026-07-29 17:00:00+00:00,online
2026-07-29,2026-08-10 08:08:40+00:00,FR,solar,xgboost_online,XGBoost with covariates,weather_4p+tso_forecast,2208,2026-07-30 15:00:00+00:00,13787.6220703125,14189.561525,,2026-04-28 18:00:00+00:00,2026-07-29 17:00:00+00:00,online
2026-07-29,2026-08-10 08:08:40+00:00,FR,solar,xgboost_online,XGBoost with covariates,weather_4p+tso_forecast,2208,2026-07-30 16:00:00+00:00,9586.9970703125,10160.659425,,2026-04-28 18:00:00+00:00,2026-07-29 17:00:00+00:00,online
2026-07-29,2026-08-10 08:08:40+00:00,FR,solar,xgboost_online,XGBoost with covariates,weather_4p+tso_forecast,2208,2026-07-30 17:00:00+00:00,5127.43603515625,5541.0750725,,2026-04-28 18:00:00+00:00,2026-07-29 17:00:00+00:00,online
2026-07-29,2026-08-10 08:08:40+00:00,FR,wind_onshore,tso_reference,TSO forecast,tso_forecast,2208,2026-07-29 18:00:00+00:00,1678.277465,1678.277465,,2026-04-28 18:00:00+00:00,2026-07-29 17:00:00+00:00,online
2026-07-29,2026-08-10 08:08:40+00:00,FR,wind_onshore,tso_reference,TSO forecast,tso_forecast,2208,2026-07-29 19:00:00+00:00,2014.940065,2014.940065,,2026-04-28 18:00:00+00:00,2026-07-29 17:00:00+00:00,online
2026-07-29,2026-08-10 08:08:40+00:00,FR,wind_onshore,tso_reference,TSO forecast,tso_forecast,2208,2026-07-29 20:00:00+00:00,2454.954955,2454.954955,,2026-04-28 18:00:00+00:00,2026-07-29 17:00:00+00:00,online
2026-07-29,2026-08-10 08:08:40+00:00,FR,wind_onshore,tso_reference,TSO forecast,tso_forecast,2208,2026-07-29 21:00:00+00:00,2628.81494,2628.81494,,2026-04-28 18:00:00+00:00,2026-07-29 17:00:00+00:00,online
2026-07-29,2026-08-10 08:08:40+00:00,FR,wind_onshore,tso_reference,TSO forecast,tso_forecast,2208,2026-07-29 22:00:00+00:00,3168.10498,3168.10498,,2026-04-28 18:00:00+00:00,2026-07-29 17:00:00+00:00,online
2026-07-29,2026-08-10 08:08:40+00:00,FR,wind_onshore,tso_reference,TSO forecast,tso_forecast,2208,2026-07-29 23:00:00+00:00,3239.962525,3239.962525,,2026-04-28 18:00:00+00:00,2026-07-29 17:00:00+00:00,online
2026-07-29,2026-08-10 08:08:40+00:00,FR,wind_onshore,tso_reference,TSO forecast,tso_forecast,2208,2026-07-30 00:00:00+00:00,3220.3099975,3220.3099975,,2026-04-28 18:00:00+00:00,2026-07-29 17:00:00+00:00,online
2026-07-29,2026-08-10 08:08:40+00:00,FR,wind_onshore,tso_reference,TSO forecast,tso_forecast,2208,2026-07-30 01:00:00+00:00,3328.9575825,3328.9575825,,2026-04-28 18:00:00+00:00,2026-07-29 17:00:00+00:00,online
2026-07-29,2026-08-10 08:08:40+00:00,FR,wind_onshore,tso_reference,TSO forecast,tso_forecast,2208,2026-07-30 02:00:00+00:00,3449.0900875,3449.0900875,,2026-04-28 18:00:00+00:00,2026-07-29 17:00:00+00:00,online
2026-07-29,2026-08-10 08:08:40+00:00,FR,wind_onshore,tso_reference,TSO forecast,tso_forecast,2208,2026-07-30 03:00:00+00:00,3659.63745,3659.63745,,2026-04-28 18:00:00+00:00,2026-07-29 17:00:00+00:00,online
2026-07-29,2026-08-10 08:08:40+00:00,FR,wind_onshore,tso_reference,TSO forecast,tso_forecast,2208,2026-07-30 04:00:00+00:00,3917.5774525,3917.5774525,,2026-04-28 18:00:00+00:00,2026-07-29 17:00:00+00:00,online
2026-07-29,2026-08-10 08:08:40+00:00,FR,wind_onshore,tso_reference,TSO forecast,tso_forecast,2208,2026-07-30 05:00:00+00:00,3691.2949825,3691.2949825,,2026-04-28 18:00:00+00:00,2026-07-29 17:00:00+00:00,online
2026-07-29,2026-08-10 08:08:40+00:00,FR,wind_onshore,tso_reference,TSO forecast,tso_forecast,2208,2026-07-30 06:00:00+00:00,2946.6900025,2946.6900025,,2026-04-28 18:00:00+00:00,2026-07-29 17:00:00+00:00,online
2026-07-29,2026-08-10 08:08:40+00:00,FR,wind_onshore,tso_reference,TSO forecast,tso_forecast,2208,2026-07-30 07:00:00+00:00,2427.91504,2427.91504,,2026-04-28 18:00:00+00:00,2026-07-29 17:00:00+00:00,online
2026-07-29,2026-08-10 08:08:40+00:00,FR,wind_onshore,tso_reference,TSO forecast,tso_forecast,2208,2026-07-30 08:00:00+00:00,1957.609985,1957.609985,,2026-04-28 18:00:00+00:00,2026-07-29 17:00:00+00:00,online
2026-07-29,2026-08-10 08:08:40+00:00,FR,wind_onshore,tso_reference,TSO forecast,tso_forecast,2208,2026-07-30 09:00:00+00:00,1770.4124775,1770.4124775,,2026-04-28 18:00:00+00:00,2026-07-29 17:00:00+00:00,online
2026-07-29,2026-08-10 08:08:40+00:00,FR,wind_onshore,tso_reference,TSO forecast,tso_forecast,2208,2026-07-30 10:00:00+00:00,1786.317505,1786.317505,,2026-04-28 18:00:00+00:00,2026-07-29 17:00:00+00:00,online
2026-07-29,2026-08-10 08:08:40+00:00,FR,wind_onshore,tso_reference,TSO forecast,tso_forecast,2208,2026-07-30 11:00:00+00:00,1712.3125,1712.3125,,2026-04-28 18:00:00+00:00,2026-07-29 17:00:00+00:00,online
2026-07-29,2026-08-10 08:08:40+00:00,FR,wind_onshore,tso_reference,TSO forecast,tso_forecast,2208,2026-07-30 12:00:00+00:00,1587.2250075,1587.2250075,,2026-04-28 18:00:00+00:00,2026-07-29 17:00:00+00:00,online
2026-07-29,2026-08-10 08:08:40+00:00,FR,wind_onshore,tso_reference,TSO forecast,tso_forecast,2208,2026-07-30 13:00:00+00:00,1507.597535,1507.597535,,2026-04-28 18:00:00+00:00,2026-07-29 17:00:00+00:00,online
2026-07-29,2026-08-10 08:08:40+00:00,FR,wind_onshore,tso_reference,TSO forecast,tso_forecast,2208,2026-07-30 14:00:00+00:00,1372.86255,1372.86255,,2026-04-28 18:00:00+00:00,2026-07-29 17:00:00+00:00,online
2026-07-29,2026-08-10 08:08:40+00:00,FR,wind_onshore,tso_reference,TSO forecast,tso_forecast,2208,2026-07-30 15:00:00+00:00,1394.275025,1394.275025,,2026-04-28 18:00:00+00:00,2026-07-29 17:00:00+00:00,online
2026-07-29,2026-08-10 08:08:40+00:00,FR,wind_onshore,tso_reference,TSO forecast,tso_forecast,2208,2026-07-30 16:00:00+00:00,1411.64502,1411.64502,,2026-04-28 18:00:00+00:00,2026-07-29 17:00:00+00:00,online
2026-07-29,2026-08-10 08:08:40+00:00,FR,wind_onshore,tso_reference,TSO forecast,tso_forecast,2208,2026-07-30 17:00:00+00:00,1456.899995,1456.899995,,2026-04-28 18:00:00+00:00,2026-07-29 17:00:00+00:00,online
2026-07-29,2026-08-10 08:08:40+00:00,FR,wind_onshore,persistence,Persistence,daily_persistence,2208,2026-07-29 18:00:00+00:00,1089.685,1678.277465,,2026-04-28 18:00:00+00:00,2026-07-29 17:00:00+00:00,online
2026-07-29,2026-08-10 08:08:40+00:00,FR,wind_onshore,persistence,Persistence,daily_persistence,2208,2026-07-29 19:00:00+00:00,1330.5075,2014.940065,,2026-04-28 18:00:00+00:00,2026-07-29 17:00:00+00:00,online
2026-07-29,2026-08-10 08:08:40+00:00,FR,wind_onshore,persistence,Persistence,daily_persistence,2208,2026-07-29 20:00:00+00:00,1706.805,2454.954955,,2026-04-28 18:00:00+00:00,2026-07-29 17:00:00+00:00,online
2026-07-29,2026-08-10 08:08:40+00:00,FR,wind_onshore,persistence,Persistence,daily_persistence,2208,2026-07-29 21:00:00+00:00,2035.885,2628.81494,,2026-04-28 18:00:00+00:00,2026-07-29 17:00:00+00:00,online
2026-07-29,2026-08-10 08:08:40+00:00,FR,wind_onshore,persistence,Persistence,daily_persistence,2208,2026-07-29 22:00:00+00:00,2246.735,3168.10498,,2026-04-28 18:00:00+00:00,2026-07-29 17:00:00+00:00,online
2026-07-29,2026-08-10 08:08:40+00:00,FR,wind_onshore,persistence,Persistence,daily_persistence,2208,2026-07-29 23:00:00+00:00,2287.495,3239.962525,,2026-04-28 18:00:00+00:00,2026-07-29 17:00:00+00:00,online
2026-07-29,2026-08-10 08:08:40+00:00,FR,wind_onshore,persistence,Persistence,daily_persistence,2208,2026-07-30 00:00:00+00:00,2057.4674999999997,3220.3099975,,2026-04-28 18:00:00+00:00,2026-07-29 17:00:00+00:00,online
2026-07-29,2026-08-10 08:08:40+00:00,FR,wind_onshore,persistence,Persistence,daily_persistence,2208,2026-07-30 01:00:00+00:00,1827.2975,3328.9575825,,2026-04-28 18:00:00+00:00,2026-07-29 17:00:00+00:00,online
2026-07-29,2026-08-10 08:08:40+00:00,FR,wind_onshore,persistence,Persistence,daily_persistence,2208,2026-07-30 02:00:00+00:00,1666.46,3449.0900875,,2026-04-28 18:00:00+00:00,2026-07-29 17:00:00+00:00,online
2026-07-29,2026-08-10 08:08:40+00:00,FR,wind_onshore,persistence,Persistence,daily_persistence,2208,2026-07-30 03:00:00+00:00,1778.0375,3659.63745,,2026-04-28 18:00:00+00:00,2026-07-29 17:00:00+00:00,online
2026-07-29,2026-08-10 08:08:40+00:00,FR,wind_onshore,persistence,Persistence,daily_persistence,2208,2026-07-30 04:00:00+00:00,2090.965,3917.5774525,,2026-04-28 18:00:00+00:00,2026-07-29 17:00:00+00:00,online
2026-07-29,2026-08-10 08:08:40+00:00,FR,wind_onshore,persistence,Persistence,daily_persistence,2208,2026-07-30 05:00:00+00:00,2152.5975,3691.2949825,,2026-04-28 18:00:00+00:00,2026-07-29 17:00:00+00:00,online
2026-07-29,2026-08-10 08:08:40+00:00,FR,wind_onshore,persistence,Persistence,daily_persistence,2208,2026-07-30 06:00:00+00:00,1783.8,2946.6900025,,2026-04-28 18:00:00+00:00,2026-07-29 17:00:00+00:00,online
2026-07-29,2026-08-10 08:08:40+00:00,FR,wind_onshore,persistence,Persistence,daily_persistence,2208,2026-07-30 07:00:00+00:00,992.995,2427.91504,,2026-04-28 18:00:00+00:00,2026-07-29 17:00:00+00:00,online
2026-07-29,2026-08-10 08:08:40+00:00,FR,wind_onshore,persistence,Persistence,daily_persistence,2208,2026-07-30 08:00:00+00:00,728.53,1957.609985,,2026-04-28 18:00:00+00:00,2026-07-29 17:00:00+00:00,online
2026-07-29,2026-08-10 08:08:40+00:00,FR,wind_onshore,persistence,Persistence,daily_persistence,2208,2026-07-30 09:00:00+00:00,721.6875,1770.4124775,,2026-04-28 18:00:00+00:00,2026-07-29 17:00:00+00:00,online
2026-07-29,2026-08-10 08:08:40+00:00,FR,wind_onshore,persistence,Persistence,daily_persistence,2208,2026-07-30 10:00:00+00:00,904.39,1786.317505,,2026-04-28 18:00:00+00:00,2026-07-29 17:00:00+00:00,online
2026-07-29,2026-08-10 08:08:40+00:00,FR,wind_onshore,persistence,Persistence,daily_persistence,2208,2026-07-30 11:00:00+00:00,1365.1925,1712.3125,,2026-04-28 18:00:00+00:00,2026-07-29 17:00:00+00:00,online
2026-07-29,2026-08-10 08:08:40+00:00,FR,wind_onshore,persistence,Persistence,daily_persistence,2208,2026-07-30 12:00:00+00:00,2102.8175,1587.2250075,,2026-04-28 18:00:00+00:00,2026-07-29 17:00:00+00:00,online
2026-07-29,2026-08-10 08:08:40+00:00,FR,wind_onshore,persistence,Persistence,daily_persistence,2208,2026-07-30 13:00:00+00:00,2461.4300000000003,1507.597535,,2026-04-28 18:00:00+00:00,2026-07-29 17:00:00+00:00,online
2026-07-29,2026-08-10 08:08:40+00:00,FR,wind_onshore,persistence,Persistence,daily_persistence,2208,2026-07-30 14:00:00+00:00,2553.4875,1372.86255,,2026-04-28 18:00:00+00:00,2026-07-29 17:00:00+00:00,online
2026-07-29,2026-08-10 08:08:40+00:00,FR,wind_onshore,persistence,Persistence,daily_persistence,2208,2026-07-30 15:00:00+00:00,2663.18,1394.275025,,2026-04-28 18:00:00+00:00,2026-07-29 17:00:00+00:00,online
2026-07-29,2026-08-10 08:08:40+00:00,FR,wind_onshore,persistence,Persistence,daily_persistence,2208,2026-07-30 16:00:00+00:00,2463.995,1411.64502,,2026-04-28 18:00:00+00:00,2026-07-29 17:00:00+00:00,online
2026-07-29,2026-08-10 08:08:40+00:00,FR,wind_onshore,persistence,Persistence,daily_persistence,2208,2026-07-30 17:00:00+00:00,2166.33,1456.899995,,2026-04-28 18:00:00+00:00,2026-07-29 17:00:00+00:00,online
2026-07-29,2026-08-10 08:08:40+00:00,FR,wind_onshore,chronos2_online,Chronos2 with covariates,weather_4p+tso_forecast,2208,2026-07-29 18:00:00+00:00,2131.130615234375,1678.277465,,2026-04-28 18:00:00+00:00,2026-07-29 17:00:00+00:00,online
2026-07-29,2026-08-10 08:08:40+00:00,FR,wind_onshore,chronos2_online,Chronos2 with covariates,weather_4p+tso_forecast,2208,2026-07-29 19:00:00+00:00,2270.258544921875,2014.940065,,2026-04-28 18:00:00+00:00,2026-07-29 17:00:00+00:00,online
2026-07-29,2026-08-10 08:08:40+00:00,FR,wind_onshore,chronos2_online,Chronos2 with covariates,weather_4p+tso_forecast,2208,2026-07-29 20:00:00+00:00,2623.58251953125,2454.954955,,2026-04-28 18:00:00+00:00,2026-07-29 17:00:00+00:00,online
2026-07-29,2026-08-10 08:08:40+00:00,FR,wind_onshore,chronos2_online,Chronos2 with covariates,weather_4p+tso_forecast,2208,2026-07-29 21:00:00+00:00,3040.8408203125,2628.81494,,2026-04-28 18:00:00+00:00,2026-07-29 17:00:00+00:00,online
2026-07-29,2026-08-10 08:08:40+00:00,FR,wind_onshore,chronos2_online,Chronos2 with covariates,weather_4p+tso_forecast,2208,2026-07-29 22:00:00+00:00,3497.0693359375,3168.10498,,2026-04-28 18:00:00+00:00,2026-07-29 17:00:00+00:00,online
2026-07-29,2026-08-10 08:08:40+00:00,FR,wind_onshore,chronos2_online,Chronos2 with covariates,weather_4p+tso_forecast,2208,2026-07-29 23:00:00+00:00,3573.517822265625,3239.962525,,2026-04-28 18:00:00+00:00,2026-07-29 17:00:00+00:00,online
2026-07-29,2026-08-10 08:08:40+00:00,FR,wind_onshore,chronos2_online,Chronos2 with covariates,weather_4p+tso_forecast,2208,2026-07-30 00:00:00+00:00,3463.2890625,3220.3099975,,2026-04-28 18:00:00+00:00,2026-07-29 17:00:00+00:00,online
2026-07-29,2026-08-10 08:08:40+00:00,FR,wind_onshore,chronos2_online,Chronos2 with covariates,weather_4p+tso_forecast,2208,2026-07-30 01:00:00+00:00,3542.41015625,3328.9575825,,2026-04-28 18:00:00+00:00,2026-07-29 17:00:00+00:00,online
2026-07-29,2026-08-10 08:08:40+00:00,FR,wind_onshore,chronos2_online,Chronos2 with covariates,weather_4p+tso_forecast,2208,2026-07-30 02:00:00+00:00,3690.236328125,3449.0900875,,2026-04-28 18:00:00+00:00,2026-07-29 17:00:00+00:00,online
2026-07-29,2026-08-10 08:08:40+00:00,FR,wind_onshore,chronos2_online,Chronos2 with covariates,weather_4p+tso_forecast,2208,2026-07-30 03:00:00+00:00,3925.760986328125,3659.63745,,2026-04-28 18:00:00+00:00,2026-07-29 17:00:00+00:00,online
2026-07-29,2026-08-10 08:08:40+00:00,FR,wind_onshore,chronos2_online,Chronos2 with covariates,weather_4p+tso_forecast,2208,2026-07-30 04:00:00+00:00,4283.6552734375,3917.5774525,,2026-04-28 18:00:00+00:00,2026-07-29 17:00:00+00:00,online
2026-07-29,2026-08-10 08:08:40+00:00,FR,wind_onshore,chronos2_online,Chronos2 with covariates,weather_4p+tso_forecast,2208,2026-07-30 05:00:00+00:00,4171.8896484375,3691.2949825,,2026-04-28 18:00:00+00:00,2026-07-29 17:00:00+00:00,online
2026-07-29,2026-08-10 08:08:40+00:00,FR,wind_onshore,chronos2_online,Chronos2 with covariates,weather_4p+tso_forecast,2208,2026-07-30 06:00:00+00:00,3411.625732421875,2946.6900025,,2026-04-28 18:00:00+00:00,2026-07-29 17:00:00+00:00,online
2026-07-29,2026-08-10 08:08:40+00:00,FR,wind_onshore,chronos2_online,Chronos2 with covariates,weather_4p+tso_forecast,2208,2026-07-30 07:00:00+00:00,2965.174072265625,2427.91504,,2026-04-28 18:00:00+00:00,2026-07-29 17:00:00+00:00,online
2026-07-29,2026-08-10 08:08:40+00:00,FR,wind_onshore,chronos2_online,Chronos2 with covariates,weather_4p+tso_forecast,2208,2026-07-30 08:00:00+00:00,2658.300048828125,1957.609985,,2026-04-28 18:00:00+00:00,2026-07-29 17:00:00+00:00,online
2026-07-29,2026-08-10 08:08:40+00:00,FR,wind_onshore,chronos2_online,Chronos2 with covariates,weather_4p+tso_forecast,2208,2026-07-30 09:00:00+00:00,2532.649658203125,1770.4124775,,2026-04-28 18:00:00+00:00,2026-07-29 17:00:00+00:00,online
2026-07-29,2026-08-10 08:08:40+00:00,FR,wind_onshore,chronos2_online,Chronos2 with covariates,weather_4p+tso_forecast,2208,2026-07-30 10:00:00+00:00,2441.3837890625,1786.317505,,2026-04-28 18:00:00+00:00,2026-07-29 17:00:00+00:00,online
2026-07-29,2026-08-10 08:08:40+00:00,FR,wind_onshore,chronos2_online,Chronos2 with covariates,weather_4p+tso_forecast,2208,2026-07-30 11:00:00+00:00,2222.767822265625,1712.3125,,2026-04-28 18:00:00+00:00,2026-07-29 17:00:00+00:00,online
2026-07-29,2026-08-10 08:08:40+00:00,FR,wind_onshore,chronos2_online,Chronos2 with covariates,weather_4p+tso_forecast,2208,2026-07-30 12:00:00+00:00,2217.2548828125,1587.2250075,,2026-04-28 18:00:00+00:00,2026-07-29 17:00:00+00:00,online
2026-07-29,2026-08-10 08:08:40+00:00,FR,wind_onshore,chronos2_online,Chronos2 with covariates,weather_4p+tso_forecast,2208,2026-07-30 13:00:00+00:00,2210.54931640625,1507.597535,,2026-04-28 18:00:00+00:00,2026-07-29 17:00:00+00:00,online
2026-07-29,2026-08-10 08:08:40+00:00,FR,wind_onshore,chronos2_online,Chronos2 with covariates,weather_4p+tso_forecast,2208,2026-07-30 14:00:00+00:00,2238.61181640625,1372.86255,,2026-04-28 18:00:00+00:00,2026-07-29 17:00:00+00:00,online
2026-07-29,2026-08-10 08:08:40+00:00,FR,wind_onshore,chronos2_online,Chronos2 with covariates,weather_4p+tso_forecast,2208,2026-07-30 15:00:00+00:00,2148.2783203125,1394.275025,,2026-04-28 18:00:00+00:00,2026-07-29 17:00:00+00:00,online
2026-07-29,2026-08-10 08:08:40+00:00,FR,wind_onshore,chronos2_online,Chronos2 with covariates,weather_4p+tso_forecast,2208,2026-07-30 16:00:00+00:00,2091.55517578125,1411.64502,,2026-04-28 18:00:00+00:00,2026-07-29 17:00:00+00:00,online
2026-07-29,2026-08-10 08:08:40+00:00,FR,wind_onshore,chronos2_online,Chronos2 with covariates,weather_4p+tso_forecast,2208,2026-07-30 17:00:00+00:00,2032.054931640625,1456.899995,,2026-04-28 18:00:00+00:00,2026-07-29 17:00:00+00:00,online
2026-07-29,2026-08-10 08:08:40+00:00,FR,wind_onshore,xgboost_online,XGBoost with covariates,weather_4p+tso_forecast,2208,2026-07-29 18:00:00+00:00,1915.37646484375,1678.277465,,2026-04-28 18:00:00+00:00,2026-07-29 17:00:00+00:00,online
2026-07-29,2026-08-10 08:08:40+00:00,FR,wind_onshore,xgboost_online,XGBoost with covariates,weather_4p+tso_forecast,2208,2026-07-29 19:00:00+00:00,2191.89111328125,2014.940065,,2026-04-28 18:00:00+00:00,2026-07-29 17:00:00+00:00,online
2026-07-29,2026-08-10 08:08:40+00:00,FR,wind_onshore,xgboost_online,XGBoost with covariates,weather_4p+tso_forecast,2208,2026-07-29 20:00:00+00:00,2767.098876953125,2454.954955,,2026-04-28 18:00:00+00:00,2026-07-29 17:00:00+00:00,online
2026-07-29,2026-08-10 08:08:40+00:00,FR,wind_onshore,xgboost_online,XGBoost with covariates,weather_4p+tso_forecast,2208,2026-07-29 21:00:00+00:00,3170.078857421875,2628.81494,,2026-04-28 18:00:00+00:00,2026-07-29 17:00:00+00:00,online
2026-07-29,2026-08-10 08:08:40+00:00,FR,wind_onshore,xgboost_online,XGBoost with covariates,weather_4p+tso_forecast,2208,2026-07-29 22:00:00+00:00,3320.796875,3168.10498,,2026-04-28 18:00:00+00:00,2026-07-29 17:00:00+00:00,online
2026-07-29,2026-08-10 08:08:40+00:00,FR,wind_onshore,xgboost_online,XGBoost with covariates,weather_4p+tso_forecast,2208,2026-07-29 23:00:00+00:00,3448.577392578125,3239.962525,,2026-04-28 18:00:00+00:00,2026-07-29 17:00:00+00:00,online
2026-07-29,2026-08-10 08:08:40+00:00,FR,wind_onshore,xgboost_online,XGBoost with covariates,weather_4p+tso_forecast,2208,2026-07-30 00:00:00+00:00,3277.875732421875,3220.3099975,,2026-04-28 18:00:00+00:00,2026-07-29 17:00:00+00:00,online
2026-07-29,2026-08-10 08:08:40+00:00,FR,wind_onshore,xgboost_online,XGBoost with covariates,weather_4p+tso_forecast,2208,2026-07-30 01:00:00+00:00,3572.485595703125,3328.9575825,,2026-04-28 18:00:00+00:00,2026-07-29 17:00:00+00:00,online
2026-07-29,2026-08-10 08:08:40+00:00,FR,wind_onshore,xgboost_online,XGBoost with covariates,weather_4p+tso_forecast,2208,2026-07-30 02:00:00+00:00,3574.128173828125,3449.0900875,,2026-04-28 18:00:00+00:00,2026-07-29 17:00:00+00:00,online
2026-07-29,2026-08-10 08:08:40+00:00,FR,wind_onshore,xgboost_online,XGBoost with covariates,weather_4p+tso_forecast,2208,2026-07-30 03:00:00+00:00,3755.48876953125,3659.63745,,2026-04-28 18:00:00+00:00,2026-07-29 17:00:00+00:00,online
2026-07-29,2026-08-10 08:08:40+00:00,FR,wind_onshore,xgboost_online,XGBoost with covariates,weather_4p+tso_forecast,2208,2026-07-30 04:00:00+00:00,4409.955078125,3917.5774525,,2026-04-28 18:00:00+00:00,2026-07-29 17:00:00+00:00,online
2026-07-29,2026-08-10 08:08:40+00:00,FR,wind_onshore,xgboost_online,XGBoost with covariates,weather_4p+tso_forecast,2208,2026-07-30 05:00:00+00:00,3865.735595703125,3691.2949825,,2026-04-28 18:00:00+00:00,2026-07-29 17:00:00+00:00,online
2026-07-29,2026-08-10 08:08:40+00:00,FR,wind_onshore,xgboost_online,XGBoost with covariates,weather_4p+tso_forecast,2208,2026-07-30 06:00:00+00:00,3264.886474609375,2946.6900025,,2026-04-28 18:00:00+00:00,2026-07-29 17:00:00+00:00,online
2026-07-29,2026-08-10 08:08:40+00:00,FR,wind_onshore,xgboost_online,XGBoost with covariates,weather_4p+tso_forecast,2208,2026-07-30 07:00:00+00:00,2787.815185546875,2427.91504,,2026-04-28 18:00:00+00:00,2026-07-29 17:00:00+00:00,online
2026-07-29,2026-08-10 08:08:40+00:00,FR,wind_onshore,xgboost_online,XGBoost with covariates,weather_4p+tso_forecast,2208,2026-07-30 08:00:00+00:00,2421.1083984375,1957.609985,,2026-04-28 18:00:00+00:00,2026-07-29 17:00:00+00:00,online
2026-07-29,2026-08-10 08:08:40+00:00,FR,wind_onshore,xgboost_online,XGBoost with covariates,weather_4p+tso_forecast,2208,2026-07-30 09:00:00+00:00,2220.099853515625,1770.4124775,,2026-04-28 18:00:00+00:00,2026-07-29 17:00:00+00:00,online
2026-07-29,2026-08-10 08:08:40+00:00,FR,wind_onshore,xgboost_online,XGBoost with covariates,weather_4p+tso_forecast,2208,2026-07-30 10:00:00+00:00,2416.90576171875,1786.317505,,2026-04-28 18:00:00+00:00,2026-07-29 17:00:00+00:00,online
2026-07-29,2026-08-10 08:08:40+00:00,FR,wind_onshore,xgboost_online,XGBoost with covariates,weather_4p+tso_forecast,2208,2026-07-30 11:00:00+00:00,2052.61279296875,1712.3125,,2026-04-28 18:00:00+00:00,2026-07-29 17:00:00+00:00,online
2026-07-29,2026-08-10 08:08:40+00:00,FR,wind_onshore,xgboost_online,XGBoost with covariates,weather_4p+tso_forecast,2208,2026-07-30 12:00:00+00:00,1943.880859375,1587.2250075,,2026-04-28 18:00:00+00:00,2026-07-29 17:00:00+00:00,online
2026-07-29,2026-08-10 08:08:40+00:00,FR,wind_onshore,xgboost_online,XGBoost with covariates,weather_4p+tso_forecast,2208,2026-07-30 13:00:00+00:00,1904.8175048828125,1507.597535,,2026-04-28 18:00:00+00:00,2026-07-29 17:00:00+00:00,online
2026-07-29,2026-08-10 08:08:40+00:00,FR,wind_onshore,xgboost_online,XGBoost with covariates,weather_4p+tso_forecast,2208,2026-07-30 14:00:00+00:00,2219.531494140625,1372.86255,,2026-04-28 18:00:00+00:00,2026-07-29 17:00:00+00:00,online
2026-07-29,2026-08-10 08:08:40+00:00,FR,wind_onshore,xgboost_online,XGBoost with covariates,weather_4p+tso_forecast,2208,2026-07-30 15:00:00+00:00,2001.6888427734375,1394.275025,,2026-04-28 18:00:00+00:00,2026-07-29 17:00:00+00:00,online
2026-07-29,2026-08-10 08:08:40+00:00,FR,wind_onshore,xgboost_online,XGBoost with covariates,weather_4p+tso_forecast,2208,2026-07-30 16:00:00+00:00,1829.6199951171875,1411.64502,,2026-04-28 18:00:00+00:00,2026-07-29 17:00:00+00:00,online
2026-07-29,2026-08-10 08:08:40+00:00,FR,wind_onshore,xgboost_online,XGBoost with covariates,weather_4p+tso_forecast,2208,2026-07-30 17:00:00+00:00,1763.4083251953125,1456.899995,,2026-04-28 18:00:00+00:00,2026-07-29 17:00:00+00:00,online
2026-07-29,2026-08-10 08:08:40+00:00,FR,wind_offshore,tso_reference,TSO forecast,tso_forecast,2208,2026-07-29 18:00:00+00:00,277.41001,277.41001,,2026-04-28 18:00:00+00:00,2026-07-29 17:00:00+00:00,online
2026-07-29,2026-08-10 08:08:40+00:00,FR,wind_offshore,tso_reference,TSO forecast,tso_forecast,2208,2026-07-29 19:00:00+00:00,269.85499500000003,269.85499500000003,,2026-04-28 18:00:00+00:00,2026-07-29 17:00:00+00:00,online
2026-07-29,2026-08-10 08:08:40+00:00,FR,wind_offshore,tso_reference,TSO forecast,tso_forecast,2208,2026-07-29 20:00:00+00:00,291.805015,291.805015,,2026-04-28 18:00:00+00:00,2026-07-29 17:00:00+00:00,online
2026-07-29,2026-08-10 08:08:40+00:00,FR,wind_offshore,tso_reference,TSO forecast,tso_forecast,2208,2026-07-29 21:00:00+00:00,313.4725075,313.4725075,,2026-04-28 18:00:00+00:00,2026-07-29 17:00:00+00:00,online
2026-07-29,2026-08-10 08:08:40+00:00,FR,wind_offshore,tso_reference,TSO forecast,tso_forecast,2208,2026-07-29 22:00:00+00:00,301.93749249999996,301.93749249999996,,2026-04-28 18:00:00+00:00,2026-07-29 17:00:00+00:00,online
2026-07-29,2026-08-10 08:08:40+00:00,FR,wind_offshore,tso_reference,TSO forecast,tso_forecast,2208,2026-07-29 23:00:00+00:00,333.5574875,333.5574875,,2026-04-28 18:00:00+00:00,2026-07-29 17:00:00+00:00,online
2026-07-29,2026-08-10 08:08:40+00:00,FR,wind_offshore,tso_reference,TSO forecast,tso_forecast,2208,2026-07-30 00:00:00+00:00,327.002495,327.002495,,2026-04-28 18:00:00+00:00,2026-07-29 17:00:00+00:00,online
2026-07-29,2026-08-10 08:08:40+00:00,FR,wind_offshore,tso_reference,TSO forecast,tso_forecast,2208,2026-07-30 01:00:00+00:00,313.680005,313.680005,,2026-04-28 18:00:00+00:00,2026-07-29 17:00:00+00:00,online
2026-07-29,2026-08-10 08:08:40+00:00,FR,wind_offshore,tso_reference,TSO forecast,tso_forecast,2208,2026-07-30 02:00:00+00:00,289.33499,289.33499,,2026-04-28 18:00:00+00:00,2026-07-29 17:00:00+00:00,online
2026-07-29,2026-08-10 08:08:40+00:00,FR,wind_offshore,tso_reference,TSO forecast,tso_forecast,2208,2026-07-30 03:00:00+00:00,233.1900025,233.1900025,,2026-04-28 18:00:00+00:00,2026-07-29 17:00:00+00:00,online
2026-07-29,2026-08-10 08:08:40+00:00,FR,wind_offshore,tso_reference,TSO forecast,tso_forecast,2208,2026-07-30 04:00:00+00:00,201.4050025,201.4050025,,2026-04-28 18:00:00+00:00,2026-07-29 17:00:00+00:00,online
2026-07-29,2026-08-10 08:08:40+00:00,FR,wind_offshore,tso_reference,TSO forecast,tso_forecast,2208,2026-07-30 05:00:00+00:00,156.4300025,156.4300025,,2026-04-28 18:00:00+00:00,2026-07-29 17:00:00+00:00,online
2026-07-29,2026-08-10 08:08:40+00:00,FR,wind_offshore,tso_reference,TSO forecast,tso_forecast,2208,2026-07-30 06:00:00+00:00,165.7525,165.7525,,2026-04-28 18:00:00+00:00,2026-07-29 17:00:00+00:00,online
2026-07-29,2026-08-10 08:08:40+00:00,FR,wind_offshore,tso_reference,TSO forecast,tso_forecast,2208,2026-07-30 07:00:00+00:00,159.98,159.98,,2026-04-28 18:00:00+00:00,2026-07-29 17:00:00+00:00,online
2026-07-29,2026-08-10 08:08:40+00:00,FR,wind_offshore,tso_reference,TSO forecast,tso_forecast,2208,2026-07-30 08:00:00+00:00,152.96499749999998,152.96499749999998,,2026-04-28 18:00:00+00:00,2026-07-29 17:00:00+00:00,online
2026-07-29,2026-08-10 08:08:40+00:00,FR,wind_offshore,tso_reference,TSO forecast,tso_forecast,2208,2026-07-30 09:00:00+00:00,160.7875,160.7875,,2026-04-28 18:00:00+00:00,2026-07-29 17:00:00+00:00,online
2026-07-29,2026-08-10 08:08:40+00:00,FR,wind_offshore,tso_reference,TSO forecast,tso_forecast,2208,2026-07-30 10:00:00+00:00,163.050005,163.050005,,2026-04-28 18:00:00+00:00,2026-07-29 17:00:00+00:00,online
2026-07-29,2026-08-10 08:08:40+00:00,FR,wind_offshore,tso_reference,TSO forecast,tso_forecast,2208,2026-07-30 11:00:00+00:00,164.3624975,164.3624975,,2026-04-28 18:00:00+00:00,2026-07-29 17:00:00+00:00,online
2026-07-29,2026-08-10 08:08:40+00:00,FR,wind_offshore,tso_reference,TSO forecast,tso_forecast,2208,2026-07-30 12:00:00+00:00,195.269995,195.269995,,2026-04-28 18:00:00+00:00,2026-07-29 17:00:00+00:00,online
2026-07-29,2026-08-10 08:08:40+00:00,FR,wind_offshore,tso_reference,TSO forecast,tso_forecast,2208,2026-07-30 13:00:00+00:00,263.370005,263.370005,,2026-04-28 18:00:00+00:00,2026-07-29 17:00:00+00:00,online
2026-07-29,2026-08-10 08:08:40+00:00,FR,wind_offshore,tso_reference,TSO forecast,tso_forecast,2208,2026-07-30 14:00:00+00:00,356.564985,356.564985,,2026-04-28 18:00:00+00:00,2026-07-29 17:00:00+00:00,online
2026-07-29,2026-08-10 08:08:40+00:00,FR,wind_offshore,tso_reference,TSO forecast,tso_forecast,2208,2026-07-30 15:00:00+00:00,395.5674875,395.5674875,,2026-04-28 18:00:00+00:00,2026-07-29 17:00:00+00:00,online
2026-07-29,2026-08-10 08:08:40+00:00,FR,wind_offshore,tso_reference,TSO forecast,tso_forecast,2208,2026-07-30 16:00:00+00:00,415.6574875,415.6574875,,2026-04-28 18:00:00+00:00,2026-07-29 17:00:00+00:00,online
2026-07-29,2026-08-10 08:08:40+00:00,FR,wind_offshore,tso_reference,TSO forecast,tso_forecast,2208,2026-07-30 17:00:00+00:00,465.9050125,465.9050125,,2026-04-28 18:00:00+00:00,2026-07-29 17:00:00+00:00,online
2026-07-29,2026-08-10 08:08:40+00:00,FR,wind_offshore,persistence,Persistence,daily_persistence,2208,2026-07-29 18:00:00+00:00,81.305,277.41001,,2026-04-28 18:00:00+00:00,2026-07-29 17:00:00+00:00,online
2026-07-29,2026-08-10 08:08:40+00:00,FR,wind_offshore,persistence,Persistence,daily_persistence,2208,2026-07-29 19:00:00+00:00,128.71,269.85499500000003,,2026-04-28 18:00:00+00:00,2026-07-29 17:00:00+00:00,online
2026-07-29,2026-08-10 08:08:40+00:00,FR,wind_offshore,persistence,Persistence,daily_persistence,2208,2026-07-29 20:00:00+00:00,140.3775,291.805015,,2026-04-28 18:00:00+00:00,2026-07-29 17:00:00+00:00,online
2026-07-29,2026-08-10 08:08:40+00:00,FR,wind_offshore,persistence,Persistence,daily_persistence,2208,2026-07-29 21:00:00+00:00,58.2325,313.4725075,,2026-04-28 18:00:00+00:00,2026-07-29 17:00:00+00:00,online
2026-07-29,2026-08-10 08:08:40+00:00,FR,wind_offshore,persistence,Persistence,daily_persistence,2208,2026-07-29 22:00:00+00:00,55.865,301.93749249999996,,2026-04-28 18:00:00+00:00,2026-07-29 17:00:00+00:00,online
2026-07-29,2026-08-10 08:08:40+00:00,FR,wind_offshore,persistence,Persistence,daily_persistence,2208,2026-07-29 23:00:00+00:00,61.9525,333.5574875,,2026-04-28 18:00:00+00:00,2026-07-29 17:00:00+00:00,online
2026-07-29,2026-08-10 08:08:40+00:00,FR,wind_offshore,persistence,Persistence,daily_persistence,2208,2026-07-30 00:00:00+00:00,74.8475,327.002495,,2026-04-28 18:00:00+00:00,2026-07-29 17:00:00+00:00,online
2026-07-29,2026-08-10 08:08:40+00:00,FR,wind_offshore,persistence,Persistence,daily_persistence,2208,2026-07-30 01:00:00+00:00,82.385,313.680005,,2026-04-28 18:00:00+00:00,2026-07-29 17:00:00+00:00,online
2026-07-29,2026-08-10 08:08:40+00:00,FR,wind_offshore,persistence,Persistence,daily_persistence,2208,2026-07-30 02:00:00+00:00,39.725,289.33499,,2026-04-28 18:00:00+00:00,2026-07-29 17:00:00+00:00,online
2026-07-29,2026-08-10 08:08:40+00:00,FR,wind_offshore,persistence,Persistence,daily_persistence,2208,2026-07-30 03:00:00+00:00,17.4075,233.1900025,,2026-04-28 18:00:00+00:00,2026-07-29 17:00:00+00:00,online
2026-07-29,2026-08-10 08:08:40+00:00,FR,wind_offshore,persistence,Persistence,daily_persistence,2208,2026-07-30 04:00:00+00:00,15.5475,201.4050025,,2026-04-28 18:00:00+00:00,2026-07-29 17:00:00+00:00,online
2026-07-29,2026-08-10 08:08:40+00:00,FR,wind_offshore,persistence,Persistence,daily_persistence,2208,2026-07-30 05:00:00+00:00,29.9325,156.4300025,,2026-04-28 18:00:00+00:00,2026-07-29 17:00:00+00:00,online
2026-07-29,2026-08-10 08:08:40+00:00,FR,wind_offshore,persistence,Persistence,daily_persistence,2208,2026-07-30 06:00:00+00:00,55.51,165.7525,,2026-04-28 18:00:00+00:00,2026-07-29 17:00:00+00:00,online
2026-07-29,2026-08-10 08:08:40+00:00,FR,wind_offshore,persistence,Persistence,daily_persistence,2208,2026-07-30 07:00:00+00:00,35.120000000000005,159.98,,2026-04-28 18:00:00+00:00,2026-07-29 17:00:00+00:00,online
2026-07-29,2026-08-10 08:08:40+00:00,FR,wind_offshore,persistence,Persistence,daily_persistence,2208,2026-07-30 08:00:00+00:00,64.42,152.96499749999998,,2026-04-28 18:00:00+00:00,2026-07-29 17:00:00+00:00,online
2026-07-29,2026-08-10 08:08:40+00:00,FR,wind_offshore,persistence,Persistence,daily_persistence,2208,2026-07-30 09:00:00+00:00,49.0475,160.7875,,2026-04-28 18:00:00+00:00,2026-07-29 17:00:00+00:00,online
2026-07-29,2026-08-10 08:08:40+00:00,FR,wind_offshore,persistence,Persistence,daily_persistence,2208,2026-07-30 10:00:00+00:00,15.76,163.050005,,2026-04-28 18:00:00+00:00,2026-07-29 17:00:00+00:00,online
2026-07-29,2026-08-10 08:08:40+00:00,FR,wind_offshore,persistence,Persistence,daily_persistence,2208,2026-07-30 11:00:00+00:00,39.355,164.3624975,,2026-04-28 18:00:00+00:00,2026-07-29 17:00:00+00:00,online
2026-07-29,2026-08-10 08:08:40+00:00,FR,wind_offshore,persistence,Persistence,daily_persistence,2208,2026-07-30 12:00:00+00:00,154.37,195.269995,,2026-04-28 18:00:00+00:00,2026-07-29 17:00:00+00:00,online
2026-07-29,2026-08-10 08:08:40+00:00,FR,wind_offshore,persistence,Persistence,daily_persistence,2208,2026-07-30 13:00:00+00:00,184.8625,263.370005,,2026-04-28 18:00:00+00:00,2026-07-29 17:00:00+00:00,online
2026-07-29,2026-08-10 08:08:40+00:00,FR,wind_offshore,persistence,Persistence,daily_persistence,2208,2026-07-30 14:00:00+00:00,221.5925,356.564985,,2026-04-28 18:00:00+00:00,2026-07-29 17:00:00+00:00,online
2026-07-29,2026-08-10 08:08:40+00:00,FR,wind_offshore,persistence,Persistence,daily_persistence,2208,2026-07-30 15:00:00+00:00,263.0775,395.5674875,,2026-04-28 18:00:00+00:00,2026-07-29 17:00:00+00:00,online
2026-07-29,2026-08-10 08:08:40+00:00,FR,wind_offshore,persistence,Persistence,daily_persistence,2208,2026-07-30 16:00:00+00:00,255.0975,415.6574875,,2026-04-28 18:00:00+00:00,2026-07-29 17:00:00+00:00,online
2026-07-29,2026-08-10 08:08:40+00:00,FR,wind_offshore,persistence,Persistence,daily_persistence,2208,2026-07-30 17:00:00+00:00,213.2075,465.9050125,,2026-04-28 18:00:00+00:00,2026-07-29 17:00:00+00:00,online
2026-07-29,2026-08-10 08:08:40+00:00,FR,wind_offshore,chronos2_online,Chronos2 with covariates,weather_4p+tso_forecast,2208,2026-07-29 18:00:00+00:00,208.57131958007812,277.41001,,2026-04-28 18:00:00+00:00,2026-07-29 17:00:00+00:00,online
2026-07-29,2026-08-10 08:08:40+00:00,FR,wind_offshore,chronos2_online,Chronos2 with covariates,weather_4p+tso_forecast,2208,2026-07-29 19:00:00+00:00,159.82861328125,269.85499500000003,,2026-04-28 18:00:00+00:00,2026-07-29 17:00:00+00:00,online
2026-07-29,2026-08-10 08:08:40+00:00,FR,wind_offshore,chronos2_online,Chronos2 with covariates,weather_4p+tso_forecast,2208,2026-07-29 20:00:00+00:00,189.9744873046875,291.805015,,2026-04-28 18:00:00+00:00,2026-07-29 17:00:00+00:00,online
2026-07-29,2026-08-10 08:08:40+00:00,FR,wind_offshore,chronos2_online,Chronos2 with covariates,weather_4p+tso_forecast,2208,2026-07-29 21:00:00+00:00,234.4527282714844,313.4725075,,2026-04-28 18:00:00+00:00,2026-07-29 17:00:00+00:00,online
2026-07-29,2026-08-10 08:08:40+00:00,FR,wind_offshore,chronos2_online,Chronos2 with covariates,weather_4p+tso_forecast,2208,2026-07-29 22:00:00+00:00,242.94744873046875,301.93749249999996,,2026-04-28 18:00:00+00:00,2026-07-29 17:00:00+00:00,online
2026-07-29,2026-08-10 08:08:40+00:00,FR,wind_offshore,chronos2_online,Chronos2 with covariates,weather_4p+tso_forecast,2208,2026-07-29 23:00:00+00:00,227.70440673828125,333.5574875,,2026-04-28 18:00:00+00:00,2026-07-29 17:00:00+00:00,online
2026-07-29,2026-08-10 08:08:40+00:00,FR,wind_offshore,chronos2_online,Chronos2 with covariates,weather_4p+tso_forecast,2208,2026-07-30 00:00:00+00:00,209.133544921875,327.002495,,2026-04-28 18:00:00+00:00,2026-07-29 17:00:00+00:00,online
2026-07-29,2026-08-10 08:08:40+00:00,FR,wind_offshore,chronos2_online,Chronos2 with covariates,weather_4p+tso_forecast,2208,2026-07-30 01:00:00+00:00,207.44015502929688,313.680005,,2026-04-28 18:00:00+00:00,2026-07-29 17:00:00+00:00,online
2026-07-29,2026-08-10 08:08:40+00:00,FR,wind_offshore,chronos2_online,Chronos2 with covariates,weather_4p+tso_forecast,2208,2026-07-30 02:00:00+00:00,196.5391540527344,289.33499,,2026-04-28 18:00:00+00:00,2026-07-29 17:00:00+00:00,online
2026-07-29,2026-08-10 08:08:40+00:00,FR,wind_offshore,chronos2_online,Chronos2 with covariates,weather_4p+tso_forecast,2208,2026-07-30 03:00:00+00:00,171.0142822265625,233.1900025,,2026-04-28 18:00:00+00:00,2026-07-29 17:00:00+00:00,online
2026-07-29,2026-08-10 08:08:40+00:00,FR,wind_offshore,chronos2_online,Chronos2 with covariates,weather_4p+tso_forecast,2208,2026-07-30 04:00:00+00:00,152.25991821289062,201.4050025,,2026-04-28 18:00:00+00:00,2026-07-29 17:00:00+00:00,online
2026-07-29,2026-08-10 08:08:40+00:00,FR,wind_offshore,chronos2_online,Chronos2 with covariates,weather_4p+tso_forecast,2208,2026-07-30 05:00:00+00:00,141.29541015625,156.4300025,,2026-04-28 18:00:00+00:00,2026-07-29 17:00:00+00:00,online
2026-07-29,2026-08-10 08:08:40+00:00,FR,wind_offshore,chronos2_online,Chronos2 with covariates,weather_4p+tso_forecast,2208,2026-07-30 06:00:00+00:00,135.72616577148438,165.7525,,2026-04-28 18:00:00+00:00,2026-07-29 17:00:00+00:00,online
2026-07-29,2026-08-10 08:08:40+00:00,FR,wind_offshore,chronos2_online,Chronos2 with covariates,weather_4p+tso_forecast,2208,2026-07-30 07:00:00+00:00,134.57662963867188,159.98,,2026-04-28 18:00:00+00:00,2026-07-29 17:00:00+00:00,online
2026-07-29,2026-08-10 08:08:40+00:00,FR,wind_offshore,chronos2_online,Chronos2 with covariates,weather_4p+tso_forecast,2208,2026-07-30 08:00:00+00:00,113.80679321289062,152.96499749999998,,2026-04-28 18:00:00+00:00,2026-07-29 17:00:00+00:00,online
2026-07-29,2026-08-10 08:08:40+00:00,FR,wind_offshore,chronos2_online,Chronos2 with covariates,weather_4p+tso_forecast,2208,2026-07-30 09:00:00+00:00,125.26803588867188,160.7875,,2026-04-28 18:00:00+00:00,2026-07-29 17:00:00+00:00,online
2026-07-29,2026-08-10 08:08:40+00:00,FR,wind_offshore,chronos2_online,Chronos2 with covariates,weather_4p+tso_forecast,2208,2026-07-30 10:00:00+00:00,104.3604736328125,163.050005,,2026-04-28 18:00:00+00:00,2026-07-29 17:00:00+00:00,online
2026-07-29,2026-08-10 08:08:40+00:00,FR,wind_offshore,chronos2_online,Chronos2 with covariates,weather_4p+tso_forecast,2208,2026-07-30 11:00:00+00:00,90.67861938476562,164.3624975,,2026-04-28 18:00:00+00:00,2026-07-29 17:00:00+00:00,online
2026-07-29,2026-08-10 08:08:40+00:00,FR,wind_offshore,chronos2_online,Chronos2 with covariates,weather_4p+tso_forecast,2208,2026-07-30 12:00:00+00:00,92.67727661132812,195.269995,,2026-04-28 18:00:00+00:00,2026-07-29 17:00:00+00:00,online
2026-07-29,2026-08-10 08:08:40+00:00,FR,wind_offshore,chronos2_online,Chronos2 with covariates,weather_4p+tso_forecast,2208,2026-07-30 13:00:00+00:00,121.08392333984376,263.370005,,2026-04-28 18:00:00+00:00,2026-07-29 17:00:00+00:00,online
2026-07-29,2026-08-10 08:08:40+00:00,FR,wind_offshore,chronos2_online,Chronos2 with covariates,weather_4p+tso_forecast,2208,2026-07-30 14:00:00+00:00,167.03237915039062,356.564985,,2026-04-28 18:00:00+00:00,2026-07-29 17:00:00+00:00,online
2026-07-29,2026-08-10 08:08:40+00:00,FR,wind_offshore,chronos2_online,Chronos2 with covariates,weather_4p+tso_forecast,2208,2026-07-30 15:00:00+00:00,202.5411376953125,395.5674875,,2026-04-28 18:00:00+00:00,2026-07-29 17:00:00+00:00,online
2026-07-29,2026-08-10 08:08:40+00:00,FR,wind_offshore,chronos2_online,Chronos2 with covariates,weather_4p+tso_forecast,2208,2026-07-30 16:00:00+00:00,236.51351928710935,415.6574875,,2026-04-28 18:00:00+00:00,2026-07-29 17:00:00+00:00,online
2026-07-29,2026-08-10 08:08:40+00:00,FR,wind_offshore,chronos2_online,Chronos2 with covariates,weather_4p+tso_forecast,2208,2026-07-30 17:00:00+00:00,262.4632873535156,465.9050125,,2026-04-28 18:00:00+00:00,2026-07-29 17:00:00+00:00,online
2026-07-29,2026-08-10 08:08:40+00:00,FR,wind_offshore,xgboost_online,XGBoost with covariates,weather_4p+tso_forecast,2208,2026-07-29 18:00:00+00:00,227.9551239013672,277.41001,,2026-04-28 18:00:00+00:00,2026-07-29 17:00:00+00:00,online
2026-07-29,2026-08-10 08:08:40+00:00,FR,wind_offshore,xgboost_online,XGBoost with covariates,weather_4p+tso_forecast,2208,2026-07-29 19:00:00+00:00,185.28675842285156,269.85499500000003,,2026-04-28 18:00:00+00:00,2026-07-29 17:00:00+00:00,online
2026-07-29,2026-08-10 08:08:40+00:00,FR,wind_offshore,xgboost_online,XGBoost with covariates,weather_4p+tso_forecast,2208,2026-07-29 20:00:00+00:00,243.0028076171875,291.805015,,2026-04-28 18:00:00+00:00,2026-07-29 17:00:00+00:00,online
2026-07-29,2026-08-10 08:08:40+00:00,FR,wind_offshore,xgboost_online,XGBoost with covariates,weather_4p+tso_forecast,2208,2026-07-29 21:00:00+00:00,251.1336669921875,313.4725075,,2026-04-28 18:00:00+00:00,2026-07-29 17:00:00+00:00,online
2026-07-29,2026-08-10 08:08:40+00:00,FR,wind_offshore,xgboost_online,XGBoost with covariates,weather_4p+tso_forecast,2208,2026-07-29 22:00:00+00:00,248.97215270996097,301.93749249999996,,2026-04-28 18:00:00+00:00,2026-07-29 17:00:00+00:00,online
2026-07-29,2026-08-10 08:08:40+00:00,FR,wind_offshore,xgboost_online,XGBoost with covariates,weather_4p+tso_forecast,2208,2026-07-29 23:00:00+00:00,271.4397888183594,333.5574875,,2026-04-28 18:00:00+00:00,2026-07-29 17:00:00+00:00,online
2026-07-29,2026-08-10 08:08:40+00:00,FR,wind_offshore,xgboost_online,XGBoost with covariates,weather_4p+tso_forecast,2208,2026-07-30 00:00:00+00:00,234.5852203369141,327.002495,,2026-04-28 18:00:00+00:00,2026-07-29 17:00:00+00:00,online
2026-07-29,2026-08-10 08:08:40+00:00,FR,wind_offshore,xgboost_online,XGBoost with covariates,weather_4p+tso_forecast,2208,2026-07-30 01:00:00+00:00,213.86753845214844,313.680005,,2026-04-28 18:00:00+00:00,2026-07-29 17:00:00+00:00,online
2026-07-29,2026-08-10 08:08:40+00:00,FR,wind_offshore,xgboost_online,XGBoost with covariates,weather_4p+tso_forecast,2208,2026-07-30 02:00:00+00:00,230.2962951660156,289.33499,,2026-04-28 18:00:00+00:00,2026-07-29 17:00:00+00:00,online
2026-07-29,2026-08-10 08:08:40+00:00,FR,wind_offshore,xgboost_online,XGBoost with covariates,weather_4p+tso_forecast,2208,2026-07-30 03:00:00+00:00,189.2570648193359,233.1900025,,2026-04-28 18:00:00+00:00,2026-07-29 17:00:00+00:00,online
2026-07-29,2026-08-10 08:08:40+00:00,FR,wind_offshore,xgboost_online,XGBoost with covariates,weather_4p+tso_forecast,2208,2026-07-30 04:00:00+00:00,162.2953643798828,201.4050025,,2026-04-28 18:00:00+00:00,2026-07-29 17:00:00+00:00,online
2026-07-29,2026-08-10 08:08:40+00:00,FR,wind_offshore,xgboost_online,XGBoost with covariates,weather_4p+tso_forecast,2208,2026-07-30 05:00:00+00:00,105.36355590820312,156.4300025,,2026-04-28 18:00:00+00:00,2026-07-29 17:00:00+00:00,online
2026-07-29,2026-08-10 08:08:40+00:00,FR,wind_offshore,xgboost_online,XGBoost with covariates,weather_4p+tso_forecast,2208,2026-07-30 06:00:00+00:00,127.2843780517578,165.7525,,2026-04-28 18:00:00+00:00,2026-07-29 17:00:00+00:00,online
2026-07-29,2026-08-10 08:08:40+00:00,FR,wind_offshore,xgboost_online,XGBoost with covariates,weather_4p+tso_forecast,2208,2026-07-30 07:00:00+00:00,123.85540771484376,159.98,,2026-04-28 18:00:00+00:00,2026-07-29 17:00:00+00:00,online
2026-07-29,2026-08-10 08:08:40+00:00,FR,wind_offshore,xgboost_online,XGBoost with covariates,weather_4p+tso_forecast,2208,2026-07-30 08:00:00+00:00,93.7330551147461,152.96499749999998,,2026-04-28 18:00:00+00:00,2026-07-29 17:00:00+00:00,online
2026-07-29,2026-08-10 08:08:40+00:00,FR,wind_offshore,xgboost_online,XGBoost with covariates,weather_4p+tso_forecast,2208,2026-07-30 09:00:00+00:00,121.38072967529295,160.7875,,2026-04-28 18:00:00+00:00,2026-07-29 17:00:00+00:00,online
2026-07-29,2026-08-10 08:08:40+00:00,FR,wind_offshore,xgboost_online,XGBoost with covariates,weather_4p+tso_forecast,2208,2026-07-30 10:00:00+00:00,121.97953033447266,163.050005,,2026-04-28 18:00:00+00:00,2026-07-29 17:00:00+00:00,online
2026-07-29,2026-08-10 08:08:40+00:00,FR,wind_offshore,xgboost_online,XGBoost with covariates,weather_4p+tso_forecast,2208,2026-07-30 11:00:00+00:00,110.2783660888672,164.3624975,,2026-04-28 18:00:00+00:00,2026-07-29 17:00:00+00:00,online
2026-07-29,2026-08-10 08:08:40+00:00,FR,wind_offshore,xgboost_online,XGBoost with covariates,weather_4p+tso_forecast,2208,2026-07-30 12:00:00+00:00,128.46475219726562,195.269995,,2026-04-28 18:00:00+00:00,2026-07-29 17:00:00+00:00,online
2026-07-29,2026-08-10 08:08:40+00:00,FR,wind_offshore,xgboost_online,XGBoost with covariates,weather_4p+tso_forecast,2208,2026-07-30 13:00:00+00:00,179.54052734375,263.370005,,2026-04-28 18:00:00+00:00,2026-07-29 17:00:00+00:00,online
2026-07-29,2026-08-10 08:08:40+00:00,FR,wind_offshore,xgboost_online,XGBoost with covariates,weather_4p+tso_forecast,2208,2026-07-30 14:00:00+00:00,265.00848388671875,356.564985,,2026-04-28 18:00:00+00:00,2026-07-29 17:00:00+00:00,online
2026-07-29,2026-08-10 08:08:40+00:00,FR,wind_offshore,xgboost_online,XGBoost with covariates,weather_4p+tso_forecast,2208,2026-07-30 15:00:00+00:00,301.3028564453125,395.5674875,,2026-04-28 18:00:00+00:00,2026-07-29 17:00:00+00:00,online
2026-07-29,2026-08-10 08:08:40+00:00,FR,wind_offshore,xgboost_online,XGBoost with covariates,weather_4p+tso_forecast,2208,2026-07-30 16:00:00+00:00,330.1180725097656,415.6574875,,2026-04-28 18:00:00+00:00,2026-07-29 17:00:00+00:00,online
2026-07-29,2026-08-10 08:08:40+00:00,FR,wind_offshore,xgboost_online,XGBoost with covariates,weather_4p+tso_forecast,2208,2026-07-30 17:00:00+00:00,376.8224487304687,465.9050125,,2026-04-28 18:00:00+00:00,2026-07-29 17:00:00+00:00,online
2026-07-29,2026-08-10 08:08:40+00:00,DE,load,tso_reference,TSO forecast,tso_forecast,2208,2026-07-29 18:00:00+00:00,55735.992766,55735.992766,,2026-04-28 18:00:00+00:00,2026-07-29 17:00:00+00:00,online
2026-07-29,2026-08-10 08:08:40+00:00,DE,load,tso_reference,TSO forecast,tso_forecast,2208,2026-07-29 19:00:00+00:00,53895.77663075,53895.77663075,,2026-04-28 18:00:00+00:00,2026-07-29 17:00:00+00:00,online
2026-07-29,2026-08-10 08:08:40+00:00,DE,load,tso_reference,TSO forecast,tso_forecast,2208,2026-07-29 20:00:00+00:00,50251.61737125,50251.61737125,,2026-04-28 18:00:00+00:00,2026-07-29 17:00:00+00:00,online
2026-07-29,2026-08-10 08:08:40+00:00,DE,load,tso_reference,TSO forecast,tso_forecast,2208,2026-07-29 21:00:00+00:00,46418.849333499995,46418.849333499995,,2026-04-28 18:00:00+00:00,2026-07-29 17:00:00+00:00,online
2026-07-29,2026-08-10 08:08:40+00:00,DE,load,tso_reference,TSO forecast,tso_forecast,2208,2026-07-29 22:00:00+00:00,44459.82336075,44459.82336075,,2026-04-28 18:00:00+00:00,2026-07-29 17:00:00+00:00,online
2026-07-29,2026-08-10 08:08:40+00:00,DE,load,tso_reference,TSO forecast,tso_forecast,2208,2026-07-29 23:00:00+00:00,42690.656975000005,42690.656975000005,,2026-04-28 18:00:00+00:00,2026-07-29 17:00:00+00:00,online
2026-07-29,2026-08-10 08:08:40+00:00,DE,load,tso_reference,TSO forecast,tso_forecast,2208,2026-07-30 00:00:00+00:00,41909.211704500005,41909.211704500005,,2026-04-28 18:00:00+00:00,2026-07-29 17:00:00+00:00,online
2026-07-29,2026-08-10 08:08:40+00:00,DE,load,tso_reference,TSO forecast,tso_forecast,2208,2026-07-30 01:00:00+00:00,41580.054343,41580.054343,,2026-04-28 18:00:00+00:00,2026-07-29 17:00:00+00:00,online
2026-07-29,2026-08-10 08:08:40+00:00,DE,load,tso_reference,TSO forecast,tso_forecast,2208,2026-07-30 02:00:00+00:00,42033.94011925,42033.94011925,,2026-04-28 18:00:00+00:00,2026-07-29 17:00:00+00:00,online
2026-07-29,2026-08-10 08:08:40+00:00,DE,load,tso_reference,TSO forecast,tso_forecast,2208,2026-07-30 03:00:00+00:00,44853.96003275,44853.96003275,,2026-04-28 18:00:00+00:00,2026-07-29 17:00:00+00:00,online
2026-07-29,2026-08-10 08:08:40+00:00,DE,load,tso_reference,TSO forecast,tso_forecast,2208,2026-07-30 04:00:00+00:00,50670.600292,50670.600292,,2026-04-28 18:00:00+00:00,2026-07-29 17:00:00+00:00,online
2026-07-29,2026-08-10 08:08:40+00:00,DE,load,tso_reference,TSO forecast,tso_forecast,2208,2026-07-30 05:00:00+00:00,55527.0185465,55527.0185465,,2026-04-28 18:00:00+00:00,2026-07-29 17:00:00+00:00,online
2026-07-29,2026-08-10 08:08:40+00:00,DE,load,tso_reference,TSO forecast,tso_forecast,2208,2026-07-30 06:00:00+00:00,58761.19075825,58761.19075825,,2026-04-28 18:00:00+00:00,2026-07-29 17:00:00+00:00,online
2026-07-29,2026-08-10 08:08:40+00:00,DE,load,tso_reference,TSO forecast,tso_forecast,2208,2026-07-30 07:00:00+00:00,60106.29943225,60106.29943225,,2026-04-28 18:00:00+00:00,2026-07-29 17:00:00+00:00,online
2026-07-29,2026-08-10 08:08:40+00:00,DE,load,tso_reference,TSO forecast,tso_forecast,2208,2026-07-30 08:00:00+00:00,60814.108494750006,60814.108494750006,,2026-04-28 18:00:00+00:00,2026-07-29 17:00:00+00:00,online
2026-07-29,2026-08-10 08:08:40+00:00,DE,load,tso_reference,TSO forecast,tso_forecast,2208,2026-07-30 09:00:00+00:00,60870.7011155,60870.7011155,,2026-04-28 18:00:00+00:00,2026-07-29 17:00:00+00:00,online
2026-07-29,2026-08-10 08:08:40+00:00,DE,load,tso_reference,TSO forecast,tso_forecast,2208,2026-07-30 10:00:00+00:00,60047.38235225,60047.38235225,,2026-04-28 18:00:00+00:00,2026-07-29 17:00:00+00:00,online
2026-07-29,2026-08-10 08:08:40+00:00,DE,load,tso_reference,TSO forecast,tso_forecast,2208,2026-07-30 11:00:00+00:00,58548.26092625,58548.26092625,,2026-04-28 18:00:00+00:00,2026-07-29 17:00:00+00:00,online
2026-07-29,2026-08-10 08:08:40+00:00,DE,load,tso_reference,TSO forecast,tso_forecast,2208,2026-07-30 12:00:00+00:00,57674.574844,57674.574844,,2026-04-28 18:00:00+00:00,2026-07-29 17:00:00+00:00,online
2026-07-29,2026-08-10 08:08:40+00:00,DE,load,tso_reference,TSO forecast,tso_forecast,2208,2026-07-30 13:00:00+00:00,56947.556786500005,56947.556786500005,,2026-04-28 18:00:00+00:00,2026-07-29 17:00:00+00:00,online
2026-07-29,2026-08-10 08:08:40+00:00,DE,load,tso_reference,TSO forecast,tso_forecast,2208,2026-07-30 14:00:00+00:00,56420.5856615,56420.5856615,,2026-04-28 18:00:00+00:00,2026-07-29 17:00:00+00:00,online
2026-07-29,2026-08-10 08:08:40+00:00,DE,load,tso_reference,TSO forecast,tso_forecast,2208,2026-07-30 15:00:00+00:00,56144.667024,56144.667024,,2026-04-28 18:00:00+00:00,2026-07-29 17:00:00+00:00,online
2026-07-29,2026-08-10 08:08:40+00:00,DE,load,tso_reference,TSO forecast,tso_forecast,2208,2026-07-30 16:00:00+00:00,57376.1080675,57376.1080675,,2026-04-28 18:00:00+00:00,2026-07-29 17:00:00+00:00,online
2026-07-29,2026-08-10 08:08:40+00:00,DE,load,tso_reference,TSO forecast,tso_forecast,2208,2026-07-30 17:00:00+00:00,57593.0558465,57593.0558465,,2026-04-28 18:00:00+00:00,2026-07-29 17:00:00+00:00,online
2026-07-29,2026-08-10 08:08:40+00:00,DE,load,persistence,Persistence,weekly_persistence,2208,2026-07-29 18:00:00+00:00,55007.89165,55735.992766,,2026-04-28 18:00:00+00:00,2026-07-29 17:00:00+00:00,online
2026-07-29,2026-08-10 08:08:40+00:00,DE,load,persistence,Persistence,weekly_persistence,2208,2026-07-29 19:00:00+00:00,53469.119445,53895.77663075,,2026-04-28 18:00:00+00:00,2026-07-29 17:00:00+00:00,online
2026-07-29,2026-08-10 08:08:40+00:00,DE,load,persistence,Persistence,weekly_persistence,2208,2026-07-29 20:00:00+00:00,51462.243050000005,50251.61737125,,2026-04-28 18:00:00+00:00,2026-07-29 17:00:00+00:00,online
2026-07-29,2026-08-10 08:08:40+00:00,DE,load,persistence,Persistence,weekly_persistence,2208,2026-07-29 21:00:00+00:00,48334.940440000006,46418.849333499995,,2026-04-28 18:00:00+00:00,2026-07-29 17:00:00+00:00,online
2026-07-29,2026-08-10 08:08:40+00:00,DE,load,persistence,Persistence,weekly_persistence,2208,2026-07-29 22:00:00+00:00,46531.6154175,44459.82336075,,2026-04-28 18:00:00+00:00,2026-07-29 17:00:00+00:00,online
2026-07-29,2026-08-10 08:08:40+00:00,DE,load,persistence,Persistence,weekly_persistence,2208,2026-07-29 23:00:00+00:00,44917.6369925,42690.656975000005,,2026-04-28 18:00:00+00:00,2026-07-29 17:00:00+00:00,online
2026-07-29,2026-08-10 08:08:40+00:00,DE,load,persistence,Persistence,weekly_persistence,2208,2026-07-30 00:00:00+00:00,43444.848935,41909.211704500005,,2026-04-28 18:00:00+00:00,2026-07-29 17:00:00+00:00,online
2026-07-29,2026-08-10 08:08:40+00:00,DE,load,persistence,Persistence,weekly_persistence,2208,2026-07-30 01:00:00+00:00,42941.455445,41580.054343,,2026-04-28 18:00:00+00:00,2026-07-29 17:00:00+00:00,online
2026-07-29,2026-08-10 08:08:40+00:00,DE,load,persistence,Persistence,weekly_persistence,2208,2026-07-30 02:00:00+00:00,43641.952135,42033.94011925,,2026-04-28 18:00:00+00:00,2026-07-29 17:00:00+00:00,online
2026-07-29,2026-08-10 08:08:40+00:00,DE,load,persistence,Persistence,weekly_persistence,2208,2026-07-30 03:00:00+00:00,46812.781435,44853.96003275,,2026-04-28 18:00:00+00:00,2026-07-29 17:00:00+00:00,online
2026-07-29,2026-08-10 08:08:40+00:00,DE,load,persistence,Persistence,weekly_persistence,2208,2026-07-30 04:00:00+00:00,52119.158375,50670.600292,,2026-04-28 18:00:00+00:00,2026-07-29 17:00:00+00:00,online
2026-07-29,2026-08-10 08:08:40+00:00,DE,load,persistence,Persistence,weekly_persistence,2208,2026-07-30 05:00:00+00:00,56938.1391,55527.0185465,,2026-04-28 18:00:00+00:00,2026-07-29 17:00:00+00:00,online
2026-07-29,2026-08-10 08:08:40+00:00,DE,load,persistence,Persistence,weekly_persistence,2208,2026-07-30 06:00:00+00:00,59403.7628525,58761.19075825,,2026-04-28 18:00:00+00:00,2026-07-29 17:00:00+00:00,online
2026-07-29,2026-08-10 08:08:40+00:00,DE,load,persistence,Persistence,weekly_persistence,2208,2026-07-30 07:00:00+00:00,60665.4101975,60106.29943225,,2026-04-28 18:00:00+00:00,2026-07-29 17:00:00+00:00,online
2026-07-29,2026-08-10 08:08:40+00:00,DE,load,persistence,Persistence,weekly_persistence,2208,2026-07-30 08:00:00+00:00,61261.092715,60814.108494750006,,2026-04-28 18:00:00+00:00,2026-07-29 17:00:00+00:00,online
2026-07-29,2026-08-10 08:08:40+00:00,DE,load,persistence,Persistence,weekly_persistence,2208,2026-07-30 09:00:00+00:00,60677.8189825,60870.7011155,,2026-04-28 18:00:00+00:00,2026-07-29 17:00:00+00:00,online
2026-07-29,2026-08-10 08:08:40+00:00,DE,load,persistence,Persistence,weekly_persistence,2208,2026-07-30 10:00:00+00:00,59014.738905,60047.38235225,,2026-04-28 18:00:00+00:00,2026-07-29 17:00:00+00:00,online
2026-07-29,2026-08-10 08:08:40+00:00,DE,load,persistence,Persistence,weekly_persistence,2208,2026-07-30 11:00:00+00:00,56682.4673075,58548.26092625,,2026-04-28 18:00:00+00:00,2026-07-29 17:00:00+00:00,online
2026-07-29,2026-08-10 08:08:40+00:00,DE,load,persistence,Persistence,weekly_persistence,2208,2026-07-30 12:00:00+00:00,55193.797505,57674.574844,,2026-04-28 18:00:00+00:00,2026-07-29 17:00:00+00:00,online
2026-07-29,2026-08-10 08:08:40+00:00,DE,load,persistence,Persistence,weekly_persistence,2208,2026-07-30 13:00:00+00:00,53337.40181,56947.556786500005,,2026-04-28 18:00:00+00:00,2026-07-29 17:00:00+00:00,online
2026-07-29,2026-08-10 08:08:40+00:00,DE,load,persistence,Persistence,weekly_persistence,2208,2026-07-30 14:00:00+00:00,52715.3737625,56420.5856615,,2026-04-28 18:00:00+00:00,2026-07-29 17:00:00+00:00,online
2026-07-29,2026-08-10 08:08:40+00:00,DE,load,persistence,Persistence,weekly_persistence,2208,2026-07-30 15:00:00+00:00,53026.9870625,56144.667024,,2026-04-28 18:00:00+00:00,2026-07-29 17:00:00+00:00,online
2026-07-29,2026-08-10 08:08:40+00:00,DE,load,persistence,Persistence,weekly_persistence,2208,2026-07-30 16:00:00+00:00,55851.5246825,57376.1080675,,2026-04-28 18:00:00+00:00,2026-07-29 17:00:00+00:00,online
2026-07-29,2026-08-10 08:08:40+00:00,DE,load,persistence,Persistence,weekly_persistence,2208,2026-07-30 17:00:00+00:00,57290.95142,57593.0558465,,2026-04-28 18:00:00+00:00,2026-07-29 17:00:00+00:00,online
2026-07-29,2026-08-10 08:08:40+00:00,DE,load,ridge_3mo_context,Ridge with covariates,Hum+tso_forecast,2208,2026-07-29 18:00:00+00:00,55695.37691553877,55735.992766,,2026-04-28 18:00:00+00:00,2026-07-29 17:00:00+00:00,online
2026-07-29,2026-08-10 08:08:40+00:00,DE,load,ridge_3mo_context,Ridge with covariates,Hum+tso_forecast,2208,2026-07-29 19:00:00+00:00,54029.99882039515,53895.77663075,,2026-04-28 18:00:00+00:00,2026-07-29 17:00:00+00:00,online
2026-07-29,2026-08-10 08:08:40+00:00,DE,load,ridge_3mo_context,Ridge with covariates,Hum+tso_forecast,2208,2026-07-29 20:00:00+00:00,50883.24987198094,50251.61737125,,2026-04-28 18:00:00+00:00,2026-07-29 17:00:00+00:00,online
2026-07-29,2026-08-10 08:08:40+00:00,DE,load,ridge_3mo_context,Ridge with covariates,Hum+tso_forecast,2208,2026-07-29 21:00:00+00:00,47543.86388705264,46418.849333499995,,2026-04-28 18:00:00+00:00,2026-07-29 17:00:00+00:00,online
2026-07-29,2026-08-10 08:08:40+00:00,DE,load,ridge_3mo_context,Ridge with covariates,Hum+tso_forecast,2208,2026-07-29 22:00:00+00:00,45834.9592310542,44459.82336075,,2026-04-28 18:00:00+00:00,2026-07-29 17:00:00+00:00,online
2026-07-29,2026-08-10 08:08:40+00:00,DE,load,ridge_3mo_context,Ridge with covariates,Hum+tso_forecast,2208,2026-07-29 23:00:00+00:00,44159.45044006275,42690.656975000005,,2026-04-28 18:00:00+00:00,2026-07-29 17:00:00+00:00,online
2026-07-29,2026-08-10 08:08:40+00:00,DE,load,ridge_3mo_context,Ridge with covariates,Hum+tso_forecast,2208,2026-07-30 00:00:00+00:00,43152.271407259206,41909.211704500005,,2026-04-28 18:00:00+00:00,2026-07-29 17:00:00+00:00,online
2026-07-29,2026-08-10 08:08:40+00:00,DE,load,ridge_3mo_context,Ridge with covariates,Hum+tso_forecast,2208,2026-07-30 01:00:00+00:00,42861.66883514388,41580.054343,,2026-04-28 18:00:00+00:00,2026-07-29 17:00:00+00:00,online
2026-07-29,2026-08-10 08:08:40+00:00,DE,load,ridge_3mo_context,Ridge with covariates,Hum+tso_forecast,2208,2026-07-30 02:00:00+00:00,43242.303015466474,42033.94011925,,2026-04-28 18:00:00+00:00,2026-07-29 17:00:00+00:00,online
2026-07-29,2026-08-10 08:08:40+00:00,DE,load,ridge_3mo_context,Ridge with covariates,Hum+tso_forecast,2208,2026-07-30 03:00:00+00:00,45847.98128909872,44853.96003275,,2026-04-28 18:00:00+00:00,2026-07-29 17:00:00+00:00,online
2026-07-29,2026-08-10 08:08:40+00:00,DE,load,ridge_3mo_context,Ridge with covariates,Hum+tso_forecast,2208,2026-07-30 04:00:00+00:00,51164.78655415464,50670.600292,,2026-04-28 18:00:00+00:00,2026-07-29 17:00:00+00:00,online
2026-07-29,2026-08-10 08:08:40+00:00,DE,load,ridge_3mo_context,Ridge with covariates,Hum+tso_forecast,2208,2026-07-30 05:00:00+00:00,55645.58971265664,55527.0185465,,2026-04-28 18:00:00+00:00,2026-07-29 17:00:00+00:00,online
2026-07-29,2026-08-10 08:08:40+00:00,DE,load,ridge_3mo_context,Ridge with covariates,Hum+tso_forecast,2208,2026-07-30 06:00:00+00:00,58523.31475688895,58761.19075825,,2026-04-28 18:00:00+00:00,2026-07-29 17:00:00+00:00,online
2026-07-29,2026-08-10 08:08:40+00:00,DE,load,ridge_3mo_context,Ridge with covariates,Hum+tso_forecast,2208,2026-07-30 07:00:00+00:00,59591.065704020046,60106.29943225,,2026-04-28 18:00:00+00:00,2026-07-29 17:00:00+00:00,online
2026-07-29,2026-08-10 08:08:40+00:00,DE,load,ridge_3mo_context,Ridge with covariates,Hum+tso_forecast,2208,2026-07-30 08:00:00+00:00,60270.58082709632,60814.108494750006,,2026-04-28 18:00:00+00:00,2026-07-29 17:00:00+00:00,online
2026-07-29,2026-08-10 08:08:40+00:00,DE,load,ridge_3mo_context,Ridge with covariates,Hum+tso_forecast,2208,2026-07-30 09:00:00+00:00,60242.57476387593,60870.7011155,,2026-04-28 18:00:00+00:00,2026-07-29 17:00:00+00:00,online
2026-07-29,2026-08-10 08:08:40+00:00,DE,load,ridge_3mo_context,Ridge with covariates,Hum+tso_forecast,2208,2026-07-30 10:00:00+00:00,59492.989914956896,60047.38235225,,2026-04-28 18:00:00+00:00,2026-07-29 17:00:00+00:00,online
2026-07-29,2026-08-10 08:08:40+00:00,DE,load,ridge_3mo_context,Ridge with covariates,Hum+tso_forecast,2208,2026-07-30 11:00:00+00:00,58050.87922179453,58548.26092625,,2026-04-28 18:00:00+00:00,2026-07-29 17:00:00+00:00,online
2026-07-29,2026-08-10 08:08:40+00:00,DE,load,ridge_3mo_context,Ridge with covariates,Hum+tso_forecast,2208,2026-07-30 12:00:00+00:00,57221.35766935097,57674.574844,,2026-04-28 18:00:00+00:00,2026-07-29 17:00:00+00:00,online
2026-07-29,2026-08-10 08:08:40+00:00,DE,load,ridge_3mo_context,Ridge with covariates,Hum+tso_forecast,2208,2026-07-30 13:00:00+00:00,56549.24223857847,56947.556786500005,,2026-04-28 18:00:00+00:00,2026-07-29 17:00:00+00:00,online
2026-07-29,2026-08-10 08:08:40+00:00,DE,load,ridge_3mo_context,Ridge with covariates,Hum+tso_forecast,2208,2026-07-30 14:00:00+00:00,56113.033788115215,56420.5856615,,2026-04-28 18:00:00+00:00,2026-07-29 17:00:00+00:00,online
2026-07-29,2026-08-10 08:08:40+00:00,DE,load,ridge_3mo_context,Ridge with covariates,Hum+tso_forecast,2208,2026-07-30 15:00:00+00:00,55960.84265318019,56144.667024,,2026-04-28 18:00:00+00:00,2026-07-29 17:00:00+00:00,online
2026-07-29,2026-08-10 08:08:40+00:00,DE,load,ridge_3mo_context,Ridge with covariates,Hum+tso_forecast,2208,2026-07-30 16:00:00+00:00,57177.883789634565,57376.1080675,,2026-04-28 18:00:00+00:00,2026-07-29 17:00:00+00:00,online
2026-07-29,2026-08-10 08:08:40+00:00,DE,load,ridge_3mo_context,Ridge with covariates,Hum+tso_forecast,2208,2026-07-30 17:00:00+00:00,57514.97510626259,57593.0558465,,2026-04-28 18:00:00+00:00,2026-07-29 17:00:00+00:00,online
2026-07-29,2026-08-10 08:08:40+00:00,DE,load,chronos2_online,Chronos2 with covariates,Hum+tso_forecast,2208,2026-07-29 18:00:00+00:00,58661.68359375,55735.992766,,2026-04-28 18:00:00+00:00,2026-07-29 17:00:00+00:00,online
2026-07-29,2026-08-10 08:08:40+00:00,DE,load,chronos2_online,Chronos2 with covariates,Hum+tso_forecast,2208,2026-07-29 19:00:00+00:00,56497.34375,53895.77663075,,2026-04-28 18:00:00+00:00,2026-07-29 17:00:00+00:00,online
2026-07-29,2026-08-10 08:08:40+00:00,DE,load,chronos2_online,Chronos2 with covariates,Hum+tso_forecast,2208,2026-07-29 20:00:00+00:00,54439.81640625,50251.61737125,,2026-04-28 18:00:00+00:00,2026-07-29 17:00:00+00:00,online
2026-07-29,2026-08-10 08:08:40+00:00,DE,load,chronos2_online,Chronos2 with covariates,Hum+tso_forecast,2208,2026-07-29 21:00:00+00:00,51680.18359375,46418.849333499995,,2026-04-28 18:00:00+00:00,2026-07-29 17:00:00+00:00,online
2026-07-29,2026-08-10 08:08:40+00:00,DE,load,chronos2_online,Chronos2 with covariates,Hum+tso_forecast,2208,2026-07-29 22:00:00+00:00,49285.66796875,44459.82336075,,2026-04-28 18:00:00+00:00,2026-07-29 17:00:00+00:00,online
2026-07-29,2026-08-10 08:08:40+00:00,DE,load,chronos2_online,Chronos2 with covariates,Hum+tso_forecast,2208,2026-07-29 23:00:00+00:00,47848.01171875,42690.656975000005,,2026-04-28 18:00:00+00:00,2026-07-29 17:00:00+00:00,online
2026-07-29,2026-08-10 08:08:40+00:00,DE,load,chronos2_online,Chronos2 with covariates,Hum+tso_forecast,2208,2026-07-30 00:00:00+00:00,47129.578125,41909.211704500005,,2026-04-28 18:00:00+00:00,2026-07-29 17:00:00+00:00,online
2026-07-29,2026-08-10 08:08:40+00:00,DE,load,chronos2_online,Chronos2 with covariates,Hum+tso_forecast,2208,2026-07-30 01:00:00+00:00,46962.30078125,41580.054343,,2026-04-28 18:00:00+00:00,2026-07-29 17:00:00+00:00,online
2026-07-29,2026-08-10 08:08:40+00:00,DE,load,chronos2_online,Chronos2 with covariates,Hum+tso_forecast,2208,2026-07-30 02:00:00+00:00,47668.171875,42033.94011925,,2026-04-28 18:00:00+00:00,2026-07-29 17:00:00+00:00,online
2026-07-29,2026-08-10 08:08:40+00:00,DE,load,chronos2_online,Chronos2 with covariates,Hum+tso_forecast,2208,2026-07-30 03:00:00+00:00,50046.48828125,44853.96003275,,2026-04-28 18:00:00+00:00,2026-07-29 17:00:00+00:00,online
2026-07-29,2026-08-10 08:08:40+00:00,DE,load,chronos2_online,Chronos2 with covariates,Hum+tso_forecast,2208,2026-07-30 04:00:00+00:00,56019.74609375,50670.600292,,2026-04-28 18:00:00+00:00,2026-07-29 17:00:00+00:00,online
2026-07-29,2026-08-10 08:08:40+00:00,DE,load,chronos2_online,Chronos2 with covariates,Hum+tso_forecast,2208,2026-07-30 05:00:00+00:00,60440.6328125,55527.0185465,,2026-04-28 18:00:00+00:00,2026-07-29 17:00:00+00:00,online
2026-07-29,2026-08-10 08:08:40+00:00,DE,load,chronos2_online,Chronos2 with covariates,Hum+tso_forecast,2208,2026-07-30 06:00:00+00:00,61221.078125,58761.19075825,,2026-04-28 18:00:00+00:00,2026-07-29 17:00:00+00:00,online
2026-07-29,2026-08-10 08:08:40+00:00,DE,load,chronos2_online,Chronos2 with covariates,Hum+tso_forecast,2208,2026-07-30 07:00:00+00:00,60964.6328125,60106.29943225,,2026-04-28 18:00:00+00:00,2026-07-29 17:00:00+00:00,online
2026-07-29,2026-08-10 08:08:40+00:00,DE,load,chronos2_online,Chronos2 with covariates,Hum+tso_forecast,2208,2026-07-30 08:00:00+00:00,59945.6171875,60814.108494750006,,2026-04-28 18:00:00+00:00,2026-07-29 17:00:00+00:00,online
2026-07-29,2026-08-10 08:08:40+00:00,DE,load,chronos2_online,Chronos2 with covariates,Hum+tso_forecast,2208,2026-07-30 09:00:00+00:00,59509.875,60870.7011155,,2026-04-28 18:00:00+00:00,2026-07-29 17:00:00+00:00,online
2026-07-29,2026-08-10 08:08:40+00:00,DE,load,chronos2_online,Chronos2 with covariates,Hum+tso_forecast,2208,2026-07-30 10:00:00+00:00,59003.8359375,60047.38235225,,2026-04-28 18:00:00+00:00,2026-07-29 17:00:00+00:00,online
2026-07-29,2026-08-10 08:08:40+00:00,DE,load,chronos2_online,Chronos2 with covariates,Hum+tso_forecast,2208,2026-07-30 11:00:00+00:00,58175.99609375,58548.26092625,,2026-04-28 18:00:00+00:00,2026-07-29 17:00:00+00:00,online
2026-07-29,2026-08-10 08:08:40+00:00,DE,load,chronos2_online,Chronos2 with covariates,Hum+tso_forecast,2208,2026-07-30 12:00:00+00:00,57152.33984375,57674.574844,,2026-04-28 18:00:00+00:00,2026-07-29 17:00:00+00:00,online
2026-07-29,2026-08-10 08:08:40+00:00,DE,load,chronos2_online,Chronos2 with covariates,Hum+tso_forecast,2208,2026-07-30 13:00:00+00:00,56536.09765625,56947.556786500005,,2026-04-28 18:00:00+00:00,2026-07-29 17:00:00+00:00,online
2026-07-29,2026-08-10 08:08:40+00:00,DE,load,chronos2_online,Chronos2 with covariates,Hum+tso_forecast,2208,2026-07-30 14:00:00+00:00,56837.03125,56420.5856615,,2026-04-28 18:00:00+00:00,2026-07-29 17:00:00+00:00,online
2026-07-29,2026-08-10 08:08:40+00:00,DE,load,chronos2_online,Chronos2 with covariates,Hum+tso_forecast,2208,2026-07-30 15:00:00+00:00,58207.6171875,56144.667024,,2026-04-28 18:00:00+00:00,2026-07-29 17:00:00+00:00,online
2026-07-29,2026-08-10 08:08:40+00:00,DE,load,chronos2_online,Chronos2 with covariates,Hum+tso_forecast,2208,2026-07-30 16:00:00+00:00,59887.390625,57376.1080675,,2026-04-28 18:00:00+00:00,2026-07-29 17:00:00+00:00,online
2026-07-29,2026-08-10 08:08:40+00:00,DE,load,chronos2_online,Chronos2 with covariates,Hum+tso_forecast,2208,2026-07-30 17:00:00+00:00,60236.296875,57593.0558465,,2026-04-28 18:00:00+00:00,2026-07-29 17:00:00+00:00,online
2026-07-29,2026-08-10 08:08:40+00:00,DE,solar,tso_reference,TSO forecast,tso_forecast,2208,2026-07-29 18:00:00+00:00,1803.24055,1803.24055,,2026-04-28 18:00:00+00:00,2026-07-29 17:00:00+00:00,online
2026-07-29,2026-08-10 08:08:40+00:00,DE,solar,tso_reference,TSO forecast,tso_forecast,2208,2026-07-29 19:00:00+00:00,45.9362,45.9362,,2026-04-28 18:00:00+00:00,2026-07-29 17:00:00+00:00,online
2026-07-29,2026-08-10 08:08:40+00:00,DE,solar,tso_reference,TSO forecast,tso_forecast,2208,2026-07-29 20:00:00+00:00,0.0,0.0,,2026-04-28 18:00:00+00:00,2026-07-29 17:00:00+00:00,online
2026-07-29,2026-08-10 08:08:40+00:00,DE,solar,tso_reference,TSO forecast,tso_forecast,2208,2026-07-29 21:00:00+00:00,0.0,0.0,,2026-04-28 18:00:00+00:00,2026-07-29 17:00:00+00:00,online
2026-07-29,2026-08-10 08:08:40+00:00,DE,solar,tso_reference,TSO forecast,tso_forecast,2208,2026-07-29 22:00:00+00:00,0.0,0.0,,2026-04-28 18:00:00+00:00,2026-07-29 17:00:00+00:00,online
2026-07-29,2026-08-10 08:08:40+00:00,DE,solar,tso_reference,TSO forecast,tso_forecast,2208,2026-07-29 23:00:00+00:00,0.0,0.0,,2026-04-28 18:00:00+00:00,2026-07-29 17:00:00+00:00,online
2026-07-29,2026-08-10 08:08:40+00:00,DE,solar,tso_reference,TSO forecast,tso_forecast,2208,2026-07-30 00:00:00+00:00,0.0,0.0,,2026-04-28 18:00:00+00:00,2026-07-29 17:00:00+00:00,online
2026-07-29,2026-08-10 08:08:40+00:00,DE,solar,tso_reference,TSO forecast,tso_forecast,2208,2026-07-30 01:00:00+00:00,0.0,0.0,,2026-04-28 18:00:00+00:00,2026-07-29 17:00:00+00:00,online
2026-07-29,2026-08-10 08:08:40+00:00,DE,solar,tso_reference,TSO forecast,tso_forecast,2208,2026-07-30 02:00:00+00:00,0.0,0.0,,2026-04-28 18:00:00+00:00,2026-07-29 17:00:00+00:00,online
2026-07-29,2026-08-10 08:08:40+00:00,DE,solar,tso_reference,TSO forecast,tso_forecast,2208,2026-07-30 03:00:00+00:00,116.0134875,116.0134875,,2026-04-28 18:00:00+00:00,2026-07-29 17:00:00+00:00,online
2026-07-29,2026-08-10 08:08:40+00:00,DE,solar,tso_reference,TSO forecast,tso_forecast,2208,2026-07-30 04:00:00+00:00,2689.347515,2689.347515,,2026-04-28 18:00:00+00:00,2026-07-29 17:00:00+00:00,online
2026-07-29,2026-08-10 08:08:40+00:00,DE,solar,tso_reference,TSO forecast,tso_forecast,2208,2026-07-30 05:00:00+00:00,10366.244605,10366.244605,,2026-04-28 18:00:00+00:00,2026-07-29 17:00:00+00:00,online
2026-07-29,2026-08-10 08:08:40+00:00,DE,solar,tso_reference,TSO forecast,tso_forecast,2208,2026-07-30 06:00:00+00:00,22772.330955,22772.330955,,2026-04-28 18:00:00+00:00,2026-07-29 17:00:00+00:00,online
2026-07-29,2026-08-10 08:08:40+00:00,DE,solar,tso_reference,TSO forecast,tso_forecast,2208,2026-07-30 07:00:00+00:00,35071.253375,35071.253375,,2026-04-28 18:00:00+00:00,2026-07-29 17:00:00+00:00,online
2026-07-29,2026-08-10 08:08:40+00:00,DE,solar,tso_reference,TSO forecast,tso_forecast,2208,2026-07-30 08:00:00+00:00,44736.00726,44736.00726,,2026-04-28 18:00:00+00:00,2026-07-29 17:00:00+00:00,online
2026-07-29,2026-08-10 08:08:40+00:00,DE,solar,tso_reference,TSO forecast,tso_forecast,2208,2026-07-30 09:00:00+00:00,51401.907737500005,51401.907737500005,,2026-04-28 18:00:00+00:00,2026-07-29 17:00:00+00:00,online
2026-07-29,2026-08-10 08:08:40+00:00,DE,solar,tso_reference,TSO forecast,tso_forecast,2208,2026-07-30 10:00:00+00:00,54230.964465,54230.964465,,2026-04-28 18:00:00+00:00,2026-07-29 17:00:00+00:00,online
2026-07-29,2026-08-10 08:08:40+00:00,DE,solar,tso_reference,TSO forecast,tso_forecast,2208,2026-07-30 11:00:00+00:00,53224.7633975,53224.7633975,,2026-04-28 18:00:00+00:00,2026-07-29 17:00:00+00:00,online
2026-07-29,2026-08-10 08:08:40+00:00,DE,solar,tso_reference,TSO forecast,tso_forecast,2208,2026-07-30 12:00:00+00:00,48499.022315,48499.022315,,2026-04-28 18:00:00+00:00,2026-07-29 17:00:00+00:00,online
2026-07-29,2026-08-10 08:08:40+00:00,DE,solar,tso_reference,TSO forecast,tso_forecast,2208,2026-07-30 13:00:00+00:00,41037.003314999994,41037.003314999994,,2026-04-28 18:00:00+00:00,2026-07-29 17:00:00+00:00,online
2026-07-29,2026-08-10 08:08:40+00:00,DE,solar,tso_reference,TSO forecast,tso_forecast,2208,2026-07-30 14:00:00+00:00,32146.28903,32146.28903,,2026-04-28 18:00:00+00:00,2026-07-29 17:00:00+00:00,online
2026-07-29,2026-08-10 08:08:40+00:00,DE,solar,tso_reference,TSO forecast,tso_forecast,2208,2026-07-30 15:00:00+00:00,22496.7238375,22496.7238375,,2026-04-28 18:00:00+00:00,2026-07-29 17:00:00+00:00,online
2026-07-29,2026-08-10 08:08:40+00:00,DE,solar,tso_reference,TSO forecast,tso_forecast,2208,2026-07-30 16:00:00+00:00,13252.413712500002,13252.413712500002,,2026-04-28 18:00:00+00:00,2026-07-29 17:00:00+00:00,online
2026-07-29,2026-08-10 08:08:40+00:00,DE,solar,tso_reference,TSO forecast,tso_forecast,2208,2026-07-30 17:00:00+00:00,5620.203042499999,5620.203042499999,,2026-04-28 18:00:00+00:00,2026-07-29 17:00:00+00:00,online
2026-07-29,2026-08-10 08:08:40+00:00,DE,solar,persistence,Persistence,daily_persistence,2208,2026-07-29 18:00:00+00:00,1657.75175,1803.24055,,2026-04-28 18:00:00+00:00,2026-07-29 17:00:00+00:00,online
2026-07-29,2026-08-10 08:08:40+00:00,DE,solar,persistence,Persistence,daily_persistence,2208,2026-07-29 19:00:00+00:00,33.246,45.9362,,2026-04-28 18:00:00+00:00,2026-07-29 17:00:00+00:00,online
2026-07-29,2026-08-10 08:08:40+00:00,DE,solar,persistence,Persistence,daily_persistence,2208,2026-07-29 20:00:00+00:00,0.2339999999999999,0.0,,2026-04-28 18:00:00+00:00,2026-07-29 17:00:00+00:00,online
2026-07-29,2026-08-10 08:08:40+00:00,DE,solar,persistence,Persistence,daily_persistence,2208,2026-07-29 21:00:00+00:00,0.18525,0.0,,2026-04-28 18:00:00+00:00,2026-07-29 17:00:00+00:00,online
2026-07-29,2026-08-10 08:08:40+00:00,DE,solar,persistence,Persistence,daily_persistence,2208,2026-07-29 22:00:00+00:00,0.14375,0.0,,2026-04-28 18:00:00+00:00,2026-07-29 17:00:00+00:00,online
2026-07-29,2026-08-10 08:08:40+00:00,DE,solar,persistence,Persistence,daily_persistence,2208,2026-07-29 23:00:00+00:00,0.1005,0.0,,2026-04-28 18:00:00+00:00,2026-07-29 17:00:00+00:00,online
2026-07-29,2026-08-10 08:08:40+00:00,DE,solar,persistence,Persistence,daily_persistence,2208,2026-07-30 00:00:00+00:00,0.08825,0.0,,2026-04-28 18:00:00+00:00,2026-07-29 17:00:00+00:00,online
2026-07-29,2026-08-10 08:08:40+00:00,DE,solar,persistence,Persistence,daily_persistence,2208,2026-07-30 01:00:00+00:00,0.1,0.0,,2026-04-28 18:00:00+00:00,2026-07-29 17:00:00+00:00,online
2026-07-29,2026-08-10 08:08:40+00:00,DE,solar,persistence,Persistence,daily_persistence,2208,2026-07-30 02:00:00+00:00,0.08,0.0,,2026-04-28 18:00:00+00:00,2026-07-29 17:00:00+00:00,online
2026-07-29,2026-08-10 08:08:40+00:00,DE,solar,persistence,Persistence,daily_persistence,2208,2026-07-30 03:00:00+00:00,74.35849999999999,116.0134875,,2026-04-28 18:00:00+00:00,2026-07-29 17:00:00+00:00,online
2026-07-29,2026-08-10 08:08:40+00:00,DE,solar,persistence,Persistence,daily_persistence,2208,2026-07-30 04:00:00+00:00,2639.13825,2689.347515,,2026-04-28 18:00:00+00:00,2026-07-29 17:00:00+00:00,online
2026-07-29,2026-08-10 08:08:40+00:00,DE,solar,persistence,Persistence,daily_persistence,2208,2026-07-30 05:00:00+00:00,10379.14675,10366.244605,,2026-04-28 18:00:00+00:00,2026-07-29 17:00:00+00:00,online
2026-07-29,2026-08-10 08:08:40+00:00,DE,solar,persistence,Persistence,daily_persistence,2208,2026-07-30 06:00:00+00:00,22870.406,22772.330955,,2026-04-28 18:00:00+00:00,2026-07-29 17:00:00+00:00,online
2026-07-29,2026-08-10 08:08:40+00:00,DE,solar,persistence,Persistence,daily_persistence,2208,2026-07-30 07:00:00+00:00,35524.23675,35071.253375,,2026-04-28 18:00:00+00:00,2026-07-29 17:00:00+00:00,online
2026-07-29,2026-08-10 08:08:40+00:00,DE,solar,persistence,Persistence,daily_persistence,2208,2026-07-30 08:00:00+00:00,45460.56075,44736.00726,,2026-04-28 18:00:00+00:00,2026-07-29 17:00:00+00:00,online
2026-07-29,2026-08-10 08:08:40+00:00,DE,solar,persistence,Persistence,daily_persistence,2208,2026-07-30 09:00:00+00:00,52290.77625,51401.907737500005,,2026-04-28 18:00:00+00:00,2026-07-29 17:00:00+00:00,online
2026-07-29,2026-08-10 08:08:40+00:00,DE,solar,persistence,Persistence,daily_persistence,2208,2026-07-30 10:00:00+00:00,54625.056,54230.964465,,2026-04-28 18:00:00+00:00,2026-07-29 17:00:00+00:00,online
2026-07-29,2026-08-10 08:08:40+00:00,DE,solar,persistence,Persistence,daily_persistence,2208,2026-07-30 11:00:00+00:00,54286.1645,53224.7633975,,2026-04-28 18:00:00+00:00,2026-07-29 17:00:00+00:00,online
2026-07-29,2026-08-10 08:08:40+00:00,DE,solar,persistence,Persistence,daily_persistence,2208,2026-07-30 12:00:00+00:00,53359.6235,48499.022315,,2026-04-28 18:00:00+00:00,2026-07-29 17:00:00+00:00,online
2026-07-29,2026-08-10 08:08:40+00:00,DE,solar,persistence,Persistence,daily_persistence,2208,2026-07-30 13:00:00+00:00,50441.6185,41037.003314999994,,2026-04-28 18:00:00+00:00,2026-07-29 17:00:00+00:00,online
2026-07-29,2026-08-10 08:08:40+00:00,DE,solar,persistence,Persistence,daily_persistence,2208,2026-07-30 14:00:00+00:00,43199.7425,32146.28903,,2026-04-28 18:00:00+00:00,2026-07-29 17:00:00+00:00,online
2026-07-29,2026-08-10 08:08:40+00:00,DE,solar,persistence,Persistence,daily_persistence,2208,2026-07-30 15:00:00+00:00,32460.903,22496.7238375,,2026-04-28 18:00:00+00:00,2026-07-29 17:00:00+00:00,online
2026-07-29,2026-08-10 08:08:40+00:00,DE,solar,persistence,Persistence,daily_persistence,2208,2026-07-30 16:00:00+00:00,19577.232,13252.413712500002,,2026-04-28 18:00:00+00:00,2026-07-29 17:00:00+00:00,online
2026-07-29,2026-08-10 08:08:40+00:00,DE,solar,persistence,Persistence,daily_persistence,2208,2026-07-30 17:00:00+00:00,8119.74675,5620.203042499999,,2026-04-28 18:00:00+00:00,2026-07-29 17:00:00+00:00,online
2026-07-29,2026-08-10 08:08:40+00:00,DE,solar,chronos2_online,Chronos2 with covariates,weather_4p+tso_forecast,2208,2026-07-29 18:00:00+00:00,1813.69140625,1803.24055,,2026-04-28 18:00:00+00:00,2026-07-29 17:00:00+00:00,online
2026-07-29,2026-08-10 08:08:40+00:00,DE,solar,chronos2_online,Chronos2 with covariates,weather_4p+tso_forecast,2208,2026-07-29 19:00:00+00:00,326.28125,45.9362,,2026-04-28 18:00:00+00:00,2026-07-29 17:00:00+00:00,online
2026-07-29,2026-08-10 08:08:40+00:00,DE,solar,chronos2_online,Chronos2 with covariates,weather_4p+tso_forecast,2208,2026-07-29 20:00:00+00:00,21.9423828125,0.0,,2026-04-28 18:00:00+00:00,2026-07-29 17:00:00+00:00,online
2026-07-29,2026-08-10 08:08:40+00:00,DE,solar,chronos2_online,Chronos2 with covariates,weather_4p+tso_forecast,2208,2026-07-29 21:00:00+00:00,123.9990234375,0.0,,2026-04-28 18:00:00+00:00,2026-07-29 17:00:00+00:00,online
2026-07-29,2026-08-10 08:08:40+00:00,DE,solar,chronos2_online,Chronos2 with covariates,weather_4p+tso_forecast,2208,2026-07-29 22:00:00+00:00,181.126953125,0.0,,2026-04-28 18:00:00+00:00,2026-07-29 17:00:00+00:00,online
2026-07-29,2026-08-10 08:08:40+00:00,DE,solar,chronos2_online,Chronos2 with covariates,weather_4p+tso_forecast,2208,2026-07-29 23:00:00+00:00,335.0185546875,0.0,,2026-04-28 18:00:00+00:00,2026-07-29 17:00:00+00:00,online
2026-07-29,2026-08-10 08:08:40+00:00,DE,solar,chronos2_online,Chronos2 with covariates,weather_4p+tso_forecast,2208,2026-07-30 00:00:00+00:00,131.970703125,0.0,,2026-04-28 18:00:00+00:00,2026-07-29 17:00:00+00:00,online
2026-07-29,2026-08-10 08:08:40+00:00,DE,solar,chronos2_online,Chronos2 with covariates,weather_4p+tso_forecast,2208,2026-07-30 01:00:00+00:00,88.4296875,0.0,,2026-04-28 18:00:00+00:00,2026-07-29 17:00:00+00:00,online
2026-07-29,2026-08-10 08:08:40+00:00,DE,solar,chronos2_online,Chronos2 with covariates,weather_4p+tso_forecast,2208,2026-07-30 02:00:00+00:00,1.05078125,0.0,,2026-04-28 18:00:00+00:00,2026-07-29 17:00:00+00:00,online
2026-07-29,2026-08-10 08:08:40+00:00,DE,solar,chronos2_online,Chronos2 with covariates,weather_4p+tso_forecast,2208,2026-07-30 03:00:00+00:00,462.74609375,116.0134875,,2026-04-28 18:00:00+00:00,2026-07-29 17:00:00+00:00,online
2026-07-29,2026-08-10 08:08:40+00:00,DE,solar,chronos2_online,Chronos2 with covariates,weather_4p+tso_forecast,2208,2026-07-30 04:00:00+00:00,2799.6396484375,2689.347515,,2026-04-28 18:00:00+00:00,2026-07-29 17:00:00+00:00,online
2026-07-29,2026-08-10 08:08:40+00:00,DE,solar,chronos2_online,Chronos2 with covariates,weather_4p+tso_forecast,2208,2026-07-30 05:00:00+00:00,11365.08984375,10366.244605,,2026-04-28 18:00:00+00:00,2026-07-29 17:00:00+00:00,online
2026-07-29,2026-08-10 08:08:40+00:00,DE,solar,chronos2_online,Chronos2 with covariates,weather_4p+tso_forecast,2208,2026-07-30 06:00:00+00:00,23302.685546875,22772.330955,,2026-04-28 18:00:00+00:00,2026-07-29 17:00:00+00:00,online
2026-07-29,2026-08-10 08:08:40+00:00,DE,solar,chronos2_online,Chronos2 with covariates,weather_4p+tso_forecast,2208,2026-07-30 07:00:00+00:00,35943.4921875,35071.253375,,2026-04-28 18:00:00+00:00,2026-07-29 17:00:00+00:00,online
2026-07-29,2026-08-10 08:08:40+00:00,DE,solar,chronos2_online,Chronos2 with covariates,weather_4p+tso_forecast,2208,2026-07-30 08:00:00+00:00,46114.28515625,44736.00726,,2026-04-28 18:00:00+00:00,2026-07-29 17:00:00+00:00,online
2026-07-29,2026-08-10 08:08:40+00:00,DE,solar,chronos2_online,Chronos2 with covariates,weather_4p+tso_forecast,2208,2026-07-30 09:00:00+00:00,50773.640625,51401.907737500005,,2026-04-28 18:00:00+00:00,2026-07-29 17:00:00+00:00,online
2026-07-29,2026-08-10 08:08:40+00:00,DE,solar,chronos2_online,Chronos2 with covariates,weather_4p+tso_forecast,2208,2026-07-30 10:00:00+00:00,53310.8046875,54230.964465,,2026-04-28 18:00:00+00:00,2026-07-29 17:00:00+00:00,online
2026-07-29,2026-08-10 08:08:40+00:00,DE,solar,chronos2_online,Chronos2 with covariates,weather_4p+tso_forecast,2208,2026-07-30 11:00:00+00:00,51980.16015625,53224.7633975,,2026-04-28 18:00:00+00:00,2026-07-29 17:00:00+00:00,online
2026-07-29,2026-08-10 08:08:40+00:00,DE,solar,chronos2_online,Chronos2 with covariates,weather_4p+tso_forecast,2208,2026-07-30 12:00:00+00:00,48899.203125,48499.022315,,2026-04-28 18:00:00+00:00,2026-07-29 17:00:00+00:00,online
2026-07-29,2026-08-10 08:08:40+00:00,DE,solar,chronos2_online,Chronos2 with covariates,weather_4p+tso_forecast,2208,2026-07-30 13:00:00+00:00,43713.3046875,41037.003314999994,,2026-04-28 18:00:00+00:00,2026-07-29 17:00:00+00:00,online
2026-07-29,2026-08-10 08:08:40+00:00,DE,solar,chronos2_online,Chronos2 with covariates,weather_4p+tso_forecast,2208,2026-07-30 14:00:00+00:00,36050.0,32146.28903,,2026-04-28 18:00:00+00:00,2026-07-29 17:00:00+00:00,online
2026-07-29,2026-08-10 08:08:40+00:00,DE,solar,chronos2_online,Chronos2 with covariates,weather_4p+tso_forecast,2208,2026-07-30 15:00:00+00:00,26356.62890625,22496.7238375,,2026-04-28 18:00:00+00:00,2026-07-29 17:00:00+00:00,online
2026-07-29,2026-08-10 08:08:40+00:00,DE,solar,chronos2_online,Chronos2 with covariates,weather_4p+tso_forecast,2208,2026-07-30 16:00:00+00:00,15848.6044921875,13252.413712500002,,2026-04-28 18:00:00+00:00,2026-07-29 17:00:00+00:00,online
2026-07-29,2026-08-10 08:08:40+00:00,DE,solar,chronos2_online,Chronos2 with covariates,weather_4p+tso_forecast,2208,2026-07-30 17:00:00+00:00,6491.03125,5620.203042499999,,2026-04-28 18:00:00+00:00,2026-07-29 17:00:00+00:00,online
2026-07-29,2026-08-10 08:08:40+00:00,DE,solar,xgboost_online,XGBoost with covariates,weather_4p+tso_forecast,2208,2026-07-29 18:00:00+00:00,2063.0068359375,1803.24055,,2026-04-28 18:00:00+00:00,2026-07-29 17:00:00+00:00,online
2026-07-29,2026-08-10 08:08:40+00:00,DE,solar,xgboost_online,XGBoost with covariates,weather_4p+tso_forecast,2208,2026-07-29 19:00:00+00:00,464.722412109375,45.9362,,2026-04-28 18:00:00+00:00,2026-07-29 17:00:00+00:00,online
2026-07-29,2026-08-10 08:08:40+00:00,DE,solar,xgboost_online,XGBoost with covariates,weather_4p+tso_forecast,2208,2026-07-29 20:00:00+00:00,271.9896240234375,0.0,,2026-04-28 18:00:00+00:00,2026-07-29 17:00:00+00:00,online
2026-07-29,2026-08-10 08:08:40+00:00,DE,solar,xgboost_online,XGBoost with covariates,weather_4p+tso_forecast,2208,2026-07-29 21:00:00+00:00,271.9896240234375,0.0,,2026-04-28 18:00:00+00:00,2026-07-29 17:00:00+00:00,online
2026-07-29,2026-08-10 08:08:40+00:00,DE,solar,xgboost_online,XGBoost with covariates,weather_4p+tso_forecast,2208,2026-07-29 22:00:00+00:00,271.9896240234375,0.0,,2026-04-28 18:00:00+00:00,2026-07-29 17:00:00+00:00,online
2026-07-29,2026-08-10 08:08:40+00:00,DE,solar,xgboost_online,XGBoost with covariates,weather_4p+tso_forecast,2208,2026-07-29 23:00:00+00:00,271.9896240234375,0.0,,2026-04-28 18:00:00+00:00,2026-07-29 17:00:00+00:00,online
2026-07-29,2026-08-10 08:08:40+00:00,DE,solar,xgboost_online,XGBoost with covariates,weather_4p+tso_forecast,2208,2026-07-30 00:00:00+00:00,291.6050720214844,0.0,,2026-04-28 18:00:00+00:00,2026-07-29 17:00:00+00:00,online
2026-07-29,2026-08-10 08:08:40+00:00,DE,solar,xgboost_online,XGBoost with covariates,weather_4p+tso_forecast,2208,2026-07-30 01:00:00+00:00,308.31805419921875,0.0,,2026-04-28 18:00:00+00:00,2026-07-29 17:00:00+00:00,online
2026-07-29,2026-08-10 08:08:40+00:00,DE,solar,xgboost_online,XGBoost with covariates,weather_4p+tso_forecast,2208,2026-07-30 02:00:00+00:00,308.31805419921875,0.0,,2026-04-28 18:00:00+00:00,2026-07-29 17:00:00+00:00,online
2026-07-29,2026-08-10 08:08:40+00:00,DE,solar,xgboost_online,XGBoost with covariates,weather_4p+tso_forecast,2208,2026-07-30 03:00:00+00:00,308.31805419921875,116.0134875,,2026-04-28 18:00:00+00:00,2026-07-29 17:00:00+00:00,online
2026-07-29,2026-08-10 08:08:40+00:00,DE,solar,xgboost_online,XGBoost with covariates,weather_4p+tso_forecast,2208,2026-07-30 04:00:00+00:00,2661.124267578125,2689.347515,,2026-04-28 18:00:00+00:00,2026-07-29 17:00:00+00:00,online
2026-07-29,2026-08-10 08:08:40+00:00,DE,solar,xgboost_online,XGBoost with covariates,weather_4p+tso_forecast,2208,2026-07-30 05:00:00+00:00,10263.8642578125,10366.244605,,2026-04-28 18:00:00+00:00,2026-07-29 17:00:00+00:00,online
2026-07-29,2026-08-10 08:08:40+00:00,DE,solar,xgboost_online,XGBoost with covariates,weather_4p+tso_forecast,2208,2026-07-30 06:00:00+00:00,22418.00390625,22772.330955,,2026-04-28 18:00:00+00:00,2026-07-29 17:00:00+00:00,online
2026-07-29,2026-08-10 08:08:40+00:00,DE,solar,xgboost_online,XGBoost with covariates,weather_4p+tso_forecast,2208,2026-07-30 07:00:00+00:00,35399.27734375,35071.253375,,2026-04-28 18:00:00+00:00,2026-07-29 17:00:00+00:00,online
2026-07-29,2026-08-10 08:08:40+00:00,DE,solar,xgboost_online,XGBoost with covariates,weather_4p+tso_forecast,2208,2026-07-30 08:00:00+00:00,44102.9375,44736.00726,,2026-04-28 18:00:00+00:00,2026-07-29 17:00:00+00:00,online
2026-07-29,2026-08-10 08:08:40+00:00,DE,solar,xgboost_online,XGBoost with covariates,weather_4p+tso_forecast,2208,2026-07-30 09:00:00+00:00,50475.0703125,51401.907737500005,,2026-04-28 18:00:00+00:00,2026-07-29 17:00:00+00:00,online
2026-07-29,2026-08-10 08:08:40+00:00,DE,solar,xgboost_online,XGBoost with covariates,weather_4p+tso_forecast,2208,2026-07-30 10:00:00+00:00,52096.18359375,54230.964465,,2026-04-28 18:00:00+00:00,2026-07-29 17:00:00+00:00,online
2026-07-29,2026-08-10 08:08:40+00:00,DE,solar,xgboost_online,XGBoost with covariates,weather_4p+tso_forecast,2208,2026-07-30 11:00:00+00:00,51611.05859375,53224.7633975,,2026-04-28 18:00:00+00:00,2026-07-29 17:00:00+00:00,online
2026-07-29,2026-08-10 08:08:40+00:00,DE,solar,xgboost_online,XGBoost with covariates,weather_4p+tso_forecast,2208,2026-07-30 12:00:00+00:00,49093.21484375,48499.022315,,2026-04-28 18:00:00+00:00,2026-07-29 17:00:00+00:00,online
2026-07-29,2026-08-10 08:08:40+00:00,DE,solar,xgboost_online,XGBoost with covariates,weather_4p+tso_forecast,2208,2026-07-30 13:00:00+00:00,40888.03515625,41037.003314999994,,2026-04-28 18:00:00+00:00,2026-07-29 17:00:00+00:00,online
2026-07-29,2026-08-10 08:08:40+00:00,DE,solar,xgboost_online,XGBoost with covariates,weather_4p+tso_forecast,2208,2026-07-30 14:00:00+00:00,33036.109375,32146.28903,,2026-04-28 18:00:00+00:00,2026-07-29 17:00:00+00:00,online
2026-07-29,2026-08-10 08:08:40+00:00,DE,solar,xgboost_online,XGBoost with covariates,weather_4p+tso_forecast,2208,2026-07-30 15:00:00+00:00,22807.0703125,22496.7238375,,2026-04-28 18:00:00+00:00,2026-07-29 17:00:00+00:00,online
2026-07-29,2026-08-10 08:08:40+00:00,DE,solar,xgboost_online,XGBoost with covariates,weather_4p+tso_forecast,2208,2026-07-30 16:00:00+00:00,13613.91796875,13252.413712500002,,2026-04-28 18:00:00+00:00,2026-07-29 17:00:00+00:00,online
2026-07-29,2026-08-10 08:08:40+00:00,DE,solar,xgboost_online,XGBoost with covariates,weather_4p+tso_forecast,2208,2026-07-30 17:00:00+00:00,5229.11181640625,5620.203042499999,,2026-04-28 18:00:00+00:00,2026-07-29 17:00:00+00:00,online
2026-07-29,2026-08-10 08:08:40+00:00,DE,wind_onshore,tso_reference,TSO forecast,tso_forecast,2208,2026-07-29 18:00:00+00:00,3901.70451,3901.70451,,2026-04-28 18:00:00+00:00,2026-07-29 17:00:00+00:00,online
2026-07-29,2026-08-10 08:08:40+00:00,DE,wind_onshore,tso_reference,TSO forecast,tso_forecast,2208,2026-07-29 19:00:00+00:00,5241.261077499999,5241.261077499999,,2026-04-28 18:00:00+00:00,2026-07-29 17:00:00+00:00,online
2026-07-29,2026-08-10 08:08:40+00:00,DE,wind_onshore,tso_reference,TSO forecast,tso_forecast,2208,2026-07-29 20:00:00+00:00,6916.73178,6916.73178,,2026-04-28 18:00:00+00:00,2026-07-29 17:00:00+00:00,online
2026-07-29,2026-08-10 08:08:40+00:00,DE,wind_onshore,tso_reference,TSO forecast,tso_forecast,2208,2026-07-29 21:00:00+00:00,8054.5799625,8054.5799625,,2026-04-28 18:00:00+00:00,2026-07-29 17:00:00+00:00,online
2026-07-29,2026-08-10 08:08:40+00:00,DE,wind_onshore,tso_reference,TSO forecast,tso_forecast,2208,2026-07-29 22:00:00+00:00,8820.827224999999,8820.827224999999,,2026-04-28 18:00:00+00:00,2026-07-29 17:00:00+00:00,online
2026-07-29,2026-08-10 08:08:40+00:00,DE,wind_onshore,tso_reference,TSO forecast,tso_forecast,2208,2026-07-29 23:00:00+00:00,8565.3629525,8565.3629525,,2026-04-28 18:00:00+00:00,2026-07-29 17:00:00+00:00,online
2026-07-29,2026-08-10 08:08:40+00:00,DE,wind_onshore,tso_reference,TSO forecast,tso_forecast,2208,2026-07-30 00:00:00+00:00,8592.4312625,8592.4312625,,2026-04-28 18:00:00+00:00,2026-07-29 17:00:00+00:00,online
2026-07-29,2026-08-10 08:08:40+00:00,DE,wind_onshore,tso_reference,TSO forecast,tso_forecast,2208,2026-07-30 01:00:00+00:00,8775.3181675,8775.3181675,,2026-04-28 18:00:00+00:00,2026-07-29 17:00:00+00:00,online
2026-07-29,2026-08-10 08:08:40+00:00,DE,wind_onshore,tso_reference,TSO forecast,tso_forecast,2208,2026-07-30 02:00:00+00:00,9127.569045,9127.569045,,2026-04-28 18:00:00+00:00,2026-07-29 17:00:00+00:00,online
2026-07-29,2026-08-10 08:08:40+00:00,DE,wind_onshore,tso_reference,TSO forecast,tso_forecast,2208,2026-07-30 03:00:00+00:00,9652.7282925,9652.7282925,,2026-04-28 18:00:00+00:00,2026-07-29 17:00:00+00:00,online
2026-07-29,2026-08-10 08:08:40+00:00,DE,wind_onshore,tso_reference,TSO forecast,tso_forecast,2208,2026-07-30 04:00:00+00:00,10218.6573225,10218.6573225,,2026-04-28 18:00:00+00:00,2026-07-29 17:00:00+00:00,online
2026-07-29,2026-08-10 08:08:40+00:00,DE,wind_onshore,tso_reference,TSO forecast,tso_forecast,2208,2026-07-30 05:00:00+00:00,10089.9505025,10089.9505025,,2026-04-28 18:00:00+00:00,2026-07-29 17:00:00+00:00,online
2026-07-29,2026-08-10 08:08:40+00:00,DE,wind_onshore,tso_reference,TSO forecast,tso_forecast,2208,2026-07-30 06:00:00+00:00,8830.8089125,8830.8089125,,2026-04-28 18:00:00+00:00,2026-07-29 17:00:00+00:00,online
2026-07-29,2026-08-10 08:08:40+00:00,DE,wind_onshore,tso_reference,TSO forecast,tso_forecast,2208,2026-07-30 07:00:00+00:00,6667.57089,6667.57089,,2026-04-28 18:00:00+00:00,2026-07-29 17:00:00+00:00,online
2026-07-29,2026-08-10 08:08:40+00:00,DE,wind_onshore,tso_reference,TSO forecast,tso_forecast,2208,2026-07-30 08:00:00+00:00,5381.325575,5381.325575,,2026-04-28 18:00:00+00:00,2026-07-29 17:00:00+00:00,online
2026-07-29,2026-08-10 08:08:40+00:00,DE,wind_onshore,tso_reference,TSO forecast,tso_forecast,2208,2026-07-30 09:00:00+00:00,6190.8371775,6190.8371775,,2026-04-28 18:00:00+00:00,2026-07-29 17:00:00+00:00,online
2026-07-29,2026-08-10 08:08:40+00:00,DE,wind_onshore,tso_reference,TSO forecast,tso_forecast,2208,2026-07-30 10:00:00+00:00,7905.22027,7905.22027,,2026-04-28 18:00:00+00:00,2026-07-29 17:00:00+00:00,online
2026-07-29,2026-08-10 08:08:40+00:00,DE,wind_onshore,tso_reference,TSO forecast,tso_forecast,2208,2026-07-30 11:00:00+00:00,9415.077155,9415.077155,,2026-04-28 18:00:00+00:00,2026-07-29 17:00:00+00:00,online
2026-07-29,2026-08-10 08:08:40+00:00,DE,wind_onshore,tso_reference,TSO forecast,tso_forecast,2208,2026-07-30 12:00:00+00:00,10947.161315,10947.161315,,2026-04-28 18:00:00+00:00,2026-07-29 17:00:00+00:00,online
2026-07-29,2026-08-10 08:08:40+00:00,DE,wind_onshore,tso_reference,TSO forecast,tso_forecast,2208,2026-07-30 13:00:00+00:00,12464.13296,12464.13296,,2026-04-28 18:00:00+00:00,2026-07-29 17:00:00+00:00,online
2026-07-29,2026-08-10 08:08:40+00:00,DE,wind_onshore,tso_reference,TSO forecast,tso_forecast,2208,2026-07-30 14:00:00+00:00,13370.993575,13370.993575,,2026-04-28 18:00:00+00:00,2026-07-29 17:00:00+00:00,online
2026-07-29,2026-08-10 08:08:40+00:00,DE,wind_onshore,tso_reference,TSO forecast,tso_forecast,2208,2026-07-30 15:00:00+00:00,13562.725345,13562.725345,,2026-04-28 18:00:00+00:00,2026-07-29 17:00:00+00:00,online
2026-07-29,2026-08-10 08:08:40+00:00,DE,wind_onshore,tso_reference,TSO forecast,tso_forecast,2208,2026-07-30 16:00:00+00:00,12542.196665,12542.196665,,2026-04-28 18:00:00+00:00,2026-07-29 17:00:00+00:00,online
2026-07-29,2026-08-10 08:08:40+00:00,DE,wind_onshore,tso_reference,TSO forecast,tso_forecast,2208,2026-07-30 17:00:00+00:00,11207.8017625,11207.8017625,,2026-04-28 18:00:00+00:00,2026-07-29 17:00:00+00:00,online
2026-07-29,2026-08-10 08:08:40+00:00,DE,wind_onshore,persistence,Persistence,daily_persistence,2208,2026-07-29 18:00:00+00:00,1260.3733725,3901.70451,,2026-04-28 18:00:00+00:00,2026-07-29 17:00:00+00:00,online
2026-07-29,2026-08-10 08:08:40+00:00,DE,wind_onshore,persistence,Persistence,daily_persistence,2208,2026-07-29 19:00:00+00:00,1887.0684425,5241.261077499999,,2026-04-28 18:00:00+00:00,2026-07-29 17:00:00+00:00,online
2026-07-29,2026-08-10 08:08:40+00:00,DE,wind_onshore,persistence,Persistence,daily_persistence,2208,2026-07-29 20:00:00+00:00,3417.431915,6916.73178,,2026-04-28 18:00:00+00:00,2026-07-29 17:00:00+00:00,online
2026-07-29,2026-08-10 08:08:40+00:00,DE,wind_onshore,persistence,Persistence,daily_persistence,2208,2026-07-29 21:00:00+00:00,5256.3544425,8054.5799625,,2026-04-28 18:00:00+00:00,2026-07-29 17:00:00+00:00,online
2026-07-29,2026-08-10 08:08:40+00:00,DE,wind_onshore,persistence,Persistence,daily_persistence,2208,2026-07-29 22:00:00+00:00,7893.6838825,8820.827224999999,,2026-04-28 18:00:00+00:00,2026-07-29 17:00:00+00:00,online
2026-07-29,2026-08-10 08:08:40+00:00,DE,wind_onshore,persistence,Persistence,daily_persistence,2208,2026-07-29 23:00:00+00:00,9524.4072025,8565.3629525,,2026-04-28 18:00:00+00:00,2026-07-29 17:00:00+00:00,online
2026-07-29,2026-08-10 08:08:40+00:00,DE,wind_onshore,persistence,Persistence,daily_persistence,2208,2026-07-30 00:00:00+00:00,10496.49938,8592.4312625,,2026-04-28 18:00:00+00:00,2026-07-29 17:00:00+00:00,online
2026-07-29,2026-08-10 08:08:40+00:00,DE,wind_onshore,persistence,Persistence,daily_persistence,2208,2026-07-30 01:00:00+00:00,10704.61166,8775.3181675,,2026-04-28 18:00:00+00:00,2026-07-29 17:00:00+00:00,online
2026-07-29,2026-08-10 08:08:40+00:00,DE,wind_onshore,persistence,Persistence,daily_persistence,2208,2026-07-30 02:00:00+00:00,9951.979605,9127.569045,,2026-04-28 18:00:00+00:00,2026-07-29 17:00:00+00:00,online
2026-07-29,2026-08-10 08:08:40+00:00,DE,wind_onshore,persistence,Persistence,daily_persistence,2208,2026-07-30 03:00:00+00:00,9794.59284,9652.7282925,,2026-04-28 18:00:00+00:00,2026-07-29 17:00:00+00:00,online
2026-07-29,2026-08-10 08:08:40+00:00,DE,wind_onshore,persistence,Persistence,daily_persistence,2208,2026-07-30 04:00:00+00:00,9592.8068275,10218.6573225,,2026-04-28 18:00:00+00:00,2026-07-29 17:00:00+00:00,online
2026-07-29,2026-08-10 08:08:40+00:00,DE,wind_onshore,persistence,Persistence,daily_persistence,2208,2026-07-30 05:00:00+00:00,8231.268942499999,10089.9505025,,2026-04-28 18:00:00+00:00,2026-07-29 17:00:00+00:00,online
2026-07-29,2026-08-10 08:08:40+00:00,DE,wind_onshore,persistence,Persistence,daily_persistence,2208,2026-07-30 06:00:00+00:00,4920.17602,8830.8089125,,2026-04-28 18:00:00+00:00,2026-07-29 17:00:00+00:00,online
2026-07-29,2026-08-10 08:08:40+00:00,DE,wind_onshore,persistence,Persistence,daily_persistence,2208,2026-07-30 07:00:00+00:00,2642.5740725,6667.57089,,2026-04-28 18:00:00+00:00,2026-07-29 17:00:00+00:00,online
2026-07-29,2026-08-10 08:08:40+00:00,DE,wind_onshore,persistence,Persistence,daily_persistence,2208,2026-07-30 08:00:00+00:00,2863.0050525,5381.325575,,2026-04-28 18:00:00+00:00,2026-07-29 17:00:00+00:00,online
2026-07-29,2026-08-10 08:08:40+00:00,DE,wind_onshore,persistence,Persistence,daily_persistence,2208,2026-07-30 09:00:00+00:00,3124.8935125,6190.8371775,,2026-04-28 18:00:00+00:00,2026-07-29 17:00:00+00:00,online
2026-07-29,2026-08-10 08:08:40+00:00,DE,wind_onshore,persistence,Persistence,daily_persistence,2208,2026-07-30 10:00:00+00:00,2947.2646025,7905.22027,,2026-04-28 18:00:00+00:00,2026-07-29 17:00:00+00:00,online
2026-07-29,2026-08-10 08:08:40+00:00,DE,wind_onshore,persistence,Persistence,daily_persistence,2208,2026-07-30 11:00:00+00:00,3274.7107324999997,9415.077155,,2026-04-28 18:00:00+00:00,2026-07-29 17:00:00+00:00,online
2026-07-29,2026-08-10 08:08:40+00:00,DE,wind_onshore,persistence,Persistence,daily_persistence,2208,2026-07-30 12:00:00+00:00,3669.631955,10947.161315,,2026-04-28 18:00:00+00:00,2026-07-29 17:00:00+00:00,online
2026-07-29,2026-08-10 08:08:40+00:00,DE,wind_onshore,persistence,Persistence,daily_persistence,2208,2026-07-30 13:00:00+00:00,4160.9451675,12464.13296,,2026-04-28 18:00:00+00:00,2026-07-29 17:00:00+00:00,online
2026-07-29,2026-08-10 08:08:40+00:00,DE,wind_onshore,persistence,Persistence,daily_persistence,2208,2026-07-30 14:00:00+00:00,4713.01277,13370.993575,,2026-04-28 18:00:00+00:00,2026-07-29 17:00:00+00:00,online
2026-07-29,2026-08-10 08:08:40+00:00,DE,wind_onshore,persistence,Persistence,daily_persistence,2208,2026-07-30 15:00:00+00:00,4812.385545,13562.725345,,2026-04-28 18:00:00+00:00,2026-07-29 17:00:00+00:00,online
2026-07-29,2026-08-10 08:08:40+00:00,DE,wind_onshore,persistence,Persistence,daily_persistence,2208,2026-07-30 16:00:00+00:00,4188.9563575,12542.196665,,2026-04-28 18:00:00+00:00,2026-07-29 17:00:00+00:00,online
2026-07-29,2026-08-10 08:08:40+00:00,DE,wind_onshore,persistence,Persistence,daily_persistence,2208,2026-07-30 17:00:00+00:00,3435.7984075,11207.8017625,,2026-04-28 18:00:00+00:00,2026-07-29 17:00:00+00:00,online
2026-07-29,2026-08-10 08:08:40+00:00,DE,wind_onshore,chronos2_online,Chronos2 with covariates,weather_4p+tso_forecast,2208,2026-07-29 18:00:00+00:00,3876.43408203125,3901.70451,,2026-04-28 18:00:00+00:00,2026-07-29 17:00:00+00:00,online
2026-07-29,2026-08-10 08:08:40+00:00,DE,wind_onshore,chronos2_online,Chronos2 with covariates,weather_4p+tso_forecast,2208,2026-07-29 19:00:00+00:00,5443.32666015625,5241.261077499999,,2026-04-28 18:00:00+00:00,2026-07-29 17:00:00+00:00,online
2026-07-29,2026-08-10 08:08:40+00:00,DE,wind_onshore,chronos2_online,Chronos2 with covariates,weather_4p+tso_forecast,2208,2026-07-29 20:00:00+00:00,8157.06689453125,6916.73178,,2026-04-28 18:00:00+00:00,2026-07-29 17:00:00+00:00,online
2026-07-29,2026-08-10 08:08:40+00:00,DE,wind_onshore,chronos2_online,Chronos2 with covariates,weather_4p+tso_forecast,2208,2026-07-29 21:00:00+00:00,10072.3203125,8054.5799625,,2026-04-28 18:00:00+00:00,2026-07-29 17:00:00+00:00,online
2026-07-29,2026-08-10 08:08:40+00:00,DE,wind_onshore,chronos2_online,Chronos2 with covariates,weather_4p+tso_forecast,2208,2026-07-29 22:00:00+00:00,11021.8212890625,8820.827224999999,,2026-04-28 18:00:00+00:00,2026-07-29 17:00:00+00:00,online
2026-07-29,2026-08-10 08:08:40+00:00,DE,wind_onshore,chronos2_online,Chronos2 with covariates,weather_4p+tso_forecast,2208,2026-07-29 23:00:00+00:00,10848.4580078125,8565.3629525,,2026-04-28 18:00:00+00:00,2026-07-29 17:00:00+00:00,online
2026-07-29,2026-08-10 08:08:40+00:00,DE,wind_onshore,chronos2_online,Chronos2 with covariates,weather_4p+tso_forecast,2208,2026-07-30 00:00:00+00:00,10293.552734375,8592.4312625,,2026-04-28 18:00:00+00:00,2026-07-29 17:00:00+00:00,online
2026-07-29,2026-08-10 08:08:40+00:00,DE,wind_onshore,chronos2_online,Chronos2 with covariates,weather_4p+tso_forecast,2208,2026-07-30 01:00:00+00:00,10107.2109375,8775.3181675,,2026-04-28 18:00:00+00:00,2026-07-29 17:00:00+00:00,online
2026-07-29,2026-08-10 08:08:40+00:00,DE,wind_onshore,chronos2_online,Chronos2 with covariates,weather_4p+tso_forecast,2208,2026-07-30 02:00:00+00:00,10440.4384765625,9127.569045,,2026-04-28 18:00:00+00:00,2026-07-29 17:00:00+00:00,online
2026-07-29,2026-08-10 08:08:40+00:00,DE,wind_onshore,chronos2_online,Chronos2 with covariates,weather_4p+tso_forecast,2208,2026-07-30 03:00:00+00:00,10985.599609375,9652.7282925,,2026-04-28 18:00:00+00:00,2026-07-29 17:00:00+00:00,online
2026-07-29,2026-08-10 08:08:40+00:00,DE,wind_onshore,chronos2_online,Chronos2 with covariates,weather_4p+tso_forecast,2208,2026-07-30 04:00:00+00:00,11401.91015625,10218.6573225,,2026-04-28 18:00:00+00:00,2026-07-29 17:00:00+00:00,online
2026-07-29,2026-08-10 08:08:40+00:00,DE,wind_onshore,chronos2_online,Chronos2 with covariates,weather_4p+tso_forecast,2208,2026-07-30 05:00:00+00:00,10794.3056640625,10089.9505025,,2026-04-28 18:00:00+00:00,2026-07-29 17:00:00+00:00,online
2026-07-29,2026-08-10 08:08:40+00:00,DE,wind_onshore,chronos2_online,Chronos2 with covariates,weather_4p+tso_forecast,2208,2026-07-30 06:00:00+00:00,8848.505859375,8830.8089125,,2026-04-28 18:00:00+00:00,2026-07-29 17:00:00+00:00,online
2026-07-29,2026-08-10 08:08:40+00:00,DE,wind_onshore,chronos2_online,Chronos2 with covariates,weather_4p+tso_forecast,2208,2026-07-30 07:00:00+00:00,6581.78955078125,6667.57089,,2026-04-28 18:00:00+00:00,2026-07-29 17:00:00+00:00,online
2026-07-29,2026-08-10 08:08:40+00:00,DE,wind_onshore,chronos2_online,Chronos2 with covariates,weather_4p+tso_forecast,2208,2026-07-30 08:00:00+00:00,5350.56005859375,5381.325575,,2026-04-28 18:00:00+00:00,2026-07-29 17:00:00+00:00,online
2026-07-29,2026-08-10 08:08:40+00:00,DE,wind_onshore,chronos2_online,Chronos2 with covariates,weather_4p+tso_forecast,2208,2026-07-30 09:00:00+00:00,6435.640625,6190.8371775,,2026-04-28 18:00:00+00:00,2026-07-29 17:00:00+00:00,online
2026-07-29,2026-08-10 08:08:40+00:00,DE,wind_onshore,chronos2_online,Chronos2 with covariates,weather_4p+tso_forecast,2208,2026-07-30 10:00:00+00:00,8282.703125,7905.22027,,2026-04-28 18:00:00+00:00,2026-07-29 17:00:00+00:00,online
2026-07-29,2026-08-10 08:08:40+00:00,DE,wind_onshore,chronos2_online,Chronos2 with covariates,weather_4p+tso_forecast,2208,2026-07-30 11:00:00+00:00,9727.421875,9415.077155,,2026-04-28 18:00:00+00:00,2026-07-29 17:00:00+00:00,online
2026-07-29,2026-08-10 08:08:40+00:00,DE,wind_onshore,chronos2_online,Chronos2 with covariates,weather_4p+tso_forecast,2208,2026-07-30 12:00:00+00:00,11287.703125,10947.161315,,2026-04-28 18:00:00+00:00,2026-07-29 17:00:00+00:00,online
2026-07-29,2026-08-10 08:08:40+00:00,DE,wind_onshore,chronos2_online,Chronos2 with covariates,weather_4p+tso_forecast,2208,2026-07-30 13:00:00+00:00,12677.5009765625,12464.13296,,2026-04-28 18:00:00+00:00,2026-07-29 17:00:00+00:00,online
2026-07-29,2026-08-10 08:08:40+00:00,DE,wind_onshore,chronos2_online,Chronos2 with covariates,weather_4p+tso_forecast,2208,2026-07-30 14:00:00+00:00,13523.53125,13370.993575,,2026-04-28 18:00:00+00:00,2026-07-29 17:00:00+00:00,online
2026-07-29,2026-08-10 08:08:40+00:00,DE,wind_onshore,chronos2_online,Chronos2 with covariates,weather_4p+tso_forecast,2208,2026-07-30 15:00:00+00:00,14624.736328125,13562.725345,,2026-04-28 18:00:00+00:00,2026-07-29 17:00:00+00:00,online
2026-07-29,2026-08-10 08:08:40+00:00,DE,wind_onshore,chronos2_online,Chronos2 with covariates,weather_4p+tso_forecast,2208,2026-07-30 16:00:00+00:00,14468.439453125,12542.196665,,2026-04-28 18:00:00+00:00,2026-07-29 17:00:00+00:00,online
2026-07-29,2026-08-10 08:08:40+00:00,DE,wind_onshore,chronos2_online,Chronos2 with covariates,weather_4p+tso_forecast,2208,2026-07-30 17:00:00+00:00,14281.150390625,11207.8017625,,2026-04-28 18:00:00+00:00,2026-07-29 17:00:00+00:00,online
2026-07-29,2026-08-10 08:08:40+00:00,DE,wind_onshore,xgboost_online,XGBoost with covariates,weather_4p+tso_forecast,2208,2026-07-29 18:00:00+00:00,4316.98828125,3901.70451,,2026-04-28 18:00:00+00:00,2026-07-29 17:00:00+00:00,online
2026-07-29,2026-08-10 08:08:40+00:00,DE,wind_onshore,xgboost_online,XGBoost with covariates,weather_4p+tso_forecast,2208,2026-07-29 19:00:00+00:00,5264.27685546875,5241.261077499999,,2026-04-28 18:00:00+00:00,2026-07-29 17:00:00+00:00,online
2026-07-29,2026-08-10 08:08:40+00:00,DE,wind_onshore,xgboost_online,XGBoost with covariates,weather_4p+tso_forecast,2208,2026-07-29 20:00:00+00:00,9206.1826171875,6916.73178,,2026-04-28 18:00:00+00:00,2026-07-29 17:00:00+00:00,online
2026-07-29,2026-08-10 08:08:40+00:00,DE,wind_onshore,xgboost_online,XGBoost with covariates,weather_4p+tso_forecast,2208,2026-07-29 21:00:00+00:00,9019.576171875,8054.5799625,,2026-04-28 18:00:00+00:00,2026-07-29 17:00:00+00:00,online
2026-07-29,2026-08-10 08:08:40+00:00,DE,wind_onshore,xgboost_online,XGBoost with covariates,weather_4p+tso_forecast,2208,2026-07-29 22:00:00+00:00,9732.14453125,8820.827224999999,,2026-04-28 18:00:00+00:00,2026-07-29 17:00:00+00:00,online
2026-07-29,2026-08-10 08:08:40+00:00,DE,wind_onshore,xgboost_online,XGBoost with covariates,weather_4p+tso_forecast,2208,2026-07-29 23:00:00+00:00,9437.115234375,8565.3629525,,2026-04-28 18:00:00+00:00,2026-07-29 17:00:00+00:00,online
2026-07-29,2026-08-10 08:08:40+00:00,DE,wind_onshore,xgboost_online,XGBoost with covariates,weather_4p+tso_forecast,2208,2026-07-30 00:00:00+00:00,9177.125,8592.4312625,,2026-04-28 18:00:00+00:00,2026-07-29 17:00:00+00:00,online
2026-07-29,2026-08-10 08:08:40+00:00,DE,wind_onshore,xgboost_online,XGBoost with covariates,weather_4p+tso_forecast,2208,2026-07-30 01:00:00+00:00,9471.91015625,8775.3181675,,2026-04-28 18:00:00+00:00,2026-07-29 17:00:00+00:00,online
2026-07-29,2026-08-10 08:08:40+00:00,DE,wind_onshore,xgboost_online,XGBoost with covariates,weather_4p+tso_forecast,2208,2026-07-30 02:00:00+00:00,9730.7802734375,9127.569045,,2026-04-28 18:00:00+00:00,2026-07-29 17:00:00+00:00,online
2026-07-29,2026-08-10 08:08:40+00:00,DE,wind_onshore,xgboost_online,XGBoost with covariates,weather_4p+tso_forecast,2208,2026-07-30 03:00:00+00:00,9951.4873046875,9652.7282925,,2026-04-28 18:00:00+00:00,2026-07-29 17:00:00+00:00,online
2026-07-29,2026-08-10 08:08:40+00:00,DE,wind_onshore,xgboost_online,XGBoost with covariates,weather_4p+tso_forecast,2208,2026-07-30 04:00:00+00:00,10542.859375,10218.6573225,,2026-04-28 18:00:00+00:00,2026-07-29 17:00:00+00:00,online
2026-07-29,2026-08-10 08:08:40+00:00,DE,wind_onshore,xgboost_online,XGBoost with covariates,weather_4p+tso_forecast,2208,2026-07-30 05:00:00+00:00,10485.9072265625,10089.9505025,,2026-04-28 18:00:00+00:00,2026-07-29 17:00:00+00:00,online
2026-07-29,2026-08-10 08:08:40+00:00,DE,wind_onshore,xgboost_online,XGBoost with covariates,weather_4p+tso_forecast,2208,2026-07-30 06:00:00+00:00,8881.8935546875,8830.8089125,,2026-04-28 18:00:00+00:00,2026-07-29 17:00:00+00:00,online
2026-07-29,2026-08-10 08:08:40+00:00,DE,wind_onshore,xgboost_online,XGBoost with covariates,weather_4p+tso_forecast,2208,2026-07-30 07:00:00+00:00,6776.9228515625,6667.57089,,2026-04-28 18:00:00+00:00,2026-07-29 17:00:00+00:00,online
2026-07-29,2026-08-10 08:08:40+00:00,DE,wind_onshore,xgboost_online,XGBoost with covariates,weather_4p+tso_forecast,2208,2026-07-30 08:00:00+00:00,5639.0654296875,5381.325575,,2026-04-28 18:00:00+00:00,2026-07-29 17:00:00+00:00,online
2026-07-29,2026-08-10 08:08:40+00:00,DE,wind_onshore,xgboost_online,XGBoost with covariates,weather_4p+tso_forecast,2208,2026-07-30 09:00:00+00:00,6393.65771484375,6190.8371775,,2026-04-28 18:00:00+00:00,2026-07-29 17:00:00+00:00,online
2026-07-29,2026-08-10 08:08:40+00:00,DE,wind_onshore,xgboost_online,XGBoost with covariates,weather_4p+tso_forecast,2208,2026-07-30 10:00:00+00:00,8153.28759765625,7905.22027,,2026-04-28 18:00:00+00:00,2026-07-29 17:00:00+00:00,online
2026-07-29,2026-08-10 08:08:40+00:00,DE,wind_onshore,xgboost_online,XGBoost with covariates,weather_4p+tso_forecast,2208,2026-07-30 11:00:00+00:00,9908.2841796875,9415.077155,,2026-04-28 18:00:00+00:00,2026-07-29 17:00:00+00:00,online
2026-07-29,2026-08-10 08:08:40+00:00,DE,wind_onshore,xgboost_online,XGBoost with covariates,weather_4p+tso_forecast,2208,2026-07-30 12:00:00+00:00,10885.646484375,10947.161315,,2026-04-28 18:00:00+00:00,2026-07-29 17:00:00+00:00,online
2026-07-29,2026-08-10 08:08:40+00:00,DE,wind_onshore,xgboost_online,XGBoost with covariates,weather_4p+tso_forecast,2208,2026-07-30 13:00:00+00:00,13042.7099609375,12464.13296,,2026-04-28 18:00:00+00:00,2026-07-29 17:00:00+00:00,online
2026-07-29,2026-08-10 08:08:40+00:00,DE,wind_onshore,xgboost_online,XGBoost with covariates,weather_4p+tso_forecast,2208,2026-07-30 14:00:00+00:00,13510.4228515625,13370.993575,,2026-04-28 18:00:00+00:00,2026-07-29 17:00:00+00:00,online
2026-07-29,2026-08-10 08:08:40+00:00,DE,wind_onshore,xgboost_online,XGBoost with covariates,weather_4p+tso_forecast,2208,2026-07-30 15:00:00+00:00,13253.8125,13562.725345,,2026-04-28 18:00:00+00:00,2026-07-29 17:00:00+00:00,online
2026-07-29,2026-08-10 08:08:40+00:00,DE,wind_onshore,xgboost_online,XGBoost with covariates,weather_4p+tso_forecast,2208,2026-07-30 16:00:00+00:00,13605.1875,12542.196665,,2026-04-28 18:00:00+00:00,2026-07-29 17:00:00+00:00,online
2026-07-29,2026-08-10 08:08:40+00:00,DE,wind_onshore,xgboost_online,XGBoost with covariates,weather_4p+tso_forecast,2208,2026-07-30 17:00:00+00:00,12881.2275390625,11207.8017625,,2026-04-28 18:00:00+00:00,2026-07-29 17:00:00+00:00,online
2026-07-29,2026-08-10 08:08:40+00:00,DE,wind_offshore,tso_reference,TSO forecast,tso_forecast,2208,2026-07-29 18:00:00+00:00,681.7975,681.7975,,2026-04-28 18:00:00+00:00,2026-07-29 17:00:00+00:00,online
2026-07-29,2026-08-10 08:08:40+00:00,DE,wind_offshore,tso_reference,TSO forecast,tso_forecast,2208,2026-07-29 19:00:00+00:00,833.6675,833.6675,,2026-04-28 18:00:00+00:00,2026-07-29 17:00:00+00:00,online
2026-07-29,2026-08-10 08:08:40+00:00,DE,wind_offshore,tso_reference,TSO forecast,tso_forecast,2208,2026-07-29 20:00:00+00:00,1042.5575,1042.5575,,2026-04-28 18:00:00+00:00,2026-07-29 17:00:00+00:00,online
2026-07-29,2026-08-10 08:08:40+00:00,DE,wind_offshore,tso_reference,TSO forecast,tso_forecast,2208,2026-07-29 21:00:00+00:00,1305.115,1305.115,,2026-04-28 18:00:00+00:00,2026-07-29 17:00:00+00:00,online
2026-07-29,2026-08-10 08:08:40+00:00,DE,wind_offshore,tso_reference,TSO forecast,tso_forecast,2208,2026-07-29 22:00:00+00:00,1107.1825,1107.1825,,2026-04-28 18:00:00+00:00,2026-07-29 17:00:00+00:00,online
2026-07-29,2026-08-10 08:08:40+00:00,DE,wind_offshore,tso_reference,TSO forecast,tso_forecast,2208,2026-07-29 23:00:00+00:00,1407.8775,1407.8775,,2026-04-28 18:00:00+00:00,2026-07-29 17:00:00+00:00,online
2026-07-29,2026-08-10 08:08:40+00:00,DE,wind_offshore,tso_reference,TSO forecast,tso_forecast,2208,2026-07-30 00:00:00+00:00,1912.655,1912.655,,2026-04-28 18:00:00+00:00,2026-07-29 17:00:00+00:00,online
2026-07-29,2026-08-10 08:08:40+00:00,DE,wind_offshore,tso_reference,TSO forecast,tso_forecast,2208,2026-07-30 01:00:00+00:00,2512.0075,2512.0075,,2026-04-28 18:00:00+00:00,2026-07-29 17:00:00+00:00,online
2026-07-29,2026-08-10 08:08:40+00:00,DE,wind_offshore,tso_reference,TSO forecast,tso_forecast,2208,2026-07-30 02:00:00+00:00,3139.0,3139.0,,2026-04-28 18:00:00+00:00,2026-07-29 17:00:00+00:00,online
2026-07-29,2026-08-10 08:08:40+00:00,DE,wind_offshore,tso_reference,TSO forecast,tso_forecast,2208,2026-07-30 03:00:00+00:00,3626.44,3626.44,,2026-04-28 18:00:00+00:00,2026-07-29 17:00:00+00:00,online
2026-07-29,2026-08-10 08:08:40+00:00,DE,wind_offshore,tso_reference,TSO forecast,tso_forecast,2208,2026-07-30 04:00:00+00:00,3857.8725,3857.8725,,2026-04-28 18:00:00+00:00,2026-07-29 17:00:00+00:00,online
2026-07-29,2026-08-10 08:08:40+00:00,DE,wind_offshore,tso_reference,TSO forecast,tso_forecast,2208,2026-07-30 05:00:00+00:00,3861.7425,3861.7425,,2026-04-28 18:00:00+00:00,2026-07-29 17:00:00+00:00,online
2026-07-29,2026-08-10 08:08:40+00:00,DE,wind_offshore,tso_reference,TSO forecast,tso_forecast,2208,2026-07-30 06:00:00+00:00,3883.655,3883.655,,2026-04-28 18:00:00+00:00,2026-07-29 17:00:00+00:00,online
2026-07-29,2026-08-10 08:08:40+00:00,DE,wind_offshore,tso_reference,TSO forecast,tso_forecast,2208,2026-07-30 07:00:00+00:00,3590.6575000000003,3590.6575000000003,,2026-04-28 18:00:00+00:00,2026-07-29 17:00:00+00:00,online
2026-07-29,2026-08-10 08:08:40+00:00,DE,wind_offshore,tso_reference,TSO forecast,tso_forecast,2208,2026-07-30 08:00:00+00:00,3327.4875,3327.4875,,2026-04-28 18:00:00+00:00,2026-07-29 17:00:00+00:00,online
2026-07-29,2026-08-10 08:08:40+00:00,DE,wind_offshore,tso_reference,TSO forecast,tso_forecast,2208,2026-07-30 09:00:00+00:00,2947.7075,2947.7075,,2026-04-28 18:00:00+00:00,2026-07-29 17:00:00+00:00,online
2026-07-29,2026-08-10 08:08:40+00:00,DE,wind_offshore,tso_reference,TSO forecast,tso_forecast,2208,2026-07-30 10:00:00+00:00,2608.1025,2608.1025,,2026-04-28 18:00:00+00:00,2026-07-29 17:00:00+00:00,online
2026-07-29,2026-08-10 08:08:40+00:00,DE,wind_offshore,tso_reference,TSO forecast,tso_forecast,2208,2026-07-30 11:00:00+00:00,2492.2675,2492.2675,,2026-04-28 18:00:00+00:00,2026-07-29 17:00:00+00:00,online
2026-07-29,2026-08-10 08:08:40+00:00,DE,wind_offshore,tso_reference,TSO forecast,tso_forecast,2208,2026-07-30 12:00:00+00:00,2522.7575,2522.7575,,2026-04-28 18:00:00+00:00,2026-07-29 17:00:00+00:00,online
2026-07-29,2026-08-10 08:08:40+00:00,DE,wind_offshore,tso_reference,TSO forecast,tso_forecast,2208,2026-07-30 13:00:00+00:00,2570.6575000000003,2570.6575000000003,,2026-04-28 18:00:00+00:00,2026-07-29 17:00:00+00:00,online
2026-07-29,2026-08-10 08:08:40+00:00,DE,wind_offshore,tso_reference,TSO forecast,tso_forecast,2208,2026-07-30 14:00:00+00:00,2535.5675,2535.5675,,2026-04-28 18:00:00+00:00,2026-07-29 17:00:00+00:00,online
2026-07-29,2026-08-10 08:08:40+00:00,DE,wind_offshore,tso_reference,TSO forecast,tso_forecast,2208,2026-07-30 15:00:00+00:00,2453.4825,2453.4825,,2026-04-28 18:00:00+00:00,2026-07-29 17:00:00+00:00,online
2026-07-29,2026-08-10 08:08:40+00:00,DE,wind_offshore,tso_reference,TSO forecast,tso_forecast,2208,2026-07-30 16:00:00+00:00,2312.87,2312.87,,2026-04-28 18:00:00+00:00,2026-07-29 17:00:00+00:00,online
2026-07-29,2026-08-10 08:08:40+00:00,DE,wind_offshore,tso_reference,TSO forecast,tso_forecast,2208,2026-07-30 17:00:00+00:00,2113.125,2113.125,,2026-04-28 18:00:00+00:00,2026-07-29 17:00:00+00:00,online
2026-07-29,2026-08-10 08:08:40+00:00,DE,wind_offshore,persistence,Persistence,daily_persistence,2208,2026-07-29 18:00:00+00:00,3639.22775,681.7975,,2026-04-28 18:00:00+00:00,2026-07-29 17:00:00+00:00,online
2026-07-29,2026-08-10 08:08:40+00:00,DE,wind_offshore,persistence,Persistence,daily_persistence,2208,2026-07-29 19:00:00+00:00,2988.68225,833.6675,,2026-04-28 18:00:00+00:00,2026-07-29 17:00:00+00:00,online
2026-07-29,2026-08-10 08:08:40+00:00,DE,wind_offshore,persistence,Persistence,daily_persistence,2208,2026-07-29 20:00:00+00:00,2372.1087500000003,1042.5575,,2026-04-28 18:00:00+00:00,2026-07-29 17:00:00+00:00,online
2026-07-29,2026-08-10 08:08:40+00:00,DE,wind_offshore,persistence,Persistence,daily_persistence,2208,2026-07-29 21:00:00+00:00,2163.19775,1305.115,,2026-04-28 18:00:00+00:00,2026-07-29 17:00:00+00:00,online
2026-07-29,2026-08-10 08:08:40+00:00,DE,wind_offshore,persistence,Persistence,daily_persistence,2208,2026-07-29 22:00:00+00:00,2075.50425,1107.1825,,2026-04-28 18:00:00+00:00,2026-07-29 17:00:00+00:00,online
2026-07-29,2026-08-10 08:08:40+00:00,DE,wind_offshore,persistence,Persistence,daily_persistence,2208,2026-07-29 23:00:00+00:00,2120.3775,1407.8775,,2026-04-28 18:00:00+00:00,2026-07-29 17:00:00+00:00,online
2026-07-29,2026-08-10 08:08:40+00:00,DE,wind_offshore,persistence,Persistence,daily_persistence,2208,2026-07-30 00:00:00+00:00,2326.118,1912.655,,2026-04-28 18:00:00+00:00,2026-07-29 17:00:00+00:00,online
2026-07-29,2026-08-10 08:08:40+00:00,DE,wind_offshore,persistence,Persistence,daily_persistence,2208,2026-07-30 01:00:00+00:00,2223.13625,2512.0075,,2026-04-28 18:00:00+00:00,2026-07-29 17:00:00+00:00,online
2026-07-29,2026-08-10 08:08:40+00:00,DE,wind_offshore,persistence,Persistence,daily_persistence,2208,2026-07-30 02:00:00+00:00,2316.79125,3139.0,,2026-04-28 18:00:00+00:00,2026-07-29 17:00:00+00:00,online
2026-07-29,2026-08-10 08:08:40+00:00,DE,wind_offshore,persistence,Persistence,daily_persistence,2208,2026-07-30 03:00:00+00:00,2497.3722500000003,3626.44,,2026-04-28 18:00:00+00:00,2026-07-29 17:00:00+00:00,online
2026-07-29,2026-08-10 08:08:40+00:00,DE,wind_offshore,persistence,Persistence,daily_persistence,2208,2026-07-30 04:00:00+00:00,2491.0915,3857.8725,,2026-04-28 18:00:00+00:00,2026-07-29 17:00:00+00:00,online
2026-07-29,2026-08-10 08:08:40+00:00,DE,wind_offshore,persistence,Persistence,daily_persistence,2208,2026-07-30 05:00:00+00:00,2224.96425,3861.7425,,2026-04-28 18:00:00+00:00,2026-07-29 17:00:00+00:00,online
2026-07-29,2026-08-10 08:08:40+00:00,DE,wind_offshore,persistence,Persistence,daily_persistence,2208,2026-07-30 06:00:00+00:00,2260.58525,3883.655,,2026-04-28 18:00:00+00:00,2026-07-29 17:00:00+00:00,online
2026-07-29,2026-08-10 08:08:40+00:00,DE,wind_offshore,persistence,Persistence,daily_persistence,2208,2026-07-30 07:00:00+00:00,2007.63075,3590.6575000000003,,2026-04-28 18:00:00+00:00,2026-07-29 17:00:00+00:00,online
2026-07-29,2026-08-10 08:08:40+00:00,DE,wind_offshore,persistence,Persistence,daily_persistence,2208,2026-07-30 08:00:00+00:00,1456.09725,3327.4875,,2026-04-28 18:00:00+00:00,2026-07-29 17:00:00+00:00,online
2026-07-29,2026-08-10 08:08:40+00:00,DE,wind_offshore,persistence,Persistence,daily_persistence,2208,2026-07-30 09:00:00+00:00,1011.8315,2947.7075,,2026-04-28 18:00:00+00:00,2026-07-29 17:00:00+00:00,online
2026-07-29,2026-08-10 08:08:40+00:00,DE,wind_offshore,persistence,Persistence,daily_persistence,2208,2026-07-30 10:00:00+00:00,552.8975,2608.1025,,2026-04-28 18:00:00+00:00,2026-07-29 17:00:00+00:00,online
2026-07-29,2026-08-10 08:08:40+00:00,DE,wind_offshore,persistence,Persistence,daily_persistence,2208,2026-07-30 11:00:00+00:00,383.23125,2492.2675,,2026-04-28 18:00:00+00:00,2026-07-29 17:00:00+00:00,online
2026-07-29,2026-08-10 08:08:40+00:00,DE,wind_offshore,persistence,Persistence,daily_persistence,2208,2026-07-30 12:00:00+00:00,310.75325,2522.7575,,2026-04-28 18:00:00+00:00,2026-07-29 17:00:00+00:00,online
2026-07-29,2026-08-10 08:08:40+00:00,DE,wind_offshore,persistence,Persistence,daily_persistence,2208,2026-07-30 13:00:00+00:00,232.41275,2570.6575000000003,,2026-04-28 18:00:00+00:00,2026-07-29 17:00:00+00:00,online
2026-07-29,2026-08-10 08:08:40+00:00,DE,wind_offshore,persistence,Persistence,daily_persistence,2208,2026-07-30 14:00:00+00:00,319.447,2535.5675,,2026-04-28 18:00:00+00:00,2026-07-29 17:00:00+00:00,online
2026-07-29,2026-08-10 08:08:40+00:00,DE,wind_offshore,persistence,Persistence,daily_persistence,2208,2026-07-30 15:00:00+00:00,412.2275,2453.4825,,2026-04-28 18:00:00+00:00,2026-07-29 17:00:00+00:00,online
2026-07-29,2026-08-10 08:08:40+00:00,DE,wind_offshore,persistence,Persistence,daily_persistence,2208,2026-07-30 16:00:00+00:00,806.71675,2312.87,,2026-04-28 18:00:00+00:00,2026-07-29 17:00:00+00:00,online
2026-07-29,2026-08-10 08:08:40+00:00,DE,wind_offshore,persistence,Persistence,daily_persistence,2208,2026-07-30 17:00:00+00:00,854.11225,2113.125,,2026-04-28 18:00:00+00:00,2026-07-29 17:00:00+00:00,online
2026-07-29,2026-08-10 08:08:40+00:00,DE,wind_offshore,chronos2_online,Chronos2 with covariates,weather_4p+tso_forecast,2208,2026-07-29 18:00:00+00:00,1167.3470458984375,681.7975,,2026-04-28 18:00:00+00:00,2026-07-29 17:00:00+00:00,online
2026-07-29,2026-08-10 08:08:40+00:00,DE,wind_offshore,chronos2_online,Chronos2 with covariates,weather_4p+tso_forecast,2208,2026-07-29 19:00:00+00:00,1157.20703125,833.6675,,2026-04-28 18:00:00+00:00,2026-07-29 17:00:00+00:00,online
2026-07-29,2026-08-10 08:08:40+00:00,DE,wind_offshore,chronos2_online,Chronos2 with covariates,weather_4p+tso_forecast,2208,2026-07-29 20:00:00+00:00,1150.940673828125,1042.5575,,2026-04-28 18:00:00+00:00,2026-07-29 17:00:00+00:00,online
2026-07-29,2026-08-10 08:08:40+00:00,DE,wind_offshore,chronos2_online,Chronos2 with covariates,weather_4p+tso_forecast,2208,2026-07-29 21:00:00+00:00,1274.679931640625,1305.115,,2026-04-28 18:00:00+00:00,2026-07-29 17:00:00+00:00,online
2026-07-29,2026-08-10 08:08:40+00:00,DE,wind_offshore,chronos2_online,Chronos2 with covariates,weather_4p+tso_forecast,2208,2026-07-29 22:00:00+00:00,1500.1112060546875,1107.1825,,2026-04-28 18:00:00+00:00,2026-07-29 17:00:00+00:00,online
2026-07-29,2026-08-10 08:08:40+00:00,DE,wind_offshore,chronos2_online,Chronos2 with covariates,weather_4p+tso_forecast,2208,2026-07-29 23:00:00+00:00,1997.0498046875,1407.8775,,2026-04-28 18:00:00+00:00,2026-07-29 17:00:00+00:00,online
2026-07-29,2026-08-10 08:08:40+00:00,DE,wind_offshore,chronos2_online,Chronos2 with covariates,weather_4p+tso_forecast,2208,2026-07-30 00:00:00+00:00,2741.60791015625,1912.655,,2026-04-28 18:00:00+00:00,2026-07-29 17:00:00+00:00,online
2026-07-29,2026-08-10 08:08:40+00:00,DE,wind_offshore,chronos2_online,Chronos2 with covariates,weather_4p+tso_forecast,2208,2026-07-30 01:00:00+00:00,3489.292724609375,2512.0075,,2026-04-28 18:00:00+00:00,2026-07-29 17:00:00+00:00,online
2026-07-29,2026-08-10 08:08:40+00:00,DE,wind_offshore,chronos2_online,Chronos2 with covariates,weather_4p+tso_forecast,2208,2026-07-30 02:00:00+00:00,4170.400390625,3139.0,,2026-04-28 18:00:00+00:00,2026-07-29 17:00:00+00:00,online
2026-07-29,2026-08-10 08:08:40+00:00,DE,wind_offshore,chronos2_online,Chronos2 with covariates,weather_4p+tso_forecast,2208,2026-07-30 03:00:00+00:00,4674.978515625,3626.44,,2026-04-28 18:00:00+00:00,2026-07-29 17:00:00+00:00,online
2026-07-29,2026-08-10 08:08:40+00:00,DE,wind_offshore,chronos2_online,Chronos2 with covariates,weather_4p+tso_forecast,2208,2026-07-30 04:00:00+00:00,4836.443359375,3857.8725,,2026-04-28 18:00:00+00:00,2026-07-29 17:00:00+00:00,online
2026-07-29,2026-08-10 08:08:40+00:00,DE,wind_offshore,chronos2_online,Chronos2 with covariates,weather_4p+tso_forecast,2208,2026-07-30 05:00:00+00:00,4536.5947265625,3861.7425,,2026-04-28 18:00:00+00:00,2026-07-29 17:00:00+00:00,online
2026-07-29,2026-08-10 08:08:40+00:00,DE,wind_offshore,chronos2_online,Chronos2 with covariates,weather_4p+tso_forecast,2208,2026-07-30 06:00:00+00:00,4295.71728515625,3883.655,,2026-04-28 18:00:00+00:00,2026-07-29 17:00:00+00:00,online
2026-07-29,2026-08-10 08:08:40+00:00,DE,wind_offshore,chronos2_online,Chronos2 with covariates,weather_4p+tso_forecast,2208,2026-07-30 07:00:00+00:00,4226.72021484375,3590.6575000000003,,2026-04-28 18:00:00+00:00,2026-07-29 17:00:00+00:00,online
2026-07-29,2026-08-10 08:08:40+00:00,DE,wind_offshore,chronos2_online,Chronos2 with covariates,weather_4p+tso_forecast,2208,2026-07-30 08:00:00+00:00,3895.890625,3327.4875,,2026-04-28 18:00:00+00:00,2026-07-29 17:00:00+00:00,online
2026-07-29,2026-08-10 08:08:40+00:00,DE,wind_offshore,chronos2_online,Chronos2 with covariates,weather_4p+tso_forecast,2208,2026-07-30 09:00:00+00:00,3237.4931640625,2947.7075,,2026-04-28 18:00:00+00:00,2026-07-29 17:00:00+00:00,online
2026-07-29,2026-08-10 08:08:40+00:00,DE,wind_offshore,chronos2_online,Chronos2 with covariates,weather_4p+tso_forecast,2208,2026-07-30 10:00:00+00:00,3110.964111328125,2608.1025,,2026-04-28 18:00:00+00:00,2026-07-29 17:00:00+00:00,online
2026-07-29,2026-08-10 08:08:40+00:00,DE,wind_offshore,chronos2_online,Chronos2 with covariates,weather_4p+tso_forecast,2208,2026-07-30 11:00:00+00:00,3018.373779296875,2492.2675,,2026-04-28 18:00:00+00:00,2026-07-29 17:00:00+00:00,online
2026-07-29,2026-08-10 08:08:40+00:00,DE,wind_offshore,chronos2_online,Chronos2 with covariates,weather_4p+tso_forecast,2208,2026-07-30 12:00:00+00:00,2989.4248046875,2522.7575,,2026-04-28 18:00:00+00:00,2026-07-29 17:00:00+00:00,online
2026-07-29,2026-08-10 08:08:40+00:00,DE,wind_offshore,chronos2_online,Chronos2 with covariates,weather_4p+tso_forecast,2208,2026-07-30 13:00:00+00:00,3188.644287109375,2570.6575000000003,,2026-04-28 18:00:00+00:00,2026-07-29 17:00:00+00:00,online
2026-07-29,2026-08-10 08:08:40+00:00,DE,wind_offshore,chronos2_online,Chronos2 with covariates,weather_4p+tso_forecast,2208,2026-07-30 14:00:00+00:00,3180.396484375,2535.5675,,2026-04-28 18:00:00+00:00,2026-07-29 17:00:00+00:00,online
2026-07-29,2026-08-10 08:08:40+00:00,DE,wind_offshore,chronos2_online,Chronos2 with covariates,weather_4p+tso_forecast,2208,2026-07-30 15:00:00+00:00,2672.382080078125,2453.4825,,2026-04-28 18:00:00+00:00,2026-07-29 17:00:00+00:00,online
2026-07-29,2026-08-10 08:08:40+00:00,DE,wind_offshore,chronos2_online,Chronos2 with covariates,weather_4p+tso_forecast,2208,2026-07-30 16:00:00+00:00,2300.78759765625,2312.87,,2026-04-28 18:00:00+00:00,2026-07-29 17:00:00+00:00,online
2026-07-29,2026-08-10 08:08:40+00:00,DE,wind_offshore,chronos2_online,Chronos2 with covariates,weather_4p+tso_forecast,2208,2026-07-30 17:00:00+00:00,2182.6484375,2113.125,,2026-04-28 18:00:00+00:00,2026-07-29 17:00:00+00:00,online
2026-07-29,2026-08-10 08:08:40+00:00,DE,wind_offshore,xgboost_online,XGBoost with covariates,weather_4p+tso_forecast,2208,2026-07-29 18:00:00+00:00,943.171875,681.7975,,2026-04-28 18:00:00+00:00,2026-07-29 17:00:00+00:00,online
2026-07-29,2026-08-10 08:08:40+00:00,DE,wind_offshore,xgboost_online,XGBoost with covariates,weather_4p+tso_forecast,2208,2026-07-29 19:00:00+00:00,1005.6500244140624,833.6675,,2026-04-28 18:00:00+00:00,2026-07-29 17:00:00+00:00,online
2026-07-29,2026-08-10 08:08:40+00:00,DE,wind_offshore,xgboost_online,XGBoost with covariates,weather_4p+tso_forecast,2208,2026-07-29 20:00:00+00:00,974.074462890625,1042.5575,,2026-04-28 18:00:00+00:00,2026-07-29 17:00:00+00:00,online
2026-07-29,2026-08-10 08:08:40+00:00,DE,wind_offshore,xgboost_online,XGBoost with covariates,weather_4p+tso_forecast,2208,2026-07-29 21:00:00+00:00,1353.6165771484375,1305.115,,2026-04-28 18:00:00+00:00,2026-07-29 17:00:00+00:00,online
2026-07-29,2026-08-10 08:08:40+00:00,DE,wind_offshore,xgboost_online,XGBoost with covariates,weather_4p+tso_forecast,2208,2026-07-29 22:00:00+00:00,1140.25,1107.1825,,2026-04-28 18:00:00+00:00,2026-07-29 17:00:00+00:00,online
2026-07-29,2026-08-10 08:08:40+00:00,DE,wind_offshore,xgboost_online,XGBoost with covariates,weather_4p+tso_forecast,2208,2026-07-29 23:00:00+00:00,1682.8228759765625,1407.8775,,2026-04-28 18:00:00+00:00,2026-07-29 17:00:00+00:00,online
2026-07-29,2026-08-10 08:08:40+00:00,DE,wind_offshore,xgboost_online,XGBoost with covariates,weather_4p+tso_forecast,2208,2026-07-30 00:00:00+00:00,2252.71923828125,1912.655,,2026-04-28 18:00:00+00:00,2026-07-29 17:00:00+00:00,online
2026-07-29,2026-08-10 08:08:40+00:00,DE,wind_offshore,xgboost_online,XGBoost with covariates,weather_4p+tso_forecast,2208,2026-07-30 01:00:00+00:00,2898.20654296875,2512.0075,,2026-04-28 18:00:00+00:00,2026-07-29 17:00:00+00:00,online
2026-07-29,2026-08-10 08:08:40+00:00,DE,wind_offshore,xgboost_online,XGBoost with covariates,weather_4p+tso_forecast,2208,2026-07-30 02:00:00+00:00,3827.206787109375,3139.0,,2026-04-28 18:00:00+00:00,2026-07-29 17:00:00+00:00,online
2026-07-29,2026-08-10 08:08:40+00:00,DE,wind_offshore,xgboost_online,XGBoost with covariates,weather_4p+tso_forecast,2208,2026-07-30 03:00:00+00:00,4352.3798828125,3626.44,,2026-04-28 18:00:00+00:00,2026-07-29 17:00:00+00:00,online
2026-07-29,2026-08-10 08:08:40+00:00,DE,wind_offshore,xgboost_online,XGBoost with covariates,weather_4p+tso_forecast,2208,2026-07-30 04:00:00+00:00,4593.6318359375,3857.8725,,2026-04-28 18:00:00+00:00,2026-07-29 17:00:00+00:00,online
2026-07-29,2026-08-10 08:08:40+00:00,DE,wind_offshore,xgboost_online,XGBoost with covariates,weather_4p+tso_forecast,2208,2026-07-30 05:00:00+00:00,4222.349609375,3861.7425,,2026-04-28 18:00:00+00:00,2026-07-29 17:00:00+00:00,online
2026-07-29,2026-08-10 08:08:40+00:00,DE,wind_offshore,xgboost_online,XGBoost with covariates,weather_4p+tso_forecast,2208,2026-07-30 06:00:00+00:00,4129.40771484375,3883.655,,2026-04-28 18:00:00+00:00,2026-07-29 17:00:00+00:00,online
2026-07-29,2026-08-10 08:08:40+00:00,DE,wind_offshore,xgboost_online,XGBoost with covariates,weather_4p+tso_forecast,2208,2026-07-30 07:00:00+00:00,4073.26318359375,3590.6575000000003,,2026-04-28 18:00:00+00:00,2026-07-29 17:00:00+00:00,online
2026-07-29,2026-08-10 08:08:40+00:00,DE,wind_offshore,xgboost_online,XGBoost with covariates,weather_4p+tso_forecast,2208,2026-07-30 08:00:00+00:00,3675.35791015625,3327.4875,,2026-04-28 18:00:00+00:00,2026-07-29 17:00:00+00:00,online
2026-07-29,2026-08-10 08:08:40+00:00,DE,wind_offshore,xgboost_online,XGBoost with covariates,weather_4p+tso_forecast,2208,2026-07-30 09:00:00+00:00,2719.305908203125,2947.7075,,2026-04-28 18:00:00+00:00,2026-07-29 17:00:00+00:00,online
2026-07-29,2026-08-10 08:08:40+00:00,DE,wind_offshore,xgboost_online,XGBoost with covariates,weather_4p+tso_forecast,2208,2026-07-30 10:00:00+00:00,2525.620361328125,2608.1025,,2026-04-28 18:00:00+00:00,2026-07-29 17:00:00+00:00,online
2026-07-29,2026-08-10 08:08:40+00:00,DE,wind_offshore,xgboost_online,XGBoost with covariates,weather_4p+tso_forecast,2208,2026-07-30 11:00:00+00:00,2554.196044921875,2492.2675,,2026-04-28 18:00:00+00:00,2026-07-29 17:00:00+00:00,online
2026-07-29,2026-08-10 08:08:40+00:00,DE,wind_offshore,xgboost_online,XGBoost with covariates,weather_4p+tso_forecast,2208,2026-07-30 12:00:00+00:00,2456.183837890625,2522.7575,,2026-04-28 18:00:00+00:00,2026-07-29 17:00:00+00:00,online
2026-07-29,2026-08-10 08:08:40+00:00,DE,wind_offshore,xgboost_online,XGBoost with covariates,weather_4p+tso_forecast,2208,2026-07-30 13:00:00+00:00,2870.29248046875,2570.6575000000003,,2026-04-28 18:00:00+00:00,2026-07-29 17:00:00+00:00,online
2026-07-29,2026-08-10 08:08:40+00:00,DE,wind_offshore,xgboost_online,XGBoost with covariates,weather_4p+tso_forecast,2208,2026-07-30 14:00:00+00:00,2736.841552734375,2535.5675,,2026-04-28 18:00:00+00:00,2026-07-29 17:00:00+00:00,online
2026-07-29,2026-08-10 08:08:40+00:00,DE,wind_offshore,xgboost_online,XGBoost with covariates,weather_4p+tso_forecast,2208,2026-07-30 15:00:00+00:00,2418.561767578125,2453.4825,,2026-04-28 18:00:00+00:00,2026-07-29 17:00:00+00:00,online
2026-07-29,2026-08-10 08:08:40+00:00,DE,wind_offshore,xgboost_online,XGBoost with covariates,weather_4p+tso_forecast,2208,2026-07-30 16:00:00+00:00,1907.8948974609375,2312.87,,2026-04-28 18:00:00+00:00,2026-07-29 17:00:00+00:00,online
2026-07-29,2026-08-10 08:08:40+00:00,DE,wind_offshore,xgboost_online,XGBoost with covariates,weather_4p+tso_forecast,2208,2026-07-30 17:00:00+00:00,1876.751708984375,2113.125,,2026-04-28 18:00:00+00:00,2026-07-29 17:00:00+00:00,online
2026-07-29,2026-08-10T11:27:04+00:00,BE,load,tabpfn_online,TabPFN with covariates,Temp+tso_forecast,2208,2026-07-29 18:00:00+00:00,9474.47265625,9435.4925,,2026-04-28 18:00:00+00:00,2026-07-29 17:00:00+00:00,online
2026-07-29,2026-08-10T11:27:04+00:00,BE,load,tabpfn_online,TabPFN with covariates,Temp+tso_forecast,2208,2026-07-29 19:00:00+00:00,9569.921875,9276.7475,,2026-04-28 18:00:00+00:00,2026-07-29 17:00:00+00:00,online
2026-07-29,2026-08-10T11:27:04+00:00,BE,load,tabpfn_online,TabPFN with covariates,Temp+tso_forecast,2208,2026-07-29 20:00:00+00:00,9668.66796875,9271.59,,2026-04-28 18:00:00+00:00,2026-07-29 17:00:00+00:00,online
2026-07-29,2026-08-10T11:27:04+00:00,BE,load,tabpfn_online,TabPFN with covariates,Temp+tso_forecast,2208,2026-07-29 21:00:00+00:00,9143.56640625,8757.89,,2026-04-28 18:00:00+00:00,2026-07-29 17:00:00+00:00,online
2026-07-29,2026-08-10T11:27:04+00:00,BE,load,tabpfn_online,TabPFN with covariates,Temp+tso_forecast,2208,2026-07-29 22:00:00+00:00,8705.5029296875,8298.035,,2026-04-28 18:00:00+00:00,2026-07-29 17:00:00+00:00,online
2026-07-29,2026-08-10T11:27:04+00:00,BE,load,tabpfn_online,TabPFN with covariates,Temp+tso_forecast,2208,2026-07-29 23:00:00+00:00,8430.61328125,8165.3125,,2026-04-28 18:00:00+00:00,2026-07-29 17:00:00+00:00,online
2026-07-29,2026-08-10T11:27:04+00:00,BE,load,tabpfn_online,TabPFN with covariates,Temp+tso_forecast,2208,2026-07-30 00:00:00+00:00,8099.451171875,7932.6475,,2026-04-28 18:00:00+00:00,2026-07-29 17:00:00+00:00,online
2026-07-29,2026-08-10T11:27:04+00:00,BE,load,tabpfn_online,TabPFN with covariates,Temp+tso_forecast,2208,2026-07-30 01:00:00+00:00,7903.6748046875,7727.7474999999995,,2026-04-28 18:00:00+00:00,2026-07-29 17:00:00+00:00,online
2026-07-29,2026-08-10T11:27:04+00:00,BE,load,tabpfn_online,TabPFN with covariates,Temp+tso_forecast,2208,2026-07-30 02:00:00+00:00,7792.060546875,7658.2425,,2026-04-28 18:00:00+00:00,2026-07-29 17:00:00+00:00,online
2026-07-29,2026-08-10T11:27:04+00:00,BE,load,tabpfn_online,TabPFN with covariates,Temp+tso_forecast,2208,2026-07-30 03:00:00+00:00,7874.51953125,7741.8150000000005,,2026-04-28 18:00:00+00:00,2026-07-29 17:00:00+00:00,online
2026-07-29,2026-08-10T11:27:04+00:00,BE,load,tabpfn_online,TabPFN with covariates,Temp+tso_forecast,2208,2026-07-30 04:00:00+00:00,8155.71484375,8151.1775,,2026-04-28 18:00:00+00:00,2026-07-29 17:00:00+00:00,online
2026-07-29,2026-08-10T11:27:04+00:00,BE,load,tabpfn_online,TabPFN with covariates,Temp+tso_forecast,2208,2026-07-30 05:00:00+00:00,8598.271484375,8658.85,,2026-04-28 18:00:00+00:00,2026-07-29 17:00:00+00:00,online
2026-07-29,2026-08-10T11:27:04+00:00,BE,load,tabpfn_online,TabPFN with covariates,Temp+tso_forecast,2208,2026-07-30 06:00:00+00:00,9023.287109375,9267.1575,,2026-04-28 18:00:00+00:00,2026-07-29 17:00:00+00:00,online
2026-07-29,2026-08-10T11:27:04+00:00,BE,load,tabpfn_online,TabPFN with covariates,Temp+tso_forecast,2208,2026-07-30 07:00:00+00:00,9524.04296875,9740.8075,,2026-04-28 18:00:00+00:00,2026-07-29 17:00:00+00:00,online
2026-07-29,2026-08-10T11:27:04+00:00,BE,load,tabpfn_online,TabPFN with covariates,Temp+tso_forecast,2208,2026-07-30 08:00:00+00:00,9814.9853515625,9867.619999999999,,2026-04-28 18:00:00+00:00,2026-07-29 17:00:00+00:00,online
2026-07-29,2026-08-10T11:27:04+00:00,BE,load,tabpfn_online,TabPFN with covariates,Temp+tso_forecast,2208,2026-07-30 09:00:00+00:00,10199.748046875,10018.4725,,2026-04-28 18:00:00+00:00,2026-07-29 17:00:00+00:00,online
2026-07-29,2026-08-10T11:27:04+00:00,BE,load,tabpfn_online,TabPFN with covariates,Temp+tso_forecast,2208,2026-07-30 10:00:00+00:00,10370.7490234375,10014.085,,2026-04-28 18:00:00+00:00,2026-07-29 17:00:00+00:00,online
2026-07-29,2026-08-10T11:27:04+00:00,BE,load,tabpfn_online,TabPFN with covariates,Temp+tso_forecast,2208,2026-07-30 11:00:00+00:00,10227.126953125,9909.3475,,2026-04-28 18:00:00+00:00,2026-07-29 17:00:00+00:00,online
2026-07-29,2026-08-10T11:27:04+00:00,BE,load,tabpfn_online,TabPFN with covariates,Temp+tso_forecast,2208,2026-07-30 12:00:00+00:00,9662.00390625,9632.77,,2026-04-28 18:00:00+00:00,2026-07-29 17:00:00+00:00,online
2026-07-29,2026-08-10T11:27:04+00:00,BE,load,tabpfn_online,TabPFN with covariates,Temp+tso_forecast,2208,2026-07-30 13:00:00+00:00,9337.533203125,9504.315,,2026-04-28 18:00:00+00:00,2026-07-29 17:00:00+00:00,online
2026-07-29,2026-08-10T11:27:04+00:00,BE,load,tabpfn_online,TabPFN with covariates,Temp+tso_forecast,2208,2026-07-30 14:00:00+00:00,9074.974609375,9439.43,,2026-04-28 18:00:00+00:00,2026-07-29 17:00:00+00:00,online
2026-07-29,2026-08-10T11:27:04+00:00,BE,load,tabpfn_online,TabPFN with covariates,Temp+tso_forecast,2208,2026-07-30 15:00:00+00:00,9149.779296875,9499.475,,2026-04-28 18:00:00+00:00,2026-07-29 17:00:00+00:00,online
2026-07-29,2026-08-10T11:27:04+00:00,BE,load,tabpfn_online,TabPFN with covariates,Temp+tso_forecast,2208,2026-07-30 16:00:00+00:00,9187.7412109375,9500.960000000001,,2026-04-28 18:00:00+00:00,2026-07-29 17:00:00+00:00,online
2026-07-29,2026-08-10T11:27:04+00:00,BE,load,tabpfn_online,TabPFN with covariates,Temp+tso_forecast,2208,2026-07-30 17:00:00+00:00,9083.1865234375,9338.2225,,2026-04-28 18:00:00+00:00,2026-07-29 17:00:00+00:00,online
2026-07-29,2026-08-10T11:27:04+00:00,BE,solar,tabpfn_online,TabPFN with covariates,weather_4p+tso_forecast,2208,2026-07-29 18:00:00+00:00,526.5785522460938,384.739,,2026-04-28 18:00:00+00:00,2026-07-29 17:00:00+00:00,online
2026-07-29,2026-08-10T11:27:04+00:00,BE,solar,tabpfn_online,TabPFN with covariates,weather_4p+tso_forecast,2208,2026-07-29 19:00:00+00:00,23.03217315673828,44.969749,,2026-04-28 18:00:00+00:00,2026-07-29 17:00:00+00:00,online
2026-07-29,2026-08-10T11:27:04+00:00,BE,solar,tabpfn_online,TabPFN with covariates,weather_4p+tso_forecast,2208,2026-07-29 20:00:00+00:00,0.0,0.0,,2026-04-28 18:00:00+00:00,2026-07-29 17:00:00+00:00,online
2026-07-29,2026-08-10T11:27:04+00:00,BE,solar,tabpfn_online,TabPFN with covariates,weather_4p+tso_forecast,2208,2026-07-29 21:00:00+00:00,0.0,0.0,,2026-04-28 18:00:00+00:00,2026-07-29 17:00:00+00:00,online
2026-07-29,2026-08-10T11:27:04+00:00,BE,solar,tabpfn_online,TabPFN with covariates,weather_4p+tso_forecast,2208,2026-07-29 22:00:00+00:00,0.0,0.0,,2026-04-28 18:00:00+00:00,2026-07-29 17:00:00+00:00,online
2026-07-29,2026-08-10T11:27:04+00:00,BE,solar,tabpfn_online,TabPFN with covariates,weather_4p+tso_forecast,2208,2026-07-29 23:00:00+00:00,0.0,0.0,,2026-04-28 18:00:00+00:00,2026-07-29 17:00:00+00:00,online
2026-07-29,2026-08-10T11:27:04+00:00,BE,solar,tabpfn_online,TabPFN with covariates,weather_4p+tso_forecast,2208,2026-07-30 00:00:00+00:00,0.0,0.0,,2026-04-28 18:00:00+00:00,2026-07-29 17:00:00+00:00,online
2026-07-29,2026-08-10T11:27:04+00:00,BE,solar,tabpfn_online,TabPFN with covariates,weather_4p+tso_forecast,2208,2026-07-30 01:00:00+00:00,0.0,0.0,,2026-04-28 18:00:00+00:00,2026-07-29 17:00:00+00:00,online
2026-07-29,2026-08-10T11:27:04+00:00,BE,solar,tabpfn_online,TabPFN with covariates,weather_4p+tso_forecast,2208,2026-07-30 02:00:00+00:00,0.0,0.0,,2026-04-28 18:00:00+00:00,2026-07-29 17:00:00+00:00,online
2026-07-29,2026-08-10T11:27:04+00:00,BE,solar,tabpfn_online,TabPFN with covariates,weather_4p+tso_forecast,2208,2026-07-30 03:00:00+00:00,0.0,0.0,,2026-04-28 18:00:00+00:00,2026-07-29 17:00:00+00:00,online
2026-07-29,2026-08-10T11:27:04+00:00,BE,solar,tabpfn_online,TabPFN with covariates,weather_4p+tso_forecast,2208,2026-07-30 04:00:00+00:00,90.31399536132812,133.650499,,2026-04-28 18:00:00+00:00,2026-07-29 17:00:00+00:00,online
2026-07-29,2026-08-10T11:27:04+00:00,BE,solar,tabpfn_online,TabPFN with covariates,weather_4p+tso_forecast,2208,2026-07-30 05:00:00+00:00,777.89990234375,726.42475,,2026-04-28 18:00:00+00:00,2026-07-29 17:00:00+00:00,online
2026-07-29,2026-08-10T11:27:04+00:00,BE,solar,tabpfn_online,TabPFN with covariates,weather_4p+tso_forecast,2208,2026-07-30 06:00:00+00:00,1866.6197509765625,1763.020997,,2026-04-28 18:00:00+00:00,2026-07-29 17:00:00+00:00,online
2026-07-29,2026-08-10T11:27:04+00:00,BE,solar,tabpfn_online,TabPFN with covariates,weather_4p+tso_forecast,2208,2026-07-30 07:00:00+00:00,3019.843017578125,2936.471498,,2026-04-28 18:00:00+00:00,2026-07-29 17:00:00+00:00,online
2026-07-29,2026-08-10T11:27:04+00:00,BE,solar,tabpfn_online,TabPFN with covariates,weather_4p+tso_forecast,2208,2026-07-30 08:00:00+00:00,4006.1015625,4017.237748,,2026-04-28 18:00:00+00:00,2026-07-29 17:00:00+00:00,online
2026-07-29,2026-08-10T11:27:04+00:00,BE,solar,tabpfn_online,TabPFN with covariates,weather_4p+tso_forecast,2208,2026-07-30 09:00:00+00:00,4245.48828125,4258.241992,,2026-04-28 18:00:00+00:00,2026-07-29 17:00:00+00:00,online
2026-07-29,2026-08-10T11:27:04+00:00,BE,solar,tabpfn_online,TabPFN with covariates,weather_4p+tso_forecast,2208,2026-07-30 10:00:00+00:00,3491.484619140625,3819.854746,,2026-04-28 18:00:00+00:00,2026-07-29 17:00:00+00:00,online
2026-07-29,2026-08-10T11:27:04+00:00,BE,solar,tabpfn_online,TabPFN with covariates,weather_4p+tso_forecast,2208,2026-07-30 11:00:00+00:00,2935.157470703125,3327.794496,,2026-04-28 18:00:00+00:00,2026-07-29 17:00:00+00:00,online
2026-07-29,2026-08-10T11:27:04+00:00,BE,solar,tabpfn_online,TabPFN with covariates,weather_4p+tso_forecast,2208,2026-07-30 12:00:00+00:00,2371.183837890625,2866.190502,,2026-04-28 18:00:00+00:00,2026-07-29 17:00:00+00:00,online
2026-07-29,2026-08-10T11:27:04+00:00,BE,solar,tabpfn_online,TabPFN with covariates,weather_4p+tso_forecast,2208,2026-07-30 13:00:00+00:00,2643.8046875,2884.999998,,2026-04-28 18:00:00+00:00,2026-07-29 17:00:00+00:00,online
2026-07-29,2026-08-10T11:27:04+00:00,BE,solar,tabpfn_online,TabPFN with covariates,weather_4p+tso_forecast,2208,2026-07-30 14:00:00+00:00,3289.810546875,3389.610251,,2026-04-28 18:00:00+00:00,2026-07-29 17:00:00+00:00,online
2026-07-29,2026-08-10T11:27:04+00:00,BE,solar,tabpfn_online,TabPFN with covariates,weather_4p+tso_forecast,2208,2026-07-30 15:00:00+00:00,3334.13671875,3531.976745,,2026-04-28 18:00:00+00:00,2026-07-29 17:00:00+00:00,online
2026-07-29,2026-08-10T11:27:04+00:00,BE,solar,tabpfn_online,TabPFN with covariates,weather_4p+tso_forecast,2208,2026-07-30 16:00:00+00:00,2701.178466796875,2780.223001,,2026-04-28 18:00:00+00:00,2026-07-29 17:00:00+00:00,online
2026-07-29,2026-08-10T11:27:04+00:00,BE,solar,tabpfn_online,TabPFN with covariates,weather_4p+tso_forecast,2208,2026-07-30 17:00:00+00:00,1503.796142578125,1438.599997,,2026-04-28 18:00:00+00:00,2026-07-29 17:00:00+00:00,online
2026-07-29,2026-08-10T11:27:04+00:00,BE,wind_onshore,tabpfn_online,TabPFN with covariates,weather_4p+tso_forecast,2208,2026-07-29 18:00:00+00:00,337.8655090332031,203.675,,2026-04-28 18:00:00+00:00,2026-07-29 17:00:00+00:00,online
2026-07-29,2026-08-10T11:27:04+00:00,BE,wind_onshore,tabpfn_online,TabPFN with covariates,weather_4p+tso_forecast,2208,2026-07-29 19:00:00+00:00,321.0321044921875,288.625,,2026-04-28 18:00:00+00:00,2026-07-29 17:00:00+00:00,online
2026-07-29,2026-08-10T11:27:04+00:00,BE,wind_onshore,tabpfn_online,TabPFN with covariates,weather_4p+tso_forecast,2208,2026-07-29 20:00:00+00:00,544.7968139648438,410.8,,2026-04-28 18:00:00+00:00,2026-07-29 17:00:00+00:00,online
2026-07-29,2026-08-10T11:27:04+00:00,BE,wind_onshore,tabpfn_online,TabPFN with covariates,weather_4p+tso_forecast,2208,2026-07-29 21:00:00+00:00,761.352294921875,505.225,,2026-04-28 18:00:00+00:00,2026-07-29 17:00:00+00:00,online
2026-07-29,2026-08-10T11:27:04+00:00,BE,wind_onshore,tabpfn_online,TabPFN with covariates,weather_4p+tso_forecast,2208,2026-07-29 22:00:00+00:00,788.911865234375,565.125,,2026-04-28 18:00:00+00:00,2026-07-29 17:00:00+00:00,online
2026-07-29,2026-08-10T11:27:04+00:00,BE,wind_onshore,tabpfn_online,TabPFN with covariates,weather_4p+tso_forecast,2208,2026-07-29 23:00:00+00:00,724.8333740234375,538.05,,2026-04-28 18:00:00+00:00,2026-07-29 17:00:00+00:00,online
2026-07-29,2026-08-10T11:27:04+00:00,BE,wind_onshore,tabpfn_online,TabPFN with covariates,weather_4p+tso_forecast,2208,2026-07-30 00:00:00+00:00,557.42578125,460.125,,2026-04-28 18:00:00+00:00,2026-07-29 17:00:00+00:00,online
2026-07-29,2026-08-10T11:27:04+00:00,BE,wind_onshore,tabpfn_online,TabPFN with covariates,weather_4p+tso_forecast,2208,2026-07-30 01:00:00+00:00,460.96002197265625,413.05,,2026-04-28 18:00:00+00:00,2026-07-29 17:00:00+00:00,online
2026-07-29,2026-08-10T11:27:04+00:00,BE,wind_onshore,tabpfn_online,TabPFN with covariates,weather_4p+tso_forecast,2208,2026-07-30 02:00:00+00:00,406.1139831542969,403.375,,2026-04-28 18:00:00+00:00,2026-07-29 17:00:00+00:00,online
2026-07-29,2026-08-10T11:27:04+00:00,BE,wind_onshore,tabpfn_online,TabPFN with covariates,weather_4p+tso_forecast,2208,2026-07-30 03:00:00+00:00,462.55474853515625,407.125,,2026-04-28 18:00:00+00:00,2026-07-29 17:00:00+00:00,online
2026-07-29,2026-08-10T11:27:04+00:00,BE,wind_onshore,tabpfn_online,TabPFN with covariates,weather_4p+tso_forecast,2208,2026-07-30 04:00:00+00:00,464.6339111328125,370.25,,2026-04-28 18:00:00+00:00,2026-07-29 17:00:00+00:00,online
2026-07-29,2026-08-10T11:27:04+00:00,BE,wind_onshore,tabpfn_online,TabPFN with covariates,weather_4p+tso_forecast,2208,2026-07-30 05:00:00+00:00,319.34320068359375,309.3,,2026-04-28 18:00:00+00:00,2026-07-29 17:00:00+00:00,online
2026-07-29,2026-08-10T11:27:04+00:00,BE,wind_onshore,tabpfn_online,TabPFN with covariates,weather_4p+tso_forecast,2208,2026-07-30 06:00:00+00:00,251.78927612304688,236.15,,2026-04-28 18:00:00+00:00,2026-07-29 17:00:00+00:00,online
2026-07-29,2026-08-10T11:27:04+00:00,BE,wind_onshore,tabpfn_online,TabPFN with covariates,weather_4p+tso_forecast,2208,2026-07-30 07:00:00+00:00,150.280517578125,161.425,,2026-04-28 18:00:00+00:00,2026-07-29 17:00:00+00:00,online
2026-07-29,2026-08-10T11:27:04+00:00,BE,wind_onshore,tabpfn_online,TabPFN with covariates,weather_4p+tso_forecast,2208,2026-07-30 08:00:00+00:00,191.614013671875,171.775,,2026-04-28 18:00:00+00:00,2026-07-29 17:00:00+00:00,online
2026-07-29,2026-08-10T11:27:04+00:00,BE,wind_onshore,tabpfn_online,TabPFN with covariates,weather_4p+tso_forecast,2208,2026-07-30 09:00:00+00:00,230.4445343017578,276.525,,2026-04-28 18:00:00+00:00,2026-07-29 17:00:00+00:00,online
2026-07-29,2026-08-10T11:27:04+00:00,BE,wind_onshore,tabpfn_online,TabPFN with covariates,weather_4p+tso_forecast,2208,2026-07-30 10:00:00+00:00,361.431640625,398.425,,2026-04-28 18:00:00+00:00,2026-07-29 17:00:00+00:00,online
2026-07-29,2026-08-10T11:27:04+00:00,BE,wind_onshore,tabpfn_online,TabPFN with covariates,weather_4p+tso_forecast,2208,2026-07-30 11:00:00+00:00,496.8796081542969,518.0,,2026-04-28 18:00:00+00:00,2026-07-29 17:00:00+00:00,online
2026-07-29,2026-08-10T11:27:04+00:00,BE,wind_onshore,tabpfn_online,TabPFN with covariates,weather_4p+tso_forecast,2208,2026-07-30 12:00:00+00:00,525.7620239257812,522.4,,2026-04-28 18:00:00+00:00,2026-07-29 17:00:00+00:00,online
2026-07-29,2026-08-10T11:27:04+00:00,BE,wind_onshore,tabpfn_online,TabPFN with covariates,weather_4p+tso_forecast,2208,2026-07-30 13:00:00+00:00,577.7572631835938,400.375,,2026-04-28 18:00:00+00:00,2026-07-29 17:00:00+00:00,online
2026-07-29,2026-08-10T11:27:04+00:00,BE,wind_onshore,tabpfn_online,TabPFN with covariates,weather_4p+tso_forecast,2208,2026-07-30 14:00:00+00:00,401.3113098144531,291.325,,2026-04-28 18:00:00+00:00,2026-07-29 17:00:00+00:00,online
2026-07-29,2026-08-10T11:27:04+00:00,BE,wind_onshore,tabpfn_online,TabPFN with covariates,weather_4p+tso_forecast,2208,2026-07-30 15:00:00+00:00,421.6368408203125,234.35,,2026-04-28 18:00:00+00:00,2026-07-29 17:00:00+00:00,online
2026-07-29,2026-08-10T11:27:04+00:00,BE,wind_onshore,tabpfn_online,TabPFN with covariates,weather_4p+tso_forecast,2208,2026-07-30 16:00:00+00:00,412.6935729980469,194.05,,2026-04-28 18:00:00+00:00,2026-07-29 17:00:00+00:00,online
2026-07-29,2026-08-10T11:27:04+00:00,BE,wind_onshore,tabpfn_online,TabPFN with covariates,weather_4p+tso_forecast,2208,2026-07-30 17:00:00+00:00,301.28369140625,177.05,,2026-04-28 18:00:00+00:00,2026-07-29 17:00:00+00:00,online
2026-07-29,2026-08-10T11:27:04+00:00,BE,wind_offshore,tabpfn_online,TabPFN with covariates,weather_4p+tso_forecast,2208,2026-07-29 18:00:00+00:00,31.147491455078125,302.275,,2026-04-28 18:00:00+00:00,2026-07-29 17:00:00+00:00,online
2026-07-29,2026-08-10T11:27:04+00:00,BE,wind_offshore,tabpfn_online,TabPFN with covariates,weather_4p+tso_forecast,2208,2026-07-29 19:00:00+00:00,45.66291809082031,510.25,,2026-04-28 18:00:00+00:00,2026-07-29 17:00:00+00:00,online
2026-07-29,2026-08-10T11:27:04+00:00,BE,wind_offshore,tabpfn_online,TabPFN with covariates,weather_4p+tso_forecast,2208,2026-07-29 20:00:00+00:00,344.16400146484375,724.975,,2026-04-28 18:00:00+00:00,2026-07-29 17:00:00+00:00,online
2026-07-29,2026-08-10T11:27:04+00:00,BE,wind_offshore,tabpfn_online,TabPFN with covariates,weather_4p+tso_forecast,2208,2026-07-29 21:00:00+00:00,737.1820678710938,857.025,,2026-04-28 18:00:00+00:00,2026-07-29 17:00:00+00:00,online
2026-07-29,2026-08-10T11:27:04+00:00,BE,wind_offshore,tabpfn_online,TabPFN with covariates,weather_4p+tso_forecast,2208,2026-07-29 22:00:00+00:00,1102.4288330078125,1246.8,,2026-04-28 18:00:00+00:00,2026-07-29 17:00:00+00:00,online
2026-07-29,2026-08-10T11:27:04+00:00,BE,wind_offshore,tabpfn_online,TabPFN with covariates,weather_4p+tso_forecast,2208,2026-07-29 23:00:00+00:00,1280.7406005859375,1221.05,,2026-04-28 18:00:00+00:00,2026-07-29 17:00:00+00:00,online
2026-07-29,2026-08-10T11:27:04+00:00,BE,wind_offshore,tabpfn_online,TabPFN with covariates,weather_4p+tso_forecast,2208,2026-07-30 00:00:00+00:00,1280.48388671875,1128.425,,2026-04-28 18:00:00+00:00,2026-07-29 17:00:00+00:00,online
2026-07-29,2026-08-10T11:27:04+00:00,BE,wind_offshore,tabpfn_online,TabPFN with covariates,weather_4p+tso_forecast,2208,2026-07-30 01:00:00+00:00,1123.66357421875,973.625,,2026-04-28 18:00:00+00:00,2026-07-29 17:00:00+00:00,online
2026-07-29,2026-08-10T11:27:04+00:00,BE,wind_offshore,tabpfn_online,TabPFN with covariates,weather_4p+tso_forecast,2208,2026-07-30 02:00:00+00:00,891.5584106445312,804.325,,2026-04-28 18:00:00+00:00,2026-07-29 17:00:00+00:00,online
2026-07-29,2026-08-10T11:27:04+00:00,BE,wind_offshore,tabpfn_online,TabPFN with covariates,weather_4p+tso_forecast,2208,2026-07-30 03:00:00+00:00,672.309814453125,645.2,,2026-04-28 18:00:00+00:00,2026-07-29 17:00:00+00:00,online
2026-07-29,2026-08-10T11:27:04+00:00,BE,wind_offshore,tabpfn_online,TabPFN with covariates,weather_4p+tso_forecast,2208,2026-07-30 04:00:00+00:00,394.9468994140625,478.95,,2026-04-28 18:00:00+00:00,2026-07-29 17:00:00+00:00,online
2026-07-29,2026-08-10T11:27:04+00:00,BE,wind_offshore,tabpfn_online,TabPFN with covariates,weather_4p+tso_forecast,2208,2026-07-30 05:00:00+00:00,165.3672637939453,323.1,,2026-04-28 18:00:00+00:00,2026-07-29 17:00:00+00:00,online
2026-07-29,2026-08-10T11:27:04+00:00,BE,wind_offshore,tabpfn_online,TabPFN with covariates,weather_4p+tso_forecast,2208,2026-07-30 06:00:00+00:00,87.21184539794922,217.7,,2026-04-28 18:00:00+00:00,2026-07-29 17:00:00+00:00,online
2026-07-29,2026-08-10T11:27:04+00:00,BE,wind_offshore,tabpfn_online,TabPFN with covariates,weather_4p+tso_forecast,2208,2026-07-30 07:00:00+00:00,61.58024597167969,159.7,,2026-04-28 18:00:00+00:00,2026-07-29 17:00:00+00:00,online
2026-07-29,2026-08-10T11:27:04+00:00,BE,wind_offshore,tabpfn_online,TabPFN with covariates,weather_4p+tso_forecast,2208,2026-07-30 08:00:00+00:00,39.21260070800781,123.775,,2026-04-28 18:00:00+00:00,2026-07-29 17:00:00+00:00,online
2026-07-29,2026-08-10T11:27:04+00:00,BE,wind_offshore,tabpfn_online,TabPFN with covariates,weather_4p+tso_forecast,2208,2026-07-30 09:00:00+00:00,61.92523193359375,101.325,,2026-04-28 18:00:00+00:00,2026-07-29 17:00:00+00:00,online
2026-07-29,2026-08-10T11:27:04+00:00,BE,wind_offshore,tabpfn_online,TabPFN with covariates,weather_4p+tso_forecast,2208,2026-07-30 10:00:00+00:00,32.26185607910156,95.975,,2026-04-28 18:00:00+00:00,2026-07-29 17:00:00+00:00,online
2026-07-29,2026-08-10T11:27:04+00:00,BE,wind_offshore,tabpfn_online,TabPFN with covariates,weather_4p+tso_forecast,2208,2026-07-30 11:00:00+00:00,35.99920654296875,103.225,,2026-04-28 18:00:00+00:00,2026-07-29 17:00:00+00:00,online
2026-07-29,2026-08-10T11:27:04+00:00,BE,wind_offshore,tabpfn_online,TabPFN with covariates,weather_4p+tso_forecast,2208,2026-07-30 12:00:00+00:00,29.60883140563965,115.825,,2026-04-28 18:00:00+00:00,2026-07-29 17:00:00+00:00,online
2026-07-29,2026-08-10T11:27:04+00:00,BE,wind_offshore,tabpfn_online,TabPFN with covariates,weather_4p+tso_forecast,2208,2026-07-30 13:00:00+00:00,23.551851272583008,140.2,,2026-04-28 18:00:00+00:00,2026-07-29 17:00:00+00:00,online
2026-07-29,2026-08-10T11:27:04+00:00,BE,wind_offshore,tabpfn_online,TabPFN with covariates,weather_4p+tso_forecast,2208,2026-07-30 14:00:00+00:00,29.63933563232422,194.0,,2026-04-28 18:00:00+00:00,2026-07-29 17:00:00+00:00,online
2026-07-29,2026-08-10T11:27:04+00:00,BE,wind_offshore,tabpfn_online,TabPFN with covariates,weather_4p+tso_forecast,2208,2026-07-30 15:00:00+00:00,91.06082916259766,297.725,,2026-04-28 18:00:00+00:00,2026-07-29 17:00:00+00:00,online
2026-07-29,2026-08-10T11:27:04+00:00,BE,wind_offshore,tabpfn_online,TabPFN with covariates,weather_4p+tso_forecast,2208,2026-07-30 16:00:00+00:00,193.43887329101562,458.3,,2026-04-28 18:00:00+00:00,2026-07-29 17:00:00+00:00,online
2026-07-29,2026-08-10T11:27:04+00:00,BE,wind_offshore,tabpfn_online,TabPFN with covariates,weather_4p+tso_forecast,2208,2026-07-30 17:00:00+00:00,431.55499267578125,635.3,,2026-04-28 18:00:00+00:00,2026-07-29 17:00:00+00:00,online
2026-07-29,2026-08-10T11:27:04+00:00,FR,load,tabpfn_online,TabPFN with covariates,Temp+tso_forecast,2208,2026-07-29 18:00:00+00:00,51549.984375,50850.0,,2026-04-28 18:00:00+00:00,2026-07-29 17:00:00+00:00,online
2026-07-29,2026-08-10T11:27:04+00:00,FR,load,tabpfn_online,TabPFN with covariates,Temp+tso_forecast,2208,2026-07-29 19:00:00+00:00,50011.7265625,48812.5,,2026-04-28 18:00:00+00:00,2026-07-29 17:00:00+00:00,online
2026-07-29,2026-08-10T11:27:04+00:00,FR,load,tabpfn_online,TabPFN with covariates,Temp+tso_forecast,2208,2026-07-29 20:00:00+00:00,50298.046875,48987.5,,2026-04-28 18:00:00+00:00,2026-07-29 17:00:00+00:00,online
2026-07-29,2026-08-10T11:27:04+00:00,FR,load,tabpfn_online,TabPFN with covariates,Temp+tso_forecast,2208,2026-07-29 21:00:00+00:00,48833.6796875,48650.0,,2026-04-28 18:00:00+00:00,2026-07-29 17:00:00+00:00,online
2026-07-29,2026-08-10T11:27:04+00:00,FR,load,tabpfn_online,TabPFN with covariates,Temp+tso_forecast,2208,2026-07-29 22:00:00+00:00,45462.03515625,45075.0,,2026-04-28 18:00:00+00:00,2026-07-29 17:00:00+00:00,online
2026-07-29,2026-08-10T11:27:04+00:00,FR,load,tabpfn_online,TabPFN with covariates,Temp+tso_forecast,2208,2026-07-29 23:00:00+00:00,42815.2421875,42862.5,,2026-04-28 18:00:00+00:00,2026-07-29 17:00:00+00:00,online
2026-07-29,2026-08-10T11:27:04+00:00,FR,load,tabpfn_online,TabPFN with covariates,Temp+tso_forecast,2208,2026-07-30 00:00:00+00:00,40271.0703125,40225.0,,2026-04-28 18:00:00+00:00,2026-07-29 17:00:00+00:00,online
2026-07-29,2026-08-10T11:27:04+00:00,FR,load,tabpfn_online,TabPFN with covariates,Temp+tso_forecast,2208,2026-07-30 01:00:00+00:00,38343.84375,38100.0,,2026-04-28 18:00:00+00:00,2026-07-29 17:00:00+00:00,online
2026-07-29,2026-08-10T11:27:04+00:00,FR,load,tabpfn_online,TabPFN with covariates,Temp+tso_forecast,2208,2026-07-30 02:00:00+00:00,37933.1015625,37462.5,,2026-04-28 18:00:00+00:00,2026-07-29 17:00:00+00:00,online
2026-07-29,2026-08-10T11:27:04+00:00,FR,load,tabpfn_online,TabPFN with covariates,Temp+tso_forecast,2208,2026-07-30 03:00:00+00:00,39031.17578125,38537.5,,2026-04-28 18:00:00+00:00,2026-07-29 17:00:00+00:00,online
2026-07-29,2026-08-10T11:27:04+00:00,FR,load,tabpfn_online,TabPFN with covariates,Temp+tso_forecast,2208,2026-07-30 04:00:00+00:00,40750.89453125,40237.5,,2026-04-28 18:00:00+00:00,2026-07-29 17:00:00+00:00,online
2026-07-29,2026-08-10T11:27:04+00:00,FR,load,tabpfn_online,TabPFN with covariates,Temp+tso_forecast,2208,2026-07-30 05:00:00+00:00,43067.1796875,42575.0,,2026-04-28 18:00:00+00:00,2026-07-29 17:00:00+00:00,online
2026-07-29,2026-08-10T11:27:04+00:00,FR,load,tabpfn_online,TabPFN with covariates,Temp+tso_forecast,2208,2026-07-30 06:00:00+00:00,45759.7421875,45175.0,,2026-04-28 18:00:00+00:00,2026-07-29 17:00:00+00:00,online
2026-07-29,2026-08-10T11:27:04+00:00,FR,load,tabpfn_online,TabPFN with covariates,Temp+tso_forecast,2208,2026-07-30 07:00:00+00:00,48109.3203125,47275.0,,2026-04-28 18:00:00+00:00,2026-07-29 17:00:00+00:00,online
2026-07-29,2026-08-10T11:27:04+00:00,FR,load,tabpfn_online,TabPFN with covariates,Temp+tso_forecast,2208,2026-07-30 08:00:00+00:00,49939.05078125,49112.5,,2026-04-28 18:00:00+00:00,2026-07-29 17:00:00+00:00,online
2026-07-29,2026-08-10T11:27:04+00:00,FR,load,tabpfn_online,TabPFN with covariates,Temp+tso_forecast,2208,2026-07-30 09:00:00+00:00,51311.640625,50812.5,,2026-04-28 18:00:00+00:00,2026-07-29 17:00:00+00:00,online
2026-07-29,2026-08-10T11:27:04+00:00,FR,load,tabpfn_online,TabPFN with covariates,Temp+tso_forecast,2208,2026-07-30 10:00:00+00:00,52818.1796875,52325.0,,2026-04-28 18:00:00+00:00,2026-07-29 17:00:00+00:00,online
2026-07-29,2026-08-10T11:27:04+00:00,FR,load,tabpfn_online,TabPFN with covariates,Temp+tso_forecast,2208,2026-07-30 11:00:00+00:00,52523.16796875,52037.5,,2026-04-28 18:00:00+00:00,2026-07-29 17:00:00+00:00,online
2026-07-29,2026-08-10T11:27:04+00:00,FR,load,tabpfn_online,TabPFN with covariates,Temp+tso_forecast,2208,2026-07-30 12:00:00+00:00,52890.453125,52425.0,,2026-04-28 18:00:00+00:00,2026-07-29 17:00:00+00:00,online
2026-07-29,2026-08-10T11:27:04+00:00,FR,load,tabpfn_online,TabPFN with covariates,Temp+tso_forecast,2208,2026-07-30 13:00:00+00:00,51366.5625,52062.5,,2026-04-28 18:00:00+00:00,2026-07-29 17:00:00+00:00,online
2026-07-29,2026-08-10T11:27:04+00:00,FR,load,tabpfn_online,TabPFN with covariates,Temp+tso_forecast,2208,2026-07-30 14:00:00+00:00,50154.3125,50637.5,,2026-04-28 18:00:00+00:00,2026-07-29 17:00:00+00:00,online
2026-07-29,2026-08-10T11:27:04+00:00,FR,load,tabpfn_online,TabPFN with covariates,Temp+tso_forecast,2208,2026-07-30 15:00:00+00:00,50603.29296875,50237.5,,2026-04-28 18:00:00+00:00,2026-07-29 17:00:00+00:00,online
2026-07-29,2026-08-10T11:27:04+00:00,FR,load,tabpfn_online,TabPFN with covariates,Temp+tso_forecast,2208,2026-07-30 16:00:00+00:00,51589.82421875,51175.0,,2026-04-28 18:00:00+00:00,2026-07-29 17:00:00+00:00,online
2026-07-29,2026-08-10T11:27:04+00:00,FR,load,tabpfn_online,TabPFN with covariates,Temp+tso_forecast,2208,2026-07-30 17:00:00+00:00,51978.9609375,51850.0,,2026-04-28 18:00:00+00:00,2026-07-29 17:00:00+00:00,online
2026-07-29,2026-08-10T11:27:04+00:00,FR,solar,tabpfn_online,TabPFN with covariates,weather_4p+tso_forecast,2208,2026-07-29 18:00:00+00:00,1700.684814453125,2004.3087475,,2026-04-28 18:00:00+00:00,2026-07-29 17:00:00+00:00,online
2026-07-29,2026-08-10T11:27:04+00:00,FR,solar,tabpfn_online,TabPFN with covariates,weather_4p+tso_forecast,2208,2026-07-29 19:00:00+00:00,353.05450439453125,216.1688075,,2026-04-28 18:00:00+00:00,2026-07-29 17:00:00+00:00,online
2026-07-29,2026-08-10T11:27:04+00:00,FR,solar,tabpfn_online,TabPFN with covariates,weather_4p+tso_forecast,2208,2026-07-29 20:00:00+00:00,214.82980346679688,0.0,,2026-04-28 18:00:00+00:00,2026-07-29 17:00:00+00:00,online
2026-07-29,2026-08-10T11:27:04+00:00,FR,solar,tabpfn_online,TabPFN with covariates,weather_4p+tso_forecast,2208,2026-07-29 21:00:00+00:00,204.25723266601562,0.0,,2026-04-28 18:00:00+00:00,2026-07-29 17:00:00+00:00,online
2026-07-29,2026-08-10T11:27:04+00:00,FR,solar,tabpfn_online,TabPFN with covariates,weather_4p+tso_forecast,2208,2026-07-29 22:00:00+00:00,0.0,0.0,,2026-04-28 18:00:00+00:00,2026-07-29 17:00:00+00:00,online
2026-07-29,2026-08-10T11:27:04+00:00,FR,solar,tabpfn_online,TabPFN with covariates,weather_4p+tso_forecast,2208,2026-07-29 23:00:00+00:00,0.0,0.0,,2026-04-28 18:00:00+00:00,2026-07-29 17:00:00+00:00,online
2026-07-29,2026-08-10T11:27:04+00:00,FR,solar,tabpfn_online,TabPFN with covariates,weather_4p+tso_forecast,2208,2026-07-30 00:00:00+00:00,0.0,0.0,,2026-04-28 18:00:00+00:00,2026-07-29 17:00:00+00:00,online
2026-07-29,2026-08-10T11:27:04+00:00,FR,solar,tabpfn_online,TabPFN with covariates,weather_4p+tso_forecast,2208,2026-07-30 01:00:00+00:00,0.0,0.0,,2026-04-28 18:00:00+00:00,2026-07-29 17:00:00+00:00,online
2026-07-29,2026-08-10T11:27:04+00:00,FR,solar,tabpfn_online,TabPFN with covariates,weather_4p+tso_forecast,2208,2026-07-30 02:00:00+00:00,0.0,0.0,,2026-04-28 18:00:00+00:00,2026-07-29 17:00:00+00:00,online
2026-07-29,2026-08-10T11:27:04+00:00,FR,solar,tabpfn_online,TabPFN with covariates,weather_4p+tso_forecast,2208,2026-07-30 03:00:00+00:00,176.17666625976562,0.0,,2026-04-28 18:00:00+00:00,2026-07-29 17:00:00+00:00,online
2026-07-29,2026-08-10T11:27:04+00:00,FR,solar,tabpfn_online,TabPFN with covariates,weather_4p+tso_forecast,2208,2026-07-30 04:00:00+00:00,309.2618713378906,89.3771725,,2026-04-28 18:00:00+00:00,2026-07-29 17:00:00+00:00,online
2026-07-29,2026-08-10T11:27:04+00:00,FR,solar,tabpfn_online,TabPFN with covariates,weather_4p+tso_forecast,2208,2026-07-30 05:00:00+00:00,1235.906982421875,1014.3708124999999,,2026-04-28 18:00:00+00:00,2026-07-29 17:00:00+00:00,online
2026-07-29,2026-08-10T11:27:04+00:00,FR,solar,tabpfn_online,TabPFN with covariates,weather_4p+tso_forecast,2208,2026-07-30 06:00:00+00:00,3621.68017578125,3587.8644400000003,,2026-04-28 18:00:00+00:00,2026-07-29 17:00:00+00:00,online
2026-07-29,2026-08-10T11:27:04+00:00,FR,solar,tabpfn_online,TabPFN with covariates,weather_4p+tso_forecast,2208,2026-07-30 07:00:00+00:00,6725.59619140625,7178.10022,,2026-04-28 18:00:00+00:00,2026-07-29 17:00:00+00:00,online
2026-07-29,2026-08-10T11:27:04+00:00,FR,solar,tabpfn_online,TabPFN with covariates,weather_4p+tso_forecast,2208,2026-07-30 08:00:00+00:00,10334.63671875,11148.1645525,,2026-04-28 18:00:00+00:00,2026-07-29 17:00:00+00:00,online
2026-07-29,2026-08-10T11:27:04+00:00,FR,solar,tabpfn_online,TabPFN with covariates,weather_4p+tso_forecast,2208,2026-07-30 09:00:00+00:00,13128.4697265625,14655.723145,,2026-04-28 18:00:00+00:00,2026-07-29 17:00:00+00:00,online
2026-07-29,2026-08-10T11:27:04+00:00,FR,solar,tabpfn_online,TabPFN with covariates,weather_4p+tso_forecast,2208,2026-07-30 10:00:00+00:00,15940.2890625,17247.9394525,,2026-04-28 18:00:00+00:00,2026-07-29 17:00:00+00:00,online
2026-07-29,2026-08-10T11:27:04+00:00,FR,solar,tabpfn_online,TabPFN with covariates,weather_4p+tso_forecast,2208,2026-07-30 11:00:00+00:00,17591.21875,18699.26904,,2026-04-28 18:00:00+00:00,2026-07-29 17:00:00+00:00,online
2026-07-29,2026-08-10T11:27:04+00:00,FR,solar,tabpfn_online,TabPFN with covariates,weather_4p+tso_forecast,2208,2026-07-30 12:00:00+00:00,18211.97265625,19137.6215825,,2026-04-28 18:00:00+00:00,2026-07-29 17:00:00+00:00,online
2026-07-29,2026-08-10T11:27:04+00:00,FR,solar,tabpfn_online,TabPFN with covariates,weather_4p+tso_forecast,2208,2026-07-30 13:00:00+00:00,18069.6484375,18694.46582,,2026-04-28 18:00:00+00:00,2026-07-29 17:00:00+00:00,online
2026-07-29,2026-08-10T11:27:04+00:00,FR,solar,tabpfn_online,TabPFN with covariates,weather_4p+tso_forecast,2208,2026-07-30 14:00:00+00:00,16738.576171875,16998.0249025,,2026-04-28 18:00:00+00:00,2026-07-29 17:00:00+00:00,online
2026-07-29,2026-08-10T11:27:04+00:00,FR,solar,tabpfn_online,TabPFN with covariates,weather_4p+tso_forecast,2208,2026-07-30 15:00:00+00:00,13819.875,14189.561525000001,,2026-04-28 18:00:00+00:00,2026-07-29 17:00:00+00:00,online
2026-07-29,2026-08-10T11:27:04+00:00,FR,solar,tabpfn_online,TabPFN with covariates,weather_4p+tso_forecast,2208,2026-07-30 16:00:00+00:00,9476.560546875,10160.659425,,2026-04-28 18:00:00+00:00,2026-07-29 17:00:00+00:00,online
2026-07-29,2026-08-10T11:27:04+00:00,FR,solar,tabpfn_online,TabPFN with covariates,weather_4p+tso_forecast,2208,2026-07-30 17:00:00+00:00,4932.93408203125,5541.0750725,,2026-04-28 18:00:00+00:00,2026-07-29 17:00:00+00:00,online
2026-07-29,2026-08-10T11:27:04+00:00,FR,wind_onshore,tabpfn_online,TabPFN with covariates,weather_4p+tso_forecast,2208,2026-07-29 18:00:00+00:00,2203.433349609375,1678.2774650000001,,2026-04-28 18:00:00+00:00,2026-07-29 17:00:00+00:00,online
2026-07-29,2026-08-10T11:27:04+00:00,FR,wind_onshore,tabpfn_online,TabPFN with covariates,weather_4p+tso_forecast,2208,2026-07-29 19:00:00+00:00,2118.291015625,2014.940065,,2026-04-28 18:00:00+00:00,2026-07-29 17:00:00+00:00,online
2026-07-29,2026-08-10T11:27:04+00:00,FR,wind_onshore,tabpfn_online,TabPFN with covariates,weather_4p+tso_forecast,2208,2026-07-29 20:00:00+00:00,2757.052001953125,2454.954955,,2026-04-28 18:00:00+00:00,2026-07-29 17:00:00+00:00,online
2026-07-29,2026-08-10T11:27:04+00:00,FR,wind_onshore,tabpfn_online,TabPFN with covariates,weather_4p+tso_forecast,2208,2026-07-29 21:00:00+00:00,3393.327880859375,2628.81494,,2026-04-28 18:00:00+00:00,2026-07-29 17:00:00+00:00,online
2026-07-29,2026-08-10T11:27:04+00:00,FR,wind_onshore,tabpfn_online,TabPFN with covariates,weather_4p+tso_forecast,2208,2026-07-29 22:00:00+00:00,3599.87744140625,3168.10498,,2026-04-28 18:00:00+00:00,2026-07-29 17:00:00+00:00,online
2026-07-29,2026-08-10T11:27:04+00:00,FR,wind_onshore,tabpfn_online,TabPFN with covariates,weather_4p+tso_forecast,2208,2026-07-29 23:00:00+00:00,3548.4345703125,3239.962525,,2026-04-28 18:00:00+00:00,2026-07-29 17:00:00+00:00,online
2026-07-29,2026-08-10T11:27:04+00:00,FR,wind_onshore,tabpfn_online,TabPFN with covariates,weather_4p+tso_forecast,2208,2026-07-30 00:00:00+00:00,3238.706298828125,3220.3099975,,2026-04-28 18:00:00+00:00,2026-07-29 17:00:00+00:00,online
2026-07-29,2026-08-10T11:27:04+00:00,FR,wind_onshore,tabpfn_online,TabPFN with covariates,weather_4p+tso_forecast,2208,2026-07-30 01:00:00+00:00,3770.611083984375,3328.9575825,,2026-04-28 18:00:00+00:00,2026-07-29 17:00:00+00:00,online
2026-07-29,2026-08-10T11:27:04+00:00,FR,wind_onshore,tabpfn_online,TabPFN with covariates,weather_4p+tso_forecast,2208,2026-07-30 02:00:00+00:00,3757.84033203125,3449.0900874999998,,2026-04-28 18:00:00+00:00,2026-07-29 17:00:00+00:00,online
2026-07-29,2026-08-10T11:27:04+00:00,FR,wind_onshore,tabpfn_online,TabPFN with covariates,weather_4p+tso_forecast,2208,2026-07-30 03:00:00+00:00,3674.38818359375,3659.63745,,2026-04-28 18:00:00+00:00,2026-07-29 17:00:00+00:00,online
2026-07-29,2026-08-10T11:27:04+00:00,FR,wind_onshore,tabpfn_online,TabPFN with covariates,weather_4p+tso_forecast,2208,2026-07-30 04:00:00+00:00,4242.091796875,3917.5774525,,2026-04-28 18:00:00+00:00,2026-07-29 17:00:00+00:00,online
2026-07-29,2026-08-10T11:27:04+00:00,FR,wind_onshore,tabpfn_online,TabPFN with covariates,weather_4p+tso_forecast,2208,2026-07-30 05:00:00+00:00,4391.87353515625,3691.2949824999996,,2026-04-28 18:00:00+00:00,2026-07-29 17:00:00+00:00,online
2026-07-29,2026-08-10T11:27:04+00:00,FR,wind_onshore,tabpfn_online,TabPFN with covariates,weather_4p+tso_forecast,2208,2026-07-30 06:00:00+00:00,3075.3564453125,2946.6900025,,2026-04-28 18:00:00+00:00,2026-07-29 17:00:00+00:00,online
2026-07-29,2026-08-10T11:27:04+00:00,FR,wind_onshore,tabpfn_online,TabPFN with covariates,weather_4p+tso_forecast,2208,2026-07-30 07:00:00+00:00,2325.6484375,2427.91504,,2026-04-28 18:00:00+00:00,2026-07-29 17:00:00+00:00,online
2026-07-29,2026-08-10T11:27:04+00:00,FR,wind_onshore,tabpfn_online,TabPFN with covariates,weather_4p+tso_forecast,2208,2026-07-30 08:00:00+00:00,2506.49462890625,1957.609985,,2026-04-28 18:00:00+00:00,2026-07-29 17:00:00+00:00,online
2026-07-29,2026-08-10T11:27:04+00:00,FR,wind_onshore,tabpfn_online,TabPFN with covariates,weather_4p+tso_forecast,2208,2026-07-30 09:00:00+00:00,2278.2021484375,1770.4124775,,2026-04-28 18:00:00+00:00,2026-07-29 17:00:00+00:00,online
2026-07-29,2026-08-10T11:27:04+00:00,FR,wind_onshore,tabpfn_online,TabPFN with covariates,weather_4p+tso_forecast,2208,2026-07-30 10:00:00+00:00,2385.79296875,1786.317505,,2026-04-28 18:00:00+00:00,2026-07-29 17:00:00+00:00,online
2026-07-29,2026-08-10T11:27:04+00:00,FR,wind_onshore,tabpfn_online,TabPFN with covariates,weather_4p+tso_forecast,2208,2026-07-30 11:00:00+00:00,2189.825439453125,1712.3125,,2026-04-28 18:00:00+00:00,2026-07-29 17:00:00+00:00,online
2026-07-29,2026-08-10T11:27:04+00:00,FR,wind_onshore,tabpfn_online,TabPFN with covariates,weather_4p+tso_forecast,2208,2026-07-30 12:00:00+00:00,2045.8717041015625,1587.2250075,,2026-04-28 18:00:00+00:00,2026-07-29 17:00:00+00:00,online
2026-07-29,2026-08-10T11:27:04+00:00,FR,wind_onshore,tabpfn_online,TabPFN with covariates,weather_4p+tso_forecast,2208,2026-07-30 13:00:00+00:00,2178.1982421875,1507.5975349999999,,2026-04-28 18:00:00+00:00,2026-07-29 17:00:00+00:00,online
2026-07-29,2026-08-10T11:27:04+00:00,FR,wind_onshore,tabpfn_online,TabPFN with covariates,weather_4p+tso_forecast,2208,2026-07-30 14:00:00+00:00,2113.94384765625,1372.86255,,2026-04-28 18:00:00+00:00,2026-07-29 17:00:00+00:00,online
2026-07-29,2026-08-10T11:27:04+00:00,FR,wind_onshore,tabpfn_online,TabPFN with covariates,weather_4p+tso_forecast,2208,2026-07-30 15:00:00+00:00,2056.6826171875,1394.275025,,2026-04-28 18:00:00+00:00,2026-07-29 17:00:00+00:00,online
2026-07-29,2026-08-10T11:27:04+00:00,FR,wind_onshore,tabpfn_online,TabPFN with covariates,weather_4p+tso_forecast,2208,2026-07-30 16:00:00+00:00,1931.72998046875,1411.64502,,2026-04-28 18:00:00+00:00,2026-07-29 17:00:00+00:00,online
2026-07-29,2026-08-10T11:27:04+00:00,FR,wind_onshore,tabpfn_online,TabPFN with covariates,weather_4p+tso_forecast,2208,2026-07-30 17:00:00+00:00,1870.93115234375,1456.899995,,2026-04-28 18:00:00+00:00,2026-07-29 17:00:00+00:00,online
2026-07-29,2026-08-10T11:27:04+00:00,FR,wind_offshore,tabpfn_online,TabPFN with covariates,weather_4p+tso_forecast,2208,2026-07-29 18:00:00+00:00,214.29641723632812,277.41001,,2026-04-28 18:00:00+00:00,2026-07-29 17:00:00+00:00,online
2026-07-29,2026-08-10T11:27:04+00:00,FR,wind_offshore,tabpfn_online,TabPFN with covariates,weather_4p+tso_forecast,2208,2026-07-29 19:00:00+00:00,166.92715454101562,269.85499500000003,,2026-04-28 18:00:00+00:00,2026-07-29 17:00:00+00:00,online
2026-07-29,2026-08-10T11:27:04+00:00,FR,wind_offshore,tabpfn_online,TabPFN with covariates,weather_4p+tso_forecast,2208,2026-07-29 20:00:00+00:00,233.8018341064453,291.805015,,2026-04-28 18:00:00+00:00,2026-07-29 17:00:00+00:00,online
2026-07-29,2026-08-10T11:27:04+00:00,FR,wind_offshore,tabpfn_online,TabPFN with covariates,weather_4p+tso_forecast,2208,2026-07-29 21:00:00+00:00,271.03204345703125,313.4725075,,2026-04-28 18:00:00+00:00,2026-07-29 17:00:00+00:00,online
2026-07-29,2026-08-10T11:27:04+00:00,FR,wind_offshore,tabpfn_online,TabPFN with covariates,weather_4p+tso_forecast,2208,2026-07-29 22:00:00+00:00,237.89697265625,301.93749249999996,,2026-04-28 18:00:00+00:00,2026-07-29 17:00:00+00:00,online
2026-07-29,2026-08-10T11:27:04+00:00,FR,wind_offshore,tabpfn_online,TabPFN with covariates,weather_4p+tso_forecast,2208,2026-07-29 23:00:00+00:00,260.62420654296875,333.5574875,,2026-04-28 18:00:00+00:00,2026-07-29 17:00:00+00:00,online
2026-07-29,2026-08-10T11:27:04+00:00,FR,wind_offshore,tabpfn_online,TabPFN with covariates,weather_4p+tso_forecast,2208,2026-07-30 00:00:00+00:00,227.0764923095703,327.002495,,2026-04-28 18:00:00+00:00,2026-07-29 17:00:00+00:00,online
2026-07-29,2026-08-10T11:27:04+00:00,FR,wind_offshore,tabpfn_online,TabPFN with covariates,weather_4p+tso_forecast,2208,2026-07-30 01:00:00+00:00,209.61317443847656,313.680005,,2026-04-28 18:00:00+00:00,2026-07-29 17:00:00+00:00,online
2026-07-29,2026-08-10T11:27:04+00:00,FR,wind_offshore,tabpfn_online,TabPFN with covariates,weather_4p+tso_forecast,2208,2026-07-30 02:00:00+00:00,202.33615112304688,289.33499,,2026-04-28 18:00:00+00:00,2026-07-29 17:00:00+00:00,online
2026-07-29,2026-08-10T11:27:04+00:00,FR,wind_offshore,tabpfn_online,TabPFN with covariates,weather_4p+tso_forecast,2208,2026-07-30 03:00:00+00:00,188.454345703125,233.1900025,,2026-04-28 18:00:00+00:00,2026-07-29 17:00:00+00:00,online
2026-07-29,2026-08-10T11:27:04+00:00,FR,wind_offshore,tabpfn_online,TabPFN with covariates,weather_4p+tso_forecast,2208,2026-07-30 04:00:00+00:00,194.4461212158203,201.4050025,,2026-04-28 18:00:00+00:00,2026-07-29 17:00:00+00:00,online
2026-07-29,2026-08-10T11:27:04+00:00,FR,wind_offshore,tabpfn_online,TabPFN with covariates,weather_4p+tso_forecast,2208,2026-07-30 05:00:00+00:00,152.6882781982422,156.4300025,,2026-04-28 18:00:00+00:00,2026-07-29 17:00:00+00:00,online
2026-07-29,2026-08-10T11:27:04+00:00,FR,wind_offshore,tabpfn_online,TabPFN with covariates,weather_4p+tso_forecast,2208,2026-07-30 06:00:00+00:00,162.76072692871094,165.7525,,2026-04-28 18:00:00+00:00,2026-07-29 17:00:00+00:00,online
2026-07-29,2026-08-10T11:27:04+00:00,FR,wind_offshore,tabpfn_online,TabPFN with covariates,weather_4p+tso_forecast,2208,2026-07-30 07:00:00+00:00,143.13595581054688,159.98,,2026-04-28 18:00:00+00:00,2026-07-29 17:00:00+00:00,online
2026-07-29,2026-08-10T11:27:04+00:00,FR,wind_offshore,tabpfn_online,TabPFN with covariates,weather_4p+tso_forecast,2208,2026-07-30 08:00:00+00:00,112.7733383178711,152.96499749999998,,2026-04-28 18:00:00+00:00,2026-07-29 17:00:00+00:00,online
2026-07-29,2026-08-10T11:27:04+00:00,FR,wind_offshore,tabpfn_online,TabPFN with covariates,weather_4p+tso_forecast,2208,2026-07-30 09:00:00+00:00,117.4644775390625,160.7875,,2026-04-28 18:00:00+00:00,2026-07-29 17:00:00+00:00,online
2026-07-29,2026-08-10T11:27:04+00:00,FR,wind_offshore,tabpfn_online,TabPFN with covariates,weather_4p+tso_forecast,2208,2026-07-30 10:00:00+00:00,87.25425720214844,163.050005,,2026-04-28 18:00:00+00:00,2026-07-29 17:00:00+00:00,online
2026-07-29,2026-08-10T11:27:04+00:00,FR,wind_offshore,tabpfn_online,TabPFN with covariates,weather_4p+tso_forecast,2208,2026-07-30 11:00:00+00:00,76.61566162109375,164.3624975,,2026-04-28 18:00:00+00:00,2026-07-29 17:00:00+00:00,online
2026-07-29,2026-08-10T11:27:04+00:00,FR,wind_offshore,tabpfn_online,TabPFN with covariates,weather_4p+tso_forecast,2208,2026-07-30 12:00:00+00:00,82.08838653564453,195.269995,,2026-04-28 18:00:00+00:00,2026-07-29 17:00:00+00:00,online
2026-07-29,2026-08-10T11:27:04+00:00,FR,wind_offshore,tabpfn_online,TabPFN with covariates,weather_4p+tso_forecast,2208,2026-07-30 13:00:00+00:00,108.10540771484375,263.370005,,2026-04-28 18:00:00+00:00,2026-07-29 17:00:00+00:00,online
2026-07-29,2026-08-10T11:27:04+00:00,FR,wind_offshore,tabpfn_online,TabPFN with covariates,weather_4p+tso_forecast,2208,2026-07-30 14:00:00+00:00,186.412109375,356.564985,,2026-04-28 18:00:00+00:00,2026-07-29 17:00:00+00:00,online
2026-07-29,2026-08-10T11:27:04+00:00,FR,wind_offshore,tabpfn_online,TabPFN with covariates,weather_4p+tso_forecast,2208,2026-07-30 15:00:00+00:00,204.98971557617188,395.56748749999997,,2026-04-28 18:00:00+00:00,2026-07-29 17:00:00+00:00,online
2026-07-29,2026-08-10T11:27:04+00:00,FR,wind_offshore,tabpfn_online,TabPFN with covariates,weather_4p+tso_forecast,2208,2026-07-30 16:00:00+00:00,231.48521423339844,415.6574875,,2026-04-28 18:00:00+00:00,2026-07-29 17:00:00+00:00,online
2026-07-29,2026-08-10T11:27:04+00:00,FR,wind_offshore,tabpfn_online,TabPFN with covariates,weather_4p+tso_forecast,2208,2026-07-30 17:00:00+00:00,254.2213897705078,465.9050125,,2026-04-28 18:00:00+00:00,2026-07-29 17:00:00+00:00,online
2026-07-29,2026-08-10T11:27:04+00:00,DE,load,tabpfn_online,TabPFN with covariates,Solar+tso_forecast,2208,2026-07-29 18:00:00+00:00,56552.1875,55735.992765999996,,2026-04-28 18:00:00+00:00,2026-07-29 17:00:00+00:00,online
2026-07-29,2026-08-10T11:27:04+00:00,DE,load,tabpfn_online,TabPFN with covariates,Solar+tso_forecast,2208,2026-07-29 19:00:00+00:00,54526.59765625,53895.77663075,,2026-04-28 18:00:00+00:00,2026-07-29 17:00:00+00:00,online
2026-07-29,2026-08-10T11:27:04+00:00,DE,load,tabpfn_online,TabPFN with covariates,Solar+tso_forecast,2208,2026-07-29 20:00:00+00:00,51887.80078125,50251.61737125,,2026-04-28 18:00:00+00:00,2026-07-29 17:00:00+00:00,online
2026-07-29,2026-08-10T11:27:04+00:00,DE,load,tabpfn_online,TabPFN with covariates,Solar+tso_forecast,2208,2026-07-29 21:00:00+00:00,49138.74609375,46418.849333499995,,2026-04-28 18:00:00+00:00,2026-07-29 17:00:00+00:00,online
2026-07-29,2026-08-10T11:27:04+00:00,DE,load,tabpfn_online,TabPFN with covariates,Solar+tso_forecast,2208,2026-07-29 22:00:00+00:00,46826.7421875,44459.82336075,,2026-04-28 18:00:00+00:00,2026-07-29 17:00:00+00:00,online
2026-07-29,2026-08-10T11:27:04+00:00,DE,load,tabpfn_online,TabPFN with covariates,Solar+tso_forecast,2208,2026-07-29 23:00:00+00:00,45426.4609375,42690.656975000005,,2026-04-28 18:00:00+00:00,2026-07-29 17:00:00+00:00,online
2026-07-29,2026-08-10T11:27:04+00:00,DE,load,tabpfn_online,TabPFN with covariates,Solar+tso_forecast,2208,2026-07-30 00:00:00+00:00,44522.625,41909.211704500005,,2026-04-28 18:00:00+00:00,2026-07-29 17:00:00+00:00,online
2026-07-29,2026-08-10T11:27:04+00:00,DE,load,tabpfn_online,TabPFN with covariates,Solar+tso_forecast,2208,2026-07-30 01:00:00+00:00,44139.9921875,41580.054342999996,,2026-04-28 18:00:00+00:00,2026-07-29 17:00:00+00:00,online
2026-07-29,2026-08-10T11:27:04+00:00,DE,load,tabpfn_online,TabPFN with covariates,Solar+tso_forecast,2208,2026-07-30 02:00:00+00:00,44384.984375,42033.94011925,,2026-04-28 18:00:00+00:00,2026-07-29 17:00:00+00:00,online
2026-07-29,2026-08-10T11:27:04+00:00,DE,load,tabpfn_online,TabPFN with covariates,Solar+tso_forecast,2208,2026-07-30 03:00:00+00:00,47259.0234375,44853.96003275,,2026-04-28 18:00:00+00:00,2026-07-29 17:00:00+00:00,online
2026-07-29,2026-08-10T11:27:04+00:00,DE,load,tabpfn_online,TabPFN with covariates,Solar+tso_forecast,2208,2026-07-30 04:00:00+00:00,53113.984375,50670.600292,,2026-04-28 18:00:00+00:00,2026-07-29 17:00:00+00:00,online
2026-07-29,2026-08-10T11:27:04+00:00,DE,load,tabpfn_online,TabPFN with covariates,Solar+tso_forecast,2208,2026-07-30 05:00:00+00:00,58159.3984375,55527.018546499996,,2026-04-28 18:00:00+00:00,2026-07-29 17:00:00+00:00,online
2026-07-29,2026-08-10T11:27:04+00:00,DE,load,tabpfn_online,TabPFN with covariates,Solar+tso_forecast,2208,2026-07-30 06:00:00+00:00,61134.421875,58761.19075825,,2026-04-28 18:00:00+00:00,2026-07-29 17:00:00+00:00,online
2026-07-29,2026-08-10T11:27:04+00:00,DE,load,tabpfn_online,TabPFN with covariates,Solar+tso_forecast,2208,2026-07-30 07:00:00+00:00,61017.125,60106.29943225,,2026-04-28 18:00:00+00:00,2026-07-29 17:00:00+00:00,online
2026-07-29,2026-08-10T11:27:04+00:00,DE,load,tabpfn_online,TabPFN with covariates,Solar+tso_forecast,2208,2026-07-30 08:00:00+00:00,60324.5390625,60814.108494750006,,2026-04-28 18:00:00+00:00,2026-07-29 17:00:00+00:00,online
2026-07-29,2026-08-10T11:27:04+00:00,DE,load,tabpfn_online,TabPFN with covariates,Solar+tso_forecast,2208,2026-07-30 09:00:00+00:00,59728.6875,60870.7011155,,2026-04-28 18:00:00+00:00,2026-07-29 17:00:00+00:00,online
2026-07-29,2026-08-10T11:27:04+00:00,DE,load,tabpfn_online,TabPFN with covariates,Solar+tso_forecast,2208,2026-07-30 10:00:00+00:00,59078.953125,60047.38235225,,2026-04-28 18:00:00+00:00,2026-07-29 17:00:00+00:00,online
2026-07-29,2026-08-10T11:27:04+00:00,DE,load,tabpfn_online,TabPFN with covariates,Solar+tso_forecast,2208,2026-07-30 11:00:00+00:00,57749.6953125,58548.26092625,,2026-04-28 18:00:00+00:00,2026-07-29 17:00:00+00:00,online
2026-07-29,2026-08-10T11:27:04+00:00,DE,load,tabpfn_online,TabPFN with covariates,Solar+tso_forecast,2208,2026-07-30 12:00:00+00:00,57853.31640625,57674.574844,,2026-04-28 18:00:00+00:00,2026-07-29 17:00:00+00:00,online
2026-07-29,2026-08-10T11:27:04+00:00,DE,load,tabpfn_online,TabPFN with covariates,Solar+tso_forecast,2208,2026-07-30 13:00:00+00:00,58269.171875,56947.556786500005,,2026-04-28 18:00:00+00:00,2026-07-29 17:00:00+00:00,online
2026-07-29,2026-08-10T11:27:04+00:00,DE,load,tabpfn_online,TabPFN with covariates,Solar+tso_forecast,2208,2026-07-30 14:00:00+00:00,56647.7421875,56420.5856615,,2026-04-28 18:00:00+00:00,2026-07-29 17:00:00+00:00,online
2026-07-29,2026-08-10T11:27:04+00:00,DE,load,tabpfn_online,TabPFN with covariates,Solar+tso_forecast,2208,2026-07-30 15:00:00+00:00,55748.6171875,56144.667024,,2026-04-28 18:00:00+00:00,2026-07-29 17:00:00+00:00,online
2026-07-29,2026-08-10T11:27:04+00:00,DE,load,tabpfn_online,TabPFN with covariates,Solar+tso_forecast,2208,2026-07-30 16:00:00+00:00,58573.4140625,57376.1080675,,2026-04-28 18:00:00+00:00,2026-07-29 17:00:00+00:00,online
2026-07-29,2026-08-10T11:27:04+00:00,DE,load,tabpfn_online,TabPFN with covariates,Solar+tso_forecast,2208,2026-07-30 17:00:00+00:00,58802.1328125,57593.0558465,,2026-04-28 18:00:00+00:00,2026-07-29 17:00:00+00:00,online
2026-07-29,2026-08-10T11:27:04+00:00,DE,solar,tabpfn_online,TabPFN with covariates,weather_4p+tso_forecast,2208,2026-07-29 18:00:00+00:00,1720.83447265625,1803.24055,,2026-04-28 18:00:00+00:00,2026-07-29 17:00:00+00:00,online
2026-07-29,2026-08-10T11:27:04+00:00,DE,solar,tabpfn_online,TabPFN with covariates,weather_4p+tso_forecast,2208,2026-07-29 19:00:00+00:00,79.36895751953125,45.9362,,2026-04-28 18:00:00+00:00,2026-07-29 17:00:00+00:00,online
2026-07-29,2026-08-10T11:27:04+00:00,DE,solar,tabpfn_online,TabPFN with covariates,weather_4p+tso_forecast,2208,2026-07-29 20:00:00+00:00,6.95022439956665,0.0,,2026-04-28 18:00:00+00:00,2026-07-29 17:00:00+00:00,online
2026-07-29,2026-08-10T11:27:04+00:00,DE,solar,tabpfn_online,TabPFN with covariates,weather_4p+tso_forecast,2208,2026-07-29 21:00:00+00:00,8.35537338256836,0.0,,2026-04-28 18:00:00+00:00,2026-07-29 17:00:00+00:00,online
2026-07-29,2026-08-10T11:27:04+00:00,DE,solar,tabpfn_online,TabPFN with covariates,weather_4p+tso_forecast,2208,2026-07-29 22:00:00+00:00,7.233697891235352,0.0,,2026-04-28 18:00:00+00:00,2026-07-29 17:00:00+00:00,online
2026-07-29,2026-08-10T11:27:04+00:00,DE,solar,tabpfn_online,TabPFN with covariates,weather_4p+tso_forecast,2208,2026-07-29 23:00:00+00:00,4.772307395935059,0.0,,2026-04-28 18:00:00+00:00,2026-07-29 17:00:00+00:00,online
2026-07-29,2026-08-10T11:27:04+00:00,DE,solar,tabpfn_online,TabPFN with covariates,weather_4p+tso_forecast,2208,2026-07-30 00:00:00+00:00,0.0,0.0,,2026-04-28 18:00:00+00:00,2026-07-29 17:00:00+00:00,online
2026-07-29,2026-08-10T11:27:04+00:00,DE,solar,tabpfn_online,TabPFN with covariates,weather_4p+tso_forecast,2208,2026-07-30 01:00:00+00:00,0.0,0.0,,2026-04-28 18:00:00+00:00,2026-07-29 17:00:00+00:00,online
2026-07-29,2026-08-10T11:27:04+00:00,DE,solar,tabpfn_online,TabPFN with covariates,weather_4p+tso_forecast,2208,2026-07-30 02:00:00+00:00,3.1766281127929688,0.0,,2026-04-28 18:00:00+00:00,2026-07-29 17:00:00+00:00,online
2026-07-29,2026-08-10T11:27:04+00:00,DE,solar,tabpfn_online,TabPFN with covariates,weather_4p+tso_forecast,2208,2026-07-30 03:00:00+00:00,107.78109741210938,116.0134875,,2026-04-28 18:00:00+00:00,2026-07-29 17:00:00+00:00,online
2026-07-29,2026-08-10T11:27:04+00:00,DE,solar,tabpfn_online,TabPFN with covariates,weather_4p+tso_forecast,2208,2026-07-30 04:00:00+00:00,2674.26171875,2689.347515,,2026-04-28 18:00:00+00:00,2026-07-29 17:00:00+00:00,online
2026-07-29,2026-08-10T11:27:04+00:00,DE,solar,tabpfn_online,TabPFN with covariates,weather_4p+tso_forecast,2208,2026-07-30 05:00:00+00:00,9841.513671875,10366.244605,,2026-04-28 18:00:00+00:00,2026-07-29 17:00:00+00:00,online
2026-07-29,2026-08-10T11:27:04+00:00,DE,solar,tabpfn_online,TabPFN with covariates,weather_4p+tso_forecast,2208,2026-07-30 06:00:00+00:00,22421.482421875,22772.330954999998,,2026-04-28 18:00:00+00:00,2026-07-29 17:00:00+00:00,online
2026-07-29,2026-08-10T11:27:04+00:00,DE,solar,tabpfn_online,TabPFN with covariates,weather_4p+tso_forecast,2208,2026-07-30 07:00:00+00:00,34763.5,35071.253375,,2026-04-28 18:00:00+00:00,2026-07-29 17:00:00+00:00,online
2026-07-29,2026-08-10T11:27:04+00:00,DE,solar,tabpfn_online,TabPFN with covariates,weather_4p+tso_forecast,2208,2026-07-30 08:00:00+00:00,44321.703125,44736.00726,,2026-04-28 18:00:00+00:00,2026-07-29 17:00:00+00:00,online
2026-07-29,2026-08-10T11:27:04+00:00,DE,solar,tabpfn_online,TabPFN with covariates,weather_4p+tso_forecast,2208,2026-07-30 09:00:00+00:00,50882.46875,51401.907737500005,,2026-04-28 18:00:00+00:00,2026-07-29 17:00:00+00:00,online
2026-07-29,2026-08-10T11:27:04+00:00,DE,solar,tabpfn_online,TabPFN with covariates,weather_4p+tso_forecast,2208,2026-07-30 10:00:00+00:00,53780.25390625,54230.964465,,2026-04-28 18:00:00+00:00,2026-07-29 17:00:00+00:00,online
2026-07-29,2026-08-10T11:27:04+00:00,DE,solar,tabpfn_online,TabPFN with covariates,weather_4p+tso_forecast,2208,2026-07-30 11:00:00+00:00,53457.1640625,53224.7633975,,2026-04-28 18:00:00+00:00,2026-07-29 17:00:00+00:00,online
2026-07-29,2026-08-10T11:27:04+00:00,DE,solar,tabpfn_online,TabPFN with covariates,weather_4p+tso_forecast,2208,2026-07-30 12:00:00+00:00,48669.4296875,48499.022315,,2026-04-28 18:00:00+00:00,2026-07-29 17:00:00+00:00,online
2026-07-29,2026-08-10T11:27:04+00:00,DE,solar,tabpfn_online,TabPFN with covariates,weather_4p+tso_forecast,2208,2026-07-30 13:00:00+00:00,41500.234375,41037.003314999994,,2026-04-28 18:00:00+00:00,2026-07-29 17:00:00+00:00,online
2026-07-29,2026-08-10T11:27:04+00:00,DE,solar,tabpfn_online,TabPFN with covariates,weather_4p+tso_forecast,2208,2026-07-30 14:00:00+00:00,31767.06640625,32146.28903,,2026-04-28 18:00:00+00:00,2026-07-29 17:00:00+00:00,online
2026-07-29,2026-08-10T11:27:04+00:00,DE,solar,tabpfn_online,TabPFN with covariates,weather_4p+tso_forecast,2208,2026-07-30 15:00:00+00:00,21128.515625,22496.7238375,,2026-04-28 18:00:00+00:00,2026-07-29 17:00:00+00:00,online
2026-07-29,2026-08-10T11:27:04+00:00,DE,solar,tabpfn_online,TabPFN with covariates,weather_4p+tso_forecast,2208,2026-07-30 16:00:00+00:00,11380.26953125,13252.413712500002,,2026-04-28 18:00:00+00:00,2026-07-29 17:00:00+00:00,online
2026-07-29,2026-08-10T11:27:04+00:00,DE,solar,tabpfn_online,TabPFN with covariates,weather_4p+tso_forecast,2208,2026-07-30 17:00:00+00:00,4203.2705078125,5620.203042499999,,2026-04-28 18:00:00+00:00,2026-07-29 17:00:00+00:00,online
2026-07-29,2026-08-10T11:27:04+00:00,DE,wind_onshore,tabpfn_online,TabPFN with covariates,weather_4p+tso_forecast,2208,2026-07-29 18:00:00+00:00,4438.1064453125,3901.70451,,2026-04-28 18:00:00+00:00,2026-07-29 17:00:00+00:00,online
2026-07-29,2026-08-10T11:27:04+00:00,DE,wind_onshore,tabpfn_online,TabPFN with covariates,weather_4p+tso_forecast,2208,2026-07-29 19:00:00+00:00,6242.8349609375,5241.261077499999,,2026-04-28 18:00:00+00:00,2026-07-29 17:00:00+00:00,online
2026-07-29,2026-08-10T11:27:04+00:00,DE,wind_onshore,tabpfn_online,TabPFN with covariates,weather_4p+tso_forecast,2208,2026-07-29 20:00:00+00:00,8184.52783203125,6916.73178,,2026-04-28 18:00:00+00:00,2026-07-29 17:00:00+00:00,online
2026-07-29,2026-08-10T11:27:04+00:00,DE,wind_onshore,tabpfn_online,TabPFN with covariates,weather_4p+tso_forecast,2208,2026-07-29 21:00:00+00:00,9407.3408203125,8054.5799625,,2026-04-28 18:00:00+00:00,2026-07-29 17:00:00+00:00,online
2026-07-29,2026-08-10T11:27:04+00:00,DE,wind_onshore,tabpfn_online,TabPFN with covariates,weather_4p+tso_forecast,2208,2026-07-29 22:00:00+00:00,10490.80859375,8820.827224999999,,2026-04-28 18:00:00+00:00,2026-07-29 17:00:00+00:00,online
2026-07-29,2026-08-10T11:27:04+00:00,DE,wind_onshore,tabpfn_online,TabPFN with covariates,weather_4p+tso_forecast,2208,2026-07-29 23:00:00+00:00,10334.5859375,8565.3629525,,2026-04-28 18:00:00+00:00,2026-07-29 17:00:00+00:00,online
2026-07-29,2026-08-10T11:27:04+00:00,DE,wind_onshore,tabpfn_online,TabPFN with covariates,weather_4p+tso_forecast,2208,2026-07-30 00:00:00+00:00,8951.1083984375,8592.4312625,,2026-04-28 18:00:00+00:00,2026-07-29 17:00:00+00:00,online
2026-07-29,2026-08-10T11:27:04+00:00,DE,wind_onshore,tabpfn_online,TabPFN with covariates,weather_4p+tso_forecast,2208,2026-07-30 01:00:00+00:00,9291.3759765625,8775.3181675,,2026-04-28 18:00:00+00:00,2026-07-29 17:00:00+00:00,online
2026-07-29,2026-08-10T11:27:04+00:00,DE,wind_onshore,tabpfn_online,TabPFN with covariates,weather_4p+tso_forecast,2208,2026-07-30 02:00:00+00:00,9875.34765625,9127.569045,,2026-04-28 18:00:00+00:00,2026-07-29 17:00:00+00:00,online
2026-07-29,2026-08-10T11:27:04+00:00,DE,wind_onshore,tabpfn_online,TabPFN with covariates,weather_4p+tso_forecast,2208,2026-07-30 03:00:00+00:00,10310.734375,9652.7282925,,2026-04-28 18:00:00+00:00,2026-07-29 17:00:00+00:00,online
2026-07-29,2026-08-10T11:27:04+00:00,DE,wind_onshore,tabpfn_online,TabPFN with covariates,weather_4p+tso_forecast,2208,2026-07-30 04:00:00+00:00,10140.486328125,10218.6573225,,2026-04-28 18:00:00+00:00,2026-07-29 17:00:00+00:00,online
2026-07-29,2026-08-10T11:27:04+00:00,DE,wind_onshore,tabpfn_online,TabPFN with covariates,weather_4p+tso_forecast,2208,2026-07-30 05:00:00+00:00,9872.798828125,10089.9505025,,2026-04-28 18:00:00+00:00,2026-07-29 17:00:00+00:00,online
2026-07-29,2026-08-10T11:27:04+00:00,DE,wind_onshore,tabpfn_online,TabPFN with covariates,weather_4p+tso_forecast,2208,2026-07-30 06:00:00+00:00,8706.1279296875,8830.8089125,,2026-04-28 18:00:00+00:00,2026-07-29 17:00:00+00:00,online
2026-07-29,2026-08-10T11:27:04+00:00,DE,wind_onshore,tabpfn_online,TabPFN with covariates,weather_4p+tso_forecast,2208,2026-07-30 07:00:00+00:00,6561.96875,6667.57089,,2026-04-28 18:00:00+00:00,2026-07-29 17:00:00+00:00,online
2026-07-29,2026-08-10T11:27:04+00:00,DE,wind_onshore,tabpfn_online,TabPFN with covariates,weather_4p+tso_forecast,2208,2026-07-30 08:00:00+00:00,6121.73779296875,5381.325575,,2026-04-28 18:00:00+00:00,2026-07-29 17:00:00+00:00,online
2026-07-29,2026-08-10T11:27:04+00:00,DE,wind_onshore,tabpfn_online,TabPFN with covariates,weather_4p+tso_forecast,2208,2026-07-30 09:00:00+00:00,6591.751953125,6190.8371775,,2026-04-28 18:00:00+00:00,2026-07-29 17:00:00+00:00,online
2026-07-29,2026-08-10T11:27:04+00:00,DE,wind_onshore,tabpfn_online,TabPFN with covariates,weather_4p+tso_forecast,2208,2026-07-30 10:00:00+00:00,8033.0224609375,7905.22027,,2026-04-28 18:00:00+00:00,2026-07-29 17:00:00+00:00,online
2026-07-29,2026-08-10T11:27:04+00:00,DE,wind_onshore,tabpfn_online,TabPFN with covariates,weather_4p+tso_forecast,2208,2026-07-30 11:00:00+00:00,9927.541015625,9415.077154999999,,2026-04-28 18:00:00+00:00,2026-07-29 17:00:00+00:00,online
2026-07-29,2026-08-10T11:27:04+00:00,DE,wind_onshore,tabpfn_online,TabPFN with covariates,weather_4p+tso_forecast,2208,2026-07-30 12:00:00+00:00,11233.4404296875,10947.161315,,2026-04-28 18:00:00+00:00,2026-07-29 17:00:00+00:00,online
2026-07-29,2026-08-10T11:27:04+00:00,DE,wind_onshore,tabpfn_online,TabPFN with covariates,weather_4p+tso_forecast,2208,2026-07-30 13:00:00+00:00,12736.1474609375,12464.13296,,2026-04-28 18:00:00+00:00,2026-07-29 17:00:00+00:00,online
2026-07-29,2026-08-10T11:27:04+00:00,DE,wind_onshore,tabpfn_online,TabPFN with covariates,weather_4p+tso_forecast,2208,2026-07-30 14:00:00+00:00,14179.5048828125,13370.993575,,2026-04-28 18:00:00+00:00,2026-07-29 17:00:00+00:00,online
2026-07-29,2026-08-10T11:27:04+00:00,DE,wind_onshore,tabpfn_online,TabPFN with covariates,weather_4p+tso_forecast,2208,2026-07-30 15:00:00+00:00,13596.3916015625,13562.725345,,2026-04-28 18:00:00+00:00,2026-07-29 17:00:00+00:00,online
2026-07-29,2026-08-10T11:27:04+00:00,DE,wind_onshore,tabpfn_online,TabPFN with covariates,weather_4p+tso_forecast,2208,2026-07-30 16:00:00+00:00,14835.267578125,12542.196665,,2026-04-28 18:00:00+00:00,2026-07-29 17:00:00+00:00,online
2026-07-29,2026-08-10T11:27:04+00:00,DE,wind_onshore,tabpfn_online,TabPFN with covariates,weather_4p+tso_forecast,2208,2026-07-30 17:00:00+00:00,13577.1748046875,11207.8017625,,2026-04-28 18:00:00+00:00,2026-07-29 17:00:00+00:00,online
2026-07-29,2026-08-10T11:27:04+00:00,DE,wind_offshore,tabpfn_online,TabPFN with covariates,weather_4p+tso_forecast,2208,2026-07-29 18:00:00+00:00,1097.820556640625,681.7975,,2026-04-28 18:00:00+00:00,2026-07-29 17:00:00+00:00,online
2026-07-29,2026-08-10T11:27:04+00:00,DE,wind_offshore,tabpfn_online,TabPFN with covariates,weather_4p+tso_forecast,2208,2026-07-29 19:00:00+00:00,1233.047119140625,833.6675,,2026-04-28 18:00:00+00:00,2026-07-29 17:00:00+00:00,online
2026-07-29,2026-08-10T11:27:04+00:00,DE,wind_offshore,tabpfn_online,TabPFN with covariates,weather_4p+tso_forecast,2208,2026-07-29 20:00:00+00:00,1318.32568359375,1042.5575,,2026-04-28 18:00:00+00:00,2026-07-29 17:00:00+00:00,online
2026-07-29,2026-08-10T11:27:04+00:00,DE,wind_offshore,tabpfn_online,TabPFN with covariates,weather_4p+tso_forecast,2208,2026-07-29 21:00:00+00:00,1397.61083984375,1305.115,,2026-04-28 18:00:00+00:00,2026-07-29 17:00:00+00:00,online
2026-07-29,2026-08-10T11:27:04+00:00,DE,wind_offshore,tabpfn_online,TabPFN with covariates,weather_4p+tso_forecast,2208,2026-07-29 22:00:00+00:00,1628.183349609375,1107.1825,,2026-04-28 18:00:00+00:00,2026-07-29 17:00:00+00:00,online
2026-07-29,2026-08-10T11:27:04+00:00,DE,wind_offshore,tabpfn_online,TabPFN with covariates,weather_4p+tso_forecast,2208,2026-07-29 23:00:00+00:00,2167.947265625,1407.8775,,2026-04-28 18:00:00+00:00,2026-07-29 17:00:00+00:00,online
2026-07-29,2026-08-10T11:27:04+00:00,DE,wind_offshore,tabpfn_online,TabPFN with covariates,weather_4p+tso_forecast,2208,2026-07-30 00:00:00+00:00,2522.71044921875,1912.655,,2026-04-28 18:00:00+00:00,2026-07-29 17:00:00+00:00,online
2026-07-29,2026-08-10T11:27:04+00:00,DE,wind_offshore,tabpfn_online,TabPFN with covariates,weather_4p+tso_forecast,2208,2026-07-30 01:00:00+00:00,3206.74267578125,2512.0075,,2026-04-28 18:00:00+00:00,2026-07-29 17:00:00+00:00,online
2026-07-29,2026-08-10T11:27:04+00:00,DE,wind_offshore,tabpfn_online,TabPFN with covariates,weather_4p+tso_forecast,2208,2026-07-30 02:00:00+00:00,4000.26123046875,3139.0,,2026-04-28 18:00:00+00:00,2026-07-29 17:00:00+00:00,online
2026-07-29,2026-08-10T11:27:04+00:00,DE,wind_offshore,tabpfn_online,TabPFN with covariates,weather_4p+tso_forecast,2208,2026-07-30 03:00:00+00:00,4783.9423828125,3626.44,,2026-04-28 18:00:00+00:00,2026-07-29 17:00:00+00:00,online
2026-07-29,2026-08-10T11:27:04+00:00,DE,wind_offshore,tabpfn_online,TabPFN with covariates,weather_4p+tso_forecast,2208,2026-07-30 04:00:00+00:00,5167.60595703125,3857.8725,,2026-04-28 18:00:00+00:00,2026-07-29 17:00:00+00:00,online
2026-07-29,2026-08-10T11:27:04+00:00,DE,wind_offshore,tabpfn_online,TabPFN with covariates,weather_4p+tso_forecast,2208,2026-07-30 05:00:00+00:00,4811.8330078125,3861.7425,,2026-04-28 18:00:00+00:00,2026-07-29 17:00:00+00:00,online
2026-07-29,2026-08-10T11:27:04+00:00,DE,wind_offshore,tabpfn_online,TabPFN with covariates,weather_4p+tso_forecast,2208,2026-07-30 06:00:00+00:00,4301.6015625,3883.655,,2026-04-28 18:00:00+00:00,2026-07-29 17:00:00+00:00,online
2026-07-29,2026-08-10T11:27:04+00:00,DE,wind_offshore,tabpfn_online,TabPFN with covariates,weather_4p+tso_forecast,2208,2026-07-30 07:00:00+00:00,4035.8056640625,3590.6575000000003,,2026-04-28 18:00:00+00:00,2026-07-29 17:00:00+00:00,online
2026-07-29,2026-08-10T11:27:04+00:00,DE,wind_offshore,tabpfn_online,TabPFN with covariates,weather_4p+tso_forecast,2208,2026-07-30 08:00:00+00:00,3214.75390625,3327.4875,,2026-04-28 18:00:00+00:00,2026-07-29 17:00:00+00:00,online
2026-07-29,2026-08-10T11:27:04+00:00,DE,wind_offshore,tabpfn_online,TabPFN with covariates,weather_4p+tso_forecast,2208,2026-07-30 09:00:00+00:00,2600.50244140625,2947.7075,,2026-04-28 18:00:00+00:00,2026-07-29 17:00:00+00:00,online
2026-07-29,2026-08-10T11:27:04+00:00,DE,wind_offshore,tabpfn_online,TabPFN with covariates,weather_4p+tso_forecast,2208,2026-07-30 10:00:00+00:00,2460.04248046875,2608.1025,,2026-04-28 18:00:00+00:00,2026-07-29 17:00:00+00:00,online
2026-07-29,2026-08-10T11:27:04+00:00,DE,wind_offshore,tabpfn_online,TabPFN with covariates,weather_4p+tso_forecast,2208,2026-07-30 11:00:00+00:00,2395.740966796875,2492.2675,,2026-04-28 18:00:00+00:00,2026-07-29 17:00:00+00:00,online
2026-07-29,2026-08-10T11:27:04+00:00,DE,wind_offshore,tabpfn_online,TabPFN with covariates,weather_4p+tso_forecast,2208,2026-07-30 12:00:00+00:00,2322.322021484375,2522.7575,,2026-04-28 18:00:00+00:00,2026-07-29 17:00:00+00:00,online
2026-07-29,2026-08-10T11:27:04+00:00,DE,wind_offshore,tabpfn_online,TabPFN with covariates,weather_4p+tso_forecast,2208,2026-07-30 13:00:00+00:00,2520.3427734375,2570.6575000000003,,2026-04-28 18:00:00+00:00,2026-07-29 17:00:00+00:00,online
2026-07-29,2026-08-10T11:27:04+00:00,DE,wind_offshore,tabpfn_online,TabPFN with covariates,weather_4p+tso_forecast,2208,2026-07-30 14:00:00+00:00,2475.15283203125,2535.5675,,2026-04-28 18:00:00+00:00,2026-07-29 17:00:00+00:00,online
2026-07-29,2026-08-10T11:27:04+00:00,DE,wind_offshore,tabpfn_online,TabPFN with covariates,weather_4p+tso_forecast,2208,2026-07-30 15:00:00+00:00,2127.809326171875,2453.4825,,2026-04-28 18:00:00+00:00,2026-07-29 17:00:00+00:00,online
2026-07-29,2026-08-10T11:27:04+00:00,DE,wind_offshore,tabpfn_online,TabPFN with covariates,weather_4p+tso_forecast,2208,2026-07-30 16:00:00+00:00,1848.072509765625,2312.87,,2026-04-28 18:00:00+00:00,2026-07-29 17:00:00+00:00,online
2026-07-29,2026-08-10T11:27:04+00:00,DE,wind_offshore,tabpfn_online,TabPFN with covariates,weather_4p+tso_forecast,2208,2026-07-30 17:00:00+00:00,1664.537353515625,2113.125,,2026-04-28 18:00:00+00:00,2026-07-29 17:00:00+00:00,online
