run_date,run_at,source,zone,target,model,model_label,covariate_case,context_hours,timestamp,forecast_mw,tso_forecast_mw,actual_mw,context_start,context_end
2026-08-12,2026-08-12 17:33:33+00:00,online,BE,load,tso_reference,TSO forecast,tso_forecast,2208,2026-08-12 16:00:00+00:00,9593.295,9593.295,9987.07,2026-05-12 16:00:00+00:00,2026-08-12 15:00:00+00:00
2026-08-12,2026-08-12 17:33:33+00:00,online,BE,load,tso_reference,TSO forecast,tso_forecast,2208,2026-08-12 17:00:00+00:00,9391.0425,9391.0425,9710.825,2026-05-12 16:00:00+00:00,2026-08-12 15:00:00+00:00
2026-08-12,2026-08-12 17:33:33+00:00,online,BE,load,tso_reference,TSO forecast,tso_forecast,2208,2026-08-12 18:00:00+00:00,9196.0525,9196.0525,9302.255,2026-05-12 16:00:00+00:00,2026-08-12 15:00:00+00:00
2026-08-12,2026-08-12 17:33:33+00:00,online,BE,load,tso_reference,TSO forecast,tso_forecast,2208,2026-08-12 19:00:00+00:00,9052.7775,9052.7775,9434.545,2026-05-12 16:00:00+00:00,2026-08-12 15:00:00+00:00
2026-08-12,2026-08-12 17:33:33+00:00,online,BE,load,tso_reference,TSO forecast,tso_forecast,2208,2026-08-12 20:00:00+00:00,8960.425,8960.425,9253.58,2026-05-12 16:00:00+00:00,2026-08-12 15:00:00+00:00
2026-08-12,2026-08-12 17:33:33+00:00,online,BE,load,tso_reference,TSO forecast,tso_forecast,2208,2026-08-12 21:00:00+00:00,8441.455,8441.455,8777.505000000001,2026-05-12 16:00:00+00:00,2026-08-12 15:00:00+00:00
2026-08-12,2026-08-12 17:33:33+00:00,online,BE,load,tso_reference,TSO forecast,tso_forecast,2208,2026-08-12 22:00:00+00:00,7967.01,7967.01,8106.8125,2026-05-12 16:00:00+00:00,2026-08-12 15:00:00+00:00
2026-08-12,2026-08-12 17:33:33+00:00,online,BE,load,tso_reference,TSO forecast,tso_forecast,2208,2026-08-12 23:00:00+00:00,7617.43,7617.43,7843.5825,2026-05-12 16:00:00+00:00,2026-08-12 15:00:00+00:00
2026-08-12,2026-08-12 17:33:33+00:00,online,BE,load,tso_reference,TSO forecast,tso_forecast,2208,2026-08-13 00:00:00+00:00,7460.9225,7460.9225,7624.1375,2026-05-12 16:00:00+00:00,2026-08-12 15:00:00+00:00
2026-08-12,2026-08-12 17:33:33+00:00,online,BE,load,tso_reference,TSO forecast,tso_forecast,2208,2026-08-13 01:00:00+00:00,7428.1575,7428.1575,7515.2725,2026-05-12 16:00:00+00:00,2026-08-12 15:00:00+00:00
2026-08-12,2026-08-12 17:33:33+00:00,online,BE,load,tso_reference,TSO forecast,tso_forecast,2208,2026-08-13 02:00:00+00:00,7431.705,7431.705,7514.165,2026-05-12 16:00:00+00:00,2026-08-12 15:00:00+00:00
2026-08-12,2026-08-12 17:33:33+00:00,online,BE,load,tso_reference,TSO forecast,tso_forecast,2208,2026-08-13 03:00:00+00:00,7667.6975,7667.6975,7783.88,2026-05-12 16:00:00+00:00,2026-08-12 15:00:00+00:00
2026-08-12,2026-08-12 17:33:33+00:00,online,BE,load,tso_reference,TSO forecast,tso_forecast,2208,2026-08-13 04:00:00+00:00,8263.85,8263.85,8219.1925,2026-05-12 16:00:00+00:00,2026-08-12 15:00:00+00:00
2026-08-12,2026-08-12 17:33:33+00:00,online,BE,load,tso_reference,TSO forecast,tso_forecast,2208,2026-08-13 05:00:00+00:00,8949.465,8949.465,8911.6875,2026-05-12 16:00:00+00:00,2026-08-12 15:00:00+00:00
2026-08-12,2026-08-12 17:33:33+00:00,online,BE,load,tso_reference,TSO forecast,tso_forecast,2208,2026-08-13 06:00:00+00:00,9570.855,9570.855,9640.82,2026-05-12 16:00:00+00:00,2026-08-12 15:00:00+00:00
2026-08-12,2026-08-12 17:33:33+00:00,online,BE,load,tso_reference,TSO forecast,tso_forecast,2208,2026-08-13 07:00:00+00:00,10085.98,10085.98,10158.015,2026-05-12 16:00:00+00:00,2026-08-12 15:00:00+00:00
2026-08-12,2026-08-12 17:33:33+00:00,online,BE,load,tso_reference,TSO forecast,tso_forecast,2208,2026-08-13 08:00:00+00:00,10423.3175,10423.3175,10596.01,2026-05-12 16:00:00+00:00,2026-08-12 15:00:00+00:00
2026-08-12,2026-08-12 17:33:33+00:00,online,BE,load,tso_reference,TSO forecast,tso_forecast,2208,2026-08-13 09:00:00+00:00,10630.095,10630.095,11094.08,2026-05-12 16:00:00+00:00,2026-08-12 15:00:00+00:00
2026-08-12,2026-08-12 17:33:33+00:00,online,BE,load,tso_reference,TSO forecast,tso_forecast,2208,2026-08-13 10:00:00+00:00,10612.7325,10612.7325,11329.4,2026-05-12 16:00:00+00:00,2026-08-12 15:00:00+00:00
2026-08-12,2026-08-12 17:33:33+00:00,online,BE,load,tso_reference,TSO forecast,tso_forecast,2208,2026-08-13 11:00:00+00:00,10532.8475,10532.8475,11568.7325,2026-05-12 16:00:00+00:00,2026-08-12 15:00:00+00:00
2026-08-12,2026-08-12 17:33:33+00:00,online,BE,load,tso_reference,TSO forecast,tso_forecast,2208,2026-08-13 12:00:00+00:00,10179.0025,10179.0025,11344.275,2026-05-12 16:00:00+00:00,2026-08-12 15:00:00+00:00
2026-08-12,2026-08-12 17:33:33+00:00,online,BE,load,tso_reference,TSO forecast,tso_forecast,2208,2026-08-13 13:00:00+00:00,10004.065,10004.065,10909.4775,2026-05-12 16:00:00+00:00,2026-08-12 15:00:00+00:00
2026-08-12,2026-08-12 17:33:33+00:00,online,BE,load,tso_reference,TSO forecast,tso_forecast,2208,2026-08-13 14:00:00+00:00,9911.1375,9911.1375,10582.9925,2026-05-12 16:00:00+00:00,2026-08-12 15:00:00+00:00
2026-08-12,2026-08-12 17:33:33+00:00,online,BE,load,tso_reference,TSO forecast,tso_forecast,2208,2026-08-13 15:00:00+00:00,9860.015,9860.015,10418.3225,2026-05-12 16:00:00+00:00,2026-08-12 15:00:00+00:00
2026-08-12,2026-08-12 17:33:33+00:00,online,BE,load,persistence,Persistence,weekly_persistence,2208,2026-08-12 16:00:00+00:00,9379.3425,9593.295,9987.07,2026-05-12 16:00:00+00:00,2026-08-12 15:00:00+00:00
2026-08-12,2026-08-12 17:33:33+00:00,online,BE,load,persistence,Persistence,weekly_persistence,2208,2026-08-12 17:00:00+00:00,9307.2975,9391.0425,9710.825,2026-05-12 16:00:00+00:00,2026-08-12 15:00:00+00:00
2026-08-12,2026-08-12 17:33:33+00:00,online,BE,load,persistence,Persistence,weekly_persistence,2208,2026-08-12 18:00:00+00:00,8826.532500000001,9196.0525,9302.255,2026-05-12 16:00:00+00:00,2026-08-12 15:00:00+00:00
2026-08-12,2026-08-12 17:33:33+00:00,online,BE,load,persistence,Persistence,weekly_persistence,2208,2026-08-12 19:00:00+00:00,8502.6375,9052.7775,9434.545,2026-05-12 16:00:00+00:00,2026-08-12 15:00:00+00:00
2026-08-12,2026-08-12 17:33:33+00:00,online,BE,load,persistence,Persistence,weekly_persistence,2208,2026-08-12 20:00:00+00:00,8294.9725,8960.425,9253.58,2026-05-12 16:00:00+00:00,2026-08-12 15:00:00+00:00
2026-08-12,2026-08-12 17:33:33+00:00,online,BE,load,persistence,Persistence,weekly_persistence,2208,2026-08-12 21:00:00+00:00,7815.27,8441.455,8777.505000000001,2026-05-12 16:00:00+00:00,2026-08-12 15:00:00+00:00
2026-08-12,2026-08-12 17:33:33+00:00,online,BE,load,persistence,Persistence,weekly_persistence,2208,2026-08-12 22:00:00+00:00,7392.21,7967.01,8106.8125,2026-05-12 16:00:00+00:00,2026-08-12 15:00:00+00:00
2026-08-12,2026-08-12 17:33:33+00:00,online,BE,load,persistence,Persistence,weekly_persistence,2208,2026-08-12 23:00:00+00:00,7310.7825,7617.43,7843.5825,2026-05-12 16:00:00+00:00,2026-08-12 15:00:00+00:00
2026-08-12,2026-08-12 17:33:33+00:00,online,BE,load,persistence,Persistence,weekly_persistence,2208,2026-08-13 00:00:00+00:00,6973.9125,7460.9225,7624.1375,2026-05-12 16:00:00+00:00,2026-08-12 15:00:00+00:00
2026-08-12,2026-08-12 17:33:33+00:00,online,BE,load,persistence,Persistence,weekly_persistence,2208,2026-08-13 01:00:00+00:00,7056.8175,7428.1575,7515.2725,2026-05-12 16:00:00+00:00,2026-08-12 15:00:00+00:00
2026-08-12,2026-08-12 17:33:33+00:00,online,BE,load,persistence,Persistence,weekly_persistence,2208,2026-08-13 02:00:00+00:00,7083.2325,7431.705,7514.165,2026-05-12 16:00:00+00:00,2026-08-12 15:00:00+00:00
2026-08-12,2026-08-12 17:33:33+00:00,online,BE,load,persistence,Persistence,weekly_persistence,2208,2026-08-13 03:00:00+00:00,7345.885,7667.6975,7783.88,2026-05-12 16:00:00+00:00,2026-08-12 15:00:00+00:00
2026-08-12,2026-08-12 17:33:33+00:00,online,BE,load,persistence,Persistence,weekly_persistence,2208,2026-08-13 04:00:00+00:00,7610.695,8263.85,8219.1925,2026-05-12 16:00:00+00:00,2026-08-12 15:00:00+00:00
2026-08-12,2026-08-12 17:33:33+00:00,online,BE,load,persistence,Persistence,weekly_persistence,2208,2026-08-13 05:00:00+00:00,8161.405,8949.465,8911.6875,2026-05-12 16:00:00+00:00,2026-08-12 15:00:00+00:00
2026-08-12,2026-08-12 17:33:33+00:00,online,BE,load,persistence,Persistence,weekly_persistence,2208,2026-08-13 06:00:00+00:00,8721.3025,9570.855,9640.82,2026-05-12 16:00:00+00:00,2026-08-12 15:00:00+00:00
2026-08-12,2026-08-12 17:33:33+00:00,online,BE,load,persistence,Persistence,weekly_persistence,2208,2026-08-13 07:00:00+00:00,9373.09,10085.98,10158.015,2026-05-12 16:00:00+00:00,2026-08-12 15:00:00+00:00
2026-08-12,2026-08-12 17:33:33+00:00,online,BE,load,persistence,Persistence,weekly_persistence,2208,2026-08-13 08:00:00+00:00,9811.7075,10423.3175,10596.01,2026-05-12 16:00:00+00:00,2026-08-12 15:00:00+00:00
2026-08-12,2026-08-12 17:33:33+00:00,online,BE,load,persistence,Persistence,weekly_persistence,2208,2026-08-13 09:00:00+00:00,9891.135,10630.095,11094.08,2026-05-12 16:00:00+00:00,2026-08-12 15:00:00+00:00
2026-08-12,2026-08-12 17:33:33+00:00,online,BE,load,persistence,Persistence,weekly_persistence,2208,2026-08-13 10:00:00+00:00,9869.1725,10612.7325,11329.4,2026-05-12 16:00:00+00:00,2026-08-12 15:00:00+00:00
2026-08-12,2026-08-12 17:33:33+00:00,online,BE,load,persistence,Persistence,weekly_persistence,2208,2026-08-13 11:00:00+00:00,10013.9625,10532.8475,11568.7325,2026-05-12 16:00:00+00:00,2026-08-12 15:00:00+00:00
2026-08-12,2026-08-12 17:33:33+00:00,online,BE,load,persistence,Persistence,weekly_persistence,2208,2026-08-13 12:00:00+00:00,9825.53,10179.0025,11344.275,2026-05-12 16:00:00+00:00,2026-08-12 15:00:00+00:00
2026-08-12,2026-08-12 17:33:33+00:00,online,BE,load,persistence,Persistence,weekly_persistence,2208,2026-08-13 13:00:00+00:00,9730.97,10004.065,10909.4775,2026-05-12 16:00:00+00:00,2026-08-12 15:00:00+00:00
2026-08-12,2026-08-12 17:33:33+00:00,online,BE,load,persistence,Persistence,weekly_persistence,2208,2026-08-13 14:00:00+00:00,9392.3625,9911.1375,10582.9925,2026-05-12 16:00:00+00:00,2026-08-12 15:00:00+00:00
2026-08-12,2026-08-12 17:33:33+00:00,online,BE,load,persistence,Persistence,weekly_persistence,2208,2026-08-13 15:00:00+00:00,9058.63,9860.015,10418.3225,2026-05-12 16:00:00+00:00,2026-08-12 15:00:00+00:00
2026-08-12,2026-08-12 17:33:33+00:00,online,BE,load,ridge_3mo_context,Ridge with covariates,Temp+tso_forecast,2208,2026-08-12 16:00:00+00:00,9784.537005498629,9593.295,9987.07,2026-05-12 16:00:00+00:00,2026-08-12 15:00:00+00:00
2026-08-12,2026-08-12 17:33:33+00:00,online,BE,load,ridge_3mo_context,Ridge with covariates,Temp+tso_forecast,2208,2026-08-12 17:00:00+00:00,9568.7579546761,9391.0425,9710.825,2026-05-12 16:00:00+00:00,2026-08-12 15:00:00+00:00
2026-08-12,2026-08-12 17:33:33+00:00,online,BE,load,ridge_3mo_context,Ridge with covariates,Temp+tso_forecast,2208,2026-08-12 18:00:00+00:00,9218.43645152135,9196.0525,9302.255,2026-05-12 16:00:00+00:00,2026-08-12 15:00:00+00:00
2026-08-12,2026-08-12 17:33:33+00:00,online,BE,load,ridge_3mo_context,Ridge with covariates,Temp+tso_forecast,2208,2026-08-12 19:00:00+00:00,9045.943847554729,9052.7775,9434.545,2026-05-12 16:00:00+00:00,2026-08-12 15:00:00+00:00
2026-08-12,2026-08-12 17:33:33+00:00,online,BE,load,ridge_3mo_context,Ridge with covariates,Temp+tso_forecast,2208,2026-08-12 20:00:00+00:00,8887.435597409934,8960.425,9253.58,2026-05-12 16:00:00+00:00,2026-08-12 15:00:00+00:00
2026-08-12,2026-08-12 17:33:33+00:00,online,BE,load,ridge_3mo_context,Ridge with covariates,Temp+tso_forecast,2208,2026-08-12 21:00:00+00:00,8374.209316729497,8441.455,8777.505000000001,2026-05-12 16:00:00+00:00,2026-08-12 15:00:00+00:00
2026-08-12,2026-08-12 17:33:33+00:00,online,BE,load,ridge_3mo_context,Ridge with covariates,Temp+tso_forecast,2208,2026-08-12 22:00:00+00:00,7866.333990367733,7967.01,8106.8125,2026-05-12 16:00:00+00:00,2026-08-12 15:00:00+00:00
2026-08-12,2026-08-12 17:33:33+00:00,online,BE,load,ridge_3mo_context,Ridge with covariates,Temp+tso_forecast,2208,2026-08-12 23:00:00+00:00,7439.42356886476,7617.43,7843.5825,2026-05-12 16:00:00+00:00,2026-08-12 15:00:00+00:00
2026-08-12,2026-08-12 17:33:33+00:00,online,BE,load,ridge_3mo_context,Ridge with covariates,Temp+tso_forecast,2208,2026-08-13 00:00:00+00:00,7442.16173927914,7460.9225,7624.1375,2026-05-12 16:00:00+00:00,2026-08-12 15:00:00+00:00
2026-08-12,2026-08-12 17:33:33+00:00,online,BE,load,ridge_3mo_context,Ridge with covariates,Temp+tso_forecast,2208,2026-08-13 01:00:00+00:00,7341.692835731342,7428.1575,7515.2725,2026-05-12 16:00:00+00:00,2026-08-12 15:00:00+00:00
2026-08-12,2026-08-12 17:33:33+00:00,online,BE,load,ridge_3mo_context,Ridge with covariates,Temp+tso_forecast,2208,2026-08-13 02:00:00+00:00,7331.108910384224,7431.705,7514.165,2026-05-12 16:00:00+00:00,2026-08-12 15:00:00+00:00
2026-08-12,2026-08-12 17:33:33+00:00,online,BE,load,ridge_3mo_context,Ridge with covariates,Temp+tso_forecast,2208,2026-08-13 03:00:00+00:00,7541.090210676894,7667.6975,7783.88,2026-05-12 16:00:00+00:00,2026-08-12 15:00:00+00:00
2026-08-12,2026-08-12 17:33:33+00:00,online,BE,load,ridge_3mo_context,Ridge with covariates,Temp+tso_forecast,2208,2026-08-13 04:00:00+00:00,8084.190737370924,8263.85,8219.1925,2026-05-12 16:00:00+00:00,2026-08-12 15:00:00+00:00
2026-08-12,2026-08-12 17:33:33+00:00,online,BE,load,ridge_3mo_context,Ridge with covariates,Temp+tso_forecast,2208,2026-08-13 05:00:00+00:00,8725.249068340121,8949.465,8911.6875,2026-05-12 16:00:00+00:00,2026-08-12 15:00:00+00:00
2026-08-12,2026-08-12 17:33:33+00:00,online,BE,load,ridge_3mo_context,Ridge with covariates,Temp+tso_forecast,2208,2026-08-13 06:00:00+00:00,9386.589251478044,9570.855,9640.82,2026-05-12 16:00:00+00:00,2026-08-12 15:00:00+00:00
2026-08-12,2026-08-12 17:33:33+00:00,online,BE,load,ridge_3mo_context,Ridge with covariates,Temp+tso_forecast,2208,2026-08-13 07:00:00+00:00,9979.780887018664,10085.98,10158.015,2026-05-12 16:00:00+00:00,2026-08-12 15:00:00+00:00
2026-08-12,2026-08-12 17:33:33+00:00,online,BE,load,ridge_3mo_context,Ridge with covariates,Temp+tso_forecast,2208,2026-08-13 08:00:00+00:00,10379.871507060278,10423.3175,10596.01,2026-05-12 16:00:00+00:00,2026-08-12 15:00:00+00:00
2026-08-12,2026-08-12 17:33:33+00:00,online,BE,load,ridge_3mo_context,Ridge with covariates,Temp+tso_forecast,2208,2026-08-13 09:00:00+00:00,10656.156041154356,10630.095,11094.08,2026-05-12 16:00:00+00:00,2026-08-12 15:00:00+00:00
2026-08-12,2026-08-12 17:33:33+00:00,online,BE,load,ridge_3mo_context,Ridge with covariates,Temp+tso_forecast,2208,2026-08-13 10:00:00+00:00,10704.990904780518,10612.7325,11329.4,2026-05-12 16:00:00+00:00,2026-08-12 15:00:00+00:00
2026-08-12,2026-08-12 17:33:33+00:00,online,BE,load,ridge_3mo_context,Ridge with covariates,Temp+tso_forecast,2208,2026-08-13 11:00:00+00:00,10720.76784308377,10532.8475,11568.7325,2026-05-12 16:00:00+00:00,2026-08-12 15:00:00+00:00
2026-08-12,2026-08-12 17:33:33+00:00,online,BE,load,ridge_3mo_context,Ridge with covariates,Temp+tso_forecast,2208,2026-08-13 12:00:00+00:00,10338.89604142384,10179.0025,11344.275,2026-05-12 16:00:00+00:00,2026-08-12 15:00:00+00:00
2026-08-12,2026-08-12 17:33:33+00:00,online,BE,load,ridge_3mo_context,Ridge with covariates,Temp+tso_forecast,2208,2026-08-13 13:00:00+00:00,10246.266445160789,10004.065,10909.4775,2026-05-12 16:00:00+00:00,2026-08-12 15:00:00+00:00
2026-08-12,2026-08-12 17:33:33+00:00,online,BE,load,ridge_3mo_context,Ridge with covariates,Temp+tso_forecast,2208,2026-08-13 14:00:00+00:00,10122.5157099132,9911.1375,10582.9925,2026-05-12 16:00:00+00:00,2026-08-12 15:00:00+00:00
2026-08-12,2026-08-12 17:33:33+00:00,online,BE,load,ridge_3mo_context,Ridge with covariates,Temp+tso_forecast,2208,2026-08-13 15:00:00+00:00,10015.809559272897,9860.015,10418.3225,2026-05-12 16:00:00+00:00,2026-08-12 15:00:00+00:00
2026-08-12,2026-08-12 17:33:33+00:00,online,BE,load,chronos2_online,Chronos2 with covariates,Solar+tso_forecast,2208,2026-08-12 16:00:00+00:00,9735.26953125,9593.295,9987.07,2026-05-12 16:00:00+00:00,2026-08-12 15:00:00+00:00
2026-08-12,2026-08-12 17:33:33+00:00,online,BE,load,chronos2_online,Chronos2 with covariates,Solar+tso_forecast,2208,2026-08-12 17:00:00+00:00,9578.7529296875,9391.0425,9710.825,2026-05-12 16:00:00+00:00,2026-08-12 15:00:00+00:00
2026-08-12,2026-08-12 17:33:33+00:00,online,BE,load,chronos2_online,Chronos2 with covariates,Solar+tso_forecast,2208,2026-08-12 18:00:00+00:00,9318.615234375,9196.0525,9302.255,2026-05-12 16:00:00+00:00,2026-08-12 15:00:00+00:00
2026-08-12,2026-08-12 17:33:33+00:00,online,BE,load,chronos2_online,Chronos2 with covariates,Solar+tso_forecast,2208,2026-08-12 19:00:00+00:00,9093.734375,9052.7775,9434.545,2026-05-12 16:00:00+00:00,2026-08-12 15:00:00+00:00
2026-08-12,2026-08-12 17:33:33+00:00,online,BE,load,chronos2_online,Chronos2 with covariates,Solar+tso_forecast,2208,2026-08-12 20:00:00+00:00,8950.654296875,8960.425,9253.58,2026-05-12 16:00:00+00:00,2026-08-12 15:00:00+00:00
2026-08-12,2026-08-12 17:33:33+00:00,online,BE,load,chronos2_online,Chronos2 with covariates,Solar+tso_forecast,2208,2026-08-12 21:00:00+00:00,8594.5,8441.455,8777.505000000001,2026-05-12 16:00:00+00:00,2026-08-12 15:00:00+00:00
2026-08-12,2026-08-12 17:33:33+00:00,online,BE,load,chronos2_online,Chronos2 with covariates,Solar+tso_forecast,2208,2026-08-12 22:00:00+00:00,8160.2177734375,7967.01,8106.8125,2026-05-12 16:00:00+00:00,2026-08-12 15:00:00+00:00
2026-08-12,2026-08-12 17:33:33+00:00,online,BE,load,chronos2_online,Chronos2 with covariates,Solar+tso_forecast,2208,2026-08-12 23:00:00+00:00,7858.9140625,7617.43,7843.5825,2026-05-12 16:00:00+00:00,2026-08-12 15:00:00+00:00
2026-08-12,2026-08-12 17:33:33+00:00,online,BE,load,chronos2_online,Chronos2 with covariates,Solar+tso_forecast,2208,2026-08-13 00:00:00+00:00,7662.09375,7460.9225,7624.1375,2026-05-12 16:00:00+00:00,2026-08-12 15:00:00+00:00
2026-08-12,2026-08-12 17:33:33+00:00,online,BE,load,chronos2_online,Chronos2 with covariates,Solar+tso_forecast,2208,2026-08-13 01:00:00+00:00,7565.3505859375,7428.1575,7515.2725,2026-05-12 16:00:00+00:00,2026-08-12 15:00:00+00:00
2026-08-12,2026-08-12 17:33:33+00:00,online,BE,load,chronos2_online,Chronos2 with covariates,Solar+tso_forecast,2208,2026-08-13 02:00:00+00:00,7595.25,7431.705,7514.165,2026-05-12 16:00:00+00:00,2026-08-12 15:00:00+00:00
2026-08-12,2026-08-12 17:33:33+00:00,online,BE,load,chronos2_online,Chronos2 with covariates,Solar+tso_forecast,2208,2026-08-13 03:00:00+00:00,7794.7470703125,7667.6975,7783.88,2026-05-12 16:00:00+00:00,2026-08-12 15:00:00+00:00
2026-08-12,2026-08-12 17:33:33+00:00,online,BE,load,chronos2_online,Chronos2 with covariates,Solar+tso_forecast,2208,2026-08-13 04:00:00+00:00,8298.541015625,8263.85,8219.1925,2026-05-12 16:00:00+00:00,2026-08-12 15:00:00+00:00
2026-08-12,2026-08-12 17:33:33+00:00,online,BE,load,chronos2_online,Chronos2 with covariates,Solar+tso_forecast,2208,2026-08-13 05:00:00+00:00,8947.091796875,8949.465,8911.6875,2026-05-12 16:00:00+00:00,2026-08-12 15:00:00+00:00
2026-08-12,2026-08-12 17:33:33+00:00,online,BE,load,chronos2_online,Chronos2 with covariates,Solar+tso_forecast,2208,2026-08-13 06:00:00+00:00,9590.30078125,9570.855,9640.82,2026-05-12 16:00:00+00:00,2026-08-12 15:00:00+00:00
2026-08-12,2026-08-12 17:33:33+00:00,online,BE,load,chronos2_online,Chronos2 with covariates,Solar+tso_forecast,2208,2026-08-13 07:00:00+00:00,10093.1923828125,10085.98,10158.015,2026-05-12 16:00:00+00:00,2026-08-12 15:00:00+00:00
2026-08-12,2026-08-12 17:33:33+00:00,online,BE,load,chronos2_online,Chronos2 with covariates,Solar+tso_forecast,2208,2026-08-13 08:00:00+00:00,10512.6083984375,10423.3175,10596.01,2026-05-12 16:00:00+00:00,2026-08-12 15:00:00+00:00
2026-08-12,2026-08-12 17:33:33+00:00,online,BE,load,chronos2_online,Chronos2 with covariates,Solar+tso_forecast,2208,2026-08-13 09:00:00+00:00,10902.5966796875,10630.095,11094.08,2026-05-12 16:00:00+00:00,2026-08-12 15:00:00+00:00
2026-08-12,2026-08-12 17:33:33+00:00,online,BE,load,chronos2_online,Chronos2 with covariates,Solar+tso_forecast,2208,2026-08-13 10:00:00+00:00,11052.728515625,10612.7325,11329.4,2026-05-12 16:00:00+00:00,2026-08-12 15:00:00+00:00
2026-08-12,2026-08-12 17:33:33+00:00,online,BE,load,chronos2_online,Chronos2 with covariates,Solar+tso_forecast,2208,2026-08-13 11:00:00+00:00,11058.744140625,10532.8475,11568.7325,2026-05-12 16:00:00+00:00,2026-08-12 15:00:00+00:00
2026-08-12,2026-08-12 17:33:33+00:00,online,BE,load,chronos2_online,Chronos2 with covariates,Solar+tso_forecast,2208,2026-08-13 12:00:00+00:00,10869.73828125,10179.0025,11344.275,2026-05-12 16:00:00+00:00,2026-08-12 15:00:00+00:00
2026-08-12,2026-08-12 17:33:33+00:00,online,BE,load,chronos2_online,Chronos2 with covariates,Solar+tso_forecast,2208,2026-08-13 13:00:00+00:00,10574.6533203125,10004.065,10909.4775,2026-05-12 16:00:00+00:00,2026-08-12 15:00:00+00:00
2026-08-12,2026-08-12 17:33:33+00:00,online,BE,load,chronos2_online,Chronos2 with covariates,Solar+tso_forecast,2208,2026-08-13 14:00:00+00:00,10244.470703125,9911.1375,10582.9925,2026-05-12 16:00:00+00:00,2026-08-12 15:00:00+00:00
2026-08-12,2026-08-12 17:33:33+00:00,online,BE,load,chronos2_online,Chronos2 with covariates,Solar+tso_forecast,2208,2026-08-13 15:00:00+00:00,10001.25,9860.015,10418.3225,2026-05-12 16:00:00+00:00,2026-08-12 15:00:00+00:00
2026-08-12,2026-08-12 17:33:33+00:00,online,BE,solar,tso_reference,TSO forecast,tso_forecast,2208,2026-08-12 16:00:00+00:00,2792.149254,2792.149254,2720.654,2026-05-12 16:00:00+00:00,2026-08-12 15:00:00+00:00
2026-08-12,2026-08-12 17:33:33+00:00,online,BE,solar,tso_reference,TSO forecast,tso_forecast,2208,2026-08-12 17:00:00+00:00,1133.110248,1133.110248,1125.818,2026-05-12 16:00:00+00:00,2026-08-12 15:00:00+00:00
2026-08-12,2026-08-12 17:33:33+00:00,online,BE,solar,tso_reference,TSO forecast,tso_forecast,2208,2026-08-12 18:00:00+00:00,172.67375,172.67375,49.701,2026-05-12 16:00:00+00:00,2026-08-12 15:00:00+00:00
2026-08-12,2026-08-12 17:33:33+00:00,online,BE,solar,tso_reference,TSO forecast,tso_forecast,2208,2026-08-12 19:00:00+00:00,3.6805,3.6805,1.22475,2026-05-12 16:00:00+00:00,2026-08-12 15:00:00+00:00
2026-08-12,2026-08-12 17:33:33+00:00,online,BE,solar,tso_reference,TSO forecast,tso_forecast,2208,2026-08-12 20:00:00+00:00,0.0,0.0,0.0,2026-05-12 16:00:00+00:00,2026-08-12 15:00:00+00:00
2026-08-12,2026-08-12 17:33:33+00:00,online,BE,solar,tso_reference,TSO forecast,tso_forecast,2208,2026-08-12 21:00:00+00:00,0.0,0.0,0.0,2026-05-12 16:00:00+00:00,2026-08-12 15:00:00+00:00
2026-08-12,2026-08-12 17:33:33+00:00,online,BE,solar,tso_reference,TSO forecast,tso_forecast,2208,2026-08-12 22:00:00+00:00,0.0,0.0,0.0,2026-05-12 16:00:00+00:00,2026-08-12 15:00:00+00:00
2026-08-12,2026-08-12 17:33:33+00:00,online,BE,solar,tso_reference,TSO forecast,tso_forecast,2208,2026-08-12 23:00:00+00:00,0.0,0.0,0.0,2026-05-12 16:00:00+00:00,2026-08-12 15:00:00+00:00
2026-08-12,2026-08-12 17:33:33+00:00,online,BE,solar,tso_reference,TSO forecast,tso_forecast,2208,2026-08-13 00:00:00+00:00,0.0,0.0,0.0,2026-05-12 16:00:00+00:00,2026-08-12 15:00:00+00:00
2026-08-12,2026-08-12 17:33:33+00:00,online,BE,solar,tso_reference,TSO forecast,tso_forecast,2208,2026-08-13 01:00:00+00:00,0.0,0.0,0.0,2026-05-12 16:00:00+00:00,2026-08-12 15:00:00+00:00
2026-08-12,2026-08-12 17:33:33+00:00,online,BE,solar,tso_reference,TSO forecast,tso_forecast,2208,2026-08-13 02:00:00+00:00,0.0,0.0,0.0,2026-05-12 16:00:00+00:00,2026-08-12 15:00:00+00:00
2026-08-12,2026-08-12 17:33:33+00:00,online,BE,solar,tso_reference,TSO forecast,tso_forecast,2208,2026-08-13 03:00:00+00:00,0.0,0.0,0.0,2026-05-12 16:00:00+00:00,2026-08-12 15:00:00+00:00
2026-08-12,2026-08-12 17:33:33+00:00,online,BE,solar,tso_reference,TSO forecast,tso_forecast,2208,2026-08-13 04:00:00+00:00,49.09525,49.09525,35.29725,2026-05-12 16:00:00+00:00,2026-08-12 15:00:00+00:00
2026-08-12,2026-08-12 17:33:33+00:00,online,BE,solar,tso_reference,TSO forecast,tso_forecast,2208,2026-08-13 05:00:00+00:00,478.053249,478.053249,702.91675,2026-05-12 16:00:00+00:00,2026-08-12 15:00:00+00:00
2026-08-12,2026-08-12 17:33:33+00:00,online,BE,solar,tso_reference,TSO forecast,tso_forecast,2208,2026-08-13 06:00:00+00:00,1757.500746,1757.500746,1944.93025,2026-05-12 16:00:00+00:00,2026-08-12 15:00:00+00:00
2026-08-12,2026-08-12 17:33:33+00:00,online,BE,solar,tso_reference,TSO forecast,tso_forecast,2208,2026-08-13 07:00:00+00:00,3479.659746,3479.659746,3513.52725,2026-05-12 16:00:00+00:00,2026-08-12 15:00:00+00:00
2026-08-12,2026-08-12 17:33:33+00:00,online,BE,solar,tso_reference,TSO forecast,tso_forecast,2208,2026-08-13 08:00:00+00:00,5331.747492,5331.747492,5108.11475,2026-05-12 16:00:00+00:00,2026-08-12 15:00:00+00:00
2026-08-12,2026-08-12 17:33:33+00:00,online,BE,solar,tso_reference,TSO forecast,tso_forecast,2208,2026-08-13 09:00:00+00:00,6780.427496,6780.427496,6396.3605,2026-05-12 16:00:00+00:00,2026-08-12 15:00:00+00:00
2026-08-12,2026-08-12 17:33:33+00:00,online,BE,solar,tso_reference,TSO forecast,tso_forecast,2208,2026-08-13 10:00:00+00:00,7647.235256,7647.235256,7367.891,2026-05-12 16:00:00+00:00,2026-08-12 15:00:00+00:00
2026-08-12,2026-08-12 17:33:33+00:00,online,BE,solar,tso_reference,TSO forecast,tso_forecast,2208,2026-08-13 11:00:00+00:00,8020.40574,8020.40574,7767.46925,2026-05-12 16:00:00+00:00,2026-08-12 15:00:00+00:00
2026-08-12,2026-08-12 17:33:33+00:00,online,BE,solar,tso_reference,TSO forecast,tso_forecast,2208,2026-08-13 12:00:00+00:00,7940.56175,7940.56175,7656.0875,2026-05-12 16:00:00+00:00,2026-08-12 15:00:00+00:00
2026-08-12,2026-08-12 17:33:33+00:00,online,BE,solar,tso_reference,TSO forecast,tso_forecast,2208,2026-08-13 13:00:00+00:00,7341.797256,7341.797256,6970.623,2026-05-12 16:00:00+00:00,2026-08-12 15:00:00+00:00
2026-08-12,2026-08-12 17:33:33+00:00,online,BE,solar,tso_reference,TSO forecast,tso_forecast,2208,2026-08-13 14:00:00+00:00,6150.861263,6150.861263,5805.12975,2026-05-12 16:00:00+00:00,2026-08-12 15:00:00+00:00
2026-08-12,2026-08-12 17:33:33+00:00,online,BE,solar,tso_reference,TSO forecast,tso_forecast,2208,2026-08-13 15:00:00+00:00,4584.790249,4584.790249,4265.14175,2026-05-12 16:00:00+00:00,2026-08-12 15:00:00+00:00
2026-08-12,2026-08-12 17:33:33+00:00,online,BE,solar,persistence,Persistence,daily_persistence,2208,2026-08-12 16:00:00+00:00,2843.528,2792.149254,2720.654,2026-05-12 16:00:00+00:00,2026-08-12 15:00:00+00:00
2026-08-12,2026-08-12 17:33:33+00:00,online,BE,solar,persistence,Persistence,daily_persistence,2208,2026-08-12 17:00:00+00:00,1384.931,1133.110248,1125.818,2026-05-12 16:00:00+00:00,2026-08-12 15:00:00+00:00
2026-08-12,2026-08-12 17:33:33+00:00,online,BE,solar,persistence,Persistence,daily_persistence,2208,2026-08-12 18:00:00+00:00,348.3095,172.67375,49.701,2026-05-12 16:00:00+00:00,2026-08-12 15:00:00+00:00
2026-08-12,2026-08-12 17:33:33+00:00,online,BE,solar,persistence,Persistence,daily_persistence,2208,2026-08-12 19:00:00+00:00,1.0835,3.6805,1.22475,2026-05-12 16:00:00+00:00,2026-08-12 15:00:00+00:00
2026-08-12,2026-08-12 17:33:33+00:00,online,BE,solar,persistence,Persistence,daily_persistence,2208,2026-08-12 20:00:00+00:00,0.0,0.0,0.0,2026-05-12 16:00:00+00:00,2026-08-12 15:00:00+00:00
2026-08-12,2026-08-12 17:33:33+00:00,online,BE,solar,persistence,Persistence,daily_persistence,2208,2026-08-12 21:00:00+00:00,0.0,0.0,0.0,2026-05-12 16:00:00+00:00,2026-08-12 15:00:00+00:00
2026-08-12,2026-08-12 17:33:33+00:00,online,BE,solar,persistence,Persistence,daily_persistence,2208,2026-08-12 22:00:00+00:00,0.0,0.0,0.0,2026-05-12 16:00:00+00:00,2026-08-12 15:00:00+00:00
2026-08-12,2026-08-12 17:33:33+00:00,online,BE,solar,persistence,Persistence,daily_persistence,2208,2026-08-12 23:00:00+00:00,0.0,0.0,0.0,2026-05-12 16:00:00+00:00,2026-08-12 15:00:00+00:00
2026-08-12,2026-08-12 17:33:33+00:00,online,BE,solar,persistence,Persistence,daily_persistence,2208,2026-08-13 00:00:00+00:00,0.0,0.0,0.0,2026-05-12 16:00:00+00:00,2026-08-12 15:00:00+00:00
2026-08-12,2026-08-12 17:33:33+00:00,online,BE,solar,persistence,Persistence,daily_persistence,2208,2026-08-13 01:00:00+00:00,0.0,0.0,0.0,2026-05-12 16:00:00+00:00,2026-08-12 15:00:00+00:00
2026-08-12,2026-08-12 17:33:33+00:00,online,BE,solar,persistence,Persistence,daily_persistence,2208,2026-08-13 02:00:00+00:00,0.0,0.0,0.0,2026-05-12 16:00:00+00:00,2026-08-12 15:00:00+00:00
2026-08-12,2026-08-12 17:33:33+00:00,online,BE,solar,persistence,Persistence,daily_persistence,2208,2026-08-13 03:00:00+00:00,0.0,0.0,0.0,2026-05-12 16:00:00+00:00,2026-08-12 15:00:00+00:00
2026-08-12,2026-08-12 17:33:33+00:00,online,BE,solar,persistence,Persistence,daily_persistence,2208,2026-08-13 04:00:00+00:00,45.6555,49.09525,35.29725,2026-05-12 16:00:00+00:00,2026-08-12 15:00:00+00:00
2026-08-12,2026-08-12 17:33:33+00:00,online,BE,solar,persistence,Persistence,daily_persistence,2208,2026-08-13 05:00:00+00:00,711.345,478.053249,702.91675,2026-05-12 16:00:00+00:00,2026-08-12 15:00:00+00:00
2026-08-12,2026-08-12 17:33:33+00:00,online,BE,solar,persistence,Persistence,daily_persistence,2208,2026-08-13 06:00:00+00:00,2010.21225,1757.500746,1944.93025,2026-05-12 16:00:00+00:00,2026-08-12 15:00:00+00:00
2026-08-12,2026-08-12 17:33:33+00:00,online,BE,solar,persistence,Persistence,daily_persistence,2208,2026-08-13 07:00:00+00:00,3594.179,3479.659746,3513.52725,2026-05-12 16:00:00+00:00,2026-08-12 15:00:00+00:00
2026-08-12,2026-08-12 17:33:33+00:00,online,BE,solar,persistence,Persistence,daily_persistence,2208,2026-08-13 08:00:00+00:00,5230.765,5331.747492,5108.11475,2026-05-12 16:00:00+00:00,2026-08-12 15:00:00+00:00
2026-08-12,2026-08-12 17:33:33+00:00,online,BE,solar,persistence,Persistence,daily_persistence,2208,2026-08-13 09:00:00+00:00,6569.498,6780.427496,6396.3605,2026-05-12 16:00:00+00:00,2026-08-12 15:00:00+00:00
2026-08-12,2026-08-12 17:33:33+00:00,online,BE,solar,persistence,Persistence,daily_persistence,2208,2026-08-13 10:00:00+00:00,7511.228,7647.235256,7367.891,2026-05-12 16:00:00+00:00,2026-08-12 15:00:00+00:00
2026-08-12,2026-08-12 17:33:33+00:00,online,BE,solar,persistence,Persistence,daily_persistence,2208,2026-08-13 11:00:00+00:00,7896.12375,8020.40574,7767.46925,2026-05-12 16:00:00+00:00,2026-08-12 15:00:00+00:00
2026-08-12,2026-08-12 17:33:33+00:00,online,BE,solar,persistence,Persistence,daily_persistence,2208,2026-08-13 12:00:00+00:00,7760.43775,7940.56175,7656.0875,2026-05-12 16:00:00+00:00,2026-08-12 15:00:00+00:00
2026-08-12,2026-08-12 17:33:33+00:00,online,BE,solar,persistence,Persistence,daily_persistence,2208,2026-08-13 13:00:00+00:00,7116.984,7341.797256,6970.623,2026-05-12 16:00:00+00:00,2026-08-12 15:00:00+00:00
2026-08-12,2026-08-12 17:33:33+00:00,online,BE,solar,persistence,Persistence,daily_persistence,2208,2026-08-13 14:00:00+00:00,5933.8615,6150.861263,5805.12975,2026-05-12 16:00:00+00:00,2026-08-12 15:00:00+00:00
2026-08-12,2026-08-12 17:33:33+00:00,online,BE,solar,persistence,Persistence,daily_persistence,2208,2026-08-13 15:00:00+00:00,4433.1275,4584.790249,4265.14175,2026-05-12 16:00:00+00:00,2026-08-12 15:00:00+00:00
2026-08-12,2026-08-12 17:33:33+00:00,online,BE,solar,chronos2_online,Chronos2 with covariates,weather_4p+tso_forecast,2208,2026-08-12 16:00:00+00:00,2696.78857421875,2792.149254,2720.654,2026-05-12 16:00:00+00:00,2026-08-12 15:00:00+00:00
2026-08-12,2026-08-12 17:33:33+00:00,online,BE,solar,chronos2_online,Chronos2 with covariates,weather_4p+tso_forecast,2208,2026-08-12 17:00:00+00:00,1283.2216796875,1133.110248,1125.818,2026-05-12 16:00:00+00:00,2026-08-12 15:00:00+00:00
2026-08-12,2026-08-12 17:33:33+00:00,online,BE,solar,chronos2_online,Chronos2 with covariates,weather_4p+tso_forecast,2208,2026-08-12 18:00:00+00:00,281.6802978515625,172.67375,49.701,2026-05-12 16:00:00+00:00,2026-08-12 15:00:00+00:00
2026-08-12,2026-08-12 17:33:33+00:00,online,BE,solar,chronos2_online,Chronos2 with covariates,weather_4p+tso_forecast,2208,2026-08-12 19:00:00+00:00,46.201416015625,3.6805,1.22475,2026-05-12 16:00:00+00:00,2026-08-12 15:00:00+00:00
2026-08-12,2026-08-12 17:33:33+00:00,online,BE,solar,chronos2_online,Chronos2 with covariates,weather_4p+tso_forecast,2208,2026-08-12 20:00:00+00:00,0.0,0.0,0.0,2026-05-12 16:00:00+00:00,2026-08-12 15:00:00+00:00
2026-08-12,2026-08-12 17:33:33+00:00,online,BE,solar,chronos2_online,Chronos2 with covariates,weather_4p+tso_forecast,2208,2026-08-12 21:00:00+00:00,16.13671875,0.0,0.0,2026-05-12 16:00:00+00:00,2026-08-12 15:00:00+00:00
2026-08-12,2026-08-12 17:33:33+00:00,online,BE,solar,chronos2_online,Chronos2 with covariates,weather_4p+tso_forecast,2208,2026-08-12 22:00:00+00:00,24.4521484375,0.0,0.0,2026-05-12 16:00:00+00:00,2026-08-12 15:00:00+00:00
2026-08-12,2026-08-12 17:33:33+00:00,online,BE,solar,chronos2_online,Chronos2 with covariates,weather_4p+tso_forecast,2208,2026-08-12 23:00:00+00:00,21.630615234375,0.0,0.0,2026-05-12 16:00:00+00:00,2026-08-12 15:00:00+00:00
2026-08-12,2026-08-12 17:33:33+00:00,online,BE,solar,chronos2_online,Chronos2 with covariates,weather_4p+tso_forecast,2208,2026-08-13 00:00:00+00:00,30.18798828125,0.0,0.0,2026-05-12 16:00:00+00:00,2026-08-12 15:00:00+00:00
2026-08-12,2026-08-12 17:33:33+00:00,online,BE,solar,chronos2_online,Chronos2 with covariates,weather_4p+tso_forecast,2208,2026-08-13 01:00:00+00:00,28.08984375,0.0,0.0,2026-05-12 16:00:00+00:00,2026-08-12 15:00:00+00:00
2026-08-12,2026-08-12 17:33:33+00:00,online,BE,solar,chronos2_online,Chronos2 with covariates,weather_4p+tso_forecast,2208,2026-08-13 02:00:00+00:00,0.0,0.0,0.0,2026-05-12 16:00:00+00:00,2026-08-12 15:00:00+00:00
2026-08-12,2026-08-12 17:33:33+00:00,online,BE,solar,chronos2_online,Chronos2 with covariates,weather_4p+tso_forecast,2208,2026-08-13 03:00:00+00:00,0.0,0.0,0.0,2026-05-12 16:00:00+00:00,2026-08-12 15:00:00+00:00
2026-08-12,2026-08-12 17:33:33+00:00,online,BE,solar,chronos2_online,Chronos2 with covariates,weather_4p+tso_forecast,2208,2026-08-13 04:00:00+00:00,62.252685546875,49.09525,35.29725,2026-05-12 16:00:00+00:00,2026-08-12 15:00:00+00:00
2026-08-12,2026-08-12 17:33:33+00:00,online,BE,solar,chronos2_online,Chronos2 with covariates,weather_4p+tso_forecast,2208,2026-08-13 05:00:00+00:00,564.5560302734375,478.053249,702.91675,2026-05-12 16:00:00+00:00,2026-08-12 15:00:00+00:00
2026-08-12,2026-08-12 17:33:33+00:00,online,BE,solar,chronos2_online,Chronos2 with covariates,weather_4p+tso_forecast,2208,2026-08-13 06:00:00+00:00,1875.5260009765625,1757.500746,1944.93025,2026-05-12 16:00:00+00:00,2026-08-12 15:00:00+00:00
2026-08-12,2026-08-12 17:33:33+00:00,online,BE,solar,chronos2_online,Chronos2 with covariates,weather_4p+tso_forecast,2208,2026-08-13 07:00:00+00:00,3514.232177734375,3479.659746,3513.52725,2026-05-12 16:00:00+00:00,2026-08-12 15:00:00+00:00
2026-08-12,2026-08-12 17:33:33+00:00,online,BE,solar,chronos2_online,Chronos2 with covariates,weather_4p+tso_forecast,2208,2026-08-13 08:00:00+00:00,5227.8837890625,5331.747492,5108.11475,2026-05-12 16:00:00+00:00,2026-08-12 15:00:00+00:00
2026-08-12,2026-08-12 17:33:33+00:00,online,BE,solar,chronos2_online,Chronos2 with covariates,weather_4p+tso_forecast,2208,2026-08-13 09:00:00+00:00,6582.931640625,6780.427496,6396.3605,2026-05-12 16:00:00+00:00,2026-08-12 15:00:00+00:00
2026-08-12,2026-08-12 17:33:33+00:00,online,BE,solar,chronos2_online,Chronos2 with covariates,weather_4p+tso_forecast,2208,2026-08-13 10:00:00+00:00,7341.14453125,7647.235256,7367.891,2026-05-12 16:00:00+00:00,2026-08-12 15:00:00+00:00
2026-08-12,2026-08-12 17:33:33+00:00,online,BE,solar,chronos2_online,Chronos2 with covariates,weather_4p+tso_forecast,2208,2026-08-13 11:00:00+00:00,7668.0576171875,8020.40574,7767.46925,2026-05-12 16:00:00+00:00,2026-08-12 15:00:00+00:00
2026-08-12,2026-08-12 17:33:33+00:00,online,BE,solar,chronos2_online,Chronos2 with covariates,weather_4p+tso_forecast,2208,2026-08-13 12:00:00+00:00,7421.8623046875,7940.56175,7656.0875,2026-05-12 16:00:00+00:00,2026-08-12 15:00:00+00:00
2026-08-12,2026-08-12 17:33:33+00:00,online,BE,solar,chronos2_online,Chronos2 with covariates,weather_4p+tso_forecast,2208,2026-08-13 13:00:00+00:00,6721.9580078125,7341.797256,6970.623,2026-05-12 16:00:00+00:00,2026-08-12 15:00:00+00:00
2026-08-12,2026-08-12 17:33:33+00:00,online,BE,solar,chronos2_online,Chronos2 with covariates,weather_4p+tso_forecast,2208,2026-08-13 14:00:00+00:00,5629.236328125,6150.861263,5805.12975,2026-05-12 16:00:00+00:00,2026-08-12 15:00:00+00:00
2026-08-12,2026-08-12 17:33:33+00:00,online,BE,solar,chronos2_online,Chronos2 with covariates,weather_4p+tso_forecast,2208,2026-08-13 15:00:00+00:00,4258.9443359375,4584.790249,4265.14175,2026-05-12 16:00:00+00:00,2026-08-12 15:00:00+00:00
2026-08-12,2026-08-12 17:33:33+00:00,online,BE,solar,xgboost_online,XGBoost with covariates,weather_4p+tso_forecast,2208,2026-08-12 16:00:00+00:00,2625.405029296875,2792.149254,2720.654,2026-05-12 16:00:00+00:00,2026-08-12 15:00:00+00:00
2026-08-12,2026-08-12 17:33:33+00:00,online,BE,solar,xgboost_online,XGBoost with covariates,weather_4p+tso_forecast,2208,2026-08-12 17:00:00+00:00,1230.754638671875,1133.110248,1125.818,2026-05-12 16:00:00+00:00,2026-08-12 15:00:00+00:00
2026-08-12,2026-08-12 17:33:33+00:00,online,BE,solar,xgboost_online,XGBoost with covariates,weather_4p+tso_forecast,2208,2026-08-12 18:00:00+00:00,185.13084411621097,172.67375,49.701,2026-05-12 16:00:00+00:00,2026-08-12 15:00:00+00:00
2026-08-12,2026-08-12 17:33:33+00:00,online,BE,solar,xgboost_online,XGBoost with covariates,weather_4p+tso_forecast,2208,2026-08-12 19:00:00+00:00,100.54808044433594,3.6805,1.22475,2026-05-12 16:00:00+00:00,2026-08-12 15:00:00+00:00
2026-08-12,2026-08-12 17:33:33+00:00,online,BE,solar,xgboost_online,XGBoost with covariates,weather_4p+tso_forecast,2208,2026-08-12 20:00:00+00:00,44.45000457763672,0.0,0.0,2026-05-12 16:00:00+00:00,2026-08-12 15:00:00+00:00
2026-08-12,2026-08-12 17:33:33+00:00,online,BE,solar,xgboost_online,XGBoost with covariates,weather_4p+tso_forecast,2208,2026-08-12 21:00:00+00:00,44.45000457763672,0.0,0.0,2026-05-12 16:00:00+00:00,2026-08-12 15:00:00+00:00
2026-08-12,2026-08-12 17:33:33+00:00,online,BE,solar,xgboost_online,XGBoost with covariates,weather_4p+tso_forecast,2208,2026-08-12 22:00:00+00:00,44.45000457763672,0.0,0.0,2026-05-12 16:00:00+00:00,2026-08-12 15:00:00+00:00
2026-08-12,2026-08-12 17:33:33+00:00,online,BE,solar,xgboost_online,XGBoost with covariates,weather_4p+tso_forecast,2208,2026-08-12 23:00:00+00:00,44.45000457763672,0.0,0.0,2026-05-12 16:00:00+00:00,2026-08-12 15:00:00+00:00
2026-08-12,2026-08-12 17:33:33+00:00,online,BE,solar,xgboost_online,XGBoost with covariates,weather_4p+tso_forecast,2208,2026-08-13 00:00:00+00:00,48.43041229248047,0.0,0.0,2026-05-12 16:00:00+00:00,2026-08-12 15:00:00+00:00
2026-08-12,2026-08-12 17:33:33+00:00,online,BE,solar,xgboost_online,XGBoost with covariates,weather_4p+tso_forecast,2208,2026-08-13 01:00:00+00:00,48.43041229248047,0.0,0.0,2026-05-12 16:00:00+00:00,2026-08-12 15:00:00+00:00
2026-08-12,2026-08-12 17:33:33+00:00,online,BE,solar,xgboost_online,XGBoost with covariates,weather_4p+tso_forecast,2208,2026-08-13 02:00:00+00:00,48.43041229248047,0.0,0.0,2026-05-12 16:00:00+00:00,2026-08-12 15:00:00+00:00
2026-08-12,2026-08-12 17:33:33+00:00,online,BE,solar,xgboost_online,XGBoost with covariates,weather_4p+tso_forecast,2208,2026-08-13 03:00:00+00:00,48.43041229248047,0.0,0.0,2026-05-12 16:00:00+00:00,2026-08-12 15:00:00+00:00
2026-08-12,2026-08-12 17:33:33+00:00,online,BE,solar,xgboost_online,XGBoost with covariates,weather_4p+tso_forecast,2208,2026-08-13 04:00:00+00:00,48.43041229248047,49.09525,35.29725,2026-05-12 16:00:00+00:00,2026-08-12 15:00:00+00:00
2026-08-12,2026-08-12 17:33:33+00:00,online,BE,solar,xgboost_online,XGBoost with covariates,weather_4p+tso_forecast,2208,2026-08-13 05:00:00+00:00,538.0233154296875,478.053249,702.91675,2026-05-12 16:00:00+00:00,2026-08-12 15:00:00+00:00
2026-08-12,2026-08-12 17:33:33+00:00,online,BE,solar,xgboost_online,XGBoost with covariates,weather_4p+tso_forecast,2208,2026-08-13 06:00:00+00:00,1691.0406494140625,1757.500746,1944.93025,2026-05-12 16:00:00+00:00,2026-08-12 15:00:00+00:00
2026-08-12,2026-08-12 17:33:33+00:00,online,BE,solar,xgboost_online,XGBoost with covariates,weather_4p+tso_forecast,2208,2026-08-13 07:00:00+00:00,3468.4638671875,3479.659746,3513.52725,2026-05-12 16:00:00+00:00,2026-08-12 15:00:00+00:00
2026-08-12,2026-08-12 17:33:33+00:00,online,BE,solar,xgboost_online,XGBoost with covariates,weather_4p+tso_forecast,2208,2026-08-13 08:00:00+00:00,5115.15380859375,5331.747492,5108.11475,2026-05-12 16:00:00+00:00,2026-08-12 15:00:00+00:00
2026-08-12,2026-08-12 17:33:33+00:00,online,BE,solar,xgboost_online,XGBoost with covariates,weather_4p+tso_forecast,2208,2026-08-13 09:00:00+00:00,6428.2978515625,6780.427496,6396.3605,2026-05-12 16:00:00+00:00,2026-08-12 15:00:00+00:00
2026-08-12,2026-08-12 17:33:33+00:00,online,BE,solar,xgboost_online,XGBoost with covariates,weather_4p+tso_forecast,2208,2026-08-13 10:00:00+00:00,7401.03369140625,7647.235256,7367.891,2026-05-12 16:00:00+00:00,2026-08-12 15:00:00+00:00
2026-08-12,2026-08-12 17:33:33+00:00,online,BE,solar,xgboost_online,XGBoost with covariates,weather_4p+tso_forecast,2208,2026-08-13 11:00:00+00:00,7568.81201171875,8020.40574,7767.46925,2026-05-12 16:00:00+00:00,2026-08-12 15:00:00+00:00
2026-08-12,2026-08-12 17:33:33+00:00,online,BE,solar,xgboost_online,XGBoost with covariates,weather_4p+tso_forecast,2208,2026-08-13 12:00:00+00:00,7562.78564453125,7940.56175,7656.0875,2026-05-12 16:00:00+00:00,2026-08-12 15:00:00+00:00
2026-08-12,2026-08-12 17:33:33+00:00,online,BE,solar,xgboost_online,XGBoost with covariates,weather_4p+tso_forecast,2208,2026-08-13 13:00:00+00:00,7167.02294921875,7341.797256,6970.623,2026-05-12 16:00:00+00:00,2026-08-12 15:00:00+00:00
2026-08-12,2026-08-12 17:33:33+00:00,online,BE,solar,xgboost_online,XGBoost with covariates,weather_4p+tso_forecast,2208,2026-08-13 14:00:00+00:00,5939.8544921875,6150.861263,5805.12975,2026-05-12 16:00:00+00:00,2026-08-12 15:00:00+00:00
2026-08-12,2026-08-12 17:33:33+00:00,online,BE,solar,xgboost_online,XGBoost with covariates,weather_4p+tso_forecast,2208,2026-08-13 15:00:00+00:00,4508.61767578125,4584.790249,4265.14175,2026-05-12 16:00:00+00:00,2026-08-12 15:00:00+00:00
2026-08-12,2026-08-12 17:33:33+00:00,online,BE,wind_onshore,tso_reference,TSO forecast,tso_forecast,2208,2026-08-12 16:00:00+00:00,346.9,346.9,473.187653,2026-05-12 16:00:00+00:00,2026-08-12 15:00:00+00:00
2026-08-12,2026-08-12 17:33:33+00:00,online,BE,wind_onshore,tso_reference,TSO forecast,tso_forecast,2208,2026-08-12 17:00:00+00:00,436.5,436.5,549.471437,2026-05-12 16:00:00+00:00,2026-08-12 15:00:00+00:00
2026-08-12,2026-08-12 17:33:33+00:00,online,BE,wind_onshore,tso_reference,TSO forecast,tso_forecast,2208,2026-08-12 18:00:00+00:00,584.4,584.4,766.840251,2026-05-12 16:00:00+00:00,2026-08-12 15:00:00+00:00
2026-08-12,2026-08-12 17:33:33+00:00,online,BE,wind_onshore,tso_reference,TSO forecast,tso_forecast,2208,2026-08-12 19:00:00+00:00,762.075,762.075,1130.970347,2026-05-12 16:00:00+00:00,2026-08-12 15:00:00+00:00
2026-08-12,2026-08-12 17:33:33+00:00,online,BE,wind_onshore,tso_reference,TSO forecast,tso_forecast,2208,2026-08-12 20:00:00+00:00,854.925,854.925,1154.575832,2026-05-12 16:00:00+00:00,2026-08-12 15:00:00+00:00
2026-08-12,2026-08-12 17:33:33+00:00,online,BE,wind_onshore,tso_reference,TSO forecast,tso_forecast,2208,2026-08-12 21:00:00+00:00,872.225,872.225,1068.856884,2026-05-12 16:00:00+00:00,2026-08-12 15:00:00+00:00
2026-08-12,2026-08-12 17:33:33+00:00,online,BE,wind_onshore,tso_reference,TSO forecast,tso_forecast,2208,2026-08-12 22:00:00+00:00,787.1,787.1,914.088211,2026-05-12 16:00:00+00:00,2026-08-12 15:00:00+00:00
2026-08-12,2026-08-12 17:33:33+00:00,online,BE,wind_onshore,tso_reference,TSO forecast,tso_forecast,2208,2026-08-12 23:00:00+00:00,737.125,737.125,851.390031,2026-05-12 16:00:00+00:00,2026-08-12 15:00:00+00:00
2026-08-12,2026-08-12 17:33:33+00:00,online,BE,wind_onshore,tso_reference,TSO forecast,tso_forecast,2208,2026-08-13 00:00:00+00:00,708.275,708.275,799.042512,2026-05-12 16:00:00+00:00,2026-08-12 15:00:00+00:00
2026-08-12,2026-08-12 17:33:33+00:00,online,BE,wind_onshore,tso_reference,TSO forecast,tso_forecast,2208,2026-08-13 01:00:00+00:00,684.55,684.55,747.911321,2026-05-12 16:00:00+00:00,2026-08-12 15:00:00+00:00
2026-08-12,2026-08-12 17:33:33+00:00,online,BE,wind_onshore,tso_reference,TSO forecast,tso_forecast,2208,2026-08-13 02:00:00+00:00,663.85,663.85,631.00725,2026-05-12 16:00:00+00:00,2026-08-12 15:00:00+00:00
2026-08-12,2026-08-12 17:33:33+00:00,online,BE,wind_onshore,tso_reference,TSO forecast,tso_forecast,2208,2026-08-13 03:00:00+00:00,636.275,636.275,524.123115,2026-05-12 16:00:00+00:00,2026-08-12 15:00:00+00:00
2026-08-12,2026-08-12 17:33:33+00:00,online,BE,wind_onshore,tso_reference,TSO forecast,tso_forecast,2208,2026-08-13 04:00:00+00:00,597.4,597.4,455.553238,2026-05-12 16:00:00+00:00,2026-08-12 15:00:00+00:00
2026-08-12,2026-08-12 17:33:33+00:00,online,BE,wind_onshore,tso_reference,TSO forecast,tso_forecast,2208,2026-08-13 05:00:00+00:00,518.65,518.65,364.783488,2026-05-12 16:00:00+00:00,2026-08-12 15:00:00+00:00
2026-08-12,2026-08-12 17:33:33+00:00,online,BE,wind_onshore,tso_reference,TSO forecast,tso_forecast,2208,2026-08-13 06:00:00+00:00,406.05,406.05,271.258055,2026-05-12 16:00:00+00:00,2026-08-12 15:00:00+00:00
2026-08-12,2026-08-12 17:33:33+00:00,online,BE,wind_onshore,tso_reference,TSO forecast,tso_forecast,2208,2026-08-13 07:00:00+00:00,198.075,198.075,88.010127,2026-05-12 16:00:00+00:00,2026-08-12 15:00:00+00:00
2026-08-12,2026-08-12 17:33:33+00:00,online,BE,wind_onshore,tso_reference,TSO forecast,tso_forecast,2208,2026-08-13 08:00:00+00:00,54.85,54.85,31.106688,2026-05-12 16:00:00+00:00,2026-08-12 15:00:00+00:00
2026-08-12,2026-08-12 17:33:33+00:00,online,BE,wind_onshore,tso_reference,TSO forecast,tso_forecast,2208,2026-08-13 09:00:00+00:00,27.325,27.325,28.553002,2026-05-12 16:00:00+00:00,2026-08-12 15:00:00+00:00
2026-08-12,2026-08-12 17:33:33+00:00,online,BE,wind_onshore,tso_reference,TSO forecast,tso_forecast,2208,2026-08-13 10:00:00+00:00,25.625,25.625,40.064314,2026-05-12 16:00:00+00:00,2026-08-12 15:00:00+00:00
2026-08-12,2026-08-12 17:33:33+00:00,online,BE,wind_onshore,tso_reference,TSO forecast,tso_forecast,2208,2026-08-13 11:00:00+00:00,25.875,25.875,52.307637,2026-05-12 16:00:00+00:00,2026-08-12 15:00:00+00:00
2026-08-12,2026-08-12 17:33:33+00:00,online,BE,wind_onshore,tso_reference,TSO forecast,tso_forecast,2208,2026-08-13 12:00:00+00:00,23.225,23.225,45.959509,2026-05-12 16:00:00+00:00,2026-08-12 15:00:00+00:00
2026-08-12,2026-08-12 17:33:33+00:00,online,BE,wind_onshore,tso_reference,TSO forecast,tso_forecast,2208,2026-08-13 13:00:00+00:00,18.3,18.3,50.547961,2026-05-12 16:00:00+00:00,2026-08-12 15:00:00+00:00
2026-08-12,2026-08-12 17:33:33+00:00,online,BE,wind_onshore,tso_reference,TSO forecast,tso_forecast,2208,2026-08-13 14:00:00+00:00,14.775,14.775,49.944677,2026-05-12 16:00:00+00:00,2026-08-12 15:00:00+00:00
2026-08-12,2026-08-12 17:33:33+00:00,online,BE,wind_onshore,tso_reference,TSO forecast,tso_forecast,2208,2026-08-13 15:00:00+00:00,14.375,14.375,66.787934,2026-05-12 16:00:00+00:00,2026-08-12 15:00:00+00:00
2026-08-12,2026-08-12 17:33:33+00:00,online,BE,wind_onshore,persistence,Persistence,daily_persistence,2208,2026-08-12 16:00:00+00:00,735.043714,346.9,473.187653,2026-05-12 16:00:00+00:00,2026-08-12 15:00:00+00:00
2026-08-12,2026-08-12 17:33:33+00:00,online,BE,wind_onshore,persistence,Persistence,daily_persistence,2208,2026-08-12 17:00:00+00:00,815.990264,436.5,549.471437,2026-05-12 16:00:00+00:00,2026-08-12 15:00:00+00:00
2026-08-12,2026-08-12 17:33:33+00:00,online,BE,wind_onshore,persistence,Persistence,daily_persistence,2208,2026-08-12 18:00:00+00:00,831.955941,584.4,766.840251,2026-05-12 16:00:00+00:00,2026-08-12 15:00:00+00:00
2026-08-12,2026-08-12 17:33:33+00:00,online,BE,wind_onshore,persistence,Persistence,daily_persistence,2208,2026-08-12 19:00:00+00:00,1115.413294,762.075,1130.970347,2026-05-12 16:00:00+00:00,2026-08-12 15:00:00+00:00
2026-08-12,2026-08-12 17:33:33+00:00,online,BE,wind_onshore,persistence,Persistence,daily_persistence,2208,2026-08-12 20:00:00+00:00,1316.061456,854.925,1154.575832,2026-05-12 16:00:00+00:00,2026-08-12 15:00:00+00:00
2026-08-12,2026-08-12 17:33:33+00:00,online,BE,wind_onshore,persistence,Persistence,daily_persistence,2208,2026-08-12 21:00:00+00:00,1380.769547,872.225,1068.856884,2026-05-12 16:00:00+00:00,2026-08-12 15:00:00+00:00
2026-08-12,2026-08-12 17:33:33+00:00,online,BE,wind_onshore,persistence,Persistence,daily_persistence,2208,2026-08-12 22:00:00+00:00,1447.631792,787.1,914.088211,2026-05-12 16:00:00+00:00,2026-08-12 15:00:00+00:00
2026-08-12,2026-08-12 17:33:33+00:00,online,BE,wind_onshore,persistence,Persistence,daily_persistence,2208,2026-08-12 23:00:00+00:00,1411.009223,737.125,851.390031,2026-05-12 16:00:00+00:00,2026-08-12 15:00:00+00:00
2026-08-12,2026-08-12 17:33:33+00:00,online,BE,wind_onshore,persistence,Persistence,daily_persistence,2208,2026-08-13 00:00:00+00:00,1323.714913,708.275,799.042512,2026-05-12 16:00:00+00:00,2026-08-12 15:00:00+00:00
2026-08-12,2026-08-12 17:33:33+00:00,online,BE,wind_onshore,persistence,Persistence,daily_persistence,2208,2026-08-13 01:00:00+00:00,1227.095048,684.55,747.911321,2026-05-12 16:00:00+00:00,2026-08-12 15:00:00+00:00
2026-08-12,2026-08-12 17:33:33+00:00,online,BE,wind_onshore,persistence,Persistence,daily_persistence,2208,2026-08-13 02:00:00+00:00,1169.329314,663.85,631.00725,2026-05-12 16:00:00+00:00,2026-08-12 15:00:00+00:00
2026-08-12,2026-08-12 17:33:33+00:00,online,BE,wind_onshore,persistence,Persistence,daily_persistence,2208,2026-08-13 03:00:00+00:00,1053.357262,636.275,524.123115,2026-05-12 16:00:00+00:00,2026-08-12 15:00:00+00:00
2026-08-12,2026-08-12 17:33:33+00:00,online,BE,wind_onshore,persistence,Persistence,daily_persistence,2208,2026-08-13 04:00:00+00:00,967.792998,597.4,455.553238,2026-05-12 16:00:00+00:00,2026-08-12 15:00:00+00:00
2026-08-12,2026-08-12 17:33:33+00:00,online,BE,wind_onshore,persistence,Persistence,daily_persistence,2208,2026-08-13 05:00:00+00:00,719.817099,518.65,364.783488,2026-05-12 16:00:00+00:00,2026-08-12 15:00:00+00:00
2026-08-12,2026-08-12 17:33:33+00:00,online,BE,wind_onshore,persistence,Persistence,daily_persistence,2208,2026-08-13 06:00:00+00:00,368.373955,406.05,271.258055,2026-05-12 16:00:00+00:00,2026-08-12 15:00:00+00:00
2026-08-12,2026-08-12 17:33:33+00:00,online,BE,wind_onshore,persistence,Persistence,daily_persistence,2208,2026-08-13 07:00:00+00:00,123.646768,198.075,88.010127,2026-05-12 16:00:00+00:00,2026-08-12 15:00:00+00:00
2026-08-12,2026-08-12 17:33:33+00:00,online,BE,wind_onshore,persistence,Persistence,daily_persistence,2208,2026-08-13 08:00:00+00:00,87.117282,54.85,31.106688,2026-05-12 16:00:00+00:00,2026-08-12 15:00:00+00:00
2026-08-12,2026-08-12 17:33:33+00:00,online,BE,wind_onshore,persistence,Persistence,daily_persistence,2208,2026-08-13 09:00:00+00:00,94.993669,27.325,28.553002,2026-05-12 16:00:00+00:00,2026-08-12 15:00:00+00:00
2026-08-12,2026-08-12 17:33:33+00:00,online,BE,wind_onshore,persistence,Persistence,daily_persistence,2208,2026-08-13 10:00:00+00:00,151.50374,25.625,40.064314,2026-05-12 16:00:00+00:00,2026-08-12 15:00:00+00:00
2026-08-12,2026-08-12 17:33:33+00:00,online,BE,wind_onshore,persistence,Persistence,daily_persistence,2208,2026-08-13 11:00:00+00:00,183.339632,25.875,52.307637,2026-05-12 16:00:00+00:00,2026-08-12 15:00:00+00:00
2026-08-12,2026-08-12 17:33:33+00:00,online,BE,wind_onshore,persistence,Persistence,daily_persistence,2208,2026-08-13 12:00:00+00:00,193.094795,23.225,45.959509,2026-05-12 16:00:00+00:00,2026-08-12 15:00:00+00:00
2026-08-12,2026-08-12 17:33:33+00:00,online,BE,wind_onshore,persistence,Persistence,daily_persistence,2208,2026-08-13 13:00:00+00:00,248.434586,18.3,50.547961,2026-05-12 16:00:00+00:00,2026-08-12 15:00:00+00:00
2026-08-12,2026-08-12 17:33:33+00:00,online,BE,wind_onshore,persistence,Persistence,daily_persistence,2208,2026-08-13 14:00:00+00:00,316.893755,14.775,49.944677,2026-05-12 16:00:00+00:00,2026-08-12 15:00:00+00:00
2026-08-12,2026-08-12 17:33:33+00:00,online,BE,wind_onshore,persistence,Persistence,daily_persistence,2208,2026-08-13 15:00:00+00:00,387.499667,14.375,66.787934,2026-05-12 16:00:00+00:00,2026-08-12 15:00:00+00:00
2026-08-12,2026-08-12 17:33:33+00:00,online,BE,wind_onshore,chronos2_online,Chronos2 with covariates,weather_4p+tso_forecast,2208,2026-08-12 16:00:00+00:00,474.942626953125,346.9,473.187653,2026-05-12 16:00:00+00:00,2026-08-12 15:00:00+00:00
2026-08-12,2026-08-12 17:33:33+00:00,online,BE,wind_onshore,chronos2_online,Chronos2 with covariates,weather_4p+tso_forecast,2208,2026-08-12 17:00:00+00:00,549.0213623046875,436.5,549.471437,2026-05-12 16:00:00+00:00,2026-08-12 15:00:00+00:00
2026-08-12,2026-08-12 17:33:33+00:00,online,BE,wind_onshore,chronos2_online,Chronos2 with covariates,weather_4p+tso_forecast,2208,2026-08-12 18:00:00+00:00,693.3438720703125,584.4,766.840251,2026-05-12 16:00:00+00:00,2026-08-12 15:00:00+00:00
2026-08-12,2026-08-12 17:33:33+00:00,online,BE,wind_onshore,chronos2_online,Chronos2 with covariates,weather_4p+tso_forecast,2208,2026-08-12 19:00:00+00:00,916.111572265625,762.075,1130.970347,2026-05-12 16:00:00+00:00,2026-08-12 15:00:00+00:00
2026-08-12,2026-08-12 17:33:33+00:00,online,BE,wind_onshore,chronos2_online,Chronos2 with covariates,weather_4p+tso_forecast,2208,2026-08-12 20:00:00+00:00,1049.58251953125,854.925,1154.575832,2026-05-12 16:00:00+00:00,2026-08-12 15:00:00+00:00
2026-08-12,2026-08-12 17:33:33+00:00,online,BE,wind_onshore,chronos2_online,Chronos2 with covariates,weather_4p+tso_forecast,2208,2026-08-12 21:00:00+00:00,1066.14404296875,872.225,1068.856884,2026-05-12 16:00:00+00:00,2026-08-12 15:00:00+00:00
2026-08-12,2026-08-12 17:33:33+00:00,online,BE,wind_onshore,chronos2_online,Chronos2 with covariates,weather_4p+tso_forecast,2208,2026-08-12 22:00:00+00:00,1015.7630615234376,787.1,914.088211,2026-05-12 16:00:00+00:00,2026-08-12 15:00:00+00:00
2026-08-12,2026-08-12 17:33:33+00:00,online,BE,wind_onshore,chronos2_online,Chronos2 with covariates,weather_4p+tso_forecast,2208,2026-08-12 23:00:00+00:00,952.9844970703124,737.125,851.390031,2026-05-12 16:00:00+00:00,2026-08-12 15:00:00+00:00
2026-08-12,2026-08-12 17:33:33+00:00,online,BE,wind_onshore,chronos2_online,Chronos2 with covariates,weather_4p+tso_forecast,2208,2026-08-13 00:00:00+00:00,872.3925170898438,708.275,799.042512,2026-05-12 16:00:00+00:00,2026-08-12 15:00:00+00:00
2026-08-12,2026-08-12 17:33:33+00:00,online,BE,wind_onshore,chronos2_online,Chronos2 with covariates,weather_4p+tso_forecast,2208,2026-08-13 01:00:00+00:00,846.58984375,684.55,747.911321,2026-05-12 16:00:00+00:00,2026-08-12 15:00:00+00:00
2026-08-12,2026-08-12 17:33:33+00:00,online,BE,wind_onshore,chronos2_online,Chronos2 with covariates,weather_4p+tso_forecast,2208,2026-08-13 02:00:00+00:00,821.931640625,663.85,631.00725,2026-05-12 16:00:00+00:00,2026-08-12 15:00:00+00:00
2026-08-12,2026-08-12 17:33:33+00:00,online,BE,wind_onshore,chronos2_online,Chronos2 with covariates,weather_4p+tso_forecast,2208,2026-08-13 03:00:00+00:00,763.88525390625,636.275,524.123115,2026-05-12 16:00:00+00:00,2026-08-12 15:00:00+00:00
2026-08-12,2026-08-12 17:33:33+00:00,online,BE,wind_onshore,chronos2_online,Chronos2 with covariates,weather_4p+tso_forecast,2208,2026-08-13 04:00:00+00:00,652.3031616210938,597.4,455.553238,2026-05-12 16:00:00+00:00,2026-08-12 15:00:00+00:00
2026-08-12,2026-08-12 17:33:33+00:00,online,BE,wind_onshore,chronos2_online,Chronos2 with covariates,weather_4p+tso_forecast,2208,2026-08-13 05:00:00+00:00,500.42828369140625,518.65,364.783488,2026-05-12 16:00:00+00:00,2026-08-12 15:00:00+00:00
2026-08-12,2026-08-12 17:33:33+00:00,online,BE,wind_onshore,chronos2_online,Chronos2 with covariates,weather_4p+tso_forecast,2208,2026-08-13 06:00:00+00:00,311.95916748046875,406.05,271.258055,2026-05-12 16:00:00+00:00,2026-08-12 15:00:00+00:00
2026-08-12,2026-08-12 17:33:33+00:00,online,BE,wind_onshore,chronos2_online,Chronos2 with covariates,weather_4p+tso_forecast,2208,2026-08-13 07:00:00+00:00,165.74517822265625,198.075,88.010127,2026-05-12 16:00:00+00:00,2026-08-12 15:00:00+00:00
2026-08-12,2026-08-12 17:33:33+00:00,online,BE,wind_onshore,chronos2_online,Chronos2 with covariates,weather_4p+tso_forecast,2208,2026-08-13 08:00:00+00:00,60.523681640625,54.85,31.106688,2026-05-12 16:00:00+00:00,2026-08-12 15:00:00+00:00
2026-08-12,2026-08-12 17:33:33+00:00,online,BE,wind_onshore,chronos2_online,Chronos2 with covariates,weather_4p+tso_forecast,2208,2026-08-13 09:00:00+00:00,59.483978271484375,27.325,28.553002,2026-05-12 16:00:00+00:00,2026-08-12 15:00:00+00:00
2026-08-12,2026-08-12 17:33:33+00:00,online,BE,wind_onshore,chronos2_online,Chronos2 with covariates,weather_4p+tso_forecast,2208,2026-08-13 10:00:00+00:00,59.9356689453125,25.625,40.064314,2026-05-12 16:00:00+00:00,2026-08-12 15:00:00+00:00
2026-08-12,2026-08-12 17:33:33+00:00,online,BE,wind_onshore,chronos2_online,Chronos2 with covariates,weather_4p+tso_forecast,2208,2026-08-13 11:00:00+00:00,71.67535400390625,25.875,52.307637,2026-05-12 16:00:00+00:00,2026-08-12 15:00:00+00:00
2026-08-12,2026-08-12 17:33:33+00:00,online,BE,wind_onshore,chronos2_online,Chronos2 with covariates,weather_4p+tso_forecast,2208,2026-08-13 12:00:00+00:00,65.91873168945312,23.225,45.959509,2026-05-12 16:00:00+00:00,2026-08-12 15:00:00+00:00
2026-08-12,2026-08-12 17:33:33+00:00,online,BE,wind_onshore,chronos2_online,Chronos2 with covariates,weather_4p+tso_forecast,2208,2026-08-13 13:00:00+00:00,80.57772827148438,18.3,50.547961,2026-05-12 16:00:00+00:00,2026-08-12 15:00:00+00:00
2026-08-12,2026-08-12 17:33:33+00:00,online,BE,wind_onshore,chronos2_online,Chronos2 with covariates,weather_4p+tso_forecast,2208,2026-08-13 14:00:00+00:00,77.1231689453125,14.775,49.944677,2026-05-12 16:00:00+00:00,2026-08-12 15:00:00+00:00
2026-08-12,2026-08-12 17:33:33+00:00,online,BE,wind_onshore,chronos2_online,Chronos2 with covariates,weather_4p+tso_forecast,2208,2026-08-13 15:00:00+00:00,92.80621337890624,14.375,66.787934,2026-05-12 16:00:00+00:00,2026-08-12 15:00:00+00:00
2026-08-12,2026-08-12 17:33:33+00:00,online,BE,wind_onshore,xgboost_online,XGBoost with covariates,weather_4p+tso_forecast,2208,2026-08-12 16:00:00+00:00,262.36181640625,346.9,473.187653,2026-05-12 16:00:00+00:00,2026-08-12 15:00:00+00:00
2026-08-12,2026-08-12 17:33:33+00:00,online,BE,wind_onshore,xgboost_online,XGBoost with covariates,weather_4p+tso_forecast,2208,2026-08-12 17:00:00+00:00,325.02008056640625,436.5,549.471437,2026-05-12 16:00:00+00:00,2026-08-12 15:00:00+00:00
2026-08-12,2026-08-12 17:33:33+00:00,online,BE,wind_onshore,xgboost_online,XGBoost with covariates,weather_4p+tso_forecast,2208,2026-08-12 18:00:00+00:00,659.4196166992188,584.4,766.840251,2026-05-12 16:00:00+00:00,2026-08-12 15:00:00+00:00
2026-08-12,2026-08-12 17:33:33+00:00,online,BE,wind_onshore,xgboost_online,XGBoost with covariates,weather_4p+tso_forecast,2208,2026-08-12 19:00:00+00:00,829.1605224609375,762.075,1130.970347,2026-05-12 16:00:00+00:00,2026-08-12 15:00:00+00:00
2026-08-12,2026-08-12 17:33:33+00:00,online,BE,wind_onshore,xgboost_online,XGBoost with covariates,weather_4p+tso_forecast,2208,2026-08-12 20:00:00+00:00,1062.017333984375,854.925,1154.575832,2026-05-12 16:00:00+00:00,2026-08-12 15:00:00+00:00
2026-08-12,2026-08-12 17:33:33+00:00,online,BE,wind_onshore,xgboost_online,XGBoost with covariates,weather_4p+tso_forecast,2208,2026-08-12 21:00:00+00:00,940.69091796875,872.225,1068.856884,2026-05-12 16:00:00+00:00,2026-08-12 15:00:00+00:00
2026-08-12,2026-08-12 17:33:33+00:00,online,BE,wind_onshore,xgboost_online,XGBoost with covariates,weather_4p+tso_forecast,2208,2026-08-12 22:00:00+00:00,1037.7310791015625,787.1,914.088211,2026-05-12 16:00:00+00:00,2026-08-12 15:00:00+00:00
2026-08-12,2026-08-12 17:33:33+00:00,online,BE,wind_onshore,xgboost_online,XGBoost with covariates,weather_4p+tso_forecast,2208,2026-08-12 23:00:00+00:00,933.4284057617188,737.125,851.390031,2026-05-12 16:00:00+00:00,2026-08-12 15:00:00+00:00
2026-08-12,2026-08-12 17:33:33+00:00,online,BE,wind_onshore,xgboost_online,XGBoost with covariates,weather_4p+tso_forecast,2208,2026-08-13 00:00:00+00:00,729.7704467773438,708.275,799.042512,2026-05-12 16:00:00+00:00,2026-08-12 15:00:00+00:00
2026-08-12,2026-08-12 17:33:33+00:00,online,BE,wind_onshore,xgboost_online,XGBoost with covariates,weather_4p+tso_forecast,2208,2026-08-13 01:00:00+00:00,874.5477294921875,684.55,747.911321,2026-05-12 16:00:00+00:00,2026-08-12 15:00:00+00:00
2026-08-12,2026-08-12 17:33:33+00:00,online,BE,wind_onshore,xgboost_online,XGBoost with covariates,weather_4p+tso_forecast,2208,2026-08-13 02:00:00+00:00,793.1326904296875,663.85,631.00725,2026-05-12 16:00:00+00:00,2026-08-12 15:00:00+00:00
2026-08-12,2026-08-12 17:33:33+00:00,online,BE,wind_onshore,xgboost_online,XGBoost with covariates,weather_4p+tso_forecast,2208,2026-08-13 03:00:00+00:00,749.2373657226562,636.275,524.123115,2026-05-12 16:00:00+00:00,2026-08-12 15:00:00+00:00
2026-08-12,2026-08-12 17:33:33+00:00,online,BE,wind_onshore,xgboost_online,XGBoost with covariates,weather_4p+tso_forecast,2208,2026-08-13 04:00:00+00:00,643.3612060546875,597.4,455.553238,2026-05-12 16:00:00+00:00,2026-08-12 15:00:00+00:00
2026-08-12,2026-08-12 17:33:33+00:00,online,BE,wind_onshore,xgboost_online,XGBoost with covariates,weather_4p+tso_forecast,2208,2026-08-13 05:00:00+00:00,604.7775268554688,518.65,364.783488,2026-05-12 16:00:00+00:00,2026-08-12 15:00:00+00:00
2026-08-12,2026-08-12 17:33:33+00:00,online,BE,wind_onshore,xgboost_online,XGBoost with covariates,weather_4p+tso_forecast,2208,2026-08-13 06:00:00+00:00,406.3134460449219,406.05,271.258055,2026-05-12 16:00:00+00:00,2026-08-12 15:00:00+00:00
2026-08-12,2026-08-12 17:33:33+00:00,online,BE,wind_onshore,xgboost_online,XGBoost with covariates,weather_4p+tso_forecast,2208,2026-08-13 07:00:00+00:00,263.8877868652344,198.075,88.010127,2026-05-12 16:00:00+00:00,2026-08-12 15:00:00+00:00
2026-08-12,2026-08-12 17:33:33+00:00,online,BE,wind_onshore,xgboost_online,XGBoost with covariates,weather_4p+tso_forecast,2208,2026-08-13 08:00:00+00:00,74.43587493896484,54.85,31.106688,2026-05-12 16:00:00+00:00,2026-08-12 15:00:00+00:00
2026-08-12,2026-08-12 17:33:33+00:00,online,BE,wind_onshore,xgboost_online,XGBoost with covariates,weather_4p+tso_forecast,2208,2026-08-13 09:00:00+00:00,78.22826385498047,27.325,28.553002,2026-05-12 16:00:00+00:00,2026-08-12 15:00:00+00:00
2026-08-12,2026-08-12 17:33:33+00:00,online,BE,wind_onshore,xgboost_online,XGBoost with covariates,weather_4p+tso_forecast,2208,2026-08-13 10:00:00+00:00,90.63675689697266,25.625,40.064314,2026-05-12 16:00:00+00:00,2026-08-12 15:00:00+00:00
2026-08-12,2026-08-12 17:33:33+00:00,online,BE,wind_onshore,xgboost_online,XGBoost with covariates,weather_4p+tso_forecast,2208,2026-08-13 11:00:00+00:00,88.53483581542969,25.875,52.307637,2026-05-12 16:00:00+00:00,2026-08-12 15:00:00+00:00
2026-08-12,2026-08-12 17:33:33+00:00,online,BE,wind_onshore,xgboost_online,XGBoost with covariates,weather_4p+tso_forecast,2208,2026-08-13 12:00:00+00:00,80.42626953125,23.225,45.959509,2026-05-12 16:00:00+00:00,2026-08-12 15:00:00+00:00
2026-08-12,2026-08-12 17:33:33+00:00,online,BE,wind_onshore,xgboost_online,XGBoost with covariates,weather_4p+tso_forecast,2208,2026-08-13 13:00:00+00:00,87.84982299804688,18.3,50.547961,2026-05-12 16:00:00+00:00,2026-08-12 15:00:00+00:00
2026-08-12,2026-08-12 17:33:33+00:00,online,BE,wind_onshore,xgboost_online,XGBoost with covariates,weather_4p+tso_forecast,2208,2026-08-13 14:00:00+00:00,81.82377624511719,14.775,49.944677,2026-05-12 16:00:00+00:00,2026-08-12 15:00:00+00:00
2026-08-12,2026-08-12 17:33:33+00:00,online,BE,wind_onshore,xgboost_online,XGBoost with covariates,weather_4p+tso_forecast,2208,2026-08-13 15:00:00+00:00,81.82377624511719,14.375,66.787934,2026-05-12 16:00:00+00:00,2026-08-12 15:00:00+00:00
2026-08-12,2026-08-12 17:33:33+00:00,online,BE,wind_offshore,tso_reference,TSO forecast,tso_forecast,2208,2026-08-12 16:00:00+00:00,185.325,185.325,145.3675,2026-05-12 16:00:00+00:00,2026-08-12 15:00:00+00:00
2026-08-12,2026-08-12 17:33:33+00:00,online,BE,wind_offshore,tso_reference,TSO forecast,tso_forecast,2208,2026-08-12 17:00:00+00:00,242.85,242.85,239.1225,2026-05-12 16:00:00+00:00,2026-08-12 15:00:00+00:00
2026-08-12,2026-08-12 17:33:33+00:00,online,BE,wind_offshore,tso_reference,TSO forecast,tso_forecast,2208,2026-08-12 18:00:00+00:00,303.925,303.925,269.3125,2026-05-12 16:00:00+00:00,2026-08-12 15:00:00+00:00
2026-08-12,2026-08-12 17:33:33+00:00,online,BE,wind_offshore,tso_reference,TSO forecast,tso_forecast,2208,2026-08-12 19:00:00+00:00,355.7,355.7,348.615,2026-05-12 16:00:00+00:00,2026-08-12 15:00:00+00:00
2026-08-12,2026-08-12 17:33:33+00:00,online,BE,wind_offshore,tso_reference,TSO forecast,tso_forecast,2208,2026-08-12 20:00:00+00:00,363.275,363.275,395.765,2026-05-12 16:00:00+00:00,2026-08-12 15:00:00+00:00
2026-08-12,2026-08-12 17:33:33+00:00,online,BE,wind_offshore,tso_reference,TSO forecast,tso_forecast,2208,2026-08-12 21:00:00+00:00,329.075,329.075,439.5675,2026-05-12 16:00:00+00:00,2026-08-12 15:00:00+00:00
2026-08-12,2026-08-12 17:33:33+00:00,online,BE,wind_offshore,tso_reference,TSO forecast,tso_forecast,2208,2026-08-12 22:00:00+00:00,273.225,273.225,417.31,2026-05-12 16:00:00+00:00,2026-08-12 15:00:00+00:00
2026-08-12,2026-08-12 17:33:33+00:00,online,BE,wind_offshore,tso_reference,TSO forecast,tso_forecast,2208,2026-08-12 23:00:00+00:00,229.2,229.2,346.53,2026-05-12 16:00:00+00:00,2026-08-12 15:00:00+00:00
2026-08-12,2026-08-12 17:33:33+00:00,online,BE,wind_offshore,tso_reference,TSO forecast,tso_forecast,2208,2026-08-13 00:00:00+00:00,192.45,192.45,228.4775,2026-05-12 16:00:00+00:00,2026-08-12 15:00:00+00:00
2026-08-12,2026-08-12 17:33:33+00:00,online,BE,wind_offshore,tso_reference,TSO forecast,tso_forecast,2208,2026-08-13 01:00:00+00:00,166.125,166.125,136.5675,2026-05-12 16:00:00+00:00,2026-08-12 15:00:00+00:00
2026-08-12,2026-08-12 17:33:33+00:00,online,BE,wind_offshore,tso_reference,TSO forecast,tso_forecast,2208,2026-08-13 02:00:00+00:00,142.925,142.925,105.9875,2026-05-12 16:00:00+00:00,2026-08-12 15:00:00+00:00
2026-08-12,2026-08-12 17:33:33+00:00,online,BE,wind_offshore,tso_reference,TSO forecast,tso_forecast,2208,2026-08-13 03:00:00+00:00,116.525,116.525,93.1275,2026-05-12 16:00:00+00:00,2026-08-12 15:00:00+00:00
2026-08-12,2026-08-12 17:33:33+00:00,online,BE,wind_offshore,tso_reference,TSO forecast,tso_forecast,2208,2026-08-13 04:00:00+00:00,92.675,92.675,59.095,2026-05-12 16:00:00+00:00,2026-08-12 15:00:00+00:00
2026-08-12,2026-08-12 17:33:33+00:00,online,BE,wind_offshore,tso_reference,TSO forecast,tso_forecast,2208,2026-08-13 05:00:00+00:00,73.025,73.025,12.33,2026-05-12 16:00:00+00:00,2026-08-12 15:00:00+00:00
2026-08-12,2026-08-12 17:33:33+00:00,online,BE,wind_offshore,tso_reference,TSO forecast,tso_forecast,2208,2026-08-13 06:00:00+00:00,60.25,60.25,4.16,2026-05-12 16:00:00+00:00,2026-08-12 15:00:00+00:00
2026-08-12,2026-08-12 17:33:33+00:00,online,BE,wind_offshore,tso_reference,TSO forecast,tso_forecast,2208,2026-08-13 07:00:00+00:00,52.775,52.775,10.005,2026-05-12 16:00:00+00:00,2026-08-12 15:00:00+00:00
2026-08-12,2026-08-12 17:33:33+00:00,online,BE,wind_offshore,tso_reference,TSO forecast,tso_forecast,2208,2026-08-13 08:00:00+00:00,46.475,46.475,4.205,2026-05-12 16:00:00+00:00,2026-08-12 15:00:00+00:00
2026-08-12,2026-08-12 17:33:33+00:00,online,BE,wind_offshore,tso_reference,TSO forecast,tso_forecast,2208,2026-08-13 09:00:00+00:00,41.85,41.85,22.455,2026-05-12 16:00:00+00:00,2026-08-12 15:00:00+00:00
2026-08-12,2026-08-12 17:33:33+00:00,online,BE,wind_offshore,tso_reference,TSO forecast,tso_forecast,2208,2026-08-13 10:00:00+00:00,40.1,40.1,28.165,2026-05-12 16:00:00+00:00,2026-08-12 15:00:00+00:00
2026-08-12,2026-08-12 17:33:33+00:00,online,BE,wind_offshore,tso_reference,TSO forecast,tso_forecast,2208,2026-08-13 11:00:00+00:00,41.325,41.325,27.81,2026-05-12 16:00:00+00:00,2026-08-12 15:00:00+00:00
2026-08-12,2026-08-12 17:33:33+00:00,online,BE,wind_offshore,tso_reference,TSO forecast,tso_forecast,2208,2026-08-13 12:00:00+00:00,43.075,43.075,30.12,2026-05-12 16:00:00+00:00,2026-08-12 15:00:00+00:00
2026-08-12,2026-08-12 17:33:33+00:00,online,BE,wind_offshore,tso_reference,TSO forecast,tso_forecast,2208,2026-08-13 13:00:00+00:00,42.4,42.4,27.65,2026-05-12 16:00:00+00:00,2026-08-12 15:00:00+00:00
2026-08-12,2026-08-12 17:33:33+00:00,online,BE,wind_offshore,tso_reference,TSO forecast,tso_forecast,2208,2026-08-13 14:00:00+00:00,41.675,41.675,25.55,2026-05-12 16:00:00+00:00,2026-08-12 15:00:00+00:00
2026-08-12,2026-08-12 17:33:33+00:00,online,BE,wind_offshore,tso_reference,TSO forecast,tso_forecast,2208,2026-08-13 15:00:00+00:00,42.5,42.5,28.1175,2026-05-12 16:00:00+00:00,2026-08-12 15:00:00+00:00
2026-08-12,2026-08-12 17:33:33+00:00,online,BE,wind_offshore,persistence,Persistence,daily_persistence,2208,2026-08-12 16:00:00+00:00,744.993,185.325,145.3675,2026-05-12 16:00:00+00:00,2026-08-12 15:00:00+00:00
2026-08-12,2026-08-12 17:33:33+00:00,online,BE,wind_offshore,persistence,Persistence,daily_persistence,2208,2026-08-12 17:00:00+00:00,939.529,242.85,239.1225,2026-05-12 16:00:00+00:00,2026-08-12 15:00:00+00:00
2026-08-12,2026-08-12 17:33:33+00:00,online,BE,wind_offshore,persistence,Persistence,daily_persistence,2208,2026-08-12 18:00:00+00:00,924.6165,303.925,269.3125,2026-05-12 16:00:00+00:00,2026-08-12 15:00:00+00:00
2026-08-12,2026-08-12 17:33:33+00:00,online,BE,wind_offshore,persistence,Persistence,daily_persistence,2208,2026-08-12 19:00:00+00:00,1066.13,355.7,348.615,2026-05-12 16:00:00+00:00,2026-08-12 15:00:00+00:00
2026-08-12,2026-08-12 17:33:33+00:00,online,BE,wind_offshore,persistence,Persistence,daily_persistence,2208,2026-08-12 20:00:00+00:00,1125.6325,363.275,395.765,2026-05-12 16:00:00+00:00,2026-08-12 15:00:00+00:00
2026-08-12,2026-08-12 17:33:33+00:00,online,BE,wind_offshore,persistence,Persistence,daily_persistence,2208,2026-08-12 21:00:00+00:00,1229.5075,329.075,439.5675,2026-05-12 16:00:00+00:00,2026-08-12 15:00:00+00:00
2026-08-12,2026-08-12 17:33:33+00:00,online,BE,wind_offshore,persistence,Persistence,daily_persistence,2208,2026-08-12 22:00:00+00:00,1167.97325,273.225,417.31,2026-05-12 16:00:00+00:00,2026-08-12 15:00:00+00:00
2026-08-12,2026-08-12 17:33:33+00:00,online,BE,wind_offshore,persistence,Persistence,daily_persistence,2208,2026-08-12 23:00:00+00:00,1013.45,229.2,346.53,2026-05-12 16:00:00+00:00,2026-08-12 15:00:00+00:00
2026-08-12,2026-08-12 17:33:33+00:00,online,BE,wind_offshore,persistence,Persistence,daily_persistence,2208,2026-08-13 00:00:00+00:00,939.513,192.45,228.4775,2026-05-12 16:00:00+00:00,2026-08-12 15:00:00+00:00
2026-08-12,2026-08-12 17:33:33+00:00,online,BE,wind_offshore,persistence,Persistence,daily_persistence,2208,2026-08-13 01:00:00+00:00,829.42625,166.125,136.5675,2026-05-12 16:00:00+00:00,2026-08-12 15:00:00+00:00
2026-08-12,2026-08-12 17:33:33+00:00,online,BE,wind_offshore,persistence,Persistence,daily_persistence,2208,2026-08-13 02:00:00+00:00,773.40275,142.925,105.9875,2026-05-12 16:00:00+00:00,2026-08-12 15:00:00+00:00
2026-08-12,2026-08-12 17:33:33+00:00,online,BE,wind_offshore,persistence,Persistence,daily_persistence,2208,2026-08-13 03:00:00+00:00,738.27375,116.525,93.1275,2026-05-12 16:00:00+00:00,2026-08-12 15:00:00+00:00
2026-08-12,2026-08-12 17:33:33+00:00,online,BE,wind_offshore,persistence,Persistence,daily_persistence,2208,2026-08-13 04:00:00+00:00,677.6225,92.675,59.095,2026-05-12 16:00:00+00:00,2026-08-12 15:00:00+00:00
2026-08-12,2026-08-12 17:33:33+00:00,online,BE,wind_offshore,persistence,Persistence,daily_persistence,2208,2026-08-13 05:00:00+00:00,570.724,73.025,12.33,2026-05-12 16:00:00+00:00,2026-08-12 15:00:00+00:00
2026-08-12,2026-08-12 17:33:33+00:00,online,BE,wind_offshore,persistence,Persistence,daily_persistence,2208,2026-08-13 06:00:00+00:00,417.15925,60.25,4.16,2026-05-12 16:00:00+00:00,2026-08-12 15:00:00+00:00
2026-08-12,2026-08-12 17:33:33+00:00,online,BE,wind_offshore,persistence,Persistence,daily_persistence,2208,2026-08-13 07:00:00+00:00,326.986,52.775,10.005,2026-05-12 16:00:00+00:00,2026-08-12 15:00:00+00:00
2026-08-12,2026-08-12 17:33:33+00:00,online,BE,wind_offshore,persistence,Persistence,daily_persistence,2208,2026-08-13 08:00:00+00:00,248.726,46.475,4.205,2026-05-12 16:00:00+00:00,2026-08-12 15:00:00+00:00
2026-08-12,2026-08-12 17:33:33+00:00,online,BE,wind_offshore,persistence,Persistence,daily_persistence,2208,2026-08-13 09:00:00+00:00,161.75925,41.85,22.455,2026-05-12 16:00:00+00:00,2026-08-12 15:00:00+00:00
2026-08-12,2026-08-12 17:33:33+00:00,online,BE,wind_offshore,persistence,Persistence,daily_persistence,2208,2026-08-13 10:00:00+00:00,122.50475,40.1,28.165,2026-05-12 16:00:00+00:00,2026-08-12 15:00:00+00:00
2026-08-12,2026-08-12 17:33:33+00:00,online,BE,wind_offshore,persistence,Persistence,daily_persistence,2208,2026-08-13 11:00:00+00:00,87.465,41.325,27.81,2026-05-12 16:00:00+00:00,2026-08-12 15:00:00+00:00
2026-08-12,2026-08-12 17:33:33+00:00,online,BE,wind_offshore,persistence,Persistence,daily_persistence,2208,2026-08-13 12:00:00+00:00,72.65,43.075,30.12,2026-05-12 16:00:00+00:00,2026-08-12 15:00:00+00:00
2026-08-12,2026-08-12 17:33:33+00:00,online,BE,wind_offshore,persistence,Persistence,daily_persistence,2208,2026-08-13 13:00:00+00:00,49.78375,42.4,27.65,2026-05-12 16:00:00+00:00,2026-08-12 15:00:00+00:00
2026-08-12,2026-08-12 17:33:33+00:00,online,BE,wind_offshore,persistence,Persistence,daily_persistence,2208,2026-08-13 14:00:00+00:00,22.92425,41.675,25.55,2026-05-12 16:00:00+00:00,2026-08-12 15:00:00+00:00
2026-08-12,2026-08-12 17:33:33+00:00,online,BE,wind_offshore,persistence,Persistence,daily_persistence,2208,2026-08-13 15:00:00+00:00,79.61125,42.5,28.1175,2026-05-12 16:00:00+00:00,2026-08-12 15:00:00+00:00
2026-08-12,2026-08-12 17:33:33+00:00,online,BE,wind_offshore,chronos2_online,Chronos2 with covariates,weather_4p+tso_forecast,2208,2026-08-12 16:00:00+00:00,152.49319458007812,185.325,145.3675,2026-05-12 16:00:00+00:00,2026-08-12 15:00:00+00:00
2026-08-12,2026-08-12 17:33:33+00:00,online,BE,wind_offshore,chronos2_online,Chronos2 with covariates,weather_4p+tso_forecast,2208,2026-08-12 17:00:00+00:00,224.999267578125,242.85,239.1225,2026-05-12 16:00:00+00:00,2026-08-12 15:00:00+00:00
2026-08-12,2026-08-12 17:33:33+00:00,online,BE,wind_offshore,chronos2_online,Chronos2 with covariates,weather_4p+tso_forecast,2208,2026-08-12 18:00:00+00:00,274.0013732910156,303.925,269.3125,2026-05-12 16:00:00+00:00,2026-08-12 15:00:00+00:00
2026-08-12,2026-08-12 17:33:33+00:00,online,BE,wind_offshore,chronos2_online,Chronos2 with covariates,weather_4p+tso_forecast,2208,2026-08-12 19:00:00+00:00,312.03094482421875,355.7,348.615,2026-05-12 16:00:00+00:00,2026-08-12 15:00:00+00:00
2026-08-12,2026-08-12 17:33:33+00:00,online,BE,wind_offshore,chronos2_online,Chronos2 with covariates,weather_4p+tso_forecast,2208,2026-08-12 20:00:00+00:00,347.06378173828125,363.275,395.765,2026-05-12 16:00:00+00:00,2026-08-12 15:00:00+00:00
2026-08-12,2026-08-12 17:33:33+00:00,online,BE,wind_offshore,chronos2_online,Chronos2 with covariates,weather_4p+tso_forecast,2208,2026-08-12 21:00:00+00:00,346.81256103515625,329.075,439.5675,2026-05-12 16:00:00+00:00,2026-08-12 15:00:00+00:00
2026-08-12,2026-08-12 17:33:33+00:00,online,BE,wind_offshore,chronos2_online,Chronos2 with covariates,weather_4p+tso_forecast,2208,2026-08-12 22:00:00+00:00,281.1938171386719,273.225,417.31,2026-05-12 16:00:00+00:00,2026-08-12 15:00:00+00:00
2026-08-12,2026-08-12 17:33:33+00:00,online,BE,wind_offshore,chronos2_online,Chronos2 with covariates,weather_4p+tso_forecast,2208,2026-08-12 23:00:00+00:00,256.1002502441406,229.2,346.53,2026-05-12 16:00:00+00:00,2026-08-12 15:00:00+00:00
2026-08-12,2026-08-12 17:33:33+00:00,online,BE,wind_offshore,chronos2_online,Chronos2 with covariates,weather_4p+tso_forecast,2208,2026-08-13 00:00:00+00:00,231.809326171875,192.45,228.4775,2026-05-12 16:00:00+00:00,2026-08-12 15:00:00+00:00
2026-08-12,2026-08-12 17:33:33+00:00,online,BE,wind_offshore,chronos2_online,Chronos2 with covariates,weather_4p+tso_forecast,2208,2026-08-13 01:00:00+00:00,183.63580322265625,166.125,136.5675,2026-05-12 16:00:00+00:00,2026-08-12 15:00:00+00:00
2026-08-12,2026-08-12 17:33:33+00:00,online,BE,wind_offshore,chronos2_online,Chronos2 with covariates,weather_4p+tso_forecast,2208,2026-08-13 02:00:00+00:00,128.09844970703125,142.925,105.9875,2026-05-12 16:00:00+00:00,2026-08-12 15:00:00+00:00
2026-08-12,2026-08-12 17:33:33+00:00,online,BE,wind_offshore,chronos2_online,Chronos2 with covariates,weather_4p+tso_forecast,2208,2026-08-13 03:00:00+00:00,109.49588012695312,116.525,93.1275,2026-05-12 16:00:00+00:00,2026-08-12 15:00:00+00:00
2026-08-12,2026-08-12 17:33:33+00:00,online,BE,wind_offshore,chronos2_online,Chronos2 with covariates,weather_4p+tso_forecast,2208,2026-08-13 04:00:00+00:00,87.78652954101562,92.675,59.095,2026-05-12 16:00:00+00:00,2026-08-12 15:00:00+00:00
2026-08-12,2026-08-12 17:33:33+00:00,online,BE,wind_offshore,chronos2_online,Chronos2 with covariates,weather_4p+tso_forecast,2208,2026-08-13 05:00:00+00:00,66.39889526367188,73.025,12.33,2026-05-12 16:00:00+00:00,2026-08-12 15:00:00+00:00
2026-08-12,2026-08-12 17:33:33+00:00,online,BE,wind_offshore,chronos2_online,Chronos2 with covariates,weather_4p+tso_forecast,2208,2026-08-13 06:00:00+00:00,36.3487548828125,60.25,4.16,2026-05-12 16:00:00+00:00,2026-08-12 15:00:00+00:00
2026-08-12,2026-08-12 17:33:33+00:00,online,BE,wind_offshore,chronos2_online,Chronos2 with covariates,weather_4p+tso_forecast,2208,2026-08-13 07:00:00+00:00,30.0906982421875,52.775,10.005,2026-05-12 16:00:00+00:00,2026-08-12 15:00:00+00:00
2026-08-12,2026-08-12 17:33:33+00:00,online,BE,wind_offshore,chronos2_online,Chronos2 with covariates,weather_4p+tso_forecast,2208,2026-08-13 08:00:00+00:00,35.83074951171875,46.475,4.205,2026-05-12 16:00:00+00:00,2026-08-12 15:00:00+00:00
2026-08-12,2026-08-12 17:33:33+00:00,online,BE,wind_offshore,chronos2_online,Chronos2 with covariates,weather_4p+tso_forecast,2208,2026-08-13 09:00:00+00:00,34.2783203125,41.85,22.455,2026-05-12 16:00:00+00:00,2026-08-12 15:00:00+00:00
2026-08-12,2026-08-12 17:33:33+00:00,online,BE,wind_offshore,chronos2_online,Chronos2 with covariates,weather_4p+tso_forecast,2208,2026-08-13 10:00:00+00:00,34.07611083984375,40.1,28.165,2026-05-12 16:00:00+00:00,2026-08-12 15:00:00+00:00
2026-08-12,2026-08-12 17:33:33+00:00,online,BE,wind_offshore,chronos2_online,Chronos2 with covariates,weather_4p+tso_forecast,2208,2026-08-13 11:00:00+00:00,32.65179443359375,41.325,27.81,2026-05-12 16:00:00+00:00,2026-08-12 15:00:00+00:00
2026-08-12,2026-08-12 17:33:33+00:00,online,BE,wind_offshore,chronos2_online,Chronos2 with covariates,weather_4p+tso_forecast,2208,2026-08-13 12:00:00+00:00,31.01751708984375,43.075,30.12,2026-05-12 16:00:00+00:00,2026-08-12 15:00:00+00:00
2026-08-12,2026-08-12 17:33:33+00:00,online,BE,wind_offshore,chronos2_online,Chronos2 with covariates,weather_4p+tso_forecast,2208,2026-08-13 13:00:00+00:00,33.588134765625,42.4,27.65,2026-05-12 16:00:00+00:00,2026-08-12 15:00:00+00:00
2026-08-12,2026-08-12 17:33:33+00:00,online,BE,wind_offshore,chronos2_online,Chronos2 with covariates,weather_4p+tso_forecast,2208,2026-08-13 14:00:00+00:00,34.7452392578125,41.675,25.55,2026-05-12 16:00:00+00:00,2026-08-12 15:00:00+00:00
2026-08-12,2026-08-12 17:33:33+00:00,online,BE,wind_offshore,chronos2_online,Chronos2 with covariates,weather_4p+tso_forecast,2208,2026-08-13 15:00:00+00:00,34.5167236328125,42.5,28.1175,2026-05-12 16:00:00+00:00,2026-08-12 15:00:00+00:00
2026-08-12,2026-08-12 17:33:33+00:00,online,BE,wind_offshore,xgboost_online,XGBoost with covariates,weather_4p+tso_forecast,2208,2026-08-12 16:00:00+00:00,216.7399444580078,185.325,145.3675,2026-05-12 16:00:00+00:00,2026-08-12 15:00:00+00:00
2026-08-12,2026-08-12 17:33:33+00:00,online,BE,wind_offshore,xgboost_online,XGBoost with covariates,weather_4p+tso_forecast,2208,2026-08-12 17:00:00+00:00,258.7292785644531,242.85,239.1225,2026-05-12 16:00:00+00:00,2026-08-12 15:00:00+00:00
2026-08-12,2026-08-12 17:33:33+00:00,online,BE,wind_offshore,xgboost_online,XGBoost with covariates,weather_4p+tso_forecast,2208,2026-08-12 18:00:00+00:00,254.5906524658203,303.925,269.3125,2026-05-12 16:00:00+00:00,2026-08-12 15:00:00+00:00
2026-08-12,2026-08-12 17:33:33+00:00,online,BE,wind_offshore,xgboost_online,XGBoost with covariates,weather_4p+tso_forecast,2208,2026-08-12 19:00:00+00:00,336.0115966796875,355.7,348.615,2026-05-12 16:00:00+00:00,2026-08-12 15:00:00+00:00
2026-08-12,2026-08-12 17:33:33+00:00,online,BE,wind_offshore,xgboost_online,XGBoost with covariates,weather_4p+tso_forecast,2208,2026-08-12 20:00:00+00:00,314.7597961425781,363.275,395.765,2026-05-12 16:00:00+00:00,2026-08-12 15:00:00+00:00
2026-08-12,2026-08-12 17:33:33+00:00,online,BE,wind_offshore,xgboost_online,XGBoost with covariates,weather_4p+tso_forecast,2208,2026-08-12 21:00:00+00:00,346.21710205078125,329.075,439.5675,2026-05-12 16:00:00+00:00,2026-08-12 15:00:00+00:00
2026-08-12,2026-08-12 17:33:33+00:00,online,BE,wind_offshore,xgboost_online,XGBoost with covariates,weather_4p+tso_forecast,2208,2026-08-12 22:00:00+00:00,235.59500122070312,273.225,417.31,2026-05-12 16:00:00+00:00,2026-08-12 15:00:00+00:00
2026-08-12,2026-08-12 17:33:33+00:00,online,BE,wind_offshore,xgboost_online,XGBoost with covariates,weather_4p+tso_forecast,2208,2026-08-12 23:00:00+00:00,279.01177978515625,229.2,346.53,2026-05-12 16:00:00+00:00,2026-08-12 15:00:00+00:00
2026-08-12,2026-08-12 17:33:33+00:00,online,BE,wind_offshore,xgboost_online,XGBoost with covariates,weather_4p+tso_forecast,2208,2026-08-13 00:00:00+00:00,241.665771484375,192.45,228.4775,2026-05-12 16:00:00+00:00,2026-08-12 15:00:00+00:00
2026-08-12,2026-08-12 17:33:33+00:00,online,BE,wind_offshore,xgboost_online,XGBoost with covariates,weather_4p+tso_forecast,2208,2026-08-13 01:00:00+00:00,219.1249084472656,166.125,136.5675,2026-05-12 16:00:00+00:00,2026-08-12 15:00:00+00:00
2026-08-12,2026-08-12 17:33:33+00:00,online,BE,wind_offshore,xgboost_online,XGBoost with covariates,weather_4p+tso_forecast,2208,2026-08-13 02:00:00+00:00,158.47903442382812,142.925,105.9875,2026-05-12 16:00:00+00:00,2026-08-12 15:00:00+00:00
2026-08-12,2026-08-12 17:33:33+00:00,online,BE,wind_offshore,xgboost_online,XGBoost with covariates,weather_4p+tso_forecast,2208,2026-08-13 03:00:00+00:00,154.4846954345703,116.525,93.1275,2026-05-12 16:00:00+00:00,2026-08-12 15:00:00+00:00
2026-08-12,2026-08-12 17:33:33+00:00,online,BE,wind_offshore,xgboost_online,XGBoost with covariates,weather_4p+tso_forecast,2208,2026-08-13 04:00:00+00:00,157.2143096923828,92.675,59.095,2026-05-12 16:00:00+00:00,2026-08-12 15:00:00+00:00
2026-08-12,2026-08-12 17:33:33+00:00,online,BE,wind_offshore,xgboost_online,XGBoost with covariates,weather_4p+tso_forecast,2208,2026-08-13 05:00:00+00:00,207.5957489013672,73.025,12.33,2026-05-12 16:00:00+00:00,2026-08-12 15:00:00+00:00
2026-08-12,2026-08-12 17:33:33+00:00,online,BE,wind_offshore,xgboost_online,XGBoost with covariates,weather_4p+tso_forecast,2208,2026-08-13 06:00:00+00:00,177.98634338378906,60.25,4.16,2026-05-12 16:00:00+00:00,2026-08-12 15:00:00+00:00
2026-08-12,2026-08-12 17:33:33+00:00,online,BE,wind_offshore,xgboost_online,XGBoost with covariates,weather_4p+tso_forecast,2208,2026-08-13 07:00:00+00:00,164.33221435546875,52.775,10.005,2026-05-12 16:00:00+00:00,2026-08-12 15:00:00+00:00
2026-08-12,2026-08-12 17:33:33+00:00,online,BE,wind_offshore,xgboost_online,XGBoost with covariates,weather_4p+tso_forecast,2208,2026-08-13 08:00:00+00:00,36.143409729003906,46.475,4.205,2026-05-12 16:00:00+00:00,2026-08-12 15:00:00+00:00
2026-08-12,2026-08-12 17:33:33+00:00,online,BE,wind_offshore,xgboost_online,XGBoost with covariates,weather_4p+tso_forecast,2208,2026-08-13 09:00:00+00:00,112.55352783203124,41.85,22.455,2026-05-12 16:00:00+00:00,2026-08-12 15:00:00+00:00
2026-08-12,2026-08-12 17:33:33+00:00,online,BE,wind_offshore,xgboost_online,XGBoost with covariates,weather_4p+tso_forecast,2208,2026-08-13 10:00:00+00:00,44.16739273071289,40.1,28.165,2026-05-12 16:00:00+00:00,2026-08-12 15:00:00+00:00
2026-08-12,2026-08-12 17:33:33+00:00,online,BE,wind_offshore,xgboost_online,XGBoost with covariates,weather_4p+tso_forecast,2208,2026-08-13 11:00:00+00:00,38.43880844116211,41.325,27.81,2026-05-12 16:00:00+00:00,2026-08-12 15:00:00+00:00
2026-08-12,2026-08-12 17:33:33+00:00,online,BE,wind_offshore,xgboost_online,XGBoost with covariates,weather_4p+tso_forecast,2208,2026-08-13 12:00:00+00:00,42.90479278564453,43.075,30.12,2026-05-12 16:00:00+00:00,2026-08-12 15:00:00+00:00
2026-08-12,2026-08-12 17:33:33+00:00,online,BE,wind_offshore,xgboost_online,XGBoost with covariates,weather_4p+tso_forecast,2208,2026-08-13 13:00:00+00:00,42.4989013671875,42.4,27.65,2026-05-12 16:00:00+00:00,2026-08-12 15:00:00+00:00
2026-08-12,2026-08-12 17:33:33+00:00,online,BE,wind_offshore,xgboost_online,XGBoost with covariates,weather_4p+tso_forecast,2208,2026-08-13 14:00:00+00:00,51.1080322265625,41.675,25.55,2026-05-12 16:00:00+00:00,2026-08-12 15:00:00+00:00
2026-08-12,2026-08-12 17:33:33+00:00,online,BE,wind_offshore,xgboost_online,XGBoost with covariates,weather_4p+tso_forecast,2208,2026-08-13 15:00:00+00:00,54.543460845947266,42.5,28.1175,2026-05-12 16:00:00+00:00,2026-08-12 15:00:00+00:00
2026-08-12,2026-08-12 17:33:33+00:00,online,FR,load,tso_reference,TSO forecast,tso_forecast,2208,2026-08-12 16:00:00+00:00,49400.0,49400.0,50211.6625,2026-05-12 16:00:00+00:00,2026-08-12 15:00:00+00:00
2026-08-12,2026-08-12 17:33:33+00:00,online,FR,load,tso_reference,TSO forecast,tso_forecast,2208,2026-08-12 17:00:00+00:00,50137.5,50137.5,49356.7075,2026-05-12 16:00:00+00:00,2026-08-12 15:00:00+00:00
2026-08-12,2026-08-12 17:33:33+00:00,online,FR,load,tso_reference,TSO forecast,tso_forecast,2208,2026-08-12 18:00:00+00:00,48312.5,48312.5,47020.915,2026-05-12 16:00:00+00:00,2026-08-12 15:00:00+00:00
2026-08-12,2026-08-12 17:33:33+00:00,online,FR,load,tso_reference,TSO forecast,tso_forecast,2208,2026-08-12 19:00:00+00:00,46650.0,46650.0,46224.4575,2026-05-12 16:00:00+00:00,2026-08-12 15:00:00+00:00
2026-08-12,2026-08-12 17:33:33+00:00,online,FR,load,tso_reference,TSO forecast,tso_forecast,2208,2026-08-12 20:00:00+00:00,46687.5,46687.5,46806.735,2026-05-12 16:00:00+00:00,2026-08-12 15:00:00+00:00
2026-08-12,2026-08-12 17:33:33+00:00,online,FR,load,tso_reference,TSO forecast,tso_forecast,2208,2026-08-12 21:00:00+00:00,46475.0,46475.0,45191.92,2026-05-12 16:00:00+00:00,2026-08-12 15:00:00+00:00
2026-08-12,2026-08-12 17:33:33+00:00,online,FR,load,tso_reference,TSO forecast,tso_forecast,2208,2026-08-12 22:00:00+00:00,41812.5,41812.5,42326.14,2026-05-12 16:00:00+00:00,2026-08-12 15:00:00+00:00
2026-08-12,2026-08-12 17:33:33+00:00,online,FR,load,tso_reference,TSO forecast,tso_forecast,2208,2026-08-12 23:00:00+00:00,38975.0,38975.0,40113.5025,2026-05-12 16:00:00+00:00,2026-08-12 15:00:00+00:00
2026-08-12,2026-08-12 17:33:33+00:00,online,FR,load,tso_reference,TSO forecast,tso_forecast,2208,2026-08-13 00:00:00+00:00,37562.5,37562.5,37767.0725,2026-05-12 16:00:00+00:00,2026-08-12 15:00:00+00:00
2026-08-12,2026-08-12 17:33:33+00:00,online,FR,load,tso_reference,TSO forecast,tso_forecast,2208,2026-08-13 01:00:00+00:00,35375.0,35375.0,35971.9125,2026-05-12 16:00:00+00:00,2026-08-12 15:00:00+00:00
2026-08-12,2026-08-12 17:33:33+00:00,online,FR,load,tso_reference,TSO forecast,tso_forecast,2208,2026-08-13 02:00:00+00:00,34775.0,34775.0,35410.3975,2026-05-12 16:00:00+00:00,2026-08-12 15:00:00+00:00
2026-08-12,2026-08-12 17:33:33+00:00,online,FR,load,tso_reference,TSO forecast,tso_forecast,2208,2026-08-13 03:00:00+00:00,35350.0,35350.0,36229.4975,2026-05-12 16:00:00+00:00,2026-08-12 15:00:00+00:00
2026-08-12,2026-08-12 17:33:33+00:00,online,FR,load,tso_reference,TSO forecast,tso_forecast,2208,2026-08-13 04:00:00+00:00,37350.0,37350.0,37897.1625,2026-05-12 16:00:00+00:00,2026-08-12 15:00:00+00:00
2026-08-12,2026-08-12 17:33:33+00:00,online,FR,load,tso_reference,TSO forecast,tso_forecast,2208,2026-08-13 05:00:00+00:00,39312.5,39312.5,39390.28,2026-05-12 16:00:00+00:00,2026-08-12 15:00:00+00:00
2026-08-12,2026-08-12 17:33:33+00:00,online,FR,load,tso_reference,TSO forecast,tso_forecast,2208,2026-08-13 06:00:00+00:00,42237.5,42237.5,41789.7225,2026-05-12 16:00:00+00:00,2026-08-12 15:00:00+00:00
2026-08-12,2026-08-12 17:33:33+00:00,online,FR,load,tso_reference,TSO forecast,tso_forecast,2208,2026-08-13 07:00:00+00:00,44800.0,44800.0,44390.195,2026-05-12 16:00:00+00:00,2026-08-12 15:00:00+00:00
2026-08-12,2026-08-12 17:33:33+00:00,online,FR,load,tso_reference,TSO forecast,tso_forecast,2208,2026-08-13 08:00:00+00:00,46825.0,46825.0,46722.3775,2026-05-12 16:00:00+00:00,2026-08-12 15:00:00+00:00
2026-08-12,2026-08-12 17:33:33+00:00,online,FR,load,tso_reference,TSO forecast,tso_forecast,2208,2026-08-13 09:00:00+00:00,48237.5,48237.5,48651.0975,2026-05-12 16:00:00+00:00,2026-08-12 15:00:00+00:00
2026-08-12,2026-08-12 17:33:33+00:00,online,FR,load,tso_reference,TSO forecast,tso_forecast,2208,2026-08-13 10:00:00+00:00,49962.5,49962.5,50676.6,2026-05-12 16:00:00+00:00,2026-08-12 15:00:00+00:00
2026-08-12,2026-08-12 17:33:33+00:00,online,FR,load,tso_reference,TSO forecast,tso_forecast,2208,2026-08-13 11:00:00+00:00,49937.5,49937.5,50741.9275,2026-05-12 16:00:00+00:00,2026-08-12 15:00:00+00:00
2026-08-12,2026-08-12 17:33:33+00:00,online,FR,load,tso_reference,TSO forecast,tso_forecast,2208,2026-08-13 12:00:00+00:00,50725.0,50725.0,51919.3275,2026-05-12 16:00:00+00:00,2026-08-12 15:00:00+00:00
2026-08-12,2026-08-12 17:33:33+00:00,online,FR,load,tso_reference,TSO forecast,tso_forecast,2208,2026-08-13 13:00:00+00:00,50612.5,50612.5,51408.69,2026-05-12 16:00:00+00:00,2026-08-12 15:00:00+00:00
2026-08-12,2026-08-12 17:33:33+00:00,online,FR,load,tso_reference,TSO forecast,tso_forecast,2208,2026-08-13 14:00:00+00:00,49900.0,49900.0,50583.0825,2026-05-12 16:00:00+00:00,2026-08-12 15:00:00+00:00
2026-08-12,2026-08-12 17:33:33+00:00,online,FR,load,tso_reference,TSO forecast,tso_forecast,2208,2026-08-13 15:00:00+00:00,49487.5,49487.5,50760.02,2026-05-12 16:00:00+00:00,2026-08-12 15:00:00+00:00
2026-08-12,2026-08-12 17:33:33+00:00,online,FR,load,persistence,Persistence,weekly_persistence,2208,2026-08-12 16:00:00+00:00,48530.9125,49400.0,50211.6625,2026-05-12 16:00:00+00:00,2026-08-12 15:00:00+00:00
2026-08-12,2026-08-12 17:33:33+00:00,online,FR,load,persistence,Persistence,weekly_persistence,2208,2026-08-12 17:00:00+00:00,49272.4075,50137.5,49356.7075,2026-05-12 16:00:00+00:00,2026-08-12 15:00:00+00:00
2026-08-12,2026-08-12 17:33:33+00:00,online,FR,load,persistence,Persistence,weekly_persistence,2208,2026-08-12 18:00:00+00:00,47278.9175,48312.5,47020.915,2026-05-12 16:00:00+00:00,2026-08-12 15:00:00+00:00
2026-08-12,2026-08-12 17:33:33+00:00,online,FR,load,persistence,Persistence,weekly_persistence,2208,2026-08-12 19:00:00+00:00,46051.03,46650.0,46224.4575,2026-05-12 16:00:00+00:00,2026-08-12 15:00:00+00:00
2026-08-12,2026-08-12 17:33:33+00:00,online,FR,load,persistence,Persistence,weekly_persistence,2208,2026-08-12 20:00:00+00:00,46564.85,46687.5,46806.735,2026-05-12 16:00:00+00:00,2026-08-12 15:00:00+00:00
2026-08-12,2026-08-12 17:33:33+00:00,online,FR,load,persistence,Persistence,weekly_persistence,2208,2026-08-12 21:00:00+00:00,45101.3,46475.0,45191.92,2026-05-12 16:00:00+00:00,2026-08-12 15:00:00+00:00
2026-08-12,2026-08-12 17:33:33+00:00,online,FR,load,persistence,Persistence,weekly_persistence,2208,2026-08-12 22:00:00+00:00,42252.4175,41812.5,42326.14,2026-05-12 16:00:00+00:00,2026-08-12 15:00:00+00:00
2026-08-12,2026-08-12 17:33:33+00:00,online,FR,load,persistence,Persistence,weekly_persistence,2208,2026-08-12 23:00:00+00:00,40266.5775,38975.0,40113.5025,2026-05-12 16:00:00+00:00,2026-08-12 15:00:00+00:00
2026-08-12,2026-08-12 17:33:33+00:00,online,FR,load,persistence,Persistence,weekly_persistence,2208,2026-08-13 00:00:00+00:00,37997.2725,37562.5,37767.0725,2026-05-12 16:00:00+00:00,2026-08-12 15:00:00+00:00
2026-08-12,2026-08-12 17:33:33+00:00,online,FR,load,persistence,Persistence,weekly_persistence,2208,2026-08-13 01:00:00+00:00,36158.0325,35375.0,35971.9125,2026-05-12 16:00:00+00:00,2026-08-12 15:00:00+00:00
2026-08-12,2026-08-12 17:33:33+00:00,online,FR,load,persistence,Persistence,weekly_persistence,2208,2026-08-13 02:00:00+00:00,35673.345,34775.0,35410.3975,2026-05-12 16:00:00+00:00,2026-08-12 15:00:00+00:00
2026-08-12,2026-08-12 17:33:33+00:00,online,FR,load,persistence,Persistence,weekly_persistence,2208,2026-08-13 03:00:00+00:00,36643.3275,35350.0,36229.4975,2026-05-12 16:00:00+00:00,2026-08-12 15:00:00+00:00
2026-08-12,2026-08-12 17:33:33+00:00,online,FR,load,persistence,Persistence,weekly_persistence,2208,2026-08-13 04:00:00+00:00,38354.07,37350.0,37897.1625,2026-05-12 16:00:00+00:00,2026-08-12 15:00:00+00:00
2026-08-12,2026-08-12 17:33:33+00:00,online,FR,load,persistence,Persistence,weekly_persistence,2208,2026-08-13 05:00:00+00:00,40020.31,39312.5,39390.28,2026-05-12 16:00:00+00:00,2026-08-12 15:00:00+00:00
2026-08-12,2026-08-12 17:33:33+00:00,online,FR,load,persistence,Persistence,weekly_persistence,2208,2026-08-13 06:00:00+00:00,42190.785,42237.5,41789.7225,2026-05-12 16:00:00+00:00,2026-08-12 15:00:00+00:00
2026-08-12,2026-08-12 17:33:33+00:00,online,FR,load,persistence,Persistence,weekly_persistence,2208,2026-08-13 07:00:00+00:00,43828.7775,44800.0,44390.195,2026-05-12 16:00:00+00:00,2026-08-12 15:00:00+00:00
2026-08-12,2026-08-12 17:33:33+00:00,online,FR,load,persistence,Persistence,weekly_persistence,2208,2026-08-13 08:00:00+00:00,45270.675,46825.0,46722.3775,2026-05-12 16:00:00+00:00,2026-08-12 15:00:00+00:00
2026-08-12,2026-08-12 17:33:33+00:00,online,FR,load,persistence,Persistence,weekly_persistence,2208,2026-08-13 09:00:00+00:00,46273.61,48237.5,48651.0975,2026-05-12 16:00:00+00:00,2026-08-12 15:00:00+00:00
2026-08-12,2026-08-12 17:33:33+00:00,online,FR,load,persistence,Persistence,weekly_persistence,2208,2026-08-13 10:00:00+00:00,47623.4025,49962.5,50676.6,2026-05-12 16:00:00+00:00,2026-08-12 15:00:00+00:00
2026-08-12,2026-08-12 17:33:33+00:00,online,FR,load,persistence,Persistence,weekly_persistence,2208,2026-08-13 11:00:00+00:00,47149.43,49937.5,50741.9275,2026-05-12 16:00:00+00:00,2026-08-12 15:00:00+00:00
2026-08-12,2026-08-12 17:33:33+00:00,online,FR,load,persistence,Persistence,weekly_persistence,2208,2026-08-13 12:00:00+00:00,47847.7125,50725.0,51919.3275,2026-05-12 16:00:00+00:00,2026-08-12 15:00:00+00:00
2026-08-12,2026-08-12 17:33:33+00:00,online,FR,load,persistence,Persistence,weekly_persistence,2208,2026-08-13 13:00:00+00:00,47060.6275,50612.5,51408.69,2026-05-12 16:00:00+00:00,2026-08-12 15:00:00+00:00
2026-08-12,2026-08-12 17:33:33+00:00,online,FR,load,persistence,Persistence,weekly_persistence,2208,2026-08-13 14:00:00+00:00,45976.1025,49900.0,50583.0825,2026-05-12 16:00:00+00:00,2026-08-12 15:00:00+00:00
2026-08-12,2026-08-12 17:33:33+00:00,online,FR,load,persistence,Persistence,weekly_persistence,2208,2026-08-13 15:00:00+00:00,45790.7925,49487.5,50760.02,2026-05-12 16:00:00+00:00,2026-08-12 15:00:00+00:00
2026-08-12,2026-08-12 17:33:33+00:00,online,FR,load,ridge_3mo_context,Ridge with covariates,deg_proxy+tso_forecast,2208,2026-08-12 16:00:00+00:00,49489.7615617359,49400.0,50211.6625,2026-05-12 16:00:00+00:00,2026-08-12 15:00:00+00:00
2026-08-12,2026-08-12 17:33:33+00:00,online,FR,load,ridge_3mo_context,Ridge with covariates,deg_proxy+tso_forecast,2208,2026-08-12 17:00:00+00:00,50200.38396650439,50137.5,49356.7075,2026-05-12 16:00:00+00:00,2026-08-12 15:00:00+00:00
2026-08-12,2026-08-12 17:33:33+00:00,online,FR,load,ridge_3mo_context,Ridge with covariates,deg_proxy+tso_forecast,2208,2026-08-12 18:00:00+00:00,48403.90427270858,48312.5,47020.915,2026-05-12 16:00:00+00:00,2026-08-12 15:00:00+00:00
2026-08-12,2026-08-12 17:33:33+00:00,online,FR,load,ridge_3mo_context,Ridge with covariates,deg_proxy+tso_forecast,2208,2026-08-12 19:00:00+00:00,46752.20439445706,46650.0,46224.4575,2026-05-12 16:00:00+00:00,2026-08-12 15:00:00+00:00
2026-08-12,2026-08-12 17:33:33+00:00,online,FR,load,ridge_3mo_context,Ridge with covariates,deg_proxy+tso_forecast,2208,2026-08-12 20:00:00+00:00,46744.31898953982,46687.5,46806.735,2026-05-12 16:00:00+00:00,2026-08-12 15:00:00+00:00
2026-08-12,2026-08-12 17:33:33+00:00,online,FR,load,ridge_3mo_context,Ridge with covariates,deg_proxy+tso_forecast,2208,2026-08-12 21:00:00+00:00,46524.31662889082,46475.0,45191.92,2026-05-12 16:00:00+00:00,2026-08-12 15:00:00+00:00
2026-08-12,2026-08-12 17:33:33+00:00,online,FR,load,ridge_3mo_context,Ridge with covariates,deg_proxy+tso_forecast,2208,2026-08-12 22:00:00+00:00,41981.63352104976,41812.5,42326.14,2026-05-12 16:00:00+00:00,2026-08-12 15:00:00+00:00
2026-08-12,2026-08-12 17:33:33+00:00,online,FR,load,ridge_3mo_context,Ridge with covariates,deg_proxy+tso_forecast,2208,2026-08-12 23:00:00+00:00,39222.75726868688,38975.0,40113.5025,2026-05-12 16:00:00+00:00,2026-08-12 15:00:00+00:00
2026-08-12,2026-08-12 17:33:33+00:00,online,FR,load,ridge_3mo_context,Ridge with covariates,deg_proxy+tso_forecast,2208,2026-08-13 00:00:00+00:00,37785.48039260066,37562.5,37767.0725,2026-05-12 16:00:00+00:00,2026-08-12 15:00:00+00:00
2026-08-12,2026-08-12 17:33:33+00:00,online,FR,load,ridge_3mo_context,Ridge with covariates,deg_proxy+tso_forecast,2208,2026-08-13 01:00:00+00:00,35645.117934967544,35375.0,35971.9125,2026-05-12 16:00:00+00:00,2026-08-12 15:00:00+00:00
2026-08-12,2026-08-12 17:33:33+00:00,online,FR,load,ridge_3mo_context,Ridge with covariates,deg_proxy+tso_forecast,2208,2026-08-13 02:00:00+00:00,35067.50997654183,34775.0,35410.3975,2026-05-12 16:00:00+00:00,2026-08-12 15:00:00+00:00
2026-08-12,2026-08-12 17:33:33+00:00,online,FR,load,ridge_3mo_context,Ridge with covariates,deg_proxy+tso_forecast,2208,2026-08-13 03:00:00+00:00,35604.87928976264,35350.0,36229.4975,2026-05-12 16:00:00+00:00,2026-08-12 15:00:00+00:00
2026-08-12,2026-08-12 17:33:33+00:00,online,FR,load,ridge_3mo_context,Ridge with covariates,deg_proxy+tso_forecast,2208,2026-08-13 04:00:00+00:00,37537.600683794546,37350.0,37897.1625,2026-05-12 16:00:00+00:00,2026-08-12 15:00:00+00:00
2026-08-12,2026-08-12 17:33:33+00:00,online,FR,load,ridge_3mo_context,Ridge with covariates,deg_proxy+tso_forecast,2208,2026-08-13 05:00:00+00:00,39435.89123379241,39312.5,39390.28,2026-05-12 16:00:00+00:00,2026-08-12 15:00:00+00:00
2026-08-12,2026-08-12 17:33:33+00:00,online,FR,load,ridge_3mo_context,Ridge with covariates,deg_proxy+tso_forecast,2208,2026-08-13 06:00:00+00:00,42291.75527733055,42237.5,41789.7225,2026-05-12 16:00:00+00:00,2026-08-12 15:00:00+00:00
2026-08-12,2026-08-12 17:33:33+00:00,online,FR,load,ridge_3mo_context,Ridge with covariates,deg_proxy+tso_forecast,2208,2026-08-13 07:00:00+00:00,44826.359159883395,44800.0,44390.195,2026-05-12 16:00:00+00:00,2026-08-12 15:00:00+00:00
2026-08-12,2026-08-12 17:33:33+00:00,online,FR,load,ridge_3mo_context,Ridge with covariates,deg_proxy+tso_forecast,2208,2026-08-13 08:00:00+00:00,46832.09020912206,46825.0,46722.3775,2026-05-12 16:00:00+00:00,2026-08-12 15:00:00+00:00
2026-08-12,2026-08-12 17:33:33+00:00,online,FR,load,ridge_3mo_context,Ridge with covariates,deg_proxy+tso_forecast,2208,2026-08-13 09:00:00+00:00,48243.98718574605,48237.5,48651.0975,2026-05-12 16:00:00+00:00,2026-08-12 15:00:00+00:00
2026-08-12,2026-08-12 17:33:33+00:00,online,FR,load,ridge_3mo_context,Ridge with covariates,deg_proxy+tso_forecast,2208,2026-08-13 10:00:00+00:00,49959.05973251873,49962.5,50676.6,2026-05-12 16:00:00+00:00,2026-08-12 15:00:00+00:00
2026-08-12,2026-08-12 17:33:33+00:00,online,FR,load,ridge_3mo_context,Ridge with covariates,deg_proxy+tso_forecast,2208,2026-08-13 11:00:00+00:00,49965.037785032706,49937.5,50741.9275,2026-05-12 16:00:00+00:00,2026-08-12 15:00:00+00:00
2026-08-12,2026-08-12 17:33:33+00:00,online,FR,load,ridge_3mo_context,Ridge with covariates,deg_proxy+tso_forecast,2208,2026-08-13 12:00:00+00:00,50753.03160190514,50725.0,51919.3275,2026-05-12 16:00:00+00:00,2026-08-12 15:00:00+00:00
2026-08-12,2026-08-12 17:33:33+00:00,online,FR,load,ridge_3mo_context,Ridge with covariates,deg_proxy+tso_forecast,2208,2026-08-13 13:00:00+00:00,50657.34856507685,50612.5,51408.69,2026-05-12 16:00:00+00:00,2026-08-12 15:00:00+00:00
2026-08-12,2026-08-12 17:33:33+00:00,online,FR,load,ridge_3mo_context,Ridge with covariates,deg_proxy+tso_forecast,2208,2026-08-13 14:00:00+00:00,49976.44807454898,49900.0,50583.0825,2026-05-12 16:00:00+00:00,2026-08-12 15:00:00+00:00
2026-08-12,2026-08-12 17:33:33+00:00,online,FR,load,ridge_3mo_context,Ridge with covariates,deg_proxy+tso_forecast,2208,2026-08-13 15:00:00+00:00,49579.96536845896,49487.5,50760.02,2026-05-12 16:00:00+00:00,2026-08-12 15:00:00+00:00
2026-08-12,2026-08-12 17:33:33+00:00,online,FR,load,chronos2_online,Chronos2 with covariates,Temp+tso_forecast,2208,2026-08-12 16:00:00+00:00,50258.51171875,49400.0,50211.6625,2026-05-12 16:00:00+00:00,2026-08-12 15:00:00+00:00
2026-08-12,2026-08-12 17:33:33+00:00,online,FR,load,chronos2_online,Chronos2 with covariates,Temp+tso_forecast,2208,2026-08-12 17:00:00+00:00,50493.4296875,50137.5,49356.7075,2026-05-12 16:00:00+00:00,2026-08-12 15:00:00+00:00
2026-08-12,2026-08-12 17:33:33+00:00,online,FR,load,chronos2_online,Chronos2 with covariates,Temp+tso_forecast,2208,2026-08-12 18:00:00+00:00,48551.1484375,48312.5,47020.915,2026-05-12 16:00:00+00:00,2026-08-12 15:00:00+00:00
2026-08-12,2026-08-12 17:33:33+00:00,online,FR,load,chronos2_online,Chronos2 with covariates,Temp+tso_forecast,2208,2026-08-12 19:00:00+00:00,47225.06640625,46650.0,46224.4575,2026-05-12 16:00:00+00:00,2026-08-12 15:00:00+00:00
2026-08-12,2026-08-12 17:33:33+00:00,online,FR,load,chronos2_online,Chronos2 with covariates,Temp+tso_forecast,2208,2026-08-12 20:00:00+00:00,46965.578125,46687.5,46806.735,2026-05-12 16:00:00+00:00,2026-08-12 15:00:00+00:00
2026-08-12,2026-08-12 17:33:33+00:00,online,FR,load,chronos2_online,Chronos2 with covariates,Temp+tso_forecast,2208,2026-08-12 21:00:00+00:00,45299.4609375,46475.0,45191.92,2026-05-12 16:00:00+00:00,2026-08-12 15:00:00+00:00
2026-08-12,2026-08-12 17:33:33+00:00,online,FR,load,chronos2_online,Chronos2 with covariates,Temp+tso_forecast,2208,2026-08-12 22:00:00+00:00,41936.03125,41812.5,42326.14,2026-05-12 16:00:00+00:00,2026-08-12 15:00:00+00:00
2026-08-12,2026-08-12 17:33:33+00:00,online,FR,load,chronos2_online,Chronos2 with covariates,Temp+tso_forecast,2208,2026-08-12 23:00:00+00:00,39491.94140625,38975.0,40113.5025,2026-05-12 16:00:00+00:00,2026-08-12 15:00:00+00:00
2026-08-12,2026-08-12 17:33:33+00:00,online,FR,load,chronos2_online,Chronos2 with covariates,Temp+tso_forecast,2208,2026-08-13 00:00:00+00:00,37708.2421875,37562.5,37767.0725,2026-05-12 16:00:00+00:00,2026-08-12 15:00:00+00:00
2026-08-12,2026-08-12 17:33:33+00:00,online,FR,load,chronos2_online,Chronos2 with covariates,Temp+tso_forecast,2208,2026-08-13 01:00:00+00:00,35824.8671875,35375.0,35971.9125,2026-05-12 16:00:00+00:00,2026-08-12 15:00:00+00:00
2026-08-12,2026-08-12 17:33:33+00:00,online,FR,load,chronos2_online,Chronos2 with covariates,Temp+tso_forecast,2208,2026-08-13 02:00:00+00:00,35420.62890625,34775.0,35410.3975,2026-05-12 16:00:00+00:00,2026-08-12 15:00:00+00:00
2026-08-12,2026-08-12 17:33:33+00:00,online,FR,load,chronos2_online,Chronos2 with covariates,Temp+tso_forecast,2208,2026-08-13 03:00:00+00:00,36157.20703125,35350.0,36229.4975,2026-05-12 16:00:00+00:00,2026-08-12 15:00:00+00:00
2026-08-12,2026-08-12 17:33:33+00:00,online,FR,load,chronos2_online,Chronos2 with covariates,Temp+tso_forecast,2208,2026-08-13 04:00:00+00:00,37783.84375,37350.0,37897.1625,2026-05-12 16:00:00+00:00,2026-08-12 15:00:00+00:00
2026-08-12,2026-08-12 17:33:33+00:00,online,FR,load,chronos2_online,Chronos2 with covariates,Temp+tso_forecast,2208,2026-08-13 05:00:00+00:00,39523.69140625,39312.5,39390.28,2026-05-12 16:00:00+00:00,2026-08-12 15:00:00+00:00
2026-08-12,2026-08-12 17:33:33+00:00,online,FR,load,chronos2_online,Chronos2 with covariates,Temp+tso_forecast,2208,2026-08-13 06:00:00+00:00,41936.984375,42237.5,41789.7225,2026-05-12 16:00:00+00:00,2026-08-12 15:00:00+00:00
2026-08-12,2026-08-12 17:33:33+00:00,online,FR,load,chronos2_online,Chronos2 with covariates,Temp+tso_forecast,2208,2026-08-13 07:00:00+00:00,44639.0546875,44800.0,44390.195,2026-05-12 16:00:00+00:00,2026-08-12 15:00:00+00:00
2026-08-12,2026-08-12 17:33:33+00:00,online,FR,load,chronos2_online,Chronos2 with covariates,Temp+tso_forecast,2208,2026-08-13 08:00:00+00:00,46683.8359375,46825.0,46722.3775,2026-05-12 16:00:00+00:00,2026-08-12 15:00:00+00:00
2026-08-12,2026-08-12 17:33:33+00:00,online,FR,load,chronos2_online,Chronos2 with covariates,Temp+tso_forecast,2208,2026-08-13 09:00:00+00:00,48626.43359375,48237.5,48651.0975,2026-05-12 16:00:00+00:00,2026-08-12 15:00:00+00:00
2026-08-12,2026-08-12 17:33:33+00:00,online,FR,load,chronos2_online,Chronos2 with covariates,Temp+tso_forecast,2208,2026-08-13 10:00:00+00:00,50314.31640625,49962.5,50676.6,2026-05-12 16:00:00+00:00,2026-08-12 15:00:00+00:00
2026-08-12,2026-08-12 17:33:33+00:00,online,FR,load,chronos2_online,Chronos2 with covariates,Temp+tso_forecast,2208,2026-08-13 11:00:00+00:00,50262.4375,49937.5,50741.9275,2026-05-12 16:00:00+00:00,2026-08-12 15:00:00+00:00
2026-08-12,2026-08-12 17:33:33+00:00,online,FR,load,chronos2_online,Chronos2 with covariates,Temp+tso_forecast,2208,2026-08-13 12:00:00+00:00,51133.609375,50725.0,51919.3275,2026-05-12 16:00:00+00:00,2026-08-12 15:00:00+00:00
2026-08-12,2026-08-12 17:33:33+00:00,online,FR,load,chronos2_online,Chronos2 with covariates,Temp+tso_forecast,2208,2026-08-13 13:00:00+00:00,50861.4765625,50612.5,51408.69,2026-05-12 16:00:00+00:00,2026-08-12 15:00:00+00:00
2026-08-12,2026-08-12 17:33:33+00:00,online,FR,load,chronos2_online,Chronos2 with covariates,Temp+tso_forecast,2208,2026-08-13 14:00:00+00:00,50063.0,49900.0,50583.0825,2026-05-12 16:00:00+00:00,2026-08-12 15:00:00+00:00
2026-08-12,2026-08-12 17:33:33+00:00,online,FR,load,chronos2_online,Chronos2 with covariates,Temp+tso_forecast,2208,2026-08-13 15:00:00+00:00,50008.32421875,49487.5,50760.02,2026-05-12 16:00:00+00:00,2026-08-12 15:00:00+00:00
2026-08-12,2026-08-12 17:33:33+00:00,online,FR,solar,tso_reference,TSO forecast,tso_forecast,2208,2026-08-12 16:00:00+00:00,9575.6566175,9575.6566175,9209.625,2026-05-12 16:00:00+00:00,2026-08-12 15:00:00+00:00
2026-08-12,2026-08-12 17:33:33+00:00,online,FR,solar,tso_reference,TSO forecast,tso_forecast,2208,2026-08-12 17:00:00+00:00,4450.0759875,4450.0759875,3952.125,2026-05-12 16:00:00+00:00,2026-08-12 15:00:00+00:00
2026-08-12,2026-08-12 17:33:33+00:00,online,FR,solar,tso_reference,TSO forecast,tso_forecast,2208,2026-08-12 18:00:00+00:00,923.26515,923.26515,772.83,2026-05-12 16:00:00+00:00,2026-08-12 15:00:00+00:00
2026-08-12,2026-08-12 17:33:33+00:00,online,FR,solar,tso_reference,TSO forecast,tso_forecast,2208,2026-08-12 19:00:00+00:00,30.745175,30.745175,263.78499999999997,2026-05-12 16:00:00+00:00,2026-08-12 15:00:00+00:00
2026-08-12,2026-08-12 17:33:33+00:00,online,FR,solar,tso_reference,TSO forecast,tso_forecast,2208,2026-08-12 20:00:00+00:00,0.0,0.0,247.6025,2026-05-12 16:00:00+00:00,2026-08-12 15:00:00+00:00
2026-08-12,2026-08-12 17:33:33+00:00,online,FR,solar,tso_reference,TSO forecast,tso_forecast,2208,2026-08-12 21:00:00+00:00,0.0,0.0,0.0,2026-05-12 16:00:00+00:00,2026-08-12 15:00:00+00:00
2026-08-12,2026-08-12 17:33:33+00:00,online,FR,solar,tso_reference,TSO forecast,tso_forecast,2208,2026-08-12 22:00:00+00:00,0.0,0.0,0.0,2026-05-12 16:00:00+00:00,2026-08-12 15:00:00+00:00
2026-08-12,2026-08-12 17:33:33+00:00,online,FR,solar,tso_reference,TSO forecast,tso_forecast,2208,2026-08-12 23:00:00+00:00,0.0,0.0,0.0,2026-05-12 16:00:00+00:00,2026-08-12 15:00:00+00:00
2026-08-12,2026-08-12 17:33:33+00:00,online,FR,solar,tso_reference,TSO forecast,tso_forecast,2208,2026-08-13 00:00:00+00:00,0.0,0.0,0.0,2026-05-12 16:00:00+00:00,2026-08-12 15:00:00+00:00
2026-08-12,2026-08-12 17:33:33+00:00,online,FR,solar,tso_reference,TSO forecast,tso_forecast,2208,2026-08-13 01:00:00+00:00,0.0,0.0,0.0,2026-05-12 16:00:00+00:00,2026-08-12 15:00:00+00:00
2026-08-12,2026-08-12 17:33:33+00:00,online,FR,solar,tso_reference,TSO forecast,tso_forecast,2208,2026-08-13 02:00:00+00:00,0.0,0.0,0.0,2026-05-12 16:00:00+00:00,2026-08-12 15:00:00+00:00
2026-08-12,2026-08-12 17:33:33+00:00,online,FR,solar,tso_reference,TSO forecast,tso_forecast,2208,2026-08-13 03:00:00+00:00,0.0,0.0,0.0,2026-05-12 16:00:00+00:00,2026-08-12 15:00:00+00:00
2026-08-12,2026-08-12 17:33:33+00:00,online,FR,solar,tso_reference,TSO forecast,tso_forecast,2208,2026-08-13 04:00:00+00:00,27.16389,27.16389,289.66499999999996,2026-05-12 16:00:00+00:00,2026-08-12 15:00:00+00:00
2026-08-12,2026-08-12 17:33:33+00:00,online,FR,solar,tso_reference,TSO forecast,tso_forecast,2208,2026-08-13 05:00:00+00:00,771.5374724999999,771.5374724999999,1041.485,2026-05-12 16:00:00+00:00,2026-08-12 15:00:00+00:00
2026-08-12,2026-08-12 17:33:33+00:00,online,FR,solar,tso_reference,TSO forecast,tso_forecast,2208,2026-08-13 06:00:00+00:00,3745.128845,3745.128845,4293.1849999999995,2026-05-12 16:00:00+00:00,2026-08-12 15:00:00+00:00
2026-08-12,2026-08-12 17:33:33+00:00,online,FR,solar,tso_reference,TSO forecast,tso_forecast,2208,2026-08-13 07:00:00+00:00,8823.1093725,8823.1093725,9574.425,2026-05-12 16:00:00+00:00,2026-08-12 15:00:00+00:00
2026-08-12,2026-08-12 17:33:33+00:00,online,FR,solar,tso_reference,TSO forecast,tso_forecast,2208,2026-08-13 08:00:00+00:00,13890.8120125,13890.8120125,14570.9675,2026-05-12 16:00:00+00:00,2026-08-12 15:00:00+00:00
2026-08-12,2026-08-12 17:33:33+00:00,online,FR,solar,tso_reference,TSO forecast,tso_forecast,2208,2026-08-13 09:00:00+00:00,17652.96631,17652.96631,18071.8675,2026-05-12 16:00:00+00:00,2026-08-12 15:00:00+00:00
2026-08-12,2026-08-12 17:33:33+00:00,online,FR,solar,tso_reference,TSO forecast,tso_forecast,2208,2026-08-13 10:00:00+00:00,19966.57373,19966.57373,20207.6625,2026-05-12 16:00:00+00:00,2026-08-12 15:00:00+00:00
2026-08-12,2026-08-12 17:33:33+00:00,online,FR,solar,tso_reference,TSO forecast,tso_forecast,2208,2026-08-13 11:00:00+00:00,20985.347655,20985.347655,21064.6975,2026-05-12 16:00:00+00:00,2026-08-12 15:00:00+00:00
2026-08-12,2026-08-12 17:33:33+00:00,online,FR,solar,tso_reference,TSO forecast,tso_forecast,2208,2026-08-13 12:00:00+00:00,20930.5336925,20930.5336925,20796.16,2026-05-12 16:00:00+00:00,2026-08-12 15:00:00+00:00
2026-08-12,2026-08-12 17:33:33+00:00,online,FR,solar,tso_reference,TSO forecast,tso_forecast,2208,2026-08-13 13:00:00+00:00,19796.39014,19796.39014,19573.2975,2026-05-12 16:00:00+00:00,2026-08-12 15:00:00+00:00
2026-08-12,2026-08-12 17:33:33+00:00,online,FR,solar,tso_reference,TSO forecast,tso_forecast,2208,2026-08-13 14:00:00+00:00,17411.00293,17411.00293,17209.49,2026-05-12 16:00:00+00:00,2026-08-12 15:00:00+00:00
2026-08-12,2026-08-12 17:33:33+00:00,online,FR,solar,tso_reference,TSO forecast,tso_forecast,2208,2026-08-13 15:00:00+00:00,14020.6621075,14020.6621075,13741.265,2026-05-12 16:00:00+00:00,2026-08-12 15:00:00+00:00
2026-08-12,2026-08-12 17:33:33+00:00,online,FR,solar,persistence,Persistence,daily_persistence,2208,2026-08-12 16:00:00+00:00,8778.9075,9575.6566175,9209.625,2026-05-12 16:00:00+00:00,2026-08-12 15:00:00+00:00
2026-08-12,2026-08-12 17:33:33+00:00,online,FR,solar,persistence,Persistence,daily_persistence,2208,2026-08-12 17:00:00+00:00,4108.19,4450.0759875,3952.125,2026-05-12 16:00:00+00:00,2026-08-12 15:00:00+00:00
2026-08-12,2026-08-12 17:33:33+00:00,online,FR,solar,persistence,Persistence,daily_persistence,2208,2026-08-12 18:00:00+00:00,1117.1475,923.26515,772.83,2026-05-12 16:00:00+00:00,2026-08-12 15:00:00+00:00
2026-08-12,2026-08-12 17:33:33+00:00,online,FR,solar,persistence,Persistence,daily_persistence,2208,2026-08-12 19:00:00+00:00,266.665,30.745175,263.78499999999997,2026-05-12 16:00:00+00:00,2026-08-12 15:00:00+00:00
2026-08-12,2026-08-12 17:33:33+00:00,online,FR,solar,persistence,Persistence,daily_persistence,2208,2026-08-12 20:00:00+00:00,232.2925,0.0,247.6025,2026-05-12 16:00:00+00:00,2026-08-12 15:00:00+00:00
2026-08-12,2026-08-12 17:33:33+00:00,online,FR,solar,persistence,Persistence,daily_persistence,2208,2026-08-12 21:00:00+00:00,0.0,0.0,0.0,2026-05-12 16:00:00+00:00,2026-08-12 15:00:00+00:00
2026-08-12,2026-08-12 17:33:33+00:00,online,FR,solar,persistence,Persistence,daily_persistence,2208,2026-08-12 22:00:00+00:00,0.0,0.0,0.0,2026-05-12 16:00:00+00:00,2026-08-12 15:00:00+00:00
2026-08-12,2026-08-12 17:33:33+00:00,online,FR,solar,persistence,Persistence,daily_persistence,2208,2026-08-12 23:00:00+00:00,0.0,0.0,0.0,2026-05-12 16:00:00+00:00,2026-08-12 15:00:00+00:00
2026-08-12,2026-08-12 17:33:33+00:00,online,FR,solar,persistence,Persistence,daily_persistence,2208,2026-08-13 00:00:00+00:00,0.0,0.0,0.0,2026-05-12 16:00:00+00:00,2026-08-12 15:00:00+00:00
2026-08-12,2026-08-12 17:33:33+00:00,online,FR,solar,persistence,Persistence,daily_persistence,2208,2026-08-13 01:00:00+00:00,0.0,0.0,0.0,2026-05-12 16:00:00+00:00,2026-08-12 15:00:00+00:00
2026-08-12,2026-08-12 17:33:33+00:00,online,FR,solar,persistence,Persistence,daily_persistence,2208,2026-08-13 02:00:00+00:00,0.0,0.0,0.0,2026-05-12 16:00:00+00:00,2026-08-12 15:00:00+00:00
2026-08-12,2026-08-12 17:33:33+00:00,online,FR,solar,persistence,Persistence,daily_persistence,2208,2026-08-13 03:00:00+00:00,0.0,0.0,0.0,2026-05-12 16:00:00+00:00,2026-08-12 15:00:00+00:00
2026-08-12,2026-08-12 17:33:33+00:00,online,FR,solar,persistence,Persistence,daily_persistence,2208,2026-08-13 04:00:00+00:00,269.71,27.16389,289.66499999999996,2026-05-12 16:00:00+00:00,2026-08-12 15:00:00+00:00
2026-08-12,2026-08-12 17:33:33+00:00,online,FR,solar,persistence,Persistence,daily_persistence,2208,2026-08-13 05:00:00+00:00,1038.0925,771.5374724999999,1041.485,2026-05-12 16:00:00+00:00,2026-08-12 15:00:00+00:00
2026-08-12,2026-08-12 17:33:33+00:00,online,FR,solar,persistence,Persistence,daily_persistence,2208,2026-08-13 06:00:00+00:00,4198.67,3745.128845,4293.1849999999995,2026-05-12 16:00:00+00:00,2026-08-12 15:00:00+00:00
2026-08-12,2026-08-12 17:33:33+00:00,online,FR,solar,persistence,Persistence,daily_persistence,2208,2026-08-13 07:00:00+00:00,9274.2,8823.1093725,9574.425,2026-05-12 16:00:00+00:00,2026-08-12 15:00:00+00:00
2026-08-12,2026-08-12 17:33:33+00:00,online,FR,solar,persistence,Persistence,daily_persistence,2208,2026-08-13 08:00:00+00:00,14424.2175,13890.8120125,14570.9675,2026-05-12 16:00:00+00:00,2026-08-12 15:00:00+00:00
2026-08-12,2026-08-12 17:33:33+00:00,online,FR,solar,persistence,Persistence,daily_persistence,2208,2026-08-13 09:00:00+00:00,18139.13,17652.96631,18071.8675,2026-05-12 16:00:00+00:00,2026-08-12 15:00:00+00:00
2026-08-12,2026-08-12 17:33:33+00:00,online,FR,solar,persistence,Persistence,daily_persistence,2208,2026-08-13 10:00:00+00:00,20267.285,19966.57373,20207.6625,2026-05-12 16:00:00+00:00,2026-08-12 15:00:00+00:00
2026-08-12,2026-08-12 17:33:33+00:00,online,FR,solar,persistence,Persistence,daily_persistence,2208,2026-08-13 11:00:00+00:00,21039.7325,20985.347655,21064.6975,2026-05-12 16:00:00+00:00,2026-08-12 15:00:00+00:00
2026-08-12,2026-08-12 17:33:33+00:00,online,FR,solar,persistence,Persistence,daily_persistence,2208,2026-08-13 12:00:00+00:00,20761.25,20930.5336925,20796.16,2026-05-12 16:00:00+00:00,2026-08-12 15:00:00+00:00
2026-08-12,2026-08-12 17:33:33+00:00,online,FR,solar,persistence,Persistence,daily_persistence,2208,2026-08-13 13:00:00+00:00,19748.08,19796.39014,19573.2975,2026-05-12 16:00:00+00:00,2026-08-12 15:00:00+00:00
2026-08-12,2026-08-12 17:33:33+00:00,online,FR,solar,persistence,Persistence,daily_persistence,2208,2026-08-13 14:00:00+00:00,17391.175,17411.00293,17209.49,2026-05-12 16:00:00+00:00,2026-08-12 15:00:00+00:00
2026-08-12,2026-08-12 17:33:33+00:00,online,FR,solar,persistence,Persistence,daily_persistence,2208,2026-08-13 15:00:00+00:00,13862.2775,14020.6621075,13741.265,2026-05-12 16:00:00+00:00,2026-08-12 15:00:00+00:00
2026-08-12,2026-08-12 17:33:33+00:00,online,FR,solar,chronos2_online,Chronos2 with covariates,weather_4p+tso_forecast,2208,2026-08-12 16:00:00+00:00,9088.6826171875,9575.6566175,9209.625,2026-05-12 16:00:00+00:00,2026-08-12 15:00:00+00:00
2026-08-12,2026-08-12 17:33:33+00:00,online,FR,solar,chronos2_online,Chronos2 with covariates,weather_4p+tso_forecast,2208,2026-08-12 17:00:00+00:00,4209.083984375,4450.0759875,3952.125,2026-05-12 16:00:00+00:00,2026-08-12 15:00:00+00:00
2026-08-12,2026-08-12 17:33:33+00:00,online,FR,solar,chronos2_online,Chronos2 with covariates,weather_4p+tso_forecast,2208,2026-08-12 18:00:00+00:00,1090.26318359375,923.26515,772.83,2026-05-12 16:00:00+00:00,2026-08-12 15:00:00+00:00
2026-08-12,2026-08-12 17:33:33+00:00,online,FR,solar,chronos2_online,Chronos2 with covariates,weather_4p+tso_forecast,2208,2026-08-12 19:00:00+00:00,325.49658203125,30.745175,263.78499999999997,2026-05-12 16:00:00+00:00,2026-08-12 15:00:00+00:00
2026-08-12,2026-08-12 17:33:33+00:00,online,FR,solar,chronos2_online,Chronos2 with covariates,weather_4p+tso_forecast,2208,2026-08-12 20:00:00+00:00,169.61376953125,0.0,247.6025,2026-05-12 16:00:00+00:00,2026-08-12 15:00:00+00:00
2026-08-12,2026-08-12 17:33:33+00:00,online,FR,solar,chronos2_online,Chronos2 with covariates,weather_4p+tso_forecast,2208,2026-08-12 21:00:00+00:00,147.23681640625,0.0,0.0,2026-05-12 16:00:00+00:00,2026-08-12 15:00:00+00:00
2026-08-12,2026-08-12 17:33:33+00:00,online,FR,solar,chronos2_online,Chronos2 with covariates,weather_4p+tso_forecast,2208,2026-08-12 22:00:00+00:00,148.8798828125,0.0,0.0,2026-05-12 16:00:00+00:00,2026-08-12 15:00:00+00:00
2026-08-12,2026-08-12 17:33:33+00:00,online,FR,solar,chronos2_online,Chronos2 with covariates,weather_4p+tso_forecast,2208,2026-08-12 23:00:00+00:00,169.818359375,0.0,0.0,2026-05-12 16:00:00+00:00,2026-08-12 15:00:00+00:00
2026-08-12,2026-08-12 17:33:33+00:00,online,FR,solar,chronos2_online,Chronos2 with covariates,weather_4p+tso_forecast,2208,2026-08-13 00:00:00+00:00,172.41552734375,0.0,0.0,2026-05-12 16:00:00+00:00,2026-08-12 15:00:00+00:00
2026-08-12,2026-08-12 17:33:33+00:00,online,FR,solar,chronos2_online,Chronos2 with covariates,weather_4p+tso_forecast,2208,2026-08-13 01:00:00+00:00,152.2294921875,0.0,0.0,2026-05-12 16:00:00+00:00,2026-08-12 15:00:00+00:00
2026-08-12,2026-08-12 17:33:33+00:00,online,FR,solar,chronos2_online,Chronos2 with covariates,weather_4p+tso_forecast,2208,2026-08-13 02:00:00+00:00,68.17822265625,0.0,0.0,2026-05-12 16:00:00+00:00,2026-08-12 15:00:00+00:00
2026-08-12,2026-08-12 17:33:33+00:00,online,FR,solar,chronos2_online,Chronos2 with covariates,weather_4p+tso_forecast,2208,2026-08-13 03:00:00+00:00,96.447265625,0.0,0.0,2026-05-12 16:00:00+00:00,2026-08-12 15:00:00+00:00
2026-08-12,2026-08-12 17:33:33+00:00,online,FR,solar,chronos2_online,Chronos2 with covariates,weather_4p+tso_forecast,2208,2026-08-13 04:00:00+00:00,234.642578125,27.16389,289.66499999999996,2026-05-12 16:00:00+00:00,2026-08-12 15:00:00+00:00
2026-08-12,2026-08-12 17:33:33+00:00,online,FR,solar,chronos2_online,Chronos2 with covariates,weather_4p+tso_forecast,2208,2026-08-13 05:00:00+00:00,813.6005859375,771.5374724999999,1041.485,2026-05-12 16:00:00+00:00,2026-08-12 15:00:00+00:00
2026-08-12,2026-08-12 17:33:33+00:00,online,FR,solar,chronos2_online,Chronos2 with covariates,weather_4p+tso_forecast,2208,2026-08-13 06:00:00+00:00,4019.349853515625,3745.128845,4293.1849999999995,2026-05-12 16:00:00+00:00,2026-08-12 15:00:00+00:00
2026-08-12,2026-08-12 17:33:33+00:00,online,FR,solar,chronos2_online,Chronos2 with covariates,weather_4p+tso_forecast,2208,2026-08-13 07:00:00+00:00,9108.2509765625,8823.1093725,9574.425,2026-05-12 16:00:00+00:00,2026-08-12 15:00:00+00:00
2026-08-12,2026-08-12 17:33:33+00:00,online,FR,solar,chronos2_online,Chronos2 with covariates,weather_4p+tso_forecast,2208,2026-08-13 08:00:00+00:00,13898.0234375,13890.8120125,14570.9675,2026-05-12 16:00:00+00:00,2026-08-12 15:00:00+00:00
2026-08-12,2026-08-12 17:33:33+00:00,online,FR,solar,chronos2_online,Chronos2 with covariates,weather_4p+tso_forecast,2208,2026-08-13 09:00:00+00:00,17662.94140625,17652.96631,18071.8675,2026-05-12 16:00:00+00:00,2026-08-12 15:00:00+00:00
2026-08-12,2026-08-12 17:33:33+00:00,online,FR,solar,chronos2_online,Chronos2 with covariates,weather_4p+tso_forecast,2208,2026-08-13 10:00:00+00:00,19592.5625,19966.57373,20207.6625,2026-05-12 16:00:00+00:00,2026-08-12 15:00:00+00:00
2026-08-12,2026-08-12 17:33:33+00:00,online,FR,solar,chronos2_online,Chronos2 with covariates,weather_4p+tso_forecast,2208,2026-08-13 11:00:00+00:00,20409.00390625,20985.347655,21064.6975,2026-05-12 16:00:00+00:00,2026-08-12 15:00:00+00:00
2026-08-12,2026-08-12 17:33:33+00:00,online,FR,solar,chronos2_online,Chronos2 with covariates,weather_4p+tso_forecast,2208,2026-08-13 12:00:00+00:00,20102.9765625,20930.5336925,20796.16,2026-05-12 16:00:00+00:00,2026-08-12 15:00:00+00:00
2026-08-12,2026-08-12 17:33:33+00:00,online,FR,solar,chronos2_online,Chronos2 with covariates,weather_4p+tso_forecast,2208,2026-08-13 13:00:00+00:00,18827.2890625,19796.39014,19573.2975,2026-05-12 16:00:00+00:00,2026-08-12 15:00:00+00:00
2026-08-12,2026-08-12 17:33:33+00:00,online,FR,solar,chronos2_online,Chronos2 with covariates,weather_4p+tso_forecast,2208,2026-08-13 14:00:00+00:00,16672.736328125,17411.00293,17209.49,2026-05-12 16:00:00+00:00,2026-08-12 15:00:00+00:00
2026-08-12,2026-08-12 17:33:33+00:00,online,FR,solar,chronos2_online,Chronos2 with covariates,weather_4p+tso_forecast,2208,2026-08-13 15:00:00+00:00,13502.50390625,14020.6621075,13741.265,2026-05-12 16:00:00+00:00,2026-08-12 15:00:00+00:00
2026-08-12,2026-08-12 17:33:33+00:00,online,FR,solar,xgboost_online,XGBoost with covariates,weather_4p+tso_forecast,2208,2026-08-12 16:00:00+00:00,9094.8095703125,9575.6566175,9209.625,2026-05-12 16:00:00+00:00,2026-08-12 15:00:00+00:00
2026-08-12,2026-08-12 17:33:33+00:00,online,FR,solar,xgboost_online,XGBoost with covariates,weather_4p+tso_forecast,2208,2026-08-12 17:00:00+00:00,4382.794921875,4450.0759875,3952.125,2026-05-12 16:00:00+00:00,2026-08-12 15:00:00+00:00
2026-08-12,2026-08-12 17:33:33+00:00,online,FR,solar,xgboost_online,XGBoost with covariates,weather_4p+tso_forecast,2208,2026-08-12 18:00:00+00:00,1277.2105712890625,923.26515,772.83,2026-05-12 16:00:00+00:00,2026-08-12 15:00:00+00:00
2026-08-12,2026-08-12 17:33:33+00:00,online,FR,solar,xgboost_online,XGBoost with covariates,weather_4p+tso_forecast,2208,2026-08-12 19:00:00+00:00,472.467041015625,30.745175,263.78499999999997,2026-05-12 16:00:00+00:00,2026-08-12 15:00:00+00:00
2026-08-12,2026-08-12 17:33:33+00:00,online,FR,solar,xgboost_online,XGBoost with covariates,weather_4p+tso_forecast,2208,2026-08-12 20:00:00+00:00,154.7109832763672,0.0,247.6025,2026-05-12 16:00:00+00:00,2026-08-12 15:00:00+00:00
2026-08-12,2026-08-12 17:33:33+00:00,online,FR,solar,xgboost_online,XGBoost with covariates,weather_4p+tso_forecast,2208,2026-08-12 21:00:00+00:00,154.7109832763672,0.0,0.0,2026-05-12 16:00:00+00:00,2026-08-12 15:00:00+00:00
2026-08-12,2026-08-12 17:33:33+00:00,online,FR,solar,xgboost_online,XGBoost with covariates,weather_4p+tso_forecast,2208,2026-08-12 22:00:00+00:00,154.7109832763672,0.0,0.0,2026-05-12 16:00:00+00:00,2026-08-12 15:00:00+00:00
2026-08-12,2026-08-12 17:33:33+00:00,online,FR,solar,xgboost_online,XGBoost with covariates,weather_4p+tso_forecast,2208,2026-08-12 23:00:00+00:00,154.7109832763672,0.0,0.0,2026-05-12 16:00:00+00:00,2026-08-12 15:00:00+00:00
2026-08-12,2026-08-12 17:33:33+00:00,online,FR,solar,xgboost_online,XGBoost with covariates,weather_4p+tso_forecast,2208,2026-08-13 00:00:00+00:00,162.3164520263672,0.0,0.0,2026-05-12 16:00:00+00:00,2026-08-12 15:00:00+00:00
2026-08-12,2026-08-12 17:33:33+00:00,online,FR,solar,xgboost_online,XGBoost with covariates,weather_4p+tso_forecast,2208,2026-08-13 01:00:00+00:00,162.3164520263672,0.0,0.0,2026-05-12 16:00:00+00:00,2026-08-12 15:00:00+00:00
2026-08-12,2026-08-12 17:33:33+00:00,online,FR,solar,xgboost_online,XGBoost with covariates,weather_4p+tso_forecast,2208,2026-08-13 02:00:00+00:00,162.3164520263672,0.0,0.0,2026-05-12 16:00:00+00:00,2026-08-12 15:00:00+00:00
2026-08-12,2026-08-12 17:33:33+00:00,online,FR,solar,xgboost_online,XGBoost with covariates,weather_4p+tso_forecast,2208,2026-08-13 03:00:00+00:00,169.62313842773438,0.0,0.0,2026-05-12 16:00:00+00:00,2026-08-12 15:00:00+00:00
2026-08-12,2026-08-12 17:33:33+00:00,online,FR,solar,xgboost_online,XGBoost with covariates,weather_4p+tso_forecast,2208,2026-08-13 04:00:00+00:00,299.2062072753906,27.16389,289.66499999999996,2026-05-12 16:00:00+00:00,2026-08-12 15:00:00+00:00
2026-08-12,2026-08-12 17:33:33+00:00,online,FR,solar,xgboost_online,XGBoost with covariates,weather_4p+tso_forecast,2208,2026-08-13 05:00:00+00:00,893.9246826171875,771.5374724999999,1041.485,2026-05-12 16:00:00+00:00,2026-08-12 15:00:00+00:00
2026-08-12,2026-08-12 17:33:33+00:00,online,FR,solar,xgboost_online,XGBoost with covariates,weather_4p+tso_forecast,2208,2026-08-13 06:00:00+00:00,4046.04638671875,3745.128845,4293.1849999999995,2026-05-12 16:00:00+00:00,2026-08-12 15:00:00+00:00
2026-08-12,2026-08-12 17:33:33+00:00,online,FR,solar,xgboost_online,XGBoost with covariates,weather_4p+tso_forecast,2208,2026-08-13 07:00:00+00:00,8479.904296875,8823.1093725,9574.425,2026-05-12 16:00:00+00:00,2026-08-12 15:00:00+00:00
2026-08-12,2026-08-12 17:33:33+00:00,online,FR,solar,xgboost_online,XGBoost with covariates,weather_4p+tso_forecast,2208,2026-08-13 08:00:00+00:00,13949.50390625,13890.8120125,14570.9675,2026-05-12 16:00:00+00:00,2026-08-12 15:00:00+00:00
2026-08-12,2026-08-12 17:33:33+00:00,online,FR,solar,xgboost_online,XGBoost with covariates,weather_4p+tso_forecast,2208,2026-08-13 09:00:00+00:00,16891.87890625,17652.96631,18071.8675,2026-05-12 16:00:00+00:00,2026-08-12 15:00:00+00:00
2026-08-12,2026-08-12 17:33:33+00:00,online,FR,solar,xgboost_online,XGBoost with covariates,weather_4p+tso_forecast,2208,2026-08-13 10:00:00+00:00,19199.75390625,19966.57373,20207.6625,2026-05-12 16:00:00+00:00,2026-08-12 15:00:00+00:00
2026-08-12,2026-08-12 17:33:33+00:00,online,FR,solar,xgboost_online,XGBoost with covariates,weather_4p+tso_forecast,2208,2026-08-13 11:00:00+00:00,20339.560546875,20985.347655,21064.6975,2026-05-12 16:00:00+00:00,2026-08-12 15:00:00+00:00
2026-08-12,2026-08-12 17:33:33+00:00,online,FR,solar,xgboost_online,XGBoost with covariates,weather_4p+tso_forecast,2208,2026-08-13 12:00:00+00:00,20321.091796875,20930.5336925,20796.16,2026-05-12 16:00:00+00:00,2026-08-12 15:00:00+00:00
2026-08-12,2026-08-12 17:33:33+00:00,online,FR,solar,xgboost_online,XGBoost with covariates,weather_4p+tso_forecast,2208,2026-08-13 13:00:00+00:00,19050.5703125,19796.39014,19573.2975,2026-05-12 16:00:00+00:00,2026-08-12 15:00:00+00:00
2026-08-12,2026-08-12 17:33:33+00:00,online,FR,solar,xgboost_online,XGBoost with covariates,weather_4p+tso_forecast,2208,2026-08-13 14:00:00+00:00,17033.015625,17411.00293,17209.49,2026-05-12 16:00:00+00:00,2026-08-12 15:00:00+00:00
2026-08-12,2026-08-12 17:33:33+00:00,online,FR,solar,xgboost_online,XGBoost with covariates,weather_4p+tso_forecast,2208,2026-08-13 15:00:00+00:00,13436.388671875,14020.6621075,13741.265,2026-05-12 16:00:00+00:00,2026-08-12 15:00:00+00:00
2026-08-12,2026-08-12 17:33:33+00:00,online,FR,wind_onshore,tso_reference,TSO forecast,tso_forecast,2208,2026-08-12 16:00:00+00:00,1185.02002,1185.02002,1245.735,2026-05-12 16:00:00+00:00,2026-08-12 15:00:00+00:00
2026-08-12,2026-08-12 17:33:33+00:00,online,FR,wind_onshore,tso_reference,TSO forecast,tso_forecast,2208,2026-08-12 17:00:00+00:00,1430.3925475,1430.3925475,1446.96,2026-05-12 16:00:00+00:00,2026-08-12 15:00:00+00:00
2026-08-12,2026-08-12 17:33:33+00:00,online,FR,wind_onshore,tso_reference,TSO forecast,tso_forecast,2208,2026-08-12 18:00:00+00:00,2143.44995,2143.44995,2025.3525,2026-05-12 16:00:00+00:00,2026-08-12 15:00:00+00:00
2026-08-12,2026-08-12 17:33:33+00:00,online,FR,wind_onshore,tso_reference,TSO forecast,tso_forecast,2208,2026-08-12 19:00:00+00:00,3258.81494,3258.81494,3306.425,2026-05-12 16:00:00+00:00,2026-08-12 15:00:00+00:00
2026-08-12,2026-08-12 17:33:33+00:00,online,FR,wind_onshore,tso_reference,TSO forecast,tso_forecast,2208,2026-08-12 20:00:00+00:00,4138.6749275,4138.6749275,4797.17,2026-05-12 16:00:00+00:00,2026-08-12 15:00:00+00:00
2026-08-12,2026-08-12 17:33:33+00:00,online,FR,wind_onshore,tso_reference,TSO forecast,tso_forecast,2208,2026-08-12 21:00:00+00:00,4596.5424775,4596.5424775,5279.1375,2026-05-12 16:00:00+00:00,2026-08-12 15:00:00+00:00
2026-08-12,2026-08-12 17:33:33+00:00,online,FR,wind_onshore,tso_reference,TSO forecast,tso_forecast,2208,2026-08-12 22:00:00+00:00,4579.9851075,4579.9851075,4785.09,2026-05-12 16:00:00+00:00,2026-08-12 15:00:00+00:00
2026-08-12,2026-08-12 17:33:33+00:00,online,FR,wind_onshore,tso_reference,TSO forecast,tso_forecast,2208,2026-08-12 23:00:00+00:00,4145.1048599999995,4145.1048599999995,3901.765,2026-05-12 16:00:00+00:00,2026-08-12 15:00:00+00:00
2026-08-12,2026-08-12 17:33:33+00:00,online,FR,wind_onshore,tso_reference,TSO forecast,tso_forecast,2208,2026-08-13 00:00:00+00:00,3732.1749875,3732.1749875,3438.83,2026-05-12 16:00:00+00:00,2026-08-12 15:00:00+00:00
2026-08-12,2026-08-12 17:33:33+00:00,online,FR,wind_onshore,tso_reference,TSO forecast,tso_forecast,2208,2026-08-13 01:00:00+00:00,3408.76245,3408.76245,3174.065,2026-05-12 16:00:00+00:00,2026-08-12 15:00:00+00:00
2026-08-12,2026-08-12 17:33:33+00:00,online,FR,wind_onshore,tso_reference,TSO forecast,tso_forecast,2208,2026-08-13 02:00:00+00:00,3201.70264,3201.70264,2898.3825,2026-05-12 16:00:00+00:00,2026-08-12 15:00:00+00:00
2026-08-12,2026-08-12 17:33:33+00:00,online,FR,wind_onshore,tso_reference,TSO forecast,tso_forecast,2208,2026-08-13 03:00:00+00:00,3048.4375625,3048.4375625,2804.7425000000003,2026-05-12 16:00:00+00:00,2026-08-12 15:00:00+00:00
2026-08-12,2026-08-12 17:33:33+00:00,online,FR,wind_onshore,tso_reference,TSO forecast,tso_forecast,2208,2026-08-13 04:00:00+00:00,2890.91742,2890.91742,2773.245,2026-05-12 16:00:00+00:00,2026-08-12 15:00:00+00:00
2026-08-12,2026-08-12 17:33:33+00:00,online,FR,wind_onshore,tso_reference,TSO forecast,tso_forecast,2208,2026-08-13 05:00:00+00:00,2585.5349725,2585.5349725,2660.2174999999997,2026-05-12 16:00:00+00:00,2026-08-12 15:00:00+00:00
2026-08-12,2026-08-12 17:33:33+00:00,online,FR,wind_onshore,tso_reference,TSO forecast,tso_forecast,2208,2026-08-13 06:00:00+00:00,2099.4874575000003,2099.4874575000003,2010.3175,2026-05-12 16:00:00+00:00,2026-08-12 15:00:00+00:00
2026-08-12,2026-08-12 17:33:33+00:00,online,FR,wind_onshore,tso_reference,TSO forecast,tso_forecast,2208,2026-08-13 07:00:00+00:00,1364.9049825,1364.9049825,1099.97,2026-05-12 16:00:00+00:00,2026-08-12 15:00:00+00:00
2026-08-12,2026-08-12 17:33:33+00:00,online,FR,wind_onshore,tso_reference,TSO forecast,tso_forecast,2208,2026-08-13 08:00:00+00:00,642.3525225,642.3525225,642.0425,2026-05-12 16:00:00+00:00,2026-08-12 15:00:00+00:00
2026-08-12,2026-08-12 17:33:33+00:00,online,FR,wind_onshore,tso_reference,TSO forecast,tso_forecast,2208,2026-08-13 09:00:00+00:00,535.339995,535.339995,554.5625,2026-05-12 16:00:00+00:00,2026-08-12 15:00:00+00:00
2026-08-12,2026-08-12 17:33:33+00:00,online,FR,wind_onshore,tso_reference,TSO forecast,tso_forecast,2208,2026-08-13 10:00:00+00:00,529.332505,529.332505,612.29,2026-05-12 16:00:00+00:00,2026-08-12 15:00:00+00:00
2026-08-12,2026-08-12 17:33:33+00:00,online,FR,wind_onshore,tso_reference,TSO forecast,tso_forecast,2208,2026-08-13 11:00:00+00:00,515.9999775,515.9999775,695.795,2026-05-12 16:00:00+00:00,2026-08-12 15:00:00+00:00
2026-08-12,2026-08-12 17:33:33+00:00,online,FR,wind_onshore,tso_reference,TSO forecast,tso_forecast,2208,2026-08-13 12:00:00+00:00,508.647505,508.647505,687.425,2026-05-12 16:00:00+00:00,2026-08-12 15:00:00+00:00
2026-08-12,2026-08-12 17:33:33+00:00,online,FR,wind_onshore,tso_reference,TSO forecast,tso_forecast,2208,2026-08-13 13:00:00+00:00,531.5999899999999,531.5999899999999,689.8199999999999,2026-05-12 16:00:00+00:00,2026-08-12 15:00:00+00:00
2026-08-12,2026-08-12 17:33:33+00:00,online,FR,wind_onshore,tso_reference,TSO forecast,tso_forecast,2208,2026-08-13 14:00:00+00:00,566.0749975,566.0749975,749.1,2026-05-12 16:00:00+00:00,2026-08-12 15:00:00+00:00
2026-08-12,2026-08-12 17:33:33+00:00,online,FR,wind_onshore,tso_reference,TSO forecast,tso_forecast,2208,2026-08-13 15:00:00+00:00,638.787505,638.787505,850.2375,2026-05-12 16:00:00+00:00,2026-08-12 15:00:00+00:00
2026-08-12,2026-08-12 17:33:33+00:00,online,FR,wind_onshore,persistence,Persistence,daily_persistence,2208,2026-08-12 16:00:00+00:00,2447.4025,1185.02002,1245.735,2026-05-12 16:00:00+00:00,2026-08-12 15:00:00+00:00
2026-08-12,2026-08-12 17:33:33+00:00,online,FR,wind_onshore,persistence,Persistence,daily_persistence,2208,2026-08-12 17:00:00+00:00,2977.15,1430.3925475,1446.96,2026-05-12 16:00:00+00:00,2026-08-12 15:00:00+00:00
2026-08-12,2026-08-12 17:33:33+00:00,online,FR,wind_onshore,persistence,Persistence,daily_persistence,2208,2026-08-12 18:00:00+00:00,3619.0825,2143.44995,2025.3525,2026-05-12 16:00:00+00:00,2026-08-12 15:00:00+00:00
2026-08-12,2026-08-12 17:33:33+00:00,online,FR,wind_onshore,persistence,Persistence,daily_persistence,2208,2026-08-12 19:00:00+00:00,4793.2275,3258.81494,3306.425,2026-05-12 16:00:00+00:00,2026-08-12 15:00:00+00:00
2026-08-12,2026-08-12 17:33:33+00:00,online,FR,wind_onshore,persistence,Persistence,daily_persistence,2208,2026-08-12 20:00:00+00:00,6377.28,4138.6749275,4797.17,2026-05-12 16:00:00+00:00,2026-08-12 15:00:00+00:00
2026-08-12,2026-08-12 17:33:33+00:00,online,FR,wind_onshore,persistence,Persistence,daily_persistence,2208,2026-08-12 21:00:00+00:00,6994.400000000001,4596.5424775,5279.1375,2026-05-12 16:00:00+00:00,2026-08-12 15:00:00+00:00
2026-08-12,2026-08-12 17:33:33+00:00,online,FR,wind_onshore,persistence,Persistence,daily_persistence,2208,2026-08-12 22:00:00+00:00,7029.39,4579.9851075,4785.09,2026-05-12 16:00:00+00:00,2026-08-12 15:00:00+00:00
2026-08-12,2026-08-12 17:33:33+00:00,online,FR,wind_onshore,persistence,Persistence,daily_persistence,2208,2026-08-12 23:00:00+00:00,6611.775,4145.1048599999995,3901.765,2026-05-12 16:00:00+00:00,2026-08-12 15:00:00+00:00
2026-08-12,2026-08-12 17:33:33+00:00,online,FR,wind_onshore,persistence,Persistence,daily_persistence,2208,2026-08-13 00:00:00+00:00,5994.945,3732.1749875,3438.83,2026-05-12 16:00:00+00:00,2026-08-12 15:00:00+00:00
2026-08-12,2026-08-12 17:33:33+00:00,online,FR,wind_onshore,persistence,Persistence,daily_persistence,2208,2026-08-13 01:00:00+00:00,5419.2025,3408.76245,3174.065,2026-05-12 16:00:00+00:00,2026-08-12 15:00:00+00:00
2026-08-12,2026-08-12 17:33:33+00:00,online,FR,wind_onshore,persistence,Persistence,daily_persistence,2208,2026-08-13 02:00:00+00:00,4972.389999999999,3201.70264,2898.3825,2026-05-12 16:00:00+00:00,2026-08-12 15:00:00+00:00
2026-08-12,2026-08-12 17:33:33+00:00,online,FR,wind_onshore,persistence,Persistence,daily_persistence,2208,2026-08-13 03:00:00+00:00,4611.4425,3048.4375625,2804.7425000000003,2026-05-12 16:00:00+00:00,2026-08-12 15:00:00+00:00
2026-08-12,2026-08-12 17:33:33+00:00,online,FR,wind_onshore,persistence,Persistence,daily_persistence,2208,2026-08-13 04:00:00+00:00,4424.7525,2890.91742,2773.245,2026-05-12 16:00:00+00:00,2026-08-12 15:00:00+00:00
2026-08-12,2026-08-12 17:33:33+00:00,online,FR,wind_onshore,persistence,Persistence,daily_persistence,2208,2026-08-13 05:00:00+00:00,4213.75,2585.5349725,2660.2174999999997,2026-05-12 16:00:00+00:00,2026-08-12 15:00:00+00:00
2026-08-12,2026-08-12 17:33:33+00:00,online,FR,wind_onshore,persistence,Persistence,daily_persistence,2208,2026-08-13 06:00:00+00:00,3096.6499999999996,2099.4874575000003,2010.3175,2026-05-12 16:00:00+00:00,2026-08-12 15:00:00+00:00
2026-08-12,2026-08-12 17:33:33+00:00,online,FR,wind_onshore,persistence,Persistence,daily_persistence,2208,2026-08-13 07:00:00+00:00,1703.9425,1364.9049825,1099.97,2026-05-12 16:00:00+00:00,2026-08-12 15:00:00+00:00
2026-08-12,2026-08-12 17:33:33+00:00,online,FR,wind_onshore,persistence,Persistence,daily_persistence,2208,2026-08-13 08:00:00+00:00,1101.21,642.3525225,642.0425,2026-05-12 16:00:00+00:00,2026-08-12 15:00:00+00:00
2026-08-12,2026-08-12 17:33:33+00:00,online,FR,wind_onshore,persistence,Persistence,daily_persistence,2208,2026-08-13 09:00:00+00:00,1066.7325,535.339995,554.5625,2026-05-12 16:00:00+00:00,2026-08-12 15:00:00+00:00
2026-08-12,2026-08-12 17:33:33+00:00,online,FR,wind_onshore,persistence,Persistence,daily_persistence,2208,2026-08-13 10:00:00+00:00,1336.075,529.332505,612.29,2026-05-12 16:00:00+00:00,2026-08-12 15:00:00+00:00
2026-08-12,2026-08-12 17:33:33+00:00,online,FR,wind_onshore,persistence,Persistence,daily_persistence,2208,2026-08-13 11:00:00+00:00,1495.4025,515.9999775,695.795,2026-05-12 16:00:00+00:00,2026-08-12 15:00:00+00:00
2026-08-12,2026-08-12 17:33:33+00:00,online,FR,wind_onshore,persistence,Persistence,daily_persistence,2208,2026-08-13 12:00:00+00:00,1270.8925,508.647505,687.425,2026-05-12 16:00:00+00:00,2026-08-12 15:00:00+00:00
2026-08-12,2026-08-12 17:33:33+00:00,online,FR,wind_onshore,persistence,Persistence,daily_persistence,2208,2026-08-13 13:00:00+00:00,1194.3425,531.5999899999999,689.8199999999999,2026-05-12 16:00:00+00:00,2026-08-12 15:00:00+00:00
2026-08-12,2026-08-12 17:33:33+00:00,online,FR,wind_onshore,persistence,Persistence,daily_persistence,2208,2026-08-13 14:00:00+00:00,1158.06,566.0749975,749.1,2026-05-12 16:00:00+00:00,2026-08-12 15:00:00+00:00
2026-08-12,2026-08-12 17:33:33+00:00,online,FR,wind_onshore,persistence,Persistence,daily_persistence,2208,2026-08-13 15:00:00+00:00,1168.0549999999998,638.787505,850.2375,2026-05-12 16:00:00+00:00,2026-08-12 15:00:00+00:00
2026-08-12,2026-08-12 17:33:33+00:00,online,FR,wind_onshore,chronos2_online,Chronos2 with covariates,weather_4p+tso_forecast,2208,2026-08-12 16:00:00+00:00,1310.2960205078125,1185.02002,1245.735,2026-05-12 16:00:00+00:00,2026-08-12 15:00:00+00:00
2026-08-12,2026-08-12 17:33:33+00:00,online,FR,wind_onshore,chronos2_online,Chronos2 with covariates,weather_4p+tso_forecast,2208,2026-08-12 17:00:00+00:00,1592.676513671875,1430.3925475,1446.96,2026-05-12 16:00:00+00:00,2026-08-12 15:00:00+00:00
2026-08-12,2026-08-12 17:33:33+00:00,online,FR,wind_onshore,chronos2_online,Chronos2 with covariates,weather_4p+tso_forecast,2208,2026-08-12 18:00:00+00:00,2195.796630859375,2143.44995,2025.3525,2026-05-12 16:00:00+00:00,2026-08-12 15:00:00+00:00
2026-08-12,2026-08-12 17:33:33+00:00,online,FR,wind_onshore,chronos2_online,Chronos2 with covariates,weather_4p+tso_forecast,2208,2026-08-12 19:00:00+00:00,3305.58837890625,3258.81494,3306.425,2026-05-12 16:00:00+00:00,2026-08-12 15:00:00+00:00
2026-08-12,2026-08-12 17:33:33+00:00,online,FR,wind_onshore,chronos2_online,Chronos2 with covariates,weather_4p+tso_forecast,2208,2026-08-12 20:00:00+00:00,4219.76806640625,4138.6749275,4797.17,2026-05-12 16:00:00+00:00,2026-08-12 15:00:00+00:00
2026-08-12,2026-08-12 17:33:33+00:00,online,FR,wind_onshore,chronos2_online,Chronos2 with covariates,weather_4p+tso_forecast,2208,2026-08-12 21:00:00+00:00,4741.4521484375,4596.5424775,5279.1375,2026-05-12 16:00:00+00:00,2026-08-12 15:00:00+00:00
2026-08-12,2026-08-12 17:33:33+00:00,online,FR,wind_onshore,chronos2_online,Chronos2 with covariates,weather_4p+tso_forecast,2208,2026-08-12 22:00:00+00:00,4850.166015625,4579.9851075,4785.09,2026-05-12 16:00:00+00:00,2026-08-12 15:00:00+00:00
2026-08-12,2026-08-12 17:33:33+00:00,online,FR,wind_onshore,chronos2_online,Chronos2 with covariates,weather_4p+tso_forecast,2208,2026-08-12 23:00:00+00:00,4587.2490234375,4145.1048599999995,3901.765,2026-05-12 16:00:00+00:00,2026-08-12 15:00:00+00:00
2026-08-12,2026-08-12 17:33:33+00:00,online,FR,wind_onshore,chronos2_online,Chronos2 with covariates,weather_4p+tso_forecast,2208,2026-08-13 00:00:00+00:00,4151.27978515625,3732.1749875,3438.83,2026-05-12 16:00:00+00:00,2026-08-12 15:00:00+00:00
2026-08-12,2026-08-12 17:33:33+00:00,online,FR,wind_onshore,chronos2_online,Chronos2 with covariates,weather_4p+tso_forecast,2208,2026-08-13 01:00:00+00:00,3766.016357421875,3408.76245,3174.065,2026-05-12 16:00:00+00:00,2026-08-12 15:00:00+00:00
2026-08-12,2026-08-12 17:33:33+00:00,online,FR,wind_onshore,chronos2_online,Chronos2 with covariates,weather_4p+tso_forecast,2208,2026-08-13 02:00:00+00:00,3430.671142578125,3201.70264,2898.3825,2026-05-12 16:00:00+00:00,2026-08-12 15:00:00+00:00
2026-08-12,2026-08-12 17:33:33+00:00,online,FR,wind_onshore,chronos2_online,Chronos2 with covariates,weather_4p+tso_forecast,2208,2026-08-13 03:00:00+00:00,3137.28955078125,3048.4375625,2804.7425000000003,2026-05-12 16:00:00+00:00,2026-08-12 15:00:00+00:00
2026-08-12,2026-08-12 17:33:33+00:00,online,FR,wind_onshore,chronos2_online,Chronos2 with covariates,weather_4p+tso_forecast,2208,2026-08-13 04:00:00+00:00,2888.780029296875,2890.91742,2773.245,2026-05-12 16:00:00+00:00,2026-08-12 15:00:00+00:00
2026-08-12,2026-08-12 17:33:33+00:00,online,FR,wind_onshore,chronos2_online,Chronos2 with covariates,weather_4p+tso_forecast,2208,2026-08-13 05:00:00+00:00,2553.9765625,2585.5349725,2660.2174999999997,2026-05-12 16:00:00+00:00,2026-08-12 15:00:00+00:00
2026-08-12,2026-08-12 17:33:33+00:00,online,FR,wind_onshore,chronos2_online,Chronos2 with covariates,weather_4p+tso_forecast,2208,2026-08-13 06:00:00+00:00,1868.6795654296875,2099.4874575000003,2010.3175,2026-05-12 16:00:00+00:00,2026-08-12 15:00:00+00:00
2026-08-12,2026-08-12 17:33:33+00:00,online,FR,wind_onshore,chronos2_online,Chronos2 with covariates,weather_4p+tso_forecast,2208,2026-08-13 07:00:00+00:00,1261.406982421875,1364.9049825,1099.97,2026-05-12 16:00:00+00:00,2026-08-12 15:00:00+00:00
2026-08-12,2026-08-12 17:33:33+00:00,online,FR,wind_onshore,chronos2_online,Chronos2 with covariates,weather_4p+tso_forecast,2208,2026-08-13 08:00:00+00:00,773.394775390625,642.3525225,642.0425,2026-05-12 16:00:00+00:00,2026-08-12 15:00:00+00:00
2026-08-12,2026-08-12 17:33:33+00:00,online,FR,wind_onshore,chronos2_online,Chronos2 with covariates,weather_4p+tso_forecast,2208,2026-08-13 09:00:00+00:00,815.959716796875,535.339995,554.5625,2026-05-12 16:00:00+00:00,2026-08-12 15:00:00+00:00
2026-08-12,2026-08-12 17:33:33+00:00,online,FR,wind_onshore,chronos2_online,Chronos2 with covariates,weather_4p+tso_forecast,2208,2026-08-13 10:00:00+00:00,792.41064453125,529.332505,612.29,2026-05-12 16:00:00+00:00,2026-08-12 15:00:00+00:00
2026-08-12,2026-08-12 17:33:33+00:00,online,FR,wind_onshore,chronos2_online,Chronos2 with covariates,weather_4p+tso_forecast,2208,2026-08-13 11:00:00+00:00,839.266845703125,515.9999775,695.795,2026-05-12 16:00:00+00:00,2026-08-12 15:00:00+00:00
2026-08-12,2026-08-12 17:33:33+00:00,online,FR,wind_onshore,chronos2_online,Chronos2 with covariates,weather_4p+tso_forecast,2208,2026-08-13 12:00:00+00:00,785.720947265625,508.647505,687.425,2026-05-12 16:00:00+00:00,2026-08-12 15:00:00+00:00
2026-08-12,2026-08-12 17:33:33+00:00,online,FR,wind_onshore,chronos2_online,Chronos2 with covariates,weather_4p+tso_forecast,2208,2026-08-13 13:00:00+00:00,744.582275390625,531.5999899999999,689.8199999999999,2026-05-12 16:00:00+00:00,2026-08-12 15:00:00+00:00
2026-08-12,2026-08-12 17:33:33+00:00,online,FR,wind_onshore,chronos2_online,Chronos2 with covariates,weather_4p+tso_forecast,2208,2026-08-13 14:00:00+00:00,747.03515625,566.0749975,749.1,2026-05-12 16:00:00+00:00,2026-08-12 15:00:00+00:00
2026-08-12,2026-08-12 17:33:33+00:00,online,FR,wind_onshore,chronos2_online,Chronos2 with covariates,weather_4p+tso_forecast,2208,2026-08-13 15:00:00+00:00,920.941650390625,638.787505,850.2375,2026-05-12 16:00:00+00:00,2026-08-12 15:00:00+00:00
2026-08-12,2026-08-12 17:33:33+00:00,online,FR,wind_onshore,xgboost_online,XGBoost with covariates,weather_4p+tso_forecast,2208,2026-08-12 16:00:00+00:00,1357.815673828125,1185.02002,1245.735,2026-05-12 16:00:00+00:00,2026-08-12 15:00:00+00:00
2026-08-12,2026-08-12 17:33:33+00:00,online,FR,wind_onshore,xgboost_online,XGBoost with covariates,weather_4p+tso_forecast,2208,2026-08-12 17:00:00+00:00,1724.5906982421875,1430.3925475,1446.96,2026-05-12 16:00:00+00:00,2026-08-12 15:00:00+00:00
2026-08-12,2026-08-12 17:33:33+00:00,online,FR,wind_onshore,xgboost_online,XGBoost with covariates,weather_4p+tso_forecast,2208,2026-08-12 18:00:00+00:00,2280.65771484375,2143.44995,2025.3525,2026-05-12 16:00:00+00:00,2026-08-12 15:00:00+00:00
2026-08-12,2026-08-12 17:33:33+00:00,online,FR,wind_onshore,xgboost_online,XGBoost with covariates,weather_4p+tso_forecast,2208,2026-08-12 19:00:00+00:00,3953.562744140625,3258.81494,3306.425,2026-05-12 16:00:00+00:00,2026-08-12 15:00:00+00:00
2026-08-12,2026-08-12 17:33:33+00:00,online,FR,wind_onshore,xgboost_online,XGBoost with covariates,weather_4p+tso_forecast,2208,2026-08-12 20:00:00+00:00,4742.04931640625,4138.6749275,4797.17,2026-05-12 16:00:00+00:00,2026-08-12 15:00:00+00:00
2026-08-12,2026-08-12 17:33:33+00:00,online,FR,wind_onshore,xgboost_online,XGBoost with covariates,weather_4p+tso_forecast,2208,2026-08-12 21:00:00+00:00,5053.734375,4596.5424775,5279.1375,2026-05-12 16:00:00+00:00,2026-08-12 15:00:00+00:00
2026-08-12,2026-08-12 17:33:33+00:00,online,FR,wind_onshore,xgboost_online,XGBoost with covariates,weather_4p+tso_forecast,2208,2026-08-12 22:00:00+00:00,5067.67919921875,4579.9851075,4785.09,2026-05-12 16:00:00+00:00,2026-08-12 15:00:00+00:00
2026-08-12,2026-08-12 17:33:33+00:00,online,FR,wind_onshore,xgboost_online,XGBoost with covariates,weather_4p+tso_forecast,2208,2026-08-12 23:00:00+00:00,4641.8447265625,4145.1048599999995,3901.765,2026-05-12 16:00:00+00:00,2026-08-12 15:00:00+00:00
2026-08-12,2026-08-12 17:33:33+00:00,online,FR,wind_onshore,xgboost_online,XGBoost with covariates,weather_4p+tso_forecast,2208,2026-08-13 00:00:00+00:00,3959.780517578125,3732.1749875,3438.83,2026-05-12 16:00:00+00:00,2026-08-12 15:00:00+00:00
2026-08-12,2026-08-12 17:33:33+00:00,online,FR,wind_onshore,xgboost_online,XGBoost with covariates,weather_4p+tso_forecast,2208,2026-08-13 01:00:00+00:00,3608.307861328125,3408.76245,3174.065,2026-05-12 16:00:00+00:00,2026-08-12 15:00:00+00:00
2026-08-12,2026-08-12 17:33:33+00:00,online,FR,wind_onshore,xgboost_online,XGBoost with covariates,weather_4p+tso_forecast,2208,2026-08-13 02:00:00+00:00,3411.85107421875,3201.70264,2898.3825,2026-05-12 16:00:00+00:00,2026-08-12 15:00:00+00:00
2026-08-12,2026-08-12 17:33:33+00:00,online,FR,wind_onshore,xgboost_online,XGBoost with covariates,weather_4p+tso_forecast,2208,2026-08-13 03:00:00+00:00,3283.786865234375,3048.4375625,2804.7425000000003,2026-05-12 16:00:00+00:00,2026-08-12 15:00:00+00:00
2026-08-12,2026-08-12 17:33:33+00:00,online,FR,wind_onshore,xgboost_online,XGBoost with covariates,weather_4p+tso_forecast,2208,2026-08-13 04:00:00+00:00,3248.630126953125,2890.91742,2773.245,2026-05-12 16:00:00+00:00,2026-08-12 15:00:00+00:00
2026-08-12,2026-08-12 17:33:33+00:00,online,FR,wind_onshore,xgboost_online,XGBoost with covariates,weather_4p+tso_forecast,2208,2026-08-13 05:00:00+00:00,2814.2548828125,2585.5349725,2660.2174999999997,2026-05-12 16:00:00+00:00,2026-08-12 15:00:00+00:00
2026-08-12,2026-08-12 17:33:33+00:00,online,FR,wind_onshore,xgboost_online,XGBoost with covariates,weather_4p+tso_forecast,2208,2026-08-13 06:00:00+00:00,2358.6298828125,2099.4874575000003,2010.3175,2026-05-12 16:00:00+00:00,2026-08-12 15:00:00+00:00
2026-08-12,2026-08-12 17:33:33+00:00,online,FR,wind_onshore,xgboost_online,XGBoost with covariates,weather_4p+tso_forecast,2208,2026-08-13 07:00:00+00:00,1822.211669921875,1364.9049825,1099.97,2026-05-12 16:00:00+00:00,2026-08-12 15:00:00+00:00
2026-08-12,2026-08-12 17:33:33+00:00,online,FR,wind_onshore,xgboost_online,XGBoost with covariates,weather_4p+tso_forecast,2208,2026-08-13 08:00:00+00:00,1055.1170654296875,642.3525225,642.0425,2026-05-12 16:00:00+00:00,2026-08-12 15:00:00+00:00
2026-08-12,2026-08-12 17:33:33+00:00,online,FR,wind_onshore,xgboost_online,XGBoost with covariates,weather_4p+tso_forecast,2208,2026-08-13 09:00:00+00:00,1094.2117919921875,535.339995,554.5625,2026-05-12 16:00:00+00:00,2026-08-12 15:00:00+00:00
2026-08-12,2026-08-12 17:33:33+00:00,online,FR,wind_onshore,xgboost_online,XGBoost with covariates,weather_4p+tso_forecast,2208,2026-08-13 10:00:00+00:00,1067.236083984375,529.332505,612.29,2026-05-12 16:00:00+00:00,2026-08-12 15:00:00+00:00
2026-08-12,2026-08-12 17:33:33+00:00,online,FR,wind_onshore,xgboost_online,XGBoost with covariates,weather_4p+tso_forecast,2208,2026-08-13 11:00:00+00:00,1079.427490234375,515.9999775,695.795,2026-05-12 16:00:00+00:00,2026-08-12 15:00:00+00:00
2026-08-12,2026-08-12 17:33:33+00:00,online,FR,wind_onshore,xgboost_online,XGBoost with covariates,weather_4p+tso_forecast,2208,2026-08-13 12:00:00+00:00,1033.25927734375,508.647505,687.425,2026-05-12 16:00:00+00:00,2026-08-12 15:00:00+00:00
2026-08-12,2026-08-12 17:33:33+00:00,online,FR,wind_onshore,xgboost_online,XGBoost with covariates,weather_4p+tso_forecast,2208,2026-08-13 13:00:00+00:00,1033.25927734375,531.5999899999999,689.8199999999999,2026-05-12 16:00:00+00:00,2026-08-12 15:00:00+00:00
2026-08-12,2026-08-12 17:33:33+00:00,online,FR,wind_onshore,xgboost_online,XGBoost with covariates,weather_4p+tso_forecast,2208,2026-08-13 14:00:00+00:00,1142.66943359375,566.0749975,749.1,2026-05-12 16:00:00+00:00,2026-08-12 15:00:00+00:00
2026-08-12,2026-08-12 17:33:33+00:00,online,FR,wind_onshore,xgboost_online,XGBoost with covariates,weather_4p+tso_forecast,2208,2026-08-13 15:00:00+00:00,1020.9806518554688,638.787505,850.2375,2026-05-12 16:00:00+00:00,2026-08-12 15:00:00+00:00
2026-08-12,2026-08-12 17:33:33+00:00,online,FR,wind_offshore,tso_reference,TSO forecast,tso_forecast,2208,2026-08-12 16:00:00+00:00,454.0749975,454.0749975,901.39,2026-05-12 16:00:00+00:00,2026-08-12 15:00:00+00:00
2026-08-12,2026-08-12 17:33:33+00:00,online,FR,wind_offshore,tso_reference,TSO forecast,tso_forecast,2208,2026-08-12 17:00:00+00:00,589.714965,589.714965,955.4425,2026-05-12 16:00:00+00:00,2026-08-12 15:00:00+00:00
2026-08-12,2026-08-12 17:33:33+00:00,online,FR,wind_offshore,tso_reference,TSO forecast,tso_forecast,2208,2026-08-12 18:00:00+00:00,657.36499,657.36499,857.4225,2026-05-12 16:00:00+00:00,2026-08-12 15:00:00+00:00
2026-08-12,2026-08-12 17:33:33+00:00,online,FR,wind_offshore,tso_reference,TSO forecast,tso_forecast,2208,2026-08-12 19:00:00+00:00,652.2325275000001,652.2325275000001,863.6175000000001,2026-05-12 16:00:00+00:00,2026-08-12 15:00:00+00:00
2026-08-12,2026-08-12 17:33:33+00:00,online,FR,wind_offshore,tso_reference,TSO forecast,tso_forecast,2208,2026-08-12 20:00:00+00:00,608.375,608.375,821.9875,2026-05-12 16:00:00+00:00,2026-08-12 15:00:00+00:00
2026-08-12,2026-08-12 17:33:33+00:00,online,FR,wind_offshore,tso_reference,TSO forecast,tso_forecast,2208,2026-08-12 21:00:00+00:00,546.57251,546.57251,604.0074999999999,2026-05-12 16:00:00+00:00,2026-08-12 15:00:00+00:00
2026-08-12,2026-08-12 17:33:33+00:00,online,FR,wind_offshore,tso_reference,TSO forecast,tso_forecast,2208,2026-08-12 22:00:00+00:00,500.9974975,500.9974975,427.5025,2026-05-12 16:00:00+00:00,2026-08-12 15:00:00+00:00
2026-08-12,2026-08-12 17:33:33+00:00,online,FR,wind_offshore,tso_reference,TSO forecast,tso_forecast,2208,2026-08-12 23:00:00+00:00,368.3424975,368.3424975,209.7575,2026-05-12 16:00:00+00:00,2026-08-12 15:00:00+00:00
2026-08-12,2026-08-12 17:33:33+00:00,online,FR,wind_offshore,tso_reference,TSO forecast,tso_forecast,2208,2026-08-13 00:00:00+00:00,274.249985,274.249985,136.29,2026-05-12 16:00:00+00:00,2026-08-12 15:00:00+00:00
2026-08-12,2026-08-12 17:33:33+00:00,online,FR,wind_offshore,tso_reference,TSO forecast,tso_forecast,2208,2026-08-13 01:00:00+00:00,209.217505,209.217505,79.535,2026-05-12 16:00:00+00:00,2026-08-12 15:00:00+00:00
2026-08-12,2026-08-12 17:33:33+00:00,online,FR,wind_offshore,tso_reference,TSO forecast,tso_forecast,2208,2026-08-13 02:00:00+00:00,157.0525025,157.0525025,30.95,2026-05-12 16:00:00+00:00,2026-08-12 15:00:00+00:00
2026-08-12,2026-08-12 17:33:33+00:00,online,FR,wind_offshore,tso_reference,TSO forecast,tso_forecast,2208,2026-08-13 03:00:00+00:00,122.472505,122.472505,36.1775,2026-05-12 16:00:00+00:00,2026-08-12 15:00:00+00:00
2026-08-12,2026-08-12 17:33:33+00:00,online,FR,wind_offshore,tso_reference,TSO forecast,tso_forecast,2208,2026-08-13 04:00:00+00:00,97.1075,97.1075,61.260000000000005,2026-05-12 16:00:00+00:00,2026-08-12 15:00:00+00:00
2026-08-12,2026-08-12 17:33:33+00:00,online,FR,wind_offshore,tso_reference,TSO forecast,tso_forecast,2208,2026-08-13 05:00:00+00:00,65.1025,65.1025,40.9475,2026-05-12 16:00:00+00:00,2026-08-12 15:00:00+00:00
2026-08-12,2026-08-12 17:33:33+00:00,online,FR,wind_offshore,tso_reference,TSO forecast,tso_forecast,2208,2026-08-13 06:00:00+00:00,43.4750025,43.4750025,61.2775,2026-05-12 16:00:00+00:00,2026-08-12 15:00:00+00:00
2026-08-12,2026-08-12 17:33:33+00:00,online,FR,wind_offshore,tso_reference,TSO forecast,tso_forecast,2208,2026-08-13 07:00:00+00:00,32.25,32.25,68.065,2026-05-12 16:00:00+00:00,2026-08-12 15:00:00+00:00
2026-08-12,2026-08-12 17:33:33+00:00,online,FR,wind_offshore,tso_reference,TSO forecast,tso_forecast,2208,2026-08-13 08:00:00+00:00,30.0825,30.0825,71.975,2026-05-12 16:00:00+00:00,2026-08-12 15:00:00+00:00
2026-08-12,2026-08-12 17:33:33+00:00,online,FR,wind_offshore,tso_reference,TSO forecast,tso_forecast,2208,2026-08-13 09:00:00+00:00,39.7475,39.7475,87.305,2026-05-12 16:00:00+00:00,2026-08-12 15:00:00+00:00
2026-08-12,2026-08-12 17:33:33+00:00,online,FR,wind_offshore,tso_reference,TSO forecast,tso_forecast,2208,2026-08-13 10:00:00+00:00,61.8475,61.8475,99.3,2026-05-12 16:00:00+00:00,2026-08-12 15:00:00+00:00
2026-08-12,2026-08-12 17:33:33+00:00,online,FR,wind_offshore,tso_reference,TSO forecast,tso_forecast,2208,2026-08-13 11:00:00+00:00,97.7775,97.7775,82.14750000000001,2026-05-12 16:00:00+00:00,2026-08-12 15:00:00+00:00
2026-08-12,2026-08-12 17:33:33+00:00,online,FR,wind_offshore,tso_reference,TSO forecast,tso_forecast,2208,2026-08-13 12:00:00+00:00,155.48999750000002,155.48999750000002,189.84,2026-05-12 16:00:00+00:00,2026-08-12 15:00:00+00:00
2026-08-12,2026-08-12 17:33:33+00:00,online,FR,wind_offshore,tso_reference,TSO forecast,tso_forecast,2208,2026-08-13 13:00:00+00:00,226.0674975,226.0674975,224.6225,2026-05-12 16:00:00+00:00,2026-08-12 15:00:00+00:00
2026-08-12,2026-08-12 17:33:33+00:00,online,FR,wind_offshore,tso_reference,TSO forecast,tso_forecast,2208,2026-08-13 14:00:00+00:00,260.835005,260.835005,243.4025,2026-05-12 16:00:00+00:00,2026-08-12 15:00:00+00:00
2026-08-12,2026-08-12 17:33:33+00:00,online,FR,wind_offshore,tso_reference,TSO forecast,tso_forecast,2208,2026-08-13 15:00:00+00:00,277.2699975,277.2699975,317.95,2026-05-12 16:00:00+00:00,2026-08-12 15:00:00+00:00
2026-08-12,2026-08-12 17:33:33+00:00,online,FR,wind_offshore,persistence,Persistence,daily_persistence,2208,2026-08-12 16:00:00+00:00,671.6875,454.0749975,901.39,2026-05-12 16:00:00+00:00,2026-08-12 15:00:00+00:00
2026-08-12,2026-08-12 17:33:33+00:00,online,FR,wind_offshore,persistence,Persistence,daily_persistence,2208,2026-08-12 17:00:00+00:00,791.915,589.714965,955.4425,2026-05-12 16:00:00+00:00,2026-08-12 15:00:00+00:00
2026-08-12,2026-08-12 17:33:33+00:00,online,FR,wind_offshore,persistence,Persistence,daily_persistence,2208,2026-08-12 18:00:00+00:00,863.72,657.36499,857.4225,2026-05-12 16:00:00+00:00,2026-08-12 15:00:00+00:00
2026-08-12,2026-08-12 17:33:33+00:00,online,FR,wind_offshore,persistence,Persistence,daily_persistence,2208,2026-08-12 19:00:00+00:00,867.8825,652.2325275000001,863.6175000000001,2026-05-12 16:00:00+00:00,2026-08-12 15:00:00+00:00
2026-08-12,2026-08-12 17:33:33+00:00,online,FR,wind_offshore,persistence,Persistence,daily_persistence,2208,2026-08-12 20:00:00+00:00,814.5074999999999,608.375,821.9875,2026-05-12 16:00:00+00:00,2026-08-12 15:00:00+00:00
2026-08-12,2026-08-12 17:33:33+00:00,online,FR,wind_offshore,persistence,Persistence,daily_persistence,2208,2026-08-12 21:00:00+00:00,783.205,546.57251,604.0074999999999,2026-05-12 16:00:00+00:00,2026-08-12 15:00:00+00:00
2026-08-12,2026-08-12 17:33:33+00:00,online,FR,wind_offshore,persistence,Persistence,daily_persistence,2208,2026-08-12 22:00:00+00:00,746.3199999999999,500.9974975,427.5025,2026-05-12 16:00:00+00:00,2026-08-12 15:00:00+00:00
2026-08-12,2026-08-12 17:33:33+00:00,online,FR,wind_offshore,persistence,Persistence,daily_persistence,2208,2026-08-12 23:00:00+00:00,742.075,368.3424975,209.7575,2026-05-12 16:00:00+00:00,2026-08-12 15:00:00+00:00
2026-08-12,2026-08-12 17:33:33+00:00,online,FR,wind_offshore,persistence,Persistence,daily_persistence,2208,2026-08-13 00:00:00+00:00,618.5175,274.249985,136.29,2026-05-12 16:00:00+00:00,2026-08-12 15:00:00+00:00
2026-08-12,2026-08-12 17:33:33+00:00,online,FR,wind_offshore,persistence,Persistence,daily_persistence,2208,2026-08-13 01:00:00+00:00,446.3675,209.217505,79.535,2026-05-12 16:00:00+00:00,2026-08-12 15:00:00+00:00
2026-08-12,2026-08-12 17:33:33+00:00,online,FR,wind_offshore,persistence,Persistence,daily_persistence,2208,2026-08-13 02:00:00+00:00,350.1375,157.0525025,30.95,2026-05-12 16:00:00+00:00,2026-08-12 15:00:00+00:00
2026-08-12,2026-08-12 17:33:33+00:00,online,FR,wind_offshore,persistence,Persistence,daily_persistence,2208,2026-08-13 03:00:00+00:00,282.67,122.472505,36.1775,2026-05-12 16:00:00+00:00,2026-08-12 15:00:00+00:00
2026-08-12,2026-08-12 17:33:33+00:00,online,FR,wind_offshore,persistence,Persistence,daily_persistence,2208,2026-08-13 04:00:00+00:00,282.27250000000004,97.1075,61.260000000000005,2026-05-12 16:00:00+00:00,2026-08-12 15:00:00+00:00
2026-08-12,2026-08-12 17:33:33+00:00,online,FR,wind_offshore,persistence,Persistence,daily_persistence,2208,2026-08-13 05:00:00+00:00,286.515,65.1025,40.9475,2026-05-12 16:00:00+00:00,2026-08-12 15:00:00+00:00
2026-08-12,2026-08-12 17:33:33+00:00,online,FR,wind_offshore,persistence,Persistence,daily_persistence,2208,2026-08-13 06:00:00+00:00,269.7125,43.4750025,61.2775,2026-05-12 16:00:00+00:00,2026-08-12 15:00:00+00:00
2026-08-12,2026-08-12 17:33:33+00:00,online,FR,wind_offshore,persistence,Persistence,daily_persistence,2208,2026-08-13 07:00:00+00:00,198.7225,32.25,68.065,2026-05-12 16:00:00+00:00,2026-08-12 15:00:00+00:00
2026-08-12,2026-08-12 17:33:33+00:00,online,FR,wind_offshore,persistence,Persistence,daily_persistence,2208,2026-08-13 08:00:00+00:00,103.525,30.0825,71.975,2026-05-12 16:00:00+00:00,2026-08-12 15:00:00+00:00
2026-08-12,2026-08-12 17:33:33+00:00,online,FR,wind_offshore,persistence,Persistence,daily_persistence,2208,2026-08-13 09:00:00+00:00,84.825,39.7475,87.305,2026-05-12 16:00:00+00:00,2026-08-12 15:00:00+00:00
2026-08-12,2026-08-12 17:33:33+00:00,online,FR,wind_offshore,persistence,Persistence,daily_persistence,2208,2026-08-13 10:00:00+00:00,67.695,61.8475,99.3,2026-05-12 16:00:00+00:00,2026-08-12 15:00:00+00:00
2026-08-12,2026-08-12 17:33:33+00:00,online,FR,wind_offshore,persistence,Persistence,daily_persistence,2208,2026-08-13 11:00:00+00:00,77.77250000000001,97.7775,82.14750000000001,2026-05-12 16:00:00+00:00,2026-08-12 15:00:00+00:00
2026-08-12,2026-08-12 17:33:33+00:00,online,FR,wind_offshore,persistence,Persistence,daily_persistence,2208,2026-08-13 12:00:00+00:00,184.475,155.48999750000002,189.84,2026-05-12 16:00:00+00:00,2026-08-12 15:00:00+00:00
2026-08-12,2026-08-12 17:33:33+00:00,online,FR,wind_offshore,persistence,Persistence,daily_persistence,2208,2026-08-13 13:00:00+00:00,269.9475,226.0674975,224.6225,2026-05-12 16:00:00+00:00,2026-08-12 15:00:00+00:00
2026-08-12,2026-08-12 17:33:33+00:00,online,FR,wind_offshore,persistence,Persistence,daily_persistence,2208,2026-08-13 14:00:00+00:00,387.9475,260.835005,243.4025,2026-05-12 16:00:00+00:00,2026-08-12 15:00:00+00:00
2026-08-12,2026-08-12 17:33:33+00:00,online,FR,wind_offshore,persistence,Persistence,daily_persistence,2208,2026-08-13 15:00:00+00:00,724.965,277.2699975,317.95,2026-05-12 16:00:00+00:00,2026-08-12 15:00:00+00:00
2026-08-12,2026-08-12 17:33:33+00:00,online,FR,wind_offshore,chronos2_online,Chronos2 with covariates,weather_4p+tso_forecast,2208,2026-08-12 16:00:00+00:00,858.1221313476562,454.0749975,901.39,2026-05-12 16:00:00+00:00,2026-08-12 15:00:00+00:00
2026-08-12,2026-08-12 17:33:33+00:00,online,FR,wind_offshore,chronos2_online,Chronos2 with covariates,weather_4p+tso_forecast,2208,2026-08-12 17:00:00+00:00,860.78466796875,589.714965,955.4425,2026-05-12 16:00:00+00:00,2026-08-12 15:00:00+00:00
2026-08-12,2026-08-12 17:33:33+00:00,online,FR,wind_offshore,chronos2_online,Chronos2 with covariates,weather_4p+tso_forecast,2208,2026-08-12 18:00:00+00:00,923.3446044921876,657.36499,857.4225,2026-05-12 16:00:00+00:00,2026-08-12 15:00:00+00:00
2026-08-12,2026-08-12 17:33:33+00:00,online,FR,wind_offshore,chronos2_online,Chronos2 with covariates,weather_4p+tso_forecast,2208,2026-08-12 19:00:00+00:00,898.03369140625,652.2325275000001,863.6175000000001,2026-05-12 16:00:00+00:00,2026-08-12 15:00:00+00:00
2026-08-12,2026-08-12 17:33:33+00:00,online,FR,wind_offshore,chronos2_online,Chronos2 with covariates,weather_4p+tso_forecast,2208,2026-08-12 20:00:00+00:00,812.8631591796875,608.375,821.9875,2026-05-12 16:00:00+00:00,2026-08-12 15:00:00+00:00
2026-08-12,2026-08-12 17:33:33+00:00,online,FR,wind_offshore,chronos2_online,Chronos2 with covariates,weather_4p+tso_forecast,2208,2026-08-12 21:00:00+00:00,821.7288208007812,546.57251,604.0074999999999,2026-05-12 16:00:00+00:00,2026-08-12 15:00:00+00:00
2026-08-12,2026-08-12 17:33:33+00:00,online,FR,wind_offshore,chronos2_online,Chronos2 with covariates,weather_4p+tso_forecast,2208,2026-08-12 22:00:00+00:00,610.5592651367188,500.9974975,427.5025,2026-05-12 16:00:00+00:00,2026-08-12 15:00:00+00:00
2026-08-12,2026-08-12 17:33:33+00:00,online,FR,wind_offshore,chronos2_online,Chronos2 with covariates,weather_4p+tso_forecast,2208,2026-08-12 23:00:00+00:00,416.58697509765625,368.3424975,209.7575,2026-05-12 16:00:00+00:00,2026-08-12 15:00:00+00:00
2026-08-12,2026-08-12 17:33:33+00:00,online,FR,wind_offshore,chronos2_online,Chronos2 with covariates,weather_4p+tso_forecast,2208,2026-08-13 00:00:00+00:00,298.5545654296875,274.249985,136.29,2026-05-12 16:00:00+00:00,2026-08-12 15:00:00+00:00
2026-08-12,2026-08-12 17:33:33+00:00,online,FR,wind_offshore,chronos2_online,Chronos2 with covariates,weather_4p+tso_forecast,2208,2026-08-13 01:00:00+00:00,184.1451110839844,209.217505,79.535,2026-05-12 16:00:00+00:00,2026-08-12 15:00:00+00:00
2026-08-12,2026-08-12 17:33:33+00:00,online,FR,wind_offshore,chronos2_online,Chronos2 with covariates,weather_4p+tso_forecast,2208,2026-08-13 02:00:00+00:00,162.77133178710938,157.0525025,30.95,2026-05-12 16:00:00+00:00,2026-08-12 15:00:00+00:00
2026-08-12,2026-08-12 17:33:33+00:00,online,FR,wind_offshore,chronos2_online,Chronos2 with covariates,weather_4p+tso_forecast,2208,2026-08-13 03:00:00+00:00,172.69302368164062,122.472505,36.1775,2026-05-12 16:00:00+00:00,2026-08-12 15:00:00+00:00
2026-08-12,2026-08-12 17:33:33+00:00,online,FR,wind_offshore,chronos2_online,Chronos2 with covariates,weather_4p+tso_forecast,2208,2026-08-13 04:00:00+00:00,167.94708251953125,97.1075,61.260000000000005,2026-05-12 16:00:00+00:00,2026-08-12 15:00:00+00:00
2026-08-12,2026-08-12 17:33:33+00:00,online,FR,wind_offshore,chronos2_online,Chronos2 with covariates,weather_4p+tso_forecast,2208,2026-08-13 05:00:00+00:00,125.97500610351562,65.1025,40.9475,2026-05-12 16:00:00+00:00,2026-08-12 15:00:00+00:00
2026-08-12,2026-08-12 17:33:33+00:00,online,FR,wind_offshore,chronos2_online,Chronos2 with covariates,weather_4p+tso_forecast,2208,2026-08-13 06:00:00+00:00,121.6153564453125,43.4750025,61.2775,2026-05-12 16:00:00+00:00,2026-08-12 15:00:00+00:00
2026-08-12,2026-08-12 17:33:33+00:00,online,FR,wind_offshore,chronos2_online,Chronos2 with covariates,weather_4p+tso_forecast,2208,2026-08-13 07:00:00+00:00,122.30325317382812,32.25,68.065,2026-05-12 16:00:00+00:00,2026-08-12 15:00:00+00:00
2026-08-12,2026-08-12 17:33:33+00:00,online,FR,wind_offshore,chronos2_online,Chronos2 with covariates,weather_4p+tso_forecast,2208,2026-08-13 08:00:00+00:00,73.07110595703125,30.0825,71.975,2026-05-12 16:00:00+00:00,2026-08-12 15:00:00+00:00
2026-08-12,2026-08-12 17:33:33+00:00,online,FR,wind_offshore,chronos2_online,Chronos2 with covariates,weather_4p+tso_forecast,2208,2026-08-13 09:00:00+00:00,79.90823364257812,39.7475,87.305,2026-05-12 16:00:00+00:00,2026-08-12 15:00:00+00:00
2026-08-12,2026-08-12 17:33:33+00:00,online,FR,wind_offshore,chronos2_online,Chronos2 with covariates,weather_4p+tso_forecast,2208,2026-08-13 10:00:00+00:00,82.47549438476562,61.8475,99.3,2026-05-12 16:00:00+00:00,2026-08-12 15:00:00+00:00
2026-08-12,2026-08-12 17:33:33+00:00,online,FR,wind_offshore,chronos2_online,Chronos2 with covariates,weather_4p+tso_forecast,2208,2026-08-13 11:00:00+00:00,105.53213500976562,97.7775,82.14750000000001,2026-05-12 16:00:00+00:00,2026-08-12 15:00:00+00:00
2026-08-12,2026-08-12 17:33:33+00:00,online,FR,wind_offshore,chronos2_online,Chronos2 with covariates,weather_4p+tso_forecast,2208,2026-08-13 12:00:00+00:00,128.1724853515625,155.48999750000002,189.84,2026-05-12 16:00:00+00:00,2026-08-12 15:00:00+00:00
2026-08-12,2026-08-12 17:33:33+00:00,online,FR,wind_offshore,chronos2_online,Chronos2 with covariates,weather_4p+tso_forecast,2208,2026-08-13 13:00:00+00:00,138.716064453125,226.0674975,224.6225,2026-05-12 16:00:00+00:00,2026-08-12 15:00:00+00:00
2026-08-12,2026-08-12 17:33:33+00:00,online,FR,wind_offshore,chronos2_online,Chronos2 with covariates,weather_4p+tso_forecast,2208,2026-08-13 14:00:00+00:00,197.0025329589844,260.835005,243.4025,2026-05-12 16:00:00+00:00,2026-08-12 15:00:00+00:00
2026-08-12,2026-08-12 17:33:33+00:00,online,FR,wind_offshore,chronos2_online,Chronos2 with covariates,weather_4p+tso_forecast,2208,2026-08-13 15:00:00+00:00,251.407470703125,277.2699975,317.95,2026-05-12 16:00:00+00:00,2026-08-12 15:00:00+00:00
2026-08-12,2026-08-12 17:33:33+00:00,online,FR,wind_offshore,xgboost_online,XGBoost with covariates,weather_4p+tso_forecast,2208,2026-08-12 16:00:00+00:00,509.1476745605469,454.0749975,901.39,2026-05-12 16:00:00+00:00,2026-08-12 15:00:00+00:00
2026-08-12,2026-08-12 17:33:33+00:00,online,FR,wind_offshore,xgboost_online,XGBoost with covariates,weather_4p+tso_forecast,2208,2026-08-12 17:00:00+00:00,763.1582641601562,589.714965,955.4425,2026-05-12 16:00:00+00:00,2026-08-12 15:00:00+00:00
2026-08-12,2026-08-12 17:33:33+00:00,online,FR,wind_offshore,xgboost_online,XGBoost with covariates,weather_4p+tso_forecast,2208,2026-08-12 18:00:00+00:00,901.0316162109376,657.36499,857.4225,2026-05-12 16:00:00+00:00,2026-08-12 15:00:00+00:00
2026-08-12,2026-08-12 17:33:33+00:00,online,FR,wind_offshore,xgboost_online,XGBoost with covariates,weather_4p+tso_forecast,2208,2026-08-12 19:00:00+00:00,822.7279052734375,652.2325275000001,863.6175000000001,2026-05-12 16:00:00+00:00,2026-08-12 15:00:00+00:00
2026-08-12,2026-08-12 17:33:33+00:00,online,FR,wind_offshore,xgboost_online,XGBoost with covariates,weather_4p+tso_forecast,2208,2026-08-12 20:00:00+00:00,697.8997192382812,608.375,821.9875,2026-05-12 16:00:00+00:00,2026-08-12 15:00:00+00:00
2026-08-12,2026-08-12 17:33:33+00:00,online,FR,wind_offshore,xgboost_online,XGBoost with covariates,weather_4p+tso_forecast,2208,2026-08-12 21:00:00+00:00,753.2748413085938,546.57251,604.0074999999999,2026-05-12 16:00:00+00:00,2026-08-12 15:00:00+00:00
2026-08-12,2026-08-12 17:33:33+00:00,online,FR,wind_offshore,xgboost_online,XGBoost with covariates,weather_4p+tso_forecast,2208,2026-08-12 22:00:00+00:00,553.39990234375,500.9974975,427.5025,2026-05-12 16:00:00+00:00,2026-08-12 15:00:00+00:00
2026-08-12,2026-08-12 17:33:33+00:00,online,FR,wind_offshore,xgboost_online,XGBoost with covariates,weather_4p+tso_forecast,2208,2026-08-12 23:00:00+00:00,297.1686706542969,368.3424975,209.7575,2026-05-12 16:00:00+00:00,2026-08-12 15:00:00+00:00
2026-08-12,2026-08-12 17:33:33+00:00,online,FR,wind_offshore,xgboost_online,XGBoost with covariates,weather_4p+tso_forecast,2208,2026-08-13 00:00:00+00:00,250.7186737060547,274.249985,136.29,2026-05-12 16:00:00+00:00,2026-08-12 15:00:00+00:00
2026-08-12,2026-08-12 17:33:33+00:00,online,FR,wind_offshore,xgboost_online,XGBoost with covariates,weather_4p+tso_forecast,2208,2026-08-13 01:00:00+00:00,151.37062072753906,209.217505,79.535,2026-05-12 16:00:00+00:00,2026-08-12 15:00:00+00:00
2026-08-12,2026-08-12 17:33:33+00:00,online,FR,wind_offshore,xgboost_online,XGBoost with covariates,weather_4p+tso_forecast,2208,2026-08-13 02:00:00+00:00,118.00543975830078,157.0525025,30.95,2026-05-12 16:00:00+00:00,2026-08-12 15:00:00+00:00
2026-08-12,2026-08-12 17:33:33+00:00,online,FR,wind_offshore,xgboost_online,XGBoost with covariates,weather_4p+tso_forecast,2208,2026-08-13 03:00:00+00:00,100.31222534179688,122.472505,36.1775,2026-05-12 16:00:00+00:00,2026-08-12 15:00:00+00:00
2026-08-12,2026-08-12 17:33:33+00:00,online,FR,wind_offshore,xgboost_online,XGBoost with covariates,weather_4p+tso_forecast,2208,2026-08-13 04:00:00+00:00,153.12364196777344,97.1075,61.260000000000005,2026-05-12 16:00:00+00:00,2026-08-12 15:00:00+00:00
2026-08-12,2026-08-12 17:33:33+00:00,online,FR,wind_offshore,xgboost_online,XGBoost with covariates,weather_4p+tso_forecast,2208,2026-08-13 05:00:00+00:00,86.75167846679688,65.1025,40.9475,2026-05-12 16:00:00+00:00,2026-08-12 15:00:00+00:00
2026-08-12,2026-08-12 17:33:33+00:00,online,FR,wind_offshore,xgboost_online,XGBoost with covariates,weather_4p+tso_forecast,2208,2026-08-13 06:00:00+00:00,162.34510803222656,43.4750025,61.2775,2026-05-12 16:00:00+00:00,2026-08-12 15:00:00+00:00
2026-08-12,2026-08-12 17:33:33+00:00,online,FR,wind_offshore,xgboost_online,XGBoost with covariates,weather_4p+tso_forecast,2208,2026-08-13 07:00:00+00:00,113.3299789428711,32.25,68.065,2026-05-12 16:00:00+00:00,2026-08-12 15:00:00+00:00
2026-08-12,2026-08-12 17:33:33+00:00,online,FR,wind_offshore,xgboost_online,XGBoost with covariates,weather_4p+tso_forecast,2208,2026-08-13 08:00:00+00:00,82.44583129882812,30.0825,71.975,2026-05-12 16:00:00+00:00,2026-08-12 15:00:00+00:00
2026-08-12,2026-08-12 17:33:33+00:00,online,FR,wind_offshore,xgboost_online,XGBoost with covariates,weather_4p+tso_forecast,2208,2026-08-13 09:00:00+00:00,111.82516479492188,39.7475,87.305,2026-05-12 16:00:00+00:00,2026-08-12 15:00:00+00:00
2026-08-12,2026-08-12 17:33:33+00:00,online,FR,wind_offshore,xgboost_online,XGBoost with covariates,weather_4p+tso_forecast,2208,2026-08-13 10:00:00+00:00,88.57119750976562,61.8475,99.3,2026-05-12 16:00:00+00:00,2026-08-12 15:00:00+00:00
2026-08-12,2026-08-12 17:33:33+00:00,online,FR,wind_offshore,xgboost_online,XGBoost with covariates,weather_4p+tso_forecast,2208,2026-08-13 11:00:00+00:00,102.21603393554688,97.7775,82.14750000000001,2026-05-12 16:00:00+00:00,2026-08-12 15:00:00+00:00
2026-08-12,2026-08-12 17:33:33+00:00,online,FR,wind_offshore,xgboost_online,XGBoost with covariates,weather_4p+tso_forecast,2208,2026-08-13 12:00:00+00:00,103.0252685546875,155.48999750000002,189.84,2026-05-12 16:00:00+00:00,2026-08-12 15:00:00+00:00
2026-08-12,2026-08-12 17:33:33+00:00,online,FR,wind_offshore,xgboost_online,XGBoost with covariates,weather_4p+tso_forecast,2208,2026-08-13 13:00:00+00:00,184.8999481201172,226.0674975,224.6225,2026-05-12 16:00:00+00:00,2026-08-12 15:00:00+00:00
2026-08-12,2026-08-12 17:33:33+00:00,online,FR,wind_offshore,xgboost_online,XGBoost with covariates,weather_4p+tso_forecast,2208,2026-08-13 14:00:00+00:00,185.3405914306641,260.835005,243.4025,2026-05-12 16:00:00+00:00,2026-08-12 15:00:00+00:00
2026-08-12,2026-08-12 17:33:33+00:00,online,FR,wind_offshore,xgboost_online,XGBoost with covariates,weather_4p+tso_forecast,2208,2026-08-13 15:00:00+00:00,222.11703491210935,277.2699975,317.95,2026-05-12 16:00:00+00:00,2026-08-12 15:00:00+00:00
2026-08-12,2026-08-12 17:33:33+00:00,online,DE,load,tso_reference,TSO forecast,tso_forecast,2208,2026-08-12 16:00:00+00:00,55666.062563,55666.062563,53847.08963,2026-05-12 16:00:00+00:00,2026-08-12 15:00:00+00:00
2026-08-12,2026-08-12 17:33:33+00:00,online,DE,load,tso_reference,TSO forecast,tso_forecast,2208,2026-08-12 17:00:00+00:00,55668.684939750005,55668.684939750005,53352.5255475,2026-05-12 16:00:00+00:00,2026-08-12 15:00:00+00:00
2026-08-12,2026-08-12 17:33:33+00:00,online,DE,load,tso_reference,TSO forecast,tso_forecast,2208,2026-08-12 18:00:00+00:00,54087.54566275,54087.54566275,51430.0403075,2026-05-12 16:00:00+00:00,2026-08-12 15:00:00+00:00
2026-08-12,2026-08-12 17:33:33+00:00,online,DE,load,tso_reference,TSO forecast,tso_forecast,2208,2026-08-12 19:00:00+00:00,51965.2402405,51965.2402405,49706.176342499995,2026-05-12 16:00:00+00:00,2026-08-12 15:00:00+00:00
2026-08-12,2026-08-12 17:33:33+00:00,online,DE,load,tso_reference,TSO forecast,tso_forecast,2208,2026-08-12 20:00:00+00:00,48764.18645175,48764.18645175,47212.9434525,2026-05-12 16:00:00+00:00,2026-08-12 15:00:00+00:00
2026-08-12,2026-08-12 17:33:33+00:00,online,DE,load,tso_reference,TSO forecast,tso_forecast,2208,2026-08-12 21:00:00+00:00,45402.08003875,45402.08003875,44946.5366025,2026-05-12 16:00:00+00:00,2026-08-12 15:00:00+00:00
2026-08-12,2026-08-12 17:33:33+00:00,online,DE,load,tso_reference,TSO forecast,tso_forecast,2208,2026-08-12 22:00:00+00:00,42294.868282,42294.868282,43787.53229,2026-05-12 16:00:00+00:00,2026-08-12 15:00:00+00:00
2026-08-12,2026-08-12 17:33:33+00:00,online,DE,load,tso_reference,TSO forecast,tso_forecast,2208,2026-08-12 23:00:00+00:00,40750.8635585,40750.8635585,42802.1307575,2026-05-12 16:00:00+00:00,2026-08-12 15:00:00+00:00
2026-08-12,2026-08-12 17:33:33+00:00,online,DE,load,tso_reference,TSO forecast,tso_forecast,2208,2026-08-13 00:00:00+00:00,40086.09103575,40086.09103575,41286.3935875,2026-05-12 16:00:00+00:00,2026-08-12 15:00:00+00:00
2026-08-12,2026-08-12 17:33:33+00:00,online,DE,load,tso_reference,TSO forecast,tso_forecast,2208,2026-08-13 01:00:00+00:00,39936.90974375,39936.90974375,41458.05917,2026-05-12 16:00:00+00:00,2026-08-12 15:00:00+00:00
2026-08-12,2026-08-12 17:33:33+00:00,online,DE,load,tso_reference,TSO forecast,tso_forecast,2208,2026-08-13 02:00:00+00:00,40663.83184175,40663.83184175,42015.9401325,2026-05-12 16:00:00+00:00,2026-08-12 15:00:00+00:00
2026-08-12,2026-08-12 17:33:33+00:00,online,DE,load,tso_reference,TSO forecast,tso_forecast,2208,2026-08-13 03:00:00+00:00,43543.707348,43543.707348,43793.6418325,2026-05-12 16:00:00+00:00,2026-08-12 15:00:00+00:00
2026-08-12,2026-08-12 17:33:33+00:00,online,DE,load,tso_reference,TSO forecast,tso_forecast,2208,2026-08-13 04:00:00+00:00,49079.37076175,49079.37076175,48196.839945,2026-05-12 16:00:00+00:00,2026-08-12 15:00:00+00:00
2026-08-12,2026-08-12 17:33:33+00:00,online,DE,load,tso_reference,TSO forecast,tso_forecast,2208,2026-08-13 05:00:00+00:00,53584.446383,53584.446383,51290.3856475,2026-05-12 16:00:00+00:00,2026-08-12 15:00:00+00:00
2026-08-12,2026-08-12 17:33:33+00:00,online,DE,load,tso_reference,TSO forecast,tso_forecast,2208,2026-08-13 06:00:00+00:00,56545.3503335,56545.3503335,53812.180125,2026-05-12 16:00:00+00:00,2026-08-12 15:00:00+00:00
2026-08-12,2026-08-12 17:33:33+00:00,online,DE,load,tso_reference,TSO forecast,tso_forecast,2208,2026-08-13 07:00:00+00:00,57507.20443025,57507.20443025,55159.239405,2026-05-12 16:00:00+00:00,2026-08-12 15:00:00+00:00
2026-08-12,2026-08-12 17:33:33+00:00,online,DE,load,tso_reference,TSO forecast,tso_forecast,2208,2026-08-13 08:00:00+00:00,57989.58142725,57989.58142725,55174.3009475,2026-05-12 16:00:00+00:00,2026-08-12 15:00:00+00:00
2026-08-12,2026-08-12 17:33:33+00:00,online,DE,load,tso_reference,TSO forecast,tso_forecast,2208,2026-08-13 09:00:00+00:00,58144.46545875,58144.46545875,55037.3557175,2026-05-12 16:00:00+00:00,2026-08-12 15:00:00+00:00
2026-08-12,2026-08-12 17:33:33+00:00,online,DE,load,tso_reference,TSO forecast,tso_forecast,2208,2026-08-13 10:00:00+00:00,57486.45083775,57486.45083775,56141.9381175,2026-05-12 16:00:00+00:00,2026-08-12 15:00:00+00:00
2026-08-12,2026-08-12 17:33:33+00:00,online,DE,load,tso_reference,TSO forecast,tso_forecast,2208,2026-08-13 11:00:00+00:00,56172.32114575,56172.32114575,55429.1146175,2026-05-12 16:00:00+00:00,2026-08-12 15:00:00+00:00
2026-08-12,2026-08-12 17:33:33+00:00,online,DE,load,tso_reference,TSO forecast,tso_forecast,2208,2026-08-13 12:00:00+00:00,54964.66184125,54964.66184125,53426.264115,2026-05-12 16:00:00+00:00,2026-08-12 15:00:00+00:00
2026-08-12,2026-08-12 17:33:33+00:00,online,DE,load,tso_reference,TSO forecast,tso_forecast,2208,2026-08-13 13:00:00+00:00,54374.02775775,54374.02775775,52635.8381375,2026-05-12 16:00:00+00:00,2026-08-12 15:00:00+00:00
2026-08-12,2026-08-12 17:33:33+00:00,online,DE,load,tso_reference,TSO forecast,tso_forecast,2208,2026-08-13 14:00:00+00:00,53574.312001,53574.312001,53042.5910125,2026-05-12 16:00:00+00:00,2026-08-12 15:00:00+00:00
2026-08-12,2026-08-12 17:33:33+00:00,online,DE,load,tso_reference,TSO forecast,tso_forecast,2208,2026-08-13 15:00:00+00:00,53290.77691825,53290.77691825,53860.446885,2026-05-12 16:00:00+00:00,2026-08-12 15:00:00+00:00
2026-08-12,2026-08-12 17:33:33+00:00,online,DE,load,persistence,Persistence,weekly_persistence,2208,2026-08-12 16:00:00+00:00,56870.133915,55666.062563,53847.08963,2026-05-12 16:00:00+00:00,2026-08-12 15:00:00+00:00
2026-08-12,2026-08-12 17:33:33+00:00,online,DE,load,persistence,Persistence,weekly_persistence,2208,2026-08-12 17:00:00+00:00,56236.592995,55668.684939750005,53352.5255475,2026-05-12 16:00:00+00:00,2026-08-12 15:00:00+00:00
2026-08-12,2026-08-12 17:33:33+00:00,online,DE,load,persistence,Persistence,weekly_persistence,2208,2026-08-12 18:00:00+00:00,54482.6419525,54087.54566275,51430.0403075,2026-05-12 16:00:00+00:00,2026-08-12 15:00:00+00:00
2026-08-12,2026-08-12 17:33:33+00:00,online,DE,load,persistence,Persistence,weekly_persistence,2208,2026-08-12 19:00:00+00:00,52234.313194999995,51965.2402405,49706.176342499995,2026-05-12 16:00:00+00:00,2026-08-12 15:00:00+00:00
2026-08-12,2026-08-12 17:33:33+00:00,online,DE,load,persistence,Persistence,weekly_persistence,2208,2026-08-12 20:00:00+00:00,49246.5653925,48764.18645175,47212.9434525,2026-05-12 16:00:00+00:00,2026-08-12 15:00:00+00:00
2026-08-12,2026-08-12 17:33:33+00:00,online,DE,load,persistence,Persistence,weekly_persistence,2208,2026-08-12 21:00:00+00:00,46362.9506425,45402.08003875,44946.5366025,2026-05-12 16:00:00+00:00,2026-08-12 15:00:00+00:00
2026-08-12,2026-08-12 17:33:33+00:00,online,DE,load,persistence,Persistence,weekly_persistence,2208,2026-08-12 22:00:00+00:00,44390.489095,42294.868282,43787.53229,2026-05-12 16:00:00+00:00,2026-08-12 15:00:00+00:00
2026-08-12,2026-08-12 17:33:33+00:00,online,DE,load,persistence,Persistence,weekly_persistence,2208,2026-08-12 23:00:00+00:00,42984.00777,40750.8635585,42802.1307575,2026-05-12 16:00:00+00:00,2026-08-12 15:00:00+00:00
2026-08-12,2026-08-12 17:33:33+00:00,online,DE,load,persistence,Persistence,weekly_persistence,2208,2026-08-13 00:00:00+00:00,42359.154985,40086.09103575,41286.3935875,2026-05-12 16:00:00+00:00,2026-08-12 15:00:00+00:00
2026-08-12,2026-08-12 17:33:33+00:00,online,DE,load,persistence,Persistence,weekly_persistence,2208,2026-08-13 01:00:00+00:00,42250.42946,39936.90974375,41458.05917,2026-05-12 16:00:00+00:00,2026-08-12 15:00:00+00:00
2026-08-12,2026-08-12 17:33:33+00:00,online,DE,load,persistence,Persistence,weekly_persistence,2208,2026-08-13 02:00:00+00:00,42726.4778375,40663.83184175,42015.9401325,2026-05-12 16:00:00+00:00,2026-08-12 15:00:00+00:00
2026-08-12,2026-08-12 17:33:33+00:00,online,DE,load,persistence,Persistence,weekly_persistence,2208,2026-08-13 03:00:00+00:00,44820.4877225,43543.707348,43793.6418325,2026-05-12 16:00:00+00:00,2026-08-12 15:00:00+00:00
2026-08-12,2026-08-12 17:33:33+00:00,online,DE,load,persistence,Persistence,weekly_persistence,2208,2026-08-13 04:00:00+00:00,48901.4904025,49079.37076175,48196.839945,2026-05-12 16:00:00+00:00,2026-08-12 15:00:00+00:00
2026-08-12,2026-08-12 17:33:33+00:00,online,DE,load,persistence,Persistence,weekly_persistence,2208,2026-08-13 05:00:00+00:00,54512.9799625,53584.446383,51290.3856475,2026-05-12 16:00:00+00:00,2026-08-12 15:00:00+00:00
2026-08-12,2026-08-12 17:33:33+00:00,online,DE,load,persistence,Persistence,weekly_persistence,2208,2026-08-13 06:00:00+00:00,58337.1638,56545.3503335,53812.180125,2026-05-12 16:00:00+00:00,2026-08-12 15:00:00+00:00
2026-08-12,2026-08-12 17:33:33+00:00,online,DE,load,persistence,Persistence,weekly_persistence,2208,2026-08-13 07:00:00+00:00,59402.127555,57507.20443025,55159.239405,2026-05-12 16:00:00+00:00,2026-08-12 15:00:00+00:00
2026-08-12,2026-08-12 17:33:33+00:00,online,DE,load,persistence,Persistence,weekly_persistence,2208,2026-08-13 08:00:00+00:00,59735.913799999995,57989.58142725,55174.3009475,2026-05-12 16:00:00+00:00,2026-08-12 15:00:00+00:00
2026-08-12,2026-08-12 17:33:33+00:00,online,DE,load,persistence,Persistence,weekly_persistence,2208,2026-08-13 09:00:00+00:00,60272.020645,58144.46545875,55037.3557175,2026-05-12 16:00:00+00:00,2026-08-12 15:00:00+00:00
2026-08-12,2026-08-12 17:33:33+00:00,online,DE,load,persistence,Persistence,weekly_persistence,2208,2026-08-13 10:00:00+00:00,60090.3725925,57486.45083775,56141.9381175,2026-05-12 16:00:00+00:00,2026-08-12 15:00:00+00:00
2026-08-12,2026-08-12 17:33:33+00:00,online,DE,load,persistence,Persistence,weekly_persistence,2208,2026-08-13 11:00:00+00:00,58788.3212975,56172.32114575,55429.1146175,2026-05-12 16:00:00+00:00,2026-08-12 15:00:00+00:00
2026-08-12,2026-08-12 17:33:33+00:00,online,DE,load,persistence,Persistence,weekly_persistence,2208,2026-08-13 12:00:00+00:00,57684.1273025,54964.66184125,53426.264115,2026-05-12 16:00:00+00:00,2026-08-12 15:00:00+00:00
2026-08-12,2026-08-12 17:33:33+00:00,online,DE,load,persistence,Persistence,weekly_persistence,2208,2026-08-13 13:00:00+00:00,56456.0333675,54374.02775775,52635.8381375,2026-05-12 16:00:00+00:00,2026-08-12 15:00:00+00:00
2026-08-12,2026-08-12 17:33:33+00:00,online,DE,load,persistence,Persistence,weekly_persistence,2208,2026-08-13 14:00:00+00:00,55259.7457625,53574.312001,53042.5910125,2026-05-12 16:00:00+00:00,2026-08-12 15:00:00+00:00
2026-08-12,2026-08-12 17:33:33+00:00,online,DE,load,persistence,Persistence,weekly_persistence,2208,2026-08-13 15:00:00+00:00,55619.3512925,53290.77691825,53860.446885,2026-05-12 16:00:00+00:00,2026-08-12 15:00:00+00:00
2026-08-12,2026-08-12 17:33:33+00:00,online,DE,load,ridge_3mo_context,Ridge with covariates,Hum+tso_forecast,2208,2026-08-12 16:00:00+00:00,55676.9007031155,55666.062563,53847.08963,2026-05-12 16:00:00+00:00,2026-08-12 15:00:00+00:00
2026-08-12,2026-08-12 17:33:33+00:00,online,DE,load,ridge_3mo_context,Ridge with covariates,Hum+tso_forecast,2208,2026-08-12 17:00:00+00:00,55650.92403953108,55668.684939750005,53352.5255475,2026-05-12 16:00:00+00:00,2026-08-12 15:00:00+00:00
2026-08-12,2026-08-12 17:33:33+00:00,online,DE,load,ridge_3mo_context,Ridge with covariates,Hum+tso_forecast,2208,2026-08-12 18:00:00+00:00,54340.53455683302,54087.54566275,51430.0403075,2026-05-12 16:00:00+00:00,2026-08-12 15:00:00+00:00
2026-08-12,2026-08-12 17:33:33+00:00,online,DE,load,ridge_3mo_context,Ridge with covariates,Hum+tso_forecast,2208,2026-08-12 19:00:00+00:00,52266.80943550014,51965.2402405,49706.176342499995,2026-05-12 16:00:00+00:00,2026-08-12 15:00:00+00:00
2026-08-12,2026-08-12 17:33:33+00:00,online,DE,load,ridge_3mo_context,Ridge with covariates,Hum+tso_forecast,2208,2026-08-12 20:00:00+00:00,49383.96550900418,48764.18645175,47212.9434525,2026-05-12 16:00:00+00:00,2026-08-12 15:00:00+00:00
2026-08-12,2026-08-12 17:33:33+00:00,online,DE,load,ridge_3mo_context,Ridge with covariates,Hum+tso_forecast,2208,2026-08-12 21:00:00+00:00,46431.233245276955,45402.08003875,44946.5366025,2026-05-12 16:00:00+00:00,2026-08-12 15:00:00+00:00
2026-08-12,2026-08-12 17:33:33+00:00,online,DE,load,ridge_3mo_context,Ridge with covariates,Hum+tso_forecast,2208,2026-08-12 22:00:00+00:00,43563.61294608045,42294.868282,43787.53229,2026-05-12 16:00:00+00:00,2026-08-12 15:00:00+00:00
2026-08-12,2026-08-12 17:33:33+00:00,online,DE,load,ridge_3mo_context,Ridge with covariates,Hum+tso_forecast,2208,2026-08-12 23:00:00+00:00,42329.87028565795,40750.8635585,42802.1307575,2026-05-12 16:00:00+00:00,2026-08-12 15:00:00+00:00
2026-08-12,2026-08-12 17:33:33+00:00,online,DE,load,ridge_3mo_context,Ridge with covariates,Hum+tso_forecast,2208,2026-08-13 00:00:00+00:00,41442.2370294736,40086.09103575,41286.3935875,2026-05-12 16:00:00+00:00,2026-08-12 15:00:00+00:00
2026-08-12,2026-08-12 17:33:33+00:00,online,DE,load,ridge_3mo_context,Ridge with covariates,Hum+tso_forecast,2208,2026-08-13 01:00:00+00:00,41584.72340125682,39936.90974375,41458.05917,2026-05-12 16:00:00+00:00,2026-08-12 15:00:00+00:00
2026-08-12,2026-08-12 17:33:33+00:00,online,DE,load,ridge_3mo_context,Ridge with covariates,Hum+tso_forecast,2208,2026-08-13 02:00:00+00:00,41974.30521232718,40663.83184175,42015.9401325,2026-05-12 16:00:00+00:00,2026-08-12 15:00:00+00:00
2026-08-12,2026-08-12 17:33:33+00:00,online,DE,load,ridge_3mo_context,Ridge with covariates,Hum+tso_forecast,2208,2026-08-13 03:00:00+00:00,44609.449425035134,43543.707348,43793.6418325,2026-05-12 16:00:00+00:00,2026-08-12 15:00:00+00:00
2026-08-12,2026-08-12 17:33:33+00:00,online,DE,load,ridge_3mo_context,Ridge with covariates,Hum+tso_forecast,2208,2026-08-13 04:00:00+00:00,49780.68578891244,49079.37076175,48196.839945,2026-05-12 16:00:00+00:00,2026-08-12 15:00:00+00:00
2026-08-12,2026-08-12 17:33:33+00:00,online,DE,load,ridge_3mo_context,Ridge with covariates,Hum+tso_forecast,2208,2026-08-13 05:00:00+00:00,53825.34453238602,53584.446383,51290.3856475,2026-05-12 16:00:00+00:00,2026-08-12 15:00:00+00:00
2026-08-12,2026-08-12 17:33:33+00:00,online,DE,load,ridge_3mo_context,Ridge with covariates,Hum+tso_forecast,2208,2026-08-13 06:00:00+00:00,56586.550986958646,56545.3503335,53812.180125,2026-05-12 16:00:00+00:00,2026-08-12 15:00:00+00:00
2026-08-12,2026-08-12 17:33:33+00:00,online,DE,load,ridge_3mo_context,Ridge with covariates,Hum+tso_forecast,2208,2026-08-13 07:00:00+00:00,57520.54735677317,57507.20443025,55159.239405,2026-05-12 16:00:00+00:00,2026-08-12 15:00:00+00:00
2026-08-12,2026-08-12 17:33:33+00:00,online,DE,load,ridge_3mo_context,Ridge with covariates,Hum+tso_forecast,2208,2026-08-13 08:00:00+00:00,57993.42347966408,57989.58142725,55174.3009475,2026-05-12 16:00:00+00:00,2026-08-12 15:00:00+00:00
2026-08-12,2026-08-12 17:33:33+00:00,online,DE,load,ridge_3mo_context,Ridge with covariates,Hum+tso_forecast,2208,2026-08-13 09:00:00+00:00,58189.556477440114,58144.46545875,55037.3557175,2026-05-12 16:00:00+00:00,2026-08-12 15:00:00+00:00
2026-08-12,2026-08-12 17:33:33+00:00,online,DE,load,ridge_3mo_context,Ridge with covariates,Hum+tso_forecast,2208,2026-08-13 10:00:00+00:00,57489.31697209228,57486.45083775,56141.9381175,2026-05-12 16:00:00+00:00,2026-08-12 15:00:00+00:00
2026-08-12,2026-08-12 17:33:33+00:00,online,DE,load,ridge_3mo_context,Ridge with covariates,Hum+tso_forecast,2208,2026-08-13 11:00:00+00:00,56382.05958889803,56172.32114575,55429.1146175,2026-05-12 16:00:00+00:00,2026-08-12 15:00:00+00:00
2026-08-12,2026-08-12 17:33:33+00:00,online,DE,load,ridge_3mo_context,Ridge with covariates,Hum+tso_forecast,2208,2026-08-13 12:00:00+00:00,55323.129831966886,54964.66184125,53426.264115,2026-05-12 16:00:00+00:00,2026-08-12 15:00:00+00:00
2026-08-12,2026-08-12 17:33:33+00:00,online,DE,load,ridge_3mo_context,Ridge with covariates,Hum+tso_forecast,2208,2026-08-13 13:00:00+00:00,54817.771726636056,54374.02775775,52635.8381375,2026-05-12 16:00:00+00:00,2026-08-12 15:00:00+00:00
2026-08-12,2026-08-12 17:33:33+00:00,online,DE,load,ridge_3mo_context,Ridge with covariates,Hum+tso_forecast,2208,2026-08-13 14:00:00+00:00,54006.1417722171,53574.312001,53042.5910125,2026-05-12 16:00:00+00:00,2026-08-12 15:00:00+00:00
2026-08-12,2026-08-12 17:33:33+00:00,online,DE,load,ridge_3mo_context,Ridge with covariates,Hum+tso_forecast,2208,2026-08-13 15:00:00+00:00,53868.709293251755,53290.77691825,53860.446885,2026-05-12 16:00:00+00:00,2026-08-12 15:00:00+00:00
2026-08-12,2026-08-12 17:33:33+00:00,online,DE,load,chronos2_online,Chronos2 with covariates,Hum+tso_forecast,2208,2026-08-12 16:00:00+00:00,54539.0,55666.062563,53847.08963,2026-05-12 16:00:00+00:00,2026-08-12 15:00:00+00:00
2026-08-12,2026-08-12 17:33:33+00:00,online,DE,load,chronos2_online,Chronos2 with covariates,Hum+tso_forecast,2208,2026-08-12 17:00:00+00:00,54556.8828125,55668.684939750005,53352.5255475,2026-05-12 16:00:00+00:00,2026-08-12 15:00:00+00:00
2026-08-12,2026-08-12 17:33:33+00:00,online,DE,load,chronos2_online,Chronos2 with covariates,Hum+tso_forecast,2208,2026-08-12 18:00:00+00:00,52578.53515625,54087.54566275,51430.0403075,2026-05-12 16:00:00+00:00,2026-08-12 15:00:00+00:00
2026-08-12,2026-08-12 17:33:33+00:00,online,DE,load,chronos2_online,Chronos2 with covariates,Hum+tso_forecast,2208,2026-08-12 19:00:00+00:00,50968.62890625,51965.2402405,49706.176342499995,2026-05-12 16:00:00+00:00,2026-08-12 15:00:00+00:00
2026-08-12,2026-08-12 17:33:33+00:00,online,DE,load,chronos2_online,Chronos2 with covariates,Hum+tso_forecast,2208,2026-08-12 20:00:00+00:00,48519.5,48764.18645175,47212.9434525,2026-05-12 16:00:00+00:00,2026-08-12 15:00:00+00:00
2026-08-12,2026-08-12 17:33:33+00:00,online,DE,load,chronos2_online,Chronos2 with covariates,Hum+tso_forecast,2208,2026-08-12 21:00:00+00:00,45418.61328125,45402.08003875,44946.5366025,2026-05-12 16:00:00+00:00,2026-08-12 15:00:00+00:00
2026-08-12,2026-08-12 17:33:33+00:00,online,DE,load,chronos2_online,Chronos2 with covariates,Hum+tso_forecast,2208,2026-08-12 22:00:00+00:00,43748.2578125,42294.868282,43787.53229,2026-05-12 16:00:00+00:00,2026-08-12 15:00:00+00:00
2026-08-12,2026-08-12 17:33:33+00:00,online,DE,load,chronos2_online,Chronos2 with covariates,Hum+tso_forecast,2208,2026-08-12 23:00:00+00:00,42162.59765625,40750.8635585,42802.1307575,2026-05-12 16:00:00+00:00,2026-08-12 15:00:00+00:00
2026-08-12,2026-08-12 17:33:33+00:00,online,DE,load,chronos2_online,Chronos2 with covariates,Hum+tso_forecast,2208,2026-08-13 00:00:00+00:00,41828.0,40086.09103575,41286.3935875,2026-05-12 16:00:00+00:00,2026-08-12 15:00:00+00:00
2026-08-12,2026-08-12 17:33:33+00:00,online,DE,load,chronos2_online,Chronos2 with covariates,Hum+tso_forecast,2208,2026-08-13 01:00:00+00:00,41585.83203125,39936.90974375,41458.05917,2026-05-12 16:00:00+00:00,2026-08-12 15:00:00+00:00
2026-08-12,2026-08-12 17:33:33+00:00,online,DE,load,chronos2_online,Chronos2 with covariates,Hum+tso_forecast,2208,2026-08-13 02:00:00+00:00,42749.234375,40663.83184175,42015.9401325,2026-05-12 16:00:00+00:00,2026-08-12 15:00:00+00:00
2026-08-12,2026-08-12 17:33:33+00:00,online,DE,load,chronos2_online,Chronos2 with covariates,Hum+tso_forecast,2208,2026-08-13 03:00:00+00:00,45202.87109375,43543.707348,43793.6418325,2026-05-12 16:00:00+00:00,2026-08-12 15:00:00+00:00
2026-08-12,2026-08-12 17:33:33+00:00,online,DE,load,chronos2_online,Chronos2 with covariates,Hum+tso_forecast,2208,2026-08-13 04:00:00+00:00,49771.96484375,49079.37076175,48196.839945,2026-05-12 16:00:00+00:00,2026-08-12 15:00:00+00:00
2026-08-12,2026-08-12 17:33:33+00:00,online,DE,load,chronos2_online,Chronos2 with covariates,Hum+tso_forecast,2208,2026-08-13 05:00:00+00:00,53828.30859375,53584.446383,51290.3856475,2026-05-12 16:00:00+00:00,2026-08-12 15:00:00+00:00
2026-08-12,2026-08-12 17:33:33+00:00,online,DE,load,chronos2_online,Chronos2 with covariates,Hum+tso_forecast,2208,2026-08-13 06:00:00+00:00,56149.09765625,56545.3503335,53812.180125,2026-05-12 16:00:00+00:00,2026-08-12 15:00:00+00:00
2026-08-12,2026-08-12 17:33:33+00:00,online,DE,load,chronos2_online,Chronos2 with covariates,Hum+tso_forecast,2208,2026-08-13 07:00:00+00:00,56611.5546875,57507.20443025,55159.239405,2026-05-12 16:00:00+00:00,2026-08-12 15:00:00+00:00
2026-08-12,2026-08-12 17:33:33+00:00,online,DE,load,chronos2_online,Chronos2 with covariates,Hum+tso_forecast,2208,2026-08-13 08:00:00+00:00,56137.03125,57989.58142725,55174.3009475,2026-05-12 16:00:00+00:00,2026-08-12 15:00:00+00:00
2026-08-12,2026-08-12 17:33:33+00:00,online,DE,load,chronos2_online,Chronos2 with covariates,Hum+tso_forecast,2208,2026-08-13 09:00:00+00:00,55999.5234375,58144.46545875,55037.3557175,2026-05-12 16:00:00+00:00,2026-08-12 15:00:00+00:00
2026-08-12,2026-08-12 17:33:33+00:00,online,DE,load,chronos2_online,Chronos2 with covariates,Hum+tso_forecast,2208,2026-08-13 10:00:00+00:00,55621.578125,57486.45083775,56141.9381175,2026-05-12 16:00:00+00:00,2026-08-12 15:00:00+00:00
2026-08-12,2026-08-12 17:33:33+00:00,online,DE,load,chronos2_online,Chronos2 with covariates,Hum+tso_forecast,2208,2026-08-13 11:00:00+00:00,54884.19140625,56172.32114575,55429.1146175,2026-05-12 16:00:00+00:00,2026-08-12 15:00:00+00:00
2026-08-12,2026-08-12 17:33:33+00:00,online,DE,load,chronos2_online,Chronos2 with covariates,Hum+tso_forecast,2208,2026-08-13 12:00:00+00:00,53515.7890625,54964.66184125,53426.264115,2026-05-12 16:00:00+00:00,2026-08-12 15:00:00+00:00
2026-08-12,2026-08-12 17:33:33+00:00,online,DE,load,chronos2_online,Chronos2 with covariates,Hum+tso_forecast,2208,2026-08-13 13:00:00+00:00,52852.36328125,54374.02775775,52635.8381375,2026-05-12 16:00:00+00:00,2026-08-12 15:00:00+00:00
2026-08-12,2026-08-12 17:33:33+00:00,online,DE,load,chronos2_online,Chronos2 with covariates,Hum+tso_forecast,2208,2026-08-13 14:00:00+00:00,52932.703125,53574.312001,53042.5910125,2026-05-12 16:00:00+00:00,2026-08-12 15:00:00+00:00
2026-08-12,2026-08-12 17:33:33+00:00,online,DE,load,chronos2_online,Chronos2 with covariates,Hum+tso_forecast,2208,2026-08-13 15:00:00+00:00,53688.9765625,53290.77691825,53860.446885,2026-05-12 16:00:00+00:00,2026-08-12 15:00:00+00:00
2026-08-12,2026-08-12 17:33:33+00:00,online,DE,solar,tso_reference,TSO forecast,tso_forecast,2208,2026-08-12 16:00:00+00:00,17590.253495,17590.253495,17840.58575,2026-05-12 16:00:00+00:00,2026-08-12 15:00:00+00:00
2026-08-12,2026-08-12 17:33:33+00:00,online,DE,solar,tso_reference,TSO forecast,tso_forecast,2208,2026-08-12 17:00:00+00:00,5372.3169450000005,5372.3169450000005,5190.1085,2026-05-12 16:00:00+00:00,2026-08-12 15:00:00+00:00
2026-08-12,2026-08-12 17:33:33+00:00,online,DE,solar,tso_reference,TSO forecast,tso_forecast,2208,2026-08-12 18:00:00+00:00,351.4222075,351.4222075,76.23825,2026-05-12 16:00:00+00:00,2026-08-12 15:00:00+00:00
2026-08-12,2026-08-12 17:33:33+00:00,online,DE,solar,tso_reference,TSO forecast,tso_forecast,2208,2026-08-12 19:00:00+00:00,5.0315575,5.0315575,0.5075,2026-05-12 16:00:00+00:00,2026-08-12 15:00:00+00:00
2026-08-12,2026-08-12 17:33:33+00:00,online,DE,solar,tso_reference,TSO forecast,tso_forecast,2208,2026-08-12 20:00:00+00:00,0.0,0.0,0.0,2026-05-12 16:00:00+00:00,2026-08-12 15:00:00+00:00
2026-08-12,2026-08-12 17:33:33+00:00,online,DE,solar,tso_reference,TSO forecast,tso_forecast,2208,2026-08-12 21:00:00+00:00,0.0,0.0,0.0,2026-05-12 16:00:00+00:00,2026-08-12 15:00:00+00:00
2026-08-12,2026-08-12 17:33:33+00:00,online,DE,solar,tso_reference,TSO forecast,tso_forecast,2208,2026-08-12 22:00:00+00:00,0.0,0.0,0.0,2026-05-12 16:00:00+00:00,2026-08-12 15:00:00+00:00
2026-08-12,2026-08-12 17:33:33+00:00,online,DE,solar,tso_reference,TSO forecast,tso_forecast,2208,2026-08-12 23:00:00+00:00,0.0,0.0,0.0,2026-05-12 16:00:00+00:00,2026-08-12 15:00:00+00:00
2026-08-12,2026-08-12 17:33:33+00:00,online,DE,solar,tso_reference,TSO forecast,tso_forecast,2208,2026-08-13 00:00:00+00:00,0.0,0.0,0.0,2026-05-12 16:00:00+00:00,2026-08-12 15:00:00+00:00
2026-08-12,2026-08-12 17:33:33+00:00,online,DE,solar,tso_reference,TSO forecast,tso_forecast,2208,2026-08-13 01:00:00+00:00,0.0,0.0,0.0,2026-05-12 16:00:00+00:00,2026-08-12 15:00:00+00:00
2026-08-12,2026-08-12 17:33:33+00:00,online,DE,solar,tso_reference,TSO forecast,tso_forecast,2208,2026-08-13 02:00:00+00:00,0.0,0.0,0.0,2026-05-12 16:00:00+00:00,2026-08-12 15:00:00+00:00
2026-08-12,2026-08-12 17:33:33+00:00,online,DE,solar,tso_reference,TSO forecast,tso_forecast,2208,2026-08-13 03:00:00+00:00,10.82538,10.82538,4.5287500000000005,2026-05-12 16:00:00+00:00,2026-08-12 15:00:00+00:00
2026-08-12,2026-08-12 17:33:33+00:00,online,DE,solar,tso_reference,TSO forecast,tso_forecast,2208,2026-08-13 04:00:00+00:00,1563.3476675,1563.3476675,1428.4895,2026-05-12 16:00:00+00:00,2026-08-12 15:00:00+00:00
2026-08-12,2026-08-12 17:33:33+00:00,online,DE,solar,tso_reference,TSO forecast,tso_forecast,2208,2026-08-13 05:00:00+00:00,8558.035655,8558.035655,8882.34175,2026-05-12 16:00:00+00:00,2026-08-12 15:00:00+00:00
2026-08-12,2026-08-12 17:33:33+00:00,online,DE,solar,tso_reference,TSO forecast,tso_forecast,2208,2026-08-13 06:00:00+00:00,21551.7293125,21551.7293125,21829.516,2026-05-12 16:00:00+00:00,2026-08-12 15:00:00+00:00
2026-08-12,2026-08-12 17:33:33+00:00,online,DE,solar,tso_reference,TSO forecast,tso_forecast,2208,2026-08-13 07:00:00+00:00,35098.3559475,35098.3559475,35227.832,2026-05-12 16:00:00+00:00,2026-08-12 15:00:00+00:00
2026-08-12,2026-08-12 17:33:33+00:00,online,DE,solar,tso_reference,TSO forecast,tso_forecast,2208,2026-08-13 08:00:00+00:00,45711.784145,45711.784145,46142.153,2026-05-12 16:00:00+00:00,2026-08-12 15:00:00+00:00
2026-08-12,2026-08-12 17:33:33+00:00,online,DE,solar,tso_reference,TSO forecast,tso_forecast,2208,2026-08-13 09:00:00+00:00,52962.7429325,52962.7429325,53610.593250000005,2026-05-12 16:00:00+00:00,2026-08-12 15:00:00+00:00
2026-08-12,2026-08-12 17:33:33+00:00,online,DE,solar,tso_reference,TSO forecast,tso_forecast,2208,2026-08-13 10:00:00+00:00,56867.115025,56867.115025,57653.77525,2026-05-12 16:00:00+00:00,2026-08-12 15:00:00+00:00
2026-08-12,2026-08-12 17:33:33+00:00,online,DE,solar,tso_reference,TSO forecast,tso_forecast,2208,2026-08-13 11:00:00+00:00,57895.894925,57895.894925,58055.5305,2026-05-12 16:00:00+00:00,2026-08-12 15:00:00+00:00
2026-08-12,2026-08-12 17:33:33+00:00,online,DE,solar,tso_reference,TSO forecast,tso_forecast,2208,2026-08-13 12:00:00+00:00,55829.167025,55829.167025,56421.55975,2026-05-12 16:00:00+00:00,2026-08-12 15:00:00+00:00
2026-08-12,2026-08-12 17:33:33+00:00,online,DE,solar,tso_reference,TSO forecast,tso_forecast,2208,2026-08-13 13:00:00+00:00,50739.624075,50739.624075,51265.197,2026-05-12 16:00:00+00:00,2026-08-12 15:00:00+00:00
2026-08-12,2026-08-12 17:33:33+00:00,online,DE,solar,tso_reference,TSO forecast,tso_forecast,2208,2026-08-13 14:00:00+00:00,42562.4688425,42562.4688425,43017.85375,2026-05-12 16:00:00+00:00,2026-08-12 15:00:00+00:00
2026-08-12,2026-08-12 17:33:33+00:00,online,DE,solar,tso_reference,TSO forecast,tso_forecast,2208,2026-08-13 15:00:00+00:00,31107.7863675,31107.7863675,31345.04675,2026-05-12 16:00:00+00:00,2026-08-12 15:00:00+00:00
2026-08-12,2026-08-12 17:33:33+00:00,online,DE,solar,persistence,Persistence,daily_persistence,2208,2026-08-12 16:00:00+00:00,17978.5365,17590.253495,17840.58575,2026-05-12 16:00:00+00:00,2026-08-12 15:00:00+00:00
2026-08-12,2026-08-12 17:33:33+00:00,online,DE,solar,persistence,Persistence,daily_persistence,2208,2026-08-12 17:00:00+00:00,6284.177250000001,5372.3169450000005,5190.1085,2026-05-12 16:00:00+00:00,2026-08-12 15:00:00+00:00
2026-08-12,2026-08-12 17:33:33+00:00,online,DE,solar,persistence,Persistence,daily_persistence,2208,2026-08-12 18:00:00+00:00,796.41875,351.4222075,76.23825,2026-05-12 16:00:00+00:00,2026-08-12 15:00:00+00:00
2026-08-12,2026-08-12 17:33:33+00:00,online,DE,solar,persistence,Persistence,daily_persistence,2208,2026-08-12 19:00:00+00:00,1.009,5.0315575,0.5075,2026-05-12 16:00:00+00:00,2026-08-12 15:00:00+00:00
2026-08-12,2026-08-12 17:33:33+00:00,online,DE,solar,persistence,Persistence,daily_persistence,2208,2026-08-12 20:00:00+00:00,0.24275,0.0,0.0,2026-05-12 16:00:00+00:00,2026-08-12 15:00:00+00:00
2026-08-12,2026-08-12 17:33:33+00:00,online,DE,solar,persistence,Persistence,daily_persistence,2208,2026-08-12 21:00:00+00:00,0.18125,0.0,0.0,2026-05-12 16:00:00+00:00,2026-08-12 15:00:00+00:00
2026-08-12,2026-08-12 17:33:33+00:00,online,DE,solar,persistence,Persistence,daily_persistence,2208,2026-08-12 22:00:00+00:00,0.0,0.0,0.0,2026-05-12 16:00:00+00:00,2026-08-12 15:00:00+00:00
2026-08-12,2026-08-12 17:33:33+00:00,online,DE,solar,persistence,Persistence,daily_persistence,2208,2026-08-12 23:00:00+00:00,0.0,0.0,0.0,2026-05-12 16:00:00+00:00,2026-08-12 15:00:00+00:00
2026-08-12,2026-08-12 17:33:33+00:00,online,DE,solar,persistence,Persistence,daily_persistence,2208,2026-08-13 00:00:00+00:00,0.00125,0.0,0.0,2026-05-12 16:00:00+00:00,2026-08-12 15:00:00+00:00
2026-08-12,2026-08-12 17:33:33+00:00,online,DE,solar,persistence,Persistence,daily_persistence,2208,2026-08-13 01:00:00+00:00,0.00025,0.0,0.0,2026-05-12 16:00:00+00:00,2026-08-12 15:00:00+00:00
2026-08-12,2026-08-12 17:33:33+00:00,online,DE,solar,persistence,Persistence,daily_persistence,2208,2026-08-13 02:00:00+00:00,0.0005,0.0,0.0,2026-05-12 16:00:00+00:00,2026-08-12 15:00:00+00:00
2026-08-12,2026-08-12 17:33:33+00:00,online,DE,solar,persistence,Persistence,daily_persistence,2208,2026-08-13 03:00:00+00:00,7.675,10.82538,4.5287500000000005,2026-05-12 16:00:00+00:00,2026-08-12 15:00:00+00:00
2026-08-12,2026-08-12 17:33:33+00:00,online,DE,solar,persistence,Persistence,daily_persistence,2208,2026-08-13 04:00:00+00:00,1569.708,1563.3476675,1428.4895,2026-05-12 16:00:00+00:00,2026-08-12 15:00:00+00:00
2026-08-12,2026-08-12 17:33:33+00:00,online,DE,solar,persistence,Persistence,daily_persistence,2208,2026-08-13 05:00:00+00:00,8933.514500000001,8558.035655,8882.34175,2026-05-12 16:00:00+00:00,2026-08-12 15:00:00+00:00
2026-08-12,2026-08-12 17:33:33+00:00,online,DE,solar,persistence,Persistence,daily_persistence,2208,2026-08-13 06:00:00+00:00,22321.2695,21551.7293125,21829.516,2026-05-12 16:00:00+00:00,2026-08-12 15:00:00+00:00
2026-08-12,2026-08-12 17:33:33+00:00,online,DE,solar,persistence,Persistence,daily_persistence,2208,2026-08-13 07:00:00+00:00,36067.501,35098.3559475,35227.832,2026-05-12 16:00:00+00:00,2026-08-12 15:00:00+00:00
2026-08-12,2026-08-12 17:33:33+00:00,online,DE,solar,persistence,Persistence,daily_persistence,2208,2026-08-13 08:00:00+00:00,46570.724,45711.784145,46142.153,2026-05-12 16:00:00+00:00,2026-08-12 15:00:00+00:00
2026-08-12,2026-08-12 17:33:33+00:00,online,DE,solar,persistence,Persistence,daily_persistence,2208,2026-08-13 09:00:00+00:00,54266.57,52962.7429325,53610.593250000005,2026-05-12 16:00:00+00:00,2026-08-12 15:00:00+00:00
2026-08-12,2026-08-12 17:33:33+00:00,online,DE,solar,persistence,Persistence,daily_persistence,2208,2026-08-13 10:00:00+00:00,57611.5245,56867.115025,57653.77525,2026-05-12 16:00:00+00:00,2026-08-12 15:00:00+00:00
2026-08-12,2026-08-12 17:33:33+00:00,online,DE,solar,persistence,Persistence,daily_persistence,2208,2026-08-13 11:00:00+00:00,58267.045750000005,57895.894925,58055.5305,2026-05-12 16:00:00+00:00,2026-08-12 15:00:00+00:00
2026-08-12,2026-08-12 17:33:33+00:00,online,DE,solar,persistence,Persistence,daily_persistence,2208,2026-08-13 12:00:00+00:00,56886.27425,55829.167025,56421.55975,2026-05-12 16:00:00+00:00,2026-08-12 15:00:00+00:00
2026-08-12,2026-08-12 17:33:33+00:00,online,DE,solar,persistence,Persistence,daily_persistence,2208,2026-08-13 13:00:00+00:00,52064.59575,50739.624075,51265.197,2026-05-12 16:00:00+00:00,2026-08-12 15:00:00+00:00
2026-08-12,2026-08-12 17:33:33+00:00,online,DE,solar,persistence,Persistence,daily_persistence,2208,2026-08-13 14:00:00+00:00,43457.81275,42562.4688425,43017.85375,2026-05-12 16:00:00+00:00,2026-08-12 15:00:00+00:00
2026-08-12,2026-08-12 17:33:33+00:00,online,DE,solar,persistence,Persistence,daily_persistence,2208,2026-08-13 15:00:00+00:00,32000.0745,31107.7863675,31345.04675,2026-05-12 16:00:00+00:00,2026-08-12 15:00:00+00:00
2026-08-12,2026-08-12 17:33:33+00:00,online,DE,solar,chronos2_online,Chronos2 with covariates,weather_4p+tso_forecast,2208,2026-08-12 16:00:00+00:00,17601.900390625,17590.253495,17840.58575,2026-05-12 16:00:00+00:00,2026-08-12 15:00:00+00:00
2026-08-12,2026-08-12 17:33:33+00:00,online,DE,solar,chronos2_online,Chronos2 with covariates,weather_4p+tso_forecast,2208,2026-08-12 17:00:00+00:00,6404.93359375,5372.3169450000005,5190.1085,2026-05-12 16:00:00+00:00,2026-08-12 15:00:00+00:00
2026-08-12,2026-08-12 17:33:33+00:00,online,DE,solar,chronos2_online,Chronos2 with covariates,weather_4p+tso_forecast,2208,2026-08-12 18:00:00+00:00,1265.9619140625,351.4222075,76.23825,2026-05-12 16:00:00+00:00,2026-08-12 15:00:00+00:00
2026-08-12,2026-08-12 17:33:33+00:00,online,DE,solar,chronos2_online,Chronos2 with covariates,weather_4p+tso_forecast,2208,2026-08-12 19:00:00+00:00,279.798828125,5.0315575,0.5075,2026-05-12 16:00:00+00:00,2026-08-12 15:00:00+00:00
2026-08-12,2026-08-12 17:33:33+00:00,online,DE,solar,chronos2_online,Chronos2 with covariates,weather_4p+tso_forecast,2208,2026-08-12 20:00:00+00:00,154.7275390625,0.0,0.0,2026-05-12 16:00:00+00:00,2026-08-12 15:00:00+00:00
2026-08-12,2026-08-12 17:33:33+00:00,online,DE,solar,chronos2_online,Chronos2 with covariates,weather_4p+tso_forecast,2208,2026-08-12 21:00:00+00:00,290.986328125,0.0,0.0,2026-05-12 16:00:00+00:00,2026-08-12 15:00:00+00:00
2026-08-12,2026-08-12 17:33:33+00:00,online,DE,solar,chronos2_online,Chronos2 with covariates,weather_4p+tso_forecast,2208,2026-08-12 22:00:00+00:00,348.5537109375,0.0,0.0,2026-05-12 16:00:00+00:00,2026-08-12 15:00:00+00:00
2026-08-12,2026-08-12 17:33:33+00:00,online,DE,solar,chronos2_online,Chronos2 with covariates,weather_4p+tso_forecast,2208,2026-08-12 23:00:00+00:00,368.8779296875,0.0,0.0,2026-05-12 16:00:00+00:00,2026-08-12 15:00:00+00:00
2026-08-12,2026-08-12 17:33:33+00:00,online,DE,solar,chronos2_online,Chronos2 with covariates,weather_4p+tso_forecast,2208,2026-08-13 00:00:00+00:00,350.1318359375,0.0,0.0,2026-05-12 16:00:00+00:00,2026-08-12 15:00:00+00:00
2026-08-12,2026-08-12 17:33:33+00:00,online,DE,solar,chronos2_online,Chronos2 with covariates,weather_4p+tso_forecast,2208,2026-08-13 01:00:00+00:00,267.0283203125,0.0,0.0,2026-05-12 16:00:00+00:00,2026-08-12 15:00:00+00:00
2026-08-12,2026-08-12 17:33:33+00:00,online,DE,solar,chronos2_online,Chronos2 with covariates,weather_4p+tso_forecast,2208,2026-08-13 02:00:00+00:00,46.1806640625,0.0,0.0,2026-05-12 16:00:00+00:00,2026-08-12 15:00:00+00:00
2026-08-12,2026-08-12 17:33:33+00:00,online,DE,solar,chronos2_online,Chronos2 with covariates,weather_4p+tso_forecast,2208,2026-08-13 03:00:00+00:00,146.2919921875,10.82538,4.5287500000000005,2026-05-12 16:00:00+00:00,2026-08-12 15:00:00+00:00
2026-08-12,2026-08-12 17:33:33+00:00,online,DE,solar,chronos2_online,Chronos2 with covariates,weather_4p+tso_forecast,2208,2026-08-13 04:00:00+00:00,1432.802734375,1563.3476675,1428.4895,2026-05-12 16:00:00+00:00,2026-08-12 15:00:00+00:00
2026-08-12,2026-08-12 17:33:33+00:00,online,DE,solar,chronos2_online,Chronos2 with covariates,weather_4p+tso_forecast,2208,2026-08-13 05:00:00+00:00,8696.369140625,8558.035655,8882.34175,2026-05-12 16:00:00+00:00,2026-08-12 15:00:00+00:00
2026-08-12,2026-08-12 17:33:33+00:00,online,DE,solar,chronos2_online,Chronos2 with covariates,weather_4p+tso_forecast,2208,2026-08-13 06:00:00+00:00,21996.84375,21551.7293125,21829.516,2026-05-12 16:00:00+00:00,2026-08-12 15:00:00+00:00
2026-08-12,2026-08-12 17:33:33+00:00,online,DE,solar,chronos2_online,Chronos2 with covariates,weather_4p+tso_forecast,2208,2026-08-13 07:00:00+00:00,35733.984375,35098.3559475,35227.832,2026-05-12 16:00:00+00:00,2026-08-12 15:00:00+00:00
2026-08-12,2026-08-12 17:33:33+00:00,online,DE,solar,chronos2_online,Chronos2 with covariates,weather_4p+tso_forecast,2208,2026-08-13 08:00:00+00:00,46955.5390625,45711.784145,46142.153,2026-05-12 16:00:00+00:00,2026-08-12 15:00:00+00:00
2026-08-12,2026-08-12 17:33:33+00:00,online,DE,solar,chronos2_online,Chronos2 with covariates,weather_4p+tso_forecast,2208,2026-08-13 09:00:00+00:00,53200.98046875,52962.7429325,53610.593250000005,2026-05-12 16:00:00+00:00,2026-08-12 15:00:00+00:00
2026-08-12,2026-08-12 17:33:33+00:00,online,DE,solar,chronos2_online,Chronos2 with covariates,weather_4p+tso_forecast,2208,2026-08-13 10:00:00+00:00,56411.0078125,56867.115025,57653.77525,2026-05-12 16:00:00+00:00,2026-08-12 15:00:00+00:00
2026-08-12,2026-08-12 17:33:33+00:00,online,DE,solar,chronos2_online,Chronos2 with covariates,weather_4p+tso_forecast,2208,2026-08-13 11:00:00+00:00,56262.8671875,57895.894925,58055.5305,2026-05-12 16:00:00+00:00,2026-08-12 15:00:00+00:00
2026-08-12,2026-08-12 17:33:33+00:00,online,DE,solar,chronos2_online,Chronos2 with covariates,weather_4p+tso_forecast,2208,2026-08-13 12:00:00+00:00,53301.3125,55829.167025,56421.55975,2026-05-12 16:00:00+00:00,2026-08-12 15:00:00+00:00
2026-08-12,2026-08-12 17:33:33+00:00,online,DE,solar,chronos2_online,Chronos2 with covariates,weather_4p+tso_forecast,2208,2026-08-13 13:00:00+00:00,48493.42578125,50739.624075,51265.197,2026-05-12 16:00:00+00:00,2026-08-12 15:00:00+00:00
2026-08-12,2026-08-12 17:33:33+00:00,online,DE,solar,chronos2_online,Chronos2 with covariates,weather_4p+tso_forecast,2208,2026-08-13 14:00:00+00:00,40733.65625,42562.4688425,43017.85375,2026-05-12 16:00:00+00:00,2026-08-12 15:00:00+00:00
2026-08-12,2026-08-12 17:33:33+00:00,online,DE,solar,chronos2_online,Chronos2 with covariates,weather_4p+tso_forecast,2208,2026-08-13 15:00:00+00:00,30422.830078125,31107.7863675,31345.04675,2026-05-12 16:00:00+00:00,2026-08-12 15:00:00+00:00
2026-08-12,2026-08-12 17:33:33+00:00,online,DE,solar,xgboost_online,XGBoost with covariates,weather_4p+tso_forecast,2208,2026-08-12 16:00:00+00:00,17481.73828125,17590.253495,17840.58575,2026-05-12 16:00:00+00:00,2026-08-12 15:00:00+00:00
2026-08-12,2026-08-12 17:33:33+00:00,online,DE,solar,xgboost_online,XGBoost with covariates,weather_4p+tso_forecast,2208,2026-08-12 17:00:00+00:00,5723.24365234375,5372.3169450000005,5190.1085,2026-05-12 16:00:00+00:00,2026-08-12 15:00:00+00:00
2026-08-12,2026-08-12 17:33:33+00:00,online,DE,solar,xgboost_online,XGBoost with covariates,weather_4p+tso_forecast,2208,2026-08-12 18:00:00+00:00,1021.1751098632812,351.4222075,76.23825,2026-05-12 16:00:00+00:00,2026-08-12 15:00:00+00:00
2026-08-12,2026-08-12 17:33:33+00:00,online,DE,solar,xgboost_online,XGBoost with covariates,weather_4p+tso_forecast,2208,2026-08-12 19:00:00+00:00,400.9863586425781,5.0315575,0.5075,2026-05-12 16:00:00+00:00,2026-08-12 15:00:00+00:00
2026-08-12,2026-08-12 17:33:33+00:00,online,DE,solar,xgboost_online,XGBoost with covariates,weather_4p+tso_forecast,2208,2026-08-12 20:00:00+00:00,308.9366760253906,0.0,0.0,2026-05-12 16:00:00+00:00,2026-08-12 15:00:00+00:00
2026-08-12,2026-08-12 17:33:33+00:00,online,DE,solar,xgboost_online,XGBoost with covariates,weather_4p+tso_forecast,2208,2026-08-12 21:00:00+00:00,308.9366760253906,0.0,0.0,2026-05-12 16:00:00+00:00,2026-08-12 15:00:00+00:00
2026-08-12,2026-08-12 17:33:33+00:00,online,DE,solar,xgboost_online,XGBoost with covariates,weather_4p+tso_forecast,2208,2026-08-12 22:00:00+00:00,308.9366760253906,0.0,0.0,2026-05-12 16:00:00+00:00,2026-08-12 15:00:00+00:00
2026-08-12,2026-08-12 17:33:33+00:00,online,DE,solar,xgboost_online,XGBoost with covariates,weather_4p+tso_forecast,2208,2026-08-12 23:00:00+00:00,308.9366760253906,0.0,0.0,2026-05-12 16:00:00+00:00,2026-08-12 15:00:00+00:00
2026-08-12,2026-08-12 17:33:33+00:00,online,DE,solar,xgboost_online,XGBoost with covariates,weather_4p+tso_forecast,2208,2026-08-13 00:00:00+00:00,317.32763671875,0.0,0.0,2026-05-12 16:00:00+00:00,2026-08-12 15:00:00+00:00
2026-08-12,2026-08-12 17:33:33+00:00,online,DE,solar,xgboost_online,XGBoost with covariates,weather_4p+tso_forecast,2208,2026-08-13 01:00:00+00:00,317.32763671875,0.0,0.0,2026-05-12 16:00:00+00:00,2026-08-12 15:00:00+00:00
2026-08-12,2026-08-12 17:33:33+00:00,online,DE,solar,xgboost_online,XGBoost with covariates,weather_4p+tso_forecast,2208,2026-08-13 02:00:00+00:00,317.32763671875,0.0,0.0,2026-05-12 16:00:00+00:00,2026-08-12 15:00:00+00:00
2026-08-12,2026-08-12 17:33:33+00:00,online,DE,solar,xgboost_online,XGBoost with covariates,weather_4p+tso_forecast,2208,2026-08-13 03:00:00+00:00,317.32763671875,10.82538,4.5287500000000005,2026-05-12 16:00:00+00:00,2026-08-12 15:00:00+00:00
2026-08-12,2026-08-12 17:33:33+00:00,online,DE,solar,xgboost_online,XGBoost with covariates,weather_4p+tso_forecast,2208,2026-08-13 04:00:00+00:00,1378.833251953125,1563.3476675,1428.4895,2026-05-12 16:00:00+00:00,2026-08-12 15:00:00+00:00
2026-08-12,2026-08-12 17:33:33+00:00,online,DE,solar,xgboost_online,XGBoost with covariates,weather_4p+tso_forecast,2208,2026-08-13 05:00:00+00:00,7796.25,8558.035655,8882.34175,2026-05-12 16:00:00+00:00,2026-08-12 15:00:00+00:00
2026-08-12,2026-08-12 17:33:33+00:00,online,DE,solar,xgboost_online,XGBoost with covariates,weather_4p+tso_forecast,2208,2026-08-13 06:00:00+00:00,20369.453125,21551.7293125,21829.516,2026-05-12 16:00:00+00:00,2026-08-12 15:00:00+00:00
2026-08-12,2026-08-12 17:33:33+00:00,online,DE,solar,xgboost_online,XGBoost with covariates,weather_4p+tso_forecast,2208,2026-08-13 07:00:00+00:00,34155.48046875,35098.3559475,35227.832,2026-05-12 16:00:00+00:00,2026-08-12 15:00:00+00:00
2026-08-12,2026-08-12 17:33:33+00:00,online,DE,solar,xgboost_online,XGBoost with covariates,weather_4p+tso_forecast,2208,2026-08-13 08:00:00+00:00,43754.62109375,45711.784145,46142.153,2026-05-12 16:00:00+00:00,2026-08-12 15:00:00+00:00
2026-08-12,2026-08-12 17:33:33+00:00,online,DE,solar,xgboost_online,XGBoost with covariates,weather_4p+tso_forecast,2208,2026-08-13 09:00:00+00:00,51920.078125,52962.7429325,53610.593250000005,2026-05-12 16:00:00+00:00,2026-08-12 15:00:00+00:00
2026-08-12,2026-08-12 17:33:33+00:00,online,DE,solar,xgboost_online,XGBoost with covariates,weather_4p+tso_forecast,2208,2026-08-13 10:00:00+00:00,52622.28515625,56867.115025,57653.77525,2026-05-12 16:00:00+00:00,2026-08-12 15:00:00+00:00
2026-08-12,2026-08-12 17:33:33+00:00,online,DE,solar,xgboost_online,XGBoost with covariates,weather_4p+tso_forecast,2208,2026-08-13 11:00:00+00:00,52756.63671875,57895.894925,58055.5305,2026-05-12 16:00:00+00:00,2026-08-12 15:00:00+00:00
2026-08-12,2026-08-12 17:33:33+00:00,online,DE,solar,xgboost_online,XGBoost with covariates,weather_4p+tso_forecast,2208,2026-08-13 12:00:00+00:00,52577.2421875,55829.167025,56421.55975,2026-05-12 16:00:00+00:00,2026-08-12 15:00:00+00:00
2026-08-12,2026-08-12 17:33:33+00:00,online,DE,solar,xgboost_online,XGBoost with covariates,weather_4p+tso_forecast,2208,2026-08-13 13:00:00+00:00,50544.390625,50739.624075,51265.197,2026-05-12 16:00:00+00:00,2026-08-12 15:00:00+00:00
2026-08-12,2026-08-12 17:33:33+00:00,online,DE,solar,xgboost_online,XGBoost with covariates,weather_4p+tso_forecast,2208,2026-08-13 14:00:00+00:00,42081.69140625,42562.4688425,43017.85375,2026-05-12 16:00:00+00:00,2026-08-12 15:00:00+00:00
2026-08-12,2026-08-12 17:33:33+00:00,online,DE,solar,xgboost_online,XGBoost with covariates,weather_4p+tso_forecast,2208,2026-08-13 15:00:00+00:00,31236.876953125,31107.7863675,31345.04675,2026-05-12 16:00:00+00:00,2026-08-12 15:00:00+00:00
2026-08-12,2026-08-12 17:33:33+00:00,online,DE,wind_onshore,tso_reference,TSO forecast,tso_forecast,2208,2026-08-12 16:00:00+00:00,2592.21303,2592.21303,2866.9759925,2026-05-12 16:00:00+00:00,2026-08-12 15:00:00+00:00
2026-08-12,2026-08-12 17:33:33+00:00,online,DE,wind_onshore,tso_reference,TSO forecast,tso_forecast,2208,2026-08-12 17:00:00+00:00,3781.6697425,3781.6697425,3914.6173175,2026-05-12 16:00:00+00:00,2026-08-12 15:00:00+00:00
2026-08-12,2026-08-12 17:33:33+00:00,online,DE,wind_onshore,tso_reference,TSO forecast,tso_forecast,2208,2026-08-12 18:00:00+00:00,6256.998305,6256.998305,6818.226145,2026-05-12 16:00:00+00:00,2026-08-12 15:00:00+00:00
2026-08-12,2026-08-12 17:33:33+00:00,online,DE,wind_onshore,tso_reference,TSO forecast,tso_forecast,2208,2026-08-12 19:00:00+00:00,9284.4133075,9284.4133075,11030.6368925,2026-05-12 16:00:00+00:00,2026-08-12 15:00:00+00:00
2026-08-12,2026-08-12 17:33:33+00:00,online,DE,wind_onshore,tso_reference,TSO forecast,tso_forecast,2208,2026-08-12 20:00:00+00:00,11718.67065,11718.67065,13994.5058975,2026-05-12 16:00:00+00:00,2026-08-12 15:00:00+00:00
2026-08-12,2026-08-12 17:33:33+00:00,online,DE,wind_onshore,tso_reference,TSO forecast,tso_forecast,2208,2026-08-12 21:00:00+00:00,12784.586235,12784.586235,15232.5692825,2026-05-12 16:00:00+00:00,2026-08-12 15:00:00+00:00
2026-08-12,2026-08-12 17:33:33+00:00,online,DE,wind_onshore,tso_reference,TSO forecast,tso_forecast,2208,2026-08-12 22:00:00+00:00,13569.11585,13569.11585,15377.1076075,2026-05-12 16:00:00+00:00,2026-08-12 15:00:00+00:00
2026-08-12,2026-08-12 17:33:33+00:00,online,DE,wind_onshore,tso_reference,TSO forecast,tso_forecast,2208,2026-08-12 23:00:00+00:00,13076.911425,13076.911425,15144.9419975,2026-05-12 16:00:00+00:00,2026-08-12 15:00:00+00:00
2026-08-12,2026-08-12 17:33:33+00:00,online,DE,wind_onshore,tso_reference,TSO forecast,tso_forecast,2208,2026-08-13 00:00:00+00:00,12517.1473875,12517.1473875,14371.2746375,2026-05-12 16:00:00+00:00,2026-08-12 15:00:00+00:00
2026-08-12,2026-08-12 17:33:33+00:00,online,DE,wind_onshore,tso_reference,TSO forecast,tso_forecast,2208,2026-08-13 01:00:00+00:00,11647.98376,11647.98376,12948.70323,2026-05-12 16:00:00+00:00,2026-08-12 15:00:00+00:00
2026-08-12,2026-08-12 17:33:33+00:00,online,DE,wind_onshore,tso_reference,TSO forecast,tso_forecast,2208,2026-08-13 02:00:00+00:00,10761.526715,10761.526715,11887.38668,2026-05-12 16:00:00+00:00,2026-08-12 15:00:00+00:00
2026-08-12,2026-08-12 17:33:33+00:00,online,DE,wind_onshore,tso_reference,TSO forecast,tso_forecast,2208,2026-08-13 03:00:00+00:00,10028.2791325,10028.2791325,11061.838145,2026-05-12 16:00:00+00:00,2026-08-12 15:00:00+00:00
2026-08-12,2026-08-12 17:33:33+00:00,online,DE,wind_onshore,tso_reference,TSO forecast,tso_forecast,2208,2026-08-13 04:00:00+00:00,9665.7558725,9665.7558725,10560.9074575,2026-05-12 16:00:00+00:00,2026-08-12 15:00:00+00:00
2026-08-12,2026-08-12 17:33:33+00:00,online,DE,wind_onshore,tso_reference,TSO forecast,tso_forecast,2208,2026-08-13 05:00:00+00:00,8999.0914,8999.0914,9045.2648475,2026-05-12 16:00:00+00:00,2026-08-12 15:00:00+00:00
2026-08-12,2026-08-12 17:33:33+00:00,online,DE,wind_onshore,tso_reference,TSO forecast,tso_forecast,2208,2026-08-13 06:00:00+00:00,6439.3347475,6439.3347475,5677.1381,2026-05-12 16:00:00+00:00,2026-08-12 15:00:00+00:00
2026-08-12,2026-08-12 17:33:33+00:00,online,DE,wind_onshore,tso_reference,TSO forecast,tso_forecast,2208,2026-08-13 07:00:00+00:00,3485.77153,3485.77153,2336.2431025,2026-05-12 16:00:00+00:00,2026-08-12 15:00:00+00:00
2026-08-12,2026-08-12 17:33:33+00:00,online,DE,wind_onshore,tso_reference,TSO forecast,tso_forecast,2208,2026-08-13 08:00:00+00:00,2669.3544075,2669.3544075,1831.1881775,2026-05-12 16:00:00+00:00,2026-08-12 15:00:00+00:00
2026-08-12,2026-08-12 17:33:33+00:00,online,DE,wind_onshore,tso_reference,TSO forecast,tso_forecast,2208,2026-08-13 09:00:00+00:00,2932.5471625,2932.5471625,3050.13565,2026-05-12 16:00:00+00:00,2026-08-12 15:00:00+00:00
2026-08-12,2026-08-12 17:33:33+00:00,online,DE,wind_onshore,tso_reference,TSO forecast,tso_forecast,2208,2026-08-13 10:00:00+00:00,3084.0887125,3084.0887125,3446.918495,2026-05-12 16:00:00+00:00,2026-08-12 15:00:00+00:00
2026-08-12,2026-08-12 17:33:33+00:00,online,DE,wind_onshore,tso_reference,TSO forecast,tso_forecast,2208,2026-08-13 11:00:00+00:00,3028.0942775000003,3028.0942775000003,2988.0200775,2026-05-12 16:00:00+00:00,2026-08-12 15:00:00+00:00
2026-08-12,2026-08-12 17:33:33+00:00,online,DE,wind_onshore,tso_reference,TSO forecast,tso_forecast,2208,2026-08-13 12:00:00+00:00,2995.292295,2995.292295,3589.339425,2026-05-12 16:00:00+00:00,2026-08-12 15:00:00+00:00
2026-08-12,2026-08-12 17:33:33+00:00,online,DE,wind_onshore,tso_reference,TSO forecast,tso_forecast,2208,2026-08-13 13:00:00+00:00,2977.3243325,2977.3243325,3653.115355,2026-05-12 16:00:00+00:00,2026-08-12 15:00:00+00:00
2026-08-12,2026-08-12 17:33:33+00:00,online,DE,wind_onshore,tso_reference,TSO forecast,tso_forecast,2208,2026-08-13 14:00:00+00:00,3090.52889,3090.52889,3723.5216975,2026-05-12 16:00:00+00:00,2026-08-12 15:00:00+00:00
2026-08-12,2026-08-12 17:33:33+00:00,online,DE,wind_onshore,tso_reference,TSO forecast,tso_forecast,2208,2026-08-13 15:00:00+00:00,3423.7029975,3423.7029975,3975.043595,2026-05-12 16:00:00+00:00,2026-08-12 15:00:00+00:00
2026-08-12,2026-08-12 17:33:33+00:00,online,DE,wind_onshore,persistence,Persistence,daily_persistence,2208,2026-08-12 16:00:00+00:00,6960.0315725,2592.21303,2866.9759925,2026-05-12 16:00:00+00:00,2026-08-12 15:00:00+00:00
2026-08-12,2026-08-12 17:33:33+00:00,online,DE,wind_onshore,persistence,Persistence,daily_persistence,2208,2026-08-12 17:00:00+00:00,6590.4902025,3781.6697425,3914.6173175,2026-05-12 16:00:00+00:00,2026-08-12 15:00:00+00:00
2026-08-12,2026-08-12 17:33:33+00:00,online,DE,wind_onshore,persistence,Persistence,daily_persistence,2208,2026-08-12 18:00:00+00:00,6351.5054775,6256.998305,6818.226145,2026-05-12 16:00:00+00:00,2026-08-12 15:00:00+00:00
2026-08-12,2026-08-12 17:33:33+00:00,online,DE,wind_onshore,persistence,Persistence,daily_persistence,2208,2026-08-12 19:00:00+00:00,7535.0972225,9284.4133075,11030.6368925,2026-05-12 16:00:00+00:00,2026-08-12 15:00:00+00:00
2026-08-12,2026-08-12 17:33:33+00:00,online,DE,wind_onshore,persistence,Persistence,daily_persistence,2208,2026-08-12 20:00:00+00:00,8734.4039075,11718.67065,13994.5058975,2026-05-12 16:00:00+00:00,2026-08-12 15:00:00+00:00
2026-08-12,2026-08-12 17:33:33+00:00,online,DE,wind_onshore,persistence,Persistence,daily_persistence,2208,2026-08-12 21:00:00+00:00,9066.308065,12784.586235,15232.5692825,2026-05-12 16:00:00+00:00,2026-08-12 15:00:00+00:00
2026-08-12,2026-08-12 17:33:33+00:00,online,DE,wind_onshore,persistence,Persistence,daily_persistence,2208,2026-08-12 22:00:00+00:00,8461.376315,13569.11585,15377.1076075,2026-05-12 16:00:00+00:00,2026-08-12 15:00:00+00:00
2026-08-12,2026-08-12 17:33:33+00:00,online,DE,wind_onshore,persistence,Persistence,daily_persistence,2208,2026-08-12 23:00:00+00:00,7815.068995,13076.911425,15144.9419975,2026-05-12 16:00:00+00:00,2026-08-12 15:00:00+00:00
2026-08-12,2026-08-12 17:33:33+00:00,online,DE,wind_onshore,persistence,Persistence,daily_persistence,2208,2026-08-13 00:00:00+00:00,7155.34133,12517.1473875,14371.2746375,2026-05-12 16:00:00+00:00,2026-08-12 15:00:00+00:00
2026-08-12,2026-08-12 17:33:33+00:00,online,DE,wind_onshore,persistence,Persistence,daily_persistence,2208,2026-08-13 01:00:00+00:00,6737.587615,11647.98376,12948.70323,2026-05-12 16:00:00+00:00,2026-08-12 15:00:00+00:00
2026-08-12,2026-08-12 17:33:33+00:00,online,DE,wind_onshore,persistence,Persistence,daily_persistence,2208,2026-08-13 02:00:00+00:00,6298.9429425,10761.526715,11887.38668,2026-05-12 16:00:00+00:00,2026-08-12 15:00:00+00:00
2026-08-12,2026-08-12 17:33:33+00:00,online,DE,wind_onshore,persistence,Persistence,daily_persistence,2208,2026-08-13 03:00:00+00:00,6086.306995,10028.2791325,11061.838145,2026-05-12 16:00:00+00:00,2026-08-12 15:00:00+00:00
2026-08-12,2026-08-12 17:33:33+00:00,online,DE,wind_onshore,persistence,Persistence,daily_persistence,2208,2026-08-13 04:00:00+00:00,6170.75087,9665.7558725,10560.9074575,2026-05-12 16:00:00+00:00,2026-08-12 15:00:00+00:00
2026-08-12,2026-08-12 17:33:33+00:00,online,DE,wind_onshore,persistence,Persistence,daily_persistence,2208,2026-08-13 05:00:00+00:00,5417.70473,8999.0914,9045.2648475,2026-05-12 16:00:00+00:00,2026-08-12 15:00:00+00:00
2026-08-12,2026-08-12 17:33:33+00:00,online,DE,wind_onshore,persistence,Persistence,daily_persistence,2208,2026-08-13 06:00:00+00:00,2978.72281,6439.3347475,5677.1381,2026-05-12 16:00:00+00:00,2026-08-12 15:00:00+00:00
2026-08-12,2026-08-12 17:33:33+00:00,online,DE,wind_onshore,persistence,Persistence,daily_persistence,2208,2026-08-13 07:00:00+00:00,1339.4920775,3485.77153,2336.2431025,2026-05-12 16:00:00+00:00,2026-08-12 15:00:00+00:00
2026-08-12,2026-08-12 17:33:33+00:00,online,DE,wind_onshore,persistence,Persistence,daily_persistence,2208,2026-08-13 08:00:00+00:00,1284.9775425,2669.3544075,1831.1881775,2026-05-12 16:00:00+00:00,2026-08-12 15:00:00+00:00
2026-08-12,2026-08-12 17:33:33+00:00,online,DE,wind_onshore,persistence,Persistence,daily_persistence,2208,2026-08-13 09:00:00+00:00,1534.1778875,2932.5471625,3050.13565,2026-05-12 16:00:00+00:00,2026-08-12 15:00:00+00:00
2026-08-12,2026-08-12 17:33:33+00:00,online,DE,wind_onshore,persistence,Persistence,daily_persistence,2208,2026-08-13 10:00:00+00:00,1183.69685,3084.0887125,3446.918495,2026-05-12 16:00:00+00:00,2026-08-12 15:00:00+00:00
2026-08-12,2026-08-12 17:33:33+00:00,online,DE,wind_onshore,persistence,Persistence,daily_persistence,2208,2026-08-13 11:00:00+00:00,999.87718,3028.0942775000003,2988.0200775,2026-05-12 16:00:00+00:00,2026-08-12 15:00:00+00:00
2026-08-12,2026-08-12 17:33:33+00:00,online,DE,wind_onshore,persistence,Persistence,daily_persistence,2208,2026-08-13 12:00:00+00:00,1305.953695,2995.292295,3589.339425,2026-05-12 16:00:00+00:00,2026-08-12 15:00:00+00:00
2026-08-12,2026-08-12 17:33:33+00:00,online,DE,wind_onshore,persistence,Persistence,daily_persistence,2208,2026-08-13 13:00:00+00:00,1655.7900075,2977.3243325,3653.115355,2026-05-12 16:00:00+00:00,2026-08-12 15:00:00+00:00
2026-08-12,2026-08-12 17:33:33+00:00,online,DE,wind_onshore,persistence,Persistence,daily_persistence,2208,2026-08-13 14:00:00+00:00,1920.120165,3090.52889,3723.5216975,2026-05-12 16:00:00+00:00,2026-08-12 15:00:00+00:00
2026-08-12,2026-08-12 17:33:33+00:00,online,DE,wind_onshore,persistence,Persistence,daily_persistence,2208,2026-08-13 15:00:00+00:00,2312.4989775,3423.7029975,3975.043595,2026-05-12 16:00:00+00:00,2026-08-12 15:00:00+00:00
2026-08-12,2026-08-12 17:33:33+00:00,online,DE,wind_onshore,chronos2_online,Chronos2 with covariates,weather_4p+tso_forecast,2208,2026-08-12 16:00:00+00:00,2897.353515625,2592.21303,2866.9759925,2026-05-12 16:00:00+00:00,2026-08-12 15:00:00+00:00
2026-08-12,2026-08-12 17:33:33+00:00,online,DE,wind_onshore,chronos2_online,Chronos2 with covariates,weather_4p+tso_forecast,2208,2026-08-12 17:00:00+00:00,3709.29052734375,3781.6697425,3914.6173175,2026-05-12 16:00:00+00:00,2026-08-12 15:00:00+00:00
2026-08-12,2026-08-12 17:33:33+00:00,online,DE,wind_onshore,chronos2_online,Chronos2 with covariates,weather_4p+tso_forecast,2208,2026-08-12 18:00:00+00:00,5766.0849609375,6256.998305,6818.226145,2026-05-12 16:00:00+00:00,2026-08-12 15:00:00+00:00
2026-08-12,2026-08-12 17:33:33+00:00,online,DE,wind_onshore,chronos2_online,Chronos2 with covariates,weather_4p+tso_forecast,2208,2026-08-12 19:00:00+00:00,9753.5576171875,9284.4133075,11030.6368925,2026-05-12 16:00:00+00:00,2026-08-12 15:00:00+00:00
2026-08-12,2026-08-12 17:33:33+00:00,online,DE,wind_onshore,chronos2_online,Chronos2 with covariates,weather_4p+tso_forecast,2208,2026-08-12 20:00:00+00:00,13181.876953125,11718.67065,13994.5058975,2026-05-12 16:00:00+00:00,2026-08-12 15:00:00+00:00
2026-08-12,2026-08-12 17:33:33+00:00,online,DE,wind_onshore,chronos2_online,Chronos2 with covariates,weather_4p+tso_forecast,2208,2026-08-12 21:00:00+00:00,15182.9921875,12784.586235,15232.5692825,2026-05-12 16:00:00+00:00,2026-08-12 15:00:00+00:00
2026-08-12,2026-08-12 17:33:33+00:00,online,DE,wind_onshore,chronos2_online,Chronos2 with covariates,weather_4p+tso_forecast,2208,2026-08-12 22:00:00+00:00,15728.791015625,13569.11585,15377.1076075,2026-05-12 16:00:00+00:00,2026-08-12 15:00:00+00:00
2026-08-12,2026-08-12 17:33:33+00:00,online,DE,wind_onshore,chronos2_online,Chronos2 with covariates,weather_4p+tso_forecast,2208,2026-08-12 23:00:00+00:00,15186.818359375,13076.911425,15144.9419975,2026-05-12 16:00:00+00:00,2026-08-12 15:00:00+00:00
2026-08-12,2026-08-12 17:33:33+00:00,online,DE,wind_onshore,chronos2_online,Chronos2 with covariates,weather_4p+tso_forecast,2208,2026-08-13 00:00:00+00:00,14389.4453125,12517.1473875,14371.2746375,2026-05-12 16:00:00+00:00,2026-08-12 15:00:00+00:00
2026-08-12,2026-08-12 17:33:33+00:00,online,DE,wind_onshore,chronos2_online,Chronos2 with covariates,weather_4p+tso_forecast,2208,2026-08-13 01:00:00+00:00,13114.380859375,11647.98376,12948.70323,2026-05-12 16:00:00+00:00,2026-08-12 15:00:00+00:00
2026-08-12,2026-08-12 17:33:33+00:00,online,DE,wind_onshore,chronos2_online,Chronos2 with covariates,weather_4p+tso_forecast,2208,2026-08-13 02:00:00+00:00,11823.490234375,10761.526715,11887.38668,2026-05-12 16:00:00+00:00,2026-08-12 15:00:00+00:00
2026-08-12,2026-08-12 17:33:33+00:00,online,DE,wind_onshore,chronos2_online,Chronos2 with covariates,weather_4p+tso_forecast,2208,2026-08-13 03:00:00+00:00,11194.57421875,10028.2791325,11061.838145,2026-05-12 16:00:00+00:00,2026-08-12 15:00:00+00:00
2026-08-12,2026-08-12 17:33:33+00:00,online,DE,wind_onshore,chronos2_online,Chronos2 with covariates,weather_4p+tso_forecast,2208,2026-08-13 04:00:00+00:00,10585.0654296875,9665.7558725,10560.9074575,2026-05-12 16:00:00+00:00,2026-08-12 15:00:00+00:00
2026-08-12,2026-08-12 17:33:33+00:00,online,DE,wind_onshore,chronos2_online,Chronos2 with covariates,weather_4p+tso_forecast,2208,2026-08-13 05:00:00+00:00,9150.5673828125,8999.0914,9045.2648475,2026-05-12 16:00:00+00:00,2026-08-12 15:00:00+00:00
2026-08-12,2026-08-12 17:33:33+00:00,online,DE,wind_onshore,chronos2_online,Chronos2 with covariates,weather_4p+tso_forecast,2208,2026-08-13 06:00:00+00:00,5478.650390625,6439.3347475,5677.1381,2026-05-12 16:00:00+00:00,2026-08-12 15:00:00+00:00
2026-08-12,2026-08-12 17:33:33+00:00,online,DE,wind_onshore,chronos2_online,Chronos2 with covariates,weather_4p+tso_forecast,2208,2026-08-13 07:00:00+00:00,2589.48046875,3485.77153,2336.2431025,2026-05-12 16:00:00+00:00,2026-08-12 15:00:00+00:00
2026-08-12,2026-08-12 17:33:33+00:00,online,DE,wind_onshore,chronos2_online,Chronos2 with covariates,weather_4p+tso_forecast,2208,2026-08-13 08:00:00+00:00,2189.966796875,2669.3544075,1831.1881775,2026-05-12 16:00:00+00:00,2026-08-12 15:00:00+00:00
2026-08-12,2026-08-12 17:33:33+00:00,online,DE,wind_onshore,chronos2_online,Chronos2 with covariates,weather_4p+tso_forecast,2208,2026-08-13 09:00:00+00:00,2665.39697265625,2932.5471625,3050.13565,2026-05-12 16:00:00+00:00,2026-08-12 15:00:00+00:00
2026-08-12,2026-08-12 17:33:33+00:00,online,DE,wind_onshore,chronos2_online,Chronos2 with covariates,weather_4p+tso_forecast,2208,2026-08-13 10:00:00+00:00,2839.0771484375,3084.0887125,3446.918495,2026-05-12 16:00:00+00:00,2026-08-12 15:00:00+00:00
2026-08-12,2026-08-12 17:33:33+00:00,online,DE,wind_onshore,chronos2_online,Chronos2 with covariates,weather_4p+tso_forecast,2208,2026-08-13 11:00:00+00:00,3014.70556640625,3028.0942775000003,2988.0200775,2026-05-12 16:00:00+00:00,2026-08-12 15:00:00+00:00
2026-08-12,2026-08-12 17:33:33+00:00,online,DE,wind_onshore,chronos2_online,Chronos2 with covariates,weather_4p+tso_forecast,2208,2026-08-13 12:00:00+00:00,2908.18701171875,2995.292295,3589.339425,2026-05-12 16:00:00+00:00,2026-08-12 15:00:00+00:00
2026-08-12,2026-08-12 17:33:33+00:00,online,DE,wind_onshore,chronos2_online,Chronos2 with covariates,weather_4p+tso_forecast,2208,2026-08-13 13:00:00+00:00,2946.7998046875,2977.3243325,3653.115355,2026-05-12 16:00:00+00:00,2026-08-12 15:00:00+00:00
2026-08-12,2026-08-12 17:33:33+00:00,online,DE,wind_onshore,chronos2_online,Chronos2 with covariates,weather_4p+tso_forecast,2208,2026-08-13 14:00:00+00:00,2826.77001953125,3090.52889,3723.5216975,2026-05-12 16:00:00+00:00,2026-08-12 15:00:00+00:00
2026-08-12,2026-08-12 17:33:33+00:00,online,DE,wind_onshore,chronos2_online,Chronos2 with covariates,weather_4p+tso_forecast,2208,2026-08-13 15:00:00+00:00,3178.8193359375,3423.7029975,3975.043595,2026-05-12 16:00:00+00:00,2026-08-12 15:00:00+00:00
2026-08-12,2026-08-12 17:33:33+00:00,online,DE,wind_onshore,xgboost_online,XGBoost with covariates,weather_4p+tso_forecast,2208,2026-08-12 16:00:00+00:00,2657.271484375,2592.21303,2866.9759925,2026-05-12 16:00:00+00:00,2026-08-12 15:00:00+00:00
2026-08-12,2026-08-12 17:33:33+00:00,online,DE,wind_onshore,xgboost_online,XGBoost with covariates,weather_4p+tso_forecast,2208,2026-08-12 17:00:00+00:00,3979.12548828125,3781.6697425,3914.6173175,2026-05-12 16:00:00+00:00,2026-08-12 15:00:00+00:00
2026-08-12,2026-08-12 17:33:33+00:00,online,DE,wind_onshore,xgboost_online,XGBoost with covariates,weather_4p+tso_forecast,2208,2026-08-12 18:00:00+00:00,6233.771484375,6256.998305,6818.226145,2026-05-12 16:00:00+00:00,2026-08-12 15:00:00+00:00
2026-08-12,2026-08-12 17:33:33+00:00,online,DE,wind_onshore,xgboost_online,XGBoost with covariates,weather_4p+tso_forecast,2208,2026-08-12 19:00:00+00:00,9650.9365234375,9284.4133075,11030.6368925,2026-05-12 16:00:00+00:00,2026-08-12 15:00:00+00:00
2026-08-12,2026-08-12 17:33:33+00:00,online,DE,wind_onshore,xgboost_online,XGBoost with covariates,weather_4p+tso_forecast,2208,2026-08-12 20:00:00+00:00,11330.7763671875,11718.67065,13994.5058975,2026-05-12 16:00:00+00:00,2026-08-12 15:00:00+00:00
2026-08-12,2026-08-12 17:33:33+00:00,online,DE,wind_onshore,xgboost_online,XGBoost with covariates,weather_4p+tso_forecast,2208,2026-08-12 21:00:00+00:00,12634.029296875,12784.586235,15232.5692825,2026-05-12 16:00:00+00:00,2026-08-12 15:00:00+00:00
2026-08-12,2026-08-12 17:33:33+00:00,online,DE,wind_onshore,xgboost_online,XGBoost with covariates,weather_4p+tso_forecast,2208,2026-08-12 22:00:00+00:00,13960.212890625,13569.11585,15377.1076075,2026-05-12 16:00:00+00:00,2026-08-12 15:00:00+00:00
2026-08-12,2026-08-12 17:33:33+00:00,online,DE,wind_onshore,xgboost_online,XGBoost with covariates,weather_4p+tso_forecast,2208,2026-08-12 23:00:00+00:00,13114.03125,13076.911425,15144.9419975,2026-05-12 16:00:00+00:00,2026-08-12 15:00:00+00:00
2026-08-12,2026-08-12 17:33:33+00:00,online,DE,wind_onshore,xgboost_online,XGBoost with covariates,weather_4p+tso_forecast,2208,2026-08-13 00:00:00+00:00,13602.9951171875,12517.1473875,14371.2746375,2026-05-12 16:00:00+00:00,2026-08-12 15:00:00+00:00
2026-08-12,2026-08-12 17:33:33+00:00,online,DE,wind_onshore,xgboost_online,XGBoost with covariates,weather_4p+tso_forecast,2208,2026-08-13 01:00:00+00:00,12154.7880859375,11647.98376,12948.70323,2026-05-12 16:00:00+00:00,2026-08-12 15:00:00+00:00
2026-08-12,2026-08-12 17:33:33+00:00,online,DE,wind_onshore,xgboost_online,XGBoost with covariates,weather_4p+tso_forecast,2208,2026-08-13 02:00:00+00:00,11455.8125,10761.526715,11887.38668,2026-05-12 16:00:00+00:00,2026-08-12 15:00:00+00:00
2026-08-12,2026-08-12 17:33:33+00:00,online,DE,wind_onshore,xgboost_online,XGBoost with covariates,weather_4p+tso_forecast,2208,2026-08-13 03:00:00+00:00,11182.5703125,10028.2791325,11061.838145,2026-05-12 16:00:00+00:00,2026-08-12 15:00:00+00:00
2026-08-12,2026-08-12 17:33:33+00:00,online,DE,wind_onshore,xgboost_online,XGBoost with covariates,weather_4p+tso_forecast,2208,2026-08-13 04:00:00+00:00,10253.9375,9665.7558725,10560.9074575,2026-05-12 16:00:00+00:00,2026-08-12 15:00:00+00:00
2026-08-12,2026-08-12 17:33:33+00:00,online,DE,wind_onshore,xgboost_online,XGBoost with covariates,weather_4p+tso_forecast,2208,2026-08-13 05:00:00+00:00,9555.2802734375,8999.0914,9045.2648475,2026-05-12 16:00:00+00:00,2026-08-12 15:00:00+00:00
2026-08-12,2026-08-12 17:33:33+00:00,online,DE,wind_onshore,xgboost_online,XGBoost with covariates,weather_4p+tso_forecast,2208,2026-08-13 06:00:00+00:00,6752.48193359375,6439.3347475,5677.1381,2026-05-12 16:00:00+00:00,2026-08-12 15:00:00+00:00
2026-08-12,2026-08-12 17:33:33+00:00,online,DE,wind_onshore,xgboost_online,XGBoost with covariates,weather_4p+tso_forecast,2208,2026-08-13 07:00:00+00:00,3587.150634765625,3485.77153,2336.2431025,2026-05-12 16:00:00+00:00,2026-08-12 15:00:00+00:00
2026-08-12,2026-08-12 17:33:33+00:00,online,DE,wind_onshore,xgboost_online,XGBoost with covariates,weather_4p+tso_forecast,2208,2026-08-13 08:00:00+00:00,2925.54443359375,2669.3544075,1831.1881775,2026-05-12 16:00:00+00:00,2026-08-12 15:00:00+00:00
2026-08-12,2026-08-12 17:33:33+00:00,online,DE,wind_onshore,xgboost_online,XGBoost with covariates,weather_4p+tso_forecast,2208,2026-08-13 09:00:00+00:00,3119.896484375,2932.5471625,3050.13565,2026-05-12 16:00:00+00:00,2026-08-12 15:00:00+00:00
2026-08-12,2026-08-12 17:33:33+00:00,online,DE,wind_onshore,xgboost_online,XGBoost with covariates,weather_4p+tso_forecast,2208,2026-08-13 10:00:00+00:00,3328.96240234375,3084.0887125,3446.918495,2026-05-12 16:00:00+00:00,2026-08-12 15:00:00+00:00
2026-08-12,2026-08-12 17:33:33+00:00,online,DE,wind_onshore,xgboost_online,XGBoost with covariates,weather_4p+tso_forecast,2208,2026-08-13 11:00:00+00:00,3328.96240234375,3028.0942775000003,2988.0200775,2026-05-12 16:00:00+00:00,2026-08-12 15:00:00+00:00
2026-08-12,2026-08-12 17:33:33+00:00,online,DE,wind_onshore,xgboost_online,XGBoost with covariates,weather_4p+tso_forecast,2208,2026-08-13 12:00:00+00:00,3263.767822265625,2995.292295,3589.339425,2026-05-12 16:00:00+00:00,2026-08-12 15:00:00+00:00
2026-08-12,2026-08-12 17:33:33+00:00,online,DE,wind_onshore,xgboost_online,XGBoost with covariates,weather_4p+tso_forecast,2208,2026-08-13 13:00:00+00:00,3166.4091796875,2977.3243325,3653.115355,2026-05-12 16:00:00+00:00,2026-08-12 15:00:00+00:00
2026-08-12,2026-08-12 17:33:33+00:00,online,DE,wind_onshore,xgboost_online,XGBoost with covariates,weather_4p+tso_forecast,2208,2026-08-13 14:00:00+00:00,3231.603759765625,3090.52889,3723.5216975,2026-05-12 16:00:00+00:00,2026-08-12 15:00:00+00:00
2026-08-12,2026-08-12 17:33:33+00:00,online,DE,wind_onshore,xgboost_online,XGBoost with covariates,weather_4p+tso_forecast,2208,2026-08-13 15:00:00+00:00,3680.33740234375,3423.7029975,3975.043595,2026-05-12 16:00:00+00:00,2026-08-12 15:00:00+00:00
2026-08-12,2026-08-12 17:33:33+00:00,online,DE,wind_offshore,tso_reference,TSO forecast,tso_forecast,2208,2026-08-12 16:00:00+00:00,596.2375,596.2375,560.00025,2026-05-12 16:00:00+00:00,2026-08-12 15:00:00+00:00
2026-08-12,2026-08-12 17:33:33+00:00,online,DE,wind_offshore,tso_reference,TSO forecast,tso_forecast,2208,2026-08-12 17:00:00+00:00,782.15,782.15,675.004,2026-05-12 16:00:00+00:00,2026-08-12 15:00:00+00:00
2026-08-12,2026-08-12 17:33:33+00:00,online,DE,wind_offshore,tso_reference,TSO forecast,tso_forecast,2208,2026-08-12 18:00:00+00:00,970.3625,970.3625,851.54475,2026-05-12 16:00:00+00:00,2026-08-12 15:00:00+00:00
2026-08-12,2026-08-12 17:33:33+00:00,online,DE,wind_offshore,tso_reference,TSO forecast,tso_forecast,2208,2026-08-12 19:00:00+00:00,1119.6,1119.6,994.71725,2026-05-12 16:00:00+00:00,2026-08-12 15:00:00+00:00
2026-08-12,2026-08-12 17:33:33+00:00,online,DE,wind_offshore,tso_reference,TSO forecast,tso_forecast,2208,2026-08-12 20:00:00+00:00,1217.335,1217.335,1102.97525,2026-05-12 16:00:00+00:00,2026-08-12 15:00:00+00:00
2026-08-12,2026-08-12 17:33:33+00:00,online,DE,wind_offshore,tso_reference,TSO forecast,tso_forecast,2208,2026-08-12 21:00:00+00:00,1280.6425,1280.6425,1427.128,2026-05-12 16:00:00+00:00,2026-08-12 15:00:00+00:00
2026-08-12,2026-08-12 17:33:33+00:00,online,DE,wind_offshore,tso_reference,TSO forecast,tso_forecast,2208,2026-08-12 22:00:00+00:00,1508.8925,1508.8925,1703.21925,2026-05-12 16:00:00+00:00,2026-08-12 15:00:00+00:00
2026-08-12,2026-08-12 17:33:33+00:00,online,DE,wind_offshore,tso_reference,TSO forecast,tso_forecast,2208,2026-08-12 23:00:00+00:00,1470.6875,1470.6875,1736.67825,2026-05-12 16:00:00+00:00,2026-08-12 15:00:00+00:00
2026-08-12,2026-08-12 17:33:33+00:00,online,DE,wind_offshore,tso_reference,TSO forecast,tso_forecast,2208,2026-08-13 00:00:00+00:00,1335.5175,1335.5175,1527.54475,2026-05-12 16:00:00+00:00,2026-08-12 15:00:00+00:00
2026-08-12,2026-08-12 17:33:33+00:00,online,DE,wind_offshore,tso_reference,TSO forecast,tso_forecast,2208,2026-08-13 01:00:00+00:00,1159.085,1159.085,1452.002,2026-05-12 16:00:00+00:00,2026-08-12 15:00:00+00:00
2026-08-12,2026-08-12 17:33:33+00:00,online,DE,wind_offshore,tso_reference,TSO forecast,tso_forecast,2208,2026-08-13 02:00:00+00:00,1007.975,1007.975,1308.972,2026-05-12 16:00:00+00:00,2026-08-12 15:00:00+00:00
2026-08-12,2026-08-12 17:33:33+00:00,online,DE,wind_offshore,tso_reference,TSO forecast,tso_forecast,2208,2026-08-13 03:00:00+00:00,880.6775,880.6775,1092.17525,2026-05-12 16:00:00+00:00,2026-08-12 15:00:00+00:00
2026-08-12,2026-08-12 17:33:33+00:00,online,DE,wind_offshore,tso_reference,TSO forecast,tso_forecast,2208,2026-08-13 04:00:00+00:00,796.96,796.96,916.269,2026-05-12 16:00:00+00:00,2026-08-12 15:00:00+00:00
2026-08-12,2026-08-12 17:33:33+00:00,online,DE,wind_offshore,tso_reference,TSO forecast,tso_forecast,2208,2026-08-13 05:00:00+00:00,761.45,761.45,730.78275,2026-05-12 16:00:00+00:00,2026-08-12 15:00:00+00:00
2026-08-12,2026-08-12 17:33:33+00:00,online,DE,wind_offshore,tso_reference,TSO forecast,tso_forecast,2208,2026-08-13 06:00:00+00:00,755.9975,755.9975,671.1015,2026-05-12 16:00:00+00:00,2026-08-12 15:00:00+00:00
2026-08-12,2026-08-12 17:33:33+00:00,online,DE,wind_offshore,tso_reference,TSO forecast,tso_forecast,2208,2026-08-13 07:00:00+00:00,743.1475,743.1475,561.83325,2026-05-12 16:00:00+00:00,2026-08-12 15:00:00+00:00
2026-08-12,2026-08-12 17:33:33+00:00,online,DE,wind_offshore,tso_reference,TSO forecast,tso_forecast,2208,2026-08-13 08:00:00+00:00,744.025,744.025,475.371,2026-05-12 16:00:00+00:00,2026-08-12 15:00:00+00:00
2026-08-12,2026-08-12 17:33:33+00:00,online,DE,wind_offshore,tso_reference,TSO forecast,tso_forecast,2208,2026-08-13 09:00:00+00:00,754.41,754.41,567.948,2026-05-12 16:00:00+00:00,2026-08-12 15:00:00+00:00
2026-08-12,2026-08-12 17:33:33+00:00,online,DE,wind_offshore,tso_reference,TSO forecast,tso_forecast,2208,2026-08-13 10:00:00+00:00,772.87,772.87,678.40475,2026-05-12 16:00:00+00:00,2026-08-12 15:00:00+00:00
2026-08-12,2026-08-12 17:33:33+00:00,online,DE,wind_offshore,tso_reference,TSO forecast,tso_forecast,2208,2026-08-13 11:00:00+00:00,800.1949999999999,800.1949999999999,619.1785,2026-05-12 16:00:00+00:00,2026-08-12 15:00:00+00:00
2026-08-12,2026-08-12 17:33:33+00:00,online,DE,wind_offshore,tso_reference,TSO forecast,tso_forecast,2208,2026-08-13 12:00:00+00:00,801.165,801.165,837.60425,2026-05-12 16:00:00+00:00,2026-08-12 15:00:00+00:00
2026-08-12,2026-08-12 17:33:33+00:00,online,DE,wind_offshore,tso_reference,TSO forecast,tso_forecast,2208,2026-08-13 13:00:00+00:00,815.88,815.88,1044.142,2026-05-12 16:00:00+00:00,2026-08-12 15:00:00+00:00
2026-08-12,2026-08-12 17:33:33+00:00,online,DE,wind_offshore,tso_reference,TSO forecast,tso_forecast,2208,2026-08-13 14:00:00+00:00,876.0975000000001,876.0975000000001,1272.741,2026-05-12 16:00:00+00:00,2026-08-12 15:00:00+00:00
2026-08-12,2026-08-12 17:33:33+00:00,online,DE,wind_offshore,tso_reference,TSO forecast,tso_forecast,2208,2026-08-13 15:00:00+00:00,981.0375,981.0375,1463.55375,2026-05-12 16:00:00+00:00,2026-08-12 15:00:00+00:00
2026-08-12,2026-08-12 17:33:33+00:00,online,DE,wind_offshore,persistence,Persistence,daily_persistence,2208,2026-08-12 16:00:00+00:00,1019.5415,596.2375,560.00025,2026-05-12 16:00:00+00:00,2026-08-12 15:00:00+00:00
2026-08-12,2026-08-12 17:33:33+00:00,online,DE,wind_offshore,persistence,Persistence,daily_persistence,2208,2026-08-12 17:00:00+00:00,812.2095,782.15,675.004,2026-05-12 16:00:00+00:00,2026-08-12 15:00:00+00:00
2026-08-12,2026-08-12 17:33:33+00:00,online,DE,wind_offshore,persistence,Persistence,daily_persistence,2208,2026-08-12 18:00:00+00:00,596.865,970.3625,851.54475,2026-05-12 16:00:00+00:00,2026-08-12 15:00:00+00:00
2026-08-12,2026-08-12 17:33:33+00:00,online,DE,wind_offshore,persistence,Persistence,daily_persistence,2208,2026-08-12 19:00:00+00:00,484.28825,1119.6,994.71725,2026-05-12 16:00:00+00:00,2026-08-12 15:00:00+00:00
2026-08-12,2026-08-12 17:33:33+00:00,online,DE,wind_offshore,persistence,Persistence,daily_persistence,2208,2026-08-12 20:00:00+00:00,522.2552499999999,1217.335,1102.97525,2026-05-12 16:00:00+00:00,2026-08-12 15:00:00+00:00
2026-08-12,2026-08-12 17:33:33+00:00,online,DE,wind_offshore,persistence,Persistence,daily_persistence,2208,2026-08-12 21:00:00+00:00,545.836,1280.6425,1427.128,2026-05-12 16:00:00+00:00,2026-08-12 15:00:00+00:00
2026-08-12,2026-08-12 17:33:33+00:00,online,DE,wind_offshore,persistence,Persistence,daily_persistence,2208,2026-08-12 22:00:00+00:00,348.34675,1508.8925,1703.21925,2026-05-12 16:00:00+00:00,2026-08-12 15:00:00+00:00
2026-08-12,2026-08-12 17:33:33+00:00,online,DE,wind_offshore,persistence,Persistence,daily_persistence,2208,2026-08-12 23:00:00+00:00,198.01025,1470.6875,1736.67825,2026-05-12 16:00:00+00:00,2026-08-12 15:00:00+00:00
2026-08-12,2026-08-12 17:33:33+00:00,online,DE,wind_offshore,persistence,Persistence,daily_persistence,2208,2026-08-13 00:00:00+00:00,155.03075,1335.5175,1527.54475,2026-05-12 16:00:00+00:00,2026-08-12 15:00:00+00:00
2026-08-12,2026-08-12 17:33:33+00:00,online,DE,wind_offshore,persistence,Persistence,daily_persistence,2208,2026-08-13 01:00:00+00:00,124.25,1159.085,1452.002,2026-05-12 16:00:00+00:00,2026-08-12 15:00:00+00:00
2026-08-12,2026-08-12 17:33:33+00:00,online,DE,wind_offshore,persistence,Persistence,daily_persistence,2208,2026-08-13 02:00:00+00:00,72.485,1007.975,1308.972,2026-05-12 16:00:00+00:00,2026-08-12 15:00:00+00:00
2026-08-12,2026-08-12 17:33:33+00:00,online,DE,wind_offshore,persistence,Persistence,daily_persistence,2208,2026-08-13 03:00:00+00:00,49.776,880.6775,1092.17525,2026-05-12 16:00:00+00:00,2026-08-12 15:00:00+00:00
2026-08-12,2026-08-12 17:33:33+00:00,online,DE,wind_offshore,persistence,Persistence,daily_persistence,2208,2026-08-13 04:00:00+00:00,38.08475,796.96,916.269,2026-05-12 16:00:00+00:00,2026-08-12 15:00:00+00:00
2026-08-12,2026-08-12 17:33:33+00:00,online,DE,wind_offshore,persistence,Persistence,daily_persistence,2208,2026-08-13 05:00:00+00:00,10.9585,761.45,730.78275,2026-05-12 16:00:00+00:00,2026-08-12 15:00:00+00:00
2026-08-12,2026-08-12 17:33:33+00:00,online,DE,wind_offshore,persistence,Persistence,daily_persistence,2208,2026-08-13 06:00:00+00:00,22.501,755.9975,671.1015,2026-05-12 16:00:00+00:00,2026-08-12 15:00:00+00:00
2026-08-12,2026-08-12 17:33:33+00:00,online,DE,wind_offshore,persistence,Persistence,daily_persistence,2208,2026-08-13 07:00:00+00:00,32.315,743.1475,561.83325,2026-05-12 16:00:00+00:00,2026-08-12 15:00:00+00:00
2026-08-12,2026-08-12 17:33:33+00:00,online,DE,wind_offshore,persistence,Persistence,daily_persistence,2208,2026-08-13 08:00:00+00:00,55.643,744.025,475.371,2026-05-12 16:00:00+00:00,2026-08-12 15:00:00+00:00
2026-08-12,2026-08-12 17:33:33+00:00,online,DE,wind_offshore,persistence,Persistence,daily_persistence,2208,2026-08-13 09:00:00+00:00,103.556,754.41,567.948,2026-05-12 16:00:00+00:00,2026-08-12 15:00:00+00:00
2026-08-12,2026-08-12 17:33:33+00:00,online,DE,wind_offshore,persistence,Persistence,daily_persistence,2208,2026-08-13 10:00:00+00:00,125.69,772.87,678.40475,2026-05-12 16:00:00+00:00,2026-08-12 15:00:00+00:00
2026-08-12,2026-08-12 17:33:33+00:00,online,DE,wind_offshore,persistence,Persistence,daily_persistence,2208,2026-08-13 11:00:00+00:00,201.09325,800.1949999999999,619.1785,2026-05-12 16:00:00+00:00,2026-08-12 15:00:00+00:00
2026-08-12,2026-08-12 17:33:33+00:00,online,DE,wind_offshore,persistence,Persistence,daily_persistence,2208,2026-08-13 12:00:00+00:00,275.16925,801.165,837.60425,2026-05-12 16:00:00+00:00,2026-08-12 15:00:00+00:00
2026-08-12,2026-08-12 17:33:33+00:00,online,DE,wind_offshore,persistence,Persistence,daily_persistence,2208,2026-08-13 13:00:00+00:00,393.1195,815.88,1044.142,2026-05-12 16:00:00+00:00,2026-08-12 15:00:00+00:00
2026-08-12,2026-08-12 17:33:33+00:00,online,DE,wind_offshore,persistence,Persistence,daily_persistence,2208,2026-08-13 14:00:00+00:00,413.05075,876.0975000000001,1272.741,2026-05-12 16:00:00+00:00,2026-08-12 15:00:00+00:00
2026-08-12,2026-08-12 17:33:33+00:00,online,DE,wind_offshore,persistence,Persistence,daily_persistence,2208,2026-08-13 15:00:00+00:00,468.8375,981.0375,1463.55375,2026-05-12 16:00:00+00:00,2026-08-12 15:00:00+00:00
2026-08-12,2026-08-12 17:33:33+00:00,online,DE,wind_offshore,chronos2_online,Chronos2 with covariates,weather_4p+tso_forecast,2208,2026-08-12 16:00:00+00:00,739.2452392578125,596.2375,560.00025,2026-05-12 16:00:00+00:00,2026-08-12 15:00:00+00:00
2026-08-12,2026-08-12 17:33:33+00:00,online,DE,wind_offshore,chronos2_online,Chronos2 with covariates,weather_4p+tso_forecast,2208,2026-08-12 17:00:00+00:00,1027.7005615234375,782.15,675.004,2026-05-12 16:00:00+00:00,2026-08-12 15:00:00+00:00
2026-08-12,2026-08-12 17:33:33+00:00,online,DE,wind_offshore,chronos2_online,Chronos2 with covariates,weather_4p+tso_forecast,2208,2026-08-12 18:00:00+00:00,1157.022216796875,970.3625,851.54475,2026-05-12 16:00:00+00:00,2026-08-12 15:00:00+00:00
2026-08-12,2026-08-12 17:33:33+00:00,online,DE,wind_offshore,chronos2_online,Chronos2 with covariates,weather_4p+tso_forecast,2208,2026-08-12 19:00:00+00:00,1318.3114013671875,1119.6,994.71725,2026-05-12 16:00:00+00:00,2026-08-12 15:00:00+00:00
2026-08-12,2026-08-12 17:33:33+00:00,online,DE,wind_offshore,chronos2_online,Chronos2 with covariates,weather_4p+tso_forecast,2208,2026-08-12 20:00:00+00:00,1409.545654296875,1217.335,1102.97525,2026-05-12 16:00:00+00:00,2026-08-12 15:00:00+00:00
2026-08-12,2026-08-12 17:33:33+00:00,online,DE,wind_offshore,chronos2_online,Chronos2 with covariates,weather_4p+tso_forecast,2208,2026-08-12 21:00:00+00:00,1433.63671875,1280.6425,1427.128,2026-05-12 16:00:00+00:00,2026-08-12 15:00:00+00:00
2026-08-12,2026-08-12 17:33:33+00:00,online,DE,wind_offshore,chronos2_online,Chronos2 with covariates,weather_4p+tso_forecast,2208,2026-08-12 22:00:00+00:00,1430.994873046875,1508.8925,1703.21925,2026-05-12 16:00:00+00:00,2026-08-12 15:00:00+00:00
2026-08-12,2026-08-12 17:33:33+00:00,online,DE,wind_offshore,chronos2_online,Chronos2 with covariates,weather_4p+tso_forecast,2208,2026-08-12 23:00:00+00:00,1438.0899658203125,1470.6875,1736.67825,2026-05-12 16:00:00+00:00,2026-08-12 15:00:00+00:00
2026-08-12,2026-08-12 17:33:33+00:00,online,DE,wind_offshore,chronos2_online,Chronos2 with covariates,weather_4p+tso_forecast,2208,2026-08-13 00:00:00+00:00,1388.5341796875,1335.5175,1527.54475,2026-05-12 16:00:00+00:00,2026-08-12 15:00:00+00:00
2026-08-12,2026-08-12 17:33:33+00:00,online,DE,wind_offshore,chronos2_online,Chronos2 with covariates,weather_4p+tso_forecast,2208,2026-08-13 01:00:00+00:00,1082.792236328125,1159.085,1452.002,2026-05-12 16:00:00+00:00,2026-08-12 15:00:00+00:00
2026-08-12,2026-08-12 17:33:33+00:00,online,DE,wind_offshore,chronos2_online,Chronos2 with covariates,weather_4p+tso_forecast,2208,2026-08-13 02:00:00+00:00,979.8128662109376,1007.975,1308.972,2026-05-12 16:00:00+00:00,2026-08-12 15:00:00+00:00
2026-08-12,2026-08-12 17:33:33+00:00,online,DE,wind_offshore,chronos2_online,Chronos2 with covariates,weather_4p+tso_forecast,2208,2026-08-13 03:00:00+00:00,801.1630859375,880.6775,1092.17525,2026-05-12 16:00:00+00:00,2026-08-12 15:00:00+00:00
2026-08-12,2026-08-12 17:33:33+00:00,online,DE,wind_offshore,chronos2_online,Chronos2 with covariates,weather_4p+tso_forecast,2208,2026-08-13 04:00:00+00:00,713.836669921875,796.96,916.269,2026-05-12 16:00:00+00:00,2026-08-12 15:00:00+00:00
2026-08-12,2026-08-12 17:33:33+00:00,online,DE,wind_offshore,chronos2_online,Chronos2 with covariates,weather_4p+tso_forecast,2208,2026-08-13 05:00:00+00:00,675.9598388671875,761.45,730.78275,2026-05-12 16:00:00+00:00,2026-08-12 15:00:00+00:00
2026-08-12,2026-08-12 17:33:33+00:00,online,DE,wind_offshore,chronos2_online,Chronos2 with covariates,weather_4p+tso_forecast,2208,2026-08-13 06:00:00+00:00,659.6312255859375,755.9975,671.1015,2026-05-12 16:00:00+00:00,2026-08-12 15:00:00+00:00
2026-08-12,2026-08-12 17:33:33+00:00,online,DE,wind_offshore,chronos2_online,Chronos2 with covariates,weather_4p+tso_forecast,2208,2026-08-13 07:00:00+00:00,713.4246826171875,743.1475,561.83325,2026-05-12 16:00:00+00:00,2026-08-12 15:00:00+00:00
2026-08-12,2026-08-12 17:33:33+00:00,online,DE,wind_offshore,chronos2_online,Chronos2 with covariates,weather_4p+tso_forecast,2208,2026-08-13 08:00:00+00:00,814.5748291015625,744.025,475.371,2026-05-12 16:00:00+00:00,2026-08-12 15:00:00+00:00
2026-08-12,2026-08-12 17:33:33+00:00,online,DE,wind_offshore,chronos2_online,Chronos2 with covariates,weather_4p+tso_forecast,2208,2026-08-13 09:00:00+00:00,876.869384765625,754.41,567.948,2026-05-12 16:00:00+00:00,2026-08-12 15:00:00+00:00
2026-08-12,2026-08-12 17:33:33+00:00,online,DE,wind_offshore,chronos2_online,Chronos2 with covariates,weather_4p+tso_forecast,2208,2026-08-13 10:00:00+00:00,867.865966796875,772.87,678.40475,2026-05-12 16:00:00+00:00,2026-08-12 15:00:00+00:00
2026-08-12,2026-08-12 17:33:33+00:00,online,DE,wind_offshore,chronos2_online,Chronos2 with covariates,weather_4p+tso_forecast,2208,2026-08-13 11:00:00+00:00,982.4168701171876,800.1949999999999,619.1785,2026-05-12 16:00:00+00:00,2026-08-12 15:00:00+00:00
2026-08-12,2026-08-12 17:33:33+00:00,online,DE,wind_offshore,chronos2_online,Chronos2 with covariates,weather_4p+tso_forecast,2208,2026-08-13 12:00:00+00:00,1026.22314453125,801.165,837.60425,2026-05-12 16:00:00+00:00,2026-08-12 15:00:00+00:00
2026-08-12,2026-08-12 17:33:33+00:00,online,DE,wind_offshore,chronos2_online,Chronos2 with covariates,weather_4p+tso_forecast,2208,2026-08-13 13:00:00+00:00,1045.95166015625,815.88,1044.142,2026-05-12 16:00:00+00:00,2026-08-12 15:00:00+00:00
2026-08-12,2026-08-12 17:33:33+00:00,online,DE,wind_offshore,chronos2_online,Chronos2 with covariates,weather_4p+tso_forecast,2208,2026-08-13 14:00:00+00:00,1040.672607421875,876.0975000000001,1272.741,2026-05-12 16:00:00+00:00,2026-08-12 15:00:00+00:00
2026-08-12,2026-08-12 17:33:33+00:00,online,DE,wind_offshore,chronos2_online,Chronos2 with covariates,weather_4p+tso_forecast,2208,2026-08-13 15:00:00+00:00,1093.14501953125,981.0375,1463.55375,2026-05-12 16:00:00+00:00,2026-08-12 15:00:00+00:00
2026-08-12,2026-08-12 17:33:33+00:00,online,DE,wind_offshore,xgboost_online,XGBoost with covariates,weather_4p+tso_forecast,2208,2026-08-12 16:00:00+00:00,555.5558471679688,596.2375,560.00025,2026-05-12 16:00:00+00:00,2026-08-12 15:00:00+00:00
2026-08-12,2026-08-12 17:33:33+00:00,online,DE,wind_offshore,xgboost_online,XGBoost with covariates,weather_4p+tso_forecast,2208,2026-08-12 17:00:00+00:00,808.8426513671875,782.15,675.004,2026-05-12 16:00:00+00:00,2026-08-12 15:00:00+00:00
2026-08-12,2026-08-12 17:33:33+00:00,online,DE,wind_offshore,xgboost_online,XGBoost with covariates,weather_4p+tso_forecast,2208,2026-08-12 18:00:00+00:00,960.974609375,970.3625,851.54475,2026-05-12 16:00:00+00:00,2026-08-12 15:00:00+00:00
2026-08-12,2026-08-12 17:33:33+00:00,online,DE,wind_offshore,xgboost_online,XGBoost with covariates,weather_4p+tso_forecast,2208,2026-08-12 19:00:00+00:00,1277.4290771484375,1119.6,994.71725,2026-05-12 16:00:00+00:00,2026-08-12 15:00:00+00:00
2026-08-12,2026-08-12 17:33:33+00:00,online,DE,wind_offshore,xgboost_online,XGBoost with covariates,weather_4p+tso_forecast,2208,2026-08-12 20:00:00+00:00,1683.27978515625,1217.335,1102.97525,2026-05-12 16:00:00+00:00,2026-08-12 15:00:00+00:00
2026-08-12,2026-08-12 17:33:33+00:00,online,DE,wind_offshore,xgboost_online,XGBoost with covariates,weather_4p+tso_forecast,2208,2026-08-12 21:00:00+00:00,1717.2039794921875,1280.6425,1427.128,2026-05-12 16:00:00+00:00,2026-08-12 15:00:00+00:00
2026-08-12,2026-08-12 17:33:33+00:00,online,DE,wind_offshore,xgboost_online,XGBoost with covariates,weather_4p+tso_forecast,2208,2026-08-12 22:00:00+00:00,1638.328857421875,1508.8925,1703.21925,2026-05-12 16:00:00+00:00,2026-08-12 15:00:00+00:00
2026-08-12,2026-08-12 17:33:33+00:00,online,DE,wind_offshore,xgboost_online,XGBoost with covariates,weather_4p+tso_forecast,2208,2026-08-12 23:00:00+00:00,1557.1826171875,1470.6875,1736.67825,2026-05-12 16:00:00+00:00,2026-08-12 15:00:00+00:00
2026-08-12,2026-08-12 17:33:33+00:00,online,DE,wind_offshore,xgboost_online,XGBoost with covariates,weather_4p+tso_forecast,2208,2026-08-13 00:00:00+00:00,1547.0419921875,1335.5175,1527.54475,2026-05-12 16:00:00+00:00,2026-08-12 15:00:00+00:00
2026-08-12,2026-08-12 17:33:33+00:00,online,DE,wind_offshore,xgboost_online,XGBoost with covariates,weather_4p+tso_forecast,2208,2026-08-13 01:00:00+00:00,1274.885009765625,1159.085,1452.002,2026-05-12 16:00:00+00:00,2026-08-12 15:00:00+00:00
2026-08-12,2026-08-12 17:33:33+00:00,online,DE,wind_offshore,xgboost_online,XGBoost with covariates,weather_4p+tso_forecast,2208,2026-08-13 02:00:00+00:00,990.8543701171876,1007.975,1308.972,2026-05-12 16:00:00+00:00,2026-08-12 15:00:00+00:00
2026-08-12,2026-08-12 17:33:33+00:00,online,DE,wind_offshore,xgboost_online,XGBoost with covariates,weather_4p+tso_forecast,2208,2026-08-13 03:00:00+00:00,853.673095703125,880.6775,1092.17525,2026-05-12 16:00:00+00:00,2026-08-12 15:00:00+00:00
2026-08-12,2026-08-12 17:33:33+00:00,online,DE,wind_offshore,xgboost_online,XGBoost with covariates,weather_4p+tso_forecast,2208,2026-08-13 04:00:00+00:00,765.5570068359375,796.96,916.269,2026-05-12 16:00:00+00:00,2026-08-12 15:00:00+00:00
2026-08-12,2026-08-12 17:33:33+00:00,online,DE,wind_offshore,xgboost_online,XGBoost with covariates,weather_4p+tso_forecast,2208,2026-08-13 05:00:00+00:00,768.1849365234375,761.45,730.78275,2026-05-12 16:00:00+00:00,2026-08-12 15:00:00+00:00
2026-08-12,2026-08-12 17:33:33+00:00,online,DE,wind_offshore,xgboost_online,XGBoost with covariates,weather_4p+tso_forecast,2208,2026-08-13 06:00:00+00:00,768.1849365234375,755.9975,671.1015,2026-05-12 16:00:00+00:00,2026-08-12 15:00:00+00:00
2026-08-12,2026-08-12 17:33:33+00:00,online,DE,wind_offshore,xgboost_online,XGBoost with covariates,weather_4p+tso_forecast,2208,2026-08-13 07:00:00+00:00,802.02734375,743.1475,561.83325,2026-05-12 16:00:00+00:00,2026-08-12 15:00:00+00:00
2026-08-12,2026-08-12 17:33:33+00:00,online,DE,wind_offshore,xgboost_online,XGBoost with covariates,weather_4p+tso_forecast,2208,2026-08-13 08:00:00+00:00,744.11962890625,744.025,475.371,2026-05-12 16:00:00+00:00,2026-08-12 15:00:00+00:00
2026-08-12,2026-08-12 17:33:33+00:00,online,DE,wind_offshore,xgboost_online,XGBoost with covariates,weather_4p+tso_forecast,2208,2026-08-13 09:00:00+00:00,867.0701293945312,754.41,567.948,2026-05-12 16:00:00+00:00,2026-08-12 15:00:00+00:00
2026-08-12,2026-08-12 17:33:33+00:00,online,DE,wind_offshore,xgboost_online,XGBoost with covariates,weather_4p+tso_forecast,2208,2026-08-13 10:00:00+00:00,804.531494140625,772.87,678.40475,2026-05-12 16:00:00+00:00,2026-08-12 15:00:00+00:00
2026-08-12,2026-08-12 17:33:33+00:00,online,DE,wind_offshore,xgboost_online,XGBoost with covariates,weather_4p+tso_forecast,2208,2026-08-13 11:00:00+00:00,895.6202392578125,800.1949999999999,619.1785,2026-05-12 16:00:00+00:00,2026-08-12 15:00:00+00:00
2026-08-12,2026-08-12 17:33:33+00:00,online,DE,wind_offshore,xgboost_online,XGBoost with covariates,weather_4p+tso_forecast,2208,2026-08-13 12:00:00+00:00,895.6202392578125,801.165,837.60425,2026-05-12 16:00:00+00:00,2026-08-12 15:00:00+00:00
2026-08-12,2026-08-12 17:33:33+00:00,online,DE,wind_offshore,xgboost_online,XGBoost with covariates,weather_4p+tso_forecast,2208,2026-08-13 13:00:00+00:00,830.7236938476562,815.88,1044.142,2026-05-12 16:00:00+00:00,2026-08-12 15:00:00+00:00
2026-08-12,2026-08-12 17:33:33+00:00,online,DE,wind_offshore,xgboost_online,XGBoost with covariates,weather_4p+tso_forecast,2208,2026-08-13 14:00:00+00:00,915.1435546875,876.0975000000001,1272.741,2026-05-12 16:00:00+00:00,2026-08-12 15:00:00+00:00
2026-08-12,2026-08-12 17:33:33+00:00,online,DE,wind_offshore,xgboost_online,XGBoost with covariates,weather_4p+tso_forecast,2208,2026-08-13 15:00:00+00:00,1009.3572998046876,981.0375,1463.55375,2026-05-12 16:00:00+00:00,2026-08-12 15:00:00+00:00
2026-08-12,2026-09-18T19:39:42+00:00,online,BE,load,timesfm3_online,TimesFM3 with covariates,Solar+tso_forecast,2208,2026-08-12 16:00:00+00:00,9758.166015625,9593.295,,2026-05-12 15:00:00+00:00,2026-08-12 15:00:00+00:00
2026-08-12,2026-09-18T19:39:42+00:00,online,BE,load,timesfm3_online,TimesFM3 with covariates,Solar+tso_forecast,2208,2026-08-12 17:00:00+00:00,9526.439453125,9391.0425,,2026-05-12 15:00:00+00:00,2026-08-12 15:00:00+00:00
2026-08-12,2026-09-18T19:39:42+00:00,online,BE,load,timesfm3_online,TimesFM3 with covariates,Solar+tso_forecast,2208,2026-08-12 18:00:00+00:00,9294.5712890625,9196.0525,,2026-05-12 15:00:00+00:00,2026-08-12 15:00:00+00:00
2026-08-12,2026-09-18T19:39:42+00:00,online,BE,load,timesfm3_online,TimesFM3 with covariates,Solar+tso_forecast,2208,2026-08-12 19:00:00+00:00,9035.3837890625,9052.7775,,2026-05-12 15:00:00+00:00,2026-08-12 15:00:00+00:00
2026-08-12,2026-09-18T19:39:42+00:00,online,BE,load,timesfm3_online,TimesFM3 with covariates,Solar+tso_forecast,2208,2026-08-12 20:00:00+00:00,8865.669921875,8960.425,,2026-05-12 15:00:00+00:00,2026-08-12 15:00:00+00:00
2026-08-12,2026-09-18T19:39:42+00:00,online,BE,load,timesfm3_online,TimesFM3 with covariates,Solar+tso_forecast,2208,2026-08-12 21:00:00+00:00,8508.732421875,8441.455,,2026-05-12 15:00:00+00:00,2026-08-12 15:00:00+00:00
2026-08-12,2026-09-18T19:39:42+00:00,online,BE,load,timesfm3_online,TimesFM3 with covariates,Solar+tso_forecast,2208,2026-08-12 22:00:00+00:00,8070.1650390625,7967.01,,2026-05-12 15:00:00+00:00,2026-08-12 15:00:00+00:00
2026-08-12,2026-09-18T19:39:42+00:00,online,BE,load,timesfm3_online,TimesFM3 with covariates,Solar+tso_forecast,2208,2026-08-12 23:00:00+00:00,7739.2314453125,7617.43,,2026-05-12 15:00:00+00:00,2026-08-12 15:00:00+00:00
2026-08-12,2026-09-18T19:39:42+00:00,online,BE,load,timesfm3_online,TimesFM3 with covariates,Solar+tso_forecast,2208,2026-08-13 00:00:00+00:00,7493.90234375,7460.9225,,2026-05-12 15:00:00+00:00,2026-08-12 15:00:00+00:00
2026-08-12,2026-09-18T19:39:42+00:00,online,BE,load,timesfm3_online,TimesFM3 with covariates,Solar+tso_forecast,2208,2026-08-13 01:00:00+00:00,7417.865234375,7428.1575,,2026-05-12 15:00:00+00:00,2026-08-12 15:00:00+00:00
2026-08-12,2026-09-18T19:39:42+00:00,online,BE,load,timesfm3_online,TimesFM3 with covariates,Solar+tso_forecast,2208,2026-08-13 02:00:00+00:00,7499.41162109375,7431.705,,2026-05-12 15:00:00+00:00,2026-08-12 15:00:00+00:00
2026-08-12,2026-09-18T19:39:42+00:00,online,BE,load,timesfm3_online,TimesFM3 with covariates,Solar+tso_forecast,2208,2026-08-13 03:00:00+00:00,7769.68603515625,7667.6975,,2026-05-12 15:00:00+00:00,2026-08-12 15:00:00+00:00
2026-08-12,2026-09-18T19:39:42+00:00,online,BE,load,timesfm3_online,TimesFM3 with covariates,Solar+tso_forecast,2208,2026-08-13 04:00:00+00:00,8329.3447265625,8263.85,,2026-05-12 15:00:00+00:00,2026-08-12 15:00:00+00:00
2026-08-12,2026-09-18T19:39:42+00:00,online,BE,load,timesfm3_online,TimesFM3 with covariates,Solar+tso_forecast,2208,2026-08-13 05:00:00+00:00,9078.111328125,8949.465,,2026-05-12 15:00:00+00:00,2026-08-12 15:00:00+00:00
2026-08-12,2026-09-18T19:39:42+00:00,online,BE,load,timesfm3_online,TimesFM3 with covariates,Solar+tso_forecast,2208,2026-08-13 06:00:00+00:00,9748.75390625,9570.855,,2026-05-12 15:00:00+00:00,2026-08-12 15:00:00+00:00
2026-08-12,2026-09-18T19:39:42+00:00,online,BE,load,timesfm3_online,TimesFM3 with covariates,Solar+tso_forecast,2208,2026-08-13 07:00:00+00:00,10305.0078125,10085.98,,2026-05-12 15:00:00+00:00,2026-08-12 15:00:00+00:00
2026-08-12,2026-09-18T19:39:42+00:00,online,BE,load,timesfm3_online,TimesFM3 with covariates,Solar+tso_forecast,2208,2026-08-13 08:00:00+00:00,10761.271484375,10423.3175,,2026-05-12 15:00:00+00:00,2026-08-12 15:00:00+00:00
2026-08-12,2026-09-18T19:39:42+00:00,online,BE,load,timesfm3_online,TimesFM3 with covariates,Solar+tso_forecast,2208,2026-08-13 09:00:00+00:00,11141.873046875,10630.095,,2026-05-12 15:00:00+00:00,2026-08-12 15:00:00+00:00
2026-08-12,2026-09-18T19:39:42+00:00,online,BE,load,timesfm3_online,TimesFM3 with covariates,Solar+tso_forecast,2208,2026-08-13 10:00:00+00:00,11345.0380859375,10612.7325,,2026-05-12 15:00:00+00:00,2026-08-12 15:00:00+00:00
2026-08-12,2026-09-18T19:39:42+00:00,online,BE,load,timesfm3_online,TimesFM3 with covariates,Solar+tso_forecast,2208,2026-08-13 11:00:00+00:00,11218.1201171875,10532.8475,,2026-05-12 15:00:00+00:00,2026-08-12 15:00:00+00:00
2026-08-12,2026-09-18T19:39:42+00:00,online,BE,load,timesfm3_online,TimesFM3 with covariates,Solar+tso_forecast,2208,2026-08-13 12:00:00+00:00,10808.6884765625,10179.0025,,2026-05-12 15:00:00+00:00,2026-08-12 15:00:00+00:00
2026-08-12,2026-09-18T19:39:42+00:00,online,BE,load,timesfm3_online,TimesFM3 with covariates,Solar+tso_forecast,2208,2026-08-13 13:00:00+00:00,10465.173828125,10004.065,,2026-05-12 15:00:00+00:00,2026-08-12 15:00:00+00:00
2026-08-12,2026-09-18T19:39:42+00:00,online,BE,load,timesfm3_online,TimesFM3 with covariates,Solar+tso_forecast,2208,2026-08-13 14:00:00+00:00,10129.1884765625,9911.1375,,2026-05-12 15:00:00+00:00,2026-08-12 15:00:00+00:00
2026-08-12,2026-09-18T19:39:42+00:00,online,BE,load,timesfm3_online,TimesFM3 with covariates,Solar+tso_forecast,2208,2026-08-13 15:00:00+00:00,9856.60546875,9860.015,,2026-05-12 15:00:00+00:00,2026-08-12 15:00:00+00:00
2026-08-12,2026-09-18T19:39:42+00:00,online,BE,solar,timesfm3_online,TimesFM3 with covariates,weather_4p+tso_forecast,2208,2026-08-12 16:00:00+00:00,2730.783447265625,2792.149254,,2026-05-12 14:00:00+00:00,2026-08-12 15:00:00+00:00
2026-08-12,2026-09-18T19:39:42+00:00,online,BE,solar,timesfm3_online,TimesFM3 with covariates,weather_4p+tso_forecast,2208,2026-08-12 17:00:00+00:00,1125.993896484375,1133.110248,,2026-05-12 14:00:00+00:00,2026-08-12 15:00:00+00:00
2026-08-12,2026-09-18T19:39:42+00:00,online,BE,solar,timesfm3_online,TimesFM3 with covariates,weather_4p+tso_forecast,2208,2026-08-12 18:00:00+00:00,277.9658203125,172.67375,,2026-05-12 14:00:00+00:00,2026-08-12 15:00:00+00:00
2026-08-12,2026-09-18T19:39:42+00:00,online,BE,solar,timesfm3_online,TimesFM3 with covariates,weather_4p+tso_forecast,2208,2026-08-12 19:00:00+00:00,0.0,3.6805,,2026-05-12 14:00:00+00:00,2026-08-12 15:00:00+00:00
2026-08-12,2026-09-18T19:39:42+00:00,online,BE,solar,timesfm3_online,TimesFM3 with covariates,weather_4p+tso_forecast,2208,2026-08-12 20:00:00+00:00,0.0,0.0,,2026-05-12 14:00:00+00:00,2026-08-12 15:00:00+00:00
2026-08-12,2026-09-18T19:39:42+00:00,online,BE,solar,timesfm3_online,TimesFM3 with covariates,weather_4p+tso_forecast,2208,2026-08-12 21:00:00+00:00,0.0,0.0,,2026-05-12 14:00:00+00:00,2026-08-12 15:00:00+00:00
2026-08-12,2026-09-18T19:39:42+00:00,online,BE,solar,timesfm3_online,TimesFM3 with covariates,weather_4p+tso_forecast,2208,2026-08-12 22:00:00+00:00,0.0,0.0,,2026-05-12 14:00:00+00:00,2026-08-12 15:00:00+00:00
2026-08-12,2026-09-18T19:39:42+00:00,online,BE,solar,timesfm3_online,TimesFM3 with covariates,weather_4p+tso_forecast,2208,2026-08-12 23:00:00+00:00,30.70068359375,0.0,,2026-05-12 14:00:00+00:00,2026-08-12 15:00:00+00:00
2026-08-12,2026-09-18T19:39:42+00:00,online,BE,solar,timesfm3_online,TimesFM3 with covariates,weather_4p+tso_forecast,2208,2026-08-13 00:00:00+00:00,72.1767578125,0.0,,2026-05-12 14:00:00+00:00,2026-08-12 15:00:00+00:00
2026-08-12,2026-09-18T19:39:42+00:00,online,BE,solar,timesfm3_online,TimesFM3 with covariates,weather_4p+tso_forecast,2208,2026-08-13 01:00:00+00:00,61.41259765625,0.0,,2026-05-12 14:00:00+00:00,2026-08-12 15:00:00+00:00
2026-08-12,2026-09-18T19:39:42+00:00,online,BE,solar,timesfm3_online,TimesFM3 with covariates,weather_4p+tso_forecast,2208,2026-08-13 02:00:00+00:00,0.0,0.0,,2026-05-12 14:00:00+00:00,2026-08-12 15:00:00+00:00
2026-08-12,2026-09-18T19:39:42+00:00,online,BE,solar,timesfm3_online,TimesFM3 with covariates,weather_4p+tso_forecast,2208,2026-08-13 03:00:00+00:00,0.0,0.0,,2026-05-12 14:00:00+00:00,2026-08-12 15:00:00+00:00
2026-08-12,2026-09-18T19:39:42+00:00,online,BE,solar,timesfm3_online,TimesFM3 with covariates,weather_4p+tso_forecast,2208,2026-08-13 04:00:00+00:00,0.0,49.09525,,2026-05-12 14:00:00+00:00,2026-08-12 15:00:00+00:00
2026-08-12,2026-09-18T19:39:42+00:00,online,BE,solar,timesfm3_online,TimesFM3 with covariates,weather_4p+tso_forecast,2208,2026-08-13 05:00:00+00:00,545.530517578125,478.053249,,2026-05-12 14:00:00+00:00,2026-08-12 15:00:00+00:00
2026-08-12,2026-09-18T19:39:42+00:00,online,BE,solar,timesfm3_online,TimesFM3 with covariates,weather_4p+tso_forecast,2208,2026-08-13 06:00:00+00:00,1912.138427734375,1757.500746,,2026-05-12 14:00:00+00:00,2026-08-12 15:00:00+00:00
2026-08-12,2026-09-18T19:39:42+00:00,online,BE,solar,timesfm3_online,TimesFM3 with covariates,weather_4p+tso_forecast,2208,2026-08-13 07:00:00+00:00,3699.006591796875,3479.659746,,2026-05-12 14:00:00+00:00,2026-08-12 15:00:00+00:00
2026-08-12,2026-09-18T19:39:42+00:00,online,BE,solar,timesfm3_online,TimesFM3 with covariates,weather_4p+tso_forecast,2208,2026-08-13 08:00:00+00:00,5486.56884765625,5331.747492,,2026-05-12 14:00:00+00:00,2026-08-12 15:00:00+00:00
2026-08-12,2026-09-18T19:39:42+00:00,online,BE,solar,timesfm3_online,TimesFM3 with covariates,weather_4p+tso_forecast,2208,2026-08-13 09:00:00+00:00,6881.970703125,6780.427496,,2026-05-12 14:00:00+00:00,2026-08-12 15:00:00+00:00
2026-08-12,2026-09-18T19:39:42+00:00,online,BE,solar,timesfm3_online,TimesFM3 with covariates,weather_4p+tso_forecast,2208,2026-08-13 10:00:00+00:00,7695.54931640625,7647.235256,,2026-05-12 14:00:00+00:00,2026-08-12 15:00:00+00:00
2026-08-12,2026-09-18T19:39:42+00:00,online,BE,solar,timesfm3_online,TimesFM3 with covariates,weather_4p+tso_forecast,2208,2026-08-13 11:00:00+00:00,7906.7275390625,8020.40574,,2026-05-12 14:00:00+00:00,2026-08-12 15:00:00+00:00
2026-08-12,2026-09-18T19:39:42+00:00,online,BE,solar,timesfm3_online,TimesFM3 with covariates,weather_4p+tso_forecast,2208,2026-08-13 12:00:00+00:00,7665.556640625,7940.56175,,2026-05-12 14:00:00+00:00,2026-08-12 15:00:00+00:00
2026-08-12,2026-09-18T19:39:42+00:00,online,BE,solar,timesfm3_online,TimesFM3 with covariates,weather_4p+tso_forecast,2208,2026-08-13 13:00:00+00:00,6966.56005859375,7341.797256,,2026-05-12 14:00:00+00:00,2026-08-12 15:00:00+00:00
2026-08-12,2026-09-18T19:39:42+00:00,online,BE,solar,timesfm3_online,TimesFM3 with covariates,weather_4p+tso_forecast,2208,2026-08-13 14:00:00+00:00,5726.91650390625,6150.861263,,2026-05-12 14:00:00+00:00,2026-08-12 15:00:00+00:00
2026-08-12,2026-09-18T19:39:42+00:00,online,BE,solar,timesfm3_online,TimesFM3 with covariates,weather_4p+tso_forecast,2208,2026-08-13 15:00:00+00:00,4211.0830078125,4584.790249,,2026-05-12 14:00:00+00:00,2026-08-12 15:00:00+00:00
2026-08-12,2026-09-18T19:39:42+00:00,online,BE,wind_onshore,timesfm3_online,TimesFM3 with covariates,weather_4p+tso_forecast,2208,2026-08-12 16:00:00+00:00,435.1983337402344,346.9,,2026-05-12 14:00:00+00:00,2026-08-12 15:00:00+00:00
2026-08-12,2026-09-18T19:39:42+00:00,online,BE,wind_onshore,timesfm3_online,TimesFM3 with covariates,weather_4p+tso_forecast,2208,2026-08-12 17:00:00+00:00,508.8294677734375,436.5,,2026-05-12 14:00:00+00:00,2026-08-12 15:00:00+00:00
2026-08-12,2026-09-18T19:39:42+00:00,online,BE,wind_onshore,timesfm3_online,TimesFM3 with covariates,weather_4p+tso_forecast,2208,2026-08-12 18:00:00+00:00,640.7244873046875,584.4,,2026-05-12 14:00:00+00:00,2026-08-12 15:00:00+00:00
2026-08-12,2026-09-18T19:39:42+00:00,online,BE,wind_onshore,timesfm3_online,TimesFM3 with covariates,weather_4p+tso_forecast,2208,2026-08-12 19:00:00+00:00,815.9005737304688,762.075,,2026-05-12 14:00:00+00:00,2026-08-12 15:00:00+00:00
2026-08-12,2026-09-18T19:39:42+00:00,online,BE,wind_onshore,timesfm3_online,TimesFM3 with covariates,weather_4p+tso_forecast,2208,2026-08-12 20:00:00+00:00,918.052978515625,854.925,,2026-05-12 14:00:00+00:00,2026-08-12 15:00:00+00:00
2026-08-12,2026-09-18T19:39:42+00:00,online,BE,wind_onshore,timesfm3_online,TimesFM3 with covariates,weather_4p+tso_forecast,2208,2026-08-12 21:00:00+00:00,883.2139892578125,872.225,,2026-05-12 14:00:00+00:00,2026-08-12 15:00:00+00:00
2026-08-12,2026-09-18T19:39:42+00:00,online,BE,wind_onshore,timesfm3_online,TimesFM3 with covariates,weather_4p+tso_forecast,2208,2026-08-12 22:00:00+00:00,761.709228515625,787.1,,2026-05-12 14:00:00+00:00,2026-08-12 15:00:00+00:00
2026-08-12,2026-09-18T19:39:42+00:00,online,BE,wind_onshore,timesfm3_online,TimesFM3 with covariates,weather_4p+tso_forecast,2208,2026-08-12 23:00:00+00:00,676.68359375,737.125,,2026-05-12 14:00:00+00:00,2026-08-12 15:00:00+00:00
2026-08-12,2026-09-18T19:39:42+00:00,online,BE,wind_onshore,timesfm3_online,TimesFM3 with covariates,weather_4p+tso_forecast,2208,2026-08-13 00:00:00+00:00,610.59033203125,708.275,,2026-05-12 14:00:00+00:00,2026-08-12 15:00:00+00:00
2026-08-12,2026-09-18T19:39:42+00:00,online,BE,wind_onshore,timesfm3_online,TimesFM3 with covariates,weather_4p+tso_forecast,2208,2026-08-13 01:00:00+00:00,571.2484741210938,684.55,,2026-05-12 14:00:00+00:00,2026-08-12 15:00:00+00:00
2026-08-12,2026-09-18T19:39:42+00:00,online,BE,wind_onshore,timesfm3_online,TimesFM3 with covariates,weather_4p+tso_forecast,2208,2026-08-13 02:00:00+00:00,522.768798828125,663.85,,2026-05-12 14:00:00+00:00,2026-08-12 15:00:00+00:00
2026-08-12,2026-09-18T19:39:42+00:00,online,BE,wind_onshore,timesfm3_online,TimesFM3 with covariates,weather_4p+tso_forecast,2208,2026-08-13 03:00:00+00:00,494.604736328125,636.275,,2026-05-12 14:00:00+00:00,2026-08-12 15:00:00+00:00
2026-08-12,2026-09-18T19:39:42+00:00,online,BE,wind_onshore,timesfm3_online,TimesFM3 with covariates,weather_4p+tso_forecast,2208,2026-08-13 04:00:00+00:00,463.43170166015625,597.4,,2026-05-12 14:00:00+00:00,2026-08-12 15:00:00+00:00
2026-08-12,2026-09-18T19:39:42+00:00,online,BE,wind_onshore,timesfm3_online,TimesFM3 with covariates,weather_4p+tso_forecast,2208,2026-08-13 05:00:00+00:00,386.5743408203125,518.65,,2026-05-12 14:00:00+00:00,2026-08-12 15:00:00+00:00
2026-08-12,2026-09-18T19:39:42+00:00,online,BE,wind_onshore,timesfm3_online,TimesFM3 with covariates,weather_4p+tso_forecast,2208,2026-08-13 06:00:00+00:00,264.46038818359375,406.05,,2026-05-12 14:00:00+00:00,2026-08-12 15:00:00+00:00
2026-08-12,2026-09-18T19:39:42+00:00,online,BE,wind_onshore,timesfm3_online,TimesFM3 with covariates,weather_4p+tso_forecast,2208,2026-08-13 07:00:00+00:00,107.03335571289062,198.075,,2026-05-12 14:00:00+00:00,2026-08-12 15:00:00+00:00
2026-08-12,2026-09-18T19:39:42+00:00,online,BE,wind_onshore,timesfm3_online,TimesFM3 with covariates,weather_4p+tso_forecast,2208,2026-08-13 08:00:00+00:00,13.73577880859375,54.85,,2026-05-12 14:00:00+00:00,2026-08-12 15:00:00+00:00
2026-08-12,2026-09-18T19:39:42+00:00,online,BE,wind_onshore,timesfm3_online,TimesFM3 with covariates,weather_4p+tso_forecast,2208,2026-08-13 09:00:00+00:00,0.0,27.325,,2026-05-12 14:00:00+00:00,2026-08-12 15:00:00+00:00
2026-08-12,2026-09-18T19:39:42+00:00,online,BE,wind_onshore,timesfm3_online,TimesFM3 with covariates,weather_4p+tso_forecast,2208,2026-08-13 10:00:00+00:00,0.0,25.625,,2026-05-12 14:00:00+00:00,2026-08-12 15:00:00+00:00
2026-08-12,2026-09-18T19:39:42+00:00,online,BE,wind_onshore,timesfm3_online,TimesFM3 with covariates,weather_4p+tso_forecast,2208,2026-08-13 11:00:00+00:00,4.12298583984375,25.875,,2026-05-12 14:00:00+00:00,2026-08-12 15:00:00+00:00
2026-08-12,2026-09-18T19:39:42+00:00,online,BE,wind_onshore,timesfm3_online,TimesFM3 with covariates,weather_4p+tso_forecast,2208,2026-08-13 12:00:00+00:00,4.23004150390625,23.225,,2026-05-12 14:00:00+00:00,2026-08-12 15:00:00+00:00
2026-08-12,2026-09-18T19:39:42+00:00,online,BE,wind_onshore,timesfm3_online,TimesFM3 with covariates,weather_4p+tso_forecast,2208,2026-08-13 13:00:00+00:00,6.36334228515625,18.3,,2026-05-12 14:00:00+00:00,2026-08-12 15:00:00+00:00
2026-08-12,2026-09-18T19:39:42+00:00,online,BE,wind_onshore,timesfm3_online,TimesFM3 with covariates,weather_4p+tso_forecast,2208,2026-08-13 14:00:00+00:00,20.41473388671875,14.775,,2026-05-12 14:00:00+00:00,2026-08-12 15:00:00+00:00
2026-08-12,2026-09-18T19:39:42+00:00,online,BE,wind_onshore,timesfm3_online,TimesFM3 with covariates,weather_4p+tso_forecast,2208,2026-08-13 15:00:00+00:00,53.18988037109375,14.375,,2026-05-12 14:00:00+00:00,2026-08-12 15:00:00+00:00
2026-08-12,2026-09-18T19:39:42+00:00,online,BE,wind_offshore,timesfm3_online,TimesFM3 with covariates,weather_4p+tso_forecast,2208,2026-08-12 16:00:00+00:00,145.31689453125,185.325,,2026-05-12 14:00:00+00:00,2026-08-12 15:00:00+00:00
2026-08-12,2026-09-18T19:39:42+00:00,online,BE,wind_offshore,timesfm3_online,TimesFM3 with covariates,weather_4p+tso_forecast,2208,2026-08-12 17:00:00+00:00,195.96743774414062,242.85,,2026-05-12 14:00:00+00:00,2026-08-12 15:00:00+00:00
2026-08-12,2026-09-18T19:39:42+00:00,online,BE,wind_offshore,timesfm3_online,TimesFM3 with covariates,weather_4p+tso_forecast,2208,2026-08-12 18:00:00+00:00,236.3682861328125,303.925,,2026-05-12 14:00:00+00:00,2026-08-12 15:00:00+00:00
2026-08-12,2026-09-18T19:39:42+00:00,online,BE,wind_offshore,timesfm3_online,TimesFM3 with covariates,weather_4p+tso_forecast,2208,2026-08-12 19:00:00+00:00,280.5159606933594,355.7,,2026-05-12 14:00:00+00:00,2026-08-12 15:00:00+00:00
2026-08-12,2026-09-18T19:39:42+00:00,online,BE,wind_offshore,timesfm3_online,TimesFM3 with covariates,weather_4p+tso_forecast,2208,2026-08-12 20:00:00+00:00,317.99176025390625,363.275,,2026-05-12 14:00:00+00:00,2026-08-12 15:00:00+00:00
2026-08-12,2026-09-18T19:39:42+00:00,online,BE,wind_offshore,timesfm3_online,TimesFM3 with covariates,weather_4p+tso_forecast,2208,2026-08-12 21:00:00+00:00,296.268310546875,329.075,,2026-05-12 14:00:00+00:00,2026-08-12 15:00:00+00:00
2026-08-12,2026-09-18T19:39:42+00:00,online,BE,wind_offshore,timesfm3_online,TimesFM3 with covariates,weather_4p+tso_forecast,2208,2026-08-12 22:00:00+00:00,244.63992309570312,273.225,,2026-05-12 14:00:00+00:00,2026-08-12 15:00:00+00:00
2026-08-12,2026-09-18T19:39:42+00:00,online,BE,wind_offshore,timesfm3_online,TimesFM3 with covariates,weather_4p+tso_forecast,2208,2026-08-12 23:00:00+00:00,181.7003173828125,229.2,,2026-05-12 14:00:00+00:00,2026-08-12 15:00:00+00:00
2026-08-12,2026-09-18T19:39:42+00:00,online,BE,wind_offshore,timesfm3_online,TimesFM3 with covariates,weather_4p+tso_forecast,2208,2026-08-13 00:00:00+00:00,129.91903686523438,192.45,,2026-05-12 14:00:00+00:00,2026-08-12 15:00:00+00:00
2026-08-12,2026-09-18T19:39:42+00:00,online,BE,wind_offshore,timesfm3_online,TimesFM3 with covariates,weather_4p+tso_forecast,2208,2026-08-13 01:00:00+00:00,83.67987060546875,166.125,,2026-05-12 14:00:00+00:00,2026-08-12 15:00:00+00:00
2026-08-12,2026-09-18T19:39:42+00:00,online,BE,wind_offshore,timesfm3_online,TimesFM3 with covariates,weather_4p+tso_forecast,2208,2026-08-13 02:00:00+00:00,61.802032470703125,142.925,,2026-05-12 14:00:00+00:00,2026-08-12 15:00:00+00:00
2026-08-12,2026-09-18T19:39:42+00:00,online,BE,wind_offshore,timesfm3_online,TimesFM3 with covariates,weather_4p+tso_forecast,2208,2026-08-13 03:00:00+00:00,53.508758544921875,116.525,,2026-05-12 14:00:00+00:00,2026-08-12 15:00:00+00:00
2026-08-12,2026-09-18T19:39:42+00:00,online,BE,wind_offshore,timesfm3_online,TimesFM3 with covariates,weather_4p+tso_forecast,2208,2026-08-13 04:00:00+00:00,44.03302001953125,92.675,,2026-05-12 14:00:00+00:00,2026-08-12 15:00:00+00:00
2026-08-12,2026-09-18T19:39:42+00:00,online,BE,wind_offshore,timesfm3_online,TimesFM3 with covariates,weather_4p+tso_forecast,2208,2026-08-13 05:00:00+00:00,37.033203125,73.025,,2026-05-12 14:00:00+00:00,2026-08-12 15:00:00+00:00
2026-08-12,2026-09-18T19:39:42+00:00,online,BE,wind_offshore,timesfm3_online,TimesFM3 with covariates,weather_4p+tso_forecast,2208,2026-08-13 06:00:00+00:00,32.868408203125,60.25,,2026-05-12 14:00:00+00:00,2026-08-12 15:00:00+00:00
2026-08-12,2026-09-18T19:39:42+00:00,online,BE,wind_offshore,timesfm3_online,TimesFM3 with covariates,weather_4p+tso_forecast,2208,2026-08-13 07:00:00+00:00,26.6168212890625,52.775,,2026-05-12 14:00:00+00:00,2026-08-12 15:00:00+00:00
2026-08-12,2026-09-18T19:39:42+00:00,online,BE,wind_offshore,timesfm3_online,TimesFM3 with covariates,weather_4p+tso_forecast,2208,2026-08-13 08:00:00+00:00,19.20330810546875,46.475,,2026-05-12 14:00:00+00:00,2026-08-12 15:00:00+00:00
2026-08-12,2026-09-18T19:39:42+00:00,online,BE,wind_offshore,timesfm3_online,TimesFM3 with covariates,weather_4p+tso_forecast,2208,2026-08-13 09:00:00+00:00,17.40850830078125,41.85,,2026-05-12 14:00:00+00:00,2026-08-12 15:00:00+00:00
2026-08-12,2026-09-18T19:39:42+00:00,online,BE,wind_offshore,timesfm3_online,TimesFM3 with covariates,weather_4p+tso_forecast,2208,2026-08-13 10:00:00+00:00,9.90789794921875,40.1,,2026-05-12 14:00:00+00:00,2026-08-12 15:00:00+00:00
2026-08-12,2026-09-18T19:39:42+00:00,online,BE,wind_offshore,timesfm3_online,TimesFM3 with covariates,weather_4p+tso_forecast,2208,2026-08-13 11:00:00+00:00,10.8795166015625,41.325,,2026-05-12 14:00:00+00:00,2026-08-12 15:00:00+00:00
2026-08-12,2026-09-18T19:39:42+00:00,online,BE,wind_offshore,timesfm3_online,TimesFM3 with covariates,weather_4p+tso_forecast,2208,2026-08-13 12:00:00+00:00,11.4368896484375,43.075,,2026-05-12 14:00:00+00:00,2026-08-12 15:00:00+00:00
2026-08-12,2026-09-18T19:39:42+00:00,online,BE,wind_offshore,timesfm3_online,TimesFM3 with covariates,weather_4p+tso_forecast,2208,2026-08-13 13:00:00+00:00,11.57806396484375,42.4,,2026-05-12 14:00:00+00:00,2026-08-12 15:00:00+00:00
2026-08-12,2026-09-18T19:39:42+00:00,online,BE,wind_offshore,timesfm3_online,TimesFM3 with covariates,weather_4p+tso_forecast,2208,2026-08-13 14:00:00+00:00,18.52410888671875,41.675,,2026-05-12 14:00:00+00:00,2026-08-12 15:00:00+00:00
2026-08-12,2026-09-18T19:39:42+00:00,online,BE,wind_offshore,timesfm3_online,TimesFM3 with covariates,weather_4p+tso_forecast,2208,2026-08-13 15:00:00+00:00,39.683349609375,42.5,,2026-05-12 14:00:00+00:00,2026-08-12 15:00:00+00:00
2026-08-12,2026-09-18T19:39:42+00:00,online,FR,load,timesfm3_online,TimesFM3 with covariates,Temp+tso_forecast,2208,2026-08-12 16:00:00+00:00,50402.43359375,49400.0,,2026-05-12 15:00:00+00:00,2026-08-12 15:00:00+00:00
2026-08-12,2026-09-18T19:39:42+00:00,online,FR,load,timesfm3_online,TimesFM3 with covariates,Temp+tso_forecast,2208,2026-08-12 17:00:00+00:00,50512.609375,50137.5,,2026-05-12 15:00:00+00:00,2026-08-12 15:00:00+00:00
2026-08-12,2026-09-18T19:39:42+00:00,online,FR,load,timesfm3_online,TimesFM3 with covariates,Temp+tso_forecast,2208,2026-08-12 18:00:00+00:00,48598.578125,48312.5,,2026-05-12 15:00:00+00:00,2026-08-12 15:00:00+00:00
2026-08-12,2026-09-18T19:39:42+00:00,online,FR,load,timesfm3_online,TimesFM3 with covariates,Temp+tso_forecast,2208,2026-08-12 19:00:00+00:00,47394.703125,46650.0,,2026-05-12 15:00:00+00:00,2026-08-12 15:00:00+00:00
2026-08-12,2026-09-18T19:39:42+00:00,online,FR,load,timesfm3_online,TimesFM3 with covariates,Temp+tso_forecast,2208,2026-08-12 20:00:00+00:00,46934.98046875,46687.5,,2026-05-12 15:00:00+00:00,2026-08-12 15:00:00+00:00
2026-08-12,2026-09-18T19:39:42+00:00,online,FR,load,timesfm3_online,TimesFM3 with covariates,Temp+tso_forecast,2208,2026-08-12 21:00:00+00:00,45281.15234375,46475.0,,2026-05-12 15:00:00+00:00,2026-08-12 15:00:00+00:00
2026-08-12,2026-09-18T19:39:42+00:00,online,FR,load,timesfm3_online,TimesFM3 with covariates,Temp+tso_forecast,2208,2026-08-12 22:00:00+00:00,41370.09375,41812.5,,2026-05-12 15:00:00+00:00,2026-08-12 15:00:00+00:00
2026-08-12,2026-09-18T19:39:42+00:00,online,FR,load,timesfm3_online,TimesFM3 with covariates,Temp+tso_forecast,2208,2026-08-12 23:00:00+00:00,38902.95703125,38975.0,,2026-05-12 15:00:00+00:00,2026-08-12 15:00:00+00:00
2026-08-12,2026-09-18T19:39:42+00:00,online,FR,load,timesfm3_online,TimesFM3 with covariates,Temp+tso_forecast,2208,2026-08-13 00:00:00+00:00,37037.8828125,37562.5,,2026-05-12 15:00:00+00:00,2026-08-12 15:00:00+00:00
2026-08-12,2026-09-18T19:39:42+00:00,online,FR,load,timesfm3_online,TimesFM3 with covariates,Temp+tso_forecast,2208,2026-08-13 01:00:00+00:00,35189.9375,35375.0,,2026-05-12 15:00:00+00:00,2026-08-12 15:00:00+00:00
2026-08-12,2026-09-18T19:39:42+00:00,online,FR,load,timesfm3_online,TimesFM3 with covariates,Temp+tso_forecast,2208,2026-08-13 02:00:00+00:00,34872.81640625,34775.0,,2026-05-12 15:00:00+00:00,2026-08-12 15:00:00+00:00
2026-08-12,2026-09-18T19:39:42+00:00,online,FR,load,timesfm3_online,TimesFM3 with covariates,Temp+tso_forecast,2208,2026-08-13 03:00:00+00:00,35608.84765625,35350.0,,2026-05-12 15:00:00+00:00,2026-08-12 15:00:00+00:00
2026-08-12,2026-09-18T19:39:42+00:00,online,FR,load,timesfm3_online,TimesFM3 with covariates,Temp+tso_forecast,2208,2026-08-13 04:00:00+00:00,37693.87109375,37350.0,,2026-05-12 15:00:00+00:00,2026-08-12 15:00:00+00:00
2026-08-12,2026-09-18T19:39:42+00:00,online,FR,load,timesfm3_online,TimesFM3 with covariates,Temp+tso_forecast,2208,2026-08-13 05:00:00+00:00,39629.44140625,39312.5,,2026-05-12 15:00:00+00:00,2026-08-12 15:00:00+00:00
2026-08-12,2026-09-18T19:39:42+00:00,online,FR,load,timesfm3_online,TimesFM3 with covariates,Temp+tso_forecast,2208,2026-08-13 06:00:00+00:00,42083.71484375,42237.5,,2026-05-12 15:00:00+00:00,2026-08-12 15:00:00+00:00
2026-08-12,2026-09-18T19:39:42+00:00,online,FR,load,timesfm3_online,TimesFM3 with covariates,Temp+tso_forecast,2208,2026-08-13 07:00:00+00:00,44843.2578125,44800.0,,2026-05-12 15:00:00+00:00,2026-08-12 15:00:00+00:00
2026-08-12,2026-09-18T19:39:42+00:00,online,FR,load,timesfm3_online,TimesFM3 with covariates,Temp+tso_forecast,2208,2026-08-13 08:00:00+00:00,47019.24609375,46825.0,,2026-05-12 15:00:00+00:00,2026-08-12 15:00:00+00:00
2026-08-12,2026-09-18T19:39:42+00:00,online,FR,load,timesfm3_online,TimesFM3 with covariates,Temp+tso_forecast,2208,2026-08-13 09:00:00+00:00,48554.12890625,48237.5,,2026-05-12 15:00:00+00:00,2026-08-12 15:00:00+00:00
2026-08-12,2026-09-18T19:39:42+00:00,online,FR,load,timesfm3_online,TimesFM3 with covariates,Temp+tso_forecast,2208,2026-08-13 10:00:00+00:00,50412.93359375,49962.5,,2026-05-12 15:00:00+00:00,2026-08-12 15:00:00+00:00
2026-08-12,2026-09-18T19:39:42+00:00,online,FR,load,timesfm3_online,TimesFM3 with covariates,Temp+tso_forecast,2208,2026-08-13 11:00:00+00:00,50374.23046875,49937.5,,2026-05-12 15:00:00+00:00,2026-08-12 15:00:00+00:00
2026-08-12,2026-09-18T19:39:42+00:00,online,FR,load,timesfm3_online,TimesFM3 with covariates,Temp+tso_forecast,2208,2026-08-13 12:00:00+00:00,51059.10546875,50725.0,,2026-05-12 15:00:00+00:00,2026-08-12 15:00:00+00:00
2026-08-12,2026-09-18T19:39:42+00:00,online,FR,load,timesfm3_online,TimesFM3 with covariates,Temp+tso_forecast,2208,2026-08-13 13:00:00+00:00,51089.6953125,50612.5,,2026-05-12 15:00:00+00:00,2026-08-12 15:00:00+00:00
2026-08-12,2026-09-18T19:39:42+00:00,online,FR,load,timesfm3_online,TimesFM3 with covariates,Temp+tso_forecast,2208,2026-08-13 14:00:00+00:00,50361.03515625,49900.0,,2026-05-12 15:00:00+00:00,2026-08-12 15:00:00+00:00
2026-08-12,2026-09-18T19:39:42+00:00,online,FR,load,timesfm3_online,TimesFM3 with covariates,Temp+tso_forecast,2208,2026-08-13 15:00:00+00:00,49789.35546875,49487.5,,2026-05-12 15:00:00+00:00,2026-08-12 15:00:00+00:00
2026-08-12,2026-09-18T19:39:42+00:00,online,FR,solar,timesfm3_online,TimesFM3 with covariates,weather_4p+tso_forecast,2208,2026-08-12 16:00:00+00:00,9298.8359375,9575.6566175,,2026-05-12 15:00:00+00:00,2026-08-12 15:00:00+00:00
2026-08-12,2026-09-18T19:39:42+00:00,online,FR,solar,timesfm3_online,TimesFM3 with covariates,weather_4p+tso_forecast,2208,2026-08-12 17:00:00+00:00,4130.2919921875,4450.0759875,,2026-05-12 15:00:00+00:00,2026-08-12 15:00:00+00:00
2026-08-12,2026-09-18T19:39:42+00:00,online,FR,solar,timesfm3_online,TimesFM3 with covariates,weather_4p+tso_forecast,2208,2026-08-12 18:00:00+00:00,987.142578125,923.26515,,2026-05-12 15:00:00+00:00,2026-08-12 15:00:00+00:00
2026-08-12,2026-09-18T19:39:42+00:00,online,FR,solar,timesfm3_online,TimesFM3 with covariates,weather_4p+tso_forecast,2208,2026-08-12 19:00:00+00:00,175.07421875,30.745175,,2026-05-12 15:00:00+00:00,2026-08-12 15:00:00+00:00
2026-08-12,2026-09-18T19:39:42+00:00,online,FR,solar,timesfm3_online,TimesFM3 with covariates,weather_4p+tso_forecast,2208,2026-08-12 20:00:00+00:00,104.84912109375,0.0,,2026-05-12 15:00:00+00:00,2026-08-12 15:00:00+00:00
2026-08-12,2026-09-18T19:39:42+00:00,online,FR,solar,timesfm3_online,TimesFM3 with covariates,weather_4p+tso_forecast,2208,2026-08-12 21:00:00+00:00,134.76416015625,0.0,,2026-05-12 15:00:00+00:00,2026-08-12 15:00:00+00:00
2026-08-12,2026-09-18T19:39:42+00:00,online,FR,solar,timesfm3_online,TimesFM3 with covariates,weather_4p+tso_forecast,2208,2026-08-12 22:00:00+00:00,67.63671875,0.0,,2026-05-12 15:00:00+00:00,2026-08-12 15:00:00+00:00
2026-08-12,2026-09-18T19:39:42+00:00,online,FR,solar,timesfm3_online,TimesFM3 with covariates,weather_4p+tso_forecast,2208,2026-08-12 23:00:00+00:00,68.95947265625,0.0,,2026-05-12 15:00:00+00:00,2026-08-12 15:00:00+00:00
2026-08-12,2026-09-18T19:39:42+00:00,online,FR,solar,timesfm3_online,TimesFM3 with covariates,weather_4p+tso_forecast,2208,2026-08-13 00:00:00+00:00,196.171875,0.0,,2026-05-12 15:00:00+00:00,2026-08-12 15:00:00+00:00
2026-08-12,2026-09-18T19:39:42+00:00,online,FR,solar,timesfm3_online,TimesFM3 with covariates,weather_4p+tso_forecast,2208,2026-08-13 01:00:00+00:00,99.95751953125,0.0,,2026-05-12 15:00:00+00:00,2026-08-12 15:00:00+00:00
2026-08-12,2026-09-18T19:39:42+00:00,online,FR,solar,timesfm3_online,TimesFM3 with covariates,weather_4p+tso_forecast,2208,2026-08-13 02:00:00+00:00,1.13916015625,0.0,,2026-05-12 15:00:00+00:00,2026-08-12 15:00:00+00:00
2026-08-12,2026-09-18T19:39:42+00:00,online,FR,solar,timesfm3_online,TimesFM3 with covariates,weather_4p+tso_forecast,2208,2026-08-13 03:00:00+00:00,0.0,0.0,,2026-05-12 15:00:00+00:00,2026-08-12 15:00:00+00:00
2026-08-12,2026-09-18T19:39:42+00:00,online,FR,solar,timesfm3_online,TimesFM3 with covariates,weather_4p+tso_forecast,2208,2026-08-13 04:00:00+00:00,16.23486328125,27.16389,,2026-05-12 15:00:00+00:00,2026-08-12 15:00:00+00:00
2026-08-12,2026-09-18T19:39:42+00:00,online,FR,solar,timesfm3_online,TimesFM3 with covariates,weather_4p+tso_forecast,2208,2026-08-13 05:00:00+00:00,1026.4521484375,771.5374724999999,,2026-05-12 15:00:00+00:00,2026-08-12 15:00:00+00:00
2026-08-12,2026-09-18T19:39:42+00:00,online,FR,solar,timesfm3_online,TimesFM3 with covariates,weather_4p+tso_forecast,2208,2026-08-13 06:00:00+00:00,4064.270263671875,3745.128845,,2026-05-12 15:00:00+00:00,2026-08-12 15:00:00+00:00
2026-08-12,2026-09-18T19:39:42+00:00,online,FR,solar,timesfm3_online,TimesFM3 with covariates,weather_4p+tso_forecast,2208,2026-08-13 07:00:00+00:00,9153.8134765625,8823.1093725,,2026-05-12 15:00:00+00:00,2026-08-12 15:00:00+00:00
2026-08-12,2026-09-18T19:39:42+00:00,online,FR,solar,timesfm3_online,TimesFM3 with covariates,weather_4p+tso_forecast,2208,2026-08-13 08:00:00+00:00,14406.5654296875,13890.8120125,,2026-05-12 15:00:00+00:00,2026-08-12 15:00:00+00:00
2026-08-12,2026-09-18T19:39:42+00:00,online,FR,solar,timesfm3_online,TimesFM3 with covariates,weather_4p+tso_forecast,2208,2026-08-13 09:00:00+00:00,18171.849609375,17652.96631,,2026-05-12 15:00:00+00:00,2026-08-12 15:00:00+00:00
2026-08-12,2026-09-18T19:39:42+00:00,online,FR,solar,timesfm3_online,TimesFM3 with covariates,weather_4p+tso_forecast,2208,2026-08-13 10:00:00+00:00,20361.546875,19966.57373,,2026-05-12 15:00:00+00:00,2026-08-12 15:00:00+00:00
2026-08-12,2026-09-18T19:39:42+00:00,online,FR,solar,timesfm3_online,TimesFM3 with covariates,weather_4p+tso_forecast,2208,2026-08-13 11:00:00+00:00,21043.849609375,20985.347655,,2026-05-12 15:00:00+00:00,2026-08-12 15:00:00+00:00
2026-08-12,2026-09-18T19:39:42+00:00,online,FR,solar,timesfm3_online,TimesFM3 with covariates,weather_4p+tso_forecast,2208,2026-08-13 12:00:00+00:00,20876.244140625,20930.5336925,,2026-05-12 15:00:00+00:00,2026-08-12 15:00:00+00:00
2026-08-12,2026-09-18T19:39:42+00:00,online,FR,solar,timesfm3_online,TimesFM3 with covariates,weather_4p+tso_forecast,2208,2026-08-13 13:00:00+00:00,19684.951171875,19796.39014,,2026-05-12 15:00:00+00:00,2026-08-12 15:00:00+00:00
2026-08-12,2026-09-18T19:39:42+00:00,online,FR,solar,timesfm3_online,TimesFM3 with covariates,weather_4p+tso_forecast,2208,2026-08-13 14:00:00+00:00,17166.59375,17411.00293,,2026-05-12 15:00:00+00:00,2026-08-12 15:00:00+00:00
2026-08-12,2026-09-18T19:39:42+00:00,online,FR,solar,timesfm3_online,TimesFM3 with covariates,weather_4p+tso_forecast,2208,2026-08-13 15:00:00+00:00,13515.583984375,14020.6621075,,2026-05-12 15:00:00+00:00,2026-08-12 15:00:00+00:00
2026-08-12,2026-09-18T19:39:42+00:00,online,FR,wind_onshore,timesfm3_online,TimesFM3 with covariates,weather_4p+tso_forecast,2208,2026-08-12 16:00:00+00:00,1275.9755859375,1185.02002,,2026-05-12 15:00:00+00:00,2026-08-12 15:00:00+00:00
2026-08-12,2026-09-18T19:39:42+00:00,online,FR,wind_onshore,timesfm3_online,TimesFM3 with covariates,weather_4p+tso_forecast,2208,2026-08-12 17:00:00+00:00,1640.85595703125,1430.3925475,,2026-05-12 15:00:00+00:00,2026-08-12 15:00:00+00:00
2026-08-12,2026-09-18T19:39:42+00:00,online,FR,wind_onshore,timesfm3_online,TimesFM3 with covariates,weather_4p+tso_forecast,2208,2026-08-12 18:00:00+00:00,2379.88525390625,2143.44995,,2026-05-12 15:00:00+00:00,2026-08-12 15:00:00+00:00
2026-08-12,2026-09-18T19:39:42+00:00,online,FR,wind_onshore,timesfm3_online,TimesFM3 with covariates,weather_4p+tso_forecast,2208,2026-08-12 19:00:00+00:00,3469.072509765625,3258.81494,,2026-05-12 15:00:00+00:00,2026-08-12 15:00:00+00:00
2026-08-12,2026-09-18T19:39:42+00:00,online,FR,wind_onshore,timesfm3_online,TimesFM3 with covariates,weather_4p+tso_forecast,2208,2026-08-12 20:00:00+00:00,4348.98486328125,4138.6749275,,2026-05-12 15:00:00+00:00,2026-08-12 15:00:00+00:00
2026-08-12,2026-09-18T19:39:42+00:00,online,FR,wind_onshore,timesfm3_online,TimesFM3 with covariates,weather_4p+tso_forecast,2208,2026-08-12 21:00:00+00:00,4918.1748046875,4596.5424775,,2026-05-12 15:00:00+00:00,2026-08-12 15:00:00+00:00
2026-08-12,2026-09-18T19:39:42+00:00,online,FR,wind_onshore,timesfm3_online,TimesFM3 with covariates,weather_4p+tso_forecast,2208,2026-08-12 22:00:00+00:00,4827.28271484375,4579.9851075,,2026-05-12 15:00:00+00:00,2026-08-12 15:00:00+00:00
2026-08-12,2026-09-18T19:39:42+00:00,online,FR,wind_onshore,timesfm3_online,TimesFM3 with covariates,weather_4p+tso_forecast,2208,2026-08-12 23:00:00+00:00,4436.47607421875,4145.1048599999995,,2026-05-12 15:00:00+00:00,2026-08-12 15:00:00+00:00
2026-08-12,2026-09-18T19:39:42+00:00,online,FR,wind_onshore,timesfm3_online,TimesFM3 with covariates,weather_4p+tso_forecast,2208,2026-08-13 00:00:00+00:00,3962.505859375,3732.1749875,,2026-05-12 15:00:00+00:00,2026-08-12 15:00:00+00:00
2026-08-12,2026-09-18T19:39:42+00:00,online,FR,wind_onshore,timesfm3_online,TimesFM3 with covariates,weather_4p+tso_forecast,2208,2026-08-13 01:00:00+00:00,3541.5654296875,3408.76245,,2026-05-12 15:00:00+00:00,2026-08-12 15:00:00+00:00
2026-08-12,2026-09-18T19:39:42+00:00,online,FR,wind_onshore,timesfm3_online,TimesFM3 with covariates,weather_4p+tso_forecast,2208,2026-08-13 02:00:00+00:00,3237.921630859375,3201.70264,,2026-05-12 15:00:00+00:00,2026-08-12 15:00:00+00:00
2026-08-12,2026-09-18T19:39:42+00:00,online,FR,wind_onshore,timesfm3_online,TimesFM3 with covariates,weather_4p+tso_forecast,2208,2026-08-13 03:00:00+00:00,2985.688232421875,3048.4375625,,2026-05-12 15:00:00+00:00,2026-08-12 15:00:00+00:00
2026-08-12,2026-09-18T19:39:42+00:00,online,FR,wind_onshore,timesfm3_online,TimesFM3 with covariates,weather_4p+tso_forecast,2208,2026-08-13 04:00:00+00:00,2792.1826171875,2890.91742,,2026-05-12 15:00:00+00:00,2026-08-12 15:00:00+00:00
2026-08-12,2026-09-18T19:39:42+00:00,online,FR,wind_onshore,timesfm3_online,TimesFM3 with covariates,weather_4p+tso_forecast,2208,2026-08-13 05:00:00+00:00,2574.882568359375,2585.5349725,,2026-05-12 15:00:00+00:00,2026-08-12 15:00:00+00:00
2026-08-12,2026-09-18T19:39:42+00:00,online,FR,wind_onshore,timesfm3_online,TimesFM3 with covariates,weather_4p+tso_forecast,2208,2026-08-13 06:00:00+00:00,1994.6396484375,2099.4874575000003,,2026-05-12 15:00:00+00:00,2026-08-12 15:00:00+00:00
2026-08-12,2026-09-18T19:39:42+00:00,online,FR,wind_onshore,timesfm3_online,TimesFM3 with covariates,weather_4p+tso_forecast,2208,2026-08-13 07:00:00+00:00,1235.701416015625,1364.9049825,,2026-05-12 15:00:00+00:00,2026-08-12 15:00:00+00:00
2026-08-12,2026-09-18T19:39:42+00:00,online,FR,wind_onshore,timesfm3_online,TimesFM3 with covariates,weather_4p+tso_forecast,2208,2026-08-13 08:00:00+00:00,795.3974609375,642.3525225,,2026-05-12 15:00:00+00:00,2026-08-12 15:00:00+00:00
2026-08-12,2026-09-18T19:39:42+00:00,online,FR,wind_onshore,timesfm3_online,TimesFM3 with covariates,weather_4p+tso_forecast,2208,2026-08-13 09:00:00+00:00,780.505126953125,535.339995,,2026-05-12 15:00:00+00:00,2026-08-12 15:00:00+00:00
2026-08-12,2026-09-18T19:39:42+00:00,online,FR,wind_onshore,timesfm3_online,TimesFM3 with covariates,weather_4p+tso_forecast,2208,2026-08-13 10:00:00+00:00,819.678466796875,529.332505,,2026-05-12 15:00:00+00:00,2026-08-12 15:00:00+00:00
2026-08-12,2026-09-18T19:39:42+00:00,online,FR,wind_onshore,timesfm3_online,TimesFM3 with covariates,weather_4p+tso_forecast,2208,2026-08-13 11:00:00+00:00,823.293701171875,515.9999775,,2026-05-12 15:00:00+00:00,2026-08-12 15:00:00+00:00
2026-08-12,2026-09-18T19:39:42+00:00,online,FR,wind_onshore,timesfm3_online,TimesFM3 with covariates,weather_4p+tso_forecast,2208,2026-08-13 12:00:00+00:00,798.275390625,508.647505,,2026-05-12 15:00:00+00:00,2026-08-12 15:00:00+00:00
2026-08-12,2026-09-18T19:39:42+00:00,online,FR,wind_onshore,timesfm3_online,TimesFM3 with covariates,weather_4p+tso_forecast,2208,2026-08-13 13:00:00+00:00,779.880859375,531.5999899999999,,2026-05-12 15:00:00+00:00,2026-08-12 15:00:00+00:00
2026-08-12,2026-09-18T19:39:42+00:00,online,FR,wind_onshore,timesfm3_online,TimesFM3 with covariates,weather_4p+tso_forecast,2208,2026-08-13 14:00:00+00:00,882.49755859375,566.0749975,,2026-05-12 15:00:00+00:00,2026-08-12 15:00:00+00:00
2026-08-12,2026-09-18T19:39:42+00:00,online,FR,wind_onshore,timesfm3_online,TimesFM3 with covariates,weather_4p+tso_forecast,2208,2026-08-13 15:00:00+00:00,1106.695556640625,638.787505,,2026-05-12 15:00:00+00:00,2026-08-12 15:00:00+00:00
2026-08-12,2026-09-18T19:39:42+00:00,online,FR,wind_offshore,timesfm3_online,TimesFM3 with covariates,weather_4p+tso_forecast,2208,2026-08-12 16:00:00+00:00,809.8314819335938,454.0749975,,2026-05-12 15:00:00+00:00,2026-08-12 15:00:00+00:00
2026-08-12,2026-09-18T19:39:42+00:00,online,FR,wind_offshore,timesfm3_online,TimesFM3 with covariates,weather_4p+tso_forecast,2208,2026-08-12 17:00:00+00:00,830.5555419921875,589.714965,,2026-05-12 15:00:00+00:00,2026-08-12 15:00:00+00:00
2026-08-12,2026-09-18T19:39:42+00:00,online,FR,wind_offshore,timesfm3_online,TimesFM3 with covariates,weather_4p+tso_forecast,2208,2026-08-12 18:00:00+00:00,841.3341064453125,657.36499,,2026-05-12 15:00:00+00:00,2026-08-12 15:00:00+00:00
2026-08-12,2026-09-18T19:39:42+00:00,online,FR,wind_offshore,timesfm3_online,TimesFM3 with covariates,weather_4p+tso_forecast,2208,2026-08-12 19:00:00+00:00,810.9168701171875,652.2325275000001,,2026-05-12 15:00:00+00:00,2026-08-12 15:00:00+00:00
2026-08-12,2026-09-18T19:39:42+00:00,online,FR,wind_offshore,timesfm3_online,TimesFM3 with covariates,weather_4p+tso_forecast,2208,2026-08-12 20:00:00+00:00,779.1666259765625,608.375,,2026-05-12 15:00:00+00:00,2026-08-12 15:00:00+00:00
2026-08-12,2026-09-18T19:39:42+00:00,online,FR,wind_offshore,timesfm3_online,TimesFM3 with covariates,weather_4p+tso_forecast,2208,2026-08-12 21:00:00+00:00,706.4815673828125,546.57251,,2026-05-12 15:00:00+00:00,2026-08-12 15:00:00+00:00
2026-08-12,2026-09-18T19:39:42+00:00,online,FR,wind_offshore,timesfm3_online,TimesFM3 with covariates,weather_4p+tso_forecast,2208,2026-08-12 22:00:00+00:00,600.7913818359375,500.9974975,,2026-05-12 15:00:00+00:00,2026-08-12 15:00:00+00:00
2026-08-12,2026-09-18T19:39:42+00:00,online,FR,wind_offshore,timesfm3_online,TimesFM3 with covariates,weather_4p+tso_forecast,2208,2026-08-12 23:00:00+00:00,434.6323547363281,368.3424975,,2026-05-12 15:00:00+00:00,2026-08-12 15:00:00+00:00
2026-08-12,2026-09-18T19:39:42+00:00,online,FR,wind_offshore,timesfm3_online,TimesFM3 with covariates,weather_4p+tso_forecast,2208,2026-08-13 00:00:00+00:00,290.45208740234375,274.249985,,2026-05-12 15:00:00+00:00,2026-08-12 15:00:00+00:00
2026-08-12,2026-09-18T19:39:42+00:00,online,FR,wind_offshore,timesfm3_online,TimesFM3 with covariates,weather_4p+tso_forecast,2208,2026-08-13 01:00:00+00:00,187.80203247070312,209.217505,,2026-05-12 15:00:00+00:00,2026-08-12 15:00:00+00:00
2026-08-12,2026-09-18T19:39:42+00:00,online,FR,wind_offshore,timesfm3_online,TimesFM3 with covariates,weather_4p+tso_forecast,2208,2026-08-13 02:00:00+00:00,139.71414184570312,157.0525025,,2026-05-12 15:00:00+00:00,2026-08-12 15:00:00+00:00
2026-08-12,2026-09-18T19:39:42+00:00,online,FR,wind_offshore,timesfm3_online,TimesFM3 with covariates,weather_4p+tso_forecast,2208,2026-08-13 03:00:00+00:00,108.4903564453125,122.472505,,2026-05-12 15:00:00+00:00,2026-08-12 15:00:00+00:00
2026-08-12,2026-09-18T19:39:42+00:00,online,FR,wind_offshore,timesfm3_online,TimesFM3 with covariates,weather_4p+tso_forecast,2208,2026-08-13 04:00:00+00:00,89.76953125,97.1075,,2026-05-12 15:00:00+00:00,2026-08-12 15:00:00+00:00
2026-08-12,2026-09-18T19:39:42+00:00,online,FR,wind_offshore,timesfm3_online,TimesFM3 with covariates,weather_4p+tso_forecast,2208,2026-08-13 05:00:00+00:00,66.62835693359375,65.1025,,2026-05-12 15:00:00+00:00,2026-08-12 15:00:00+00:00
2026-08-12,2026-09-18T19:39:42+00:00,online,FR,wind_offshore,timesfm3_online,TimesFM3 with covariates,weather_4p+tso_forecast,2208,2026-08-13 06:00:00+00:00,53.3707275390625,43.4750025,,2026-05-12 15:00:00+00:00,2026-08-12 15:00:00+00:00
2026-08-12,2026-09-18T19:39:42+00:00,online,FR,wind_offshore,timesfm3_online,TimesFM3 with covariates,weather_4p+tso_forecast,2208,2026-08-13 07:00:00+00:00,43.414703369140625,32.25,,2026-05-12 15:00:00+00:00,2026-08-12 15:00:00+00:00
2026-08-12,2026-09-18T19:39:42+00:00,online,FR,wind_offshore,timesfm3_online,TimesFM3 with covariates,weather_4p+tso_forecast,2208,2026-08-13 08:00:00+00:00,40.601715087890625,30.0825,,2026-05-12 15:00:00+00:00,2026-08-12 15:00:00+00:00
2026-08-12,2026-09-18T19:39:42+00:00,online,FR,wind_offshore,timesfm3_online,TimesFM3 with covariates,weather_4p+tso_forecast,2208,2026-08-13 09:00:00+00:00,61.790679931640625,39.7475,,2026-05-12 15:00:00+00:00,2026-08-12 15:00:00+00:00
2026-08-12,2026-09-18T19:39:42+00:00,online,FR,wind_offshore,timesfm3_online,TimesFM3 with covariates,weather_4p+tso_forecast,2208,2026-08-13 10:00:00+00:00,70.0457763671875,61.8475,,2026-05-12 15:00:00+00:00,2026-08-12 15:00:00+00:00
2026-08-12,2026-09-18T19:39:42+00:00,online,FR,wind_offshore,timesfm3_online,TimesFM3 with covariates,weather_4p+tso_forecast,2208,2026-08-13 11:00:00+00:00,86.561767578125,97.7775,,2026-05-12 15:00:00+00:00,2026-08-12 15:00:00+00:00
2026-08-12,2026-09-18T19:39:42+00:00,online,FR,wind_offshore,timesfm3_online,TimesFM3 with covariates,weather_4p+tso_forecast,2208,2026-08-13 12:00:00+00:00,109.45086669921875,155.48999750000002,,2026-05-12 15:00:00+00:00,2026-08-12 15:00:00+00:00
2026-08-12,2026-09-18T19:39:42+00:00,online,FR,wind_offshore,timesfm3_online,TimesFM3 with covariates,weather_4p+tso_forecast,2208,2026-08-13 13:00:00+00:00,144.53521728515625,226.0674975,,2026-05-12 15:00:00+00:00,2026-08-12 15:00:00+00:00
2026-08-12,2026-09-18T19:39:42+00:00,online,FR,wind_offshore,timesfm3_online,TimesFM3 with covariates,weather_4p+tso_forecast,2208,2026-08-13 14:00:00+00:00,201.35977172851562,260.835005,,2026-05-12 15:00:00+00:00,2026-08-12 15:00:00+00:00
2026-08-12,2026-09-18T19:39:42+00:00,online,FR,wind_offshore,timesfm3_online,TimesFM3 with covariates,weather_4p+tso_forecast,2208,2026-08-13 15:00:00+00:00,271.5247802734375,277.2699975,,2026-05-12 15:00:00+00:00,2026-08-12 15:00:00+00:00
2026-08-12,2026-09-18T19:39:42+00:00,online,DE,load,timesfm3_online,TimesFM3 with covariates,Hum+tso_forecast,2208,2026-08-12 16:00:00+00:00,53365.70703125,55666.062563,,2026-05-12 15:00:00+00:00,2026-08-12 15:00:00+00:00
2026-08-12,2026-09-18T19:39:42+00:00,online,DE,load,timesfm3_online,TimesFM3 with covariates,Hum+tso_forecast,2208,2026-08-12 17:00:00+00:00,53192.3828125,55668.684939750005,,2026-05-12 15:00:00+00:00,2026-08-12 15:00:00+00:00
2026-08-12,2026-09-18T19:39:42+00:00,online,DE,load,timesfm3_online,TimesFM3 with covariates,Hum+tso_forecast,2208,2026-08-12 18:00:00+00:00,51342.28125,54087.54566275,,2026-05-12 15:00:00+00:00,2026-08-12 15:00:00+00:00
2026-08-12,2026-09-18T19:39:42+00:00,online,DE,load,timesfm3_online,TimesFM3 with covariates,Hum+tso_forecast,2208,2026-08-12 19:00:00+00:00,49710.57421875,51965.2402405,,2026-05-12 15:00:00+00:00,2026-08-12 15:00:00+00:00
2026-08-12,2026-09-18T19:39:42+00:00,online,DE,load,timesfm3_online,TimesFM3 with covariates,Hum+tso_forecast,2208,2026-08-12 20:00:00+00:00,47260.49609375,48764.18645175,,2026-05-12 15:00:00+00:00,2026-08-12 15:00:00+00:00
2026-08-12,2026-09-18T19:39:42+00:00,online,DE,load,timesfm3_online,TimesFM3 with covariates,Hum+tso_forecast,2208,2026-08-12 21:00:00+00:00,44312.91015625,45402.08003875,,2026-05-12 15:00:00+00:00,2026-08-12 15:00:00+00:00
2026-08-12,2026-09-18T19:39:42+00:00,online,DE,load,timesfm3_online,TimesFM3 with covariates,Hum+tso_forecast,2208,2026-08-12 22:00:00+00:00,42217.30078125,42294.868282,,2026-05-12 15:00:00+00:00,2026-08-12 15:00:00+00:00
2026-08-12,2026-09-18T19:39:42+00:00,online,DE,load,timesfm3_online,TimesFM3 with covariates,Hum+tso_forecast,2208,2026-08-12 23:00:00+00:00,41209.28125,40750.8635585,,2026-05-12 15:00:00+00:00,2026-08-12 15:00:00+00:00
2026-08-12,2026-09-18T19:39:42+00:00,online,DE,load,timesfm3_online,TimesFM3 with covariates,Hum+tso_forecast,2208,2026-08-13 00:00:00+00:00,40383.4609375,40086.09103575,,2026-05-12 15:00:00+00:00,2026-08-12 15:00:00+00:00
2026-08-12,2026-09-18T19:39:42+00:00,online,DE,load,timesfm3_online,TimesFM3 with covariates,Hum+tso_forecast,2208,2026-08-13 01:00:00+00:00,40212.65625,39936.90974375,,2026-05-12 15:00:00+00:00,2026-08-12 15:00:00+00:00
2026-08-12,2026-09-18T19:39:42+00:00,online,DE,load,timesfm3_online,TimesFM3 with covariates,Hum+tso_forecast,2208,2026-08-13 02:00:00+00:00,40507.140625,40663.83184175,,2026-05-12 15:00:00+00:00,2026-08-12 15:00:00+00:00
2026-08-12,2026-09-18T19:39:42+00:00,online,DE,load,timesfm3_online,TimesFM3 with covariates,Hum+tso_forecast,2208,2026-08-13 03:00:00+00:00,43246.3046875,43543.707348,,2026-05-12 15:00:00+00:00,2026-08-12 15:00:00+00:00
2026-08-12,2026-09-18T19:39:42+00:00,online,DE,load,timesfm3_online,TimesFM3 with covariates,Hum+tso_forecast,2208,2026-08-13 04:00:00+00:00,47779.03125,49079.37076175,,2026-05-12 15:00:00+00:00,2026-08-12 15:00:00+00:00
2026-08-12,2026-09-18T19:39:42+00:00,online,DE,load,timesfm3_online,TimesFM3 with covariates,Hum+tso_forecast,2208,2026-08-13 05:00:00+00:00,52122.66015625,53584.446383,,2026-05-12 15:00:00+00:00,2026-08-12 15:00:00+00:00
2026-08-12,2026-09-18T19:39:42+00:00,online,DE,load,timesfm3_online,TimesFM3 with covariates,Hum+tso_forecast,2208,2026-08-13 06:00:00+00:00,54997.046875,56545.3503335,,2026-05-12 15:00:00+00:00,2026-08-12 15:00:00+00:00
2026-08-12,2026-09-18T19:39:42+00:00,online,DE,load,timesfm3_online,TimesFM3 with covariates,Hum+tso_forecast,2208,2026-08-13 07:00:00+00:00,56364.109375,57507.20443025,,2026-05-12 15:00:00+00:00,2026-08-12 15:00:00+00:00
2026-08-12,2026-09-18T19:39:42+00:00,online,DE,load,timesfm3_online,TimesFM3 with covariates,Hum+tso_forecast,2208,2026-08-13 08:00:00+00:00,56783.265625,57989.58142725,,2026-05-12 15:00:00+00:00,2026-08-12 15:00:00+00:00
2026-08-12,2026-09-18T19:39:42+00:00,online,DE,load,timesfm3_online,TimesFM3 with covariates,Hum+tso_forecast,2208,2026-08-13 09:00:00+00:00,56780.86328125,58144.46545875,,2026-05-12 15:00:00+00:00,2026-08-12 15:00:00+00:00
2026-08-12,2026-09-18T19:39:42+00:00,online,DE,load,timesfm3_online,TimesFM3 with covariates,Hum+tso_forecast,2208,2026-08-13 10:00:00+00:00,56122.18359375,57486.45083775,,2026-05-12 15:00:00+00:00,2026-08-12 15:00:00+00:00
2026-08-12,2026-09-18T19:39:42+00:00,online,DE,load,timesfm3_online,TimesFM3 with covariates,Hum+tso_forecast,2208,2026-08-13 11:00:00+00:00,55072.6171875,56172.32114575,,2026-05-12 15:00:00+00:00,2026-08-12 15:00:00+00:00
2026-08-12,2026-09-18T19:39:42+00:00,online,DE,load,timesfm3_online,TimesFM3 with covariates,Hum+tso_forecast,2208,2026-08-13 12:00:00+00:00,53591.328125,54964.66184125,,2026-05-12 15:00:00+00:00,2026-08-12 15:00:00+00:00
2026-08-12,2026-09-18T19:39:42+00:00,online,DE,load,timesfm3_online,TimesFM3 with covariates,Hum+tso_forecast,2208,2026-08-13 13:00:00+00:00,52517.43359375,54374.02775775,,2026-05-12 15:00:00+00:00,2026-08-12 15:00:00+00:00
2026-08-12,2026-09-18T19:39:42+00:00,online,DE,load,timesfm3_online,TimesFM3 with covariates,Hum+tso_forecast,2208,2026-08-13 14:00:00+00:00,52310.19140625,53574.312001,,2026-05-12 15:00:00+00:00,2026-08-12 15:00:00+00:00
2026-08-12,2026-09-18T19:39:42+00:00,online,DE,load,timesfm3_online,TimesFM3 with covariates,Hum+tso_forecast,2208,2026-08-13 15:00:00+00:00,52286.28125,53290.77691825,,2026-05-12 15:00:00+00:00,2026-08-12 15:00:00+00:00
2026-08-12,2026-09-18T19:39:42+00:00,online,DE,solar,timesfm3_online,TimesFM3 with covariates,weather_4p+tso_forecast,2208,2026-08-12 16:00:00+00:00,18139.61328125,17590.253495,,2026-05-12 15:00:00+00:00,2026-08-12 15:00:00+00:00
2026-08-12,2026-09-18T19:39:42+00:00,online,DE,solar,timesfm3_online,TimesFM3 with covariates,weather_4p+tso_forecast,2208,2026-08-12 17:00:00+00:00,5838.7255859375,5372.3169450000005,,2026-05-12 15:00:00+00:00,2026-08-12 15:00:00+00:00
2026-08-12,2026-09-18T19:39:42+00:00,online,DE,solar,timesfm3_online,TimesFM3 with covariates,weather_4p+tso_forecast,2208,2026-08-12 18:00:00+00:00,820.1826171875,351.4222075,,2026-05-12 15:00:00+00:00,2026-08-12 15:00:00+00:00
2026-08-12,2026-09-18T19:39:42+00:00,online,DE,solar,timesfm3_online,TimesFM3 with covariates,weather_4p+tso_forecast,2208,2026-08-12 19:00:00+00:00,0.0,5.0315575,,2026-05-12 15:00:00+00:00,2026-08-12 15:00:00+00:00
2026-08-12,2026-09-18T19:39:42+00:00,online,DE,solar,timesfm3_online,TimesFM3 with covariates,weather_4p+tso_forecast,2208,2026-08-12 20:00:00+00:00,0.0,0.0,,2026-05-12 15:00:00+00:00,2026-08-12 15:00:00+00:00
2026-08-12,2026-09-18T19:39:42+00:00,online,DE,solar,timesfm3_online,TimesFM3 with covariates,weather_4p+tso_forecast,2208,2026-08-12 21:00:00+00:00,72.7822265625,0.0,,2026-05-12 15:00:00+00:00,2026-08-12 15:00:00+00:00
2026-08-12,2026-09-18T19:39:42+00:00,online,DE,solar,timesfm3_online,TimesFM3 with covariates,weather_4p+tso_forecast,2208,2026-08-12 22:00:00+00:00,286.59765625,0.0,,2026-05-12 15:00:00+00:00,2026-08-12 15:00:00+00:00
2026-08-12,2026-09-18T19:39:42+00:00,online,DE,solar,timesfm3_online,TimesFM3 with covariates,weather_4p+tso_forecast,2208,2026-08-12 23:00:00+00:00,593.328125,0.0,,2026-05-12 15:00:00+00:00,2026-08-12 15:00:00+00:00
2026-08-12,2026-09-18T19:39:42+00:00,online,DE,solar,timesfm3_online,TimesFM3 with covariates,weather_4p+tso_forecast,2208,2026-08-13 00:00:00+00:00,652.623046875,0.0,,2026-05-12 15:00:00+00:00,2026-08-12 15:00:00+00:00
2026-08-12,2026-09-18T19:39:42+00:00,online,DE,solar,timesfm3_online,TimesFM3 with covariates,weather_4p+tso_forecast,2208,2026-08-13 01:00:00+00:00,396.224609375,0.0,,2026-05-12 15:00:00+00:00,2026-08-12 15:00:00+00:00
2026-08-12,2026-09-18T19:39:42+00:00,online,DE,solar,timesfm3_online,TimesFM3 with covariates,weather_4p+tso_forecast,2208,2026-08-13 02:00:00+00:00,343.794921875,0.0,,2026-05-12 15:00:00+00:00,2026-08-12 15:00:00+00:00
2026-08-12,2026-09-18T19:39:42+00:00,online,DE,solar,timesfm3_online,TimesFM3 with covariates,weather_4p+tso_forecast,2208,2026-08-13 03:00:00+00:00,360.7587890625,10.82538,,2026-05-12 15:00:00+00:00,2026-08-12 15:00:00+00:00
2026-08-12,2026-09-18T19:39:42+00:00,online,DE,solar,timesfm3_online,TimesFM3 with covariates,weather_4p+tso_forecast,2208,2026-08-13 04:00:00+00:00,1882.2333984375,1563.3476675,,2026-05-12 15:00:00+00:00,2026-08-12 15:00:00+00:00
2026-08-12,2026-09-18T19:39:42+00:00,online,DE,solar,timesfm3_online,TimesFM3 with covariates,weather_4p+tso_forecast,2208,2026-08-13 05:00:00+00:00,9436.439453125,8558.035655,,2026-05-12 15:00:00+00:00,2026-08-12 15:00:00+00:00
2026-08-12,2026-09-18T19:39:42+00:00,online,DE,solar,timesfm3_online,TimesFM3 with covariates,weather_4p+tso_forecast,2208,2026-08-13 06:00:00+00:00,22756.17578125,21551.7293125,,2026-05-12 15:00:00+00:00,2026-08-12 15:00:00+00:00
2026-08-12,2026-09-18T19:39:42+00:00,online,DE,solar,timesfm3_online,TimesFM3 with covariates,weather_4p+tso_forecast,2208,2026-08-13 07:00:00+00:00,37046.15234375,35098.3559475,,2026-05-12 15:00:00+00:00,2026-08-12 15:00:00+00:00
2026-08-12,2026-09-18T19:39:42+00:00,online,DE,solar,timesfm3_online,TimesFM3 with covariates,weather_4p+tso_forecast,2208,2026-08-13 08:00:00+00:00,48096.46484375,45711.784145,,2026-05-12 15:00:00+00:00,2026-08-12 15:00:00+00:00
2026-08-12,2026-09-18T19:39:42+00:00,online,DE,solar,timesfm3_online,TimesFM3 with covariates,weather_4p+tso_forecast,2208,2026-08-13 09:00:00+00:00,54353.44921875,52962.7429325,,2026-05-12 15:00:00+00:00,2026-08-12 15:00:00+00:00
2026-08-12,2026-09-18T19:39:42+00:00,online,DE,solar,timesfm3_online,TimesFM3 with covariates,weather_4p+tso_forecast,2208,2026-08-13 10:00:00+00:00,57567.0,56867.115025,,2026-05-12 15:00:00+00:00,2026-08-12 15:00:00+00:00
2026-08-12,2026-09-18T19:39:42+00:00,online,DE,solar,timesfm3_online,TimesFM3 with covariates,weather_4p+tso_forecast,2208,2026-08-13 11:00:00+00:00,57517.71484375,57895.894925,,2026-05-12 15:00:00+00:00,2026-08-12 15:00:00+00:00
2026-08-12,2026-09-18T19:39:42+00:00,online,DE,solar,timesfm3_online,TimesFM3 with covariates,weather_4p+tso_forecast,2208,2026-08-13 12:00:00+00:00,55204.5859375,55829.167025,,2026-05-12 15:00:00+00:00,2026-08-12 15:00:00+00:00
2026-08-12,2026-09-18T19:39:42+00:00,online,DE,solar,timesfm3_online,TimesFM3 with covariates,weather_4p+tso_forecast,2208,2026-08-13 13:00:00+00:00,49859.5078125,50739.624075,,2026-05-12 15:00:00+00:00,2026-08-12 15:00:00+00:00
2026-08-12,2026-09-18T19:39:42+00:00,online,DE,solar,timesfm3_online,TimesFM3 with covariates,weather_4p+tso_forecast,2208,2026-08-13 14:00:00+00:00,41174.83203125,42562.4688425,,2026-05-12 15:00:00+00:00,2026-08-12 15:00:00+00:00
2026-08-12,2026-09-18T19:39:42+00:00,online,DE,solar,timesfm3_online,TimesFM3 with covariates,weather_4p+tso_forecast,2208,2026-08-13 15:00:00+00:00,30176.953125,31107.7863675,,2026-05-12 15:00:00+00:00,2026-08-12 15:00:00+00:00
2026-08-12,2026-09-18T19:39:42+00:00,online,DE,wind_onshore,timesfm3_online,TimesFM3 with covariates,weather_4p+tso_forecast,2208,2026-08-12 16:00:00+00:00,2962.7734375,2592.21303,,2026-05-12 15:00:00+00:00,2026-08-12 15:00:00+00:00
2026-08-12,2026-09-18T19:39:42+00:00,online,DE,wind_onshore,timesfm3_online,TimesFM3 with covariates,weather_4p+tso_forecast,2208,2026-08-12 17:00:00+00:00,4072.9765625,3781.6697425,,2026-05-12 15:00:00+00:00,2026-08-12 15:00:00+00:00
2026-08-12,2026-09-18T19:39:42+00:00,online,DE,wind_onshore,timesfm3_online,TimesFM3 with covariates,weather_4p+tso_forecast,2208,2026-08-12 18:00:00+00:00,6325.42919921875,6256.998305,,2026-05-12 15:00:00+00:00,2026-08-12 15:00:00+00:00
2026-08-12,2026-09-18T19:39:42+00:00,online,DE,wind_onshore,timesfm3_online,TimesFM3 with covariates,weather_4p+tso_forecast,2208,2026-08-12 19:00:00+00:00,9043.908203125,9284.4133075,,2026-05-12 15:00:00+00:00,2026-08-12 15:00:00+00:00
2026-08-12,2026-09-18T19:39:42+00:00,online,DE,wind_onshore,timesfm3_online,TimesFM3 with covariates,weather_4p+tso_forecast,2208,2026-08-12 20:00:00+00:00,11764.94921875,11718.67065,,2026-05-12 15:00:00+00:00,2026-08-12 15:00:00+00:00
2026-08-12,2026-09-18T19:39:42+00:00,online,DE,wind_onshore,timesfm3_online,TimesFM3 with covariates,weather_4p+tso_forecast,2208,2026-08-12 21:00:00+00:00,13125.73046875,12784.586235,,2026-05-12 15:00:00+00:00,2026-08-12 15:00:00+00:00
2026-08-12,2026-09-18T19:39:42+00:00,online,DE,wind_onshore,timesfm3_online,TimesFM3 with covariates,weather_4p+tso_forecast,2208,2026-08-12 22:00:00+00:00,13897.72265625,13569.11585,,2026-05-12 15:00:00+00:00,2026-08-12 15:00:00+00:00
2026-08-12,2026-09-18T19:39:42+00:00,online,DE,wind_onshore,timesfm3_online,TimesFM3 with covariates,weather_4p+tso_forecast,2208,2026-08-12 23:00:00+00:00,13548.255859375,13076.911425,,2026-05-12 15:00:00+00:00,2026-08-12 15:00:00+00:00
2026-08-12,2026-09-18T19:39:42+00:00,online,DE,wind_onshore,timesfm3_online,TimesFM3 with covariates,weather_4p+tso_forecast,2208,2026-08-13 00:00:00+00:00,12774.1181640625,12517.1473875,,2026-05-12 15:00:00+00:00,2026-08-12 15:00:00+00:00
2026-08-12,2026-09-18T19:39:42+00:00,online,DE,wind_onshore,timesfm3_online,TimesFM3 with covariates,weather_4p+tso_forecast,2208,2026-08-13 01:00:00+00:00,11747.44921875,11647.98376,,2026-05-12 15:00:00+00:00,2026-08-12 15:00:00+00:00
2026-08-12,2026-09-18T19:39:42+00:00,online,DE,wind_onshore,timesfm3_online,TimesFM3 with covariates,weather_4p+tso_forecast,2208,2026-08-13 02:00:00+00:00,10564.4638671875,10761.526715,,2026-05-12 15:00:00+00:00,2026-08-12 15:00:00+00:00
2026-08-12,2026-09-18T19:39:42+00:00,online,DE,wind_onshore,timesfm3_online,TimesFM3 with covariates,weather_4p+tso_forecast,2208,2026-08-13 03:00:00+00:00,9801.626953125,10028.2791325,,2026-05-12 15:00:00+00:00,2026-08-12 15:00:00+00:00
2026-08-12,2026-09-18T19:39:42+00:00,online,DE,wind_onshore,timesfm3_online,TimesFM3 with covariates,weather_4p+tso_forecast,2208,2026-08-13 04:00:00+00:00,9643.236328125,9665.7558725,,2026-05-12 15:00:00+00:00,2026-08-12 15:00:00+00:00
2026-08-12,2026-09-18T19:39:42+00:00,online,DE,wind_onshore,timesfm3_online,TimesFM3 with covariates,weather_4p+tso_forecast,2208,2026-08-13 05:00:00+00:00,9003.1455078125,8999.0914,,2026-05-12 15:00:00+00:00,2026-08-12 15:00:00+00:00
2026-08-12,2026-09-18T19:39:42+00:00,online,DE,wind_onshore,timesfm3_online,TimesFM3 with covariates,weather_4p+tso_forecast,2208,2026-08-13 06:00:00+00:00,6017.8046875,6439.3347475,,2026-05-12 15:00:00+00:00,2026-08-12 15:00:00+00:00
2026-08-12,2026-09-18T19:39:42+00:00,online,DE,wind_onshore,timesfm3_online,TimesFM3 with covariates,weather_4p+tso_forecast,2208,2026-08-13 07:00:00+00:00,2902.11181640625,3485.77153,,2026-05-12 15:00:00+00:00,2026-08-12 15:00:00+00:00
2026-08-12,2026-09-18T19:39:42+00:00,online,DE,wind_onshore,timesfm3_online,TimesFM3 with covariates,weather_4p+tso_forecast,2208,2026-08-13 08:00:00+00:00,2199.72607421875,2669.3544075,,2026-05-12 15:00:00+00:00,2026-08-12 15:00:00+00:00
2026-08-12,2026-09-18T19:39:42+00:00,online,DE,wind_onshore,timesfm3_online,TimesFM3 with covariates,weather_4p+tso_forecast,2208,2026-08-13 09:00:00+00:00,2599.21044921875,2932.5471625,,2026-05-12 15:00:00+00:00,2026-08-12 15:00:00+00:00
2026-08-12,2026-09-18T19:39:42+00:00,online,DE,wind_onshore,timesfm3_online,TimesFM3 with covariates,weather_4p+tso_forecast,2208,2026-08-13 10:00:00+00:00,3016.35205078125,3084.0887125,,2026-05-12 15:00:00+00:00,2026-08-12 15:00:00+00:00
2026-08-12,2026-09-18T19:39:42+00:00,online,DE,wind_onshore,timesfm3_online,TimesFM3 with covariates,weather_4p+tso_forecast,2208,2026-08-13 11:00:00+00:00,3081.0830078125,3028.0942775000003,,2026-05-12 15:00:00+00:00,2026-08-12 15:00:00+00:00
2026-08-12,2026-09-18T19:39:42+00:00,online,DE,wind_onshore,timesfm3_online,TimesFM3 with covariates,weather_4p+tso_forecast,2208,2026-08-13 12:00:00+00:00,3094.10986328125,2995.292295,,2026-05-12 15:00:00+00:00,2026-08-12 15:00:00+00:00
2026-08-12,2026-09-18T19:39:42+00:00,online,DE,wind_onshore,timesfm3_online,TimesFM3 with covariates,weather_4p+tso_forecast,2208,2026-08-13 13:00:00+00:00,3132.56103515625,2977.3243325,,2026-05-12 15:00:00+00:00,2026-08-12 15:00:00+00:00
2026-08-12,2026-09-18T19:39:42+00:00,online,DE,wind_onshore,timesfm3_online,TimesFM3 with covariates,weather_4p+tso_forecast,2208,2026-08-13 14:00:00+00:00,3336.77001953125,3090.52889,,2026-05-12 15:00:00+00:00,2026-08-12 15:00:00+00:00
2026-08-12,2026-09-18T19:39:42+00:00,online,DE,wind_onshore,timesfm3_online,TimesFM3 with covariates,weather_4p+tso_forecast,2208,2026-08-13 15:00:00+00:00,3773.5703125,3423.7029975,,2026-05-12 15:00:00+00:00,2026-08-12 15:00:00+00:00
2026-08-12,2026-09-18T19:39:42+00:00,online,DE,wind_offshore,timesfm3_online,TimesFM3 with covariates,weather_4p+tso_forecast,2208,2026-08-12 16:00:00+00:00,554.0648193359375,596.2375,,2026-05-12 15:00:00+00:00,2026-08-12 15:00:00+00:00
2026-08-12,2026-09-18T19:39:42+00:00,online,DE,wind_offshore,timesfm3_online,TimesFM3 with covariates,weather_4p+tso_forecast,2208,2026-08-12 17:00:00+00:00,729.164306640625,782.15,,2026-05-12 15:00:00+00:00,2026-08-12 15:00:00+00:00
2026-08-12,2026-09-18T19:39:42+00:00,online,DE,wind_offshore,timesfm3_online,TimesFM3 with covariates,weather_4p+tso_forecast,2208,2026-08-12 18:00:00+00:00,897.84228515625,970.3625,,2026-05-12 15:00:00+00:00,2026-08-12 15:00:00+00:00
2026-08-12,2026-09-18T19:39:42+00:00,online,DE,wind_offshore,timesfm3_online,TimesFM3 with covariates,weather_4p+tso_forecast,2208,2026-08-12 19:00:00+00:00,1007.6123046875,1119.6,,2026-05-12 15:00:00+00:00,2026-08-12 15:00:00+00:00
2026-08-12,2026-09-18T19:39:42+00:00,online,DE,wind_offshore,timesfm3_online,TimesFM3 with covariates,weather_4p+tso_forecast,2208,2026-08-12 20:00:00+00:00,1169.2919921875,1217.335,,2026-05-12 15:00:00+00:00,2026-08-12 15:00:00+00:00
2026-08-12,2026-09-18T19:39:42+00:00,online,DE,wind_offshore,timesfm3_online,TimesFM3 with covariates,weather_4p+tso_forecast,2208,2026-08-12 21:00:00+00:00,1272.8948974609375,1280.6425,,2026-05-12 15:00:00+00:00,2026-08-12 15:00:00+00:00
2026-08-12,2026-09-18T19:39:42+00:00,online,DE,wind_offshore,timesfm3_online,TimesFM3 with covariates,weather_4p+tso_forecast,2208,2026-08-12 22:00:00+00:00,1396.581787109375,1508.8925,,2026-05-12 15:00:00+00:00,2026-08-12 15:00:00+00:00
2026-08-12,2026-09-18T19:39:42+00:00,online,DE,wind_offshore,timesfm3_online,TimesFM3 with covariates,weather_4p+tso_forecast,2208,2026-08-12 23:00:00+00:00,1428.614990234375,1470.6875,,2026-05-12 15:00:00+00:00,2026-08-12 15:00:00+00:00
2026-08-12,2026-09-18T19:39:42+00:00,online,DE,wind_offshore,timesfm3_online,TimesFM3 with covariates,weather_4p+tso_forecast,2208,2026-08-13 00:00:00+00:00,1304.5076904296875,1335.5175,,2026-05-12 15:00:00+00:00,2026-08-12 15:00:00+00:00
2026-08-12,2026-09-18T19:39:42+00:00,online,DE,wind_offshore,timesfm3_online,TimesFM3 with covariates,weather_4p+tso_forecast,2208,2026-08-13 01:00:00+00:00,1114.9344482421875,1159.085,,2026-05-12 15:00:00+00:00,2026-08-12 15:00:00+00:00
2026-08-12,2026-09-18T19:39:42+00:00,online,DE,wind_offshore,timesfm3_online,TimesFM3 with covariates,weather_4p+tso_forecast,2208,2026-08-13 02:00:00+00:00,917.9918212890625,1007.975,,2026-05-12 15:00:00+00:00,2026-08-12 15:00:00+00:00
2026-08-12,2026-09-18T19:39:42+00:00,online,DE,wind_offshore,timesfm3_online,TimesFM3 with covariates,weather_4p+tso_forecast,2208,2026-08-13 03:00:00+00:00,789.3865966796875,880.6775,,2026-05-12 15:00:00+00:00,2026-08-12 15:00:00+00:00
2026-08-12,2026-09-18T19:39:42+00:00,online,DE,wind_offshore,timesfm3_online,TimesFM3 with covariates,weather_4p+tso_forecast,2208,2026-08-13 04:00:00+00:00,721.51708984375,796.96,,2026-05-12 15:00:00+00:00,2026-08-12 15:00:00+00:00
2026-08-12,2026-09-18T19:39:42+00:00,online,DE,wind_offshore,timesfm3_online,TimesFM3 with covariates,weather_4p+tso_forecast,2208,2026-08-13 05:00:00+00:00,705.021728515625,761.45,,2026-05-12 15:00:00+00:00,2026-08-12 15:00:00+00:00
2026-08-12,2026-09-18T19:39:42+00:00,online,DE,wind_offshore,timesfm3_online,TimesFM3 with covariates,weather_4p+tso_forecast,2208,2026-08-13 06:00:00+00:00,720.560546875,755.9975,,2026-05-12 15:00:00+00:00,2026-08-12 15:00:00+00:00
2026-08-12,2026-09-18T19:39:42+00:00,online,DE,wind_offshore,timesfm3_online,TimesFM3 with covariates,weather_4p+tso_forecast,2208,2026-08-13 07:00:00+00:00,768.222900390625,743.1475,,2026-05-12 15:00:00+00:00,2026-08-12 15:00:00+00:00
2026-08-12,2026-09-18T19:39:42+00:00,online,DE,wind_offshore,timesfm3_online,TimesFM3 with covariates,weather_4p+tso_forecast,2208,2026-08-13 08:00:00+00:00,793.068359375,744.025,,2026-05-12 15:00:00+00:00,2026-08-12 15:00:00+00:00
2026-08-12,2026-09-18T19:39:42+00:00,online,DE,wind_offshore,timesfm3_online,TimesFM3 with covariates,weather_4p+tso_forecast,2208,2026-08-13 09:00:00+00:00,837.8665771484375,754.41,,2026-05-12 15:00:00+00:00,2026-08-12 15:00:00+00:00
2026-08-12,2026-09-18T19:39:42+00:00,online,DE,wind_offshore,timesfm3_online,TimesFM3 with covariates,weather_4p+tso_forecast,2208,2026-08-13 10:00:00+00:00,886.095703125,772.87,,2026-05-12 15:00:00+00:00,2026-08-12 15:00:00+00:00
2026-08-12,2026-09-18T19:39:42+00:00,online,DE,wind_offshore,timesfm3_online,TimesFM3 with covariates,weather_4p+tso_forecast,2208,2026-08-13 11:00:00+00:00,954.2132568359375,800.1949999999999,,2026-05-12 15:00:00+00:00,2026-08-12 15:00:00+00:00
2026-08-12,2026-09-18T19:39:42+00:00,online,DE,wind_offshore,timesfm3_online,TimesFM3 with covariates,weather_4p+tso_forecast,2208,2026-08-13 12:00:00+00:00,959.7041015625,801.165,,2026-05-12 15:00:00+00:00,2026-08-12 15:00:00+00:00
2026-08-12,2026-09-18T19:39:42+00:00,online,DE,wind_offshore,timesfm3_online,TimesFM3 with covariates,weather_4p+tso_forecast,2208,2026-08-13 13:00:00+00:00,950.734375,815.88,,2026-05-12 15:00:00+00:00,2026-08-12 15:00:00+00:00
2026-08-12,2026-09-18T19:39:42+00:00,online,DE,wind_offshore,timesfm3_online,TimesFM3 with covariates,weather_4p+tso_forecast,2208,2026-08-13 14:00:00+00:00,982.2275390625,876.0975000000001,,2026-05-12 15:00:00+00:00,2026-08-12 15:00:00+00:00
2026-08-12,2026-09-18T19:39:42+00:00,online,DE,wind_offshore,timesfm3_online,TimesFM3 with covariates,weather_4p+tso_forecast,2208,2026-08-13 15:00:00+00:00,1043.56005859375,981.0375,,2026-05-12 15:00:00+00:00,2026-08-12 15:00:00+00:00
