run_date,run_at,source,zone,target,model,model_label,covariate_case,context_hours,timestamp,forecast_mw,tso_forecast_mw,actual_mw,context_start,context_end,context_missing_hours,context_imputed_hours,context_imputation_method,data_quality
2026-10-08,2026-10-09 21:19:23+00:00,online,BE,load,tso_reference,TSO forecast,tso_forecast,2208,2026-10-08 16:00:00+00:00,10313.9075,10313.9075,,2026-07-08 16:00:00+00:00,2026-10-08 15:00:00+00:00,1,1,linear_interpolation,interpolated
2026-10-08,2026-10-09 21:19:23+00:00,online,BE,load,tso_reference,TSO forecast,tso_forecast,2208,2026-10-08 17:00:00+00:00,10087.4625,10087.4625,,2026-07-08 16:00:00+00:00,2026-10-08 15:00:00+00:00,1,1,linear_interpolation,interpolated
2026-10-08,2026-10-09 21:19:23+00:00,online,BE,load,tso_reference,TSO forecast,tso_forecast,2208,2026-10-08 18:00:00+00:00,9806.1325,9806.1325,,2026-07-08 16:00:00+00:00,2026-10-08 15:00:00+00:00,1,1,linear_interpolation,interpolated
2026-10-08,2026-10-09 21:19:23+00:00,online,BE,load,tso_reference,TSO forecast,tso_forecast,2208,2026-10-08 19:00:00+00:00,9226.3775,9226.3775,,2026-07-08 16:00:00+00:00,2026-10-08 15:00:00+00:00,1,1,linear_interpolation,interpolated
2026-10-08,2026-10-09 21:19:23+00:00,online,BE,load,tso_reference,TSO forecast,tso_forecast,2208,2026-10-08 20:00:00+00:00,8855.15,8855.15,,2026-07-08 16:00:00+00:00,2026-10-08 15:00:00+00:00,1,1,linear_interpolation,interpolated
2026-10-08,2026-10-09 21:19:23+00:00,online,BE,load,tso_reference,TSO forecast,tso_forecast,2208,2026-10-08 21:00:00+00:00,8438.43,8438.43,,2026-07-08 16:00:00+00:00,2026-10-08 15:00:00+00:00,1,1,linear_interpolation,interpolated
2026-10-08,2026-10-09 21:19:23+00:00,online,BE,load,tso_reference,TSO forecast,tso_forecast,2208,2026-10-08 22:00:00+00:00,7891.7775,7891.7775,,2026-07-08 16:00:00+00:00,2026-10-08 15:00:00+00:00,1,1,linear_interpolation,interpolated
2026-10-08,2026-10-09 21:19:23+00:00,online,BE,load,tso_reference,TSO forecast,tso_forecast,2208,2026-10-08 23:00:00+00:00,7547.5875,7547.5875,,2026-07-08 16:00:00+00:00,2026-10-08 15:00:00+00:00,1,1,linear_interpolation,interpolated
2026-10-08,2026-10-09 21:19:23+00:00,online,BE,load,tso_reference,TSO forecast,tso_forecast,2208,2026-10-09 00:00:00+00:00,7482.68,7482.68,,2026-07-08 16:00:00+00:00,2026-10-08 15:00:00+00:00,1,1,linear_interpolation,interpolated
2026-10-08,2026-10-09 21:19:23+00:00,online,BE,load,tso_reference,TSO forecast,tso_forecast,2208,2026-10-09 01:00:00+00:00,7434.505,7434.505,,2026-07-08 16:00:00+00:00,2026-10-08 15:00:00+00:00,1,1,linear_interpolation,interpolated
2026-10-08,2026-10-09 21:19:23+00:00,online,BE,load,tso_reference,TSO forecast,tso_forecast,2208,2026-10-09 02:00:00+00:00,7460.145,7460.145,,2026-07-08 16:00:00+00:00,2026-10-08 15:00:00+00:00,1,1,linear_interpolation,interpolated
2026-10-08,2026-10-09 21:19:23+00:00,online,BE,load,tso_reference,TSO forecast,tso_forecast,2208,2026-10-09 03:00:00+00:00,7711.225,7711.225,,2026-07-08 16:00:00+00:00,2026-10-08 15:00:00+00:00,1,1,linear_interpolation,interpolated
2026-10-08,2026-10-09 21:19:23+00:00,online,BE,load,tso_reference,TSO forecast,tso_forecast,2208,2026-10-09 04:00:00+00:00,8492.54,8492.54,,2026-07-08 16:00:00+00:00,2026-10-08 15:00:00+00:00,1,1,linear_interpolation,interpolated
2026-10-08,2026-10-09 21:19:23+00:00,online,BE,load,tso_reference,TSO forecast,tso_forecast,2208,2026-10-09 05:00:00+00:00,9466.0225,9466.0225,,2026-07-08 16:00:00+00:00,2026-10-08 15:00:00+00:00,1,1,linear_interpolation,interpolated
2026-10-08,2026-10-09 21:19:23+00:00,online,BE,load,tso_reference,TSO forecast,tso_forecast,2208,2026-10-09 06:00:00+00:00,10142.2875,10142.2875,,2026-07-08 16:00:00+00:00,2026-10-08 15:00:00+00:00,1,1,linear_interpolation,interpolated
2026-10-08,2026-10-09 21:19:23+00:00,online,BE,load,tso_reference,TSO forecast,tso_forecast,2208,2026-10-09 07:00:00+00:00,10578.5,10578.5,,2026-07-08 16:00:00+00:00,2026-10-08 15:00:00+00:00,1,1,linear_interpolation,interpolated
2026-10-08,2026-10-09 21:19:23+00:00,online,BE,load,tso_reference,TSO forecast,tso_forecast,2208,2026-10-09 08:00:00+00:00,10786.285,10786.285,,2026-07-08 16:00:00+00:00,2026-10-08 15:00:00+00:00,1,1,linear_interpolation,interpolated
2026-10-08,2026-10-09 21:19:23+00:00,online,BE,load,tso_reference,TSO forecast,tso_forecast,2208,2026-10-09 09:00:00+00:00,11357.6175,11357.6175,,2026-07-08 16:00:00+00:00,2026-10-08 15:00:00+00:00,1,1,linear_interpolation,interpolated
2026-10-08,2026-10-09 21:19:23+00:00,online,BE,load,tso_reference,TSO forecast,tso_forecast,2208,2026-10-09 10:00:00+00:00,11260.705,11260.705,,2026-07-08 16:00:00+00:00,2026-10-08 15:00:00+00:00,1,1,linear_interpolation,interpolated
2026-10-08,2026-10-09 21:19:23+00:00,online,BE,load,tso_reference,TSO forecast,tso_forecast,2208,2026-10-09 11:00:00+00:00,10842.8,10842.8,,2026-07-08 16:00:00+00:00,2026-10-08 15:00:00+00:00,1,1,linear_interpolation,interpolated
2026-10-08,2026-10-09 21:19:23+00:00,online,BE,load,tso_reference,TSO forecast,tso_forecast,2208,2026-10-09 12:00:00+00:00,10453.6725,10453.6725,,2026-07-08 16:00:00+00:00,2026-10-08 15:00:00+00:00,1,1,linear_interpolation,interpolated
2026-10-08,2026-10-09 21:19:23+00:00,online,BE,load,tso_reference,TSO forecast,tso_forecast,2208,2026-10-09 13:00:00+00:00,10186.4,10186.4,,2026-07-08 16:00:00+00:00,2026-10-08 15:00:00+00:00,1,1,linear_interpolation,interpolated
2026-10-08,2026-10-09 21:19:23+00:00,online,BE,load,tso_reference,TSO forecast,tso_forecast,2208,2026-10-09 14:00:00+00:00,9858.745,9858.745,,2026-07-08 16:00:00+00:00,2026-10-08 15:00:00+00:00,1,1,linear_interpolation,interpolated
2026-10-08,2026-10-09 21:19:23+00:00,online,BE,load,tso_reference,TSO forecast,tso_forecast,2208,2026-10-09 15:00:00+00:00,9900.7225,9900.7225,,2026-07-08 16:00:00+00:00,2026-10-08 15:00:00+00:00,1,1,linear_interpolation,interpolated
2026-10-08,2026-10-09 21:19:23+00:00,online,BE,load,persistence,Persistence,weekly_persistence,2208,2026-10-08 16:00:00+00:00,10333.66,10313.9075,,2026-07-08 16:00:00+00:00,2026-10-08 15:00:00+00:00,1,1,linear_interpolation,interpolated
2026-10-08,2026-10-09 21:19:23+00:00,online,BE,load,persistence,Persistence,weekly_persistence,2208,2026-10-08 17:00:00+00:00,10092.54,10087.4625,,2026-07-08 16:00:00+00:00,2026-10-08 15:00:00+00:00,1,1,linear_interpolation,interpolated
2026-10-08,2026-10-09 21:19:23+00:00,online,BE,load,persistence,Persistence,weekly_persistence,2208,2026-10-08 18:00:00+00:00,9714.34,9806.1325,,2026-07-08 16:00:00+00:00,2026-10-08 15:00:00+00:00,1,1,linear_interpolation,interpolated
2026-10-08,2026-10-09 21:19:23+00:00,online,BE,load,persistence,Persistence,weekly_persistence,2208,2026-10-08 19:00:00+00:00,9168.546666666669,9226.3775,,2026-07-08 16:00:00+00:00,2026-10-08 15:00:00+00:00,1,1,linear_interpolation,interpolated
2026-10-08,2026-10-09 21:19:23+00:00,online,BE,load,persistence,Persistence,weekly_persistence,2208,2026-10-08 20:00:00+00:00,8881.3675,8855.15,,2026-07-08 16:00:00+00:00,2026-10-08 15:00:00+00:00,1,1,linear_interpolation,interpolated
2026-10-08,2026-10-09 21:19:23+00:00,online,BE,load,persistence,Persistence,weekly_persistence,2208,2026-10-08 21:00:00+00:00,8443.9825,8438.43,,2026-07-08 16:00:00+00:00,2026-10-08 15:00:00+00:00,1,1,linear_interpolation,interpolated
2026-10-08,2026-10-09 21:19:23+00:00,online,BE,load,persistence,Persistence,weekly_persistence,2208,2026-10-08 22:00:00+00:00,7721.58,7891.7775,,2026-07-08 16:00:00+00:00,2026-10-08 15:00:00+00:00,1,1,linear_interpolation,interpolated
2026-10-08,2026-10-09 21:19:23+00:00,online,BE,load,persistence,Persistence,weekly_persistence,2208,2026-10-08 23:00:00+00:00,7492.886666666666,7547.5875,,2026-07-08 16:00:00+00:00,2026-10-08 15:00:00+00:00,1,1,linear_interpolation,interpolated
2026-10-08,2026-10-09 21:19:23+00:00,online,BE,load,persistence,Persistence,weekly_persistence,2208,2026-10-09 00:00:00+00:00,7459.469999999999,7482.68,,2026-07-08 16:00:00+00:00,2026-10-08 15:00:00+00:00,1,1,linear_interpolation,interpolated
2026-10-08,2026-10-09 21:19:23+00:00,online,BE,load,persistence,Persistence,weekly_persistence,2208,2026-10-09 01:00:00+00:00,7409.983333333334,7434.505,,2026-07-08 16:00:00+00:00,2026-10-08 15:00:00+00:00,1,1,linear_interpolation,interpolated
2026-10-08,2026-10-09 21:19:23+00:00,online,BE,load,persistence,Persistence,weekly_persistence,2208,2026-10-09 02:00:00+00:00,7465.823333333334,7460.145,,2026-07-08 16:00:00+00:00,2026-10-08 15:00:00+00:00,1,1,linear_interpolation,interpolated
2026-10-08,2026-10-09 21:19:23+00:00,online,BE,load,persistence,Persistence,weekly_persistence,2208,2026-10-09 03:00:00+00:00,7648.4625,7711.225,,2026-07-08 16:00:00+00:00,2026-10-08 15:00:00+00:00,1,1,linear_interpolation,interpolated
2026-10-08,2026-10-09 21:19:23+00:00,online,BE,load,persistence,Persistence,weekly_persistence,2208,2026-10-09 04:00:00+00:00,8382.43,8492.54,,2026-07-08 16:00:00+00:00,2026-10-08 15:00:00+00:00,1,1,linear_interpolation,interpolated
2026-10-08,2026-10-09 21:19:23+00:00,online,BE,load,persistence,Persistence,weekly_persistence,2208,2026-10-09 05:00:00+00:00,9311.0975,9466.0225,,2026-07-08 16:00:00+00:00,2026-10-08 15:00:00+00:00,1,1,linear_interpolation,interpolated
2026-10-08,2026-10-09 21:19:23+00:00,online,BE,load,persistence,Persistence,weekly_persistence,2208,2026-10-09 06:00:00+00:00,10230.73,10142.2875,,2026-07-08 16:00:00+00:00,2026-10-08 15:00:00+00:00,1,1,linear_interpolation,interpolated
2026-10-08,2026-10-09 21:19:23+00:00,online,BE,load,persistence,Persistence,weekly_persistence,2208,2026-10-09 07:00:00+00:00,10514.873333333337,10578.5,,2026-07-08 16:00:00+00:00,2026-10-08 15:00:00+00:00,1,1,linear_interpolation,interpolated
2026-10-08,2026-10-09 21:19:23+00:00,online,BE,load,persistence,Persistence,weekly_persistence,2208,2026-10-09 08:00:00+00:00,10811.235,10786.285,,2026-07-08 16:00:00+00:00,2026-10-08 15:00:00+00:00,1,1,linear_interpolation,interpolated
2026-10-08,2026-10-09 21:19:23+00:00,online,BE,load,persistence,Persistence,weekly_persistence,2208,2026-10-09 09:00:00+00:00,11338.2,11357.6175,,2026-07-08 16:00:00+00:00,2026-10-08 15:00:00+00:00,1,1,linear_interpolation,interpolated
2026-10-08,2026-10-09 21:19:23+00:00,online,BE,load,persistence,Persistence,weekly_persistence,2208,2026-10-09 10:00:00+00:00,11154.7375,11260.705,,2026-07-08 16:00:00+00:00,2026-10-08 15:00:00+00:00,1,1,linear_interpolation,interpolated
2026-10-08,2026-10-09 21:19:23+00:00,online,BE,load,persistence,Persistence,weekly_persistence,2208,2026-10-09 11:00:00+00:00,10731.8175,10842.8,,2026-07-08 16:00:00+00:00,2026-10-08 15:00:00+00:00,1,1,linear_interpolation,interpolated
2026-10-08,2026-10-09 21:19:23+00:00,online,BE,load,persistence,Persistence,weekly_persistence,2208,2026-10-09 12:00:00+00:00,10342.3175,10453.6725,,2026-07-08 16:00:00+00:00,2026-10-08 15:00:00+00:00,1,1,linear_interpolation,interpolated
2026-10-08,2026-10-09 21:19:23+00:00,online,BE,load,persistence,Persistence,weekly_persistence,2208,2026-10-09 13:00:00+00:00,10081.8625,10186.4,,2026-07-08 16:00:00+00:00,2026-10-08 15:00:00+00:00,1,1,linear_interpolation,interpolated
2026-10-08,2026-10-09 21:19:23+00:00,online,BE,load,persistence,Persistence,weekly_persistence,2208,2026-10-09 14:00:00+00:00,9754.985,9858.745,,2026-07-08 16:00:00+00:00,2026-10-08 15:00:00+00:00,1,1,linear_interpolation,interpolated
2026-10-08,2026-10-09 21:19:23+00:00,online,BE,load,persistence,Persistence,weekly_persistence,2208,2026-10-09 15:00:00+00:00,9833.506666666666,9900.7225,,2026-07-08 16:00:00+00:00,2026-10-08 15:00:00+00:00,1,1,linear_interpolation,interpolated
2026-10-08,2026-10-09 21:19:23+00:00,online,BE,load,ridge_3mo_context,Ridge with covariates,Temp+tso_forecast,2208,2026-10-08 16:00:00+00:00,10212.069095003091,10313.9075,,2026-07-08 16:00:00+00:00,2026-10-08 15:00:00+00:00,1,1,linear_interpolation,interpolated
2026-10-08,2026-10-09 21:19:23+00:00,online,BE,load,ridge_3mo_context,Ridge with covariates,Temp+tso_forecast,2208,2026-10-08 17:00:00+00:00,9959.096067400496,10087.4625,,2026-07-08 16:00:00+00:00,2026-10-08 15:00:00+00:00,1,1,linear_interpolation,interpolated
2026-10-08,2026-10-09 21:19:23+00:00,online,BE,load,ridge_3mo_context,Ridge with covariates,Temp+tso_forecast,2208,2026-10-08 18:00:00+00:00,9661.50441662456,9806.1325,,2026-07-08 16:00:00+00:00,2026-10-08 15:00:00+00:00,1,1,linear_interpolation,interpolated
2026-10-08,2026-10-09 21:19:23+00:00,online,BE,load,ridge_3mo_context,Ridge with covariates,Temp+tso_forecast,2208,2026-10-08 19:00:00+00:00,9086.446280109863,9226.3775,,2026-07-08 16:00:00+00:00,2026-10-08 15:00:00+00:00,1,1,linear_interpolation,interpolated
2026-10-08,2026-10-09 21:19:23+00:00,online,BE,load,ridge_3mo_context,Ridge with covariates,Temp+tso_forecast,2208,2026-10-08 20:00:00+00:00,8738.525068975934,8855.15,,2026-07-08 16:00:00+00:00,2026-10-08 15:00:00+00:00,1,1,linear_interpolation,interpolated
2026-10-08,2026-10-09 21:19:23+00:00,online,BE,load,ridge_3mo_context,Ridge with covariates,Temp+tso_forecast,2208,2026-10-08 21:00:00+00:00,8300.283525772731,8438.43,,2026-07-08 16:00:00+00:00,2026-10-08 15:00:00+00:00,1,1,linear_interpolation,interpolated
2026-10-08,2026-10-09 21:19:23+00:00,online,BE,load,ridge_3mo_context,Ridge with covariates,Temp+tso_forecast,2208,2026-10-08 22:00:00+00:00,7773.497149668774,7891.7775,,2026-07-08 16:00:00+00:00,2026-10-08 15:00:00+00:00,1,1,linear_interpolation,interpolated
2026-10-08,2026-10-09 21:19:23+00:00,online,BE,load,ridge_3mo_context,Ridge with covariates,Temp+tso_forecast,2208,2026-10-08 23:00:00+00:00,7427.481705228778,7547.5875,,2026-07-08 16:00:00+00:00,2026-10-08 15:00:00+00:00,1,1,linear_interpolation,interpolated
2026-10-08,2026-10-09 21:19:23+00:00,online,BE,load,ridge_3mo_context,Ridge with covariates,Temp+tso_forecast,2208,2026-10-09 00:00:00+00:00,7488.5110238857615,7482.68,,2026-07-08 16:00:00+00:00,2026-10-08 15:00:00+00:00,1,1,linear_interpolation,interpolated
2026-10-08,2026-10-09 21:19:23+00:00,online,BE,load,ridge_3mo_context,Ridge with covariates,Temp+tso_forecast,2208,2026-10-09 01:00:00+00:00,7473.123876030915,7434.505,,2026-07-08 16:00:00+00:00,2026-10-08 15:00:00+00:00,1,1,linear_interpolation,interpolated
2026-10-08,2026-10-09 21:19:23+00:00,online,BE,load,ridge_3mo_context,Ridge with covariates,Temp+tso_forecast,2208,2026-10-09 02:00:00+00:00,7483.416959743139,7460.145,,2026-07-08 16:00:00+00:00,2026-10-08 15:00:00+00:00,1,1,linear_interpolation,interpolated
2026-10-08,2026-10-09 21:19:23+00:00,online,BE,load,ridge_3mo_context,Ridge with covariates,Temp+tso_forecast,2208,2026-10-09 03:00:00+00:00,7716.0098638810705,7711.225,,2026-07-08 16:00:00+00:00,2026-10-08 15:00:00+00:00,1,1,linear_interpolation,interpolated
2026-10-08,2026-10-09 21:19:23+00:00,online,BE,load,ridge_3mo_context,Ridge with covariates,Temp+tso_forecast,2208,2026-10-09 04:00:00+00:00,8453.54993080709,8492.54,,2026-07-08 16:00:00+00:00,2026-10-08 15:00:00+00:00,1,1,linear_interpolation,interpolated
2026-10-08,2026-10-09 21:19:23+00:00,online,BE,load,ridge_3mo_context,Ridge with covariates,Temp+tso_forecast,2208,2026-10-09 05:00:00+00:00,9350.857679776467,9466.0225,,2026-07-08 16:00:00+00:00,2026-10-08 15:00:00+00:00,1,1,linear_interpolation,interpolated
2026-10-08,2026-10-09 21:19:23+00:00,online,BE,load,ridge_3mo_context,Ridge with covariates,Temp+tso_forecast,2208,2026-10-09 06:00:00+00:00,9991.804811075535,10142.2875,,2026-07-08 16:00:00+00:00,2026-10-08 15:00:00+00:00,1,1,linear_interpolation,interpolated
2026-10-08,2026-10-09 21:19:23+00:00,online,BE,load,ridge_3mo_context,Ridge with covariates,Temp+tso_forecast,2208,2026-10-09 07:00:00+00:00,10410.906707916378,10578.5,,2026-07-08 16:00:00+00:00,2026-10-08 15:00:00+00:00,1,1,linear_interpolation,interpolated
2026-10-08,2026-10-09 21:19:23+00:00,online,BE,load,ridge_3mo_context,Ridge with covariates,Temp+tso_forecast,2208,2026-10-09 08:00:00+00:00,10609.81983038736,10786.285,,2026-07-08 16:00:00+00:00,2026-10-08 15:00:00+00:00,1,1,linear_interpolation,interpolated
2026-10-08,2026-10-09 21:19:23+00:00,online,BE,load,ridge_3mo_context,Ridge with covariates,Temp+tso_forecast,2208,2026-10-09 09:00:00+00:00,11149.026388581104,11357.6175,,2026-07-08 16:00:00+00:00,2026-10-08 15:00:00+00:00,1,1,linear_interpolation,interpolated
2026-10-08,2026-10-09 21:19:23+00:00,online,BE,load,ridge_3mo_context,Ridge with covariates,Temp+tso_forecast,2208,2026-10-09 10:00:00+00:00,11074.110496647849,11260.705,,2026-07-08 16:00:00+00:00,2026-10-08 15:00:00+00:00,1,1,linear_interpolation,interpolated
2026-10-08,2026-10-09 21:19:23+00:00,online,BE,load,ridge_3mo_context,Ridge with covariates,Temp+tso_forecast,2208,2026-10-09 11:00:00+00:00,10716.926595099178,10842.8,,2026-07-08 16:00:00+00:00,2026-10-08 15:00:00+00:00,1,1,linear_interpolation,interpolated
2026-10-08,2026-10-09 21:19:23+00:00,online,BE,load,ridge_3mo_context,Ridge with covariates,Temp+tso_forecast,2208,2026-10-09 12:00:00+00:00,10385.928926740267,10453.6725,,2026-07-08 16:00:00+00:00,2026-10-08 15:00:00+00:00,1,1,linear_interpolation,interpolated
2026-10-08,2026-10-09 21:19:23+00:00,online,BE,load,ridge_3mo_context,Ridge with covariates,Temp+tso_forecast,2208,2026-10-09 13:00:00+00:00,10144.231429318344,10186.4,,2026-07-08 16:00:00+00:00,2026-10-08 15:00:00+00:00,1,1,linear_interpolation,interpolated
2026-10-08,2026-10-09 21:19:23+00:00,online,BE,load,ridge_3mo_context,Ridge with covariates,Temp+tso_forecast,2208,2026-10-09 14:00:00+00:00,9822.278350909124,9858.745,,2026-07-08 16:00:00+00:00,2026-10-08 15:00:00+00:00,1,1,linear_interpolation,interpolated
2026-10-08,2026-10-09 21:19:23+00:00,online,BE,load,ridge_3mo_context,Ridge with covariates,Temp+tso_forecast,2208,2026-10-09 15:00:00+00:00,9868.381712773677,9900.7225,,2026-07-08 16:00:00+00:00,2026-10-08 15:00:00+00:00,1,1,linear_interpolation,interpolated
2026-10-08,2026-10-09 21:19:23+00:00,online,BE,load,chronos2_online,Chronos2 with covariates,Solar+tso_forecast,2208,2026-10-08 16:00:00+00:00,10211.3994140625,10313.9075,,2026-07-08 16:00:00+00:00,2026-10-08 15:00:00+00:00,1,1,linear_interpolation,interpolated
2026-10-08,2026-10-09 21:19:23+00:00,online,BE,load,chronos2_online,Chronos2 with covariates,Solar+tso_forecast,2208,2026-10-08 17:00:00+00:00,10101.470703125,10087.4625,,2026-07-08 16:00:00+00:00,2026-10-08 15:00:00+00:00,1,1,linear_interpolation,interpolated
2026-10-08,2026-10-09 21:19:23+00:00,online,BE,load,chronos2_online,Chronos2 with covariates,Solar+tso_forecast,2208,2026-10-08 18:00:00+00:00,9878.3291015625,9806.1325,,2026-07-08 16:00:00+00:00,2026-10-08 15:00:00+00:00,1,1,linear_interpolation,interpolated
2026-10-08,2026-10-09 21:19:23+00:00,online,BE,load,chronos2_online,Chronos2 with covariates,Solar+tso_forecast,2208,2026-10-08 19:00:00+00:00,9413.3232421875,9226.3775,,2026-07-08 16:00:00+00:00,2026-10-08 15:00:00+00:00,1,1,linear_interpolation,interpolated
2026-10-08,2026-10-09 21:19:23+00:00,online,BE,load,chronos2_online,Chronos2 with covariates,Solar+tso_forecast,2208,2026-10-08 20:00:00+00:00,8977.8173828125,8855.15,,2026-07-08 16:00:00+00:00,2026-10-08 15:00:00+00:00,1,1,linear_interpolation,interpolated
2026-10-08,2026-10-09 21:19:23+00:00,online,BE,load,chronos2_online,Chronos2 with covariates,Solar+tso_forecast,2208,2026-10-08 21:00:00+00:00,8528.2666015625,8438.43,,2026-07-08 16:00:00+00:00,2026-10-08 15:00:00+00:00,1,1,linear_interpolation,interpolated
2026-10-08,2026-10-09 21:19:23+00:00,online,BE,load,chronos2_online,Chronos2 with covariates,Solar+tso_forecast,2208,2026-10-08 22:00:00+00:00,8071.21923828125,7891.7775,,2026-07-08 16:00:00+00:00,2026-10-08 15:00:00+00:00,1,1,linear_interpolation,interpolated
2026-10-08,2026-10-09 21:19:23+00:00,online,BE,load,chronos2_online,Chronos2 with covariates,Solar+tso_forecast,2208,2026-10-08 23:00:00+00:00,7818.240234375,7547.5875,,2026-07-08 16:00:00+00:00,2026-10-08 15:00:00+00:00,1,1,linear_interpolation,interpolated
2026-10-08,2026-10-09 21:19:23+00:00,online,BE,load,chronos2_online,Chronos2 with covariates,Solar+tso_forecast,2208,2026-10-09 00:00:00+00:00,7668.06689453125,7482.68,,2026-07-08 16:00:00+00:00,2026-10-08 15:00:00+00:00,1,1,linear_interpolation,interpolated
2026-10-08,2026-10-09 21:19:23+00:00,online,BE,load,chronos2_online,Chronos2 with covariates,Solar+tso_forecast,2208,2026-10-09 01:00:00+00:00,7616.6484375,7434.505,,2026-07-08 16:00:00+00:00,2026-10-08 15:00:00+00:00,1,1,linear_interpolation,interpolated
2026-10-08,2026-10-09 21:19:23+00:00,online,BE,load,chronos2_online,Chronos2 with covariates,Solar+tso_forecast,2208,2026-10-09 02:00:00+00:00,7692.51220703125,7460.145,,2026-07-08 16:00:00+00:00,2026-10-08 15:00:00+00:00,1,1,linear_interpolation,interpolated
2026-10-08,2026-10-09 21:19:23+00:00,online,BE,load,chronos2_online,Chronos2 with covariates,Solar+tso_forecast,2208,2026-10-09 03:00:00+00:00,8036.93017578125,7711.225,,2026-07-08 16:00:00+00:00,2026-10-08 15:00:00+00:00,1,1,linear_interpolation,interpolated
2026-10-08,2026-10-09 21:19:23+00:00,online,BE,load,chronos2_online,Chronos2 with covariates,Solar+tso_forecast,2208,2026-10-09 04:00:00+00:00,8788.4794921875,8492.54,,2026-07-08 16:00:00+00:00,2026-10-08 15:00:00+00:00,1,1,linear_interpolation,interpolated
2026-10-08,2026-10-09 21:19:23+00:00,online,BE,load,chronos2_online,Chronos2 with covariates,Solar+tso_forecast,2208,2026-10-09 05:00:00+00:00,9646.6474609375,9466.0225,,2026-07-08 16:00:00+00:00,2026-10-08 15:00:00+00:00,1,1,linear_interpolation,interpolated
2026-10-08,2026-10-09 21:19:23+00:00,online,BE,load,chronos2_online,Chronos2 with covariates,Solar+tso_forecast,2208,2026-10-09 06:00:00+00:00,10324.1201171875,10142.2875,,2026-07-08 16:00:00+00:00,2026-10-08 15:00:00+00:00,1,1,linear_interpolation,interpolated
2026-10-08,2026-10-09 21:19:23+00:00,online,BE,load,chronos2_online,Chronos2 with covariates,Solar+tso_forecast,2208,2026-10-09 07:00:00+00:00,10700.1328125,10578.5,,2026-07-08 16:00:00+00:00,2026-10-08 15:00:00+00:00,1,1,linear_interpolation,interpolated
2026-10-08,2026-10-09 21:19:23+00:00,online,BE,load,chronos2_online,Chronos2 with covariates,Solar+tso_forecast,2208,2026-10-09 08:00:00+00:00,10896.6669921875,10786.285,,2026-07-08 16:00:00+00:00,2026-10-08 15:00:00+00:00,1,1,linear_interpolation,interpolated
2026-10-08,2026-10-09 21:19:23+00:00,online,BE,load,chronos2_online,Chronos2 with covariates,Solar+tso_forecast,2208,2026-10-09 09:00:00+00:00,10911.1513671875,11357.6175,,2026-07-08 16:00:00+00:00,2026-10-08 15:00:00+00:00,1,1,linear_interpolation,interpolated
2026-10-08,2026-10-09 21:19:23+00:00,online,BE,load,chronos2_online,Chronos2 with covariates,Solar+tso_forecast,2208,2026-10-09 10:00:00+00:00,10835.90625,11260.705,,2026-07-08 16:00:00+00:00,2026-10-08 15:00:00+00:00,1,1,linear_interpolation,interpolated
2026-10-08,2026-10-09 21:19:23+00:00,online,BE,load,chronos2_online,Chronos2 with covariates,Solar+tso_forecast,2208,2026-10-09 11:00:00+00:00,10651.3876953125,10842.8,,2026-07-08 16:00:00+00:00,2026-10-08 15:00:00+00:00,1,1,linear_interpolation,interpolated
2026-10-08,2026-10-09 21:19:23+00:00,online,BE,load,chronos2_online,Chronos2 with covariates,Solar+tso_forecast,2208,2026-10-09 12:00:00+00:00,10391.4521484375,10453.6725,,2026-07-08 16:00:00+00:00,2026-10-08 15:00:00+00:00,1,1,linear_interpolation,interpolated
2026-10-08,2026-10-09 21:19:23+00:00,online,BE,load,chronos2_online,Chronos2 with covariates,Solar+tso_forecast,2208,2026-10-09 13:00:00+00:00,10195.564453125,10186.4,,2026-07-08 16:00:00+00:00,2026-10-08 15:00:00+00:00,1,1,linear_interpolation,interpolated
2026-10-08,2026-10-09 21:19:23+00:00,online,BE,load,chronos2_online,Chronos2 with covariates,Solar+tso_forecast,2208,2026-10-09 14:00:00+00:00,10075.2158203125,9858.745,,2026-07-08 16:00:00+00:00,2026-10-08 15:00:00+00:00,1,1,linear_interpolation,interpolated
2026-10-08,2026-10-09 21:19:23+00:00,online,BE,load,chronos2_online,Chronos2 with covariates,Solar+tso_forecast,2208,2026-10-09 15:00:00+00:00,10078.1474609375,9900.7225,,2026-07-08 16:00:00+00:00,2026-10-08 15:00:00+00:00,1,1,linear_interpolation,interpolated
2026-10-08,2026-10-09 21:19:23+00:00,online,BE,solar,tso_reference,TSO forecast,tso_forecast,2208,2026-10-08 16:00:00+00:00,321.12325,321.12325,,2026-07-08 16:00:00+00:00,2026-10-08 15:00:00+00:00,3,3,bias_adjusted_tso+linear_interpolation,degraded
2026-10-08,2026-10-09 21:19:23+00:00,online,BE,solar,tso_reference,TSO forecast,tso_forecast,2208,2026-10-08 17:00:00+00:00,0.739,0.739,,2026-07-08 16:00:00+00:00,2026-10-08 15:00:00+00:00,3,3,bias_adjusted_tso+linear_interpolation,degraded
2026-10-08,2026-10-09 21:19:23+00:00,online,BE,solar,tso_reference,TSO forecast,tso_forecast,2208,2026-10-08 18:00:00+00:00,0.0,0.0,,2026-07-08 16:00:00+00:00,2026-10-08 15:00:00+00:00,3,3,bias_adjusted_tso+linear_interpolation,degraded
2026-10-08,2026-10-09 21:19:23+00:00,online,BE,solar,tso_reference,TSO forecast,tso_forecast,2208,2026-10-08 19:00:00+00:00,0.0,0.0,,2026-07-08 16:00:00+00:00,2026-10-08 15:00:00+00:00,3,3,bias_adjusted_tso+linear_interpolation,degraded
2026-10-08,2026-10-09 21:19:23+00:00,online,BE,solar,tso_reference,TSO forecast,tso_forecast,2208,2026-10-08 20:00:00+00:00,0.0,0.0,,2026-07-08 16:00:00+00:00,2026-10-08 15:00:00+00:00,3,3,bias_adjusted_tso+linear_interpolation,degraded
2026-10-08,2026-10-09 21:19:23+00:00,online,BE,solar,tso_reference,TSO forecast,tso_forecast,2208,2026-10-08 21:00:00+00:00,0.0,0.0,,2026-07-08 16:00:00+00:00,2026-10-08 15:00:00+00:00,3,3,bias_adjusted_tso+linear_interpolation,degraded
2026-10-08,2026-10-09 21:19:23+00:00,online,BE,solar,tso_reference,TSO forecast,tso_forecast,2208,2026-10-08 22:00:00+00:00,0.0,0.0,,2026-07-08 16:00:00+00:00,2026-10-08 15:00:00+00:00,3,3,bias_adjusted_tso+linear_interpolation,degraded
2026-10-08,2026-10-09 21:19:23+00:00,online,BE,solar,tso_reference,TSO forecast,tso_forecast,2208,2026-10-08 23:00:00+00:00,0.0,0.0,,2026-07-08 16:00:00+00:00,2026-10-08 15:00:00+00:00,3,3,bias_adjusted_tso+linear_interpolation,degraded
2026-10-08,2026-10-09 21:19:23+00:00,online,BE,solar,tso_reference,TSO forecast,tso_forecast,2208,2026-10-09 00:00:00+00:00,0.0,0.0,,2026-07-08 16:00:00+00:00,2026-10-08 15:00:00+00:00,3,3,bias_adjusted_tso+linear_interpolation,degraded
2026-10-08,2026-10-09 21:19:23+00:00,online,BE,solar,tso_reference,TSO forecast,tso_forecast,2208,2026-10-09 01:00:00+00:00,0.0,0.0,,2026-07-08 16:00:00+00:00,2026-10-08 15:00:00+00:00,3,3,bias_adjusted_tso+linear_interpolation,degraded
2026-10-08,2026-10-09 21:19:23+00:00,online,BE,solar,tso_reference,TSO forecast,tso_forecast,2208,2026-10-09 02:00:00+00:00,0.0,0.0,,2026-07-08 16:00:00+00:00,2026-10-08 15:00:00+00:00,3,3,bias_adjusted_tso+linear_interpolation,degraded
2026-10-08,2026-10-09 21:19:23+00:00,online,BE,solar,tso_reference,TSO forecast,tso_forecast,2208,2026-10-09 03:00:00+00:00,0.0,0.0,,2026-07-08 16:00:00+00:00,2026-10-08 15:00:00+00:00,3,3,bias_adjusted_tso+linear_interpolation,degraded
2026-10-08,2026-10-09 21:19:23+00:00,online,BE,solar,tso_reference,TSO forecast,tso_forecast,2208,2026-10-09 04:00:00+00:00,0.0,0.0,,2026-07-08 16:00:00+00:00,2026-10-08 15:00:00+00:00,3,3,bias_adjusted_tso+linear_interpolation,degraded
2026-10-08,2026-10-09 21:19:23+00:00,online,BE,solar,tso_reference,TSO forecast,tso_forecast,2208,2026-10-09 05:00:00+00:00,0.14575,0.14575,,2026-07-08 16:00:00+00:00,2026-10-08 15:00:00+00:00,3,3,bias_adjusted_tso+linear_interpolation,degraded
2026-10-08,2026-10-09 21:19:23+00:00,online,BE,solar,tso_reference,TSO forecast,tso_forecast,2208,2026-10-09 06:00:00+00:00,40.42375,40.42375,,2026-07-08 16:00:00+00:00,2026-10-08 15:00:00+00:00,3,3,bias_adjusted_tso+linear_interpolation,degraded
2026-10-08,2026-10-09 21:19:23+00:00,online,BE,solar,tso_reference,TSO forecast,tso_forecast,2208,2026-10-09 07:00:00+00:00,158.628499,158.628499,,2026-07-08 16:00:00+00:00,2026-10-08 15:00:00+00:00,3,3,bias_adjusted_tso+linear_interpolation,degraded
2026-10-08,2026-10-09 21:19:23+00:00,online,BE,solar,tso_reference,TSO forecast,tso_forecast,2208,2026-10-09 08:00:00+00:00,339.894999,339.894999,,2026-07-08 16:00:00+00:00,2026-10-08 15:00:00+00:00,3,3,bias_adjusted_tso+linear_interpolation,degraded
2026-10-08,2026-10-09 21:19:23+00:00,online,BE,solar,tso_reference,TSO forecast,tso_forecast,2208,2026-10-09 09:00:00+00:00,601.92425,601.92425,,2026-07-08 16:00:00+00:00,2026-10-08 15:00:00+00:00,3,3,bias_adjusted_tso+linear_interpolation,degraded
2026-10-08,2026-10-09 21:19:23+00:00,online,BE,solar,tso_reference,TSO forecast,tso_forecast,2208,2026-10-09 10:00:00+00:00,944.150501,944.150501,,2026-07-08 16:00:00+00:00,2026-10-08 15:00:00+00:00,3,3,bias_adjusted_tso+linear_interpolation,degraded
2026-10-08,2026-10-09 21:19:23+00:00,online,BE,solar,tso_reference,TSO forecast,tso_forecast,2208,2026-10-09 11:00:00+00:00,1253.491001,1253.491001,,2026-07-08 16:00:00+00:00,2026-10-08 15:00:00+00:00,3,3,bias_adjusted_tso+linear_interpolation,degraded
2026-10-08,2026-10-09 21:19:23+00:00,online,BE,solar,tso_reference,TSO forecast,tso_forecast,2208,2026-10-09 12:00:00+00:00,1447.423003,1447.423003,,2026-07-08 16:00:00+00:00,2026-10-08 15:00:00+00:00,3,3,bias_adjusted_tso+linear_interpolation,degraded
2026-10-08,2026-10-09 21:19:23+00:00,online,BE,solar,tso_reference,TSO forecast,tso_forecast,2208,2026-10-09 13:00:00+00:00,1327.5515,1327.5515,,2026-07-08 16:00:00+00:00,2026-10-08 15:00:00+00:00,3,3,bias_adjusted_tso+linear_interpolation,degraded
2026-10-08,2026-10-09 21:19:23+00:00,online,BE,solar,tso_reference,TSO forecast,tso_forecast,2208,2026-10-09 14:00:00+00:00,889.163,889.163,,2026-07-08 16:00:00+00:00,2026-10-08 15:00:00+00:00,3,3,bias_adjusted_tso+linear_interpolation,degraded
2026-10-08,2026-10-09 21:19:23+00:00,online,BE,solar,tso_reference,TSO forecast,tso_forecast,2208,2026-10-09 15:00:00+00:00,394.17125,394.17125,,2026-07-08 16:00:00+00:00,2026-10-08 15:00:00+00:00,3,3,bias_adjusted_tso+linear_interpolation,degraded
2026-10-08,2026-10-09 21:19:23+00:00,online,BE,solar,persistence,Persistence,daily_persistence,2208,2026-10-08 16:00:00+00:00,44.81,321.12325,,2026-07-08 16:00:00+00:00,2026-10-08 15:00:00+00:00,3,3,bias_adjusted_tso+linear_interpolation,degraded
2026-10-08,2026-10-09 21:19:23+00:00,online,BE,solar,persistence,Persistence,daily_persistence,2208,2026-10-08 17:00:00+00:00,0.0,0.739,,2026-07-08 16:00:00+00:00,2026-10-08 15:00:00+00:00,3,3,bias_adjusted_tso+linear_interpolation,degraded
2026-10-08,2026-10-09 21:19:23+00:00,online,BE,solar,persistence,Persistence,daily_persistence,2208,2026-10-08 18:00:00+00:00,0.0,0.0,,2026-07-08 16:00:00+00:00,2026-10-08 15:00:00+00:00,3,3,bias_adjusted_tso+linear_interpolation,degraded
2026-10-08,2026-10-09 21:19:23+00:00,online,BE,solar,persistence,Persistence,daily_persistence,2208,2026-10-08 19:00:00+00:00,0.0,0.0,,2026-07-08 16:00:00+00:00,2026-10-08 15:00:00+00:00,3,3,bias_adjusted_tso+linear_interpolation,degraded
2026-10-08,2026-10-09 21:19:23+00:00,online,BE,solar,persistence,Persistence,daily_persistence,2208,2026-10-08 20:00:00+00:00,0.0,0.0,,2026-07-08 16:00:00+00:00,2026-10-08 15:00:00+00:00,3,3,bias_adjusted_tso+linear_interpolation,degraded
2026-10-08,2026-10-09 21:19:23+00:00,online,BE,solar,persistence,Persistence,daily_persistence,2208,2026-10-08 21:00:00+00:00,0.0,0.0,,2026-07-08 16:00:00+00:00,2026-10-08 15:00:00+00:00,3,3,bias_adjusted_tso+linear_interpolation,degraded
2026-10-08,2026-10-09 21:19:23+00:00,online,BE,solar,persistence,Persistence,daily_persistence,2208,2026-10-08 22:00:00+00:00,0.0,0.0,,2026-07-08 16:00:00+00:00,2026-10-08 15:00:00+00:00,3,3,bias_adjusted_tso+linear_interpolation,degraded
2026-10-08,2026-10-09 21:19:23+00:00,online,BE,solar,persistence,Persistence,daily_persistence,2208,2026-10-08 23:00:00+00:00,0.0,0.0,,2026-07-08 16:00:00+00:00,2026-10-08 15:00:00+00:00,3,3,bias_adjusted_tso+linear_interpolation,degraded
2026-10-08,2026-10-09 21:19:23+00:00,online,BE,solar,persistence,Persistence,daily_persistence,2208,2026-10-09 00:00:00+00:00,0.0,0.0,,2026-07-08 16:00:00+00:00,2026-10-08 15:00:00+00:00,3,3,bias_adjusted_tso+linear_interpolation,degraded
2026-10-08,2026-10-09 21:19:23+00:00,online,BE,solar,persistence,Persistence,daily_persistence,2208,2026-10-09 01:00:00+00:00,0.0,0.0,,2026-07-08 16:00:00+00:00,2026-10-08 15:00:00+00:00,3,3,bias_adjusted_tso+linear_interpolation,degraded
2026-10-08,2026-10-09 21:19:23+00:00,online,BE,solar,persistence,Persistence,daily_persistence,2208,2026-10-09 02:00:00+00:00,0.0,0.0,,2026-07-08 16:00:00+00:00,2026-10-08 15:00:00+00:00,3,3,bias_adjusted_tso+linear_interpolation,degraded
2026-10-08,2026-10-09 21:19:23+00:00,online,BE,solar,persistence,Persistence,daily_persistence,2208,2026-10-09 03:00:00+00:00,0.0,0.0,,2026-07-08 16:00:00+00:00,2026-10-08 15:00:00+00:00,3,3,bias_adjusted_tso+linear_interpolation,degraded
2026-10-08,2026-10-09 21:19:23+00:00,online,BE,solar,persistence,Persistence,daily_persistence,2208,2026-10-09 04:00:00+00:00,0.0,0.0,,2026-07-08 16:00:00+00:00,2026-10-08 15:00:00+00:00,3,3,bias_adjusted_tso+linear_interpolation,degraded
2026-10-08,2026-10-09 21:19:23+00:00,online,BE,solar,persistence,Persistence,daily_persistence,2208,2026-10-09 05:00:00+00:00,0.0,0.14575,,2026-07-08 16:00:00+00:00,2026-10-08 15:00:00+00:00,3,3,bias_adjusted_tso+linear_interpolation,degraded
2026-10-08,2026-10-09 21:19:23+00:00,online,BE,solar,persistence,Persistence,daily_persistence,2208,2026-10-09 06:00:00+00:00,181.4875,40.42375,,2026-07-08 16:00:00+00:00,2026-10-08 15:00:00+00:00,3,3,bias_adjusted_tso+linear_interpolation,degraded
2026-10-08,2026-10-09 21:19:23+00:00,online,BE,solar,persistence,Persistence,daily_persistence,2208,2026-10-09 07:00:00+00:00,1101.8025,158.628499,,2026-07-08 16:00:00+00:00,2026-10-08 15:00:00+00:00,3,3,bias_adjusted_tso+linear_interpolation,degraded
2026-10-08,2026-10-09 21:19:23+00:00,online,BE,solar,persistence,Persistence,daily_persistence,2208,2026-10-09 08:00:00+00:00,2196.9075,339.894999,,2026-07-08 16:00:00+00:00,2026-10-08 15:00:00+00:00,3,3,bias_adjusted_tso+linear_interpolation,degraded
2026-10-08,2026-10-09 21:19:23+00:00,online,BE,solar,persistence,Persistence,daily_persistence,2208,2026-10-09 09:00:00+00:00,3339.01,601.92425,,2026-07-08 16:00:00+00:00,2026-10-08 15:00:00+00:00,3,3,bias_adjusted_tso+linear_interpolation,degraded
2026-10-08,2026-10-09 21:19:23+00:00,online,BE,solar,persistence,Persistence,daily_persistence,2208,2026-10-09 10:00:00+00:00,3966.5475,944.150501,,2026-07-08 16:00:00+00:00,2026-10-08 15:00:00+00:00,3,3,bias_adjusted_tso+linear_interpolation,degraded
2026-10-08,2026-10-09 21:19:23+00:00,online,BE,solar,persistence,Persistence,daily_persistence,2208,2026-10-09 11:00:00+00:00,4411.105,1253.491001,,2026-07-08 16:00:00+00:00,2026-10-08 15:00:00+00:00,3,3,bias_adjusted_tso+linear_interpolation,degraded
2026-10-08,2026-10-09 21:19:23+00:00,online,BE,solar,persistence,Persistence,daily_persistence,2208,2026-10-09 12:00:00+00:00,4207.9175,1447.423003,,2026-07-08 16:00:00+00:00,2026-10-08 15:00:00+00:00,3,3,bias_adjusted_tso+linear_interpolation,degraded
2026-10-08,2026-10-09 21:19:23+00:00,online,BE,solar,persistence,Persistence,daily_persistence,2208,2026-10-09 13:00:00+00:00,3502.28,1327.5515,,2026-07-08 16:00:00+00:00,2026-10-08 15:00:00+00:00,3,3,bias_adjusted_tso+linear_interpolation,degraded
2026-10-08,2026-10-09 21:19:23+00:00,online,BE,solar,persistence,Persistence,daily_persistence,2208,2026-10-09 14:00:00+00:00,2533.9725,889.163,,2026-07-08 16:00:00+00:00,2026-10-08 15:00:00+00:00,3,3,bias_adjusted_tso+linear_interpolation,degraded
2026-10-08,2026-10-09 21:19:23+00:00,online,BE,solar,persistence,Persistence,daily_persistence,2208,2026-10-09 15:00:00+00:00,1338.955,394.17125,,2026-07-08 16:00:00+00:00,2026-10-08 15:00:00+00:00,3,3,bias_adjusted_tso+linear_interpolation,degraded
2026-10-08,2026-10-09 21:19:23+00:00,online,BE,solar,chronos2_online,Chronos2 with covariates,weather_4p+tso_forecast,2208,2026-10-08 16:00:00+00:00,247.9366455078125,321.12325,,2026-07-08 16:00:00+00:00,2026-10-08 15:00:00+00:00,3,3,bias_adjusted_tso+linear_interpolation,degraded
2026-10-08,2026-10-09 21:19:23+00:00,online,BE,solar,chronos2_online,Chronos2 with covariates,weather_4p+tso_forecast,2208,2026-10-08 17:00:00+00:00,52.053955078125,0.739,,2026-07-08 16:00:00+00:00,2026-10-08 15:00:00+00:00,3,3,bias_adjusted_tso+linear_interpolation,degraded
2026-10-08,2026-10-09 21:19:23+00:00,online,BE,solar,chronos2_online,Chronos2 with covariates,weather_4p+tso_forecast,2208,2026-10-08 18:00:00+00:00,40.84228515625,0.0,,2026-07-08 16:00:00+00:00,2026-10-08 15:00:00+00:00,3,3,bias_adjusted_tso+linear_interpolation,degraded
2026-10-08,2026-10-09 21:19:23+00:00,online,BE,solar,chronos2_online,Chronos2 with covariates,weather_4p+tso_forecast,2208,2026-10-08 19:00:00+00:00,39.516357421875,0.0,,2026-07-08 16:00:00+00:00,2026-10-08 15:00:00+00:00,3,3,bias_adjusted_tso+linear_interpolation,degraded
2026-10-08,2026-10-09 21:19:23+00:00,online,BE,solar,chronos2_online,Chronos2 with covariates,weather_4p+tso_forecast,2208,2026-10-08 20:00:00+00:00,33.445068359375,0.0,,2026-07-08 16:00:00+00:00,2026-10-08 15:00:00+00:00,3,3,bias_adjusted_tso+linear_interpolation,degraded
2026-10-08,2026-10-09 21:19:23+00:00,online,BE,solar,chronos2_online,Chronos2 with covariates,weather_4p+tso_forecast,2208,2026-10-08 21:00:00+00:00,49.0482177734375,0.0,,2026-07-08 16:00:00+00:00,2026-10-08 15:00:00+00:00,3,3,bias_adjusted_tso+linear_interpolation,degraded
2026-10-08,2026-10-09 21:19:23+00:00,online,BE,solar,chronos2_online,Chronos2 with covariates,weather_4p+tso_forecast,2208,2026-10-08 22:00:00+00:00,50.525390625,0.0,,2026-07-08 16:00:00+00:00,2026-10-08 15:00:00+00:00,3,3,bias_adjusted_tso+linear_interpolation,degraded
2026-10-08,2026-10-09 21:19:23+00:00,online,BE,solar,chronos2_online,Chronos2 with covariates,weather_4p+tso_forecast,2208,2026-10-08 23:00:00+00:00,46.981689453125,0.0,,2026-07-08 16:00:00+00:00,2026-10-08 15:00:00+00:00,3,3,bias_adjusted_tso+linear_interpolation,degraded
2026-10-08,2026-10-09 21:19:23+00:00,online,BE,solar,chronos2_online,Chronos2 with covariates,weather_4p+tso_forecast,2208,2026-10-09 00:00:00+00:00,42.4844970703125,0.0,,2026-07-08 16:00:00+00:00,2026-10-08 15:00:00+00:00,3,3,bias_adjusted_tso+linear_interpolation,degraded
2026-10-08,2026-10-09 21:19:23+00:00,online,BE,solar,chronos2_online,Chronos2 with covariates,weather_4p+tso_forecast,2208,2026-10-09 01:00:00+00:00,52.7694091796875,0.0,,2026-07-08 16:00:00+00:00,2026-10-08 15:00:00+00:00,3,3,bias_adjusted_tso+linear_interpolation,degraded
2026-10-08,2026-10-09 21:19:23+00:00,online,BE,solar,chronos2_online,Chronos2 with covariates,weather_4p+tso_forecast,2208,2026-10-09 02:00:00+00:00,56.3533935546875,0.0,,2026-07-08 16:00:00+00:00,2026-10-08 15:00:00+00:00,3,3,bias_adjusted_tso+linear_interpolation,degraded
2026-10-08,2026-10-09 21:19:23+00:00,online,BE,solar,chronos2_online,Chronos2 with covariates,weather_4p+tso_forecast,2208,2026-10-09 03:00:00+00:00,58.271484375,0.0,,2026-07-08 16:00:00+00:00,2026-10-08 15:00:00+00:00,3,3,bias_adjusted_tso+linear_interpolation,degraded
2026-10-08,2026-10-09 21:19:23+00:00,online,BE,solar,chronos2_online,Chronos2 with covariates,weather_4p+tso_forecast,2208,2026-10-09 04:00:00+00:00,61.7747802734375,0.0,,2026-07-08 16:00:00+00:00,2026-10-08 15:00:00+00:00,3,3,bias_adjusted_tso+linear_interpolation,degraded
2026-10-08,2026-10-09 21:19:23+00:00,online,BE,solar,chronos2_online,Chronos2 with covariates,weather_4p+tso_forecast,2208,2026-10-09 05:00:00+00:00,67.443359375,0.14575,,2026-07-08 16:00:00+00:00,2026-10-08 15:00:00+00:00,3,3,bias_adjusted_tso+linear_interpolation,degraded
2026-10-08,2026-10-09 21:19:23+00:00,online,BE,solar,chronos2_online,Chronos2 with covariates,weather_4p+tso_forecast,2208,2026-10-09 06:00:00+00:00,138.3465576171875,40.42375,,2026-07-08 16:00:00+00:00,2026-10-08 15:00:00+00:00,3,3,bias_adjusted_tso+linear_interpolation,degraded
2026-10-08,2026-10-09 21:19:23+00:00,online,BE,solar,chronos2_online,Chronos2 with covariates,weather_4p+tso_forecast,2208,2026-10-09 07:00:00+00:00,553.24609375,158.628499,,2026-07-08 16:00:00+00:00,2026-10-08 15:00:00+00:00,3,3,bias_adjusted_tso+linear_interpolation,degraded
2026-10-08,2026-10-09 21:19:23+00:00,online,BE,solar,chronos2_online,Chronos2 with covariates,weather_4p+tso_forecast,2208,2026-10-09 08:00:00+00:00,837.2401123046875,339.894999,,2026-07-08 16:00:00+00:00,2026-10-08 15:00:00+00:00,3,3,bias_adjusted_tso+linear_interpolation,degraded
2026-10-08,2026-10-09 21:19:23+00:00,online,BE,solar,chronos2_online,Chronos2 with covariates,weather_4p+tso_forecast,2208,2026-10-09 09:00:00+00:00,1200.225341796875,601.92425,,2026-07-08 16:00:00+00:00,2026-10-08 15:00:00+00:00,3,3,bias_adjusted_tso+linear_interpolation,degraded
2026-10-08,2026-10-09 21:19:23+00:00,online,BE,solar,chronos2_online,Chronos2 with covariates,weather_4p+tso_forecast,2208,2026-10-09 10:00:00+00:00,1410.951416015625,944.150501,,2026-07-08 16:00:00+00:00,2026-10-08 15:00:00+00:00,3,3,bias_adjusted_tso+linear_interpolation,degraded
2026-10-08,2026-10-09 21:19:23+00:00,online,BE,solar,chronos2_online,Chronos2 with covariates,weather_4p+tso_forecast,2208,2026-10-09 11:00:00+00:00,1597.4952392578125,1253.491001,,2026-07-08 16:00:00+00:00,2026-10-08 15:00:00+00:00,3,3,bias_adjusted_tso+linear_interpolation,degraded
2026-10-08,2026-10-09 21:19:23+00:00,online,BE,solar,chronos2_online,Chronos2 with covariates,weather_4p+tso_forecast,2208,2026-10-09 12:00:00+00:00,1582.83740234375,1447.423003,,2026-07-08 16:00:00+00:00,2026-10-08 15:00:00+00:00,3,3,bias_adjusted_tso+linear_interpolation,degraded
2026-10-08,2026-10-09 21:19:23+00:00,online,BE,solar,chronos2_online,Chronos2 with covariates,weather_4p+tso_forecast,2208,2026-10-09 13:00:00+00:00,1357.414794921875,1327.5515,,2026-07-08 16:00:00+00:00,2026-10-08 15:00:00+00:00,3,3,bias_adjusted_tso+linear_interpolation,degraded
2026-10-08,2026-10-09 21:19:23+00:00,online,BE,solar,chronos2_online,Chronos2 with covariates,weather_4p+tso_forecast,2208,2026-10-09 14:00:00+00:00,1005.2797241210938,889.163,,2026-07-08 16:00:00+00:00,2026-10-08 15:00:00+00:00,3,3,bias_adjusted_tso+linear_interpolation,degraded
2026-10-08,2026-10-09 21:19:23+00:00,online,BE,solar,chronos2_online,Chronos2 with covariates,weather_4p+tso_forecast,2208,2026-10-09 15:00:00+00:00,529.086181640625,394.17125,,2026-07-08 16:00:00+00:00,2026-10-08 15:00:00+00:00,3,3,bias_adjusted_tso+linear_interpolation,degraded
2026-10-08,2026-10-09 21:19:23+00:00,online,BE,solar,xgboost_online,XGBoost with covariates,weather_4p+tso_forecast,2208,2026-10-08 16:00:00+00:00,321.5747375488281,321.12325,,2026-07-08 16:00:00+00:00,2026-10-08 15:00:00+00:00,3,3,bias_adjusted_tso+linear_interpolation,degraded
2026-10-08,2026-10-09 21:19:23+00:00,online,BE,solar,xgboost_online,XGBoost with covariates,weather_4p+tso_forecast,2208,2026-10-08 17:00:00+00:00,71.81588745117188,0.739,,2026-07-08 16:00:00+00:00,2026-10-08 15:00:00+00:00,3,3,bias_adjusted_tso+linear_interpolation,degraded
2026-10-08,2026-10-09 21:19:23+00:00,online,BE,solar,xgboost_online,XGBoost with covariates,weather_4p+tso_forecast,2208,2026-10-08 18:00:00+00:00,34.35728073120117,0.0,,2026-07-08 16:00:00+00:00,2026-10-08 15:00:00+00:00,3,3,bias_adjusted_tso+linear_interpolation,degraded
2026-10-08,2026-10-09 21:19:23+00:00,online,BE,solar,xgboost_online,XGBoost with covariates,weather_4p+tso_forecast,2208,2026-10-08 19:00:00+00:00,34.35728073120117,0.0,,2026-07-08 16:00:00+00:00,2026-10-08 15:00:00+00:00,3,3,bias_adjusted_tso+linear_interpolation,degraded
2026-10-08,2026-10-09 21:19:23+00:00,online,BE,solar,xgboost_online,XGBoost with covariates,weather_4p+tso_forecast,2208,2026-10-08 20:00:00+00:00,34.35728073120117,0.0,,2026-07-08 16:00:00+00:00,2026-10-08 15:00:00+00:00,3,3,bias_adjusted_tso+linear_interpolation,degraded
2026-10-08,2026-10-09 21:19:23+00:00,online,BE,solar,xgboost_online,XGBoost with covariates,weather_4p+tso_forecast,2208,2026-10-08 21:00:00+00:00,34.35728073120117,0.0,,2026-07-08 16:00:00+00:00,2026-10-08 15:00:00+00:00,3,3,bias_adjusted_tso+linear_interpolation,degraded
2026-10-08,2026-10-09 21:19:23+00:00,online,BE,solar,xgboost_online,XGBoost with covariates,weather_4p+tso_forecast,2208,2026-10-08 22:00:00+00:00,34.35728073120117,0.0,,2026-07-08 16:00:00+00:00,2026-10-08 15:00:00+00:00,3,3,bias_adjusted_tso+linear_interpolation,degraded
2026-10-08,2026-10-09 21:19:23+00:00,online,BE,solar,xgboost_online,XGBoost with covariates,weather_4p+tso_forecast,2208,2026-10-08 23:00:00+00:00,34.35728073120117,0.0,,2026-07-08 16:00:00+00:00,2026-10-08 15:00:00+00:00,3,3,bias_adjusted_tso+linear_interpolation,degraded
2026-10-08,2026-10-09 21:19:23+00:00,online,BE,solar,xgboost_online,XGBoost with covariates,weather_4p+tso_forecast,2208,2026-10-09 00:00:00+00:00,39.88041687011719,0.0,,2026-07-08 16:00:00+00:00,2026-10-08 15:00:00+00:00,3,3,bias_adjusted_tso+linear_interpolation,degraded
2026-10-08,2026-10-09 21:19:23+00:00,online,BE,solar,xgboost_online,XGBoost with covariates,weather_4p+tso_forecast,2208,2026-10-09 01:00:00+00:00,39.88041687011719,0.0,,2026-07-08 16:00:00+00:00,2026-10-08 15:00:00+00:00,3,3,bias_adjusted_tso+linear_interpolation,degraded
2026-10-08,2026-10-09 21:19:23+00:00,online,BE,solar,xgboost_online,XGBoost with covariates,weather_4p+tso_forecast,2208,2026-10-09 02:00:00+00:00,39.88041687011719,0.0,,2026-07-08 16:00:00+00:00,2026-10-08 15:00:00+00:00,3,3,bias_adjusted_tso+linear_interpolation,degraded
2026-10-08,2026-10-09 21:19:23+00:00,online,BE,solar,xgboost_online,XGBoost with covariates,weather_4p+tso_forecast,2208,2026-10-09 03:00:00+00:00,39.88041687011719,0.0,,2026-07-08 16:00:00+00:00,2026-10-08 15:00:00+00:00,3,3,bias_adjusted_tso+linear_interpolation,degraded
2026-10-08,2026-10-09 21:19:23+00:00,online,BE,solar,xgboost_online,XGBoost with covariates,weather_4p+tso_forecast,2208,2026-10-09 04:00:00+00:00,39.88041687011719,0.0,,2026-07-08 16:00:00+00:00,2026-10-08 15:00:00+00:00,3,3,bias_adjusted_tso+linear_interpolation,degraded
2026-10-08,2026-10-09 21:19:23+00:00,online,BE,solar,xgboost_online,XGBoost with covariates,weather_4p+tso_forecast,2208,2026-10-09 05:00:00+00:00,39.88041687011719,0.14575,,2026-07-08 16:00:00+00:00,2026-10-08 15:00:00+00:00,3,3,bias_adjusted_tso+linear_interpolation,degraded
2026-10-08,2026-10-09 21:19:23+00:00,online,BE,solar,xgboost_online,XGBoost with covariates,weather_4p+tso_forecast,2208,2026-10-09 06:00:00+00:00,39.88041687011719,40.42375,,2026-07-08 16:00:00+00:00,2026-10-08 15:00:00+00:00,3,3,bias_adjusted_tso+linear_interpolation,degraded
2026-10-08,2026-10-09 21:19:23+00:00,online,BE,solar,xgboost_online,XGBoost with covariates,weather_4p+tso_forecast,2208,2026-10-09 07:00:00+00:00,128.23118591308594,158.628499,,2026-07-08 16:00:00+00:00,2026-10-08 15:00:00+00:00,3,3,bias_adjusted_tso+linear_interpolation,degraded
2026-10-08,2026-10-09 21:19:23+00:00,online,BE,solar,xgboost_online,XGBoost with covariates,weather_4p+tso_forecast,2208,2026-10-09 08:00:00+00:00,314.74322509765625,339.894999,,2026-07-08 16:00:00+00:00,2026-10-08 15:00:00+00:00,3,3,bias_adjusted_tso+linear_interpolation,degraded
2026-10-08,2026-10-09 21:19:23+00:00,online,BE,solar,xgboost_online,XGBoost with covariates,weather_4p+tso_forecast,2208,2026-10-09 09:00:00+00:00,592.1293334960938,601.92425,,2026-07-08 16:00:00+00:00,2026-10-08 15:00:00+00:00,3,3,bias_adjusted_tso+linear_interpolation,degraded
2026-10-08,2026-10-09 21:19:23+00:00,online,BE,solar,xgboost_online,XGBoost with covariates,weather_4p+tso_forecast,2208,2026-10-09 10:00:00+00:00,787.980712890625,944.150501,,2026-07-08 16:00:00+00:00,2026-10-08 15:00:00+00:00,3,3,bias_adjusted_tso+linear_interpolation,degraded
2026-10-08,2026-10-09 21:19:23+00:00,online,BE,solar,xgboost_online,XGBoost with covariates,weather_4p+tso_forecast,2208,2026-10-09 11:00:00+00:00,1228.9849853515625,1253.491001,,2026-07-08 16:00:00+00:00,2026-10-08 15:00:00+00:00,3,3,bias_adjusted_tso+linear_interpolation,degraded
2026-10-08,2026-10-09 21:19:23+00:00,online,BE,solar,xgboost_online,XGBoost with covariates,weather_4p+tso_forecast,2208,2026-10-09 12:00:00+00:00,1212.06201171875,1447.423003,,2026-07-08 16:00:00+00:00,2026-10-08 15:00:00+00:00,3,3,bias_adjusted_tso+linear_interpolation,degraded
2026-10-08,2026-10-09 21:19:23+00:00,online,BE,solar,xgboost_online,XGBoost with covariates,weather_4p+tso_forecast,2208,2026-10-09 13:00:00+00:00,1322.4976806640625,1327.5515,,2026-07-08 16:00:00+00:00,2026-10-08 15:00:00+00:00,3,3,bias_adjusted_tso+linear_interpolation,degraded
2026-10-08,2026-10-09 21:19:23+00:00,online,BE,solar,xgboost_online,XGBoost with covariates,weather_4p+tso_forecast,2208,2026-10-09 14:00:00+00:00,819.0523071289062,889.163,,2026-07-08 16:00:00+00:00,2026-10-08 15:00:00+00:00,3,3,bias_adjusted_tso+linear_interpolation,degraded
2026-10-08,2026-10-09 21:19:23+00:00,online,BE,solar,xgboost_online,XGBoost with covariates,weather_4p+tso_forecast,2208,2026-10-09 15:00:00+00:00,454.0933227539063,394.17125,,2026-07-08 16:00:00+00:00,2026-10-08 15:00:00+00:00,3,3,bias_adjusted_tso+linear_interpolation,degraded
2026-10-08,2026-10-09 21:19:23+00:00,online,BE,wind_onshore,tso_reference,TSO forecast,tso_forecast,2208,2026-10-08 16:00:00+00:00,837.95,837.95,,2026-07-08 16:00:00+00:00,2026-10-08 15:00:00+00:00,3,3,bias_adjusted_tso+linear_interpolation,degraded
2026-10-08,2026-10-09 21:19:23+00:00,online,BE,wind_onshore,tso_reference,TSO forecast,tso_forecast,2208,2026-10-08 17:00:00+00:00,730.45,730.45,,2026-07-08 16:00:00+00:00,2026-10-08 15:00:00+00:00,3,3,bias_adjusted_tso+linear_interpolation,degraded
2026-10-08,2026-10-09 21:19:23+00:00,online,BE,wind_onshore,tso_reference,TSO forecast,tso_forecast,2208,2026-10-08 18:00:00+00:00,694.6,694.6,,2026-07-08 16:00:00+00:00,2026-10-08 15:00:00+00:00,3,3,bias_adjusted_tso+linear_interpolation,degraded
2026-10-08,2026-10-09 21:19:23+00:00,online,BE,wind_onshore,tso_reference,TSO forecast,tso_forecast,2208,2026-10-08 19:00:00+00:00,680.1,680.1,,2026-07-08 16:00:00+00:00,2026-10-08 15:00:00+00:00,3,3,bias_adjusted_tso+linear_interpolation,degraded
2026-10-08,2026-10-09 21:19:23+00:00,online,BE,wind_onshore,tso_reference,TSO forecast,tso_forecast,2208,2026-10-08 20:00:00+00:00,666.725,666.725,,2026-07-08 16:00:00+00:00,2026-10-08 15:00:00+00:00,3,3,bias_adjusted_tso+linear_interpolation,degraded
2026-10-08,2026-10-09 21:19:23+00:00,online,BE,wind_onshore,tso_reference,TSO forecast,tso_forecast,2208,2026-10-08 21:00:00+00:00,681.25,681.25,,2026-07-08 16:00:00+00:00,2026-10-08 15:00:00+00:00,3,3,bias_adjusted_tso+linear_interpolation,degraded
2026-10-08,2026-10-09 21:19:23+00:00,online,BE,wind_onshore,tso_reference,TSO forecast,tso_forecast,2208,2026-10-08 22:00:00+00:00,760.375,760.375,,2026-07-08 16:00:00+00:00,2026-10-08 15:00:00+00:00,3,3,bias_adjusted_tso+linear_interpolation,degraded
2026-10-08,2026-10-09 21:19:23+00:00,online,BE,wind_onshore,tso_reference,TSO forecast,tso_forecast,2208,2026-10-08 23:00:00+00:00,807.675,807.675,,2026-07-08 16:00:00+00:00,2026-10-08 15:00:00+00:00,3,3,bias_adjusted_tso+linear_interpolation,degraded
2026-10-08,2026-10-09 21:19:23+00:00,online,BE,wind_onshore,tso_reference,TSO forecast,tso_forecast,2208,2026-10-09 00:00:00+00:00,877.625,877.625,,2026-07-08 16:00:00+00:00,2026-10-08 15:00:00+00:00,3,3,bias_adjusted_tso+linear_interpolation,degraded
2026-10-08,2026-10-09 21:19:23+00:00,online,BE,wind_onshore,tso_reference,TSO forecast,tso_forecast,2208,2026-10-09 01:00:00+00:00,986.475,986.475,,2026-07-08 16:00:00+00:00,2026-10-08 15:00:00+00:00,3,3,bias_adjusted_tso+linear_interpolation,degraded
2026-10-08,2026-10-09 21:19:23+00:00,online,BE,wind_onshore,tso_reference,TSO forecast,tso_forecast,2208,2026-10-09 02:00:00+00:00,1123.125,1123.125,,2026-07-08 16:00:00+00:00,2026-10-08 15:00:00+00:00,3,3,bias_adjusted_tso+linear_interpolation,degraded
2026-10-08,2026-10-09 21:19:23+00:00,online,BE,wind_onshore,tso_reference,TSO forecast,tso_forecast,2208,2026-10-09 03:00:00+00:00,1319.675,1319.675,,2026-07-08 16:00:00+00:00,2026-10-08 15:00:00+00:00,3,3,bias_adjusted_tso+linear_interpolation,degraded
2026-10-08,2026-10-09 21:19:23+00:00,online,BE,wind_onshore,tso_reference,TSO forecast,tso_forecast,2208,2026-10-09 04:00:00+00:00,1578.65,1578.65,,2026-07-08 16:00:00+00:00,2026-10-08 15:00:00+00:00,3,3,bias_adjusted_tso+linear_interpolation,degraded
2026-10-08,2026-10-09 21:19:23+00:00,online,BE,wind_onshore,tso_reference,TSO forecast,tso_forecast,2208,2026-10-09 05:00:00+00:00,1845.175,1845.175,,2026-07-08 16:00:00+00:00,2026-10-08 15:00:00+00:00,3,3,bias_adjusted_tso+linear_interpolation,degraded
2026-10-08,2026-10-09 21:19:23+00:00,online,BE,wind_onshore,tso_reference,TSO forecast,tso_forecast,2208,2026-10-09 06:00:00+00:00,2067.2,2067.2,,2026-07-08 16:00:00+00:00,2026-10-08 15:00:00+00:00,3,3,bias_adjusted_tso+linear_interpolation,degraded
2026-10-08,2026-10-09 21:19:23+00:00,online,BE,wind_onshore,tso_reference,TSO forecast,tso_forecast,2208,2026-10-09 07:00:00+00:00,2198.775,2198.775,,2026-07-08 16:00:00+00:00,2026-10-08 15:00:00+00:00,3,3,bias_adjusted_tso+linear_interpolation,degraded
2026-10-08,2026-10-09 21:19:23+00:00,online,BE,wind_onshore,tso_reference,TSO forecast,tso_forecast,2208,2026-10-09 08:00:00+00:00,2235.975,2235.975,,2026-07-08 16:00:00+00:00,2026-10-08 15:00:00+00:00,3,3,bias_adjusted_tso+linear_interpolation,degraded
2026-10-08,2026-10-09 21:19:23+00:00,online,BE,wind_onshore,tso_reference,TSO forecast,tso_forecast,2208,2026-10-09 09:00:00+00:00,2206.05,2206.05,,2026-07-08 16:00:00+00:00,2026-10-08 15:00:00+00:00,3,3,bias_adjusted_tso+linear_interpolation,degraded
2026-10-08,2026-10-09 21:19:23+00:00,online,BE,wind_onshore,tso_reference,TSO forecast,tso_forecast,2208,2026-10-09 10:00:00+00:00,2133.2,2133.2,,2026-07-08 16:00:00+00:00,2026-10-08 15:00:00+00:00,3,3,bias_adjusted_tso+linear_interpolation,degraded
2026-10-08,2026-10-09 21:19:23+00:00,online,BE,wind_onshore,tso_reference,TSO forecast,tso_forecast,2208,2026-10-09 11:00:00+00:00,2030.05,2030.05,,2026-07-08 16:00:00+00:00,2026-10-08 15:00:00+00:00,3,3,bias_adjusted_tso+linear_interpolation,degraded
2026-10-08,2026-10-09 21:19:23+00:00,online,BE,wind_onshore,tso_reference,TSO forecast,tso_forecast,2208,2026-10-09 12:00:00+00:00,1954.875,1954.875,,2026-07-08 16:00:00+00:00,2026-10-08 15:00:00+00:00,3,3,bias_adjusted_tso+linear_interpolation,degraded
2026-10-08,2026-10-09 21:19:23+00:00,online,BE,wind_onshore,tso_reference,TSO forecast,tso_forecast,2208,2026-10-09 13:00:00+00:00,1928.925,1928.925,,2026-07-08 16:00:00+00:00,2026-10-08 15:00:00+00:00,3,3,bias_adjusted_tso+linear_interpolation,degraded
2026-10-08,2026-10-09 21:19:23+00:00,online,BE,wind_onshore,tso_reference,TSO forecast,tso_forecast,2208,2026-10-09 14:00:00+00:00,1926.7,1926.7,,2026-07-08 16:00:00+00:00,2026-10-08 15:00:00+00:00,3,3,bias_adjusted_tso+linear_interpolation,degraded
2026-10-08,2026-10-09 21:19:23+00:00,online,BE,wind_onshore,tso_reference,TSO forecast,tso_forecast,2208,2026-10-09 15:00:00+00:00,2023.15,2023.15,,2026-07-08 16:00:00+00:00,2026-10-08 15:00:00+00:00,3,3,bias_adjusted_tso+linear_interpolation,degraded
2026-10-08,2026-10-09 21:19:23+00:00,online,BE,wind_onshore,persistence,Persistence,daily_persistence,2208,2026-10-08 16:00:00+00:00,414.749288,837.95,,2026-07-08 16:00:00+00:00,2026-10-08 15:00:00+00:00,3,3,bias_adjusted_tso+linear_interpolation,degraded
2026-10-08,2026-10-09 21:19:23+00:00,online,BE,wind_onshore,persistence,Persistence,daily_persistence,2208,2026-10-08 17:00:00+00:00,518.108341,730.45,,2026-07-08 16:00:00+00:00,2026-10-08 15:00:00+00:00,3,3,bias_adjusted_tso+linear_interpolation,degraded
2026-10-08,2026-10-09 21:19:23+00:00,online,BE,wind_onshore,persistence,Persistence,daily_persistence,2208,2026-10-08 18:00:00+00:00,581.414011,694.6,,2026-07-08 16:00:00+00:00,2026-10-08 15:00:00+00:00,3,3,bias_adjusted_tso+linear_interpolation,degraded
2026-10-08,2026-10-09 21:19:23+00:00,online,BE,wind_onshore,persistence,Persistence,daily_persistence,2208,2026-10-08 19:00:00+00:00,548.725728,680.1,,2026-07-08 16:00:00+00:00,2026-10-08 15:00:00+00:00,3,3,bias_adjusted_tso+linear_interpolation,degraded
2026-10-08,2026-10-09 21:19:23+00:00,online,BE,wind_onshore,persistence,Persistence,daily_persistence,2208,2026-10-08 20:00:00+00:00,774.510366,666.725,,2026-07-08 16:00:00+00:00,2026-10-08 15:00:00+00:00,3,3,bias_adjusted_tso+linear_interpolation,degraded
2026-10-08,2026-10-09 21:19:23+00:00,online,BE,wind_onshore,persistence,Persistence,daily_persistence,2208,2026-10-08 21:00:00+00:00,1007.863237,681.25,,2026-07-08 16:00:00+00:00,2026-10-08 15:00:00+00:00,3,3,bias_adjusted_tso+linear_interpolation,degraded
2026-10-08,2026-10-09 21:19:23+00:00,online,BE,wind_onshore,persistence,Persistence,daily_persistence,2208,2026-10-08 22:00:00+00:00,1155.837646,760.375,,2026-07-08 16:00:00+00:00,2026-10-08 15:00:00+00:00,3,3,bias_adjusted_tso+linear_interpolation,degraded
2026-10-08,2026-10-09 21:19:23+00:00,online,BE,wind_onshore,persistence,Persistence,daily_persistence,2208,2026-10-08 23:00:00+00:00,1254.30783,807.675,,2026-07-08 16:00:00+00:00,2026-10-08 15:00:00+00:00,3,3,bias_adjusted_tso+linear_interpolation,degraded
2026-10-08,2026-10-09 21:19:23+00:00,online,BE,wind_onshore,persistence,Persistence,daily_persistence,2208,2026-10-09 00:00:00+00:00,1257.665082,877.625,,2026-07-08 16:00:00+00:00,2026-10-08 15:00:00+00:00,3,3,bias_adjusted_tso+linear_interpolation,degraded
2026-10-08,2026-10-09 21:19:23+00:00,online,BE,wind_onshore,persistence,Persistence,daily_persistence,2208,2026-10-09 01:00:00+00:00,1481.046001,986.475,,2026-07-08 16:00:00+00:00,2026-10-08 15:00:00+00:00,3,3,bias_adjusted_tso+linear_interpolation,degraded
2026-10-08,2026-10-09 21:19:23+00:00,online,BE,wind_onshore,persistence,Persistence,daily_persistence,2208,2026-10-09 02:00:00+00:00,1444.176529,1123.125,,2026-07-08 16:00:00+00:00,2026-10-08 15:00:00+00:00,3,3,bias_adjusted_tso+linear_interpolation,degraded
2026-10-08,2026-10-09 21:19:23+00:00,online,BE,wind_onshore,persistence,Persistence,daily_persistence,2208,2026-10-09 03:00:00+00:00,1543.779083,1319.675,,2026-07-08 16:00:00+00:00,2026-10-08 15:00:00+00:00,3,3,bias_adjusted_tso+linear_interpolation,degraded
2026-10-08,2026-10-09 21:19:23+00:00,online,BE,wind_onshore,persistence,Persistence,daily_persistence,2208,2026-10-09 04:00:00+00:00,1598.382706,1578.65,,2026-07-08 16:00:00+00:00,2026-10-08 15:00:00+00:00,3,3,bias_adjusted_tso+linear_interpolation,degraded
2026-10-08,2026-10-09 21:19:23+00:00,online,BE,wind_onshore,persistence,Persistence,daily_persistence,2208,2026-10-09 05:00:00+00:00,1498.419267,1845.175,,2026-07-08 16:00:00+00:00,2026-10-08 15:00:00+00:00,3,3,bias_adjusted_tso+linear_interpolation,degraded
2026-10-08,2026-10-09 21:19:23+00:00,online,BE,wind_onshore,persistence,Persistence,daily_persistence,2208,2026-10-09 06:00:00+00:00,1573.689797,2067.2,,2026-07-08 16:00:00+00:00,2026-10-08 15:00:00+00:00,3,3,bias_adjusted_tso+linear_interpolation,degraded
2026-10-08,2026-10-09 21:19:23+00:00,online,BE,wind_onshore,persistence,Persistence,daily_persistence,2208,2026-10-09 07:00:00+00:00,1333.20141,2198.775,,2026-07-08 16:00:00+00:00,2026-10-08 15:00:00+00:00,3,3,bias_adjusted_tso+linear_interpolation,degraded
2026-10-08,2026-10-09 21:19:23+00:00,online,BE,wind_onshore,persistence,Persistence,daily_persistence,2208,2026-10-09 08:00:00+00:00,1272.071437,2235.975,,2026-07-08 16:00:00+00:00,2026-10-08 15:00:00+00:00,3,3,bias_adjusted_tso+linear_interpolation,degraded
2026-10-08,2026-10-09 21:19:23+00:00,online,BE,wind_onshore,persistence,Persistence,daily_persistence,2208,2026-10-09 09:00:00+00:00,1392.288279,2206.05,,2026-07-08 16:00:00+00:00,2026-10-08 15:00:00+00:00,3,3,bias_adjusted_tso+linear_interpolation,degraded
2026-10-08,2026-10-09 21:19:23+00:00,online,BE,wind_onshore,persistence,Persistence,daily_persistence,2208,2026-10-09 10:00:00+00:00,1472.671896,2133.2,,2026-07-08 16:00:00+00:00,2026-10-08 15:00:00+00:00,3,3,bias_adjusted_tso+linear_interpolation,degraded
2026-10-08,2026-10-09 21:19:23+00:00,online,BE,wind_onshore,persistence,Persistence,daily_persistence,2208,2026-10-09 11:00:00+00:00,1281.237831,2030.05,,2026-07-08 16:00:00+00:00,2026-10-08 15:00:00+00:00,3,3,bias_adjusted_tso+linear_interpolation,degraded
2026-10-08,2026-10-09 21:19:23+00:00,online,BE,wind_onshore,persistence,Persistence,daily_persistence,2208,2026-10-09 12:00:00+00:00,1095.363836,1954.875,,2026-07-08 16:00:00+00:00,2026-10-08 15:00:00+00:00,3,3,bias_adjusted_tso+linear_interpolation,degraded
2026-10-08,2026-10-09 21:19:23+00:00,online,BE,wind_onshore,persistence,Persistence,daily_persistence,2208,2026-10-09 13:00:00+00:00,1102.174118,1928.925,,2026-07-08 16:00:00+00:00,2026-10-08 15:00:00+00:00,3,3,bias_adjusted_tso+linear_interpolation,degraded
2026-10-08,2026-10-09 21:19:23+00:00,online,BE,wind_onshore,persistence,Persistence,daily_persistence,2208,2026-10-09 14:00:00+00:00,991.13473,1926.7,,2026-07-08 16:00:00+00:00,2026-10-08 15:00:00+00:00,3,3,bias_adjusted_tso+linear_interpolation,degraded
2026-10-08,2026-10-09 21:19:23+00:00,online,BE,wind_onshore,persistence,Persistence,daily_persistence,2208,2026-10-09 15:00:00+00:00,944.257493,2023.15,,2026-07-08 16:00:00+00:00,2026-10-08 15:00:00+00:00,3,3,bias_adjusted_tso+linear_interpolation,degraded
2026-10-08,2026-10-09 21:19:23+00:00,online,BE,wind_onshore,chronos2_online,Chronos2 with covariates,weather_4p+tso_forecast,2208,2026-10-08 16:00:00+00:00,797.2167358398438,837.95,,2026-07-08 16:00:00+00:00,2026-10-08 15:00:00+00:00,3,3,bias_adjusted_tso+linear_interpolation,degraded
2026-10-08,2026-10-09 21:19:23+00:00,online,BE,wind_onshore,chronos2_online,Chronos2 with covariates,weather_4p+tso_forecast,2208,2026-10-08 17:00:00+00:00,672.1845703125,730.45,,2026-07-08 16:00:00+00:00,2026-10-08 15:00:00+00:00,3,3,bias_adjusted_tso+linear_interpolation,degraded
2026-10-08,2026-10-09 21:19:23+00:00,online,BE,wind_onshore,chronos2_online,Chronos2 with covariates,weather_4p+tso_forecast,2208,2026-10-08 18:00:00+00:00,681.1159057617188,694.6,,2026-07-08 16:00:00+00:00,2026-10-08 15:00:00+00:00,3,3,bias_adjusted_tso+linear_interpolation,degraded
2026-10-08,2026-10-09 21:19:23+00:00,online,BE,wind_onshore,chronos2_online,Chronos2 with covariates,weather_4p+tso_forecast,2208,2026-10-08 19:00:00+00:00,696.7263793945312,680.1,,2026-07-08 16:00:00+00:00,2026-10-08 15:00:00+00:00,3,3,bias_adjusted_tso+linear_interpolation,degraded
2026-10-08,2026-10-09 21:19:23+00:00,online,BE,wind_onshore,chronos2_online,Chronos2 with covariates,weather_4p+tso_forecast,2208,2026-10-08 20:00:00+00:00,743.9902954101562,666.725,,2026-07-08 16:00:00+00:00,2026-10-08 15:00:00+00:00,3,3,bias_adjusted_tso+linear_interpolation,degraded
2026-10-08,2026-10-09 21:19:23+00:00,online,BE,wind_onshore,chronos2_online,Chronos2 with covariates,weather_4p+tso_forecast,2208,2026-10-08 21:00:00+00:00,776.3951416015625,681.25,,2026-07-08 16:00:00+00:00,2026-10-08 15:00:00+00:00,3,3,bias_adjusted_tso+linear_interpolation,degraded
2026-10-08,2026-10-09 21:19:23+00:00,online,BE,wind_onshore,chronos2_online,Chronos2 with covariates,weather_4p+tso_forecast,2208,2026-10-08 22:00:00+00:00,834.1234130859375,760.375,,2026-07-08 16:00:00+00:00,2026-10-08 15:00:00+00:00,3,3,bias_adjusted_tso+linear_interpolation,degraded
2026-10-08,2026-10-09 21:19:23+00:00,online,BE,wind_onshore,chronos2_online,Chronos2 with covariates,weather_4p+tso_forecast,2208,2026-10-08 23:00:00+00:00,928.6190185546876,807.675,,2026-07-08 16:00:00+00:00,2026-10-08 15:00:00+00:00,3,3,bias_adjusted_tso+linear_interpolation,degraded
2026-10-08,2026-10-09 21:19:23+00:00,online,BE,wind_onshore,chronos2_online,Chronos2 with covariates,weather_4p+tso_forecast,2208,2026-10-09 00:00:00+00:00,1032.065185546875,877.625,,2026-07-08 16:00:00+00:00,2026-10-08 15:00:00+00:00,3,3,bias_adjusted_tso+linear_interpolation,degraded
2026-10-08,2026-10-09 21:19:23+00:00,online,BE,wind_onshore,chronos2_online,Chronos2 with covariates,weather_4p+tso_forecast,2208,2026-10-09 01:00:00+00:00,1157.5689697265625,986.475,,2026-07-08 16:00:00+00:00,2026-10-08 15:00:00+00:00,3,3,bias_adjusted_tso+linear_interpolation,degraded
2026-10-08,2026-10-09 21:19:23+00:00,online,BE,wind_onshore,chronos2_online,Chronos2 with covariates,weather_4p+tso_forecast,2208,2026-10-09 02:00:00+00:00,1338.40576171875,1123.125,,2026-07-08 16:00:00+00:00,2026-10-08 15:00:00+00:00,3,3,bias_adjusted_tso+linear_interpolation,degraded
2026-10-08,2026-10-09 21:19:23+00:00,online,BE,wind_onshore,chronos2_online,Chronos2 with covariates,weather_4p+tso_forecast,2208,2026-10-09 03:00:00+00:00,1518.578369140625,1319.675,,2026-07-08 16:00:00+00:00,2026-10-08 15:00:00+00:00,3,3,bias_adjusted_tso+linear_interpolation,degraded
2026-10-08,2026-10-09 21:19:23+00:00,online,BE,wind_onshore,chronos2_online,Chronos2 with covariates,weather_4p+tso_forecast,2208,2026-10-09 04:00:00+00:00,1754.532470703125,1578.65,,2026-07-08 16:00:00+00:00,2026-10-08 15:00:00+00:00,3,3,bias_adjusted_tso+linear_interpolation,degraded
2026-10-08,2026-10-09 21:19:23+00:00,online,BE,wind_onshore,chronos2_online,Chronos2 with covariates,weather_4p+tso_forecast,2208,2026-10-09 05:00:00+00:00,2032.12158203125,1845.175,,2026-07-08 16:00:00+00:00,2026-10-08 15:00:00+00:00,3,3,bias_adjusted_tso+linear_interpolation,degraded
2026-10-08,2026-10-09 21:19:23+00:00,online,BE,wind_onshore,chronos2_online,Chronos2 with covariates,weather_4p+tso_forecast,2208,2026-10-09 06:00:00+00:00,2275.0693359375,2067.2,,2026-07-08 16:00:00+00:00,2026-10-08 15:00:00+00:00,3,3,bias_adjusted_tso+linear_interpolation,degraded
2026-10-08,2026-10-09 21:19:23+00:00,online,BE,wind_onshore,chronos2_online,Chronos2 with covariates,weather_4p+tso_forecast,2208,2026-10-09 07:00:00+00:00,2460.6533203125,2198.775,,2026-07-08 16:00:00+00:00,2026-10-08 15:00:00+00:00,3,3,bias_adjusted_tso+linear_interpolation,degraded
2026-10-08,2026-10-09 21:19:23+00:00,online,BE,wind_onshore,chronos2_online,Chronos2 with covariates,weather_4p+tso_forecast,2208,2026-10-09 08:00:00+00:00,2595.046875,2235.975,,2026-07-08 16:00:00+00:00,2026-10-08 15:00:00+00:00,3,3,bias_adjusted_tso+linear_interpolation,degraded
2026-10-08,2026-10-09 21:19:23+00:00,online,BE,wind_onshore,chronos2_online,Chronos2 with covariates,weather_4p+tso_forecast,2208,2026-10-09 09:00:00+00:00,2594.600341796875,2206.05,,2026-07-08 16:00:00+00:00,2026-10-08 15:00:00+00:00,3,3,bias_adjusted_tso+linear_interpolation,degraded
2026-10-08,2026-10-09 21:19:23+00:00,online,BE,wind_onshore,chronos2_online,Chronos2 with covariates,weather_4p+tso_forecast,2208,2026-10-09 10:00:00+00:00,2570.389404296875,2133.2,,2026-07-08 16:00:00+00:00,2026-10-08 15:00:00+00:00,3,3,bias_adjusted_tso+linear_interpolation,degraded
2026-10-08,2026-10-09 21:19:23+00:00,online,BE,wind_onshore,chronos2_online,Chronos2 with covariates,weather_4p+tso_forecast,2208,2026-10-09 11:00:00+00:00,2435.968017578125,2030.05,,2026-07-08 16:00:00+00:00,2026-10-08 15:00:00+00:00,3,3,bias_adjusted_tso+linear_interpolation,degraded
2026-10-08,2026-10-09 21:19:23+00:00,online,BE,wind_onshore,chronos2_online,Chronos2 with covariates,weather_4p+tso_forecast,2208,2026-10-09 12:00:00+00:00,2357.204833984375,1954.875,,2026-07-08 16:00:00+00:00,2026-10-08 15:00:00+00:00,3,3,bias_adjusted_tso+linear_interpolation,degraded
2026-10-08,2026-10-09 21:19:23+00:00,online,BE,wind_onshore,chronos2_online,Chronos2 with covariates,weather_4p+tso_forecast,2208,2026-10-09 13:00:00+00:00,2343.31396484375,1928.925,,2026-07-08 16:00:00+00:00,2026-10-08 15:00:00+00:00,3,3,bias_adjusted_tso+linear_interpolation,degraded
2026-10-08,2026-10-09 21:19:23+00:00,online,BE,wind_onshore,chronos2_online,Chronos2 with covariates,weather_4p+tso_forecast,2208,2026-10-09 14:00:00+00:00,2307.1181640625,1926.7,,2026-07-08 16:00:00+00:00,2026-10-08 15:00:00+00:00,3,3,bias_adjusted_tso+linear_interpolation,degraded
2026-10-08,2026-10-09 21:19:23+00:00,online,BE,wind_onshore,chronos2_online,Chronos2 with covariates,weather_4p+tso_forecast,2208,2026-10-09 15:00:00+00:00,2370.252685546875,2023.15,,2026-07-08 16:00:00+00:00,2026-10-08 15:00:00+00:00,3,3,bias_adjusted_tso+linear_interpolation,degraded
2026-10-08,2026-10-09 21:19:23+00:00,online,BE,wind_onshore,xgboost_online,XGBoost with covariates,weather_4p+tso_forecast,2208,2026-10-08 16:00:00+00:00,880.045654296875,837.95,,2026-07-08 16:00:00+00:00,2026-10-08 15:00:00+00:00,3,3,bias_adjusted_tso+linear_interpolation,degraded
2026-10-08,2026-10-09 21:19:23+00:00,online,BE,wind_onshore,xgboost_online,XGBoost with covariates,weather_4p+tso_forecast,2208,2026-10-08 17:00:00+00:00,676.7655029296875,730.45,,2026-07-08 16:00:00+00:00,2026-10-08 15:00:00+00:00,3,3,bias_adjusted_tso+linear_interpolation,degraded
2026-10-08,2026-10-09 21:19:23+00:00,online,BE,wind_onshore,xgboost_online,XGBoost with covariates,weather_4p+tso_forecast,2208,2026-10-08 18:00:00+00:00,685.8990478515625,694.6,,2026-07-08 16:00:00+00:00,2026-10-08 15:00:00+00:00,3,3,bias_adjusted_tso+linear_interpolation,degraded
2026-10-08,2026-10-09 21:19:23+00:00,online,BE,wind_onshore,xgboost_online,XGBoost with covariates,weather_4p+tso_forecast,2208,2026-10-08 19:00:00+00:00,722.7718505859375,680.1,,2026-07-08 16:00:00+00:00,2026-10-08 15:00:00+00:00,3,3,bias_adjusted_tso+linear_interpolation,degraded
2026-10-08,2026-10-09 21:19:23+00:00,online,BE,wind_onshore,xgboost_online,XGBoost with covariates,weather_4p+tso_forecast,2208,2026-10-08 20:00:00+00:00,732.7860107421875,666.725,,2026-07-08 16:00:00+00:00,2026-10-08 15:00:00+00:00,3,3,bias_adjusted_tso+linear_interpolation,degraded
2026-10-08,2026-10-09 21:19:23+00:00,online,BE,wind_onshore,xgboost_online,XGBoost with covariates,weather_4p+tso_forecast,2208,2026-10-08 21:00:00+00:00,815.2084350585938,681.25,,2026-07-08 16:00:00+00:00,2026-10-08 15:00:00+00:00,3,3,bias_adjusted_tso+linear_interpolation,degraded
2026-10-08,2026-10-09 21:19:23+00:00,online,BE,wind_onshore,xgboost_online,XGBoost with covariates,weather_4p+tso_forecast,2208,2026-10-08 22:00:00+00:00,858.0142822265625,760.375,,2026-07-08 16:00:00+00:00,2026-10-08 15:00:00+00:00,3,3,bias_adjusted_tso+linear_interpolation,degraded
2026-10-08,2026-10-09 21:19:23+00:00,online,BE,wind_onshore,xgboost_online,XGBoost with covariates,weather_4p+tso_forecast,2208,2026-10-08 23:00:00+00:00,874.0614624023438,807.675,,2026-07-08 16:00:00+00:00,2026-10-08 15:00:00+00:00,3,3,bias_adjusted_tso+linear_interpolation,degraded
2026-10-08,2026-10-09 21:19:23+00:00,online,BE,wind_onshore,xgboost_online,XGBoost with covariates,weather_4p+tso_forecast,2208,2026-10-09 00:00:00+00:00,1032.5162353515625,877.625,,2026-07-08 16:00:00+00:00,2026-10-08 15:00:00+00:00,3,3,bias_adjusted_tso+linear_interpolation,degraded
2026-10-08,2026-10-09 21:19:23+00:00,online,BE,wind_onshore,xgboost_online,XGBoost with covariates,weather_4p+tso_forecast,2208,2026-10-09 01:00:00+00:00,1089.55908203125,986.475,,2026-07-08 16:00:00+00:00,2026-10-08 15:00:00+00:00,3,3,bias_adjusted_tso+linear_interpolation,degraded
2026-10-08,2026-10-09 21:19:23+00:00,online,BE,wind_onshore,xgboost_online,XGBoost with covariates,weather_4p+tso_forecast,2208,2026-10-09 02:00:00+00:00,1296.36328125,1123.125,,2026-07-08 16:00:00+00:00,2026-10-08 15:00:00+00:00,3,3,bias_adjusted_tso+linear_interpolation,degraded
2026-10-08,2026-10-09 21:19:23+00:00,online,BE,wind_onshore,xgboost_online,XGBoost with covariates,weather_4p+tso_forecast,2208,2026-10-09 03:00:00+00:00,1409.60546875,1319.675,,2026-07-08 16:00:00+00:00,2026-10-08 15:00:00+00:00,3,3,bias_adjusted_tso+linear_interpolation,degraded
2026-10-08,2026-10-09 21:19:23+00:00,online,BE,wind_onshore,xgboost_online,XGBoost with covariates,weather_4p+tso_forecast,2208,2026-10-09 04:00:00+00:00,1732.6490478515625,1578.65,,2026-07-08 16:00:00+00:00,2026-10-08 15:00:00+00:00,3,3,bias_adjusted_tso+linear_interpolation,degraded
2026-10-08,2026-10-09 21:19:23+00:00,online,BE,wind_onshore,xgboost_online,XGBoost with covariates,weather_4p+tso_forecast,2208,2026-10-09 05:00:00+00:00,1851.744384765625,1845.175,,2026-07-08 16:00:00+00:00,2026-10-08 15:00:00+00:00,3,3,bias_adjusted_tso+linear_interpolation,degraded
2026-10-08,2026-10-09 21:19:23+00:00,online,BE,wind_onshore,xgboost_online,XGBoost with covariates,weather_4p+tso_forecast,2208,2026-10-09 06:00:00+00:00,2222.66357421875,2067.2,,2026-07-08 16:00:00+00:00,2026-10-08 15:00:00+00:00,3,3,bias_adjusted_tso+linear_interpolation,degraded
2026-10-08,2026-10-09 21:19:23+00:00,online,BE,wind_onshore,xgboost_online,XGBoost with covariates,weather_4p+tso_forecast,2208,2026-10-09 07:00:00+00:00,2262.843994140625,2198.775,,2026-07-08 16:00:00+00:00,2026-10-08 15:00:00+00:00,3,3,bias_adjusted_tso+linear_interpolation,degraded
2026-10-08,2026-10-09 21:19:23+00:00,online,BE,wind_onshore,xgboost_online,XGBoost with covariates,weather_4p+tso_forecast,2208,2026-10-09 08:00:00+00:00,2342.263427734375,2235.975,,2026-07-08 16:00:00+00:00,2026-10-08 15:00:00+00:00,3,3,bias_adjusted_tso+linear_interpolation,degraded
2026-10-08,2026-10-09 21:19:23+00:00,online,BE,wind_onshore,xgboost_online,XGBoost with covariates,weather_4p+tso_forecast,2208,2026-10-09 09:00:00+00:00,2342.263427734375,2206.05,,2026-07-08 16:00:00+00:00,2026-10-08 15:00:00+00:00,3,3,bias_adjusted_tso+linear_interpolation,degraded
2026-10-08,2026-10-09 21:19:23+00:00,online,BE,wind_onshore,xgboost_online,XGBoost with covariates,weather_4p+tso_forecast,2208,2026-10-09 10:00:00+00:00,2342.263427734375,2133.2,,2026-07-08 16:00:00+00:00,2026-10-08 15:00:00+00:00,3,3,bias_adjusted_tso+linear_interpolation,degraded
2026-10-08,2026-10-09 21:19:23+00:00,online,BE,wind_onshore,xgboost_online,XGBoost with covariates,weather_4p+tso_forecast,2208,2026-10-09 11:00:00+00:00,2096.089599609375,2030.05,,2026-07-08 16:00:00+00:00,2026-10-08 15:00:00+00:00,3,3,bias_adjusted_tso+linear_interpolation,degraded
2026-10-08,2026-10-09 21:19:23+00:00,online,BE,wind_onshore,xgboost_online,XGBoost with covariates,weather_4p+tso_forecast,2208,2026-10-09 12:00:00+00:00,2096.089599609375,1954.875,,2026-07-08 16:00:00+00:00,2026-10-08 15:00:00+00:00,3,3,bias_adjusted_tso+linear_interpolation,degraded
2026-10-08,2026-10-09 21:19:23+00:00,online,BE,wind_onshore,xgboost_online,XGBoost with covariates,weather_4p+tso_forecast,2208,2026-10-09 13:00:00+00:00,1868.2777099609373,1928.925,,2026-07-08 16:00:00+00:00,2026-10-08 15:00:00+00:00,3,3,bias_adjusted_tso+linear_interpolation,degraded
2026-10-08,2026-10-09 21:19:23+00:00,online,BE,wind_onshore,xgboost_online,XGBoost with covariates,weather_4p+tso_forecast,2208,2026-10-09 14:00:00+00:00,1975.6822509765625,1926.7,,2026-07-08 16:00:00+00:00,2026-10-08 15:00:00+00:00,3,3,bias_adjusted_tso+linear_interpolation,degraded
2026-10-08,2026-10-09 21:19:23+00:00,online,BE,wind_onshore,xgboost_online,XGBoost with covariates,weather_4p+tso_forecast,2208,2026-10-09 15:00:00+00:00,2218.455078125,2023.15,,2026-07-08 16:00:00+00:00,2026-10-08 15:00:00+00:00,3,3,bias_adjusted_tso+linear_interpolation,degraded
2026-10-08,2026-10-09 21:19:23+00:00,online,BE,wind_offshore,tso_reference,TSO forecast,tso_forecast,2208,2026-10-08 16:00:00+00:00,1095.525,1095.525,,2026-07-08 16:00:00+00:00,2026-10-08 15:00:00+00:00,3,3,bias_adjusted_tso+linear_interpolation,degraded
2026-10-08,2026-10-09 21:19:23+00:00,online,BE,wind_offshore,tso_reference,TSO forecast,tso_forecast,2208,2026-10-08 17:00:00+00:00,923.225,923.225,,2026-07-08 16:00:00+00:00,2026-10-08 15:00:00+00:00,3,3,bias_adjusted_tso+linear_interpolation,degraded
2026-10-08,2026-10-09 21:19:23+00:00,online,BE,wind_offshore,tso_reference,TSO forecast,tso_forecast,2208,2026-10-08 18:00:00+00:00,820.175,820.175,,2026-07-08 16:00:00+00:00,2026-10-08 15:00:00+00:00,3,3,bias_adjusted_tso+linear_interpolation,degraded
2026-10-08,2026-10-09 21:19:23+00:00,online,BE,wind_offshore,tso_reference,TSO forecast,tso_forecast,2208,2026-10-08 19:00:00+00:00,753.2,753.2,,2026-07-08 16:00:00+00:00,2026-10-08 15:00:00+00:00,3,3,bias_adjusted_tso+linear_interpolation,degraded
2026-10-08,2026-10-09 21:19:23+00:00,online,BE,wind_offshore,tso_reference,TSO forecast,tso_forecast,2208,2026-10-08 20:00:00+00:00,716.5,716.5,,2026-07-08 16:00:00+00:00,2026-10-08 15:00:00+00:00,3,3,bias_adjusted_tso+linear_interpolation,degraded
2026-10-08,2026-10-09 21:19:23+00:00,online,BE,wind_offshore,tso_reference,TSO forecast,tso_forecast,2208,2026-10-08 21:00:00+00:00,726.675,726.675,,2026-07-08 16:00:00+00:00,2026-10-08 15:00:00+00:00,3,3,bias_adjusted_tso+linear_interpolation,degraded
2026-10-08,2026-10-09 21:19:23+00:00,online,BE,wind_offshore,tso_reference,TSO forecast,tso_forecast,2208,2026-10-08 22:00:00+00:00,994.05,994.05,,2026-07-08 16:00:00+00:00,2026-10-08 15:00:00+00:00,3,3,bias_adjusted_tso+linear_interpolation,degraded
2026-10-08,2026-10-09 21:19:23+00:00,online,BE,wind_offshore,tso_reference,TSO forecast,tso_forecast,2208,2026-10-08 23:00:00+00:00,1340.3,1340.3,,2026-07-08 16:00:00+00:00,2026-10-08 15:00:00+00:00,3,3,bias_adjusted_tso+linear_interpolation,degraded
2026-10-08,2026-10-09 21:19:23+00:00,online,BE,wind_offshore,tso_reference,TSO forecast,tso_forecast,2208,2026-10-09 00:00:00+00:00,1698.45,1698.45,,2026-07-08 16:00:00+00:00,2026-10-08 15:00:00+00:00,3,3,bias_adjusted_tso+linear_interpolation,degraded
2026-10-08,2026-10-09 21:19:23+00:00,online,BE,wind_offshore,tso_reference,TSO forecast,tso_forecast,2208,2026-10-09 01:00:00+00:00,1919.8,1919.8,,2026-07-08 16:00:00+00:00,2026-10-08 15:00:00+00:00,3,3,bias_adjusted_tso+linear_interpolation,degraded
2026-10-08,2026-10-09 21:19:23+00:00,online,BE,wind_offshore,tso_reference,TSO forecast,tso_forecast,2208,2026-10-09 02:00:00+00:00,2016.8,2016.8,,2026-07-08 16:00:00+00:00,2026-10-08 15:00:00+00:00,3,3,bias_adjusted_tso+linear_interpolation,degraded
2026-10-08,2026-10-09 21:19:23+00:00,online,BE,wind_offshore,tso_reference,TSO forecast,tso_forecast,2208,2026-10-09 03:00:00+00:00,2058.875,2058.875,,2026-07-08 16:00:00+00:00,2026-10-08 15:00:00+00:00,3,3,bias_adjusted_tso+linear_interpolation,degraded
2026-10-08,2026-10-09 21:19:23+00:00,online,BE,wind_offshore,tso_reference,TSO forecast,tso_forecast,2208,2026-10-09 04:00:00+00:00,2097.35,2097.35,,2026-07-08 16:00:00+00:00,2026-10-08 15:00:00+00:00,3,3,bias_adjusted_tso+linear_interpolation,degraded
2026-10-08,2026-10-09 21:19:23+00:00,online,BE,wind_offshore,tso_reference,TSO forecast,tso_forecast,2208,2026-10-09 05:00:00+00:00,2119.475,2119.475,,2026-07-08 16:00:00+00:00,2026-10-08 15:00:00+00:00,3,3,bias_adjusted_tso+linear_interpolation,degraded
2026-10-08,2026-10-09 21:19:23+00:00,online,BE,wind_offshore,tso_reference,TSO forecast,tso_forecast,2208,2026-10-09 06:00:00+00:00,2132.075,2132.075,,2026-07-08 16:00:00+00:00,2026-10-08 15:00:00+00:00,3,3,bias_adjusted_tso+linear_interpolation,degraded
2026-10-08,2026-10-09 21:19:23+00:00,online,BE,wind_offshore,tso_reference,TSO forecast,tso_forecast,2208,2026-10-09 07:00:00+00:00,2142.325,2142.325,,2026-07-08 16:00:00+00:00,2026-10-08 15:00:00+00:00,3,3,bias_adjusted_tso+linear_interpolation,degraded
2026-10-08,2026-10-09 21:19:23+00:00,online,BE,wind_offshore,tso_reference,TSO forecast,tso_forecast,2208,2026-10-09 08:00:00+00:00,2150.25,2150.25,,2026-07-08 16:00:00+00:00,2026-10-08 15:00:00+00:00,3,3,bias_adjusted_tso+linear_interpolation,degraded
2026-10-08,2026-10-09 21:19:23+00:00,online,BE,wind_offshore,tso_reference,TSO forecast,tso_forecast,2208,2026-10-09 09:00:00+00:00,2150.7,2150.7,,2026-07-08 16:00:00+00:00,2026-10-08 15:00:00+00:00,3,3,bias_adjusted_tso+linear_interpolation,degraded
2026-10-08,2026-10-09 21:19:23+00:00,online,BE,wind_offshore,tso_reference,TSO forecast,tso_forecast,2208,2026-10-09 10:00:00+00:00,2146.125,2146.125,,2026-07-08 16:00:00+00:00,2026-10-08 15:00:00+00:00,3,3,bias_adjusted_tso+linear_interpolation,degraded
2026-10-08,2026-10-09 21:19:23+00:00,online,BE,wind_offshore,tso_reference,TSO forecast,tso_forecast,2208,2026-10-09 11:00:00+00:00,2140.5,2140.5,,2026-07-08 16:00:00+00:00,2026-10-08 15:00:00+00:00,3,3,bias_adjusted_tso+linear_interpolation,degraded
2026-10-08,2026-10-09 21:19:23+00:00,online,BE,wind_offshore,tso_reference,TSO forecast,tso_forecast,2208,2026-10-09 12:00:00+00:00,2142.45,2142.45,,2026-07-08 16:00:00+00:00,2026-10-08 15:00:00+00:00,3,3,bias_adjusted_tso+linear_interpolation,degraded
2026-10-08,2026-10-09 21:19:23+00:00,online,BE,wind_offshore,tso_reference,TSO forecast,tso_forecast,2208,2026-10-09 13:00:00+00:00,2148.125,2148.125,,2026-07-08 16:00:00+00:00,2026-10-08 15:00:00+00:00,3,3,bias_adjusted_tso+linear_interpolation,degraded
2026-10-08,2026-10-09 21:19:23+00:00,online,BE,wind_offshore,tso_reference,TSO forecast,tso_forecast,2208,2026-10-09 14:00:00+00:00,2154.6,2154.6,,2026-07-08 16:00:00+00:00,2026-10-08 15:00:00+00:00,3,3,bias_adjusted_tso+linear_interpolation,degraded
2026-10-08,2026-10-09 21:19:23+00:00,online,BE,wind_offshore,tso_reference,TSO forecast,tso_forecast,2208,2026-10-09 15:00:00+00:00,2163.0,2163.0,,2026-07-08 16:00:00+00:00,2026-10-08 15:00:00+00:00,3,3,bias_adjusted_tso+linear_interpolation,degraded
2026-10-08,2026-10-09 21:19:23+00:00,online,BE,wind_offshore,persistence,Persistence,daily_persistence,2208,2026-10-08 16:00:00+00:00,1939.7455,1095.525,,2026-07-08 16:00:00+00:00,2026-10-08 15:00:00+00:00,3,3,bias_adjusted_tso+linear_interpolation,degraded
2026-10-08,2026-10-09 21:19:23+00:00,online,BE,wind_offshore,persistence,Persistence,daily_persistence,2208,2026-10-08 17:00:00+00:00,2125.8355,923.225,,2026-07-08 16:00:00+00:00,2026-10-08 15:00:00+00:00,3,3,bias_adjusted_tso+linear_interpolation,degraded
2026-10-08,2026-10-09 21:19:23+00:00,online,BE,wind_offshore,persistence,Persistence,daily_persistence,2208,2026-10-08 18:00:00+00:00,2086.543,820.175,,2026-07-08 16:00:00+00:00,2026-10-08 15:00:00+00:00,3,3,bias_adjusted_tso+linear_interpolation,degraded
2026-10-08,2026-10-09 21:19:23+00:00,online,BE,wind_offshore,persistence,Persistence,daily_persistence,2208,2026-10-08 19:00:00+00:00,2052.977,753.2,,2026-07-08 16:00:00+00:00,2026-10-08 15:00:00+00:00,3,3,bias_adjusted_tso+linear_interpolation,degraded
2026-10-08,2026-10-09 21:19:23+00:00,online,BE,wind_offshore,persistence,Persistence,daily_persistence,2208,2026-10-08 20:00:00+00:00,2063.804,716.5,,2026-07-08 16:00:00+00:00,2026-10-08 15:00:00+00:00,3,3,bias_adjusted_tso+linear_interpolation,degraded
2026-10-08,2026-10-09 21:19:23+00:00,online,BE,wind_offshore,persistence,Persistence,daily_persistence,2208,2026-10-08 21:00:00+00:00,2168.43325,726.675,,2026-07-08 16:00:00+00:00,2026-10-08 15:00:00+00:00,3,3,bias_adjusted_tso+linear_interpolation,degraded
2026-10-08,2026-10-09 21:19:23+00:00,online,BE,wind_offshore,persistence,Persistence,daily_persistence,2208,2026-10-08 22:00:00+00:00,2171.76425,994.05,,2026-07-08 16:00:00+00:00,2026-10-08 15:00:00+00:00,3,3,bias_adjusted_tso+linear_interpolation,degraded
2026-10-08,2026-10-09 21:19:23+00:00,online,BE,wind_offshore,persistence,Persistence,daily_persistence,2208,2026-10-08 23:00:00+00:00,2158.93825,1340.3,,2026-07-08 16:00:00+00:00,2026-10-08 15:00:00+00:00,3,3,bias_adjusted_tso+linear_interpolation,degraded
2026-10-08,2026-10-09 21:19:23+00:00,online,BE,wind_offshore,persistence,Persistence,daily_persistence,2208,2026-10-09 00:00:00+00:00,2162.2135,1698.45,,2026-07-08 16:00:00+00:00,2026-10-08 15:00:00+00:00,3,3,bias_adjusted_tso+linear_interpolation,degraded
2026-10-08,2026-10-09 21:19:23+00:00,online,BE,wind_offshore,persistence,Persistence,daily_persistence,2208,2026-10-09 01:00:00+00:00,2146.3895,1919.8,,2026-07-08 16:00:00+00:00,2026-10-08 15:00:00+00:00,3,3,bias_adjusted_tso+linear_interpolation,degraded
2026-10-08,2026-10-09 21:19:23+00:00,online,BE,wind_offshore,persistence,Persistence,daily_persistence,2208,2026-10-09 02:00:00+00:00,2159.176,2016.8,,2026-07-08 16:00:00+00:00,2026-10-08 15:00:00+00:00,3,3,bias_adjusted_tso+linear_interpolation,degraded
2026-10-08,2026-10-09 21:19:23+00:00,online,BE,wind_offshore,persistence,Persistence,daily_persistence,2208,2026-10-09 03:00:00+00:00,2159.60825,2058.875,,2026-07-08 16:00:00+00:00,2026-10-08 15:00:00+00:00,3,3,bias_adjusted_tso+linear_interpolation,degraded
2026-10-08,2026-10-09 21:19:23+00:00,online,BE,wind_offshore,persistence,Persistence,daily_persistence,2208,2026-10-09 04:00:00+00:00,2141.2655,2097.35,,2026-07-08 16:00:00+00:00,2026-10-08 15:00:00+00:00,3,3,bias_adjusted_tso+linear_interpolation,degraded
2026-10-08,2026-10-09 21:19:23+00:00,online,BE,wind_offshore,persistence,Persistence,daily_persistence,2208,2026-10-09 05:00:00+00:00,2123.5145,2119.475,,2026-07-08 16:00:00+00:00,2026-10-08 15:00:00+00:00,3,3,bias_adjusted_tso+linear_interpolation,degraded
2026-10-08,2026-10-09 21:19:23+00:00,online,BE,wind_offshore,persistence,Persistence,daily_persistence,2208,2026-10-09 06:00:00+00:00,2093.15225,2132.075,,2026-07-08 16:00:00+00:00,2026-10-08 15:00:00+00:00,3,3,bias_adjusted_tso+linear_interpolation,degraded
2026-10-08,2026-10-09 21:19:23+00:00,online,BE,wind_offshore,persistence,Persistence,daily_persistence,2208,2026-10-09 07:00:00+00:00,2125.348,2142.325,,2026-07-08 16:00:00+00:00,2026-10-08 15:00:00+00:00,3,3,bias_adjusted_tso+linear_interpolation,degraded
2026-10-08,2026-10-09 21:19:23+00:00,online,BE,wind_offshore,persistence,Persistence,daily_persistence,2208,2026-10-09 08:00:00+00:00,2085.5775,2150.25,,2026-07-08 16:00:00+00:00,2026-10-08 15:00:00+00:00,3,3,bias_adjusted_tso+linear_interpolation,degraded
2026-10-08,2026-10-09 21:19:23+00:00,online,BE,wind_offshore,persistence,Persistence,daily_persistence,2208,2026-10-09 09:00:00+00:00,1929.0175,2150.7,,2026-07-08 16:00:00+00:00,2026-10-08 15:00:00+00:00,3,3,bias_adjusted_tso+linear_interpolation,degraded
2026-10-08,2026-10-09 21:19:23+00:00,online,BE,wind_offshore,persistence,Persistence,daily_persistence,2208,2026-10-09 10:00:00+00:00,1740.12975,2146.125,,2026-07-08 16:00:00+00:00,2026-10-08 15:00:00+00:00,3,3,bias_adjusted_tso+linear_interpolation,degraded
2026-10-08,2026-10-09 21:19:23+00:00,online,BE,wind_offshore,persistence,Persistence,daily_persistence,2208,2026-10-09 11:00:00+00:00,1360.519,2140.5,,2026-07-08 16:00:00+00:00,2026-10-08 15:00:00+00:00,3,3,bias_adjusted_tso+linear_interpolation,degraded
2026-10-08,2026-10-09 21:19:23+00:00,online,BE,wind_offshore,persistence,Persistence,daily_persistence,2208,2026-10-09 12:00:00+00:00,1486.70825,2142.45,,2026-07-08 16:00:00+00:00,2026-10-08 15:00:00+00:00,3,3,bias_adjusted_tso+linear_interpolation,degraded
2026-10-08,2026-10-09 21:19:23+00:00,online,BE,wind_offshore,persistence,Persistence,daily_persistence,2208,2026-10-09 13:00:00+00:00,1232.159,2148.125,,2026-07-08 16:00:00+00:00,2026-10-08 15:00:00+00:00,3,3,bias_adjusted_tso+linear_interpolation,degraded
2026-10-08,2026-10-09 21:19:23+00:00,online,BE,wind_offshore,persistence,Persistence,daily_persistence,2208,2026-10-09 14:00:00+00:00,1184.90475,2154.6,,2026-07-08 16:00:00+00:00,2026-10-08 15:00:00+00:00,3,3,bias_adjusted_tso+linear_interpolation,degraded
2026-10-08,2026-10-09 21:19:23+00:00,online,BE,wind_offshore,persistence,Persistence,daily_persistence,2208,2026-10-09 15:00:00+00:00,1030.88925,2163.0,,2026-07-08 16:00:00+00:00,2026-10-08 15:00:00+00:00,3,3,bias_adjusted_tso+linear_interpolation,degraded
2026-10-08,2026-10-09 21:19:23+00:00,online,BE,wind_offshore,chronos2_online,Chronos2 with covariates,weather_4p+tso_forecast,2208,2026-10-08 16:00:00+00:00,897.61279296875,1095.525,,2026-07-08 16:00:00+00:00,2026-10-08 15:00:00+00:00,3,3,bias_adjusted_tso+linear_interpolation,degraded
2026-10-08,2026-10-09 21:19:23+00:00,online,BE,wind_offshore,chronos2_online,Chronos2 with covariates,weather_4p+tso_forecast,2208,2026-10-08 17:00:00+00:00,829.24658203125,923.225,,2026-07-08 16:00:00+00:00,2026-10-08 15:00:00+00:00,3,3,bias_adjusted_tso+linear_interpolation,degraded
2026-10-08,2026-10-09 21:19:23+00:00,online,BE,wind_offshore,chronos2_online,Chronos2 with covariates,weather_4p+tso_forecast,2208,2026-10-08 18:00:00+00:00,813.3467407226562,820.175,,2026-07-08 16:00:00+00:00,2026-10-08 15:00:00+00:00,3,3,bias_adjusted_tso+linear_interpolation,degraded
2026-10-08,2026-10-09 21:19:23+00:00,online,BE,wind_offshore,chronos2_online,Chronos2 with covariates,weather_4p+tso_forecast,2208,2026-10-08 19:00:00+00:00,740.4600219726562,753.2,,2026-07-08 16:00:00+00:00,2026-10-08 15:00:00+00:00,3,3,bias_adjusted_tso+linear_interpolation,degraded
2026-10-08,2026-10-09 21:19:23+00:00,online,BE,wind_offshore,chronos2_online,Chronos2 with covariates,weather_4p+tso_forecast,2208,2026-10-08 20:00:00+00:00,704.8775634765625,716.5,,2026-07-08 16:00:00+00:00,2026-10-08 15:00:00+00:00,3,3,bias_adjusted_tso+linear_interpolation,degraded
2026-10-08,2026-10-09 21:19:23+00:00,online,BE,wind_offshore,chronos2_online,Chronos2 with covariates,weather_4p+tso_forecast,2208,2026-10-08 21:00:00+00:00,686.9580688476562,726.675,,2026-07-08 16:00:00+00:00,2026-10-08 15:00:00+00:00,3,3,bias_adjusted_tso+linear_interpolation,degraded
2026-10-08,2026-10-09 21:19:23+00:00,online,BE,wind_offshore,chronos2_online,Chronos2 with covariates,weather_4p+tso_forecast,2208,2026-10-08 22:00:00+00:00,815.0213012695312,994.05,,2026-07-08 16:00:00+00:00,2026-10-08 15:00:00+00:00,3,3,bias_adjusted_tso+linear_interpolation,degraded
2026-10-08,2026-10-09 21:19:23+00:00,online,BE,wind_offshore,chronos2_online,Chronos2 with covariates,weather_4p+tso_forecast,2208,2026-10-08 23:00:00+00:00,1219.249267578125,1340.3,,2026-07-08 16:00:00+00:00,2026-10-08 15:00:00+00:00,3,3,bias_adjusted_tso+linear_interpolation,degraded
2026-10-08,2026-10-09 21:19:23+00:00,online,BE,wind_offshore,chronos2_online,Chronos2 with covariates,weather_4p+tso_forecast,2208,2026-10-09 00:00:00+00:00,1532.5804443359375,1698.45,,2026-07-08 16:00:00+00:00,2026-10-08 15:00:00+00:00,3,3,bias_adjusted_tso+linear_interpolation,degraded
2026-10-08,2026-10-09 21:19:23+00:00,online,BE,wind_offshore,chronos2_online,Chronos2 with covariates,weather_4p+tso_forecast,2208,2026-10-09 01:00:00+00:00,1787.961669921875,1919.8,,2026-07-08 16:00:00+00:00,2026-10-08 15:00:00+00:00,3,3,bias_adjusted_tso+linear_interpolation,degraded
2026-10-08,2026-10-09 21:19:23+00:00,online,BE,wind_offshore,chronos2_online,Chronos2 with covariates,weather_4p+tso_forecast,2208,2026-10-09 02:00:00+00:00,2006.5703125,2016.8,,2026-07-08 16:00:00+00:00,2026-10-08 15:00:00+00:00,3,3,bias_adjusted_tso+linear_interpolation,degraded
2026-10-08,2026-10-09 21:19:23+00:00,online,BE,wind_offshore,chronos2_online,Chronos2 with covariates,weather_4p+tso_forecast,2208,2026-10-09 03:00:00+00:00,2097.429443359375,2058.875,,2026-07-08 16:00:00+00:00,2026-10-08 15:00:00+00:00,3,3,bias_adjusted_tso+linear_interpolation,degraded
2026-10-08,2026-10-09 21:19:23+00:00,online,BE,wind_offshore,chronos2_online,Chronos2 with covariates,weather_4p+tso_forecast,2208,2026-10-09 04:00:00+00:00,2106.500244140625,2097.35,,2026-07-08 16:00:00+00:00,2026-10-08 15:00:00+00:00,3,3,bias_adjusted_tso+linear_interpolation,degraded
2026-10-08,2026-10-09 21:19:23+00:00,online,BE,wind_offshore,chronos2_online,Chronos2 with covariates,weather_4p+tso_forecast,2208,2026-10-09 05:00:00+00:00,2142.765625,2119.475,,2026-07-08 16:00:00+00:00,2026-10-08 15:00:00+00:00,3,3,bias_adjusted_tso+linear_interpolation,degraded
2026-10-08,2026-10-09 21:19:23+00:00,online,BE,wind_offshore,chronos2_online,Chronos2 with covariates,weather_4p+tso_forecast,2208,2026-10-09 06:00:00+00:00,2166.092529296875,2132.075,,2026-07-08 16:00:00+00:00,2026-10-08 15:00:00+00:00,3,3,bias_adjusted_tso+linear_interpolation,degraded
2026-10-08,2026-10-09 21:19:23+00:00,online,BE,wind_offshore,chronos2_online,Chronos2 with covariates,weather_4p+tso_forecast,2208,2026-10-09 07:00:00+00:00,2161.600830078125,2142.325,,2026-07-08 16:00:00+00:00,2026-10-08 15:00:00+00:00,3,3,bias_adjusted_tso+linear_interpolation,degraded
2026-10-08,2026-10-09 21:19:23+00:00,online,BE,wind_offshore,chronos2_online,Chronos2 with covariates,weather_4p+tso_forecast,2208,2026-10-09 08:00:00+00:00,2152.2626953125,2150.25,,2026-07-08 16:00:00+00:00,2026-10-08 15:00:00+00:00,3,3,bias_adjusted_tso+linear_interpolation,degraded
2026-10-08,2026-10-09 21:19:23+00:00,online,BE,wind_offshore,chronos2_online,Chronos2 with covariates,weather_4p+tso_forecast,2208,2026-10-09 09:00:00+00:00,2163.520263671875,2150.7,,2026-07-08 16:00:00+00:00,2026-10-08 15:00:00+00:00,3,3,bias_adjusted_tso+linear_interpolation,degraded
2026-10-08,2026-10-09 21:19:23+00:00,online,BE,wind_offshore,chronos2_online,Chronos2 with covariates,weather_4p+tso_forecast,2208,2026-10-09 10:00:00+00:00,2146.603271484375,2146.125,,2026-07-08 16:00:00+00:00,2026-10-08 15:00:00+00:00,3,3,bias_adjusted_tso+linear_interpolation,degraded
2026-10-08,2026-10-09 21:19:23+00:00,online,BE,wind_offshore,chronos2_online,Chronos2 with covariates,weather_4p+tso_forecast,2208,2026-10-09 11:00:00+00:00,2125.164306640625,2140.5,,2026-07-08 16:00:00+00:00,2026-10-08 15:00:00+00:00,3,3,bias_adjusted_tso+linear_interpolation,degraded
2026-10-08,2026-10-09 21:19:23+00:00,online,BE,wind_offshore,chronos2_online,Chronos2 with covariates,weather_4p+tso_forecast,2208,2026-10-09 12:00:00+00:00,2139.540771484375,2142.45,,2026-07-08 16:00:00+00:00,2026-10-08 15:00:00+00:00,3,3,bias_adjusted_tso+linear_interpolation,degraded
2026-10-08,2026-10-09 21:19:23+00:00,online,BE,wind_offshore,chronos2_online,Chronos2 with covariates,weather_4p+tso_forecast,2208,2026-10-09 13:00:00+00:00,2164.176513671875,2148.125,,2026-07-08 16:00:00+00:00,2026-10-08 15:00:00+00:00,3,3,bias_adjusted_tso+linear_interpolation,degraded
2026-10-08,2026-10-09 21:19:23+00:00,online,BE,wind_offshore,chronos2_online,Chronos2 with covariates,weather_4p+tso_forecast,2208,2026-10-09 14:00:00+00:00,2181.139404296875,2154.6,,2026-07-08 16:00:00+00:00,2026-10-08 15:00:00+00:00,3,3,bias_adjusted_tso+linear_interpolation,degraded
2026-10-08,2026-10-09 21:19:23+00:00,online,BE,wind_offshore,chronos2_online,Chronos2 with covariates,weather_4p+tso_forecast,2208,2026-10-09 15:00:00+00:00,2162.3310546875,2163.0,,2026-07-08 16:00:00+00:00,2026-10-08 15:00:00+00:00,3,3,bias_adjusted_tso+linear_interpolation,degraded
2026-10-08,2026-10-09 21:19:23+00:00,online,BE,wind_offshore,xgboost_online,XGBoost with covariates,weather_4p+tso_forecast,2208,2026-10-08 16:00:00+00:00,819.9138793945312,1095.525,,2026-07-08 16:00:00+00:00,2026-10-08 15:00:00+00:00,3,3,bias_adjusted_tso+linear_interpolation,degraded
2026-10-08,2026-10-09 21:19:23+00:00,online,BE,wind_offshore,xgboost_online,XGBoost with covariates,weather_4p+tso_forecast,2208,2026-10-08 17:00:00+00:00,825.8483276367188,923.225,,2026-07-08 16:00:00+00:00,2026-10-08 15:00:00+00:00,3,3,bias_adjusted_tso+linear_interpolation,degraded
2026-10-08,2026-10-09 21:19:23+00:00,online,BE,wind_offshore,xgboost_online,XGBoost with covariates,weather_4p+tso_forecast,2208,2026-10-08 18:00:00+00:00,588.9219970703125,820.175,,2026-07-08 16:00:00+00:00,2026-10-08 15:00:00+00:00,3,3,bias_adjusted_tso+linear_interpolation,degraded
2026-10-08,2026-10-09 21:19:23+00:00,online,BE,wind_offshore,xgboost_online,XGBoost with covariates,weather_4p+tso_forecast,2208,2026-10-08 19:00:00+00:00,537.4722900390625,753.2,,2026-07-08 16:00:00+00:00,2026-10-08 15:00:00+00:00,3,3,bias_adjusted_tso+linear_interpolation,degraded
2026-10-08,2026-10-09 21:19:23+00:00,online,BE,wind_offshore,xgboost_online,XGBoost with covariates,weather_4p+tso_forecast,2208,2026-10-08 20:00:00+00:00,537.0293579101562,716.5,,2026-07-08 16:00:00+00:00,2026-10-08 15:00:00+00:00,3,3,bias_adjusted_tso+linear_interpolation,degraded
2026-10-08,2026-10-09 21:19:23+00:00,online,BE,wind_offshore,xgboost_online,XGBoost with covariates,weather_4p+tso_forecast,2208,2026-10-08 21:00:00+00:00,464.8480529785156,726.675,,2026-07-08 16:00:00+00:00,2026-10-08 15:00:00+00:00,3,3,bias_adjusted_tso+linear_interpolation,degraded
2026-10-08,2026-10-09 21:19:23+00:00,online,BE,wind_offshore,xgboost_online,XGBoost with covariates,weather_4p+tso_forecast,2208,2026-10-08 22:00:00+00:00,750.0221557617188,994.05,,2026-07-08 16:00:00+00:00,2026-10-08 15:00:00+00:00,3,3,bias_adjusted_tso+linear_interpolation,degraded
2026-10-08,2026-10-09 21:19:23+00:00,online,BE,wind_offshore,xgboost_online,XGBoost with covariates,weather_4p+tso_forecast,2208,2026-10-08 23:00:00+00:00,1278.23193359375,1340.3,,2026-07-08 16:00:00+00:00,2026-10-08 15:00:00+00:00,3,3,bias_adjusted_tso+linear_interpolation,degraded
2026-10-08,2026-10-09 21:19:23+00:00,online,BE,wind_offshore,xgboost_online,XGBoost with covariates,weather_4p+tso_forecast,2208,2026-10-09 00:00:00+00:00,1658.0234375,1698.45,,2026-07-08 16:00:00+00:00,2026-10-08 15:00:00+00:00,3,3,bias_adjusted_tso+linear_interpolation,degraded
2026-10-08,2026-10-09 21:19:23+00:00,online,BE,wind_offshore,xgboost_online,XGBoost with covariates,weather_4p+tso_forecast,2208,2026-10-09 01:00:00+00:00,1792.108154296875,1919.8,,2026-07-08 16:00:00+00:00,2026-10-08 15:00:00+00:00,3,3,bias_adjusted_tso+linear_interpolation,degraded
2026-10-08,2026-10-09 21:19:23+00:00,online,BE,wind_offshore,xgboost_online,XGBoost with covariates,weather_4p+tso_forecast,2208,2026-10-09 02:00:00+00:00,1996.65087890625,2016.8,,2026-07-08 16:00:00+00:00,2026-10-08 15:00:00+00:00,3,3,bias_adjusted_tso+linear_interpolation,degraded
2026-10-08,2026-10-09 21:19:23+00:00,online,BE,wind_offshore,xgboost_online,XGBoost with covariates,weather_4p+tso_forecast,2208,2026-10-09 03:00:00+00:00,1808.8167724609373,2058.875,,2026-07-08 16:00:00+00:00,2026-10-08 15:00:00+00:00,3,3,bias_adjusted_tso+linear_interpolation,degraded
2026-10-08,2026-10-09 21:19:23+00:00,online,BE,wind_offshore,xgboost_online,XGBoost with covariates,weather_4p+tso_forecast,2208,2026-10-09 04:00:00+00:00,2045.9892578125,2097.35,,2026-07-08 16:00:00+00:00,2026-10-08 15:00:00+00:00,3,3,bias_adjusted_tso+linear_interpolation,degraded
2026-10-08,2026-10-09 21:19:23+00:00,online,BE,wind_offshore,xgboost_online,XGBoost with covariates,weather_4p+tso_forecast,2208,2026-10-09 05:00:00+00:00,2038.14306640625,2119.475,,2026-07-08 16:00:00+00:00,2026-10-08 15:00:00+00:00,3,3,bias_adjusted_tso+linear_interpolation,degraded
2026-10-08,2026-10-09 21:19:23+00:00,online,BE,wind_offshore,xgboost_online,XGBoost with covariates,weather_4p+tso_forecast,2208,2026-10-09 06:00:00+00:00,2062.48486328125,2132.075,,2026-07-08 16:00:00+00:00,2026-10-08 15:00:00+00:00,3,3,bias_adjusted_tso+linear_interpolation,degraded
2026-10-08,2026-10-09 21:19:23+00:00,online,BE,wind_offshore,xgboost_online,XGBoost with covariates,weather_4p+tso_forecast,2208,2026-10-09 07:00:00+00:00,2106.550537109375,2142.325,,2026-07-08 16:00:00+00:00,2026-10-08 15:00:00+00:00,3,3,bias_adjusted_tso+linear_interpolation,degraded
2026-10-08,2026-10-09 21:19:23+00:00,online,BE,wind_offshore,xgboost_online,XGBoost with covariates,weather_4p+tso_forecast,2208,2026-10-09 08:00:00+00:00,2097.95556640625,2150.25,,2026-07-08 16:00:00+00:00,2026-10-08 15:00:00+00:00,3,3,bias_adjusted_tso+linear_interpolation,degraded
2026-10-08,2026-10-09 21:19:23+00:00,online,BE,wind_offshore,xgboost_online,XGBoost with covariates,weather_4p+tso_forecast,2208,2026-10-09 09:00:00+00:00,2097.95556640625,2150.7,,2026-07-08 16:00:00+00:00,2026-10-08 15:00:00+00:00,3,3,bias_adjusted_tso+linear_interpolation,degraded
2026-10-08,2026-10-09 21:19:23+00:00,online,BE,wind_offshore,xgboost_online,XGBoost with covariates,weather_4p+tso_forecast,2208,2026-10-09 10:00:00+00:00,2097.95556640625,2146.125,,2026-07-08 16:00:00+00:00,2026-10-08 15:00:00+00:00,3,3,bias_adjusted_tso+linear_interpolation,degraded
2026-10-08,2026-10-09 21:19:23+00:00,online,BE,wind_offshore,xgboost_online,XGBoost with covariates,weather_4p+tso_forecast,2208,2026-10-09 11:00:00+00:00,2097.95556640625,2140.5,,2026-07-08 16:00:00+00:00,2026-10-08 15:00:00+00:00,3,3,bias_adjusted_tso+linear_interpolation,degraded
2026-10-08,2026-10-09 21:19:23+00:00,online,BE,wind_offshore,xgboost_online,XGBoost with covariates,weather_4p+tso_forecast,2208,2026-10-09 12:00:00+00:00,2097.95556640625,2142.45,,2026-07-08 16:00:00+00:00,2026-10-08 15:00:00+00:00,3,3,bias_adjusted_tso+linear_interpolation,degraded
2026-10-08,2026-10-09 21:19:23+00:00,online,BE,wind_offshore,xgboost_online,XGBoost with covariates,weather_4p+tso_forecast,2208,2026-10-09 13:00:00+00:00,2097.95556640625,2148.125,,2026-07-08 16:00:00+00:00,2026-10-08 15:00:00+00:00,3,3,bias_adjusted_tso+linear_interpolation,degraded
2026-10-08,2026-10-09 21:19:23+00:00,online,BE,wind_offshore,xgboost_online,XGBoost with covariates,weather_4p+tso_forecast,2208,2026-10-09 14:00:00+00:00,2100.359130859375,2154.6,,2026-07-08 16:00:00+00:00,2026-10-08 15:00:00+00:00,3,3,bias_adjusted_tso+linear_interpolation,degraded
2026-10-08,2026-10-09 21:19:23+00:00,online,BE,wind_offshore,xgboost_online,XGBoost with covariates,weather_4p+tso_forecast,2208,2026-10-09 15:00:00+00:00,2100.359130859375,2163.0,,2026-07-08 16:00:00+00:00,2026-10-08 15:00:00+00:00,3,3,bias_adjusted_tso+linear_interpolation,degraded
2026-10-08,2026-10-09 21:19:23+00:00,online,FR,load,tso_reference,TSO forecast,tso_forecast,2208,2026-10-08 16:00:00+00:00,47625.0,47625.0,,2026-07-08 16:00:00+00:00,2026-10-08 15:00:00+00:00,1,1,linear_interpolation,interpolated
2026-10-08,2026-10-09 21:19:23+00:00,online,FR,load,tso_reference,TSO forecast,tso_forecast,2208,2026-10-08 17:00:00+00:00,50137.5,50137.5,,2026-07-08 16:00:00+00:00,2026-10-08 15:00:00+00:00,1,1,linear_interpolation,interpolated
2026-10-08,2026-10-09 21:19:23+00:00,online,FR,load,tso_reference,TSO forecast,tso_forecast,2208,2026-10-08 18:00:00+00:00,48525.0,48525.0,,2026-07-08 16:00:00+00:00,2026-10-08 15:00:00+00:00,1,1,linear_interpolation,interpolated
2026-10-08,2026-10-09 21:19:23+00:00,online,FR,load,tso_reference,TSO forecast,tso_forecast,2208,2026-10-08 19:00:00+00:00,45275.0,45275.0,,2026-07-08 16:00:00+00:00,2026-10-08 15:00:00+00:00,1,1,linear_interpolation,interpolated
2026-10-08,2026-10-09 21:19:23+00:00,online,FR,load,tso_reference,TSO forecast,tso_forecast,2208,2026-10-08 20:00:00+00:00,44275.0,44275.0,,2026-07-08 16:00:00+00:00,2026-10-08 15:00:00+00:00,1,1,linear_interpolation,interpolated
2026-10-08,2026-10-09 21:19:23+00:00,online,FR,load,tso_reference,TSO forecast,tso_forecast,2208,2026-10-08 21:00:00+00:00,44750.0,44750.0,,2026-07-08 16:00:00+00:00,2026-10-08 15:00:00+00:00,1,1,linear_interpolation,interpolated
2026-10-08,2026-10-09 21:19:23+00:00,online,FR,load,tso_reference,TSO forecast,tso_forecast,2208,2026-10-08 22:00:00+00:00,42500.0,42500.0,,2026-07-08 16:00:00+00:00,2026-10-08 15:00:00+00:00,1,1,linear_interpolation,interpolated
2026-10-08,2026-10-09 21:19:23+00:00,online,FR,load,tso_reference,TSO forecast,tso_forecast,2208,2026-10-08 23:00:00+00:00,40500.0,40500.0,,2026-07-08 16:00:00+00:00,2026-10-08 15:00:00+00:00,1,1,linear_interpolation,interpolated
2026-10-08,2026-10-09 21:19:23+00:00,online,FR,load,tso_reference,TSO forecast,tso_forecast,2208,2026-10-09 00:00:00+00:00,38712.5,38712.5,,2026-07-08 16:00:00+00:00,2026-10-08 15:00:00+00:00,1,1,linear_interpolation,interpolated
2026-10-08,2026-10-09 21:19:23+00:00,online,FR,load,tso_reference,TSO forecast,tso_forecast,2208,2026-10-09 01:00:00+00:00,36712.5,36712.5,,2026-07-08 16:00:00+00:00,2026-10-08 15:00:00+00:00,1,1,linear_interpolation,interpolated
2026-10-08,2026-10-09 21:19:23+00:00,online,FR,load,tso_reference,TSO forecast,tso_forecast,2208,2026-10-09 02:00:00+00:00,36312.5,36312.5,,2026-07-08 16:00:00+00:00,2026-10-08 15:00:00+00:00,1,1,linear_interpolation,interpolated
2026-10-08,2026-10-09 21:19:23+00:00,online,FR,load,tso_reference,TSO forecast,tso_forecast,2208,2026-10-09 03:00:00+00:00,37737.5,37737.5,,2026-07-08 16:00:00+00:00,2026-10-08 15:00:00+00:00,1,1,linear_interpolation,interpolated
2026-10-08,2026-10-09 21:19:23+00:00,online,FR,load,tso_reference,TSO forecast,tso_forecast,2208,2026-10-09 04:00:00+00:00,41700.0,41700.0,,2026-07-08 16:00:00+00:00,2026-10-08 15:00:00+00:00,1,1,linear_interpolation,interpolated
2026-10-08,2026-10-09 21:19:23+00:00,online,FR,load,tso_reference,TSO forecast,tso_forecast,2208,2026-10-09 05:00:00+00:00,46000.0,46000.0,,2026-07-08 16:00:00+00:00,2026-10-08 15:00:00+00:00,1,1,linear_interpolation,interpolated
2026-10-08,2026-10-09 21:19:23+00:00,online,FR,load,tso_reference,TSO forecast,tso_forecast,2208,2026-10-09 06:00:00+00:00,48700.0,48700.0,,2026-07-08 16:00:00+00:00,2026-10-08 15:00:00+00:00,1,1,linear_interpolation,interpolated
2026-10-08,2026-10-09 21:19:23+00:00,online,FR,load,tso_reference,TSO forecast,tso_forecast,2208,2026-10-09 07:00:00+00:00,49700.0,49700.0,,2026-07-08 16:00:00+00:00,2026-10-08 15:00:00+00:00,1,1,linear_interpolation,interpolated
2026-10-08,2026-10-09 21:19:23+00:00,online,FR,load,tso_reference,TSO forecast,tso_forecast,2208,2026-10-09 08:00:00+00:00,50125.0,50125.0,,2026-07-08 16:00:00+00:00,2026-10-08 15:00:00+00:00,1,1,linear_interpolation,interpolated
2026-10-08,2026-10-09 21:19:23+00:00,online,FR,load,tso_reference,TSO forecast,tso_forecast,2208,2026-10-09 09:00:00+00:00,50825.0,50825.0,,2026-07-08 16:00:00+00:00,2026-10-08 15:00:00+00:00,1,1,linear_interpolation,interpolated
2026-10-08,2026-10-09 21:19:23+00:00,online,FR,load,tso_reference,TSO forecast,tso_forecast,2208,2026-10-09 10:00:00+00:00,51237.5,51237.5,,2026-07-08 16:00:00+00:00,2026-10-08 15:00:00+00:00,1,1,linear_interpolation,interpolated
2026-10-08,2026-10-09 21:19:23+00:00,online,FR,load,tso_reference,TSO forecast,tso_forecast,2208,2026-10-09 11:00:00+00:00,50175.0,50175.0,,2026-07-08 16:00:00+00:00,2026-10-08 15:00:00+00:00,1,1,linear_interpolation,interpolated
2026-10-08,2026-10-09 21:19:23+00:00,online,FR,load,tso_reference,TSO forecast,tso_forecast,2208,2026-10-09 12:00:00+00:00,49450.0,49450.0,,2026-07-08 16:00:00+00:00,2026-10-08 15:00:00+00:00,1,1,linear_interpolation,interpolated
2026-10-08,2026-10-09 21:19:23+00:00,online,FR,load,tso_reference,TSO forecast,tso_forecast,2208,2026-10-09 13:00:00+00:00,48387.5,48387.5,,2026-07-08 16:00:00+00:00,2026-10-08 15:00:00+00:00,1,1,linear_interpolation,interpolated
2026-10-08,2026-10-09 21:19:23+00:00,online,FR,load,tso_reference,TSO forecast,tso_forecast,2208,2026-10-09 14:00:00+00:00,46000.0,46000.0,,2026-07-08 16:00:00+00:00,2026-10-08 15:00:00+00:00,1,1,linear_interpolation,interpolated
2026-10-08,2026-10-09 21:19:23+00:00,online,FR,load,tso_reference,TSO forecast,tso_forecast,2208,2026-10-09 15:00:00+00:00,46262.5,46262.5,,2026-07-08 16:00:00+00:00,2026-10-08 15:00:00+00:00,1,1,linear_interpolation,interpolated
2026-10-08,2026-10-09 21:19:23+00:00,online,FR,load,persistence,Persistence,weekly_persistence,2208,2026-10-08 16:00:00+00:00,47189.14,47625.0,,2026-07-08 16:00:00+00:00,2026-10-08 15:00:00+00:00,1,1,linear_interpolation,interpolated
2026-10-08,2026-10-09 21:19:23+00:00,online,FR,load,persistence,Persistence,weekly_persistence,2208,2026-10-08 17:00:00+00:00,48761.59333333333,50137.5,,2026-07-08 16:00:00+00:00,2026-10-08 15:00:00+00:00,1,1,linear_interpolation,interpolated
2026-10-08,2026-10-09 21:19:23+00:00,online,FR,load,persistence,Persistence,weekly_persistence,2208,2026-10-08 18:00:00+00:00,45615.47,48525.0,,2026-07-08 16:00:00+00:00,2026-10-08 15:00:00+00:00,1,1,linear_interpolation,interpolated
2026-10-08,2026-10-09 21:19:23+00:00,online,FR,load,persistence,Persistence,weekly_persistence,2208,2026-10-08 19:00:00+00:00,43263.37666666667,45275.0,,2026-07-08 16:00:00+00:00,2026-10-08 15:00:00+00:00,1,1,linear_interpolation,interpolated
2026-10-08,2026-10-09 21:19:23+00:00,online,FR,load,persistence,Persistence,weekly_persistence,2208,2026-10-08 20:00:00+00:00,43544.155,44275.0,,2026-07-08 16:00:00+00:00,2026-10-08 15:00:00+00:00,1,1,linear_interpolation,interpolated
2026-10-08,2026-10-09 21:19:23+00:00,online,FR,load,persistence,Persistence,weekly_persistence,2208,2026-10-08 21:00:00+00:00,42861.99,44750.0,,2026-07-08 16:00:00+00:00,2026-10-08 15:00:00+00:00,1,1,linear_interpolation,interpolated
2026-10-08,2026-10-09 21:19:23+00:00,online,FR,load,persistence,Persistence,weekly_persistence,2208,2026-10-08 22:00:00+00:00,39622.325,42500.0,,2026-07-08 16:00:00+00:00,2026-10-08 15:00:00+00:00,1,1,linear_interpolation,interpolated
2026-10-08,2026-10-09 21:19:23+00:00,online,FR,load,persistence,Persistence,weekly_persistence,2208,2026-10-08 23:00:00+00:00,38692.85,40500.0,,2026-07-08 16:00:00+00:00,2026-10-08 15:00:00+00:00,1,1,linear_interpolation,interpolated
2026-10-08,2026-10-09 21:19:23+00:00,online,FR,load,persistence,Persistence,weekly_persistence,2208,2026-10-09 00:00:00+00:00,36070.295,38712.5,,2026-07-08 16:00:00+00:00,2026-10-08 15:00:00+00:00,1,1,linear_interpolation,interpolated
2026-10-08,2026-10-09 21:19:23+00:00,online,FR,load,persistence,Persistence,weekly_persistence,2208,2026-10-09 01:00:00+00:00,34759.736666666664,36712.5,,2026-07-08 16:00:00+00:00,2026-10-08 15:00:00+00:00,1,1,linear_interpolation,interpolated
2026-10-08,2026-10-09 21:19:23+00:00,online,FR,load,persistence,Persistence,weekly_persistence,2208,2026-10-09 02:00:00+00:00,34548.47666666666,36312.5,,2026-07-08 16:00:00+00:00,2026-10-08 15:00:00+00:00,1,1,linear_interpolation,interpolated
2026-10-08,2026-10-09 21:19:23+00:00,online,FR,load,persistence,Persistence,weekly_persistence,2208,2026-10-09 03:00:00+00:00,35965.695,37737.5,,2026-07-08 16:00:00+00:00,2026-10-08 15:00:00+00:00,1,1,linear_interpolation,interpolated
2026-10-08,2026-10-09 21:19:23+00:00,online,FR,load,persistence,Persistence,weekly_persistence,2208,2026-10-09 04:00:00+00:00,39830.0625,41700.0,,2026-07-08 16:00:00+00:00,2026-10-08 15:00:00+00:00,1,1,linear_interpolation,interpolated
2026-10-08,2026-10-09 21:19:23+00:00,online,FR,load,persistence,Persistence,weekly_persistence,2208,2026-10-09 05:00:00+00:00,43934.325,46000.0,,2026-07-08 16:00:00+00:00,2026-10-08 15:00:00+00:00,1,1,linear_interpolation,interpolated
2026-10-08,2026-10-09 21:19:23+00:00,online,FR,load,persistence,Persistence,weekly_persistence,2208,2026-10-09 06:00:00+00:00,46135.355,48700.0,,2026-07-08 16:00:00+00:00,2026-10-08 15:00:00+00:00,1,1,linear_interpolation,interpolated
2026-10-08,2026-10-09 21:19:23+00:00,online,FR,load,persistence,Persistence,weekly_persistence,2208,2026-10-09 07:00:00+00:00,46411.71666666667,49700.0,,2026-07-08 16:00:00+00:00,2026-10-08 15:00:00+00:00,1,1,linear_interpolation,interpolated
2026-10-08,2026-10-09 21:19:23+00:00,online,FR,load,persistence,Persistence,weekly_persistence,2208,2026-10-09 08:00:00+00:00,46446.975,50125.0,,2026-07-08 16:00:00+00:00,2026-10-08 15:00:00+00:00,1,1,linear_interpolation,interpolated
2026-10-08,2026-10-09 21:19:23+00:00,online,FR,load,persistence,Persistence,weekly_persistence,2208,2026-10-09 09:00:00+00:00,47036.06333333333,50825.0,,2026-07-08 16:00:00+00:00,2026-10-08 15:00:00+00:00,1,1,linear_interpolation,interpolated
2026-10-08,2026-10-09 21:19:23+00:00,online,FR,load,persistence,Persistence,weekly_persistence,2208,2026-10-09 10:00:00+00:00,47481.3375,51237.5,,2026-07-08 16:00:00+00:00,2026-10-08 15:00:00+00:00,1,1,linear_interpolation,interpolated
2026-10-08,2026-10-09 21:19:23+00:00,online,FR,load,persistence,Persistence,weekly_persistence,2208,2026-10-09 11:00:00+00:00,46109.15,50175.0,,2026-07-08 16:00:00+00:00,2026-10-08 15:00:00+00:00,1,1,linear_interpolation,interpolated
2026-10-08,2026-10-09 21:19:23+00:00,online,FR,load,persistence,Persistence,weekly_persistence,2208,2026-10-09 12:00:00+00:00,45990.630000000005,49450.0,,2026-07-08 16:00:00+00:00,2026-10-08 15:00:00+00:00,1,1,linear_interpolation,interpolated
2026-10-08,2026-10-09 21:19:23+00:00,online,FR,load,persistence,Persistence,weekly_persistence,2208,2026-10-09 13:00:00+00:00,45185.985,48387.5,,2026-07-08 16:00:00+00:00,2026-10-08 15:00:00+00:00,1,1,linear_interpolation,interpolated
2026-10-08,2026-10-09 21:19:23+00:00,online,FR,load,persistence,Persistence,weekly_persistence,2208,2026-10-09 14:00:00+00:00,43851.42,46000.0,,2026-07-08 16:00:00+00:00,2026-10-08 15:00:00+00:00,1,1,linear_interpolation,interpolated
2026-10-08,2026-10-09 21:19:23+00:00,online,FR,load,persistence,Persistence,weekly_persistence,2208,2026-10-09 15:00:00+00:00,44250.46333333334,46262.5,,2026-07-08 16:00:00+00:00,2026-10-08 15:00:00+00:00,1,1,linear_interpolation,interpolated
2026-10-08,2026-10-09 21:19:23+00:00,online,FR,load,ridge_3mo_context,Ridge with covariates,deg_proxy+tso_forecast,2208,2026-10-08 16:00:00+00:00,47507.97082275603,47625.0,,2026-07-08 16:00:00+00:00,2026-10-08 15:00:00+00:00,1,1,linear_interpolation,interpolated
2026-10-08,2026-10-09 21:19:23+00:00,online,FR,load,ridge_3mo_context,Ridge with covariates,deg_proxy+tso_forecast,2208,2026-10-08 17:00:00+00:00,49963.56773265596,50137.5,,2026-07-08 16:00:00+00:00,2026-10-08 15:00:00+00:00,1,1,linear_interpolation,interpolated
2026-10-08,2026-10-09 21:19:23+00:00,online,FR,load,ridge_3mo_context,Ridge with covariates,deg_proxy+tso_forecast,2208,2026-10-08 18:00:00+00:00,48425.37295507608,48525.0,,2026-07-08 16:00:00+00:00,2026-10-08 15:00:00+00:00,1,1,linear_interpolation,interpolated
2026-10-08,2026-10-09 21:19:23+00:00,online,FR,load,ridge_3mo_context,Ridge with covariates,deg_proxy+tso_forecast,2208,2026-10-08 19:00:00+00:00,45296.11313683945,45275.0,,2026-07-08 16:00:00+00:00,2026-10-08 15:00:00+00:00,1,1,linear_interpolation,interpolated
2026-10-08,2026-10-09 21:19:23+00:00,online,FR,load,ridge_3mo_context,Ridge with covariates,deg_proxy+tso_forecast,2208,2026-10-08 20:00:00+00:00,44344.22034469284,44275.0,,2026-07-08 16:00:00+00:00,2026-10-08 15:00:00+00:00,1,1,linear_interpolation,interpolated
2026-10-08,2026-10-09 21:19:23+00:00,online,FR,load,ridge_3mo_context,Ridge with covariates,deg_proxy+tso_forecast,2208,2026-10-08 21:00:00+00:00,44812.99089680307,44750.0,,2026-07-08 16:00:00+00:00,2026-10-08 15:00:00+00:00,1,1,linear_interpolation,interpolated
2026-10-08,2026-10-09 21:19:23+00:00,online,FR,load,ridge_3mo_context,Ridge with covariates,deg_proxy+tso_forecast,2208,2026-10-08 22:00:00+00:00,42632.51494043941,42500.0,,2026-07-08 16:00:00+00:00,2026-10-08 15:00:00+00:00,1,1,linear_interpolation,interpolated
2026-10-08,2026-10-09 21:19:23+00:00,online,FR,load,ridge_3mo_context,Ridge with covariates,deg_proxy+tso_forecast,2208,2026-10-08 23:00:00+00:00,40694.430446087455,40500.0,,2026-07-08 16:00:00+00:00,2026-10-08 15:00:00+00:00,1,1,linear_interpolation,interpolated
2026-10-08,2026-10-09 21:19:23+00:00,online,FR,load,ridge_3mo_context,Ridge with covariates,deg_proxy+tso_forecast,2208,2026-10-09 00:00:00+00:00,39114.611658472,38712.5,,2026-07-08 16:00:00+00:00,2026-10-08 15:00:00+00:00,1,1,linear_interpolation,interpolated
2026-10-08,2026-10-09 21:19:23+00:00,online,FR,load,ridge_3mo_context,Ridge with covariates,deg_proxy+tso_forecast,2208,2026-10-09 01:00:00+00:00,37157.25649605829,36712.5,,2026-07-08 16:00:00+00:00,2026-10-08 15:00:00+00:00,1,1,linear_interpolation,interpolated
2026-10-08,2026-10-09 21:19:23+00:00,online,FR,load,ridge_3mo_context,Ridge with covariates,deg_proxy+tso_forecast,2208,2026-10-09 02:00:00+00:00,36760.65329789036,36312.5,,2026-07-08 16:00:00+00:00,2026-10-08 15:00:00+00:00,1,1,linear_interpolation,interpolated
2026-10-08,2026-10-09 21:19:23+00:00,online,FR,load,ridge_3mo_context,Ridge with covariates,deg_proxy+tso_forecast,2208,2026-10-09 03:00:00+00:00,38132.75222289898,37737.5,,2026-07-08 16:00:00+00:00,2026-10-08 15:00:00+00:00,1,1,linear_interpolation,interpolated
2026-10-08,2026-10-09 21:19:23+00:00,online,FR,load,ridge_3mo_context,Ridge with covariates,deg_proxy+tso_forecast,2208,2026-10-09 04:00:00+00:00,41971.92627358699,41700.0,,2026-07-08 16:00:00+00:00,2026-10-08 15:00:00+00:00,1,1,linear_interpolation,interpolated
2026-10-08,2026-10-09 21:19:23+00:00,online,FR,load,ridge_3mo_context,Ridge with covariates,deg_proxy+tso_forecast,2208,2026-10-09 05:00:00+00:00,46136.4394946784,46000.0,,2026-07-08 16:00:00+00:00,2026-10-08 15:00:00+00:00,1,1,linear_interpolation,interpolated
2026-10-08,2026-10-09 21:19:23+00:00,online,FR,load,ridge_3mo_context,Ridge with covariates,deg_proxy+tso_forecast,2208,2026-10-09 06:00:00+00:00,48739.0671980765,48700.0,,2026-07-08 16:00:00+00:00,2026-10-08 15:00:00+00:00,1,1,linear_interpolation,interpolated
2026-10-08,2026-10-09 21:19:23+00:00,online,FR,load,ridge_3mo_context,Ridge with covariates,deg_proxy+tso_forecast,2208,2026-10-09 07:00:00+00:00,49693.05494144227,49700.0,,2026-07-08 16:00:00+00:00,2026-10-08 15:00:00+00:00,1,1,linear_interpolation,interpolated
2026-10-08,2026-10-09 21:19:23+00:00,online,FR,load,ridge_3mo_context,Ridge with covariates,deg_proxy+tso_forecast,2208,2026-10-09 08:00:00+00:00,50079.340073051135,50125.0,,2026-07-08 16:00:00+00:00,2026-10-08 15:00:00+00:00,1,1,linear_interpolation,interpolated
2026-10-08,2026-10-09 21:19:23+00:00,online,FR,load,ridge_3mo_context,Ridge with covariates,deg_proxy+tso_forecast,2208,2026-10-09 09:00:00+00:00,50717.51944796863,50825.0,,2026-07-08 16:00:00+00:00,2026-10-08 15:00:00+00:00,1,1,linear_interpolation,interpolated
2026-10-08,2026-10-09 21:19:23+00:00,online,FR,load,ridge_3mo_context,Ridge with covariates,deg_proxy+tso_forecast,2208,2026-10-09 10:00:00+00:00,51082.238582165104,51237.5,,2026-07-08 16:00:00+00:00,2026-10-08 15:00:00+00:00,1,1,linear_interpolation,interpolated
2026-10-08,2026-10-09 21:19:23+00:00,online,FR,load,ridge_3mo_context,Ridge with covariates,deg_proxy+tso_forecast,2208,2026-10-09 11:00:00+00:00,50011.1800955121,50175.0,,2026-07-08 16:00:00+00:00,2026-10-08 15:00:00+00:00,1,1,linear_interpolation,interpolated
2026-10-08,2026-10-09 21:19:23+00:00,online,FR,load,ridge_3mo_context,Ridge with covariates,deg_proxy+tso_forecast,2208,2026-10-09 12:00:00+00:00,49263.94940349399,49450.0,,2026-07-08 16:00:00+00:00,2026-10-08 15:00:00+00:00,1,1,linear_interpolation,interpolated
2026-10-08,2026-10-09 21:19:23+00:00,online,FR,load,ridge_3mo_context,Ridge with covariates,deg_proxy+tso_forecast,2208,2026-10-09 13:00:00+00:00,48206.11590885954,48387.5,,2026-07-08 16:00:00+00:00,2026-10-08 15:00:00+00:00,1,1,linear_interpolation,interpolated
2026-10-08,2026-10-09 21:19:23+00:00,online,FR,load,ridge_3mo_context,Ridge with covariates,deg_proxy+tso_forecast,2208,2026-10-09 14:00:00+00:00,45880.23319396291,46000.0,,2026-07-08 16:00:00+00:00,2026-10-08 15:00:00+00:00,1,1,linear_interpolation,interpolated
2026-10-08,2026-10-09 21:19:23+00:00,online,FR,load,ridge_3mo_context,Ridge with covariates,deg_proxy+tso_forecast,2208,2026-10-09 15:00:00+00:00,46126.72311999088,46262.5,,2026-07-08 16:00:00+00:00,2026-10-08 15:00:00+00:00,1,1,linear_interpolation,interpolated
2026-10-08,2026-10-09 21:19:23+00:00,online,FR,load,chronos2_online,Chronos2 with covariates,Temp+tso_forecast,2208,2026-10-08 16:00:00+00:00,47365.578125,47625.0,,2026-07-08 16:00:00+00:00,2026-10-08 15:00:00+00:00,1,1,linear_interpolation,interpolated
2026-10-08,2026-10-09 21:19:23+00:00,online,FR,load,chronos2_online,Chronos2 with covariates,Temp+tso_forecast,2208,2026-10-08 17:00:00+00:00,48999.5625,50137.5,,2026-07-08 16:00:00+00:00,2026-10-08 15:00:00+00:00,1,1,linear_interpolation,interpolated
2026-10-08,2026-10-09 21:19:23+00:00,online,FR,load,chronos2_online,Chronos2 with covariates,Temp+tso_forecast,2208,2026-10-08 18:00:00+00:00,46820.640625,48525.0,,2026-07-08 16:00:00+00:00,2026-10-08 15:00:00+00:00,1,1,linear_interpolation,interpolated
2026-10-08,2026-10-09 21:19:23+00:00,online,FR,load,chronos2_online,Chronos2 with covariates,Temp+tso_forecast,2208,2026-10-08 19:00:00+00:00,43794.01953125,45275.0,,2026-07-08 16:00:00+00:00,2026-10-08 15:00:00+00:00,1,1,linear_interpolation,interpolated
2026-10-08,2026-10-09 21:19:23+00:00,online,FR,load,chronos2_online,Chronos2 with covariates,Temp+tso_forecast,2208,2026-10-08 20:00:00+00:00,43683.0078125,44275.0,,2026-07-08 16:00:00+00:00,2026-10-08 15:00:00+00:00,1,1,linear_interpolation,interpolated
2026-10-08,2026-10-09 21:19:23+00:00,online,FR,load,chronos2_online,Chronos2 with covariates,Temp+tso_forecast,2208,2026-10-08 21:00:00+00:00,42967.3125,44750.0,,2026-07-08 16:00:00+00:00,2026-10-08 15:00:00+00:00,1,1,linear_interpolation,interpolated
2026-10-08,2026-10-09 21:19:23+00:00,online,FR,load,chronos2_online,Chronos2 with covariates,Temp+tso_forecast,2208,2026-10-08 22:00:00+00:00,40820.2265625,42500.0,,2026-07-08 16:00:00+00:00,2026-10-08 15:00:00+00:00,1,1,linear_interpolation,interpolated
2026-10-08,2026-10-09 21:19:23+00:00,online,FR,load,chronos2_online,Chronos2 with covariates,Temp+tso_forecast,2208,2026-10-08 23:00:00+00:00,39512.80859375,40500.0,,2026-07-08 16:00:00+00:00,2026-10-08 15:00:00+00:00,1,1,linear_interpolation,interpolated
2026-10-08,2026-10-09 21:19:23+00:00,online,FR,load,chronos2_online,Chronos2 with covariates,Temp+tso_forecast,2208,2026-10-09 00:00:00+00:00,37441.69140625,38712.5,,2026-07-08 16:00:00+00:00,2026-10-08 15:00:00+00:00,1,1,linear_interpolation,interpolated
2026-10-08,2026-10-09 21:19:23+00:00,online,FR,load,chronos2_online,Chronos2 with covariates,Temp+tso_forecast,2208,2026-10-09 01:00:00+00:00,35902.9140625,36712.5,,2026-07-08 16:00:00+00:00,2026-10-08 15:00:00+00:00,1,1,linear_interpolation,interpolated
2026-10-08,2026-10-09 21:19:23+00:00,online,FR,load,chronos2_online,Chronos2 with covariates,Temp+tso_forecast,2208,2026-10-09 02:00:00+00:00,35474.72265625,36312.5,,2026-07-08 16:00:00+00:00,2026-10-08 15:00:00+00:00,1,1,linear_interpolation,interpolated
2026-10-08,2026-10-09 21:19:23+00:00,online,FR,load,chronos2_online,Chronos2 with covariates,Temp+tso_forecast,2208,2026-10-09 03:00:00+00:00,36859.05859375,37737.5,,2026-07-08 16:00:00+00:00,2026-10-08 15:00:00+00:00,1,1,linear_interpolation,interpolated
2026-10-08,2026-10-09 21:19:23+00:00,online,FR,load,chronos2_online,Chronos2 with covariates,Temp+tso_forecast,2208,2026-10-09 04:00:00+00:00,41058.515625,41700.0,,2026-07-08 16:00:00+00:00,2026-10-08 15:00:00+00:00,1,1,linear_interpolation,interpolated
2026-10-08,2026-10-09 21:19:23+00:00,online,FR,load,chronos2_online,Chronos2 with covariates,Temp+tso_forecast,2208,2026-10-09 05:00:00+00:00,45241.08984375,46000.0,,2026-07-08 16:00:00+00:00,2026-10-08 15:00:00+00:00,1,1,linear_interpolation,interpolated
2026-10-08,2026-10-09 21:19:23+00:00,online,FR,load,chronos2_online,Chronos2 with covariates,Temp+tso_forecast,2208,2026-10-09 06:00:00+00:00,47365.1953125,48700.0,,2026-07-08 16:00:00+00:00,2026-10-08 15:00:00+00:00,1,1,linear_interpolation,interpolated
2026-10-08,2026-10-09 21:19:23+00:00,online,FR,load,chronos2_online,Chronos2 with covariates,Temp+tso_forecast,2208,2026-10-09 07:00:00+00:00,47851.62890625,49700.0,,2026-07-08 16:00:00+00:00,2026-10-08 15:00:00+00:00,1,1,linear_interpolation,interpolated
2026-10-08,2026-10-09 21:19:23+00:00,online,FR,load,chronos2_online,Chronos2 with covariates,Temp+tso_forecast,2208,2026-10-09 08:00:00+00:00,48497.3125,50125.0,,2026-07-08 16:00:00+00:00,2026-10-08 15:00:00+00:00,1,1,linear_interpolation,interpolated
2026-10-08,2026-10-09 21:19:23+00:00,online,FR,load,chronos2_online,Chronos2 with covariates,Temp+tso_forecast,2208,2026-10-09 09:00:00+00:00,49176.41015625,50825.0,,2026-07-08 16:00:00+00:00,2026-10-08 15:00:00+00:00,1,1,linear_interpolation,interpolated
2026-10-08,2026-10-09 21:19:23+00:00,online,FR,load,chronos2_online,Chronos2 with covariates,Temp+tso_forecast,2208,2026-10-09 10:00:00+00:00,49424.2578125,51237.5,,2026-07-08 16:00:00+00:00,2026-10-08 15:00:00+00:00,1,1,linear_interpolation,interpolated
2026-10-08,2026-10-09 21:19:23+00:00,online,FR,load,chronos2_online,Chronos2 with covariates,Temp+tso_forecast,2208,2026-10-09 11:00:00+00:00,48086.39453125,50175.0,,2026-07-08 16:00:00+00:00,2026-10-08 15:00:00+00:00,1,1,linear_interpolation,interpolated
2026-10-08,2026-10-09 21:19:23+00:00,online,FR,load,chronos2_online,Chronos2 with covariates,Temp+tso_forecast,2208,2026-10-09 12:00:00+00:00,47683.58984375,49450.0,,2026-07-08 16:00:00+00:00,2026-10-08 15:00:00+00:00,1,1,linear_interpolation,interpolated
2026-10-08,2026-10-09 21:19:23+00:00,online,FR,load,chronos2_online,Chronos2 with covariates,Temp+tso_forecast,2208,2026-10-09 13:00:00+00:00,46575.10546875,48387.5,,2026-07-08 16:00:00+00:00,2026-10-08 15:00:00+00:00,1,1,linear_interpolation,interpolated
2026-10-08,2026-10-09 21:19:23+00:00,online,FR,load,chronos2_online,Chronos2 with covariates,Temp+tso_forecast,2208,2026-10-09 14:00:00+00:00,45088.9609375,46000.0,,2026-07-08 16:00:00+00:00,2026-10-08 15:00:00+00:00,1,1,linear_interpolation,interpolated
2026-10-08,2026-10-09 21:19:23+00:00,online,FR,load,chronos2_online,Chronos2 with covariates,Temp+tso_forecast,2208,2026-10-09 15:00:00+00:00,45231.30859375,46262.5,,2026-07-08 16:00:00+00:00,2026-10-08 15:00:00+00:00,1,1,linear_interpolation,interpolated
2026-10-08,2026-10-09 21:19:23+00:00,online,DE,load,tso_reference,TSO forecast,tso_forecast,2208,2026-10-08 16:00:00+00:00,61412.1519475,61412.1519475,,2026-07-08 16:00:00+00:00,2026-10-08 15:00:00+00:00,1,1,linear_interpolation,interpolated
2026-10-08,2026-10-09 21:19:23+00:00,online,DE,load,tso_reference,TSO forecast,tso_forecast,2208,2026-10-08 17:00:00+00:00,61329.2086925,61329.2086925,,2026-07-08 16:00:00+00:00,2026-10-08 15:00:00+00:00,1,1,linear_interpolation,interpolated
2026-10-08,2026-10-09 21:19:23+00:00,online,DE,load,tso_reference,TSO forecast,tso_forecast,2208,2026-10-08 18:00:00+00:00,59066.02507575,59066.02507575,,2026-07-08 16:00:00+00:00,2026-10-08 15:00:00+00:00,1,1,linear_interpolation,interpolated
2026-10-08,2026-10-09 21:19:23+00:00,online,DE,load,tso_reference,TSO forecast,tso_forecast,2208,2026-10-08 19:00:00+00:00,55695.27595075,55695.27595075,,2026-07-08 16:00:00+00:00,2026-10-08 15:00:00+00:00,1,1,linear_interpolation,interpolated
2026-10-08,2026-10-09 21:19:23+00:00,online,DE,load,tso_reference,TSO forecast,tso_forecast,2208,2026-10-08 20:00:00+00:00,51867.43131525,51867.43131525,,2026-07-08 16:00:00+00:00,2026-10-08 15:00:00+00:00,1,1,linear_interpolation,interpolated
2026-10-08,2026-10-09 21:19:23+00:00,online,DE,load,tso_reference,TSO forecast,tso_forecast,2208,2026-10-08 21:00:00+00:00,48429.7438485,48429.7438485,,2026-07-08 16:00:00+00:00,2026-10-08 15:00:00+00:00,1,1,linear_interpolation,interpolated
2026-10-08,2026-10-09 21:19:23+00:00,online,DE,load,tso_reference,TSO forecast,tso_forecast,2208,2026-10-08 22:00:00+00:00,45699.5011275,45699.5011275,,2026-07-08 16:00:00+00:00,2026-10-08 15:00:00+00:00,1,1,linear_interpolation,interpolated
2026-10-08,2026-10-09 21:19:23+00:00,online,DE,load,tso_reference,TSO forecast,tso_forecast,2208,2026-10-08 23:00:00+00:00,44059.04207925,44059.04207925,,2026-07-08 16:00:00+00:00,2026-10-08 15:00:00+00:00,1,1,linear_interpolation,interpolated
2026-10-08,2026-10-09 21:19:23+00:00,online,DE,load,tso_reference,TSO forecast,tso_forecast,2208,2026-10-09 00:00:00+00:00,43354.20258275,43354.20258275,,2026-07-08 16:00:00+00:00,2026-10-08 15:00:00+00:00,1,1,linear_interpolation,interpolated
2026-10-08,2026-10-09 21:19:23+00:00,online,DE,load,tso_reference,TSO forecast,tso_forecast,2208,2026-10-09 01:00:00+00:00,43392.39242925,43392.39242925,,2026-07-08 16:00:00+00:00,2026-10-08 15:00:00+00:00,1,1,linear_interpolation,interpolated
2026-10-08,2026-10-09 21:19:23+00:00,online,DE,load,tso_reference,TSO forecast,tso_forecast,2208,2026-10-09 02:00:00+00:00,44551.571384,44551.571384,,2026-07-08 16:00:00+00:00,2026-10-08 15:00:00+00:00,1,1,linear_interpolation,interpolated
2026-10-08,2026-10-09 21:19:23+00:00,online,DE,load,tso_reference,TSO forecast,tso_forecast,2208,2026-10-09 03:00:00+00:00,47294.3292,47294.3292,,2026-07-08 16:00:00+00:00,2026-10-08 15:00:00+00:00,1,1,linear_interpolation,interpolated
2026-10-08,2026-10-09 21:19:23+00:00,online,DE,load,tso_reference,TSO forecast,tso_forecast,2208,2026-10-09 04:00:00+00:00,53387.524327,53387.524327,,2026-07-08 16:00:00+00:00,2026-10-08 15:00:00+00:00,1,1,linear_interpolation,interpolated
2026-10-08,2026-10-09 21:19:23+00:00,online,DE,load,tso_reference,TSO forecast,tso_forecast,2208,2026-10-09 05:00:00+00:00,57962.39330125,57962.39330125,,2026-07-08 16:00:00+00:00,2026-10-08 15:00:00+00:00,1,1,linear_interpolation,interpolated
2026-10-08,2026-10-09 21:19:23+00:00,online,DE,load,tso_reference,TSO forecast,tso_forecast,2208,2026-10-09 06:00:00+00:00,61064.94595225,61064.94595225,,2026-07-08 16:00:00+00:00,2026-10-08 15:00:00+00:00,1,1,linear_interpolation,interpolated
2026-10-08,2026-10-09 21:19:23+00:00,online,DE,load,tso_reference,TSO forecast,tso_forecast,2208,2026-10-09 07:00:00+00:00,62489.63179875,62489.63179875,,2026-07-08 16:00:00+00:00,2026-10-08 15:00:00+00:00,1,1,linear_interpolation,interpolated
2026-10-08,2026-10-09 21:19:23+00:00,online,DE,load,tso_reference,TSO forecast,tso_forecast,2208,2026-10-09 08:00:00+00:00,63165.6172685,63165.6172685,,2026-07-08 16:00:00+00:00,2026-10-08 15:00:00+00:00,1,1,linear_interpolation,interpolated
2026-10-08,2026-10-09 21:19:23+00:00,online,DE,load,tso_reference,TSO forecast,tso_forecast,2208,2026-10-09 09:00:00+00:00,62934.1114515,62934.1114515,,2026-07-08 16:00:00+00:00,2026-10-08 15:00:00+00:00,1,1,linear_interpolation,interpolated
2026-10-08,2026-10-09 21:19:23+00:00,online,DE,load,tso_reference,TSO forecast,tso_forecast,2208,2026-10-09 10:00:00+00:00,61671.56121,61671.56121,,2026-07-08 16:00:00+00:00,2026-10-08 15:00:00+00:00,1,1,linear_interpolation,interpolated
2026-10-08,2026-10-09 21:19:23+00:00,online,DE,load,tso_reference,TSO forecast,tso_forecast,2208,2026-10-09 11:00:00+00:00,60183.4940065,60183.4940065,,2026-07-08 16:00:00+00:00,2026-10-08 15:00:00+00:00,1,1,linear_interpolation,interpolated
2026-10-08,2026-10-09 21:19:23+00:00,online,DE,load,tso_reference,TSO forecast,tso_forecast,2208,2026-10-09 12:00:00+00:00,58806.38562475,58806.38562475,,2026-07-08 16:00:00+00:00,2026-10-08 15:00:00+00:00,1,1,linear_interpolation,interpolated
2026-10-08,2026-10-09 21:19:23+00:00,online,DE,load,tso_reference,TSO forecast,tso_forecast,2208,2026-10-09 13:00:00+00:00,57968.607389,57968.607389,,2026-07-08 16:00:00+00:00,2026-10-08 15:00:00+00:00,1,1,linear_interpolation,interpolated
2026-10-08,2026-10-09 21:19:23+00:00,online,DE,load,tso_reference,TSO forecast,tso_forecast,2208,2026-10-09 14:00:00+00:00,58323.09035775,58323.09035775,,2026-07-08 16:00:00+00:00,2026-10-08 15:00:00+00:00,1,1,linear_interpolation,interpolated
2026-10-08,2026-10-09 21:19:23+00:00,online,DE,load,tso_reference,TSO forecast,tso_forecast,2208,2026-10-09 15:00:00+00:00,58821.93569875,58821.93569875,,2026-07-08 16:00:00+00:00,2026-10-08 15:00:00+00:00,1,1,linear_interpolation,interpolated
2026-10-08,2026-10-09 21:19:23+00:00,online,DE,load,persistence,Persistence,weekly_persistence,2208,2026-10-08 16:00:00+00:00,62233.4756,61412.1519475,,2026-07-08 16:00:00+00:00,2026-10-08 15:00:00+00:00,1,1,linear_interpolation,interpolated
2026-10-08,2026-10-09 21:19:23+00:00,online,DE,load,persistence,Persistence,weekly_persistence,2208,2026-10-08 17:00:00+00:00,62424.198723333335,61329.2086925,,2026-07-08 16:00:00+00:00,2026-10-08 15:00:00+00:00,1,1,linear_interpolation,interpolated
2026-10-08,2026-10-09 21:19:23+00:00,online,DE,load,persistence,Persistence,weekly_persistence,2208,2026-10-08 18:00:00+00:00,59774.796275,59066.02507575,,2026-07-08 16:00:00+00:00,2026-10-08 15:00:00+00:00,1,1,linear_interpolation,interpolated
2026-10-08,2026-10-09 21:19:23+00:00,online,DE,load,persistence,Persistence,weekly_persistence,2208,2026-10-08 19:00:00+00:00,57069.70858333333,55695.27595075,,2026-07-08 16:00:00+00:00,2026-10-08 15:00:00+00:00,1,1,linear_interpolation,interpolated
2026-10-08,2026-10-09 21:19:23+00:00,online,DE,load,persistence,Persistence,weekly_persistence,2208,2026-10-08 20:00:00+00:00,53819.153145,51867.43131525,,2026-07-08 16:00:00+00:00,2026-10-08 15:00:00+00:00,1,1,linear_interpolation,interpolated
2026-10-08,2026-10-09 21:19:23+00:00,online,DE,load,persistence,Persistence,weekly_persistence,2208,2026-10-08 21:00:00+00:00,51304.8710425,48429.7438485,,2026-07-08 16:00:00+00:00,2026-10-08 15:00:00+00:00,1,1,linear_interpolation,interpolated
2026-10-08,2026-10-09 21:19:23+00:00,online,DE,load,persistence,Persistence,weekly_persistence,2208,2026-10-08 22:00:00+00:00,48994.27545,45699.5011275,,2026-07-08 16:00:00+00:00,2026-10-08 15:00:00+00:00,1,1,linear_interpolation,interpolated
2026-10-08,2026-10-09 21:19:23+00:00,online,DE,load,persistence,Persistence,weekly_persistence,2208,2026-10-08 23:00:00+00:00,47150.76609,44059.04207925,,2026-07-08 16:00:00+00:00,2026-10-08 15:00:00+00:00,1,1,linear_interpolation,interpolated
2026-10-08,2026-10-09 21:19:23+00:00,online,DE,load,persistence,Persistence,weekly_persistence,2208,2026-10-09 00:00:00+00:00,46938.781495,43354.20258275,,2026-07-08 16:00:00+00:00,2026-10-08 15:00:00+00:00,1,1,linear_interpolation,interpolated
2026-10-08,2026-10-09 21:19:23+00:00,online,DE,load,persistence,Persistence,weekly_persistence,2208,2026-10-09 01:00:00+00:00,47241.03806,43392.39242925,,2026-07-08 16:00:00+00:00,2026-10-08 15:00:00+00:00,1,1,linear_interpolation,interpolated
2026-10-08,2026-10-09 21:19:23+00:00,online,DE,load,persistence,Persistence,weekly_persistence,2208,2026-10-09 02:00:00+00:00,48016.639683333335,44551.571384,,2026-07-08 16:00:00+00:00,2026-10-08 15:00:00+00:00,1,1,linear_interpolation,interpolated
2026-10-08,2026-10-09 21:19:23+00:00,online,DE,load,persistence,Persistence,weekly_persistence,2208,2026-10-09 03:00:00+00:00,50719.2952925,47294.3292,,2026-07-08 16:00:00+00:00,2026-10-08 15:00:00+00:00,1,1,linear_interpolation,interpolated
2026-10-08,2026-10-09 21:19:23+00:00,online,DE,load,persistence,Persistence,weekly_persistence,2208,2026-10-09 04:00:00+00:00,57148.1827025,53387.524327,,2026-07-08 16:00:00+00:00,2026-10-08 15:00:00+00:00,1,1,linear_interpolation,interpolated
2026-10-08,2026-10-09 21:19:23+00:00,online,DE,load,persistence,Persistence,weekly_persistence,2208,2026-10-09 05:00:00+00:00,60761.329425,57962.39330125,,2026-07-08 16:00:00+00:00,2026-10-08 15:00:00+00:00,1,1,linear_interpolation,interpolated
2026-10-08,2026-10-09 21:19:23+00:00,online,DE,load,persistence,Persistence,weekly_persistence,2208,2026-10-09 06:00:00+00:00,64685.397,61064.94595225,,2026-07-08 16:00:00+00:00,2026-10-08 15:00:00+00:00,1,1,linear_interpolation,interpolated
2026-10-08,2026-10-09 21:19:23+00:00,online,DE,load,persistence,Persistence,weekly_persistence,2208,2026-10-09 07:00:00+00:00,65900.71390333334,62489.63179875,,2026-07-08 16:00:00+00:00,2026-10-08 15:00:00+00:00,1,1,linear_interpolation,interpolated
2026-10-08,2026-10-09 21:19:23+00:00,online,DE,load,persistence,Persistence,weekly_persistence,2208,2026-10-09 08:00:00+00:00,66723.43927,63165.6172685,,2026-07-08 16:00:00+00:00,2026-10-08 15:00:00+00:00,1,1,linear_interpolation,interpolated
2026-10-08,2026-10-09 21:19:23+00:00,online,DE,load,persistence,Persistence,weekly_persistence,2208,2026-10-09 09:00:00+00:00,65489.36375333334,62934.1114515,,2026-07-08 16:00:00+00:00,2026-10-08 15:00:00+00:00,1,1,linear_interpolation,interpolated
2026-10-08,2026-10-09 21:19:23+00:00,online,DE,load,persistence,Persistence,weekly_persistence,2208,2026-10-09 10:00:00+00:00,64630.7722075,61671.56121,,2026-07-08 16:00:00+00:00,2026-10-08 15:00:00+00:00,1,1,linear_interpolation,interpolated
2026-10-08,2026-10-09 21:19:23+00:00,online,DE,load,persistence,Persistence,weekly_persistence,2208,2026-10-09 11:00:00+00:00,62437.2665225,60183.4940065,,2026-07-08 16:00:00+00:00,2026-10-08 15:00:00+00:00,1,1,linear_interpolation,interpolated
2026-10-08,2026-10-09 21:19:23+00:00,online,DE,load,persistence,Persistence,weekly_persistence,2208,2026-10-09 12:00:00+00:00,58840.7618675,58806.38562475,,2026-07-08 16:00:00+00:00,2026-10-08 15:00:00+00:00,1,1,linear_interpolation,interpolated
2026-10-08,2026-10-09 21:19:23+00:00,online,DE,load,persistence,Persistence,weekly_persistence,2208,2026-10-09 13:00:00+00:00,59039.5390675,57968.607389,,2026-07-08 16:00:00+00:00,2026-10-08 15:00:00+00:00,1,1,linear_interpolation,interpolated
2026-10-08,2026-10-09 21:19:23+00:00,online,DE,load,persistence,Persistence,weekly_persistence,2208,2026-10-09 14:00:00+00:00,59634.72055,58323.09035775,,2026-07-08 16:00:00+00:00,2026-10-08 15:00:00+00:00,1,1,linear_interpolation,interpolated
2026-10-08,2026-10-09 21:19:23+00:00,online,DE,load,persistence,Persistence,weekly_persistence,2208,2026-10-09 15:00:00+00:00,59746.757293333336,58821.93569875,,2026-07-08 16:00:00+00:00,2026-10-08 15:00:00+00:00,1,1,linear_interpolation,interpolated
2026-10-08,2026-10-09 21:19:23+00:00,online,DE,load,ridge_3mo_context,Ridge with covariates,Hum+tso_forecast,2208,2026-10-08 16:00:00+00:00,62232.4699804947,61412.1519475,,2026-07-08 16:00:00+00:00,2026-10-08 15:00:00+00:00,1,1,linear_interpolation,interpolated
2026-10-08,2026-10-09 21:19:23+00:00,online,DE,load,ridge_3mo_context,Ridge with covariates,Hum+tso_forecast,2208,2026-10-08 17:00:00+00:00,62157.80992811299,61329.2086925,,2026-07-08 16:00:00+00:00,2026-10-08 15:00:00+00:00,1,1,linear_interpolation,interpolated
2026-10-08,2026-10-09 21:19:23+00:00,online,DE,load,ridge_3mo_context,Ridge with covariates,Hum+tso_forecast,2208,2026-10-08 18:00:00+00:00,59909.234999878434,59066.02507575,,2026-07-08 16:00:00+00:00,2026-10-08 15:00:00+00:00,1,1,linear_interpolation,interpolated
2026-10-08,2026-10-09 21:19:23+00:00,online,DE,load,ridge_3mo_context,Ridge with covariates,Hum+tso_forecast,2208,2026-10-08 19:00:00+00:00,56713.28414371684,55695.27595075,,2026-07-08 16:00:00+00:00,2026-10-08 15:00:00+00:00,1,1,linear_interpolation,interpolated
2026-10-08,2026-10-09 21:19:23+00:00,online,DE,load,ridge_3mo_context,Ridge with covariates,Hum+tso_forecast,2208,2026-10-08 20:00:00+00:00,53065.20049259723,51867.43131525,,2026-07-08 16:00:00+00:00,2026-10-08 15:00:00+00:00,1,1,linear_interpolation,interpolated
2026-10-08,2026-10-09 21:19:23+00:00,online,DE,load,ridge_3mo_context,Ridge with covariates,Hum+tso_forecast,2208,2026-10-08 21:00:00+00:00,49739.643104021336,48429.7438485,,2026-07-08 16:00:00+00:00,2026-10-08 15:00:00+00:00,1,1,linear_interpolation,interpolated
2026-10-08,2026-10-09 21:19:23+00:00,online,DE,load,ridge_3mo_context,Ridge with covariates,Hum+tso_forecast,2208,2026-10-08 22:00:00+00:00,47081.187410916,45699.5011275,,2026-07-08 16:00:00+00:00,2026-10-08 15:00:00+00:00,1,1,linear_interpolation,interpolated
2026-10-08,2026-10-09 21:19:23+00:00,online,DE,load,ridge_3mo_context,Ridge with covariates,Hum+tso_forecast,2208,2026-10-08 23:00:00+00:00,45491.16409038439,44059.04207925,,2026-07-08 16:00:00+00:00,2026-10-08 15:00:00+00:00,1,1,linear_interpolation,interpolated
2026-10-08,2026-10-09 21:19:23+00:00,online,DE,load,ridge_3mo_context,Ridge with covariates,Hum+tso_forecast,2208,2026-10-09 00:00:00+00:00,44995.24316779851,43354.20258275,,2026-07-08 16:00:00+00:00,2026-10-08 15:00:00+00:00,1,1,linear_interpolation,interpolated
2026-10-08,2026-10-09 21:19:23+00:00,online,DE,load,ridge_3mo_context,Ridge with covariates,Hum+tso_forecast,2208,2026-10-09 01:00:00+00:00,45041.19760637408,43392.39242925,,2026-07-08 16:00:00+00:00,2026-10-08 15:00:00+00:00,1,1,linear_interpolation,interpolated
2026-10-08,2026-10-09 21:19:23+00:00,online,DE,load,ridge_3mo_context,Ridge with covariates,Hum+tso_forecast,2208,2026-10-09 02:00:00+00:00,46211.39164396006,44551.571384,,2026-07-08 16:00:00+00:00,2026-10-08 15:00:00+00:00,1,1,linear_interpolation,interpolated
2026-10-08,2026-10-09 21:19:23+00:00,online,DE,load,ridge_3mo_context,Ridge with covariates,Hum+tso_forecast,2208,2026-10-09 03:00:00+00:00,48872.53124110754,47294.3292,,2026-07-08 16:00:00+00:00,2026-10-08 15:00:00+00:00,1,1,linear_interpolation,interpolated
2026-10-08,2026-10-09 21:19:23+00:00,online,DE,load,ridge_3mo_context,Ridge with covariates,Hum+tso_forecast,2208,2026-10-09 04:00:00+00:00,54773.422588189605,53387.524327,,2026-07-08 16:00:00+00:00,2026-10-08 15:00:00+00:00,1,1,linear_interpolation,interpolated
2026-10-08,2026-10-09 21:19:23+00:00,online,DE,load,ridge_3mo_context,Ridge with covariates,Hum+tso_forecast,2208,2026-10-09 05:00:00+00:00,59186.31052369765,57962.39330125,,2026-07-08 16:00:00+00:00,2026-10-08 15:00:00+00:00,1,1,linear_interpolation,interpolated
2026-10-08,2026-10-09 21:19:23+00:00,online,DE,load,ridge_3mo_context,Ridge with covariates,Hum+tso_forecast,2208,2026-10-09 06:00:00+00:00,62178.561893277554,61064.94595225,,2026-07-08 16:00:00+00:00,2026-10-08 15:00:00+00:00,1,1,linear_interpolation,interpolated
2026-10-08,2026-10-09 21:19:23+00:00,online,DE,load,ridge_3mo_context,Ridge with covariates,Hum+tso_forecast,2208,2026-10-09 07:00:00+00:00,63540.42934262233,62489.63179875,,2026-07-08 16:00:00+00:00,2026-10-08 15:00:00+00:00,1,1,linear_interpolation,interpolated
2026-10-08,2026-10-09 21:19:23+00:00,online,DE,load,ridge_3mo_context,Ridge with covariates,Hum+tso_forecast,2208,2026-10-09 08:00:00+00:00,64079.93932998064,63165.6172685,,2026-07-08 16:00:00+00:00,2026-10-08 15:00:00+00:00,1,1,linear_interpolation,interpolated
2026-10-08,2026-10-09 21:19:23+00:00,online,DE,load,ridge_3mo_context,Ridge with covariates,Hum+tso_forecast,2208,2026-10-09 09:00:00+00:00,63811.79264309535,62934.1114515,,2026-07-08 16:00:00+00:00,2026-10-08 15:00:00+00:00,1,1,linear_interpolation,interpolated
2026-10-08,2026-10-09 21:19:23+00:00,online,DE,load,ridge_3mo_context,Ridge with covariates,Hum+tso_forecast,2208,2026-10-09 10:00:00+00:00,62540.7633808758,61671.56121,,2026-07-08 16:00:00+00:00,2026-10-08 15:00:00+00:00,1,1,linear_interpolation,interpolated
2026-10-08,2026-10-09 21:19:23+00:00,online,DE,load,ridge_3mo_context,Ridge with covariates,Hum+tso_forecast,2208,2026-10-09 11:00:00+00:00,61058.71524415138,60183.4940065,,2026-07-08 16:00:00+00:00,2026-10-08 15:00:00+00:00,1,1,linear_interpolation,interpolated
2026-10-08,2026-10-09 21:19:23+00:00,online,DE,load,ridge_3mo_context,Ridge with covariates,Hum+tso_forecast,2208,2026-10-09 12:00:00+00:00,59692.35100346136,58806.38562475,,2026-07-08 16:00:00+00:00,2026-10-08 15:00:00+00:00,1,1,linear_interpolation,interpolated
2026-10-08,2026-10-09 21:19:23+00:00,online,DE,load,ridge_3mo_context,Ridge with covariates,Hum+tso_forecast,2208,2026-10-09 13:00:00+00:00,58874.968153109134,57968.607389,,2026-07-08 16:00:00+00:00,2026-10-08 15:00:00+00:00,1,1,linear_interpolation,interpolated
2026-10-08,2026-10-09 21:19:23+00:00,online,DE,load,ridge_3mo_context,Ridge with covariates,Hum+tso_forecast,2208,2026-10-09 14:00:00+00:00,59239.84139244266,58323.09035775,,2026-07-08 16:00:00+00:00,2026-10-08 15:00:00+00:00,1,1,linear_interpolation,interpolated
2026-10-08,2026-10-09 21:19:23+00:00,online,DE,load,ridge_3mo_context,Ridge with covariates,Hum+tso_forecast,2208,2026-10-09 15:00:00+00:00,59714.9656123828,58821.93569875,,2026-07-08 16:00:00+00:00,2026-10-08 15:00:00+00:00,1,1,linear_interpolation,interpolated
2026-10-08,2026-10-09 21:19:23+00:00,online,DE,load,chronos2_online,Chronos2 with covariates,Hum+tso_forecast,2208,2026-10-08 16:00:00+00:00,62455.09765625,61412.1519475,,2026-07-08 16:00:00+00:00,2026-10-08 15:00:00+00:00,1,1,linear_interpolation,interpolated
2026-10-08,2026-10-09 21:19:23+00:00,online,DE,load,chronos2_online,Chronos2 with covariates,Hum+tso_forecast,2208,2026-10-08 17:00:00+00:00,62031.76953125,61329.2086925,,2026-07-08 16:00:00+00:00,2026-10-08 15:00:00+00:00,1,1,linear_interpolation,interpolated
2026-10-08,2026-10-09 21:19:23+00:00,online,DE,load,chronos2_online,Chronos2 with covariates,Hum+tso_forecast,2208,2026-10-08 18:00:00+00:00,59727.39453125,59066.02507575,,2026-07-08 16:00:00+00:00,2026-10-08 15:00:00+00:00,1,1,linear_interpolation,interpolated
2026-10-08,2026-10-09 21:19:23+00:00,online,DE,load,chronos2_online,Chronos2 with covariates,Hum+tso_forecast,2208,2026-10-08 19:00:00+00:00,56766.3828125,55695.27595075,,2026-07-08 16:00:00+00:00,2026-10-08 15:00:00+00:00,1,1,linear_interpolation,interpolated
2026-10-08,2026-10-09 21:19:23+00:00,online,DE,load,chronos2_online,Chronos2 with covariates,Hum+tso_forecast,2208,2026-10-08 20:00:00+00:00,53357.99609375,51867.43131525,,2026-07-08 16:00:00+00:00,2026-10-08 15:00:00+00:00,1,1,linear_interpolation,interpolated
2026-10-08,2026-10-09 21:19:23+00:00,online,DE,load,chronos2_online,Chronos2 with covariates,Hum+tso_forecast,2208,2026-10-08 21:00:00+00:00,50443.640625,48429.7438485,,2026-07-08 16:00:00+00:00,2026-10-08 15:00:00+00:00,1,1,linear_interpolation,interpolated
2026-10-08,2026-10-09 21:19:23+00:00,online,DE,load,chronos2_online,Chronos2 with covariates,Hum+tso_forecast,2208,2026-10-08 22:00:00+00:00,47946.4296875,45699.5011275,,2026-07-08 16:00:00+00:00,2026-10-08 15:00:00+00:00,1,1,linear_interpolation,interpolated
2026-10-08,2026-10-09 21:19:23+00:00,online,DE,load,chronos2_online,Chronos2 with covariates,Hum+tso_forecast,2208,2026-10-08 23:00:00+00:00,46304.828125,44059.04207925,,2026-07-08 16:00:00+00:00,2026-10-08 15:00:00+00:00,1,1,linear_interpolation,interpolated
2026-10-08,2026-10-09 21:19:23+00:00,online,DE,load,chronos2_online,Chronos2 with covariates,Hum+tso_forecast,2208,2026-10-09 00:00:00+00:00,45900.19921875,43354.20258275,,2026-07-08 16:00:00+00:00,2026-10-08 15:00:00+00:00,1,1,linear_interpolation,interpolated
2026-10-08,2026-10-09 21:19:23+00:00,online,DE,load,chronos2_online,Chronos2 with covariates,Hum+tso_forecast,2208,2026-10-09 01:00:00+00:00,46256.18359375,43392.39242925,,2026-07-08 16:00:00+00:00,2026-10-08 15:00:00+00:00,1,1,linear_interpolation,interpolated
2026-10-08,2026-10-09 21:19:23+00:00,online,DE,load,chronos2_online,Chronos2 with covariates,Hum+tso_forecast,2208,2026-10-09 02:00:00+00:00,47671.31640625,44551.571384,,2026-07-08 16:00:00+00:00,2026-10-08 15:00:00+00:00,1,1,linear_interpolation,interpolated
2026-10-08,2026-10-09 21:19:23+00:00,online,DE,load,chronos2_online,Chronos2 with covariates,Hum+tso_forecast,2208,2026-10-09 03:00:00+00:00,51059.125,47294.3292,,2026-07-08 16:00:00+00:00,2026-10-08 15:00:00+00:00,1,1,linear_interpolation,interpolated
2026-10-08,2026-10-09 21:19:23+00:00,online,DE,load,chronos2_online,Chronos2 with covariates,Hum+tso_forecast,2208,2026-10-09 04:00:00+00:00,57056.7890625,53387.524327,,2026-07-08 16:00:00+00:00,2026-10-08 15:00:00+00:00,1,1,linear_interpolation,interpolated
2026-10-08,2026-10-09 21:19:23+00:00,online,DE,load,chronos2_online,Chronos2 with covariates,Hum+tso_forecast,2208,2026-10-09 05:00:00+00:00,60685.578125,57962.39330125,,2026-07-08 16:00:00+00:00,2026-10-08 15:00:00+00:00,1,1,linear_interpolation,interpolated
2026-10-08,2026-10-09 21:19:23+00:00,online,DE,load,chronos2_online,Chronos2 with covariates,Hum+tso_forecast,2208,2026-10-09 06:00:00+00:00,63690.4375,61064.94595225,,2026-07-08 16:00:00+00:00,2026-10-08 15:00:00+00:00,1,1,linear_interpolation,interpolated
2026-10-08,2026-10-09 21:19:23+00:00,online,DE,load,chronos2_online,Chronos2 with covariates,Hum+tso_forecast,2208,2026-10-09 07:00:00+00:00,64736.3125,62489.63179875,,2026-07-08 16:00:00+00:00,2026-10-08 15:00:00+00:00,1,1,linear_interpolation,interpolated
2026-10-08,2026-10-09 21:19:23+00:00,online,DE,load,chronos2_online,Chronos2 with covariates,Hum+tso_forecast,2208,2026-10-09 08:00:00+00:00,64846.4765625,63165.6172685,,2026-07-08 16:00:00+00:00,2026-10-08 15:00:00+00:00,1,1,linear_interpolation,interpolated
2026-10-08,2026-10-09 21:19:23+00:00,online,DE,load,chronos2_online,Chronos2 with covariates,Hum+tso_forecast,2208,2026-10-09 09:00:00+00:00,64704.52734375,62934.1114515,,2026-07-08 16:00:00+00:00,2026-10-08 15:00:00+00:00,1,1,linear_interpolation,interpolated
2026-10-08,2026-10-09 21:19:23+00:00,online,DE,load,chronos2_online,Chronos2 with covariates,Hum+tso_forecast,2208,2026-10-09 10:00:00+00:00,64031.1796875,61671.56121,,2026-07-08 16:00:00+00:00,2026-10-08 15:00:00+00:00,1,1,linear_interpolation,interpolated
2026-10-08,2026-10-09 21:19:23+00:00,online,DE,load,chronos2_online,Chronos2 with covariates,Hum+tso_forecast,2208,2026-10-09 11:00:00+00:00,63242.6640625,60183.4940065,,2026-07-08 16:00:00+00:00,2026-10-08 15:00:00+00:00,1,1,linear_interpolation,interpolated
2026-10-08,2026-10-09 21:19:23+00:00,online,DE,load,chronos2_online,Chronos2 with covariates,Hum+tso_forecast,2208,2026-10-09 12:00:00+00:00,61885.16015625,58806.38562475,,2026-07-08 16:00:00+00:00,2026-10-08 15:00:00+00:00,1,1,linear_interpolation,interpolated
2026-10-08,2026-10-09 21:19:23+00:00,online,DE,load,chronos2_online,Chronos2 with covariates,Hum+tso_forecast,2208,2026-10-09 13:00:00+00:00,61146.89453125,57968.607389,,2026-07-08 16:00:00+00:00,2026-10-08 15:00:00+00:00,1,1,linear_interpolation,interpolated
2026-10-08,2026-10-09 21:19:23+00:00,online,DE,load,chronos2_online,Chronos2 with covariates,Hum+tso_forecast,2208,2026-10-09 14:00:00+00:00,60944.90234375,58323.09035775,,2026-07-08 16:00:00+00:00,2026-10-08 15:00:00+00:00,1,1,linear_interpolation,interpolated
2026-10-08,2026-10-09 21:19:23+00:00,online,DE,load,chronos2_online,Chronos2 with covariates,Hum+tso_forecast,2208,2026-10-09 15:00:00+00:00,61133.62890625,58821.93569875,,2026-07-08 16:00:00+00:00,2026-10-08 15:00:00+00:00,1,1,linear_interpolation,interpolated
2026-10-08,2026-10-09 21:19:23+00:00,online,DE,solar,tso_reference,TSO forecast,tso_forecast,2208,2026-10-08 16:00:00+00:00,549.16844,549.16844,,2026-07-08 16:00:00+00:00,2026-10-08 15:00:00+00:00,1,1,linear_interpolation,interpolated
2026-10-08,2026-10-09 21:19:23+00:00,online,DE,solar,tso_reference,TSO forecast,tso_forecast,2208,2026-10-08 17:00:00+00:00,0.0,0.0,,2026-07-08 16:00:00+00:00,2026-10-08 15:00:00+00:00,1,1,linear_interpolation,interpolated
2026-10-08,2026-10-09 21:19:23+00:00,online,DE,solar,tso_reference,TSO forecast,tso_forecast,2208,2026-10-08 18:00:00+00:00,0.0,0.0,,2026-07-08 16:00:00+00:00,2026-10-08 15:00:00+00:00,1,1,linear_interpolation,interpolated
2026-10-08,2026-10-09 21:19:23+00:00,online,DE,solar,tso_reference,TSO forecast,tso_forecast,2208,2026-10-08 19:00:00+00:00,0.0,0.0,,2026-07-08 16:00:00+00:00,2026-10-08 15:00:00+00:00,1,1,linear_interpolation,interpolated
2026-10-08,2026-10-09 21:19:23+00:00,online,DE,solar,tso_reference,TSO forecast,tso_forecast,2208,2026-10-08 20:00:00+00:00,0.0,0.0,,2026-07-08 16:00:00+00:00,2026-10-08 15:00:00+00:00,1,1,linear_interpolation,interpolated
2026-10-08,2026-10-09 21:19:23+00:00,online,DE,solar,tso_reference,TSO forecast,tso_forecast,2208,2026-10-08 21:00:00+00:00,0.0,0.0,,2026-07-08 16:00:00+00:00,2026-10-08 15:00:00+00:00,1,1,linear_interpolation,interpolated
2026-10-08,2026-10-09 21:19:23+00:00,online,DE,solar,tso_reference,TSO forecast,tso_forecast,2208,2026-10-08 22:00:00+00:00,0.0,0.0,,2026-07-08 16:00:00+00:00,2026-10-08 15:00:00+00:00,1,1,linear_interpolation,interpolated
2026-10-08,2026-10-09 21:19:23+00:00,online,DE,solar,tso_reference,TSO forecast,tso_forecast,2208,2026-10-08 23:00:00+00:00,0.0,0.0,,2026-07-08 16:00:00+00:00,2026-10-08 15:00:00+00:00,1,1,linear_interpolation,interpolated
2026-10-08,2026-10-09 21:19:23+00:00,online,DE,solar,tso_reference,TSO forecast,tso_forecast,2208,2026-10-09 00:00:00+00:00,0.0,0.0,,2026-07-08 16:00:00+00:00,2026-10-08 15:00:00+00:00,1,1,linear_interpolation,interpolated
2026-10-08,2026-10-09 21:19:23+00:00,online,DE,solar,tso_reference,TSO forecast,tso_forecast,2208,2026-10-09 01:00:00+00:00,0.0,0.0,,2026-07-08 16:00:00+00:00,2026-10-08 15:00:00+00:00,1,1,linear_interpolation,interpolated
2026-10-08,2026-10-09 21:19:23+00:00,online,DE,solar,tso_reference,TSO forecast,tso_forecast,2208,2026-10-09 02:00:00+00:00,0.0,0.0,,2026-07-08 16:00:00+00:00,2026-10-08 15:00:00+00:00,1,1,linear_interpolation,interpolated
2026-10-08,2026-10-09 21:19:23+00:00,online,DE,solar,tso_reference,TSO forecast,tso_forecast,2208,2026-10-09 03:00:00+00:00,0.0,0.0,,2026-07-08 16:00:00+00:00,2026-10-08 15:00:00+00:00,1,1,linear_interpolation,interpolated
2026-10-08,2026-10-09 21:19:23+00:00,online,DE,solar,tso_reference,TSO forecast,tso_forecast,2208,2026-10-09 04:00:00+00:00,0.0,0.0,,2026-07-08 16:00:00+00:00,2026-10-08 15:00:00+00:00,1,1,linear_interpolation,interpolated
2026-10-08,2026-10-09 21:19:23+00:00,online,DE,solar,tso_reference,TSO forecast,tso_forecast,2208,2026-10-09 05:00:00+00:00,407.80921,407.80921,,2026-07-08 16:00:00+00:00,2026-10-08 15:00:00+00:00,1,1,linear_interpolation,interpolated
2026-10-08,2026-10-09 21:19:23+00:00,online,DE,solar,tso_reference,TSO forecast,tso_forecast,2208,2026-10-09 06:00:00+00:00,4639.6986175,4639.6986175,,2026-07-08 16:00:00+00:00,2026-10-08 15:00:00+00:00,1,1,linear_interpolation,interpolated
2026-10-08,2026-10-09 21:19:23+00:00,online,DE,solar,tso_reference,TSO forecast,tso_forecast,2208,2026-10-09 07:00:00+00:00,12152.1696075,12152.1696075,,2026-07-08 16:00:00+00:00,2026-10-08 15:00:00+00:00,1,1,linear_interpolation,interpolated
2026-10-08,2026-10-09 21:19:23+00:00,online,DE,solar,tso_reference,TSO forecast,tso_forecast,2208,2026-10-09 08:00:00+00:00,18726.21124,18726.21124,,2026-07-08 16:00:00+00:00,2026-10-08 15:00:00+00:00,1,1,linear_interpolation,interpolated
2026-10-08,2026-10-09 21:19:23+00:00,online,DE,solar,tso_reference,TSO forecast,tso_forecast,2208,2026-10-09 09:00:00+00:00,22343.2057175,22343.2057175,,2026-07-08 16:00:00+00:00,2026-10-08 15:00:00+00:00,1,1,linear_interpolation,interpolated
2026-10-08,2026-10-09 21:19:23+00:00,online,DE,solar,tso_reference,TSO forecast,tso_forecast,2208,2026-10-09 10:00:00+00:00,22752.71292,22752.71292,,2026-07-08 16:00:00+00:00,2026-10-08 15:00:00+00:00,1,1,linear_interpolation,interpolated
2026-10-08,2026-10-09 21:19:23+00:00,online,DE,solar,tso_reference,TSO forecast,tso_forecast,2208,2026-10-09 11:00:00+00:00,20557.6183575,20557.6183575,,2026-07-08 16:00:00+00:00,2026-10-08 15:00:00+00:00,1,1,linear_interpolation,interpolated
2026-10-08,2026-10-09 21:19:23+00:00,online,DE,solar,tso_reference,TSO forecast,tso_forecast,2208,2026-10-09 12:00:00+00:00,16243.3809925,16243.3809925,,2026-07-08 16:00:00+00:00,2026-10-08 15:00:00+00:00,1,1,linear_interpolation,interpolated
2026-10-08,2026-10-09 21:19:23+00:00,online,DE,solar,tso_reference,TSO forecast,tso_forecast,2208,2026-10-09 13:00:00+00:00,11274.8762875,11274.8762875,,2026-07-08 16:00:00+00:00,2026-10-08 15:00:00+00:00,1,1,linear_interpolation,interpolated
2026-10-08,2026-10-09 21:19:23+00:00,online,DE,solar,tso_reference,TSO forecast,tso_forecast,2208,2026-10-09 14:00:00+00:00,6489.9516425,6489.9516425,,2026-07-08 16:00:00+00:00,2026-10-08 15:00:00+00:00,1,1,linear_interpolation,interpolated
2026-10-08,2026-10-09 21:19:23+00:00,online,DE,solar,tso_reference,TSO forecast,tso_forecast,2208,2026-10-09 15:00:00+00:00,2388.74091,2388.74091,,2026-07-08 16:00:00+00:00,2026-10-08 15:00:00+00:00,1,1,linear_interpolation,interpolated
2026-10-08,2026-10-09 21:19:23+00:00,online,DE,solar,persistence,Persistence,daily_persistence,2208,2026-10-08 16:00:00+00:00,578.7095,549.16844,,2026-07-08 16:00:00+00:00,2026-10-08 15:00:00+00:00,1,1,linear_interpolation,interpolated
2026-10-08,2026-10-09 21:19:23+00:00,online,DE,solar,persistence,Persistence,daily_persistence,2208,2026-10-08 17:00:00+00:00,0.35425,0.0,,2026-07-08 16:00:00+00:00,2026-10-08 15:00:00+00:00,1,1,linear_interpolation,interpolated
2026-10-08,2026-10-09 21:19:23+00:00,online,DE,solar,persistence,Persistence,daily_persistence,2208,2026-10-08 18:00:00+00:00,0.197,0.0,,2026-07-08 16:00:00+00:00,2026-10-08 15:00:00+00:00,1,1,linear_interpolation,interpolated
2026-10-08,2026-10-09 21:19:23+00:00,online,DE,solar,persistence,Persistence,daily_persistence,2208,2026-10-08 19:00:00+00:00,0.101,0.0,,2026-07-08 16:00:00+00:00,2026-10-08 15:00:00+00:00,1,1,linear_interpolation,interpolated
2026-10-08,2026-10-09 21:19:23+00:00,online,DE,solar,persistence,Persistence,daily_persistence,2208,2026-10-08 20:00:00+00:00,0.1175,0.0,,2026-07-08 16:00:00+00:00,2026-10-08 15:00:00+00:00,1,1,linear_interpolation,interpolated
2026-10-08,2026-10-09 21:19:23+00:00,online,DE,solar,persistence,Persistence,daily_persistence,2208,2026-10-08 21:00:00+00:00,0.0849999999999999,0.0,,2026-07-08 16:00:00+00:00,2026-10-08 15:00:00+00:00,1,1,linear_interpolation,interpolated
2026-10-08,2026-10-09 21:19:23+00:00,online,DE,solar,persistence,Persistence,daily_persistence,2208,2026-10-08 22:00:00+00:00,0.113,0.0,,2026-07-08 16:00:00+00:00,2026-10-08 15:00:00+00:00,1,1,linear_interpolation,interpolated
2026-10-08,2026-10-09 21:19:23+00:00,online,DE,solar,persistence,Persistence,daily_persistence,2208,2026-10-08 23:00:00+00:00,0.11525,0.0,,2026-07-08 16:00:00+00:00,2026-10-08 15:00:00+00:00,1,1,linear_interpolation,interpolated
2026-10-08,2026-10-09 21:19:23+00:00,online,DE,solar,persistence,Persistence,daily_persistence,2208,2026-10-09 00:00:00+00:00,0.118,0.0,,2026-07-08 16:00:00+00:00,2026-10-08 15:00:00+00:00,1,1,linear_interpolation,interpolated
2026-10-08,2026-10-09 21:19:23+00:00,online,DE,solar,persistence,Persistence,daily_persistence,2208,2026-10-09 01:00:00+00:00,0.1035,0.0,,2026-07-08 16:00:00+00:00,2026-10-08 15:00:00+00:00,1,1,linear_interpolation,interpolated
2026-10-08,2026-10-09 21:19:23+00:00,online,DE,solar,persistence,Persistence,daily_persistence,2208,2026-10-09 02:00:00+00:00,0.1035,0.0,,2026-07-08 16:00:00+00:00,2026-10-08 15:00:00+00:00,1,1,linear_interpolation,interpolated
2026-10-08,2026-10-09 21:19:23+00:00,online,DE,solar,persistence,Persistence,daily_persistence,2208,2026-10-09 03:00:00+00:00,0.105,0.0,,2026-07-08 16:00:00+00:00,2026-10-08 15:00:00+00:00,1,1,linear_interpolation,interpolated
2026-10-08,2026-10-09 21:19:23+00:00,online,DE,solar,persistence,Persistence,daily_persistence,2208,2026-10-09 04:00:00+00:00,0.07575,0.0,,2026-07-08 16:00:00+00:00,2026-10-08 15:00:00+00:00,1,1,linear_interpolation,interpolated
2026-10-08,2026-10-09 21:19:23+00:00,online,DE,solar,persistence,Persistence,daily_persistence,2208,2026-10-09 05:00:00+00:00,154.55075,407.80921,,2026-07-08 16:00:00+00:00,2026-10-08 15:00:00+00:00,1,1,linear_interpolation,interpolated
2026-10-08,2026-10-09 21:19:23+00:00,online,DE,solar,persistence,Persistence,daily_persistence,2208,2026-10-09 06:00:00+00:00,2254.39825,4639.6986175,,2026-07-08 16:00:00+00:00,2026-10-08 15:00:00+00:00,1,1,linear_interpolation,interpolated
2026-10-08,2026-10-09 21:19:23+00:00,online,DE,solar,persistence,Persistence,daily_persistence,2208,2026-10-09 07:00:00+00:00,5689.26525,12152.1696075,,2026-07-08 16:00:00+00:00,2026-10-08 15:00:00+00:00,1,1,linear_interpolation,interpolated
2026-10-08,2026-10-09 21:19:23+00:00,online,DE,solar,persistence,Persistence,daily_persistence,2208,2026-10-09 08:00:00+00:00,9794.9745,18726.21124,,2026-07-08 16:00:00+00:00,2026-10-08 15:00:00+00:00,1,1,linear_interpolation,interpolated
2026-10-08,2026-10-09 21:19:23+00:00,online,DE,solar,persistence,Persistence,daily_persistence,2208,2026-10-09 09:00:00+00:00,13019.241999999998,22343.2057175,,2026-07-08 16:00:00+00:00,2026-10-08 15:00:00+00:00,1,1,linear_interpolation,interpolated
2026-10-08,2026-10-09 21:19:23+00:00,online,DE,solar,persistence,Persistence,daily_persistence,2208,2026-10-09 10:00:00+00:00,14809.88275,22752.71292,,2026-07-08 16:00:00+00:00,2026-10-08 15:00:00+00:00,1,1,linear_interpolation,interpolated
2026-10-08,2026-10-09 21:19:23+00:00,online,DE,solar,persistence,Persistence,daily_persistence,2208,2026-10-09 11:00:00+00:00,14840.8345,20557.6183575,,2026-07-08 16:00:00+00:00,2026-10-08 15:00:00+00:00,1,1,linear_interpolation,interpolated
2026-10-08,2026-10-09 21:19:23+00:00,online,DE,solar,persistence,Persistence,daily_persistence,2208,2026-10-09 12:00:00+00:00,13982.397,16243.3809925,,2026-07-08 16:00:00+00:00,2026-10-08 15:00:00+00:00,1,1,linear_interpolation,interpolated
2026-10-08,2026-10-09 21:19:23+00:00,online,DE,solar,persistence,Persistence,daily_persistence,2208,2026-10-09 13:00:00+00:00,11693.933,11274.8762875,,2026-07-08 16:00:00+00:00,2026-10-08 15:00:00+00:00,1,1,linear_interpolation,interpolated
2026-10-08,2026-10-09 21:19:23+00:00,online,DE,solar,persistence,Persistence,daily_persistence,2208,2026-10-09 14:00:00+00:00,8636.24225,6489.9516425,,2026-07-08 16:00:00+00:00,2026-10-08 15:00:00+00:00,1,1,linear_interpolation,interpolated
2026-10-08,2026-10-09 21:19:23+00:00,online,DE,solar,persistence,Persistence,daily_persistence,2208,2026-10-09 15:00:00+00:00,4389.30375,2388.74091,,2026-07-08 16:00:00+00:00,2026-10-08 15:00:00+00:00,1,1,linear_interpolation,interpolated
2026-10-08,2026-10-09 21:19:23+00:00,online,DE,solar,chronos2_online,Chronos2 with covariates,weather_4p+tso_forecast,2208,2026-10-08 16:00:00+00:00,416.5361328125,549.16844,,2026-07-08 16:00:00+00:00,2026-10-08 15:00:00+00:00,1,1,linear_interpolation,interpolated
2026-10-08,2026-10-09 21:19:23+00:00,online,DE,solar,chronos2_online,Chronos2 with covariates,weather_4p+tso_forecast,2208,2026-10-08 17:00:00+00:00,313.2626953125,0.0,,2026-07-08 16:00:00+00:00,2026-10-08 15:00:00+00:00,1,1,linear_interpolation,interpolated
2026-10-08,2026-10-09 21:19:23+00:00,online,DE,solar,chronos2_online,Chronos2 with covariates,weather_4p+tso_forecast,2208,2026-10-08 18:00:00+00:00,312.8154296875,0.0,,2026-07-08 16:00:00+00:00,2026-10-08 15:00:00+00:00,1,1,linear_interpolation,interpolated
2026-10-08,2026-10-09 21:19:23+00:00,online,DE,solar,chronos2_online,Chronos2 with covariates,weather_4p+tso_forecast,2208,2026-10-08 19:00:00+00:00,256.302734375,0.0,,2026-07-08 16:00:00+00:00,2026-10-08 15:00:00+00:00,1,1,linear_interpolation,interpolated
2026-10-08,2026-10-09 21:19:23+00:00,online,DE,solar,chronos2_online,Chronos2 with covariates,weather_4p+tso_forecast,2208,2026-10-08 20:00:00+00:00,303.6533203125,0.0,,2026-07-08 16:00:00+00:00,2026-10-08 15:00:00+00:00,1,1,linear_interpolation,interpolated
2026-10-08,2026-10-09 21:19:23+00:00,online,DE,solar,chronos2_online,Chronos2 with covariates,weather_4p+tso_forecast,2208,2026-10-08 21:00:00+00:00,404.830078125,0.0,,2026-07-08 16:00:00+00:00,2026-10-08 15:00:00+00:00,1,1,linear_interpolation,interpolated
2026-10-08,2026-10-09 21:19:23+00:00,online,DE,solar,chronos2_online,Chronos2 with covariates,weather_4p+tso_forecast,2208,2026-10-08 22:00:00+00:00,430.0263671875,0.0,,2026-07-08 16:00:00+00:00,2026-10-08 15:00:00+00:00,1,1,linear_interpolation,interpolated
2026-10-08,2026-10-09 21:19:23+00:00,online,DE,solar,chronos2_online,Chronos2 with covariates,weather_4p+tso_forecast,2208,2026-10-08 23:00:00+00:00,431.40625,0.0,,2026-07-08 16:00:00+00:00,2026-10-08 15:00:00+00:00,1,1,linear_interpolation,interpolated
2026-10-08,2026-10-09 21:19:23+00:00,online,DE,solar,chronos2_online,Chronos2 with covariates,weather_4p+tso_forecast,2208,2026-10-09 00:00:00+00:00,411.8896484375,0.0,,2026-07-08 16:00:00+00:00,2026-10-08 15:00:00+00:00,1,1,linear_interpolation,interpolated
2026-10-08,2026-10-09 21:19:23+00:00,online,DE,solar,chronos2_online,Chronos2 with covariates,weather_4p+tso_forecast,2208,2026-10-09 01:00:00+00:00,468.4404296875,0.0,,2026-07-08 16:00:00+00:00,2026-10-08 15:00:00+00:00,1,1,linear_interpolation,interpolated
2026-10-08,2026-10-09 21:19:23+00:00,online,DE,solar,chronos2_online,Chronos2 with covariates,weather_4p+tso_forecast,2208,2026-10-09 02:00:00+00:00,438.9677734375,0.0,,2026-07-08 16:00:00+00:00,2026-10-08 15:00:00+00:00,1,1,linear_interpolation,interpolated
2026-10-08,2026-10-09 21:19:23+00:00,online,DE,solar,chronos2_online,Chronos2 with covariates,weather_4p+tso_forecast,2208,2026-10-09 03:00:00+00:00,376.6240234375,0.0,,2026-07-08 16:00:00+00:00,2026-10-08 15:00:00+00:00,1,1,linear_interpolation,interpolated
2026-10-08,2026-10-09 21:19:23+00:00,online,DE,solar,chronos2_online,Chronos2 with covariates,weather_4p+tso_forecast,2208,2026-10-09 04:00:00+00:00,424.2568359375,0.0,,2026-07-08 16:00:00+00:00,2026-10-08 15:00:00+00:00,1,1,linear_interpolation,interpolated
2026-10-08,2026-10-09 21:19:23+00:00,online,DE,solar,chronos2_online,Chronos2 with covariates,weather_4p+tso_forecast,2208,2026-10-09 05:00:00+00:00,679.1533203125,407.80921,,2026-07-08 16:00:00+00:00,2026-10-08 15:00:00+00:00,1,1,linear_interpolation,interpolated
2026-10-08,2026-10-09 21:19:23+00:00,online,DE,solar,chronos2_online,Chronos2 with covariates,weather_4p+tso_forecast,2208,2026-10-09 06:00:00+00:00,4731.3935546875,4639.6986175,,2026-07-08 16:00:00+00:00,2026-10-08 15:00:00+00:00,1,1,linear_interpolation,interpolated
2026-10-08,2026-10-09 21:19:23+00:00,online,DE,solar,chronos2_online,Chronos2 with covariates,weather_4p+tso_forecast,2208,2026-10-09 07:00:00+00:00,11976.0146484375,12152.1696075,,2026-07-08 16:00:00+00:00,2026-10-08 15:00:00+00:00,1,1,linear_interpolation,interpolated
2026-10-08,2026-10-09 21:19:23+00:00,online,DE,solar,chronos2_online,Chronos2 with covariates,weather_4p+tso_forecast,2208,2026-10-09 08:00:00+00:00,16253.8046875,18726.21124,,2026-07-08 16:00:00+00:00,2026-10-08 15:00:00+00:00,1,1,linear_interpolation,interpolated
2026-10-08,2026-10-09 21:19:23+00:00,online,DE,solar,chronos2_online,Chronos2 with covariates,weather_4p+tso_forecast,2208,2026-10-09 09:00:00+00:00,19726.986328125,22343.2057175,,2026-07-08 16:00:00+00:00,2026-10-08 15:00:00+00:00,1,1,linear_interpolation,interpolated
2026-10-08,2026-10-09 21:19:23+00:00,online,DE,solar,chronos2_online,Chronos2 with covariates,weather_4p+tso_forecast,2208,2026-10-09 10:00:00+00:00,20552.078125,22752.71292,,2026-07-08 16:00:00+00:00,2026-10-08 15:00:00+00:00,1,1,linear_interpolation,interpolated
2026-10-08,2026-10-09 21:19:23+00:00,online,DE,solar,chronos2_online,Chronos2 with covariates,weather_4p+tso_forecast,2208,2026-10-09 11:00:00+00:00,19567.890625,20557.6183575,,2026-07-08 16:00:00+00:00,2026-10-08 15:00:00+00:00,1,1,linear_interpolation,interpolated
2026-10-08,2026-10-09 21:19:23+00:00,online,DE,solar,chronos2_online,Chronos2 with covariates,weather_4p+tso_forecast,2208,2026-10-09 12:00:00+00:00,15718.8974609375,16243.3809925,,2026-07-08 16:00:00+00:00,2026-10-08 15:00:00+00:00,1,1,linear_interpolation,interpolated
2026-10-08,2026-10-09 21:19:23+00:00,online,DE,solar,chronos2_online,Chronos2 with covariates,weather_4p+tso_forecast,2208,2026-10-09 13:00:00+00:00,11660.4501953125,11274.8762875,,2026-07-08 16:00:00+00:00,2026-10-08 15:00:00+00:00,1,1,linear_interpolation,interpolated
2026-10-08,2026-10-09 21:19:23+00:00,online,DE,solar,chronos2_online,Chronos2 with covariates,weather_4p+tso_forecast,2208,2026-10-09 14:00:00+00:00,6948.20458984375,6489.9516425,,2026-07-08 16:00:00+00:00,2026-10-08 15:00:00+00:00,1,1,linear_interpolation,interpolated
2026-10-08,2026-10-09 21:19:23+00:00,online,DE,solar,chronos2_online,Chronos2 with covariates,weather_4p+tso_forecast,2208,2026-10-09 15:00:00+00:00,2567.3134765625,2388.74091,,2026-07-08 16:00:00+00:00,2026-10-08 15:00:00+00:00,1,1,linear_interpolation,interpolated
2026-10-08,2026-10-09 21:19:23+00:00,online,DE,solar,xgboost_online,XGBoost with covariates,weather_4p+tso_forecast,2208,2026-10-08 16:00:00+00:00,989.7997436523438,549.16844,,2026-07-08 16:00:00+00:00,2026-10-08 15:00:00+00:00,1,1,linear_interpolation,interpolated
2026-10-08,2026-10-09 21:19:23+00:00,online,DE,solar,xgboost_online,XGBoost with covariates,weather_4p+tso_forecast,2208,2026-10-08 17:00:00+00:00,214.9617919921875,0.0,,2026-07-08 16:00:00+00:00,2026-10-08 15:00:00+00:00,1,1,linear_interpolation,interpolated
2026-10-08,2026-10-09 21:19:23+00:00,online,DE,solar,xgboost_online,XGBoost with covariates,weather_4p+tso_forecast,2208,2026-10-08 18:00:00+00:00,227.46142578125,0.0,,2026-07-08 16:00:00+00:00,2026-10-08 15:00:00+00:00,1,1,linear_interpolation,interpolated
2026-10-08,2026-10-09 21:19:23+00:00,online,DE,solar,xgboost_online,XGBoost with covariates,weather_4p+tso_forecast,2208,2026-10-08 19:00:00+00:00,227.46142578125,0.0,,2026-07-08 16:00:00+00:00,2026-10-08 15:00:00+00:00,1,1,linear_interpolation,interpolated
2026-10-08,2026-10-09 21:19:23+00:00,online,DE,solar,xgboost_online,XGBoost with covariates,weather_4p+tso_forecast,2208,2026-10-08 20:00:00+00:00,227.46142578125,0.0,,2026-07-08 16:00:00+00:00,2026-10-08 15:00:00+00:00,1,1,linear_interpolation,interpolated
2026-10-08,2026-10-09 21:19:23+00:00,online,DE,solar,xgboost_online,XGBoost with covariates,weather_4p+tso_forecast,2208,2026-10-08 21:00:00+00:00,227.46142578125,0.0,,2026-07-08 16:00:00+00:00,2026-10-08 15:00:00+00:00,1,1,linear_interpolation,interpolated
2026-10-08,2026-10-09 21:19:23+00:00,online,DE,solar,xgboost_online,XGBoost with covariates,weather_4p+tso_forecast,2208,2026-10-08 22:00:00+00:00,227.46142578125,0.0,,2026-07-08 16:00:00+00:00,2026-10-08 15:00:00+00:00,1,1,linear_interpolation,interpolated
2026-10-08,2026-10-09 21:19:23+00:00,online,DE,solar,xgboost_online,XGBoost with covariates,weather_4p+tso_forecast,2208,2026-10-08 23:00:00+00:00,227.46142578125,0.0,,2026-07-08 16:00:00+00:00,2026-10-08 15:00:00+00:00,1,1,linear_interpolation,interpolated
2026-10-08,2026-10-09 21:19:23+00:00,online,DE,solar,xgboost_online,XGBoost with covariates,weather_4p+tso_forecast,2208,2026-10-09 00:00:00+00:00,273.3540344238281,0.0,,2026-07-08 16:00:00+00:00,2026-10-08 15:00:00+00:00,1,1,linear_interpolation,interpolated
2026-10-08,2026-10-09 21:19:23+00:00,online,DE,solar,xgboost_online,XGBoost with covariates,weather_4p+tso_forecast,2208,2026-10-09 01:00:00+00:00,273.3540344238281,0.0,,2026-07-08 16:00:00+00:00,2026-10-08 15:00:00+00:00,1,1,linear_interpolation,interpolated
2026-10-08,2026-10-09 21:19:23+00:00,online,DE,solar,xgboost_online,XGBoost with covariates,weather_4p+tso_forecast,2208,2026-10-09 02:00:00+00:00,273.3540344238281,0.0,,2026-07-08 16:00:00+00:00,2026-10-08 15:00:00+00:00,1,1,linear_interpolation,interpolated
2026-10-08,2026-10-09 21:19:23+00:00,online,DE,solar,xgboost_online,XGBoost with covariates,weather_4p+tso_forecast,2208,2026-10-09 03:00:00+00:00,273.3540344238281,0.0,,2026-07-08 16:00:00+00:00,2026-10-08 15:00:00+00:00,1,1,linear_interpolation,interpolated
2026-10-08,2026-10-09 21:19:23+00:00,online,DE,solar,xgboost_online,XGBoost with covariates,weather_4p+tso_forecast,2208,2026-10-09 04:00:00+00:00,273.3540344238281,0.0,,2026-07-08 16:00:00+00:00,2026-10-08 15:00:00+00:00,1,1,linear_interpolation,interpolated
2026-10-08,2026-10-09 21:19:23+00:00,online,DE,solar,xgboost_online,XGBoost with covariates,weather_4p+tso_forecast,2208,2026-10-09 05:00:00+00:00,527.965087890625,407.80921,,2026-07-08 16:00:00+00:00,2026-10-08 15:00:00+00:00,1,1,linear_interpolation,interpolated
2026-10-08,2026-10-09 21:19:23+00:00,online,DE,solar,xgboost_online,XGBoost with covariates,weather_4p+tso_forecast,2208,2026-10-09 06:00:00+00:00,4283.94287109375,4639.6986175,,2026-07-08 16:00:00+00:00,2026-10-08 15:00:00+00:00,1,1,linear_interpolation,interpolated
2026-10-08,2026-10-09 21:19:23+00:00,online,DE,solar,xgboost_online,XGBoost with covariates,weather_4p+tso_forecast,2208,2026-10-09 07:00:00+00:00,13089.2451171875,12152.1696075,,2026-07-08 16:00:00+00:00,2026-10-08 15:00:00+00:00,1,1,linear_interpolation,interpolated
2026-10-08,2026-10-09 21:19:23+00:00,online,DE,solar,xgboost_online,XGBoost with covariates,weather_4p+tso_forecast,2208,2026-10-09 08:00:00+00:00,18832.568359375,18726.21124,,2026-07-08 16:00:00+00:00,2026-10-08 15:00:00+00:00,1,1,linear_interpolation,interpolated
2026-10-08,2026-10-09 21:19:23+00:00,online,DE,solar,xgboost_online,XGBoost with covariates,weather_4p+tso_forecast,2208,2026-10-09 09:00:00+00:00,22841.705078125,22343.2057175,,2026-07-08 16:00:00+00:00,2026-10-08 15:00:00+00:00,1,1,linear_interpolation,interpolated
2026-10-08,2026-10-09 21:19:23+00:00,online,DE,solar,xgboost_online,XGBoost with covariates,weather_4p+tso_forecast,2208,2026-10-09 10:00:00+00:00,22783.380859375,22752.71292,,2026-07-08 16:00:00+00:00,2026-10-08 15:00:00+00:00,1,1,linear_interpolation,interpolated
2026-10-08,2026-10-09 21:19:23+00:00,online,DE,solar,xgboost_online,XGBoost with covariates,weather_4p+tso_forecast,2208,2026-10-09 11:00:00+00:00,21222.353515625,20557.6183575,,2026-07-08 16:00:00+00:00,2026-10-08 15:00:00+00:00,1,1,linear_interpolation,interpolated
2026-10-08,2026-10-09 21:19:23+00:00,online,DE,solar,xgboost_online,XGBoost with covariates,weather_4p+tso_forecast,2208,2026-10-09 12:00:00+00:00,16525.73046875,16243.3809925,,2026-07-08 16:00:00+00:00,2026-10-08 15:00:00+00:00,1,1,linear_interpolation,interpolated
2026-10-08,2026-10-09 21:19:23+00:00,online,DE,solar,xgboost_online,XGBoost with covariates,weather_4p+tso_forecast,2208,2026-10-09 13:00:00+00:00,12281.53515625,11274.8762875,,2026-07-08 16:00:00+00:00,2026-10-08 15:00:00+00:00,1,1,linear_interpolation,interpolated
2026-10-08,2026-10-09 21:19:23+00:00,online,DE,solar,xgboost_online,XGBoost with covariates,weather_4p+tso_forecast,2208,2026-10-09 14:00:00+00:00,7475.6875,6489.9516425,,2026-07-08 16:00:00+00:00,2026-10-08 15:00:00+00:00,1,1,linear_interpolation,interpolated
2026-10-08,2026-10-09 21:19:23+00:00,online,DE,solar,xgboost_online,XGBoost with covariates,weather_4p+tso_forecast,2208,2026-10-09 15:00:00+00:00,2624.1474609375,2388.74091,,2026-07-08 16:00:00+00:00,2026-10-08 15:00:00+00:00,1,1,linear_interpolation,interpolated
2026-10-08,2026-10-09 21:19:23+00:00,online,DE,wind_onshore,tso_reference,TSO forecast,tso_forecast,2208,2026-10-08 16:00:00+00:00,30534.9191525,30534.9191525,,2026-07-08 16:00:00+00:00,2026-10-08 15:00:00+00:00,1,1,linear_interpolation,interpolated
2026-10-08,2026-10-09 21:19:23+00:00,online,DE,wind_onshore,tso_reference,TSO forecast,tso_forecast,2208,2026-10-08 17:00:00+00:00,29411.7238375,29411.7238375,,2026-07-08 16:00:00+00:00,2026-10-08 15:00:00+00:00,1,1,linear_interpolation,interpolated
2026-10-08,2026-10-09 21:19:23+00:00,online,DE,wind_onshore,tso_reference,TSO forecast,tso_forecast,2208,2026-10-08 18:00:00+00:00,28897.21952,28897.21952,,2026-07-08 16:00:00+00:00,2026-10-08 15:00:00+00:00,1,1,linear_interpolation,interpolated
2026-10-08,2026-10-09 21:19:23+00:00,online,DE,wind_onshore,tso_reference,TSO forecast,tso_forecast,2208,2026-10-08 19:00:00+00:00,28569.80899,28569.80899,,2026-07-08 16:00:00+00:00,2026-10-08 15:00:00+00:00,1,1,linear_interpolation,interpolated
2026-10-08,2026-10-09 21:19:23+00:00,online,DE,wind_onshore,tso_reference,TSO forecast,tso_forecast,2208,2026-10-08 20:00:00+00:00,27618.0429125,27618.0429125,,2026-07-08 16:00:00+00:00,2026-10-08 15:00:00+00:00,1,1,linear_interpolation,interpolated
2026-10-08,2026-10-09 21:19:23+00:00,online,DE,wind_onshore,tso_reference,TSO forecast,tso_forecast,2208,2026-10-08 21:00:00+00:00,27221.460885,27221.460885,,2026-07-08 16:00:00+00:00,2026-10-08 15:00:00+00:00,1,1,linear_interpolation,interpolated
2026-10-08,2026-10-09 21:19:23+00:00,online,DE,wind_onshore,tso_reference,TSO forecast,tso_forecast,2208,2026-10-08 22:00:00+00:00,27763.94866,27763.94866,,2026-07-08 16:00:00+00:00,2026-10-08 15:00:00+00:00,1,1,linear_interpolation,interpolated
2026-10-08,2026-10-09 21:19:23+00:00,online,DE,wind_onshore,tso_reference,TSO forecast,tso_forecast,2208,2026-10-08 23:00:00+00:00,27232.87724,27232.87724,,2026-07-08 16:00:00+00:00,2026-10-08 15:00:00+00:00,1,1,linear_interpolation,interpolated
2026-10-08,2026-10-09 21:19:23+00:00,online,DE,wind_onshore,tso_reference,TSO forecast,tso_forecast,2208,2026-10-09 00:00:00+00:00,26590.2560975,26590.2560975,,2026-07-08 16:00:00+00:00,2026-10-08 15:00:00+00:00,1,1,linear_interpolation,interpolated
2026-10-08,2026-10-09 21:19:23+00:00,online,DE,wind_onshore,tso_reference,TSO forecast,tso_forecast,2208,2026-10-09 01:00:00+00:00,26128.030925,26128.030925,,2026-07-08 16:00:00+00:00,2026-10-08 15:00:00+00:00,1,1,linear_interpolation,interpolated
2026-10-08,2026-10-09 21:19:23+00:00,online,DE,wind_onshore,tso_reference,TSO forecast,tso_forecast,2208,2026-10-09 02:00:00+00:00,25598.5583625,25598.5583625,,2026-07-08 16:00:00+00:00,2026-10-08 15:00:00+00:00,1,1,linear_interpolation,interpolated
2026-10-08,2026-10-09 21:19:23+00:00,online,DE,wind_onshore,tso_reference,TSO forecast,tso_forecast,2208,2026-10-09 03:00:00+00:00,25173.7932775,25173.7932775,,2026-07-08 16:00:00+00:00,2026-10-08 15:00:00+00:00,1,1,linear_interpolation,interpolated
2026-10-08,2026-10-09 21:19:23+00:00,online,DE,wind_onshore,tso_reference,TSO forecast,tso_forecast,2208,2026-10-09 04:00:00+00:00,25604.6611475,25604.6611475,,2026-07-08 16:00:00+00:00,2026-10-08 15:00:00+00:00,1,1,linear_interpolation,interpolated
2026-10-08,2026-10-09 21:19:23+00:00,online,DE,wind_onshore,tso_reference,TSO forecast,tso_forecast,2208,2026-10-09 05:00:00+00:00,26032.4235925,26032.4235925,,2026-07-08 16:00:00+00:00,2026-10-08 15:00:00+00:00,1,1,linear_interpolation,interpolated
2026-10-08,2026-10-09 21:19:23+00:00,online,DE,wind_onshore,tso_reference,TSO forecast,tso_forecast,2208,2026-10-09 06:00:00+00:00,26662.654035,26662.654035,,2026-07-08 16:00:00+00:00,2026-10-08 15:00:00+00:00,1,1,linear_interpolation,interpolated
2026-10-08,2026-10-09 21:19:23+00:00,online,DE,wind_onshore,tso_reference,TSO forecast,tso_forecast,2208,2026-10-09 07:00:00+00:00,27763.689485,27763.689485,,2026-07-08 16:00:00+00:00,2026-10-08 15:00:00+00:00,1,1,linear_interpolation,interpolated
2026-10-08,2026-10-09 21:19:23+00:00,online,DE,wind_onshore,tso_reference,TSO forecast,tso_forecast,2208,2026-10-09 08:00:00+00:00,29640.13824,29640.13824,,2026-07-08 16:00:00+00:00,2026-10-08 15:00:00+00:00,1,1,linear_interpolation,interpolated
2026-10-08,2026-10-09 21:19:23+00:00,online,DE,wind_onshore,tso_reference,TSO forecast,tso_forecast,2208,2026-10-09 09:00:00+00:00,32117.55171,32117.55171,,2026-07-08 16:00:00+00:00,2026-10-08 15:00:00+00:00,1,1,linear_interpolation,interpolated
2026-10-08,2026-10-09 21:19:23+00:00,online,DE,wind_onshore,tso_reference,TSO forecast,tso_forecast,2208,2026-10-09 10:00:00+00:00,34396.71667,34396.71667,,2026-07-08 16:00:00+00:00,2026-10-08 15:00:00+00:00,1,1,linear_interpolation,interpolated
2026-10-08,2026-10-09 21:19:23+00:00,online,DE,wind_onshore,tso_reference,TSO forecast,tso_forecast,2208,2026-10-09 11:00:00+00:00,36494.25331,36494.25331,,2026-07-08 16:00:00+00:00,2026-10-08 15:00:00+00:00,1,1,linear_interpolation,interpolated
2026-10-08,2026-10-09 21:19:23+00:00,online,DE,wind_onshore,tso_reference,TSO forecast,tso_forecast,2208,2026-10-09 12:00:00+00:00,38292.1014875,38292.1014875,,2026-07-08 16:00:00+00:00,2026-10-08 15:00:00+00:00,1,1,linear_interpolation,interpolated
2026-10-08,2026-10-09 21:19:23+00:00,online,DE,wind_onshore,tso_reference,TSO forecast,tso_forecast,2208,2026-10-09 13:00:00+00:00,39084.529985,39084.529985,,2026-07-08 16:00:00+00:00,2026-10-08 15:00:00+00:00,1,1,linear_interpolation,interpolated
2026-10-08,2026-10-09 21:19:23+00:00,online,DE,wind_onshore,tso_reference,TSO forecast,tso_forecast,2208,2026-10-09 14:00:00+00:00,39440.2943375,39440.2943375,,2026-07-08 16:00:00+00:00,2026-10-08 15:00:00+00:00,1,1,linear_interpolation,interpolated
2026-10-08,2026-10-09 21:19:23+00:00,online,DE,wind_onshore,tso_reference,TSO forecast,tso_forecast,2208,2026-10-09 15:00:00+00:00,39621.099325,39621.099325,,2026-07-08 16:00:00+00:00,2026-10-08 15:00:00+00:00,1,1,linear_interpolation,interpolated
2026-10-08,2026-10-09 21:19:23+00:00,online,DE,wind_onshore,persistence,Persistence,daily_persistence,2208,2026-10-08 16:00:00+00:00,4851.58604,30534.9191525,,2026-07-08 16:00:00+00:00,2026-10-08 15:00:00+00:00,1,1,linear_interpolation,interpolated
2026-10-08,2026-10-09 21:19:23+00:00,online,DE,wind_onshore,persistence,Persistence,daily_persistence,2208,2026-10-08 17:00:00+00:00,7236.1429175,29411.7238375,,2026-07-08 16:00:00+00:00,2026-10-08 15:00:00+00:00,1,1,linear_interpolation,interpolated
2026-10-08,2026-10-09 21:19:23+00:00,online,DE,wind_onshore,persistence,Persistence,daily_persistence,2208,2026-10-08 18:00:00+00:00,9934.5531925,28897.21952,,2026-07-08 16:00:00+00:00,2026-10-08 15:00:00+00:00,1,1,linear_interpolation,interpolated
2026-10-08,2026-10-09 21:19:23+00:00,online,DE,wind_onshore,persistence,Persistence,daily_persistence,2208,2026-10-08 19:00:00+00:00,10840.9550925,28569.80899,,2026-07-08 16:00:00+00:00,2026-10-08 15:00:00+00:00,1,1,linear_interpolation,interpolated
2026-10-08,2026-10-09 21:19:23+00:00,online,DE,wind_onshore,persistence,Persistence,daily_persistence,2208,2026-10-08 20:00:00+00:00,11060.8058525,27618.0429125,,2026-07-08 16:00:00+00:00,2026-10-08 15:00:00+00:00,1,1,linear_interpolation,interpolated
2026-10-08,2026-10-09 21:19:23+00:00,online,DE,wind_onshore,persistence,Persistence,daily_persistence,2208,2026-10-08 21:00:00+00:00,11763.0919325,27221.460885,,2026-07-08 16:00:00+00:00,2026-10-08 15:00:00+00:00,1,1,linear_interpolation,interpolated
2026-10-08,2026-10-09 21:19:23+00:00,online,DE,wind_onshore,persistence,Persistence,daily_persistence,2208,2026-10-08 22:00:00+00:00,11877.062375,27763.94866,,2026-07-08 16:00:00+00:00,2026-10-08 15:00:00+00:00,1,1,linear_interpolation,interpolated
2026-10-08,2026-10-09 21:19:23+00:00,online,DE,wind_onshore,persistence,Persistence,daily_persistence,2208,2026-10-08 23:00:00+00:00,12087.526835,27232.87724,,2026-07-08 16:00:00+00:00,2026-10-08 15:00:00+00:00,1,1,linear_interpolation,interpolated
2026-10-08,2026-10-09 21:19:23+00:00,online,DE,wind_onshore,persistence,Persistence,daily_persistence,2208,2026-10-09 00:00:00+00:00,11983.6999,26590.2560975,,2026-07-08 16:00:00+00:00,2026-10-08 15:00:00+00:00,1,1,linear_interpolation,interpolated
2026-10-08,2026-10-09 21:19:23+00:00,online,DE,wind_onshore,persistence,Persistence,daily_persistence,2208,2026-10-09 01:00:00+00:00,12072.5541325,26128.030925,,2026-07-08 16:00:00+00:00,2026-10-08 15:00:00+00:00,1,1,linear_interpolation,interpolated
2026-10-08,2026-10-09 21:19:23+00:00,online,DE,wind_onshore,persistence,Persistence,daily_persistence,2208,2026-10-09 02:00:00+00:00,12708.3325775,25598.5583625,,2026-07-08 16:00:00+00:00,2026-10-08 15:00:00+00:00,1,1,linear_interpolation,interpolated
2026-10-08,2026-10-09 21:19:23+00:00,online,DE,wind_onshore,persistence,Persistence,daily_persistence,2208,2026-10-09 03:00:00+00:00,12823.0533275,25173.7932775,,2026-07-08 16:00:00+00:00,2026-10-08 15:00:00+00:00,1,1,linear_interpolation,interpolated
2026-10-08,2026-10-09 21:19:23+00:00,online,DE,wind_onshore,persistence,Persistence,daily_persistence,2208,2026-10-09 04:00:00+00:00,13928.8337375,25604.6611475,,2026-07-08 16:00:00+00:00,2026-10-08 15:00:00+00:00,1,1,linear_interpolation,interpolated
2026-10-08,2026-10-09 21:19:23+00:00,online,DE,wind_onshore,persistence,Persistence,daily_persistence,2208,2026-10-09 05:00:00+00:00,15664.10985,26032.4235925,,2026-07-08 16:00:00+00:00,2026-10-08 15:00:00+00:00,1,1,linear_interpolation,interpolated
2026-10-08,2026-10-09 21:19:23+00:00,online,DE,wind_onshore,persistence,Persistence,daily_persistence,2208,2026-10-09 06:00:00+00:00,18753.7775425,26662.654035,,2026-07-08 16:00:00+00:00,2026-10-08 15:00:00+00:00,1,1,linear_interpolation,interpolated
2026-10-08,2026-10-09 21:19:23+00:00,online,DE,wind_onshore,persistence,Persistence,daily_persistence,2208,2026-10-09 07:00:00+00:00,23686.0198625,27763.689485,,2026-07-08 16:00:00+00:00,2026-10-08 15:00:00+00:00,1,1,linear_interpolation,interpolated
2026-10-08,2026-10-09 21:19:23+00:00,online,DE,wind_onshore,persistence,Persistence,daily_persistence,2208,2026-10-09 08:00:00+00:00,25991.18838,29640.13824,,2026-07-08 16:00:00+00:00,2026-10-08 15:00:00+00:00,1,1,linear_interpolation,interpolated
2026-10-08,2026-10-09 21:19:23+00:00,online,DE,wind_onshore,persistence,Persistence,daily_persistence,2208,2026-10-09 09:00:00+00:00,27837.2954075,32117.55171,,2026-07-08 16:00:00+00:00,2026-10-08 15:00:00+00:00,1,1,linear_interpolation,interpolated
2026-10-08,2026-10-09 21:19:23+00:00,online,DE,wind_onshore,persistence,Persistence,daily_persistence,2208,2026-10-09 10:00:00+00:00,29099.01681,34396.71667,,2026-07-08 16:00:00+00:00,2026-10-08 15:00:00+00:00,1,1,linear_interpolation,interpolated
2026-10-08,2026-10-09 21:19:23+00:00,online,DE,wind_onshore,persistence,Persistence,daily_persistence,2208,2026-10-09 11:00:00+00:00,30836.01303,36494.25331,,2026-07-08 16:00:00+00:00,2026-10-08 15:00:00+00:00,1,1,linear_interpolation,interpolated
2026-10-08,2026-10-09 21:19:23+00:00,online,DE,wind_onshore,persistence,Persistence,daily_persistence,2208,2026-10-09 12:00:00+00:00,32172.381375,38292.1014875,,2026-07-08 16:00:00+00:00,2026-10-08 15:00:00+00:00,1,1,linear_interpolation,interpolated
2026-10-08,2026-10-09 21:19:23+00:00,online,DE,wind_onshore,persistence,Persistence,daily_persistence,2208,2026-10-09 13:00:00+00:00,33919.231230000005,39084.529985,,2026-07-08 16:00:00+00:00,2026-10-08 15:00:00+00:00,1,1,linear_interpolation,interpolated
2026-10-08,2026-10-09 21:19:23+00:00,online,DE,wind_onshore,persistence,Persistence,daily_persistence,2208,2026-10-09 14:00:00+00:00,33680.8435925,39440.2943375,,2026-07-08 16:00:00+00:00,2026-10-08 15:00:00+00:00,1,1,linear_interpolation,interpolated
2026-10-08,2026-10-09 21:19:23+00:00,online,DE,wind_onshore,persistence,Persistence,daily_persistence,2208,2026-10-09 15:00:00+00:00,32826.20666,39621.099325,,2026-07-08 16:00:00+00:00,2026-10-08 15:00:00+00:00,1,1,linear_interpolation,interpolated
2026-10-08,2026-10-09 21:19:23+00:00,online,DE,wind_onshore,chronos2_online,Chronos2 with covariates,weather_4p+tso_forecast,2208,2026-10-08 16:00:00+00:00,33105.04296875,30534.9191525,,2026-07-08 16:00:00+00:00,2026-10-08 15:00:00+00:00,1,1,linear_interpolation,interpolated
2026-10-08,2026-10-09 21:19:23+00:00,online,DE,wind_onshore,chronos2_online,Chronos2 with covariates,weather_4p+tso_forecast,2208,2026-10-08 17:00:00+00:00,31087.046875,29411.7238375,,2026-07-08 16:00:00+00:00,2026-10-08 15:00:00+00:00,1,1,linear_interpolation,interpolated
2026-10-08,2026-10-09 21:19:23+00:00,online,DE,wind_onshore,chronos2_online,Chronos2 with covariates,weather_4p+tso_forecast,2208,2026-10-08 18:00:00+00:00,30248.875,28897.21952,,2026-07-08 16:00:00+00:00,2026-10-08 15:00:00+00:00,1,1,linear_interpolation,interpolated
2026-10-08,2026-10-09 21:19:23+00:00,online,DE,wind_onshore,chronos2_online,Chronos2 with covariates,weather_4p+tso_forecast,2208,2026-10-08 19:00:00+00:00,29479.9140625,28569.80899,,2026-07-08 16:00:00+00:00,2026-10-08 15:00:00+00:00,1,1,linear_interpolation,interpolated
2026-10-08,2026-10-09 21:19:23+00:00,online,DE,wind_onshore,chronos2_online,Chronos2 with covariates,weather_4p+tso_forecast,2208,2026-10-08 20:00:00+00:00,28053.37890625,27618.0429125,,2026-07-08 16:00:00+00:00,2026-10-08 15:00:00+00:00,1,1,linear_interpolation,interpolated
2026-10-08,2026-10-09 21:19:23+00:00,online,DE,wind_onshore,chronos2_online,Chronos2 with covariates,weather_4p+tso_forecast,2208,2026-10-08 21:00:00+00:00,27457.2265625,27221.460885,,2026-07-08 16:00:00+00:00,2026-10-08 15:00:00+00:00,1,1,linear_interpolation,interpolated
2026-10-08,2026-10-09 21:19:23+00:00,online,DE,wind_onshore,chronos2_online,Chronos2 with covariates,weather_4p+tso_forecast,2208,2026-10-08 22:00:00+00:00,27216.1953125,27763.94866,,2026-07-08 16:00:00+00:00,2026-10-08 15:00:00+00:00,1,1,linear_interpolation,interpolated
2026-10-08,2026-10-09 21:19:23+00:00,online,DE,wind_onshore,chronos2_online,Chronos2 with covariates,weather_4p+tso_forecast,2208,2026-10-08 23:00:00+00:00,26787.3828125,27232.87724,,2026-07-08 16:00:00+00:00,2026-10-08 15:00:00+00:00,1,1,linear_interpolation,interpolated
2026-10-08,2026-10-09 21:19:23+00:00,online,DE,wind_onshore,chronos2_online,Chronos2 with covariates,weather_4p+tso_forecast,2208,2026-10-09 00:00:00+00:00,26195.7421875,26590.2560975,,2026-07-08 16:00:00+00:00,2026-10-08 15:00:00+00:00,1,1,linear_interpolation,interpolated
2026-10-08,2026-10-09 21:19:23+00:00,online,DE,wind_onshore,chronos2_online,Chronos2 with covariates,weather_4p+tso_forecast,2208,2026-10-09 01:00:00+00:00,25525.10546875,26128.030925,,2026-07-08 16:00:00+00:00,2026-10-08 15:00:00+00:00,1,1,linear_interpolation,interpolated
2026-10-08,2026-10-09 21:19:23+00:00,online,DE,wind_onshore,chronos2_online,Chronos2 with covariates,weather_4p+tso_forecast,2208,2026-10-09 02:00:00+00:00,25179.71875,25598.5583625,,2026-07-08 16:00:00+00:00,2026-10-08 15:00:00+00:00,1,1,linear_interpolation,interpolated
2026-10-08,2026-10-09 21:19:23+00:00,online,DE,wind_onshore,chronos2_online,Chronos2 with covariates,weather_4p+tso_forecast,2208,2026-10-09 03:00:00+00:00,24825.58203125,25173.7932775,,2026-07-08 16:00:00+00:00,2026-10-08 15:00:00+00:00,1,1,linear_interpolation,interpolated
2026-10-08,2026-10-09 21:19:23+00:00,online,DE,wind_onshore,chronos2_online,Chronos2 with covariates,weather_4p+tso_forecast,2208,2026-10-09 04:00:00+00:00,25899.4921875,25604.6611475,,2026-07-08 16:00:00+00:00,2026-10-08 15:00:00+00:00,1,1,linear_interpolation,interpolated
2026-10-08,2026-10-09 21:19:23+00:00,online,DE,wind_onshore,chronos2_online,Chronos2 with covariates,weather_4p+tso_forecast,2208,2026-10-09 05:00:00+00:00,27177.578125,26032.4235925,,2026-07-08 16:00:00+00:00,2026-10-08 15:00:00+00:00,1,1,linear_interpolation,interpolated
2026-10-08,2026-10-09 21:19:23+00:00,online,DE,wind_onshore,chronos2_online,Chronos2 with covariates,weather_4p+tso_forecast,2208,2026-10-09 06:00:00+00:00,28719.7578125,26662.654035,,2026-07-08 16:00:00+00:00,2026-10-08 15:00:00+00:00,1,1,linear_interpolation,interpolated
2026-10-08,2026-10-09 21:19:23+00:00,online,DE,wind_onshore,chronos2_online,Chronos2 with covariates,weather_4p+tso_forecast,2208,2026-10-09 07:00:00+00:00,31209.828125,27763.689485,,2026-07-08 16:00:00+00:00,2026-10-08 15:00:00+00:00,1,1,linear_interpolation,interpolated
2026-10-08,2026-10-09 21:19:23+00:00,online,DE,wind_onshore,chronos2_online,Chronos2 with covariates,weather_4p+tso_forecast,2208,2026-10-09 08:00:00+00:00,32019.140625,29640.13824,,2026-07-08 16:00:00+00:00,2026-10-08 15:00:00+00:00,1,1,linear_interpolation,interpolated
2026-10-08,2026-10-09 21:19:23+00:00,online,DE,wind_onshore,chronos2_online,Chronos2 with covariates,weather_4p+tso_forecast,2208,2026-10-09 09:00:00+00:00,33974.671875,32117.55171,,2026-07-08 16:00:00+00:00,2026-10-08 15:00:00+00:00,1,1,linear_interpolation,interpolated
2026-10-08,2026-10-09 21:19:23+00:00,online,DE,wind_onshore,chronos2_online,Chronos2 with covariates,weather_4p+tso_forecast,2208,2026-10-09 10:00:00+00:00,36150.47265625,34396.71667,,2026-07-08 16:00:00+00:00,2026-10-08 15:00:00+00:00,1,1,linear_interpolation,interpolated
2026-10-08,2026-10-09 21:19:23+00:00,online,DE,wind_onshore,chronos2_online,Chronos2 with covariates,weather_4p+tso_forecast,2208,2026-10-09 11:00:00+00:00,38959.53125,36494.25331,,2026-07-08 16:00:00+00:00,2026-10-08 15:00:00+00:00,1,1,linear_interpolation,interpolated
2026-10-08,2026-10-09 21:19:23+00:00,online,DE,wind_onshore,chronos2_online,Chronos2 with covariates,weather_4p+tso_forecast,2208,2026-10-09 12:00:00+00:00,40996.50390625,38292.1014875,,2026-07-08 16:00:00+00:00,2026-10-08 15:00:00+00:00,1,1,linear_interpolation,interpolated
2026-10-08,2026-10-09 21:19:23+00:00,online,DE,wind_onshore,chronos2_online,Chronos2 with covariates,weather_4p+tso_forecast,2208,2026-10-09 13:00:00+00:00,42374.91015625,39084.529985,,2026-07-08 16:00:00+00:00,2026-10-08 15:00:00+00:00,1,1,linear_interpolation,interpolated
2026-10-08,2026-10-09 21:19:23+00:00,online,DE,wind_onshore,chronos2_online,Chronos2 with covariates,weather_4p+tso_forecast,2208,2026-10-09 14:00:00+00:00,42398.6484375,39440.2943375,,2026-07-08 16:00:00+00:00,2026-10-08 15:00:00+00:00,1,1,linear_interpolation,interpolated
2026-10-08,2026-10-09 21:19:23+00:00,online,DE,wind_onshore,chronos2_online,Chronos2 with covariates,weather_4p+tso_forecast,2208,2026-10-09 15:00:00+00:00,43081.47265625,39621.099325,,2026-07-08 16:00:00+00:00,2026-10-08 15:00:00+00:00,1,1,linear_interpolation,interpolated
2026-10-08,2026-10-09 21:19:23+00:00,online,DE,wind_onshore,xgboost_online,XGBoost with covariates,weather_4p+tso_forecast,2208,2026-10-08 16:00:00+00:00,28954.607421875,30534.9191525,,2026-07-08 16:00:00+00:00,2026-10-08 15:00:00+00:00,1,1,linear_interpolation,interpolated
2026-10-08,2026-10-09 21:19:23+00:00,online,DE,wind_onshore,xgboost_online,XGBoost with covariates,weather_4p+tso_forecast,2208,2026-10-08 17:00:00+00:00,27311.41015625,29411.7238375,,2026-07-08 16:00:00+00:00,2026-10-08 15:00:00+00:00,1,1,linear_interpolation,interpolated
2026-10-08,2026-10-09 21:19:23+00:00,online,DE,wind_onshore,xgboost_online,XGBoost with covariates,weather_4p+tso_forecast,2208,2026-10-08 18:00:00+00:00,27498.771484375,28897.21952,,2026-07-08 16:00:00+00:00,2026-10-08 15:00:00+00:00,1,1,linear_interpolation,interpolated
2026-10-08,2026-10-09 21:19:23+00:00,online,DE,wind_onshore,xgboost_online,XGBoost with covariates,weather_4p+tso_forecast,2208,2026-10-08 19:00:00+00:00,26345.98828125,28569.80899,,2026-07-08 16:00:00+00:00,2026-10-08 15:00:00+00:00,1,1,linear_interpolation,interpolated
2026-10-08,2026-10-09 21:19:23+00:00,online,DE,wind_onshore,xgboost_online,XGBoost with covariates,weather_4p+tso_forecast,2208,2026-10-08 20:00:00+00:00,25748.708984375,27618.0429125,,2026-07-08 16:00:00+00:00,2026-10-08 15:00:00+00:00,1,1,linear_interpolation,interpolated
2026-10-08,2026-10-09 21:19:23+00:00,online,DE,wind_onshore,xgboost_online,XGBoost with covariates,weather_4p+tso_forecast,2208,2026-10-08 21:00:00+00:00,25704.599609375,27221.460885,,2026-07-08 16:00:00+00:00,2026-10-08 15:00:00+00:00,1,1,linear_interpolation,interpolated
2026-10-08,2026-10-09 21:19:23+00:00,online,DE,wind_onshore,xgboost_online,XGBoost with covariates,weather_4p+tso_forecast,2208,2026-10-08 22:00:00+00:00,24804.513671875,27763.94866,,2026-07-08 16:00:00+00:00,2026-10-08 15:00:00+00:00,1,1,linear_interpolation,interpolated
2026-10-08,2026-10-09 21:19:23+00:00,online,DE,wind_onshore,xgboost_online,XGBoost with covariates,weather_4p+tso_forecast,2208,2026-10-08 23:00:00+00:00,25607.771484375,27232.87724,,2026-07-08 16:00:00+00:00,2026-10-08 15:00:00+00:00,1,1,linear_interpolation,interpolated
2026-10-08,2026-10-09 21:19:23+00:00,online,DE,wind_onshore,xgboost_online,XGBoost with covariates,weather_4p+tso_forecast,2208,2026-10-09 00:00:00+00:00,23788.26953125,26590.2560975,,2026-07-08 16:00:00+00:00,2026-10-08 15:00:00+00:00,1,1,linear_interpolation,interpolated
2026-10-08,2026-10-09 21:19:23+00:00,online,DE,wind_onshore,xgboost_online,XGBoost with covariates,weather_4p+tso_forecast,2208,2026-10-09 01:00:00+00:00,22966.7578125,26128.030925,,2026-07-08 16:00:00+00:00,2026-10-08 15:00:00+00:00,1,1,linear_interpolation,interpolated
2026-10-08,2026-10-09 21:19:23+00:00,online,DE,wind_onshore,xgboost_online,XGBoost with covariates,weather_4p+tso_forecast,2208,2026-10-09 02:00:00+00:00,22872.830078125,25598.5583625,,2026-07-08 16:00:00+00:00,2026-10-08 15:00:00+00:00,1,1,linear_interpolation,interpolated
2026-10-08,2026-10-09 21:19:23+00:00,online,DE,wind_onshore,xgboost_online,XGBoost with covariates,weather_4p+tso_forecast,2208,2026-10-09 03:00:00+00:00,23176.05078125,25173.7932775,,2026-07-08 16:00:00+00:00,2026-10-08 15:00:00+00:00,1,1,linear_interpolation,interpolated
2026-10-08,2026-10-09 21:19:23+00:00,online,DE,wind_onshore,xgboost_online,XGBoost with covariates,weather_4p+tso_forecast,2208,2026-10-09 04:00:00+00:00,23358.625,25604.6611475,,2026-07-08 16:00:00+00:00,2026-10-08 15:00:00+00:00,1,1,linear_interpolation,interpolated
2026-10-08,2026-10-09 21:19:23+00:00,online,DE,wind_onshore,xgboost_online,XGBoost with covariates,weather_4p+tso_forecast,2208,2026-10-09 05:00:00+00:00,24420.275390625,26032.4235925,,2026-07-08 16:00:00+00:00,2026-10-08 15:00:00+00:00,1,1,linear_interpolation,interpolated
2026-10-08,2026-10-09 21:19:23+00:00,online,DE,wind_onshore,xgboost_online,XGBoost with covariates,weather_4p+tso_forecast,2208,2026-10-09 06:00:00+00:00,25328.234375,26662.654035,,2026-07-08 16:00:00+00:00,2026-10-08 15:00:00+00:00,1,1,linear_interpolation,interpolated
2026-10-08,2026-10-09 21:19:23+00:00,online,DE,wind_onshore,xgboost_online,XGBoost with covariates,weather_4p+tso_forecast,2208,2026-10-09 07:00:00+00:00,27437.50390625,27763.689485,,2026-07-08 16:00:00+00:00,2026-10-08 15:00:00+00:00,1,1,linear_interpolation,interpolated
2026-10-08,2026-10-09 21:19:23+00:00,online,DE,wind_onshore,xgboost_online,XGBoost with covariates,weather_4p+tso_forecast,2208,2026-10-09 08:00:00+00:00,30030.251953125,29640.13824,,2026-07-08 16:00:00+00:00,2026-10-08 15:00:00+00:00,1,1,linear_interpolation,interpolated
2026-10-08,2026-10-09 21:19:23+00:00,online,DE,wind_onshore,xgboost_online,XGBoost with covariates,weather_4p+tso_forecast,2208,2026-10-09 09:00:00+00:00,33343.32421875,32117.55171,,2026-07-08 16:00:00+00:00,2026-10-08 15:00:00+00:00,1,1,linear_interpolation,interpolated
2026-10-08,2026-10-09 21:19:23+00:00,online,DE,wind_onshore,xgboost_online,XGBoost with covariates,weather_4p+tso_forecast,2208,2026-10-09 10:00:00+00:00,34497.49609375,34396.71667,,2026-07-08 16:00:00+00:00,2026-10-08 15:00:00+00:00,1,1,linear_interpolation,interpolated
2026-10-08,2026-10-09 21:19:23+00:00,online,DE,wind_onshore,xgboost_online,XGBoost with covariates,weather_4p+tso_forecast,2208,2026-10-09 11:00:00+00:00,34314.78125,36494.25331,,2026-07-08 16:00:00+00:00,2026-10-08 15:00:00+00:00,1,1,linear_interpolation,interpolated
2026-10-08,2026-10-09 21:19:23+00:00,online,DE,wind_onshore,xgboost_online,XGBoost with covariates,weather_4p+tso_forecast,2208,2026-10-09 12:00:00+00:00,34170.5078125,38292.1014875,,2026-07-08 16:00:00+00:00,2026-10-08 15:00:00+00:00,1,1,linear_interpolation,interpolated
2026-10-08,2026-10-09 21:19:23+00:00,online,DE,wind_onshore,xgboost_online,XGBoost with covariates,weather_4p+tso_forecast,2208,2026-10-09 13:00:00+00:00,34303.2421875,39084.529985,,2026-07-08 16:00:00+00:00,2026-10-08 15:00:00+00:00,1,1,linear_interpolation,interpolated
2026-10-08,2026-10-09 21:19:23+00:00,online,DE,wind_onshore,xgboost_online,XGBoost with covariates,weather_4p+tso_forecast,2208,2026-10-09 14:00:00+00:00,34576.1953125,39440.2943375,,2026-07-08 16:00:00+00:00,2026-10-08 15:00:00+00:00,1,1,linear_interpolation,interpolated
2026-10-08,2026-10-09 21:19:23+00:00,online,DE,wind_onshore,xgboost_online,XGBoost with covariates,weather_4p+tso_forecast,2208,2026-10-09 15:00:00+00:00,34814.51171875,39621.099325,,2026-07-08 16:00:00+00:00,2026-10-08 15:00:00+00:00,1,1,linear_interpolation,interpolated
2026-10-08,2026-10-09 21:19:23+00:00,online,DE,wind_offshore,tso_reference,TSO forecast,tso_forecast,2208,2026-10-08 16:00:00+00:00,6185.4025,6185.4025,,2026-07-08 16:00:00+00:00,2026-10-08 15:00:00+00:00,1,1,linear_interpolation,interpolated
2026-10-08,2026-10-09 21:19:23+00:00,online,DE,wind_offshore,tso_reference,TSO forecast,tso_forecast,2208,2026-10-08 17:00:00+00:00,6293.365,6293.365,,2026-07-08 16:00:00+00:00,2026-10-08 15:00:00+00:00,1,1,linear_interpolation,interpolated
2026-10-08,2026-10-09 21:19:23+00:00,online,DE,wind_offshore,tso_reference,TSO forecast,tso_forecast,2208,2026-10-08 18:00:00+00:00,6260.5075,6260.5075,,2026-07-08 16:00:00+00:00,2026-10-08 15:00:00+00:00,1,1,linear_interpolation,interpolated
2026-10-08,2026-10-09 21:19:23+00:00,online,DE,wind_offshore,tso_reference,TSO forecast,tso_forecast,2208,2026-10-08 19:00:00+00:00,6185.9475,6185.9475,,2026-07-08 16:00:00+00:00,2026-10-08 15:00:00+00:00,1,1,linear_interpolation,interpolated
2026-10-08,2026-10-09 21:19:23+00:00,online,DE,wind_offshore,tso_reference,TSO forecast,tso_forecast,2208,2026-10-08 20:00:00+00:00,6136.24,6136.24,,2026-07-08 16:00:00+00:00,2026-10-08 15:00:00+00:00,1,1,linear_interpolation,interpolated
2026-10-08,2026-10-09 21:19:23+00:00,online,DE,wind_offshore,tso_reference,TSO forecast,tso_forecast,2208,2026-10-08 21:00:00+00:00,5992.59,5992.59,,2026-07-08 16:00:00+00:00,2026-10-08 15:00:00+00:00,1,1,linear_interpolation,interpolated
2026-10-08,2026-10-09 21:19:23+00:00,online,DE,wind_offshore,tso_reference,TSO forecast,tso_forecast,2208,2026-10-08 22:00:00+00:00,5965.4475,5965.4475,,2026-07-08 16:00:00+00:00,2026-10-08 15:00:00+00:00,1,1,linear_interpolation,interpolated
2026-10-08,2026-10-09 21:19:23+00:00,online,DE,wind_offshore,tso_reference,TSO forecast,tso_forecast,2208,2026-10-08 23:00:00+00:00,5817.785,5817.785,,2026-07-08 16:00:00+00:00,2026-10-08 15:00:00+00:00,1,1,linear_interpolation,interpolated
2026-10-08,2026-10-09 21:19:23+00:00,online,DE,wind_offshore,tso_reference,TSO forecast,tso_forecast,2208,2026-10-09 00:00:00+00:00,5737.6,5737.6,,2026-07-08 16:00:00+00:00,2026-10-08 15:00:00+00:00,1,1,linear_interpolation,interpolated
2026-10-08,2026-10-09 21:19:23+00:00,online,DE,wind_offshore,tso_reference,TSO forecast,tso_forecast,2208,2026-10-09 01:00:00+00:00,5628.967500000001,5628.967500000001,,2026-07-08 16:00:00+00:00,2026-10-08 15:00:00+00:00,1,1,linear_interpolation,interpolated
2026-10-08,2026-10-09 21:19:23+00:00,online,DE,wind_offshore,tso_reference,TSO forecast,tso_forecast,2208,2026-10-09 02:00:00+00:00,5599.31,5599.31,,2026-07-08 16:00:00+00:00,2026-10-08 15:00:00+00:00,1,1,linear_interpolation,interpolated
2026-10-08,2026-10-09 21:19:23+00:00,online,DE,wind_offshore,tso_reference,TSO forecast,tso_forecast,2208,2026-10-09 03:00:00+00:00,5601.975,5601.975,,2026-07-08 16:00:00+00:00,2026-10-08 15:00:00+00:00,1,1,linear_interpolation,interpolated
2026-10-08,2026-10-09 21:19:23+00:00,online,DE,wind_offshore,tso_reference,TSO forecast,tso_forecast,2208,2026-10-09 04:00:00+00:00,5645.672500000001,5645.672500000001,,2026-07-08 16:00:00+00:00,2026-10-08 15:00:00+00:00,1,1,linear_interpolation,interpolated
2026-10-08,2026-10-09 21:19:23+00:00,online,DE,wind_offshore,tso_reference,TSO forecast,tso_forecast,2208,2026-10-09 05:00:00+00:00,5758.75,5758.75,,2026-07-08 16:00:00+00:00,2026-10-08 15:00:00+00:00,1,1,linear_interpolation,interpolated
2026-10-08,2026-10-09 21:19:23+00:00,online,DE,wind_offshore,tso_reference,TSO forecast,tso_forecast,2208,2026-10-09 06:00:00+00:00,6028.72,6028.72,,2026-07-08 16:00:00+00:00,2026-10-08 15:00:00+00:00,1,1,linear_interpolation,interpolated
2026-10-08,2026-10-09 21:19:23+00:00,online,DE,wind_offshore,tso_reference,TSO forecast,tso_forecast,2208,2026-10-09 07:00:00+00:00,6098.805,6098.805,,2026-07-08 16:00:00+00:00,2026-10-08 15:00:00+00:00,1,1,linear_interpolation,interpolated
2026-10-08,2026-10-09 21:19:23+00:00,online,DE,wind_offshore,tso_reference,TSO forecast,tso_forecast,2208,2026-10-09 08:00:00+00:00,6164.1325,6164.1325,,2026-07-08 16:00:00+00:00,2026-10-08 15:00:00+00:00,1,1,linear_interpolation,interpolated
2026-10-08,2026-10-09 21:19:23+00:00,online,DE,wind_offshore,tso_reference,TSO forecast,tso_forecast,2208,2026-10-09 09:00:00+00:00,6172.4525,6172.4525,,2026-07-08 16:00:00+00:00,2026-10-08 15:00:00+00:00,1,1,linear_interpolation,interpolated
2026-10-08,2026-10-09 21:19:23+00:00,online,DE,wind_offshore,tso_reference,TSO forecast,tso_forecast,2208,2026-10-09 10:00:00+00:00,6022.54,6022.54,,2026-07-08 16:00:00+00:00,2026-10-08 15:00:00+00:00,1,1,linear_interpolation,interpolated
2026-10-08,2026-10-09 21:19:23+00:00,online,DE,wind_offshore,tso_reference,TSO forecast,tso_forecast,2208,2026-10-09 11:00:00+00:00,5830.6225,5830.6225,,2026-07-08 16:00:00+00:00,2026-10-08 15:00:00+00:00,1,1,linear_interpolation,interpolated
2026-10-08,2026-10-09 21:19:23+00:00,online,DE,wind_offshore,tso_reference,TSO forecast,tso_forecast,2208,2026-10-09 12:00:00+00:00,5769.6425,5769.6425,,2026-07-08 16:00:00+00:00,2026-10-08 15:00:00+00:00,1,1,linear_interpolation,interpolated
2026-10-08,2026-10-09 21:19:23+00:00,online,DE,wind_offshore,tso_reference,TSO forecast,tso_forecast,2208,2026-10-09 13:00:00+00:00,5779.475,5779.475,,2026-07-08 16:00:00+00:00,2026-10-08 15:00:00+00:00,1,1,linear_interpolation,interpolated
2026-10-08,2026-10-09 21:19:23+00:00,online,DE,wind_offshore,tso_reference,TSO forecast,tso_forecast,2208,2026-10-09 14:00:00+00:00,5844.57,5844.57,,2026-07-08 16:00:00+00:00,2026-10-08 15:00:00+00:00,1,1,linear_interpolation,interpolated
2026-10-08,2026-10-09 21:19:23+00:00,online,DE,wind_offshore,tso_reference,TSO forecast,tso_forecast,2208,2026-10-09 15:00:00+00:00,5891.9725,5891.9725,,2026-07-08 16:00:00+00:00,2026-10-08 15:00:00+00:00,1,1,linear_interpolation,interpolated
2026-10-08,2026-10-09 21:19:23+00:00,online,DE,wind_offshore,persistence,Persistence,daily_persistence,2208,2026-10-08 16:00:00+00:00,546.35025,6185.4025,,2026-07-08 16:00:00+00:00,2026-10-08 15:00:00+00:00,1,1,linear_interpolation,interpolated
2026-10-08,2026-10-09 21:19:23+00:00,online,DE,wind_offshore,persistence,Persistence,daily_persistence,2208,2026-10-08 17:00:00+00:00,1221.96525,6293.365,,2026-07-08 16:00:00+00:00,2026-10-08 15:00:00+00:00,1,1,linear_interpolation,interpolated
2026-10-08,2026-10-09 21:19:23+00:00,online,DE,wind_offshore,persistence,Persistence,daily_persistence,2208,2026-10-08 18:00:00+00:00,2213.3317500000003,6260.5075,,2026-07-08 16:00:00+00:00,2026-10-08 15:00:00+00:00,1,1,linear_interpolation,interpolated
2026-10-08,2026-10-09 21:19:23+00:00,online,DE,wind_offshore,persistence,Persistence,daily_persistence,2208,2026-10-08 19:00:00+00:00,2617.1225,6185.9475,,2026-07-08 16:00:00+00:00,2026-10-08 15:00:00+00:00,1,1,linear_interpolation,interpolated
2026-10-08,2026-10-09 21:19:23+00:00,online,DE,wind_offshore,persistence,Persistence,daily_persistence,2208,2026-10-08 20:00:00+00:00,2596.37125,6136.24,,2026-07-08 16:00:00+00:00,2026-10-08 15:00:00+00:00,1,1,linear_interpolation,interpolated
2026-10-08,2026-10-09 21:19:23+00:00,online,DE,wind_offshore,persistence,Persistence,daily_persistence,2208,2026-10-08 21:00:00+00:00,2277.3272500000003,5992.59,,2026-07-08 16:00:00+00:00,2026-10-08 15:00:00+00:00,1,1,linear_interpolation,interpolated
2026-10-08,2026-10-09 21:19:23+00:00,online,DE,wind_offshore,persistence,Persistence,daily_persistence,2208,2026-10-08 22:00:00+00:00,2067.166,5965.4475,,2026-07-08 16:00:00+00:00,2026-10-08 15:00:00+00:00,1,1,linear_interpolation,interpolated
2026-10-08,2026-10-09 21:19:23+00:00,online,DE,wind_offshore,persistence,Persistence,daily_persistence,2208,2026-10-08 23:00:00+00:00,2518.60775,5817.785,,2026-07-08 16:00:00+00:00,2026-10-08 15:00:00+00:00,1,1,linear_interpolation,interpolated
2026-10-08,2026-10-09 21:19:23+00:00,online,DE,wind_offshore,persistence,Persistence,daily_persistence,2208,2026-10-09 00:00:00+00:00,3323.195,5737.6,,2026-07-08 16:00:00+00:00,2026-10-08 15:00:00+00:00,1,1,linear_interpolation,interpolated
2026-10-08,2026-10-09 21:19:23+00:00,online,DE,wind_offshore,persistence,Persistence,daily_persistence,2208,2026-10-09 01:00:00+00:00,4123.78625,5628.967500000001,,2026-07-08 16:00:00+00:00,2026-10-08 15:00:00+00:00,1,1,linear_interpolation,interpolated
2026-10-08,2026-10-09 21:19:23+00:00,online,DE,wind_offshore,persistence,Persistence,daily_persistence,2208,2026-10-09 02:00:00+00:00,4717.56575,5599.31,,2026-07-08 16:00:00+00:00,2026-10-08 15:00:00+00:00,1,1,linear_interpolation,interpolated
2026-10-08,2026-10-09 21:19:23+00:00,online,DE,wind_offshore,persistence,Persistence,daily_persistence,2208,2026-10-09 03:00:00+00:00,5258.24025,5601.975,,2026-07-08 16:00:00+00:00,2026-10-08 15:00:00+00:00,1,1,linear_interpolation,interpolated
2026-10-08,2026-10-09 21:19:23+00:00,online,DE,wind_offshore,persistence,Persistence,daily_persistence,2208,2026-10-09 04:00:00+00:00,4952.76125,5645.672500000001,,2026-07-08 16:00:00+00:00,2026-10-08 15:00:00+00:00,1,1,linear_interpolation,interpolated
2026-10-08,2026-10-09 21:19:23+00:00,online,DE,wind_offshore,persistence,Persistence,daily_persistence,2208,2026-10-09 05:00:00+00:00,4275.5455,5758.75,,2026-07-08 16:00:00+00:00,2026-10-08 15:00:00+00:00,1,1,linear_interpolation,interpolated
2026-10-08,2026-10-09 21:19:23+00:00,online,DE,wind_offshore,persistence,Persistence,daily_persistence,2208,2026-10-09 06:00:00+00:00,4252.1965,6028.72,,2026-07-08 16:00:00+00:00,2026-10-08 15:00:00+00:00,1,1,linear_interpolation,interpolated
2026-10-08,2026-10-09 21:19:23+00:00,online,DE,wind_offshore,persistence,Persistence,daily_persistence,2208,2026-10-09 07:00:00+00:00,4000.484,6098.805,,2026-07-08 16:00:00+00:00,2026-10-08 15:00:00+00:00,1,1,linear_interpolation,interpolated
2026-10-08,2026-10-09 21:19:23+00:00,online,DE,wind_offshore,persistence,Persistence,daily_persistence,2208,2026-10-09 08:00:00+00:00,4373.33675,6164.1325,,2026-07-08 16:00:00+00:00,2026-10-08 15:00:00+00:00,1,1,linear_interpolation,interpolated
2026-10-08,2026-10-09 21:19:23+00:00,online,DE,wind_offshore,persistence,Persistence,daily_persistence,2208,2026-10-09 09:00:00+00:00,4281.6525,6172.4525,,2026-07-08 16:00:00+00:00,2026-10-08 15:00:00+00:00,1,1,linear_interpolation,interpolated
2026-10-08,2026-10-09 21:19:23+00:00,online,DE,wind_offshore,persistence,Persistence,daily_persistence,2208,2026-10-09 10:00:00+00:00,4119.10375,6022.54,,2026-07-08 16:00:00+00:00,2026-10-08 15:00:00+00:00,1,1,linear_interpolation,interpolated
2026-10-08,2026-10-09 21:19:23+00:00,online,DE,wind_offshore,persistence,Persistence,daily_persistence,2208,2026-10-09 11:00:00+00:00,3922.3655,5830.6225,,2026-07-08 16:00:00+00:00,2026-10-08 15:00:00+00:00,1,1,linear_interpolation,interpolated
2026-10-08,2026-10-09 21:19:23+00:00,online,DE,wind_offshore,persistence,Persistence,daily_persistence,2208,2026-10-09 12:00:00+00:00,4138.27675,5769.6425,,2026-07-08 16:00:00+00:00,2026-10-08 15:00:00+00:00,1,1,linear_interpolation,interpolated
2026-10-08,2026-10-09 21:19:23+00:00,online,DE,wind_offshore,persistence,Persistence,daily_persistence,2208,2026-10-09 13:00:00+00:00,4531.5065,5779.475,,2026-07-08 16:00:00+00:00,2026-10-08 15:00:00+00:00,1,1,linear_interpolation,interpolated
2026-10-08,2026-10-09 21:19:23+00:00,online,DE,wind_offshore,persistence,Persistence,daily_persistence,2208,2026-10-09 14:00:00+00:00,5220.491,5844.57,,2026-07-08 16:00:00+00:00,2026-10-08 15:00:00+00:00,1,1,linear_interpolation,interpolated
2026-10-08,2026-10-09 21:19:23+00:00,online,DE,wind_offshore,persistence,Persistence,daily_persistence,2208,2026-10-09 15:00:00+00:00,5336.031,5891.9725,,2026-07-08 16:00:00+00:00,2026-10-08 15:00:00+00:00,1,1,linear_interpolation,interpolated
2026-10-08,2026-10-09 21:19:23+00:00,online,DE,wind_offshore,chronos2_online,Chronos2 with covariates,weather_4p+tso_forecast,2208,2026-10-08 16:00:00+00:00,5409.96484375,6185.4025,,2026-07-08 16:00:00+00:00,2026-10-08 15:00:00+00:00,1,1,linear_interpolation,interpolated
2026-10-08,2026-10-09 21:19:23+00:00,online,DE,wind_offshore,chronos2_online,Chronos2 with covariates,weather_4p+tso_forecast,2208,2026-10-08 17:00:00+00:00,5374.7275390625,6293.365,,2026-07-08 16:00:00+00:00,2026-10-08 15:00:00+00:00,1,1,linear_interpolation,interpolated
2026-10-08,2026-10-09 21:19:23+00:00,online,DE,wind_offshore,chronos2_online,Chronos2 with covariates,weather_4p+tso_forecast,2208,2026-10-08 18:00:00+00:00,5305.275390625,6260.5075,,2026-07-08 16:00:00+00:00,2026-10-08 15:00:00+00:00,1,1,linear_interpolation,interpolated
2026-10-08,2026-10-09 21:19:23+00:00,online,DE,wind_offshore,chronos2_online,Chronos2 with covariates,weather_4p+tso_forecast,2208,2026-10-08 19:00:00+00:00,5227.2421875,6185.9475,,2026-07-08 16:00:00+00:00,2026-10-08 15:00:00+00:00,1,1,linear_interpolation,interpolated
2026-10-08,2026-10-09 21:19:23+00:00,online,DE,wind_offshore,chronos2_online,Chronos2 with covariates,weather_4p+tso_forecast,2208,2026-10-08 20:00:00+00:00,5162.744140625,6136.24,,2026-07-08 16:00:00+00:00,2026-10-08 15:00:00+00:00,1,1,linear_interpolation,interpolated
2026-10-08,2026-10-09 21:19:23+00:00,online,DE,wind_offshore,chronos2_online,Chronos2 with covariates,weather_4p+tso_forecast,2208,2026-10-08 21:00:00+00:00,5099.384765625,5992.59,,2026-07-08 16:00:00+00:00,2026-10-08 15:00:00+00:00,1,1,linear_interpolation,interpolated
2026-10-08,2026-10-09 21:19:23+00:00,online,DE,wind_offshore,chronos2_online,Chronos2 with covariates,weather_4p+tso_forecast,2208,2026-10-08 22:00:00+00:00,5027.9638671875,5965.4475,,2026-07-08 16:00:00+00:00,2026-10-08 15:00:00+00:00,1,1,linear_interpolation,interpolated
2026-10-08,2026-10-09 21:19:23+00:00,online,DE,wind_offshore,chronos2_online,Chronos2 with covariates,weather_4p+tso_forecast,2208,2026-10-08 23:00:00+00:00,4908.556640625,5817.785,,2026-07-08 16:00:00+00:00,2026-10-08 15:00:00+00:00,1,1,linear_interpolation,interpolated
2026-10-08,2026-10-09 21:19:23+00:00,online,DE,wind_offshore,chronos2_online,Chronos2 with covariates,weather_4p+tso_forecast,2208,2026-10-09 00:00:00+00:00,4796.80615234375,5737.6,,2026-07-08 16:00:00+00:00,2026-10-08 15:00:00+00:00,1,1,linear_interpolation,interpolated
2026-10-08,2026-10-09 21:19:23+00:00,online,DE,wind_offshore,chronos2_online,Chronos2 with covariates,weather_4p+tso_forecast,2208,2026-10-09 01:00:00+00:00,4681.74462890625,5628.967500000001,,2026-07-08 16:00:00+00:00,2026-10-08 15:00:00+00:00,1,1,linear_interpolation,interpolated
2026-10-08,2026-10-09 21:19:23+00:00,online,DE,wind_offshore,chronos2_online,Chronos2 with covariates,weather_4p+tso_forecast,2208,2026-10-09 02:00:00+00:00,4559.7861328125,5599.31,,2026-07-08 16:00:00+00:00,2026-10-08 15:00:00+00:00,1,1,linear_interpolation,interpolated
2026-10-08,2026-10-09 21:19:23+00:00,online,DE,wind_offshore,chronos2_online,Chronos2 with covariates,weather_4p+tso_forecast,2208,2026-10-09 03:00:00+00:00,4449.7646484375,5601.975,,2026-07-08 16:00:00+00:00,2026-10-08 15:00:00+00:00,1,1,linear_interpolation,interpolated
2026-10-08,2026-10-09 21:19:23+00:00,online,DE,wind_offshore,chronos2_online,Chronos2 with covariates,weather_4p+tso_forecast,2208,2026-10-09 04:00:00+00:00,4357.2763671875,5645.672500000001,,2026-07-08 16:00:00+00:00,2026-10-08 15:00:00+00:00,1,1,linear_interpolation,interpolated
2026-10-08,2026-10-09 21:19:23+00:00,online,DE,wind_offshore,chronos2_online,Chronos2 with covariates,weather_4p+tso_forecast,2208,2026-10-09 05:00:00+00:00,4284.98046875,5758.75,,2026-07-08 16:00:00+00:00,2026-10-08 15:00:00+00:00,1,1,linear_interpolation,interpolated
2026-10-08,2026-10-09 21:19:23+00:00,online,DE,wind_offshore,chronos2_online,Chronos2 with covariates,weather_4p+tso_forecast,2208,2026-10-09 06:00:00+00:00,4292.23095703125,6028.72,,2026-07-08 16:00:00+00:00,2026-10-08 15:00:00+00:00,1,1,linear_interpolation,interpolated
2026-10-08,2026-10-09 21:19:23+00:00,online,DE,wind_offshore,chronos2_online,Chronos2 with covariates,weather_4p+tso_forecast,2208,2026-10-09 07:00:00+00:00,4255.435546875,6098.805,,2026-07-08 16:00:00+00:00,2026-10-08 15:00:00+00:00,1,1,linear_interpolation,interpolated
2026-10-08,2026-10-09 21:19:23+00:00,online,DE,wind_offshore,chronos2_online,Chronos2 with covariates,weather_4p+tso_forecast,2208,2026-10-09 08:00:00+00:00,4782.3544921875,6164.1325,,2026-07-08 16:00:00+00:00,2026-10-08 15:00:00+00:00,1,1,linear_interpolation,interpolated
2026-10-08,2026-10-09 21:19:23+00:00,online,DE,wind_offshore,chronos2_online,Chronos2 with covariates,weather_4p+tso_forecast,2208,2026-10-09 09:00:00+00:00,4538.779296875,6172.4525,,2026-07-08 16:00:00+00:00,2026-10-08 15:00:00+00:00,1,1,linear_interpolation,interpolated
2026-10-08,2026-10-09 21:19:23+00:00,online,DE,wind_offshore,chronos2_online,Chronos2 with covariates,weather_4p+tso_forecast,2208,2026-10-09 10:00:00+00:00,4442.64404296875,6022.54,,2026-07-08 16:00:00+00:00,2026-10-08 15:00:00+00:00,1,1,linear_interpolation,interpolated
2026-10-08,2026-10-09 21:19:23+00:00,online,DE,wind_offshore,chronos2_online,Chronos2 with covariates,weather_4p+tso_forecast,2208,2026-10-09 11:00:00+00:00,4341.40869140625,5830.6225,,2026-07-08 16:00:00+00:00,2026-10-08 15:00:00+00:00,1,1,linear_interpolation,interpolated
2026-10-08,2026-10-09 21:19:23+00:00,online,DE,wind_offshore,chronos2_online,Chronos2 with covariates,weather_4p+tso_forecast,2208,2026-10-09 12:00:00+00:00,4315.6083984375,5769.6425,,2026-07-08 16:00:00+00:00,2026-10-08 15:00:00+00:00,1,1,linear_interpolation,interpolated
2026-10-08,2026-10-09 21:19:23+00:00,online,DE,wind_offshore,chronos2_online,Chronos2 with covariates,weather_4p+tso_forecast,2208,2026-10-09 13:00:00+00:00,4539.32275390625,5779.475,,2026-07-08 16:00:00+00:00,2026-10-08 15:00:00+00:00,1,1,linear_interpolation,interpolated
2026-10-08,2026-10-09 21:19:23+00:00,online,DE,wind_offshore,chronos2_online,Chronos2 with covariates,weather_4p+tso_forecast,2208,2026-10-09 14:00:00+00:00,4540.884765625,5844.57,,2026-07-08 16:00:00+00:00,2026-10-08 15:00:00+00:00,1,1,linear_interpolation,interpolated
2026-10-08,2026-10-09 21:19:23+00:00,online,DE,wind_offshore,chronos2_online,Chronos2 with covariates,weather_4p+tso_forecast,2208,2026-10-09 15:00:00+00:00,4463.580078125,5891.9725,,2026-07-08 16:00:00+00:00,2026-10-08 15:00:00+00:00,1,1,linear_interpolation,interpolated
2026-10-08,2026-10-09 21:19:23+00:00,online,DE,wind_offshore,xgboost_online,XGBoost with covariates,weather_4p+tso_forecast,2208,2026-10-08 16:00:00+00:00,3311.133056640625,6185.4025,,2026-07-08 16:00:00+00:00,2026-10-08 15:00:00+00:00,1,1,linear_interpolation,interpolated
2026-10-08,2026-10-09 21:19:23+00:00,online,DE,wind_offshore,xgboost_online,XGBoost with covariates,weather_4p+tso_forecast,2208,2026-10-08 17:00:00+00:00,3263.46826171875,6293.365,,2026-07-08 16:00:00+00:00,2026-10-08 15:00:00+00:00,1,1,linear_interpolation,interpolated
2026-10-08,2026-10-09 21:19:23+00:00,online,DE,wind_offshore,xgboost_online,XGBoost with covariates,weather_4p+tso_forecast,2208,2026-10-08 18:00:00+00:00,3333.61962890625,6260.5075,,2026-07-08 16:00:00+00:00,2026-10-08 15:00:00+00:00,1,1,linear_interpolation,interpolated
2026-10-08,2026-10-09 21:19:23+00:00,online,DE,wind_offshore,xgboost_online,XGBoost with covariates,weather_4p+tso_forecast,2208,2026-10-08 19:00:00+00:00,3325.125,6185.9475,,2026-07-08 16:00:00+00:00,2026-10-08 15:00:00+00:00,1,1,linear_interpolation,interpolated
2026-10-08,2026-10-09 21:19:23+00:00,online,DE,wind_offshore,xgboost_online,XGBoost with covariates,weather_4p+tso_forecast,2208,2026-10-08 20:00:00+00:00,3455.940673828125,6136.24,,2026-07-08 16:00:00+00:00,2026-10-08 15:00:00+00:00,1,1,linear_interpolation,interpolated
2026-10-08,2026-10-09 21:19:23+00:00,online,DE,wind_offshore,xgboost_online,XGBoost with covariates,weather_4p+tso_forecast,2208,2026-10-08 21:00:00+00:00,3650.02880859375,5992.59,,2026-07-08 16:00:00+00:00,2026-10-08 15:00:00+00:00,1,1,linear_interpolation,interpolated
2026-10-08,2026-10-09 21:19:23+00:00,online,DE,wind_offshore,xgboost_online,XGBoost with covariates,weather_4p+tso_forecast,2208,2026-10-08 22:00:00+00:00,3650.02880859375,5965.4475,,2026-07-08 16:00:00+00:00,2026-10-08 15:00:00+00:00,1,1,linear_interpolation,interpolated
2026-10-08,2026-10-09 21:19:23+00:00,online,DE,wind_offshore,xgboost_online,XGBoost with covariates,weather_4p+tso_forecast,2208,2026-10-08 23:00:00+00:00,3657.958984375,5817.785,,2026-07-08 16:00:00+00:00,2026-10-08 15:00:00+00:00,1,1,linear_interpolation,interpolated
2026-10-08,2026-10-09 21:19:23+00:00,online,DE,wind_offshore,xgboost_online,XGBoost with covariates,weather_4p+tso_forecast,2208,2026-10-09 00:00:00+00:00,3622.464111328125,5737.6,,2026-07-08 16:00:00+00:00,2026-10-08 15:00:00+00:00,1,1,linear_interpolation,interpolated
2026-10-08,2026-10-09 21:19:23+00:00,online,DE,wind_offshore,xgboost_online,XGBoost with covariates,weather_4p+tso_forecast,2208,2026-10-09 01:00:00+00:00,3656.048095703125,5628.967500000001,,2026-07-08 16:00:00+00:00,2026-10-08 15:00:00+00:00,1,1,linear_interpolation,interpolated
2026-10-08,2026-10-09 21:19:23+00:00,online,DE,wind_offshore,xgboost_online,XGBoost with covariates,weather_4p+tso_forecast,2208,2026-10-09 02:00:00+00:00,3667.900146484375,5599.31,,2026-07-08 16:00:00+00:00,2026-10-08 15:00:00+00:00,1,1,linear_interpolation,interpolated
2026-10-08,2026-10-09 21:19:23+00:00,online,DE,wind_offshore,xgboost_online,XGBoost with covariates,weather_4p+tso_forecast,2208,2026-10-09 03:00:00+00:00,3570.122802734375,5601.975,,2026-07-08 16:00:00+00:00,2026-10-08 15:00:00+00:00,1,1,linear_interpolation,interpolated
2026-10-08,2026-10-09 21:19:23+00:00,online,DE,wind_offshore,xgboost_online,XGBoost with covariates,weather_4p+tso_forecast,2208,2026-10-09 04:00:00+00:00,3606.154541015625,5645.672500000001,,2026-07-08 16:00:00+00:00,2026-10-08 15:00:00+00:00,1,1,linear_interpolation,interpolated
2026-10-08,2026-10-09 21:19:23+00:00,online,DE,wind_offshore,xgboost_online,XGBoost with covariates,weather_4p+tso_forecast,2208,2026-10-09 05:00:00+00:00,3622.464111328125,5758.75,,2026-07-08 16:00:00+00:00,2026-10-08 15:00:00+00:00,1,1,linear_interpolation,interpolated
2026-10-08,2026-10-09 21:19:23+00:00,online,DE,wind_offshore,xgboost_online,XGBoost with covariates,weather_4p+tso_forecast,2208,2026-10-09 06:00:00+00:00,3730.872802734375,6028.72,,2026-07-08 16:00:00+00:00,2026-10-08 15:00:00+00:00,1,1,linear_interpolation,interpolated
2026-10-08,2026-10-09 21:19:23+00:00,online,DE,wind_offshore,xgboost_online,XGBoost with covariates,weather_4p+tso_forecast,2208,2026-10-09 07:00:00+00:00,3766.528076171875,6098.805,,2026-07-08 16:00:00+00:00,2026-10-08 15:00:00+00:00,1,1,linear_interpolation,interpolated
2026-10-08,2026-10-09 21:19:23+00:00,online,DE,wind_offshore,xgboost_online,XGBoost with covariates,weather_4p+tso_forecast,2208,2026-10-09 08:00:00+00:00,3587.615234375,6164.1325,,2026-07-08 16:00:00+00:00,2026-10-08 15:00:00+00:00,1,1,linear_interpolation,interpolated
2026-10-08,2026-10-09 21:19:23+00:00,online,DE,wind_offshore,xgboost_online,XGBoost with covariates,weather_4p+tso_forecast,2208,2026-10-09 09:00:00+00:00,3584.656005859375,6172.4525,,2026-07-08 16:00:00+00:00,2026-10-08 15:00:00+00:00,1,1,linear_interpolation,interpolated
2026-10-08,2026-10-09 21:19:23+00:00,online,DE,wind_offshore,xgboost_online,XGBoost with covariates,weather_4p+tso_forecast,2208,2026-10-09 10:00:00+00:00,4111.74072265625,6022.54,,2026-07-08 16:00:00+00:00,2026-10-08 15:00:00+00:00,1,1,linear_interpolation,interpolated
2026-10-08,2026-10-09 21:19:23+00:00,online,DE,wind_offshore,xgboost_online,XGBoost with covariates,weather_4p+tso_forecast,2208,2026-10-09 11:00:00+00:00,4332.5615234375,5830.6225,,2026-07-08 16:00:00+00:00,2026-10-08 15:00:00+00:00,1,1,linear_interpolation,interpolated
2026-10-08,2026-10-09 21:19:23+00:00,online,DE,wind_offshore,xgboost_online,XGBoost with covariates,weather_4p+tso_forecast,2208,2026-10-09 12:00:00+00:00,3739.160400390625,5769.6425,,2026-07-08 16:00:00+00:00,2026-10-08 15:00:00+00:00,1,1,linear_interpolation,interpolated
2026-10-08,2026-10-09 21:19:23+00:00,online,DE,wind_offshore,xgboost_online,XGBoost with covariates,weather_4p+tso_forecast,2208,2026-10-09 13:00:00+00:00,4322.27587890625,5779.475,,2026-07-08 16:00:00+00:00,2026-10-08 15:00:00+00:00,1,1,linear_interpolation,interpolated
2026-10-08,2026-10-09 21:19:23+00:00,online,DE,wind_offshore,xgboost_online,XGBoost with covariates,weather_4p+tso_forecast,2208,2026-10-09 14:00:00+00:00,4528.16015625,5844.57,,2026-07-08 16:00:00+00:00,2026-10-08 15:00:00+00:00,1,1,linear_interpolation,interpolated
2026-10-08,2026-10-09 21:19:23+00:00,online,DE,wind_offshore,xgboost_online,XGBoost with covariates,weather_4p+tso_forecast,2208,2026-10-09 15:00:00+00:00,4495.9296875,5891.9725,,2026-07-08 16:00:00+00:00,2026-10-08 15:00:00+00:00,1,1,linear_interpolation,interpolated
2026-10-08,2026-10-09 21:19:23+00:00,online,DK1,wind_onshore,tso_reference,TSO forecast,tso_forecast,2208,2026-10-08 16:00:00+00:00,1685.2916665,1685.2916665,,2026-07-08 16:00:00+00:00,2026-10-08 15:00:00+00:00,0,0,none,complete
2026-10-08,2026-10-09 21:19:23+00:00,online,DK1,wind_onshore,tso_reference,TSO forecast,tso_forecast,2208,2026-10-08 17:00:00+00:00,1583.083333,1583.083333,,2026-07-08 16:00:00+00:00,2026-10-08 15:00:00+00:00,0,0,none,complete
2026-10-08,2026-10-09 21:19:23+00:00,online,DK1,wind_onshore,tso_reference,TSO forecast,tso_forecast,2208,2026-10-08 18:00:00+00:00,1702.0416662500002,1702.0416662500002,,2026-07-08 16:00:00+00:00,2026-10-08 15:00:00+00:00,0,0,none,complete
2026-10-08,2026-10-09 21:19:23+00:00,online,DK1,wind_onshore,tso_reference,TSO forecast,tso_forecast,2208,2026-10-08 19:00:00+00:00,1874.49999975,1874.49999975,,2026-07-08 16:00:00+00:00,2026-10-08 15:00:00+00:00,0,0,none,complete
2026-10-08,2026-10-09 21:19:23+00:00,online,DK1,wind_onshore,tso_reference,TSO forecast,tso_forecast,2208,2026-10-08 20:00:00+00:00,1987.708333,1987.708333,,2026-07-08 16:00:00+00:00,2026-10-08 15:00:00+00:00,0,0,none,complete
2026-10-08,2026-10-09 21:19:23+00:00,online,DK1,wind_onshore,tso_reference,TSO forecast,tso_forecast,2208,2026-10-08 21:00:00+00:00,1942.583333,1942.583333,,2026-07-08 16:00:00+00:00,2026-10-08 15:00:00+00:00,0,0,none,complete
2026-10-08,2026-10-09 21:19:23+00:00,online,DK1,wind_onshore,tso_reference,TSO forecast,tso_forecast,2208,2026-10-08 22:00:00+00:00,2021.20833325,2021.20833325,,2026-07-08 16:00:00+00:00,2026-10-08 15:00:00+00:00,0,0,none,complete
2026-10-08,2026-10-09 21:19:23+00:00,online,DK1,wind_onshore,tso_reference,TSO forecast,tso_forecast,2208,2026-10-08 23:00:00+00:00,1848.3749995,1848.3749995,,2026-07-08 16:00:00+00:00,2026-10-08 15:00:00+00:00,0,0,none,complete
2026-10-08,2026-10-09 21:19:23+00:00,online,DK1,wind_onshore,tso_reference,TSO forecast,tso_forecast,2208,2026-10-09 00:00:00+00:00,1686.458333,1686.458333,,2026-07-08 16:00:00+00:00,2026-10-08 15:00:00+00:00,0,0,none,complete
2026-10-08,2026-10-09 21:19:23+00:00,online,DK1,wind_onshore,tso_reference,TSO forecast,tso_forecast,2208,2026-10-09 01:00:00+00:00,1503.4166665,1503.4166665,,2026-07-08 16:00:00+00:00,2026-10-08 15:00:00+00:00,0,0,none,complete
2026-10-08,2026-10-09 21:19:23+00:00,online,DK1,wind_onshore,tso_reference,TSO forecast,tso_forecast,2208,2026-10-09 02:00:00+00:00,1346.12499975,1346.12499975,,2026-07-08 16:00:00+00:00,2026-10-08 15:00:00+00:00,0,0,none,complete
2026-10-08,2026-10-09 21:19:23+00:00,online,DK1,wind_onshore,tso_reference,TSO forecast,tso_forecast,2208,2026-10-09 03:00:00+00:00,1076.83333325,1076.83333325,,2026-07-08 16:00:00+00:00,2026-10-08 15:00:00+00:00,0,0,none,complete
2026-10-08,2026-10-09 21:19:23+00:00,online,DK1,wind_onshore,tso_reference,TSO forecast,tso_forecast,2208,2026-10-09 04:00:00+00:00,755.4166665,755.4166665,,2026-07-08 16:00:00+00:00,2026-10-08 15:00:00+00:00,0,0,none,complete
2026-10-08,2026-10-09 21:19:23+00:00,online,DK1,wind_onshore,tso_reference,TSO forecast,tso_forecast,2208,2026-10-09 05:00:00+00:00,512.83333325,512.83333325,,2026-07-08 16:00:00+00:00,2026-10-08 15:00:00+00:00,0,0,none,complete
2026-10-08,2026-10-09 21:19:23+00:00,online,DK1,wind_onshore,tso_reference,TSO forecast,tso_forecast,2208,2026-10-09 06:00:00+00:00,347.87499975000003,347.87499975000003,,2026-07-08 16:00:00+00:00,2026-10-08 15:00:00+00:00,0,0,none,complete
2026-10-08,2026-10-09 21:19:23+00:00,online,DK1,wind_onshore,tso_reference,TSO forecast,tso_forecast,2208,2026-10-09 07:00:00+00:00,274.20833325,274.20833325,,2026-07-08 16:00:00+00:00,2026-10-08 15:00:00+00:00,0,0,none,complete
2026-10-08,2026-10-09 21:19:23+00:00,online,DK1,wind_onshore,tso_reference,TSO forecast,tso_forecast,2208,2026-10-09 08:00:00+00:00,230.958333,230.958333,,2026-07-08 16:00:00+00:00,2026-10-08 15:00:00+00:00,0,0,none,complete
2026-10-08,2026-10-09 21:19:23+00:00,online,DK1,wind_onshore,tso_reference,TSO forecast,tso_forecast,2208,2026-10-09 09:00:00+00:00,242.37499975,242.37499975,,2026-07-08 16:00:00+00:00,2026-10-08 15:00:00+00:00,0,0,none,complete
2026-10-08,2026-10-09 21:19:23+00:00,online,DK1,wind_onshore,tso_reference,TSO forecast,tso_forecast,2208,2026-10-09 10:00:00+00:00,328.583333,328.583333,,2026-07-08 16:00:00+00:00,2026-10-08 15:00:00+00:00,0,0,none,complete
2026-10-08,2026-10-09 21:19:23+00:00,online,DK1,wind_onshore,tso_reference,TSO forecast,tso_forecast,2208,2026-10-09 11:00:00+00:00,495.083333,495.083333,,2026-07-08 16:00:00+00:00,2026-10-08 15:00:00+00:00,0,0,none,complete
2026-10-08,2026-10-09 21:19:23+00:00,online,DK1,wind_onshore,tso_reference,TSO forecast,tso_forecast,2208,2026-10-09 12:00:00+00:00,663.08333275,663.08333275,,2026-07-08 16:00:00+00:00,2026-10-08 15:00:00+00:00,0,0,none,complete
2026-10-08,2026-10-09 21:19:23+00:00,online,DK1,wind_onshore,tso_reference,TSO forecast,tso_forecast,2208,2026-10-09 13:00:00+00:00,851.2499995,851.2499995,,2026-07-08 16:00:00+00:00,2026-10-08 15:00:00+00:00,0,0,none,complete
2026-10-08,2026-10-09 21:19:23+00:00,online,DK1,wind_onshore,tso_reference,TSO forecast,tso_forecast,2208,2026-10-09 14:00:00+00:00,1055.37499975,1055.37499975,,2026-07-08 16:00:00+00:00,2026-10-08 15:00:00+00:00,0,0,none,complete
2026-10-08,2026-10-09 21:19:23+00:00,online,DK1,wind_onshore,tso_reference,TSO forecast,tso_forecast,2208,2026-10-09 15:00:00+00:00,1090.6666662500002,1090.6666662500002,,2026-07-08 16:00:00+00:00,2026-10-08 15:00:00+00:00,0,0,none,complete
2026-10-08,2026-10-09 21:19:23+00:00,online,DK1,wind_onshore,persistence,Persistence,daily_persistence,2208,2026-10-08 16:00:00+00:00,722.0605,1685.2916665,,2026-07-08 16:00:00+00:00,2026-10-08 15:00:00+00:00,0,0,none,complete
2026-10-08,2026-10-09 21:19:23+00:00,online,DK1,wind_onshore,persistence,Persistence,daily_persistence,2208,2026-10-08 17:00:00+00:00,734.913,1583.083333,,2026-07-08 16:00:00+00:00,2026-10-08 15:00:00+00:00,0,0,none,complete
2026-10-08,2026-10-09 21:19:23+00:00,online,DK1,wind_onshore,persistence,Persistence,daily_persistence,2208,2026-10-08 18:00:00+00:00,768.5605,1702.0416662500002,,2026-07-08 16:00:00+00:00,2026-10-08 15:00:00+00:00,0,0,none,complete
2026-10-08,2026-10-09 21:19:23+00:00,online,DK1,wind_onshore,persistence,Persistence,daily_persistence,2208,2026-10-08 19:00:00+00:00,771.9580000000001,1874.49999975,,2026-07-08 16:00:00+00:00,2026-10-08 15:00:00+00:00,0,0,none,complete
2026-10-08,2026-10-09 21:19:23+00:00,online,DK1,wind_onshore,persistence,Persistence,daily_persistence,2208,2026-10-08 20:00:00+00:00,731.5965,1987.708333,,2026-07-08 16:00:00+00:00,2026-10-08 15:00:00+00:00,0,0,none,complete
2026-10-08,2026-10-09 21:19:23+00:00,online,DK1,wind_onshore,persistence,Persistence,daily_persistence,2208,2026-10-08 21:00:00+00:00,633.37625,1942.583333,,2026-07-08 16:00:00+00:00,2026-10-08 15:00:00+00:00,0,0,none,complete
2026-10-08,2026-10-09 21:19:23+00:00,online,DK1,wind_onshore,persistence,Persistence,daily_persistence,2208,2026-10-08 22:00:00+00:00,477.64525,2021.20833325,,2026-07-08 16:00:00+00:00,2026-10-08 15:00:00+00:00,0,0,none,complete
2026-10-08,2026-10-09 21:19:23+00:00,online,DK1,wind_onshore,persistence,Persistence,daily_persistence,2208,2026-10-08 23:00:00+00:00,344.468,1848.3749995,,2026-07-08 16:00:00+00:00,2026-10-08 15:00:00+00:00,0,0,none,complete
2026-10-08,2026-10-09 21:19:23+00:00,online,DK1,wind_onshore,persistence,Persistence,daily_persistence,2208,2026-10-09 00:00:00+00:00,254.559,1686.458333,,2026-07-08 16:00:00+00:00,2026-10-08 15:00:00+00:00,0,0,none,complete
2026-10-08,2026-10-09 21:19:23+00:00,online,DK1,wind_onshore,persistence,Persistence,daily_persistence,2208,2026-10-09 01:00:00+00:00,219.77875,1503.4166665,,2026-07-08 16:00:00+00:00,2026-10-08 15:00:00+00:00,0,0,none,complete
2026-10-08,2026-10-09 21:19:23+00:00,online,DK1,wind_onshore,persistence,Persistence,daily_persistence,2208,2026-10-09 02:00:00+00:00,316.723,1346.12499975,,2026-07-08 16:00:00+00:00,2026-10-08 15:00:00+00:00,0,0,none,complete
2026-10-08,2026-10-09 21:19:23+00:00,online,DK1,wind_onshore,persistence,Persistence,daily_persistence,2208,2026-10-09 03:00:00+00:00,673.3885,1076.83333325,,2026-07-08 16:00:00+00:00,2026-10-08 15:00:00+00:00,0,0,none,complete
2026-10-08,2026-10-09 21:19:23+00:00,online,DK1,wind_onshore,persistence,Persistence,daily_persistence,2208,2026-10-09 04:00:00+00:00,1183.3757500000002,755.4166665,,2026-07-08 16:00:00+00:00,2026-10-08 15:00:00+00:00,0,0,none,complete
2026-10-08,2026-10-09 21:19:23+00:00,online,DK1,wind_onshore,persistence,Persistence,daily_persistence,2208,2026-10-09 05:00:00+00:00,1581.16,512.83333325,,2026-07-08 16:00:00+00:00,2026-10-08 15:00:00+00:00,0,0,none,complete
2026-10-08,2026-10-09 21:19:23+00:00,online,DK1,wind_onshore,persistence,Persistence,daily_persistence,2208,2026-10-09 06:00:00+00:00,1943.395,347.87499975000003,,2026-07-08 16:00:00+00:00,2026-10-08 15:00:00+00:00,0,0,none,complete
2026-10-08,2026-10-09 21:19:23+00:00,online,DK1,wind_onshore,persistence,Persistence,daily_persistence,2208,2026-10-09 07:00:00+00:00,2054.455,274.20833325,,2026-07-08 16:00:00+00:00,2026-10-08 15:00:00+00:00,0,0,none,complete
2026-10-08,2026-10-09 21:19:23+00:00,online,DK1,wind_onshore,persistence,Persistence,daily_persistence,2208,2026-10-09 08:00:00+00:00,1966.415,230.958333,,2026-07-08 16:00:00+00:00,2026-10-08 15:00:00+00:00,0,0,none,complete
2026-10-08,2026-10-09 21:19:23+00:00,online,DK1,wind_onshore,persistence,Persistence,daily_persistence,2208,2026-10-09 09:00:00+00:00,1952.1725,242.37499975,,2026-07-08 16:00:00+00:00,2026-10-08 15:00:00+00:00,0,0,none,complete
2026-10-08,2026-10-09 21:19:23+00:00,online,DK1,wind_onshore,persistence,Persistence,daily_persistence,2208,2026-10-09 10:00:00+00:00,2078.255,328.583333,,2026-07-08 16:00:00+00:00,2026-10-08 15:00:00+00:00,0,0,none,complete
2026-10-08,2026-10-09 21:19:23+00:00,online,DK1,wind_onshore,persistence,Persistence,daily_persistence,2208,2026-10-09 11:00:00+00:00,2246.46,495.083333,,2026-07-08 16:00:00+00:00,2026-10-08 15:00:00+00:00,0,0,none,complete
2026-10-08,2026-10-09 21:19:23+00:00,online,DK1,wind_onshore,persistence,Persistence,daily_persistence,2208,2026-10-09 12:00:00+00:00,2287.195,663.08333275,,2026-07-08 16:00:00+00:00,2026-10-08 15:00:00+00:00,0,0,none,complete
2026-10-08,2026-10-09 21:19:23+00:00,online,DK1,wind_onshore,persistence,Persistence,daily_persistence,2208,2026-10-09 13:00:00+00:00,2194.5550000000003,851.2499995,,2026-07-08 16:00:00+00:00,2026-10-08 15:00:00+00:00,0,0,none,complete
2026-10-08,2026-10-09 21:19:23+00:00,online,DK1,wind_onshore,persistence,Persistence,daily_persistence,2208,2026-10-09 14:00:00+00:00,2094.505,1055.37499975,,2026-07-08 16:00:00+00:00,2026-10-08 15:00:00+00:00,0,0,none,complete
2026-10-08,2026-10-09 21:19:23+00:00,online,DK1,wind_onshore,persistence,Persistence,daily_persistence,2208,2026-10-09 15:00:00+00:00,2045.585,1090.6666662500002,,2026-07-08 16:00:00+00:00,2026-10-08 15:00:00+00:00,0,0,none,complete
2026-10-08,2026-10-09 21:19:23+00:00,online,DK1,wind_onshore,chronos2_online,Chronos2 with covariates,weather_4p+tso_forecast,2208,2026-10-08 16:00:00+00:00,2069.35205078125,1685.2916665,,2026-07-08 16:00:00+00:00,2026-10-08 15:00:00+00:00,0,0,none,complete
2026-10-08,2026-10-09 21:19:23+00:00,online,DK1,wind_onshore,chronos2_online,Chronos2 with covariates,weather_4p+tso_forecast,2208,2026-10-08 17:00:00+00:00,2002.5484619140625,1583.083333,,2026-07-08 16:00:00+00:00,2026-10-08 15:00:00+00:00,0,0,none,complete
2026-10-08,2026-10-09 21:19:23+00:00,online,DK1,wind_onshore,chronos2_online,Chronos2 with covariates,weather_4p+tso_forecast,2208,2026-10-08 18:00:00+00:00,2129.68603515625,1702.0416662500002,,2026-07-08 16:00:00+00:00,2026-10-08 15:00:00+00:00,0,0,none,complete
2026-10-08,2026-10-09 21:19:23+00:00,online,DK1,wind_onshore,chronos2_online,Chronos2 with covariates,weather_4p+tso_forecast,2208,2026-10-08 19:00:00+00:00,2246.0888671875,1874.49999975,,2026-07-08 16:00:00+00:00,2026-10-08 15:00:00+00:00,0,0,none,complete
2026-10-08,2026-10-09 21:19:23+00:00,online,DK1,wind_onshore,chronos2_online,Chronos2 with covariates,weather_4p+tso_forecast,2208,2026-10-08 20:00:00+00:00,2320.19189453125,1987.708333,,2026-07-08 16:00:00+00:00,2026-10-08 15:00:00+00:00,0,0,none,complete
2026-10-08,2026-10-09 21:19:23+00:00,online,DK1,wind_onshore,chronos2_online,Chronos2 with covariates,weather_4p+tso_forecast,2208,2026-10-08 21:00:00+00:00,2282.62939453125,1942.583333,,2026-07-08 16:00:00+00:00,2026-10-08 15:00:00+00:00,0,0,none,complete
2026-10-08,2026-10-09 21:19:23+00:00,online,DK1,wind_onshore,chronos2_online,Chronos2 with covariates,weather_4p+tso_forecast,2208,2026-10-08 22:00:00+00:00,2192.01953125,2021.20833325,,2026-07-08 16:00:00+00:00,2026-10-08 15:00:00+00:00,0,0,none,complete
2026-10-08,2026-10-09 21:19:23+00:00,online,DK1,wind_onshore,chronos2_online,Chronos2 with covariates,weather_4p+tso_forecast,2208,2026-10-08 23:00:00+00:00,2011.1351318359373,1848.3749995,,2026-07-08 16:00:00+00:00,2026-10-08 15:00:00+00:00,0,0,none,complete
2026-10-08,2026-10-09 21:19:23+00:00,online,DK1,wind_onshore,chronos2_online,Chronos2 with covariates,weather_4p+tso_forecast,2208,2026-10-09 00:00:00+00:00,1806.03076171875,1686.458333,,2026-07-08 16:00:00+00:00,2026-10-08 15:00:00+00:00,0,0,none,complete
2026-10-08,2026-10-09 21:19:23+00:00,online,DK1,wind_onshore,chronos2_online,Chronos2 with covariates,weather_4p+tso_forecast,2208,2026-10-09 01:00:00+00:00,1612.6500244140625,1503.4166665,,2026-07-08 16:00:00+00:00,2026-10-08 15:00:00+00:00,0,0,none,complete
2026-10-08,2026-10-09 21:19:23+00:00,online,DK1,wind_onshore,chronos2_online,Chronos2 with covariates,weather_4p+tso_forecast,2208,2026-10-09 02:00:00+00:00,1425.2493896484375,1346.12499975,,2026-07-08 16:00:00+00:00,2026-10-08 15:00:00+00:00,0,0,none,complete
2026-10-08,2026-10-09 21:19:23+00:00,online,DK1,wind_onshore,chronos2_online,Chronos2 with covariates,weather_4p+tso_forecast,2208,2026-10-09 03:00:00+00:00,1084.8912353515625,1076.83333325,,2026-07-08 16:00:00+00:00,2026-10-08 15:00:00+00:00,0,0,none,complete
2026-10-08,2026-10-09 21:19:23+00:00,online,DK1,wind_onshore,chronos2_online,Chronos2 with covariates,weather_4p+tso_forecast,2208,2026-10-09 04:00:00+00:00,807.8041381835938,755.4166665,,2026-07-08 16:00:00+00:00,2026-10-08 15:00:00+00:00,0,0,none,complete
2026-10-08,2026-10-09 21:19:23+00:00,online,DK1,wind_onshore,chronos2_online,Chronos2 with covariates,weather_4p+tso_forecast,2208,2026-10-09 05:00:00+00:00,555.1304931640625,512.83333325,,2026-07-08 16:00:00+00:00,2026-10-08 15:00:00+00:00,0,0,none,complete
2026-10-08,2026-10-09 21:19:23+00:00,online,DK1,wind_onshore,chronos2_online,Chronos2 with covariates,weather_4p+tso_forecast,2208,2026-10-09 06:00:00+00:00,321.7181396484375,347.87499975000003,,2026-07-08 16:00:00+00:00,2026-10-08 15:00:00+00:00,0,0,none,complete
2026-10-08,2026-10-09 21:19:23+00:00,online,DK1,wind_onshore,chronos2_online,Chronos2 with covariates,weather_4p+tso_forecast,2208,2026-10-09 07:00:00+00:00,245.7117919921875,274.20833325,,2026-07-08 16:00:00+00:00,2026-10-08 15:00:00+00:00,0,0,none,complete
2026-10-08,2026-10-09 21:19:23+00:00,online,DK1,wind_onshore,chronos2_online,Chronos2 with covariates,weather_4p+tso_forecast,2208,2026-10-09 08:00:00+00:00,211.7052001953125,230.958333,,2026-07-08 16:00:00+00:00,2026-10-08 15:00:00+00:00,0,0,none,complete
2026-10-08,2026-10-09 21:19:23+00:00,online,DK1,wind_onshore,chronos2_online,Chronos2 with covariates,weather_4p+tso_forecast,2208,2026-10-09 09:00:00+00:00,231.7774658203125,242.37499975,,2026-07-08 16:00:00+00:00,2026-10-08 15:00:00+00:00,0,0,none,complete
2026-10-08,2026-10-09 21:19:23+00:00,online,DK1,wind_onshore,chronos2_online,Chronos2 with covariates,weather_4p+tso_forecast,2208,2026-10-09 10:00:00+00:00,381.9448852539063,328.583333,,2026-07-08 16:00:00+00:00,2026-10-08 15:00:00+00:00,0,0,none,complete
2026-10-08,2026-10-09 21:19:23+00:00,online,DK1,wind_onshore,chronos2_online,Chronos2 with covariates,weather_4p+tso_forecast,2208,2026-10-09 11:00:00+00:00,580.9061279296875,495.083333,,2026-07-08 16:00:00+00:00,2026-10-08 15:00:00+00:00,0,0,none,complete
2026-10-08,2026-10-09 21:19:23+00:00,online,DK1,wind_onshore,chronos2_online,Chronos2 with covariates,weather_4p+tso_forecast,2208,2026-10-09 12:00:00+00:00,899.3643188476562,663.08333275,,2026-07-08 16:00:00+00:00,2026-10-08 15:00:00+00:00,0,0,none,complete
2026-10-08,2026-10-09 21:19:23+00:00,online,DK1,wind_onshore,chronos2_online,Chronos2 with covariates,weather_4p+tso_forecast,2208,2026-10-09 13:00:00+00:00,1138.6929931640625,851.2499995,,2026-07-08 16:00:00+00:00,2026-10-08 15:00:00+00:00,0,0,none,complete
2026-10-08,2026-10-09 21:19:23+00:00,online,DK1,wind_onshore,chronos2_online,Chronos2 with covariates,weather_4p+tso_forecast,2208,2026-10-09 14:00:00+00:00,1396.644775390625,1055.37499975,,2026-07-08 16:00:00+00:00,2026-10-08 15:00:00+00:00,0,0,none,complete
2026-10-08,2026-10-09 21:19:23+00:00,online,DK1,wind_onshore,chronos2_online,Chronos2 with covariates,weather_4p+tso_forecast,2208,2026-10-09 15:00:00+00:00,1378.394775390625,1090.6666662500002,,2026-07-08 16:00:00+00:00,2026-10-08 15:00:00+00:00,0,0,none,complete
2026-10-08,2026-10-09 21:19:23+00:00,online,DK1,wind_onshore,xgboost_online,XGBoost with covariates,weather_4p+tso_forecast,2208,2026-10-08 16:00:00+00:00,1854.6717529296875,1685.2916665,,2026-07-08 16:00:00+00:00,2026-10-08 15:00:00+00:00,0,0,none,complete
2026-10-08,2026-10-09 21:19:23+00:00,online,DK1,wind_onshore,xgboost_online,XGBoost with covariates,weather_4p+tso_forecast,2208,2026-10-08 17:00:00+00:00,1807.297119140625,1583.083333,,2026-07-08 16:00:00+00:00,2026-10-08 15:00:00+00:00,0,0,none,complete
2026-10-08,2026-10-09 21:19:23+00:00,online,DK1,wind_onshore,xgboost_online,XGBoost with covariates,weather_4p+tso_forecast,2208,2026-10-08 18:00:00+00:00,2052.4619140625,1702.0416662500002,,2026-07-08 16:00:00+00:00,2026-10-08 15:00:00+00:00,0,0,none,complete
2026-10-08,2026-10-09 21:19:23+00:00,online,DK1,wind_onshore,xgboost_online,XGBoost with covariates,weather_4p+tso_forecast,2208,2026-10-08 19:00:00+00:00,2059.87744140625,1874.49999975,,2026-07-08 16:00:00+00:00,2026-10-08 15:00:00+00:00,0,0,none,complete
2026-10-08,2026-10-09 21:19:23+00:00,online,DK1,wind_onshore,xgboost_online,XGBoost with covariates,weather_4p+tso_forecast,2208,2026-10-08 20:00:00+00:00,2125.36962890625,1987.708333,,2026-07-08 16:00:00+00:00,2026-10-08 15:00:00+00:00,0,0,none,complete
2026-10-08,2026-10-09 21:19:23+00:00,online,DK1,wind_onshore,xgboost_online,XGBoost with covariates,weather_4p+tso_forecast,2208,2026-10-08 21:00:00+00:00,2075.58642578125,1942.583333,,2026-07-08 16:00:00+00:00,2026-10-08 15:00:00+00:00,0,0,none,complete
2026-10-08,2026-10-09 21:19:23+00:00,online,DK1,wind_onshore,xgboost_online,XGBoost with covariates,weather_4p+tso_forecast,2208,2026-10-08 22:00:00+00:00,2223.41552734375,2021.20833325,,2026-07-08 16:00:00+00:00,2026-10-08 15:00:00+00:00,0,0,none,complete
2026-10-08,2026-10-09 21:19:23+00:00,online,DK1,wind_onshore,xgboost_online,XGBoost with covariates,weather_4p+tso_forecast,2208,2026-10-08 23:00:00+00:00,2019.574951171875,1848.3749995,,2026-07-08 16:00:00+00:00,2026-10-08 15:00:00+00:00,0,0,none,complete
2026-10-08,2026-10-09 21:19:23+00:00,online,DK1,wind_onshore,xgboost_online,XGBoost with covariates,weather_4p+tso_forecast,2208,2026-10-09 00:00:00+00:00,1765.109619140625,1686.458333,,2026-07-08 16:00:00+00:00,2026-10-08 15:00:00+00:00,0,0,none,complete
2026-10-08,2026-10-09 21:19:23+00:00,online,DK1,wind_onshore,xgboost_online,XGBoost with covariates,weather_4p+tso_forecast,2208,2026-10-09 01:00:00+00:00,1641.0458984375,1503.4166665,,2026-07-08 16:00:00+00:00,2026-10-08 15:00:00+00:00,0,0,none,complete
2026-10-08,2026-10-09 21:19:23+00:00,online,DK1,wind_onshore,xgboost_online,XGBoost with covariates,weather_4p+tso_forecast,2208,2026-10-09 02:00:00+00:00,1384.0850830078125,1346.12499975,,2026-07-08 16:00:00+00:00,2026-10-08 15:00:00+00:00,0,0,none,complete
2026-10-08,2026-10-09 21:19:23+00:00,online,DK1,wind_onshore,xgboost_online,XGBoost with covariates,weather_4p+tso_forecast,2208,2026-10-09 03:00:00+00:00,1146.0440673828125,1076.83333325,,2026-07-08 16:00:00+00:00,2026-10-08 15:00:00+00:00,0,0,none,complete
2026-10-08,2026-10-09 21:19:23+00:00,online,DK1,wind_onshore,xgboost_online,XGBoost with covariates,weather_4p+tso_forecast,2208,2026-10-09 04:00:00+00:00,895.7183227539062,755.4166665,,2026-07-08 16:00:00+00:00,2026-10-08 15:00:00+00:00,0,0,none,complete
2026-10-08,2026-10-09 21:19:23+00:00,online,DK1,wind_onshore,xgboost_online,XGBoost with covariates,weather_4p+tso_forecast,2208,2026-10-09 05:00:00+00:00,639.4799194335938,512.83333325,,2026-07-08 16:00:00+00:00,2026-10-08 15:00:00+00:00,0,0,none,complete
2026-10-08,2026-10-09 21:19:23+00:00,online,DK1,wind_onshore,xgboost_online,XGBoost with covariates,weather_4p+tso_forecast,2208,2026-10-09 06:00:00+00:00,327.9652404785156,347.87499975000003,,2026-07-08 16:00:00+00:00,2026-10-08 15:00:00+00:00,0,0,none,complete
2026-10-08,2026-10-09 21:19:23+00:00,online,DK1,wind_onshore,xgboost_online,XGBoost with covariates,weather_4p+tso_forecast,2208,2026-10-09 07:00:00+00:00,259.0262756347656,274.20833325,,2026-07-08 16:00:00+00:00,2026-10-08 15:00:00+00:00,0,0,none,complete
2026-10-08,2026-10-09 21:19:23+00:00,online,DK1,wind_onshore,xgboost_online,XGBoost with covariates,weather_4p+tso_forecast,2208,2026-10-09 08:00:00+00:00,237.8288726806641,230.958333,,2026-07-08 16:00:00+00:00,2026-10-08 15:00:00+00:00,0,0,none,complete
2026-10-08,2026-10-09 21:19:23+00:00,online,DK1,wind_onshore,xgboost_online,XGBoost with covariates,weather_4p+tso_forecast,2208,2026-10-09 09:00:00+00:00,249.449951171875,242.37499975,,2026-07-08 16:00:00+00:00,2026-10-08 15:00:00+00:00,0,0,none,complete
2026-10-08,2026-10-09 21:19:23+00:00,online,DK1,wind_onshore,xgboost_online,XGBoost with covariates,weather_4p+tso_forecast,2208,2026-10-09 10:00:00+00:00,305.17010498046875,328.583333,,2026-07-08 16:00:00+00:00,2026-10-08 15:00:00+00:00,0,0,none,complete
2026-10-08,2026-10-09 21:19:23+00:00,online,DK1,wind_onshore,xgboost_online,XGBoost with covariates,weather_4p+tso_forecast,2208,2026-10-09 11:00:00+00:00,529.8248901367188,495.083333,,2026-07-08 16:00:00+00:00,2026-10-08 15:00:00+00:00,0,0,none,complete
2026-10-08,2026-10-09 21:19:23+00:00,online,DK1,wind_onshore,xgboost_online,XGBoost with covariates,weather_4p+tso_forecast,2208,2026-10-09 12:00:00+00:00,845.46044921875,663.08333275,,2026-07-08 16:00:00+00:00,2026-10-08 15:00:00+00:00,0,0,none,complete
2026-10-08,2026-10-09 21:19:23+00:00,online,DK1,wind_onshore,xgboost_online,XGBoost with covariates,weather_4p+tso_forecast,2208,2026-10-09 13:00:00+00:00,985.1178588867188,851.2499995,,2026-07-08 16:00:00+00:00,2026-10-08 15:00:00+00:00,0,0,none,complete
2026-10-08,2026-10-09 21:19:23+00:00,online,DK1,wind_onshore,xgboost_online,XGBoost with covariates,weather_4p+tso_forecast,2208,2026-10-09 14:00:00+00:00,1235.83642578125,1055.37499975,,2026-07-08 16:00:00+00:00,2026-10-08 15:00:00+00:00,0,0,none,complete
2026-10-08,2026-10-09 21:19:23+00:00,online,DK1,wind_onshore,xgboost_online,XGBoost with covariates,weather_4p+tso_forecast,2208,2026-10-09 15:00:00+00:00,1369.2667236328125,1090.6666662500002,,2026-07-08 16:00:00+00:00,2026-10-08 15:00:00+00:00,0,0,none,complete
2026-10-08,2026-10-09 21:19:23+00:00,online,DK1,wind_offshore,tso_reference,TSO forecast,tso_forecast,2208,2026-10-08 16:00:00+00:00,992.333333,992.333333,,2026-07-08 16:00:00+00:00,2026-10-08 15:00:00+00:00,0,0,none,complete
2026-10-08,2026-10-09 21:19:23+00:00,online,DK1,wind_offshore,tso_reference,TSO forecast,tso_forecast,2208,2026-10-08 17:00:00+00:00,983.5416665,983.5416665,,2026-07-08 16:00:00+00:00,2026-10-08 15:00:00+00:00,0,0,none,complete
2026-10-08,2026-10-09 21:19:23+00:00,online,DK1,wind_offshore,tso_reference,TSO forecast,tso_forecast,2208,2026-10-08 18:00:00+00:00,969.7916665,969.7916665,,2026-07-08 16:00:00+00:00,2026-10-08 15:00:00+00:00,0,0,none,complete
2026-10-08,2026-10-09 21:19:23+00:00,online,DK1,wind_offshore,tso_reference,TSO forecast,tso_forecast,2208,2026-10-08 19:00:00+00:00,968.7916665,968.7916665,,2026-07-08 16:00:00+00:00,2026-10-08 15:00:00+00:00,0,0,none,complete
2026-10-08,2026-10-09 21:19:23+00:00,online,DK1,wind_offshore,tso_reference,TSO forecast,tso_forecast,2208,2026-10-08 20:00:00+00:00,974.12499975,974.12499975,,2026-07-08 16:00:00+00:00,2026-10-08 15:00:00+00:00,0,0,none,complete
2026-10-08,2026-10-09 21:19:23+00:00,online,DK1,wind_offshore,tso_reference,TSO forecast,tso_forecast,2208,2026-10-08 21:00:00+00:00,978.833333,978.833333,,2026-07-08 16:00:00+00:00,2026-10-08 15:00:00+00:00,0,0,none,complete
2026-10-08,2026-10-09 21:19:23+00:00,online,DK1,wind_offshore,tso_reference,TSO forecast,tso_forecast,2208,2026-10-08 22:00:00+00:00,1014.37499975,1014.37499975,,2026-07-08 16:00:00+00:00,2026-10-08 15:00:00+00:00,0,0,none,complete
2026-10-08,2026-10-09 21:19:23+00:00,online,DK1,wind_offshore,tso_reference,TSO forecast,tso_forecast,2208,2026-10-08 23:00:00+00:00,1012.70833325,1012.70833325,,2026-07-08 16:00:00+00:00,2026-10-08 15:00:00+00:00,0,0,none,complete
2026-10-08,2026-10-09 21:19:23+00:00,online,DK1,wind_offshore,tso_reference,TSO forecast,tso_forecast,2208,2026-10-09 00:00:00+00:00,991.9999995,991.9999995,,2026-07-08 16:00:00+00:00,2026-10-08 15:00:00+00:00,0,0,none,complete
2026-10-08,2026-10-09 21:19:23+00:00,online,DK1,wind_offshore,tso_reference,TSO forecast,tso_forecast,2208,2026-10-09 01:00:00+00:00,962.5416665,962.5416665,,2026-07-08 16:00:00+00:00,2026-10-08 15:00:00+00:00,0,0,none,complete
2026-10-08,2026-10-09 21:19:23+00:00,online,DK1,wind_offshore,tso_reference,TSO forecast,tso_forecast,2208,2026-10-09 02:00:00+00:00,919.875,919.875,,2026-07-08 16:00:00+00:00,2026-10-08 15:00:00+00:00,0,0,none,complete
2026-10-08,2026-10-09 21:19:23+00:00,online,DK1,wind_offshore,tso_reference,TSO forecast,tso_forecast,2208,2026-10-09 03:00:00+00:00,818.79166625,818.79166625,,2026-07-08 16:00:00+00:00,2026-10-08 15:00:00+00:00,0,0,none,complete
2026-10-08,2026-10-09 21:19:23+00:00,online,DK1,wind_offshore,tso_reference,TSO forecast,tso_forecast,2208,2026-10-09 04:00:00+00:00,687.708333,687.708333,,2026-07-08 16:00:00+00:00,2026-10-08 15:00:00+00:00,0,0,none,complete
2026-10-08,2026-10-09 21:19:23+00:00,online,DK1,wind_offshore,tso_reference,TSO forecast,tso_forecast,2208,2026-10-09 05:00:00+00:00,608.49999975,608.49999975,,2026-07-08 16:00:00+00:00,2026-10-08 15:00:00+00:00,0,0,none,complete
2026-10-08,2026-10-09 21:19:23+00:00,online,DK1,wind_offshore,tso_reference,TSO forecast,tso_forecast,2208,2026-10-09 06:00:00+00:00,528.6666662499999,528.6666662499999,,2026-07-08 16:00:00+00:00,2026-10-08 15:00:00+00:00,0,0,none,complete
2026-10-08,2026-10-09 21:19:23+00:00,online,DK1,wind_offshore,tso_reference,TSO forecast,tso_forecast,2208,2026-10-09 07:00:00+00:00,475.91666625,475.91666625,,2026-07-08 16:00:00+00:00,2026-10-08 15:00:00+00:00,0,0,none,complete
2026-10-08,2026-10-09 21:19:23+00:00,online,DK1,wind_offshore,tso_reference,TSO forecast,tso_forecast,2208,2026-10-09 08:00:00+00:00,476.04166625,476.04166625,,2026-07-08 16:00:00+00:00,2026-10-08 15:00:00+00:00,0,0,none,complete
2026-10-08,2026-10-09 21:19:23+00:00,online,DK1,wind_offshore,tso_reference,TSO forecast,tso_forecast,2208,2026-10-09 09:00:00+00:00,492.16666625,492.16666625,,2026-07-08 16:00:00+00:00,2026-10-08 15:00:00+00:00,0,0,none,complete
2026-10-08,2026-10-09 21:19:23+00:00,online,DK1,wind_offshore,tso_reference,TSO forecast,tso_forecast,2208,2026-10-09 10:00:00+00:00,533.291666,533.291666,,2026-07-08 16:00:00+00:00,2026-10-08 15:00:00+00:00,0,0,none,complete
2026-10-08,2026-10-09 21:19:23+00:00,online,DK1,wind_offshore,tso_reference,TSO forecast,tso_forecast,2208,2026-10-09 11:00:00+00:00,581.62499975,581.62499975,,2026-07-08 16:00:00+00:00,2026-10-08 15:00:00+00:00,0,0,none,complete
2026-10-08,2026-10-09 21:19:23+00:00,online,DK1,wind_offshore,tso_reference,TSO forecast,tso_forecast,2208,2026-10-09 12:00:00+00:00,618.99999975,618.99999975,,2026-07-08 16:00:00+00:00,2026-10-08 15:00:00+00:00,0,0,none,complete
2026-10-08,2026-10-09 21:19:23+00:00,online,DK1,wind_offshore,tso_reference,TSO forecast,tso_forecast,2208,2026-10-09 13:00:00+00:00,611.20833325,611.20833325,,2026-07-08 16:00:00+00:00,2026-10-08 15:00:00+00:00,0,0,none,complete
2026-10-08,2026-10-09 21:19:23+00:00,online,DK1,wind_offshore,tso_reference,TSO forecast,tso_forecast,2208,2026-10-09 14:00:00+00:00,608.7499995000001,608.7499995000001,,2026-07-08 16:00:00+00:00,2026-10-08 15:00:00+00:00,0,0,none,complete
2026-10-08,2026-10-09 21:19:23+00:00,online,DK1,wind_offshore,tso_reference,TSO forecast,tso_forecast,2208,2026-10-09 15:00:00+00:00,652.1666662499999,652.1666662499999,,2026-07-08 16:00:00+00:00,2026-10-08 15:00:00+00:00,0,0,none,complete
2026-10-08,2026-10-09 21:19:23+00:00,online,DK1,wind_offshore,persistence,Persistence,daily_persistence,2208,2026-10-08 16:00:00+00:00,688.304,992.333333,,2026-07-08 16:00:00+00:00,2026-10-08 15:00:00+00:00,0,0,none,complete
2026-10-08,2026-10-09 21:19:23+00:00,online,DK1,wind_offshore,persistence,Persistence,daily_persistence,2208,2026-10-08 17:00:00+00:00,528.5577499999999,983.5416665,,2026-07-08 16:00:00+00:00,2026-10-08 15:00:00+00:00,0,0,none,complete
2026-10-08,2026-10-09 21:19:23+00:00,online,DK1,wind_offshore,persistence,Persistence,daily_persistence,2208,2026-10-08 18:00:00+00:00,503.1225,969.7916665,,2026-07-08 16:00:00+00:00,2026-10-08 15:00:00+00:00,0,0,none,complete
2026-10-08,2026-10-09 21:19:23+00:00,online,DK1,wind_offshore,persistence,Persistence,daily_persistence,2208,2026-10-08 19:00:00+00:00,484.22625,968.7916665,,2026-07-08 16:00:00+00:00,2026-10-08 15:00:00+00:00,0,0,none,complete
2026-10-08,2026-10-09 21:19:23+00:00,online,DK1,wind_offshore,persistence,Persistence,daily_persistence,2208,2026-10-08 20:00:00+00:00,413.79075,974.12499975,,2026-07-08 16:00:00+00:00,2026-10-08 15:00:00+00:00,0,0,none,complete
2026-10-08,2026-10-09 21:19:23+00:00,online,DK1,wind_offshore,persistence,Persistence,daily_persistence,2208,2026-10-08 21:00:00+00:00,390.39825,978.833333,,2026-07-08 16:00:00+00:00,2026-10-08 15:00:00+00:00,0,0,none,complete
2026-10-08,2026-10-09 21:19:23+00:00,online,DK1,wind_offshore,persistence,Persistence,daily_persistence,2208,2026-10-08 22:00:00+00:00,416.91275,1014.37499975,,2026-07-08 16:00:00+00:00,2026-10-08 15:00:00+00:00,0,0,none,complete
2026-10-08,2026-10-09 21:19:23+00:00,online,DK1,wind_offshore,persistence,Persistence,daily_persistence,2208,2026-10-08 23:00:00+00:00,387.2275,1012.70833325,,2026-07-08 16:00:00+00:00,2026-10-08 15:00:00+00:00,0,0,none,complete
2026-10-08,2026-10-09 21:19:23+00:00,online,DK1,wind_offshore,persistence,Persistence,daily_persistence,2208,2026-10-09 00:00:00+00:00,408.39975,991.9999995,,2026-07-08 16:00:00+00:00,2026-10-08 15:00:00+00:00,0,0,none,complete
2026-10-08,2026-10-09 21:19:23+00:00,online,DK1,wind_offshore,persistence,Persistence,daily_persistence,2208,2026-10-09 01:00:00+00:00,351.41425,962.5416665,,2026-07-08 16:00:00+00:00,2026-10-08 15:00:00+00:00,0,0,none,complete
2026-10-08,2026-10-09 21:19:23+00:00,online,DK1,wind_offshore,persistence,Persistence,daily_persistence,2208,2026-10-09 02:00:00+00:00,656.4795,919.875,,2026-07-08 16:00:00+00:00,2026-10-08 15:00:00+00:00,0,0,none,complete
2026-10-08,2026-10-09 21:19:23+00:00,online,DK1,wind_offshore,persistence,Persistence,daily_persistence,2208,2026-10-09 03:00:00+00:00,1144.68,818.79166625,,2026-07-08 16:00:00+00:00,2026-10-08 15:00:00+00:00,0,0,none,complete
2026-10-08,2026-10-09 21:19:23+00:00,online,DK1,wind_offshore,persistence,Persistence,daily_persistence,2208,2026-10-09 04:00:00+00:00,1186.24,687.708333,,2026-07-08 16:00:00+00:00,2026-10-08 15:00:00+00:00,0,0,none,complete
2026-10-08,2026-10-09 21:19:23+00:00,online,DK1,wind_offshore,persistence,Persistence,daily_persistence,2208,2026-10-09 05:00:00+00:00,1158.2225,608.49999975,,2026-07-08 16:00:00+00:00,2026-10-08 15:00:00+00:00,0,0,none,complete
2026-10-08,2026-10-09 21:19:23+00:00,online,DK1,wind_offshore,persistence,Persistence,daily_persistence,2208,2026-10-09 06:00:00+00:00,1107.3874999999998,528.6666662499999,,2026-07-08 16:00:00+00:00,2026-10-08 15:00:00+00:00,0,0,none,complete
2026-10-08,2026-10-09 21:19:23+00:00,online,DK1,wind_offshore,persistence,Persistence,daily_persistence,2208,2026-10-09 07:00:00+00:00,1146.1875,475.91666625,,2026-07-08 16:00:00+00:00,2026-10-08 15:00:00+00:00,0,0,none,complete
2026-10-08,2026-10-09 21:19:23+00:00,online,DK1,wind_offshore,persistence,Persistence,daily_persistence,2208,2026-10-09 08:00:00+00:00,1229.48,476.04166625,,2026-07-08 16:00:00+00:00,2026-10-08 15:00:00+00:00,0,0,none,complete
2026-10-08,2026-10-09 21:19:23+00:00,online,DK1,wind_offshore,persistence,Persistence,daily_persistence,2208,2026-10-09 09:00:00+00:00,1329.905,492.16666625,,2026-07-08 16:00:00+00:00,2026-10-08 15:00:00+00:00,0,0,none,complete
2026-10-08,2026-10-09 21:19:23+00:00,online,DK1,wind_offshore,persistence,Persistence,daily_persistence,2208,2026-10-09 10:00:00+00:00,1432.37,533.291666,,2026-07-08 16:00:00+00:00,2026-10-08 15:00:00+00:00,0,0,none,complete
2026-10-08,2026-10-09 21:19:23+00:00,online,DK1,wind_offshore,persistence,Persistence,daily_persistence,2208,2026-10-09 11:00:00+00:00,1420.4625,581.62499975,,2026-07-08 16:00:00+00:00,2026-10-08 15:00:00+00:00,0,0,none,complete
2026-10-08,2026-10-09 21:19:23+00:00,online,DK1,wind_offshore,persistence,Persistence,daily_persistence,2208,2026-10-09 12:00:00+00:00,1454.9125,618.99999975,,2026-07-08 16:00:00+00:00,2026-10-08 15:00:00+00:00,0,0,none,complete
2026-10-08,2026-10-09 21:19:23+00:00,online,DK1,wind_offshore,persistence,Persistence,daily_persistence,2208,2026-10-09 13:00:00+00:00,1486.47,611.20833325,,2026-07-08 16:00:00+00:00,2026-10-08 15:00:00+00:00,0,0,none,complete
2026-10-08,2026-10-09 21:19:23+00:00,online,DK1,wind_offshore,persistence,Persistence,daily_persistence,2208,2026-10-09 14:00:00+00:00,1495.29,608.7499995000001,,2026-07-08 16:00:00+00:00,2026-10-08 15:00:00+00:00,0,0,none,complete
2026-10-08,2026-10-09 21:19:23+00:00,online,DK1,wind_offshore,persistence,Persistence,daily_persistence,2208,2026-10-09 15:00:00+00:00,1495.35,652.1666662499999,,2026-07-08 16:00:00+00:00,2026-10-08 15:00:00+00:00,0,0,none,complete
2026-10-08,2026-10-09 21:19:23+00:00,online,DK1,wind_offshore,chronos2_online,Chronos2 with covariates,weather_4p+tso_forecast,2208,2026-10-08 16:00:00+00:00,1577.86474609375,992.333333,,2026-07-08 16:00:00+00:00,2026-10-08 15:00:00+00:00,0,0,none,complete
2026-10-08,2026-10-09 21:19:23+00:00,online,DK1,wind_offshore,chronos2_online,Chronos2 with covariates,weather_4p+tso_forecast,2208,2026-10-08 17:00:00+00:00,1583.95166015625,983.5416665,,2026-07-08 16:00:00+00:00,2026-10-08 15:00:00+00:00,0,0,none,complete
2026-10-08,2026-10-09 21:19:23+00:00,online,DK1,wind_offshore,chronos2_online,Chronos2 with covariates,weather_4p+tso_forecast,2208,2026-10-08 18:00:00+00:00,1559.6400146484375,969.7916665,,2026-07-08 16:00:00+00:00,2026-10-08 15:00:00+00:00,0,0,none,complete
2026-10-08,2026-10-09 21:19:23+00:00,online,DK1,wind_offshore,chronos2_online,Chronos2 with covariates,weather_4p+tso_forecast,2208,2026-10-08 19:00:00+00:00,1548.651123046875,968.7916665,,2026-07-08 16:00:00+00:00,2026-10-08 15:00:00+00:00,0,0,none,complete
2026-10-08,2026-10-09 21:19:23+00:00,online,DK1,wind_offshore,chronos2_online,Chronos2 with covariates,weather_4p+tso_forecast,2208,2026-10-08 20:00:00+00:00,1508.768310546875,974.12499975,,2026-07-08 16:00:00+00:00,2026-10-08 15:00:00+00:00,0,0,none,complete
2026-10-08,2026-10-09 21:19:23+00:00,online,DK1,wind_offshore,chronos2_online,Chronos2 with covariates,weather_4p+tso_forecast,2208,2026-10-08 21:00:00+00:00,1503.270263671875,978.833333,,2026-07-08 16:00:00+00:00,2026-10-08 15:00:00+00:00,0,0,none,complete
2026-10-08,2026-10-09 21:19:23+00:00,online,DK1,wind_offshore,chronos2_online,Chronos2 with covariates,weather_4p+tso_forecast,2208,2026-10-08 22:00:00+00:00,1503.831787109375,1014.37499975,,2026-07-08 16:00:00+00:00,2026-10-08 15:00:00+00:00,0,0,none,complete
2026-10-08,2026-10-09 21:19:23+00:00,online,DK1,wind_offshore,chronos2_online,Chronos2 with covariates,weather_4p+tso_forecast,2208,2026-10-08 23:00:00+00:00,1501.633544921875,1012.70833325,,2026-07-08 16:00:00+00:00,2026-10-08 15:00:00+00:00,0,0,none,complete
2026-10-08,2026-10-09 21:19:23+00:00,online,DK1,wind_offshore,chronos2_online,Chronos2 with covariates,weather_4p+tso_forecast,2208,2026-10-09 00:00:00+00:00,1457.757080078125,991.9999995,,2026-07-08 16:00:00+00:00,2026-10-08 15:00:00+00:00,0,0,none,complete
2026-10-08,2026-10-09 21:19:23+00:00,online,DK1,wind_offshore,chronos2_online,Chronos2 with covariates,weather_4p+tso_forecast,2208,2026-10-09 01:00:00+00:00,1374.403564453125,962.5416665,,2026-07-08 16:00:00+00:00,2026-10-08 15:00:00+00:00,0,0,none,complete
2026-10-08,2026-10-09 21:19:23+00:00,online,DK1,wind_offshore,chronos2_online,Chronos2 with covariates,weather_4p+tso_forecast,2208,2026-10-09 02:00:00+00:00,1233.8045654296875,919.875,,2026-07-08 16:00:00+00:00,2026-10-08 15:00:00+00:00,0,0,none,complete
2026-10-08,2026-10-09 21:19:23+00:00,online,DK1,wind_offshore,chronos2_online,Chronos2 with covariates,weather_4p+tso_forecast,2208,2026-10-09 03:00:00+00:00,927.0059814453124,818.79166625,,2026-07-08 16:00:00+00:00,2026-10-08 15:00:00+00:00,0,0,none,complete
2026-10-08,2026-10-09 21:19:23+00:00,online,DK1,wind_offshore,chronos2_online,Chronos2 with covariates,weather_4p+tso_forecast,2208,2026-10-09 04:00:00+00:00,626.8423461914062,687.708333,,2026-07-08 16:00:00+00:00,2026-10-08 15:00:00+00:00,0,0,none,complete
2026-10-08,2026-10-09 21:19:23+00:00,online,DK1,wind_offshore,chronos2_online,Chronos2 with covariates,weather_4p+tso_forecast,2208,2026-10-09 05:00:00+00:00,417.5699462890625,608.49999975,,2026-07-08 16:00:00+00:00,2026-10-08 15:00:00+00:00,0,0,none,complete
2026-10-08,2026-10-09 21:19:23+00:00,online,DK1,wind_offshore,chronos2_online,Chronos2 with covariates,weather_4p+tso_forecast,2208,2026-10-09 06:00:00+00:00,279.10333251953125,528.6666662499999,,2026-07-08 16:00:00+00:00,2026-10-08 15:00:00+00:00,0,0,none,complete
2026-10-08,2026-10-09 21:19:23+00:00,online,DK1,wind_offshore,chronos2_online,Chronos2 with covariates,weather_4p+tso_forecast,2208,2026-10-09 07:00:00+00:00,225.06594848632807,475.91666625,,2026-07-08 16:00:00+00:00,2026-10-08 15:00:00+00:00,0,0,none,complete
2026-10-08,2026-10-09 21:19:23+00:00,online,DK1,wind_offshore,chronos2_online,Chronos2 with covariates,weather_4p+tso_forecast,2208,2026-10-09 08:00:00+00:00,299.5611572265625,476.04166625,,2026-07-08 16:00:00+00:00,2026-10-08 15:00:00+00:00,0,0,none,complete
2026-10-08,2026-10-09 21:19:23+00:00,online,DK1,wind_offshore,chronos2_online,Chronos2 with covariates,weather_4p+tso_forecast,2208,2026-10-09 09:00:00+00:00,307.03680419921875,492.16666625,,2026-07-08 16:00:00+00:00,2026-10-08 15:00:00+00:00,0,0,none,complete
2026-10-08,2026-10-09 21:19:23+00:00,online,DK1,wind_offshore,chronos2_online,Chronos2 with covariates,weather_4p+tso_forecast,2208,2026-10-09 10:00:00+00:00,328.40643310546875,533.291666,,2026-07-08 16:00:00+00:00,2026-10-08 15:00:00+00:00,0,0,none,complete
2026-10-08,2026-10-09 21:19:23+00:00,online,DK1,wind_offshore,chronos2_online,Chronos2 with covariates,weather_4p+tso_forecast,2208,2026-10-09 11:00:00+00:00,371.3999938964844,581.62499975,,2026-07-08 16:00:00+00:00,2026-10-08 15:00:00+00:00,0,0,none,complete
2026-10-08,2026-10-09 21:19:23+00:00,online,DK1,wind_offshore,chronos2_online,Chronos2 with covariates,weather_4p+tso_forecast,2208,2026-10-09 12:00:00+00:00,508.7391357421875,618.99999975,,2026-07-08 16:00:00+00:00,2026-10-08 15:00:00+00:00,0,0,none,complete
2026-10-08,2026-10-09 21:19:23+00:00,online,DK1,wind_offshore,chronos2_online,Chronos2 with covariates,weather_4p+tso_forecast,2208,2026-10-09 13:00:00+00:00,602.3243408203125,611.20833325,,2026-07-08 16:00:00+00:00,2026-10-08 15:00:00+00:00,0,0,none,complete
2026-10-08,2026-10-09 21:19:23+00:00,online,DK1,wind_offshore,chronos2_online,Chronos2 with covariates,weather_4p+tso_forecast,2208,2026-10-09 14:00:00+00:00,669.6536254882812,608.7499995000001,,2026-07-08 16:00:00+00:00,2026-10-08 15:00:00+00:00,0,0,none,complete
2026-10-08,2026-10-09 21:19:23+00:00,online,DK1,wind_offshore,chronos2_online,Chronos2 with covariates,weather_4p+tso_forecast,2208,2026-10-09 15:00:00+00:00,860.9400634765625,652.1666662499999,,2026-07-08 16:00:00+00:00,2026-10-08 15:00:00+00:00,0,0,none,complete
2026-10-08,2026-10-09 21:19:23+00:00,online,DK1,wind_offshore,xgboost_online,XGBoost with covariates,weather_4p+tso_forecast,2208,2026-10-08 16:00:00+00:00,1438.173095703125,992.333333,,2026-07-08 16:00:00+00:00,2026-10-08 15:00:00+00:00,0,0,none,complete
2026-10-08,2026-10-09 21:19:23+00:00,online,DK1,wind_offshore,xgboost_online,XGBoost with covariates,weather_4p+tso_forecast,2208,2026-10-08 17:00:00+00:00,1453.9259033203125,983.5416665,,2026-07-08 16:00:00+00:00,2026-10-08 15:00:00+00:00,0,0,none,complete
2026-10-08,2026-10-09 21:19:23+00:00,online,DK1,wind_offshore,xgboost_online,XGBoost with covariates,weather_4p+tso_forecast,2208,2026-10-08 18:00:00+00:00,1453.9259033203125,969.7916665,,2026-07-08 16:00:00+00:00,2026-10-08 15:00:00+00:00,0,0,none,complete
2026-10-08,2026-10-09 21:19:23+00:00,online,DK1,wind_offshore,xgboost_online,XGBoost with covariates,weather_4p+tso_forecast,2208,2026-10-08 19:00:00+00:00,1453.9259033203125,968.7916665,,2026-07-08 16:00:00+00:00,2026-10-08 15:00:00+00:00,0,0,none,complete
2026-10-08,2026-10-09 21:19:23+00:00,online,DK1,wind_offshore,xgboost_online,XGBoost with covariates,weather_4p+tso_forecast,2208,2026-10-08 20:00:00+00:00,1453.9259033203125,974.12499975,,2026-07-08 16:00:00+00:00,2026-10-08 15:00:00+00:00,0,0,none,complete
2026-10-08,2026-10-09 21:19:23+00:00,online,DK1,wind_offshore,xgboost_online,XGBoost with covariates,weather_4p+tso_forecast,2208,2026-10-08 21:00:00+00:00,1489.99609375,978.833333,,2026-07-08 16:00:00+00:00,2026-10-08 15:00:00+00:00,0,0,none,complete
2026-10-08,2026-10-09 21:19:23+00:00,online,DK1,wind_offshore,xgboost_online,XGBoost with covariates,weather_4p+tso_forecast,2208,2026-10-08 22:00:00+00:00,1489.99609375,1014.37499975,,2026-07-08 16:00:00+00:00,2026-10-08 15:00:00+00:00,0,0,none,complete
2026-10-08,2026-10-09 21:19:23+00:00,online,DK1,wind_offshore,xgboost_online,XGBoost with covariates,weather_4p+tso_forecast,2208,2026-10-08 23:00:00+00:00,1489.99609375,1012.70833325,,2026-07-08 16:00:00+00:00,2026-10-08 15:00:00+00:00,0,0,none,complete
2026-10-08,2026-10-09 21:19:23+00:00,online,DK1,wind_offshore,xgboost_online,XGBoost with covariates,weather_4p+tso_forecast,2208,2026-10-09 00:00:00+00:00,1401.9725341796875,991.9999995,,2026-07-08 16:00:00+00:00,2026-10-08 15:00:00+00:00,0,0,none,complete
2026-10-08,2026-10-09 21:19:23+00:00,online,DK1,wind_offshore,xgboost_online,XGBoost with covariates,weather_4p+tso_forecast,2208,2026-10-09 01:00:00+00:00,1416.0914306640625,962.5416665,,2026-07-08 16:00:00+00:00,2026-10-08 15:00:00+00:00,0,0,none,complete
2026-10-08,2026-10-09 21:19:23+00:00,online,DK1,wind_offshore,xgboost_online,XGBoost with covariates,weather_4p+tso_forecast,2208,2026-10-09 02:00:00+00:00,1345.6328125,919.875,,2026-07-08 16:00:00+00:00,2026-10-08 15:00:00+00:00,0,0,none,complete
2026-10-08,2026-10-09 21:19:23+00:00,online,DK1,wind_offshore,xgboost_online,XGBoost with covariates,weather_4p+tso_forecast,2208,2026-10-09 03:00:00+00:00,1131.9989013671875,818.79166625,,2026-07-08 16:00:00+00:00,2026-10-08 15:00:00+00:00,0,0,none,complete
2026-10-08,2026-10-09 21:19:23+00:00,online,DK1,wind_offshore,xgboost_online,XGBoost with covariates,weather_4p+tso_forecast,2208,2026-10-09 04:00:00+00:00,767.05078125,687.708333,,2026-07-08 16:00:00+00:00,2026-10-08 15:00:00+00:00,0,0,none,complete
2026-10-08,2026-10-09 21:19:23+00:00,online,DK1,wind_offshore,xgboost_online,XGBoost with covariates,weather_4p+tso_forecast,2208,2026-10-09 05:00:00+00:00,619.4186401367188,608.49999975,,2026-07-08 16:00:00+00:00,2026-10-08 15:00:00+00:00,0,0,none,complete
2026-10-08,2026-10-09 21:19:23+00:00,online,DK1,wind_offshore,xgboost_online,XGBoost with covariates,weather_4p+tso_forecast,2208,2026-10-09 06:00:00+00:00,443.3946533203125,528.6666662499999,,2026-07-08 16:00:00+00:00,2026-10-08 15:00:00+00:00,0,0,none,complete
2026-10-08,2026-10-09 21:19:23+00:00,online,DK1,wind_offshore,xgboost_online,XGBoost with covariates,weather_4p+tso_forecast,2208,2026-10-09 07:00:00+00:00,371.23443603515625,475.91666625,,2026-07-08 16:00:00+00:00,2026-10-08 15:00:00+00:00,0,0,none,complete
2026-10-08,2026-10-09 21:19:23+00:00,online,DK1,wind_offshore,xgboost_online,XGBoost with covariates,weather_4p+tso_forecast,2208,2026-10-09 08:00:00+00:00,352.40936279296875,476.04166625,,2026-07-08 16:00:00+00:00,2026-10-08 15:00:00+00:00,0,0,none,complete
2026-10-08,2026-10-09 21:19:23+00:00,online,DK1,wind_offshore,xgboost_online,XGBoost with covariates,weather_4p+tso_forecast,2208,2026-10-09 09:00:00+00:00,353.2087707519531,492.16666625,,2026-07-08 16:00:00+00:00,2026-10-08 15:00:00+00:00,0,0,none,complete
2026-10-08,2026-10-09 21:19:23+00:00,online,DK1,wind_offshore,xgboost_online,XGBoost with covariates,weather_4p+tso_forecast,2208,2026-10-09 10:00:00+00:00,384.4319152832031,533.291666,,2026-07-08 16:00:00+00:00,2026-10-08 15:00:00+00:00,0,0,none,complete
2026-10-08,2026-10-09 21:19:23+00:00,online,DK1,wind_offshore,xgboost_online,XGBoost with covariates,weather_4p+tso_forecast,2208,2026-10-09 11:00:00+00:00,529.506103515625,581.62499975,,2026-07-08 16:00:00+00:00,2026-10-08 15:00:00+00:00,0,0,none,complete
2026-10-08,2026-10-09 21:19:23+00:00,online,DK1,wind_offshore,xgboost_online,XGBoost with covariates,weather_4p+tso_forecast,2208,2026-10-09 12:00:00+00:00,752.4374389648438,618.99999975,,2026-07-08 16:00:00+00:00,2026-10-08 15:00:00+00:00,0,0,none,complete
2026-10-08,2026-10-09 21:19:23+00:00,online,DK1,wind_offshore,xgboost_online,XGBoost with covariates,weather_4p+tso_forecast,2208,2026-10-09 13:00:00+00:00,785.0625610351562,611.20833325,,2026-07-08 16:00:00+00:00,2026-10-08 15:00:00+00:00,0,0,none,complete
2026-10-08,2026-10-09 21:19:23+00:00,online,DK1,wind_offshore,xgboost_online,XGBoost with covariates,weather_4p+tso_forecast,2208,2026-10-09 14:00:00+00:00,698.138916015625,608.7499995000001,,2026-07-08 16:00:00+00:00,2026-10-08 15:00:00+00:00,0,0,none,complete
2026-10-08,2026-10-09 21:19:23+00:00,online,DK1,wind_offshore,xgboost_online,XGBoost with covariates,weather_4p+tso_forecast,2208,2026-10-09 15:00:00+00:00,893.8458862304688,652.1666662499999,,2026-07-08 16:00:00+00:00,2026-10-08 15:00:00+00:00,0,0,none,complete
2026-10-08,2026-10-09 21:19:23+00:00,online,DK2,wind_onshore,tso_reference,TSO forecast,tso_forecast,2208,2026-10-08 16:00:00+00:00,413.12499975,413.12499975,,2026-07-08 16:00:00+00:00,2026-10-08 15:00:00+00:00,0,0,none,complete
2026-10-08,2026-10-09 21:19:23+00:00,online,DK2,wind_onshore,tso_reference,TSO forecast,tso_forecast,2208,2026-10-08 17:00:00+00:00,351.04166625,351.04166625,,2026-07-08 16:00:00+00:00,2026-10-08 15:00:00+00:00,0,0,none,complete
2026-10-08,2026-10-09 21:19:23+00:00,online,DK2,wind_onshore,tso_reference,TSO forecast,tso_forecast,2208,2026-10-08 18:00:00+00:00,336.16666625,336.16666625,,2026-07-08 16:00:00+00:00,2026-10-08 15:00:00+00:00,0,0,none,complete
2026-10-08,2026-10-09 21:19:23+00:00,online,DK2,wind_onshore,tso_reference,TSO forecast,tso_forecast,2208,2026-10-08 19:00:00+00:00,373.62499975,373.62499975,,2026-07-08 16:00:00+00:00,2026-10-08 15:00:00+00:00,0,0,none,complete
2026-10-08,2026-10-09 21:19:23+00:00,online,DK2,wind_onshore,tso_reference,TSO forecast,tso_forecast,2208,2026-10-08 20:00:00+00:00,401.08333275,401.08333275,,2026-07-08 16:00:00+00:00,2026-10-08 15:00:00+00:00,0,0,none,complete
2026-10-08,2026-10-09 21:19:23+00:00,online,DK2,wind_onshore,tso_reference,TSO forecast,tso_forecast,2208,2026-10-08 21:00:00+00:00,413.08333325,413.08333325,,2026-07-08 16:00:00+00:00,2026-10-08 15:00:00+00:00,0,0,none,complete
2026-10-08,2026-10-09 21:19:23+00:00,online,DK2,wind_onshore,tso_reference,TSO forecast,tso_forecast,2208,2026-10-08 22:00:00+00:00,464.1666665,464.1666665,,2026-07-08 16:00:00+00:00,2026-10-08 15:00:00+00:00,0,0,none,complete
2026-10-08,2026-10-09 21:19:23+00:00,online,DK2,wind_onshore,tso_reference,TSO forecast,tso_forecast,2208,2026-10-08 23:00:00+00:00,462.54166625,462.54166625,,2026-07-08 16:00:00+00:00,2026-10-08 15:00:00+00:00,0,0,none,complete
2026-10-08,2026-10-09 21:19:23+00:00,online,DK2,wind_onshore,tso_reference,TSO forecast,tso_forecast,2208,2026-10-09 00:00:00+00:00,464.833333,464.833333,,2026-07-08 16:00:00+00:00,2026-10-08 15:00:00+00:00,0,0,none,complete
2026-10-08,2026-10-09 21:19:23+00:00,online,DK2,wind_onshore,tso_reference,TSO forecast,tso_forecast,2208,2026-10-09 01:00:00+00:00,459.8749995,459.8749995,,2026-07-08 16:00:00+00:00,2026-10-08 15:00:00+00:00,0,0,none,complete
2026-10-08,2026-10-09 21:19:23+00:00,online,DK2,wind_onshore,tso_reference,TSO forecast,tso_forecast,2208,2026-10-09 02:00:00+00:00,449.583333,449.583333,,2026-07-08 16:00:00+00:00,2026-10-08 15:00:00+00:00,0,0,none,complete
2026-10-08,2026-10-09 21:19:23+00:00,online,DK2,wind_onshore,tso_reference,TSO forecast,tso_forecast,2208,2026-10-09 03:00:00+00:00,431.95833325,431.95833325,,2026-07-08 16:00:00+00:00,2026-10-08 15:00:00+00:00,0,0,none,complete
2026-10-08,2026-10-09 21:19:23+00:00,online,DK2,wind_onshore,tso_reference,TSO forecast,tso_forecast,2208,2026-10-09 04:00:00+00:00,407.083333,407.083333,,2026-07-08 16:00:00+00:00,2026-10-08 15:00:00+00:00,0,0,none,complete
2026-10-08,2026-10-09 21:19:23+00:00,online,DK2,wind_onshore,tso_reference,TSO forecast,tso_forecast,2208,2026-10-09 05:00:00+00:00,339.791666,339.791666,,2026-07-08 16:00:00+00:00,2026-10-08 15:00:00+00:00,0,0,none,complete
2026-10-08,2026-10-09 21:19:23+00:00,online,DK2,wind_onshore,tso_reference,TSO forecast,tso_forecast,2208,2026-10-09 06:00:00+00:00,279.0416665,279.0416665,,2026-07-08 16:00:00+00:00,2026-10-08 15:00:00+00:00,0,0,none,complete
2026-10-08,2026-10-09 21:19:23+00:00,online,DK2,wind_onshore,tso_reference,TSO forecast,tso_forecast,2208,2026-10-09 07:00:00+00:00,259.0416665,259.0416665,,2026-07-08 16:00:00+00:00,2026-10-08 15:00:00+00:00,0,0,none,complete
2026-10-08,2026-10-09 21:19:23+00:00,online,DK2,wind_onshore,tso_reference,TSO forecast,tso_forecast,2208,2026-10-09 08:00:00+00:00,226.8749995,226.8749995,,2026-07-08 16:00:00+00:00,2026-10-08 15:00:00+00:00,0,0,none,complete
2026-10-08,2026-10-09 21:19:23+00:00,online,DK2,wind_onshore,tso_reference,TSO forecast,tso_forecast,2208,2026-10-09 09:00:00+00:00,200.458333,200.458333,,2026-07-08 16:00:00+00:00,2026-10-08 15:00:00+00:00,0,0,none,complete
2026-10-08,2026-10-09 21:19:23+00:00,online,DK2,wind_onshore,tso_reference,TSO forecast,tso_forecast,2208,2026-10-09 10:00:00+00:00,215.99999975,215.99999975,,2026-07-08 16:00:00+00:00,2026-10-08 15:00:00+00:00,0,0,none,complete
2026-10-08,2026-10-09 21:19:23+00:00,online,DK2,wind_onshore,tso_reference,TSO forecast,tso_forecast,2208,2026-10-09 11:00:00+00:00,220.12499975,220.12499975,,2026-07-08 16:00:00+00:00,2026-10-08 15:00:00+00:00,0,0,none,complete
2026-10-08,2026-10-09 21:19:23+00:00,online,DK2,wind_onshore,tso_reference,TSO forecast,tso_forecast,2208,2026-10-09 12:00:00+00:00,216.54166625,216.54166625,,2026-07-08 16:00:00+00:00,2026-10-08 15:00:00+00:00,0,0,none,complete
2026-10-08,2026-10-09 21:19:23+00:00,online,DK2,wind_onshore,tso_reference,TSO forecast,tso_forecast,2208,2026-10-09 13:00:00+00:00,224.74999975,224.74999975,,2026-07-08 16:00:00+00:00,2026-10-08 15:00:00+00:00,0,0,none,complete
2026-10-08,2026-10-09 21:19:23+00:00,online,DK2,wind_onshore,tso_reference,TSO forecast,tso_forecast,2208,2026-10-09 14:00:00+00:00,257.333333,257.333333,,2026-07-08 16:00:00+00:00,2026-10-08 15:00:00+00:00,0,0,none,complete
2026-10-08,2026-10-09 21:19:23+00:00,online,DK2,wind_onshore,tso_reference,TSO forecast,tso_forecast,2208,2026-10-09 15:00:00+00:00,272.6666665,272.6666665,,2026-07-08 16:00:00+00:00,2026-10-08 15:00:00+00:00,0,0,none,complete
2026-10-08,2026-10-09 21:19:23+00:00,online,DK2,wind_onshore,persistence,Persistence,daily_persistence,2208,2026-10-08 16:00:00+00:00,66.65395000000001,413.12499975,,2026-07-08 16:00:00+00:00,2026-10-08 15:00:00+00:00,0,0,none,complete
2026-10-08,2026-10-09 21:19:23+00:00,online,DK2,wind_onshore,persistence,Persistence,daily_persistence,2208,2026-10-08 17:00:00+00:00,92.229775,351.04166625,,2026-07-08 16:00:00+00:00,2026-10-08 15:00:00+00:00,0,0,none,complete
2026-10-08,2026-10-09 21:19:23+00:00,online,DK2,wind_onshore,persistence,Persistence,daily_persistence,2208,2026-10-08 18:00:00+00:00,105.94345,336.16666625,,2026-07-08 16:00:00+00:00,2026-10-08 15:00:00+00:00,0,0,none,complete
2026-10-08,2026-10-09 21:19:23+00:00,online,DK2,wind_onshore,persistence,Persistence,daily_persistence,2208,2026-10-08 19:00:00+00:00,129.166,373.62499975,,2026-07-08 16:00:00+00:00,2026-10-08 15:00:00+00:00,0,0,none,complete
2026-10-08,2026-10-09 21:19:23+00:00,online,DK2,wind_onshore,persistence,Persistence,daily_persistence,2208,2026-10-08 20:00:00+00:00,150.62324999999998,401.08333275,,2026-07-08 16:00:00+00:00,2026-10-08 15:00:00+00:00,0,0,none,complete
2026-10-08,2026-10-09 21:19:23+00:00,online,DK2,wind_onshore,persistence,Persistence,daily_persistence,2208,2026-10-08 21:00:00+00:00,141.45975,413.08333325,,2026-07-08 16:00:00+00:00,2026-10-08 15:00:00+00:00,0,0,none,complete
2026-10-08,2026-10-09 21:19:23+00:00,online,DK2,wind_onshore,persistence,Persistence,daily_persistence,2208,2026-10-08 22:00:00+00:00,128.2305,464.1666665,,2026-07-08 16:00:00+00:00,2026-10-08 15:00:00+00:00,0,0,none,complete
2026-10-08,2026-10-09 21:19:23+00:00,online,DK2,wind_onshore,persistence,Persistence,daily_persistence,2208,2026-10-08 23:00:00+00:00,117.84575,462.54166625,,2026-07-08 16:00:00+00:00,2026-10-08 15:00:00+00:00,0,0,none,complete
2026-10-08,2026-10-09 21:19:23+00:00,online,DK2,wind_onshore,persistence,Persistence,daily_persistence,2208,2026-10-09 00:00:00+00:00,99.62595,464.833333,,2026-07-08 16:00:00+00:00,2026-10-08 15:00:00+00:00,0,0,none,complete
2026-10-08,2026-10-09 21:19:23+00:00,online,DK2,wind_onshore,persistence,Persistence,daily_persistence,2208,2026-10-09 01:00:00+00:00,75.602125,459.8749995,,2026-07-08 16:00:00+00:00,2026-10-08 15:00:00+00:00,0,0,none,complete
2026-10-08,2026-10-09 21:19:23+00:00,online,DK2,wind_onshore,persistence,Persistence,daily_persistence,2208,2026-10-09 02:00:00+00:00,60.1049,449.583333,,2026-07-08 16:00:00+00:00,2026-10-08 15:00:00+00:00,0,0,none,complete
2026-10-08,2026-10-09 21:19:23+00:00,online,DK2,wind_onshore,persistence,Persistence,daily_persistence,2208,2026-10-09 03:00:00+00:00,43.94035,431.95833325,,2026-07-08 16:00:00+00:00,2026-10-08 15:00:00+00:00,0,0,none,complete
2026-10-08,2026-10-09 21:19:23+00:00,online,DK2,wind_onshore,persistence,Persistence,daily_persistence,2208,2026-10-09 04:00:00+00:00,31.990075,407.083333,,2026-07-08 16:00:00+00:00,2026-10-08 15:00:00+00:00,0,0,none,complete
2026-10-08,2026-10-09 21:19:23+00:00,online,DK2,wind_onshore,persistence,Persistence,daily_persistence,2208,2026-10-09 05:00:00+00:00,49.892025,339.791666,,2026-07-08 16:00:00+00:00,2026-10-08 15:00:00+00:00,0,0,none,complete
2026-10-08,2026-10-09 21:19:23+00:00,online,DK2,wind_onshore,persistence,Persistence,daily_persistence,2208,2026-10-09 06:00:00+00:00,35.9697,279.0416665,,2026-07-08 16:00:00+00:00,2026-10-08 15:00:00+00:00,0,0,none,complete
2026-10-08,2026-10-09 21:19:23+00:00,online,DK2,wind_onshore,persistence,Persistence,daily_persistence,2208,2026-10-09 07:00:00+00:00,42.454275,259.0416665,,2026-07-08 16:00:00+00:00,2026-10-08 15:00:00+00:00,0,0,none,complete
2026-10-08,2026-10-09 21:19:23+00:00,online,DK2,wind_onshore,persistence,Persistence,daily_persistence,2208,2026-10-09 08:00:00+00:00,46.28735,226.8749995,,2026-07-08 16:00:00+00:00,2026-10-08 15:00:00+00:00,0,0,none,complete
2026-10-08,2026-10-09 21:19:23+00:00,online,DK2,wind_onshore,persistence,Persistence,daily_persistence,2208,2026-10-09 09:00:00+00:00,65.6774,200.458333,,2026-07-08 16:00:00+00:00,2026-10-08 15:00:00+00:00,0,0,none,complete
2026-10-08,2026-10-09 21:19:23+00:00,online,DK2,wind_onshore,persistence,Persistence,daily_persistence,2208,2026-10-09 10:00:00+00:00,159.83475,215.99999975,,2026-07-08 16:00:00+00:00,2026-10-08 15:00:00+00:00,0,0,none,complete
2026-10-08,2026-10-09 21:19:23+00:00,online,DK2,wind_onshore,persistence,Persistence,daily_persistence,2208,2026-10-09 11:00:00+00:00,344.78450000000004,220.12499975,,2026-07-08 16:00:00+00:00,2026-10-08 15:00:00+00:00,0,0,none,complete
2026-10-08,2026-10-09 21:19:23+00:00,online,DK2,wind_onshore,persistence,Persistence,daily_persistence,2208,2026-10-09 12:00:00+00:00,428.21325,216.54166625,,2026-07-08 16:00:00+00:00,2026-10-08 15:00:00+00:00,0,0,none,complete
2026-10-08,2026-10-09 21:19:23+00:00,online,DK2,wind_onshore,persistence,Persistence,daily_persistence,2208,2026-10-09 13:00:00+00:00,466.83275,224.74999975,,2026-07-08 16:00:00+00:00,2026-10-08 15:00:00+00:00,0,0,none,complete
2026-10-08,2026-10-09 21:19:23+00:00,online,DK2,wind_onshore,persistence,Persistence,daily_persistence,2208,2026-10-09 14:00:00+00:00,448.22225,257.333333,,2026-07-08 16:00:00+00:00,2026-10-08 15:00:00+00:00,0,0,none,complete
2026-10-08,2026-10-09 21:19:23+00:00,online,DK2,wind_onshore,persistence,Persistence,daily_persistence,2208,2026-10-09 15:00:00+00:00,438.454,272.6666665,,2026-07-08 16:00:00+00:00,2026-10-08 15:00:00+00:00,0,0,none,complete
2026-10-08,2026-10-09 21:19:23+00:00,online,DK2,wind_onshore,chronos2_online,Chronos2 with covariates,weather_4p+tso_forecast,2208,2026-10-08 16:00:00+00:00,446.1042175292969,413.12499975,,2026-07-08 16:00:00+00:00,2026-10-08 15:00:00+00:00,0,0,none,complete
2026-10-08,2026-10-09 21:19:23+00:00,online,DK2,wind_onshore,chronos2_online,Chronos2 with covariates,weather_4p+tso_forecast,2208,2026-10-08 17:00:00+00:00,409.5502014160156,351.04166625,,2026-07-08 16:00:00+00:00,2026-10-08 15:00:00+00:00,0,0,none,complete
2026-10-08,2026-10-09 21:19:23+00:00,online,DK2,wind_onshore,chronos2_online,Chronos2 with covariates,weather_4p+tso_forecast,2208,2026-10-08 18:00:00+00:00,407.5290832519531,336.16666625,,2026-07-08 16:00:00+00:00,2026-10-08 15:00:00+00:00,0,0,none,complete
2026-10-08,2026-10-09 21:19:23+00:00,online,DK2,wind_onshore,chronos2_online,Chronos2 with covariates,weather_4p+tso_forecast,2208,2026-10-08 19:00:00+00:00,429.3775939941406,373.62499975,,2026-07-08 16:00:00+00:00,2026-10-08 15:00:00+00:00,0,0,none,complete
2026-10-08,2026-10-09 21:19:23+00:00,online,DK2,wind_onshore,chronos2_online,Chronos2 with covariates,weather_4p+tso_forecast,2208,2026-10-08 20:00:00+00:00,444.14837646484375,401.08333275,,2026-07-08 16:00:00+00:00,2026-10-08 15:00:00+00:00,0,0,none,complete
2026-10-08,2026-10-09 21:19:23+00:00,online,DK2,wind_onshore,chronos2_online,Chronos2 with covariates,weather_4p+tso_forecast,2208,2026-10-08 21:00:00+00:00,457.454833984375,413.08333325,,2026-07-08 16:00:00+00:00,2026-10-08 15:00:00+00:00,0,0,none,complete
2026-10-08,2026-10-09 21:19:23+00:00,online,DK2,wind_onshore,chronos2_online,Chronos2 with covariates,weather_4p+tso_forecast,2208,2026-10-08 22:00:00+00:00,483.4045715332031,464.1666665,,2026-07-08 16:00:00+00:00,2026-10-08 15:00:00+00:00,0,0,none,complete
2026-10-08,2026-10-09 21:19:23+00:00,online,DK2,wind_onshore,chronos2_online,Chronos2 with covariates,weather_4p+tso_forecast,2208,2026-10-08 23:00:00+00:00,493.1441345214844,462.54166625,,2026-07-08 16:00:00+00:00,2026-10-08 15:00:00+00:00,0,0,none,complete
2026-10-08,2026-10-09 21:19:23+00:00,online,DK2,wind_onshore,chronos2_online,Chronos2 with covariates,weather_4p+tso_forecast,2208,2026-10-09 00:00:00+00:00,487.6362609863281,464.833333,,2026-07-08 16:00:00+00:00,2026-10-08 15:00:00+00:00,0,0,none,complete
2026-10-08,2026-10-09 21:19:23+00:00,online,DK2,wind_onshore,chronos2_online,Chronos2 with covariates,weather_4p+tso_forecast,2208,2026-10-09 01:00:00+00:00,487.8837585449219,459.8749995,,2026-07-08 16:00:00+00:00,2026-10-08 15:00:00+00:00,0,0,none,complete
2026-10-08,2026-10-09 21:19:23+00:00,online,DK2,wind_onshore,chronos2_online,Chronos2 with covariates,weather_4p+tso_forecast,2208,2026-10-09 02:00:00+00:00,473.3311767578125,449.583333,,2026-07-08 16:00:00+00:00,2026-10-08 15:00:00+00:00,0,0,none,complete
2026-10-08,2026-10-09 21:19:23+00:00,online,DK2,wind_onshore,chronos2_online,Chronos2 with covariates,weather_4p+tso_forecast,2208,2026-10-09 03:00:00+00:00,446.85064697265625,431.95833325,,2026-07-08 16:00:00+00:00,2026-10-08 15:00:00+00:00,0,0,none,complete
2026-10-08,2026-10-09 21:19:23+00:00,online,DK2,wind_onshore,chronos2_online,Chronos2 with covariates,weather_4p+tso_forecast,2208,2026-10-09 04:00:00+00:00,403.7833251953125,407.083333,,2026-07-08 16:00:00+00:00,2026-10-08 15:00:00+00:00,0,0,none,complete
2026-10-08,2026-10-09 21:19:23+00:00,online,DK2,wind_onshore,chronos2_online,Chronos2 with covariates,weather_4p+tso_forecast,2208,2026-10-09 05:00:00+00:00,357.41241455078125,339.791666,,2026-07-08 16:00:00+00:00,2026-10-08 15:00:00+00:00,0,0,none,complete
2026-10-08,2026-10-09 21:19:23+00:00,online,DK2,wind_onshore,chronos2_online,Chronos2 with covariates,weather_4p+tso_forecast,2208,2026-10-09 06:00:00+00:00,304.1024169921875,279.0416665,,2026-07-08 16:00:00+00:00,2026-10-08 15:00:00+00:00,0,0,none,complete
2026-10-08,2026-10-09 21:19:23+00:00,online,DK2,wind_onshore,chronos2_online,Chronos2 with covariates,weather_4p+tso_forecast,2208,2026-10-09 07:00:00+00:00,255.51333618164065,259.0416665,,2026-07-08 16:00:00+00:00,2026-10-08 15:00:00+00:00,0,0,none,complete
2026-10-08,2026-10-09 21:19:23+00:00,online,DK2,wind_onshore,chronos2_online,Chronos2 with covariates,weather_4p+tso_forecast,2208,2026-10-09 08:00:00+00:00,237.26144409179688,226.8749995,,2026-07-08 16:00:00+00:00,2026-10-08 15:00:00+00:00,0,0,none,complete
2026-10-08,2026-10-09 21:19:23+00:00,online,DK2,wind_onshore,chronos2_online,Chronos2 with covariates,weather_4p+tso_forecast,2208,2026-10-09 09:00:00+00:00,210.3236389160156,200.458333,,2026-07-08 16:00:00+00:00,2026-10-08 15:00:00+00:00,0,0,none,complete
2026-10-08,2026-10-09 21:19:23+00:00,online,DK2,wind_onshore,chronos2_online,Chronos2 with covariates,weather_4p+tso_forecast,2208,2026-10-09 10:00:00+00:00,215.85189819335935,215.99999975,,2026-07-08 16:00:00+00:00,2026-10-08 15:00:00+00:00,0,0,none,complete
2026-10-08,2026-10-09 21:19:23+00:00,online,DK2,wind_onshore,chronos2_online,Chronos2 with covariates,weather_4p+tso_forecast,2208,2026-10-09 11:00:00+00:00,229.7518615722656,220.12499975,,2026-07-08 16:00:00+00:00,2026-10-08 15:00:00+00:00,0,0,none,complete
2026-10-08,2026-10-09 21:19:23+00:00,online,DK2,wind_onshore,chronos2_online,Chronos2 with covariates,weather_4p+tso_forecast,2208,2026-10-09 12:00:00+00:00,228.24937438964844,216.54166625,,2026-07-08 16:00:00+00:00,2026-10-08 15:00:00+00:00,0,0,none,complete
2026-10-08,2026-10-09 21:19:23+00:00,online,DK2,wind_onshore,chronos2_online,Chronos2 with covariates,weather_4p+tso_forecast,2208,2026-10-09 13:00:00+00:00,239.83712768554688,224.74999975,,2026-07-08 16:00:00+00:00,2026-10-08 15:00:00+00:00,0,0,none,complete
2026-10-08,2026-10-09 21:19:23+00:00,online,DK2,wind_onshore,chronos2_online,Chronos2 with covariates,weather_4p+tso_forecast,2208,2026-10-09 14:00:00+00:00,282.00311279296875,257.333333,,2026-07-08 16:00:00+00:00,2026-10-08 15:00:00+00:00,0,0,none,complete
2026-10-08,2026-10-09 21:19:23+00:00,online,DK2,wind_onshore,chronos2_online,Chronos2 with covariates,weather_4p+tso_forecast,2208,2026-10-09 15:00:00+00:00,294.6187744140625,272.6666665,,2026-07-08 16:00:00+00:00,2026-10-08 15:00:00+00:00,0,0,none,complete
2026-10-08,2026-10-09 21:19:23+00:00,online,DK2,wind_onshore,xgboost_online,XGBoost with covariates,weather_4p+tso_forecast,2208,2026-10-08 16:00:00+00:00,408.4112243652344,413.12499975,,2026-07-08 16:00:00+00:00,2026-10-08 15:00:00+00:00,0,0,none,complete
2026-10-08,2026-10-09 21:19:23+00:00,online,DK2,wind_onshore,xgboost_online,XGBoost with covariates,weather_4p+tso_forecast,2208,2026-10-08 17:00:00+00:00,342.9978332519531,351.04166625,,2026-07-08 16:00:00+00:00,2026-10-08 15:00:00+00:00,0,0,none,complete
2026-10-08,2026-10-09 21:19:23+00:00,online,DK2,wind_onshore,xgboost_online,XGBoost with covariates,weather_4p+tso_forecast,2208,2026-10-08 18:00:00+00:00,362.5931396484375,336.16666625,,2026-07-08 16:00:00+00:00,2026-10-08 15:00:00+00:00,0,0,none,complete
2026-10-08,2026-10-09 21:19:23+00:00,online,DK2,wind_onshore,xgboost_online,XGBoost with covariates,weather_4p+tso_forecast,2208,2026-10-08 19:00:00+00:00,408.6864013671875,373.62499975,,2026-07-08 16:00:00+00:00,2026-10-08 15:00:00+00:00,0,0,none,complete
2026-10-08,2026-10-09 21:19:23+00:00,online,DK2,wind_onshore,xgboost_online,XGBoost with covariates,weather_4p+tso_forecast,2208,2026-10-08 20:00:00+00:00,443.7026062011719,401.08333275,,2026-07-08 16:00:00+00:00,2026-10-08 15:00:00+00:00,0,0,none,complete
2026-10-08,2026-10-09 21:19:23+00:00,online,DK2,wind_onshore,xgboost_online,XGBoost with covariates,weather_4p+tso_forecast,2208,2026-10-08 21:00:00+00:00,444.29339599609375,413.08333325,,2026-07-08 16:00:00+00:00,2026-10-08 15:00:00+00:00,0,0,none,complete
2026-10-08,2026-10-09 21:19:23+00:00,online,DK2,wind_onshore,xgboost_online,XGBoost with covariates,weather_4p+tso_forecast,2208,2026-10-08 22:00:00+00:00,451.4661254882813,464.1666665,,2026-07-08 16:00:00+00:00,2026-10-08 15:00:00+00:00,0,0,none,complete
2026-10-08,2026-10-09 21:19:23+00:00,online,DK2,wind_onshore,xgboost_online,XGBoost with covariates,weather_4p+tso_forecast,2208,2026-10-08 23:00:00+00:00,451.4661254882813,462.54166625,,2026-07-08 16:00:00+00:00,2026-10-08 15:00:00+00:00,0,0,none,complete
2026-10-08,2026-10-09 21:19:23+00:00,online,DK2,wind_onshore,xgboost_online,XGBoost with covariates,weather_4p+tso_forecast,2208,2026-10-09 00:00:00+00:00,436.4895935058594,464.833333,,2026-07-08 16:00:00+00:00,2026-10-08 15:00:00+00:00,0,0,none,complete
2026-10-08,2026-10-09 21:19:23+00:00,online,DK2,wind_onshore,xgboost_online,XGBoost with covariates,weather_4p+tso_forecast,2208,2026-10-09 01:00:00+00:00,434.1831359863281,459.8749995,,2026-07-08 16:00:00+00:00,2026-10-08 15:00:00+00:00,0,0,none,complete
2026-10-08,2026-10-09 21:19:23+00:00,online,DK2,wind_onshore,xgboost_online,XGBoost with covariates,weather_4p+tso_forecast,2208,2026-10-09 02:00:00+00:00,445.85162353515625,449.583333,,2026-07-08 16:00:00+00:00,2026-10-08 15:00:00+00:00,0,0,none,complete
2026-10-08,2026-10-09 21:19:23+00:00,online,DK2,wind_onshore,xgboost_online,XGBoost with covariates,weather_4p+tso_forecast,2208,2026-10-09 03:00:00+00:00,434.2623596191406,431.95833325,,2026-07-08 16:00:00+00:00,2026-10-08 15:00:00+00:00,0,0,none,complete
2026-10-08,2026-10-09 21:19:23+00:00,online,DK2,wind_onshore,xgboost_online,XGBoost with covariates,weather_4p+tso_forecast,2208,2026-10-09 04:00:00+00:00,417.5122985839844,407.083333,,2026-07-08 16:00:00+00:00,2026-10-08 15:00:00+00:00,0,0,none,complete
2026-10-08,2026-10-09 21:19:23+00:00,online,DK2,wind_onshore,xgboost_online,XGBoost with covariates,weather_4p+tso_forecast,2208,2026-10-09 05:00:00+00:00,348.6656799316406,339.791666,,2026-07-08 16:00:00+00:00,2026-10-08 15:00:00+00:00,0,0,none,complete
2026-10-08,2026-10-09 21:19:23+00:00,online,DK2,wind_onshore,xgboost_online,XGBoost with covariates,weather_4p+tso_forecast,2208,2026-10-09 06:00:00+00:00,310.6220092773437,279.0416665,,2026-07-08 16:00:00+00:00,2026-10-08 15:00:00+00:00,0,0,none,complete
2026-10-08,2026-10-09 21:19:23+00:00,online,DK2,wind_onshore,xgboost_online,XGBoost with covariates,weather_4p+tso_forecast,2208,2026-10-09 07:00:00+00:00,255.8868408203125,259.0416665,,2026-07-08 16:00:00+00:00,2026-10-08 15:00:00+00:00,0,0,none,complete
2026-10-08,2026-10-09 21:19:23+00:00,online,DK2,wind_onshore,xgboost_online,XGBoost with covariates,weather_4p+tso_forecast,2208,2026-10-09 08:00:00+00:00,234.5909576416016,226.8749995,,2026-07-08 16:00:00+00:00,2026-10-08 15:00:00+00:00,0,0,none,complete
2026-10-08,2026-10-09 21:19:23+00:00,online,DK2,wind_onshore,xgboost_online,XGBoost with covariates,weather_4p+tso_forecast,2208,2026-10-09 09:00:00+00:00,208.0631866455078,200.458333,,2026-07-08 16:00:00+00:00,2026-10-08 15:00:00+00:00,0,0,none,complete
2026-10-08,2026-10-09 21:19:23+00:00,online,DK2,wind_onshore,xgboost_online,XGBoost with covariates,weather_4p+tso_forecast,2208,2026-10-09 10:00:00+00:00,228.4691925048828,215.99999975,,2026-07-08 16:00:00+00:00,2026-10-08 15:00:00+00:00,0,0,none,complete
2026-10-08,2026-10-09 21:19:23+00:00,online,DK2,wind_onshore,xgboost_online,XGBoost with covariates,weather_4p+tso_forecast,2208,2026-10-09 11:00:00+00:00,226.56993103027344,220.12499975,,2026-07-08 16:00:00+00:00,2026-10-08 15:00:00+00:00,0,0,none,complete
2026-10-08,2026-10-09 21:19:23+00:00,online,DK2,wind_onshore,xgboost_online,XGBoost with covariates,weather_4p+tso_forecast,2208,2026-10-09 12:00:00+00:00,203.7981109619141,216.54166625,,2026-07-08 16:00:00+00:00,2026-10-08 15:00:00+00:00,0,0,none,complete
2026-10-08,2026-10-09 21:19:23+00:00,online,DK2,wind_onshore,xgboost_online,XGBoost with covariates,weather_4p+tso_forecast,2208,2026-10-09 13:00:00+00:00,235.8226623535156,224.74999975,,2026-07-08 16:00:00+00:00,2026-10-08 15:00:00+00:00,0,0,none,complete
2026-10-08,2026-10-09 21:19:23+00:00,online,DK2,wind_onshore,xgboost_online,XGBoost with covariates,weather_4p+tso_forecast,2208,2026-10-09 14:00:00+00:00,271.38555908203125,257.333333,,2026-07-08 16:00:00+00:00,2026-10-08 15:00:00+00:00,0,0,none,complete
2026-10-08,2026-10-09 21:19:23+00:00,online,DK2,wind_onshore,xgboost_online,XGBoost with covariates,weather_4p+tso_forecast,2208,2026-10-09 15:00:00+00:00,281.9803466796875,272.6666665,,2026-07-08 16:00:00+00:00,2026-10-08 15:00:00+00:00,0,0,none,complete
2026-10-08,2026-10-09 21:19:23+00:00,online,DK2,wind_offshore,tso_reference,TSO forecast,tso_forecast,2208,2026-10-08 16:00:00+00:00,850.0416662499999,850.0416662499999,,2026-07-08 16:00:00+00:00,2026-10-08 15:00:00+00:00,6,6,bias_adjusted_tso+linear_interpolation,degraded
2026-10-08,2026-10-09 21:19:23+00:00,online,DK2,wind_offshore,tso_reference,TSO forecast,tso_forecast,2208,2026-10-08 17:00:00+00:00,837.708333,837.708333,,2026-07-08 16:00:00+00:00,2026-10-08 15:00:00+00:00,6,6,bias_adjusted_tso+linear_interpolation,degraded
2026-10-08,2026-10-09 21:19:23+00:00,online,DK2,wind_offshore,tso_reference,TSO forecast,tso_forecast,2208,2026-10-08 18:00:00+00:00,837.95833325,837.95833325,,2026-07-08 16:00:00+00:00,2026-10-08 15:00:00+00:00,6,6,bias_adjusted_tso+linear_interpolation,degraded
2026-10-08,2026-10-09 21:19:23+00:00,online,DK2,wind_offshore,tso_reference,TSO forecast,tso_forecast,2208,2026-10-08 19:00:00+00:00,839.5416665,839.5416665,,2026-07-08 16:00:00+00:00,2026-10-08 15:00:00+00:00,6,6,bias_adjusted_tso+linear_interpolation,degraded
2026-10-08,2026-10-09 21:19:23+00:00,online,DK2,wind_offshore,tso_reference,TSO forecast,tso_forecast,2208,2026-10-08 20:00:00+00:00,842.25,842.25,,2026-07-08 16:00:00+00:00,2026-10-08 15:00:00+00:00,6,6,bias_adjusted_tso+linear_interpolation,degraded
2026-10-08,2026-10-09 21:19:23+00:00,online,DK2,wind_offshore,tso_reference,TSO forecast,tso_forecast,2208,2026-10-08 21:00:00+00:00,853.208333,853.208333,,2026-07-08 16:00:00+00:00,2026-10-08 15:00:00+00:00,6,6,bias_adjusted_tso+linear_interpolation,degraded
2026-10-08,2026-10-09 21:19:23+00:00,online,DK2,wind_offshore,tso_reference,TSO forecast,tso_forecast,2208,2026-10-08 22:00:00+00:00,886.958333,886.958333,,2026-07-08 16:00:00+00:00,2026-10-08 15:00:00+00:00,6,6,bias_adjusted_tso+linear_interpolation,degraded
2026-10-08,2026-10-09 21:19:23+00:00,online,DK2,wind_offshore,tso_reference,TSO forecast,tso_forecast,2208,2026-10-08 23:00:00+00:00,894.49999975,894.49999975,,2026-07-08 16:00:00+00:00,2026-10-08 15:00:00+00:00,6,6,bias_adjusted_tso+linear_interpolation,degraded
2026-10-08,2026-10-09 21:19:23+00:00,online,DK2,wind_offshore,tso_reference,TSO forecast,tso_forecast,2208,2026-10-09 00:00:00+00:00,892.12499975,892.12499975,,2026-07-08 16:00:00+00:00,2026-10-08 15:00:00+00:00,6,6,bias_adjusted_tso+linear_interpolation,degraded
2026-10-08,2026-10-09 21:19:23+00:00,online,DK2,wind_offshore,tso_reference,TSO forecast,tso_forecast,2208,2026-10-09 01:00:00+00:00,887.66666625,887.66666625,,2026-07-08 16:00:00+00:00,2026-10-08 15:00:00+00:00,6,6,bias_adjusted_tso+linear_interpolation,degraded
2026-10-08,2026-10-09 21:19:23+00:00,online,DK2,wind_offshore,tso_reference,TSO forecast,tso_forecast,2208,2026-10-09 02:00:00+00:00,885.08333325,885.08333325,,2026-07-08 16:00:00+00:00,2026-10-08 15:00:00+00:00,6,6,bias_adjusted_tso+linear_interpolation,degraded
2026-10-08,2026-10-09 21:19:23+00:00,online,DK2,wind_offshore,tso_reference,TSO forecast,tso_forecast,2208,2026-10-09 03:00:00+00:00,883.49999975,883.49999975,,2026-07-08 16:00:00+00:00,2026-10-08 15:00:00+00:00,6,6,bias_adjusted_tso+linear_interpolation,degraded
2026-10-08,2026-10-09 21:19:23+00:00,online,DK2,wind_offshore,tso_reference,TSO forecast,tso_forecast,2208,2026-10-09 04:00:00+00:00,869.583333,869.583333,,2026-07-08 16:00:00+00:00,2026-10-08 15:00:00+00:00,6,6,bias_adjusted_tso+linear_interpolation,degraded
2026-10-08,2026-10-09 21:19:23+00:00,online,DK2,wind_offshore,tso_reference,TSO forecast,tso_forecast,2208,2026-10-09 05:00:00+00:00,851.6666665,851.6666665,,2026-07-08 16:00:00+00:00,2026-10-08 15:00:00+00:00,6,6,bias_adjusted_tso+linear_interpolation,degraded
2026-10-08,2026-10-09 21:19:23+00:00,online,DK2,wind_offshore,tso_reference,TSO forecast,tso_forecast,2208,2026-10-09 06:00:00+00:00,823.74999975,823.74999975,,2026-07-08 16:00:00+00:00,2026-10-08 15:00:00+00:00,6,6,bias_adjusted_tso+linear_interpolation,degraded
2026-10-08,2026-10-09 21:19:23+00:00,online,DK2,wind_offshore,tso_reference,TSO forecast,tso_forecast,2208,2026-10-09 07:00:00+00:00,794.37499975,794.37499975,,2026-07-08 16:00:00+00:00,2026-10-08 15:00:00+00:00,6,6,bias_adjusted_tso+linear_interpolation,degraded
2026-10-08,2026-10-09 21:19:23+00:00,online,DK2,wind_offshore,tso_reference,TSO forecast,tso_forecast,2208,2026-10-09 08:00:00+00:00,769.0416665,769.0416665,,2026-07-08 16:00:00+00:00,2026-10-08 15:00:00+00:00,6,6,bias_adjusted_tso+linear_interpolation,degraded
2026-10-08,2026-10-09 21:19:23+00:00,online,DK2,wind_offshore,tso_reference,TSO forecast,tso_forecast,2208,2026-10-09 09:00:00+00:00,744.24999975,744.24999975,,2026-07-08 16:00:00+00:00,2026-10-08 15:00:00+00:00,6,6,bias_adjusted_tso+linear_interpolation,degraded
2026-10-08,2026-10-09 21:19:23+00:00,online,DK2,wind_offshore,tso_reference,TSO forecast,tso_forecast,2208,2026-10-09 10:00:00+00:00,727.9166662499999,727.9166662499999,,2026-07-08 16:00:00+00:00,2026-10-08 15:00:00+00:00,6,6,bias_adjusted_tso+linear_interpolation,degraded
2026-10-08,2026-10-09 21:19:23+00:00,online,DK2,wind_offshore,tso_reference,TSO forecast,tso_forecast,2208,2026-10-09 11:00:00+00:00,675.458333,675.458333,,2026-07-08 16:00:00+00:00,2026-10-08 15:00:00+00:00,6,6,bias_adjusted_tso+linear_interpolation,degraded
2026-10-08,2026-10-09 21:19:23+00:00,online,DK2,wind_offshore,tso_reference,TSO forecast,tso_forecast,2208,2026-10-09 12:00:00+00:00,649.7916665,649.7916665,,2026-07-08 16:00:00+00:00,2026-10-08 15:00:00+00:00,6,6,bias_adjusted_tso+linear_interpolation,degraded
2026-10-08,2026-10-09 21:19:23+00:00,online,DK2,wind_offshore,tso_reference,TSO forecast,tso_forecast,2208,2026-10-09 13:00:00+00:00,701.0416665,701.0416665,,2026-07-08 16:00:00+00:00,2026-10-08 15:00:00+00:00,6,6,bias_adjusted_tso+linear_interpolation,degraded
2026-10-08,2026-10-09 21:19:23+00:00,online,DK2,wind_offshore,tso_reference,TSO forecast,tso_forecast,2208,2026-10-09 14:00:00+00:00,753.6666665,753.6666665,,2026-07-08 16:00:00+00:00,2026-10-08 15:00:00+00:00,6,6,bias_adjusted_tso+linear_interpolation,degraded
2026-10-08,2026-10-09 21:19:23+00:00,online,DK2,wind_offshore,tso_reference,TSO forecast,tso_forecast,2208,2026-10-09 15:00:00+00:00,768.7499995000001,768.7499995000001,,2026-07-08 16:00:00+00:00,2026-10-08 15:00:00+00:00,6,6,bias_adjusted_tso+linear_interpolation,degraded
2026-10-08,2026-10-09 21:19:23+00:00,online,DK2,wind_offshore,persistence,Persistence,daily_persistence,2208,2026-10-08 16:00:00+00:00,176.81925,850.0416662499999,,2026-07-08 16:00:00+00:00,2026-10-08 15:00:00+00:00,6,6,bias_adjusted_tso+linear_interpolation,degraded
2026-10-08,2026-10-09 21:19:23+00:00,online,DK2,wind_offshore,persistence,Persistence,daily_persistence,2208,2026-10-08 17:00:00+00:00,305.15025,837.708333,,2026-07-08 16:00:00+00:00,2026-10-08 15:00:00+00:00,6,6,bias_adjusted_tso+linear_interpolation,degraded
2026-10-08,2026-10-09 21:19:23+00:00,online,DK2,wind_offshore,persistence,Persistence,daily_persistence,2208,2026-10-08 18:00:00+00:00,524.89525,837.95833325,,2026-07-08 16:00:00+00:00,2026-10-08 15:00:00+00:00,6,6,bias_adjusted_tso+linear_interpolation,degraded
2026-10-08,2026-10-09 21:19:23+00:00,online,DK2,wind_offshore,persistence,Persistence,daily_persistence,2208,2026-10-08 19:00:00+00:00,518.96525,839.5416665,,2026-07-08 16:00:00+00:00,2026-10-08 15:00:00+00:00,6,6,bias_adjusted_tso+linear_interpolation,degraded
2026-10-08,2026-10-09 21:19:23+00:00,online,DK2,wind_offshore,persistence,Persistence,daily_persistence,2208,2026-10-08 20:00:00+00:00,457.73,842.25,,2026-07-08 16:00:00+00:00,2026-10-08 15:00:00+00:00,6,6,bias_adjusted_tso+linear_interpolation,degraded
2026-10-08,2026-10-09 21:19:23+00:00,online,DK2,wind_offshore,persistence,Persistence,daily_persistence,2208,2026-10-08 21:00:00+00:00,521.23625,853.208333,,2026-07-08 16:00:00+00:00,2026-10-08 15:00:00+00:00,6,6,bias_adjusted_tso+linear_interpolation,degraded
2026-10-08,2026-10-09 21:19:23+00:00,online,DK2,wind_offshore,persistence,Persistence,daily_persistence,2208,2026-10-08 22:00:00+00:00,449.604,886.958333,,2026-07-08 16:00:00+00:00,2026-10-08 15:00:00+00:00,6,6,bias_adjusted_tso+linear_interpolation,degraded
2026-10-08,2026-10-09 21:19:23+00:00,online,DK2,wind_offshore,persistence,Persistence,daily_persistence,2208,2026-10-08 23:00:00+00:00,383.23775,894.49999975,,2026-07-08 16:00:00+00:00,2026-10-08 15:00:00+00:00,6,6,bias_adjusted_tso+linear_interpolation,degraded
2026-10-08,2026-10-09 21:19:23+00:00,online,DK2,wind_offshore,persistence,Persistence,daily_persistence,2208,2026-10-09 00:00:00+00:00,257.21725,892.12499975,,2026-07-08 16:00:00+00:00,2026-10-08 15:00:00+00:00,6,6,bias_adjusted_tso+linear_interpolation,degraded
2026-10-08,2026-10-09 21:19:23+00:00,online,DK2,wind_offshore,persistence,Persistence,daily_persistence,2208,2026-10-09 01:00:00+00:00,188.7845,887.66666625,,2026-07-08 16:00:00+00:00,2026-10-08 15:00:00+00:00,6,6,bias_adjusted_tso+linear_interpolation,degraded
2026-10-08,2026-10-09 21:19:23+00:00,online,DK2,wind_offshore,persistence,Persistence,daily_persistence,2208,2026-10-09 02:00:00+00:00,153.4155,885.08333325,,2026-07-08 16:00:00+00:00,2026-10-08 15:00:00+00:00,6,6,bias_adjusted_tso+linear_interpolation,degraded
2026-10-08,2026-10-09 21:19:23+00:00,online,DK2,wind_offshore,persistence,Persistence,daily_persistence,2208,2026-10-09 03:00:00+00:00,114.73895,883.49999975,,2026-07-08 16:00:00+00:00,2026-10-08 15:00:00+00:00,6,6,bias_adjusted_tso+linear_interpolation,degraded
2026-10-08,2026-10-09 21:19:23+00:00,online,DK2,wind_offshore,persistence,Persistence,daily_persistence,2208,2026-10-09 04:00:00+00:00,120.49345,869.583333,,2026-07-08 16:00:00+00:00,2026-10-08 15:00:00+00:00,6,6,bias_adjusted_tso+linear_interpolation,degraded
2026-10-08,2026-10-09 21:19:23+00:00,online,DK2,wind_offshore,persistence,Persistence,daily_persistence,2208,2026-10-09 05:00:00+00:00,194.2755,851.6666665,,2026-07-08 16:00:00+00:00,2026-10-08 15:00:00+00:00,6,6,bias_adjusted_tso+linear_interpolation,degraded
2026-10-08,2026-10-09 21:19:23+00:00,online,DK2,wind_offshore,persistence,Persistence,daily_persistence,2208,2026-10-09 06:00:00+00:00,190.7115,823.74999975,,2026-07-08 16:00:00+00:00,2026-10-08 15:00:00+00:00,6,6,bias_adjusted_tso+linear_interpolation,degraded
2026-10-08,2026-10-09 21:19:23+00:00,online,DK2,wind_offshore,persistence,Persistence,daily_persistence,2208,2026-10-09 07:00:00+00:00,158.40525,794.37499975,,2026-07-08 16:00:00+00:00,2026-10-08 15:00:00+00:00,6,6,bias_adjusted_tso+linear_interpolation,degraded
2026-10-08,2026-10-09 21:19:23+00:00,online,DK2,wind_offshore,persistence,Persistence,daily_persistence,2208,2026-10-09 08:00:00+00:00,64.925375,769.0416665,,2026-07-08 16:00:00+00:00,2026-10-08 15:00:00+00:00,6,6,bias_adjusted_tso+linear_interpolation,degraded
2026-10-08,2026-10-09 21:19:23+00:00,online,DK2,wind_offshore,persistence,Persistence,daily_persistence,2208,2026-10-09 09:00:00+00:00,35.591725,744.24999975,,2026-07-08 16:00:00+00:00,2026-10-08 15:00:00+00:00,6,6,bias_adjusted_tso+linear_interpolation,degraded
2026-10-08,2026-10-09 21:19:23+00:00,online,DK2,wind_offshore,persistence,Persistence,daily_persistence,2208,2026-10-09 10:00:00+00:00,64.978475,727.9166662499999,,2026-07-08 16:00:00+00:00,2026-10-08 15:00:00+00:00,6,6,bias_adjusted_tso+linear_interpolation,degraded
2026-10-08,2026-10-09 21:19:23+00:00,online,DK2,wind_offshore,persistence,Persistence,daily_persistence,2208,2026-10-09 11:00:00+00:00,366.8675,675.458333,,2026-07-08 16:00:00+00:00,2026-10-08 15:00:00+00:00,6,6,bias_adjusted_tso+linear_interpolation,degraded
2026-10-08,2026-10-09 21:19:23+00:00,online,DK2,wind_offshore,persistence,Persistence,daily_persistence,2208,2026-10-09 12:00:00+00:00,535.32925,649.7916665,,2026-07-08 16:00:00+00:00,2026-10-08 15:00:00+00:00,6,6,bias_adjusted_tso+linear_interpolation,degraded
2026-10-08,2026-10-09 21:19:23+00:00,online,DK2,wind_offshore,persistence,Persistence,daily_persistence,2208,2026-10-09 13:00:00+00:00,836.9282499999999,701.0416665,,2026-07-08 16:00:00+00:00,2026-10-08 15:00:00+00:00,6,6,bias_adjusted_tso+linear_interpolation,degraded
2026-10-08,2026-10-09 21:19:23+00:00,online,DK2,wind_offshore,persistence,Persistence,daily_persistence,2208,2026-10-09 14:00:00+00:00,948.3565,753.6666665,,2026-07-08 16:00:00+00:00,2026-10-08 15:00:00+00:00,6,6,bias_adjusted_tso+linear_interpolation,degraded
2026-10-08,2026-10-09 21:19:23+00:00,online,DK2,wind_offshore,persistence,Persistence,daily_persistence,2208,2026-10-09 15:00:00+00:00,945.54675,768.7499995000001,,2026-07-08 16:00:00+00:00,2026-10-08 15:00:00+00:00,6,6,bias_adjusted_tso+linear_interpolation,degraded
2026-10-08,2026-10-09 21:19:23+00:00,online,DK2,wind_offshore,chronos2_online,Chronos2 with covariates,weather_4p+tso_forecast,2208,2026-10-08 16:00:00+00:00,928.55908203125,850.0416662499999,,2026-07-08 16:00:00+00:00,2026-10-08 15:00:00+00:00,6,6,bias_adjusted_tso+linear_interpolation,degraded
2026-10-08,2026-10-09 21:19:23+00:00,online,DK2,wind_offshore,chronos2_online,Chronos2 with covariates,weather_4p+tso_forecast,2208,2026-10-08 17:00:00+00:00,932.11572265625,837.708333,,2026-07-08 16:00:00+00:00,2026-10-08 15:00:00+00:00,6,6,bias_adjusted_tso+linear_interpolation,degraded
2026-10-08,2026-10-09 21:19:23+00:00,online,DK2,wind_offshore,chronos2_online,Chronos2 with covariates,weather_4p+tso_forecast,2208,2026-10-08 18:00:00+00:00,929.1092529296876,837.95833325,,2026-07-08 16:00:00+00:00,2026-10-08 15:00:00+00:00,6,6,bias_adjusted_tso+linear_interpolation,degraded
2026-10-08,2026-10-09 21:19:23+00:00,online,DK2,wind_offshore,chronos2_online,Chronos2 with covariates,weather_4p+tso_forecast,2208,2026-10-08 19:00:00+00:00,917.943359375,839.5416665,,2026-07-08 16:00:00+00:00,2026-10-08 15:00:00+00:00,6,6,bias_adjusted_tso+linear_interpolation,degraded
2026-10-08,2026-10-09 21:19:23+00:00,online,DK2,wind_offshore,chronos2_online,Chronos2 with covariates,weather_4p+tso_forecast,2208,2026-10-08 20:00:00+00:00,918.10107421875,842.25,,2026-07-08 16:00:00+00:00,2026-10-08 15:00:00+00:00,6,6,bias_adjusted_tso+linear_interpolation,degraded
2026-10-08,2026-10-09 21:19:23+00:00,online,DK2,wind_offshore,chronos2_online,Chronos2 with covariates,weather_4p+tso_forecast,2208,2026-10-08 21:00:00+00:00,916.5135498046876,853.208333,,2026-07-08 16:00:00+00:00,2026-10-08 15:00:00+00:00,6,6,bias_adjusted_tso+linear_interpolation,degraded
2026-10-08,2026-10-09 21:19:23+00:00,online,DK2,wind_offshore,chronos2_online,Chronos2 with covariates,weather_4p+tso_forecast,2208,2026-10-08 22:00:00+00:00,920.1956787109376,886.958333,,2026-07-08 16:00:00+00:00,2026-10-08 15:00:00+00:00,6,6,bias_adjusted_tso+linear_interpolation,degraded
2026-10-08,2026-10-09 21:19:23+00:00,online,DK2,wind_offshore,chronos2_online,Chronos2 with covariates,weather_4p+tso_forecast,2208,2026-10-08 23:00:00+00:00,928.6097412109376,894.49999975,,2026-07-08 16:00:00+00:00,2026-10-08 15:00:00+00:00,6,6,bias_adjusted_tso+linear_interpolation,degraded
2026-10-08,2026-10-09 21:19:23+00:00,online,DK2,wind_offshore,chronos2_online,Chronos2 with covariates,weather_4p+tso_forecast,2208,2026-10-09 00:00:00+00:00,938.025634765625,892.12499975,,2026-07-08 16:00:00+00:00,2026-10-08 15:00:00+00:00,6,6,bias_adjusted_tso+linear_interpolation,degraded
2026-10-08,2026-10-09 21:19:23+00:00,online,DK2,wind_offshore,chronos2_online,Chronos2 with covariates,weather_4p+tso_forecast,2208,2026-10-09 01:00:00+00:00,928.5272216796876,887.66666625,,2026-07-08 16:00:00+00:00,2026-10-08 15:00:00+00:00,6,6,bias_adjusted_tso+linear_interpolation,degraded
2026-10-08,2026-10-09 21:19:23+00:00,online,DK2,wind_offshore,chronos2_online,Chronos2 with covariates,weather_4p+tso_forecast,2208,2026-10-09 02:00:00+00:00,927.5872802734376,885.08333325,,2026-07-08 16:00:00+00:00,2026-10-08 15:00:00+00:00,6,6,bias_adjusted_tso+linear_interpolation,degraded
2026-10-08,2026-10-09 21:19:23+00:00,online,DK2,wind_offshore,chronos2_online,Chronos2 with covariates,weather_4p+tso_forecast,2208,2026-10-09 03:00:00+00:00,923.2130126953124,883.49999975,,2026-07-08 16:00:00+00:00,2026-10-08 15:00:00+00:00,6,6,bias_adjusted_tso+linear_interpolation,degraded
2026-10-08,2026-10-09 21:19:23+00:00,online,DK2,wind_offshore,chronos2_online,Chronos2 with covariates,weather_4p+tso_forecast,2208,2026-10-09 04:00:00+00:00,909.712890625,869.583333,,2026-07-08 16:00:00+00:00,2026-10-08 15:00:00+00:00,6,6,bias_adjusted_tso+linear_interpolation,degraded
2026-10-08,2026-10-09 21:19:23+00:00,online,DK2,wind_offshore,chronos2_online,Chronos2 with covariates,weather_4p+tso_forecast,2208,2026-10-09 05:00:00+00:00,891.4544677734375,851.6666665,,2026-07-08 16:00:00+00:00,2026-10-08 15:00:00+00:00,6,6,bias_adjusted_tso+linear_interpolation,degraded
2026-10-08,2026-10-09 21:19:23+00:00,online,DK2,wind_offshore,chronos2_online,Chronos2 with covariates,weather_4p+tso_forecast,2208,2026-10-09 06:00:00+00:00,857.028076171875,823.74999975,,2026-07-08 16:00:00+00:00,2026-10-08 15:00:00+00:00,6,6,bias_adjusted_tso+linear_interpolation,degraded
2026-10-08,2026-10-09 21:19:23+00:00,online,DK2,wind_offshore,chronos2_online,Chronos2 with covariates,weather_4p+tso_forecast,2208,2026-10-09 07:00:00+00:00,777.7596435546875,794.37499975,,2026-07-08 16:00:00+00:00,2026-10-08 15:00:00+00:00,6,6,bias_adjusted_tso+linear_interpolation,degraded
2026-10-08,2026-10-09 21:19:23+00:00,online,DK2,wind_offshore,chronos2_online,Chronos2 with covariates,weather_4p+tso_forecast,2208,2026-10-09 08:00:00+00:00,703.11083984375,769.0416665,,2026-07-08 16:00:00+00:00,2026-10-08 15:00:00+00:00,6,6,bias_adjusted_tso+linear_interpolation,degraded
2026-10-08,2026-10-09 21:19:23+00:00,online,DK2,wind_offshore,chronos2_online,Chronos2 with covariates,weather_4p+tso_forecast,2208,2026-10-09 09:00:00+00:00,480.0105895996094,744.24999975,,2026-07-08 16:00:00+00:00,2026-10-08 15:00:00+00:00,6,6,bias_adjusted_tso+linear_interpolation,degraded
2026-10-08,2026-10-09 21:19:23+00:00,online,DK2,wind_offshore,chronos2_online,Chronos2 with covariates,weather_4p+tso_forecast,2208,2026-10-09 10:00:00+00:00,460.1103515625,727.9166662499999,,2026-07-08 16:00:00+00:00,2026-10-08 15:00:00+00:00,6,6,bias_adjusted_tso+linear_interpolation,degraded
2026-10-08,2026-10-09 21:19:23+00:00,online,DK2,wind_offshore,chronos2_online,Chronos2 with covariates,weather_4p+tso_forecast,2208,2026-10-09 11:00:00+00:00,412.2204284667969,675.458333,,2026-07-08 16:00:00+00:00,2026-10-08 15:00:00+00:00,6,6,bias_adjusted_tso+linear_interpolation,degraded
2026-10-08,2026-10-09 21:19:23+00:00,online,DK2,wind_offshore,chronos2_online,Chronos2 with covariates,weather_4p+tso_forecast,2208,2026-10-09 12:00:00+00:00,365.8569030761719,649.7916665,,2026-07-08 16:00:00+00:00,2026-10-08 15:00:00+00:00,6,6,bias_adjusted_tso+linear_interpolation,degraded
2026-10-08,2026-10-09 21:19:23+00:00,online,DK2,wind_offshore,chronos2_online,Chronos2 with covariates,weather_4p+tso_forecast,2208,2026-10-09 13:00:00+00:00,461.6489868164063,701.0416665,,2026-07-08 16:00:00+00:00,2026-10-08 15:00:00+00:00,6,6,bias_adjusted_tso+linear_interpolation,degraded
2026-10-08,2026-10-09 21:19:23+00:00,online,DK2,wind_offshore,chronos2_online,Chronos2 with covariates,weather_4p+tso_forecast,2208,2026-10-09 14:00:00+00:00,623.9278564453125,753.6666665,,2026-07-08 16:00:00+00:00,2026-10-08 15:00:00+00:00,6,6,bias_adjusted_tso+linear_interpolation,degraded
2026-10-08,2026-10-09 21:19:23+00:00,online,DK2,wind_offshore,chronos2_online,Chronos2 with covariates,weather_4p+tso_forecast,2208,2026-10-09 15:00:00+00:00,742.8718872070312,768.7499995000001,,2026-07-08 16:00:00+00:00,2026-10-08 15:00:00+00:00,6,6,bias_adjusted_tso+linear_interpolation,degraded
2026-10-08,2026-10-09 21:19:23+00:00,online,DK2,wind_offshore,xgboost_online,XGBoost with covariates,weather_4p+tso_forecast,2208,2026-10-08 16:00:00+00:00,916.6522827148438,850.0416662499999,,2026-07-08 16:00:00+00:00,2026-10-08 15:00:00+00:00,6,6,bias_adjusted_tso+linear_interpolation,degraded
2026-10-08,2026-10-09 21:19:23+00:00,online,DK2,wind_offshore,xgboost_online,XGBoost with covariates,weather_4p+tso_forecast,2208,2026-10-08 17:00:00+00:00,902.8251342773438,837.708333,,2026-07-08 16:00:00+00:00,2026-10-08 15:00:00+00:00,6,6,bias_adjusted_tso+linear_interpolation,degraded
2026-10-08,2026-10-09 21:19:23+00:00,online,DK2,wind_offshore,xgboost_online,XGBoost with covariates,weather_4p+tso_forecast,2208,2026-10-08 18:00:00+00:00,917.8590698242188,837.95833325,,2026-07-08 16:00:00+00:00,2026-10-08 15:00:00+00:00,6,6,bias_adjusted_tso+linear_interpolation,degraded
2026-10-08,2026-10-09 21:19:23+00:00,online,DK2,wind_offshore,xgboost_online,XGBoost with covariates,weather_4p+tso_forecast,2208,2026-10-08 19:00:00+00:00,851.9398193359375,839.5416665,,2026-07-08 16:00:00+00:00,2026-10-08 15:00:00+00:00,6,6,bias_adjusted_tso+linear_interpolation,degraded
2026-10-08,2026-10-09 21:19:23+00:00,online,DK2,wind_offshore,xgboost_online,XGBoost with covariates,weather_4p+tso_forecast,2208,2026-10-08 20:00:00+00:00,838.2723999023438,842.25,,2026-07-08 16:00:00+00:00,2026-10-08 15:00:00+00:00,6,6,bias_adjusted_tso+linear_interpolation,degraded
2026-10-08,2026-10-09 21:19:23+00:00,online,DK2,wind_offshore,xgboost_online,XGBoost with covariates,weather_4p+tso_forecast,2208,2026-10-08 21:00:00+00:00,906.790283203125,853.208333,,2026-07-08 16:00:00+00:00,2026-10-08 15:00:00+00:00,6,6,bias_adjusted_tso+linear_interpolation,degraded
2026-10-08,2026-10-09 21:19:23+00:00,online,DK2,wind_offshore,xgboost_online,XGBoost with covariates,weather_4p+tso_forecast,2208,2026-10-08 22:00:00+00:00,918.620849609375,886.958333,,2026-07-08 16:00:00+00:00,2026-10-08 15:00:00+00:00,6,6,bias_adjusted_tso+linear_interpolation,degraded
2026-10-08,2026-10-09 21:19:23+00:00,online,DK2,wind_offshore,xgboost_online,XGBoost with covariates,weather_4p+tso_forecast,2208,2026-10-08 23:00:00+00:00,925.6339111328124,894.49999975,,2026-07-08 16:00:00+00:00,2026-10-08 15:00:00+00:00,6,6,bias_adjusted_tso+linear_interpolation,degraded
2026-10-08,2026-10-09 21:19:23+00:00,online,DK2,wind_offshore,xgboost_online,XGBoost with covariates,weather_4p+tso_forecast,2208,2026-10-09 00:00:00+00:00,877.3932495117188,892.12499975,,2026-07-08 16:00:00+00:00,2026-10-08 15:00:00+00:00,6,6,bias_adjusted_tso+linear_interpolation,degraded
2026-10-08,2026-10-09 21:19:23+00:00,online,DK2,wind_offshore,xgboost_online,XGBoost with covariates,weather_4p+tso_forecast,2208,2026-10-09 01:00:00+00:00,851.8397827148438,887.66666625,,2026-07-08 16:00:00+00:00,2026-10-08 15:00:00+00:00,6,6,bias_adjusted_tso+linear_interpolation,degraded
2026-10-08,2026-10-09 21:19:23+00:00,online,DK2,wind_offshore,xgboost_online,XGBoost with covariates,weather_4p+tso_forecast,2208,2026-10-09 02:00:00+00:00,877.3932495117188,885.08333325,,2026-07-08 16:00:00+00:00,2026-10-08 15:00:00+00:00,6,6,bias_adjusted_tso+linear_interpolation,degraded
2026-10-08,2026-10-09 21:19:23+00:00,online,DK2,wind_offshore,xgboost_online,XGBoost with covariates,weather_4p+tso_forecast,2208,2026-10-09 03:00:00+00:00,879.9468994140625,883.49999975,,2026-07-08 16:00:00+00:00,2026-10-08 15:00:00+00:00,6,6,bias_adjusted_tso+linear_interpolation,degraded
2026-10-08,2026-10-09 21:19:23+00:00,online,DK2,wind_offshore,xgboost_online,XGBoost with covariates,weather_4p+tso_forecast,2208,2026-10-09 04:00:00+00:00,882.2388305664062,869.583333,,2026-07-08 16:00:00+00:00,2026-10-08 15:00:00+00:00,6,6,bias_adjusted_tso+linear_interpolation,degraded
2026-10-08,2026-10-09 21:19:23+00:00,online,DK2,wind_offshore,xgboost_online,XGBoost with covariates,weather_4p+tso_forecast,2208,2026-10-09 05:00:00+00:00,847.6727905273438,851.6666665,,2026-07-08 16:00:00+00:00,2026-10-08 15:00:00+00:00,6,6,bias_adjusted_tso+linear_interpolation,degraded
2026-10-08,2026-10-09 21:19:23+00:00,online,DK2,wind_offshore,xgboost_online,XGBoost with covariates,weather_4p+tso_forecast,2208,2026-10-09 06:00:00+00:00,839.90380859375,823.74999975,,2026-07-08 16:00:00+00:00,2026-10-08 15:00:00+00:00,6,6,bias_adjusted_tso+linear_interpolation,degraded
2026-10-08,2026-10-09 21:19:23+00:00,online,DK2,wind_offshore,xgboost_online,XGBoost with covariates,weather_4p+tso_forecast,2208,2026-10-09 07:00:00+00:00,754.7764282226562,794.37499975,,2026-07-08 16:00:00+00:00,2026-10-08 15:00:00+00:00,6,6,bias_adjusted_tso+linear_interpolation,degraded
2026-10-08,2026-10-09 21:19:23+00:00,online,DK2,wind_offshore,xgboost_online,XGBoost with covariates,weather_4p+tso_forecast,2208,2026-10-09 08:00:00+00:00,623.0808715820312,769.0416665,,2026-07-08 16:00:00+00:00,2026-10-08 15:00:00+00:00,6,6,bias_adjusted_tso+linear_interpolation,degraded
2026-10-08,2026-10-09 21:19:23+00:00,online,DK2,wind_offshore,xgboost_online,XGBoost with covariates,weather_4p+tso_forecast,2208,2026-10-09 09:00:00+00:00,574.5836181640625,744.24999975,,2026-07-08 16:00:00+00:00,2026-10-08 15:00:00+00:00,6,6,bias_adjusted_tso+linear_interpolation,degraded
2026-10-08,2026-10-09 21:19:23+00:00,online,DK2,wind_offshore,xgboost_online,XGBoost with covariates,weather_4p+tso_forecast,2208,2026-10-09 10:00:00+00:00,612.176513671875,727.9166662499999,,2026-07-08 16:00:00+00:00,2026-10-08 15:00:00+00:00,6,6,bias_adjusted_tso+linear_interpolation,degraded
2026-10-08,2026-10-09 21:19:23+00:00,online,DK2,wind_offshore,xgboost_online,XGBoost with covariates,weather_4p+tso_forecast,2208,2026-10-09 11:00:00+00:00,600.5508422851562,675.458333,,2026-07-08 16:00:00+00:00,2026-10-08 15:00:00+00:00,6,6,bias_adjusted_tso+linear_interpolation,degraded
2026-10-08,2026-10-09 21:19:23+00:00,online,DK2,wind_offshore,xgboost_online,XGBoost with covariates,weather_4p+tso_forecast,2208,2026-10-09 12:00:00+00:00,595.9794921875,649.7916665,,2026-07-08 16:00:00+00:00,2026-10-08 15:00:00+00:00,6,6,bias_adjusted_tso+linear_interpolation,degraded
2026-10-08,2026-10-09 21:19:23+00:00,online,DK2,wind_offshore,xgboost_online,XGBoost with covariates,weather_4p+tso_forecast,2208,2026-10-09 13:00:00+00:00,610.4678344726562,701.0416665,,2026-07-08 16:00:00+00:00,2026-10-08 15:00:00+00:00,6,6,bias_adjusted_tso+linear_interpolation,degraded
2026-10-08,2026-10-09 21:19:23+00:00,online,DK2,wind_offshore,xgboost_online,XGBoost with covariates,weather_4p+tso_forecast,2208,2026-10-09 14:00:00+00:00,664.3212890625,753.6666665,,2026-07-08 16:00:00+00:00,2026-10-08 15:00:00+00:00,6,6,bias_adjusted_tso+linear_interpolation,degraded
2026-10-08,2026-10-09 21:19:23+00:00,online,DK2,wind_offshore,xgboost_online,XGBoost with covariates,weather_4p+tso_forecast,2208,2026-10-09 15:00:00+00:00,824.4295043945312,768.7499995000001,,2026-07-08 16:00:00+00:00,2026-10-08 15:00:00+00:00,6,6,bias_adjusted_tso+linear_interpolation,degraded
2026-10-08,2026-10-09 21:19:23+00:00,online,ES,load,tso_reference,TSO forecast,tso_forecast,2208,2026-10-08 16:00:00+00:00,29004.75,29004.75,,2026-07-08 16:00:00+00:00,2026-10-08 15:00:00+00:00,0,0,none,complete
2026-10-08,2026-10-09 21:19:23+00:00,online,ES,load,tso_reference,TSO forecast,tso_forecast,2208,2026-10-08 17:00:00+00:00,29928.75,29928.75,,2026-07-08 16:00:00+00:00,2026-10-08 15:00:00+00:00,0,0,none,complete
2026-10-08,2026-10-09 21:19:23+00:00,online,ES,load,tso_reference,TSO forecast,tso_forecast,2208,2026-10-08 18:00:00+00:00,31789.0,31789.0,,2026-07-08 16:00:00+00:00,2026-10-08 15:00:00+00:00,0,0,none,complete
2026-10-08,2026-10-09 21:19:23+00:00,online,ES,load,tso_reference,TSO forecast,tso_forecast,2208,2026-10-08 19:00:00+00:00,30757.25,30757.25,,2026-07-08 16:00:00+00:00,2026-10-08 15:00:00+00:00,0,0,none,complete
2026-10-08,2026-10-09 21:19:23+00:00,online,ES,load,tso_reference,TSO forecast,tso_forecast,2208,2026-10-08 20:00:00+00:00,27778.5,27778.5,,2026-07-08 16:00:00+00:00,2026-10-08 15:00:00+00:00,0,0,none,complete
2026-10-08,2026-10-09 21:19:23+00:00,online,ES,load,tso_reference,TSO forecast,tso_forecast,2208,2026-10-08 21:00:00+00:00,25403.5,25403.5,,2026-07-08 16:00:00+00:00,2026-10-08 15:00:00+00:00,0,0,none,complete
2026-10-08,2026-10-09 21:19:23+00:00,online,ES,load,tso_reference,TSO forecast,tso_forecast,2208,2026-10-08 22:00:00+00:00,23701.75,23701.75,,2026-07-08 16:00:00+00:00,2026-10-08 15:00:00+00:00,0,0,none,complete
2026-10-08,2026-10-09 21:19:23+00:00,online,ES,load,tso_reference,TSO forecast,tso_forecast,2208,2026-10-08 23:00:00+00:00,22615.0,22615.0,,2026-07-08 16:00:00+00:00,2026-10-08 15:00:00+00:00,0,0,none,complete
2026-10-08,2026-10-09 21:19:23+00:00,online,ES,load,tso_reference,TSO forecast,tso_forecast,2208,2026-10-09 00:00:00+00:00,21782.0,21782.0,,2026-07-08 16:00:00+00:00,2026-10-08 15:00:00+00:00,0,0,none,complete
2026-10-08,2026-10-09 21:19:23+00:00,online,ES,load,tso_reference,TSO forecast,tso_forecast,2208,2026-10-09 01:00:00+00:00,21464.25,21464.25,,2026-07-08 16:00:00+00:00,2026-10-08 15:00:00+00:00,0,0,none,complete
2026-10-08,2026-10-09 21:19:23+00:00,online,ES,load,tso_reference,TSO forecast,tso_forecast,2208,2026-10-09 02:00:00+00:00,21295.25,21295.25,,2026-07-08 16:00:00+00:00,2026-10-08 15:00:00+00:00,0,0,none,complete
2026-10-08,2026-10-09 21:19:23+00:00,online,ES,load,tso_reference,TSO forecast,tso_forecast,2208,2026-10-09 03:00:00+00:00,21775.75,21775.75,,2026-07-08 16:00:00+00:00,2026-10-08 15:00:00+00:00,0,0,none,complete
2026-10-08,2026-10-09 21:19:23+00:00,online,ES,load,tso_reference,TSO forecast,tso_forecast,2208,2026-10-09 04:00:00+00:00,24045.5,24045.5,,2026-07-08 16:00:00+00:00,2026-10-08 15:00:00+00:00,0,0,none,complete
2026-10-08,2026-10-09 21:19:23+00:00,online,ES,load,tso_reference,TSO forecast,tso_forecast,2208,2026-10-09 05:00:00+00:00,27415.5,27415.5,,2026-07-08 16:00:00+00:00,2026-10-08 15:00:00+00:00,0,0,none,complete
2026-10-08,2026-10-09 21:19:23+00:00,online,ES,load,tso_reference,TSO forecast,tso_forecast,2208,2026-10-09 06:00:00+00:00,28658.75,28658.75,,2026-07-08 16:00:00+00:00,2026-10-08 15:00:00+00:00,0,0,none,complete
2026-10-08,2026-10-09 21:19:23+00:00,online,ES,load,tso_reference,TSO forecast,tso_forecast,2208,2026-10-09 07:00:00+00:00,28659.5,28659.5,,2026-07-08 16:00:00+00:00,2026-10-08 15:00:00+00:00,0,0,none,complete
2026-10-08,2026-10-09 21:19:23+00:00,online,ES,load,tso_reference,TSO forecast,tso_forecast,2208,2026-10-09 08:00:00+00:00,28255.25,28255.25,,2026-07-08 16:00:00+00:00,2026-10-08 15:00:00+00:00,0,0,none,complete
2026-10-08,2026-10-09 21:19:23+00:00,online,ES,load,tso_reference,TSO forecast,tso_forecast,2208,2026-10-09 09:00:00+00:00,27616.25,27616.25,,2026-07-08 16:00:00+00:00,2026-10-08 15:00:00+00:00,0,0,none,complete
2026-10-08,2026-10-09 21:19:23+00:00,online,ES,load,tso_reference,TSO forecast,tso_forecast,2208,2026-10-09 10:00:00+00:00,27384.0,27384.0,,2026-07-08 16:00:00+00:00,2026-10-08 15:00:00+00:00,0,0,none,complete
2026-10-08,2026-10-09 21:19:23+00:00,online,ES,load,tso_reference,TSO forecast,tso_forecast,2208,2026-10-09 11:00:00+00:00,27364.25,27364.25,,2026-07-08 16:00:00+00:00,2026-10-08 15:00:00+00:00,0,0,none,complete
2026-10-08,2026-10-09 21:19:23+00:00,online,ES,load,tso_reference,TSO forecast,tso_forecast,2208,2026-10-09 12:00:00+00:00,26703.0,26703.0,,2026-07-08 16:00:00+00:00,2026-10-08 15:00:00+00:00,0,0,none,complete
2026-10-08,2026-10-09 21:19:23+00:00,online,ES,load,tso_reference,TSO forecast,tso_forecast,2208,2026-10-09 13:00:00+00:00,26123.0,26123.0,,2026-07-08 16:00:00+00:00,2026-10-08 15:00:00+00:00,0,0,none,complete
2026-10-08,2026-10-09 21:19:23+00:00,online,ES,load,tso_reference,TSO forecast,tso_forecast,2208,2026-10-09 14:00:00+00:00,26202.5,26202.5,,2026-07-08 16:00:00+00:00,2026-10-08 15:00:00+00:00,0,0,none,complete
2026-10-08,2026-10-09 21:19:23+00:00,online,ES,load,tso_reference,TSO forecast,tso_forecast,2208,2026-10-09 15:00:00+00:00,27032.25,27032.25,,2026-07-08 16:00:00+00:00,2026-10-08 15:00:00+00:00,0,0,none,complete
2026-10-08,2026-10-09 21:19:23+00:00,online,ES,load,persistence,Persistence,weekly_persistence,2208,2026-10-08 16:00:00+00:00,30352.0,29004.75,,2026-07-08 16:00:00+00:00,2026-10-08 15:00:00+00:00,0,0,none,complete
2026-10-08,2026-10-09 21:19:23+00:00,online,ES,load,persistence,Persistence,weekly_persistence,2208,2026-10-08 17:00:00+00:00,30969.33333333333,29928.75,,2026-07-08 16:00:00+00:00,2026-10-08 15:00:00+00:00,0,0,none,complete
2026-10-08,2026-10-09 21:19:23+00:00,online,ES,load,persistence,Persistence,weekly_persistence,2208,2026-10-08 18:00:00+00:00,32470.0,31789.0,,2026-07-08 16:00:00+00:00,2026-10-08 15:00:00+00:00,0,0,none,complete
2026-10-08,2026-10-09 21:19:23+00:00,online,ES,load,persistence,Persistence,weekly_persistence,2208,2026-10-08 19:00:00+00:00,31138.666666666668,30757.25,,2026-07-08 16:00:00+00:00,2026-10-08 15:00:00+00:00,0,0,none,complete
2026-10-08,2026-10-09 21:19:23+00:00,online,ES,load,persistence,Persistence,weekly_persistence,2208,2026-10-08 20:00:00+00:00,28586.0,27778.5,,2026-07-08 16:00:00+00:00,2026-10-08 15:00:00+00:00,0,0,none,complete
2026-10-08,2026-10-09 21:19:23+00:00,online,ES,load,persistence,Persistence,weekly_persistence,2208,2026-10-08 21:00:00+00:00,26196.0,25403.5,,2026-07-08 16:00:00+00:00,2026-10-08 15:00:00+00:00,0,0,none,complete
2026-10-08,2026-10-09 21:19:23+00:00,online,ES,load,persistence,Persistence,weekly_persistence,2208,2026-10-08 22:00:00+00:00,24170.0,23701.75,,2026-07-08 16:00:00+00:00,2026-10-08 15:00:00+00:00,0,0,none,complete
2026-10-08,2026-10-09 21:19:23+00:00,online,ES,load,persistence,Persistence,weekly_persistence,2208,2026-10-08 23:00:00+00:00,23437.33333333333,22615.0,,2026-07-08 16:00:00+00:00,2026-10-08 15:00:00+00:00,0,0,none,complete
2026-10-08,2026-10-09 21:19:23+00:00,online,ES,load,persistence,Persistence,weekly_persistence,2208,2026-10-09 00:00:00+00:00,22508.0,21782.0,,2026-07-08 16:00:00+00:00,2026-10-08 15:00:00+00:00,0,0,none,complete
2026-10-08,2026-10-09 21:19:23+00:00,online,ES,load,persistence,Persistence,weekly_persistence,2208,2026-10-09 01:00:00+00:00,22254.666666666668,21464.25,,2026-07-08 16:00:00+00:00,2026-10-08 15:00:00+00:00,0,0,none,complete
2026-10-08,2026-10-09 21:19:23+00:00,online,ES,load,persistence,Persistence,weekly_persistence,2208,2026-10-09 02:00:00+00:00,22170.666666666668,21295.25,,2026-07-08 16:00:00+00:00,2026-10-08 15:00:00+00:00,0,0,none,complete
2026-10-08,2026-10-09 21:19:23+00:00,online,ES,load,persistence,Persistence,weekly_persistence,2208,2026-10-09 03:00:00+00:00,22635.0,21775.75,,2026-07-08 16:00:00+00:00,2026-10-08 15:00:00+00:00,0,0,none,complete
2026-10-08,2026-10-09 21:19:23+00:00,online,ES,load,persistence,Persistence,weekly_persistence,2208,2026-10-09 04:00:00+00:00,25379.0,24045.5,,2026-07-08 16:00:00+00:00,2026-10-08 15:00:00+00:00,0,0,none,complete
2026-10-08,2026-10-09 21:19:23+00:00,online,ES,load,persistence,Persistence,weekly_persistence,2208,2026-10-09 05:00:00+00:00,28948.0,27415.5,,2026-07-08 16:00:00+00:00,2026-10-08 15:00:00+00:00,0,0,none,complete
2026-10-08,2026-10-09 21:19:23+00:00,online,ES,load,persistence,Persistence,weekly_persistence,2208,2026-10-09 06:00:00+00:00,30738.0,28658.75,,2026-07-08 16:00:00+00:00,2026-10-08 15:00:00+00:00,0,0,none,complete
2026-10-08,2026-10-09 21:19:23+00:00,online,ES,load,persistence,Persistence,weekly_persistence,2208,2026-10-09 07:00:00+00:00,31156.0,28659.5,,2026-07-08 16:00:00+00:00,2026-10-08 15:00:00+00:00,0,0,none,complete
2026-10-08,2026-10-09 21:19:23+00:00,online,ES,load,persistence,Persistence,weekly_persistence,2208,2026-10-09 08:00:00+00:00,31196.0,28255.25,,2026-07-08 16:00:00+00:00,2026-10-08 15:00:00+00:00,0,0,none,complete
2026-10-08,2026-10-09 21:19:23+00:00,online,ES,load,persistence,Persistence,weekly_persistence,2208,2026-10-09 09:00:00+00:00,31234.666666666668,27616.25,,2026-07-08 16:00:00+00:00,2026-10-08 15:00:00+00:00,0,0,none,complete
2026-10-08,2026-10-09 21:19:23+00:00,online,ES,load,persistence,Persistence,weekly_persistence,2208,2026-10-09 10:00:00+00:00,31439.0,27384.0,,2026-07-08 16:00:00+00:00,2026-10-08 15:00:00+00:00,0,0,none,complete
2026-10-08,2026-10-09 21:19:23+00:00,online,ES,load,persistence,Persistence,weekly_persistence,2208,2026-10-09 11:00:00+00:00,31489.0,27364.25,,2026-07-08 16:00:00+00:00,2026-10-08 15:00:00+00:00,0,0,none,complete
2026-10-08,2026-10-09 21:19:23+00:00,online,ES,load,persistence,Persistence,weekly_persistence,2208,2026-10-09 12:00:00+00:00,31097.0,26703.0,,2026-07-08 16:00:00+00:00,2026-10-08 15:00:00+00:00,0,0,none,complete
2026-10-08,2026-10-09 21:19:23+00:00,online,ES,load,persistence,Persistence,weekly_persistence,2208,2026-10-09 13:00:00+00:00,30004.0,26123.0,,2026-07-08 16:00:00+00:00,2026-10-08 15:00:00+00:00,0,0,none,complete
2026-10-08,2026-10-09 21:19:23+00:00,online,ES,load,persistence,Persistence,weekly_persistence,2208,2026-10-09 14:00:00+00:00,29888.0,26202.5,,2026-07-08 16:00:00+00:00,2026-10-08 15:00:00+00:00,0,0,none,complete
2026-10-08,2026-10-09 21:19:23+00:00,online,ES,load,persistence,Persistence,weekly_persistence,2208,2026-10-09 15:00:00+00:00,30101.33333333333,27032.25,,2026-07-08 16:00:00+00:00,2026-10-08 15:00:00+00:00,0,0,none,complete
2026-10-08,2026-10-09 21:19:23+00:00,online,ES,load,ridge_3mo_context,Ridge with covariates,Wind+tso_forecast,2208,2026-10-08 16:00:00+00:00,28680.18119863913,29004.75,,2026-07-08 16:00:00+00:00,2026-10-08 15:00:00+00:00,0,0,none,complete
2026-10-08,2026-10-09 21:19:23+00:00,online,ES,load,ridge_3mo_context,Ridge with covariates,Wind+tso_forecast,2208,2026-10-08 17:00:00+00:00,29602.557364668766,29928.75,,2026-07-08 16:00:00+00:00,2026-10-08 15:00:00+00:00,0,0,none,complete
2026-10-08,2026-10-09 21:19:23+00:00,online,ES,load,ridge_3mo_context,Ridge with covariates,Wind+tso_forecast,2208,2026-10-08 18:00:00+00:00,31480.48537233281,31789.0,,2026-07-08 16:00:00+00:00,2026-10-08 15:00:00+00:00,0,0,none,complete
2026-10-08,2026-10-09 21:19:23+00:00,online,ES,load,ridge_3mo_context,Ridge with covariates,Wind+tso_forecast,2208,2026-10-08 19:00:00+00:00,30498.33395687923,30757.25,,2026-07-08 16:00:00+00:00,2026-10-08 15:00:00+00:00,0,0,none,complete
2026-10-08,2026-10-09 21:19:23+00:00,online,ES,load,ridge_3mo_context,Ridge with covariates,Wind+tso_forecast,2208,2026-10-08 20:00:00+00:00,27535.587949360342,27778.5,,2026-07-08 16:00:00+00:00,2026-10-08 15:00:00+00:00,0,0,none,complete
2026-10-08,2026-10-09 21:19:23+00:00,online,ES,load,ridge_3mo_context,Ridge with covariates,Wind+tso_forecast,2208,2026-10-08 21:00:00+00:00,25164.095296803844,25403.5,,2026-07-08 16:00:00+00:00,2026-10-08 15:00:00+00:00,0,0,none,complete
2026-10-08,2026-10-09 21:19:23+00:00,online,ES,load,ridge_3mo_context,Ridge with covariates,Wind+tso_forecast,2208,2026-10-08 22:00:00+00:00,23441.229062665465,23701.75,,2026-07-08 16:00:00+00:00,2026-10-08 15:00:00+00:00,0,0,none,complete
2026-10-08,2026-10-09 21:19:23+00:00,online,ES,load,ridge_3mo_context,Ridge with covariates,Wind+tso_forecast,2208,2026-10-08 23:00:00+00:00,22311.61835085386,22615.0,,2026-07-08 16:00:00+00:00,2026-10-08 15:00:00+00:00,0,0,none,complete
2026-10-08,2026-10-09 21:19:23+00:00,online,ES,load,ridge_3mo_context,Ridge with covariates,Wind+tso_forecast,2208,2026-10-09 00:00:00+00:00,21396.257793981214,21782.0,,2026-07-08 16:00:00+00:00,2026-10-08 15:00:00+00:00,0,0,none,complete
2026-10-08,2026-10-09 21:19:23+00:00,online,ES,load,ridge_3mo_context,Ridge with covariates,Wind+tso_forecast,2208,2026-10-09 01:00:00+00:00,21118.80023674865,21464.25,,2026-07-08 16:00:00+00:00,2026-10-08 15:00:00+00:00,0,0,none,complete
2026-10-08,2026-10-09 21:19:23+00:00,online,ES,load,ridge_3mo_context,Ridge with covariates,Wind+tso_forecast,2208,2026-10-09 02:00:00+00:00,20970.18581909506,21295.25,,2026-07-08 16:00:00+00:00,2026-10-08 15:00:00+00:00,0,0,none,complete
2026-10-08,2026-10-09 21:19:23+00:00,online,ES,load,ridge_3mo_context,Ridge with covariates,Wind+tso_forecast,2208,2026-10-09 03:00:00+00:00,21454.25419776261,21775.75,,2026-07-08 16:00:00+00:00,2026-10-08 15:00:00+00:00,0,0,none,complete
2026-10-08,2026-10-09 21:19:23+00:00,online,ES,load,ridge_3mo_context,Ridge with covariates,Wind+tso_forecast,2208,2026-10-09 04:00:00+00:00,23720.175278108545,24045.5,,2026-07-08 16:00:00+00:00,2026-10-08 15:00:00+00:00,0,0,none,complete
2026-10-08,2026-10-09 21:19:23+00:00,online,ES,load,ridge_3mo_context,Ridge with covariates,Wind+tso_forecast,2208,2026-10-09 05:00:00+00:00,27080.346136749376,27415.5,,2026-07-08 16:00:00+00:00,2026-10-08 15:00:00+00:00,0,0,none,complete
2026-10-08,2026-10-09 21:19:23+00:00,online,ES,load,ridge_3mo_context,Ridge with covariates,Wind+tso_forecast,2208,2026-10-09 06:00:00+00:00,28348.88529483056,28658.75,,2026-07-08 16:00:00+00:00,2026-10-08 15:00:00+00:00,0,0,none,complete
2026-10-08,2026-10-09 21:19:23+00:00,online,ES,load,ridge_3mo_context,Ridge with covariates,Wind+tso_forecast,2208,2026-10-09 07:00:00+00:00,28377.443671222136,28659.5,,2026-07-08 16:00:00+00:00,2026-10-08 15:00:00+00:00,0,0,none,complete
2026-10-08,2026-10-09 21:19:23+00:00,online,ES,load,ridge_3mo_context,Ridge with covariates,Wind+tso_forecast,2208,2026-10-09 08:00:00+00:00,27978.56131405013,28255.25,,2026-07-08 16:00:00+00:00,2026-10-08 15:00:00+00:00,0,0,none,complete
2026-10-08,2026-10-09 21:19:23+00:00,online,ES,load,ridge_3mo_context,Ridge with covariates,Wind+tso_forecast,2208,2026-10-09 09:00:00+00:00,27336.996501706428,27616.25,,2026-07-08 16:00:00+00:00,2026-10-08 15:00:00+00:00,0,0,none,complete
2026-10-08,2026-10-09 21:19:23+00:00,online,ES,load,ridge_3mo_context,Ridge with covariates,Wind+tso_forecast,2208,2026-10-09 10:00:00+00:00,27093.486756461894,27384.0,,2026-07-08 16:00:00+00:00,2026-10-08 15:00:00+00:00,0,0,none,complete
2026-10-08,2026-10-09 21:19:23+00:00,online,ES,load,ridge_3mo_context,Ridge with covariates,Wind+tso_forecast,2208,2026-10-09 11:00:00+00:00,27088.50175705768,27364.25,,2026-07-08 16:00:00+00:00,2026-10-08 15:00:00+00:00,0,0,none,complete
2026-10-08,2026-10-09 21:19:23+00:00,online,ES,load,ridge_3mo_context,Ridge with covariates,Wind+tso_forecast,2208,2026-10-09 12:00:00+00:00,26449.539572395093,26703.0,,2026-07-08 16:00:00+00:00,2026-10-08 15:00:00+00:00,0,0,none,complete
2026-10-08,2026-10-09 21:19:23+00:00,online,ES,load,ridge_3mo_context,Ridge with covariates,Wind+tso_forecast,2208,2026-10-09 13:00:00+00:00,25869.97317339218,26123.0,,2026-07-08 16:00:00+00:00,2026-10-08 15:00:00+00:00,0,0,none,complete
2026-10-08,2026-10-09 21:19:23+00:00,online,ES,load,ridge_3mo_context,Ridge with covariates,Wind+tso_forecast,2208,2026-10-09 14:00:00+00:00,25941.1224494067,26202.5,,2026-07-08 16:00:00+00:00,2026-10-08 15:00:00+00:00,0,0,none,complete
2026-10-08,2026-10-09 21:19:23+00:00,online,ES,load,ridge_3mo_context,Ridge with covariates,Wind+tso_forecast,2208,2026-10-09 15:00:00+00:00,26834.95183908621,27032.25,,2026-07-08 16:00:00+00:00,2026-10-08 15:00:00+00:00,0,0,none,complete
2026-10-08,2026-10-09 21:19:23+00:00,online,ES,load,chronos2_online,Chronos2 with covariates,deg_proxy+tso_forecast,2208,2026-10-08 16:00:00+00:00,28379.103515625,29004.75,,2026-07-08 16:00:00+00:00,2026-10-08 15:00:00+00:00,0,0,none,complete
2026-10-08,2026-10-09 21:19:23+00:00,online,ES,load,chronos2_online,Chronos2 with covariates,deg_proxy+tso_forecast,2208,2026-10-08 17:00:00+00:00,29386.27734375,29928.75,,2026-07-08 16:00:00+00:00,2026-10-08 15:00:00+00:00,0,0,none,complete
2026-10-08,2026-10-09 21:19:23+00:00,online,ES,load,chronos2_online,Chronos2 with covariates,deg_proxy+tso_forecast,2208,2026-10-08 18:00:00+00:00,30612.318359375,31789.0,,2026-07-08 16:00:00+00:00,2026-10-08 15:00:00+00:00,0,0,none,complete
2026-10-08,2026-10-09 21:19:23+00:00,online,ES,load,chronos2_online,Chronos2 with covariates,deg_proxy+tso_forecast,2208,2026-10-08 19:00:00+00:00,29709.78515625,30757.25,,2026-07-08 16:00:00+00:00,2026-10-08 15:00:00+00:00,0,0,none,complete
2026-10-08,2026-10-09 21:19:23+00:00,online,ES,load,chronos2_online,Chronos2 with covariates,deg_proxy+tso_forecast,2208,2026-10-08 20:00:00+00:00,27326.583984375,27778.5,,2026-07-08 16:00:00+00:00,2026-10-08 15:00:00+00:00,0,0,none,complete
2026-10-08,2026-10-09 21:19:23+00:00,online,ES,load,chronos2_online,Chronos2 with covariates,deg_proxy+tso_forecast,2208,2026-10-08 21:00:00+00:00,25432.490234375,25403.5,,2026-07-08 16:00:00+00:00,2026-10-08 15:00:00+00:00,0,0,none,complete
2026-10-08,2026-10-09 21:19:23+00:00,online,ES,load,chronos2_online,Chronos2 with covariates,deg_proxy+tso_forecast,2208,2026-10-08 22:00:00+00:00,24002.90625,23701.75,,2026-07-08 16:00:00+00:00,2026-10-08 15:00:00+00:00,0,0,none,complete
2026-10-08,2026-10-09 21:19:23+00:00,online,ES,load,chronos2_online,Chronos2 with covariates,deg_proxy+tso_forecast,2208,2026-10-08 23:00:00+00:00,22979.85546875,22615.0,,2026-07-08 16:00:00+00:00,2026-10-08 15:00:00+00:00,0,0,none,complete
2026-10-08,2026-10-09 21:19:23+00:00,online,ES,load,chronos2_online,Chronos2 with covariates,deg_proxy+tso_forecast,2208,2026-10-09 00:00:00+00:00,22087.75390625,21782.0,,2026-07-08 16:00:00+00:00,2026-10-08 15:00:00+00:00,0,0,none,complete
2026-10-08,2026-10-09 21:19:23+00:00,online,ES,load,chronos2_online,Chronos2 with covariates,deg_proxy+tso_forecast,2208,2026-10-09 01:00:00+00:00,21808.064453125,21464.25,,2026-07-08 16:00:00+00:00,2026-10-08 15:00:00+00:00,0,0,none,complete
2026-10-08,2026-10-09 21:19:23+00:00,online,ES,load,chronos2_online,Chronos2 with covariates,deg_proxy+tso_forecast,2208,2026-10-09 02:00:00+00:00,21642.59765625,21295.25,,2026-07-08 16:00:00+00:00,2026-10-08 15:00:00+00:00,0,0,none,complete
2026-10-08,2026-10-09 21:19:23+00:00,online,ES,load,chronos2_online,Chronos2 with covariates,deg_proxy+tso_forecast,2208,2026-10-09 03:00:00+00:00,22298.43359375,21775.75,,2026-07-08 16:00:00+00:00,2026-10-08 15:00:00+00:00,0,0,none,complete
2026-10-08,2026-10-09 21:19:23+00:00,online,ES,load,chronos2_online,Chronos2 with covariates,deg_proxy+tso_forecast,2208,2026-10-09 04:00:00+00:00,24777.6640625,24045.5,,2026-07-08 16:00:00+00:00,2026-10-08 15:00:00+00:00,0,0,none,complete
2026-10-08,2026-10-09 21:19:23+00:00,online,ES,load,chronos2_online,Chronos2 with covariates,deg_proxy+tso_forecast,2208,2026-10-09 05:00:00+00:00,28038.009765625,27415.5,,2026-07-08 16:00:00+00:00,2026-10-08 15:00:00+00:00,0,0,none,complete
2026-10-08,2026-10-09 21:19:23+00:00,online,ES,load,chronos2_online,Chronos2 with covariates,deg_proxy+tso_forecast,2208,2026-10-09 06:00:00+00:00,29417.302734375,28658.75,,2026-07-08 16:00:00+00:00,2026-10-08 15:00:00+00:00,0,0,none,complete
2026-10-08,2026-10-09 21:19:23+00:00,online,ES,load,chronos2_online,Chronos2 with covariates,deg_proxy+tso_forecast,2208,2026-10-09 07:00:00+00:00,29394.37890625,28659.5,,2026-07-08 16:00:00+00:00,2026-10-08 15:00:00+00:00,0,0,none,complete
2026-10-08,2026-10-09 21:19:23+00:00,online,ES,load,chronos2_online,Chronos2 with covariates,deg_proxy+tso_forecast,2208,2026-10-09 08:00:00+00:00,28753.037109375,28255.25,,2026-07-08 16:00:00+00:00,2026-10-08 15:00:00+00:00,0,0,none,complete
2026-10-08,2026-10-09 21:19:23+00:00,online,ES,load,chronos2_online,Chronos2 with covariates,deg_proxy+tso_forecast,2208,2026-10-09 09:00:00+00:00,27179.185546875,27616.25,,2026-07-08 16:00:00+00:00,2026-10-08 15:00:00+00:00,0,0,none,complete
2026-10-08,2026-10-09 21:19:23+00:00,online,ES,load,chronos2_online,Chronos2 with covariates,deg_proxy+tso_forecast,2208,2026-10-09 10:00:00+00:00,25888.501953125,27384.0,,2026-07-08 16:00:00+00:00,2026-10-08 15:00:00+00:00,0,0,none,complete
2026-10-08,2026-10-09 21:19:23+00:00,online,ES,load,chronos2_online,Chronos2 with covariates,deg_proxy+tso_forecast,2208,2026-10-09 11:00:00+00:00,25697.17578125,27364.25,,2026-07-08 16:00:00+00:00,2026-10-08 15:00:00+00:00,0,0,none,complete
2026-10-08,2026-10-09 21:19:23+00:00,online,ES,load,chronos2_online,Chronos2 with covariates,deg_proxy+tso_forecast,2208,2026-10-09 12:00:00+00:00,25588.1875,26703.0,,2026-07-08 16:00:00+00:00,2026-10-08 15:00:00+00:00,0,0,none,complete
2026-10-08,2026-10-09 21:19:23+00:00,online,ES,load,chronos2_online,Chronos2 with covariates,deg_proxy+tso_forecast,2208,2026-10-09 13:00:00+00:00,25438.076171875,26123.0,,2026-07-08 16:00:00+00:00,2026-10-08 15:00:00+00:00,0,0,none,complete
2026-10-08,2026-10-09 21:19:23+00:00,online,ES,load,chronos2_online,Chronos2 with covariates,deg_proxy+tso_forecast,2208,2026-10-09 14:00:00+00:00,25969.36328125,26202.5,,2026-07-08 16:00:00+00:00,2026-10-08 15:00:00+00:00,0,0,none,complete
2026-10-08,2026-10-09 21:19:23+00:00,online,ES,load,chronos2_online,Chronos2 with covariates,deg_proxy+tso_forecast,2208,2026-10-09 15:00:00+00:00,27145.333984375,27032.25,,2026-07-08 16:00:00+00:00,2026-10-08 15:00:00+00:00,0,0,none,complete
2026-10-08,2026-10-09 21:19:23+00:00,online,ES,solar,tso_reference,TSO forecast,tso_forecast,2208,2026-10-08 16:00:00+00:00,11592.75,11592.75,,2026-07-08 16:00:00+00:00,2026-10-08 15:00:00+00:00,0,0,none,complete
2026-10-08,2026-10-09 21:19:23+00:00,online,ES,solar,tso_reference,TSO forecast,tso_forecast,2208,2026-10-08 17:00:00+00:00,3585.0,3585.0,,2026-07-08 16:00:00+00:00,2026-10-08 15:00:00+00:00,0,0,none,complete
2026-10-08,2026-10-09 21:19:23+00:00,online,ES,solar,tso_reference,TSO forecast,tso_forecast,2208,2026-10-08 18:00:00+00:00,437.5,437.5,,2026-07-08 16:00:00+00:00,2026-10-08 15:00:00+00:00,0,0,none,complete
2026-10-08,2026-10-09 21:19:23+00:00,online,ES,solar,tso_reference,TSO forecast,tso_forecast,2208,2026-10-08 19:00:00+00:00,342.25,342.25,,2026-07-08 16:00:00+00:00,2026-10-08 15:00:00+00:00,0,0,none,complete
2026-10-08,2026-10-09 21:19:23+00:00,online,ES,solar,tso_reference,TSO forecast,tso_forecast,2208,2026-10-08 20:00:00+00:00,239.5,239.5,,2026-07-08 16:00:00+00:00,2026-10-08 15:00:00+00:00,0,0,none,complete
2026-10-08,2026-10-09 21:19:23+00:00,online,ES,solar,tso_reference,TSO forecast,tso_forecast,2208,2026-10-08 21:00:00+00:00,191.25,191.25,,2026-07-08 16:00:00+00:00,2026-10-08 15:00:00+00:00,0,0,none,complete
2026-10-08,2026-10-09 21:19:23+00:00,online,ES,solar,tso_reference,TSO forecast,tso_forecast,2208,2026-10-08 22:00:00+00:00,186.75,186.75,,2026-07-08 16:00:00+00:00,2026-10-08 15:00:00+00:00,0,0,none,complete
2026-10-08,2026-10-09 21:19:23+00:00,online,ES,solar,tso_reference,TSO forecast,tso_forecast,2208,2026-10-08 23:00:00+00:00,169.5,169.5,,2026-07-08 16:00:00+00:00,2026-10-08 15:00:00+00:00,0,0,none,complete
2026-10-08,2026-10-09 21:19:23+00:00,online,ES,solar,tso_reference,TSO forecast,tso_forecast,2208,2026-10-09 00:00:00+00:00,150.25,150.25,,2026-07-08 16:00:00+00:00,2026-10-08 15:00:00+00:00,0,0,none,complete
2026-10-08,2026-10-09 21:19:23+00:00,online,ES,solar,tso_reference,TSO forecast,tso_forecast,2208,2026-10-09 01:00:00+00:00,121.25,121.25,,2026-07-08 16:00:00+00:00,2026-10-08 15:00:00+00:00,0,0,none,complete
2026-10-08,2026-10-09 21:19:23+00:00,online,ES,solar,tso_reference,TSO forecast,tso_forecast,2208,2026-10-09 02:00:00+00:00,105.5,105.5,,2026-07-08 16:00:00+00:00,2026-10-08 15:00:00+00:00,0,0,none,complete
2026-10-08,2026-10-09 21:19:23+00:00,online,ES,solar,tso_reference,TSO forecast,tso_forecast,2208,2026-10-09 03:00:00+00:00,80.5,80.5,,2026-07-08 16:00:00+00:00,2026-10-08 15:00:00+00:00,0,0,none,complete
2026-10-08,2026-10-09 21:19:23+00:00,online,ES,solar,tso_reference,TSO forecast,tso_forecast,2208,2026-10-09 04:00:00+00:00,52.75,52.75,,2026-07-08 16:00:00+00:00,2026-10-08 15:00:00+00:00,0,0,none,complete
2026-10-08,2026-10-09 21:19:23+00:00,online,ES,solar,tso_reference,TSO forecast,tso_forecast,2208,2026-10-09 05:00:00+00:00,34.75,34.75,,2026-07-08 16:00:00+00:00,2026-10-08 15:00:00+00:00,0,0,none,complete
2026-10-08,2026-10-09 21:19:23+00:00,online,ES,solar,tso_reference,TSO forecast,tso_forecast,2208,2026-10-09 06:00:00+00:00,1552.5,1552.5,,2026-07-08 16:00:00+00:00,2026-10-08 15:00:00+00:00,0,0,none,complete
2026-10-08,2026-10-09 21:19:23+00:00,online,ES,solar,tso_reference,TSO forecast,tso_forecast,2208,2026-10-09 07:00:00+00:00,10191.5,10191.5,,2026-07-08 16:00:00+00:00,2026-10-08 15:00:00+00:00,0,0,none,complete
2026-10-08,2026-10-09 21:19:23+00:00,online,ES,solar,tso_reference,TSO forecast,tso_forecast,2208,2026-10-09 08:00:00+00:00,18917.25,18917.25,,2026-07-08 16:00:00+00:00,2026-10-08 15:00:00+00:00,0,0,none,complete
2026-10-08,2026-10-09 21:19:23+00:00,online,ES,solar,tso_reference,TSO forecast,tso_forecast,2208,2026-10-09 09:00:00+00:00,21222.5,21222.5,,2026-07-08 16:00:00+00:00,2026-10-08 15:00:00+00:00,0,0,none,complete
2026-10-08,2026-10-09 21:19:23+00:00,online,ES,solar,tso_reference,TSO forecast,tso_forecast,2208,2026-10-09 10:00:00+00:00,21723.75,21723.75,,2026-07-08 16:00:00+00:00,2026-10-08 15:00:00+00:00,0,0,none,complete
2026-10-08,2026-10-09 21:19:23+00:00,online,ES,solar,tso_reference,TSO forecast,tso_forecast,2208,2026-10-09 11:00:00+00:00,22035.75,22035.75,,2026-07-08 16:00:00+00:00,2026-10-08 15:00:00+00:00,0,0,none,complete
2026-10-08,2026-10-09 21:19:23+00:00,online,ES,solar,tso_reference,TSO forecast,tso_forecast,2208,2026-10-09 12:00:00+00:00,22332.0,22332.0,,2026-07-08 16:00:00+00:00,2026-10-08 15:00:00+00:00,0,0,none,complete
2026-10-08,2026-10-09 21:19:23+00:00,online,ES,solar,tso_reference,TSO forecast,tso_forecast,2208,2026-10-09 13:00:00+00:00,21499.75,21499.75,,2026-07-08 16:00:00+00:00,2026-10-08 15:00:00+00:00,0,0,none,complete
2026-10-08,2026-10-09 21:19:23+00:00,online,ES,solar,tso_reference,TSO forecast,tso_forecast,2208,2026-10-09 14:00:00+00:00,20939.0,20939.0,,2026-07-08 16:00:00+00:00,2026-10-08 15:00:00+00:00,0,0,none,complete
2026-10-08,2026-10-09 21:19:23+00:00,online,ES,solar,tso_reference,TSO forecast,tso_forecast,2208,2026-10-09 15:00:00+00:00,19635.75,19635.75,,2026-07-08 16:00:00+00:00,2026-10-08 15:00:00+00:00,0,0,none,complete
2026-10-08,2026-10-09 21:19:23+00:00,online,ES,solar,persistence,Persistence,daily_persistence,2208,2026-10-08 16:00:00+00:00,9751.0,11592.75,,2026-07-08 16:00:00+00:00,2026-10-08 15:00:00+00:00,0,0,none,complete
2026-10-08,2026-10-09 21:19:23+00:00,online,ES,solar,persistence,Persistence,daily_persistence,2208,2026-10-08 17:00:00+00:00,1843.0,3585.0,,2026-07-08 16:00:00+00:00,2026-10-08 15:00:00+00:00,0,0,none,complete
2026-10-08,2026-10-09 21:19:23+00:00,online,ES,solar,persistence,Persistence,daily_persistence,2208,2026-10-08 18:00:00+00:00,177.0,437.5,,2026-07-08 16:00:00+00:00,2026-10-08 15:00:00+00:00,0,0,none,complete
2026-10-08,2026-10-09 21:19:23+00:00,online,ES,solar,persistence,Persistence,daily_persistence,2208,2026-10-08 19:00:00+00:00,129.0,342.25,,2026-07-08 16:00:00+00:00,2026-10-08 15:00:00+00:00,0,0,none,complete
2026-10-08,2026-10-09 21:19:23+00:00,online,ES,solar,persistence,Persistence,daily_persistence,2208,2026-10-08 20:00:00+00:00,96.0,239.5,,2026-07-08 16:00:00+00:00,2026-10-08 15:00:00+00:00,0,0,none,complete
2026-10-08,2026-10-09 21:19:23+00:00,online,ES,solar,persistence,Persistence,daily_persistence,2208,2026-10-08 21:00:00+00:00,91.0,191.25,,2026-07-08 16:00:00+00:00,2026-10-08 15:00:00+00:00,0,0,none,complete
2026-10-08,2026-10-09 21:19:23+00:00,online,ES,solar,persistence,Persistence,daily_persistence,2208,2026-10-08 22:00:00+00:00,90.0,186.75,,2026-07-08 16:00:00+00:00,2026-10-08 15:00:00+00:00,0,0,none,complete
2026-10-08,2026-10-09 21:19:23+00:00,online,ES,solar,persistence,Persistence,daily_persistence,2208,2026-10-08 23:00:00+00:00,90.0,169.5,,2026-07-08 16:00:00+00:00,2026-10-08 15:00:00+00:00,0,0,none,complete
2026-10-08,2026-10-09 21:19:23+00:00,online,ES,solar,persistence,Persistence,daily_persistence,2208,2026-10-09 00:00:00+00:00,60.0,150.25,,2026-07-08 16:00:00+00:00,2026-10-08 15:00:00+00:00,0,0,none,complete
2026-10-08,2026-10-09 21:19:23+00:00,online,ES,solar,persistence,Persistence,daily_persistence,2208,2026-10-09 01:00:00+00:00,51.0,121.25,,2026-07-08 16:00:00+00:00,2026-10-08 15:00:00+00:00,0,0,none,complete
2026-10-08,2026-10-09 21:19:23+00:00,online,ES,solar,persistence,Persistence,daily_persistence,2208,2026-10-09 02:00:00+00:00,52.0,105.5,,2026-07-08 16:00:00+00:00,2026-10-08 15:00:00+00:00,0,0,none,complete
2026-10-08,2026-10-09 21:19:23+00:00,online,ES,solar,persistence,Persistence,daily_persistence,2208,2026-10-09 03:00:00+00:00,51.0,80.5,,2026-07-08 16:00:00+00:00,2026-10-08 15:00:00+00:00,0,0,none,complete
2026-10-08,2026-10-09 21:19:23+00:00,online,ES,solar,persistence,Persistence,daily_persistence,2208,2026-10-09 04:00:00+00:00,52.0,52.75,,2026-07-08 16:00:00+00:00,2026-10-08 15:00:00+00:00,0,0,none,complete
2026-10-08,2026-10-09 21:19:23+00:00,online,ES,solar,persistence,Persistence,daily_persistence,2208,2026-10-09 05:00:00+00:00,55.0,34.75,,2026-07-08 16:00:00+00:00,2026-10-08 15:00:00+00:00,0,0,none,complete
2026-10-08,2026-10-09 21:19:23+00:00,online,ES,solar,persistence,Persistence,daily_persistence,2208,2026-10-09 06:00:00+00:00,972.0,1552.5,,2026-07-08 16:00:00+00:00,2026-10-08 15:00:00+00:00,0,0,none,complete
2026-10-08,2026-10-09 21:19:23+00:00,online,ES,solar,persistence,Persistence,daily_persistence,2208,2026-10-09 07:00:00+00:00,10033.0,10191.5,,2026-07-08 16:00:00+00:00,2026-10-08 15:00:00+00:00,0,0,none,complete
2026-10-08,2026-10-09 21:19:23+00:00,online,ES,solar,persistence,Persistence,daily_persistence,2208,2026-10-09 08:00:00+00:00,18011.0,18917.25,,2026-07-08 16:00:00+00:00,2026-10-08 15:00:00+00:00,0,0,none,complete
2026-10-08,2026-10-09 21:19:23+00:00,online,ES,solar,persistence,Persistence,daily_persistence,2208,2026-10-09 09:00:00+00:00,18053.0,21222.5,,2026-07-08 16:00:00+00:00,2026-10-08 15:00:00+00:00,0,0,none,complete
2026-10-08,2026-10-09 21:19:23+00:00,online,ES,solar,persistence,Persistence,daily_persistence,2208,2026-10-09 10:00:00+00:00,18041.0,21723.75,,2026-07-08 16:00:00+00:00,2026-10-08 15:00:00+00:00,0,0,none,complete
2026-10-08,2026-10-09 21:19:23+00:00,online,ES,solar,persistence,Persistence,daily_persistence,2208,2026-10-09 11:00:00+00:00,17362.0,22035.75,,2026-07-08 16:00:00+00:00,2026-10-08 15:00:00+00:00,0,0,none,complete
2026-10-08,2026-10-09 21:19:23+00:00,online,ES,solar,persistence,Persistence,daily_persistence,2208,2026-10-09 12:00:00+00:00,17785.0,22332.0,,2026-07-08 16:00:00+00:00,2026-10-08 15:00:00+00:00,0,0,none,complete
2026-10-08,2026-10-09 21:19:23+00:00,online,ES,solar,persistence,Persistence,daily_persistence,2208,2026-10-09 13:00:00+00:00,17443.0,21499.75,,2026-07-08 16:00:00+00:00,2026-10-08 15:00:00+00:00,0,0,none,complete
2026-10-08,2026-10-09 21:19:23+00:00,online,ES,solar,persistence,Persistence,daily_persistence,2208,2026-10-09 14:00:00+00:00,18319.0,20939.0,,2026-07-08 16:00:00+00:00,2026-10-08 15:00:00+00:00,0,0,none,complete
2026-10-08,2026-10-09 21:19:23+00:00,online,ES,solar,persistence,Persistence,daily_persistence,2208,2026-10-09 15:00:00+00:00,17793.0,19635.75,,2026-07-08 16:00:00+00:00,2026-10-08 15:00:00+00:00,0,0,none,complete
2026-10-08,2026-10-09 21:19:23+00:00,online,ES,solar,chronos2_online,Chronos2 with covariates,weather_4p+tso_forecast,2208,2026-10-08 16:00:00+00:00,11316.3056640625,11592.75,,2026-07-08 16:00:00+00:00,2026-10-08 15:00:00+00:00,0,0,none,complete
2026-10-08,2026-10-09 21:19:23+00:00,online,ES,solar,chronos2_online,Chronos2 with covariates,weather_4p+tso_forecast,2208,2026-10-08 17:00:00+00:00,1984.6708984375,3585.0,,2026-07-08 16:00:00+00:00,2026-10-08 15:00:00+00:00,0,0,none,complete
2026-10-08,2026-10-09 21:19:23+00:00,online,ES,solar,chronos2_online,Chronos2 with covariates,weather_4p+tso_forecast,2208,2026-10-08 18:00:00+00:00,498.01953125,437.5,,2026-07-08 16:00:00+00:00,2026-10-08 15:00:00+00:00,0,0,none,complete
2026-10-08,2026-10-09 21:19:23+00:00,online,ES,solar,chronos2_online,Chronos2 with covariates,weather_4p+tso_forecast,2208,2026-10-08 19:00:00+00:00,466.546875,342.25,,2026-07-08 16:00:00+00:00,2026-10-08 15:00:00+00:00,0,0,none,complete
2026-10-08,2026-10-09 21:19:23+00:00,online,ES,solar,chronos2_online,Chronos2 with covariates,weather_4p+tso_forecast,2208,2026-10-08 20:00:00+00:00,449.2666015625,239.5,,2026-07-08 16:00:00+00:00,2026-10-08 15:00:00+00:00,0,0,none,complete
2026-10-08,2026-10-09 21:19:23+00:00,online,ES,solar,chronos2_online,Chronos2 with covariates,weather_4p+tso_forecast,2208,2026-10-08 21:00:00+00:00,503.5849609375,191.25,,2026-07-08 16:00:00+00:00,2026-10-08 15:00:00+00:00,0,0,none,complete
2026-10-08,2026-10-09 21:19:23+00:00,online,ES,solar,chronos2_online,Chronos2 with covariates,weather_4p+tso_forecast,2208,2026-10-08 22:00:00+00:00,493.9697265625,186.75,,2026-07-08 16:00:00+00:00,2026-10-08 15:00:00+00:00,0,0,none,complete
2026-10-08,2026-10-09 21:19:23+00:00,online,ES,solar,chronos2_online,Chronos2 with covariates,weather_4p+tso_forecast,2208,2026-10-08 23:00:00+00:00,454.619140625,169.5,,2026-07-08 16:00:00+00:00,2026-10-08 15:00:00+00:00,0,0,none,complete
2026-10-08,2026-10-09 21:19:23+00:00,online,ES,solar,chronos2_online,Chronos2 with covariates,weather_4p+tso_forecast,2208,2026-10-09 00:00:00+00:00,446.939453125,150.25,,2026-07-08 16:00:00+00:00,2026-10-08 15:00:00+00:00,0,0,none,complete
2026-10-08,2026-10-09 21:19:23+00:00,online,ES,solar,chronos2_online,Chronos2 with covariates,weather_4p+tso_forecast,2208,2026-10-09 01:00:00+00:00,487.2509765625,121.25,,2026-07-08 16:00:00+00:00,2026-10-08 15:00:00+00:00,0,0,none,complete
2026-10-08,2026-10-09 21:19:23+00:00,online,ES,solar,chronos2_online,Chronos2 with covariates,weather_4p+tso_forecast,2208,2026-10-09 02:00:00+00:00,439.5849609375,105.5,,2026-07-08 16:00:00+00:00,2026-10-08 15:00:00+00:00,0,0,none,complete
2026-10-08,2026-10-09 21:19:23+00:00,online,ES,solar,chronos2_online,Chronos2 with covariates,weather_4p+tso_forecast,2208,2026-10-09 03:00:00+00:00,465.08203125,80.5,,2026-07-08 16:00:00+00:00,2026-10-08 15:00:00+00:00,0,0,none,complete
2026-10-08,2026-10-09 21:19:23+00:00,online,ES,solar,chronos2_online,Chronos2 with covariates,weather_4p+tso_forecast,2208,2026-10-09 04:00:00+00:00,406.9111328125,52.75,,2026-07-08 16:00:00+00:00,2026-10-08 15:00:00+00:00,0,0,none,complete
2026-10-08,2026-10-09 21:19:23+00:00,online,ES,solar,chronos2_online,Chronos2 with covariates,weather_4p+tso_forecast,2208,2026-10-09 05:00:00+00:00,351.0966796875,34.75,,2026-07-08 16:00:00+00:00,2026-10-08 15:00:00+00:00,0,0,none,complete
2026-10-08,2026-10-09 21:19:23+00:00,online,ES,solar,chronos2_online,Chronos2 with covariates,weather_4p+tso_forecast,2208,2026-10-09 06:00:00+00:00,566.8544921875,1552.5,,2026-07-08 16:00:00+00:00,2026-10-08 15:00:00+00:00,0,0,none,complete
2026-10-08,2026-10-09 21:19:23+00:00,online,ES,solar,chronos2_online,Chronos2 with covariates,weather_4p+tso_forecast,2208,2026-10-09 07:00:00+00:00,9759.787109375,10191.5,,2026-07-08 16:00:00+00:00,2026-10-08 15:00:00+00:00,0,0,none,complete
2026-10-08,2026-10-09 21:19:23+00:00,online,ES,solar,chronos2_online,Chronos2 with covariates,weather_4p+tso_forecast,2208,2026-10-09 08:00:00+00:00,17019.21484375,18917.25,,2026-07-08 16:00:00+00:00,2026-10-08 15:00:00+00:00,0,0,none,complete
2026-10-08,2026-10-09 21:19:23+00:00,online,ES,solar,chronos2_online,Chronos2 with covariates,weather_4p+tso_forecast,2208,2026-10-09 09:00:00+00:00,18900.45703125,21222.5,,2026-07-08 16:00:00+00:00,2026-10-08 15:00:00+00:00,0,0,none,complete
2026-10-08,2026-10-09 21:19:23+00:00,online,ES,solar,chronos2_online,Chronos2 with covariates,weather_4p+tso_forecast,2208,2026-10-09 10:00:00+00:00,19319.16015625,21723.75,,2026-07-08 16:00:00+00:00,2026-10-08 15:00:00+00:00,0,0,none,complete
2026-10-08,2026-10-09 21:19:23+00:00,online,ES,solar,chronos2_online,Chronos2 with covariates,weather_4p+tso_forecast,2208,2026-10-09 11:00:00+00:00,19474.0703125,22035.75,,2026-07-08 16:00:00+00:00,2026-10-08 15:00:00+00:00,0,0,none,complete
2026-10-08,2026-10-09 21:19:23+00:00,online,ES,solar,chronos2_online,Chronos2 with covariates,weather_4p+tso_forecast,2208,2026-10-09 12:00:00+00:00,19331.904296875,22332.0,,2026-07-08 16:00:00+00:00,2026-10-08 15:00:00+00:00,0,0,none,complete
2026-10-08,2026-10-09 21:19:23+00:00,online,ES,solar,chronos2_online,Chronos2 with covariates,weather_4p+tso_forecast,2208,2026-10-09 13:00:00+00:00,18948.1015625,21499.75,,2026-07-08 16:00:00+00:00,2026-10-08 15:00:00+00:00,0,0,none,complete
2026-10-08,2026-10-09 21:19:23+00:00,online,ES,solar,chronos2_online,Chronos2 with covariates,weather_4p+tso_forecast,2208,2026-10-09 14:00:00+00:00,18750.275390625,20939.0,,2026-07-08 16:00:00+00:00,2026-10-08 15:00:00+00:00,0,0,none,complete
2026-10-08,2026-10-09 21:19:23+00:00,online,ES,solar,chronos2_online,Chronos2 with covariates,weather_4p+tso_forecast,2208,2026-10-09 15:00:00+00:00,17551.57421875,19635.75,,2026-07-08 16:00:00+00:00,2026-10-08 15:00:00+00:00,0,0,none,complete
2026-10-08,2026-10-09 21:19:23+00:00,online,ES,solar,xgboost_online,XGBoost with covariates,weather_4p+tso_forecast,2208,2026-10-08 16:00:00+00:00,12579.802734375,11592.75,,2026-07-08 16:00:00+00:00,2026-10-08 15:00:00+00:00,0,0,none,complete
2026-10-08,2026-10-09 21:19:23+00:00,online,ES,solar,xgboost_online,XGBoost with covariates,weather_4p+tso_forecast,2208,2026-10-08 17:00:00+00:00,3290.130615234375,3585.0,,2026-07-08 16:00:00+00:00,2026-10-08 15:00:00+00:00,0,0,none,complete
2026-10-08,2026-10-09 21:19:23+00:00,online,ES,solar,xgboost_online,XGBoost with covariates,weather_4p+tso_forecast,2208,2026-10-08 18:00:00+00:00,886.1819458007812,437.5,,2026-07-08 16:00:00+00:00,2026-10-08 15:00:00+00:00,0,0,none,complete
2026-10-08,2026-10-09 21:19:23+00:00,online,ES,solar,xgboost_online,XGBoost with covariates,weather_4p+tso_forecast,2208,2026-10-08 19:00:00+00:00,572.417724609375,342.25,,2026-07-08 16:00:00+00:00,2026-10-08 15:00:00+00:00,0,0,none,complete
2026-10-08,2026-10-09 21:19:23+00:00,online,ES,solar,xgboost_online,XGBoost with covariates,weather_4p+tso_forecast,2208,2026-10-08 20:00:00+00:00,433.4968872070313,239.5,,2026-07-08 16:00:00+00:00,2026-10-08 15:00:00+00:00,0,0,none,complete
2026-10-08,2026-10-09 21:19:23+00:00,online,ES,solar,xgboost_online,XGBoost with covariates,weather_4p+tso_forecast,2208,2026-10-08 21:00:00+00:00,409.8251953125,191.25,,2026-07-08 16:00:00+00:00,2026-10-08 15:00:00+00:00,0,0,none,complete
2026-10-08,2026-10-09 21:19:23+00:00,online,ES,solar,xgboost_online,XGBoost with covariates,weather_4p+tso_forecast,2208,2026-10-08 22:00:00+00:00,409.8251953125,186.75,,2026-07-08 16:00:00+00:00,2026-10-08 15:00:00+00:00,0,0,none,complete
2026-10-08,2026-10-09 21:19:23+00:00,online,ES,solar,xgboost_online,XGBoost with covariates,weather_4p+tso_forecast,2208,2026-10-08 23:00:00+00:00,399.2531433105469,169.5,,2026-07-08 16:00:00+00:00,2026-10-08 15:00:00+00:00,0,0,none,complete
2026-10-08,2026-10-09 21:19:23+00:00,online,ES,solar,xgboost_online,XGBoost with covariates,weather_4p+tso_forecast,2208,2026-10-09 00:00:00+00:00,350.6562805175781,150.25,,2026-07-08 16:00:00+00:00,2026-10-08 15:00:00+00:00,0,0,none,complete
2026-10-08,2026-10-09 21:19:23+00:00,online,ES,solar,xgboost_online,XGBoost with covariates,weather_4p+tso_forecast,2208,2026-10-09 01:00:00+00:00,339.4071044921875,121.25,,2026-07-08 16:00:00+00:00,2026-10-08 15:00:00+00:00,0,0,none,complete
2026-10-08,2026-10-09 21:19:23+00:00,online,ES,solar,xgboost_online,XGBoost with covariates,weather_4p+tso_forecast,2208,2026-10-09 02:00:00+00:00,339.4071044921875,105.5,,2026-07-08 16:00:00+00:00,2026-10-08 15:00:00+00:00,0,0,none,complete
2026-10-08,2026-10-09 21:19:23+00:00,online,ES,solar,xgboost_online,XGBoost with covariates,weather_4p+tso_forecast,2208,2026-10-09 03:00:00+00:00,339.4071044921875,80.5,,2026-07-08 16:00:00+00:00,2026-10-08 15:00:00+00:00,0,0,none,complete
2026-10-08,2026-10-09 21:19:23+00:00,online,ES,solar,xgboost_online,XGBoost with covariates,weather_4p+tso_forecast,2208,2026-10-09 04:00:00+00:00,339.4071044921875,52.75,,2026-07-08 16:00:00+00:00,2026-10-08 15:00:00+00:00,0,0,none,complete
2026-10-08,2026-10-09 21:19:23+00:00,online,ES,solar,xgboost_online,XGBoost with covariates,weather_4p+tso_forecast,2208,2026-10-09 05:00:00+00:00,339.4071044921875,34.75,,2026-07-08 16:00:00+00:00,2026-10-08 15:00:00+00:00,0,0,none,complete
2026-10-08,2026-10-09 21:19:23+00:00,online,ES,solar,xgboost_online,XGBoost with covariates,weather_4p+tso_forecast,2208,2026-10-09 06:00:00+00:00,1256.2486572265625,1552.5,,2026-07-08 16:00:00+00:00,2026-10-08 15:00:00+00:00,0,0,none,complete
2026-10-08,2026-10-09 21:19:23+00:00,online,ES,solar,xgboost_online,XGBoost with covariates,weather_4p+tso_forecast,2208,2026-10-09 07:00:00+00:00,10187.12109375,10191.5,,2026-07-08 16:00:00+00:00,2026-10-08 15:00:00+00:00,0,0,none,complete
2026-10-08,2026-10-09 21:19:23+00:00,online,ES,solar,xgboost_online,XGBoost with covariates,weather_4p+tso_forecast,2208,2026-10-09 08:00:00+00:00,19684.341796875,18917.25,,2026-07-08 16:00:00+00:00,2026-10-08 15:00:00+00:00,0,0,none,complete
2026-10-08,2026-10-09 21:19:23+00:00,online,ES,solar,xgboost_online,XGBoost with covariates,weather_4p+tso_forecast,2208,2026-10-09 09:00:00+00:00,22605.50390625,21222.5,,2026-07-08 16:00:00+00:00,2026-10-08 15:00:00+00:00,0,0,none,complete
2026-10-08,2026-10-09 21:19:23+00:00,online,ES,solar,xgboost_online,XGBoost with covariates,weather_4p+tso_forecast,2208,2026-10-09 10:00:00+00:00,22360.16015625,21723.75,,2026-07-08 16:00:00+00:00,2026-10-08 15:00:00+00:00,0,0,none,complete
2026-10-08,2026-10-09 21:19:23+00:00,online,ES,solar,xgboost_online,XGBoost with covariates,weather_4p+tso_forecast,2208,2026-10-09 11:00:00+00:00,21852.357421875,22035.75,,2026-07-08 16:00:00+00:00,2026-10-08 15:00:00+00:00,0,0,none,complete
2026-10-08,2026-10-09 21:19:23+00:00,online,ES,solar,xgboost_online,XGBoost with covariates,weather_4p+tso_forecast,2208,2026-10-09 12:00:00+00:00,22557.896484375,22332.0,,2026-07-08 16:00:00+00:00,2026-10-08 15:00:00+00:00,0,0,none,complete
2026-10-08,2026-10-09 21:19:23+00:00,online,ES,solar,xgboost_online,XGBoost with covariates,weather_4p+tso_forecast,2208,2026-10-09 13:00:00+00:00,21806.953125,21499.75,,2026-07-08 16:00:00+00:00,2026-10-08 15:00:00+00:00,0,0,none,complete
2026-10-08,2026-10-09 21:19:23+00:00,online,ES,solar,xgboost_online,XGBoost with covariates,weather_4p+tso_forecast,2208,2026-10-09 14:00:00+00:00,21446.705078125,20939.0,,2026-07-08 16:00:00+00:00,2026-10-08 15:00:00+00:00,0,0,none,complete
2026-10-08,2026-10-09 21:19:23+00:00,online,ES,solar,xgboost_online,XGBoost with covariates,weather_4p+tso_forecast,2208,2026-10-09 15:00:00+00:00,20450.736328125,19635.75,,2026-07-08 16:00:00+00:00,2026-10-08 15:00:00+00:00,0,0,none,complete
2026-10-08,2026-10-09 21:19:23+00:00,online,ES,wind_onshore,tso_reference,TSO forecast,tso_forecast,2208,2026-10-08 16:00:00+00:00,11979.25,11979.25,,2026-07-08 16:00:00+00:00,2026-10-08 15:00:00+00:00,0,0,none,complete
2026-10-08,2026-10-09 21:19:23+00:00,online,ES,wind_onshore,tso_reference,TSO forecast,tso_forecast,2208,2026-10-08 17:00:00+00:00,12326.75,12326.75,,2026-07-08 16:00:00+00:00,2026-10-08 15:00:00+00:00,0,0,none,complete
2026-10-08,2026-10-09 21:19:23+00:00,online,ES,wind_onshore,tso_reference,TSO forecast,tso_forecast,2208,2026-10-08 18:00:00+00:00,12257.0,12257.0,,2026-07-08 16:00:00+00:00,2026-10-08 15:00:00+00:00,0,0,none,complete
2026-10-08,2026-10-09 21:19:23+00:00,online,ES,wind_onshore,tso_reference,TSO forecast,tso_forecast,2208,2026-10-08 19:00:00+00:00,12100.75,12100.75,,2026-07-08 16:00:00+00:00,2026-10-08 15:00:00+00:00,0,0,none,complete
2026-10-08,2026-10-09 21:19:23+00:00,online,ES,wind_onshore,tso_reference,TSO forecast,tso_forecast,2208,2026-10-08 20:00:00+00:00,11902.5,11902.5,,2026-07-08 16:00:00+00:00,2026-10-08 15:00:00+00:00,0,0,none,complete
2026-10-08,2026-10-09 21:19:23+00:00,online,ES,wind_onshore,tso_reference,TSO forecast,tso_forecast,2208,2026-10-08 21:00:00+00:00,11615.75,11615.75,,2026-07-08 16:00:00+00:00,2026-10-08 15:00:00+00:00,0,0,none,complete
2026-10-08,2026-10-09 21:19:23+00:00,online,ES,wind_onshore,tso_reference,TSO forecast,tso_forecast,2208,2026-10-08 22:00:00+00:00,10995.5,10995.5,,2026-07-08 16:00:00+00:00,2026-10-08 15:00:00+00:00,0,0,none,complete
2026-10-08,2026-10-09 21:19:23+00:00,online,ES,wind_onshore,tso_reference,TSO forecast,tso_forecast,2208,2026-10-08 23:00:00+00:00,10649.25,10649.25,,2026-07-08 16:00:00+00:00,2026-10-08 15:00:00+00:00,0,0,none,complete
2026-10-08,2026-10-09 21:19:23+00:00,online,ES,wind_onshore,tso_reference,TSO forecast,tso_forecast,2208,2026-10-09 00:00:00+00:00,10339.0,10339.0,,2026-07-08 16:00:00+00:00,2026-10-08 15:00:00+00:00,0,0,none,complete
2026-10-08,2026-10-09 21:19:23+00:00,online,ES,wind_onshore,tso_reference,TSO forecast,tso_forecast,2208,2026-10-09 01:00:00+00:00,9927.75,9927.75,,2026-07-08 16:00:00+00:00,2026-10-08 15:00:00+00:00,0,0,none,complete
2026-10-08,2026-10-09 21:19:23+00:00,online,ES,wind_onshore,tso_reference,TSO forecast,tso_forecast,2208,2026-10-09 02:00:00+00:00,9578.75,9578.75,,2026-07-08 16:00:00+00:00,2026-10-08 15:00:00+00:00,0,0,none,complete
2026-10-08,2026-10-09 21:19:23+00:00,online,ES,wind_onshore,tso_reference,TSO forecast,tso_forecast,2208,2026-10-09 03:00:00+00:00,9294.0,9294.0,,2026-07-08 16:00:00+00:00,2026-10-08 15:00:00+00:00,0,0,none,complete
2026-10-08,2026-10-09 21:19:23+00:00,online,ES,wind_onshore,tso_reference,TSO forecast,tso_forecast,2208,2026-10-09 04:00:00+00:00,9091.0,9091.0,,2026-07-08 16:00:00+00:00,2026-10-08 15:00:00+00:00,0,0,none,complete
2026-10-08,2026-10-09 21:19:23+00:00,online,ES,wind_onshore,tso_reference,TSO forecast,tso_forecast,2208,2026-10-09 05:00:00+00:00,8912.0,8912.0,,2026-07-08 16:00:00+00:00,2026-10-08 15:00:00+00:00,0,0,none,complete
2026-10-08,2026-10-09 21:19:23+00:00,online,ES,wind_onshore,tso_reference,TSO forecast,tso_forecast,2208,2026-10-09 06:00:00+00:00,8419.5,8419.5,,2026-07-08 16:00:00+00:00,2026-10-08 15:00:00+00:00,0,0,none,complete
2026-10-08,2026-10-09 21:19:23+00:00,online,ES,wind_onshore,tso_reference,TSO forecast,tso_forecast,2208,2026-10-09 07:00:00+00:00,7705.75,7705.75,,2026-07-08 16:00:00+00:00,2026-10-08 15:00:00+00:00,0,0,none,complete
2026-10-08,2026-10-09 21:19:23+00:00,online,ES,wind_onshore,tso_reference,TSO forecast,tso_forecast,2208,2026-10-09 08:00:00+00:00,7112.5,7112.5,,2026-07-08 16:00:00+00:00,2026-10-08 15:00:00+00:00,0,0,none,complete
2026-10-08,2026-10-09 21:19:23+00:00,online,ES,wind_onshore,tso_reference,TSO forecast,tso_forecast,2208,2026-10-09 09:00:00+00:00,5731.0,5731.0,,2026-07-08 16:00:00+00:00,2026-10-08 15:00:00+00:00,0,0,none,complete
2026-10-08,2026-10-09 21:19:23+00:00,online,ES,wind_onshore,tso_reference,TSO forecast,tso_forecast,2208,2026-10-09 10:00:00+00:00,5155.0,5155.0,,2026-07-08 16:00:00+00:00,2026-10-08 15:00:00+00:00,0,0,none,complete
2026-10-08,2026-10-09 21:19:23+00:00,online,ES,wind_onshore,tso_reference,TSO forecast,tso_forecast,2208,2026-10-09 11:00:00+00:00,4937.25,4937.25,,2026-07-08 16:00:00+00:00,2026-10-08 15:00:00+00:00,0,0,none,complete
2026-10-08,2026-10-09 21:19:23+00:00,online,ES,wind_onshore,tso_reference,TSO forecast,tso_forecast,2208,2026-10-09 12:00:00+00:00,5016.0,5016.0,,2026-07-08 16:00:00+00:00,2026-10-08 15:00:00+00:00,0,0,none,complete
2026-10-08,2026-10-09 21:19:23+00:00,online,ES,wind_onshore,tso_reference,TSO forecast,tso_forecast,2208,2026-10-09 13:00:00+00:00,5076.5,5076.5,,2026-07-08 16:00:00+00:00,2026-10-08 15:00:00+00:00,0,0,none,complete
2026-10-08,2026-10-09 21:19:23+00:00,online,ES,wind_onshore,tso_reference,TSO forecast,tso_forecast,2208,2026-10-09 14:00:00+00:00,5047.25,5047.25,,2026-07-08 16:00:00+00:00,2026-10-08 15:00:00+00:00,0,0,none,complete
2026-10-08,2026-10-09 21:19:23+00:00,online,ES,wind_onshore,tso_reference,TSO forecast,tso_forecast,2208,2026-10-09 15:00:00+00:00,6501.75,6501.75,,2026-07-08 16:00:00+00:00,2026-10-08 15:00:00+00:00,0,0,none,complete
2026-10-08,2026-10-09 21:19:23+00:00,online,ES,wind_onshore,persistence,Persistence,daily_persistence,2208,2026-10-08 16:00:00+00:00,7447.0,11979.25,,2026-07-08 16:00:00+00:00,2026-10-08 15:00:00+00:00,0,0,none,complete
2026-10-08,2026-10-09 21:19:23+00:00,online,ES,wind_onshore,persistence,Persistence,daily_persistence,2208,2026-10-08 17:00:00+00:00,8092.0,12326.75,,2026-07-08 16:00:00+00:00,2026-10-08 15:00:00+00:00,0,0,none,complete
2026-10-08,2026-10-09 21:19:23+00:00,online,ES,wind_onshore,persistence,Persistence,daily_persistence,2208,2026-10-08 18:00:00+00:00,9115.0,12257.0,,2026-07-08 16:00:00+00:00,2026-10-08 15:00:00+00:00,0,0,none,complete
2026-10-08,2026-10-09 21:19:23+00:00,online,ES,wind_onshore,persistence,Persistence,daily_persistence,2208,2026-10-08 19:00:00+00:00,9364.0,12100.75,,2026-07-08 16:00:00+00:00,2026-10-08 15:00:00+00:00,0,0,none,complete
2026-10-08,2026-10-09 21:19:23+00:00,online,ES,wind_onshore,persistence,Persistence,daily_persistence,2208,2026-10-08 20:00:00+00:00,9808.0,11902.5,,2026-07-08 16:00:00+00:00,2026-10-08 15:00:00+00:00,0,0,none,complete
2026-10-08,2026-10-09 21:19:23+00:00,online,ES,wind_onshore,persistence,Persistence,daily_persistence,2208,2026-10-08 21:00:00+00:00,10149.0,11615.75,,2026-07-08 16:00:00+00:00,2026-10-08 15:00:00+00:00,0,0,none,complete
2026-10-08,2026-10-09 21:19:23+00:00,online,ES,wind_onshore,persistence,Persistence,daily_persistence,2208,2026-10-08 22:00:00+00:00,10045.0,10995.5,,2026-07-08 16:00:00+00:00,2026-10-08 15:00:00+00:00,0,0,none,complete
2026-10-08,2026-10-09 21:19:23+00:00,online,ES,wind_onshore,persistence,Persistence,daily_persistence,2208,2026-10-08 23:00:00+00:00,10323.0,10649.25,,2026-07-08 16:00:00+00:00,2026-10-08 15:00:00+00:00,0,0,none,complete
2026-10-08,2026-10-09 21:19:23+00:00,online,ES,wind_onshore,persistence,Persistence,daily_persistence,2208,2026-10-09 00:00:00+00:00,10376.0,10339.0,,2026-07-08 16:00:00+00:00,2026-10-08 15:00:00+00:00,0,0,none,complete
2026-10-08,2026-10-09 21:19:23+00:00,online,ES,wind_onshore,persistence,Persistence,daily_persistence,2208,2026-10-09 01:00:00+00:00,10743.0,9927.75,,2026-07-08 16:00:00+00:00,2026-10-08 15:00:00+00:00,0,0,none,complete
2026-10-08,2026-10-09 21:19:23+00:00,online,ES,wind_onshore,persistence,Persistence,daily_persistence,2208,2026-10-09 02:00:00+00:00,10695.0,9578.75,,2026-07-08 16:00:00+00:00,2026-10-08 15:00:00+00:00,0,0,none,complete
2026-10-08,2026-10-09 21:19:23+00:00,online,ES,wind_onshore,persistence,Persistence,daily_persistence,2208,2026-10-09 03:00:00+00:00,10922.0,9294.0,,2026-07-08 16:00:00+00:00,2026-10-08 15:00:00+00:00,0,0,none,complete
2026-10-08,2026-10-09 21:19:23+00:00,online,ES,wind_onshore,persistence,Persistence,daily_persistence,2208,2026-10-09 04:00:00+00:00,10890.0,9091.0,,2026-07-08 16:00:00+00:00,2026-10-08 15:00:00+00:00,0,0,none,complete
2026-10-08,2026-10-09 21:19:23+00:00,online,ES,wind_onshore,persistence,Persistence,daily_persistence,2208,2026-10-09 05:00:00+00:00,11496.0,8912.0,,2026-07-08 16:00:00+00:00,2026-10-08 15:00:00+00:00,0,0,none,complete
2026-10-08,2026-10-09 21:19:23+00:00,online,ES,wind_onshore,persistence,Persistence,daily_persistence,2208,2026-10-09 06:00:00+00:00,11365.0,8419.5,,2026-07-08 16:00:00+00:00,2026-10-08 15:00:00+00:00,0,0,none,complete
2026-10-08,2026-10-09 21:19:23+00:00,online,ES,wind_onshore,persistence,Persistence,daily_persistence,2208,2026-10-09 07:00:00+00:00,10865.0,7705.75,,2026-07-08 16:00:00+00:00,2026-10-08 15:00:00+00:00,0,0,none,complete
2026-10-08,2026-10-09 21:19:23+00:00,online,ES,wind_onshore,persistence,Persistence,daily_persistence,2208,2026-10-09 08:00:00+00:00,8748.0,7112.5,,2026-07-08 16:00:00+00:00,2026-10-08 15:00:00+00:00,0,0,none,complete
2026-10-08,2026-10-09 21:19:23+00:00,online,ES,wind_onshore,persistence,Persistence,daily_persistence,2208,2026-10-09 09:00:00+00:00,7436.0,5731.0,,2026-07-08 16:00:00+00:00,2026-10-08 15:00:00+00:00,0,0,none,complete
2026-10-08,2026-10-09 21:19:23+00:00,online,ES,wind_onshore,persistence,Persistence,daily_persistence,2208,2026-10-09 10:00:00+00:00,7287.0,5155.0,,2026-07-08 16:00:00+00:00,2026-10-08 15:00:00+00:00,0,0,none,complete
2026-10-08,2026-10-09 21:19:23+00:00,online,ES,wind_onshore,persistence,Persistence,daily_persistence,2208,2026-10-09 11:00:00+00:00,7738.0,4937.25,,2026-07-08 16:00:00+00:00,2026-10-08 15:00:00+00:00,0,0,none,complete
2026-10-08,2026-10-09 21:19:23+00:00,online,ES,wind_onshore,persistence,Persistence,daily_persistence,2208,2026-10-09 12:00:00+00:00,7786.0,5016.0,,2026-07-08 16:00:00+00:00,2026-10-08 15:00:00+00:00,0,0,none,complete
2026-10-08,2026-10-09 21:19:23+00:00,online,ES,wind_onshore,persistence,Persistence,daily_persistence,2208,2026-10-09 13:00:00+00:00,7658.0,5076.5,,2026-07-08 16:00:00+00:00,2026-10-08 15:00:00+00:00,0,0,none,complete
2026-10-08,2026-10-09 21:19:23+00:00,online,ES,wind_onshore,persistence,Persistence,daily_persistence,2208,2026-10-09 14:00:00+00:00,7555.0,5047.25,,2026-07-08 16:00:00+00:00,2026-10-08 15:00:00+00:00,0,0,none,complete
2026-10-08,2026-10-09 21:19:23+00:00,online,ES,wind_onshore,persistence,Persistence,daily_persistence,2208,2026-10-09 15:00:00+00:00,8506.0,6501.75,,2026-07-08 16:00:00+00:00,2026-10-08 15:00:00+00:00,0,0,none,complete
2026-10-08,2026-10-09 21:19:23+00:00,online,ES,wind_onshore,chronos2_online,Chronos2 with covariates,weather_4p+tso_forecast,2208,2026-10-08 16:00:00+00:00,10570.1015625,11979.25,,2026-07-08 16:00:00+00:00,2026-10-08 15:00:00+00:00,0,0,none,complete
2026-10-08,2026-10-09 21:19:23+00:00,online,ES,wind_onshore,chronos2_online,Chronos2 with covariates,weather_4p+tso_forecast,2208,2026-10-08 17:00:00+00:00,11265.5263671875,12326.75,,2026-07-08 16:00:00+00:00,2026-10-08 15:00:00+00:00,0,0,none,complete
2026-10-08,2026-10-09 21:19:23+00:00,online,ES,wind_onshore,chronos2_online,Chronos2 with covariates,weather_4p+tso_forecast,2208,2026-10-08 18:00:00+00:00,11809.49609375,12257.0,,2026-07-08 16:00:00+00:00,2026-10-08 15:00:00+00:00,0,0,none,complete
2026-10-08,2026-10-09 21:19:23+00:00,online,ES,wind_onshore,chronos2_online,Chronos2 with covariates,weather_4p+tso_forecast,2208,2026-10-08 19:00:00+00:00,11962.77734375,12100.75,,2026-07-08 16:00:00+00:00,2026-10-08 15:00:00+00:00,0,0,none,complete
2026-10-08,2026-10-09 21:19:23+00:00,online,ES,wind_onshore,chronos2_online,Chronos2 with covariates,weather_4p+tso_forecast,2208,2026-10-08 20:00:00+00:00,11798.46875,11902.5,,2026-07-08 16:00:00+00:00,2026-10-08 15:00:00+00:00,0,0,none,complete
2026-10-08,2026-10-09 21:19:23+00:00,online,ES,wind_onshore,chronos2_online,Chronos2 with covariates,weather_4p+tso_forecast,2208,2026-10-08 21:00:00+00:00,11477.0859375,11615.75,,2026-07-08 16:00:00+00:00,2026-10-08 15:00:00+00:00,0,0,none,complete
2026-10-08,2026-10-09 21:19:23+00:00,online,ES,wind_onshore,chronos2_online,Chronos2 with covariates,weather_4p+tso_forecast,2208,2026-10-08 22:00:00+00:00,11154.546875,10995.5,,2026-07-08 16:00:00+00:00,2026-10-08 15:00:00+00:00,0,0,none,complete
2026-10-08,2026-10-09 21:19:23+00:00,online,ES,wind_onshore,chronos2_online,Chronos2 with covariates,weather_4p+tso_forecast,2208,2026-10-08 23:00:00+00:00,10841.720703125,10649.25,,2026-07-08 16:00:00+00:00,2026-10-08 15:00:00+00:00,0,0,none,complete
2026-10-08,2026-10-09 21:19:23+00:00,online,ES,wind_onshore,chronos2_online,Chronos2 with covariates,weather_4p+tso_forecast,2208,2026-10-09 00:00:00+00:00,10442.6455078125,10339.0,,2026-07-08 16:00:00+00:00,2026-10-08 15:00:00+00:00,0,0,none,complete
2026-10-08,2026-10-09 21:19:23+00:00,online,ES,wind_onshore,chronos2_online,Chronos2 with covariates,weather_4p+tso_forecast,2208,2026-10-09 01:00:00+00:00,10078.458984375,9927.75,,2026-07-08 16:00:00+00:00,2026-10-08 15:00:00+00:00,0,0,none,complete
2026-10-08,2026-10-09 21:19:23+00:00,online,ES,wind_onshore,chronos2_online,Chronos2 with covariates,weather_4p+tso_forecast,2208,2026-10-09 02:00:00+00:00,9724.9189453125,9578.75,,2026-07-08 16:00:00+00:00,2026-10-08 15:00:00+00:00,0,0,none,complete
2026-10-08,2026-10-09 21:19:23+00:00,online,ES,wind_onshore,chronos2_online,Chronos2 with covariates,weather_4p+tso_forecast,2208,2026-10-09 03:00:00+00:00,9413.681640625,9294.0,,2026-07-08 16:00:00+00:00,2026-10-08 15:00:00+00:00,0,0,none,complete
2026-10-08,2026-10-09 21:19:23+00:00,online,ES,wind_onshore,chronos2_online,Chronos2 with covariates,weather_4p+tso_forecast,2208,2026-10-09 04:00:00+00:00,9201.71484375,9091.0,,2026-07-08 16:00:00+00:00,2026-10-08 15:00:00+00:00,0,0,none,complete
2026-10-08,2026-10-09 21:19:23+00:00,online,ES,wind_onshore,chronos2_online,Chronos2 with covariates,weather_4p+tso_forecast,2208,2026-10-09 05:00:00+00:00,9037.048828125,8912.0,,2026-07-08 16:00:00+00:00,2026-10-08 15:00:00+00:00,0,0,none,complete
2026-10-08,2026-10-09 21:19:23+00:00,online,ES,wind_onshore,chronos2_online,Chronos2 with covariates,weather_4p+tso_forecast,2208,2026-10-09 06:00:00+00:00,8630.1416015625,8419.5,,2026-07-08 16:00:00+00:00,2026-10-08 15:00:00+00:00,0,0,none,complete
2026-10-08,2026-10-09 21:19:23+00:00,online,ES,wind_onshore,chronos2_online,Chronos2 with covariates,weather_4p+tso_forecast,2208,2026-10-09 07:00:00+00:00,7979.13232421875,7705.75,,2026-07-08 16:00:00+00:00,2026-10-08 15:00:00+00:00,0,0,none,complete
2026-10-08,2026-10-09 21:19:23+00:00,online,ES,wind_onshore,chronos2_online,Chronos2 with covariates,weather_4p+tso_forecast,2208,2026-10-09 08:00:00+00:00,7246.572265625,7112.5,,2026-07-08 16:00:00+00:00,2026-10-08 15:00:00+00:00,0,0,none,complete
2026-10-08,2026-10-09 21:19:23+00:00,online,ES,wind_onshore,chronos2_online,Chronos2 with covariates,weather_4p+tso_forecast,2208,2026-10-09 09:00:00+00:00,5569.017578125,5731.0,,2026-07-08 16:00:00+00:00,2026-10-08 15:00:00+00:00,0,0,none,complete
2026-10-08,2026-10-09 21:19:23+00:00,online,ES,wind_onshore,chronos2_online,Chronos2 with covariates,weather_4p+tso_forecast,2208,2026-10-09 10:00:00+00:00,4763.103515625,5155.0,,2026-07-08 16:00:00+00:00,2026-10-08 15:00:00+00:00,0,0,none,complete
2026-10-08,2026-10-09 21:19:23+00:00,online,ES,wind_onshore,chronos2_online,Chronos2 with covariates,weather_4p+tso_forecast,2208,2026-10-09 11:00:00+00:00,4381.08740234375,4937.25,,2026-07-08 16:00:00+00:00,2026-10-08 15:00:00+00:00,0,0,none,complete
2026-10-08,2026-10-09 21:19:23+00:00,online,ES,wind_onshore,chronos2_online,Chronos2 with covariates,weather_4p+tso_forecast,2208,2026-10-09 12:00:00+00:00,4372.5830078125,5016.0,,2026-07-08 16:00:00+00:00,2026-10-08 15:00:00+00:00,0,0,none,complete
2026-10-08,2026-10-09 21:19:23+00:00,online,ES,wind_onshore,chronos2_online,Chronos2 with covariates,weather_4p+tso_forecast,2208,2026-10-09 13:00:00+00:00,4343.18701171875,5076.5,,2026-07-08 16:00:00+00:00,2026-10-08 15:00:00+00:00,0,0,none,complete
2026-10-08,2026-10-09 21:19:23+00:00,online,ES,wind_onshore,chronos2_online,Chronos2 with covariates,weather_4p+tso_forecast,2208,2026-10-09 14:00:00+00:00,4534.1533203125,5047.25,,2026-07-08 16:00:00+00:00,2026-10-08 15:00:00+00:00,0,0,none,complete
2026-10-08,2026-10-09 21:19:23+00:00,online,ES,wind_onshore,chronos2_online,Chronos2 with covariates,weather_4p+tso_forecast,2208,2026-10-09 15:00:00+00:00,5485.787109375,6501.75,,2026-07-08 16:00:00+00:00,2026-10-08 15:00:00+00:00,0,0,none,complete
2026-10-08,2026-10-09 21:19:23+00:00,online,ES,wind_onshore,xgboost_online,XGBoost with covariates,weather_4p+tso_forecast,2208,2026-10-08 16:00:00+00:00,10923.9130859375,11979.25,,2026-07-08 16:00:00+00:00,2026-10-08 15:00:00+00:00,0,0,none,complete
2026-10-08,2026-10-09 21:19:23+00:00,online,ES,wind_onshore,xgboost_online,XGBoost with covariates,weather_4p+tso_forecast,2208,2026-10-08 17:00:00+00:00,11388.2578125,12326.75,,2026-07-08 16:00:00+00:00,2026-10-08 15:00:00+00:00,0,0,none,complete
2026-10-08,2026-10-09 21:19:23+00:00,online,ES,wind_onshore,xgboost_online,XGBoost with covariates,weather_4p+tso_forecast,2208,2026-10-08 18:00:00+00:00,11554.1591796875,12257.0,,2026-07-08 16:00:00+00:00,2026-10-08 15:00:00+00:00,0,0,none,complete
2026-10-08,2026-10-09 21:19:23+00:00,online,ES,wind_onshore,xgboost_online,XGBoost with covariates,weather_4p+tso_forecast,2208,2026-10-08 19:00:00+00:00,11466.1005859375,12100.75,,2026-07-08 16:00:00+00:00,2026-10-08 15:00:00+00:00,0,0,none,complete
2026-10-08,2026-10-09 21:19:23+00:00,online,ES,wind_onshore,xgboost_online,XGBoost with covariates,weather_4p+tso_forecast,2208,2026-10-08 20:00:00+00:00,11449.5712890625,11902.5,,2026-07-08 16:00:00+00:00,2026-10-08 15:00:00+00:00,0,0,none,complete
2026-10-08,2026-10-09 21:19:23+00:00,online,ES,wind_onshore,xgboost_online,XGBoost with covariates,weather_4p+tso_forecast,2208,2026-10-08 21:00:00+00:00,11292.3203125,11615.75,,2026-07-08 16:00:00+00:00,2026-10-08 15:00:00+00:00,0,0,none,complete
2026-10-08,2026-10-09 21:19:23+00:00,online,ES,wind_onshore,xgboost_online,XGBoost with covariates,weather_4p+tso_forecast,2208,2026-10-08 22:00:00+00:00,10256.0380859375,10995.5,,2026-07-08 16:00:00+00:00,2026-10-08 15:00:00+00:00,0,0,none,complete
2026-10-08,2026-10-09 21:19:23+00:00,online,ES,wind_onshore,xgboost_online,XGBoost with covariates,weather_4p+tso_forecast,2208,2026-10-08 23:00:00+00:00,10106.6953125,10649.25,,2026-07-08 16:00:00+00:00,2026-10-08 15:00:00+00:00,0,0,none,complete
2026-10-08,2026-10-09 21:19:23+00:00,online,ES,wind_onshore,xgboost_online,XGBoost with covariates,weather_4p+tso_forecast,2208,2026-10-09 00:00:00+00:00,9915.5107421875,10339.0,,2026-07-08 16:00:00+00:00,2026-10-08 15:00:00+00:00,0,0,none,complete
2026-10-08,2026-10-09 21:19:23+00:00,online,ES,wind_onshore,xgboost_online,XGBoost with covariates,weather_4p+tso_forecast,2208,2026-10-09 01:00:00+00:00,9863.53515625,9927.75,,2026-07-08 16:00:00+00:00,2026-10-08 15:00:00+00:00,0,0,none,complete
2026-10-08,2026-10-09 21:19:23+00:00,online,ES,wind_onshore,xgboost_online,XGBoost with covariates,weather_4p+tso_forecast,2208,2026-10-09 02:00:00+00:00,9309.048828125,9578.75,,2026-07-08 16:00:00+00:00,2026-10-08 15:00:00+00:00,0,0,none,complete
2026-10-08,2026-10-09 21:19:23+00:00,online,ES,wind_onshore,xgboost_online,XGBoost with covariates,weather_4p+tso_forecast,2208,2026-10-09 03:00:00+00:00,9005.7685546875,9294.0,,2026-07-08 16:00:00+00:00,2026-10-08 15:00:00+00:00,0,0,none,complete
2026-10-08,2026-10-09 21:19:23+00:00,online,ES,wind_onshore,xgboost_online,XGBoost with covariates,weather_4p+tso_forecast,2208,2026-10-09 04:00:00+00:00,8297.7177734375,9091.0,,2026-07-08 16:00:00+00:00,2026-10-08 15:00:00+00:00,0,0,none,complete
2026-10-08,2026-10-09 21:19:23+00:00,online,ES,wind_onshore,xgboost_online,XGBoost with covariates,weather_4p+tso_forecast,2208,2026-10-09 05:00:00+00:00,8262.3681640625,8912.0,,2026-07-08 16:00:00+00:00,2026-10-08 15:00:00+00:00,0,0,none,complete
2026-10-08,2026-10-09 21:19:23+00:00,online,ES,wind_onshore,xgboost_online,XGBoost with covariates,weather_4p+tso_forecast,2208,2026-10-09 06:00:00+00:00,7800.8203125,8419.5,,2026-07-08 16:00:00+00:00,2026-10-08 15:00:00+00:00,0,0,none,complete
2026-10-08,2026-10-09 21:19:23+00:00,online,ES,wind_onshore,xgboost_online,XGBoost with covariates,weather_4p+tso_forecast,2208,2026-10-09 07:00:00+00:00,6980.595703125,7705.75,,2026-07-08 16:00:00+00:00,2026-10-08 15:00:00+00:00,0,0,none,complete
2026-10-08,2026-10-09 21:19:23+00:00,online,ES,wind_onshore,xgboost_online,XGBoost with covariates,weather_4p+tso_forecast,2208,2026-10-09 08:00:00+00:00,6174.3564453125,7112.5,,2026-07-08 16:00:00+00:00,2026-10-08 15:00:00+00:00,0,0,none,complete
2026-10-08,2026-10-09 21:19:23+00:00,online,ES,wind_onshore,xgboost_online,XGBoost with covariates,weather_4p+tso_forecast,2208,2026-10-09 09:00:00+00:00,4664.1962890625,5731.0,,2026-07-08 16:00:00+00:00,2026-10-08 15:00:00+00:00,0,0,none,complete
2026-10-08,2026-10-09 21:19:23+00:00,online,ES,wind_onshore,xgboost_online,XGBoost with covariates,weather_4p+tso_forecast,2208,2026-10-09 10:00:00+00:00,4032.162841796875,5155.0,,2026-07-08 16:00:00+00:00,2026-10-08 15:00:00+00:00,0,0,none,complete
2026-10-08,2026-10-09 21:19:23+00:00,online,ES,wind_onshore,xgboost_online,XGBoost with covariates,weather_4p+tso_forecast,2208,2026-10-09 11:00:00+00:00,3915.918701171875,4937.25,,2026-07-08 16:00:00+00:00,2026-10-08 15:00:00+00:00,0,0,none,complete
2026-10-08,2026-10-09 21:19:23+00:00,online,ES,wind_onshore,xgboost_online,XGBoost with covariates,weather_4p+tso_forecast,2208,2026-10-09 12:00:00+00:00,3915.918701171875,5016.0,,2026-07-08 16:00:00+00:00,2026-10-08 15:00:00+00:00,0,0,none,complete
2026-10-08,2026-10-09 21:19:23+00:00,online,ES,wind_onshore,xgboost_online,XGBoost with covariates,weather_4p+tso_forecast,2208,2026-10-09 13:00:00+00:00,4149.11572265625,5076.5,,2026-07-08 16:00:00+00:00,2026-10-08 15:00:00+00:00,0,0,none,complete
2026-10-08,2026-10-09 21:19:23+00:00,online,ES,wind_onshore,xgboost_online,XGBoost with covariates,weather_4p+tso_forecast,2208,2026-10-09 14:00:00+00:00,4244.96875,5047.25,,2026-07-08 16:00:00+00:00,2026-10-08 15:00:00+00:00,0,0,none,complete
2026-10-08,2026-10-09 21:19:23+00:00,online,ES,wind_onshore,xgboost_online,XGBoost with covariates,weather_4p+tso_forecast,2208,2026-10-09 15:00:00+00:00,6007.94677734375,6501.75,,2026-07-08 16:00:00+00:00,2026-10-08 15:00:00+00:00,0,0,none,complete
2026-10-08,2026-10-09 21:19:23+00:00,online,PT,load,tso_reference,TSO forecast,tso_forecast,2208,2026-10-08 16:00:00+00:00,6541.0,6541.0,,2026-07-08 16:00:00+00:00,2026-10-08 15:00:00+00:00,0,0,none,complete
2026-10-08,2026-10-09 21:19:23+00:00,online,PT,load,tso_reference,TSO forecast,tso_forecast,2208,2026-10-08 17:00:00+00:00,6800.0,6800.0,,2026-07-08 16:00:00+00:00,2026-10-08 15:00:00+00:00,0,0,none,complete
2026-10-08,2026-10-09 21:19:23+00:00,online,PT,load,tso_reference,TSO forecast,tso_forecast,2208,2026-10-08 18:00:00+00:00,7475.0,7475.0,,2026-07-08 16:00:00+00:00,2026-10-08 15:00:00+00:00,0,0,none,complete
2026-10-08,2026-10-09 21:19:23+00:00,online,PT,load,tso_reference,TSO forecast,tso_forecast,2208,2026-10-08 19:00:00+00:00,7398.0,7398.0,,2026-07-08 16:00:00+00:00,2026-10-08 15:00:00+00:00,0,0,none,complete
2026-10-08,2026-10-09 21:19:23+00:00,online,PT,load,tso_reference,TSO forecast,tso_forecast,2208,2026-10-08 20:00:00+00:00,6885.0,6885.0,,2026-07-08 16:00:00+00:00,2026-10-08 15:00:00+00:00,0,0,none,complete
2026-10-08,2026-10-09 21:19:23+00:00,online,PT,load,tso_reference,TSO forecast,tso_forecast,2208,2026-10-08 21:00:00+00:00,6368.0,6368.0,,2026-07-08 16:00:00+00:00,2026-10-08 15:00:00+00:00,0,0,none,complete
2026-10-08,2026-10-09 21:19:23+00:00,online,PT,load,tso_reference,TSO forecast,tso_forecast,2208,2026-10-08 22:00:00+00:00,5778.0,5778.0,,2026-07-08 16:00:00+00:00,2026-10-08 15:00:00+00:00,0,0,none,complete
2026-10-08,2026-10-09 21:19:23+00:00,online,PT,load,tso_reference,TSO forecast,tso_forecast,2208,2026-10-08 23:00:00+00:00,5373.0,5373.0,,2026-07-08 16:00:00+00:00,2026-10-08 15:00:00+00:00,0,0,none,complete
2026-10-08,2026-10-09 21:19:23+00:00,online,PT,load,tso_reference,TSO forecast,tso_forecast,2208,2026-10-09 00:00:00+00:00,5087.0,5087.0,,2026-07-08 16:00:00+00:00,2026-10-08 15:00:00+00:00,0,0,none,complete
2026-10-08,2026-10-09 21:19:23+00:00,online,PT,load,tso_reference,TSO forecast,tso_forecast,2208,2026-10-09 01:00:00+00:00,4889.0,4889.0,,2026-07-08 16:00:00+00:00,2026-10-08 15:00:00+00:00,0,0,none,complete
2026-10-08,2026-10-09 21:19:23+00:00,online,PT,load,tso_reference,TSO forecast,tso_forecast,2208,2026-10-09 02:00:00+00:00,4762.0,4762.0,,2026-07-08 16:00:00+00:00,2026-10-08 15:00:00+00:00,0,0,none,complete
2026-10-08,2026-10-09 21:19:23+00:00,online,PT,load,tso_reference,TSO forecast,tso_forecast,2208,2026-10-09 03:00:00+00:00,4703.0,4703.0,,2026-07-08 16:00:00+00:00,2026-10-08 15:00:00+00:00,0,0,none,complete
2026-10-08,2026-10-09 21:19:23+00:00,online,PT,load,tso_reference,TSO forecast,tso_forecast,2208,2026-10-09 04:00:00+00:00,4800.0,4800.0,,2026-07-08 16:00:00+00:00,2026-10-08 15:00:00+00:00,0,0,none,complete
2026-10-08,2026-10-09 21:19:23+00:00,online,PT,load,tso_reference,TSO forecast,tso_forecast,2208,2026-10-09 05:00:00+00:00,5210.0,5210.0,,2026-07-08 16:00:00+00:00,2026-10-08 15:00:00+00:00,0,0,none,complete
2026-10-08,2026-10-09 21:19:23+00:00,online,PT,load,tso_reference,TSO forecast,tso_forecast,2208,2026-10-09 06:00:00+00:00,5843.0,5843.0,,2026-07-08 16:00:00+00:00,2026-10-08 15:00:00+00:00,0,0,none,complete
2026-10-08,2026-10-09 21:19:23+00:00,online,PT,load,tso_reference,TSO forecast,tso_forecast,2208,2026-10-09 07:00:00+00:00,6496.0,6496.0,,2026-07-08 16:00:00+00:00,2026-10-08 15:00:00+00:00,0,0,none,complete
2026-10-08,2026-10-09 21:19:23+00:00,online,PT,load,tso_reference,TSO forecast,tso_forecast,2208,2026-10-09 08:00:00+00:00,6572.0,6572.0,,2026-07-08 16:00:00+00:00,2026-10-08 15:00:00+00:00,0,0,none,complete
2026-10-08,2026-10-09 21:19:23+00:00,online,PT,load,tso_reference,TSO forecast,tso_forecast,2208,2026-10-09 09:00:00+00:00,6359.0,6359.0,,2026-07-08 16:00:00+00:00,2026-10-08 15:00:00+00:00,0,0,none,complete
2026-10-08,2026-10-09 21:19:23+00:00,online,PT,load,tso_reference,TSO forecast,tso_forecast,2208,2026-10-09 10:00:00+00:00,6245.0,6245.0,,2026-07-08 16:00:00+00:00,2026-10-08 15:00:00+00:00,0,0,none,complete
2026-10-08,2026-10-09 21:19:23+00:00,online,PT,load,tso_reference,TSO forecast,tso_forecast,2208,2026-10-09 11:00:00+00:00,6079.0,6079.0,,2026-07-08 16:00:00+00:00,2026-10-08 15:00:00+00:00,0,0,none,complete
2026-10-08,2026-10-09 21:19:23+00:00,online,PT,load,tso_reference,TSO forecast,tso_forecast,2208,2026-10-09 12:00:00+00:00,5994.0,5994.0,,2026-07-08 16:00:00+00:00,2026-10-08 15:00:00+00:00,0,0,none,complete
2026-10-08,2026-10-09 21:19:23+00:00,online,PT,load,tso_reference,TSO forecast,tso_forecast,2208,2026-10-09 13:00:00+00:00,6135.0,6135.0,,2026-07-08 16:00:00+00:00,2026-10-08 15:00:00+00:00,0,0,none,complete
2026-10-08,2026-10-09 21:19:23+00:00,online,PT,load,tso_reference,TSO forecast,tso_forecast,2208,2026-10-09 14:00:00+00:00,6203.0,6203.0,,2026-07-08 16:00:00+00:00,2026-10-08 15:00:00+00:00,0,0,none,complete
2026-10-08,2026-10-09 21:19:23+00:00,online,PT,load,tso_reference,TSO forecast,tso_forecast,2208,2026-10-09 15:00:00+00:00,6324.0,6324.0,,2026-07-08 16:00:00+00:00,2026-10-08 15:00:00+00:00,0,0,none,complete
2026-10-08,2026-10-09 21:19:23+00:00,online,PT,load,persistence,Persistence,weekly_persistence,2208,2026-10-08 16:00:00+00:00,6456.4,6541.0,,2026-07-08 16:00:00+00:00,2026-10-08 15:00:00+00:00,0,0,none,complete
2026-10-08,2026-10-09 21:19:23+00:00,online,PT,load,persistence,Persistence,weekly_persistence,2208,2026-10-08 17:00:00+00:00,6819.8,6800.0,,2026-07-08 16:00:00+00:00,2026-10-08 15:00:00+00:00,0,0,none,complete
2026-10-08,2026-10-09 21:19:23+00:00,online,PT,load,persistence,Persistence,weekly_persistence,2208,2026-10-08 18:00:00+00:00,7505.3,7475.0,,2026-07-08 16:00:00+00:00,2026-10-08 15:00:00+00:00,0,0,none,complete
2026-10-08,2026-10-09 21:19:23+00:00,online,PT,load,persistence,Persistence,weekly_persistence,2208,2026-10-08 19:00:00+00:00,7456.8,7398.0,,2026-07-08 16:00:00+00:00,2026-10-08 15:00:00+00:00,0,0,none,complete
2026-10-08,2026-10-09 21:19:23+00:00,online,PT,load,persistence,Persistence,weekly_persistence,2208,2026-10-08 20:00:00+00:00,6934.8,6885.0,,2026-07-08 16:00:00+00:00,2026-10-08 15:00:00+00:00,0,0,none,complete
2026-10-08,2026-10-09 21:19:23+00:00,online,PT,load,persistence,Persistence,weekly_persistence,2208,2026-10-08 21:00:00+00:00,6448.9,6368.0,,2026-07-08 16:00:00+00:00,2026-10-08 15:00:00+00:00,0,0,none,complete
2026-10-08,2026-10-09 21:19:23+00:00,online,PT,load,persistence,Persistence,weekly_persistence,2208,2026-10-08 22:00:00+00:00,5883.0,5778.0,,2026-07-08 16:00:00+00:00,2026-10-08 15:00:00+00:00,0,0,none,complete
2026-10-08,2026-10-09 21:19:23+00:00,online,PT,load,persistence,Persistence,weekly_persistence,2208,2026-10-08 23:00:00+00:00,5455.2,5373.0,,2026-07-08 16:00:00+00:00,2026-10-08 15:00:00+00:00,0,0,none,complete
2026-10-08,2026-10-09 21:19:23+00:00,online,PT,load,persistence,Persistence,weekly_persistence,2208,2026-10-09 00:00:00+00:00,5170.9,5087.0,,2026-07-08 16:00:00+00:00,2026-10-08 15:00:00+00:00,0,0,none,complete
2026-10-08,2026-10-09 21:19:23+00:00,online,PT,load,persistence,Persistence,weekly_persistence,2208,2026-10-09 01:00:00+00:00,4957.7,4889.0,,2026-07-08 16:00:00+00:00,2026-10-08 15:00:00+00:00,0,0,none,complete
2026-10-08,2026-10-09 21:19:23+00:00,online,PT,load,persistence,Persistence,weekly_persistence,2208,2026-10-09 02:00:00+00:00,4841.8,4762.0,,2026-07-08 16:00:00+00:00,2026-10-08 15:00:00+00:00,0,0,none,complete
2026-10-08,2026-10-09 21:19:23+00:00,online,PT,load,persistence,Persistence,weekly_persistence,2208,2026-10-09 03:00:00+00:00,4778.8,4703.0,,2026-07-08 16:00:00+00:00,2026-10-08 15:00:00+00:00,0,0,none,complete
2026-10-08,2026-10-09 21:19:23+00:00,online,PT,load,persistence,Persistence,weekly_persistence,2208,2026-10-09 04:00:00+00:00,4851.0,4800.0,,2026-07-08 16:00:00+00:00,2026-10-08 15:00:00+00:00,0,0,none,complete
2026-10-08,2026-10-09 21:19:23+00:00,online,PT,load,persistence,Persistence,weekly_persistence,2208,2026-10-09 05:00:00+00:00,5305.0,5210.0,,2026-07-08 16:00:00+00:00,2026-10-08 15:00:00+00:00,0,0,none,complete
2026-10-08,2026-10-09 21:19:23+00:00,online,PT,load,persistence,Persistence,weekly_persistence,2208,2026-10-09 06:00:00+00:00,5907.3,5843.0,,2026-07-08 16:00:00+00:00,2026-10-08 15:00:00+00:00,0,0,none,complete
2026-10-08,2026-10-09 21:19:23+00:00,online,PT,load,persistence,Persistence,weekly_persistence,2208,2026-10-09 07:00:00+00:00,6462.1,6496.0,,2026-07-08 16:00:00+00:00,2026-10-08 15:00:00+00:00,0,0,none,complete
2026-10-08,2026-10-09 21:19:23+00:00,online,PT,load,persistence,Persistence,weekly_persistence,2208,2026-10-09 08:00:00+00:00,6642.8,6572.0,,2026-07-08 16:00:00+00:00,2026-10-08 15:00:00+00:00,0,0,none,complete
2026-10-08,2026-10-09 21:19:23+00:00,online,PT,load,persistence,Persistence,weekly_persistence,2208,2026-10-09 09:00:00+00:00,6550.2,6359.0,,2026-07-08 16:00:00+00:00,2026-10-08 15:00:00+00:00,0,0,none,complete
2026-10-08,2026-10-09 21:19:23+00:00,online,PT,load,persistence,Persistence,weekly_persistence,2208,2026-10-09 10:00:00+00:00,6657.9,6245.0,,2026-07-08 16:00:00+00:00,2026-10-08 15:00:00+00:00,0,0,none,complete
2026-10-08,2026-10-09 21:19:23+00:00,online,PT,load,persistence,Persistence,weekly_persistence,2208,2026-10-09 11:00:00+00:00,6397.7,6079.0,,2026-07-08 16:00:00+00:00,2026-10-08 15:00:00+00:00,0,0,none,complete
2026-10-08,2026-10-09 21:19:23+00:00,online,PT,load,persistence,Persistence,weekly_persistence,2208,2026-10-09 12:00:00+00:00,6275.3,5994.0,,2026-07-08 16:00:00+00:00,2026-10-08 15:00:00+00:00,0,0,none,complete
2026-10-08,2026-10-09 21:19:23+00:00,online,PT,load,persistence,Persistence,weekly_persistence,2208,2026-10-09 13:00:00+00:00,6563.5,6135.0,,2026-07-08 16:00:00+00:00,2026-10-08 15:00:00+00:00,0,0,none,complete
2026-10-08,2026-10-09 21:19:23+00:00,online,PT,load,persistence,Persistence,weekly_persistence,2208,2026-10-09 14:00:00+00:00,6720.9,6203.0,,2026-07-08 16:00:00+00:00,2026-10-08 15:00:00+00:00,0,0,none,complete
2026-10-08,2026-10-09 21:19:23+00:00,online,PT,load,persistence,Persistence,weekly_persistence,2208,2026-10-09 15:00:00+00:00,6792.2,6324.0,,2026-07-08 16:00:00+00:00,2026-10-08 15:00:00+00:00,0,0,none,complete
2026-10-08,2026-10-09 21:19:23+00:00,online,PT,load,ridge_3mo_context,Ridge with covariates,tso_forecast,2208,2026-10-08 16:00:00+00:00,6542.914194142952,6541.0,,2026-07-08 16:00:00+00:00,2026-10-08 15:00:00+00:00,0,0,none,complete
2026-10-08,2026-10-09 21:19:23+00:00,online,PT,load,ridge_3mo_context,Ridge with covariates,tso_forecast,2208,2026-10-08 17:00:00+00:00,6804.249013554712,6800.0,,2026-07-08 16:00:00+00:00,2026-10-08 15:00:00+00:00,0,0,none,complete
2026-10-08,2026-10-09 21:19:23+00:00,online,PT,load,ridge_3mo_context,Ridge with covariates,tso_forecast,2208,2026-10-08 18:00:00+00:00,7486.08961393652,7475.0,,2026-07-08 16:00:00+00:00,2026-10-08 15:00:00+00:00,0,0,none,complete
2026-10-08,2026-10-09 21:19:23+00:00,online,PT,load,ridge_3mo_context,Ridge with covariates,tso_forecast,2208,2026-10-08 19:00:00+00:00,7407.785148718627,7398.0,,2026-07-08 16:00:00+00:00,2026-10-08 15:00:00+00:00,0,0,none,complete
2026-10-08,2026-10-09 21:19:23+00:00,online,PT,load,ridge_3mo_context,Ridge with covariates,tso_forecast,2208,2026-10-08 20:00:00+00:00,6888.75827844559,6885.0,,2026-07-08 16:00:00+00:00,2026-10-08 15:00:00+00:00,0,0,none,complete
2026-10-08,2026-10-09 21:19:23+00:00,online,PT,load,ridge_3mo_context,Ridge with covariates,tso_forecast,2208,2026-10-08 21:00:00+00:00,6365.688083355533,6368.0,,2026-07-08 16:00:00+00:00,2026-10-08 15:00:00+00:00,0,0,none,complete
2026-10-08,2026-10-09 21:19:23+00:00,online,PT,load,ridge_3mo_context,Ridge with covariates,tso_forecast,2208,2026-10-08 22:00:00+00:00,5768.827210354867,5778.0,,2026-07-08 16:00:00+00:00,2026-10-08 15:00:00+00:00,0,0,none,complete
2026-10-08,2026-10-09 21:19:23+00:00,online,PT,load,ridge_3mo_context,Ridge with covariates,tso_forecast,2208,2026-10-08 23:00:00+00:00,5358.970110141361,5373.0,,2026-07-08 16:00:00+00:00,2026-10-08 15:00:00+00:00,0,0,none,complete
2026-10-08,2026-10-09 21:19:23+00:00,online,PT,load,ridge_3mo_context,Ridge with covariates,tso_forecast,2208,2026-10-09 00:00:00+00:00,5081.61912310238,5087.0,,2026-07-08 16:00:00+00:00,2026-10-08 15:00:00+00:00,0,0,none,complete
2026-10-08,2026-10-09 21:19:23+00:00,online,PT,load,ridge_3mo_context,Ridge with covariates,tso_forecast,2208,2026-10-09 01:00:00+00:00,4881.004082169642,4889.0,,2026-07-08 16:00:00+00:00,2026-10-08 15:00:00+00:00,0,0,none,complete
2026-10-08,2026-10-09 21:19:23+00:00,online,PT,load,ridge_3mo_context,Ridge with covariates,tso_forecast,2208,2026-10-09 02:00:00+00:00,4752.158056739004,4762.0,,2026-07-08 16:00:00+00:00,2026-10-08 15:00:00+00:00,0,0,none,complete
2026-10-08,2026-10-09 21:19:23+00:00,online,PT,load,ridge_3mo_context,Ridge with covariates,tso_forecast,2208,2026-10-09 03:00:00+00:00,4692.0485531977,4703.0,,2026-07-08 16:00:00+00:00,2026-10-08 15:00:00+00:00,0,0,none,complete
2026-10-08,2026-10-09 21:19:23+00:00,online,PT,load,ridge_3mo_context,Ridge with covariates,tso_forecast,2208,2026-10-09 04:00:00+00:00,4789.628717520164,4800.0,,2026-07-08 16:00:00+00:00,2026-10-08 15:00:00+00:00,0,0,none,complete
2026-10-08,2026-10-09 21:19:23+00:00,online,PT,load,ridge_3mo_context,Ridge with covariates,tso_forecast,2208,2026-10-09 05:00:00+00:00,5203.599048774418,5210.0,,2026-07-08 16:00:00+00:00,2026-10-08 15:00:00+00:00,0,0,none,complete
2026-10-08,2026-10-09 21:19:23+00:00,online,PT,load,ridge_3mo_context,Ridge with covariates,tso_forecast,2208,2026-10-09 06:00:00+00:00,5842.984738577519,5843.0,,2026-07-08 16:00:00+00:00,2026-10-08 15:00:00+00:00,0,0,none,complete
2026-10-08,2026-10-09 21:19:23+00:00,online,PT,load,ridge_3mo_context,Ridge with covariates,tso_forecast,2208,2026-10-09 07:00:00+00:00,6502.587052465718,6496.0,,2026-07-08 16:00:00+00:00,2026-10-08 15:00:00+00:00,0,0,none,complete
2026-10-08,2026-10-09 21:19:23+00:00,online,PT,load,ridge_3mo_context,Ridge with covariates,tso_forecast,2208,2026-10-09 08:00:00+00:00,6578.939761498829,6572.0,,2026-07-08 16:00:00+00:00,2026-10-08 15:00:00+00:00,0,0,none,complete
2026-10-08,2026-10-09 21:19:23+00:00,online,PT,load,ridge_3mo_context,Ridge with covariates,tso_forecast,2208,2026-10-09 09:00:00+00:00,6363.162252502268,6359.0,,2026-07-08 16:00:00+00:00,2026-10-08 15:00:00+00:00,0,0,none,complete
2026-10-08,2026-10-09 21:19:23+00:00,online,PT,load,ridge_3mo_context,Ridge with covariates,tso_forecast,2208,2026-10-09 10:00:00+00:00,6247.457032726943,6245.0,,2026-07-08 16:00:00+00:00,2026-10-08 15:00:00+00:00,0,0,none,complete
2026-10-08,2026-10-09 21:19:23+00:00,online,PT,load,ridge_3mo_context,Ridge with covariates,tso_forecast,2208,2026-10-09 11:00:00+00:00,6079.188590330364,6079.0,,2026-07-08 16:00:00+00:00,2026-10-08 15:00:00+00:00,0,0,none,complete
2026-10-08,2026-10-09 21:19:23+00:00,online,PT,load,ridge_3mo_context,Ridge with covariates,tso_forecast,2208,2026-10-09 12:00:00+00:00,5992.797475478432,5994.0,,2026-07-08 16:00:00+00:00,2026-10-08 15:00:00+00:00,0,0,none,complete
2026-10-08,2026-10-09 21:19:23+00:00,online,PT,load,ridge_3mo_context,Ridge with covariates,tso_forecast,2208,2026-10-09 13:00:00+00:00,6134.854212788112,6135.0,,2026-07-08 16:00:00+00:00,2026-10-08 15:00:00+00:00,0,0,none,complete
2026-10-08,2026-10-09 21:19:23+00:00,online,PT,load,ridge_3mo_context,Ridge with covariates,tso_forecast,2208,2026-10-09 14:00:00+00:00,6203.120272187183,6203.0,,2026-07-08 16:00:00+00:00,2026-10-08 15:00:00+00:00,0,0,none,complete
2026-10-08,2026-10-09 21:19:23+00:00,online,PT,load,ridge_3mo_context,Ridge with covariates,tso_forecast,2208,2026-10-09 15:00:00+00:00,6324.960385411765,6324.0,,2026-07-08 16:00:00+00:00,2026-10-08 15:00:00+00:00,0,0,none,complete
2026-10-08,2026-10-09 21:19:23+00:00,online,PT,load,chronos2_online,Chronos2 with covariates,Hum+tso_forecast,2208,2026-10-08 16:00:00+00:00,6529.6611328125,6541.0,,2026-07-08 16:00:00+00:00,2026-10-08 15:00:00+00:00,0,0,none,complete
2026-10-08,2026-10-09 21:19:23+00:00,online,PT,load,chronos2_online,Chronos2 with covariates,Hum+tso_forecast,2208,2026-10-08 17:00:00+00:00,6803.64453125,6800.0,,2026-07-08 16:00:00+00:00,2026-10-08 15:00:00+00:00,0,0,none,complete
2026-10-08,2026-10-09 21:19:23+00:00,online,PT,load,chronos2_online,Chronos2 with covariates,Hum+tso_forecast,2208,2026-10-08 18:00:00+00:00,7405.7978515625,7475.0,,2026-07-08 16:00:00+00:00,2026-10-08 15:00:00+00:00,0,0,none,complete
2026-10-08,2026-10-09 21:19:23+00:00,online,PT,load,chronos2_online,Chronos2 with covariates,Hum+tso_forecast,2208,2026-10-08 19:00:00+00:00,7356.59765625,7398.0,,2026-07-08 16:00:00+00:00,2026-10-08 15:00:00+00:00,0,0,none,complete
2026-10-08,2026-10-09 21:19:23+00:00,online,PT,load,chronos2_online,Chronos2 with covariates,Hum+tso_forecast,2208,2026-10-08 20:00:00+00:00,6828.33544921875,6885.0,,2026-07-08 16:00:00+00:00,2026-10-08 15:00:00+00:00,0,0,none,complete
2026-10-08,2026-10-09 21:19:23+00:00,online,PT,load,chronos2_online,Chronos2 with covariates,Hum+tso_forecast,2208,2026-10-08 21:00:00+00:00,6277.9599609375,6368.0,,2026-07-08 16:00:00+00:00,2026-10-08 15:00:00+00:00,0,0,none,complete
2026-10-08,2026-10-09 21:19:23+00:00,online,PT,load,chronos2_online,Chronos2 with covariates,Hum+tso_forecast,2208,2026-10-08 22:00:00+00:00,5761.10205078125,5778.0,,2026-07-08 16:00:00+00:00,2026-10-08 15:00:00+00:00,0,0,none,complete
2026-10-08,2026-10-09 21:19:23+00:00,online,PT,load,chronos2_online,Chronos2 with covariates,Hum+tso_forecast,2208,2026-10-08 23:00:00+00:00,5386.45361328125,5373.0,,2026-07-08 16:00:00+00:00,2026-10-08 15:00:00+00:00,0,0,none,complete
2026-10-08,2026-10-09 21:19:23+00:00,online,PT,load,chronos2_online,Chronos2 with covariates,Hum+tso_forecast,2208,2026-10-09 00:00:00+00:00,5132.259765625,5087.0,,2026-07-08 16:00:00+00:00,2026-10-08 15:00:00+00:00,0,0,none,complete
2026-10-08,2026-10-09 21:19:23+00:00,online,PT,load,chronos2_online,Chronos2 with covariates,Hum+tso_forecast,2208,2026-10-09 01:00:00+00:00,4977.6328125,4889.0,,2026-07-08 16:00:00+00:00,2026-10-08 15:00:00+00:00,0,0,none,complete
2026-10-08,2026-10-09 21:19:23+00:00,online,PT,load,chronos2_online,Chronos2 with covariates,Hum+tso_forecast,2208,2026-10-09 02:00:00+00:00,4894.54541015625,4762.0,,2026-07-08 16:00:00+00:00,2026-10-08 15:00:00+00:00,0,0,none,complete
2026-10-08,2026-10-09 21:19:23+00:00,online,PT,load,chronos2_online,Chronos2 with covariates,Hum+tso_forecast,2208,2026-10-09 03:00:00+00:00,4855.38525390625,4703.0,,2026-07-08 16:00:00+00:00,2026-10-08 15:00:00+00:00,0,0,none,complete
2026-10-08,2026-10-09 21:19:23+00:00,online,PT,load,chronos2_online,Chronos2 with covariates,Hum+tso_forecast,2208,2026-10-09 04:00:00+00:00,4900.79248046875,4800.0,,2026-07-08 16:00:00+00:00,2026-10-08 15:00:00+00:00,0,0,none,complete
2026-10-08,2026-10-09 21:19:23+00:00,online,PT,load,chronos2_online,Chronos2 with covariates,Hum+tso_forecast,2208,2026-10-09 05:00:00+00:00,5336.90234375,5210.0,,2026-07-08 16:00:00+00:00,2026-10-08 15:00:00+00:00,0,0,none,complete
2026-10-08,2026-10-09 21:19:23+00:00,online,PT,load,chronos2_online,Chronos2 with covariates,Hum+tso_forecast,2208,2026-10-09 06:00:00+00:00,5968.5859375,5843.0,,2026-07-08 16:00:00+00:00,2026-10-08 15:00:00+00:00,0,0,none,complete
2026-10-08,2026-10-09 21:19:23+00:00,online,PT,load,chronos2_online,Chronos2 with covariates,Hum+tso_forecast,2208,2026-10-09 07:00:00+00:00,6526.4736328125,6496.0,,2026-07-08 16:00:00+00:00,2026-10-08 15:00:00+00:00,0,0,none,complete
2026-10-08,2026-10-09 21:19:23+00:00,online,PT,load,chronos2_online,Chronos2 with covariates,Hum+tso_forecast,2208,2026-10-09 08:00:00+00:00,6573.0498046875,6572.0,,2026-07-08 16:00:00+00:00,2026-10-08 15:00:00+00:00,0,0,none,complete
2026-10-08,2026-10-09 21:19:23+00:00,online,PT,load,chronos2_online,Chronos2 with covariates,Hum+tso_forecast,2208,2026-10-09 09:00:00+00:00,6360.7509765625,6359.0,,2026-07-08 16:00:00+00:00,2026-10-08 15:00:00+00:00,0,0,none,complete
2026-10-08,2026-10-09 21:19:23+00:00,online,PT,load,chronos2_online,Chronos2 with covariates,Hum+tso_forecast,2208,2026-10-09 10:00:00+00:00,6252.41552734375,6245.0,,2026-07-08 16:00:00+00:00,2026-10-08 15:00:00+00:00,0,0,none,complete
2026-10-08,2026-10-09 21:19:23+00:00,online,PT,load,chronos2_online,Chronos2 with covariates,Hum+tso_forecast,2208,2026-10-09 11:00:00+00:00,6084.6650390625,6079.0,,2026-07-08 16:00:00+00:00,2026-10-08 15:00:00+00:00,0,0,none,complete
2026-10-08,2026-10-09 21:19:23+00:00,online,PT,load,chronos2_online,Chronos2 with covariates,Hum+tso_forecast,2208,2026-10-09 12:00:00+00:00,5999.951171875,5994.0,,2026-07-08 16:00:00+00:00,2026-10-08 15:00:00+00:00,0,0,none,complete
2026-10-08,2026-10-09 21:19:23+00:00,online,PT,load,chronos2_online,Chronos2 with covariates,Hum+tso_forecast,2208,2026-10-09 13:00:00+00:00,6170.74365234375,6135.0,,2026-07-08 16:00:00+00:00,2026-10-08 15:00:00+00:00,0,0,none,complete
2026-10-08,2026-10-09 21:19:23+00:00,online,PT,load,chronos2_online,Chronos2 with covariates,Hum+tso_forecast,2208,2026-10-09 14:00:00+00:00,6333.94580078125,6203.0,,2026-07-08 16:00:00+00:00,2026-10-08 15:00:00+00:00,0,0,none,complete
2026-10-08,2026-10-09 21:19:23+00:00,online,PT,load,chronos2_online,Chronos2 with covariates,Hum+tso_forecast,2208,2026-10-09 15:00:00+00:00,6491.15234375,6324.0,,2026-07-08 16:00:00+00:00,2026-10-08 15:00:00+00:00,0,0,none,complete
2026-10-08,2026-10-09 21:19:23+00:00,online,PT,solar,tso_reference,TSO forecast,tso_forecast,2208,2026-10-08 16:00:00+00:00,1073.7,1073.7,,2026-07-08 16:00:00+00:00,2026-10-08 15:00:00+00:00,0,0,none,complete
2026-10-08,2026-10-09 21:19:23+00:00,online,PT,solar,tso_reference,TSO forecast,tso_forecast,2208,2026-10-08 17:00:00+00:00,320.6,320.6,,2026-07-08 16:00:00+00:00,2026-10-08 15:00:00+00:00,0,0,none,complete
2026-10-08,2026-10-09 21:19:23+00:00,online,PT,solar,tso_reference,TSO forecast,tso_forecast,2208,2026-10-08 18:00:00+00:00,6.9,6.9,,2026-07-08 16:00:00+00:00,2026-10-08 15:00:00+00:00,0,0,none,complete
2026-10-08,2026-10-09 21:19:23+00:00,online,PT,solar,tso_reference,TSO forecast,tso_forecast,2208,2026-10-08 19:00:00+00:00,4.2,4.2,,2026-07-08 16:00:00+00:00,2026-10-08 15:00:00+00:00,0,0,none,complete
2026-10-08,2026-10-09 21:19:23+00:00,online,PT,solar,tso_reference,TSO forecast,tso_forecast,2208,2026-10-08 20:00:00+00:00,4.2,4.2,,2026-07-08 16:00:00+00:00,2026-10-08 15:00:00+00:00,0,0,none,complete
2026-10-08,2026-10-09 21:19:23+00:00,online,PT,solar,tso_reference,TSO forecast,tso_forecast,2208,2026-10-08 21:00:00+00:00,1.7,1.7,,2026-07-08 16:00:00+00:00,2026-10-08 15:00:00+00:00,0,0,none,complete
2026-10-08,2026-10-09 21:19:23+00:00,online,PT,solar,tso_reference,TSO forecast,tso_forecast,2208,2026-10-08 22:00:00+00:00,0.0,0.0,,2026-07-08 16:00:00+00:00,2026-10-08 15:00:00+00:00,0,0,none,complete
2026-10-08,2026-10-09 21:19:23+00:00,online,PT,solar,tso_reference,TSO forecast,tso_forecast,2208,2026-10-08 23:00:00+00:00,0.0,0.0,,2026-07-08 16:00:00+00:00,2026-10-08 15:00:00+00:00,0,0,none,complete
2026-10-08,2026-10-09 21:19:23+00:00,online,PT,solar,tso_reference,TSO forecast,tso_forecast,2208,2026-10-09 00:00:00+00:00,0.0,0.0,,2026-07-08 16:00:00+00:00,2026-10-08 15:00:00+00:00,0,0,none,complete
2026-10-08,2026-10-09 21:19:23+00:00,online,PT,solar,tso_reference,TSO forecast,tso_forecast,2208,2026-10-09 01:00:00+00:00,0.0,0.0,,2026-07-08 16:00:00+00:00,2026-10-08 15:00:00+00:00,0,0,none,complete
2026-10-08,2026-10-09 21:19:23+00:00,online,PT,solar,tso_reference,TSO forecast,tso_forecast,2208,2026-10-09 02:00:00+00:00,0.0,0.0,,2026-07-08 16:00:00+00:00,2026-10-08 15:00:00+00:00,0,0,none,complete
2026-10-08,2026-10-09 21:19:23+00:00,online,PT,solar,tso_reference,TSO forecast,tso_forecast,2208,2026-10-09 03:00:00+00:00,0.0,0.0,,2026-07-08 16:00:00+00:00,2026-10-08 15:00:00+00:00,0,0,none,complete
2026-10-08,2026-10-09 21:19:23+00:00,online,PT,solar,tso_reference,TSO forecast,tso_forecast,2208,2026-10-09 04:00:00+00:00,0.0,0.0,,2026-07-08 16:00:00+00:00,2026-10-08 15:00:00+00:00,0,0,none,complete
2026-10-08,2026-10-09 21:19:23+00:00,online,PT,solar,tso_reference,TSO forecast,tso_forecast,2208,2026-10-09 05:00:00+00:00,0.0,0.0,,2026-07-08 16:00:00+00:00,2026-10-08 15:00:00+00:00,0,0,none,complete
2026-10-08,2026-10-09 21:19:23+00:00,online,PT,solar,tso_reference,TSO forecast,tso_forecast,2208,2026-10-09 06:00:00+00:00,20.6,20.6,,2026-07-08 16:00:00+00:00,2026-10-08 15:00:00+00:00,0,0,none,complete
2026-10-08,2026-10-09 21:19:23+00:00,online,PT,solar,tso_reference,TSO forecast,tso_forecast,2208,2026-10-09 07:00:00+00:00,643.8,643.8,,2026-07-08 16:00:00+00:00,2026-10-08 15:00:00+00:00,0,0,none,complete
2026-10-08,2026-10-09 21:19:23+00:00,online,PT,solar,tso_reference,TSO forecast,tso_forecast,2208,2026-10-09 08:00:00+00:00,1593.4,1593.4,,2026-07-08 16:00:00+00:00,2026-10-08 15:00:00+00:00,0,0,none,complete
2026-10-08,2026-10-09 21:19:23+00:00,online,PT,solar,tso_reference,TSO forecast,tso_forecast,2208,2026-10-09 09:00:00+00:00,2096.4,2096.4,,2026-07-08 16:00:00+00:00,2026-10-08 15:00:00+00:00,0,0,none,complete
2026-10-08,2026-10-09 21:19:23+00:00,online,PT,solar,tso_reference,TSO forecast,tso_forecast,2208,2026-10-09 10:00:00+00:00,2340.6,2340.6,,2026-07-08 16:00:00+00:00,2026-10-08 15:00:00+00:00,0,0,none,complete
2026-10-08,2026-10-09 21:19:23+00:00,online,PT,solar,tso_reference,TSO forecast,tso_forecast,2208,2026-10-09 11:00:00+00:00,2552.1,2552.1,,2026-07-08 16:00:00+00:00,2026-10-08 15:00:00+00:00,0,0,none,complete
2026-10-08,2026-10-09 21:19:23+00:00,online,PT,solar,tso_reference,TSO forecast,tso_forecast,2208,2026-10-09 12:00:00+00:00,2609.7,2609.7,,2026-07-08 16:00:00+00:00,2026-10-08 15:00:00+00:00,0,0,none,complete
2026-10-08,2026-10-09 21:19:23+00:00,online,PT,solar,tso_reference,TSO forecast,tso_forecast,2208,2026-10-09 13:00:00+00:00,2707.3,2707.3,,2026-07-08 16:00:00+00:00,2026-10-08 15:00:00+00:00,0,0,none,complete
2026-10-08,2026-10-09 21:19:23+00:00,online,PT,solar,tso_reference,TSO forecast,tso_forecast,2208,2026-10-09 14:00:00+00:00,2596.4,2596.4,,2026-07-08 16:00:00+00:00,2026-10-08 15:00:00+00:00,0,0,none,complete
2026-10-08,2026-10-09 21:19:23+00:00,online,PT,solar,tso_reference,TSO forecast,tso_forecast,2208,2026-10-09 15:00:00+00:00,2165.7,2165.7,,2026-07-08 16:00:00+00:00,2026-10-08 15:00:00+00:00,0,0,none,complete
2026-10-08,2026-10-09 21:19:23+00:00,online,PT,solar,persistence,Persistence,daily_persistence,2208,2026-10-08 16:00:00+00:00,1278.4,1073.7,,2026-07-08 16:00:00+00:00,2026-10-08 15:00:00+00:00,0,0,none,complete
2026-10-08,2026-10-09 21:19:23+00:00,online,PT,solar,persistence,Persistence,daily_persistence,2208,2026-10-08 17:00:00+00:00,305.2,320.6,,2026-07-08 16:00:00+00:00,2026-10-08 15:00:00+00:00,0,0,none,complete
2026-10-08,2026-10-09 21:19:23+00:00,online,PT,solar,persistence,Persistence,daily_persistence,2208,2026-10-08 18:00:00+00:00,14.8,6.9,,2026-07-08 16:00:00+00:00,2026-10-08 15:00:00+00:00,0,0,none,complete
2026-10-08,2026-10-09 21:19:23+00:00,online,PT,solar,persistence,Persistence,daily_persistence,2208,2026-10-08 19:00:00+00:00,22.3,4.2,,2026-07-08 16:00:00+00:00,2026-10-08 15:00:00+00:00,0,0,none,complete
2026-10-08,2026-10-09 21:19:23+00:00,online,PT,solar,persistence,Persistence,daily_persistence,2208,2026-10-08 20:00:00+00:00,16.6,4.2,,2026-07-08 16:00:00+00:00,2026-10-08 15:00:00+00:00,0,0,none,complete
2026-10-08,2026-10-09 21:19:23+00:00,online,PT,solar,persistence,Persistence,daily_persistence,2208,2026-10-08 21:00:00+00:00,12.7,1.7,,2026-07-08 16:00:00+00:00,2026-10-08 15:00:00+00:00,0,0,none,complete
2026-10-08,2026-10-09 21:19:23+00:00,online,PT,solar,persistence,Persistence,daily_persistence,2208,2026-10-08 22:00:00+00:00,0.0,0.0,,2026-07-08 16:00:00+00:00,2026-10-08 15:00:00+00:00,0,0,none,complete
2026-10-08,2026-10-09 21:19:23+00:00,online,PT,solar,persistence,Persistence,daily_persistence,2208,2026-10-08 23:00:00+00:00,0.0,0.0,,2026-07-08 16:00:00+00:00,2026-10-08 15:00:00+00:00,0,0,none,complete
2026-10-08,2026-10-09 21:19:23+00:00,online,PT,solar,persistence,Persistence,daily_persistence,2208,2026-10-09 00:00:00+00:00,0.0,0.0,,2026-07-08 16:00:00+00:00,2026-10-08 15:00:00+00:00,0,0,none,complete
2026-10-08,2026-10-09 21:19:23+00:00,online,PT,solar,persistence,Persistence,daily_persistence,2208,2026-10-09 01:00:00+00:00,0.0,0.0,,2026-07-08 16:00:00+00:00,2026-10-08 15:00:00+00:00,0,0,none,complete
2026-10-08,2026-10-09 21:19:23+00:00,online,PT,solar,persistence,Persistence,daily_persistence,2208,2026-10-09 02:00:00+00:00,0.0,0.0,,2026-07-08 16:00:00+00:00,2026-10-08 15:00:00+00:00,0,0,none,complete
2026-10-08,2026-10-09 21:19:23+00:00,online,PT,solar,persistence,Persistence,daily_persistence,2208,2026-10-09 03:00:00+00:00,0.0,0.0,,2026-07-08 16:00:00+00:00,2026-10-08 15:00:00+00:00,0,0,none,complete
2026-10-08,2026-10-09 21:19:23+00:00,online,PT,solar,persistence,Persistence,daily_persistence,2208,2026-10-09 04:00:00+00:00,0.0,0.0,,2026-07-08 16:00:00+00:00,2026-10-08 15:00:00+00:00,0,0,none,complete
2026-10-08,2026-10-09 21:19:23+00:00,online,PT,solar,persistence,Persistence,daily_persistence,2208,2026-10-09 05:00:00+00:00,0.0,0.0,,2026-07-08 16:00:00+00:00,2026-10-08 15:00:00+00:00,0,0,none,complete
2026-10-08,2026-10-09 21:19:23+00:00,online,PT,solar,persistence,Persistence,daily_persistence,2208,2026-10-09 06:00:00+00:00,18.2,20.6,,2026-07-08 16:00:00+00:00,2026-10-08 15:00:00+00:00,0,0,none,complete
2026-10-08,2026-10-09 21:19:23+00:00,online,PT,solar,persistence,Persistence,daily_persistence,2208,2026-10-09 07:00:00+00:00,553.1,643.8,,2026-07-08 16:00:00+00:00,2026-10-08 15:00:00+00:00,0,0,none,complete
2026-10-08,2026-10-09 21:19:23+00:00,online,PT,solar,persistence,Persistence,daily_persistence,2208,2026-10-09 08:00:00+00:00,1546.0,1593.4,,2026-07-08 16:00:00+00:00,2026-10-08 15:00:00+00:00,0,0,none,complete
2026-10-08,2026-10-09 21:19:23+00:00,online,PT,solar,persistence,Persistence,daily_persistence,2208,2026-10-09 09:00:00+00:00,2039.0,2096.4,,2026-07-08 16:00:00+00:00,2026-10-08 15:00:00+00:00,0,0,none,complete
2026-10-08,2026-10-09 21:19:23+00:00,online,PT,solar,persistence,Persistence,daily_persistence,2208,2026-10-09 10:00:00+00:00,2277.7,2340.6,,2026-07-08 16:00:00+00:00,2026-10-08 15:00:00+00:00,0,0,none,complete
2026-10-08,2026-10-09 21:19:23+00:00,online,PT,solar,persistence,Persistence,daily_persistence,2208,2026-10-09 11:00:00+00:00,2530.9,2552.1,,2026-07-08 16:00:00+00:00,2026-10-08 15:00:00+00:00,0,0,none,complete
2026-10-08,2026-10-09 21:19:23+00:00,online,PT,solar,persistence,Persistence,daily_persistence,2208,2026-10-09 12:00:00+00:00,2444.6,2609.7,,2026-07-08 16:00:00+00:00,2026-10-08 15:00:00+00:00,0,0,none,complete
2026-10-08,2026-10-09 21:19:23+00:00,online,PT,solar,persistence,Persistence,daily_persistence,2208,2026-10-09 13:00:00+00:00,2378.4,2707.3,,2026-07-08 16:00:00+00:00,2026-10-08 15:00:00+00:00,0,0,none,complete
2026-10-08,2026-10-09 21:19:23+00:00,online,PT,solar,persistence,Persistence,daily_persistence,2208,2026-10-09 14:00:00+00:00,2219.2,2596.4,,2026-07-08 16:00:00+00:00,2026-10-08 15:00:00+00:00,0,0,none,complete
2026-10-08,2026-10-09 21:19:23+00:00,online,PT,solar,persistence,Persistence,daily_persistence,2208,2026-10-09 15:00:00+00:00,1808.1,2165.7,,2026-07-08 16:00:00+00:00,2026-10-08 15:00:00+00:00,0,0,none,complete
2026-10-08,2026-10-09 21:19:23+00:00,online,PT,solar,chronos2_online,Chronos2 with covariates,weather_4p+tso_forecast,2208,2026-10-08 16:00:00+00:00,1057.6746826171875,1073.7,,2026-07-08 16:00:00+00:00,2026-10-08 15:00:00+00:00,0,0,none,complete
2026-10-08,2026-10-09 21:19:23+00:00,online,PT,solar,chronos2_online,Chronos2 with covariates,weather_4p+tso_forecast,2208,2026-10-08 17:00:00+00:00,149.65338134765625,320.6,,2026-07-08 16:00:00+00:00,2026-10-08 15:00:00+00:00,0,0,none,complete
2026-10-08,2026-10-09 21:19:23+00:00,online,PT,solar,chronos2_online,Chronos2 with covariates,weather_4p+tso_forecast,2208,2026-10-08 18:00:00+00:00,23.0284423828125,6.9,,2026-07-08 16:00:00+00:00,2026-10-08 15:00:00+00:00,0,0,none,complete
2026-10-08,2026-10-09 21:19:23+00:00,online,PT,solar,chronos2_online,Chronos2 with covariates,weather_4p+tso_forecast,2208,2026-10-08 19:00:00+00:00,18.02783203125,4.2,,2026-07-08 16:00:00+00:00,2026-10-08 15:00:00+00:00,0,0,none,complete
2026-10-08,2026-10-09 21:19:23+00:00,online,PT,solar,chronos2_online,Chronos2 with covariates,weather_4p+tso_forecast,2208,2026-10-08 20:00:00+00:00,14.621826171875,4.2,,2026-07-08 16:00:00+00:00,2026-10-08 15:00:00+00:00,0,0,none,complete
2026-10-08,2026-10-09 21:19:23+00:00,online,PT,solar,chronos2_online,Chronos2 with covariates,weather_4p+tso_forecast,2208,2026-10-08 21:00:00+00:00,22.5098876953125,1.7,,2026-07-08 16:00:00+00:00,2026-10-08 15:00:00+00:00,0,0,none,complete
2026-10-08,2026-10-09 21:19:23+00:00,online,PT,solar,chronos2_online,Chronos2 with covariates,weather_4p+tso_forecast,2208,2026-10-08 22:00:00+00:00,24.45703125,0.0,,2026-07-08 16:00:00+00:00,2026-10-08 15:00:00+00:00,0,0,none,complete
2026-10-08,2026-10-09 21:19:23+00:00,online,PT,solar,chronos2_online,Chronos2 with covariates,weather_4p+tso_forecast,2208,2026-10-08 23:00:00+00:00,22.1226806640625,0.0,,2026-07-08 16:00:00+00:00,2026-10-08 15:00:00+00:00,0,0,none,complete
2026-10-08,2026-10-09 21:19:23+00:00,online,PT,solar,chronos2_online,Chronos2 with covariates,weather_4p+tso_forecast,2208,2026-10-09 00:00:00+00:00,21.23388671875,0.0,,2026-07-08 16:00:00+00:00,2026-10-08 15:00:00+00:00,0,0,none,complete
2026-10-08,2026-10-09 21:19:23+00:00,online,PT,solar,chronos2_online,Chronos2 with covariates,weather_4p+tso_forecast,2208,2026-10-09 01:00:00+00:00,24.0625,0.0,,2026-07-08 16:00:00+00:00,2026-10-08 15:00:00+00:00,0,0,none,complete
2026-10-08,2026-10-09 21:19:23+00:00,online,PT,solar,chronos2_online,Chronos2 with covariates,weather_4p+tso_forecast,2208,2026-10-09 02:00:00+00:00,22.1312255859375,0.0,,2026-07-08 16:00:00+00:00,2026-10-08 15:00:00+00:00,0,0,none,complete
2026-10-08,2026-10-09 21:19:23+00:00,online,PT,solar,chronos2_online,Chronos2 with covariates,weather_4p+tso_forecast,2208,2026-10-09 03:00:00+00:00,25.4697265625,0.0,,2026-07-08 16:00:00+00:00,2026-10-08 15:00:00+00:00,0,0,none,complete
2026-10-08,2026-10-09 21:19:23+00:00,online,PT,solar,chronos2_online,Chronos2 with covariates,weather_4p+tso_forecast,2208,2026-10-09 04:00:00+00:00,25.546630859375,0.0,,2026-07-08 16:00:00+00:00,2026-10-08 15:00:00+00:00,0,0,none,complete
2026-10-08,2026-10-09 21:19:23+00:00,online,PT,solar,chronos2_online,Chronos2 with covariates,weather_4p+tso_forecast,2208,2026-10-09 05:00:00+00:00,21.8199462890625,0.0,,2026-07-08 16:00:00+00:00,2026-10-08 15:00:00+00:00,0,0,none,complete
2026-10-08,2026-10-09 21:19:23+00:00,online,PT,solar,chronos2_online,Chronos2 with covariates,weather_4p+tso_forecast,2208,2026-10-09 06:00:00+00:00,26.73974609375,20.6,,2026-07-08 16:00:00+00:00,2026-10-08 15:00:00+00:00,0,0,none,complete
2026-10-08,2026-10-09 21:19:23+00:00,online,PT,solar,chronos2_online,Chronos2 with covariates,weather_4p+tso_forecast,2208,2026-10-09 07:00:00+00:00,550.241455078125,643.8,,2026-07-08 16:00:00+00:00,2026-10-08 15:00:00+00:00,0,0,none,complete
2026-10-08,2026-10-09 21:19:23+00:00,online,PT,solar,chronos2_online,Chronos2 with covariates,weather_4p+tso_forecast,2208,2026-10-09 08:00:00+00:00,1444.69970703125,1593.4,,2026-07-08 16:00:00+00:00,2026-10-08 15:00:00+00:00,0,0,none,complete
2026-10-08,2026-10-09 21:19:23+00:00,online,PT,solar,chronos2_online,Chronos2 with covariates,weather_4p+tso_forecast,2208,2026-10-09 09:00:00+00:00,1965.3447265625,2096.4,,2026-07-08 16:00:00+00:00,2026-10-08 15:00:00+00:00,0,0,none,complete
2026-10-08,2026-10-09 21:19:23+00:00,online,PT,solar,chronos2_online,Chronos2 with covariates,weather_4p+tso_forecast,2208,2026-10-09 10:00:00+00:00,2258.0302734375,2340.6,,2026-07-08 16:00:00+00:00,2026-10-08 15:00:00+00:00,0,0,none,complete
2026-10-08,2026-10-09 21:19:23+00:00,online,PT,solar,chronos2_online,Chronos2 with covariates,weather_4p+tso_forecast,2208,2026-10-09 11:00:00+00:00,2483.285888671875,2552.1,,2026-07-08 16:00:00+00:00,2026-10-08 15:00:00+00:00,0,0,none,complete
2026-10-08,2026-10-09 21:19:23+00:00,online,PT,solar,chronos2_online,Chronos2 with covariates,weather_4p+tso_forecast,2208,2026-10-09 12:00:00+00:00,2509.67822265625,2609.7,,2026-07-08 16:00:00+00:00,2026-10-08 15:00:00+00:00,0,0,none,complete
2026-10-08,2026-10-09 21:19:23+00:00,online,PT,solar,chronos2_online,Chronos2 with covariates,weather_4p+tso_forecast,2208,2026-10-09 13:00:00+00:00,2436.2099609375,2707.3,,2026-07-08 16:00:00+00:00,2026-10-08 15:00:00+00:00,0,0,none,complete
2026-10-08,2026-10-09 21:19:23+00:00,online,PT,solar,chronos2_online,Chronos2 with covariates,weather_4p+tso_forecast,2208,2026-10-09 14:00:00+00:00,2278.62841796875,2596.4,,2026-07-08 16:00:00+00:00,2026-10-08 15:00:00+00:00,0,0,none,complete
2026-10-08,2026-10-09 21:19:23+00:00,online,PT,solar,chronos2_online,Chronos2 with covariates,weather_4p+tso_forecast,2208,2026-10-09 15:00:00+00:00,1909.26953125,2165.7,,2026-07-08 16:00:00+00:00,2026-10-08 15:00:00+00:00,0,0,none,complete
2026-10-08,2026-10-09 21:19:23+00:00,online,PT,solar,xgboost_online,XGBoost with covariates,weather_4p+tso_forecast,2208,2026-10-08 16:00:00+00:00,1263.1185302734375,1073.7,,2026-07-08 16:00:00+00:00,2026-10-08 15:00:00+00:00,0,0,none,complete
2026-10-08,2026-10-09 21:19:23+00:00,online,PT,solar,xgboost_online,XGBoost with covariates,weather_4p+tso_forecast,2208,2026-10-08 17:00:00+00:00,315.7225036621094,320.6,,2026-07-08 16:00:00+00:00,2026-10-08 15:00:00+00:00,0,0,none,complete
2026-10-08,2026-10-09 21:19:23+00:00,online,PT,solar,xgboost_online,XGBoost with covariates,weather_4p+tso_forecast,2208,2026-10-08 18:00:00+00:00,47.17630386352539,6.9,,2026-07-08 16:00:00+00:00,2026-10-08 15:00:00+00:00,0,0,none,complete
2026-10-08,2026-10-09 21:19:23+00:00,online,PT,solar,xgboost_online,XGBoost with covariates,weather_4p+tso_forecast,2208,2026-10-08 19:00:00+00:00,18.8638858795166,4.2,,2026-07-08 16:00:00+00:00,2026-10-08 15:00:00+00:00,0,0,none,complete
2026-10-08,2026-10-09 21:19:23+00:00,online,PT,solar,xgboost_online,XGBoost with covariates,weather_4p+tso_forecast,2208,2026-10-08 20:00:00+00:00,18.8638858795166,4.2,,2026-07-08 16:00:00+00:00,2026-10-08 15:00:00+00:00,0,0,none,complete
2026-10-08,2026-10-09 21:19:23+00:00,online,PT,solar,xgboost_online,XGBoost with covariates,weather_4p+tso_forecast,2208,2026-10-08 21:00:00+00:00,18.8638858795166,1.7,,2026-07-08 16:00:00+00:00,2026-10-08 15:00:00+00:00,0,0,none,complete
2026-10-08,2026-10-09 21:19:23+00:00,online,PT,solar,xgboost_online,XGBoost with covariates,weather_4p+tso_forecast,2208,2026-10-08 22:00:00+00:00,18.8638858795166,0.0,,2026-07-08 16:00:00+00:00,2026-10-08 15:00:00+00:00,0,0,none,complete
2026-10-08,2026-10-09 21:19:23+00:00,online,PT,solar,xgboost_online,XGBoost with covariates,weather_4p+tso_forecast,2208,2026-10-08 23:00:00+00:00,18.8638858795166,0.0,,2026-07-08 16:00:00+00:00,2026-10-08 15:00:00+00:00,0,0,none,complete
2026-10-08,2026-10-09 21:19:23+00:00,online,PT,solar,xgboost_online,XGBoost with covariates,weather_4p+tso_forecast,2208,2026-10-09 00:00:00+00:00,22.45067977905273,0.0,,2026-07-08 16:00:00+00:00,2026-10-08 15:00:00+00:00,0,0,none,complete
2026-10-08,2026-10-09 21:19:23+00:00,online,PT,solar,xgboost_online,XGBoost with covariates,weather_4p+tso_forecast,2208,2026-10-09 01:00:00+00:00,22.45067977905273,0.0,,2026-07-08 16:00:00+00:00,2026-10-08 15:00:00+00:00,0,0,none,complete
2026-10-08,2026-10-09 21:19:23+00:00,online,PT,solar,xgboost_online,XGBoost with covariates,weather_4p+tso_forecast,2208,2026-10-09 02:00:00+00:00,22.45067977905273,0.0,,2026-07-08 16:00:00+00:00,2026-10-08 15:00:00+00:00,0,0,none,complete
2026-10-08,2026-10-09 21:19:23+00:00,online,PT,solar,xgboost_online,XGBoost with covariates,weather_4p+tso_forecast,2208,2026-10-09 03:00:00+00:00,22.45067977905273,0.0,,2026-07-08 16:00:00+00:00,2026-10-08 15:00:00+00:00,0,0,none,complete
2026-10-08,2026-10-09 21:19:23+00:00,online,PT,solar,xgboost_online,XGBoost with covariates,weather_4p+tso_forecast,2208,2026-10-09 04:00:00+00:00,23.7509822845459,0.0,,2026-07-08 16:00:00+00:00,2026-10-08 15:00:00+00:00,0,0,none,complete
2026-10-08,2026-10-09 21:19:23+00:00,online,PT,solar,xgboost_online,XGBoost with covariates,weather_4p+tso_forecast,2208,2026-10-09 05:00:00+00:00,23.7509822845459,0.0,,2026-07-08 16:00:00+00:00,2026-10-08 15:00:00+00:00,0,0,none,complete
2026-10-08,2026-10-09 21:19:23+00:00,online,PT,solar,xgboost_online,XGBoost with covariates,weather_4p+tso_forecast,2208,2026-10-09 06:00:00+00:00,31.78620338439941,20.6,,2026-07-08 16:00:00+00:00,2026-10-08 15:00:00+00:00,0,0,none,complete
2026-10-08,2026-10-09 21:19:23+00:00,online,PT,solar,xgboost_online,XGBoost with covariates,weather_4p+tso_forecast,2208,2026-10-09 07:00:00+00:00,598.1332397460938,643.8,,2026-07-08 16:00:00+00:00,2026-10-08 15:00:00+00:00,0,0,none,complete
2026-10-08,2026-10-09 21:19:23+00:00,online,PT,solar,xgboost_online,XGBoost with covariates,weather_4p+tso_forecast,2208,2026-10-09 08:00:00+00:00,1710.822265625,1593.4,,2026-07-08 16:00:00+00:00,2026-10-08 15:00:00+00:00,0,0,none,complete
2026-10-08,2026-10-09 21:19:23+00:00,online,PT,solar,xgboost_online,XGBoost with covariates,weather_4p+tso_forecast,2208,2026-10-09 09:00:00+00:00,2239.008056640625,2096.4,,2026-07-08 16:00:00+00:00,2026-10-08 15:00:00+00:00,0,0,none,complete
2026-10-08,2026-10-09 21:19:23+00:00,online,PT,solar,xgboost_online,XGBoost with covariates,weather_4p+tso_forecast,2208,2026-10-09 10:00:00+00:00,2327.6943359375,2340.6,,2026-07-08 16:00:00+00:00,2026-10-08 15:00:00+00:00,0,0,none,complete
2026-10-08,2026-10-09 21:19:23+00:00,online,PT,solar,xgboost_online,XGBoost with covariates,weather_4p+tso_forecast,2208,2026-10-09 11:00:00+00:00,2613.383544921875,2552.1,,2026-07-08 16:00:00+00:00,2026-10-08 15:00:00+00:00,0,0,none,complete
2026-10-08,2026-10-09 21:19:23+00:00,online,PT,solar,xgboost_online,XGBoost with covariates,weather_4p+tso_forecast,2208,2026-10-09 12:00:00+00:00,2729.29150390625,2609.7,,2026-07-08 16:00:00+00:00,2026-10-08 15:00:00+00:00,0,0,none,complete
2026-10-08,2026-10-09 21:19:23+00:00,online,PT,solar,xgboost_online,XGBoost with covariates,weather_4p+tso_forecast,2208,2026-10-09 13:00:00+00:00,2783.744140625,2707.3,,2026-07-08 16:00:00+00:00,2026-10-08 15:00:00+00:00,0,0,none,complete
2026-10-08,2026-10-09 21:19:23+00:00,online,PT,solar,xgboost_online,XGBoost with covariates,weather_4p+tso_forecast,2208,2026-10-09 14:00:00+00:00,2690.971923828125,2596.4,,2026-07-08 16:00:00+00:00,2026-10-08 15:00:00+00:00,0,0,none,complete
2026-10-08,2026-10-09 21:19:23+00:00,online,PT,solar,xgboost_online,XGBoost with covariates,weather_4p+tso_forecast,2208,2026-10-09 15:00:00+00:00,2275.290771484375,2165.7,,2026-07-08 16:00:00+00:00,2026-10-08 15:00:00+00:00,0,0,none,complete
2026-10-08,2026-10-09 21:19:23+00:00,online,PT,wind_onshore,tso_reference,TSO forecast,tso_forecast,2208,2026-10-08 16:00:00+00:00,1677.4,1677.4,,2026-07-08 16:00:00+00:00,2026-10-08 15:00:00+00:00,0,0,none,complete
2026-10-08,2026-10-09 21:19:23+00:00,online,PT,wind_onshore,tso_reference,TSO forecast,tso_forecast,2208,2026-10-08 17:00:00+00:00,1914.9,1914.9,,2026-07-08 16:00:00+00:00,2026-10-08 15:00:00+00:00,0,0,none,complete
2026-10-08,2026-10-09 21:19:23+00:00,online,PT,wind_onshore,tso_reference,TSO forecast,tso_forecast,2208,2026-10-08 18:00:00+00:00,2245.4,2245.4,,2026-07-08 16:00:00+00:00,2026-10-08 15:00:00+00:00,0,0,none,complete
2026-10-08,2026-10-09 21:19:23+00:00,online,PT,wind_onshore,tso_reference,TSO forecast,tso_forecast,2208,2026-10-08 19:00:00+00:00,2534.0,2534.0,,2026-07-08 16:00:00+00:00,2026-10-08 15:00:00+00:00,0,0,none,complete
2026-10-08,2026-10-09 21:19:23+00:00,online,PT,wind_onshore,tso_reference,TSO forecast,tso_forecast,2208,2026-10-08 20:00:00+00:00,2777.9,2777.9,,2026-07-08 16:00:00+00:00,2026-10-08 15:00:00+00:00,0,0,none,complete
2026-10-08,2026-10-09 21:19:23+00:00,online,PT,wind_onshore,tso_reference,TSO forecast,tso_forecast,2208,2026-10-08 21:00:00+00:00,3003.9,3003.9,,2026-07-08 16:00:00+00:00,2026-10-08 15:00:00+00:00,0,0,none,complete
2026-10-08,2026-10-09 21:19:23+00:00,online,PT,wind_onshore,tso_reference,TSO forecast,tso_forecast,2208,2026-10-08 22:00:00+00:00,3123.3,3123.3,,2026-07-08 16:00:00+00:00,2026-10-08 15:00:00+00:00,0,0,none,complete
2026-10-08,2026-10-09 21:19:23+00:00,online,PT,wind_onshore,tso_reference,TSO forecast,tso_forecast,2208,2026-10-08 23:00:00+00:00,3234.5,3234.5,,2026-07-08 16:00:00+00:00,2026-10-08 15:00:00+00:00,0,0,none,complete
2026-10-08,2026-10-09 21:19:23+00:00,online,PT,wind_onshore,tso_reference,TSO forecast,tso_forecast,2208,2026-10-09 00:00:00+00:00,3259.1,3259.1,,2026-07-08 16:00:00+00:00,2026-10-08 15:00:00+00:00,0,0,none,complete
2026-10-08,2026-10-09 21:19:23+00:00,online,PT,wind_onshore,tso_reference,TSO forecast,tso_forecast,2208,2026-10-09 01:00:00+00:00,3202.5,3202.5,,2026-07-08 16:00:00+00:00,2026-10-08 15:00:00+00:00,0,0,none,complete
2026-10-08,2026-10-09 21:19:23+00:00,online,PT,wind_onshore,tso_reference,TSO forecast,tso_forecast,2208,2026-10-09 02:00:00+00:00,3100.8,3100.8,,2026-07-08 16:00:00+00:00,2026-10-08 15:00:00+00:00,0,0,none,complete
2026-10-08,2026-10-09 21:19:23+00:00,online,PT,wind_onshore,tso_reference,TSO forecast,tso_forecast,2208,2026-10-09 03:00:00+00:00,2969.6,2969.6,,2026-07-08 16:00:00+00:00,2026-10-08 15:00:00+00:00,0,0,none,complete
2026-10-08,2026-10-09 21:19:23+00:00,online,PT,wind_onshore,tso_reference,TSO forecast,tso_forecast,2208,2026-10-09 04:00:00+00:00,2806.7,2806.7,,2026-07-08 16:00:00+00:00,2026-10-08 15:00:00+00:00,0,0,none,complete
2026-10-08,2026-10-09 21:19:23+00:00,online,PT,wind_onshore,tso_reference,TSO forecast,tso_forecast,2208,2026-10-09 05:00:00+00:00,2626.6,2626.6,,2026-07-08 16:00:00+00:00,2026-10-08 15:00:00+00:00,0,0,none,complete
2026-10-08,2026-10-09 21:19:23+00:00,online,PT,wind_onshore,tso_reference,TSO forecast,tso_forecast,2208,2026-10-09 06:00:00+00:00,2431.2,2431.2,,2026-07-08 16:00:00+00:00,2026-10-08 15:00:00+00:00,0,0,none,complete
2026-10-08,2026-10-09 21:19:23+00:00,online,PT,wind_onshore,tso_reference,TSO forecast,tso_forecast,2208,2026-10-09 07:00:00+00:00,2179.7,2179.7,,2026-07-08 16:00:00+00:00,2026-10-08 15:00:00+00:00,0,0,none,complete
2026-10-08,2026-10-09 21:19:23+00:00,online,PT,wind_onshore,tso_reference,TSO forecast,tso_forecast,2208,2026-10-09 08:00:00+00:00,1774.9,1774.9,,2026-07-08 16:00:00+00:00,2026-10-08 15:00:00+00:00,0,0,none,complete
2026-10-08,2026-10-09 21:19:23+00:00,online,PT,wind_onshore,tso_reference,TSO forecast,tso_forecast,2208,2026-10-09 09:00:00+00:00,1329.4,1329.4,,2026-07-08 16:00:00+00:00,2026-10-08 15:00:00+00:00,0,0,none,complete
2026-10-08,2026-10-09 21:19:23+00:00,online,PT,wind_onshore,tso_reference,TSO forecast,tso_forecast,2208,2026-10-09 10:00:00+00:00,985.7,985.7,,2026-07-08 16:00:00+00:00,2026-10-08 15:00:00+00:00,0,0,none,complete
2026-10-08,2026-10-09 21:19:23+00:00,online,PT,wind_onshore,tso_reference,TSO forecast,tso_forecast,2208,2026-10-09 11:00:00+00:00,731.5,731.5,,2026-07-08 16:00:00+00:00,2026-10-08 15:00:00+00:00,0,0,none,complete
2026-10-08,2026-10-09 21:19:23+00:00,online,PT,wind_onshore,tso_reference,TSO forecast,tso_forecast,2208,2026-10-09 12:00:00+00:00,544.9,544.9,,2026-07-08 16:00:00+00:00,2026-10-08 15:00:00+00:00,0,0,none,complete
2026-10-08,2026-10-09 21:19:23+00:00,online,PT,wind_onshore,tso_reference,TSO forecast,tso_forecast,2208,2026-10-09 13:00:00+00:00,453.3,453.3,,2026-07-08 16:00:00+00:00,2026-10-08 15:00:00+00:00,0,0,none,complete
2026-10-08,2026-10-09 21:19:23+00:00,online,PT,wind_onshore,tso_reference,TSO forecast,tso_forecast,2208,2026-10-09 14:00:00+00:00,468.0,468.0,,2026-07-08 16:00:00+00:00,2026-10-08 15:00:00+00:00,0,0,none,complete
2026-10-08,2026-10-09 21:19:23+00:00,online,PT,wind_onshore,tso_reference,TSO forecast,tso_forecast,2208,2026-10-09 15:00:00+00:00,538.3,538.3,,2026-07-08 16:00:00+00:00,2026-10-08 15:00:00+00:00,0,0,none,complete
2026-10-08,2026-10-09 21:19:23+00:00,online,PT,wind_onshore,persistence,Persistence,daily_persistence,2208,2026-10-08 16:00:00+00:00,1525.6,1677.4,,2026-07-08 16:00:00+00:00,2026-10-08 15:00:00+00:00,0,0,none,complete
2026-10-08,2026-10-09 21:19:23+00:00,online,PT,wind_onshore,persistence,Persistence,daily_persistence,2208,2026-10-08 17:00:00+00:00,1877.3,1914.9,,2026-07-08 16:00:00+00:00,2026-10-08 15:00:00+00:00,0,0,none,complete
2026-10-08,2026-10-09 21:19:23+00:00,online,PT,wind_onshore,persistence,Persistence,daily_persistence,2208,2026-10-08 18:00:00+00:00,2144.7,2245.4,,2026-07-08 16:00:00+00:00,2026-10-08 15:00:00+00:00,0,0,none,complete
2026-10-08,2026-10-09 21:19:23+00:00,online,PT,wind_onshore,persistence,Persistence,daily_persistence,2208,2026-10-08 19:00:00+00:00,2477.8,2534.0,,2026-07-08 16:00:00+00:00,2026-10-08 15:00:00+00:00,0,0,none,complete
2026-10-08,2026-10-09 21:19:23+00:00,online,PT,wind_onshore,persistence,Persistence,daily_persistence,2208,2026-10-08 20:00:00+00:00,2624.3,2777.9,,2026-07-08 16:00:00+00:00,2026-10-08 15:00:00+00:00,0,0,none,complete
2026-10-08,2026-10-09 21:19:23+00:00,online,PT,wind_onshore,persistence,Persistence,daily_persistence,2208,2026-10-08 21:00:00+00:00,2527.7,3003.9,,2026-07-08 16:00:00+00:00,2026-10-08 15:00:00+00:00,0,0,none,complete
2026-10-08,2026-10-09 21:19:23+00:00,online,PT,wind_onshore,persistence,Persistence,daily_persistence,2208,2026-10-08 22:00:00+00:00,2228.6,3123.3,,2026-07-08 16:00:00+00:00,2026-10-08 15:00:00+00:00,0,0,none,complete
2026-10-08,2026-10-09 21:19:23+00:00,online,PT,wind_onshore,persistence,Persistence,daily_persistence,2208,2026-10-08 23:00:00+00:00,1959.6,3234.5,,2026-07-08 16:00:00+00:00,2026-10-08 15:00:00+00:00,0,0,none,complete
2026-10-08,2026-10-09 21:19:23+00:00,online,PT,wind_onshore,persistence,Persistence,daily_persistence,2208,2026-10-09 00:00:00+00:00,1925.7,3259.1,,2026-07-08 16:00:00+00:00,2026-10-08 15:00:00+00:00,0,0,none,complete
2026-10-08,2026-10-09 21:19:23+00:00,online,PT,wind_onshore,persistence,Persistence,daily_persistence,2208,2026-10-09 01:00:00+00:00,1938.9,3202.5,,2026-07-08 16:00:00+00:00,2026-10-08 15:00:00+00:00,0,0,none,complete
2026-10-08,2026-10-09 21:19:23+00:00,online,PT,wind_onshore,persistence,Persistence,daily_persistence,2208,2026-10-09 02:00:00+00:00,1994.4,3100.8,,2026-07-08 16:00:00+00:00,2026-10-08 15:00:00+00:00,0,0,none,complete
2026-10-08,2026-10-09 21:19:23+00:00,online,PT,wind_onshore,persistence,Persistence,daily_persistence,2208,2026-10-09 03:00:00+00:00,2088.7,2969.6,,2026-07-08 16:00:00+00:00,2026-10-08 15:00:00+00:00,0,0,none,complete
2026-10-08,2026-10-09 21:19:23+00:00,online,PT,wind_onshore,persistence,Persistence,daily_persistence,2208,2026-10-09 04:00:00+00:00,1969.3,2806.7,,2026-07-08 16:00:00+00:00,2026-10-08 15:00:00+00:00,0,0,none,complete
2026-10-08,2026-10-09 21:19:23+00:00,online,PT,wind_onshore,persistence,Persistence,daily_persistence,2208,2026-10-09 05:00:00+00:00,2179.6,2626.6,,2026-07-08 16:00:00+00:00,2026-10-08 15:00:00+00:00,0,0,none,complete
2026-10-08,2026-10-09 21:19:23+00:00,online,PT,wind_onshore,persistence,Persistence,daily_persistence,2208,2026-10-09 06:00:00+00:00,2316.6,2431.2,,2026-07-08 16:00:00+00:00,2026-10-08 15:00:00+00:00,0,0,none,complete
2026-10-08,2026-10-09 21:19:23+00:00,online,PT,wind_onshore,persistence,Persistence,daily_persistence,2208,2026-10-09 07:00:00+00:00,2373.2,2179.7,,2026-07-08 16:00:00+00:00,2026-10-08 15:00:00+00:00,0,0,none,complete
2026-10-08,2026-10-09 21:19:23+00:00,online,PT,wind_onshore,persistence,Persistence,daily_persistence,2208,2026-10-09 08:00:00+00:00,2338.9,1774.9,,2026-07-08 16:00:00+00:00,2026-10-08 15:00:00+00:00,0,0,none,complete
2026-10-08,2026-10-09 21:19:23+00:00,online,PT,wind_onshore,persistence,Persistence,daily_persistence,2208,2026-10-09 09:00:00+00:00,2029.1,1329.4,,2026-07-08 16:00:00+00:00,2026-10-08 15:00:00+00:00,0,0,none,complete
2026-10-08,2026-10-09 21:19:23+00:00,online,PT,wind_onshore,persistence,Persistence,daily_persistence,2208,2026-10-09 10:00:00+00:00,1755.6,985.7,,2026-07-08 16:00:00+00:00,2026-10-08 15:00:00+00:00,0,0,none,complete
2026-10-08,2026-10-09 21:19:23+00:00,online,PT,wind_onshore,persistence,Persistence,daily_persistence,2208,2026-10-09 11:00:00+00:00,1341.6,731.5,,2026-07-08 16:00:00+00:00,2026-10-08 15:00:00+00:00,0,0,none,complete
2026-10-08,2026-10-09 21:19:23+00:00,online,PT,wind_onshore,persistence,Persistence,daily_persistence,2208,2026-10-09 12:00:00+00:00,1075.6,544.9,,2026-07-08 16:00:00+00:00,2026-10-08 15:00:00+00:00,0,0,none,complete
2026-10-08,2026-10-09 21:19:23+00:00,online,PT,wind_onshore,persistence,Persistence,daily_persistence,2208,2026-10-09 13:00:00+00:00,983.5,453.3,,2026-07-08 16:00:00+00:00,2026-10-08 15:00:00+00:00,0,0,none,complete
2026-10-08,2026-10-09 21:19:23+00:00,online,PT,wind_onshore,persistence,Persistence,daily_persistence,2208,2026-10-09 14:00:00+00:00,1161.8,468.0,,2026-07-08 16:00:00+00:00,2026-10-08 15:00:00+00:00,0,0,none,complete
2026-10-08,2026-10-09 21:19:23+00:00,online,PT,wind_onshore,persistence,Persistence,daily_persistence,2208,2026-10-09 15:00:00+00:00,1351.0,538.3,,2026-07-08 16:00:00+00:00,2026-10-08 15:00:00+00:00,0,0,none,complete
2026-10-08,2026-10-09 21:19:23+00:00,online,PT,wind_onshore,chronos2_online,Chronos2 with covariates,weather_4p+tso_forecast,2208,2026-10-08 16:00:00+00:00,1557.612548828125,1677.4,,2026-07-08 16:00:00+00:00,2026-10-08 15:00:00+00:00,0,0,none,complete
2026-10-08,2026-10-09 21:19:23+00:00,online,PT,wind_onshore,chronos2_online,Chronos2 with covariates,weather_4p+tso_forecast,2208,2026-10-08 17:00:00+00:00,1821.84228515625,1914.9,,2026-07-08 16:00:00+00:00,2026-10-08 15:00:00+00:00,0,0,none,complete
2026-10-08,2026-10-09 21:19:23+00:00,online,PT,wind_onshore,chronos2_online,Chronos2 with covariates,weather_4p+tso_forecast,2208,2026-10-08 18:00:00+00:00,2252.93896484375,2245.4,,2026-07-08 16:00:00+00:00,2026-10-08 15:00:00+00:00,0,0,none,complete
2026-10-08,2026-10-09 21:19:23+00:00,online,PT,wind_onshore,chronos2_online,Chronos2 with covariates,weather_4p+tso_forecast,2208,2026-10-08 19:00:00+00:00,2652.857666015625,2534.0,,2026-07-08 16:00:00+00:00,2026-10-08 15:00:00+00:00,0,0,none,complete
2026-10-08,2026-10-09 21:19:23+00:00,online,PT,wind_onshore,chronos2_online,Chronos2 with covariates,weather_4p+tso_forecast,2208,2026-10-08 20:00:00+00:00,2908.79248046875,2777.9,,2026-07-08 16:00:00+00:00,2026-10-08 15:00:00+00:00,0,0,none,complete
2026-10-08,2026-10-09 21:19:23+00:00,online,PT,wind_onshore,chronos2_online,Chronos2 with covariates,weather_4p+tso_forecast,2208,2026-10-08 21:00:00+00:00,3077.860595703125,3003.9,,2026-07-08 16:00:00+00:00,2026-10-08 15:00:00+00:00,0,0,none,complete
2026-10-08,2026-10-09 21:19:23+00:00,online,PT,wind_onshore,chronos2_online,Chronos2 with covariates,weather_4p+tso_forecast,2208,2026-10-08 22:00:00+00:00,3170.388916015625,3123.3,,2026-07-08 16:00:00+00:00,2026-10-08 15:00:00+00:00,0,0,none,complete
2026-10-08,2026-10-09 21:19:23+00:00,online,PT,wind_onshore,chronos2_online,Chronos2 with covariates,weather_4p+tso_forecast,2208,2026-10-08 23:00:00+00:00,3266.526123046875,3234.5,,2026-07-08 16:00:00+00:00,2026-10-08 15:00:00+00:00,0,0,none,complete
2026-10-08,2026-10-09 21:19:23+00:00,online,PT,wind_onshore,chronos2_online,Chronos2 with covariates,weather_4p+tso_forecast,2208,2026-10-09 00:00:00+00:00,3227.596923828125,3259.1,,2026-07-08 16:00:00+00:00,2026-10-08 15:00:00+00:00,0,0,none,complete
2026-10-08,2026-10-09 21:19:23+00:00,online,PT,wind_onshore,chronos2_online,Chronos2 with covariates,weather_4p+tso_forecast,2208,2026-10-09 01:00:00+00:00,3124.894287109375,3202.5,,2026-07-08 16:00:00+00:00,2026-10-08 15:00:00+00:00,0,0,none,complete
2026-10-08,2026-10-09 21:19:23+00:00,online,PT,wind_onshore,chronos2_online,Chronos2 with covariates,weather_4p+tso_forecast,2208,2026-10-09 02:00:00+00:00,2957.75146484375,3100.8,,2026-07-08 16:00:00+00:00,2026-10-08 15:00:00+00:00,0,0,none,complete
2026-10-08,2026-10-09 21:19:23+00:00,online,PT,wind_onshore,chronos2_online,Chronos2 with covariates,weather_4p+tso_forecast,2208,2026-10-09 03:00:00+00:00,2775.10400390625,2969.6,,2026-07-08 16:00:00+00:00,2026-10-08 15:00:00+00:00,0,0,none,complete
2026-10-08,2026-10-09 21:19:23+00:00,online,PT,wind_onshore,chronos2_online,Chronos2 with covariates,weather_4p+tso_forecast,2208,2026-10-09 04:00:00+00:00,2580.23291015625,2806.7,,2026-07-08 16:00:00+00:00,2026-10-08 15:00:00+00:00,0,0,none,complete
2026-10-08,2026-10-09 21:19:23+00:00,online,PT,wind_onshore,chronos2_online,Chronos2 with covariates,weather_4p+tso_forecast,2208,2026-10-09 05:00:00+00:00,2453.157470703125,2626.6,,2026-07-08 16:00:00+00:00,2026-10-08 15:00:00+00:00,0,0,none,complete
2026-10-08,2026-10-09 21:19:23+00:00,online,PT,wind_onshore,chronos2_online,Chronos2 with covariates,weather_4p+tso_forecast,2208,2026-10-09 06:00:00+00:00,2302.76953125,2431.2,,2026-07-08 16:00:00+00:00,2026-10-08 15:00:00+00:00,0,0,none,complete
2026-10-08,2026-10-09 21:19:23+00:00,online,PT,wind_onshore,chronos2_online,Chronos2 with covariates,weather_4p+tso_forecast,2208,2026-10-09 07:00:00+00:00,2119.45703125,2179.7,,2026-07-08 16:00:00+00:00,2026-10-08 15:00:00+00:00,0,0,none,complete
2026-10-08,2026-10-09 21:19:23+00:00,online,PT,wind_onshore,chronos2_online,Chronos2 with covariates,weather_4p+tso_forecast,2208,2026-10-09 08:00:00+00:00,1754.055908203125,1774.9,,2026-07-08 16:00:00+00:00,2026-10-08 15:00:00+00:00,0,0,none,complete
2026-10-08,2026-10-09 21:19:23+00:00,online,PT,wind_onshore,chronos2_online,Chronos2 with covariates,weather_4p+tso_forecast,2208,2026-10-09 09:00:00+00:00,1301.571533203125,1329.4,,2026-07-08 16:00:00+00:00,2026-10-08 15:00:00+00:00,0,0,none,complete
2026-10-08,2026-10-09 21:19:23+00:00,online,PT,wind_onshore,chronos2_online,Chronos2 with covariates,weather_4p+tso_forecast,2208,2026-10-09 10:00:00+00:00,882.9868774414062,985.7,,2026-07-08 16:00:00+00:00,2026-10-08 15:00:00+00:00,0,0,none,complete
2026-10-08,2026-10-09 21:19:23+00:00,online,PT,wind_onshore,chronos2_online,Chronos2 with covariates,weather_4p+tso_forecast,2208,2026-10-09 11:00:00+00:00,550.947509765625,731.5,,2026-07-08 16:00:00+00:00,2026-10-08 15:00:00+00:00,0,0,none,complete
2026-10-08,2026-10-09 21:19:23+00:00,online,PT,wind_onshore,chronos2_online,Chronos2 with covariates,weather_4p+tso_forecast,2208,2026-10-09 12:00:00+00:00,372.8001708984375,544.9,,2026-07-08 16:00:00+00:00,2026-10-08 15:00:00+00:00,0,0,none,complete
2026-10-08,2026-10-09 21:19:23+00:00,online,PT,wind_onshore,chronos2_online,Chronos2 with covariates,weather_4p+tso_forecast,2208,2026-10-09 13:00:00+00:00,307.412353515625,453.3,,2026-07-08 16:00:00+00:00,2026-10-08 15:00:00+00:00,0,0,none,complete
2026-10-08,2026-10-09 21:19:23+00:00,online,PT,wind_onshore,chronos2_online,Chronos2 with covariates,weather_4p+tso_forecast,2208,2026-10-09 14:00:00+00:00,331.2460327148437,468.0,,2026-07-08 16:00:00+00:00,2026-10-08 15:00:00+00:00,0,0,none,complete
2026-10-08,2026-10-09 21:19:23+00:00,online,PT,wind_onshore,chronos2_online,Chronos2 with covariates,weather_4p+tso_forecast,2208,2026-10-09 15:00:00+00:00,417.2542114257813,538.3,,2026-07-08 16:00:00+00:00,2026-10-08 15:00:00+00:00,0,0,none,complete
2026-10-08,2026-10-09 21:19:23+00:00,online,PT,wind_onshore,xgboost_online,XGBoost with covariates,weather_4p+tso_forecast,2208,2026-10-08 16:00:00+00:00,1566.960205078125,1677.4,,2026-07-08 16:00:00+00:00,2026-10-08 15:00:00+00:00,0,0,none,complete
2026-10-08,2026-10-09 21:19:23+00:00,online,PT,wind_onshore,xgboost_online,XGBoost with covariates,weather_4p+tso_forecast,2208,2026-10-08 17:00:00+00:00,2040.630126953125,1914.9,,2026-07-08 16:00:00+00:00,2026-10-08 15:00:00+00:00,0,0,none,complete
2026-10-08,2026-10-09 21:19:23+00:00,online,PT,wind_onshore,xgboost_online,XGBoost with covariates,weather_4p+tso_forecast,2208,2026-10-08 18:00:00+00:00,2165.835693359375,2245.4,,2026-07-08 16:00:00+00:00,2026-10-08 15:00:00+00:00,0,0,none,complete
2026-10-08,2026-10-09 21:19:23+00:00,online,PT,wind_onshore,xgboost_online,XGBoost with covariates,weather_4p+tso_forecast,2208,2026-10-08 19:00:00+00:00,2645.15576171875,2534.0,,2026-07-08 16:00:00+00:00,2026-10-08 15:00:00+00:00,0,0,none,complete
2026-10-08,2026-10-09 21:19:23+00:00,online,PT,wind_onshore,xgboost_online,XGBoost with covariates,weather_4p+tso_forecast,2208,2026-10-08 20:00:00+00:00,2776.366943359375,2777.9,,2026-07-08 16:00:00+00:00,2026-10-08 15:00:00+00:00,0,0,none,complete
2026-10-08,2026-10-09 21:19:23+00:00,online,PT,wind_onshore,xgboost_online,XGBoost with covariates,weather_4p+tso_forecast,2208,2026-10-08 21:00:00+00:00,2862.67919921875,3003.9,,2026-07-08 16:00:00+00:00,2026-10-08 15:00:00+00:00,0,0,none,complete
2026-10-08,2026-10-09 21:19:23+00:00,online,PT,wind_onshore,xgboost_online,XGBoost with covariates,weather_4p+tso_forecast,2208,2026-10-08 22:00:00+00:00,3134.29150390625,3123.3,,2026-07-08 16:00:00+00:00,2026-10-08 15:00:00+00:00,0,0,none,complete
2026-10-08,2026-10-09 21:19:23+00:00,online,PT,wind_onshore,xgboost_online,XGBoost with covariates,weather_4p+tso_forecast,2208,2026-10-08 23:00:00+00:00,3096.369873046875,3234.5,,2026-07-08 16:00:00+00:00,2026-10-08 15:00:00+00:00,0,0,none,complete
2026-10-08,2026-10-09 21:19:23+00:00,online,PT,wind_onshore,xgboost_online,XGBoost with covariates,weather_4p+tso_forecast,2208,2026-10-09 00:00:00+00:00,3285.92431640625,3259.1,,2026-07-08 16:00:00+00:00,2026-10-08 15:00:00+00:00,0,0,none,complete
2026-10-08,2026-10-09 21:19:23+00:00,online,PT,wind_onshore,xgboost_online,XGBoost with covariates,weather_4p+tso_forecast,2208,2026-10-09 01:00:00+00:00,3104.624267578125,3202.5,,2026-07-08 16:00:00+00:00,2026-10-08 15:00:00+00:00,0,0,none,complete
2026-10-08,2026-10-09 21:19:23+00:00,online,PT,wind_onshore,xgboost_online,XGBoost with covariates,weather_4p+tso_forecast,2208,2026-10-09 02:00:00+00:00,3091.612548828125,3100.8,,2026-07-08 16:00:00+00:00,2026-10-08 15:00:00+00:00,0,0,none,complete
2026-10-08,2026-10-09 21:19:23+00:00,online,PT,wind_onshore,xgboost_online,XGBoost with covariates,weather_4p+tso_forecast,2208,2026-10-09 03:00:00+00:00,2765.0380859375,2969.6,,2026-07-08 16:00:00+00:00,2026-10-08 15:00:00+00:00,0,0,none,complete
2026-10-08,2026-10-09 21:19:23+00:00,online,PT,wind_onshore,xgboost_online,XGBoost with covariates,weather_4p+tso_forecast,2208,2026-10-09 04:00:00+00:00,2644.80029296875,2806.7,,2026-07-08 16:00:00+00:00,2026-10-08 15:00:00+00:00,0,0,none,complete
2026-10-08,2026-10-09 21:19:23+00:00,online,PT,wind_onshore,xgboost_online,XGBoost with covariates,weather_4p+tso_forecast,2208,2026-10-09 05:00:00+00:00,2536.6728515625,2626.6,,2026-07-08 16:00:00+00:00,2026-10-08 15:00:00+00:00,0,0,none,complete
2026-10-08,2026-10-09 21:19:23+00:00,online,PT,wind_onshore,xgboost_online,XGBoost with covariates,weather_4p+tso_forecast,2208,2026-10-09 06:00:00+00:00,2403.344970703125,2431.2,,2026-07-08 16:00:00+00:00,2026-10-08 15:00:00+00:00,0,0,none,complete
2026-10-08,2026-10-09 21:19:23+00:00,online,PT,wind_onshore,xgboost_online,XGBoost with covariates,weather_4p+tso_forecast,2208,2026-10-09 07:00:00+00:00,2054.241943359375,2179.7,,2026-07-08 16:00:00+00:00,2026-10-08 15:00:00+00:00,0,0,none,complete
2026-10-08,2026-10-09 21:19:23+00:00,online,PT,wind_onshore,xgboost_online,XGBoost with covariates,weather_4p+tso_forecast,2208,2026-10-09 08:00:00+00:00,1684.4112548828125,1774.9,,2026-07-08 16:00:00+00:00,2026-10-08 15:00:00+00:00,0,0,none,complete
2026-10-08,2026-10-09 21:19:23+00:00,online,PT,wind_onshore,xgboost_online,XGBoost with covariates,weather_4p+tso_forecast,2208,2026-10-09 09:00:00+00:00,1256.680419921875,1329.4,,2026-07-08 16:00:00+00:00,2026-10-08 15:00:00+00:00,0,0,none,complete
2026-10-08,2026-10-09 21:19:23+00:00,online,PT,wind_onshore,xgboost_online,XGBoost with covariates,weather_4p+tso_forecast,2208,2026-10-09 10:00:00+00:00,1040.8212890625,985.7,,2026-07-08 16:00:00+00:00,2026-10-08 15:00:00+00:00,0,0,none,complete
2026-10-08,2026-10-09 21:19:23+00:00,online,PT,wind_onshore,xgboost_online,XGBoost with covariates,weather_4p+tso_forecast,2208,2026-10-09 11:00:00+00:00,722.2374877929688,731.5,,2026-07-08 16:00:00+00:00,2026-10-08 15:00:00+00:00,0,0,none,complete
2026-10-08,2026-10-09 21:19:23+00:00,online,PT,wind_onshore,xgboost_online,XGBoost with covariates,weather_4p+tso_forecast,2208,2026-10-09 12:00:00+00:00,514.0170288085938,544.9,,2026-07-08 16:00:00+00:00,2026-10-08 15:00:00+00:00,0,0,none,complete
2026-10-08,2026-10-09 21:19:23+00:00,online,PT,wind_onshore,xgboost_online,XGBoost with covariates,weather_4p+tso_forecast,2208,2026-10-09 13:00:00+00:00,482.8907775878906,453.3,,2026-07-08 16:00:00+00:00,2026-10-08 15:00:00+00:00,0,0,none,complete
2026-10-08,2026-10-09 21:19:23+00:00,online,PT,wind_onshore,xgboost_online,XGBoost with covariates,weather_4p+tso_forecast,2208,2026-10-09 14:00:00+00:00,491.5782775878906,468.0,,2026-07-08 16:00:00+00:00,2026-10-08 15:00:00+00:00,0,0,none,complete
2026-10-08,2026-10-09 21:19:23+00:00,online,PT,wind_onshore,xgboost_online,XGBoost with covariates,weather_4p+tso_forecast,2208,2026-10-09 15:00:00+00:00,555.4956665039062,538.3,,2026-07-08 16:00:00+00:00,2026-10-08 15:00:00+00:00,0,0,none,complete
2026-10-08,2026-10-09 21:19:23+00:00,online,PT,wind_offshore,tso_reference,TSO forecast,tso_forecast,2208,2026-10-08 16:00:00+00:00,22.5,22.5,,2026-07-08 16:00:00+00:00,2026-10-08 15:00:00+00:00,0,0,none,complete
2026-10-08,2026-10-09 21:19:23+00:00,online,PT,wind_offshore,tso_reference,TSO forecast,tso_forecast,2208,2026-10-08 17:00:00+00:00,22.6,22.6,,2026-07-08 16:00:00+00:00,2026-10-08 15:00:00+00:00,0,0,none,complete
2026-10-08,2026-10-09 21:19:23+00:00,online,PT,wind_offshore,tso_reference,TSO forecast,tso_forecast,2208,2026-10-08 18:00:00+00:00,22.9,22.9,,2026-07-08 16:00:00+00:00,2026-10-08 15:00:00+00:00,0,0,none,complete
2026-10-08,2026-10-09 21:19:23+00:00,online,PT,wind_offshore,tso_reference,TSO forecast,tso_forecast,2208,2026-10-08 19:00:00+00:00,22.6,22.6,,2026-07-08 16:00:00+00:00,2026-10-08 15:00:00+00:00,0,0,none,complete
2026-10-08,2026-10-09 21:19:23+00:00,online,PT,wind_offshore,tso_reference,TSO forecast,tso_forecast,2208,2026-10-08 20:00:00+00:00,21.0,21.0,,2026-07-08 16:00:00+00:00,2026-10-08 15:00:00+00:00,0,0,none,complete
2026-10-08,2026-10-09 21:19:23+00:00,online,PT,wind_offshore,tso_reference,TSO forecast,tso_forecast,2208,2026-10-08 21:00:00+00:00,18.5,18.5,,2026-07-08 16:00:00+00:00,2026-10-08 15:00:00+00:00,0,0,none,complete
2026-10-08,2026-10-09 21:19:23+00:00,online,PT,wind_offshore,tso_reference,TSO forecast,tso_forecast,2208,2026-10-08 22:00:00+00:00,15.7,15.7,,2026-07-08 16:00:00+00:00,2026-10-08 15:00:00+00:00,0,0,none,complete
2026-10-08,2026-10-09 21:19:23+00:00,online,PT,wind_offshore,tso_reference,TSO forecast,tso_forecast,2208,2026-10-08 23:00:00+00:00,10.8,10.8,,2026-07-08 16:00:00+00:00,2026-10-08 15:00:00+00:00,0,0,none,complete
2026-10-08,2026-10-09 21:19:23+00:00,online,PT,wind_offshore,tso_reference,TSO forecast,tso_forecast,2208,2026-10-09 00:00:00+00:00,7.0,7.0,,2026-07-08 16:00:00+00:00,2026-10-08 15:00:00+00:00,0,0,none,complete
2026-10-08,2026-10-09 21:19:23+00:00,online,PT,wind_offshore,tso_reference,TSO forecast,tso_forecast,2208,2026-10-09 01:00:00+00:00,4.3,4.3,,2026-07-08 16:00:00+00:00,2026-10-08 15:00:00+00:00,0,0,none,complete
2026-10-08,2026-10-09 21:19:23+00:00,online,PT,wind_offshore,tso_reference,TSO forecast,tso_forecast,2208,2026-10-09 02:00:00+00:00,2.5,2.5,,2026-07-08 16:00:00+00:00,2026-10-08 15:00:00+00:00,0,0,none,complete
2026-10-08,2026-10-09 21:19:23+00:00,online,PT,wind_offshore,tso_reference,TSO forecast,tso_forecast,2208,2026-10-09 03:00:00+00:00,1.8,1.8,,2026-07-08 16:00:00+00:00,2026-10-08 15:00:00+00:00,0,0,none,complete
2026-10-08,2026-10-09 21:19:23+00:00,online,PT,wind_offshore,tso_reference,TSO forecast,tso_forecast,2208,2026-10-09 04:00:00+00:00,1.4,1.4,,2026-07-08 16:00:00+00:00,2026-10-08 15:00:00+00:00,0,0,none,complete
2026-10-08,2026-10-09 21:19:23+00:00,online,PT,wind_offshore,tso_reference,TSO forecast,tso_forecast,2208,2026-10-09 05:00:00+00:00,1.1,1.1,,2026-07-08 16:00:00+00:00,2026-10-08 15:00:00+00:00,0,0,none,complete
2026-10-08,2026-10-09 21:19:23+00:00,online,PT,wind_offshore,tso_reference,TSO forecast,tso_forecast,2208,2026-10-09 06:00:00+00:00,1.0,1.0,,2026-07-08 16:00:00+00:00,2026-10-08 15:00:00+00:00,0,0,none,complete
2026-10-08,2026-10-09 21:19:23+00:00,online,PT,wind_offshore,tso_reference,TSO forecast,tso_forecast,2208,2026-10-09 07:00:00+00:00,0.9,0.9,,2026-07-08 16:00:00+00:00,2026-10-08 15:00:00+00:00,0,0,none,complete
2026-10-08,2026-10-09 21:19:23+00:00,online,PT,wind_offshore,tso_reference,TSO forecast,tso_forecast,2208,2026-10-09 08:00:00+00:00,0.7,0.7,,2026-07-08 16:00:00+00:00,2026-10-08 15:00:00+00:00,0,0,none,complete
2026-10-08,2026-10-09 21:19:23+00:00,online,PT,wind_offshore,tso_reference,TSO forecast,tso_forecast,2208,2026-10-09 09:00:00+00:00,0.6,0.6,,2026-07-08 16:00:00+00:00,2026-10-08 15:00:00+00:00,0,0,none,complete
2026-10-08,2026-10-09 21:19:23+00:00,online,PT,wind_offshore,tso_reference,TSO forecast,tso_forecast,2208,2026-10-09 10:00:00+00:00,0.4,0.4,,2026-07-08 16:00:00+00:00,2026-10-08 15:00:00+00:00,0,0,none,complete
2026-10-08,2026-10-09 21:19:23+00:00,online,PT,wind_offshore,tso_reference,TSO forecast,tso_forecast,2208,2026-10-09 11:00:00+00:00,0.5,0.5,,2026-07-08 16:00:00+00:00,2026-10-08 15:00:00+00:00,0,0,none,complete
2026-10-08,2026-10-09 21:19:23+00:00,online,PT,wind_offshore,tso_reference,TSO forecast,tso_forecast,2208,2026-10-09 12:00:00+00:00,0.7,0.7,,2026-07-08 16:00:00+00:00,2026-10-08 15:00:00+00:00,0,0,none,complete
2026-10-08,2026-10-09 21:19:23+00:00,online,PT,wind_offshore,tso_reference,TSO forecast,tso_forecast,2208,2026-10-09 13:00:00+00:00,1.2,1.2,,2026-07-08 16:00:00+00:00,2026-10-08 15:00:00+00:00,0,0,none,complete
2026-10-08,2026-10-09 21:19:23+00:00,online,PT,wind_offshore,tso_reference,TSO forecast,tso_forecast,2208,2026-10-09 14:00:00+00:00,2.0,2.0,,2026-07-08 16:00:00+00:00,2026-10-08 15:00:00+00:00,0,0,none,complete
2026-10-08,2026-10-09 21:19:23+00:00,online,PT,wind_offshore,tso_reference,TSO forecast,tso_forecast,2208,2026-10-09 15:00:00+00:00,3.4,3.4,,2026-07-08 16:00:00+00:00,2026-10-08 15:00:00+00:00,0,0,none,complete
2026-10-08,2026-10-09 21:19:23+00:00,online,PT,wind_offshore,persistence,Persistence,daily_persistence,2208,2026-10-08 16:00:00+00:00,25.0,22.5,,2026-07-08 16:00:00+00:00,2026-10-08 15:00:00+00:00,0,0,none,complete
2026-10-08,2026-10-09 21:19:23+00:00,online,PT,wind_offshore,persistence,Persistence,daily_persistence,2208,2026-10-08 17:00:00+00:00,25.0,22.6,,2026-07-08 16:00:00+00:00,2026-10-08 15:00:00+00:00,0,0,none,complete
2026-10-08,2026-10-09 21:19:23+00:00,online,PT,wind_offshore,persistence,Persistence,daily_persistence,2208,2026-10-08 18:00:00+00:00,25.0,22.9,,2026-07-08 16:00:00+00:00,2026-10-08 15:00:00+00:00,0,0,none,complete
2026-10-08,2026-10-09 21:19:23+00:00,online,PT,wind_offshore,persistence,Persistence,daily_persistence,2208,2026-10-08 19:00:00+00:00,25.0,22.6,,2026-07-08 16:00:00+00:00,2026-10-08 15:00:00+00:00,0,0,none,complete
2026-10-08,2026-10-09 21:19:23+00:00,online,PT,wind_offshore,persistence,Persistence,daily_persistence,2208,2026-10-08 20:00:00+00:00,25.0,21.0,,2026-07-08 16:00:00+00:00,2026-10-08 15:00:00+00:00,0,0,none,complete
2026-10-08,2026-10-09 21:19:23+00:00,online,PT,wind_offshore,persistence,Persistence,daily_persistence,2208,2026-10-08 21:00:00+00:00,24.9,18.5,,2026-07-08 16:00:00+00:00,2026-10-08 15:00:00+00:00,0,0,none,complete
2026-10-08,2026-10-09 21:19:23+00:00,online,PT,wind_offshore,persistence,Persistence,daily_persistence,2208,2026-10-08 22:00:00+00:00,25.0,15.7,,2026-07-08 16:00:00+00:00,2026-10-08 15:00:00+00:00,0,0,none,complete
2026-10-08,2026-10-09 21:19:23+00:00,online,PT,wind_offshore,persistence,Persistence,daily_persistence,2208,2026-10-08 23:00:00+00:00,23.5,10.8,,2026-07-08 16:00:00+00:00,2026-10-08 15:00:00+00:00,0,0,none,complete
2026-10-08,2026-10-09 21:19:23+00:00,online,PT,wind_offshore,persistence,Persistence,daily_persistence,2208,2026-10-09 00:00:00+00:00,22.9,7.0,,2026-07-08 16:00:00+00:00,2026-10-08 15:00:00+00:00,0,0,none,complete
2026-10-08,2026-10-09 21:19:23+00:00,online,PT,wind_offshore,persistence,Persistence,daily_persistence,2208,2026-10-09 01:00:00+00:00,22.3,4.3,,2026-07-08 16:00:00+00:00,2026-10-08 15:00:00+00:00,0,0,none,complete
2026-10-08,2026-10-09 21:19:23+00:00,online,PT,wind_offshore,persistence,Persistence,daily_persistence,2208,2026-10-09 02:00:00+00:00,21.9,2.5,,2026-07-08 16:00:00+00:00,2026-10-08 15:00:00+00:00,0,0,none,complete
2026-10-08,2026-10-09 21:19:23+00:00,online,PT,wind_offshore,persistence,Persistence,daily_persistence,2208,2026-10-09 03:00:00+00:00,22.1,1.8,,2026-07-08 16:00:00+00:00,2026-10-08 15:00:00+00:00,0,0,none,complete
2026-10-08,2026-10-09 21:19:23+00:00,online,PT,wind_offshore,persistence,Persistence,daily_persistence,2208,2026-10-09 04:00:00+00:00,4.4,1.4,,2026-07-08 16:00:00+00:00,2026-10-08 15:00:00+00:00,0,0,none,complete
2026-10-08,2026-10-09 21:19:23+00:00,online,PT,wind_offshore,persistence,Persistence,daily_persistence,2208,2026-10-09 05:00:00+00:00,20.6,1.1,,2026-07-08 16:00:00+00:00,2026-10-08 15:00:00+00:00,0,0,none,complete
2026-10-08,2026-10-09 21:19:23+00:00,online,PT,wind_offshore,persistence,Persistence,daily_persistence,2208,2026-10-09 06:00:00+00:00,24.4,1.0,,2026-07-08 16:00:00+00:00,2026-10-08 15:00:00+00:00,0,0,none,complete
2026-10-08,2026-10-09 21:19:23+00:00,online,PT,wind_offshore,persistence,Persistence,daily_persistence,2208,2026-10-09 07:00:00+00:00,25.0,0.9,,2026-07-08 16:00:00+00:00,2026-10-08 15:00:00+00:00,0,0,none,complete
2026-10-08,2026-10-09 21:19:23+00:00,online,PT,wind_offshore,persistence,Persistence,daily_persistence,2208,2026-10-09 08:00:00+00:00,25.0,0.7,,2026-07-08 16:00:00+00:00,2026-10-08 15:00:00+00:00,0,0,none,complete
2026-10-08,2026-10-09 21:19:23+00:00,online,PT,wind_offshore,persistence,Persistence,daily_persistence,2208,2026-10-09 09:00:00+00:00,25.0,0.6,,2026-07-08 16:00:00+00:00,2026-10-08 15:00:00+00:00,0,0,none,complete
2026-10-08,2026-10-09 21:19:23+00:00,online,PT,wind_offshore,persistence,Persistence,daily_persistence,2208,2026-10-09 10:00:00+00:00,24.8,0.4,,2026-07-08 16:00:00+00:00,2026-10-08 15:00:00+00:00,0,0,none,complete
2026-10-08,2026-10-09 21:19:23+00:00,online,PT,wind_offshore,persistence,Persistence,daily_persistence,2208,2026-10-09 11:00:00+00:00,25.0,0.5,,2026-07-08 16:00:00+00:00,2026-10-08 15:00:00+00:00,0,0,none,complete
2026-10-08,2026-10-09 21:19:23+00:00,online,PT,wind_offshore,persistence,Persistence,daily_persistence,2208,2026-10-09 12:00:00+00:00,25.0,0.7,,2026-07-08 16:00:00+00:00,2026-10-08 15:00:00+00:00,0,0,none,complete
2026-10-08,2026-10-09 21:19:23+00:00,online,PT,wind_offshore,persistence,Persistence,daily_persistence,2208,2026-10-09 13:00:00+00:00,25.0,1.2,,2026-07-08 16:00:00+00:00,2026-10-08 15:00:00+00:00,0,0,none,complete
2026-10-08,2026-10-09 21:19:23+00:00,online,PT,wind_offshore,persistence,Persistence,daily_persistence,2208,2026-10-09 14:00:00+00:00,25.0,2.0,,2026-07-08 16:00:00+00:00,2026-10-08 15:00:00+00:00,0,0,none,complete
2026-10-08,2026-10-09 21:19:23+00:00,online,PT,wind_offshore,persistence,Persistence,daily_persistence,2208,2026-10-09 15:00:00+00:00,25.0,3.4,,2026-07-08 16:00:00+00:00,2026-10-08 15:00:00+00:00,0,0,none,complete
2026-10-08,2026-10-09 21:19:23+00:00,online,PT,wind_offshore,chronos2_online,Chronos2 with covariates,weather_4p+tso_forecast,2208,2026-10-08 16:00:00+00:00,24.51712417602539,22.5,,2026-07-08 16:00:00+00:00,2026-10-08 15:00:00+00:00,0,0,none,complete
2026-10-08,2026-10-09 21:19:23+00:00,online,PT,wind_offshore,chronos2_online,Chronos2 with covariates,weather_4p+tso_forecast,2208,2026-10-08 17:00:00+00:00,24.58260726928711,22.6,,2026-07-08 16:00:00+00:00,2026-10-08 15:00:00+00:00,0,0,none,complete
2026-10-08,2026-10-09 21:19:23+00:00,online,PT,wind_offshore,chronos2_online,Chronos2 with covariates,weather_4p+tso_forecast,2208,2026-10-08 18:00:00+00:00,24.286352157592773,22.9,,2026-07-08 16:00:00+00:00,2026-10-08 15:00:00+00:00,0,0,none,complete
2026-10-08,2026-10-09 21:19:23+00:00,online,PT,wind_offshore,chronos2_online,Chronos2 with covariates,weather_4p+tso_forecast,2208,2026-10-08 19:00:00+00:00,23.43326759338379,22.6,,2026-07-08 16:00:00+00:00,2026-10-08 15:00:00+00:00,0,0,none,complete
2026-10-08,2026-10-09 21:19:23+00:00,online,PT,wind_offshore,chronos2_online,Chronos2 with covariates,weather_4p+tso_forecast,2208,2026-10-08 20:00:00+00:00,22.4029598236084,21.0,,2026-07-08 16:00:00+00:00,2026-10-08 15:00:00+00:00,0,0,none,complete
2026-10-08,2026-10-09 21:19:23+00:00,online,PT,wind_offshore,chronos2_online,Chronos2 with covariates,weather_4p+tso_forecast,2208,2026-10-08 21:00:00+00:00,19.36806869506836,18.5,,2026-07-08 16:00:00+00:00,2026-10-08 15:00:00+00:00,0,0,none,complete
2026-10-08,2026-10-09 21:19:23+00:00,online,PT,wind_offshore,chronos2_online,Chronos2 with covariates,weather_4p+tso_forecast,2208,2026-10-08 22:00:00+00:00,16.44263458251953,15.7,,2026-07-08 16:00:00+00:00,2026-10-08 15:00:00+00:00,0,0,none,complete
2026-10-08,2026-10-09 21:19:23+00:00,online,PT,wind_offshore,chronos2_online,Chronos2 with covariates,weather_4p+tso_forecast,2208,2026-10-08 23:00:00+00:00,12.551956176757812,10.8,,2026-07-08 16:00:00+00:00,2026-10-08 15:00:00+00:00,0,0,none,complete
2026-10-08,2026-10-09 21:19:23+00:00,online,PT,wind_offshore,chronos2_online,Chronos2 with covariates,weather_4p+tso_forecast,2208,2026-10-09 00:00:00+00:00,9.41443157196045,7.0,,2026-07-08 16:00:00+00:00,2026-10-08 15:00:00+00:00,0,0,none,complete
2026-10-08,2026-10-09 21:19:23+00:00,online,PT,wind_offshore,chronos2_online,Chronos2 with covariates,weather_4p+tso_forecast,2208,2026-10-09 01:00:00+00:00,5.958835124969482,4.3,,2026-07-08 16:00:00+00:00,2026-10-08 15:00:00+00:00,0,0,none,complete
2026-10-08,2026-10-09 21:19:23+00:00,online,PT,wind_offshore,chronos2_online,Chronos2 with covariates,weather_4p+tso_forecast,2208,2026-10-09 02:00:00+00:00,4.438855171203613,2.5,,2026-07-08 16:00:00+00:00,2026-10-08 15:00:00+00:00,0,0,none,complete
2026-10-08,2026-10-09 21:19:23+00:00,online,PT,wind_offshore,chronos2_online,Chronos2 with covariates,weather_4p+tso_forecast,2208,2026-10-09 03:00:00+00:00,3.4313230514526367,1.8,,2026-07-08 16:00:00+00:00,2026-10-08 15:00:00+00:00,0,0,none,complete
2026-10-08,2026-10-09 21:19:23+00:00,online,PT,wind_offshore,chronos2_online,Chronos2 with covariates,weather_4p+tso_forecast,2208,2026-10-09 04:00:00+00:00,2.293825626373291,1.4,,2026-07-08 16:00:00+00:00,2026-10-08 15:00:00+00:00,0,0,none,complete
2026-10-08,2026-10-09 21:19:23+00:00,online,PT,wind_offshore,chronos2_online,Chronos2 with covariates,weather_4p+tso_forecast,2208,2026-10-09 05:00:00+00:00,1.90632438659668,1.1,,2026-07-08 16:00:00+00:00,2026-10-08 15:00:00+00:00,0,0,none,complete
2026-10-08,2026-10-09 21:19:23+00:00,online,PT,wind_offshore,chronos2_online,Chronos2 with covariates,weather_4p+tso_forecast,2208,2026-10-09 06:00:00+00:00,1.8464889526367188,1.0,,2026-07-08 16:00:00+00:00,2026-10-08 15:00:00+00:00,0,0,none,complete
2026-10-08,2026-10-09 21:19:23+00:00,online,PT,wind_offshore,chronos2_online,Chronos2 with covariates,weather_4p+tso_forecast,2208,2026-10-09 07:00:00+00:00,1.9329276084899905,0.9,,2026-07-08 16:00:00+00:00,2026-10-08 15:00:00+00:00,0,0,none,complete
2026-10-08,2026-10-09 21:19:23+00:00,online,PT,wind_offshore,chronos2_online,Chronos2 with covariates,weather_4p+tso_forecast,2208,2026-10-09 08:00:00+00:00,2.7491230964660645,0.7,,2026-07-08 16:00:00+00:00,2026-10-08 15:00:00+00:00,0,0,none,complete
2026-10-08,2026-10-09 21:19:23+00:00,online,PT,wind_offshore,chronos2_online,Chronos2 with covariates,weather_4p+tso_forecast,2208,2026-10-09 09:00:00+00:00,3.2357988357543945,0.6,,2026-07-08 16:00:00+00:00,2026-10-08 15:00:00+00:00,0,0,none,complete
2026-10-08,2026-10-09 21:19:23+00:00,online,PT,wind_offshore,chronos2_online,Chronos2 with covariates,weather_4p+tso_forecast,2208,2026-10-09 10:00:00+00:00,3.678140878677368,0.4,,2026-07-08 16:00:00+00:00,2026-10-08 15:00:00+00:00,0,0,none,complete
2026-10-08,2026-10-09 21:19:23+00:00,online,PT,wind_offshore,chronos2_online,Chronos2 with covariates,weather_4p+tso_forecast,2208,2026-10-09 11:00:00+00:00,3.846555709838867,0.5,,2026-07-08 16:00:00+00:00,2026-10-08 15:00:00+00:00,0,0,none,complete
2026-10-08,2026-10-09 21:19:23+00:00,online,PT,wind_offshore,chronos2_online,Chronos2 with covariates,weather_4p+tso_forecast,2208,2026-10-09 12:00:00+00:00,3.64281702041626,0.7,,2026-07-08 16:00:00+00:00,2026-10-08 15:00:00+00:00,0,0,none,complete
2026-10-08,2026-10-09 21:19:23+00:00,online,PT,wind_offshore,chronos2_online,Chronos2 with covariates,weather_4p+tso_forecast,2208,2026-10-09 13:00:00+00:00,4.484731197357178,1.2,,2026-07-08 16:00:00+00:00,2026-10-08 15:00:00+00:00,0,0,none,complete
2026-10-08,2026-10-09 21:19:23+00:00,online,PT,wind_offshore,chronos2_online,Chronos2 with covariates,weather_4p+tso_forecast,2208,2026-10-09 14:00:00+00:00,5.774991989135742,2.0,,2026-07-08 16:00:00+00:00,2026-10-08 15:00:00+00:00,0,0,none,complete
2026-10-08,2026-10-09 21:19:23+00:00,online,PT,wind_offshore,chronos2_online,Chronos2 with covariates,weather_4p+tso_forecast,2208,2026-10-09 15:00:00+00:00,7.16753625869751,3.4,,2026-07-08 16:00:00+00:00,2026-10-08 15:00:00+00:00,0,0,none,complete
2026-10-08,2026-10-09 21:19:23+00:00,online,PT,wind_offshore,xgboost_online,XGBoost with covariates,weather_4p+tso_forecast,2208,2026-10-08 16:00:00+00:00,24.611276626586918,22.5,,2026-07-08 16:00:00+00:00,2026-10-08 15:00:00+00:00,0,0,none,complete
2026-10-08,2026-10-09 21:19:23+00:00,online,PT,wind_offshore,xgboost_online,XGBoost with covariates,weather_4p+tso_forecast,2208,2026-10-08 17:00:00+00:00,24.452363967895508,22.6,,2026-07-08 16:00:00+00:00,2026-10-08 15:00:00+00:00,0,0,none,complete
2026-10-08,2026-10-09 21:19:23+00:00,online,PT,wind_offshore,xgboost_online,XGBoost with covariates,weather_4p+tso_forecast,2208,2026-10-08 18:00:00+00:00,24.59502220153809,22.9,,2026-07-08 16:00:00+00:00,2026-10-08 15:00:00+00:00,0,0,none,complete
2026-10-08,2026-10-09 21:19:23+00:00,online,PT,wind_offshore,xgboost_online,XGBoost with covariates,weather_4p+tso_forecast,2208,2026-10-08 19:00:00+00:00,24.375213623046875,22.6,,2026-07-08 16:00:00+00:00,2026-10-08 15:00:00+00:00,0,0,none,complete
2026-10-08,2026-10-09 21:19:23+00:00,online,PT,wind_offshore,xgboost_online,XGBoost with covariates,weather_4p+tso_forecast,2208,2026-10-08 20:00:00+00:00,23.68885803222656,21.0,,2026-07-08 16:00:00+00:00,2026-10-08 15:00:00+00:00,0,0,none,complete
2026-10-08,2026-10-09 21:19:23+00:00,online,PT,wind_offshore,xgboost_online,XGBoost with covariates,weather_4p+tso_forecast,2208,2026-10-08 21:00:00+00:00,19.696775436401367,18.5,,2026-07-08 16:00:00+00:00,2026-10-08 15:00:00+00:00,0,0,none,complete
2026-10-08,2026-10-09 21:19:23+00:00,online,PT,wind_offshore,xgboost_online,XGBoost with covariates,weather_4p+tso_forecast,2208,2026-10-08 22:00:00+00:00,15.491554260253906,15.7,,2026-07-08 16:00:00+00:00,2026-10-08 15:00:00+00:00,0,0,none,complete
2026-10-08,2026-10-09 21:19:23+00:00,online,PT,wind_offshore,xgboost_online,XGBoost with covariates,weather_4p+tso_forecast,2208,2026-10-08 23:00:00+00:00,10.027871131896973,10.8,,2026-07-08 16:00:00+00:00,2026-10-08 15:00:00+00:00,0,0,none,complete
2026-10-08,2026-10-09 21:19:23+00:00,online,PT,wind_offshore,xgboost_online,XGBoost with covariates,weather_4p+tso_forecast,2208,2026-10-09 00:00:00+00:00,6.243292808532715,7.0,,2026-07-08 16:00:00+00:00,2026-10-08 15:00:00+00:00,0,0,none,complete
2026-10-08,2026-10-09 21:19:23+00:00,online,PT,wind_offshore,xgboost_online,XGBoost with covariates,weather_4p+tso_forecast,2208,2026-10-09 01:00:00+00:00,4.56831693649292,4.3,,2026-07-08 16:00:00+00:00,2026-10-08 15:00:00+00:00,0,0,none,complete
2026-10-08,2026-10-09 21:19:23+00:00,online,PT,wind_offshore,xgboost_online,XGBoost with covariates,weather_4p+tso_forecast,2208,2026-10-09 02:00:00+00:00,2.875554084777832,2.5,,2026-07-08 16:00:00+00:00,2026-10-08 15:00:00+00:00,0,0,none,complete
2026-10-08,2026-10-09 21:19:23+00:00,online,PT,wind_offshore,xgboost_online,XGBoost with covariates,weather_4p+tso_forecast,2208,2026-10-09 03:00:00+00:00,2.058927536010742,1.8,,2026-07-08 16:00:00+00:00,2026-10-08 15:00:00+00:00,0,0,none,complete
2026-10-08,2026-10-09 21:19:23+00:00,online,PT,wind_offshore,xgboost_online,XGBoost with covariates,weather_4p+tso_forecast,2208,2026-10-09 04:00:00+00:00,1.7075309753417969,1.4,,2026-07-08 16:00:00+00:00,2026-10-08 15:00:00+00:00,0,0,none,complete
2026-10-08,2026-10-09 21:19:23+00:00,online,PT,wind_offshore,xgboost_online,XGBoost with covariates,weather_4p+tso_forecast,2208,2026-10-09 05:00:00+00:00,1.6333515644073486,1.1,,2026-07-08 16:00:00+00:00,2026-10-08 15:00:00+00:00,0,0,none,complete
2026-10-08,2026-10-09 21:19:23+00:00,online,PT,wind_offshore,xgboost_online,XGBoost with covariates,weather_4p+tso_forecast,2208,2026-10-09 06:00:00+00:00,1.4610836505889893,1.0,,2026-07-08 16:00:00+00:00,2026-10-08 15:00:00+00:00,0,0,none,complete
2026-10-08,2026-10-09 21:19:23+00:00,online,PT,wind_offshore,xgboost_online,XGBoost with covariates,weather_4p+tso_forecast,2208,2026-10-09 07:00:00+00:00,1.4610836505889893,0.9,,2026-07-08 16:00:00+00:00,2026-10-08 15:00:00+00:00,0,0,none,complete
2026-10-08,2026-10-09 21:19:23+00:00,online,PT,wind_offshore,xgboost_online,XGBoost with covariates,weather_4p+tso_forecast,2208,2026-10-09 08:00:00+00:00,1.5135517120361328,0.7,,2026-07-08 16:00:00+00:00,2026-10-08 15:00:00+00:00,0,0,none,complete
2026-10-08,2026-10-09 21:19:23+00:00,online,PT,wind_offshore,xgboost_online,XGBoost with covariates,weather_4p+tso_forecast,2208,2026-10-09 09:00:00+00:00,1.5135517120361328,0.6,,2026-07-08 16:00:00+00:00,2026-10-08 15:00:00+00:00,0,0,none,complete
2026-10-08,2026-10-09 21:19:23+00:00,online,PT,wind_offshore,xgboost_online,XGBoost with covariates,weather_4p+tso_forecast,2208,2026-10-09 10:00:00+00:00,1.0463405847549438,0.4,,2026-07-08 16:00:00+00:00,2026-10-08 15:00:00+00:00,0,0,none,complete
2026-10-08,2026-10-09 21:19:23+00:00,online,PT,wind_offshore,xgboost_online,XGBoost with covariates,weather_4p+tso_forecast,2208,2026-10-09 11:00:00+00:00,1.274156928062439,0.5,,2026-07-08 16:00:00+00:00,2026-10-08 15:00:00+00:00,0,0,none,complete
2026-10-08,2026-10-09 21:19:23+00:00,online,PT,wind_offshore,xgboost_online,XGBoost with covariates,weather_4p+tso_forecast,2208,2026-10-09 12:00:00+00:00,1.699639081954956,0.7,,2026-07-08 16:00:00+00:00,2026-10-08 15:00:00+00:00,0,0,none,complete
2026-10-08,2026-10-09 21:19:23+00:00,online,PT,wind_offshore,xgboost_online,XGBoost with covariates,weather_4p+tso_forecast,2208,2026-10-09 13:00:00+00:00,2.363628625869751,1.2,,2026-07-08 16:00:00+00:00,2026-10-08 15:00:00+00:00,0,0,none,complete
2026-10-08,2026-10-09 21:19:23+00:00,online,PT,wind_offshore,xgboost_online,XGBoost with covariates,weather_4p+tso_forecast,2208,2026-10-09 14:00:00+00:00,3.195455312728882,2.0,,2026-07-08 16:00:00+00:00,2026-10-08 15:00:00+00:00,0,0,none,complete
2026-10-08,2026-10-09 21:19:23+00:00,online,PT,wind_offshore,xgboost_online,XGBoost with covariates,weather_4p+tso_forecast,2208,2026-10-09 15:00:00+00:00,5.6051411628723145,3.4,,2026-07-08 16:00:00+00:00,2026-10-08 15:00:00+00:00,0,0,none,complete
2026-10-08,2026-10-09T21:39:41+00:00,online,BE,load,timesfm3_online,TimesFM3 with covariates,Solar+tso_forecast,2208,2026-10-08 16:00:00+00:00,10199.1015625,10313.9075,,2026-07-08 16:00:00+00:00,2026-10-08 15:00:00+00:00,1,1,linear_interpolation,interpolated
2026-10-08,2026-10-09T21:39:41+00:00,online,BE,load,timesfm3_online,TimesFM3 with covariates,Solar+tso_forecast,2208,2026-10-08 17:00:00+00:00,10068.509765625,10087.4625,,2026-07-08 16:00:00+00:00,2026-10-08 15:00:00+00:00,1,1,linear_interpolation,interpolated
2026-10-08,2026-10-09T21:39:41+00:00,online,BE,load,timesfm3_online,TimesFM3 with covariates,Solar+tso_forecast,2208,2026-10-08 18:00:00+00:00,9837.6796875,9806.1325,,2026-07-08 16:00:00+00:00,2026-10-08 15:00:00+00:00,1,1,linear_interpolation,interpolated
2026-10-08,2026-10-09T21:39:41+00:00,online,BE,load,timesfm3_online,TimesFM3 with covariates,Solar+tso_forecast,2208,2026-10-08 19:00:00+00:00,9441.8896484375,9226.3775,,2026-07-08 16:00:00+00:00,2026-10-08 15:00:00+00:00,1,1,linear_interpolation,interpolated
2026-10-08,2026-10-09T21:39:41+00:00,online,BE,load,timesfm3_online,TimesFM3 with covariates,Solar+tso_forecast,2208,2026-10-08 20:00:00+00:00,8998.419921875,8855.15,,2026-07-08 16:00:00+00:00,2026-10-08 15:00:00+00:00,1,1,linear_interpolation,interpolated
2026-10-08,2026-10-09T21:39:41+00:00,online,BE,load,timesfm3_online,TimesFM3 with covariates,Solar+tso_forecast,2208,2026-10-08 21:00:00+00:00,8562.4755859375,8438.43,,2026-07-08 16:00:00+00:00,2026-10-08 15:00:00+00:00,1,1,linear_interpolation,interpolated
2026-10-08,2026-10-09T21:39:41+00:00,online,BE,load,timesfm3_online,TimesFM3 with covariates,Solar+tso_forecast,2208,2026-10-08 22:00:00+00:00,8093.4228515625,7891.7775,,2026-07-08 16:00:00+00:00,2026-10-08 15:00:00+00:00,1,1,linear_interpolation,interpolated
2026-10-08,2026-10-09T21:39:41+00:00,online,BE,load,timesfm3_online,TimesFM3 with covariates,Solar+tso_forecast,2208,2026-10-08 23:00:00+00:00,7842.763671875,7547.5875,,2026-07-08 16:00:00+00:00,2026-10-08 15:00:00+00:00,1,1,linear_interpolation,interpolated
2026-10-08,2026-10-09T21:39:41+00:00,online,BE,load,timesfm3_online,TimesFM3 with covariates,Solar+tso_forecast,2208,2026-10-09 00:00:00+00:00,7661.2939453125,7482.68,,2026-07-08 16:00:00+00:00,2026-10-08 15:00:00+00:00,1,1,linear_interpolation,interpolated
2026-10-08,2026-10-09T21:39:41+00:00,online,BE,load,timesfm3_online,TimesFM3 with covariates,Solar+tso_forecast,2208,2026-10-09 01:00:00+00:00,7587.33544921875,7434.505,,2026-07-08 16:00:00+00:00,2026-10-08 15:00:00+00:00,1,1,linear_interpolation,interpolated
2026-10-08,2026-10-09T21:39:41+00:00,online,BE,load,timesfm3_online,TimesFM3 with covariates,Solar+tso_forecast,2208,2026-10-09 02:00:00+00:00,7629.93701171875,7460.145,,2026-07-08 16:00:00+00:00,2026-10-08 15:00:00+00:00,1,1,linear_interpolation,interpolated
2026-10-08,2026-10-09T21:39:41+00:00,online,BE,load,timesfm3_online,TimesFM3 with covariates,Solar+tso_forecast,2208,2026-10-09 03:00:00+00:00,7923.65673828125,7711.225,,2026-07-08 16:00:00+00:00,2026-10-08 15:00:00+00:00,1,1,linear_interpolation,interpolated
2026-10-08,2026-10-09T21:39:41+00:00,online,BE,load,timesfm3_online,TimesFM3 with covariates,Solar+tso_forecast,2208,2026-10-09 04:00:00+00:00,8715.34765625,8492.54,,2026-07-08 16:00:00+00:00,2026-10-08 15:00:00+00:00,1,1,linear_interpolation,interpolated
2026-10-08,2026-10-09T21:39:41+00:00,online,BE,load,timesfm3_online,TimesFM3 with covariates,Solar+tso_forecast,2208,2026-10-09 05:00:00+00:00,9552.873046875,9466.0225,,2026-07-08 16:00:00+00:00,2026-10-08 15:00:00+00:00,1,1,linear_interpolation,interpolated
2026-10-08,2026-10-09T21:39:41+00:00,online,BE,load,timesfm3_online,TimesFM3 with covariates,Solar+tso_forecast,2208,2026-10-09 06:00:00+00:00,10334.5126953125,10142.2875,,2026-07-08 16:00:00+00:00,2026-10-08 15:00:00+00:00,1,1,linear_interpolation,interpolated
2026-10-08,2026-10-09T21:39:41+00:00,online,BE,load,timesfm3_online,TimesFM3 with covariates,Solar+tso_forecast,2208,2026-10-09 07:00:00+00:00,10764.0693359375,10578.5,,2026-07-08 16:00:00+00:00,2026-10-08 15:00:00+00:00,1,1,linear_interpolation,interpolated
2026-10-08,2026-10-09T21:39:41+00:00,online,BE,load,timesfm3_online,TimesFM3 with covariates,Solar+tso_forecast,2208,2026-10-09 08:00:00+00:00,10991.7578125,10786.285,,2026-07-08 16:00:00+00:00,2026-10-08 15:00:00+00:00,1,1,linear_interpolation,interpolated
2026-10-08,2026-10-09T21:39:41+00:00,online,BE,load,timesfm3_online,TimesFM3 with covariates,Solar+tso_forecast,2208,2026-10-09 09:00:00+00:00,11095.380859375,11357.6175,,2026-07-08 16:00:00+00:00,2026-10-08 15:00:00+00:00,1,1,linear_interpolation,interpolated
2026-10-08,2026-10-09T21:39:41+00:00,online,BE,load,timesfm3_online,TimesFM3 with covariates,Solar+tso_forecast,2208,2026-10-09 10:00:00+00:00,10979.099609375,11260.705,,2026-07-08 16:00:00+00:00,2026-10-08 15:00:00+00:00,1,1,linear_interpolation,interpolated
2026-10-08,2026-10-09T21:39:41+00:00,online,BE,load,timesfm3_online,TimesFM3 with covariates,Solar+tso_forecast,2208,2026-10-09 11:00:00+00:00,10803.736328125,10842.8,,2026-07-08 16:00:00+00:00,2026-10-08 15:00:00+00:00,1,1,linear_interpolation,interpolated
2026-10-08,2026-10-09T21:39:41+00:00,online,BE,load,timesfm3_online,TimesFM3 with covariates,Solar+tso_forecast,2208,2026-10-09 12:00:00+00:00,10477.853515625,10453.6725,,2026-07-08 16:00:00+00:00,2026-10-08 15:00:00+00:00,1,1,linear_interpolation,interpolated
2026-10-08,2026-10-09T21:39:41+00:00,online,BE,load,timesfm3_online,TimesFM3 with covariates,Solar+tso_forecast,2208,2026-10-09 13:00:00+00:00,10194.6240234375,10186.4,,2026-07-08 16:00:00+00:00,2026-10-08 15:00:00+00:00,1,1,linear_interpolation,interpolated
2026-10-08,2026-10-09T21:39:41+00:00,online,BE,load,timesfm3_online,TimesFM3 with covariates,Solar+tso_forecast,2208,2026-10-09 14:00:00+00:00,9996.5078125,9858.744999999999,,2026-07-08 16:00:00+00:00,2026-10-08 15:00:00+00:00,1,1,linear_interpolation,interpolated
2026-10-08,2026-10-09T21:39:41+00:00,online,BE,load,timesfm3_online,TimesFM3 with covariates,Solar+tso_forecast,2208,2026-10-09 15:00:00+00:00,9950.443359375,9900.7225,,2026-07-08 16:00:00+00:00,2026-10-08 15:00:00+00:00,1,1,linear_interpolation,interpolated
2026-10-08,2026-10-09T21:39:41+00:00,online,BE,solar,timesfm3_online,TimesFM3 with covariates,weather_4p+tso_forecast,2208,2026-10-08 16:00:00+00:00,326.6585693359375,321.12325,,2026-07-08 16:00:00+00:00,2026-10-08 15:00:00+00:00,3,3,bias_adjusted_tso+linear_interpolation,degraded
2026-10-08,2026-10-09T21:39:41+00:00,online,BE,solar,timesfm3_online,TimesFM3 with covariates,weather_4p+tso_forecast,2208,2026-10-08 17:00:00+00:00,54.2935791015625,0.739,,2026-07-08 16:00:00+00:00,2026-10-08 15:00:00+00:00,3,3,bias_adjusted_tso+linear_interpolation,degraded
2026-10-08,2026-10-09T21:39:41+00:00,online,BE,solar,timesfm3_online,TimesFM3 with covariates,weather_4p+tso_forecast,2208,2026-10-08 18:00:00+00:00,0.0,0.0,,2026-07-08 16:00:00+00:00,2026-10-08 15:00:00+00:00,3,3,bias_adjusted_tso+linear_interpolation,degraded
2026-10-08,2026-10-09T21:39:41+00:00,online,BE,solar,timesfm3_online,TimesFM3 with covariates,weather_4p+tso_forecast,2208,2026-10-08 19:00:00+00:00,23.9635009765625,0.0,,2026-07-08 16:00:00+00:00,2026-10-08 15:00:00+00:00,3,3,bias_adjusted_tso+linear_interpolation,degraded
2026-10-08,2026-10-09T21:39:41+00:00,online,BE,solar,timesfm3_online,TimesFM3 with covariates,weather_4p+tso_forecast,2208,2026-10-08 20:00:00+00:00,26.4686279296875,0.0,,2026-07-08 16:00:00+00:00,2026-10-08 15:00:00+00:00,3,3,bias_adjusted_tso+linear_interpolation,degraded
2026-10-08,2026-10-09T21:39:41+00:00,online,BE,solar,timesfm3_online,TimesFM3 with covariates,weather_4p+tso_forecast,2208,2026-10-08 21:00:00+00:00,38.0394287109375,0.0,,2026-07-08 16:00:00+00:00,2026-10-08 15:00:00+00:00,3,3,bias_adjusted_tso+linear_interpolation,degraded
2026-10-08,2026-10-09T21:39:41+00:00,online,BE,solar,timesfm3_online,TimesFM3 with covariates,weather_4p+tso_forecast,2208,2026-10-08 22:00:00+00:00,55.0770263671875,0.0,,2026-07-08 16:00:00+00:00,2026-10-08 15:00:00+00:00,3,3,bias_adjusted_tso+linear_interpolation,degraded
2026-10-08,2026-10-09T21:39:41+00:00,online,BE,solar,timesfm3_online,TimesFM3 with covariates,weather_4p+tso_forecast,2208,2026-10-08 23:00:00+00:00,97.365966796875,0.0,,2026-07-08 16:00:00+00:00,2026-10-08 15:00:00+00:00,3,3,bias_adjusted_tso+linear_interpolation,degraded
2026-10-08,2026-10-09T21:39:41+00:00,online,BE,solar,timesfm3_online,TimesFM3 with covariates,weather_4p+tso_forecast,2208,2026-10-09 00:00:00+00:00,117.7957763671875,0.0,,2026-07-08 16:00:00+00:00,2026-10-08 15:00:00+00:00,3,3,bias_adjusted_tso+linear_interpolation,degraded
2026-10-08,2026-10-09T21:39:41+00:00,online,BE,solar,timesfm3_online,TimesFM3 with covariates,weather_4p+tso_forecast,2208,2026-10-09 01:00:00+00:00,98.27294921875,0.0,,2026-07-08 16:00:00+00:00,2026-10-08 15:00:00+00:00,3,3,bias_adjusted_tso+linear_interpolation,degraded
2026-10-08,2026-10-09T21:39:41+00:00,online,BE,solar,timesfm3_online,TimesFM3 with covariates,weather_4p+tso_forecast,2208,2026-10-09 02:00:00+00:00,85.9530029296875,0.0,,2026-07-08 16:00:00+00:00,2026-10-08 15:00:00+00:00,3,3,bias_adjusted_tso+linear_interpolation,degraded
2026-10-08,2026-10-09T21:39:41+00:00,online,BE,solar,timesfm3_online,TimesFM3 with covariates,weather_4p+tso_forecast,2208,2026-10-09 03:00:00+00:00,75.1396484375,0.0,,2026-07-08 16:00:00+00:00,2026-10-08 15:00:00+00:00,3,3,bias_adjusted_tso+linear_interpolation,degraded
2026-10-08,2026-10-09T21:39:41+00:00,online,BE,solar,timesfm3_online,TimesFM3 with covariates,weather_4p+tso_forecast,2208,2026-10-09 04:00:00+00:00,65.159423828125,0.0,,2026-07-08 16:00:00+00:00,2026-10-08 15:00:00+00:00,3,3,bias_adjusted_tso+linear_interpolation,degraded
2026-10-08,2026-10-09T21:39:41+00:00,online,BE,solar,timesfm3_online,TimesFM3 with covariates,weather_4p+tso_forecast,2208,2026-10-09 05:00:00+00:00,78.6170654296875,0.14575,,2026-07-08 16:00:00+00:00,2026-10-08 15:00:00+00:00,3,3,bias_adjusted_tso+linear_interpolation,degraded
2026-10-08,2026-10-09T21:39:41+00:00,online,BE,solar,timesfm3_online,TimesFM3 with covariates,weather_4p+tso_forecast,2208,2026-10-09 06:00:00+00:00,106.60693359375,40.42375,,2026-07-08 16:00:00+00:00,2026-10-08 15:00:00+00:00,3,3,bias_adjusted_tso+linear_interpolation,degraded
2026-10-08,2026-10-09T21:39:41+00:00,online,BE,solar,timesfm3_online,TimesFM3 with covariates,weather_4p+tso_forecast,2208,2026-10-09 07:00:00+00:00,215.200927734375,158.628499,,2026-07-08 16:00:00+00:00,2026-10-08 15:00:00+00:00,3,3,bias_adjusted_tso+linear_interpolation,degraded
2026-10-08,2026-10-09T21:39:41+00:00,online,BE,solar,timesfm3_online,TimesFM3 with covariates,weather_4p+tso_forecast,2208,2026-10-09 08:00:00+00:00,398.2952880859375,339.894999,,2026-07-08 16:00:00+00:00,2026-10-08 15:00:00+00:00,3,3,bias_adjusted_tso+linear_interpolation,degraded
2026-10-08,2026-10-09T21:39:41+00:00,online,BE,solar,timesfm3_online,TimesFM3 with covariates,weather_4p+tso_forecast,2208,2026-10-09 09:00:00+00:00,554.7593994140625,601.92425,,2026-07-08 16:00:00+00:00,2026-10-08 15:00:00+00:00,3,3,bias_adjusted_tso+linear_interpolation,degraded
2026-10-08,2026-10-09T21:39:41+00:00,online,BE,solar,timesfm3_online,TimesFM3 with covariates,weather_4p+tso_forecast,2208,2026-10-09 10:00:00+00:00,784.9346313476562,944.150501,,2026-07-08 16:00:00+00:00,2026-10-08 15:00:00+00:00,3,3,bias_adjusted_tso+linear_interpolation,degraded
2026-10-08,2026-10-09T21:39:41+00:00,online,BE,solar,timesfm3_online,TimesFM3 with covariates,weather_4p+tso_forecast,2208,2026-10-09 11:00:00+00:00,1093.25341796875,1253.491001,,2026-07-08 16:00:00+00:00,2026-10-08 15:00:00+00:00,3,3,bias_adjusted_tso+linear_interpolation,degraded
2026-10-08,2026-10-09T21:39:41+00:00,online,BE,solar,timesfm3_online,TimesFM3 with covariates,weather_4p+tso_forecast,2208,2026-10-09 12:00:00+00:00,1109.8111572265625,1447.423003,,2026-07-08 16:00:00+00:00,2026-10-08 15:00:00+00:00,3,3,bias_adjusted_tso+linear_interpolation,degraded
2026-10-08,2026-10-09T21:39:41+00:00,online,BE,solar,timesfm3_online,TimesFM3 with covariates,weather_4p+tso_forecast,2208,2026-10-09 13:00:00+00:00,905.7772216796875,1327.5515,,2026-07-08 16:00:00+00:00,2026-10-08 15:00:00+00:00,3,3,bias_adjusted_tso+linear_interpolation,degraded
2026-10-08,2026-10-09T21:39:41+00:00,online,BE,solar,timesfm3_online,TimesFM3 with covariates,weather_4p+tso_forecast,2208,2026-10-09 14:00:00+00:00,556.466796875,889.163,,2026-07-08 16:00:00+00:00,2026-10-08 15:00:00+00:00,3,3,bias_adjusted_tso+linear_interpolation,degraded
2026-10-08,2026-10-09T21:39:41+00:00,online,BE,solar,timesfm3_online,TimesFM3 with covariates,weather_4p+tso_forecast,2208,2026-10-09 15:00:00+00:00,407.4815673828125,394.17125,,2026-07-08 16:00:00+00:00,2026-10-08 15:00:00+00:00,3,3,bias_adjusted_tso+linear_interpolation,degraded
2026-10-08,2026-10-09T21:39:41+00:00,online,BE,wind_onshore,timesfm3_online,TimesFM3 with covariates,weather_4p+tso_forecast,2208,2026-10-08 16:00:00+00:00,840.9439697265625,837.95,,2026-07-08 16:00:00+00:00,2026-10-08 15:00:00+00:00,3,3,bias_adjusted_tso+linear_interpolation,degraded
2026-10-08,2026-10-09T21:39:41+00:00,online,BE,wind_onshore,timesfm3_online,TimesFM3 with covariates,weather_4p+tso_forecast,2208,2026-10-08 17:00:00+00:00,760.9387817382812,730.45,,2026-07-08 16:00:00+00:00,2026-10-08 15:00:00+00:00,3,3,bias_adjusted_tso+linear_interpolation,degraded
2026-10-08,2026-10-09T21:39:41+00:00,online,BE,wind_onshore,timesfm3_online,TimesFM3 with covariates,weather_4p+tso_forecast,2208,2026-10-08 18:00:00+00:00,754.7398681640625,694.6,,2026-07-08 16:00:00+00:00,2026-10-08 15:00:00+00:00,3,3,bias_adjusted_tso+linear_interpolation,degraded
2026-10-08,2026-10-09T21:39:41+00:00,online,BE,wind_onshore,timesfm3_online,TimesFM3 with covariates,weather_4p+tso_forecast,2208,2026-10-08 19:00:00+00:00,764.135498046875,680.1,,2026-07-08 16:00:00+00:00,2026-10-08 15:00:00+00:00,3,3,bias_adjusted_tso+linear_interpolation,degraded
2026-10-08,2026-10-09T21:39:41+00:00,online,BE,wind_onshore,timesfm3_online,TimesFM3 with covariates,weather_4p+tso_forecast,2208,2026-10-08 20:00:00+00:00,781.7003173828125,666.725,,2026-07-08 16:00:00+00:00,2026-10-08 15:00:00+00:00,3,3,bias_adjusted_tso+linear_interpolation,degraded
2026-10-08,2026-10-09T21:39:41+00:00,online,BE,wind_onshore,timesfm3_online,TimesFM3 with covariates,weather_4p+tso_forecast,2208,2026-10-08 21:00:00+00:00,826.217529296875,681.25,,2026-07-08 16:00:00+00:00,2026-10-08 15:00:00+00:00,3,3,bias_adjusted_tso+linear_interpolation,degraded
2026-10-08,2026-10-09T21:39:41+00:00,online,BE,wind_onshore,timesfm3_online,TimesFM3 with covariates,weather_4p+tso_forecast,2208,2026-10-08 22:00:00+00:00,886.01904296875,760.375,,2026-07-08 16:00:00+00:00,2026-10-08 15:00:00+00:00,3,3,bias_adjusted_tso+linear_interpolation,degraded
2026-10-08,2026-10-09T21:39:41+00:00,online,BE,wind_onshore,timesfm3_online,TimesFM3 with covariates,weather_4p+tso_forecast,2208,2026-10-08 23:00:00+00:00,950.5595703125,807.675,,2026-07-08 16:00:00+00:00,2026-10-08 15:00:00+00:00,3,3,bias_adjusted_tso+linear_interpolation,degraded
2026-10-08,2026-10-09T21:39:41+00:00,online,BE,wind_onshore,timesfm3_online,TimesFM3 with covariates,weather_4p+tso_forecast,2208,2026-10-09 00:00:00+00:00,1053.975341796875,877.625,,2026-07-08 16:00:00+00:00,2026-10-08 15:00:00+00:00,3,3,bias_adjusted_tso+linear_interpolation,degraded
2026-10-08,2026-10-09T21:39:41+00:00,online,BE,wind_onshore,timesfm3_online,TimesFM3 with covariates,weather_4p+tso_forecast,2208,2026-10-09 01:00:00+00:00,1189.604736328125,986.475,,2026-07-08 16:00:00+00:00,2026-10-08 15:00:00+00:00,3,3,bias_adjusted_tso+linear_interpolation,degraded
2026-10-08,2026-10-09T21:39:41+00:00,online,BE,wind_onshore,timesfm3_online,TimesFM3 with covariates,weather_4p+tso_forecast,2208,2026-10-09 02:00:00+00:00,1339.2130126953125,1123.125,,2026-07-08 16:00:00+00:00,2026-10-08 15:00:00+00:00,3,3,bias_adjusted_tso+linear_interpolation,degraded
2026-10-08,2026-10-09T21:39:41+00:00,online,BE,wind_onshore,timesfm3_online,TimesFM3 with covariates,weather_4p+tso_forecast,2208,2026-10-09 03:00:00+00:00,1521.034423828125,1319.675,,2026-07-08 16:00:00+00:00,2026-10-08 15:00:00+00:00,3,3,bias_adjusted_tso+linear_interpolation,degraded
2026-10-08,2026-10-09T21:39:41+00:00,online,BE,wind_onshore,timesfm3_online,TimesFM3 with covariates,weather_4p+tso_forecast,2208,2026-10-09 04:00:00+00:00,1758.90234375,1578.65,,2026-07-08 16:00:00+00:00,2026-10-08 15:00:00+00:00,3,3,bias_adjusted_tso+linear_interpolation,degraded
2026-10-08,2026-10-09T21:39:41+00:00,online,BE,wind_onshore,timesfm3_online,TimesFM3 with covariates,weather_4p+tso_forecast,2208,2026-10-09 05:00:00+00:00,2020.71044921875,1845.175,,2026-07-08 16:00:00+00:00,2026-10-08 15:00:00+00:00,3,3,bias_adjusted_tso+linear_interpolation,degraded
2026-10-08,2026-10-09T21:39:41+00:00,online,BE,wind_onshore,timesfm3_online,TimesFM3 with covariates,weather_4p+tso_forecast,2208,2026-10-09 06:00:00+00:00,2249.1669921875,2067.2,,2026-07-08 16:00:00+00:00,2026-10-08 15:00:00+00:00,3,3,bias_adjusted_tso+linear_interpolation,degraded
2026-10-08,2026-10-09T21:39:41+00:00,online,BE,wind_onshore,timesfm3_online,TimesFM3 with covariates,weather_4p+tso_forecast,2208,2026-10-09 07:00:00+00:00,2380.420166015625,2198.775,,2026-07-08 16:00:00+00:00,2026-10-08 15:00:00+00:00,3,3,bias_adjusted_tso+linear_interpolation,degraded
2026-10-08,2026-10-09T21:39:41+00:00,online,BE,wind_onshore,timesfm3_online,TimesFM3 with covariates,weather_4p+tso_forecast,2208,2026-10-09 08:00:00+00:00,2461.660400390625,2235.975,,2026-07-08 16:00:00+00:00,2026-10-08 15:00:00+00:00,3,3,bias_adjusted_tso+linear_interpolation,degraded
2026-10-08,2026-10-09T21:39:41+00:00,online,BE,wind_onshore,timesfm3_online,TimesFM3 with covariates,weather_4p+tso_forecast,2208,2026-10-09 09:00:00+00:00,2422.260986328125,2206.05,,2026-07-08 16:00:00+00:00,2026-10-08 15:00:00+00:00,3,3,bias_adjusted_tso+linear_interpolation,degraded
2026-10-08,2026-10-09T21:39:41+00:00,online,BE,wind_onshore,timesfm3_online,TimesFM3 with covariates,weather_4p+tso_forecast,2208,2026-10-09 10:00:00+00:00,2392.5576171875,2133.2,,2026-07-08 16:00:00+00:00,2026-10-08 15:00:00+00:00,3,3,bias_adjusted_tso+linear_interpolation,degraded
2026-10-08,2026-10-09T21:39:41+00:00,online,BE,wind_onshore,timesfm3_online,TimesFM3 with covariates,weather_4p+tso_forecast,2208,2026-10-09 11:00:00+00:00,2332.66650390625,2030.05,,2026-07-08 16:00:00+00:00,2026-10-08 15:00:00+00:00,3,3,bias_adjusted_tso+linear_interpolation,degraded
2026-10-08,2026-10-09T21:39:41+00:00,online,BE,wind_onshore,timesfm3_online,TimesFM3 with covariates,weather_4p+tso_forecast,2208,2026-10-09 12:00:00+00:00,2235.332763671875,1954.875,,2026-07-08 16:00:00+00:00,2026-10-08 15:00:00+00:00,3,3,bias_adjusted_tso+linear_interpolation,degraded
2026-10-08,2026-10-09T21:39:41+00:00,online,BE,wind_onshore,timesfm3_online,TimesFM3 with covariates,weather_4p+tso_forecast,2208,2026-10-09 13:00:00+00:00,2217.567138671875,1928.925,,2026-07-08 16:00:00+00:00,2026-10-08 15:00:00+00:00,3,3,bias_adjusted_tso+linear_interpolation,degraded
2026-10-08,2026-10-09T21:39:41+00:00,online,BE,wind_onshore,timesfm3_online,TimesFM3 with covariates,weather_4p+tso_forecast,2208,2026-10-09 14:00:00+00:00,2159.4619140625,1926.7,,2026-07-08 16:00:00+00:00,2026-10-08 15:00:00+00:00,3,3,bias_adjusted_tso+linear_interpolation,degraded
2026-10-08,2026-10-09T21:39:41+00:00,online,BE,wind_onshore,timesfm3_online,TimesFM3 with covariates,weather_4p+tso_forecast,2208,2026-10-09 15:00:00+00:00,1955.2265625,2023.15,,2026-07-08 16:00:00+00:00,2026-10-08 15:00:00+00:00,3,3,bias_adjusted_tso+linear_interpolation,degraded
2026-10-08,2026-10-09T21:39:41+00:00,online,BE,wind_offshore,timesfm3_online,TimesFM3 with covariates,weather_4p+tso_forecast,2208,2026-10-08 16:00:00+00:00,840.2386474609375,1095.525,,2026-07-08 16:00:00+00:00,2026-10-08 15:00:00+00:00,3,3,bias_adjusted_tso+linear_interpolation,degraded
2026-10-08,2026-10-09T21:39:41+00:00,online,BE,wind_offshore,timesfm3_online,TimesFM3 with covariates,weather_4p+tso_forecast,2208,2026-10-08 17:00:00+00:00,706.4806518554688,923.225,,2026-07-08 16:00:00+00:00,2026-10-08 15:00:00+00:00,3,3,bias_adjusted_tso+linear_interpolation,degraded
2026-10-08,2026-10-09T21:39:41+00:00,online,BE,wind_offshore,timesfm3_online,TimesFM3 with covariates,weather_4p+tso_forecast,2208,2026-10-08 18:00:00+00:00,606.6377563476562,820.175,,2026-07-08 16:00:00+00:00,2026-10-08 15:00:00+00:00,3,3,bias_adjusted_tso+linear_interpolation,degraded
2026-10-08,2026-10-09T21:39:41+00:00,online,BE,wind_offshore,timesfm3_online,TimesFM3 with covariates,weather_4p+tso_forecast,2208,2026-10-08 19:00:00+00:00,524.6566772460938,753.2,,2026-07-08 16:00:00+00:00,2026-10-08 15:00:00+00:00,3,3,bias_adjusted_tso+linear_interpolation,degraded
2026-10-08,2026-10-09T21:39:41+00:00,online,BE,wind_offshore,timesfm3_online,TimesFM3 with covariates,weather_4p+tso_forecast,2208,2026-10-08 20:00:00+00:00,485.0216064453125,716.5,,2026-07-08 16:00:00+00:00,2026-10-08 15:00:00+00:00,3,3,bias_adjusted_tso+linear_interpolation,degraded
2026-10-08,2026-10-09T21:39:41+00:00,online,BE,wind_offshore,timesfm3_online,TimesFM3 with covariates,weather_4p+tso_forecast,2208,2026-10-08 21:00:00+00:00,438.49615478515625,726.675,,2026-07-08 16:00:00+00:00,2026-10-08 15:00:00+00:00,3,3,bias_adjusted_tso+linear_interpolation,degraded
2026-10-08,2026-10-09T21:39:41+00:00,online,BE,wind_offshore,timesfm3_online,TimesFM3 with covariates,weather_4p+tso_forecast,2208,2026-10-08 22:00:00+00:00,644.1522216796875,994.05,,2026-07-08 16:00:00+00:00,2026-10-08 15:00:00+00:00,3,3,bias_adjusted_tso+linear_interpolation,degraded
2026-10-08,2026-10-09T21:39:41+00:00,online,BE,wind_offshore,timesfm3_online,TimesFM3 with covariates,weather_4p+tso_forecast,2208,2026-10-08 23:00:00+00:00,1136.80322265625,1340.3,,2026-07-08 16:00:00+00:00,2026-10-08 15:00:00+00:00,3,3,bias_adjusted_tso+linear_interpolation,degraded
2026-10-08,2026-10-09T21:39:41+00:00,online,BE,wind_offshore,timesfm3_online,TimesFM3 with covariates,weather_4p+tso_forecast,2208,2026-10-09 00:00:00+00:00,1636.258056640625,1698.45,,2026-07-08 16:00:00+00:00,2026-10-08 15:00:00+00:00,3,3,bias_adjusted_tso+linear_interpolation,degraded
2026-10-08,2026-10-09T21:39:41+00:00,online,BE,wind_offshore,timesfm3_online,TimesFM3 with covariates,weather_4p+tso_forecast,2208,2026-10-09 01:00:00+00:00,1930.726806640625,1919.8,,2026-07-08 16:00:00+00:00,2026-10-08 15:00:00+00:00,3,3,bias_adjusted_tso+linear_interpolation,degraded
2026-10-08,2026-10-09T21:39:41+00:00,online,BE,wind_offshore,timesfm3_online,TimesFM3 with covariates,weather_4p+tso_forecast,2208,2026-10-09 02:00:00+00:00,2013.360107421875,2016.8,,2026-07-08 16:00:00+00:00,2026-10-08 15:00:00+00:00,3,3,bias_adjusted_tso+linear_interpolation,degraded
2026-10-08,2026-10-09T21:39:41+00:00,online,BE,wind_offshore,timesfm3_online,TimesFM3 with covariates,weather_4p+tso_forecast,2208,2026-10-09 03:00:00+00:00,2045.5,2058.875,,2026-07-08 16:00:00+00:00,2026-10-08 15:00:00+00:00,3,3,bias_adjusted_tso+linear_interpolation,degraded
2026-10-08,2026-10-09T21:39:41+00:00,online,BE,wind_offshore,timesfm3_online,TimesFM3 with covariates,weather_4p+tso_forecast,2208,2026-10-09 04:00:00+00:00,2085.63037109375,2097.35,,2026-07-08 16:00:00+00:00,2026-10-08 15:00:00+00:00,3,3,bias_adjusted_tso+linear_interpolation,degraded
2026-10-08,2026-10-09T21:39:41+00:00,online,BE,wind_offshore,timesfm3_online,TimesFM3 with covariates,weather_4p+tso_forecast,2208,2026-10-09 05:00:00+00:00,2110.13525390625,2119.475,,2026-07-08 16:00:00+00:00,2026-10-08 15:00:00+00:00,3,3,bias_adjusted_tso+linear_interpolation,degraded
2026-10-08,2026-10-09T21:39:41+00:00,online,BE,wind_offshore,timesfm3_online,TimesFM3 with covariates,weather_4p+tso_forecast,2208,2026-10-09 06:00:00+00:00,2107.150390625,2132.075,,2026-07-08 16:00:00+00:00,2026-10-08 15:00:00+00:00,3,3,bias_adjusted_tso+linear_interpolation,degraded
2026-10-08,2026-10-09T21:39:41+00:00,online,BE,wind_offshore,timesfm3_online,TimesFM3 with covariates,weather_4p+tso_forecast,2208,2026-10-09 07:00:00+00:00,2100.43505859375,2142.325,,2026-07-08 16:00:00+00:00,2026-10-08 15:00:00+00:00,3,3,bias_adjusted_tso+linear_interpolation,degraded
2026-10-08,2026-10-09T21:39:41+00:00,online,BE,wind_offshore,timesfm3_online,TimesFM3 with covariates,weather_4p+tso_forecast,2208,2026-10-09 08:00:00+00:00,2115.3349609375,2150.25,,2026-07-08 16:00:00+00:00,2026-10-08 15:00:00+00:00,3,3,bias_adjusted_tso+linear_interpolation,degraded
2026-10-08,2026-10-09T21:39:41+00:00,online,BE,wind_offshore,timesfm3_online,TimesFM3 with covariates,weather_4p+tso_forecast,2208,2026-10-09 09:00:00+00:00,2098.783203125,2150.7,,2026-07-08 16:00:00+00:00,2026-10-08 15:00:00+00:00,3,3,bias_adjusted_tso+linear_interpolation,degraded
2026-10-08,2026-10-09T21:39:41+00:00,online,BE,wind_offshore,timesfm3_online,TimesFM3 with covariates,weather_4p+tso_forecast,2208,2026-10-09 10:00:00+00:00,2101.69775390625,2146.125,,2026-07-08 16:00:00+00:00,2026-10-08 15:00:00+00:00,3,3,bias_adjusted_tso+linear_interpolation,degraded
2026-10-08,2026-10-09T21:39:41+00:00,online,BE,wind_offshore,timesfm3_online,TimesFM3 with covariates,weather_4p+tso_forecast,2208,2026-10-09 11:00:00+00:00,2109.7373046875,2140.5,,2026-07-08 16:00:00+00:00,2026-10-08 15:00:00+00:00,3,3,bias_adjusted_tso+linear_interpolation,degraded
2026-10-08,2026-10-09T21:39:41+00:00,online,BE,wind_offshore,timesfm3_online,TimesFM3 with covariates,weather_4p+tso_forecast,2208,2026-10-09 12:00:00+00:00,2119.031982421875,2142.45,,2026-07-08 16:00:00+00:00,2026-10-08 15:00:00+00:00,3,3,bias_adjusted_tso+linear_interpolation,degraded
2026-10-08,2026-10-09T21:39:41+00:00,online,BE,wind_offshore,timesfm3_online,TimesFM3 with covariates,weather_4p+tso_forecast,2208,2026-10-09 13:00:00+00:00,2130.048583984375,2148.125,,2026-07-08 16:00:00+00:00,2026-10-08 15:00:00+00:00,3,3,bias_adjusted_tso+linear_interpolation,degraded
2026-10-08,2026-10-09T21:39:41+00:00,online,BE,wind_offshore,timesfm3_online,TimesFM3 with covariates,weather_4p+tso_forecast,2208,2026-10-09 14:00:00+00:00,2159.976806640625,2154.6,,2026-07-08 16:00:00+00:00,2026-10-08 15:00:00+00:00,3,3,bias_adjusted_tso+linear_interpolation,degraded
2026-10-08,2026-10-09T21:39:41+00:00,online,BE,wind_offshore,timesfm3_online,TimesFM3 with covariates,weather_4p+tso_forecast,2208,2026-10-09 15:00:00+00:00,2047.071044921875,2163.0,,2026-07-08 16:00:00+00:00,2026-10-08 15:00:00+00:00,3,3,bias_adjusted_tso+linear_interpolation,degraded
2026-10-08,2026-10-09T21:39:41+00:00,online,FR,load,timesfm3_online,TimesFM3 with covariates,Temp+tso_forecast,2208,2026-10-08 16:00:00+00:00,47644.3984375,47625.0,,2026-07-08 16:00:00+00:00,2026-10-08 15:00:00+00:00,1,1,linear_interpolation,interpolated
2026-10-08,2026-10-09T21:39:41+00:00,online,FR,load,timesfm3_online,TimesFM3 with covariates,Temp+tso_forecast,2208,2026-10-08 17:00:00+00:00,49446.8828125,50137.5,,2026-07-08 16:00:00+00:00,2026-10-08 15:00:00+00:00,1,1,linear_interpolation,interpolated
2026-10-08,2026-10-09T21:39:41+00:00,online,FR,load,timesfm3_online,TimesFM3 with covariates,Temp+tso_forecast,2208,2026-10-08 18:00:00+00:00,47245.86328125,48525.0,,2026-07-08 16:00:00+00:00,2026-10-08 15:00:00+00:00,1,1,linear_interpolation,interpolated
2026-10-08,2026-10-09T21:39:41+00:00,online,FR,load,timesfm3_online,TimesFM3 with covariates,Temp+tso_forecast,2208,2026-10-08 19:00:00+00:00,44165.42578125,45275.0,,2026-07-08 16:00:00+00:00,2026-10-08 15:00:00+00:00,1,1,linear_interpolation,interpolated
2026-10-08,2026-10-09T21:39:41+00:00,online,FR,load,timesfm3_online,TimesFM3 with covariates,Temp+tso_forecast,2208,2026-10-08 20:00:00+00:00,43721.69921875,44275.0,,2026-07-08 16:00:00+00:00,2026-10-08 15:00:00+00:00,1,1,linear_interpolation,interpolated
2026-10-08,2026-10-09T21:39:41+00:00,online,FR,load,timesfm3_online,TimesFM3 with covariates,Temp+tso_forecast,2208,2026-10-08 21:00:00+00:00,43453.42578125,44750.0,,2026-07-08 16:00:00+00:00,2026-10-08 15:00:00+00:00,1,1,linear_interpolation,interpolated
2026-10-08,2026-10-09T21:39:41+00:00,online,FR,load,timesfm3_online,TimesFM3 with covariates,Temp+tso_forecast,2208,2026-10-08 22:00:00+00:00,41127.71875,42500.0,,2026-07-08 16:00:00+00:00,2026-10-08 15:00:00+00:00,1,1,linear_interpolation,interpolated
2026-10-08,2026-10-09T21:39:41+00:00,online,FR,load,timesfm3_online,TimesFM3 with covariates,Temp+tso_forecast,2208,2026-10-08 23:00:00+00:00,39595.9296875,40500.0,,2026-07-08 16:00:00+00:00,2026-10-08 15:00:00+00:00,1,1,linear_interpolation,interpolated
2026-10-08,2026-10-09T21:39:41+00:00,online,FR,load,timesfm3_online,TimesFM3 with covariates,Temp+tso_forecast,2208,2026-10-09 00:00:00+00:00,37426.78515625,38712.5,,2026-07-08 16:00:00+00:00,2026-10-08 15:00:00+00:00,1,1,linear_interpolation,interpolated
2026-10-08,2026-10-09T21:39:41+00:00,online,FR,load,timesfm3_online,TimesFM3 with covariates,Temp+tso_forecast,2208,2026-10-09 01:00:00+00:00,35603.9140625,36712.5,,2026-07-08 16:00:00+00:00,2026-10-08 15:00:00+00:00,1,1,linear_interpolation,interpolated
2026-10-08,2026-10-09T21:39:41+00:00,online,FR,load,timesfm3_online,TimesFM3 with covariates,Temp+tso_forecast,2208,2026-10-09 02:00:00+00:00,35319.1796875,36312.5,,2026-07-08 16:00:00+00:00,2026-10-08 15:00:00+00:00,1,1,linear_interpolation,interpolated
2026-10-08,2026-10-09T21:39:41+00:00,online,FR,load,timesfm3_online,TimesFM3 with covariates,Temp+tso_forecast,2208,2026-10-09 03:00:00+00:00,36893.28125,37737.5,,2026-07-08 16:00:00+00:00,2026-10-08 15:00:00+00:00,1,1,linear_interpolation,interpolated
2026-10-08,2026-10-09T21:39:41+00:00,online,FR,load,timesfm3_online,TimesFM3 with covariates,Temp+tso_forecast,2208,2026-10-09 04:00:00+00:00,41199.6484375,41700.0,,2026-07-08 16:00:00+00:00,2026-10-08 15:00:00+00:00,1,1,linear_interpolation,interpolated
2026-10-08,2026-10-09T21:39:41+00:00,online,FR,load,timesfm3_online,TimesFM3 with covariates,Temp+tso_forecast,2208,2026-10-09 05:00:00+00:00,45657.88671875,46000.0,,2026-07-08 16:00:00+00:00,2026-10-08 15:00:00+00:00,1,1,linear_interpolation,interpolated
2026-10-08,2026-10-09T21:39:41+00:00,online,FR,load,timesfm3_online,TimesFM3 with covariates,Temp+tso_forecast,2208,2026-10-09 06:00:00+00:00,47995.98046875,48700.0,,2026-07-08 16:00:00+00:00,2026-10-08 15:00:00+00:00,1,1,linear_interpolation,interpolated
2026-10-08,2026-10-09T21:39:41+00:00,online,FR,load,timesfm3_online,TimesFM3 with covariates,Temp+tso_forecast,2208,2026-10-09 07:00:00+00:00,48624.6484375,49700.0,,2026-07-08 16:00:00+00:00,2026-10-08 15:00:00+00:00,1,1,linear_interpolation,interpolated
2026-10-08,2026-10-09T21:39:41+00:00,online,FR,load,timesfm3_online,TimesFM3 with covariates,Temp+tso_forecast,2208,2026-10-09 08:00:00+00:00,49307.3671875,50125.0,,2026-07-08 16:00:00+00:00,2026-10-08 15:00:00+00:00,1,1,linear_interpolation,interpolated
2026-10-08,2026-10-09T21:39:41+00:00,online,FR,load,timesfm3_online,TimesFM3 with covariates,Temp+tso_forecast,2208,2026-10-09 09:00:00+00:00,50099.87109375,50825.0,,2026-07-08 16:00:00+00:00,2026-10-08 15:00:00+00:00,1,1,linear_interpolation,interpolated
2026-10-08,2026-10-09T21:39:41+00:00,online,FR,load,timesfm3_online,TimesFM3 with covariates,Temp+tso_forecast,2208,2026-10-09 10:00:00+00:00,50480.515625,51237.5,,2026-07-08 16:00:00+00:00,2026-10-08 15:00:00+00:00,1,1,linear_interpolation,interpolated
2026-10-08,2026-10-09T21:39:41+00:00,online,FR,load,timesfm3_online,TimesFM3 with covariates,Temp+tso_forecast,2208,2026-10-09 11:00:00+00:00,48887.25390625,50175.0,,2026-07-08 16:00:00+00:00,2026-10-08 15:00:00+00:00,1,1,linear_interpolation,interpolated
2026-10-08,2026-10-09T21:39:41+00:00,online,FR,load,timesfm3_online,TimesFM3 with covariates,Temp+tso_forecast,2208,2026-10-09 12:00:00+00:00,48387.6640625,49450.0,,2026-07-08 16:00:00+00:00,2026-10-08 15:00:00+00:00,1,1,linear_interpolation,interpolated
2026-10-08,2026-10-09T21:39:41+00:00,online,FR,load,timesfm3_online,TimesFM3 with covariates,Temp+tso_forecast,2208,2026-10-09 13:00:00+00:00,47315.0234375,48387.5,,2026-07-08 16:00:00+00:00,2026-10-08 15:00:00+00:00,1,1,linear_interpolation,interpolated
2026-10-08,2026-10-09T21:39:41+00:00,online,FR,load,timesfm3_online,TimesFM3 with covariates,Temp+tso_forecast,2208,2026-10-09 14:00:00+00:00,45270.73828125,46000.0,,2026-07-08 16:00:00+00:00,2026-10-08 15:00:00+00:00,1,1,linear_interpolation,interpolated
2026-10-08,2026-10-09T21:39:41+00:00,online,FR,load,timesfm3_online,TimesFM3 with covariates,Temp+tso_forecast,2208,2026-10-09 15:00:00+00:00,45539.375,46262.5,,2026-07-08 16:00:00+00:00,2026-10-08 15:00:00+00:00,1,1,linear_interpolation,interpolated
2026-10-08,2026-10-09T21:39:41+00:00,online,DE,load,timesfm3_online,TimesFM3 with covariates,Hum+tso_forecast,2208,2026-10-08 16:00:00+00:00,62306.84375,61412.1519475,,2026-07-08 16:00:00+00:00,2026-10-08 15:00:00+00:00,1,1,linear_interpolation,interpolated
2026-10-08,2026-10-09T21:39:41+00:00,online,DE,load,timesfm3_online,TimesFM3 with covariates,Hum+tso_forecast,2208,2026-10-08 17:00:00+00:00,61958.3984375,61329.208692500004,,2026-07-08 16:00:00+00:00,2026-10-08 15:00:00+00:00,1,1,linear_interpolation,interpolated
2026-10-08,2026-10-09T21:39:41+00:00,online,DE,load,timesfm3_online,TimesFM3 with covariates,Hum+tso_forecast,2208,2026-10-08 18:00:00+00:00,59678.68359375,59066.02507575,,2026-07-08 16:00:00+00:00,2026-10-08 15:00:00+00:00,1,1,linear_interpolation,interpolated
2026-10-08,2026-10-09T21:39:41+00:00,online,DE,load,timesfm3_online,TimesFM3 with covariates,Hum+tso_forecast,2208,2026-10-08 19:00:00+00:00,56362.921875,55695.27595075,,2026-07-08 16:00:00+00:00,2026-10-08 15:00:00+00:00,1,1,linear_interpolation,interpolated
2026-10-08,2026-10-09T21:39:41+00:00,online,DE,load,timesfm3_online,TimesFM3 with covariates,Hum+tso_forecast,2208,2026-10-08 20:00:00+00:00,52622.5078125,51867.431315249996,,2026-07-08 16:00:00+00:00,2026-10-08 15:00:00+00:00,1,1,linear_interpolation,interpolated
2026-10-08,2026-10-09T21:39:41+00:00,online,DE,load,timesfm3_online,TimesFM3 with covariates,Hum+tso_forecast,2208,2026-10-08 21:00:00+00:00,49727.21484375,48429.7438485,,2026-07-08 16:00:00+00:00,2026-10-08 15:00:00+00:00,1,1,linear_interpolation,interpolated
2026-10-08,2026-10-09T21:39:41+00:00,online,DE,load,timesfm3_online,TimesFM3 with covariates,Hum+tso_forecast,2208,2026-10-08 22:00:00+00:00,47002.1640625,45699.5011275,,2026-07-08 16:00:00+00:00,2026-10-08 15:00:00+00:00,1,1,linear_interpolation,interpolated
2026-10-08,2026-10-09T21:39:41+00:00,online,DE,load,timesfm3_online,TimesFM3 with covariates,Hum+tso_forecast,2208,2026-10-08 23:00:00+00:00,45754.12890625,44059.04207925,,2026-07-08 16:00:00+00:00,2026-10-08 15:00:00+00:00,1,1,linear_interpolation,interpolated
2026-10-08,2026-10-09T21:39:41+00:00,online,DE,load,timesfm3_online,TimesFM3 with covariates,Hum+tso_forecast,2208,2026-10-09 00:00:00+00:00,44952.078125,43354.202582750004,,2026-07-08 16:00:00+00:00,2026-10-08 15:00:00+00:00,1,1,linear_interpolation,interpolated
2026-10-08,2026-10-09T21:39:41+00:00,online,DE,load,timesfm3_online,TimesFM3 with covariates,Hum+tso_forecast,2208,2026-10-09 01:00:00+00:00,45187.51171875,43392.39242925,,2026-07-08 16:00:00+00:00,2026-10-08 15:00:00+00:00,1,1,linear_interpolation,interpolated
2026-10-08,2026-10-09T21:39:41+00:00,online,DE,load,timesfm3_online,TimesFM3 with covariates,Hum+tso_forecast,2208,2026-10-09 02:00:00+00:00,46551.875,44551.571383999995,,2026-07-08 16:00:00+00:00,2026-10-08 15:00:00+00:00,1,1,linear_interpolation,interpolated
2026-10-08,2026-10-09T21:39:41+00:00,online,DE,load,timesfm3_online,TimesFM3 with covariates,Hum+tso_forecast,2208,2026-10-09 03:00:00+00:00,49778.375,47294.3292,,2026-07-08 16:00:00+00:00,2026-10-08 15:00:00+00:00,1,1,linear_interpolation,interpolated
2026-10-08,2026-10-09T21:39:41+00:00,online,DE,load,timesfm3_online,TimesFM3 with covariates,Hum+tso_forecast,2208,2026-10-09 04:00:00+00:00,56049.84375,53387.524327,,2026-07-08 16:00:00+00:00,2026-10-08 15:00:00+00:00,1,1,linear_interpolation,interpolated
2026-10-08,2026-10-09T21:39:41+00:00,online,DE,load,timesfm3_online,TimesFM3 with covariates,Hum+tso_forecast,2208,2026-10-09 05:00:00+00:00,60467.05859375,57962.39330125,,2026-07-08 16:00:00+00:00,2026-10-08 15:00:00+00:00,1,1,linear_interpolation,interpolated
2026-10-08,2026-10-09T21:39:41+00:00,online,DE,load,timesfm3_online,TimesFM3 with covariates,Hum+tso_forecast,2208,2026-10-09 06:00:00+00:00,63844.4375,61064.94595225,,2026-07-08 16:00:00+00:00,2026-10-08 15:00:00+00:00,1,1,linear_interpolation,interpolated
2026-10-08,2026-10-09T21:39:41+00:00,online,DE,load,timesfm3_online,TimesFM3 with covariates,Hum+tso_forecast,2208,2026-10-09 07:00:00+00:00,65114.65625,62489.63179875,,2026-07-08 16:00:00+00:00,2026-10-08 15:00:00+00:00,1,1,linear_interpolation,interpolated
2026-10-08,2026-10-09T21:39:41+00:00,online,DE,load,timesfm3_online,TimesFM3 with covariates,Hum+tso_forecast,2208,2026-10-09 08:00:00+00:00,65339.92578125,63165.6172685,,2026-07-08 16:00:00+00:00,2026-10-08 15:00:00+00:00,1,1,linear_interpolation,interpolated
2026-10-08,2026-10-09T21:39:41+00:00,online,DE,load,timesfm3_online,TimesFM3 with covariates,Hum+tso_forecast,2208,2026-10-09 09:00:00+00:00,64604.58984375,62934.1114515,,2026-07-08 16:00:00+00:00,2026-10-08 15:00:00+00:00,1,1,linear_interpolation,interpolated
2026-10-08,2026-10-09T21:39:41+00:00,online,DE,load,timesfm3_online,TimesFM3 with covariates,Hum+tso_forecast,2208,2026-10-09 10:00:00+00:00,63558.6875,61671.56121,,2026-07-08 16:00:00+00:00,2026-10-08 15:00:00+00:00,1,1,linear_interpolation,interpolated
2026-10-08,2026-10-09T21:39:41+00:00,online,DE,load,timesfm3_online,TimesFM3 with covariates,Hum+tso_forecast,2208,2026-10-09 11:00:00+00:00,62105.59375,60183.4940065,,2026-07-08 16:00:00+00:00,2026-10-08 15:00:00+00:00,1,1,linear_interpolation,interpolated
2026-10-08,2026-10-09T21:39:41+00:00,online,DE,load,timesfm3_online,TimesFM3 with covariates,Hum+tso_forecast,2208,2026-10-09 12:00:00+00:00,60239.75,58806.38562475,,2026-07-08 16:00:00+00:00,2026-10-08 15:00:00+00:00,1,1,linear_interpolation,interpolated
2026-10-08,2026-10-09T21:39:41+00:00,online,DE,load,timesfm3_online,TimesFM3 with covariates,Hum+tso_forecast,2208,2026-10-09 13:00:00+00:00,59030.2578125,57968.607389,,2026-07-08 16:00:00+00:00,2026-10-08 15:00:00+00:00,1,1,linear_interpolation,interpolated
2026-10-08,2026-10-09T21:39:41+00:00,online,DE,load,timesfm3_online,TimesFM3 with covariates,Hum+tso_forecast,2208,2026-10-09 14:00:00+00:00,59188.80078125,58323.09035775,,2026-07-08 16:00:00+00:00,2026-10-08 15:00:00+00:00,1,1,linear_interpolation,interpolated
2026-10-08,2026-10-09T21:39:41+00:00,online,DE,load,timesfm3_online,TimesFM3 with covariates,Hum+tso_forecast,2208,2026-10-09 15:00:00+00:00,59604.6015625,58821.93569875,,2026-07-08 16:00:00+00:00,2026-10-08 15:00:00+00:00,1,1,linear_interpolation,interpolated
2026-10-08,2026-10-09T21:39:41+00:00,online,DE,solar,timesfm3_online,TimesFM3 with covariates,weather_4p+tso_forecast,2208,2026-10-08 16:00:00+00:00,1290.1328125,549.16844,,2026-07-08 16:00:00+00:00,2026-10-08 15:00:00+00:00,1,1,linear_interpolation,interpolated
2026-10-08,2026-10-09T21:39:41+00:00,online,DE,solar,timesfm3_online,TimesFM3 with covariates,weather_4p+tso_forecast,2208,2026-10-08 17:00:00+00:00,316.4677734375,0.0,,2026-07-08 16:00:00+00:00,2026-10-08 15:00:00+00:00,1,1,linear_interpolation,interpolated
2026-10-08,2026-10-09T21:39:41+00:00,online,DE,solar,timesfm3_online,TimesFM3 with covariates,weather_4p+tso_forecast,2208,2026-10-08 18:00:00+00:00,7.275390625,0.0,,2026-07-08 16:00:00+00:00,2026-10-08 15:00:00+00:00,1,1,linear_interpolation,interpolated
2026-10-08,2026-10-09T21:39:41+00:00,online,DE,solar,timesfm3_online,TimesFM3 with covariates,weather_4p+tso_forecast,2208,2026-10-08 19:00:00+00:00,59.3681640625,0.0,,2026-07-08 16:00:00+00:00,2026-10-08 15:00:00+00:00,1,1,linear_interpolation,interpolated
2026-10-08,2026-10-09T21:39:41+00:00,online,DE,solar,timesfm3_online,TimesFM3 with covariates,weather_4p+tso_forecast,2208,2026-10-08 20:00:00+00:00,0.2353515625,0.0,,2026-07-08 16:00:00+00:00,2026-10-08 15:00:00+00:00,1,1,linear_interpolation,interpolated
2026-10-08,2026-10-09T21:39:41+00:00,online,DE,solar,timesfm3_online,TimesFM3 with covariates,weather_4p+tso_forecast,2208,2026-10-08 21:00:00+00:00,131.099609375,0.0,,2026-07-08 16:00:00+00:00,2026-10-08 15:00:00+00:00,1,1,linear_interpolation,interpolated
2026-10-08,2026-10-09T21:39:41+00:00,online,DE,solar,timesfm3_online,TimesFM3 with covariates,weather_4p+tso_forecast,2208,2026-10-08 22:00:00+00:00,218.7646484375,0.0,,2026-07-08 16:00:00+00:00,2026-10-08 15:00:00+00:00,1,1,linear_interpolation,interpolated
2026-10-08,2026-10-09T21:39:41+00:00,online,DE,solar,timesfm3_online,TimesFM3 with covariates,weather_4p+tso_forecast,2208,2026-10-08 23:00:00+00:00,298.6884765625,0.0,,2026-07-08 16:00:00+00:00,2026-10-08 15:00:00+00:00,1,1,linear_interpolation,interpolated
2026-10-08,2026-10-09T21:39:41+00:00,online,DE,solar,timesfm3_online,TimesFM3 with covariates,weather_4p+tso_forecast,2208,2026-10-09 00:00:00+00:00,333.5927734375,0.0,,2026-07-08 16:00:00+00:00,2026-10-08 15:00:00+00:00,1,1,linear_interpolation,interpolated
2026-10-08,2026-10-09T21:39:41+00:00,online,DE,solar,timesfm3_online,TimesFM3 with covariates,weather_4p+tso_forecast,2208,2026-10-09 01:00:00+00:00,386.640625,0.0,,2026-07-08 16:00:00+00:00,2026-10-08 15:00:00+00:00,1,1,linear_interpolation,interpolated
2026-10-08,2026-10-09T21:39:41+00:00,online,DE,solar,timesfm3_online,TimesFM3 with covariates,weather_4p+tso_forecast,2208,2026-10-09 02:00:00+00:00,286.69921875,0.0,,2026-07-08 16:00:00+00:00,2026-10-08 15:00:00+00:00,1,1,linear_interpolation,interpolated
2026-10-08,2026-10-09T21:39:41+00:00,online,DE,solar,timesfm3_online,TimesFM3 with covariates,weather_4p+tso_forecast,2208,2026-10-09 03:00:00+00:00,209.6943359375,0.0,,2026-07-08 16:00:00+00:00,2026-10-08 15:00:00+00:00,1,1,linear_interpolation,interpolated
2026-10-08,2026-10-09T21:39:41+00:00,online,DE,solar,timesfm3_online,TimesFM3 with covariates,weather_4p+tso_forecast,2208,2026-10-09 04:00:00+00:00,428.6484375,0.0,,2026-07-08 16:00:00+00:00,2026-10-08 15:00:00+00:00,1,1,linear_interpolation,interpolated
2026-10-08,2026-10-09T21:39:41+00:00,online,DE,solar,timesfm3_online,TimesFM3 with covariates,weather_4p+tso_forecast,2208,2026-10-09 05:00:00+00:00,1054.0390625,407.80921,,2026-07-08 16:00:00+00:00,2026-10-08 15:00:00+00:00,1,1,linear_interpolation,interpolated
2026-10-08,2026-10-09T21:39:41+00:00,online,DE,solar,timesfm3_online,TimesFM3 with covariates,weather_4p+tso_forecast,2208,2026-10-09 06:00:00+00:00,4784.689453125,4639.6986175,,2026-07-08 16:00:00+00:00,2026-10-08 15:00:00+00:00,1,1,linear_interpolation,interpolated
2026-10-08,2026-10-09T21:39:41+00:00,online,DE,solar,timesfm3_online,TimesFM3 with covariates,weather_4p+tso_forecast,2208,2026-10-09 07:00:00+00:00,11872.2177734375,12152.1696075,,2026-07-08 16:00:00+00:00,2026-10-08 15:00:00+00:00,1,1,linear_interpolation,interpolated
2026-10-08,2026-10-09T21:39:41+00:00,online,DE,solar,timesfm3_online,TimesFM3 with covariates,weather_4p+tso_forecast,2208,2026-10-09 08:00:00+00:00,18578.138671875,18726.211239999997,,2026-07-08 16:00:00+00:00,2026-10-08 15:00:00+00:00,1,1,linear_interpolation,interpolated
2026-10-08,2026-10-09T21:39:41+00:00,online,DE,solar,timesfm3_online,TimesFM3 with covariates,weather_4p+tso_forecast,2208,2026-10-09 09:00:00+00:00,22263.45703125,22343.2057175,,2026-07-08 16:00:00+00:00,2026-10-08 15:00:00+00:00,1,1,linear_interpolation,interpolated
2026-10-08,2026-10-09T21:39:41+00:00,online,DE,solar,timesfm3_online,TimesFM3 with covariates,weather_4p+tso_forecast,2208,2026-10-09 10:00:00+00:00,23147.8203125,22752.712919999998,,2026-07-08 16:00:00+00:00,2026-10-08 15:00:00+00:00,1,1,linear_interpolation,interpolated
2026-10-08,2026-10-09T21:39:41+00:00,online,DE,solar,timesfm3_online,TimesFM3 with covariates,weather_4p+tso_forecast,2208,2026-10-09 11:00:00+00:00,20896.787109375,20557.6183575,,2026-07-08 16:00:00+00:00,2026-10-08 15:00:00+00:00,1,1,linear_interpolation,interpolated
2026-10-08,2026-10-09T21:39:41+00:00,online,DE,solar,timesfm3_online,TimesFM3 with covariates,weather_4p+tso_forecast,2208,2026-10-09 12:00:00+00:00,16107.587890625,16243.380992499999,,2026-07-08 16:00:00+00:00,2026-10-08 15:00:00+00:00,1,1,linear_interpolation,interpolated
2026-10-08,2026-10-09T21:39:41+00:00,online,DE,solar,timesfm3_online,TimesFM3 with covariates,weather_4p+tso_forecast,2208,2026-10-09 13:00:00+00:00,11391.94140625,11274.8762875,,2026-07-08 16:00:00+00:00,2026-10-08 15:00:00+00:00,1,1,linear_interpolation,interpolated
2026-10-08,2026-10-09T21:39:41+00:00,online,DE,solar,timesfm3_online,TimesFM3 with covariates,weather_4p+tso_forecast,2208,2026-10-09 14:00:00+00:00,6499.7548828125,6489.9516425,,2026-07-08 16:00:00+00:00,2026-10-08 15:00:00+00:00,1,1,linear_interpolation,interpolated
2026-10-08,2026-10-09T21:39:41+00:00,online,DE,solar,timesfm3_online,TimesFM3 with covariates,weather_4p+tso_forecast,2208,2026-10-09 15:00:00+00:00,2937.400390625,2388.74091,,2026-07-08 16:00:00+00:00,2026-10-08 15:00:00+00:00,1,1,linear_interpolation,interpolated
2026-10-08,2026-10-09T21:39:41+00:00,online,DE,wind_onshore,timesfm3_online,TimesFM3 with covariates,weather_4p+tso_forecast,2208,2026-10-08 16:00:00+00:00,31907.201171875,30534.9191525,,2026-07-08 16:00:00+00:00,2026-10-08 15:00:00+00:00,1,1,linear_interpolation,interpolated
2026-10-08,2026-10-09T21:39:41+00:00,online,DE,wind_onshore,timesfm3_online,TimesFM3 with covariates,weather_4p+tso_forecast,2208,2026-10-08 17:00:00+00:00,30770.140625,29411.7238375,,2026-07-08 16:00:00+00:00,2026-10-08 15:00:00+00:00,1,1,linear_interpolation,interpolated
2026-10-08,2026-10-09T21:39:41+00:00,online,DE,wind_onshore,timesfm3_online,TimesFM3 with covariates,weather_4p+tso_forecast,2208,2026-10-08 18:00:00+00:00,29834.197265625,28897.21952,,2026-07-08 16:00:00+00:00,2026-10-08 15:00:00+00:00,1,1,linear_interpolation,interpolated
2026-10-08,2026-10-09T21:39:41+00:00,online,DE,wind_onshore,timesfm3_online,TimesFM3 with covariates,weather_4p+tso_forecast,2208,2026-10-08 19:00:00+00:00,29231.0546875,28569.80899,,2026-07-08 16:00:00+00:00,2026-10-08 15:00:00+00:00,1,1,linear_interpolation,interpolated
2026-10-08,2026-10-09T21:39:41+00:00,online,DE,wind_onshore,timesfm3_online,TimesFM3 with covariates,weather_4p+tso_forecast,2208,2026-10-08 20:00:00+00:00,27900.56640625,27618.0429125,,2026-07-08 16:00:00+00:00,2026-10-08 15:00:00+00:00,1,1,linear_interpolation,interpolated
2026-10-08,2026-10-09T21:39:41+00:00,online,DE,wind_onshore,timesfm3_online,TimesFM3 with covariates,weather_4p+tso_forecast,2208,2026-10-08 21:00:00+00:00,27454.302734375,27221.460885,,2026-07-08 16:00:00+00:00,2026-10-08 15:00:00+00:00,1,1,linear_interpolation,interpolated
2026-10-08,2026-10-09T21:39:41+00:00,online,DE,wind_onshore,timesfm3_online,TimesFM3 with covariates,weather_4p+tso_forecast,2208,2026-10-08 22:00:00+00:00,27488.65234375,27763.948660000002,,2026-07-08 16:00:00+00:00,2026-10-08 15:00:00+00:00,1,1,linear_interpolation,interpolated
2026-10-08,2026-10-09T21:39:41+00:00,online,DE,wind_onshore,timesfm3_online,TimesFM3 with covariates,weather_4p+tso_forecast,2208,2026-10-08 23:00:00+00:00,26908.90625,27232.87724,,2026-07-08 16:00:00+00:00,2026-10-08 15:00:00+00:00,1,1,linear_interpolation,interpolated
2026-10-08,2026-10-09T21:39:41+00:00,online,DE,wind_onshore,timesfm3_online,TimesFM3 with covariates,weather_4p+tso_forecast,2208,2026-10-09 00:00:00+00:00,25899.27734375,26590.2560975,,2026-07-08 16:00:00+00:00,2026-10-08 15:00:00+00:00,1,1,linear_interpolation,interpolated
2026-10-08,2026-10-09T21:39:41+00:00,online,DE,wind_onshore,timesfm3_online,TimesFM3 with covariates,weather_4p+tso_forecast,2208,2026-10-09 01:00:00+00:00,25061.41796875,26128.030925,,2026-07-08 16:00:00+00:00,2026-10-08 15:00:00+00:00,1,1,linear_interpolation,interpolated
2026-10-08,2026-10-09T21:39:41+00:00,online,DE,wind_onshore,timesfm3_online,TimesFM3 with covariates,weather_4p+tso_forecast,2208,2026-10-09 02:00:00+00:00,24370.5078125,25598.5583625,,2026-07-08 16:00:00+00:00,2026-10-08 15:00:00+00:00,1,1,linear_interpolation,interpolated
2026-10-08,2026-10-09T21:39:41+00:00,online,DE,wind_onshore,timesfm3_online,TimesFM3 with covariates,weather_4p+tso_forecast,2208,2026-10-09 03:00:00+00:00,23933.890625,25173.7932775,,2026-07-08 16:00:00+00:00,2026-10-08 15:00:00+00:00,1,1,linear_interpolation,interpolated
2026-10-08,2026-10-09T21:39:41+00:00,online,DE,wind_onshore,timesfm3_online,TimesFM3 with covariates,weather_4p+tso_forecast,2208,2026-10-09 04:00:00+00:00,24442.177734375,25604.6611475,,2026-07-08 16:00:00+00:00,2026-10-08 15:00:00+00:00,1,1,linear_interpolation,interpolated
2026-10-08,2026-10-09T21:39:41+00:00,online,DE,wind_onshore,timesfm3_online,TimesFM3 with covariates,weather_4p+tso_forecast,2208,2026-10-09 05:00:00+00:00,25264.32421875,26032.4235925,,2026-07-08 16:00:00+00:00,2026-10-08 15:00:00+00:00,1,1,linear_interpolation,interpolated
2026-10-08,2026-10-09T21:39:41+00:00,online,DE,wind_onshore,timesfm3_online,TimesFM3 with covariates,weather_4p+tso_forecast,2208,2026-10-09 06:00:00+00:00,25838.380859375,26662.654035,,2026-07-08 16:00:00+00:00,2026-10-08 15:00:00+00:00,1,1,linear_interpolation,interpolated
2026-10-08,2026-10-09T21:39:41+00:00,online,DE,wind_onshore,timesfm3_online,TimesFM3 with covariates,weather_4p+tso_forecast,2208,2026-10-09 07:00:00+00:00,27076.517578125,27763.689485,,2026-07-08 16:00:00+00:00,2026-10-08 15:00:00+00:00,1,1,linear_interpolation,interpolated
2026-10-08,2026-10-09T21:39:41+00:00,online,DE,wind_onshore,timesfm3_online,TimesFM3 with covariates,weather_4p+tso_forecast,2208,2026-10-09 08:00:00+00:00,29117.908203125,29640.13824,,2026-07-08 16:00:00+00:00,2026-10-08 15:00:00+00:00,1,1,linear_interpolation,interpolated
2026-10-08,2026-10-09T21:39:41+00:00,online,DE,wind_onshore,timesfm3_online,TimesFM3 with covariates,weather_4p+tso_forecast,2208,2026-10-09 09:00:00+00:00,31952.29296875,32117.55171,,2026-07-08 16:00:00+00:00,2026-10-08 15:00:00+00:00,1,1,linear_interpolation,interpolated
2026-10-08,2026-10-09T21:39:41+00:00,online,DE,wind_onshore,timesfm3_online,TimesFM3 with covariates,weather_4p+tso_forecast,2208,2026-10-09 10:00:00+00:00,34584.9609375,34396.71667,,2026-07-08 16:00:00+00:00,2026-10-08 15:00:00+00:00,1,1,linear_interpolation,interpolated
2026-10-08,2026-10-09T21:39:41+00:00,online,DE,wind_onshore,timesfm3_online,TimesFM3 with covariates,weather_4p+tso_forecast,2208,2026-10-09 11:00:00+00:00,37178.203125,36494.25331,,2026-07-08 16:00:00+00:00,2026-10-08 15:00:00+00:00,1,1,linear_interpolation,interpolated
2026-10-08,2026-10-09T21:39:41+00:00,online,DE,wind_onshore,timesfm3_online,TimesFM3 with covariates,weather_4p+tso_forecast,2208,2026-10-09 12:00:00+00:00,38946.875,38292.101487500004,,2026-07-08 16:00:00+00:00,2026-10-08 15:00:00+00:00,1,1,linear_interpolation,interpolated
2026-10-08,2026-10-09T21:39:41+00:00,online,DE,wind_onshore,timesfm3_online,TimesFM3 with covariates,weather_4p+tso_forecast,2208,2026-10-09 13:00:00+00:00,40151.6953125,39084.529985,,2026-07-08 16:00:00+00:00,2026-10-08 15:00:00+00:00,1,1,linear_interpolation,interpolated
2026-10-08,2026-10-09T21:39:41+00:00,online,DE,wind_onshore,timesfm3_online,TimesFM3 with covariates,weather_4p+tso_forecast,2208,2026-10-09 14:00:00+00:00,40525.2578125,39440.2943375,,2026-07-08 16:00:00+00:00,2026-10-08 15:00:00+00:00,1,1,linear_interpolation,interpolated
2026-10-08,2026-10-09T21:39:41+00:00,online,DE,wind_onshore,timesfm3_online,TimesFM3 with covariates,weather_4p+tso_forecast,2208,2026-10-09 15:00:00+00:00,39085.6640625,39621.099325,,2026-07-08 16:00:00+00:00,2026-10-08 15:00:00+00:00,1,1,linear_interpolation,interpolated
2026-10-08,2026-10-09T21:39:41+00:00,online,DE,wind_offshore,timesfm3_online,TimesFM3 with covariates,weather_4p+tso_forecast,2208,2026-10-08 16:00:00+00:00,5509.6611328125,6185.4025,,2026-07-08 16:00:00+00:00,2026-10-08 15:00:00+00:00,1,1,linear_interpolation,interpolated
2026-10-08,2026-10-09T21:39:41+00:00,online,DE,wind_offshore,timesfm3_online,TimesFM3 with covariates,weather_4p+tso_forecast,2208,2026-10-08 17:00:00+00:00,5616.5537109375,6293.365,,2026-07-08 16:00:00+00:00,2026-10-08 15:00:00+00:00,1,1,linear_interpolation,interpolated
2026-10-08,2026-10-09T21:39:41+00:00,online,DE,wind_offshore,timesfm3_online,TimesFM3 with covariates,weather_4p+tso_forecast,2208,2026-10-08 18:00:00+00:00,5592.3125,6260.5075,,2026-07-08 16:00:00+00:00,2026-10-08 15:00:00+00:00,1,1,linear_interpolation,interpolated
2026-10-08,2026-10-09T21:39:41+00:00,online,DE,wind_offshore,timesfm3_online,TimesFM3 with covariates,weather_4p+tso_forecast,2208,2026-10-08 19:00:00+00:00,5539.99951171875,6185.9475,,2026-07-08 16:00:00+00:00,2026-10-08 15:00:00+00:00,1,1,linear_interpolation,interpolated
2026-10-08,2026-10-09T21:39:41+00:00,online,DE,wind_offshore,timesfm3_online,TimesFM3 with covariates,weather_4p+tso_forecast,2208,2026-10-08 20:00:00+00:00,5522.1640625,6136.24,,2026-07-08 16:00:00+00:00,2026-10-08 15:00:00+00:00,1,1,linear_interpolation,interpolated
2026-10-08,2026-10-09T21:39:41+00:00,online,DE,wind_offshore,timesfm3_online,TimesFM3 with covariates,weather_4p+tso_forecast,2208,2026-10-08 21:00:00+00:00,5449.23974609375,5992.59,,2026-07-08 16:00:00+00:00,2026-10-08 15:00:00+00:00,1,1,linear_interpolation,interpolated
2026-10-08,2026-10-09T21:39:41+00:00,online,DE,wind_offshore,timesfm3_online,TimesFM3 with covariates,weather_4p+tso_forecast,2208,2026-10-08 22:00:00+00:00,5354.75390625,5965.4475,,2026-07-08 16:00:00+00:00,2026-10-08 15:00:00+00:00,1,1,linear_interpolation,interpolated
2026-10-08,2026-10-09T21:39:41+00:00,online,DE,wind_offshore,timesfm3_online,TimesFM3 with covariates,weather_4p+tso_forecast,2208,2026-10-08 23:00:00+00:00,5271.86376953125,5817.785,,2026-07-08 16:00:00+00:00,2026-10-08 15:00:00+00:00,1,1,linear_interpolation,interpolated
2026-10-08,2026-10-09T21:39:41+00:00,online,DE,wind_offshore,timesfm3_online,TimesFM3 with covariates,weather_4p+tso_forecast,2208,2026-10-09 00:00:00+00:00,5333.81201171875,5737.6,,2026-07-08 16:00:00+00:00,2026-10-08 15:00:00+00:00,1,1,linear_interpolation,interpolated
2026-10-08,2026-10-09T21:39:41+00:00,online,DE,wind_offshore,timesfm3_online,TimesFM3 with covariates,weather_4p+tso_forecast,2208,2026-10-09 01:00:00+00:00,5201.3408203125,5628.967500000001,,2026-07-08 16:00:00+00:00,2026-10-08 15:00:00+00:00,1,1,linear_interpolation,interpolated
2026-10-08,2026-10-09T21:39:41+00:00,online,DE,wind_offshore,timesfm3_online,TimesFM3 with covariates,weather_4p+tso_forecast,2208,2026-10-09 02:00:00+00:00,4981.8212890625,5599.3099999999995,,2026-07-08 16:00:00+00:00,2026-10-08 15:00:00+00:00,1,1,linear_interpolation,interpolated
2026-10-08,2026-10-09T21:39:41+00:00,online,DE,wind_offshore,timesfm3_online,TimesFM3 with covariates,weather_4p+tso_forecast,2208,2026-10-09 03:00:00+00:00,4748.1015625,5601.975,,2026-07-08 16:00:00+00:00,2026-10-08 15:00:00+00:00,1,1,linear_interpolation,interpolated
2026-10-08,2026-10-09T21:39:41+00:00,online,DE,wind_offshore,timesfm3_online,TimesFM3 with covariates,weather_4p+tso_forecast,2208,2026-10-09 04:00:00+00:00,4846.595703125,5645.672500000001,,2026-07-08 16:00:00+00:00,2026-10-08 15:00:00+00:00,1,1,linear_interpolation,interpolated
2026-10-08,2026-10-09T21:39:41+00:00,online,DE,wind_offshore,timesfm3_online,TimesFM3 with covariates,weather_4p+tso_forecast,2208,2026-10-09 05:00:00+00:00,5027.7939453125,5758.75,,2026-07-08 16:00:00+00:00,2026-10-08 15:00:00+00:00,1,1,linear_interpolation,interpolated
2026-10-08,2026-10-09T21:39:41+00:00,online,DE,wind_offshore,timesfm3_online,TimesFM3 with covariates,weather_4p+tso_forecast,2208,2026-10-09 06:00:00+00:00,5145.751953125,6028.72,,2026-07-08 16:00:00+00:00,2026-10-08 15:00:00+00:00,1,1,linear_interpolation,interpolated
2026-10-08,2026-10-09T21:39:41+00:00,online,DE,wind_offshore,timesfm3_online,TimesFM3 with covariates,weather_4p+tso_forecast,2208,2026-10-09 07:00:00+00:00,5181.17529296875,6098.805,,2026-07-08 16:00:00+00:00,2026-10-08 15:00:00+00:00,1,1,linear_interpolation,interpolated
2026-10-08,2026-10-09T21:39:41+00:00,online,DE,wind_offshore,timesfm3_online,TimesFM3 with covariates,weather_4p+tso_forecast,2208,2026-10-09 08:00:00+00:00,5153.9697265625,6164.1325,,2026-07-08 16:00:00+00:00,2026-10-08 15:00:00+00:00,1,1,linear_interpolation,interpolated
2026-10-08,2026-10-09T21:39:41+00:00,online,DE,wind_offshore,timesfm3_online,TimesFM3 with covariates,weather_4p+tso_forecast,2208,2026-10-09 09:00:00+00:00,4953.90283203125,6172.4525,,2026-07-08 16:00:00+00:00,2026-10-08 15:00:00+00:00,1,1,linear_interpolation,interpolated
2026-10-08,2026-10-09T21:39:41+00:00,online,DE,wind_offshore,timesfm3_online,TimesFM3 with covariates,weather_4p+tso_forecast,2208,2026-10-09 10:00:00+00:00,4589.64453125,6022.54,,2026-07-08 16:00:00+00:00,2026-10-08 15:00:00+00:00,1,1,linear_interpolation,interpolated
2026-10-08,2026-10-09T21:39:41+00:00,online,DE,wind_offshore,timesfm3_online,TimesFM3 with covariates,weather_4p+tso_forecast,2208,2026-10-09 11:00:00+00:00,4624.18310546875,5830.6224999999995,,2026-07-08 16:00:00+00:00,2026-10-08 15:00:00+00:00,1,1,linear_interpolation,interpolated
2026-10-08,2026-10-09T21:39:41+00:00,online,DE,wind_offshore,timesfm3_online,TimesFM3 with covariates,weather_4p+tso_forecast,2208,2026-10-09 12:00:00+00:00,4808.328125,5769.6425,,2026-07-08 16:00:00+00:00,2026-10-08 15:00:00+00:00,1,1,linear_interpolation,interpolated
2026-10-08,2026-10-09T21:39:41+00:00,online,DE,wind_offshore,timesfm3_online,TimesFM3 with covariates,weather_4p+tso_forecast,2208,2026-10-09 13:00:00+00:00,4967.56591796875,5779.475,,2026-07-08 16:00:00+00:00,2026-10-08 15:00:00+00:00,1,1,linear_interpolation,interpolated
2026-10-08,2026-10-09T21:39:41+00:00,online,DE,wind_offshore,timesfm3_online,TimesFM3 with covariates,weather_4p+tso_forecast,2208,2026-10-09 14:00:00+00:00,4964.771484375,5844.57,,2026-07-08 16:00:00+00:00,2026-10-08 15:00:00+00:00,1,1,linear_interpolation,interpolated
2026-10-08,2026-10-09T21:39:41+00:00,online,DE,wind_offshore,timesfm3_online,TimesFM3 with covariates,weather_4p+tso_forecast,2208,2026-10-09 15:00:00+00:00,4726.9150390625,5891.9725,,2026-07-08 16:00:00+00:00,2026-10-08 15:00:00+00:00,1,1,linear_interpolation,interpolated
2026-10-08,2026-10-09T21:39:41+00:00,online,DK1,wind_onshore,timesfm3_online,TimesFM3 with covariates,weather_4p+tso_forecast,2208,2026-10-08 16:00:00+00:00,2000.29931640625,1685.2916665,,2026-07-08 16:00:00+00:00,2026-10-08 15:00:00+00:00,0,0,none,complete
2026-10-08,2026-10-09T21:39:41+00:00,online,DK1,wind_onshore,timesfm3_online,TimesFM3 with covariates,weather_4p+tso_forecast,2208,2026-10-08 17:00:00+00:00,2013.9951171875,1583.083333,,2026-07-08 16:00:00+00:00,2026-10-08 15:00:00+00:00,0,0,none,complete
2026-10-08,2026-10-09T21:39:41+00:00,online,DK1,wind_onshore,timesfm3_online,TimesFM3 with covariates,weather_4p+tso_forecast,2208,2026-10-08 18:00:00+00:00,2146.385009765625,1702.0416662500002,,2026-07-08 16:00:00+00:00,2026-10-08 15:00:00+00:00,0,0,none,complete
2026-10-08,2026-10-09T21:39:41+00:00,online,DK1,wind_onshore,timesfm3_online,TimesFM3 with covariates,weather_4p+tso_forecast,2208,2026-10-08 19:00:00+00:00,2264.9775390625,1874.49999975,,2026-07-08 16:00:00+00:00,2026-10-08 15:00:00+00:00,0,0,none,complete
2026-10-08,2026-10-09T21:39:41+00:00,online,DK1,wind_onshore,timesfm3_online,TimesFM3 with covariates,weather_4p+tso_forecast,2208,2026-10-08 20:00:00+00:00,2344.8798828125,1987.708333,,2026-07-08 16:00:00+00:00,2026-10-08 15:00:00+00:00,0,0,none,complete
2026-10-08,2026-10-09T21:39:41+00:00,online,DK1,wind_onshore,timesfm3_online,TimesFM3 with covariates,weather_4p+tso_forecast,2208,2026-10-08 21:00:00+00:00,2335.769775390625,1942.583333,,2026-07-08 16:00:00+00:00,2026-10-08 15:00:00+00:00,0,0,none,complete
2026-10-08,2026-10-09T21:39:41+00:00,online,DK1,wind_onshore,timesfm3_online,TimesFM3 with covariates,weather_4p+tso_forecast,2208,2026-10-08 22:00:00+00:00,2234.474609375,2021.2083332500001,,2026-07-08 16:00:00+00:00,2026-10-08 15:00:00+00:00,0,0,none,complete
2026-10-08,2026-10-09T21:39:41+00:00,online,DK1,wind_onshore,timesfm3_online,TimesFM3 with covariates,weather_4p+tso_forecast,2208,2026-10-08 23:00:00+00:00,2065.820556640625,1848.3749995,,2026-07-08 16:00:00+00:00,2026-10-08 15:00:00+00:00,0,0,none,complete
2026-10-08,2026-10-09T21:39:41+00:00,online,DK1,wind_onshore,timesfm3_online,TimesFM3 with covariates,weather_4p+tso_forecast,2208,2026-10-09 00:00:00+00:00,1867.155029296875,1686.458333,,2026-07-08 16:00:00+00:00,2026-10-08 15:00:00+00:00,0,0,none,complete
2026-10-08,2026-10-09T21:39:41+00:00,online,DK1,wind_onshore,timesfm3_online,TimesFM3 with covariates,weather_4p+tso_forecast,2208,2026-10-09 01:00:00+00:00,1640.078369140625,1503.4166665,,2026-07-08 16:00:00+00:00,2026-10-08 15:00:00+00:00,0,0,none,complete
2026-10-08,2026-10-09T21:39:41+00:00,online,DK1,wind_onshore,timesfm3_online,TimesFM3 with covariates,weather_4p+tso_forecast,2208,2026-10-09 02:00:00+00:00,1397.8521728515625,1346.12499975,,2026-07-08 16:00:00+00:00,2026-10-08 15:00:00+00:00,0,0,none,complete
2026-10-08,2026-10-09T21:39:41+00:00,online,DK1,wind_onshore,timesfm3_online,TimesFM3 with covariates,weather_4p+tso_forecast,2208,2026-10-09 03:00:00+00:00,1102.2266845703125,1076.8333332500001,,2026-07-08 16:00:00+00:00,2026-10-08 15:00:00+00:00,0,0,none,complete
2026-10-08,2026-10-09T21:39:41+00:00,online,DK1,wind_onshore,timesfm3_online,TimesFM3 with covariates,weather_4p+tso_forecast,2208,2026-10-09 04:00:00+00:00,769.3894653320312,755.4166665,,2026-07-08 16:00:00+00:00,2026-10-08 15:00:00+00:00,0,0,none,complete
2026-10-08,2026-10-09T21:39:41+00:00,online,DK1,wind_onshore,timesfm3_online,TimesFM3 with covariates,weather_4p+tso_forecast,2208,2026-10-09 05:00:00+00:00,468.3042297363281,512.83333325,,2026-07-08 16:00:00+00:00,2026-10-08 15:00:00+00:00,0,0,none,complete
2026-10-08,2026-10-09T21:39:41+00:00,online,DK1,wind_onshore,timesfm3_online,TimesFM3 with covariates,weather_4p+tso_forecast,2208,2026-10-09 06:00:00+00:00,254.42095947265625,347.87499975000003,,2026-07-08 16:00:00+00:00,2026-10-08 15:00:00+00:00,0,0,none,complete
2026-10-08,2026-10-09T21:39:41+00:00,online,DK1,wind_onshore,timesfm3_online,TimesFM3 with covariates,weather_4p+tso_forecast,2208,2026-10-09 07:00:00+00:00,147.30401611328125,274.20833325,,2026-07-08 16:00:00+00:00,2026-10-08 15:00:00+00:00,0,0,none,complete
2026-10-08,2026-10-09T21:39:41+00:00,online,DK1,wind_onshore,timesfm3_online,TimesFM3 with covariates,weather_4p+tso_forecast,2208,2026-10-09 08:00:00+00:00,126.02728271484375,230.958333,,2026-07-08 16:00:00+00:00,2026-10-08 15:00:00+00:00,0,0,none,complete
2026-10-08,2026-10-09T21:39:41+00:00,online,DK1,wind_onshore,timesfm3_online,TimesFM3 with covariates,weather_4p+tso_forecast,2208,2026-10-09 09:00:00+00:00,145.95703125,242.37499975,,2026-07-08 16:00:00+00:00,2026-10-08 15:00:00+00:00,0,0,none,complete
2026-10-08,2026-10-09T21:39:41+00:00,online,DK1,wind_onshore,timesfm3_online,TimesFM3 with covariates,weather_4p+tso_forecast,2208,2026-10-09 10:00:00+00:00,277.0245361328125,328.583333,,2026-07-08 16:00:00+00:00,2026-10-08 15:00:00+00:00,0,0,none,complete
2026-10-08,2026-10-09T21:39:41+00:00,online,DK1,wind_onshore,timesfm3_online,TimesFM3 with covariates,weather_4p+tso_forecast,2208,2026-10-09 11:00:00+00:00,535.31982421875,495.08333300000004,,2026-07-08 16:00:00+00:00,2026-10-08 15:00:00+00:00,0,0,none,complete
2026-10-08,2026-10-09T21:39:41+00:00,online,DK1,wind_onshore,timesfm3_online,TimesFM3 with covariates,weather_4p+tso_forecast,2208,2026-10-09 12:00:00+00:00,833.7265625,663.08333275,,2026-07-08 16:00:00+00:00,2026-10-08 15:00:00+00:00,0,0,none,complete
2026-10-08,2026-10-09T21:39:41+00:00,online,DK1,wind_onshore,timesfm3_online,TimesFM3 with covariates,weather_4p+tso_forecast,2208,2026-10-09 13:00:00+00:00,1065.1524658203125,851.2499995,,2026-07-08 16:00:00+00:00,2026-10-08 15:00:00+00:00,0,0,none,complete
2026-10-08,2026-10-09T21:39:41+00:00,online,DK1,wind_onshore,timesfm3_online,TimesFM3 with covariates,weather_4p+tso_forecast,2208,2026-10-09 14:00:00+00:00,1218.397705078125,1055.37499975,,2026-07-08 16:00:00+00:00,2026-10-08 15:00:00+00:00,0,0,none,complete
2026-10-08,2026-10-09T21:39:41+00:00,online,DK1,wind_onshore,timesfm3_online,TimesFM3 with covariates,weather_4p+tso_forecast,2208,2026-10-09 15:00:00+00:00,1153.0845947265625,1090.6666662500002,,2026-07-08 16:00:00+00:00,2026-10-08 15:00:00+00:00,0,0,none,complete
2026-10-08,2026-10-09T21:39:41+00:00,online,DK1,wind_offshore,timesfm3_online,TimesFM3 with covariates,weather_4p+tso_forecast,2208,2026-10-08 16:00:00+00:00,1514.6815185546875,992.333333,,2026-07-08 16:00:00+00:00,2026-10-08 15:00:00+00:00,0,0,none,complete
2026-10-08,2026-10-09T21:39:41+00:00,online,DK1,wind_offshore,timesfm3_online,TimesFM3 with covariates,weather_4p+tso_forecast,2208,2026-10-08 17:00:00+00:00,1503.3828125,983.5416665,,2026-07-08 16:00:00+00:00,2026-10-08 15:00:00+00:00,0,0,none,complete
2026-10-08,2026-10-09T21:39:41+00:00,online,DK1,wind_offshore,timesfm3_online,TimesFM3 with covariates,weather_4p+tso_forecast,2208,2026-10-08 18:00:00+00:00,1491.6405029296875,969.7916665,,2026-07-08 16:00:00+00:00,2026-10-08 15:00:00+00:00,0,0,none,complete
2026-10-08,2026-10-09T21:39:41+00:00,online,DK1,wind_offshore,timesfm3_online,TimesFM3 with covariates,weather_4p+tso_forecast,2208,2026-10-08 19:00:00+00:00,1497.2109375,968.7916665,,2026-07-08 16:00:00+00:00,2026-10-08 15:00:00+00:00,0,0,none,complete
2026-10-08,2026-10-09T21:39:41+00:00,online,DK1,wind_offshore,timesfm3_online,TimesFM3 with covariates,weather_4p+tso_forecast,2208,2026-10-08 20:00:00+00:00,1508.03271484375,974.12499975,,2026-07-08 16:00:00+00:00,2026-10-08 15:00:00+00:00,0,0,none,complete
2026-10-08,2026-10-09T21:39:41+00:00,online,DK1,wind_offshore,timesfm3_online,TimesFM3 with covariates,weather_4p+tso_forecast,2208,2026-10-08 21:00:00+00:00,1519.79052734375,978.833333,,2026-07-08 16:00:00+00:00,2026-10-08 15:00:00+00:00,0,0,none,complete
2026-10-08,2026-10-09T21:39:41+00:00,online,DK1,wind_offshore,timesfm3_online,TimesFM3 with covariates,weather_4p+tso_forecast,2208,2026-10-08 22:00:00+00:00,1516.34814453125,1014.37499975,,2026-07-08 16:00:00+00:00,2026-10-08 15:00:00+00:00,0,0,none,complete
2026-10-08,2026-10-09T21:39:41+00:00,online,DK1,wind_offshore,timesfm3_online,TimesFM3 with covariates,weather_4p+tso_forecast,2208,2026-10-08 23:00:00+00:00,1500.414794921875,1012.70833325,,2026-07-08 16:00:00+00:00,2026-10-08 15:00:00+00:00,0,0,none,complete
2026-10-08,2026-10-09T21:39:41+00:00,online,DK1,wind_offshore,timesfm3_online,TimesFM3 with covariates,weather_4p+tso_forecast,2208,2026-10-09 00:00:00+00:00,1460.1639404296875,991.9999995000001,,2026-07-08 16:00:00+00:00,2026-10-08 15:00:00+00:00,0,0,none,complete
2026-10-08,2026-10-09T21:39:41+00:00,online,DK1,wind_offshore,timesfm3_online,TimesFM3 with covariates,weather_4p+tso_forecast,2208,2026-10-09 01:00:00+00:00,1399.2724609375,962.5416665,,2026-07-08 16:00:00+00:00,2026-10-08 15:00:00+00:00,0,0,none,complete
2026-10-08,2026-10-09T21:39:41+00:00,online,DK1,wind_offshore,timesfm3_online,TimesFM3 with covariates,weather_4p+tso_forecast,2208,2026-10-09 02:00:00+00:00,1275.7059326171875,919.875,,2026-07-08 16:00:00+00:00,2026-10-08 15:00:00+00:00,0,0,none,complete
2026-10-08,2026-10-09T21:39:41+00:00,online,DK1,wind_offshore,timesfm3_online,TimesFM3 with covariates,weather_4p+tso_forecast,2208,2026-10-09 03:00:00+00:00,1063.6251220703125,818.79166625,,2026-07-08 16:00:00+00:00,2026-10-08 15:00:00+00:00,0,0,none,complete
2026-10-08,2026-10-09T21:39:41+00:00,online,DK1,wind_offshore,timesfm3_online,TimesFM3 with covariates,weather_4p+tso_forecast,2208,2026-10-09 04:00:00+00:00,784.6869506835938,687.708333,,2026-07-08 16:00:00+00:00,2026-10-08 15:00:00+00:00,0,0,none,complete
2026-10-08,2026-10-09T21:39:41+00:00,online,DK1,wind_offshore,timesfm3_online,TimesFM3 with covariates,weather_4p+tso_forecast,2208,2026-10-09 05:00:00+00:00,539.9199829101562,608.49999975,,2026-07-08 16:00:00+00:00,2026-10-08 15:00:00+00:00,0,0,none,complete
2026-10-08,2026-10-09T21:39:41+00:00,online,DK1,wind_offshore,timesfm3_online,TimesFM3 with covariates,weather_4p+tso_forecast,2208,2026-10-09 06:00:00+00:00,371.1380615234375,528.6666662499999,,2026-07-08 16:00:00+00:00,2026-10-08 15:00:00+00:00,0,0,none,complete
2026-10-08,2026-10-09T21:39:41+00:00,online,DK1,wind_offshore,timesfm3_online,TimesFM3 with covariates,weather_4p+tso_forecast,2208,2026-10-09 07:00:00+00:00,296.32958984375,475.91666625,,2026-07-08 16:00:00+00:00,2026-10-08 15:00:00+00:00,0,0,none,complete
2026-10-08,2026-10-09T21:39:41+00:00,online,DK1,wind_offshore,timesfm3_online,TimesFM3 with covariates,weather_4p+tso_forecast,2208,2026-10-09 08:00:00+00:00,304.98455810546875,476.04166625,,2026-07-08 16:00:00+00:00,2026-10-08 15:00:00+00:00,0,0,none,complete
2026-10-08,2026-10-09T21:39:41+00:00,online,DK1,wind_offshore,timesfm3_online,TimesFM3 with covariates,weather_4p+tso_forecast,2208,2026-10-09 09:00:00+00:00,331.3210754394531,492.16666625,,2026-07-08 16:00:00+00:00,2026-10-08 15:00:00+00:00,0,0,none,complete
2026-10-08,2026-10-09T21:39:41+00:00,online,DK1,wind_offshore,timesfm3_online,TimesFM3 with covariates,weather_4p+tso_forecast,2208,2026-10-09 10:00:00+00:00,357.3494873046875,533.291666,,2026-07-08 16:00:00+00:00,2026-10-08 15:00:00+00:00,0,0,none,complete
2026-10-08,2026-10-09T21:39:41+00:00,online,DK1,wind_offshore,timesfm3_online,TimesFM3 with covariates,weather_4p+tso_forecast,2208,2026-10-09 11:00:00+00:00,444.885498046875,581.62499975,,2026-07-08 16:00:00+00:00,2026-10-08 15:00:00+00:00,0,0,none,complete
2026-10-08,2026-10-09T21:39:41+00:00,online,DK1,wind_offshore,timesfm3_online,TimesFM3 with covariates,weather_4p+tso_forecast,2208,2026-10-09 12:00:00+00:00,583.4161376953125,618.99999975,,2026-07-08 16:00:00+00:00,2026-10-08 15:00:00+00:00,0,0,none,complete
2026-10-08,2026-10-09T21:39:41+00:00,online,DK1,wind_offshore,timesfm3_online,TimesFM3 with covariates,weather_4p+tso_forecast,2208,2026-10-09 13:00:00+00:00,669.0821533203125,611.20833325,,2026-07-08 16:00:00+00:00,2026-10-08 15:00:00+00:00,0,0,none,complete
2026-10-08,2026-10-09T21:39:41+00:00,online,DK1,wind_offshore,timesfm3_online,TimesFM3 with covariates,weather_4p+tso_forecast,2208,2026-10-09 14:00:00+00:00,657.6644897460938,608.7499995000001,,2026-07-08 16:00:00+00:00,2026-10-08 15:00:00+00:00,0,0,none,complete
2026-10-08,2026-10-09T21:39:41+00:00,online,DK1,wind_offshore,timesfm3_online,TimesFM3 with covariates,weather_4p+tso_forecast,2208,2026-10-09 15:00:00+00:00,817.0791625976562,652.1666662499999,,2026-07-08 16:00:00+00:00,2026-10-08 15:00:00+00:00,0,0,none,complete
2026-10-08,2026-10-09T21:39:41+00:00,online,DK2,wind_onshore,timesfm3_online,TimesFM3 with covariates,weather_4p+tso_forecast,2208,2026-10-08 16:00:00+00:00,426.4539794921875,413.12499975000003,,2026-07-08 16:00:00+00:00,2026-10-08 15:00:00+00:00,0,0,none,complete
2026-10-08,2026-10-09T21:39:41+00:00,online,DK2,wind_onshore,timesfm3_online,TimesFM3 with covariates,weather_4p+tso_forecast,2208,2026-10-08 17:00:00+00:00,400.14794921875,351.04166625,,2026-07-08 16:00:00+00:00,2026-10-08 15:00:00+00:00,0,0,none,complete
2026-10-08,2026-10-09T21:39:41+00:00,online,DK2,wind_onshore,timesfm3_online,TimesFM3 with covariates,weather_4p+tso_forecast,2208,2026-10-08 18:00:00+00:00,398.38616943359375,336.16666625,,2026-07-08 16:00:00+00:00,2026-10-08 15:00:00+00:00,0,0,none,complete
2026-10-08,2026-10-09T21:39:41+00:00,online,DK2,wind_onshore,timesfm3_online,TimesFM3 with covariates,weather_4p+tso_forecast,2208,2026-10-08 19:00:00+00:00,419.108154296875,373.62499975000003,,2026-07-08 16:00:00+00:00,2026-10-08 15:00:00+00:00,0,0,none,complete
2026-10-08,2026-10-09T21:39:41+00:00,online,DK2,wind_onshore,timesfm3_online,TimesFM3 with covariates,weather_4p+tso_forecast,2208,2026-10-08 20:00:00+00:00,437.51953125,401.08333275,,2026-07-08 16:00:00+00:00,2026-10-08 15:00:00+00:00,0,0,none,complete
2026-10-08,2026-10-09T21:39:41+00:00,online,DK2,wind_onshore,timesfm3_online,TimesFM3 with covariates,weather_4p+tso_forecast,2208,2026-10-08 21:00:00+00:00,450.50616455078125,413.08333325,,2026-07-08 16:00:00+00:00,2026-10-08 15:00:00+00:00,0,0,none,complete
2026-10-08,2026-10-09T21:39:41+00:00,online,DK2,wind_onshore,timesfm3_online,TimesFM3 with covariates,weather_4p+tso_forecast,2208,2026-10-08 22:00:00+00:00,470.5325927734375,464.1666665,,2026-07-08 16:00:00+00:00,2026-10-08 15:00:00+00:00,0,0,none,complete
2026-10-08,2026-10-09T21:39:41+00:00,online,DK2,wind_onshore,timesfm3_online,TimesFM3 with covariates,weather_4p+tso_forecast,2208,2026-10-08 23:00:00+00:00,475.18255615234375,462.54166625,,2026-07-08 16:00:00+00:00,2026-10-08 15:00:00+00:00,0,0,none,complete
2026-10-08,2026-10-09T21:39:41+00:00,online,DK2,wind_onshore,timesfm3_online,TimesFM3 with covariates,weather_4p+tso_forecast,2208,2026-10-09 00:00:00+00:00,472.967529296875,464.833333,,2026-07-08 16:00:00+00:00,2026-10-08 15:00:00+00:00,0,0,none,complete
2026-10-08,2026-10-09T21:39:41+00:00,online,DK2,wind_onshore,timesfm3_online,TimesFM3 with covariates,weather_4p+tso_forecast,2208,2026-10-09 01:00:00+00:00,474.754150390625,459.8749995,,2026-07-08 16:00:00+00:00,2026-10-08 15:00:00+00:00,0,0,none,complete
2026-10-08,2026-10-09T21:39:41+00:00,online,DK2,wind_onshore,timesfm3_online,TimesFM3 with covariates,weather_4p+tso_forecast,2208,2026-10-09 02:00:00+00:00,461.26983642578125,449.583333,,2026-07-08 16:00:00+00:00,2026-10-08 15:00:00+00:00,0,0,none,complete
2026-10-08,2026-10-09T21:39:41+00:00,online,DK2,wind_onshore,timesfm3_online,TimesFM3 with covariates,weather_4p+tso_forecast,2208,2026-10-09 03:00:00+00:00,439.88763427734375,431.95833325,,2026-07-08 16:00:00+00:00,2026-10-08 15:00:00+00:00,0,0,none,complete
2026-10-08,2026-10-09T21:39:41+00:00,online,DK2,wind_onshore,timesfm3_online,TimesFM3 with covariates,weather_4p+tso_forecast,2208,2026-10-09 04:00:00+00:00,408.8179931640625,407.083333,,2026-07-08 16:00:00+00:00,2026-10-08 15:00:00+00:00,0,0,none,complete
2026-10-08,2026-10-09T21:39:41+00:00,online,DK2,wind_onshore,timesfm3_online,TimesFM3 with covariates,weather_4p+tso_forecast,2208,2026-10-09 05:00:00+00:00,361.3169860839844,339.791666,,2026-07-08 16:00:00+00:00,2026-10-08 15:00:00+00:00,0,0,none,complete
2026-10-08,2026-10-09T21:39:41+00:00,online,DK2,wind_onshore,timesfm3_online,TimesFM3 with covariates,weather_4p+tso_forecast,2208,2026-10-09 06:00:00+00:00,290.001708984375,279.0416665,,2026-07-08 16:00:00+00:00,2026-10-08 15:00:00+00:00,0,0,none,complete
2026-10-08,2026-10-09T21:39:41+00:00,online,DK2,wind_onshore,timesfm3_online,TimesFM3 with covariates,weather_4p+tso_forecast,2208,2026-10-09 07:00:00+00:00,240.80035400390625,259.0416665,,2026-07-08 16:00:00+00:00,2026-10-08 15:00:00+00:00,0,0,none,complete
2026-10-08,2026-10-09T21:39:41+00:00,online,DK2,wind_onshore,timesfm3_online,TimesFM3 with covariates,weather_4p+tso_forecast,2208,2026-10-09 08:00:00+00:00,224.42579650878906,226.8749995,,2026-07-08 16:00:00+00:00,2026-10-08 15:00:00+00:00,0,0,none,complete
2026-10-08,2026-10-09T21:39:41+00:00,online,DK2,wind_onshore,timesfm3_online,TimesFM3 with covariates,weather_4p+tso_forecast,2208,2026-10-09 09:00:00+00:00,210.5089874267578,200.45833299999998,,2026-07-08 16:00:00+00:00,2026-10-08 15:00:00+00:00,0,0,none,complete
2026-10-08,2026-10-09T21:39:41+00:00,online,DK2,wind_onshore,timesfm3_online,TimesFM3 with covariates,weather_4p+tso_forecast,2208,2026-10-09 10:00:00+00:00,218.124755859375,215.99999975,,2026-07-08 16:00:00+00:00,2026-10-08 15:00:00+00:00,0,0,none,complete
2026-10-08,2026-10-09T21:39:41+00:00,online,DK2,wind_onshore,timesfm3_online,TimesFM3 with covariates,weather_4p+tso_forecast,2208,2026-10-09 11:00:00+00:00,231.81024169921875,220.12499975,,2026-07-08 16:00:00+00:00,2026-10-08 15:00:00+00:00,0,0,none,complete
2026-10-08,2026-10-09T21:39:41+00:00,online,DK2,wind_onshore,timesfm3_online,TimesFM3 with covariates,weather_4p+tso_forecast,2208,2026-10-09 12:00:00+00:00,235.81689453125,216.54166625,,2026-07-08 16:00:00+00:00,2026-10-08 15:00:00+00:00,0,0,none,complete
2026-10-08,2026-10-09T21:39:41+00:00,online,DK2,wind_onshore,timesfm3_online,TimesFM3 with covariates,weather_4p+tso_forecast,2208,2026-10-09 13:00:00+00:00,245.72549438476562,224.74999975,,2026-07-08 16:00:00+00:00,2026-10-08 15:00:00+00:00,0,0,none,complete
2026-10-08,2026-10-09T21:39:41+00:00,online,DK2,wind_onshore,timesfm3_online,TimesFM3 with covariates,weather_4p+tso_forecast,2208,2026-10-09 14:00:00+00:00,269.713134765625,257.333333,,2026-07-08 16:00:00+00:00,2026-10-08 15:00:00+00:00,0,0,none,complete
2026-10-08,2026-10-09T21:39:41+00:00,online,DK2,wind_onshore,timesfm3_online,TimesFM3 with covariates,weather_4p+tso_forecast,2208,2026-10-09 15:00:00+00:00,261.04327392578125,272.6666665,,2026-07-08 16:00:00+00:00,2026-10-08 15:00:00+00:00,0,0,none,complete
2026-10-08,2026-10-09T21:39:41+00:00,online,DK2,wind_offshore,timesfm3_online,TimesFM3 with covariates,weather_4p+tso_forecast,2208,2026-10-08 16:00:00+00:00,930.765380859375,850.0416662499999,,2026-07-08 16:00:00+00:00,2026-10-08 15:00:00+00:00,6,6,bias_adjusted_tso+linear_interpolation,degraded
2026-10-08,2026-10-09T21:39:41+00:00,online,DK2,wind_offshore,timesfm3_online,TimesFM3 with covariates,weather_4p+tso_forecast,2208,2026-10-08 17:00:00+00:00,927.1893310546875,837.708333,,2026-07-08 16:00:00+00:00,2026-10-08 15:00:00+00:00,6,6,bias_adjusted_tso+linear_interpolation,degraded
2026-10-08,2026-10-09T21:39:41+00:00,online,DK2,wind_offshore,timesfm3_online,TimesFM3 with covariates,weather_4p+tso_forecast,2208,2026-10-08 18:00:00+00:00,922.45458984375,837.95833325,,2026-07-08 16:00:00+00:00,2026-10-08 15:00:00+00:00,6,6,bias_adjusted_tso+linear_interpolation,degraded
2026-10-08,2026-10-09T21:39:41+00:00,online,DK2,wind_offshore,timesfm3_online,TimesFM3 with covariates,weather_4p+tso_forecast,2208,2026-10-08 19:00:00+00:00,916.0115966796875,839.5416665,,2026-07-08 16:00:00+00:00,2026-10-08 15:00:00+00:00,6,6,bias_adjusted_tso+linear_interpolation,degraded
2026-10-08,2026-10-09T21:39:41+00:00,online,DK2,wind_offshore,timesfm3_online,TimesFM3 with covariates,weather_4p+tso_forecast,2208,2026-10-08 20:00:00+00:00,913.6885986328125,842.25,,2026-07-08 16:00:00+00:00,2026-10-08 15:00:00+00:00,6,6,bias_adjusted_tso+linear_interpolation,degraded
2026-10-08,2026-10-09T21:39:41+00:00,online,DK2,wind_offshore,timesfm3_online,TimesFM3 with covariates,weather_4p+tso_forecast,2208,2026-10-08 21:00:00+00:00,917.889892578125,853.208333,,2026-07-08 16:00:00+00:00,2026-10-08 15:00:00+00:00,6,6,bias_adjusted_tso+linear_interpolation,degraded
2026-10-08,2026-10-09T21:39:41+00:00,online,DK2,wind_offshore,timesfm3_online,TimesFM3 with covariates,weather_4p+tso_forecast,2208,2026-10-08 22:00:00+00:00,923.0667724609375,886.958333,,2026-07-08 16:00:00+00:00,2026-10-08 15:00:00+00:00,6,6,bias_adjusted_tso+linear_interpolation,degraded
2026-10-08,2026-10-09T21:39:41+00:00,online,DK2,wind_offshore,timesfm3_online,TimesFM3 with covariates,weather_4p+tso_forecast,2208,2026-10-08 23:00:00+00:00,924.7718505859375,894.49999975,,2026-07-08 16:00:00+00:00,2026-10-08 15:00:00+00:00,6,6,bias_adjusted_tso+linear_interpolation,degraded
2026-10-08,2026-10-09T21:39:41+00:00,online,DK2,wind_offshore,timesfm3_online,TimesFM3 with covariates,weather_4p+tso_forecast,2208,2026-10-09 00:00:00+00:00,927.73681640625,892.12499975,,2026-07-08 16:00:00+00:00,2026-10-08 15:00:00+00:00,6,6,bias_adjusted_tso+linear_interpolation,degraded
2026-10-08,2026-10-09T21:39:41+00:00,online,DK2,wind_offshore,timesfm3_online,TimesFM3 with covariates,weather_4p+tso_forecast,2208,2026-10-09 01:00:00+00:00,933.3218994140625,887.66666625,,2026-07-08 16:00:00+00:00,2026-10-08 15:00:00+00:00,6,6,bias_adjusted_tso+linear_interpolation,degraded
2026-10-08,2026-10-09T21:39:41+00:00,online,DK2,wind_offshore,timesfm3_online,TimesFM3 with covariates,weather_4p+tso_forecast,2208,2026-10-09 02:00:00+00:00,931.467529296875,885.08333325,,2026-07-08 16:00:00+00:00,2026-10-08 15:00:00+00:00,6,6,bias_adjusted_tso+linear_interpolation,degraded
2026-10-08,2026-10-09T21:39:41+00:00,online,DK2,wind_offshore,timesfm3_online,TimesFM3 with covariates,weather_4p+tso_forecast,2208,2026-10-09 03:00:00+00:00,934.669677734375,883.49999975,,2026-07-08 16:00:00+00:00,2026-10-08 15:00:00+00:00,6,6,bias_adjusted_tso+linear_interpolation,degraded
2026-10-08,2026-10-09T21:39:41+00:00,online,DK2,wind_offshore,timesfm3_online,TimesFM3 with covariates,weather_4p+tso_forecast,2208,2026-10-09 04:00:00+00:00,932.285400390625,869.583333,,2026-07-08 16:00:00+00:00,2026-10-08 15:00:00+00:00,6,6,bias_adjusted_tso+linear_interpolation,degraded
2026-10-08,2026-10-09T21:39:41+00:00,online,DK2,wind_offshore,timesfm3_online,TimesFM3 with covariates,weather_4p+tso_forecast,2208,2026-10-09 05:00:00+00:00,924.5076904296875,851.6666665,,2026-07-08 16:00:00+00:00,2026-10-08 15:00:00+00:00,6,6,bias_adjusted_tso+linear_interpolation,degraded
2026-10-08,2026-10-09T21:39:41+00:00,online,DK2,wind_offshore,timesfm3_online,TimesFM3 with covariates,weather_4p+tso_forecast,2208,2026-10-09 06:00:00+00:00,911.9071044921875,823.74999975,,2026-07-08 16:00:00+00:00,2026-10-08 15:00:00+00:00,6,6,bias_adjusted_tso+linear_interpolation,degraded
2026-10-08,2026-10-09T21:39:41+00:00,online,DK2,wind_offshore,timesfm3_online,TimesFM3 with covariates,weather_4p+tso_forecast,2208,2026-10-09 07:00:00+00:00,892.7109375,794.37499975,,2026-07-08 16:00:00+00:00,2026-10-08 15:00:00+00:00,6,6,bias_adjusted_tso+linear_interpolation,degraded
2026-10-08,2026-10-09T21:39:41+00:00,online,DK2,wind_offshore,timesfm3_online,TimesFM3 with covariates,weather_4p+tso_forecast,2208,2026-10-09 08:00:00+00:00,834.8746948242188,769.0416665,,2026-07-08 16:00:00+00:00,2026-10-08 15:00:00+00:00,6,6,bias_adjusted_tso+linear_interpolation,degraded
2026-10-08,2026-10-09T21:39:41+00:00,online,DK2,wind_offshore,timesfm3_online,TimesFM3 with covariates,weather_4p+tso_forecast,2208,2026-10-09 09:00:00+00:00,772.6207885742188,744.24999975,,2026-07-08 16:00:00+00:00,2026-10-08 15:00:00+00:00,6,6,bias_adjusted_tso+linear_interpolation,degraded
2026-10-08,2026-10-09T21:39:41+00:00,online,DK2,wind_offshore,timesfm3_online,TimesFM3 with covariates,weather_4p+tso_forecast,2208,2026-10-09 10:00:00+00:00,736.2724609375,727.9166662499999,,2026-07-08 16:00:00+00:00,2026-10-08 15:00:00+00:00,6,6,bias_adjusted_tso+linear_interpolation,degraded
2026-10-08,2026-10-09T21:39:41+00:00,online,DK2,wind_offshore,timesfm3_online,TimesFM3 with covariates,weather_4p+tso_forecast,2208,2026-10-09 11:00:00+00:00,720.2106323242188,675.458333,,2026-07-08 16:00:00+00:00,2026-10-08 15:00:00+00:00,6,6,bias_adjusted_tso+linear_interpolation,degraded
2026-10-08,2026-10-09T21:39:41+00:00,online,DK2,wind_offshore,timesfm3_online,TimesFM3 with covariates,weather_4p+tso_forecast,2208,2026-10-09 12:00:00+00:00,708.5237426757812,649.7916665,,2026-07-08 16:00:00+00:00,2026-10-08 15:00:00+00:00,6,6,bias_adjusted_tso+linear_interpolation,degraded
2026-10-08,2026-10-09T21:39:41+00:00,online,DK2,wind_offshore,timesfm3_online,TimesFM3 with covariates,weather_4p+tso_forecast,2208,2026-10-09 13:00:00+00:00,703.5631103515625,701.0416665,,2026-07-08 16:00:00+00:00,2026-10-08 15:00:00+00:00,6,6,bias_adjusted_tso+linear_interpolation,degraded
2026-10-08,2026-10-09T21:39:41+00:00,online,DK2,wind_offshore,timesfm3_online,TimesFM3 with covariates,weather_4p+tso_forecast,2208,2026-10-09 14:00:00+00:00,717.0694580078125,753.6666665,,2026-07-08 16:00:00+00:00,2026-10-08 15:00:00+00:00,6,6,bias_adjusted_tso+linear_interpolation,degraded
2026-10-08,2026-10-09T21:39:41+00:00,online,DK2,wind_offshore,timesfm3_online,TimesFM3 with covariates,weather_4p+tso_forecast,2208,2026-10-09 15:00:00+00:00,705.383544921875,768.7499995000001,,2026-07-08 16:00:00+00:00,2026-10-08 15:00:00+00:00,6,6,bias_adjusted_tso+linear_interpolation,degraded
2026-10-08,2026-10-09T21:39:41+00:00,online,ES,load,timesfm3_online,TimesFM3 with covariates,deg_proxy+tso_forecast,2208,2026-10-08 16:00:00+00:00,28420.6875,29004.75,,2026-07-08 16:00:00+00:00,2026-10-08 15:00:00+00:00,0,0,none,complete
2026-10-08,2026-10-09T21:39:41+00:00,online,ES,load,timesfm3_online,TimesFM3 with covariates,deg_proxy+tso_forecast,2208,2026-10-08 17:00:00+00:00,29341.51171875,29928.75,,2026-07-08 16:00:00+00:00,2026-10-08 15:00:00+00:00,0,0,none,complete
2026-10-08,2026-10-09T21:39:41+00:00,online,ES,load,timesfm3_online,TimesFM3 with covariates,deg_proxy+tso_forecast,2208,2026-10-08 18:00:00+00:00,31094.068359375,31789.0,,2026-07-08 16:00:00+00:00,2026-10-08 15:00:00+00:00,0,0,none,complete
2026-10-08,2026-10-09T21:39:41+00:00,online,ES,load,timesfm3_online,TimesFM3 with covariates,deg_proxy+tso_forecast,2208,2026-10-08 19:00:00+00:00,29985.77734375,30757.25,,2026-07-08 16:00:00+00:00,2026-10-08 15:00:00+00:00,0,0,none,complete
2026-10-08,2026-10-09T21:39:41+00:00,online,ES,load,timesfm3_online,TimesFM3 with covariates,deg_proxy+tso_forecast,2208,2026-10-08 20:00:00+00:00,27201.115234375,27778.5,,2026-07-08 16:00:00+00:00,2026-10-08 15:00:00+00:00,0,0,none,complete
2026-10-08,2026-10-09T21:39:41+00:00,online,ES,load,timesfm3_online,TimesFM3 with covariates,deg_proxy+tso_forecast,2208,2026-10-08 21:00:00+00:00,25087.740234375,25403.5,,2026-07-08 16:00:00+00:00,2026-10-08 15:00:00+00:00,0,0,none,complete
2026-10-08,2026-10-09T21:39:41+00:00,online,ES,load,timesfm3_online,TimesFM3 with covariates,deg_proxy+tso_forecast,2208,2026-10-08 22:00:00+00:00,23557.765625,23701.75,,2026-07-08 16:00:00+00:00,2026-10-08 15:00:00+00:00,0,0,none,complete
2026-10-08,2026-10-09T21:39:41+00:00,online,ES,load,timesfm3_online,TimesFM3 with covariates,deg_proxy+tso_forecast,2208,2026-10-08 23:00:00+00:00,22519.408203125,22615.0,,2026-07-08 16:00:00+00:00,2026-10-08 15:00:00+00:00,0,0,none,complete
2026-10-08,2026-10-09T21:39:41+00:00,online,ES,load,timesfm3_online,TimesFM3 with covariates,deg_proxy+tso_forecast,2208,2026-10-09 00:00:00+00:00,21646.49609375,21782.0,,2026-07-08 16:00:00+00:00,2026-10-08 15:00:00+00:00,0,0,none,complete
2026-10-08,2026-10-09T21:39:41+00:00,online,ES,load,timesfm3_online,TimesFM3 with covariates,deg_proxy+tso_forecast,2208,2026-10-09 01:00:00+00:00,21246.041015625,21464.25,,2026-07-08 16:00:00+00:00,2026-10-08 15:00:00+00:00,0,0,none,complete
2026-10-08,2026-10-09T21:39:41+00:00,online,ES,load,timesfm3_online,TimesFM3 with covariates,deg_proxy+tso_forecast,2208,2026-10-09 02:00:00+00:00,21061.80859375,21295.25,,2026-07-08 16:00:00+00:00,2026-10-08 15:00:00+00:00,0,0,none,complete
2026-10-08,2026-10-09T21:39:41+00:00,online,ES,load,timesfm3_online,TimesFM3 with covariates,deg_proxy+tso_forecast,2208,2026-10-09 03:00:00+00:00,21611.2734375,21775.75,,2026-07-08 16:00:00+00:00,2026-10-08 15:00:00+00:00,0,0,none,complete
2026-10-08,2026-10-09T21:39:41+00:00,online,ES,load,timesfm3_online,TimesFM3 with covariates,deg_proxy+tso_forecast,2208,2026-10-09 04:00:00+00:00,23887.11328125,24045.5,,2026-07-08 16:00:00+00:00,2026-10-08 15:00:00+00:00,0,0,none,complete
2026-10-08,2026-10-09T21:39:41+00:00,online,ES,load,timesfm3_online,TimesFM3 with covariates,deg_proxy+tso_forecast,2208,2026-10-09 05:00:00+00:00,27205.3203125,27415.5,,2026-07-08 16:00:00+00:00,2026-10-08 15:00:00+00:00,0,0,none,complete
2026-10-08,2026-10-09T21:39:41+00:00,online,ES,load,timesfm3_online,TimesFM3 with covariates,deg_proxy+tso_forecast,2208,2026-10-09 06:00:00+00:00,28503.42578125,28658.75,,2026-07-08 16:00:00+00:00,2026-10-08 15:00:00+00:00,0,0,none,complete
2026-10-08,2026-10-09T21:39:41+00:00,online,ES,load,timesfm3_online,TimesFM3 with covariates,deg_proxy+tso_forecast,2208,2026-10-09 07:00:00+00:00,28532.189453125,28659.5,,2026-07-08 16:00:00+00:00,2026-10-08 15:00:00+00:00,0,0,none,complete
2026-10-08,2026-10-09T21:39:41+00:00,online,ES,load,timesfm3_online,TimesFM3 with covariates,deg_proxy+tso_forecast,2208,2026-10-09 08:00:00+00:00,28137.01953125,28255.25,,2026-07-08 16:00:00+00:00,2026-10-08 15:00:00+00:00,0,0,none,complete
2026-10-08,2026-10-09T21:39:41+00:00,online,ES,load,timesfm3_online,TimesFM3 with covariates,deg_proxy+tso_forecast,2208,2026-10-09 09:00:00+00:00,27506.48828125,27616.25,,2026-07-08 16:00:00+00:00,2026-10-08 15:00:00+00:00,0,0,none,complete
2026-10-08,2026-10-09T21:39:41+00:00,online,ES,load,timesfm3_online,TimesFM3 with covariates,deg_proxy+tso_forecast,2208,2026-10-09 10:00:00+00:00,27143.900390625,27384.0,,2026-07-08 16:00:00+00:00,2026-10-08 15:00:00+00:00,0,0,none,complete
2026-10-08,2026-10-09T21:39:41+00:00,online,ES,load,timesfm3_online,TimesFM3 with covariates,deg_proxy+tso_forecast,2208,2026-10-09 11:00:00+00:00,26975.771484375,27364.25,,2026-07-08 16:00:00+00:00,2026-10-08 15:00:00+00:00,0,0,none,complete
2026-10-08,2026-10-09T21:39:41+00:00,online,ES,load,timesfm3_online,TimesFM3 with covariates,deg_proxy+tso_forecast,2208,2026-10-09 12:00:00+00:00,26285.6484375,26703.0,,2026-07-08 16:00:00+00:00,2026-10-08 15:00:00+00:00,0,0,none,complete
2026-10-08,2026-10-09T21:39:41+00:00,online,ES,load,timesfm3_online,TimesFM3 with covariates,deg_proxy+tso_forecast,2208,2026-10-09 13:00:00+00:00,25580.427734375,26123.0,,2026-07-08 16:00:00+00:00,2026-10-08 15:00:00+00:00,0,0,none,complete
2026-10-08,2026-10-09T21:39:41+00:00,online,ES,load,timesfm3_online,TimesFM3 with covariates,deg_proxy+tso_forecast,2208,2026-10-09 14:00:00+00:00,25685.43359375,26202.5,,2026-07-08 16:00:00+00:00,2026-10-08 15:00:00+00:00,0,0,none,complete
2026-10-08,2026-10-09T21:39:41+00:00,online,ES,load,timesfm3_online,TimesFM3 with covariates,deg_proxy+tso_forecast,2208,2026-10-09 15:00:00+00:00,26617.91015625,27032.25,,2026-07-08 16:00:00+00:00,2026-10-08 15:00:00+00:00,0,0,none,complete
2026-10-08,2026-10-09T21:39:41+00:00,online,ES,solar,timesfm3_online,TimesFM3 with covariates,weather_4p+tso_forecast,2208,2026-10-08 16:00:00+00:00,11612.8916015625,11592.75,,2026-07-08 16:00:00+00:00,2026-10-08 15:00:00+00:00,0,0,none,complete
2026-10-08,2026-10-09T21:39:41+00:00,online,ES,solar,timesfm3_online,TimesFM3 with covariates,weather_4p+tso_forecast,2208,2026-10-08 17:00:00+00:00,3011.47265625,3585.0,,2026-07-08 16:00:00+00:00,2026-10-08 15:00:00+00:00,0,0,none,complete
2026-10-08,2026-10-09T21:39:41+00:00,online,ES,solar,timesfm3_online,TimesFM3 with covariates,weather_4p+tso_forecast,2208,2026-10-08 18:00:00+00:00,370.1796875,437.5,,2026-07-08 16:00:00+00:00,2026-10-08 15:00:00+00:00,0,0,none,complete
2026-10-08,2026-10-09T21:39:41+00:00,online,ES,solar,timesfm3_online,TimesFM3 with covariates,weather_4p+tso_forecast,2208,2026-10-08 19:00:00+00:00,366.6279296875,342.25,,2026-07-08 16:00:00+00:00,2026-10-08 15:00:00+00:00,0,0,none,complete
2026-10-08,2026-10-09T21:39:41+00:00,online,ES,solar,timesfm3_online,TimesFM3 with covariates,weather_4p+tso_forecast,2208,2026-10-08 20:00:00+00:00,156.8134765625,239.5,,2026-07-08 16:00:00+00:00,2026-10-08 15:00:00+00:00,0,0,none,complete
2026-10-08,2026-10-09T21:39:41+00:00,online,ES,solar,timesfm3_online,TimesFM3 with covariates,weather_4p+tso_forecast,2208,2026-10-08 21:00:00+00:00,82.6630859375,191.25,,2026-07-08 16:00:00+00:00,2026-10-08 15:00:00+00:00,0,0,none,complete
2026-10-08,2026-10-09T21:39:41+00:00,online,ES,solar,timesfm3_online,TimesFM3 with covariates,weather_4p+tso_forecast,2208,2026-10-08 22:00:00+00:00,218.2099609375,186.75,,2026-07-08 16:00:00+00:00,2026-10-08 15:00:00+00:00,0,0,none,complete
2026-10-08,2026-10-09T21:39:41+00:00,online,ES,solar,timesfm3_online,TimesFM3 with covariates,weather_4p+tso_forecast,2208,2026-10-08 23:00:00+00:00,290.8203125,169.5,,2026-07-08 16:00:00+00:00,2026-10-08 15:00:00+00:00,0,0,none,complete
2026-10-08,2026-10-09T21:39:41+00:00,online,ES,solar,timesfm3_online,TimesFM3 with covariates,weather_4p+tso_forecast,2208,2026-10-09 00:00:00+00:00,450.2509765625,150.25,,2026-07-08 16:00:00+00:00,2026-10-08 15:00:00+00:00,0,0,none,complete
2026-10-08,2026-10-09T21:39:41+00:00,online,ES,solar,timesfm3_online,TimesFM3 with covariates,weather_4p+tso_forecast,2208,2026-10-09 01:00:00+00:00,144.48046875,121.25,,2026-07-08 16:00:00+00:00,2026-10-08 15:00:00+00:00,0,0,none,complete
2026-10-08,2026-10-09T21:39:41+00:00,online,ES,solar,timesfm3_online,TimesFM3 with covariates,weather_4p+tso_forecast,2208,2026-10-09 02:00:00+00:00,0.0,105.5,,2026-07-08 16:00:00+00:00,2026-10-08 15:00:00+00:00,0,0,none,complete
2026-10-08,2026-10-09T21:39:41+00:00,online,ES,solar,timesfm3_online,TimesFM3 with covariates,weather_4p+tso_forecast,2208,2026-10-09 03:00:00+00:00,7.478515625,80.5,,2026-07-08 16:00:00+00:00,2026-10-08 15:00:00+00:00,0,0,none,complete
2026-10-08,2026-10-09T21:39:41+00:00,online,ES,solar,timesfm3_online,TimesFM3 with covariates,weather_4p+tso_forecast,2208,2026-10-09 04:00:00+00:00,0.0,52.75,,2026-07-08 16:00:00+00:00,2026-10-08 15:00:00+00:00,0,0,none,complete
2026-10-08,2026-10-09T21:39:41+00:00,online,ES,solar,timesfm3_online,TimesFM3 with covariates,weather_4p+tso_forecast,2208,2026-10-09 05:00:00+00:00,158.0302734375,34.75,,2026-07-08 16:00:00+00:00,2026-10-08 15:00:00+00:00,0,0,none,complete
2026-10-08,2026-10-09T21:39:41+00:00,online,ES,solar,timesfm3_online,TimesFM3 with covariates,weather_4p+tso_forecast,2208,2026-10-09 06:00:00+00:00,1230.89453125,1552.5,,2026-07-08 16:00:00+00:00,2026-10-08 15:00:00+00:00,0,0,none,complete
2026-10-08,2026-10-09T21:39:41+00:00,online,ES,solar,timesfm3_online,TimesFM3 with covariates,weather_4p+tso_forecast,2208,2026-10-09 07:00:00+00:00,10078.1005859375,10191.5,,2026-07-08 16:00:00+00:00,2026-10-08 15:00:00+00:00,0,0,none,complete
2026-10-08,2026-10-09T21:39:41+00:00,online,ES,solar,timesfm3_online,TimesFM3 with covariates,weather_4p+tso_forecast,2208,2026-10-09 08:00:00+00:00,18817.84765625,18917.25,,2026-07-08 16:00:00+00:00,2026-10-08 15:00:00+00:00,0,0,none,complete
2026-10-08,2026-10-09T21:39:41+00:00,online,ES,solar,timesfm3_online,TimesFM3 with covariates,weather_4p+tso_forecast,2208,2026-10-09 09:00:00+00:00,20667.6328125,21222.5,,2026-07-08 16:00:00+00:00,2026-10-08 15:00:00+00:00,0,0,none,complete
2026-10-08,2026-10-09T21:39:41+00:00,online,ES,solar,timesfm3_online,TimesFM3 with covariates,weather_4p+tso_forecast,2208,2026-10-09 10:00:00+00:00,21224.00390625,21723.75,,2026-07-08 16:00:00+00:00,2026-10-08 15:00:00+00:00,0,0,none,complete
2026-10-08,2026-10-09T21:39:41+00:00,online,ES,solar,timesfm3_online,TimesFM3 with covariates,weather_4p+tso_forecast,2208,2026-10-09 11:00:00+00:00,21631.3359375,22035.75,,2026-07-08 16:00:00+00:00,2026-10-08 15:00:00+00:00,0,0,none,complete
2026-10-08,2026-10-09T21:39:41+00:00,online,ES,solar,timesfm3_online,TimesFM3 with covariates,weather_4p+tso_forecast,2208,2026-10-09 12:00:00+00:00,21591.62109375,22332.0,,2026-07-08 16:00:00+00:00,2026-10-08 15:00:00+00:00,0,0,none,complete
2026-10-08,2026-10-09T21:39:41+00:00,online,ES,solar,timesfm3_online,TimesFM3 with covariates,weather_4p+tso_forecast,2208,2026-10-09 13:00:00+00:00,20618.21875,21499.75,,2026-07-08 16:00:00+00:00,2026-10-08 15:00:00+00:00,0,0,none,complete
2026-10-08,2026-10-09T21:39:41+00:00,online,ES,solar,timesfm3_online,TimesFM3 with covariates,weather_4p+tso_forecast,2208,2026-10-09 14:00:00+00:00,20156.5,20939.0,,2026-07-08 16:00:00+00:00,2026-10-08 15:00:00+00:00,0,0,none,complete
2026-10-08,2026-10-09T21:39:41+00:00,online,ES,solar,timesfm3_online,TimesFM3 with covariates,weather_4p+tso_forecast,2208,2026-10-09 15:00:00+00:00,18884.1171875,19635.75,,2026-07-08 16:00:00+00:00,2026-10-08 15:00:00+00:00,0,0,none,complete
2026-10-08,2026-10-09T21:39:41+00:00,online,ES,wind_onshore,timesfm3_online,TimesFM3 with covariates,weather_4p+tso_forecast,2208,2026-10-08 16:00:00+00:00,10023.189453125,11979.25,,2026-07-08 16:00:00+00:00,2026-10-08 15:00:00+00:00,0,0,none,complete
2026-10-08,2026-10-09T21:39:41+00:00,online,ES,wind_onshore,timesfm3_online,TimesFM3 with covariates,weather_4p+tso_forecast,2208,2026-10-08 17:00:00+00:00,11192.443359375,12326.75,,2026-07-08 16:00:00+00:00,2026-10-08 15:00:00+00:00,0,0,none,complete
2026-10-08,2026-10-09T21:39:41+00:00,online,ES,wind_onshore,timesfm3_online,TimesFM3 with covariates,weather_4p+tso_forecast,2208,2026-10-08 18:00:00+00:00,11690.650390625,12257.0,,2026-07-08 16:00:00+00:00,2026-10-08 15:00:00+00:00,0,0,none,complete
2026-10-08,2026-10-09T21:39:41+00:00,online,ES,wind_onshore,timesfm3_online,TimesFM3 with covariates,weather_4p+tso_forecast,2208,2026-10-08 19:00:00+00:00,11825.4921875,12100.75,,2026-07-08 16:00:00+00:00,2026-10-08 15:00:00+00:00,0,0,none,complete
2026-10-08,2026-10-09T21:39:41+00:00,online,ES,wind_onshore,timesfm3_online,TimesFM3 with covariates,weather_4p+tso_forecast,2208,2026-10-08 20:00:00+00:00,11666.3359375,11902.5,,2026-07-08 16:00:00+00:00,2026-10-08 15:00:00+00:00,0,0,none,complete
2026-10-08,2026-10-09T21:39:41+00:00,online,ES,wind_onshore,timesfm3_online,TimesFM3 with covariates,weather_4p+tso_forecast,2208,2026-10-08 21:00:00+00:00,11401.439453125,11615.75,,2026-07-08 16:00:00+00:00,2026-10-08 15:00:00+00:00,0,0,none,complete
2026-10-08,2026-10-09T21:39:41+00:00,online,ES,wind_onshore,timesfm3_online,TimesFM3 with covariates,weather_4p+tso_forecast,2208,2026-10-08 22:00:00+00:00,10980.197265625,10995.5,,2026-07-08 16:00:00+00:00,2026-10-08 15:00:00+00:00,0,0,none,complete
2026-10-08,2026-10-09T21:39:41+00:00,online,ES,wind_onshore,timesfm3_online,TimesFM3 with covariates,weather_4p+tso_forecast,2208,2026-10-08 23:00:00+00:00,10546.7216796875,10649.25,,2026-07-08 16:00:00+00:00,2026-10-08 15:00:00+00:00,0,0,none,complete
2026-10-08,2026-10-09T21:39:41+00:00,online,ES,wind_onshore,timesfm3_online,TimesFM3 with covariates,weather_4p+tso_forecast,2208,2026-10-09 00:00:00+00:00,10274.9921875,10339.0,,2026-07-08 16:00:00+00:00,2026-10-08 15:00:00+00:00,0,0,none,complete
2026-10-08,2026-10-09T21:39:41+00:00,online,ES,wind_onshore,timesfm3_online,TimesFM3 with covariates,weather_4p+tso_forecast,2208,2026-10-09 01:00:00+00:00,9883.900390625,9927.75,,2026-07-08 16:00:00+00:00,2026-10-08 15:00:00+00:00,0,0,none,complete
2026-10-08,2026-10-09T21:39:41+00:00,online,ES,wind_onshore,timesfm3_online,TimesFM3 with covariates,weather_4p+tso_forecast,2208,2026-10-09 02:00:00+00:00,9477.22265625,9578.75,,2026-07-08 16:00:00+00:00,2026-10-08 15:00:00+00:00,0,0,none,complete
2026-10-08,2026-10-09T21:39:41+00:00,online,ES,wind_onshore,timesfm3_online,TimesFM3 with covariates,weather_4p+tso_forecast,2208,2026-10-09 03:00:00+00:00,9199.841796875,9294.0,,2026-07-08 16:00:00+00:00,2026-10-08 15:00:00+00:00,0,0,none,complete
2026-10-08,2026-10-09T21:39:41+00:00,online,ES,wind_onshore,timesfm3_online,TimesFM3 with covariates,weather_4p+tso_forecast,2208,2026-10-09 04:00:00+00:00,8964.62890625,9091.0,,2026-07-08 16:00:00+00:00,2026-10-08 15:00:00+00:00,0,0,none,complete
2026-10-08,2026-10-09T21:39:41+00:00,online,ES,wind_onshore,timesfm3_online,TimesFM3 with covariates,weather_4p+tso_forecast,2208,2026-10-09 05:00:00+00:00,8819.9765625,8912.0,,2026-07-08 16:00:00+00:00,2026-10-08 15:00:00+00:00,0,0,none,complete
2026-10-08,2026-10-09T21:39:41+00:00,online,ES,wind_onshore,timesfm3_online,TimesFM3 with covariates,weather_4p+tso_forecast,2208,2026-10-09 06:00:00+00:00,8494.1875,8419.5,,2026-07-08 16:00:00+00:00,2026-10-08 15:00:00+00:00,0,0,none,complete
2026-10-08,2026-10-09T21:39:41+00:00,online,ES,wind_onshore,timesfm3_online,TimesFM3 with covariates,weather_4p+tso_forecast,2208,2026-10-09 07:00:00+00:00,7735.21484375,7705.75,,2026-07-08 16:00:00+00:00,2026-10-08 15:00:00+00:00,0,0,none,complete
2026-10-08,2026-10-09T21:39:41+00:00,online,ES,wind_onshore,timesfm3_online,TimesFM3 with covariates,weather_4p+tso_forecast,2208,2026-10-09 08:00:00+00:00,6794.0107421875,7112.5,,2026-07-08 16:00:00+00:00,2026-10-08 15:00:00+00:00,0,0,none,complete
2026-10-08,2026-10-09T21:39:41+00:00,online,ES,wind_onshore,timesfm3_online,TimesFM3 with covariates,weather_4p+tso_forecast,2208,2026-10-09 09:00:00+00:00,5599.6591796875,5731.0,,2026-07-08 16:00:00+00:00,2026-10-08 15:00:00+00:00,0,0,none,complete
2026-10-08,2026-10-09T21:39:41+00:00,online,ES,wind_onshore,timesfm3_online,TimesFM3 with covariates,weather_4p+tso_forecast,2208,2026-10-09 10:00:00+00:00,4758.23046875,5155.0,,2026-07-08 16:00:00+00:00,2026-10-08 15:00:00+00:00,0,0,none,complete
2026-10-08,2026-10-09T21:39:41+00:00,online,ES,wind_onshore,timesfm3_online,TimesFM3 with covariates,weather_4p+tso_forecast,2208,2026-10-09 11:00:00+00:00,4335.20947265625,4937.25,,2026-07-08 16:00:00+00:00,2026-10-08 15:00:00+00:00,0,0,none,complete
2026-10-08,2026-10-09T21:39:41+00:00,online,ES,wind_onshore,timesfm3_online,TimesFM3 with covariates,weather_4p+tso_forecast,2208,2026-10-09 12:00:00+00:00,4223.80810546875,5016.0,,2026-07-08 16:00:00+00:00,2026-10-08 15:00:00+00:00,0,0,none,complete
2026-10-08,2026-10-09T21:39:41+00:00,online,ES,wind_onshore,timesfm3_online,TimesFM3 with covariates,weather_4p+tso_forecast,2208,2026-10-09 13:00:00+00:00,4273.650390625,5076.5,,2026-07-08 16:00:00+00:00,2026-10-08 15:00:00+00:00,0,0,none,complete
2026-10-08,2026-10-09T21:39:41+00:00,online,ES,wind_onshore,timesfm3_online,TimesFM3 with covariates,weather_4p+tso_forecast,2208,2026-10-09 14:00:00+00:00,4381.048828125,5047.25,,2026-07-08 16:00:00+00:00,2026-10-08 15:00:00+00:00,0,0,none,complete
2026-10-08,2026-10-09T21:39:41+00:00,online,ES,wind_onshore,timesfm3_online,TimesFM3 with covariates,weather_4p+tso_forecast,2208,2026-10-09 15:00:00+00:00,5036.748046875,6501.75,,2026-07-08 16:00:00+00:00,2026-10-08 15:00:00+00:00,0,0,none,complete
2026-10-08,2026-10-09T21:39:41+00:00,online,PT,load,timesfm3_online,TimesFM3 with covariates,Hum+tso_forecast,2208,2026-10-08 16:00:00+00:00,6569.62255859375,6541.0,,2026-07-08 16:00:00+00:00,2026-10-08 15:00:00+00:00,0,0,none,complete
2026-10-08,2026-10-09T21:39:41+00:00,online,PT,load,timesfm3_online,TimesFM3 with covariates,Hum+tso_forecast,2208,2026-10-08 17:00:00+00:00,6871.1875,6800.0,,2026-07-08 16:00:00+00:00,2026-10-08 15:00:00+00:00,0,0,none,complete
2026-10-08,2026-10-09T21:39:41+00:00,online,PT,load,timesfm3_online,TimesFM3 with covariates,Hum+tso_forecast,2208,2026-10-08 18:00:00+00:00,7531.4912109375,7475.0,,2026-07-08 16:00:00+00:00,2026-10-08 15:00:00+00:00,0,0,none,complete
2026-10-08,2026-10-09T21:39:41+00:00,online,PT,load,timesfm3_online,TimesFM3 with covariates,Hum+tso_forecast,2208,2026-10-08 19:00:00+00:00,7401.419921875,7398.0,,2026-07-08 16:00:00+00:00,2026-10-08 15:00:00+00:00,0,0,none,complete
2026-10-08,2026-10-09T21:39:41+00:00,online,PT,load,timesfm3_online,TimesFM3 with covariates,Hum+tso_forecast,2208,2026-10-08 20:00:00+00:00,6829.76708984375,6885.0,,2026-07-08 16:00:00+00:00,2026-10-08 15:00:00+00:00,0,0,none,complete
2026-10-08,2026-10-09T21:39:41+00:00,online,PT,load,timesfm3_online,TimesFM3 with covariates,Hum+tso_forecast,2208,2026-10-08 21:00:00+00:00,6307.732421875,6368.0,,2026-07-08 16:00:00+00:00,2026-10-08 15:00:00+00:00,0,0,none,complete
2026-10-08,2026-10-09T21:39:41+00:00,online,PT,load,timesfm3_online,TimesFM3 with covariates,Hum+tso_forecast,2208,2026-10-08 22:00:00+00:00,5743.64990234375,5778.0,,2026-07-08 16:00:00+00:00,2026-10-08 15:00:00+00:00,0,0,none,complete
2026-10-08,2026-10-09T21:39:41+00:00,online,PT,load,timesfm3_online,TimesFM3 with covariates,Hum+tso_forecast,2208,2026-10-08 23:00:00+00:00,5359.10986328125,5373.0,,2026-07-08 16:00:00+00:00,2026-10-08 15:00:00+00:00,0,0,none,complete
2026-10-08,2026-10-09T21:39:41+00:00,online,PT,load,timesfm3_online,TimesFM3 with covariates,Hum+tso_forecast,2208,2026-10-09 00:00:00+00:00,5070.2255859375,5087.0,,2026-07-08 16:00:00+00:00,2026-10-08 15:00:00+00:00,0,0,none,complete
2026-10-08,2026-10-09T21:39:41+00:00,online,PT,load,timesfm3_online,TimesFM3 with covariates,Hum+tso_forecast,2208,2026-10-09 01:00:00+00:00,4883.478515625,4889.0,,2026-07-08 16:00:00+00:00,2026-10-08 15:00:00+00:00,0,0,none,complete
2026-10-08,2026-10-09T21:39:41+00:00,online,PT,load,timesfm3_online,TimesFM3 with covariates,Hum+tso_forecast,2208,2026-10-09 02:00:00+00:00,4758.2099609375,4762.0,,2026-07-08 16:00:00+00:00,2026-10-08 15:00:00+00:00,0,0,none,complete
2026-10-08,2026-10-09T21:39:41+00:00,online,PT,load,timesfm3_online,TimesFM3 with covariates,Hum+tso_forecast,2208,2026-10-09 03:00:00+00:00,4704.89599609375,4703.0,,2026-07-08 16:00:00+00:00,2026-10-08 15:00:00+00:00,0,0,none,complete
2026-10-08,2026-10-09T21:39:41+00:00,online,PT,load,timesfm3_online,TimesFM3 with covariates,Hum+tso_forecast,2208,2026-10-09 04:00:00+00:00,4771.69091796875,4800.0,,2026-07-08 16:00:00+00:00,2026-10-08 15:00:00+00:00,0,0,none,complete
2026-10-08,2026-10-09T21:39:41+00:00,online,PT,load,timesfm3_online,TimesFM3 with covariates,Hum+tso_forecast,2208,2026-10-09 05:00:00+00:00,5232.8447265625,5210.0,,2026-07-08 16:00:00+00:00,2026-10-08 15:00:00+00:00,0,0,none,complete
2026-10-08,2026-10-09T21:39:41+00:00,online,PT,load,timesfm3_online,TimesFM3 with covariates,Hum+tso_forecast,2208,2026-10-09 06:00:00+00:00,5886.94580078125,5843.0,,2026-07-08 16:00:00+00:00,2026-10-08 15:00:00+00:00,0,0,none,complete
2026-10-08,2026-10-09T21:39:41+00:00,online,PT,load,timesfm3_online,TimesFM3 with covariates,Hum+tso_forecast,2208,2026-10-09 07:00:00+00:00,6505.9345703125,6496.0,,2026-07-08 16:00:00+00:00,2026-10-08 15:00:00+00:00,0,0,none,complete
2026-10-08,2026-10-09T21:39:41+00:00,online,PT,load,timesfm3_online,TimesFM3 with covariates,Hum+tso_forecast,2208,2026-10-09 08:00:00+00:00,6558.09423828125,6572.0,,2026-07-08 16:00:00+00:00,2026-10-08 15:00:00+00:00,0,0,none,complete
2026-10-08,2026-10-09T21:39:41+00:00,online,PT,load,timesfm3_online,TimesFM3 with covariates,Hum+tso_forecast,2208,2026-10-09 09:00:00+00:00,6382.97802734375,6359.0,,2026-07-08 16:00:00+00:00,2026-10-08 15:00:00+00:00,0,0,none,complete
2026-10-08,2026-10-09T21:39:41+00:00,online,PT,load,timesfm3_online,TimesFM3 with covariates,Hum+tso_forecast,2208,2026-10-09 10:00:00+00:00,6301.36572265625,6245.0,,2026-07-08 16:00:00+00:00,2026-10-08 15:00:00+00:00,0,0,none,complete
2026-10-08,2026-10-09T21:39:41+00:00,online,PT,load,timesfm3_online,TimesFM3 with covariates,Hum+tso_forecast,2208,2026-10-09 11:00:00+00:00,6133.17529296875,6079.0,,2026-07-08 16:00:00+00:00,2026-10-08 15:00:00+00:00,0,0,none,complete
2026-10-08,2026-10-09T21:39:41+00:00,online,PT,load,timesfm3_online,TimesFM3 with covariates,Hum+tso_forecast,2208,2026-10-09 12:00:00+00:00,6025.84619140625,5994.0,,2026-07-08 16:00:00+00:00,2026-10-08 15:00:00+00:00,0,0,none,complete
2026-10-08,2026-10-09T21:39:41+00:00,online,PT,load,timesfm3_online,TimesFM3 with covariates,Hum+tso_forecast,2208,2026-10-09 13:00:00+00:00,6136.53662109375,6135.0,,2026-07-08 16:00:00+00:00,2026-10-08 15:00:00+00:00,0,0,none,complete
2026-10-08,2026-10-09T21:39:41+00:00,online,PT,load,timesfm3_online,TimesFM3 with covariates,Hum+tso_forecast,2208,2026-10-09 14:00:00+00:00,6219.33349609375,6203.0,,2026-07-08 16:00:00+00:00,2026-10-08 15:00:00+00:00,0,0,none,complete
2026-10-08,2026-10-09T21:39:41+00:00,online,PT,load,timesfm3_online,TimesFM3 with covariates,Hum+tso_forecast,2208,2026-10-09 15:00:00+00:00,6301.546875,6324.0,,2026-07-08 16:00:00+00:00,2026-10-08 15:00:00+00:00,0,0,none,complete
2026-10-08,2026-10-09T21:39:41+00:00,online,PT,solar,timesfm3_online,TimesFM3 with covariates,weather_4p+tso_forecast,2208,2026-10-08 16:00:00+00:00,1178.8619384765625,1073.7,,2026-07-08 16:00:00+00:00,2026-10-08 15:00:00+00:00,0,0,none,complete
2026-10-08,2026-10-09T21:39:41+00:00,online,PT,solar,timesfm3_online,TimesFM3 with covariates,weather_4p+tso_forecast,2208,2026-10-08 17:00:00+00:00,302.19989013671875,320.6,,2026-07-08 16:00:00+00:00,2026-10-08 15:00:00+00:00,0,0,none,complete
2026-10-08,2026-10-09T21:39:41+00:00,online,PT,solar,timesfm3_online,TimesFM3 with covariates,weather_4p+tso_forecast,2208,2026-10-08 18:00:00+00:00,0.0,6.9,,2026-07-08 16:00:00+00:00,2026-10-08 15:00:00+00:00,0,0,none,complete
2026-10-08,2026-10-09T21:39:41+00:00,online,PT,solar,timesfm3_online,TimesFM3 with covariates,weather_4p+tso_forecast,2208,2026-10-08 19:00:00+00:00,0.0,4.2,,2026-07-08 16:00:00+00:00,2026-10-08 15:00:00+00:00,0,0,none,complete
2026-10-08,2026-10-09T21:39:41+00:00,online,PT,solar,timesfm3_online,TimesFM3 with covariates,weather_4p+tso_forecast,2208,2026-10-08 20:00:00+00:00,0.0,4.2,,2026-07-08 16:00:00+00:00,2026-10-08 15:00:00+00:00,0,0,none,complete
2026-10-08,2026-10-09T21:39:41+00:00,online,PT,solar,timesfm3_online,TimesFM3 with covariates,weather_4p+tso_forecast,2208,2026-10-08 21:00:00+00:00,0.0,1.7,,2026-07-08 16:00:00+00:00,2026-10-08 15:00:00+00:00,0,0,none,complete
2026-10-08,2026-10-09T21:39:41+00:00,online,PT,solar,timesfm3_online,TimesFM3 with covariates,weather_4p+tso_forecast,2208,2026-10-08 22:00:00+00:00,0.0,0.0,,2026-07-08 16:00:00+00:00,2026-10-08 15:00:00+00:00,0,0,none,complete
2026-10-08,2026-10-09T21:39:41+00:00,online,PT,solar,timesfm3_online,TimesFM3 with covariates,weather_4p+tso_forecast,2208,2026-10-08 23:00:00+00:00,0.0,0.0,,2026-07-08 16:00:00+00:00,2026-10-08 15:00:00+00:00,0,0,none,complete
2026-10-08,2026-10-09T21:39:41+00:00,online,PT,solar,timesfm3_online,TimesFM3 with covariates,weather_4p+tso_forecast,2208,2026-10-09 00:00:00+00:00,0.0,0.0,,2026-07-08 16:00:00+00:00,2026-10-08 15:00:00+00:00,0,0,none,complete
2026-10-08,2026-10-09T21:39:41+00:00,online,PT,solar,timesfm3_online,TimesFM3 with covariates,weather_4p+tso_forecast,2208,2026-10-09 01:00:00+00:00,0.0,0.0,,2026-07-08 16:00:00+00:00,2026-10-08 15:00:00+00:00,0,0,none,complete
2026-10-08,2026-10-09T21:39:41+00:00,online,PT,solar,timesfm3_online,TimesFM3 with covariates,weather_4p+tso_forecast,2208,2026-10-09 02:00:00+00:00,0.0,0.0,,2026-07-08 16:00:00+00:00,2026-10-08 15:00:00+00:00,0,0,none,complete
2026-10-08,2026-10-09T21:39:41+00:00,online,PT,solar,timesfm3_online,TimesFM3 with covariates,weather_4p+tso_forecast,2208,2026-10-09 03:00:00+00:00,0.0,0.0,,2026-07-08 16:00:00+00:00,2026-10-08 15:00:00+00:00,0,0,none,complete
2026-10-08,2026-10-09T21:39:41+00:00,online,PT,solar,timesfm3_online,TimesFM3 with covariates,weather_4p+tso_forecast,2208,2026-10-09 04:00:00+00:00,0.0,0.0,,2026-07-08 16:00:00+00:00,2026-10-08 15:00:00+00:00,0,0,none,complete
2026-10-08,2026-10-09T21:39:41+00:00,online,PT,solar,timesfm3_online,TimesFM3 with covariates,weather_4p+tso_forecast,2208,2026-10-09 05:00:00+00:00,0.0,0.0,,2026-07-08 16:00:00+00:00,2026-10-08 15:00:00+00:00,0,0,none,complete
2026-10-08,2026-10-09T21:39:41+00:00,online,PT,solar,timesfm3_online,TimesFM3 with covariates,weather_4p+tso_forecast,2208,2026-10-09 06:00:00+00:00,22.7825927734375,20.6,,2026-07-08 16:00:00+00:00,2026-10-08 15:00:00+00:00,0,0,none,complete
2026-10-08,2026-10-09T21:39:41+00:00,online,PT,solar,timesfm3_online,TimesFM3 with covariates,weather_4p+tso_forecast,2208,2026-10-09 07:00:00+00:00,652.509765625,643.8,,2026-07-08 16:00:00+00:00,2026-10-08 15:00:00+00:00,0,0,none,complete
2026-10-08,2026-10-09T21:39:41+00:00,online,PT,solar,timesfm3_online,TimesFM3 with covariates,weather_4p+tso_forecast,2208,2026-10-09 08:00:00+00:00,1709.5927734375,1593.4,,2026-07-08 16:00:00+00:00,2026-10-08 15:00:00+00:00,0,0,none,complete
2026-10-08,2026-10-09T21:39:41+00:00,online,PT,solar,timesfm3_online,TimesFM3 with covariates,weather_4p+tso_forecast,2208,2026-10-09 09:00:00+00:00,2330.1708984375,2096.4,,2026-07-08 16:00:00+00:00,2026-10-08 15:00:00+00:00,0,0,none,complete
2026-10-08,2026-10-09T21:39:41+00:00,online,PT,solar,timesfm3_online,TimesFM3 with covariates,weather_4p+tso_forecast,2208,2026-10-09 10:00:00+00:00,2696.826904296875,2340.6,,2026-07-08 16:00:00+00:00,2026-10-08 15:00:00+00:00,0,0,none,complete
2026-10-08,2026-10-09T21:39:41+00:00,online,PT,solar,timesfm3_online,TimesFM3 with covariates,weather_4p+tso_forecast,2208,2026-10-09 11:00:00+00:00,2908.84765625,2552.1,,2026-07-08 16:00:00+00:00,2026-10-08 15:00:00+00:00,0,0,none,complete
2026-10-08,2026-10-09T21:39:41+00:00,online,PT,solar,timesfm3_online,TimesFM3 with covariates,weather_4p+tso_forecast,2208,2026-10-09 12:00:00+00:00,2974.901611328125,2609.7,,2026-07-08 16:00:00+00:00,2026-10-08 15:00:00+00:00,0,0,none,complete
2026-10-08,2026-10-09T21:39:41+00:00,online,PT,solar,timesfm3_online,TimesFM3 with covariates,weather_4p+tso_forecast,2208,2026-10-09 13:00:00+00:00,2972.378662109375,2707.3,,2026-07-08 16:00:00+00:00,2026-10-08 15:00:00+00:00,0,0,none,complete
2026-10-08,2026-10-09T21:39:41+00:00,online,PT,solar,timesfm3_online,TimesFM3 with covariates,weather_4p+tso_forecast,2208,2026-10-09 14:00:00+00:00,2754.5224609375,2596.4,,2026-07-08 16:00:00+00:00,2026-10-08 15:00:00+00:00,0,0,none,complete
2026-10-08,2026-10-09T21:39:41+00:00,online,PT,solar,timesfm3_online,TimesFM3 with covariates,weather_4p+tso_forecast,2208,2026-10-09 15:00:00+00:00,2220.3984375,2165.7,,2026-07-08 16:00:00+00:00,2026-10-08 15:00:00+00:00,0,0,none,complete
2026-10-08,2026-10-09T21:39:41+00:00,online,PT,wind_onshore,timesfm3_online,TimesFM3 with covariates,weather_4p+tso_forecast,2208,2026-10-08 16:00:00+00:00,1531.73388671875,1677.4,,2026-07-08 16:00:00+00:00,2026-10-08 15:00:00+00:00,0,0,none,complete
2026-10-08,2026-10-09T21:39:41+00:00,online,PT,wind_onshore,timesfm3_online,TimesFM3 with covariates,weather_4p+tso_forecast,2208,2026-10-08 17:00:00+00:00,1784.982177734375,1914.9,,2026-07-08 16:00:00+00:00,2026-10-08 15:00:00+00:00,0,0,none,complete
2026-10-08,2026-10-09T21:39:41+00:00,online,PT,wind_onshore,timesfm3_online,TimesFM3 with covariates,weather_4p+tso_forecast,2208,2026-10-08 18:00:00+00:00,2096.50927734375,2245.4,,2026-07-08 16:00:00+00:00,2026-10-08 15:00:00+00:00,0,0,none,complete
2026-10-08,2026-10-09T21:39:41+00:00,online,PT,wind_onshore,timesfm3_online,TimesFM3 with covariates,weather_4p+tso_forecast,2208,2026-10-08 19:00:00+00:00,2433.73291015625,2534.0,,2026-07-08 16:00:00+00:00,2026-10-08 15:00:00+00:00,0,0,none,complete
2026-10-08,2026-10-09T21:39:41+00:00,online,PT,wind_onshore,timesfm3_online,TimesFM3 with covariates,weather_4p+tso_forecast,2208,2026-10-08 20:00:00+00:00,2750.36669921875,2777.9,,2026-07-08 16:00:00+00:00,2026-10-08 15:00:00+00:00,0,0,none,complete
2026-10-08,2026-10-09T21:39:41+00:00,online,PT,wind_onshore,timesfm3_online,TimesFM3 with covariates,weather_4p+tso_forecast,2208,2026-10-08 21:00:00+00:00,3007.645751953125,3003.9,,2026-07-08 16:00:00+00:00,2026-10-08 15:00:00+00:00,0,0,none,complete
2026-10-08,2026-10-09T21:39:41+00:00,online,PT,wind_onshore,timesfm3_online,TimesFM3 with covariates,weather_4p+tso_forecast,2208,2026-10-08 22:00:00+00:00,3148.444091796875,3123.3,,2026-07-08 16:00:00+00:00,2026-10-08 15:00:00+00:00,0,0,none,complete
2026-10-08,2026-10-09T21:39:41+00:00,online,PT,wind_onshore,timesfm3_online,TimesFM3 with covariates,weather_4p+tso_forecast,2208,2026-10-08 23:00:00+00:00,3214.001953125,3234.5,,2026-07-08 16:00:00+00:00,2026-10-08 15:00:00+00:00,0,0,none,complete
2026-10-08,2026-10-09T21:39:41+00:00,online,PT,wind_onshore,timesfm3_online,TimesFM3 with covariates,weather_4p+tso_forecast,2208,2026-10-09 00:00:00+00:00,3235.68310546875,3259.1,,2026-07-08 16:00:00+00:00,2026-10-08 15:00:00+00:00,0,0,none,complete
2026-10-08,2026-10-09T21:39:41+00:00,online,PT,wind_onshore,timesfm3_online,TimesFM3 with covariates,weather_4p+tso_forecast,2208,2026-10-09 01:00:00+00:00,3182.66357421875,3202.5,,2026-07-08 16:00:00+00:00,2026-10-08 15:00:00+00:00,0,0,none,complete
2026-10-08,2026-10-09T21:39:41+00:00,online,PT,wind_onshore,timesfm3_online,TimesFM3 with covariates,weather_4p+tso_forecast,2208,2026-10-09 02:00:00+00:00,3054.65771484375,3100.8,,2026-07-08 16:00:00+00:00,2026-10-08 15:00:00+00:00,0,0,none,complete
2026-10-08,2026-10-09T21:39:41+00:00,online,PT,wind_onshore,timesfm3_online,TimesFM3 with covariates,weather_4p+tso_forecast,2208,2026-10-09 03:00:00+00:00,2927.91943359375,2969.6,,2026-07-08 16:00:00+00:00,2026-10-08 15:00:00+00:00,0,0,none,complete
2026-10-08,2026-10-09T21:39:41+00:00,online,PT,wind_onshore,timesfm3_online,TimesFM3 with covariates,weather_4p+tso_forecast,2208,2026-10-09 04:00:00+00:00,2772.889892578125,2806.7,,2026-07-08 16:00:00+00:00,2026-10-08 15:00:00+00:00,0,0,none,complete
2026-10-08,2026-10-09T21:39:41+00:00,online,PT,wind_onshore,timesfm3_online,TimesFM3 with covariates,weather_4p+tso_forecast,2208,2026-10-09 05:00:00+00:00,2615.83642578125,2626.6,,2026-07-08 16:00:00+00:00,2026-10-08 15:00:00+00:00,0,0,none,complete
2026-10-08,2026-10-09T21:39:41+00:00,online,PT,wind_onshore,timesfm3_online,TimesFM3 with covariates,weather_4p+tso_forecast,2208,2026-10-09 06:00:00+00:00,2433.81787109375,2431.2,,2026-07-08 16:00:00+00:00,2026-10-08 15:00:00+00:00,0,0,none,complete
2026-10-08,2026-10-09T21:39:41+00:00,online,PT,wind_onshore,timesfm3_online,TimesFM3 with covariates,weather_4p+tso_forecast,2208,2026-10-09 07:00:00+00:00,2155.611572265625,2179.7,,2026-07-08 16:00:00+00:00,2026-10-08 15:00:00+00:00,0,0,none,complete
2026-10-08,2026-10-09T21:39:41+00:00,online,PT,wind_onshore,timesfm3_online,TimesFM3 with covariates,weather_4p+tso_forecast,2208,2026-10-09 08:00:00+00:00,1692.416015625,1774.9,,2026-07-08 16:00:00+00:00,2026-10-08 15:00:00+00:00,0,0,none,complete
2026-10-08,2026-10-09T21:39:41+00:00,online,PT,wind_onshore,timesfm3_online,TimesFM3 with covariates,weather_4p+tso_forecast,2208,2026-10-09 09:00:00+00:00,1190.6036376953125,1329.4,,2026-07-08 16:00:00+00:00,2026-10-08 15:00:00+00:00,0,0,none,complete
2026-10-08,2026-10-09T21:39:41+00:00,online,PT,wind_onshore,timesfm3_online,TimesFM3 with covariates,weather_4p+tso_forecast,2208,2026-10-09 10:00:00+00:00,802.865234375,985.7,,2026-07-08 16:00:00+00:00,2026-10-08 15:00:00+00:00,0,0,none,complete
2026-10-08,2026-10-09T21:39:41+00:00,online,PT,wind_onshore,timesfm3_online,TimesFM3 with covariates,weather_4p+tso_forecast,2208,2026-10-09 11:00:00+00:00,524.1435546875,731.5,,2026-07-08 16:00:00+00:00,2026-10-08 15:00:00+00:00,0,0,none,complete
2026-10-08,2026-10-09T21:39:41+00:00,online,PT,wind_onshore,timesfm3_online,TimesFM3 with covariates,weather_4p+tso_forecast,2208,2026-10-09 12:00:00+00:00,353.43243408203125,544.9,,2026-07-08 16:00:00+00:00,2026-10-08 15:00:00+00:00,0,0,none,complete
2026-10-08,2026-10-09T21:39:41+00:00,online,PT,wind_onshore,timesfm3_online,TimesFM3 with covariates,weather_4p+tso_forecast,2208,2026-10-09 13:00:00+00:00,286.90142822265625,453.3,,2026-07-08 16:00:00+00:00,2026-10-08 15:00:00+00:00,0,0,none,complete
2026-10-08,2026-10-09T21:39:41+00:00,online,PT,wind_onshore,timesfm3_online,TimesFM3 with covariates,weather_4p+tso_forecast,2208,2026-10-09 14:00:00+00:00,354.001220703125,468.0,,2026-07-08 16:00:00+00:00,2026-10-08 15:00:00+00:00,0,0,none,complete
2026-10-08,2026-10-09T21:39:41+00:00,online,PT,wind_onshore,timesfm3_online,TimesFM3 with covariates,weather_4p+tso_forecast,2208,2026-10-09 15:00:00+00:00,482.4881896972656,538.3,,2026-07-08 16:00:00+00:00,2026-10-08 15:00:00+00:00,0,0,none,complete
2026-10-08,2026-10-09T21:39:41+00:00,online,PT,wind_offshore,timesfm3_online,TimesFM3 with covariates,weather_4p+tso_forecast,2208,2026-10-08 16:00:00+00:00,25.468992233276367,22.5,,2026-07-08 16:00:00+00:00,2026-10-08 15:00:00+00:00,0,0,none,complete
2026-10-08,2026-10-09T21:39:41+00:00,online,PT,wind_offshore,timesfm3_online,TimesFM3 with covariates,weather_4p+tso_forecast,2208,2026-10-08 17:00:00+00:00,25.757497787475586,22.6,,2026-07-08 16:00:00+00:00,2026-10-08 15:00:00+00:00,0,0,none,complete
2026-10-08,2026-10-09T21:39:41+00:00,online,PT,wind_offshore,timesfm3_online,TimesFM3 with covariates,weather_4p+tso_forecast,2208,2026-10-08 18:00:00+00:00,26.0134220123291,22.9,,2026-07-08 16:00:00+00:00,2026-10-08 15:00:00+00:00,0,0,none,complete
2026-10-08,2026-10-09T21:39:41+00:00,online,PT,wind_offshore,timesfm3_online,TimesFM3 with covariates,weather_4p+tso_forecast,2208,2026-10-08 19:00:00+00:00,25.201799392700195,22.6,,2026-07-08 16:00:00+00:00,2026-10-08 15:00:00+00:00,0,0,none,complete
2026-10-08,2026-10-09T21:39:41+00:00,online,PT,wind_offshore,timesfm3_online,TimesFM3 with covariates,weather_4p+tso_forecast,2208,2026-10-08 20:00:00+00:00,24.013051986694336,21.0,,2026-07-08 16:00:00+00:00,2026-10-08 15:00:00+00:00,0,0,none,complete
2026-10-08,2026-10-09T21:39:41+00:00,online,PT,wind_offshore,timesfm3_online,TimesFM3 with covariates,weather_4p+tso_forecast,2208,2026-10-08 21:00:00+00:00,21.426578521728516,18.5,,2026-07-08 16:00:00+00:00,2026-10-08 15:00:00+00:00,0,0,none,complete
2026-10-08,2026-10-09T21:39:41+00:00,online,PT,wind_offshore,timesfm3_online,TimesFM3 with covariates,weather_4p+tso_forecast,2208,2026-10-08 22:00:00+00:00,18.19499969482422,15.7,,2026-07-08 16:00:00+00:00,2026-10-08 15:00:00+00:00,0,0,none,complete
2026-10-08,2026-10-09T21:39:41+00:00,online,PT,wind_offshore,timesfm3_online,TimesFM3 with covariates,weather_4p+tso_forecast,2208,2026-10-08 23:00:00+00:00,13.78750991821289,10.8,,2026-07-08 16:00:00+00:00,2026-10-08 15:00:00+00:00,0,0,none,complete
2026-10-08,2026-10-09T21:39:41+00:00,online,PT,wind_offshore,timesfm3_online,TimesFM3 with covariates,weather_4p+tso_forecast,2208,2026-10-09 00:00:00+00:00,9.936617851257324,7.0,,2026-07-08 16:00:00+00:00,2026-10-08 15:00:00+00:00,0,0,none,complete
2026-10-08,2026-10-09T21:39:41+00:00,online,PT,wind_offshore,timesfm3_online,TimesFM3 with covariates,weather_4p+tso_forecast,2208,2026-10-09 01:00:00+00:00,5.867023468017578,4.3,,2026-07-08 16:00:00+00:00,2026-10-08 15:00:00+00:00,0,0,none,complete
2026-10-08,2026-10-09T21:39:41+00:00,online,PT,wind_offshore,timesfm3_online,TimesFM3 with covariates,weather_4p+tso_forecast,2208,2026-10-09 02:00:00+00:00,3.44832181930542,2.5,,2026-07-08 16:00:00+00:00,2026-10-08 15:00:00+00:00,0,0,none,complete
2026-10-08,2026-10-09T21:39:41+00:00,online,PT,wind_offshore,timesfm3_online,TimesFM3 with covariates,weather_4p+tso_forecast,2208,2026-10-09 03:00:00+00:00,1.8645234107971191,1.8,,2026-07-08 16:00:00+00:00,2026-10-08 15:00:00+00:00,0,0,none,complete
2026-10-08,2026-10-09T21:39:41+00:00,online,PT,wind_offshore,timesfm3_online,TimesFM3 with covariates,weather_4p+tso_forecast,2208,2026-10-09 04:00:00+00:00,0.8710207939147949,1.4,,2026-07-08 16:00:00+00:00,2026-10-08 15:00:00+00:00,0,0,none,complete
2026-10-08,2026-10-09T21:39:41+00:00,online,PT,wind_offshore,timesfm3_online,TimesFM3 with covariates,weather_4p+tso_forecast,2208,2026-10-09 05:00:00+00:00,0.7286858558654785,1.1,,2026-07-08 16:00:00+00:00,2026-10-08 15:00:00+00:00,0,0,none,complete
2026-10-08,2026-10-09T21:39:41+00:00,online,PT,wind_offshore,timesfm3_online,TimesFM3 with covariates,weather_4p+tso_forecast,2208,2026-10-09 06:00:00+00:00,0.5896220207214355,1.0,,2026-07-08 16:00:00+00:00,2026-10-08 15:00:00+00:00,0,0,none,complete
2026-10-08,2026-10-09T21:39:41+00:00,online,PT,wind_offshore,timesfm3_online,TimesFM3 with covariates,weather_4p+tso_forecast,2208,2026-10-09 07:00:00+00:00,0.37863588333129883,0.9,,2026-07-08 16:00:00+00:00,2026-10-08 15:00:00+00:00,0,0,none,complete
2026-10-08,2026-10-09T21:39:41+00:00,online,PT,wind_offshore,timesfm3_online,TimesFM3 with covariates,weather_4p+tso_forecast,2208,2026-10-09 08:00:00+00:00,0.3273653984069824,0.7,,2026-07-08 16:00:00+00:00,2026-10-08 15:00:00+00:00,0,0,none,complete
2026-10-08,2026-10-09T21:39:41+00:00,online,PT,wind_offshore,timesfm3_online,TimesFM3 with covariates,weather_4p+tso_forecast,2208,2026-10-09 09:00:00+00:00,0.13361167907714844,0.6,,2026-07-08 16:00:00+00:00,2026-10-08 15:00:00+00:00,0,0,none,complete
2026-10-08,2026-10-09T21:39:41+00:00,online,PT,wind_offshore,timesfm3_online,TimesFM3 with covariates,weather_4p+tso_forecast,2208,2026-10-09 10:00:00+00:00,0.5738029479980469,0.4,,2026-07-08 16:00:00+00:00,2026-10-08 15:00:00+00:00,0,0,none,complete
2026-10-08,2026-10-09T21:39:41+00:00,online,PT,wind_offshore,timesfm3_online,TimesFM3 with covariates,weather_4p+tso_forecast,2208,2026-10-09 11:00:00+00:00,1.399928092956543,0.5,,2026-07-08 16:00:00+00:00,2026-10-08 15:00:00+00:00,0,0,none,complete
2026-10-08,2026-10-09T21:39:41+00:00,online,PT,wind_offshore,timesfm3_online,TimesFM3 with covariates,weather_4p+tso_forecast,2208,2026-10-09 12:00:00+00:00,2.192622184753418,0.7,,2026-07-08 16:00:00+00:00,2026-10-08 15:00:00+00:00,0,0,none,complete
2026-10-08,2026-10-09T21:39:41+00:00,online,PT,wind_offshore,timesfm3_online,TimesFM3 with covariates,weather_4p+tso_forecast,2208,2026-10-09 13:00:00+00:00,3.8135032653808594,1.2,,2026-07-08 16:00:00+00:00,2026-10-08 15:00:00+00:00,0,0,none,complete
2026-10-08,2026-10-09T21:39:41+00:00,online,PT,wind_offshore,timesfm3_online,TimesFM3 with covariates,weather_4p+tso_forecast,2208,2026-10-09 14:00:00+00:00,5.476019382476807,2.0,,2026-07-08 16:00:00+00:00,2026-10-08 15:00:00+00:00,0,0,none,complete
2026-10-08,2026-10-09T21:39:41+00:00,online,PT,wind_offshore,timesfm3_online,TimesFM3 with covariates,weather_4p+tso_forecast,2208,2026-10-09 15:00:00+00:00,6.7698845863342285,3.4,,2026-07-08 16:00:00+00:00,2026-10-08 15:00:00+00:00,0,0,none,complete
