run_date,run_at,zone,target,model,model_label,covariate_case,context_hours,timestamp,forecast_mw,tso_forecast_mw,actual_mw,context_start,context_end,source
2026-08-02,2026-08-10 08:09:32+00:00,BE,load,tso_reference,TSO forecast,tso_forecast,2208,2026-08-02 18:00:00+00:00,8323.675,8323.675,,2026-05-02 18:00:00+00:00,2026-08-02 17:00:00+00:00,online
2026-08-02,2026-08-10 08:09:32+00:00,BE,load,tso_reference,TSO forecast,tso_forecast,2208,2026-08-02 19:00:00+00:00,8157.5575,8157.5575,,2026-05-02 18:00:00+00:00,2026-08-02 17:00:00+00:00,online
2026-08-02,2026-08-10 08:09:32+00:00,BE,load,tso_reference,TSO forecast,tso_forecast,2208,2026-08-02 20:00:00+00:00,8134.81,8134.81,,2026-05-02 18:00:00+00:00,2026-08-02 17:00:00+00:00,online
2026-08-02,2026-08-10 08:09:32+00:00,BE,load,tso_reference,TSO forecast,tso_forecast,2208,2026-08-02 21:00:00+00:00,7748.8775,7748.8775,,2026-05-02 18:00:00+00:00,2026-08-02 17:00:00+00:00,online
2026-08-02,2026-08-10 08:09:32+00:00,BE,load,tso_reference,TSO forecast,tso_forecast,2208,2026-08-02 22:00:00+00:00,7437.2725,7437.2725,,2026-05-02 18:00:00+00:00,2026-08-02 17:00:00+00:00,online
2026-08-02,2026-08-10 08:09:32+00:00,BE,load,tso_reference,TSO forecast,tso_forecast,2208,2026-08-02 23:00:00+00:00,7178.4975,7178.4975,,2026-05-02 18:00:00+00:00,2026-08-02 17:00:00+00:00,online
2026-08-02,2026-08-10 08:09:32+00:00,BE,load,tso_reference,TSO forecast,tso_forecast,2208,2026-08-03 00:00:00+00:00,6910.535,6910.535,,2026-05-02 18:00:00+00:00,2026-08-02 17:00:00+00:00,online
2026-08-02,2026-08-10 08:09:32+00:00,BE,load,tso_reference,TSO forecast,tso_forecast,2208,2026-08-03 01:00:00+00:00,6907.2025,6907.2025,,2026-05-02 18:00:00+00:00,2026-08-02 17:00:00+00:00,online
2026-08-02,2026-08-10 08:09:32+00:00,BE,load,tso_reference,TSO forecast,tso_forecast,2208,2026-08-03 02:00:00+00:00,6933.925,6933.925,,2026-05-02 18:00:00+00:00,2026-08-02 17:00:00+00:00,online
2026-08-02,2026-08-10 08:09:32+00:00,BE,load,tso_reference,TSO forecast,tso_forecast,2208,2026-08-03 03:00:00+00:00,7175.5275,7175.5275,,2026-05-02 18:00:00+00:00,2026-08-02 17:00:00+00:00,online
2026-08-02,2026-08-10 08:09:32+00:00,BE,load,tso_reference,TSO forecast,tso_forecast,2208,2026-08-03 04:00:00+00:00,7818.5725,7818.5725,,2026-05-02 18:00:00+00:00,2026-08-02 17:00:00+00:00,online
2026-08-02,2026-08-10 08:09:32+00:00,BE,load,tso_reference,TSO forecast,tso_forecast,2208,2026-08-03 05:00:00+00:00,8525.52,8525.52,,2026-05-02 18:00:00+00:00,2026-08-02 17:00:00+00:00,online
2026-08-02,2026-08-10 08:09:32+00:00,BE,load,tso_reference,TSO forecast,tso_forecast,2208,2026-08-03 06:00:00+00:00,9155.3925,9155.3925,,2026-05-02 18:00:00+00:00,2026-08-02 17:00:00+00:00,online
2026-08-02,2026-08-10 08:09:32+00:00,BE,load,tso_reference,TSO forecast,tso_forecast,2208,2026-08-03 07:00:00+00:00,9690.3375,9690.3375,,2026-05-02 18:00:00+00:00,2026-08-02 17:00:00+00:00,online
2026-08-02,2026-08-10 08:09:32+00:00,BE,load,tso_reference,TSO forecast,tso_forecast,2208,2026-08-03 08:00:00+00:00,9882.6775,9882.6775,,2026-05-02 18:00:00+00:00,2026-08-02 17:00:00+00:00,online
2026-08-02,2026-08-10 08:09:32+00:00,BE,load,tso_reference,TSO forecast,tso_forecast,2208,2026-08-03 09:00:00+00:00,10148.48,10148.48,,2026-05-02 18:00:00+00:00,2026-08-02 17:00:00+00:00,online
2026-08-02,2026-08-10 08:09:32+00:00,BE,load,tso_reference,TSO forecast,tso_forecast,2208,2026-08-03 10:00:00+00:00,10189.1775,10189.1775,,2026-05-02 18:00:00+00:00,2026-08-02 17:00:00+00:00,online
2026-08-02,2026-08-10 08:09:32+00:00,BE,load,tso_reference,TSO forecast,tso_forecast,2208,2026-08-03 11:00:00+00:00,10178.6925,10178.6925,,2026-05-02 18:00:00+00:00,2026-08-02 17:00:00+00:00,online
2026-08-02,2026-08-10 08:09:32+00:00,BE,load,tso_reference,TSO forecast,tso_forecast,2208,2026-08-03 12:00:00+00:00,10190.3175,10190.3175,,2026-05-02 18:00:00+00:00,2026-08-02 17:00:00+00:00,online
2026-08-02,2026-08-10 08:09:32+00:00,BE,load,tso_reference,TSO forecast,tso_forecast,2208,2026-08-03 13:00:00+00:00,10196.6625,10196.6625,,2026-05-02 18:00:00+00:00,2026-08-02 17:00:00+00:00,online
2026-08-02,2026-08-10 08:09:32+00:00,BE,load,tso_reference,TSO forecast,tso_forecast,2208,2026-08-03 14:00:00+00:00,9874.5125,9874.5125,,2026-05-02 18:00:00+00:00,2026-08-02 17:00:00+00:00,online
2026-08-02,2026-08-10 08:09:32+00:00,BE,load,tso_reference,TSO forecast,tso_forecast,2208,2026-08-03 15:00:00+00:00,9758.045,9758.045,,2026-05-02 18:00:00+00:00,2026-08-02 17:00:00+00:00,online
2026-08-02,2026-08-10 08:09:32+00:00,BE,load,tso_reference,TSO forecast,tso_forecast,2208,2026-08-03 16:00:00+00:00,9725.2875,9725.2875,,2026-05-02 18:00:00+00:00,2026-08-02 17:00:00+00:00,online
2026-08-02,2026-08-10 08:09:32+00:00,BE,load,tso_reference,TSO forecast,tso_forecast,2208,2026-08-03 17:00:00+00:00,9605.93,9605.93,,2026-05-02 18:00:00+00:00,2026-08-02 17:00:00+00:00,online
2026-08-02,2026-08-10 08:09:32+00:00,BE,load,persistence,Persistence,weekly_persistence,2208,2026-08-02 18:00:00+00:00,7878.62,8323.675,,2026-05-02 18:00:00+00:00,2026-08-02 17:00:00+00:00,online
2026-08-02,2026-08-10 08:09:32+00:00,BE,load,persistence,Persistence,weekly_persistence,2208,2026-08-02 19:00:00+00:00,7926.5175,8157.5575,,2026-05-02 18:00:00+00:00,2026-08-02 17:00:00+00:00,online
2026-08-02,2026-08-10 08:09:32+00:00,BE,load,persistence,Persistence,weekly_persistence,2208,2026-08-02 20:00:00+00:00,7884.9725,8134.81,,2026-05-02 18:00:00+00:00,2026-08-02 17:00:00+00:00,online
2026-08-02,2026-08-10 08:09:32+00:00,BE,load,persistence,Persistence,weekly_persistence,2208,2026-08-02 21:00:00+00:00,7400.4125,7748.8775,,2026-05-02 18:00:00+00:00,2026-08-02 17:00:00+00:00,online
2026-08-02,2026-08-10 08:09:32+00:00,BE,load,persistence,Persistence,weekly_persistence,2208,2026-08-02 22:00:00+00:00,7437.5075,7437.2725,,2026-05-02 18:00:00+00:00,2026-08-02 17:00:00+00:00,online
2026-08-02,2026-08-10 08:09:32+00:00,BE,load,persistence,Persistence,weekly_persistence,2208,2026-08-02 23:00:00+00:00,7271.8775,7178.4975,,2026-05-02 18:00:00+00:00,2026-08-02 17:00:00+00:00,online
2026-08-02,2026-08-10 08:09:32+00:00,BE,load,persistence,Persistence,weekly_persistence,2208,2026-08-03 00:00:00+00:00,7067.7425,6910.535,,2026-05-02 18:00:00+00:00,2026-08-02 17:00:00+00:00,online
2026-08-02,2026-08-10 08:09:32+00:00,BE,load,persistence,Persistence,weekly_persistence,2208,2026-08-03 01:00:00+00:00,7014.9025,6907.2025,,2026-05-02 18:00:00+00:00,2026-08-02 17:00:00+00:00,online
2026-08-02,2026-08-10 08:09:32+00:00,BE,load,persistence,Persistence,weekly_persistence,2208,2026-08-03 02:00:00+00:00,7055.2475,6933.925,,2026-05-02 18:00:00+00:00,2026-08-02 17:00:00+00:00,online
2026-08-02,2026-08-10 08:09:32+00:00,BE,load,persistence,Persistence,weekly_persistence,2208,2026-08-03 03:00:00+00:00,7211.26,7175.5275,,2026-05-02 18:00:00+00:00,2026-08-02 17:00:00+00:00,online
2026-08-02,2026-08-10 08:09:32+00:00,BE,load,persistence,Persistence,weekly_persistence,2208,2026-08-03 04:00:00+00:00,7541.9325,7818.5725,,2026-05-02 18:00:00+00:00,2026-08-02 17:00:00+00:00,online
2026-08-02,2026-08-10 08:09:32+00:00,BE,load,persistence,Persistence,weekly_persistence,2208,2026-08-03 05:00:00+00:00,8073.275,8525.52,,2026-05-02 18:00:00+00:00,2026-08-02 17:00:00+00:00,online
2026-08-02,2026-08-10 08:09:32+00:00,BE,load,persistence,Persistence,weekly_persistence,2208,2026-08-03 06:00:00+00:00,8593.72,9155.3925,,2026-05-02 18:00:00+00:00,2026-08-02 17:00:00+00:00,online
2026-08-02,2026-08-10 08:09:32+00:00,BE,load,persistence,Persistence,weekly_persistence,2208,2026-08-03 07:00:00+00:00,9064.5275,9690.3375,,2026-05-02 18:00:00+00:00,2026-08-02 17:00:00+00:00,online
2026-08-02,2026-08-10 08:09:32+00:00,BE,load,persistence,Persistence,weekly_persistence,2208,2026-08-03 08:00:00+00:00,9175.585,9882.6775,,2026-05-02 18:00:00+00:00,2026-08-02 17:00:00+00:00,online
2026-08-02,2026-08-10 08:09:32+00:00,BE,load,persistence,Persistence,weekly_persistence,2208,2026-08-03 09:00:00+00:00,9340.9425,10148.48,,2026-05-02 18:00:00+00:00,2026-08-02 17:00:00+00:00,online
2026-08-02,2026-08-10 08:09:32+00:00,BE,load,persistence,Persistence,weekly_persistence,2208,2026-08-03 10:00:00+00:00,9519.0925,10189.1775,,2026-05-02 18:00:00+00:00,2026-08-02 17:00:00+00:00,online
2026-08-02,2026-08-10 08:09:32+00:00,BE,load,persistence,Persistence,weekly_persistence,2208,2026-08-03 11:00:00+00:00,9392.415,10178.6925,,2026-05-02 18:00:00+00:00,2026-08-02 17:00:00+00:00,online
2026-08-02,2026-08-10 08:09:32+00:00,BE,load,persistence,Persistence,weekly_persistence,2208,2026-08-03 12:00:00+00:00,9475.6225,10190.3175,,2026-05-02 18:00:00+00:00,2026-08-02 17:00:00+00:00,online
2026-08-02,2026-08-10 08:09:32+00:00,BE,load,persistence,Persistence,weekly_persistence,2208,2026-08-03 13:00:00+00:00,9271.44,10196.6625,,2026-05-02 18:00:00+00:00,2026-08-02 17:00:00+00:00,online
2026-08-02,2026-08-10 08:09:32+00:00,BE,load,persistence,Persistence,weekly_persistence,2208,2026-08-03 14:00:00+00:00,8895.1025,9874.5125,,2026-05-02 18:00:00+00:00,2026-08-02 17:00:00+00:00,online
2026-08-02,2026-08-10 08:09:32+00:00,BE,load,persistence,Persistence,weekly_persistence,2208,2026-08-03 15:00:00+00:00,8729.8275,9758.045,,2026-05-02 18:00:00+00:00,2026-08-02 17:00:00+00:00,online
2026-08-02,2026-08-10 08:09:32+00:00,BE,load,persistence,Persistence,weekly_persistence,2208,2026-08-03 16:00:00+00:00,8759.9475,9725.2875,,2026-05-02 18:00:00+00:00,2026-08-02 17:00:00+00:00,online
2026-08-02,2026-08-10 08:09:32+00:00,BE,load,persistence,Persistence,weekly_persistence,2208,2026-08-03 17:00:00+00:00,8499.0875,9605.93,,2026-05-02 18:00:00+00:00,2026-08-02 17:00:00+00:00,online
2026-08-02,2026-08-10 08:09:32+00:00,BE,load,ridge_3mo_context,Ridge with covariates,Temp+tso_forecast,2208,2026-08-02 18:00:00+00:00,8142.525638727562,8323.675,,2026-05-02 18:00:00+00:00,2026-08-02 17:00:00+00:00,online
2026-08-02,2026-08-10 08:09:32+00:00,BE,load,ridge_3mo_context,Ridge with covariates,Temp+tso_forecast,2208,2026-08-02 19:00:00+00:00,7953.6975510776365,8157.5575,,2026-05-02 18:00:00+00:00,2026-08-02 17:00:00+00:00,online
2026-08-02,2026-08-10 08:09:32+00:00,BE,load,ridge_3mo_context,Ridge with covariates,Temp+tso_forecast,2208,2026-08-02 20:00:00+00:00,7910.118653955961,8134.81,,2026-05-02 18:00:00+00:00,2026-08-02 17:00:00+00:00,online
2026-08-02,2026-08-10 08:09:32+00:00,BE,load,ridge_3mo_context,Ridge with covariates,Temp+tso_forecast,2208,2026-08-02 21:00:00+00:00,7519.882063826665,7748.8775,,2026-05-02 18:00:00+00:00,2026-08-02 17:00:00+00:00,online
2026-08-02,2026-08-10 08:09:32+00:00,BE,load,ridge_3mo_context,Ridge with covariates,Temp+tso_forecast,2208,2026-08-02 22:00:00+00:00,7202.305950956138,7437.2725,,2026-05-02 18:00:00+00:00,2026-08-02 17:00:00+00:00,online
2026-08-02,2026-08-10 08:09:32+00:00,BE,load,ridge_3mo_context,Ridge with covariates,Temp+tso_forecast,2208,2026-08-02 23:00:00+00:00,6939.02032639877,7178.4975,,2026-05-02 18:00:00+00:00,2026-08-02 17:00:00+00:00,online
2026-08-02,2026-08-10 08:09:32+00:00,BE,load,ridge_3mo_context,Ridge with covariates,Temp+tso_forecast,2208,2026-08-03 00:00:00+00:00,6895.410722492758,6910.535,,2026-05-02 18:00:00+00:00,2026-08-02 17:00:00+00:00,online
2026-08-02,2026-08-10 08:09:32+00:00,BE,load,ridge_3mo_context,Ridge with covariates,Temp+tso_forecast,2208,2026-08-03 01:00:00+00:00,6861.0814858080075,6907.2025,,2026-05-02 18:00:00+00:00,2026-08-02 17:00:00+00:00,online
2026-08-02,2026-08-10 08:09:32+00:00,BE,load,ridge_3mo_context,Ridge with covariates,Temp+tso_forecast,2208,2026-08-03 02:00:00+00:00,6865.151316958015,6933.925,,2026-05-02 18:00:00+00:00,2026-08-02 17:00:00+00:00,online
2026-08-02,2026-08-10 08:09:32+00:00,BE,load,ridge_3mo_context,Ridge with covariates,Temp+tso_forecast,2208,2026-08-03 03:00:00+00:00,7068.897188543611,7175.5275,,2026-05-02 18:00:00+00:00,2026-08-02 17:00:00+00:00,online
2026-08-02,2026-08-10 08:09:32+00:00,BE,load,ridge_3mo_context,Ridge with covariates,Temp+tso_forecast,2208,2026-08-03 04:00:00+00:00,7665.35785667828,7818.5725,,2026-05-02 18:00:00+00:00,2026-08-02 17:00:00+00:00,online
2026-08-02,2026-08-10 08:09:32+00:00,BE,load,ridge_3mo_context,Ridge with covariates,Temp+tso_forecast,2208,2026-08-03 05:00:00+00:00,8316.23282245201,8525.52,,2026-05-02 18:00:00+00:00,2026-08-02 17:00:00+00:00,online
2026-08-02,2026-08-10 08:09:32+00:00,BE,load,ridge_3mo_context,Ridge with covariates,Temp+tso_forecast,2208,2026-08-03 06:00:00+00:00,8986.133063651605,9155.3925,,2026-05-02 18:00:00+00:00,2026-08-02 17:00:00+00:00,online
2026-08-02,2026-08-10 08:09:32+00:00,BE,load,ridge_3mo_context,Ridge with covariates,Temp+tso_forecast,2208,2026-08-03 07:00:00+00:00,9580.04474090758,9690.3375,,2026-05-02 18:00:00+00:00,2026-08-02 17:00:00+00:00,online
2026-08-02,2026-08-10 08:09:32+00:00,BE,load,ridge_3mo_context,Ridge with covariates,Temp+tso_forecast,2208,2026-08-03 08:00:00+00:00,9809.132642121718,9882.6775,,2026-05-02 18:00:00+00:00,2026-08-02 17:00:00+00:00,online
2026-08-02,2026-08-10 08:09:32+00:00,BE,load,ridge_3mo_context,Ridge with covariates,Temp+tso_forecast,2208,2026-08-03 09:00:00+00:00,10126.199460410233,10148.48,,2026-05-02 18:00:00+00:00,2026-08-02 17:00:00+00:00,online
2026-08-02,2026-08-10 08:09:32+00:00,BE,load,ridge_3mo_context,Ridge with covariates,Temp+tso_forecast,2208,2026-08-03 10:00:00+00:00,10182.84505455136,10189.1775,,2026-05-02 18:00:00+00:00,2026-08-02 17:00:00+00:00,online
2026-08-02,2026-08-10 08:09:32+00:00,BE,load,ridge_3mo_context,Ridge with covariates,Temp+tso_forecast,2208,2026-08-03 11:00:00+00:00,10169.027398977218,10178.6925,,2026-05-02 18:00:00+00:00,2026-08-02 17:00:00+00:00,online
2026-08-02,2026-08-10 08:09:32+00:00,BE,load,ridge_3mo_context,Ridge with covariates,Temp+tso_forecast,2208,2026-08-03 12:00:00+00:00,10204.75097310014,10190.3175,,2026-05-02 18:00:00+00:00,2026-08-02 17:00:00+00:00,online
2026-08-02,2026-08-10 08:09:32+00:00,BE,load,ridge_3mo_context,Ridge with covariates,Temp+tso_forecast,2208,2026-08-03 13:00:00+00:00,10222.63854088318,10196.6625,,2026-05-02 18:00:00+00:00,2026-08-02 17:00:00+00:00,online
2026-08-02,2026-08-10 08:09:32+00:00,BE,load,ridge_3mo_context,Ridge with covariates,Temp+tso_forecast,2208,2026-08-03 14:00:00+00:00,9905.682660290531,9874.5125,,2026-05-02 18:00:00+00:00,2026-08-02 17:00:00+00:00,online
2026-08-02,2026-08-10 08:09:32+00:00,BE,load,ridge_3mo_context,Ridge with covariates,Temp+tso_forecast,2208,2026-08-03 15:00:00+00:00,9791.920766808851,9758.045,,2026-05-02 18:00:00+00:00,2026-08-02 17:00:00+00:00,online
2026-08-02,2026-08-10 08:09:32+00:00,BE,load,ridge_3mo_context,Ridge with covariates,Temp+tso_forecast,2208,2026-08-03 16:00:00+00:00,9740.645641261097,9725.2875,,2026-05-02 18:00:00+00:00,2026-08-02 17:00:00+00:00,online
2026-08-02,2026-08-10 08:09:32+00:00,BE,load,ridge_3mo_context,Ridge with covariates,Temp+tso_forecast,2208,2026-08-03 17:00:00+00:00,9596.255438287631,9605.93,,2026-05-02 18:00:00+00:00,2026-08-02 17:00:00+00:00,online
2026-08-02,2026-08-10 08:09:32+00:00,BE,load,chronos2_online,Chronos2 with covariates,Solar+tso_forecast,2208,2026-08-02 18:00:00+00:00,8047.8798828125,8323.675,,2026-05-02 18:00:00+00:00,2026-08-02 17:00:00+00:00,online
2026-08-02,2026-08-10 08:09:32+00:00,BE,load,chronos2_online,Chronos2 with covariates,Solar+tso_forecast,2208,2026-08-02 19:00:00+00:00,7959.5322265625,8157.5575,,2026-05-02 18:00:00+00:00,2026-08-02 17:00:00+00:00,online
2026-08-02,2026-08-10 08:09:32+00:00,BE,load,chronos2_online,Chronos2 with covariates,Solar+tso_forecast,2208,2026-08-02 20:00:00+00:00,7909.78369140625,8134.81,,2026-05-02 18:00:00+00:00,2026-08-02 17:00:00+00:00,online
2026-08-02,2026-08-10 08:09:32+00:00,BE,load,chronos2_online,Chronos2 with covariates,Solar+tso_forecast,2208,2026-08-02 21:00:00+00:00,7623.78271484375,7748.8775,,2026-05-02 18:00:00+00:00,2026-08-02 17:00:00+00:00,online
2026-08-02,2026-08-10 08:09:32+00:00,BE,load,chronos2_online,Chronos2 with covariates,Solar+tso_forecast,2208,2026-08-02 22:00:00+00:00,7308.1416015625,7437.2725,,2026-05-02 18:00:00+00:00,2026-08-02 17:00:00+00:00,online
2026-08-02,2026-08-10 08:09:32+00:00,BE,load,chronos2_online,Chronos2 with covariates,Solar+tso_forecast,2208,2026-08-02 23:00:00+00:00,7050.2890625,7178.4975,,2026-05-02 18:00:00+00:00,2026-08-02 17:00:00+00:00,online
2026-08-02,2026-08-10 08:09:32+00:00,BE,load,chronos2_online,Chronos2 with covariates,Solar+tso_forecast,2208,2026-08-03 00:00:00+00:00,6887.205078125,6910.535,,2026-05-02 18:00:00+00:00,2026-08-02 17:00:00+00:00,online
2026-08-02,2026-08-10 08:09:32+00:00,BE,load,chronos2_online,Chronos2 with covariates,Solar+tso_forecast,2208,2026-08-03 01:00:00+00:00,6830.982421875,6907.2025,,2026-05-02 18:00:00+00:00,2026-08-02 17:00:00+00:00,online
2026-08-02,2026-08-10 08:09:32+00:00,BE,load,chronos2_online,Chronos2 with covariates,Solar+tso_forecast,2208,2026-08-03 02:00:00+00:00,6857.0595703125,6933.925,,2026-05-02 18:00:00+00:00,2026-08-02 17:00:00+00:00,online
2026-08-02,2026-08-10 08:09:32+00:00,BE,load,chronos2_online,Chronos2 with covariates,Solar+tso_forecast,2208,2026-08-03 03:00:00+00:00,7044.55908203125,7175.5275,,2026-05-02 18:00:00+00:00,2026-08-02 17:00:00+00:00,online
2026-08-02,2026-08-10 08:09:32+00:00,BE,load,chronos2_online,Chronos2 with covariates,Solar+tso_forecast,2208,2026-08-03 04:00:00+00:00,7516.4658203125,7818.5725,,2026-05-02 18:00:00+00:00,2026-08-02 17:00:00+00:00,online
2026-08-02,2026-08-10 08:09:32+00:00,BE,load,chronos2_online,Chronos2 with covariates,Solar+tso_forecast,2208,2026-08-03 05:00:00+00:00,8135.78857421875,8525.52,,2026-05-02 18:00:00+00:00,2026-08-02 17:00:00+00:00,online
2026-08-02,2026-08-10 08:09:32+00:00,BE,load,chronos2_online,Chronos2 with covariates,Solar+tso_forecast,2208,2026-08-03 06:00:00+00:00,8760.7333984375,9155.3925,,2026-05-02 18:00:00+00:00,2026-08-02 17:00:00+00:00,online
2026-08-02,2026-08-10 08:09:32+00:00,BE,load,chronos2_online,Chronos2 with covariates,Solar+tso_forecast,2208,2026-08-03 07:00:00+00:00,9237.7392578125,9690.3375,,2026-05-02 18:00:00+00:00,2026-08-02 17:00:00+00:00,online
2026-08-02,2026-08-10 08:09:32+00:00,BE,load,chronos2_online,Chronos2 with covariates,Solar+tso_forecast,2208,2026-08-03 08:00:00+00:00,9559.755859375,9882.6775,,2026-05-02 18:00:00+00:00,2026-08-02 17:00:00+00:00,online
2026-08-02,2026-08-10 08:09:32+00:00,BE,load,chronos2_online,Chronos2 with covariates,Solar+tso_forecast,2208,2026-08-03 09:00:00+00:00,9899.90234375,10148.48,,2026-05-02 18:00:00+00:00,2026-08-02 17:00:00+00:00,online
2026-08-02,2026-08-10 08:09:32+00:00,BE,load,chronos2_online,Chronos2 with covariates,Solar+tso_forecast,2208,2026-08-03 10:00:00+00:00,10076.7041015625,10189.1775,,2026-05-02 18:00:00+00:00,2026-08-02 17:00:00+00:00,online
2026-08-02,2026-08-10 08:09:32+00:00,BE,load,chronos2_online,Chronos2 with covariates,Solar+tso_forecast,2208,2026-08-03 11:00:00+00:00,10090.3896484375,10178.6925,,2026-05-02 18:00:00+00:00,2026-08-02 17:00:00+00:00,online
2026-08-02,2026-08-10 08:09:32+00:00,BE,load,chronos2_online,Chronos2 with covariates,Solar+tso_forecast,2208,2026-08-03 12:00:00+00:00,9990.7666015625,10190.3175,,2026-05-02 18:00:00+00:00,2026-08-02 17:00:00+00:00,online
2026-08-02,2026-08-10 08:09:32+00:00,BE,load,chronos2_online,Chronos2 with covariates,Solar+tso_forecast,2208,2026-08-03 13:00:00+00:00,9761.634765625,10196.6625,,2026-05-02 18:00:00+00:00,2026-08-02 17:00:00+00:00,online
2026-08-02,2026-08-10 08:09:32+00:00,BE,load,chronos2_online,Chronos2 with covariates,Solar+tso_forecast,2208,2026-08-03 14:00:00+00:00,9412.533203125,9874.5125,,2026-05-02 18:00:00+00:00,2026-08-02 17:00:00+00:00,online
2026-08-02,2026-08-10 08:09:32+00:00,BE,load,chronos2_online,Chronos2 with covariates,Solar+tso_forecast,2208,2026-08-03 15:00:00+00:00,9250.2001953125,9758.045,,2026-05-02 18:00:00+00:00,2026-08-02 17:00:00+00:00,online
2026-08-02,2026-08-10 08:09:32+00:00,BE,load,chronos2_online,Chronos2 with covariates,Solar+tso_forecast,2208,2026-08-03 16:00:00+00:00,9193.642578125,9725.2875,,2026-05-02 18:00:00+00:00,2026-08-02 17:00:00+00:00,online
2026-08-02,2026-08-10 08:09:32+00:00,BE,load,chronos2_online,Chronos2 with covariates,Solar+tso_forecast,2208,2026-08-03 17:00:00+00:00,9093.4775390625,9605.93,,2026-05-02 18:00:00+00:00,2026-08-02 17:00:00+00:00,online
2026-08-02,2026-08-10 08:09:32+00:00,BE,solar,tso_reference,TSO forecast,tso_forecast,2208,2026-08-02 18:00:00+00:00,372.96475,372.96475,,2026-05-02 18:00:00+00:00,2026-08-02 17:00:00+00:00,online
2026-08-02,2026-08-10 08:09:32+00:00,BE,solar,tso_reference,TSO forecast,tso_forecast,2208,2026-08-02 19:00:00+00:00,28.658,28.658,,2026-05-02 18:00:00+00:00,2026-08-02 17:00:00+00:00,online
2026-08-02,2026-08-10 08:09:32+00:00,BE,solar,tso_reference,TSO forecast,tso_forecast,2208,2026-08-02 20:00:00+00:00,0.0,0.0,,2026-05-02 18:00:00+00:00,2026-08-02 17:00:00+00:00,online
2026-08-02,2026-08-10 08:09:32+00:00,BE,solar,tso_reference,TSO forecast,tso_forecast,2208,2026-08-02 21:00:00+00:00,0.0,0.0,,2026-05-02 18:00:00+00:00,2026-08-02 17:00:00+00:00,online
2026-08-02,2026-08-10 08:09:32+00:00,BE,solar,tso_reference,TSO forecast,tso_forecast,2208,2026-08-02 22:00:00+00:00,0.0,0.0,,2026-05-02 18:00:00+00:00,2026-08-02 17:00:00+00:00,online
2026-08-02,2026-08-10 08:09:32+00:00,BE,solar,tso_reference,TSO forecast,tso_forecast,2208,2026-08-02 23:00:00+00:00,0.0,0.0,,2026-05-02 18:00:00+00:00,2026-08-02 17:00:00+00:00,online
2026-08-02,2026-08-10 08:09:32+00:00,BE,solar,tso_reference,TSO forecast,tso_forecast,2208,2026-08-03 00:00:00+00:00,0.0,0.0,,2026-05-02 18:00:00+00:00,2026-08-02 17:00:00+00:00,online
2026-08-02,2026-08-10 08:09:32+00:00,BE,solar,tso_reference,TSO forecast,tso_forecast,2208,2026-08-03 01:00:00+00:00,0.0,0.0,,2026-05-02 18:00:00+00:00,2026-08-02 17:00:00+00:00,online
2026-08-02,2026-08-10 08:09:32+00:00,BE,solar,tso_reference,TSO forecast,tso_forecast,2208,2026-08-03 02:00:00+00:00,0.0,0.0,,2026-05-02 18:00:00+00:00,2026-08-02 17:00:00+00:00,online
2026-08-02,2026-08-10 08:09:32+00:00,BE,solar,tso_reference,TSO forecast,tso_forecast,2208,2026-08-03 03:00:00+00:00,0.0,0.0,,2026-05-02 18:00:00+00:00,2026-08-02 17:00:00+00:00,online
2026-08-02,2026-08-10 08:09:32+00:00,BE,solar,tso_reference,TSO forecast,tso_forecast,2208,2026-08-03 04:00:00+00:00,103.72375,103.72375,,2026-05-02 18:00:00+00:00,2026-08-02 17:00:00+00:00,online
2026-08-02,2026-08-10 08:09:32+00:00,BE,solar,tso_reference,TSO forecast,tso_forecast,2208,2026-08-03 05:00:00+00:00,636.02675,636.02675,,2026-05-02 18:00:00+00:00,2026-08-02 17:00:00+00:00,online
2026-08-02,2026-08-10 08:09:32+00:00,BE,solar,tso_reference,TSO forecast,tso_forecast,2208,2026-08-03 06:00:00+00:00,1791.75675,1791.75675,,2026-05-02 18:00:00+00:00,2026-08-02 17:00:00+00:00,online
2026-08-02,2026-08-10 08:09:32+00:00,BE,solar,tso_reference,TSO forecast,tso_forecast,2208,2026-08-03 07:00:00+00:00,3305.093496,3305.093496,,2026-05-02 18:00:00+00:00,2026-08-02 17:00:00+00:00,online
2026-08-02,2026-08-10 08:09:32+00:00,BE,solar,tso_reference,TSO forecast,tso_forecast,2208,2026-08-03 08:00:00+00:00,5164.784496,5164.784496,,2026-05-02 18:00:00+00:00,2026-08-02 17:00:00+00:00,online
2026-08-02,2026-08-10 08:09:32+00:00,BE,solar,tso_reference,TSO forecast,tso_forecast,2208,2026-08-03 09:00:00+00:00,6580.710991,6580.710991,,2026-05-02 18:00:00+00:00,2026-08-02 17:00:00+00:00,online
2026-08-02,2026-08-10 08:09:32+00:00,BE,solar,tso_reference,TSO forecast,tso_forecast,2208,2026-08-03 10:00:00+00:00,7403.820499,7403.820499,,2026-05-02 18:00:00+00:00,2026-08-02 17:00:00+00:00,online
2026-08-02,2026-08-10 08:09:32+00:00,BE,solar,tso_reference,TSO forecast,tso_forecast,2208,2026-08-03 11:00:00+00:00,7674.062005,7674.062005,,2026-05-02 18:00:00+00:00,2026-08-02 17:00:00+00:00,online
2026-08-02,2026-08-10 08:09:32+00:00,BE,solar,tso_reference,TSO forecast,tso_forecast,2208,2026-08-03 12:00:00+00:00,7508.000996,7508.000996,,2026-05-02 18:00:00+00:00,2026-08-02 17:00:00+00:00,online
2026-08-02,2026-08-10 08:09:32+00:00,BE,solar,tso_reference,TSO forecast,tso_forecast,2208,2026-08-03 13:00:00+00:00,6811.945752,6811.945752,,2026-05-02 18:00:00+00:00,2026-08-02 17:00:00+00:00,online
2026-08-02,2026-08-10 08:09:32+00:00,BE,solar,tso_reference,TSO forecast,tso_forecast,2208,2026-08-03 14:00:00+00:00,5672.605255,5672.605255,,2026-05-02 18:00:00+00:00,2026-08-02 17:00:00+00:00,online
2026-08-02,2026-08-10 08:09:32+00:00,BE,solar,tso_reference,TSO forecast,tso_forecast,2208,2026-08-03 15:00:00+00:00,4159.861499,4159.861499,,2026-05-02 18:00:00+00:00,2026-08-02 17:00:00+00:00,online
2026-08-02,2026-08-10 08:09:32+00:00,BE,solar,tso_reference,TSO forecast,tso_forecast,2208,2026-08-03 16:00:00+00:00,2681.1305,2681.1305,,2026-05-02 18:00:00+00:00,2026-08-02 17:00:00+00:00,online
2026-08-02,2026-08-10 08:09:32+00:00,BE,solar,tso_reference,TSO forecast,tso_forecast,2208,2026-08-03 17:00:00+00:00,1317.212498,1317.212498,,2026-05-02 18:00:00+00:00,2026-08-02 17:00:00+00:00,online
2026-08-02,2026-08-10 08:09:32+00:00,BE,solar,persistence,Persistence,daily_persistence,2208,2026-08-02 18:00:00+00:00,376.77475,372.96475,,2026-05-02 18:00:00+00:00,2026-08-02 17:00:00+00:00,online
2026-08-02,2026-08-10 08:09:32+00:00,BE,solar,persistence,Persistence,daily_persistence,2208,2026-08-02 19:00:00+00:00,13.0775,28.658,,2026-05-02 18:00:00+00:00,2026-08-02 17:00:00+00:00,online
2026-08-02,2026-08-10 08:09:32+00:00,BE,solar,persistence,Persistence,daily_persistence,2208,2026-08-02 20:00:00+00:00,0.0,0.0,,2026-05-02 18:00:00+00:00,2026-08-02 17:00:00+00:00,online
2026-08-02,2026-08-10 08:09:32+00:00,BE,solar,persistence,Persistence,daily_persistence,2208,2026-08-02 21:00:00+00:00,0.0,0.0,,2026-05-02 18:00:00+00:00,2026-08-02 17:00:00+00:00,online
2026-08-02,2026-08-10 08:09:32+00:00,BE,solar,persistence,Persistence,daily_persistence,2208,2026-08-02 22:00:00+00:00,0.0,0.0,,2026-05-02 18:00:00+00:00,2026-08-02 17:00:00+00:00,online
2026-08-02,2026-08-10 08:09:32+00:00,BE,solar,persistence,Persistence,daily_persistence,2208,2026-08-02 23:00:00+00:00,0.0,0.0,,2026-05-02 18:00:00+00:00,2026-08-02 17:00:00+00:00,online
2026-08-02,2026-08-10 08:09:32+00:00,BE,solar,persistence,Persistence,daily_persistence,2208,2026-08-03 00:00:00+00:00,0.0,0.0,,2026-05-02 18:00:00+00:00,2026-08-02 17:00:00+00:00,online
2026-08-02,2026-08-10 08:09:32+00:00,BE,solar,persistence,Persistence,daily_persistence,2208,2026-08-03 01:00:00+00:00,0.0,0.0,,2026-05-02 18:00:00+00:00,2026-08-02 17:00:00+00:00,online
2026-08-02,2026-08-10 08:09:32+00:00,BE,solar,persistence,Persistence,daily_persistence,2208,2026-08-03 02:00:00+00:00,0.0,0.0,,2026-05-02 18:00:00+00:00,2026-08-02 17:00:00+00:00,online
2026-08-02,2026-08-10 08:09:32+00:00,BE,solar,persistence,Persistence,daily_persistence,2208,2026-08-03 03:00:00+00:00,0.0,0.0,,2026-05-02 18:00:00+00:00,2026-08-02 17:00:00+00:00,online
2026-08-02,2026-08-10 08:09:32+00:00,BE,solar,persistence,Persistence,daily_persistence,2208,2026-08-03 04:00:00+00:00,88.879,103.72375,,2026-05-02 18:00:00+00:00,2026-08-02 17:00:00+00:00,online
2026-08-02,2026-08-10 08:09:32+00:00,BE,solar,persistence,Persistence,daily_persistence,2208,2026-08-03 05:00:00+00:00,681.70925,636.02675,,2026-05-02 18:00:00+00:00,2026-08-02 17:00:00+00:00,online
2026-08-02,2026-08-10 08:09:32+00:00,BE,solar,persistence,Persistence,daily_persistence,2208,2026-08-03 06:00:00+00:00,1954.793,1791.75675,,2026-05-02 18:00:00+00:00,2026-08-02 17:00:00+00:00,online
2026-08-02,2026-08-10 08:09:32+00:00,BE,solar,persistence,Persistence,daily_persistence,2208,2026-08-03 07:00:00+00:00,3712.33125,3305.093496,,2026-05-02 18:00:00+00:00,2026-08-02 17:00:00+00:00,online
2026-08-02,2026-08-10 08:09:32+00:00,BE,solar,persistence,Persistence,daily_persistence,2208,2026-08-03 08:00:00+00:00,5351.46775,5164.784496,,2026-05-02 18:00:00+00:00,2026-08-02 17:00:00+00:00,online
2026-08-02,2026-08-10 08:09:32+00:00,BE,solar,persistence,Persistence,daily_persistence,2208,2026-08-03 09:00:00+00:00,6698.08825,6580.710991,,2026-05-02 18:00:00+00:00,2026-08-02 17:00:00+00:00,online
2026-08-02,2026-08-10 08:09:32+00:00,BE,solar,persistence,Persistence,daily_persistence,2208,2026-08-03 10:00:00+00:00,7594.96075,7403.820499,,2026-05-02 18:00:00+00:00,2026-08-02 17:00:00+00:00,online
2026-08-02,2026-08-10 08:09:32+00:00,BE,solar,persistence,Persistence,daily_persistence,2208,2026-08-03 11:00:00+00:00,7934.60775,7674.062005,,2026-05-02 18:00:00+00:00,2026-08-02 17:00:00+00:00,online
2026-08-02,2026-08-10 08:09:32+00:00,BE,solar,persistence,Persistence,daily_persistence,2208,2026-08-03 12:00:00+00:00,7710.3825,7508.000996,,2026-05-02 18:00:00+00:00,2026-08-02 17:00:00+00:00,online
2026-08-02,2026-08-10 08:09:32+00:00,BE,solar,persistence,Persistence,daily_persistence,2208,2026-08-03 13:00:00+00:00,7019.174,6811.945752,,2026-05-02 18:00:00+00:00,2026-08-02 17:00:00+00:00,online
2026-08-02,2026-08-10 08:09:32+00:00,BE,solar,persistence,Persistence,daily_persistence,2208,2026-08-03 14:00:00+00:00,5848.34925,5672.605255,,2026-05-02 18:00:00+00:00,2026-08-02 17:00:00+00:00,online
2026-08-02,2026-08-10 08:09:32+00:00,BE,solar,persistence,Persistence,daily_persistence,2208,2026-08-03 15:00:00+00:00,4402.8235,4159.861499,,2026-05-02 18:00:00+00:00,2026-08-02 17:00:00+00:00,online
2026-08-02,2026-08-10 08:09:32+00:00,BE,solar,persistence,Persistence,daily_persistence,2208,2026-08-03 16:00:00+00:00,2698.34525,2681.1305,,2026-05-02 18:00:00+00:00,2026-08-02 17:00:00+00:00,online
2026-08-02,2026-08-10 08:09:32+00:00,BE,solar,persistence,Persistence,daily_persistence,2208,2026-08-03 17:00:00+00:00,1259.7695,1317.212498,,2026-05-02 18:00:00+00:00,2026-08-02 17:00:00+00:00,online
2026-08-02,2026-08-10 08:09:32+00:00,BE,solar,chronos2_online,Chronos2 with covariates,weather_4p+tso_forecast,2208,2026-08-02 18:00:00+00:00,335.5286865234375,372.96475,,2026-05-02 18:00:00+00:00,2026-08-02 17:00:00+00:00,online
2026-08-02,2026-08-10 08:09:32+00:00,BE,solar,chronos2_online,Chronos2 with covariates,weather_4p+tso_forecast,2208,2026-08-02 19:00:00+00:00,89.3912353515625,28.658,,2026-05-02 18:00:00+00:00,2026-08-02 17:00:00+00:00,online
2026-08-02,2026-08-10 08:09:32+00:00,BE,solar,chronos2_online,Chronos2 with covariates,weather_4p+tso_forecast,2208,2026-08-02 20:00:00+00:00,47.5716552734375,0.0,,2026-05-02 18:00:00+00:00,2026-08-02 17:00:00+00:00,online
2026-08-02,2026-08-10 08:09:32+00:00,BE,solar,chronos2_online,Chronos2 with covariates,weather_4p+tso_forecast,2208,2026-08-02 21:00:00+00:00,45.519775390625,0.0,,2026-05-02 18:00:00+00:00,2026-08-02 17:00:00+00:00,online
2026-08-02,2026-08-10 08:09:32+00:00,BE,solar,chronos2_online,Chronos2 with covariates,weather_4p+tso_forecast,2208,2026-08-02 22:00:00+00:00,45.098388671875,0.0,,2026-05-02 18:00:00+00:00,2026-08-02 17:00:00+00:00,online
2026-08-02,2026-08-10 08:09:32+00:00,BE,solar,chronos2_online,Chronos2 with covariates,weather_4p+tso_forecast,2208,2026-08-02 23:00:00+00:00,60.0162353515625,0.0,,2026-05-02 18:00:00+00:00,2026-08-02 17:00:00+00:00,online
2026-08-02,2026-08-10 08:09:32+00:00,BE,solar,chronos2_online,Chronos2 with covariates,weather_4p+tso_forecast,2208,2026-08-03 00:00:00+00:00,47.5325927734375,0.0,,2026-05-02 18:00:00+00:00,2026-08-02 17:00:00+00:00,online
2026-08-02,2026-08-10 08:09:32+00:00,BE,solar,chronos2_online,Chronos2 with covariates,weather_4p+tso_forecast,2208,2026-08-03 01:00:00+00:00,37.030517578125,0.0,,2026-05-02 18:00:00+00:00,2026-08-02 17:00:00+00:00,online
2026-08-02,2026-08-10 08:09:32+00:00,BE,solar,chronos2_online,Chronos2 with covariates,weather_4p+tso_forecast,2208,2026-08-03 02:00:00+00:00,40.200439453125,0.0,,2026-05-02 18:00:00+00:00,2026-08-02 17:00:00+00:00,online
2026-08-02,2026-08-10 08:09:32+00:00,BE,solar,chronos2_online,Chronos2 with covariates,weather_4p+tso_forecast,2208,2026-08-03 03:00:00+00:00,47.295166015625,0.0,,2026-05-02 18:00:00+00:00,2026-08-02 17:00:00+00:00,online
2026-08-02,2026-08-10 08:09:32+00:00,BE,solar,chronos2_online,Chronos2 with covariates,weather_4p+tso_forecast,2208,2026-08-03 04:00:00+00:00,105.021728515625,103.72375,,2026-05-02 18:00:00+00:00,2026-08-02 17:00:00+00:00,online
2026-08-02,2026-08-10 08:09:32+00:00,BE,solar,chronos2_online,Chronos2 with covariates,weather_4p+tso_forecast,2208,2026-08-03 05:00:00+00:00,638.322265625,636.02675,,2026-05-02 18:00:00+00:00,2026-08-02 17:00:00+00:00,online
2026-08-02,2026-08-10 08:09:32+00:00,BE,solar,chronos2_online,Chronos2 with covariates,weather_4p+tso_forecast,2208,2026-08-03 06:00:00+00:00,1835.05517578125,1791.75675,,2026-05-02 18:00:00+00:00,2026-08-02 17:00:00+00:00,online
2026-08-02,2026-08-10 08:09:32+00:00,BE,solar,chronos2_online,Chronos2 with covariates,weather_4p+tso_forecast,2208,2026-08-03 07:00:00+00:00,3400.093994140625,3305.093496,,2026-05-02 18:00:00+00:00,2026-08-02 17:00:00+00:00,online
2026-08-02,2026-08-10 08:09:32+00:00,BE,solar,chronos2_online,Chronos2 with covariates,weather_4p+tso_forecast,2208,2026-08-03 08:00:00+00:00,5033.6162109375,5164.784496,,2026-05-02 18:00:00+00:00,2026-08-02 17:00:00+00:00,online
2026-08-02,2026-08-10 08:09:32+00:00,BE,solar,chronos2_online,Chronos2 with covariates,weather_4p+tso_forecast,2208,2026-08-03 09:00:00+00:00,6286.9833984375,6580.710991,,2026-05-02 18:00:00+00:00,2026-08-02 17:00:00+00:00,online
2026-08-02,2026-08-10 08:09:32+00:00,BE,solar,chronos2_online,Chronos2 with covariates,weather_4p+tso_forecast,2208,2026-08-03 10:00:00+00:00,7200.97021484375,7403.820499,,2026-05-02 18:00:00+00:00,2026-08-02 17:00:00+00:00,online
2026-08-02,2026-08-10 08:09:32+00:00,BE,solar,chronos2_online,Chronos2 with covariates,weather_4p+tso_forecast,2208,2026-08-03 11:00:00+00:00,7389.51025390625,7674.062005,,2026-05-02 18:00:00+00:00,2026-08-02 17:00:00+00:00,online
2026-08-02,2026-08-10 08:09:32+00:00,BE,solar,chronos2_online,Chronos2 with covariates,weather_4p+tso_forecast,2208,2026-08-03 12:00:00+00:00,7211.650390625,7508.000996,,2026-05-02 18:00:00+00:00,2026-08-02 17:00:00+00:00,online
2026-08-02,2026-08-10 08:09:32+00:00,BE,solar,chronos2_online,Chronos2 with covariates,weather_4p+tso_forecast,2208,2026-08-03 13:00:00+00:00,6620.22021484375,6811.945752,,2026-05-02 18:00:00+00:00,2026-08-02 17:00:00+00:00,online
2026-08-02,2026-08-10 08:09:32+00:00,BE,solar,chronos2_online,Chronos2 with covariates,weather_4p+tso_forecast,2208,2026-08-03 14:00:00+00:00,5500.818359375,5672.605255,,2026-05-02 18:00:00+00:00,2026-08-02 17:00:00+00:00,online
2026-08-02,2026-08-10 08:09:32+00:00,BE,solar,chronos2_online,Chronos2 with covariates,weather_4p+tso_forecast,2208,2026-08-03 15:00:00+00:00,4085.16796875,4159.861499,,2026-05-02 18:00:00+00:00,2026-08-02 17:00:00+00:00,online
2026-08-02,2026-08-10 08:09:32+00:00,BE,solar,chronos2_online,Chronos2 with covariates,weather_4p+tso_forecast,2208,2026-08-03 16:00:00+00:00,2611.416259765625,2681.1305,,2026-05-02 18:00:00+00:00,2026-08-02 17:00:00+00:00,online
2026-08-02,2026-08-10 08:09:32+00:00,BE,solar,chronos2_online,Chronos2 with covariates,weather_4p+tso_forecast,2208,2026-08-03 17:00:00+00:00,1393.4287109375,1317.212498,,2026-05-02 18:00:00+00:00,2026-08-02 17:00:00+00:00,online
2026-08-02,2026-08-10 08:09:32+00:00,BE,solar,xgboost_online,XGBoost with covariates,weather_4p+tso_forecast,2208,2026-08-02 18:00:00+00:00,490.5745239257813,372.96475,,2026-05-02 18:00:00+00:00,2026-08-02 17:00:00+00:00,online
2026-08-02,2026-08-10 08:09:32+00:00,BE,solar,xgboost_online,XGBoost with covariates,weather_4p+tso_forecast,2208,2026-08-02 19:00:00+00:00,97.59886932373048,28.658,,2026-05-02 18:00:00+00:00,2026-08-02 17:00:00+00:00,online
2026-08-02,2026-08-10 08:09:32+00:00,BE,solar,xgboost_online,XGBoost with covariates,weather_4p+tso_forecast,2208,2026-08-02 20:00:00+00:00,53.2339973449707,0.0,,2026-05-02 18:00:00+00:00,2026-08-02 17:00:00+00:00,online
2026-08-02,2026-08-10 08:09:32+00:00,BE,solar,xgboost_online,XGBoost with covariates,weather_4p+tso_forecast,2208,2026-08-02 21:00:00+00:00,43.126033782958984,0.0,,2026-05-02 18:00:00+00:00,2026-08-02 17:00:00+00:00,online
2026-08-02,2026-08-10 08:09:32+00:00,BE,solar,xgboost_online,XGBoost with covariates,weather_4p+tso_forecast,2208,2026-08-02 22:00:00+00:00,43.126033782958984,0.0,,2026-05-02 18:00:00+00:00,2026-08-02 17:00:00+00:00,online
2026-08-02,2026-08-10 08:09:32+00:00,BE,solar,xgboost_online,XGBoost with covariates,weather_4p+tso_forecast,2208,2026-08-02 23:00:00+00:00,43.126033782958984,0.0,,2026-05-02 18:00:00+00:00,2026-08-02 17:00:00+00:00,online
2026-08-02,2026-08-10 08:09:32+00:00,BE,solar,xgboost_online,XGBoost with covariates,weather_4p+tso_forecast,2208,2026-08-03 00:00:00+00:00,47.83284378051758,0.0,,2026-05-02 18:00:00+00:00,2026-08-02 17:00:00+00:00,online
2026-08-02,2026-08-10 08:09:32+00:00,BE,solar,xgboost_online,XGBoost with covariates,weather_4p+tso_forecast,2208,2026-08-03 01:00:00+00:00,47.83284378051758,0.0,,2026-05-02 18:00:00+00:00,2026-08-02 17:00:00+00:00,online
2026-08-02,2026-08-10 08:09:32+00:00,BE,solar,xgboost_online,XGBoost with covariates,weather_4p+tso_forecast,2208,2026-08-03 02:00:00+00:00,47.83284378051758,0.0,,2026-05-02 18:00:00+00:00,2026-08-02 17:00:00+00:00,online
2026-08-02,2026-08-10 08:09:32+00:00,BE,solar,xgboost_online,XGBoost with covariates,weather_4p+tso_forecast,2208,2026-08-03 03:00:00+00:00,47.83284378051758,0.0,,2026-05-02 18:00:00+00:00,2026-08-02 17:00:00+00:00,online
2026-08-02,2026-08-10 08:09:32+00:00,BE,solar,xgboost_online,XGBoost with covariates,weather_4p+tso_forecast,2208,2026-08-03 04:00:00+00:00,54.42845153808594,103.72375,,2026-05-02 18:00:00+00:00,2026-08-02 17:00:00+00:00,online
2026-08-02,2026-08-10 08:09:32+00:00,BE,solar,xgboost_online,XGBoost with covariates,weather_4p+tso_forecast,2208,2026-08-03 05:00:00+00:00,559.685302734375,636.02675,,2026-05-02 18:00:00+00:00,2026-08-02 17:00:00+00:00,online
2026-08-02,2026-08-10 08:09:32+00:00,BE,solar,xgboost_online,XGBoost with covariates,weather_4p+tso_forecast,2208,2026-08-03 06:00:00+00:00,1658.188720703125,1791.75675,,2026-05-02 18:00:00+00:00,2026-08-02 17:00:00+00:00,online
2026-08-02,2026-08-10 08:09:32+00:00,BE,solar,xgboost_online,XGBoost with covariates,weather_4p+tso_forecast,2208,2026-08-03 07:00:00+00:00,2891.55322265625,3305.093496,,2026-05-02 18:00:00+00:00,2026-08-02 17:00:00+00:00,online
2026-08-02,2026-08-10 08:09:32+00:00,BE,solar,xgboost_online,XGBoost with covariates,weather_4p+tso_forecast,2208,2026-08-03 08:00:00+00:00,4596.06201171875,5164.784496,,2026-05-02 18:00:00+00:00,2026-08-02 17:00:00+00:00,online
2026-08-02,2026-08-10 08:09:32+00:00,BE,solar,xgboost_online,XGBoost with covariates,weather_4p+tso_forecast,2208,2026-08-03 09:00:00+00:00,6333.7392578125,6580.710991,,2026-05-02 18:00:00+00:00,2026-08-02 17:00:00+00:00,online
2026-08-02,2026-08-10 08:09:32+00:00,BE,solar,xgboost_online,XGBoost with covariates,weather_4p+tso_forecast,2208,2026-08-03 10:00:00+00:00,7222.80908203125,7403.820499,,2026-05-02 18:00:00+00:00,2026-08-02 17:00:00+00:00,online
2026-08-02,2026-08-10 08:09:32+00:00,BE,solar,xgboost_online,XGBoost with covariates,weather_4p+tso_forecast,2208,2026-08-03 11:00:00+00:00,7526.1806640625,7674.062005,,2026-05-02 18:00:00+00:00,2026-08-02 17:00:00+00:00,online
2026-08-02,2026-08-10 08:09:32+00:00,BE,solar,xgboost_online,XGBoost with covariates,weather_4p+tso_forecast,2208,2026-08-03 12:00:00+00:00,7434.00732421875,7508.000996,,2026-05-02 18:00:00+00:00,2026-08-02 17:00:00+00:00,online
2026-08-02,2026-08-10 08:09:32+00:00,BE,solar,xgboost_online,XGBoost with covariates,weather_4p+tso_forecast,2208,2026-08-03 13:00:00+00:00,6665.85498046875,6811.945752,,2026-05-02 18:00:00+00:00,2026-08-02 17:00:00+00:00,online
2026-08-02,2026-08-10 08:09:32+00:00,BE,solar,xgboost_online,XGBoost with covariates,weather_4p+tso_forecast,2208,2026-08-03 14:00:00+00:00,5735.1689453125,5672.605255,,2026-05-02 18:00:00+00:00,2026-08-02 17:00:00+00:00,online
2026-08-02,2026-08-10 08:09:32+00:00,BE,solar,xgboost_online,XGBoost with covariates,weather_4p+tso_forecast,2208,2026-08-03 15:00:00+00:00,4133.30322265625,4159.861499,,2026-05-02 18:00:00+00:00,2026-08-02 17:00:00+00:00,online
2026-08-02,2026-08-10 08:09:32+00:00,BE,solar,xgboost_online,XGBoost with covariates,weather_4p+tso_forecast,2208,2026-08-03 16:00:00+00:00,2574.112548828125,2681.1305,,2026-05-02 18:00:00+00:00,2026-08-02 17:00:00+00:00,online
2026-08-02,2026-08-10 08:09:32+00:00,BE,solar,xgboost_online,XGBoost with covariates,weather_4p+tso_forecast,2208,2026-08-03 17:00:00+00:00,1399.6959228515625,1317.212498,,2026-05-02 18:00:00+00:00,2026-08-02 17:00:00+00:00,online
2026-08-02,2026-08-10 08:09:32+00:00,BE,wind_onshore,tso_reference,TSO forecast,tso_forecast,2208,2026-08-02 18:00:00+00:00,678.725,678.725,,2026-05-02 18:00:00+00:00,2026-08-02 17:00:00+00:00,online
2026-08-02,2026-08-10 08:09:32+00:00,BE,wind_onshore,tso_reference,TSO forecast,tso_forecast,2208,2026-08-02 19:00:00+00:00,833.15,833.15,,2026-05-02 18:00:00+00:00,2026-08-02 17:00:00+00:00,online
2026-08-02,2026-08-10 08:09:32+00:00,BE,wind_onshore,tso_reference,TSO forecast,tso_forecast,2208,2026-08-02 20:00:00+00:00,912.45,912.45,,2026-05-02 18:00:00+00:00,2026-08-02 17:00:00+00:00,online
2026-08-02,2026-08-10 08:09:32+00:00,BE,wind_onshore,tso_reference,TSO forecast,tso_forecast,2208,2026-08-02 21:00:00+00:00,911.25,911.25,,2026-05-02 18:00:00+00:00,2026-08-02 17:00:00+00:00,online
2026-08-02,2026-08-10 08:09:32+00:00,BE,wind_onshore,tso_reference,TSO forecast,tso_forecast,2208,2026-08-02 22:00:00+00:00,861.85,861.85,,2026-05-02 18:00:00+00:00,2026-08-02 17:00:00+00:00,online
2026-08-02,2026-08-10 08:09:32+00:00,BE,wind_onshore,tso_reference,TSO forecast,tso_forecast,2208,2026-08-02 23:00:00+00:00,786.775,786.775,,2026-05-02 18:00:00+00:00,2026-08-02 17:00:00+00:00,online
2026-08-02,2026-08-10 08:09:32+00:00,BE,wind_onshore,tso_reference,TSO forecast,tso_forecast,2208,2026-08-03 00:00:00+00:00,691.175,691.175,,2026-05-02 18:00:00+00:00,2026-08-02 17:00:00+00:00,online
2026-08-02,2026-08-10 08:09:32+00:00,BE,wind_onshore,tso_reference,TSO forecast,tso_forecast,2208,2026-08-03 01:00:00+00:00,603.65,603.65,,2026-05-02 18:00:00+00:00,2026-08-02 17:00:00+00:00,online
2026-08-02,2026-08-10 08:09:32+00:00,BE,wind_onshore,tso_reference,TSO forecast,tso_forecast,2208,2026-08-03 02:00:00+00:00,528.95,528.95,,2026-05-02 18:00:00+00:00,2026-08-02 17:00:00+00:00,online
2026-08-02,2026-08-10 08:09:32+00:00,BE,wind_onshore,tso_reference,TSO forecast,tso_forecast,2208,2026-08-03 03:00:00+00:00,464.5,464.5,,2026-05-02 18:00:00+00:00,2026-08-02 17:00:00+00:00,online
2026-08-02,2026-08-10 08:09:32+00:00,BE,wind_onshore,tso_reference,TSO forecast,tso_forecast,2208,2026-08-03 04:00:00+00:00,411.95,411.95,,2026-05-02 18:00:00+00:00,2026-08-02 17:00:00+00:00,online
2026-08-02,2026-08-10 08:09:32+00:00,BE,wind_onshore,tso_reference,TSO forecast,tso_forecast,2208,2026-08-03 05:00:00+00:00,357.1,357.1,,2026-05-02 18:00:00+00:00,2026-08-02 17:00:00+00:00,online
2026-08-02,2026-08-10 08:09:32+00:00,BE,wind_onshore,tso_reference,TSO forecast,tso_forecast,2208,2026-08-03 06:00:00+00:00,235.225,235.225,,2026-05-02 18:00:00+00:00,2026-08-02 17:00:00+00:00,online
2026-08-02,2026-08-10 08:09:32+00:00,BE,wind_onshore,tso_reference,TSO forecast,tso_forecast,2208,2026-08-03 07:00:00+00:00,112.1,112.1,,2026-05-02 18:00:00+00:00,2026-08-02 17:00:00+00:00,online
2026-08-02,2026-08-10 08:09:32+00:00,BE,wind_onshore,tso_reference,TSO forecast,tso_forecast,2208,2026-08-03 08:00:00+00:00,55.325,55.325,,2026-05-02 18:00:00+00:00,2026-08-02 17:00:00+00:00,online
2026-08-02,2026-08-10 08:09:32+00:00,BE,wind_onshore,tso_reference,TSO forecast,tso_forecast,2208,2026-08-03 09:00:00+00:00,35.7,35.7,,2026-05-02 18:00:00+00:00,2026-08-02 17:00:00+00:00,online
2026-08-02,2026-08-10 08:09:32+00:00,BE,wind_onshore,tso_reference,TSO forecast,tso_forecast,2208,2026-08-03 10:00:00+00:00,29.175,29.175,,2026-05-02 18:00:00+00:00,2026-08-02 17:00:00+00:00,online
2026-08-02,2026-08-10 08:09:32+00:00,BE,wind_onshore,tso_reference,TSO forecast,tso_forecast,2208,2026-08-03 11:00:00+00:00,28.225,28.225,,2026-05-02 18:00:00+00:00,2026-08-02 17:00:00+00:00,online
2026-08-02,2026-08-10 08:09:32+00:00,BE,wind_onshore,tso_reference,TSO forecast,tso_forecast,2208,2026-08-03 12:00:00+00:00,38.7,38.7,,2026-05-02 18:00:00+00:00,2026-08-02 17:00:00+00:00,online
2026-08-02,2026-08-10 08:09:32+00:00,BE,wind_onshore,tso_reference,TSO forecast,tso_forecast,2208,2026-08-03 13:00:00+00:00,58.575,58.575,,2026-05-02 18:00:00+00:00,2026-08-02 17:00:00+00:00,online
2026-08-02,2026-08-10 08:09:32+00:00,BE,wind_onshore,tso_reference,TSO forecast,tso_forecast,2208,2026-08-03 14:00:00+00:00,91.274999,91.274999,,2026-05-02 18:00:00+00:00,2026-08-02 17:00:00+00:00,online
2026-08-02,2026-08-10 08:09:32+00:00,BE,wind_onshore,tso_reference,TSO forecast,tso_forecast,2208,2026-08-03 15:00:00+00:00,123.525,123.525,,2026-05-02 18:00:00+00:00,2026-08-02 17:00:00+00:00,online
2026-08-02,2026-08-10 08:09:32+00:00,BE,wind_onshore,tso_reference,TSO forecast,tso_forecast,2208,2026-08-03 16:00:00+00:00,200.0,200.0,,2026-05-02 18:00:00+00:00,2026-08-02 17:00:00+00:00,online
2026-08-02,2026-08-10 08:09:32+00:00,BE,wind_onshore,tso_reference,TSO forecast,tso_forecast,2208,2026-08-03 17:00:00+00:00,277.65,277.65,,2026-05-02 18:00:00+00:00,2026-08-02 17:00:00+00:00,online
2026-08-02,2026-08-10 08:09:32+00:00,BE,wind_onshore,persistence,Persistence,daily_persistence,2208,2026-08-02 18:00:00+00:00,376.121608,678.725,,2026-05-02 18:00:00+00:00,2026-08-02 17:00:00+00:00,online
2026-08-02,2026-08-10 08:09:32+00:00,BE,wind_onshore,persistence,Persistence,daily_persistence,2208,2026-08-02 19:00:00+00:00,467.109218,833.15,,2026-05-02 18:00:00+00:00,2026-08-02 17:00:00+00:00,online
2026-08-02,2026-08-10 08:09:32+00:00,BE,wind_onshore,persistence,Persistence,daily_persistence,2208,2026-08-02 20:00:00+00:00,596.009731,912.45,,2026-05-02 18:00:00+00:00,2026-08-02 17:00:00+00:00,online
2026-08-02,2026-08-10 08:09:32+00:00,BE,wind_onshore,persistence,Persistence,daily_persistence,2208,2026-08-02 21:00:00+00:00,703.303772,911.25,,2026-05-02 18:00:00+00:00,2026-08-02 17:00:00+00:00,online
2026-08-02,2026-08-10 08:09:32+00:00,BE,wind_onshore,persistence,Persistence,daily_persistence,2208,2026-08-02 22:00:00+00:00,679.247115,861.85,,2026-05-02 18:00:00+00:00,2026-08-02 17:00:00+00:00,online
2026-08-02,2026-08-10 08:09:32+00:00,BE,wind_onshore,persistence,Persistence,daily_persistence,2208,2026-08-02 23:00:00+00:00,706.486675,786.775,,2026-05-02 18:00:00+00:00,2026-08-02 17:00:00+00:00,online
2026-08-02,2026-08-10 08:09:32+00:00,BE,wind_onshore,persistence,Persistence,daily_persistence,2208,2026-08-03 00:00:00+00:00,713.509117,691.175,,2026-05-02 18:00:00+00:00,2026-08-02 17:00:00+00:00,online
2026-08-02,2026-08-10 08:09:32+00:00,BE,wind_onshore,persistence,Persistence,daily_persistence,2208,2026-08-03 01:00:00+00:00,703.283467,603.65,,2026-05-02 18:00:00+00:00,2026-08-02 17:00:00+00:00,online
2026-08-02,2026-08-10 08:09:32+00:00,BE,wind_onshore,persistence,Persistence,daily_persistence,2208,2026-08-03 02:00:00+00:00,625.868793,528.95,,2026-05-02 18:00:00+00:00,2026-08-02 17:00:00+00:00,online
2026-08-02,2026-08-10 08:09:32+00:00,BE,wind_onshore,persistence,Persistence,daily_persistence,2208,2026-08-03 03:00:00+00:00,534.592318,464.5,,2026-05-02 18:00:00+00:00,2026-08-02 17:00:00+00:00,online
2026-08-02,2026-08-10 08:09:32+00:00,BE,wind_onshore,persistence,Persistence,daily_persistence,2208,2026-08-03 04:00:00+00:00,545.908376,411.95,,2026-05-02 18:00:00+00:00,2026-08-02 17:00:00+00:00,online
2026-08-02,2026-08-10 08:09:32+00:00,BE,wind_onshore,persistence,Persistence,daily_persistence,2208,2026-08-03 05:00:00+00:00,538.522205,357.1,,2026-05-02 18:00:00+00:00,2026-08-02 17:00:00+00:00,online
2026-08-02,2026-08-10 08:09:32+00:00,BE,wind_onshore,persistence,Persistence,daily_persistence,2208,2026-08-03 06:00:00+00:00,420.069822,235.225,,2026-05-02 18:00:00+00:00,2026-08-02 17:00:00+00:00,online
2026-08-02,2026-08-10 08:09:32+00:00,BE,wind_onshore,persistence,Persistence,daily_persistence,2208,2026-08-03 07:00:00+00:00,281.803289,112.1,,2026-05-02 18:00:00+00:00,2026-08-02 17:00:00+00:00,online
2026-08-02,2026-08-10 08:09:32+00:00,BE,wind_onshore,persistence,Persistence,daily_persistence,2208,2026-08-03 08:00:00+00:00,438.847495,55.325,,2026-05-02 18:00:00+00:00,2026-08-02 17:00:00+00:00,online
2026-08-02,2026-08-10 08:09:32+00:00,BE,wind_onshore,persistence,Persistence,daily_persistence,2208,2026-08-03 09:00:00+00:00,560.244889,35.7,,2026-05-02 18:00:00+00:00,2026-08-02 17:00:00+00:00,online
2026-08-02,2026-08-10 08:09:32+00:00,BE,wind_onshore,persistence,Persistence,daily_persistence,2208,2026-08-03 10:00:00+00:00,473.422982,29.175,,2026-05-02 18:00:00+00:00,2026-08-02 17:00:00+00:00,online
2026-08-02,2026-08-10 08:09:32+00:00,BE,wind_onshore,persistence,Persistence,daily_persistence,2208,2026-08-03 11:00:00+00:00,355.830599,28.225,,2026-05-02 18:00:00+00:00,2026-08-02 17:00:00+00:00,online
2026-08-02,2026-08-10 08:09:32+00:00,BE,wind_onshore,persistence,Persistence,daily_persistence,2208,2026-08-03 12:00:00+00:00,392.65326,38.7,,2026-05-02 18:00:00+00:00,2026-08-02 17:00:00+00:00,online
2026-08-02,2026-08-10 08:09:32+00:00,BE,wind_onshore,persistence,Persistence,daily_persistence,2208,2026-08-03 13:00:00+00:00,413.213054,58.575,,2026-05-02 18:00:00+00:00,2026-08-02 17:00:00+00:00,online
2026-08-02,2026-08-10 08:09:32+00:00,BE,wind_onshore,persistence,Persistence,daily_persistence,2208,2026-08-03 14:00:00+00:00,452.208718,91.274999,,2026-05-02 18:00:00+00:00,2026-08-02 17:00:00+00:00,online
2026-08-02,2026-08-10 08:09:32+00:00,BE,wind_onshore,persistence,Persistence,daily_persistence,2208,2026-08-03 15:00:00+00:00,620.3365,123.525,,2026-05-02 18:00:00+00:00,2026-08-02 17:00:00+00:00,online
2026-08-02,2026-08-10 08:09:32+00:00,BE,wind_onshore,persistence,Persistence,daily_persistence,2208,2026-08-03 16:00:00+00:00,786.937093,200.0,,2026-05-02 18:00:00+00:00,2026-08-02 17:00:00+00:00,online
2026-08-02,2026-08-10 08:09:32+00:00,BE,wind_onshore,persistence,Persistence,daily_persistence,2208,2026-08-03 17:00:00+00:00,815.815748,277.65,,2026-05-02 18:00:00+00:00,2026-08-02 17:00:00+00:00,online
2026-08-02,2026-08-10 08:09:32+00:00,BE,wind_onshore,chronos2_online,Chronos2 with covariates,weather_4p+tso_forecast,2208,2026-08-02 18:00:00+00:00,881.0455322265625,678.725,,2026-05-02 18:00:00+00:00,2026-08-02 17:00:00+00:00,online
2026-08-02,2026-08-10 08:09:32+00:00,BE,wind_onshore,chronos2_online,Chronos2 with covariates,weather_4p+tso_forecast,2208,2026-08-02 19:00:00+00:00,952.8502197265624,833.15,,2026-05-02 18:00:00+00:00,2026-08-02 17:00:00+00:00,online
2026-08-02,2026-08-10 08:09:32+00:00,BE,wind_onshore,chronos2_online,Chronos2 with covariates,weather_4p+tso_forecast,2208,2026-08-02 20:00:00+00:00,1077.399169921875,912.45,,2026-05-02 18:00:00+00:00,2026-08-02 17:00:00+00:00,online
2026-08-02,2026-08-10 08:09:32+00:00,BE,wind_onshore,chronos2_online,Chronos2 with covariates,weather_4p+tso_forecast,2208,2026-08-02 21:00:00+00:00,1069.9027099609375,911.25,,2026-05-02 18:00:00+00:00,2026-08-02 17:00:00+00:00,online
2026-08-02,2026-08-10 08:09:32+00:00,BE,wind_onshore,chronos2_online,Chronos2 with covariates,weather_4p+tso_forecast,2208,2026-08-02 22:00:00+00:00,988.398193359375,861.85,,2026-05-02 18:00:00+00:00,2026-08-02 17:00:00+00:00,online
2026-08-02,2026-08-10 08:09:32+00:00,BE,wind_onshore,chronos2_online,Chronos2 with covariates,weather_4p+tso_forecast,2208,2026-08-02 23:00:00+00:00,874.4854736328125,786.775,,2026-05-02 18:00:00+00:00,2026-08-02 17:00:00+00:00,online
2026-08-02,2026-08-10 08:09:32+00:00,BE,wind_onshore,chronos2_online,Chronos2 with covariates,weather_4p+tso_forecast,2208,2026-08-03 00:00:00+00:00,770.026123046875,691.175,,2026-05-02 18:00:00+00:00,2026-08-02 17:00:00+00:00,online
2026-08-02,2026-08-10 08:09:32+00:00,BE,wind_onshore,chronos2_online,Chronos2 with covariates,weather_4p+tso_forecast,2208,2026-08-03 01:00:00+00:00,650.0928955078125,603.65,,2026-05-02 18:00:00+00:00,2026-08-02 17:00:00+00:00,online
2026-08-02,2026-08-10 08:09:32+00:00,BE,wind_onshore,chronos2_online,Chronos2 with covariates,weather_4p+tso_forecast,2208,2026-08-03 02:00:00+00:00,592.834716796875,528.95,,2026-05-02 18:00:00+00:00,2026-08-02 17:00:00+00:00,online
2026-08-02,2026-08-10 08:09:32+00:00,BE,wind_onshore,chronos2_online,Chronos2 with covariates,weather_4p+tso_forecast,2208,2026-08-03 03:00:00+00:00,511.4770812988281,464.5,,2026-05-02 18:00:00+00:00,2026-08-02 17:00:00+00:00,online
2026-08-02,2026-08-10 08:09:32+00:00,BE,wind_onshore,chronos2_online,Chronos2 with covariates,weather_4p+tso_forecast,2208,2026-08-03 04:00:00+00:00,405.9282531738281,411.95,,2026-05-02 18:00:00+00:00,2026-08-02 17:00:00+00:00,online
2026-08-02,2026-08-10 08:09:32+00:00,BE,wind_onshore,chronos2_online,Chronos2 with covariates,weather_4p+tso_forecast,2208,2026-08-03 05:00:00+00:00,260.677490234375,357.1,,2026-05-02 18:00:00+00:00,2026-08-02 17:00:00+00:00,online
2026-08-02,2026-08-10 08:09:32+00:00,BE,wind_onshore,chronos2_online,Chronos2 with covariates,weather_4p+tso_forecast,2208,2026-08-03 06:00:00+00:00,102.6422119140625,235.225,,2026-05-02 18:00:00+00:00,2026-08-02 17:00:00+00:00,online
2026-08-02,2026-08-10 08:09:32+00:00,BE,wind_onshore,chronos2_online,Chronos2 with covariates,weather_4p+tso_forecast,2208,2026-08-03 07:00:00+00:00,45.381591796875,112.1,,2026-05-02 18:00:00+00:00,2026-08-02 17:00:00+00:00,online
2026-08-02,2026-08-10 08:09:32+00:00,BE,wind_onshore,chronos2_online,Chronos2 with covariates,weather_4p+tso_forecast,2208,2026-08-03 08:00:00+00:00,25.602783203125,55.325,,2026-05-02 18:00:00+00:00,2026-08-02 17:00:00+00:00,online
2026-08-02,2026-08-10 08:09:32+00:00,BE,wind_onshore,chronos2_online,Chronos2 with covariates,weather_4p+tso_forecast,2208,2026-08-03 09:00:00+00:00,54.507568359375,35.7,,2026-05-02 18:00:00+00:00,2026-08-02 17:00:00+00:00,online
2026-08-02,2026-08-10 08:09:32+00:00,BE,wind_onshore,chronos2_online,Chronos2 with covariates,weather_4p+tso_forecast,2208,2026-08-03 10:00:00+00:00,69.05999755859375,29.175,,2026-05-02 18:00:00+00:00,2026-08-02 17:00:00+00:00,online
2026-08-02,2026-08-10 08:09:32+00:00,BE,wind_onshore,chronos2_online,Chronos2 with covariates,weather_4p+tso_forecast,2208,2026-08-03 11:00:00+00:00,73.1783447265625,28.225,,2026-05-02 18:00:00+00:00,2026-08-02 17:00:00+00:00,online
2026-08-02,2026-08-10 08:09:32+00:00,BE,wind_onshore,chronos2_online,Chronos2 with covariates,weather_4p+tso_forecast,2208,2026-08-03 12:00:00+00:00,77.80780029296875,38.7,,2026-05-02 18:00:00+00:00,2026-08-02 17:00:00+00:00,online
2026-08-02,2026-08-10 08:09:32+00:00,BE,wind_onshore,chronos2_online,Chronos2 with covariates,weather_4p+tso_forecast,2208,2026-08-03 13:00:00+00:00,95.85272216796876,58.575,,2026-05-02 18:00:00+00:00,2026-08-02 17:00:00+00:00,online
2026-08-02,2026-08-10 08:09:32+00:00,BE,wind_onshore,chronos2_online,Chronos2 with covariates,weather_4p+tso_forecast,2208,2026-08-03 14:00:00+00:00,144.62591552734375,91.274999,,2026-05-02 18:00:00+00:00,2026-08-02 17:00:00+00:00,online
2026-08-02,2026-08-10 08:09:32+00:00,BE,wind_onshore,chronos2_online,Chronos2 with covariates,weather_4p+tso_forecast,2208,2026-08-03 15:00:00+00:00,173.4769287109375,123.525,,2026-05-02 18:00:00+00:00,2026-08-02 17:00:00+00:00,online
2026-08-02,2026-08-10 08:09:32+00:00,BE,wind_onshore,chronos2_online,Chronos2 with covariates,weather_4p+tso_forecast,2208,2026-08-03 16:00:00+00:00,264.8548889160156,200.0,,2026-05-02 18:00:00+00:00,2026-08-02 17:00:00+00:00,online
2026-08-02,2026-08-10 08:09:32+00:00,BE,wind_onshore,chronos2_online,Chronos2 with covariates,weather_4p+tso_forecast,2208,2026-08-03 17:00:00+00:00,350.7914733886719,277.65,,2026-05-02 18:00:00+00:00,2026-08-02 17:00:00+00:00,online
2026-08-02,2026-08-10 08:09:32+00:00,BE,wind_onshore,xgboost_online,XGBoost with covariates,weather_4p+tso_forecast,2208,2026-08-02 18:00:00+00:00,891.7474975585938,678.725,,2026-05-02 18:00:00+00:00,2026-08-02 17:00:00+00:00,online
2026-08-02,2026-08-10 08:09:32+00:00,BE,wind_onshore,xgboost_online,XGBoost with covariates,weather_4p+tso_forecast,2208,2026-08-02 19:00:00+00:00,920.7660522460938,833.15,,2026-05-02 18:00:00+00:00,2026-08-02 17:00:00+00:00,online
2026-08-02,2026-08-10 08:09:32+00:00,BE,wind_onshore,xgboost_online,XGBoost with covariates,weather_4p+tso_forecast,2208,2026-08-02 20:00:00+00:00,1103.49951171875,912.45,,2026-05-02 18:00:00+00:00,2026-08-02 17:00:00+00:00,online
2026-08-02,2026-08-10 08:09:32+00:00,BE,wind_onshore,xgboost_online,XGBoost with covariates,weather_4p+tso_forecast,2208,2026-08-02 21:00:00+00:00,1079.34521484375,911.25,,2026-05-02 18:00:00+00:00,2026-08-02 17:00:00+00:00,online
2026-08-02,2026-08-10 08:09:32+00:00,BE,wind_onshore,xgboost_online,XGBoost with covariates,weather_4p+tso_forecast,2208,2026-08-02 22:00:00+00:00,1031.80029296875,861.85,,2026-05-02 18:00:00+00:00,2026-08-02 17:00:00+00:00,online
2026-08-02,2026-08-10 08:09:32+00:00,BE,wind_onshore,xgboost_online,XGBoost with covariates,weather_4p+tso_forecast,2208,2026-08-02 23:00:00+00:00,901.5808715820312,786.775,,2026-05-02 18:00:00+00:00,2026-08-02 17:00:00+00:00,online
2026-08-02,2026-08-10 08:09:32+00:00,BE,wind_onshore,xgboost_online,XGBoost with covariates,weather_4p+tso_forecast,2208,2026-08-03 00:00:00+00:00,846.122802734375,691.175,,2026-05-02 18:00:00+00:00,2026-08-02 17:00:00+00:00,online
2026-08-02,2026-08-10 08:09:32+00:00,BE,wind_onshore,xgboost_online,XGBoost with covariates,weather_4p+tso_forecast,2208,2026-08-03 01:00:00+00:00,625.404052734375,603.65,,2026-05-02 18:00:00+00:00,2026-08-02 17:00:00+00:00,online
2026-08-02,2026-08-10 08:09:32+00:00,BE,wind_onshore,xgboost_online,XGBoost with covariates,weather_4p+tso_forecast,2208,2026-08-03 02:00:00+00:00,568.0790405273438,528.95,,2026-05-02 18:00:00+00:00,2026-08-02 17:00:00+00:00,online
2026-08-02,2026-08-10 08:09:32+00:00,BE,wind_onshore,xgboost_online,XGBoost with covariates,weather_4p+tso_forecast,2208,2026-08-03 03:00:00+00:00,533.120849609375,464.5,,2026-05-02 18:00:00+00:00,2026-08-02 17:00:00+00:00,online
2026-08-02,2026-08-10 08:09:32+00:00,BE,wind_onshore,xgboost_online,XGBoost with covariates,weather_4p+tso_forecast,2208,2026-08-03 04:00:00+00:00,461.814453125,411.95,,2026-05-02 18:00:00+00:00,2026-08-02 17:00:00+00:00,online
2026-08-02,2026-08-10 08:09:32+00:00,BE,wind_onshore,xgboost_online,XGBoost with covariates,weather_4p+tso_forecast,2208,2026-08-03 05:00:00+00:00,322.54803466796875,357.1,,2026-05-02 18:00:00+00:00,2026-08-02 17:00:00+00:00,online
2026-08-02,2026-08-10 08:09:32+00:00,BE,wind_onshore,xgboost_online,XGBoost with covariates,weather_4p+tso_forecast,2208,2026-08-03 06:00:00+00:00,250.64187622070312,235.225,,2026-05-02 18:00:00+00:00,2026-08-02 17:00:00+00:00,online
2026-08-02,2026-08-10 08:09:32+00:00,BE,wind_onshore,xgboost_online,XGBoost with covariates,weather_4p+tso_forecast,2208,2026-08-03 07:00:00+00:00,176.4149932861328,112.1,,2026-05-02 18:00:00+00:00,2026-08-02 17:00:00+00:00,online
2026-08-02,2026-08-10 08:09:32+00:00,BE,wind_onshore,xgboost_online,XGBoost with covariates,weather_4p+tso_forecast,2208,2026-08-03 08:00:00+00:00,85.93328857421875,55.325,,2026-05-02 18:00:00+00:00,2026-08-02 17:00:00+00:00,online
2026-08-02,2026-08-10 08:09:32+00:00,BE,wind_onshore,xgboost_online,XGBoost with covariates,weather_4p+tso_forecast,2208,2026-08-03 09:00:00+00:00,81.09642028808594,35.7,,2026-05-02 18:00:00+00:00,2026-08-02 17:00:00+00:00,online
2026-08-02,2026-08-10 08:09:32+00:00,BE,wind_onshore,xgboost_online,XGBoost with covariates,weather_4p+tso_forecast,2208,2026-08-03 10:00:00+00:00,83.03533935546875,29.175,,2026-05-02 18:00:00+00:00,2026-08-02 17:00:00+00:00,online
2026-08-02,2026-08-10 08:09:32+00:00,BE,wind_onshore,xgboost_online,XGBoost with covariates,weather_4p+tso_forecast,2208,2026-08-03 11:00:00+00:00,84.28317260742188,28.225,,2026-05-02 18:00:00+00:00,2026-08-02 17:00:00+00:00,online
2026-08-02,2026-08-10 08:09:32+00:00,BE,wind_onshore,xgboost_online,XGBoost with covariates,weather_4p+tso_forecast,2208,2026-08-03 12:00:00+00:00,81.9735107421875,38.7,,2026-05-02 18:00:00+00:00,2026-08-02 17:00:00+00:00,online
2026-08-02,2026-08-10 08:09:32+00:00,BE,wind_onshore,xgboost_online,XGBoost with covariates,weather_4p+tso_forecast,2208,2026-08-03 13:00:00+00:00,81.9735107421875,58.575,,2026-05-02 18:00:00+00:00,2026-08-02 17:00:00+00:00,online
2026-08-02,2026-08-10 08:09:32+00:00,BE,wind_onshore,xgboost_online,XGBoost with covariates,weather_4p+tso_forecast,2208,2026-08-03 14:00:00+00:00,97.63555908203124,91.274999,,2026-05-02 18:00:00+00:00,2026-08-02 17:00:00+00:00,online
2026-08-02,2026-08-10 08:09:32+00:00,BE,wind_onshore,xgboost_online,XGBoost with covariates,weather_4p+tso_forecast,2208,2026-08-03 15:00:00+00:00,122.0431671142578,123.525,,2026-05-02 18:00:00+00:00,2026-08-02 17:00:00+00:00,online
2026-08-02,2026-08-10 08:09:32+00:00,BE,wind_onshore,xgboost_online,XGBoost with covariates,weather_4p+tso_forecast,2208,2026-08-03 16:00:00+00:00,177.01060485839844,200.0,,2026-05-02 18:00:00+00:00,2026-08-02 17:00:00+00:00,online
2026-08-02,2026-08-10 08:09:32+00:00,BE,wind_onshore,xgboost_online,XGBoost with covariates,weather_4p+tso_forecast,2208,2026-08-03 17:00:00+00:00,291.2220153808594,277.65,,2026-05-02 18:00:00+00:00,2026-08-02 17:00:00+00:00,online
2026-08-02,2026-08-10 08:09:32+00:00,BE,wind_offshore,tso_reference,TSO forecast,tso_forecast,2208,2026-08-02 18:00:00+00:00,831.55,831.55,,2026-05-02 18:00:00+00:00,2026-08-02 17:00:00+00:00,online
2026-08-02,2026-08-10 08:09:32+00:00,BE,wind_offshore,tso_reference,TSO forecast,tso_forecast,2208,2026-08-02 19:00:00+00:00,891.925,891.925,,2026-05-02 18:00:00+00:00,2026-08-02 17:00:00+00:00,online
2026-08-02,2026-08-10 08:09:32+00:00,BE,wind_offshore,tso_reference,TSO forecast,tso_forecast,2208,2026-08-02 20:00:00+00:00,916.85,916.85,,2026-05-02 18:00:00+00:00,2026-08-02 17:00:00+00:00,online
2026-08-02,2026-08-10 08:09:32+00:00,BE,wind_offshore,tso_reference,TSO forecast,tso_forecast,2208,2026-08-02 21:00:00+00:00,907.2,907.2,,2026-05-02 18:00:00+00:00,2026-08-02 17:00:00+00:00,online
2026-08-02,2026-08-10 08:09:32+00:00,BE,wind_offshore,tso_reference,TSO forecast,tso_forecast,2208,2026-08-02 22:00:00+00:00,1037.775,1037.775,,2026-05-02 18:00:00+00:00,2026-08-02 17:00:00+00:00,online
2026-08-02,2026-08-10 08:09:32+00:00,BE,wind_offshore,tso_reference,TSO forecast,tso_forecast,2208,2026-08-02 23:00:00+00:00,897.025,897.025,,2026-05-02 18:00:00+00:00,2026-08-02 17:00:00+00:00,online
2026-08-02,2026-08-10 08:09:32+00:00,BE,wind_offshore,tso_reference,TSO forecast,tso_forecast,2208,2026-08-03 00:00:00+00:00,743.2,743.2,,2026-05-02 18:00:00+00:00,2026-08-02 17:00:00+00:00,online
2026-08-02,2026-08-10 08:09:32+00:00,BE,wind_offshore,tso_reference,TSO forecast,tso_forecast,2208,2026-08-03 01:00:00+00:00,603.525,603.525,,2026-05-02 18:00:00+00:00,2026-08-02 17:00:00+00:00,online
2026-08-02,2026-08-10 08:09:32+00:00,BE,wind_offshore,tso_reference,TSO forecast,tso_forecast,2208,2026-08-03 02:00:00+00:00,489.6,489.6,,2026-05-02 18:00:00+00:00,2026-08-02 17:00:00+00:00,online
2026-08-02,2026-08-10 08:09:32+00:00,BE,wind_offshore,tso_reference,TSO forecast,tso_forecast,2208,2026-08-03 03:00:00+00:00,386.575,386.575,,2026-05-02 18:00:00+00:00,2026-08-02 17:00:00+00:00,online
2026-08-02,2026-08-10 08:09:32+00:00,BE,wind_offshore,tso_reference,TSO forecast,tso_forecast,2208,2026-08-03 04:00:00+00:00,283.725,283.725,,2026-05-02 18:00:00+00:00,2026-08-02 17:00:00+00:00,online
2026-08-02,2026-08-10 08:09:32+00:00,BE,wind_offshore,tso_reference,TSO forecast,tso_forecast,2208,2026-08-03 05:00:00+00:00,193.325,193.325,,2026-05-02 18:00:00+00:00,2026-08-02 17:00:00+00:00,online
2026-08-02,2026-08-10 08:09:32+00:00,BE,wind_offshore,tso_reference,TSO forecast,tso_forecast,2208,2026-08-03 06:00:00+00:00,122.3,122.3,,2026-05-02 18:00:00+00:00,2026-08-02 17:00:00+00:00,online
2026-08-02,2026-08-10 08:09:32+00:00,BE,wind_offshore,tso_reference,TSO forecast,tso_forecast,2208,2026-08-03 07:00:00+00:00,73.975,73.975,,2026-05-02 18:00:00+00:00,2026-08-02 17:00:00+00:00,online
2026-08-02,2026-08-10 08:09:32+00:00,BE,wind_offshore,tso_reference,TSO forecast,tso_forecast,2208,2026-08-03 08:00:00+00:00,43.875,43.875,,2026-05-02 18:00:00+00:00,2026-08-02 17:00:00+00:00,online
2026-08-02,2026-08-10 08:09:32+00:00,BE,wind_offshore,tso_reference,TSO forecast,tso_forecast,2208,2026-08-03 09:00:00+00:00,26.55,26.55,,2026-05-02 18:00:00+00:00,2026-08-02 17:00:00+00:00,online
2026-08-02,2026-08-10 08:09:32+00:00,BE,wind_offshore,tso_reference,TSO forecast,tso_forecast,2208,2026-08-03 10:00:00+00:00,20.55,20.55,,2026-05-02 18:00:00+00:00,2026-08-02 17:00:00+00:00,online
2026-08-02,2026-08-10 08:09:32+00:00,BE,wind_offshore,tso_reference,TSO forecast,tso_forecast,2208,2026-08-03 11:00:00+00:00,20.625,20.625,,2026-05-02 18:00:00+00:00,2026-08-02 17:00:00+00:00,online
2026-08-02,2026-08-10 08:09:32+00:00,BE,wind_offshore,tso_reference,TSO forecast,tso_forecast,2208,2026-08-03 12:00:00+00:00,23.775,23.775,,2026-05-02 18:00:00+00:00,2026-08-02 17:00:00+00:00,online
2026-08-02,2026-08-10 08:09:32+00:00,BE,wind_offshore,tso_reference,TSO forecast,tso_forecast,2208,2026-08-03 13:00:00+00:00,31.75,31.75,,2026-05-02 18:00:00+00:00,2026-08-02 17:00:00+00:00,online
2026-08-02,2026-08-10 08:09:32+00:00,BE,wind_offshore,tso_reference,TSO forecast,tso_forecast,2208,2026-08-03 14:00:00+00:00,41.1,41.1,,2026-05-02 18:00:00+00:00,2026-08-02 17:00:00+00:00,online
2026-08-02,2026-08-10 08:09:32+00:00,BE,wind_offshore,tso_reference,TSO forecast,tso_forecast,2208,2026-08-03 15:00:00+00:00,53.975,53.975,,2026-05-02 18:00:00+00:00,2026-08-02 17:00:00+00:00,online
2026-08-02,2026-08-10 08:09:32+00:00,BE,wind_offshore,tso_reference,TSO forecast,tso_forecast,2208,2026-08-03 16:00:00+00:00,68.4,68.4,,2026-05-02 18:00:00+00:00,2026-08-02 17:00:00+00:00,online
2026-08-02,2026-08-10 08:09:32+00:00,BE,wind_offshore,tso_reference,TSO forecast,tso_forecast,2208,2026-08-03 17:00:00+00:00,88.3,88.3,,2026-05-02 18:00:00+00:00,2026-08-02 17:00:00+00:00,online
2026-08-02,2026-08-10 08:09:32+00:00,BE,wind_offshore,persistence,Persistence,daily_persistence,2208,2026-08-02 18:00:00+00:00,17.875,831.55,,2026-05-02 18:00:00+00:00,2026-08-02 17:00:00+00:00,online
2026-08-02,2026-08-10 08:09:32+00:00,BE,wind_offshore,persistence,Persistence,daily_persistence,2208,2026-08-02 19:00:00+00:00,25.2375,891.925,,2026-05-02 18:00:00+00:00,2026-08-02 17:00:00+00:00,online
2026-08-02,2026-08-10 08:09:32+00:00,BE,wind_offshore,persistence,Persistence,daily_persistence,2208,2026-08-02 20:00:00+00:00,25.575,916.85,,2026-05-02 18:00:00+00:00,2026-08-02 17:00:00+00:00,online
2026-08-02,2026-08-10 08:09:32+00:00,BE,wind_offshore,persistence,Persistence,daily_persistence,2208,2026-08-02 21:00:00+00:00,26.515,907.2,,2026-05-02 18:00:00+00:00,2026-08-02 17:00:00+00:00,online
2026-08-02,2026-08-10 08:09:32+00:00,BE,wind_offshore,persistence,Persistence,daily_persistence,2208,2026-08-02 22:00:00+00:00,17.81,1037.775,,2026-05-02 18:00:00+00:00,2026-08-02 17:00:00+00:00,online
2026-08-02,2026-08-10 08:09:32+00:00,BE,wind_offshore,persistence,Persistence,daily_persistence,2208,2026-08-02 23:00:00+00:00,8.4975,897.025,,2026-05-02 18:00:00+00:00,2026-08-02 17:00:00+00:00,online
2026-08-02,2026-08-10 08:09:32+00:00,BE,wind_offshore,persistence,Persistence,daily_persistence,2208,2026-08-03 00:00:00+00:00,1.85,743.2,,2026-05-02 18:00:00+00:00,2026-08-02 17:00:00+00:00,online
2026-08-02,2026-08-10 08:09:32+00:00,BE,wind_offshore,persistence,Persistence,daily_persistence,2208,2026-08-03 01:00:00+00:00,23.7025,603.525,,2026-05-02 18:00:00+00:00,2026-08-02 17:00:00+00:00,online
2026-08-02,2026-08-10 08:09:32+00:00,BE,wind_offshore,persistence,Persistence,daily_persistence,2208,2026-08-03 02:00:00+00:00,65.97,489.6,,2026-05-02 18:00:00+00:00,2026-08-02 17:00:00+00:00,online
2026-08-02,2026-08-10 08:09:32+00:00,BE,wind_offshore,persistence,Persistence,daily_persistence,2208,2026-08-03 03:00:00+00:00,63.6775,386.575,,2026-05-02 18:00:00+00:00,2026-08-02 17:00:00+00:00,online
2026-08-02,2026-08-10 08:09:32+00:00,BE,wind_offshore,persistence,Persistence,daily_persistence,2208,2026-08-03 04:00:00+00:00,90.915,283.725,,2026-05-02 18:00:00+00:00,2026-08-02 17:00:00+00:00,online
2026-08-02,2026-08-10 08:09:32+00:00,BE,wind_offshore,persistence,Persistence,daily_persistence,2208,2026-08-03 05:00:00+00:00,91.625,193.325,,2026-05-02 18:00:00+00:00,2026-08-02 17:00:00+00:00,online
2026-08-02,2026-08-10 08:09:32+00:00,BE,wind_offshore,persistence,Persistence,daily_persistence,2208,2026-08-03 06:00:00+00:00,97.4125,122.3,,2026-05-02 18:00:00+00:00,2026-08-02 17:00:00+00:00,online
2026-08-02,2026-08-10 08:09:32+00:00,BE,wind_offshore,persistence,Persistence,daily_persistence,2208,2026-08-03 07:00:00+00:00,59.9325,73.975,,2026-05-02 18:00:00+00:00,2026-08-02 17:00:00+00:00,online
2026-08-02,2026-08-10 08:09:32+00:00,BE,wind_offshore,persistence,Persistence,daily_persistence,2208,2026-08-03 08:00:00+00:00,35.085,43.875,,2026-05-02 18:00:00+00:00,2026-08-02 17:00:00+00:00,online
2026-08-02,2026-08-10 08:09:32+00:00,BE,wind_offshore,persistence,Persistence,daily_persistence,2208,2026-08-03 09:00:00+00:00,32.22,26.55,,2026-05-02 18:00:00+00:00,2026-08-02 17:00:00+00:00,online
2026-08-02,2026-08-10 08:09:32+00:00,BE,wind_offshore,persistence,Persistence,daily_persistence,2208,2026-08-03 10:00:00+00:00,76.2825,20.55,,2026-05-02 18:00:00+00:00,2026-08-02 17:00:00+00:00,online
2026-08-02,2026-08-10 08:09:32+00:00,BE,wind_offshore,persistence,Persistence,daily_persistence,2208,2026-08-03 11:00:00+00:00,139.325,20.625,,2026-05-02 18:00:00+00:00,2026-08-02 17:00:00+00:00,online
2026-08-02,2026-08-10 08:09:32+00:00,BE,wind_offshore,persistence,Persistence,daily_persistence,2208,2026-08-03 12:00:00+00:00,217.7025,23.775,,2026-05-02 18:00:00+00:00,2026-08-02 17:00:00+00:00,online
2026-08-02,2026-08-10 08:09:32+00:00,BE,wind_offshore,persistence,Persistence,daily_persistence,2208,2026-08-03 13:00:00+00:00,382.57,31.75,,2026-05-02 18:00:00+00:00,2026-08-02 17:00:00+00:00,online
2026-08-02,2026-08-10 08:09:32+00:00,BE,wind_offshore,persistence,Persistence,daily_persistence,2208,2026-08-03 14:00:00+00:00,577.83,41.1,,2026-05-02 18:00:00+00:00,2026-08-02 17:00:00+00:00,online
2026-08-02,2026-08-10 08:09:32+00:00,BE,wind_offshore,persistence,Persistence,daily_persistence,2208,2026-08-03 15:00:00+00:00,707.7675,53.975,,2026-05-02 18:00:00+00:00,2026-08-02 17:00:00+00:00,online
2026-08-02,2026-08-10 08:09:32+00:00,BE,wind_offshore,persistence,Persistence,daily_persistence,2208,2026-08-03 16:00:00+00:00,838.9125,68.4,,2026-05-02 18:00:00+00:00,2026-08-02 17:00:00+00:00,online
2026-08-02,2026-08-10 08:09:32+00:00,BE,wind_offshore,persistence,Persistence,daily_persistence,2208,2026-08-03 17:00:00+00:00,1062.61,88.3,,2026-05-02 18:00:00+00:00,2026-08-02 17:00:00+00:00,online
2026-08-02,2026-08-10 08:09:32+00:00,BE,wind_offshore,chronos2_online,Chronos2 with covariates,weather_4p+tso_forecast,2208,2026-08-02 18:00:00+00:00,1126.994140625,831.55,,2026-05-02 18:00:00+00:00,2026-08-02 17:00:00+00:00,online
2026-08-02,2026-08-10 08:09:32+00:00,BE,wind_offshore,chronos2_online,Chronos2 with covariates,weather_4p+tso_forecast,2208,2026-08-02 19:00:00+00:00,1128.9661865234375,891.925,,2026-05-02 18:00:00+00:00,2026-08-02 17:00:00+00:00,online
2026-08-02,2026-08-10 08:09:32+00:00,BE,wind_offshore,chronos2_online,Chronos2 with covariates,weather_4p+tso_forecast,2208,2026-08-02 20:00:00+00:00,1121.250244140625,916.85,,2026-05-02 18:00:00+00:00,2026-08-02 17:00:00+00:00,online
2026-08-02,2026-08-10 08:09:32+00:00,BE,wind_offshore,chronos2_online,Chronos2 with covariates,weather_4p+tso_forecast,2208,2026-08-02 21:00:00+00:00,1097.212646484375,907.2,,2026-05-02 18:00:00+00:00,2026-08-02 17:00:00+00:00,online
2026-08-02,2026-08-10 08:09:32+00:00,BE,wind_offshore,chronos2_online,Chronos2 with covariates,weather_4p+tso_forecast,2208,2026-08-02 22:00:00+00:00,1054.48291015625,1037.775,,2026-05-02 18:00:00+00:00,2026-08-02 17:00:00+00:00,online
2026-08-02,2026-08-10 08:09:32+00:00,BE,wind_offshore,chronos2_online,Chronos2 with covariates,weather_4p+tso_forecast,2208,2026-08-02 23:00:00+00:00,899.9761352539062,897.025,,2026-05-02 18:00:00+00:00,2026-08-02 17:00:00+00:00,online
2026-08-02,2026-08-10 08:09:32+00:00,BE,wind_offshore,chronos2_online,Chronos2 with covariates,weather_4p+tso_forecast,2208,2026-08-03 00:00:00+00:00,705.1980590820312,743.2,,2026-05-02 18:00:00+00:00,2026-08-02 17:00:00+00:00,online
2026-08-02,2026-08-10 08:09:32+00:00,BE,wind_offshore,chronos2_online,Chronos2 with covariates,weather_4p+tso_forecast,2208,2026-08-03 01:00:00+00:00,599.7554321289062,603.525,,2026-05-02 18:00:00+00:00,2026-08-02 17:00:00+00:00,online
2026-08-02,2026-08-10 08:09:32+00:00,BE,wind_offshore,chronos2_online,Chronos2 with covariates,weather_4p+tso_forecast,2208,2026-08-03 02:00:00+00:00,504.5593872070313,489.6,,2026-05-02 18:00:00+00:00,2026-08-02 17:00:00+00:00,online
2026-08-02,2026-08-10 08:09:32+00:00,BE,wind_offshore,chronos2_online,Chronos2 with covariates,weather_4p+tso_forecast,2208,2026-08-03 03:00:00+00:00,409.1550903320313,386.575,,2026-05-02 18:00:00+00:00,2026-08-02 17:00:00+00:00,online
2026-08-02,2026-08-10 08:09:32+00:00,BE,wind_offshore,chronos2_online,Chronos2 with covariates,weather_4p+tso_forecast,2208,2026-08-03 04:00:00+00:00,291.71771240234375,283.725,,2026-05-02 18:00:00+00:00,2026-08-02 17:00:00+00:00,online
2026-08-02,2026-08-10 08:09:32+00:00,BE,wind_offshore,chronos2_online,Chronos2 with covariates,weather_4p+tso_forecast,2208,2026-08-03 05:00:00+00:00,142.46926879882812,193.325,,2026-05-02 18:00:00+00:00,2026-08-02 17:00:00+00:00,online
2026-08-02,2026-08-10 08:09:32+00:00,BE,wind_offshore,chronos2_online,Chronos2 with covariates,weather_4p+tso_forecast,2208,2026-08-03 06:00:00+00:00,78.01629638671875,122.3,,2026-05-02 18:00:00+00:00,2026-08-02 17:00:00+00:00,online
2026-08-02,2026-08-10 08:09:32+00:00,BE,wind_offshore,chronos2_online,Chronos2 with covariates,weather_4p+tso_forecast,2208,2026-08-03 07:00:00+00:00,51.88238525390625,73.975,,2026-05-02 18:00:00+00:00,2026-08-02 17:00:00+00:00,online
2026-08-02,2026-08-10 08:09:32+00:00,BE,wind_offshore,chronos2_online,Chronos2 with covariates,weather_4p+tso_forecast,2208,2026-08-03 08:00:00+00:00,17.15692138671875,43.875,,2026-05-02 18:00:00+00:00,2026-08-02 17:00:00+00:00,online
2026-08-02,2026-08-10 08:09:32+00:00,BE,wind_offshore,chronos2_online,Chronos2 with covariates,weather_4p+tso_forecast,2208,2026-08-03 09:00:00+00:00,18.61285400390625,26.55,,2026-05-02 18:00:00+00:00,2026-08-02 17:00:00+00:00,online
2026-08-02,2026-08-10 08:09:32+00:00,BE,wind_offshore,chronos2_online,Chronos2 with covariates,weather_4p+tso_forecast,2208,2026-08-03 10:00:00+00:00,42.31671142578125,20.55,,2026-05-02 18:00:00+00:00,2026-08-02 17:00:00+00:00,online
2026-08-02,2026-08-10 08:09:32+00:00,BE,wind_offshore,chronos2_online,Chronos2 with covariates,weather_4p+tso_forecast,2208,2026-08-03 11:00:00+00:00,41.0966796875,20.625,,2026-05-02 18:00:00+00:00,2026-08-02 17:00:00+00:00,online
2026-08-02,2026-08-10 08:09:32+00:00,BE,wind_offshore,chronos2_online,Chronos2 with covariates,weather_4p+tso_forecast,2208,2026-08-03 12:00:00+00:00,39.36810302734375,23.775,,2026-05-02 18:00:00+00:00,2026-08-02 17:00:00+00:00,online
2026-08-02,2026-08-10 08:09:32+00:00,BE,wind_offshore,chronos2_online,Chronos2 with covariates,weather_4p+tso_forecast,2208,2026-08-03 13:00:00+00:00,37.66455078125,31.75,,2026-05-02 18:00:00+00:00,2026-08-02 17:00:00+00:00,online
2026-08-02,2026-08-10 08:09:32+00:00,BE,wind_offshore,chronos2_online,Chronos2 with covariates,weather_4p+tso_forecast,2208,2026-08-03 14:00:00+00:00,45.75494384765625,41.1,,2026-05-02 18:00:00+00:00,2026-08-02 17:00:00+00:00,online
2026-08-02,2026-08-10 08:09:32+00:00,BE,wind_offshore,chronos2_online,Chronos2 with covariates,weather_4p+tso_forecast,2208,2026-08-03 15:00:00+00:00,52.2872314453125,53.975,,2026-05-02 18:00:00+00:00,2026-08-02 17:00:00+00:00,online
2026-08-02,2026-08-10 08:09:32+00:00,BE,wind_offshore,chronos2_online,Chronos2 with covariates,weather_4p+tso_forecast,2208,2026-08-03 16:00:00+00:00,73.16580200195312,68.4,,2026-05-02 18:00:00+00:00,2026-08-02 17:00:00+00:00,online
2026-08-02,2026-08-10 08:09:32+00:00,BE,wind_offshore,chronos2_online,Chronos2 with covariates,weather_4p+tso_forecast,2208,2026-08-03 17:00:00+00:00,84.42739868164062,88.3,,2026-05-02 18:00:00+00:00,2026-08-02 17:00:00+00:00,online
2026-08-02,2026-08-10 08:09:32+00:00,BE,wind_offshore,xgboost_online,XGBoost with covariates,weather_4p+tso_forecast,2208,2026-08-02 18:00:00+00:00,894.5745849609375,831.55,,2026-05-02 18:00:00+00:00,2026-08-02 17:00:00+00:00,online
2026-08-02,2026-08-10 08:09:32+00:00,BE,wind_offshore,xgboost_online,XGBoost with covariates,weather_4p+tso_forecast,2208,2026-08-02 19:00:00+00:00,998.0137329101562,891.925,,2026-05-02 18:00:00+00:00,2026-08-02 17:00:00+00:00,online
2026-08-02,2026-08-10 08:09:32+00:00,BE,wind_offshore,xgboost_online,XGBoost with covariates,weather_4p+tso_forecast,2208,2026-08-02 20:00:00+00:00,1042.9322509765625,916.85,,2026-05-02 18:00:00+00:00,2026-08-02 17:00:00+00:00,online
2026-08-02,2026-08-10 08:09:32+00:00,BE,wind_offshore,xgboost_online,XGBoost with covariates,weather_4p+tso_forecast,2208,2026-08-02 21:00:00+00:00,964.1473999023438,907.2,,2026-05-02 18:00:00+00:00,2026-08-02 17:00:00+00:00,online
2026-08-02,2026-08-10 08:09:32+00:00,BE,wind_offshore,xgboost_online,XGBoost with covariates,weather_4p+tso_forecast,2208,2026-08-02 22:00:00+00:00,893.5746459960938,1037.775,,2026-05-02 18:00:00+00:00,2026-08-02 17:00:00+00:00,online
2026-08-02,2026-08-10 08:09:32+00:00,BE,wind_offshore,xgboost_online,XGBoost with covariates,weather_4p+tso_forecast,2208,2026-08-02 23:00:00+00:00,820.3775634765625,897.025,,2026-05-02 18:00:00+00:00,2026-08-02 17:00:00+00:00,online
2026-08-02,2026-08-10 08:09:32+00:00,BE,wind_offshore,xgboost_online,XGBoost with covariates,weather_4p+tso_forecast,2208,2026-08-03 00:00:00+00:00,574.1572875976562,743.2,,2026-05-02 18:00:00+00:00,2026-08-02 17:00:00+00:00,online
2026-08-02,2026-08-10 08:09:32+00:00,BE,wind_offshore,xgboost_online,XGBoost with covariates,weather_4p+tso_forecast,2208,2026-08-03 01:00:00+00:00,521.5676879882812,603.525,,2026-05-02 18:00:00+00:00,2026-08-02 17:00:00+00:00,online
2026-08-02,2026-08-10 08:09:32+00:00,BE,wind_offshore,xgboost_online,XGBoost with covariates,weather_4p+tso_forecast,2208,2026-08-03 02:00:00+00:00,455.3230285644531,489.6,,2026-05-02 18:00:00+00:00,2026-08-02 17:00:00+00:00,online
2026-08-02,2026-08-10 08:09:32+00:00,BE,wind_offshore,xgboost_online,XGBoost with covariates,weather_4p+tso_forecast,2208,2026-08-03 03:00:00+00:00,410.1036071777344,386.575,,2026-05-02 18:00:00+00:00,2026-08-02 17:00:00+00:00,online
2026-08-02,2026-08-10 08:09:32+00:00,BE,wind_offshore,xgboost_online,XGBoost with covariates,weather_4p+tso_forecast,2208,2026-08-03 04:00:00+00:00,272.8153991699219,283.725,,2026-05-02 18:00:00+00:00,2026-08-02 17:00:00+00:00,online
2026-08-02,2026-08-10 08:09:32+00:00,BE,wind_offshore,xgboost_online,XGBoost with covariates,weather_4p+tso_forecast,2208,2026-08-03 05:00:00+00:00,124.52438354492188,193.325,,2026-05-02 18:00:00+00:00,2026-08-02 17:00:00+00:00,online
2026-08-02,2026-08-10 08:09:32+00:00,BE,wind_offshore,xgboost_online,XGBoost with covariates,weather_4p+tso_forecast,2208,2026-08-03 06:00:00+00:00,109.1407699584961,122.3,,2026-05-02 18:00:00+00:00,2026-08-02 17:00:00+00:00,online
2026-08-02,2026-08-10 08:09:32+00:00,BE,wind_offshore,xgboost_online,XGBoost with covariates,weather_4p+tso_forecast,2208,2026-08-03 07:00:00+00:00,101.93732452392578,73.975,,2026-05-02 18:00:00+00:00,2026-08-02 17:00:00+00:00,online
2026-08-02,2026-08-10 08:09:32+00:00,BE,wind_offshore,xgboost_online,XGBoost with covariates,weather_4p+tso_forecast,2208,2026-08-03 08:00:00+00:00,43.3487434387207,43.875,,2026-05-02 18:00:00+00:00,2026-08-02 17:00:00+00:00,online
2026-08-02,2026-08-10 08:09:32+00:00,BE,wind_offshore,xgboost_online,XGBoost with covariates,weather_4p+tso_forecast,2208,2026-08-03 09:00:00+00:00,66.5625,26.55,,2026-05-02 18:00:00+00:00,2026-08-02 17:00:00+00:00,online
2026-08-02,2026-08-10 08:09:32+00:00,BE,wind_offshore,xgboost_online,XGBoost with covariates,weather_4p+tso_forecast,2208,2026-08-03 10:00:00+00:00,74.16473388671875,20.55,,2026-05-02 18:00:00+00:00,2026-08-02 17:00:00+00:00,online
2026-08-02,2026-08-10 08:09:32+00:00,BE,wind_offshore,xgboost_online,XGBoost with covariates,weather_4p+tso_forecast,2208,2026-08-03 11:00:00+00:00,89.04643249511719,20.625,,2026-05-02 18:00:00+00:00,2026-08-02 17:00:00+00:00,online
2026-08-02,2026-08-10 08:09:32+00:00,BE,wind_offshore,xgboost_online,XGBoost with covariates,weather_4p+tso_forecast,2208,2026-08-03 12:00:00+00:00,89.04643249511719,23.775,,2026-05-02 18:00:00+00:00,2026-08-02 17:00:00+00:00,online
2026-08-02,2026-08-10 08:09:32+00:00,BE,wind_offshore,xgboost_online,XGBoost with covariates,weather_4p+tso_forecast,2208,2026-08-03 13:00:00+00:00,89.04643249511719,31.75,,2026-05-02 18:00:00+00:00,2026-08-02 17:00:00+00:00,online
2026-08-02,2026-08-10 08:09:32+00:00,BE,wind_offshore,xgboost_online,XGBoost with covariates,weather_4p+tso_forecast,2208,2026-08-03 14:00:00+00:00,89.04643249511719,41.1,,2026-05-02 18:00:00+00:00,2026-08-02 17:00:00+00:00,online
2026-08-02,2026-08-10 08:09:32+00:00,BE,wind_offshore,xgboost_online,XGBoost with covariates,weather_4p+tso_forecast,2208,2026-08-03 15:00:00+00:00,89.04643249511719,53.975,,2026-05-02 18:00:00+00:00,2026-08-02 17:00:00+00:00,online
2026-08-02,2026-08-10 08:09:32+00:00,BE,wind_offshore,xgboost_online,XGBoost with covariates,weather_4p+tso_forecast,2208,2026-08-03 16:00:00+00:00,82.88606262207031,68.4,,2026-05-02 18:00:00+00:00,2026-08-02 17:00:00+00:00,online
2026-08-02,2026-08-10 08:09:32+00:00,BE,wind_offshore,xgboost_online,XGBoost with covariates,weather_4p+tso_forecast,2208,2026-08-03 17:00:00+00:00,86.69992065429688,88.3,,2026-05-02 18:00:00+00:00,2026-08-02 17:00:00+00:00,online
2026-08-02,2026-08-10 08:09:32+00:00,FR,load,tso_reference,TSO forecast,tso_forecast,2208,2026-08-02 18:00:00+00:00,43500.0,43500.0,,2026-05-02 18:00:00+00:00,2026-08-02 17:00:00+00:00,online
2026-08-02,2026-08-10 08:09:32+00:00,FR,load,tso_reference,TSO forecast,tso_forecast,2208,2026-08-02 19:00:00+00:00,43075.0,43075.0,,2026-05-02 18:00:00+00:00,2026-08-02 17:00:00+00:00,online
2026-08-02,2026-08-10 08:09:32+00:00,FR,load,tso_reference,TSO forecast,tso_forecast,2208,2026-08-02 20:00:00+00:00,43937.5,43937.5,,2026-05-02 18:00:00+00:00,2026-08-02 17:00:00+00:00,online
2026-08-02,2026-08-10 08:09:32+00:00,FR,load,tso_reference,TSO forecast,tso_forecast,2208,2026-08-02 21:00:00+00:00,43800.0,43800.0,,2026-05-02 18:00:00+00:00,2026-08-02 17:00:00+00:00,online
2026-08-02,2026-08-10 08:09:32+00:00,FR,load,tso_reference,TSO forecast,tso_forecast,2208,2026-08-02 22:00:00+00:00,40287.5,40287.5,,2026-05-02 18:00:00+00:00,2026-08-02 17:00:00+00:00,online
2026-08-02,2026-08-10 08:09:32+00:00,FR,load,tso_reference,TSO forecast,tso_forecast,2208,2026-08-02 23:00:00+00:00,38487.5,38487.5,,2026-05-02 18:00:00+00:00,2026-08-02 17:00:00+00:00,online
2026-08-02,2026-08-10 08:09:32+00:00,FR,load,tso_reference,TSO forecast,tso_forecast,2208,2026-08-03 00:00:00+00:00,36225.0,36225.0,,2026-05-02 18:00:00+00:00,2026-08-02 17:00:00+00:00,online
2026-08-02,2026-08-10 08:09:32+00:00,FR,load,tso_reference,TSO forecast,tso_forecast,2208,2026-08-03 01:00:00+00:00,34475.0,34475.0,,2026-05-02 18:00:00+00:00,2026-08-02 17:00:00+00:00,online
2026-08-02,2026-08-10 08:09:32+00:00,FR,load,tso_reference,TSO forecast,tso_forecast,2208,2026-08-03 02:00:00+00:00,34262.5,34262.5,,2026-05-02 18:00:00+00:00,2026-08-02 17:00:00+00:00,online
2026-08-02,2026-08-10 08:09:32+00:00,FR,load,tso_reference,TSO forecast,tso_forecast,2208,2026-08-03 03:00:00+00:00,35862.5,35862.5,,2026-05-02 18:00:00+00:00,2026-08-02 17:00:00+00:00,online
2026-08-02,2026-08-10 08:09:32+00:00,FR,load,tso_reference,TSO forecast,tso_forecast,2208,2026-08-03 04:00:00+00:00,38387.5,38387.5,,2026-05-02 18:00:00+00:00,2026-08-02 17:00:00+00:00,online
2026-08-02,2026-08-10 08:09:32+00:00,FR,load,tso_reference,TSO forecast,tso_forecast,2208,2026-08-03 05:00:00+00:00,41125.0,41125.0,,2026-05-02 18:00:00+00:00,2026-08-02 17:00:00+00:00,online
2026-08-02,2026-08-10 08:09:32+00:00,FR,load,tso_reference,TSO forecast,tso_forecast,2208,2026-08-03 06:00:00+00:00,43762.5,43762.5,,2026-05-02 18:00:00+00:00,2026-08-02 17:00:00+00:00,online
2026-08-02,2026-08-10 08:09:32+00:00,FR,load,tso_reference,TSO forecast,tso_forecast,2208,2026-08-03 07:00:00+00:00,45662.5,45662.5,,2026-05-02 18:00:00+00:00,2026-08-02 17:00:00+00:00,online
2026-08-02,2026-08-10 08:09:32+00:00,FR,load,tso_reference,TSO forecast,tso_forecast,2208,2026-08-03 08:00:00+00:00,47325.0,47325.0,,2026-05-02 18:00:00+00:00,2026-08-02 17:00:00+00:00,online
2026-08-02,2026-08-10 08:09:32+00:00,FR,load,tso_reference,TSO forecast,tso_forecast,2208,2026-08-03 09:00:00+00:00,49025.0,49025.0,,2026-05-02 18:00:00+00:00,2026-08-02 17:00:00+00:00,online
2026-08-02,2026-08-10 08:09:32+00:00,FR,load,tso_reference,TSO forecast,tso_forecast,2208,2026-08-03 10:00:00+00:00,50537.5,50537.5,,2026-05-02 18:00:00+00:00,2026-08-02 17:00:00+00:00,online
2026-08-02,2026-08-10 08:09:32+00:00,FR,load,tso_reference,TSO forecast,tso_forecast,2208,2026-08-03 11:00:00+00:00,50725.0,50725.0,,2026-05-02 18:00:00+00:00,2026-08-02 17:00:00+00:00,online
2026-08-02,2026-08-10 08:09:32+00:00,FR,load,tso_reference,TSO forecast,tso_forecast,2208,2026-08-03 12:00:00+00:00,51312.5,51312.5,,2026-05-02 18:00:00+00:00,2026-08-02 17:00:00+00:00,online
2026-08-02,2026-08-10 08:09:32+00:00,FR,load,tso_reference,TSO forecast,tso_forecast,2208,2026-08-03 13:00:00+00:00,50337.5,50337.5,,2026-05-02 18:00:00+00:00,2026-08-02 17:00:00+00:00,online
2026-08-02,2026-08-10 08:09:32+00:00,FR,load,tso_reference,TSO forecast,tso_forecast,2208,2026-08-03 14:00:00+00:00,49375.0,49375.0,,2026-05-02 18:00:00+00:00,2026-08-02 17:00:00+00:00,online
2026-08-02,2026-08-10 08:09:32+00:00,FR,load,tso_reference,TSO forecast,tso_forecast,2208,2026-08-03 15:00:00+00:00,49250.0,49250.0,,2026-05-02 18:00:00+00:00,2026-08-02 17:00:00+00:00,online
2026-08-02,2026-08-10 08:09:32+00:00,FR,load,tso_reference,TSO forecast,tso_forecast,2208,2026-08-03 16:00:00+00:00,50212.5,50212.5,,2026-05-02 18:00:00+00:00,2026-08-02 17:00:00+00:00,online
2026-08-02,2026-08-10 08:09:32+00:00,FR,load,tso_reference,TSO forecast,tso_forecast,2208,2026-08-03 17:00:00+00:00,51025.0,51025.0,,2026-05-02 18:00:00+00:00,2026-08-02 17:00:00+00:00,online
2026-08-02,2026-08-10 08:09:32+00:00,FR,load,persistence,Persistence,weekly_persistence,2208,2026-08-02 18:00:00+00:00,41601.2325,43500.0,,2026-05-02 18:00:00+00:00,2026-08-02 17:00:00+00:00,online
2026-08-02,2026-08-10 08:09:32+00:00,FR,load,persistence,Persistence,weekly_persistence,2208,2026-08-02 19:00:00+00:00,41656.182499999995,43075.0,,2026-05-02 18:00:00+00:00,2026-08-02 17:00:00+00:00,online
2026-08-02,2026-08-10 08:09:32+00:00,FR,load,persistence,Persistence,weekly_persistence,2208,2026-08-02 20:00:00+00:00,42746.4925,43937.5,,2026-05-02 18:00:00+00:00,2026-08-02 17:00:00+00:00,online
2026-08-02,2026-08-10 08:09:32+00:00,FR,load,persistence,Persistence,weekly_persistence,2208,2026-08-02 21:00:00+00:00,41692.7725,43800.0,,2026-05-02 18:00:00+00:00,2026-08-02 17:00:00+00:00,online
2026-08-02,2026-08-10 08:09:32+00:00,FR,load,persistence,Persistence,weekly_persistence,2208,2026-08-02 22:00:00+00:00,39612.3925,40287.5,,2026-05-02 18:00:00+00:00,2026-08-02 17:00:00+00:00,online
2026-08-02,2026-08-10 08:09:32+00:00,FR,load,persistence,Persistence,weekly_persistence,2208,2026-08-02 23:00:00+00:00,37738.85,38487.5,,2026-05-02 18:00:00+00:00,2026-08-02 17:00:00+00:00,online
2026-08-02,2026-08-10 08:09:32+00:00,FR,load,persistence,Persistence,weekly_persistence,2208,2026-08-03 00:00:00+00:00,35426.575,36225.0,,2026-05-02 18:00:00+00:00,2026-08-02 17:00:00+00:00,online
2026-08-02,2026-08-10 08:09:32+00:00,FR,load,persistence,Persistence,weekly_persistence,2208,2026-08-03 01:00:00+00:00,33846.005000000005,34475.0,,2026-05-02 18:00:00+00:00,2026-08-02 17:00:00+00:00,online
2026-08-02,2026-08-10 08:09:32+00:00,FR,load,persistence,Persistence,weekly_persistence,2208,2026-08-03 02:00:00+00:00,33924.1225,34262.5,,2026-05-02 18:00:00+00:00,2026-08-02 17:00:00+00:00,online
2026-08-02,2026-08-10 08:09:32+00:00,FR,load,persistence,Persistence,weekly_persistence,2208,2026-08-03 03:00:00+00:00,35443.582500000004,35862.5,,2026-05-02 18:00:00+00:00,2026-08-02 17:00:00+00:00,online
2026-08-02,2026-08-10 08:09:32+00:00,FR,load,persistence,Persistence,weekly_persistence,2208,2026-08-03 04:00:00+00:00,37629.8775,38387.5,,2026-05-02 18:00:00+00:00,2026-08-02 17:00:00+00:00,online
2026-08-02,2026-08-10 08:09:32+00:00,FR,load,persistence,Persistence,weekly_persistence,2208,2026-08-03 05:00:00+00:00,40378.53,41125.0,,2026-05-02 18:00:00+00:00,2026-08-02 17:00:00+00:00,online
2026-08-02,2026-08-10 08:09:32+00:00,FR,load,persistence,Persistence,weekly_persistence,2208,2026-08-03 06:00:00+00:00,43125.0875,43762.5,,2026-05-02 18:00:00+00:00,2026-08-02 17:00:00+00:00,online
2026-08-02,2026-08-10 08:09:32+00:00,FR,load,persistence,Persistence,weekly_persistence,2208,2026-08-03 07:00:00+00:00,45248.07,45662.5,,2026-05-02 18:00:00+00:00,2026-08-02 17:00:00+00:00,online
2026-08-02,2026-08-10 08:09:32+00:00,FR,load,persistence,Persistence,weekly_persistence,2208,2026-08-03 08:00:00+00:00,46606.77,47325.0,,2026-05-02 18:00:00+00:00,2026-08-02 17:00:00+00:00,online
2026-08-02,2026-08-10 08:09:32+00:00,FR,load,persistence,Persistence,weekly_persistence,2208,2026-08-03 09:00:00+00:00,47447.1775,49025.0,,2026-05-02 18:00:00+00:00,2026-08-02 17:00:00+00:00,online
2026-08-02,2026-08-10 08:09:32+00:00,FR,load,persistence,Persistence,weekly_persistence,2208,2026-08-03 10:00:00+00:00,48615.1325,50537.5,,2026-05-02 18:00:00+00:00,2026-08-02 17:00:00+00:00,online
2026-08-02,2026-08-10 08:09:32+00:00,FR,load,persistence,Persistence,weekly_persistence,2208,2026-08-03 11:00:00+00:00,48214.825,50725.0,,2026-05-02 18:00:00+00:00,2026-08-02 17:00:00+00:00,online
2026-08-02,2026-08-10 08:09:32+00:00,FR,load,persistence,Persistence,weekly_persistence,2208,2026-08-03 12:00:00+00:00,48552.02,51312.5,,2026-05-02 18:00:00+00:00,2026-08-02 17:00:00+00:00,online
2026-08-02,2026-08-10 08:09:32+00:00,FR,load,persistence,Persistence,weekly_persistence,2208,2026-08-03 13:00:00+00:00,47358.3225,50337.5,,2026-05-02 18:00:00+00:00,2026-08-02 17:00:00+00:00,online
2026-08-02,2026-08-10 08:09:32+00:00,FR,load,persistence,Persistence,weekly_persistence,2208,2026-08-03 14:00:00+00:00,46292.4975,49375.0,,2026-05-02 18:00:00+00:00,2026-08-02 17:00:00+00:00,online
2026-08-02,2026-08-10 08:09:32+00:00,FR,load,persistence,Persistence,weekly_persistence,2208,2026-08-03 15:00:00+00:00,46436.15,49250.0,,2026-05-02 18:00:00+00:00,2026-08-02 17:00:00+00:00,online
2026-08-02,2026-08-10 08:09:32+00:00,FR,load,persistence,Persistence,weekly_persistence,2208,2026-08-03 16:00:00+00:00,47498.1875,50212.5,,2026-05-02 18:00:00+00:00,2026-08-02 17:00:00+00:00,online
2026-08-02,2026-08-10 08:09:32+00:00,FR,load,persistence,Persistence,weekly_persistence,2208,2026-08-03 17:00:00+00:00,48499.27,51025.0,,2026-05-02 18:00:00+00:00,2026-08-02 17:00:00+00:00,online
2026-08-02,2026-08-10 08:09:32+00:00,FR,load,ridge_3mo_context,Ridge with covariates,deg_proxy+tso_forecast,2208,2026-08-02 18:00:00+00:00,43531.90753038974,43500.0,,2026-05-02 18:00:00+00:00,2026-08-02 17:00:00+00:00,online
2026-08-02,2026-08-10 08:09:32+00:00,FR,load,ridge_3mo_context,Ridge with covariates,deg_proxy+tso_forecast,2208,2026-08-02 19:00:00+00:00,43098.93564226279,43075.0,,2026-05-02 18:00:00+00:00,2026-08-02 17:00:00+00:00,online
2026-08-02,2026-08-10 08:09:32+00:00,FR,load,ridge_3mo_context,Ridge with covariates,deg_proxy+tso_forecast,2208,2026-08-02 20:00:00+00:00,43905.57815573679,43937.5,,2026-05-02 18:00:00+00:00,2026-08-02 17:00:00+00:00,online
2026-08-02,2026-08-10 08:09:32+00:00,FR,load,ridge_3mo_context,Ridge with covariates,deg_proxy+tso_forecast,2208,2026-08-02 21:00:00+00:00,43761.23907238147,43800.0,,2026-05-02 18:00:00+00:00,2026-08-02 17:00:00+00:00,online
2026-08-02,2026-08-10 08:09:32+00:00,FR,load,ridge_3mo_context,Ridge with covariates,deg_proxy+tso_forecast,2208,2026-08-02 22:00:00+00:00,40355.16418207873,40287.5,,2026-05-02 18:00:00+00:00,2026-08-02 17:00:00+00:00,online
2026-08-02,2026-08-10 08:09:32+00:00,FR,load,ridge_3mo_context,Ridge with covariates,deg_proxy+tso_forecast,2208,2026-08-02 23:00:00+00:00,38609.12509894866,38487.5,,2026-05-02 18:00:00+00:00,2026-08-02 17:00:00+00:00,online
2026-08-02,2026-08-10 08:09:32+00:00,FR,load,ridge_3mo_context,Ridge with covariates,deg_proxy+tso_forecast,2208,2026-08-03 00:00:00+00:00,36738.08532711381,36225.0,,2026-05-02 18:00:00+00:00,2026-08-02 17:00:00+00:00,online
2026-08-02,2026-08-10 08:09:32+00:00,FR,load,ridge_3mo_context,Ridge with covariates,deg_proxy+tso_forecast,2208,2026-08-03 01:00:00+00:00,35041.85645915491,34475.0,,2026-05-02 18:00:00+00:00,2026-08-02 17:00:00+00:00,online
2026-08-02,2026-08-10 08:09:32+00:00,FR,load,ridge_3mo_context,Ridge with covariates,deg_proxy+tso_forecast,2208,2026-08-03 02:00:00+00:00,34828.36222188637,34262.5,,2026-05-02 18:00:00+00:00,2026-08-02 17:00:00+00:00,online
2026-08-02,2026-08-10 08:09:32+00:00,FR,load,ridge_3mo_context,Ridge with covariates,deg_proxy+tso_forecast,2208,2026-08-03 03:00:00+00:00,36372.670832518335,35862.5,,2026-05-02 18:00:00+00:00,2026-08-02 17:00:00+00:00,online
2026-08-02,2026-08-10 08:09:32+00:00,FR,load,ridge_3mo_context,Ridge with covariates,deg_proxy+tso_forecast,2208,2026-08-03 04:00:00+00:00,38811.038257522174,38387.5,,2026-05-02 18:00:00+00:00,2026-08-02 17:00:00+00:00,online
2026-08-02,2026-08-10 08:09:32+00:00,FR,load,ridge_3mo_context,Ridge with covariates,deg_proxy+tso_forecast,2208,2026-08-03 05:00:00+00:00,41454.05621646833,41125.0,,2026-05-02 18:00:00+00:00,2026-08-02 17:00:00+00:00,online
2026-08-02,2026-08-10 08:09:32+00:00,FR,load,ridge_3mo_context,Ridge with covariates,deg_proxy+tso_forecast,2208,2026-08-03 06:00:00+00:00,44021.5478100608,43762.5,,2026-05-02 18:00:00+00:00,2026-08-02 17:00:00+00:00,online
2026-08-02,2026-08-10 08:09:32+00:00,FR,load,ridge_3mo_context,Ridge with covariates,deg_proxy+tso_forecast,2208,2026-08-03 07:00:00+00:00,45885.84635332521,45662.5,,2026-05-02 18:00:00+00:00,2026-08-02 17:00:00+00:00,online
2026-08-02,2026-08-10 08:09:32+00:00,FR,load,ridge_3mo_context,Ridge with covariates,deg_proxy+tso_forecast,2208,2026-08-03 08:00:00+00:00,47521.33061090752,47325.0,,2026-05-02 18:00:00+00:00,2026-08-02 17:00:00+00:00,online
2026-08-02,2026-08-10 08:09:32+00:00,FR,load,ridge_3mo_context,Ridge with covariates,deg_proxy+tso_forecast,2208,2026-08-03 09:00:00+00:00,49207.887613015584,49025.0,,2026-05-02 18:00:00+00:00,2026-08-02 17:00:00+00:00,online
2026-08-02,2026-08-10 08:09:32+00:00,FR,load,ridge_3mo_context,Ridge with covariates,deg_proxy+tso_forecast,2208,2026-08-03 10:00:00+00:00,50713.95783292111,50537.5,,2026-05-02 18:00:00+00:00,2026-08-02 17:00:00+00:00,online
2026-08-02,2026-08-10 08:09:32+00:00,FR,load,ridge_3mo_context,Ridge with covariates,deg_proxy+tso_forecast,2208,2026-08-03 11:00:00+00:00,50919.33260278155,50725.0,,2026-05-02 18:00:00+00:00,2026-08-02 17:00:00+00:00,online
2026-08-02,2026-08-10 08:09:32+00:00,FR,load,ridge_3mo_context,Ridge with covariates,deg_proxy+tso_forecast,2208,2026-08-03 12:00:00+00:00,51506.87926540365,51312.5,,2026-05-02 18:00:00+00:00,2026-08-02 17:00:00+00:00,online
2026-08-02,2026-08-10 08:09:32+00:00,FR,load,ridge_3mo_context,Ridge with covariates,deg_proxy+tso_forecast,2208,2026-08-03 13:00:00+00:00,50575.29517413984,50337.5,,2026-05-02 18:00:00+00:00,2026-08-02 17:00:00+00:00,online
2026-08-02,2026-08-10 08:09:32+00:00,FR,load,ridge_3mo_context,Ridge with covariates,deg_proxy+tso_forecast,2208,2026-08-03 14:00:00+00:00,49659.49973797493,49375.0,,2026-05-02 18:00:00+00:00,2026-08-02 17:00:00+00:00,online
2026-08-02,2026-08-10 08:09:32+00:00,FR,load,ridge_3mo_context,Ridge with covariates,deg_proxy+tso_forecast,2208,2026-08-03 15:00:00+00:00,49541.328291559796,49250.0,,2026-05-02 18:00:00+00:00,2026-08-02 17:00:00+00:00,online
2026-08-02,2026-08-10 08:09:32+00:00,FR,load,ridge_3mo_context,Ridge with covariates,deg_proxy+tso_forecast,2208,2026-08-03 16:00:00+00:00,50442.03106653259,50212.5,,2026-05-02 18:00:00+00:00,2026-08-02 17:00:00+00:00,online
2026-08-02,2026-08-10 08:09:32+00:00,FR,load,ridge_3mo_context,Ridge with covariates,deg_proxy+tso_forecast,2208,2026-08-03 17:00:00+00:00,51212.57844798281,51025.0,,2026-05-02 18:00:00+00:00,2026-08-02 17:00:00+00:00,online
2026-08-02,2026-08-10 08:09:32+00:00,FR,load,chronos2_online,Chronos2 with covariates,Temp+tso_forecast,2208,2026-08-02 18:00:00+00:00,44266.01171875,43500.0,,2026-05-02 18:00:00+00:00,2026-08-02 17:00:00+00:00,online
2026-08-02,2026-08-10 08:09:32+00:00,FR,load,chronos2_online,Chronos2 with covariates,Temp+tso_forecast,2208,2026-08-02 19:00:00+00:00,43936.83203125,43075.0,,2026-05-02 18:00:00+00:00,2026-08-02 17:00:00+00:00,online
2026-08-02,2026-08-10 08:09:32+00:00,FR,load,chronos2_online,Chronos2 with covariates,Temp+tso_forecast,2208,2026-08-02 20:00:00+00:00,44821.83984375,43937.5,,2026-05-02 18:00:00+00:00,2026-08-02 17:00:00+00:00,online
2026-08-02,2026-08-10 08:09:32+00:00,FR,load,chronos2_online,Chronos2 with covariates,Temp+tso_forecast,2208,2026-08-02 21:00:00+00:00,43793.546875,43800.0,,2026-05-02 18:00:00+00:00,2026-08-02 17:00:00+00:00,online
2026-08-02,2026-08-10 08:09:32+00:00,FR,load,chronos2_online,Chronos2 with covariates,Temp+tso_forecast,2208,2026-08-02 22:00:00+00:00,41189.32421875,40287.5,,2026-05-02 18:00:00+00:00,2026-08-02 17:00:00+00:00,online
2026-08-02,2026-08-10 08:09:32+00:00,FR,load,chronos2_online,Chronos2 with covariates,Temp+tso_forecast,2208,2026-08-02 23:00:00+00:00,39424.75390625,38487.5,,2026-05-02 18:00:00+00:00,2026-08-02 17:00:00+00:00,online
2026-08-02,2026-08-10 08:09:32+00:00,FR,load,chronos2_online,Chronos2 with covariates,Temp+tso_forecast,2208,2026-08-03 00:00:00+00:00,37255.03515625,36225.0,,2026-05-02 18:00:00+00:00,2026-08-02 17:00:00+00:00,online
2026-08-02,2026-08-10 08:09:32+00:00,FR,load,chronos2_online,Chronos2 with covariates,Temp+tso_forecast,2208,2026-08-03 01:00:00+00:00,35314.6015625,34475.0,,2026-05-02 18:00:00+00:00,2026-08-02 17:00:00+00:00,online
2026-08-02,2026-08-10 08:09:32+00:00,FR,load,chronos2_online,Chronos2 with covariates,Temp+tso_forecast,2208,2026-08-03 02:00:00+00:00,34983.84375,34262.5,,2026-05-02 18:00:00+00:00,2026-08-02 17:00:00+00:00,online
2026-08-02,2026-08-10 08:09:32+00:00,FR,load,chronos2_online,Chronos2 with covariates,Temp+tso_forecast,2208,2026-08-03 03:00:00+00:00,36495.109375,35862.5,,2026-05-02 18:00:00+00:00,2026-08-02 17:00:00+00:00,online
2026-08-02,2026-08-10 08:09:32+00:00,FR,load,chronos2_online,Chronos2 with covariates,Temp+tso_forecast,2208,2026-08-03 04:00:00+00:00,38612.90234375,38387.5,,2026-05-02 18:00:00+00:00,2026-08-02 17:00:00+00:00,online
2026-08-02,2026-08-10 08:09:32+00:00,FR,load,chronos2_online,Chronos2 with covariates,Temp+tso_forecast,2208,2026-08-03 05:00:00+00:00,40953.19921875,41125.0,,2026-05-02 18:00:00+00:00,2026-08-02 17:00:00+00:00,online
2026-08-02,2026-08-10 08:09:32+00:00,FR,load,chronos2_online,Chronos2 with covariates,Temp+tso_forecast,2208,2026-08-03 06:00:00+00:00,43724.1953125,43762.5,,2026-05-02 18:00:00+00:00,2026-08-02 17:00:00+00:00,online
2026-08-02,2026-08-10 08:09:32+00:00,FR,load,chronos2_online,Chronos2 with covariates,Temp+tso_forecast,2208,2026-08-03 07:00:00+00:00,45878.05859375,45662.5,,2026-05-02 18:00:00+00:00,2026-08-02 17:00:00+00:00,online
2026-08-02,2026-08-10 08:09:32+00:00,FR,load,chronos2_online,Chronos2 with covariates,Temp+tso_forecast,2208,2026-08-03 08:00:00+00:00,47693.0703125,47325.0,,2026-05-02 18:00:00+00:00,2026-08-02 17:00:00+00:00,online
2026-08-02,2026-08-10 08:09:32+00:00,FR,load,chronos2_online,Chronos2 with covariates,Temp+tso_forecast,2208,2026-08-03 09:00:00+00:00,49481.98828125,49025.0,,2026-05-02 18:00:00+00:00,2026-08-02 17:00:00+00:00,online
2026-08-02,2026-08-10 08:09:32+00:00,FR,load,chronos2_online,Chronos2 with covariates,Temp+tso_forecast,2208,2026-08-03 10:00:00+00:00,51242.7421875,50537.5,,2026-05-02 18:00:00+00:00,2026-08-02 17:00:00+00:00,online
2026-08-02,2026-08-10 08:09:32+00:00,FR,load,chronos2_online,Chronos2 with covariates,Temp+tso_forecast,2208,2026-08-03 11:00:00+00:00,51214.9375,50725.0,,2026-05-02 18:00:00+00:00,2026-08-02 17:00:00+00:00,online
2026-08-02,2026-08-10 08:09:32+00:00,FR,load,chronos2_online,Chronos2 with covariates,Temp+tso_forecast,2208,2026-08-03 12:00:00+00:00,51927.48046875,51312.5,,2026-05-02 18:00:00+00:00,2026-08-02 17:00:00+00:00,online
2026-08-02,2026-08-10 08:09:32+00:00,FR,load,chronos2_online,Chronos2 with covariates,Temp+tso_forecast,2208,2026-08-03 13:00:00+00:00,51071.91796875,50337.5,,2026-05-02 18:00:00+00:00,2026-08-02 17:00:00+00:00,online
2026-08-02,2026-08-10 08:09:32+00:00,FR,load,chronos2_online,Chronos2 with covariates,Temp+tso_forecast,2208,2026-08-03 14:00:00+00:00,50178.765625,49375.0,,2026-05-02 18:00:00+00:00,2026-08-02 17:00:00+00:00,online
2026-08-02,2026-08-10 08:09:32+00:00,FR,load,chronos2_online,Chronos2 with covariates,Temp+tso_forecast,2208,2026-08-03 15:00:00+00:00,50199.28125,49250.0,,2026-05-02 18:00:00+00:00,2026-08-02 17:00:00+00:00,online
2026-08-02,2026-08-10 08:09:32+00:00,FR,load,chronos2_online,Chronos2 with covariates,Temp+tso_forecast,2208,2026-08-03 16:00:00+00:00,50580.8828125,50212.5,,2026-05-02 18:00:00+00:00,2026-08-02 17:00:00+00:00,online
2026-08-02,2026-08-10 08:09:32+00:00,FR,load,chronos2_online,Chronos2 with covariates,Temp+tso_forecast,2208,2026-08-03 17:00:00+00:00,50779.94140625,51025.0,,2026-05-02 18:00:00+00:00,2026-08-02 17:00:00+00:00,online
2026-08-02,2026-08-10 08:09:32+00:00,FR,solar,tso_reference,TSO forecast,tso_forecast,2208,2026-08-02 18:00:00+00:00,1739.1729125,1739.1729125,,2026-05-02 18:00:00+00:00,2026-08-02 17:00:00+00:00,online
2026-08-02,2026-08-10 08:09:32+00:00,FR,solar,tso_reference,TSO forecast,tso_forecast,2208,2026-08-02 19:00:00+00:00,156.74296,156.74296,,2026-05-02 18:00:00+00:00,2026-08-02 17:00:00+00:00,online
2026-08-02,2026-08-10 08:09:32+00:00,FR,solar,tso_reference,TSO forecast,tso_forecast,2208,2026-08-02 20:00:00+00:00,0.0,0.0,,2026-05-02 18:00:00+00:00,2026-08-02 17:00:00+00:00,online
2026-08-02,2026-08-10 08:09:32+00:00,FR,solar,tso_reference,TSO forecast,tso_forecast,2208,2026-08-02 21:00:00+00:00,0.0,0.0,,2026-05-02 18:00:00+00:00,2026-08-02 17:00:00+00:00,online
2026-08-02,2026-08-10 08:09:32+00:00,FR,solar,tso_reference,TSO forecast,tso_forecast,2208,2026-08-02 22:00:00+00:00,0.0,0.0,,2026-05-02 18:00:00+00:00,2026-08-02 17:00:00+00:00,online
2026-08-02,2026-08-10 08:09:32+00:00,FR,solar,tso_reference,TSO forecast,tso_forecast,2208,2026-08-02 23:00:00+00:00,0.0,0.0,,2026-05-02 18:00:00+00:00,2026-08-02 17:00:00+00:00,online
2026-08-02,2026-08-10 08:09:32+00:00,FR,solar,tso_reference,TSO forecast,tso_forecast,2208,2026-08-03 00:00:00+00:00,0.0,0.0,,2026-05-02 18:00:00+00:00,2026-08-02 17:00:00+00:00,online
2026-08-02,2026-08-10 08:09:32+00:00,FR,solar,tso_reference,TSO forecast,tso_forecast,2208,2026-08-03 01:00:00+00:00,0.0,0.0,,2026-05-02 18:00:00+00:00,2026-08-02 17:00:00+00:00,online
2026-08-02,2026-08-10 08:09:32+00:00,FR,solar,tso_reference,TSO forecast,tso_forecast,2208,2026-08-03 02:00:00+00:00,0.0,0.0,,2026-05-02 18:00:00+00:00,2026-08-02 17:00:00+00:00,online
2026-08-02,2026-08-10 08:09:32+00:00,FR,solar,tso_reference,TSO forecast,tso_forecast,2208,2026-08-03 03:00:00+00:00,0.0,0.0,,2026-05-02 18:00:00+00:00,2026-08-02 17:00:00+00:00,online
2026-08-02,2026-08-10 08:09:32+00:00,FR,solar,tso_reference,TSO forecast,tso_forecast,2208,2026-08-03 04:00:00+00:00,67.90756999999999,67.90756999999999,,2026-05-02 18:00:00+00:00,2026-08-02 17:00:00+00:00,online
2026-08-02,2026-08-10 08:09:32+00:00,FR,solar,tso_reference,TSO forecast,tso_forecast,2208,2026-08-03 05:00:00+00:00,935.2556075,935.2556075,,2026-05-02 18:00:00+00:00,2026-08-02 17:00:00+00:00,online
2026-08-02,2026-08-10 08:09:32+00:00,FR,solar,tso_reference,TSO forecast,tso_forecast,2208,2026-08-03 06:00:00+00:00,3655.763915,3655.763915,,2026-05-02 18:00:00+00:00,2026-08-02 17:00:00+00:00,online
2026-08-02,2026-08-10 08:09:32+00:00,FR,solar,tso_reference,TSO forecast,tso_forecast,2208,2026-08-03 07:00:00+00:00,7665.993285,7665.993285,,2026-05-02 18:00:00+00:00,2026-08-02 17:00:00+00:00,online
2026-08-02,2026-08-10 08:09:32+00:00,FR,solar,tso_reference,TSO forecast,tso_forecast,2208,2026-08-03 08:00:00+00:00,11655.0490725,11655.0490725,,2026-05-02 18:00:00+00:00,2026-08-02 17:00:00+00:00,online
2026-08-02,2026-08-10 08:09:32+00:00,FR,solar,tso_reference,TSO forecast,tso_forecast,2208,2026-08-03 09:00:00+00:00,14660.9638675,14660.9638675,,2026-05-02 18:00:00+00:00,2026-08-02 17:00:00+00:00,online
2026-08-02,2026-08-10 08:09:32+00:00,FR,solar,tso_reference,TSO forecast,tso_forecast,2208,2026-08-03 10:00:00+00:00,16621.5175775,16621.5175775,,2026-05-02 18:00:00+00:00,2026-08-02 17:00:00+00:00,online
2026-08-02,2026-08-10 08:09:32+00:00,FR,solar,tso_reference,TSO forecast,tso_forecast,2208,2026-08-03 11:00:00+00:00,17661.0512675,17661.0512675,,2026-05-02 18:00:00+00:00,2026-08-02 17:00:00+00:00,online
2026-08-02,2026-08-10 08:09:32+00:00,FR,solar,tso_reference,TSO forecast,tso_forecast,2208,2026-08-03 12:00:00+00:00,17793.27246,17793.27246,,2026-05-02 18:00:00+00:00,2026-08-02 17:00:00+00:00,online
2026-08-02,2026-08-10 08:09:32+00:00,FR,solar,tso_reference,TSO forecast,tso_forecast,2208,2026-08-03 13:00:00+00:00,16509.3627925,16509.3627925,,2026-05-02 18:00:00+00:00,2026-08-02 17:00:00+00:00,online
2026-08-02,2026-08-10 08:09:32+00:00,FR,solar,tso_reference,TSO forecast,tso_forecast,2208,2026-08-03 14:00:00+00:00,14308.638185,14308.638185,,2026-05-02 18:00:00+00:00,2026-08-02 17:00:00+00:00,online
2026-08-02,2026-08-10 08:09:32+00:00,FR,solar,tso_reference,TSO forecast,tso_forecast,2208,2026-08-03 15:00:00+00:00,11468.6853025,11468.6853025,,2026-05-02 18:00:00+00:00,2026-08-02 17:00:00+00:00,online
2026-08-02,2026-08-10 08:09:32+00:00,FR,solar,tso_reference,TSO forecast,tso_forecast,2208,2026-08-03 16:00:00+00:00,7942.8564475,7942.8564475,,2026-05-02 18:00:00+00:00,2026-08-02 17:00:00+00:00,online
2026-08-02,2026-08-10 08:09:32+00:00,FR,solar,tso_reference,TSO forecast,tso_forecast,2208,2026-08-03 17:00:00+00:00,4233.1399525,4233.1399525,,2026-05-02 18:00:00+00:00,2026-08-02 17:00:00+00:00,online
2026-08-02,2026-08-10 08:09:32+00:00,FR,solar,persistence,Persistence,daily_persistence,2208,2026-08-02 18:00:00+00:00,1511.74,1739.1729125,,2026-05-02 18:00:00+00:00,2026-08-02 17:00:00+00:00,online
2026-08-02,2026-08-10 08:09:32+00:00,FR,solar,persistence,Persistence,daily_persistence,2208,2026-08-02 19:00:00+00:00,289.46000000000004,156.74296,,2026-05-02 18:00:00+00:00,2026-08-02 17:00:00+00:00,online
2026-08-02,2026-08-10 08:09:32+00:00,FR,solar,persistence,Persistence,daily_persistence,2208,2026-08-02 20:00:00+00:00,189.8325,0.0,,2026-05-02 18:00:00+00:00,2026-08-02 17:00:00+00:00,online
2026-08-02,2026-08-10 08:09:32+00:00,FR,solar,persistence,Persistence,daily_persistence,2208,2026-08-02 21:00:00+00:00,0.0,0.0,,2026-05-02 18:00:00+00:00,2026-08-02 17:00:00+00:00,online
2026-08-02,2026-08-10 08:09:32+00:00,FR,solar,persistence,Persistence,daily_persistence,2208,2026-08-02 22:00:00+00:00,0.0,0.0,,2026-05-02 18:00:00+00:00,2026-08-02 17:00:00+00:00,online
2026-08-02,2026-08-10 08:09:32+00:00,FR,solar,persistence,Persistence,daily_persistence,2208,2026-08-02 23:00:00+00:00,0.0,0.0,,2026-05-02 18:00:00+00:00,2026-08-02 17:00:00+00:00,online
2026-08-02,2026-08-10 08:09:32+00:00,FR,solar,persistence,Persistence,daily_persistence,2208,2026-08-03 00:00:00+00:00,0.0,0.0,,2026-05-02 18:00:00+00:00,2026-08-02 17:00:00+00:00,online
2026-08-02,2026-08-10 08:09:32+00:00,FR,solar,persistence,Persistence,daily_persistence,2208,2026-08-03 01:00:00+00:00,0.0,0.0,,2026-05-02 18:00:00+00:00,2026-08-02 17:00:00+00:00,online
2026-08-02,2026-08-10 08:09:32+00:00,FR,solar,persistence,Persistence,daily_persistence,2208,2026-08-03 02:00:00+00:00,0.0,0.0,,2026-05-02 18:00:00+00:00,2026-08-02 17:00:00+00:00,online
2026-08-02,2026-08-10 08:09:32+00:00,FR,solar,persistence,Persistence,daily_persistence,2208,2026-08-03 03:00:00+00:00,0.0,0.0,,2026-05-02 18:00:00+00:00,2026-08-02 17:00:00+00:00,online
2026-08-02,2026-08-10 08:09:32+00:00,FR,solar,persistence,Persistence,daily_persistence,2208,2026-08-03 04:00:00+00:00,284.365,67.90756999999999,,2026-05-02 18:00:00+00:00,2026-08-02 17:00:00+00:00,online
2026-08-02,2026-08-10 08:09:32+00:00,FR,solar,persistence,Persistence,daily_persistence,2208,2026-08-03 05:00:00+00:00,1299.605,935.2556075,,2026-05-02 18:00:00+00:00,2026-08-02 17:00:00+00:00,online
2026-08-02,2026-08-10 08:09:32+00:00,FR,solar,persistence,Persistence,daily_persistence,2208,2026-08-03 06:00:00+00:00,4714.9125,3655.763915,,2026-05-02 18:00:00+00:00,2026-08-02 17:00:00+00:00,online
2026-08-02,2026-08-10 08:09:32+00:00,FR,solar,persistence,Persistence,daily_persistence,2208,2026-08-03 07:00:00+00:00,9797.4175,7665.993285,,2026-05-02 18:00:00+00:00,2026-08-02 17:00:00+00:00,online
2026-08-02,2026-08-10 08:09:32+00:00,FR,solar,persistence,Persistence,daily_persistence,2208,2026-08-03 08:00:00+00:00,14343.7575,11655.0490725,,2026-05-02 18:00:00+00:00,2026-08-02 17:00:00+00:00,online
2026-08-02,2026-08-10 08:09:32+00:00,FR,solar,persistence,Persistence,daily_persistence,2208,2026-08-03 09:00:00+00:00,13788.3925,14660.9638675,,2026-05-02 18:00:00+00:00,2026-08-02 17:00:00+00:00,online
2026-08-02,2026-08-10 08:09:32+00:00,FR,solar,persistence,Persistence,daily_persistence,2208,2026-08-03 10:00:00+00:00,13195.795,16621.5175775,,2026-05-02 18:00:00+00:00,2026-08-02 17:00:00+00:00,online
2026-08-02,2026-08-10 08:09:32+00:00,FR,solar,persistence,Persistence,daily_persistence,2208,2026-08-03 11:00:00+00:00,12265.2025,17661.0512675,,2026-05-02 18:00:00+00:00,2026-08-02 17:00:00+00:00,online
2026-08-02,2026-08-10 08:09:32+00:00,FR,solar,persistence,Persistence,daily_persistence,2208,2026-08-03 12:00:00+00:00,12676.7975,17793.27246,,2026-05-02 18:00:00+00:00,2026-08-02 17:00:00+00:00,online
2026-08-02,2026-08-10 08:09:32+00:00,FR,solar,persistence,Persistence,daily_persistence,2208,2026-08-03 13:00:00+00:00,15022.0525,16509.3627925,,2026-05-02 18:00:00+00:00,2026-08-02 17:00:00+00:00,online
2026-08-02,2026-08-10 08:09:32+00:00,FR,solar,persistence,Persistence,daily_persistence,2208,2026-08-03 14:00:00+00:00,17110.2875,14308.638185,,2026-05-02 18:00:00+00:00,2026-08-02 17:00:00+00:00,online
2026-08-02,2026-08-10 08:09:32+00:00,FR,solar,persistence,Persistence,daily_persistence,2208,2026-08-03 15:00:00+00:00,13715.51,11468.6853025,,2026-05-02 18:00:00+00:00,2026-08-02 17:00:00+00:00,online
2026-08-02,2026-08-10 08:09:32+00:00,FR,solar,persistence,Persistence,daily_persistence,2208,2026-08-03 16:00:00+00:00,9351.27,7942.8564475,,2026-05-02 18:00:00+00:00,2026-08-02 17:00:00+00:00,online
2026-08-02,2026-08-10 08:09:32+00:00,FR,solar,persistence,Persistence,daily_persistence,2208,2026-08-03 17:00:00+00:00,4656.59,4233.1399525,,2026-05-02 18:00:00+00:00,2026-08-02 17:00:00+00:00,online
2026-08-02,2026-08-10 08:09:32+00:00,FR,solar,chronos2_online,Chronos2 with covariates,weather_4p+tso_forecast,2208,2026-08-02 18:00:00+00:00,1379.8330078125,1739.1729125,,2026-05-02 18:00:00+00:00,2026-08-02 17:00:00+00:00,online
2026-08-02,2026-08-10 08:09:32+00:00,FR,solar,chronos2_online,Chronos2 with covariates,weather_4p+tso_forecast,2208,2026-08-02 19:00:00+00:00,335.6328125,156.74296,,2026-05-02 18:00:00+00:00,2026-08-02 17:00:00+00:00,online
2026-08-02,2026-08-10 08:09:32+00:00,FR,solar,chronos2_online,Chronos2 with covariates,weather_4p+tso_forecast,2208,2026-08-02 20:00:00+00:00,175.22412109375,0.0,,2026-05-02 18:00:00+00:00,2026-08-02 17:00:00+00:00,online
2026-08-02,2026-08-10 08:09:32+00:00,FR,solar,chronos2_online,Chronos2 with covariates,weather_4p+tso_forecast,2208,2026-08-02 21:00:00+00:00,154.916015625,0.0,,2026-05-02 18:00:00+00:00,2026-08-02 17:00:00+00:00,online
2026-08-02,2026-08-10 08:09:32+00:00,FR,solar,chronos2_online,Chronos2 with covariates,weather_4p+tso_forecast,2208,2026-08-02 22:00:00+00:00,94.4912109375,0.0,,2026-05-02 18:00:00+00:00,2026-08-02 17:00:00+00:00,online
2026-08-02,2026-08-10 08:09:32+00:00,FR,solar,chronos2_online,Chronos2 with covariates,weather_4p+tso_forecast,2208,2026-08-02 23:00:00+00:00,142.17822265625,0.0,,2026-05-02 18:00:00+00:00,2026-08-02 17:00:00+00:00,online
2026-08-02,2026-08-10 08:09:32+00:00,FR,solar,chronos2_online,Chronos2 with covariates,weather_4p+tso_forecast,2208,2026-08-03 00:00:00+00:00,88.9013671875,0.0,,2026-05-02 18:00:00+00:00,2026-08-02 17:00:00+00:00,online
2026-08-02,2026-08-10 08:09:32+00:00,FR,solar,chronos2_online,Chronos2 with covariates,weather_4p+tso_forecast,2208,2026-08-03 01:00:00+00:00,90.60009765625,0.0,,2026-05-02 18:00:00+00:00,2026-08-02 17:00:00+00:00,online
2026-08-02,2026-08-10 08:09:32+00:00,FR,solar,chronos2_online,Chronos2 with covariates,weather_4p+tso_forecast,2208,2026-08-03 02:00:00+00:00,149.66455078125,0.0,,2026-05-02 18:00:00+00:00,2026-08-02 17:00:00+00:00,online
2026-08-02,2026-08-10 08:09:32+00:00,FR,solar,chronos2_online,Chronos2 with covariates,weather_4p+tso_forecast,2208,2026-08-03 03:00:00+00:00,229.9609375,0.0,,2026-05-02 18:00:00+00:00,2026-08-02 17:00:00+00:00,online
2026-08-02,2026-08-10 08:09:32+00:00,FR,solar,chronos2_online,Chronos2 with covariates,weather_4p+tso_forecast,2208,2026-08-03 04:00:00+00:00,288.6298828125,67.90756999999999,,2026-05-02 18:00:00+00:00,2026-08-02 17:00:00+00:00,online
2026-08-02,2026-08-10 08:09:32+00:00,FR,solar,chronos2_online,Chronos2 with covariates,weather_4p+tso_forecast,2208,2026-08-03 05:00:00+00:00,1080.68408203125,935.2556075,,2026-05-02 18:00:00+00:00,2026-08-02 17:00:00+00:00,online
2026-08-02,2026-08-10 08:09:32+00:00,FR,solar,chronos2_online,Chronos2 with covariates,weather_4p+tso_forecast,2208,2026-08-03 06:00:00+00:00,3657.010986328125,3655.763915,,2026-05-02 18:00:00+00:00,2026-08-02 17:00:00+00:00,online
2026-08-02,2026-08-10 08:09:32+00:00,FR,solar,chronos2_online,Chronos2 with covariates,weather_4p+tso_forecast,2208,2026-08-03 07:00:00+00:00,7508.86474609375,7665.993285,,2026-05-02 18:00:00+00:00,2026-08-02 17:00:00+00:00,online
2026-08-02,2026-08-10 08:09:32+00:00,FR,solar,chronos2_online,Chronos2 with covariates,weather_4p+tso_forecast,2208,2026-08-03 08:00:00+00:00,11558.33984375,11655.0490725,,2026-05-02 18:00:00+00:00,2026-08-02 17:00:00+00:00,online
2026-08-02,2026-08-10 08:09:32+00:00,FR,solar,chronos2_online,Chronos2 with covariates,weather_4p+tso_forecast,2208,2026-08-03 09:00:00+00:00,14231.8359375,14660.9638675,,2026-05-02 18:00:00+00:00,2026-08-02 17:00:00+00:00,online
2026-08-02,2026-08-10 08:09:32+00:00,FR,solar,chronos2_online,Chronos2 with covariates,weather_4p+tso_forecast,2208,2026-08-03 10:00:00+00:00,14728.4375,16621.5175775,,2026-05-02 18:00:00+00:00,2026-08-02 17:00:00+00:00,online
2026-08-02,2026-08-10 08:09:32+00:00,FR,solar,chronos2_online,Chronos2 with covariates,weather_4p+tso_forecast,2208,2026-08-03 11:00:00+00:00,15123.8349609375,17661.0512675,,2026-05-02 18:00:00+00:00,2026-08-02 17:00:00+00:00,online
2026-08-02,2026-08-10 08:09:32+00:00,FR,solar,chronos2_online,Chronos2 with covariates,weather_4p+tso_forecast,2208,2026-08-03 12:00:00+00:00,14814.044921875,17793.27246,,2026-05-02 18:00:00+00:00,2026-08-02 17:00:00+00:00,online
2026-08-02,2026-08-10 08:09:32+00:00,FR,solar,chronos2_online,Chronos2 with covariates,weather_4p+tso_forecast,2208,2026-08-03 13:00:00+00:00,14159.9697265625,16509.3627925,,2026-05-02 18:00:00+00:00,2026-08-02 17:00:00+00:00,online
2026-08-02,2026-08-10 08:09:32+00:00,FR,solar,chronos2_online,Chronos2 with covariates,weather_4p+tso_forecast,2208,2026-08-03 14:00:00+00:00,13195.513671875,14308.638185,,2026-05-02 18:00:00+00:00,2026-08-02 17:00:00+00:00,online
2026-08-02,2026-08-10 08:09:32+00:00,FR,solar,chronos2_online,Chronos2 with covariates,weather_4p+tso_forecast,2208,2026-08-03 15:00:00+00:00,10653.744140625,11468.6853025,,2026-05-02 18:00:00+00:00,2026-08-02 17:00:00+00:00,online
2026-08-02,2026-08-10 08:09:32+00:00,FR,solar,chronos2_online,Chronos2 with covariates,weather_4p+tso_forecast,2208,2026-08-03 16:00:00+00:00,6703.484375,7942.8564475,,2026-05-02 18:00:00+00:00,2026-08-02 17:00:00+00:00,online
2026-08-02,2026-08-10 08:09:32+00:00,FR,solar,chronos2_online,Chronos2 with covariates,weather_4p+tso_forecast,2208,2026-08-03 17:00:00+00:00,2984.94287109375,4233.1399525,,2026-05-02 18:00:00+00:00,2026-08-02 17:00:00+00:00,online
2026-08-02,2026-08-10 08:09:32+00:00,FR,solar,xgboost_online,XGBoost with covariates,weather_4p+tso_forecast,2208,2026-08-02 18:00:00+00:00,1868.4730224609375,1739.1729125,,2026-05-02 18:00:00+00:00,2026-08-02 17:00:00+00:00,online
2026-08-02,2026-08-10 08:09:32+00:00,FR,solar,xgboost_online,XGBoost with covariates,weather_4p+tso_forecast,2208,2026-08-02 19:00:00+00:00,508.5642700195313,156.74296,,2026-05-02 18:00:00+00:00,2026-08-02 17:00:00+00:00,online
2026-08-02,2026-08-10 08:09:32+00:00,FR,solar,xgboost_online,XGBoost with covariates,weather_4p+tso_forecast,2208,2026-08-02 20:00:00+00:00,194.62681579589844,0.0,,2026-05-02 18:00:00+00:00,2026-08-02 17:00:00+00:00,online
2026-08-02,2026-08-10 08:09:32+00:00,FR,solar,xgboost_online,XGBoost with covariates,weather_4p+tso_forecast,2208,2026-08-02 21:00:00+00:00,154.17723083496094,0.0,,2026-05-02 18:00:00+00:00,2026-08-02 17:00:00+00:00,online
2026-08-02,2026-08-10 08:09:32+00:00,FR,solar,xgboost_online,XGBoost with covariates,weather_4p+tso_forecast,2208,2026-08-02 22:00:00+00:00,154.17723083496094,0.0,,2026-05-02 18:00:00+00:00,2026-08-02 17:00:00+00:00,online
2026-08-02,2026-08-10 08:09:32+00:00,FR,solar,xgboost_online,XGBoost with covariates,weather_4p+tso_forecast,2208,2026-08-02 23:00:00+00:00,154.17723083496094,0.0,,2026-05-02 18:00:00+00:00,2026-08-02 17:00:00+00:00,online
2026-08-02,2026-08-10 08:09:32+00:00,FR,solar,xgboost_online,XGBoost with covariates,weather_4p+tso_forecast,2208,2026-08-03 00:00:00+00:00,160.07728576660156,0.0,,2026-05-02 18:00:00+00:00,2026-08-02 17:00:00+00:00,online
2026-08-02,2026-08-10 08:09:32+00:00,FR,solar,xgboost_online,XGBoost with covariates,weather_4p+tso_forecast,2208,2026-08-03 01:00:00+00:00,160.07728576660156,0.0,,2026-05-02 18:00:00+00:00,2026-08-02 17:00:00+00:00,online
2026-08-02,2026-08-10 08:09:32+00:00,FR,solar,xgboost_online,XGBoost with covariates,weather_4p+tso_forecast,2208,2026-08-03 02:00:00+00:00,160.07728576660156,0.0,,2026-05-02 18:00:00+00:00,2026-08-02 17:00:00+00:00,online
2026-08-02,2026-08-10 08:09:32+00:00,FR,solar,xgboost_online,XGBoost with covariates,weather_4p+tso_forecast,2208,2026-08-03 03:00:00+00:00,160.07728576660156,0.0,,2026-05-02 18:00:00+00:00,2026-08-02 17:00:00+00:00,online
2026-08-02,2026-08-10 08:09:32+00:00,FR,solar,xgboost_online,XGBoost with covariates,weather_4p+tso_forecast,2208,2026-08-03 04:00:00+00:00,305.97662353515625,67.90756999999999,,2026-05-02 18:00:00+00:00,2026-08-02 17:00:00+00:00,online
2026-08-02,2026-08-10 08:09:32+00:00,FR,solar,xgboost_online,XGBoost with covariates,weather_4p+tso_forecast,2208,2026-08-03 05:00:00+00:00,1113.7774658203125,935.2556075,,2026-05-02 18:00:00+00:00,2026-08-02 17:00:00+00:00,online
2026-08-02,2026-08-10 08:09:32+00:00,FR,solar,xgboost_online,XGBoost with covariates,weather_4p+tso_forecast,2208,2026-08-03 06:00:00+00:00,4021.9755859375,3655.763915,,2026-05-02 18:00:00+00:00,2026-08-02 17:00:00+00:00,online
2026-08-02,2026-08-10 08:09:32+00:00,FR,solar,xgboost_online,XGBoost with covariates,weather_4p+tso_forecast,2208,2026-08-03 07:00:00+00:00,7484.82861328125,7665.993285,,2026-05-02 18:00:00+00:00,2026-08-02 17:00:00+00:00,online
2026-08-02,2026-08-10 08:09:32+00:00,FR,solar,xgboost_online,XGBoost with covariates,weather_4p+tso_forecast,2208,2026-08-03 08:00:00+00:00,11109.458984375,11655.0490725,,2026-05-02 18:00:00+00:00,2026-08-02 17:00:00+00:00,online
2026-08-02,2026-08-10 08:09:32+00:00,FR,solar,xgboost_online,XGBoost with covariates,weather_4p+tso_forecast,2208,2026-08-03 09:00:00+00:00,14010.9677734375,14660.9638675,,2026-05-02 18:00:00+00:00,2026-08-02 17:00:00+00:00,online
2026-08-02,2026-08-10 08:09:32+00:00,FR,solar,xgboost_online,XGBoost with covariates,weather_4p+tso_forecast,2208,2026-08-03 10:00:00+00:00,14469.2001953125,16621.5175775,,2026-05-02 18:00:00+00:00,2026-08-02 17:00:00+00:00,online
2026-08-02,2026-08-10 08:09:32+00:00,FR,solar,xgboost_online,XGBoost with covariates,weather_4p+tso_forecast,2208,2026-08-03 11:00:00+00:00,14092.66796875,17661.0512675,,2026-05-02 18:00:00+00:00,2026-08-02 17:00:00+00:00,online
2026-08-02,2026-08-10 08:09:32+00:00,FR,solar,xgboost_online,XGBoost with covariates,weather_4p+tso_forecast,2208,2026-08-03 12:00:00+00:00,16062.421875,17793.27246,,2026-05-02 18:00:00+00:00,2026-08-02 17:00:00+00:00,online
2026-08-02,2026-08-10 08:09:32+00:00,FR,solar,xgboost_online,XGBoost with covariates,weather_4p+tso_forecast,2208,2026-08-03 13:00:00+00:00,16144.708984375,16509.3627925,,2026-05-02 18:00:00+00:00,2026-08-02 17:00:00+00:00,online
2026-08-02,2026-08-10 08:09:32+00:00,FR,solar,xgboost_online,XGBoost with covariates,weather_4p+tso_forecast,2208,2026-08-03 14:00:00+00:00,13677.8955078125,14308.638185,,2026-05-02 18:00:00+00:00,2026-08-02 17:00:00+00:00,online
2026-08-02,2026-08-10 08:09:32+00:00,FR,solar,xgboost_online,XGBoost with covariates,weather_4p+tso_forecast,2208,2026-08-03 15:00:00+00:00,11065.6455078125,11468.6853025,,2026-05-02 18:00:00+00:00,2026-08-02 17:00:00+00:00,online
2026-08-02,2026-08-10 08:09:32+00:00,FR,solar,xgboost_online,XGBoost with covariates,weather_4p+tso_forecast,2208,2026-08-03 16:00:00+00:00,7666.66259765625,7942.8564475,,2026-05-02 18:00:00+00:00,2026-08-02 17:00:00+00:00,online
2026-08-02,2026-08-10 08:09:32+00:00,FR,solar,xgboost_online,XGBoost with covariates,weather_4p+tso_forecast,2208,2026-08-03 17:00:00+00:00,4137.72802734375,4233.1399525,,2026-05-02 18:00:00+00:00,2026-08-02 17:00:00+00:00,online
2026-08-02,2026-08-10 08:09:32+00:00,FR,wind_onshore,tso_reference,TSO forecast,tso_forecast,2208,2026-08-02 18:00:00+00:00,1558.869995,1558.869995,,2026-05-02 18:00:00+00:00,2026-08-02 17:00:00+00:00,online
2026-08-02,2026-08-10 08:09:32+00:00,FR,wind_onshore,tso_reference,TSO forecast,tso_forecast,2208,2026-08-02 19:00:00+00:00,2345.9874875,2345.9874875,,2026-05-02 18:00:00+00:00,2026-08-02 17:00:00+00:00,online
2026-08-02,2026-08-10 08:09:32+00:00,FR,wind_onshore,tso_reference,TSO forecast,tso_forecast,2208,2026-08-02 20:00:00+00:00,3246.6375125,3246.6375125,,2026-05-02 18:00:00+00:00,2026-08-02 17:00:00+00:00,online
2026-08-02,2026-08-10 08:09:32+00:00,FR,wind_onshore,tso_reference,TSO forecast,tso_forecast,2208,2026-08-02 21:00:00+00:00,3693.70746,3693.70746,,2026-05-02 18:00:00+00:00,2026-08-02 17:00:00+00:00,online
2026-08-02,2026-08-10 08:09:32+00:00,FR,wind_onshore,tso_reference,TSO forecast,tso_forecast,2208,2026-08-02 22:00:00+00:00,3591.869995,3591.869995,,2026-05-02 18:00:00+00:00,2026-08-02 17:00:00+00:00,online
2026-08-02,2026-08-10 08:09:32+00:00,FR,wind_onshore,tso_reference,TSO forecast,tso_forecast,2208,2026-08-02 23:00:00+00:00,3289.577515,3289.577515,,2026-05-02 18:00:00+00:00,2026-08-02 17:00:00+00:00,online
2026-08-02,2026-08-10 08:09:32+00:00,FR,wind_onshore,tso_reference,TSO forecast,tso_forecast,2208,2026-08-03 00:00:00+00:00,2929.98999,2929.98999,,2026-05-02 18:00:00+00:00,2026-08-02 17:00:00+00:00,online
2026-08-02,2026-08-10 08:09:32+00:00,FR,wind_onshore,tso_reference,TSO forecast,tso_forecast,2208,2026-08-03 01:00:00+00:00,2665.99005,2665.99005,,2026-05-02 18:00:00+00:00,2026-08-02 17:00:00+00:00,online
2026-08-02,2026-08-10 08:09:32+00:00,FR,wind_onshore,tso_reference,TSO forecast,tso_forecast,2208,2026-08-03 02:00:00+00:00,2552.3624250000003,2552.3624250000003,,2026-05-02 18:00:00+00:00,2026-08-02 17:00:00+00:00,online
2026-08-02,2026-08-10 08:09:32+00:00,FR,wind_onshore,tso_reference,TSO forecast,tso_forecast,2208,2026-08-03 03:00:00+00:00,2525.067505,2525.067505,,2026-05-02 18:00:00+00:00,2026-08-02 17:00:00+00:00,online
2026-08-02,2026-08-10 08:09:32+00:00,FR,wind_onshore,tso_reference,TSO forecast,tso_forecast,2208,2026-08-03 04:00:00+00:00,2473.6675425000003,2473.6675425000003,,2026-05-02 18:00:00+00:00,2026-08-02 17:00:00+00:00,online
2026-08-02,2026-08-10 08:09:32+00:00,FR,wind_onshore,tso_reference,TSO forecast,tso_forecast,2208,2026-08-03 05:00:00+00:00,2334.5125125,2334.5125125,,2026-05-02 18:00:00+00:00,2026-08-02 17:00:00+00:00,online
2026-08-02,2026-08-10 08:09:32+00:00,FR,wind_onshore,tso_reference,TSO forecast,tso_forecast,2208,2026-08-03 06:00:00+00:00,2027.53,2027.53,,2026-05-02 18:00:00+00:00,2026-08-02 17:00:00+00:00,online
2026-08-02,2026-08-10 08:09:32+00:00,FR,wind_onshore,tso_reference,TSO forecast,tso_forecast,2208,2026-08-03 07:00:00+00:00,1505.92749,1505.92749,,2026-05-02 18:00:00+00:00,2026-08-02 17:00:00+00:00,online
2026-08-02,2026-08-10 08:09:32+00:00,FR,wind_onshore,tso_reference,TSO forecast,tso_forecast,2208,2026-08-03 08:00:00+00:00,1137.9149475,1137.9149475,,2026-05-02 18:00:00+00:00,2026-08-02 17:00:00+00:00,online
2026-08-02,2026-08-10 08:09:32+00:00,FR,wind_onshore,tso_reference,TSO forecast,tso_forecast,2208,2026-08-03 09:00:00+00:00,1194.0800175,1194.0800175,,2026-05-02 18:00:00+00:00,2026-08-02 17:00:00+00:00,online
2026-08-02,2026-08-10 08:09:32+00:00,FR,wind_onshore,tso_reference,TSO forecast,tso_forecast,2208,2026-08-03 10:00:00+00:00,1418.339995,1418.339995,,2026-05-02 18:00:00+00:00,2026-08-02 17:00:00+00:00,online
2026-08-02,2026-08-10 08:09:32+00:00,FR,wind_onshore,tso_reference,TSO forecast,tso_forecast,2208,2026-08-03 11:00:00+00:00,1637.83499,1637.83499,,2026-05-02 18:00:00+00:00,2026-08-02 17:00:00+00:00,online
2026-08-02,2026-08-10 08:09:32+00:00,FR,wind_onshore,tso_reference,TSO forecast,tso_forecast,2208,2026-08-03 12:00:00+00:00,1898.77249,1898.77249,,2026-05-02 18:00:00+00:00,2026-08-02 17:00:00+00:00,online
2026-08-02,2026-08-10 08:09:32+00:00,FR,wind_onshore,tso_reference,TSO forecast,tso_forecast,2208,2026-08-03 13:00:00+00:00,2483.94507,2483.94507,,2026-05-02 18:00:00+00:00,2026-08-02 17:00:00+00:00,online
2026-08-02,2026-08-10 08:09:32+00:00,FR,wind_onshore,tso_reference,TSO forecast,tso_forecast,2208,2026-08-03 14:00:00+00:00,2782.4500125,2782.4500125,,2026-05-02 18:00:00+00:00,2026-08-02 17:00:00+00:00,online
2026-08-02,2026-08-10 08:09:32+00:00,FR,wind_onshore,tso_reference,TSO forecast,tso_forecast,2208,2026-08-03 15:00:00+00:00,2835.59497,2835.59497,,2026-05-02 18:00:00+00:00,2026-08-02 17:00:00+00:00,online
2026-08-02,2026-08-10 08:09:32+00:00,FR,wind_onshore,tso_reference,TSO forecast,tso_forecast,2208,2026-08-03 16:00:00+00:00,2623.2100225,2623.2100225,,2026-05-02 18:00:00+00:00,2026-08-02 17:00:00+00:00,online
2026-08-02,2026-08-10 08:09:32+00:00,FR,wind_onshore,tso_reference,TSO forecast,tso_forecast,2208,2026-08-03 17:00:00+00:00,1736.0024725,1736.0024725,,2026-05-02 18:00:00+00:00,2026-08-02 17:00:00+00:00,online
2026-08-02,2026-08-10 08:09:32+00:00,FR,wind_onshore,persistence,Persistence,daily_persistence,2208,2026-08-02 18:00:00+00:00,2451.2325,1558.869995,,2026-05-02 18:00:00+00:00,2026-08-02 17:00:00+00:00,online
2026-08-02,2026-08-10 08:09:32+00:00,FR,wind_onshore,persistence,Persistence,daily_persistence,2208,2026-08-02 19:00:00+00:00,3127.3475,2345.9874875,,2026-05-02 18:00:00+00:00,2026-08-02 17:00:00+00:00,online
2026-08-02,2026-08-10 08:09:32+00:00,FR,wind_onshore,persistence,Persistence,daily_persistence,2208,2026-08-02 20:00:00+00:00,4334.545,3246.6375125,,2026-05-02 18:00:00+00:00,2026-08-02 17:00:00+00:00,online
2026-08-02,2026-08-10 08:09:32+00:00,FR,wind_onshore,persistence,Persistence,daily_persistence,2208,2026-08-02 21:00:00+00:00,5183.12,3693.70746,,2026-05-02 18:00:00+00:00,2026-08-02 17:00:00+00:00,online
2026-08-02,2026-08-10 08:09:32+00:00,FR,wind_onshore,persistence,Persistence,daily_persistence,2208,2026-08-02 22:00:00+00:00,5225.865,3591.869995,,2026-05-02 18:00:00+00:00,2026-08-02 17:00:00+00:00,online
2026-08-02,2026-08-10 08:09:32+00:00,FR,wind_onshore,persistence,Persistence,daily_persistence,2208,2026-08-02 23:00:00+00:00,4994.495,3289.577515,,2026-05-02 18:00:00+00:00,2026-08-02 17:00:00+00:00,online
2026-08-02,2026-08-10 08:09:32+00:00,FR,wind_onshore,persistence,Persistence,daily_persistence,2208,2026-08-03 00:00:00+00:00,4442.48,2929.98999,,2026-05-02 18:00:00+00:00,2026-08-02 17:00:00+00:00,online
2026-08-02,2026-08-10 08:09:32+00:00,FR,wind_onshore,persistence,Persistence,daily_persistence,2208,2026-08-03 01:00:00+00:00,3972.015,2665.99005,,2026-05-02 18:00:00+00:00,2026-08-02 17:00:00+00:00,online
2026-08-02,2026-08-10 08:09:32+00:00,FR,wind_onshore,persistence,Persistence,daily_persistence,2208,2026-08-03 02:00:00+00:00,3462.2925,2552.3624250000003,,2026-05-02 18:00:00+00:00,2026-08-02 17:00:00+00:00,online
2026-08-02,2026-08-10 08:09:32+00:00,FR,wind_onshore,persistence,Persistence,daily_persistence,2208,2026-08-03 03:00:00+00:00,3267.9575,2525.067505,,2026-05-02 18:00:00+00:00,2026-08-02 17:00:00+00:00,online
2026-08-02,2026-08-10 08:09:32+00:00,FR,wind_onshore,persistence,Persistence,daily_persistence,2208,2026-08-03 04:00:00+00:00,3280.945,2473.6675425000003,,2026-05-02 18:00:00+00:00,2026-08-02 17:00:00+00:00,online
2026-08-02,2026-08-10 08:09:32+00:00,FR,wind_onshore,persistence,Persistence,daily_persistence,2208,2026-08-03 05:00:00+00:00,3222.7975,2334.5125125,,2026-05-02 18:00:00+00:00,2026-08-02 17:00:00+00:00,online
2026-08-02,2026-08-10 08:09:32+00:00,FR,wind_onshore,persistence,Persistence,daily_persistence,2208,2026-08-03 06:00:00+00:00,2213.8075,2027.53,,2026-05-02 18:00:00+00:00,2026-08-02 17:00:00+00:00,online
2026-08-02,2026-08-10 08:09:32+00:00,FR,wind_onshore,persistence,Persistence,daily_persistence,2208,2026-08-03 07:00:00+00:00,1220.005,1505.92749,,2026-05-02 18:00:00+00:00,2026-08-02 17:00:00+00:00,online
2026-08-02,2026-08-10 08:09:32+00:00,FR,wind_onshore,persistence,Persistence,daily_persistence,2208,2026-08-03 08:00:00+00:00,1064.44,1137.9149475,,2026-05-02 18:00:00+00:00,2026-08-02 17:00:00+00:00,online
2026-08-02,2026-08-10 08:09:32+00:00,FR,wind_onshore,persistence,Persistence,daily_persistence,2208,2026-08-03 09:00:00+00:00,1972.6975,1194.0800175,,2026-05-02 18:00:00+00:00,2026-08-02 17:00:00+00:00,online
2026-08-02,2026-08-10 08:09:32+00:00,FR,wind_onshore,persistence,Persistence,daily_persistence,2208,2026-08-03 10:00:00+00:00,1959.2575,1418.339995,,2026-05-02 18:00:00+00:00,2026-08-02 17:00:00+00:00,online
2026-08-02,2026-08-10 08:09:32+00:00,FR,wind_onshore,persistence,Persistence,daily_persistence,2208,2026-08-03 11:00:00+00:00,1667.955,1637.83499,,2026-05-02 18:00:00+00:00,2026-08-02 17:00:00+00:00,online
2026-08-02,2026-08-10 08:09:32+00:00,FR,wind_onshore,persistence,Persistence,daily_persistence,2208,2026-08-03 12:00:00+00:00,1667.4975,1898.77249,,2026-05-02 18:00:00+00:00,2026-08-02 17:00:00+00:00,online
2026-08-02,2026-08-10 08:09:32+00:00,FR,wind_onshore,persistence,Persistence,daily_persistence,2208,2026-08-03 13:00:00+00:00,1539.7725,2483.94507,,2026-05-02 18:00:00+00:00,2026-08-02 17:00:00+00:00,online
2026-08-02,2026-08-10 08:09:32+00:00,FR,wind_onshore,persistence,Persistence,daily_persistence,2208,2026-08-03 14:00:00+00:00,1129.85,2782.4500125,,2026-05-02 18:00:00+00:00,2026-08-02 17:00:00+00:00,online
2026-08-02,2026-08-10 08:09:32+00:00,FR,wind_onshore,persistence,Persistence,daily_persistence,2208,2026-08-03 15:00:00+00:00,1281.56,2835.59497,,2026-05-02 18:00:00+00:00,2026-08-02 17:00:00+00:00,online
2026-08-02,2026-08-10 08:09:32+00:00,FR,wind_onshore,persistence,Persistence,daily_persistence,2208,2026-08-03 16:00:00+00:00,1432.2225,2623.2100225,,2026-05-02 18:00:00+00:00,2026-08-02 17:00:00+00:00,online
2026-08-02,2026-08-10 08:09:32+00:00,FR,wind_onshore,persistence,Persistence,daily_persistence,2208,2026-08-03 17:00:00+00:00,1562.3525,1736.0024725,,2026-05-02 18:00:00+00:00,2026-08-02 17:00:00+00:00,online
2026-08-02,2026-08-10 08:09:32+00:00,FR,wind_onshore,chronos2_online,Chronos2 with covariates,weather_4p+tso_forecast,2208,2026-08-02 18:00:00+00:00,1682.134521484375,1558.869995,,2026-05-02 18:00:00+00:00,2026-08-02 17:00:00+00:00,online
2026-08-02,2026-08-10 08:09:32+00:00,FR,wind_onshore,chronos2_online,Chronos2 with covariates,weather_4p+tso_forecast,2208,2026-08-02 19:00:00+00:00,2497.949951171875,2345.9874875,,2026-05-02 18:00:00+00:00,2026-08-02 17:00:00+00:00,online
2026-08-02,2026-08-10 08:09:32+00:00,FR,wind_onshore,chronos2_online,Chronos2 with covariates,weather_4p+tso_forecast,2208,2026-08-02 20:00:00+00:00,3462.02587890625,3246.6375125,,2026-05-02 18:00:00+00:00,2026-08-02 17:00:00+00:00,online
2026-08-02,2026-08-10 08:09:32+00:00,FR,wind_onshore,chronos2_online,Chronos2 with covariates,weather_4p+tso_forecast,2208,2026-08-02 21:00:00+00:00,4025.74072265625,3693.70746,,2026-05-02 18:00:00+00:00,2026-08-02 17:00:00+00:00,online
2026-08-02,2026-08-10 08:09:32+00:00,FR,wind_onshore,chronos2_online,Chronos2 with covariates,weather_4p+tso_forecast,2208,2026-08-02 22:00:00+00:00,3878.488037109375,3591.869995,,2026-05-02 18:00:00+00:00,2026-08-02 17:00:00+00:00,online
2026-08-02,2026-08-10 08:09:32+00:00,FR,wind_onshore,chronos2_online,Chronos2 with covariates,weather_4p+tso_forecast,2208,2026-08-02 23:00:00+00:00,3443.91845703125,3289.577515,,2026-05-02 18:00:00+00:00,2026-08-02 17:00:00+00:00,online
2026-08-02,2026-08-10 08:09:32+00:00,FR,wind_onshore,chronos2_online,Chronos2 with covariates,weather_4p+tso_forecast,2208,2026-08-03 00:00:00+00:00,3029.940185546875,2929.98999,,2026-05-02 18:00:00+00:00,2026-08-02 17:00:00+00:00,online
2026-08-02,2026-08-10 08:09:32+00:00,FR,wind_onshore,chronos2_online,Chronos2 with covariates,weather_4p+tso_forecast,2208,2026-08-03 01:00:00+00:00,2777.17919921875,2665.99005,,2026-05-02 18:00:00+00:00,2026-08-02 17:00:00+00:00,online
2026-08-02,2026-08-10 08:09:32+00:00,FR,wind_onshore,chronos2_online,Chronos2 with covariates,weather_4p+tso_forecast,2208,2026-08-03 02:00:00+00:00,2608.767578125,2552.3624250000003,,2026-05-02 18:00:00+00:00,2026-08-02 17:00:00+00:00,online
2026-08-02,2026-08-10 08:09:32+00:00,FR,wind_onshore,chronos2_online,Chronos2 with covariates,weather_4p+tso_forecast,2208,2026-08-03 03:00:00+00:00,2522.755126953125,2525.067505,,2026-05-02 18:00:00+00:00,2026-08-02 17:00:00+00:00,online
2026-08-02,2026-08-10 08:09:32+00:00,FR,wind_onshore,chronos2_online,Chronos2 with covariates,weather_4p+tso_forecast,2208,2026-08-03 04:00:00+00:00,2531.38232421875,2473.6675425000003,,2026-05-02 18:00:00+00:00,2026-08-02 17:00:00+00:00,online
2026-08-02,2026-08-10 08:09:32+00:00,FR,wind_onshore,chronos2_online,Chronos2 with covariates,weather_4p+tso_forecast,2208,2026-08-03 05:00:00+00:00,2483.516357421875,2334.5125125,,2026-05-02 18:00:00+00:00,2026-08-02 17:00:00+00:00,online
2026-08-02,2026-08-10 08:09:32+00:00,FR,wind_onshore,chronos2_online,Chronos2 with covariates,weather_4p+tso_forecast,2208,2026-08-03 06:00:00+00:00,2238.5478515625,2027.53,,2026-05-02 18:00:00+00:00,2026-08-02 17:00:00+00:00,online
2026-08-02,2026-08-10 08:09:32+00:00,FR,wind_onshore,chronos2_online,Chronos2 with covariates,weather_4p+tso_forecast,2208,2026-08-03 07:00:00+00:00,1935.0186767578125,1505.92749,,2026-05-02 18:00:00+00:00,2026-08-02 17:00:00+00:00,online
2026-08-02,2026-08-10 08:09:32+00:00,FR,wind_onshore,chronos2_online,Chronos2 with covariates,weather_4p+tso_forecast,2208,2026-08-03 08:00:00+00:00,1612.27880859375,1137.9149475,,2026-05-02 18:00:00+00:00,2026-08-02 17:00:00+00:00,online
2026-08-02,2026-08-10 08:09:32+00:00,FR,wind_onshore,chronos2_online,Chronos2 with covariates,weather_4p+tso_forecast,2208,2026-08-03 09:00:00+00:00,1678.4757080078125,1194.0800175,,2026-05-02 18:00:00+00:00,2026-08-02 17:00:00+00:00,online
2026-08-02,2026-08-10 08:09:32+00:00,FR,wind_onshore,chronos2_online,Chronos2 with covariates,weather_4p+tso_forecast,2208,2026-08-03 10:00:00+00:00,1836.8018798828125,1418.339995,,2026-05-02 18:00:00+00:00,2026-08-02 17:00:00+00:00,online
2026-08-02,2026-08-10 08:09:32+00:00,FR,wind_onshore,chronos2_online,Chronos2 with covariates,weather_4p+tso_forecast,2208,2026-08-03 11:00:00+00:00,2090.53759765625,1637.83499,,2026-05-02 18:00:00+00:00,2026-08-02 17:00:00+00:00,online
2026-08-02,2026-08-10 08:09:32+00:00,FR,wind_onshore,chronos2_online,Chronos2 with covariates,weather_4p+tso_forecast,2208,2026-08-03 12:00:00+00:00,2405.62060546875,1898.77249,,2026-05-02 18:00:00+00:00,2026-08-02 17:00:00+00:00,online
2026-08-02,2026-08-10 08:09:32+00:00,FR,wind_onshore,chronos2_online,Chronos2 with covariates,weather_4p+tso_forecast,2208,2026-08-03 13:00:00+00:00,3418.61279296875,2483.94507,,2026-05-02 18:00:00+00:00,2026-08-02 17:00:00+00:00,online
2026-08-02,2026-08-10 08:09:32+00:00,FR,wind_onshore,chronos2_online,Chronos2 with covariates,weather_4p+tso_forecast,2208,2026-08-03 14:00:00+00:00,3010.56396484375,2782.4500125,,2026-05-02 18:00:00+00:00,2026-08-02 17:00:00+00:00,online
2026-08-02,2026-08-10 08:09:32+00:00,FR,wind_onshore,chronos2_online,Chronos2 with covariates,weather_4p+tso_forecast,2208,2026-08-03 15:00:00+00:00,3103.145263671875,2835.59497,,2026-05-02 18:00:00+00:00,2026-08-02 17:00:00+00:00,online
2026-08-02,2026-08-10 08:09:32+00:00,FR,wind_onshore,chronos2_online,Chronos2 with covariates,weather_4p+tso_forecast,2208,2026-08-03 16:00:00+00:00,2873.28173828125,2623.2100225,,2026-05-02 18:00:00+00:00,2026-08-02 17:00:00+00:00,online
2026-08-02,2026-08-10 08:09:32+00:00,FR,wind_onshore,chronos2_online,Chronos2 with covariates,weather_4p+tso_forecast,2208,2026-08-03 17:00:00+00:00,3036.265625,1736.0024725,,2026-05-02 18:00:00+00:00,2026-08-02 17:00:00+00:00,online
2026-08-02,2026-08-10 08:09:32+00:00,FR,wind_onshore,xgboost_online,XGBoost with covariates,weather_4p+tso_forecast,2208,2026-08-02 18:00:00+00:00,1707.0760498046875,1558.869995,,2026-05-02 18:00:00+00:00,2026-08-02 17:00:00+00:00,online
2026-08-02,2026-08-10 08:09:32+00:00,FR,wind_onshore,xgboost_online,XGBoost with covariates,weather_4p+tso_forecast,2208,2026-08-02 19:00:00+00:00,2288.133544921875,2345.9874875,,2026-05-02 18:00:00+00:00,2026-08-02 17:00:00+00:00,online
2026-08-02,2026-08-10 08:09:32+00:00,FR,wind_onshore,xgboost_online,XGBoost with covariates,weather_4p+tso_forecast,2208,2026-08-02 20:00:00+00:00,3259.468505859375,3246.6375125,,2026-05-02 18:00:00+00:00,2026-08-02 17:00:00+00:00,online
2026-08-02,2026-08-10 08:09:32+00:00,FR,wind_onshore,xgboost_online,XGBoost with covariates,weather_4p+tso_forecast,2208,2026-08-02 21:00:00+00:00,3754.00927734375,3693.70746,,2026-05-02 18:00:00+00:00,2026-08-02 17:00:00+00:00,online
2026-08-02,2026-08-10 08:09:32+00:00,FR,wind_onshore,xgboost_online,XGBoost with covariates,weather_4p+tso_forecast,2208,2026-08-02 22:00:00+00:00,3668.1845703125,3591.869995,,2026-05-02 18:00:00+00:00,2026-08-02 17:00:00+00:00,online
2026-08-02,2026-08-10 08:09:32+00:00,FR,wind_onshore,xgboost_online,XGBoost with covariates,weather_4p+tso_forecast,2208,2026-08-02 23:00:00+00:00,3379.151123046875,3289.577515,,2026-05-02 18:00:00+00:00,2026-08-02 17:00:00+00:00,online
2026-08-02,2026-08-10 08:09:32+00:00,FR,wind_onshore,xgboost_online,XGBoost with covariates,weather_4p+tso_forecast,2208,2026-08-03 00:00:00+00:00,3033.6435546875,2929.98999,,2026-05-02 18:00:00+00:00,2026-08-02 17:00:00+00:00,online
2026-08-02,2026-08-10 08:09:32+00:00,FR,wind_onshore,xgboost_online,XGBoost with covariates,weather_4p+tso_forecast,2208,2026-08-03 01:00:00+00:00,2953.508544921875,2665.99005,,2026-05-02 18:00:00+00:00,2026-08-02 17:00:00+00:00,online
2026-08-02,2026-08-10 08:09:32+00:00,FR,wind_onshore,xgboost_online,XGBoost with covariates,weather_4p+tso_forecast,2208,2026-08-03 02:00:00+00:00,2751.01416015625,2552.3624250000003,,2026-05-02 18:00:00+00:00,2026-08-02 17:00:00+00:00,online
2026-08-02,2026-08-10 08:09:32+00:00,FR,wind_onshore,xgboost_online,XGBoost with covariates,weather_4p+tso_forecast,2208,2026-08-03 03:00:00+00:00,2751.01416015625,2525.067505,,2026-05-02 18:00:00+00:00,2026-08-02 17:00:00+00:00,online
2026-08-02,2026-08-10 08:09:32+00:00,FR,wind_onshore,xgboost_online,XGBoost with covariates,weather_4p+tso_forecast,2208,2026-08-03 04:00:00+00:00,2495.097900390625,2473.6675425000003,,2026-05-02 18:00:00+00:00,2026-08-02 17:00:00+00:00,online
2026-08-02,2026-08-10 08:09:32+00:00,FR,wind_onshore,xgboost_online,XGBoost with covariates,weather_4p+tso_forecast,2208,2026-08-03 05:00:00+00:00,2409.896728515625,2334.5125125,,2026-05-02 18:00:00+00:00,2026-08-02 17:00:00+00:00,online
2026-08-02,2026-08-10 08:09:32+00:00,FR,wind_onshore,xgboost_online,XGBoost with covariates,weather_4p+tso_forecast,2208,2026-08-03 06:00:00+00:00,2190.525390625,2027.53,,2026-05-02 18:00:00+00:00,2026-08-02 17:00:00+00:00,online
2026-08-02,2026-08-10 08:09:32+00:00,FR,wind_onshore,xgboost_online,XGBoost with covariates,weather_4p+tso_forecast,2208,2026-08-03 07:00:00+00:00,1867.8529052734375,1505.92749,,2026-05-02 18:00:00+00:00,2026-08-02 17:00:00+00:00,online
2026-08-02,2026-08-10 08:09:32+00:00,FR,wind_onshore,xgboost_online,XGBoost with covariates,weather_4p+tso_forecast,2208,2026-08-03 08:00:00+00:00,1360.9156494140625,1137.9149475,,2026-05-02 18:00:00+00:00,2026-08-02 17:00:00+00:00,online
2026-08-02,2026-08-10 08:09:32+00:00,FR,wind_onshore,xgboost_online,XGBoost with covariates,weather_4p+tso_forecast,2208,2026-08-03 09:00:00+00:00,1346.0257568359375,1194.0800175,,2026-05-02 18:00:00+00:00,2026-08-02 17:00:00+00:00,online
2026-08-02,2026-08-10 08:09:32+00:00,FR,wind_onshore,xgboost_online,XGBoost with covariates,weather_4p+tso_forecast,2208,2026-08-03 10:00:00+00:00,1633.4549560546875,1418.339995,,2026-05-02 18:00:00+00:00,2026-08-02 17:00:00+00:00,online
2026-08-02,2026-08-10 08:09:32+00:00,FR,wind_onshore,xgboost_online,XGBoost with covariates,weather_4p+tso_forecast,2208,2026-08-03 11:00:00+00:00,1798.2823486328125,1637.83499,,2026-05-02 18:00:00+00:00,2026-08-02 17:00:00+00:00,online
2026-08-02,2026-08-10 08:09:32+00:00,FR,wind_onshore,xgboost_online,XGBoost with covariates,weather_4p+tso_forecast,2208,2026-08-03 12:00:00+00:00,2146.825439453125,1898.77249,,2026-05-02 18:00:00+00:00,2026-08-02 17:00:00+00:00,online
2026-08-02,2026-08-10 08:09:32+00:00,FR,wind_onshore,xgboost_online,XGBoost with covariates,weather_4p+tso_forecast,2208,2026-08-03 13:00:00+00:00,3266.70556640625,2483.94507,,2026-05-02 18:00:00+00:00,2026-08-02 17:00:00+00:00,online
2026-08-02,2026-08-10 08:09:32+00:00,FR,wind_onshore,xgboost_online,XGBoost with covariates,weather_4p+tso_forecast,2208,2026-08-03 14:00:00+00:00,3007.00830078125,2782.4500125,,2026-05-02 18:00:00+00:00,2026-08-02 17:00:00+00:00,online
2026-08-02,2026-08-10 08:09:32+00:00,FR,wind_onshore,xgboost_online,XGBoost with covariates,weather_4p+tso_forecast,2208,2026-08-03 15:00:00+00:00,3044.1474609375,2835.59497,,2026-05-02 18:00:00+00:00,2026-08-02 17:00:00+00:00,online
2026-08-02,2026-08-10 08:09:32+00:00,FR,wind_onshore,xgboost_online,XGBoost with covariates,weather_4p+tso_forecast,2208,2026-08-03 16:00:00+00:00,2898.302734375,2623.2100225,,2026-05-02 18:00:00+00:00,2026-08-02 17:00:00+00:00,online
2026-08-02,2026-08-10 08:09:32+00:00,FR,wind_onshore,xgboost_online,XGBoost with covariates,weather_4p+tso_forecast,2208,2026-08-03 17:00:00+00:00,2665.374755859375,1736.0024725,,2026-05-02 18:00:00+00:00,2026-08-02 17:00:00+00:00,online
2026-08-02,2026-08-10 08:09:32+00:00,FR,wind_offshore,tso_reference,TSO forecast,tso_forecast,2208,2026-08-02 18:00:00+00:00,599.40501,599.40501,,2026-05-02 18:00:00+00:00,2026-08-02 17:00:00+00:00,online
2026-08-02,2026-08-10 08:09:32+00:00,FR,wind_offshore,tso_reference,TSO forecast,tso_forecast,2208,2026-08-02 19:00:00+00:00,644.8574975,644.8574975,,2026-05-02 18:00:00+00:00,2026-08-02 17:00:00+00:00,online
2026-08-02,2026-08-10 08:09:32+00:00,FR,wind_offshore,tso_reference,TSO forecast,tso_forecast,2208,2026-08-02 20:00:00+00:00,689.2050025,689.2050025,,2026-05-02 18:00:00+00:00,2026-08-02 17:00:00+00:00,online
2026-08-02,2026-08-10 08:09:32+00:00,FR,wind_offshore,tso_reference,TSO forecast,tso_forecast,2208,2026-08-02 21:00:00+00:00,666.7650125,666.7650125,,2026-05-02 18:00:00+00:00,2026-08-02 17:00:00+00:00,online
2026-08-02,2026-08-10 08:09:32+00:00,FR,wind_offshore,tso_reference,TSO forecast,tso_forecast,2208,2026-08-02 22:00:00+00:00,578.9374875,578.9374875,,2026-05-02 18:00:00+00:00,2026-08-02 17:00:00+00:00,online
2026-08-02,2026-08-10 08:09:32+00:00,FR,wind_offshore,tso_reference,TSO forecast,tso_forecast,2208,2026-08-02 23:00:00+00:00,518.9375075,518.9375075,,2026-05-02 18:00:00+00:00,2026-08-02 17:00:00+00:00,online
2026-08-02,2026-08-10 08:09:32+00:00,FR,wind_offshore,tso_reference,TSO forecast,tso_forecast,2208,2026-08-03 00:00:00+00:00,429.7275,429.7275,,2026-05-02 18:00:00+00:00,2026-08-02 17:00:00+00:00,online
2026-08-02,2026-08-10 08:09:32+00:00,FR,wind_offshore,tso_reference,TSO forecast,tso_forecast,2208,2026-08-03 01:00:00+00:00,328.9974975,328.9974975,,2026-05-02 18:00:00+00:00,2026-08-02 17:00:00+00:00,online
2026-08-02,2026-08-10 08:09:32+00:00,FR,wind_offshore,tso_reference,TSO forecast,tso_forecast,2208,2026-08-03 02:00:00+00:00,210.720005,210.720005,,2026-05-02 18:00:00+00:00,2026-08-02 17:00:00+00:00,online
2026-08-02,2026-08-10 08:09:32+00:00,FR,wind_offshore,tso_reference,TSO forecast,tso_forecast,2208,2026-08-03 03:00:00+00:00,132.1749975,132.1749975,,2026-05-02 18:00:00+00:00,2026-08-02 17:00:00+00:00,online
2026-08-02,2026-08-10 08:09:32+00:00,FR,wind_offshore,tso_reference,TSO forecast,tso_forecast,2208,2026-08-03 04:00:00+00:00,106.297495,106.297495,,2026-05-02 18:00:00+00:00,2026-08-02 17:00:00+00:00,online
2026-08-02,2026-08-10 08:09:32+00:00,FR,wind_offshore,tso_reference,TSO forecast,tso_forecast,2208,2026-08-03 05:00:00+00:00,92.925005,92.925005,,2026-05-02 18:00:00+00:00,2026-08-02 17:00:00+00:00,online
2026-08-02,2026-08-10 08:09:32+00:00,FR,wind_offshore,tso_reference,TSO forecast,tso_forecast,2208,2026-08-03 06:00:00+00:00,84.4724975,84.4724975,,2026-05-02 18:00:00+00:00,2026-08-02 17:00:00+00:00,online
2026-08-02,2026-08-10 08:09:32+00:00,FR,wind_offshore,tso_reference,TSO forecast,tso_forecast,2208,2026-08-03 07:00:00+00:00,95.1324975,95.1324975,,2026-05-02 18:00:00+00:00,2026-08-02 17:00:00+00:00,online
2026-08-02,2026-08-10 08:09:32+00:00,FR,wind_offshore,tso_reference,TSO forecast,tso_forecast,2208,2026-08-03 08:00:00+00:00,104.1075025,104.1075025,,2026-05-02 18:00:00+00:00,2026-08-02 17:00:00+00:00,online
2026-08-02,2026-08-10 08:09:32+00:00,FR,wind_offshore,tso_reference,TSO forecast,tso_forecast,2208,2026-08-03 09:00:00+00:00,138.45,138.45,,2026-05-02 18:00:00+00:00,2026-08-02 17:00:00+00:00,online
2026-08-02,2026-08-10 08:09:32+00:00,FR,wind_offshore,tso_reference,TSO forecast,tso_forecast,2208,2026-08-03 10:00:00+00:00,270.172505,270.172505,,2026-05-02 18:00:00+00:00,2026-08-02 17:00:00+00:00,online
2026-08-02,2026-08-10 08:09:32+00:00,FR,wind_offshore,tso_reference,TSO forecast,tso_forecast,2208,2026-08-03 11:00:00+00:00,365.5299975,365.5299975,,2026-05-02 18:00:00+00:00,2026-08-02 17:00:00+00:00,online
2026-08-02,2026-08-10 08:09:32+00:00,FR,wind_offshore,tso_reference,TSO forecast,tso_forecast,2208,2026-08-03 12:00:00+00:00,371.2850025,371.2850025,,2026-05-02 18:00:00+00:00,2026-08-02 17:00:00+00:00,online
2026-08-02,2026-08-10 08:09:32+00:00,FR,wind_offshore,tso_reference,TSO forecast,tso_forecast,2208,2026-08-03 13:00:00+00:00,441.6199875,441.6199875,,2026-05-02 18:00:00+00:00,2026-08-02 17:00:00+00:00,online
2026-08-02,2026-08-10 08:09:32+00:00,FR,wind_offshore,tso_reference,TSO forecast,tso_forecast,2208,2026-08-03 14:00:00+00:00,455.17749,455.17749,,2026-05-02 18:00:00+00:00,2026-08-02 17:00:00+00:00,online
2026-08-02,2026-08-10 08:09:32+00:00,FR,wind_offshore,tso_reference,TSO forecast,tso_forecast,2208,2026-08-03 15:00:00+00:00,417.3975075,417.3975075,,2026-05-02 18:00:00+00:00,2026-08-02 17:00:00+00:00,online
2026-08-02,2026-08-10 08:09:32+00:00,FR,wind_offshore,tso_reference,TSO forecast,tso_forecast,2208,2026-08-03 16:00:00+00:00,378.2300025,378.2300025,,2026-05-02 18:00:00+00:00,2026-08-02 17:00:00+00:00,online
2026-08-02,2026-08-10 08:09:32+00:00,FR,wind_offshore,tso_reference,TSO forecast,tso_forecast,2208,2026-08-03 17:00:00+00:00,338.6525125,338.6525125,,2026-05-02 18:00:00+00:00,2026-08-02 17:00:00+00:00,online
2026-08-02,2026-08-10 08:09:32+00:00,FR,wind_offshore,persistence,Persistence,daily_persistence,2208,2026-08-02 18:00:00+00:00,559.4375,599.40501,,2026-05-02 18:00:00+00:00,2026-08-02 17:00:00+00:00,online
2026-08-02,2026-08-10 08:09:32+00:00,FR,wind_offshore,persistence,Persistence,daily_persistence,2208,2026-08-02 19:00:00+00:00,610.3425,644.8574975,,2026-05-02 18:00:00+00:00,2026-08-02 17:00:00+00:00,online
2026-08-02,2026-08-10 08:09:32+00:00,FR,wind_offshore,persistence,Persistence,daily_persistence,2208,2026-08-02 20:00:00+00:00,743.405,689.2050025,,2026-05-02 18:00:00+00:00,2026-08-02 17:00:00+00:00,online
2026-08-02,2026-08-10 08:09:32+00:00,FR,wind_offshore,persistence,Persistence,daily_persistence,2208,2026-08-02 21:00:00+00:00,831.435,666.7650125,,2026-05-02 18:00:00+00:00,2026-08-02 17:00:00+00:00,online
2026-08-02,2026-08-10 08:09:32+00:00,FR,wind_offshore,persistence,Persistence,daily_persistence,2208,2026-08-02 22:00:00+00:00,786.7049999999999,578.9374875,,2026-05-02 18:00:00+00:00,2026-08-02 17:00:00+00:00,online
2026-08-02,2026-08-10 08:09:32+00:00,FR,wind_offshore,persistence,Persistence,daily_persistence,2208,2026-08-02 23:00:00+00:00,731.185,518.9375075,,2026-05-02 18:00:00+00:00,2026-08-02 17:00:00+00:00,online
2026-08-02,2026-08-10 08:09:32+00:00,FR,wind_offshore,persistence,Persistence,daily_persistence,2208,2026-08-03 00:00:00+00:00,662.0575,429.7275,,2026-05-02 18:00:00+00:00,2026-08-02 17:00:00+00:00,online
2026-08-02,2026-08-10 08:09:32+00:00,FR,wind_offshore,persistence,Persistence,daily_persistence,2208,2026-08-03 01:00:00+00:00,568.4,328.9974975,,2026-05-02 18:00:00+00:00,2026-08-02 17:00:00+00:00,online
2026-08-02,2026-08-10 08:09:32+00:00,FR,wind_offshore,persistence,Persistence,daily_persistence,2208,2026-08-03 02:00:00+00:00,571.0975,210.720005,,2026-05-02 18:00:00+00:00,2026-08-02 17:00:00+00:00,online
2026-08-02,2026-08-10 08:09:32+00:00,FR,wind_offshore,persistence,Persistence,daily_persistence,2208,2026-08-03 03:00:00+00:00,542.3775,132.1749975,,2026-05-02 18:00:00+00:00,2026-08-02 17:00:00+00:00,online
2026-08-02,2026-08-10 08:09:32+00:00,FR,wind_offshore,persistence,Persistence,daily_persistence,2208,2026-08-03 04:00:00+00:00,497.29,106.297495,,2026-05-02 18:00:00+00:00,2026-08-02 17:00:00+00:00,online
2026-08-02,2026-08-10 08:09:32+00:00,FR,wind_offshore,persistence,Persistence,daily_persistence,2208,2026-08-03 05:00:00+00:00,427.8775,92.925005,,2026-05-02 18:00:00+00:00,2026-08-02 17:00:00+00:00,online
2026-08-02,2026-08-10 08:09:32+00:00,FR,wind_offshore,persistence,Persistence,daily_persistence,2208,2026-08-03 06:00:00+00:00,353.55,84.4724975,,2026-05-02 18:00:00+00:00,2026-08-02 17:00:00+00:00,online
2026-08-02,2026-08-10 08:09:32+00:00,FR,wind_offshore,persistence,Persistence,daily_persistence,2208,2026-08-03 07:00:00+00:00,254.5875,95.1324975,,2026-05-02 18:00:00+00:00,2026-08-02 17:00:00+00:00,online
2026-08-02,2026-08-10 08:09:32+00:00,FR,wind_offshore,persistence,Persistence,daily_persistence,2208,2026-08-03 08:00:00+00:00,130.7425,104.1075025,,2026-05-02 18:00:00+00:00,2026-08-02 17:00:00+00:00,online
2026-08-02,2026-08-10 08:09:32+00:00,FR,wind_offshore,persistence,Persistence,daily_persistence,2208,2026-08-03 09:00:00+00:00,103.465,138.45,,2026-05-02 18:00:00+00:00,2026-08-02 17:00:00+00:00,online
2026-08-02,2026-08-10 08:09:32+00:00,FR,wind_offshore,persistence,Persistence,daily_persistence,2208,2026-08-03 10:00:00+00:00,87.83500000000001,270.172505,,2026-05-02 18:00:00+00:00,2026-08-02 17:00:00+00:00,online
2026-08-02,2026-08-10 08:09:32+00:00,FR,wind_offshore,persistence,Persistence,daily_persistence,2208,2026-08-03 11:00:00+00:00,74.46,365.5299975,,2026-05-02 18:00:00+00:00,2026-08-02 17:00:00+00:00,online
2026-08-02,2026-08-10 08:09:32+00:00,FR,wind_offshore,persistence,Persistence,daily_persistence,2208,2026-08-03 12:00:00+00:00,110.1275,371.2850025,,2026-05-02 18:00:00+00:00,2026-08-02 17:00:00+00:00,online
2026-08-02,2026-08-10 08:09:32+00:00,FR,wind_offshore,persistence,Persistence,daily_persistence,2208,2026-08-03 13:00:00+00:00,302.4,441.6199875,,2026-05-02 18:00:00+00:00,2026-08-02 17:00:00+00:00,online
2026-08-02,2026-08-10 08:09:32+00:00,FR,wind_offshore,persistence,Persistence,daily_persistence,2208,2026-08-03 14:00:00+00:00,460.9675,455.17749,,2026-05-02 18:00:00+00:00,2026-08-02 17:00:00+00:00,online
2026-08-02,2026-08-10 08:09:32+00:00,FR,wind_offshore,persistence,Persistence,daily_persistence,2208,2026-08-03 15:00:00+00:00,598.6825,417.3975075,,2026-05-02 18:00:00+00:00,2026-08-02 17:00:00+00:00,online
2026-08-02,2026-08-10 08:09:32+00:00,FR,wind_offshore,persistence,Persistence,daily_persistence,2208,2026-08-03 16:00:00+00:00,593.1725,378.2300025,,2026-05-02 18:00:00+00:00,2026-08-02 17:00:00+00:00,online
2026-08-02,2026-08-10 08:09:32+00:00,FR,wind_offshore,persistence,Persistence,daily_persistence,2208,2026-08-03 17:00:00+00:00,609.9625,338.6525125,,2026-05-02 18:00:00+00:00,2026-08-02 17:00:00+00:00,online
2026-08-02,2026-08-10 08:09:32+00:00,FR,wind_offshore,chronos2_online,Chronos2 with covariates,weather_4p+tso_forecast,2208,2026-08-02 18:00:00+00:00,641.6366577148438,599.40501,,2026-05-02 18:00:00+00:00,2026-08-02 17:00:00+00:00,online
2026-08-02,2026-08-10 08:09:32+00:00,FR,wind_offshore,chronos2_online,Chronos2 with covariates,weather_4p+tso_forecast,2208,2026-08-02 19:00:00+00:00,682.2940673828125,644.8574975,,2026-05-02 18:00:00+00:00,2026-08-02 17:00:00+00:00,online
2026-08-02,2026-08-10 08:09:32+00:00,FR,wind_offshore,chronos2_online,Chronos2 with covariates,weather_4p+tso_forecast,2208,2026-08-02 20:00:00+00:00,687.2418212890625,689.2050025,,2026-05-02 18:00:00+00:00,2026-08-02 17:00:00+00:00,online
2026-08-02,2026-08-10 08:09:32+00:00,FR,wind_offshore,chronos2_online,Chronos2 with covariates,weather_4p+tso_forecast,2208,2026-08-02 21:00:00+00:00,661.50390625,666.7650125,,2026-05-02 18:00:00+00:00,2026-08-02 17:00:00+00:00,online
2026-08-02,2026-08-10 08:09:32+00:00,FR,wind_offshore,chronos2_online,Chronos2 with covariates,weather_4p+tso_forecast,2208,2026-08-02 22:00:00+00:00,598.4136352539062,578.9374875,,2026-05-02 18:00:00+00:00,2026-08-02 17:00:00+00:00,online
2026-08-02,2026-08-10 08:09:32+00:00,FR,wind_offshore,chronos2_online,Chronos2 with covariates,weather_4p+tso_forecast,2208,2026-08-02 23:00:00+00:00,434.731689453125,518.9375075,,2026-05-02 18:00:00+00:00,2026-08-02 17:00:00+00:00,online
2026-08-02,2026-08-10 08:09:32+00:00,FR,wind_offshore,chronos2_online,Chronos2 with covariates,weather_4p+tso_forecast,2208,2026-08-03 00:00:00+00:00,334.84844970703125,429.7275,,2026-05-02 18:00:00+00:00,2026-08-02 17:00:00+00:00,online
2026-08-02,2026-08-10 08:09:32+00:00,FR,wind_offshore,chronos2_online,Chronos2 with covariates,weather_4p+tso_forecast,2208,2026-08-03 01:00:00+00:00,272.1604919433594,328.9974975,,2026-05-02 18:00:00+00:00,2026-08-02 17:00:00+00:00,online
2026-08-02,2026-08-10 08:09:32+00:00,FR,wind_offshore,chronos2_online,Chronos2 with covariates,weather_4p+tso_forecast,2208,2026-08-03 02:00:00+00:00,223.21273803710935,210.720005,,2026-05-02 18:00:00+00:00,2026-08-02 17:00:00+00:00,online
2026-08-02,2026-08-10 08:09:32+00:00,FR,wind_offshore,chronos2_online,Chronos2 with covariates,weather_4p+tso_forecast,2208,2026-08-03 03:00:00+00:00,172.92233276367188,132.1749975,,2026-05-02 18:00:00+00:00,2026-08-02 17:00:00+00:00,online
2026-08-02,2026-08-10 08:09:32+00:00,FR,wind_offshore,chronos2_online,Chronos2 with covariates,weather_4p+tso_forecast,2208,2026-08-03 04:00:00+00:00,134.69833374023438,106.297495,,2026-05-02 18:00:00+00:00,2026-08-02 17:00:00+00:00,online
2026-08-02,2026-08-10 08:09:32+00:00,FR,wind_offshore,chronos2_online,Chronos2 with covariates,weather_4p+tso_forecast,2208,2026-08-03 05:00:00+00:00,102.19473266601562,92.925005,,2026-05-02 18:00:00+00:00,2026-08-02 17:00:00+00:00,online
2026-08-02,2026-08-10 08:09:32+00:00,FR,wind_offshore,chronos2_online,Chronos2 with covariates,weather_4p+tso_forecast,2208,2026-08-03 06:00:00+00:00,89.35964965820312,84.4724975,,2026-05-02 18:00:00+00:00,2026-08-02 17:00:00+00:00,online
2026-08-02,2026-08-10 08:09:32+00:00,FR,wind_offshore,chronos2_online,Chronos2 with covariates,weather_4p+tso_forecast,2208,2026-08-03 07:00:00+00:00,99.30252075195312,95.1324975,,2026-05-02 18:00:00+00:00,2026-08-02 17:00:00+00:00,online
2026-08-02,2026-08-10 08:09:32+00:00,FR,wind_offshore,chronos2_online,Chronos2 with covariates,weather_4p+tso_forecast,2208,2026-08-03 08:00:00+00:00,130.24063110351562,104.1075025,,2026-05-02 18:00:00+00:00,2026-08-02 17:00:00+00:00,online
2026-08-02,2026-08-10 08:09:32+00:00,FR,wind_offshore,chronos2_online,Chronos2 with covariates,weather_4p+tso_forecast,2208,2026-08-03 09:00:00+00:00,119.99423217773438,138.45,,2026-05-02 18:00:00+00:00,2026-08-02 17:00:00+00:00,online
2026-08-02,2026-08-10 08:09:32+00:00,FR,wind_offshore,chronos2_online,Chronos2 with covariates,weather_4p+tso_forecast,2208,2026-08-03 10:00:00+00:00,137.24932861328125,270.172505,,2026-05-02 18:00:00+00:00,2026-08-02 17:00:00+00:00,online
2026-08-02,2026-08-10 08:09:32+00:00,FR,wind_offshore,chronos2_online,Chronos2 with covariates,weather_4p+tso_forecast,2208,2026-08-03 11:00:00+00:00,187.73028564453125,365.5299975,,2026-05-02 18:00:00+00:00,2026-08-02 17:00:00+00:00,online
2026-08-02,2026-08-10 08:09:32+00:00,FR,wind_offshore,chronos2_online,Chronos2 with covariates,weather_4p+tso_forecast,2208,2026-08-03 12:00:00+00:00,243.88815307617188,371.2850025,,2026-05-02 18:00:00+00:00,2026-08-02 17:00:00+00:00,online
2026-08-02,2026-08-10 08:09:32+00:00,FR,wind_offshore,chronos2_online,Chronos2 with covariates,weather_4p+tso_forecast,2208,2026-08-03 13:00:00+00:00,334.8926086425781,441.6199875,,2026-05-02 18:00:00+00:00,2026-08-02 17:00:00+00:00,online
2026-08-02,2026-08-10 08:09:32+00:00,FR,wind_offshore,chronos2_online,Chronos2 with covariates,weather_4p+tso_forecast,2208,2026-08-03 14:00:00+00:00,372.48724365234375,455.17749,,2026-05-02 18:00:00+00:00,2026-08-02 17:00:00+00:00,online
2026-08-02,2026-08-10 08:09:32+00:00,FR,wind_offshore,chronos2_online,Chronos2 with covariates,weather_4p+tso_forecast,2208,2026-08-03 15:00:00+00:00,432.0990295410156,417.3975075,,2026-05-02 18:00:00+00:00,2026-08-02 17:00:00+00:00,online
2026-08-02,2026-08-10 08:09:32+00:00,FR,wind_offshore,chronos2_online,Chronos2 with covariates,weather_4p+tso_forecast,2208,2026-08-03 16:00:00+00:00,460.24322509765625,378.2300025,,2026-05-02 18:00:00+00:00,2026-08-02 17:00:00+00:00,online
2026-08-02,2026-08-10 08:09:32+00:00,FR,wind_offshore,chronos2_online,Chronos2 with covariates,weather_4p+tso_forecast,2208,2026-08-03 17:00:00+00:00,458.1603698730469,338.6525125,,2026-05-02 18:00:00+00:00,2026-08-02 17:00:00+00:00,online
2026-08-02,2026-08-10 08:09:32+00:00,FR,wind_offshore,xgboost_online,XGBoost with covariates,weather_4p+tso_forecast,2208,2026-08-02 18:00:00+00:00,651.25048828125,599.40501,,2026-05-02 18:00:00+00:00,2026-08-02 17:00:00+00:00,online
2026-08-02,2026-08-10 08:09:32+00:00,FR,wind_offshore,xgboost_online,XGBoost with covariates,weather_4p+tso_forecast,2208,2026-08-02 19:00:00+00:00,860.652099609375,644.8574975,,2026-05-02 18:00:00+00:00,2026-08-02 17:00:00+00:00,online
2026-08-02,2026-08-10 08:09:32+00:00,FR,wind_offshore,xgboost_online,XGBoost with covariates,weather_4p+tso_forecast,2208,2026-08-02 20:00:00+00:00,816.1822509765625,689.2050025,,2026-05-02 18:00:00+00:00,2026-08-02 17:00:00+00:00,online
2026-08-02,2026-08-10 08:09:32+00:00,FR,wind_offshore,xgboost_online,XGBoost with covariates,weather_4p+tso_forecast,2208,2026-08-02 21:00:00+00:00,800.8025512695312,666.7650125,,2026-05-02 18:00:00+00:00,2026-08-02 17:00:00+00:00,online
2026-08-02,2026-08-10 08:09:32+00:00,FR,wind_offshore,xgboost_online,XGBoost with covariates,weather_4p+tso_forecast,2208,2026-08-02 22:00:00+00:00,727.8419189453125,578.9374875,,2026-05-02 18:00:00+00:00,2026-08-02 17:00:00+00:00,online
2026-08-02,2026-08-10 08:09:32+00:00,FR,wind_offshore,xgboost_online,XGBoost with covariates,weather_4p+tso_forecast,2208,2026-08-02 23:00:00+00:00,552.4786376953125,518.9375075,,2026-05-02 18:00:00+00:00,2026-08-02 17:00:00+00:00,online
2026-08-02,2026-08-10 08:09:32+00:00,FR,wind_offshore,xgboost_online,XGBoost with covariates,weather_4p+tso_forecast,2208,2026-08-03 00:00:00+00:00,379.4511413574219,429.7275,,2026-05-02 18:00:00+00:00,2026-08-02 17:00:00+00:00,online
2026-08-02,2026-08-10 08:09:32+00:00,FR,wind_offshore,xgboost_online,XGBoost with covariates,weather_4p+tso_forecast,2208,2026-08-03 01:00:00+00:00,266.4083251953125,328.9974975,,2026-05-02 18:00:00+00:00,2026-08-02 17:00:00+00:00,online
2026-08-02,2026-08-10 08:09:32+00:00,FR,wind_offshore,xgboost_online,XGBoost with covariates,weather_4p+tso_forecast,2208,2026-08-03 02:00:00+00:00,159.1372833251953,210.720005,,2026-05-02 18:00:00+00:00,2026-08-02 17:00:00+00:00,online
2026-08-02,2026-08-10 08:09:32+00:00,FR,wind_offshore,xgboost_online,XGBoost with covariates,weather_4p+tso_forecast,2208,2026-08-03 03:00:00+00:00,105.05369567871094,132.1749975,,2026-05-02 18:00:00+00:00,2026-08-02 17:00:00+00:00,online
2026-08-02,2026-08-10 08:09:32+00:00,FR,wind_offshore,xgboost_online,XGBoost with covariates,weather_4p+tso_forecast,2208,2026-08-03 04:00:00+00:00,99.92634582519533,106.297495,,2026-05-02 18:00:00+00:00,2026-08-02 17:00:00+00:00,online
2026-08-02,2026-08-10 08:09:32+00:00,FR,wind_offshore,xgboost_online,XGBoost with covariates,weather_4p+tso_forecast,2208,2026-08-03 05:00:00+00:00,87.77717590332031,92.925005,,2026-05-02 18:00:00+00:00,2026-08-02 17:00:00+00:00,online
2026-08-02,2026-08-10 08:09:32+00:00,FR,wind_offshore,xgboost_online,XGBoost with covariates,weather_4p+tso_forecast,2208,2026-08-03 06:00:00+00:00,79.42467498779297,84.4724975,,2026-05-02 18:00:00+00:00,2026-08-02 17:00:00+00:00,online
2026-08-02,2026-08-10 08:09:32+00:00,FR,wind_offshore,xgboost_online,XGBoost with covariates,weather_4p+tso_forecast,2208,2026-08-03 07:00:00+00:00,80.38067626953125,95.1324975,,2026-05-02 18:00:00+00:00,2026-08-02 17:00:00+00:00,online
2026-08-02,2026-08-10 08:09:32+00:00,FR,wind_offshore,xgboost_online,XGBoost with covariates,weather_4p+tso_forecast,2208,2026-08-03 08:00:00+00:00,88.48792266845703,104.1075025,,2026-05-02 18:00:00+00:00,2026-08-02 17:00:00+00:00,online
2026-08-02,2026-08-10 08:09:32+00:00,FR,wind_offshore,xgboost_online,XGBoost with covariates,weather_4p+tso_forecast,2208,2026-08-03 09:00:00+00:00,93.01632690429688,138.45,,2026-05-02 18:00:00+00:00,2026-08-02 17:00:00+00:00,online
2026-08-02,2026-08-10 08:09:32+00:00,FR,wind_offshore,xgboost_online,XGBoost with covariates,weather_4p+tso_forecast,2208,2026-08-03 10:00:00+00:00,190.63919067382812,270.172505,,2026-05-02 18:00:00+00:00,2026-08-02 17:00:00+00:00,online
2026-08-02,2026-08-10 08:09:32+00:00,FR,wind_offshore,xgboost_online,XGBoost with covariates,weather_4p+tso_forecast,2208,2026-08-03 11:00:00+00:00,284.66644287109375,365.5299975,,2026-05-02 18:00:00+00:00,2026-08-02 17:00:00+00:00,online
2026-08-02,2026-08-10 08:09:32+00:00,FR,wind_offshore,xgboost_online,XGBoost with covariates,weather_4p+tso_forecast,2208,2026-08-03 12:00:00+00:00,311.88018798828125,371.2850025,,2026-05-02 18:00:00+00:00,2026-08-02 17:00:00+00:00,online
2026-08-02,2026-08-10 08:09:32+00:00,FR,wind_offshore,xgboost_online,XGBoost with covariates,weather_4p+tso_forecast,2208,2026-08-03 13:00:00+00:00,401.1170043945313,441.6199875,,2026-05-02 18:00:00+00:00,2026-08-02 17:00:00+00:00,online
2026-08-02,2026-08-10 08:09:32+00:00,FR,wind_offshore,xgboost_online,XGBoost with covariates,weather_4p+tso_forecast,2208,2026-08-03 14:00:00+00:00,423.2818908691406,455.17749,,2026-05-02 18:00:00+00:00,2026-08-02 17:00:00+00:00,online
2026-08-02,2026-08-10 08:09:32+00:00,FR,wind_offshore,xgboost_online,XGBoost with covariates,weather_4p+tso_forecast,2208,2026-08-03 15:00:00+00:00,454.335693359375,417.3975075,,2026-05-02 18:00:00+00:00,2026-08-02 17:00:00+00:00,online
2026-08-02,2026-08-10 08:09:32+00:00,FR,wind_offshore,xgboost_online,XGBoost with covariates,weather_4p+tso_forecast,2208,2026-08-03 16:00:00+00:00,457.1028442382813,378.2300025,,2026-05-02 18:00:00+00:00,2026-08-02 17:00:00+00:00,online
2026-08-02,2026-08-10 08:09:32+00:00,FR,wind_offshore,xgboost_online,XGBoost with covariates,weather_4p+tso_forecast,2208,2026-08-03 17:00:00+00:00,421.1196594238281,338.6525125,,2026-05-02 18:00:00+00:00,2026-08-02 17:00:00+00:00,online
2026-08-02,2026-08-10 08:09:32+00:00,DE,load,tso_reference,TSO forecast,tso_forecast,2208,2026-08-02 18:00:00+00:00,48703.1917285,48703.1917285,,2026-05-02 18:00:00+00:00,2026-08-02 17:00:00+00:00,online
2026-08-02,2026-08-10 08:09:32+00:00,DE,load,tso_reference,TSO forecast,tso_forecast,2208,2026-08-02 19:00:00+00:00,47485.75660075,47485.75660075,,2026-05-02 18:00:00+00:00,2026-08-02 17:00:00+00:00,online
2026-08-02,2026-08-10 08:09:32+00:00,DE,load,tso_reference,TSO forecast,tso_forecast,2208,2026-08-02 20:00:00+00:00,45603.1297095,45603.1297095,,2026-05-02 18:00:00+00:00,2026-08-02 17:00:00+00:00,online
2026-08-02,2026-08-10 08:09:32+00:00,DE,load,tso_reference,TSO forecast,tso_forecast,2208,2026-08-02 21:00:00+00:00,43566.924215,43566.924215,,2026-05-02 18:00:00+00:00,2026-08-02 17:00:00+00:00,online
2026-08-02,2026-08-10 08:09:32+00:00,DE,load,tso_reference,TSO forecast,tso_forecast,2208,2026-08-02 22:00:00+00:00,40737.26082725,40737.26082725,,2026-05-02 18:00:00+00:00,2026-08-02 17:00:00+00:00,online
2026-08-02,2026-08-10 08:09:32+00:00,DE,load,tso_reference,TSO forecast,tso_forecast,2208,2026-08-02 23:00:00+00:00,39561.61662475,39561.61662475,,2026-05-02 18:00:00+00:00,2026-08-02 17:00:00+00:00,online
2026-08-02,2026-08-10 08:09:32+00:00,DE,load,tso_reference,TSO forecast,tso_forecast,2208,2026-08-03 00:00:00+00:00,38906.87854525,38906.87854525,,2026-05-02 18:00:00+00:00,2026-08-02 17:00:00+00:00,online
2026-08-02,2026-08-10 08:09:32+00:00,DE,load,tso_reference,TSO forecast,tso_forecast,2208,2026-08-03 01:00:00+00:00,38929.651894,38929.651894,,2026-05-02 18:00:00+00:00,2026-08-02 17:00:00+00:00,online
2026-08-02,2026-08-10 08:09:32+00:00,DE,load,tso_reference,TSO forecast,tso_forecast,2208,2026-08-03 02:00:00+00:00,40073.28644375,40073.28644375,,2026-05-02 18:00:00+00:00,2026-08-02 17:00:00+00:00,online
2026-08-02,2026-08-10 08:09:32+00:00,DE,load,tso_reference,TSO forecast,tso_forecast,2208,2026-08-03 03:00:00+00:00,43900.357995,43900.357995,,2026-05-02 18:00:00+00:00,2026-08-02 17:00:00+00:00,online
2026-08-02,2026-08-10 08:09:32+00:00,DE,load,tso_reference,TSO forecast,tso_forecast,2208,2026-08-03 04:00:00+00:00,50474.943056250006,50474.943056250006,,2026-05-02 18:00:00+00:00,2026-08-02 17:00:00+00:00,online
2026-08-02,2026-08-10 08:09:32+00:00,DE,load,tso_reference,TSO forecast,tso_forecast,2208,2026-08-03 05:00:00+00:00,55806.32363225,55806.32363225,,2026-05-02 18:00:00+00:00,2026-08-02 17:00:00+00:00,online
2026-08-02,2026-08-10 08:09:32+00:00,DE,load,tso_reference,TSO forecast,tso_forecast,2208,2026-08-03 06:00:00+00:00,58910.64693725,58910.64693725,,2026-05-02 18:00:00+00:00,2026-08-02 17:00:00+00:00,online
2026-08-02,2026-08-10 08:09:32+00:00,DE,load,tso_reference,TSO forecast,tso_forecast,2208,2026-08-03 07:00:00+00:00,59728.40302725,59728.40302725,,2026-05-02 18:00:00+00:00,2026-08-02 17:00:00+00:00,online
2026-08-02,2026-08-10 08:09:32+00:00,DE,load,tso_reference,TSO forecast,tso_forecast,2208,2026-08-03 08:00:00+00:00,59475.9609145,59475.9609145,,2026-05-02 18:00:00+00:00,2026-08-02 17:00:00+00:00,online
2026-08-02,2026-08-10 08:09:32+00:00,DE,load,tso_reference,TSO forecast,tso_forecast,2208,2026-08-03 09:00:00+00:00,59156.21392475,59156.21392475,,2026-05-02 18:00:00+00:00,2026-08-02 17:00:00+00:00,online
2026-08-02,2026-08-10 08:09:32+00:00,DE,load,tso_reference,TSO forecast,tso_forecast,2208,2026-08-03 10:00:00+00:00,57765.9694395,57765.9694395,,2026-05-02 18:00:00+00:00,2026-08-02 17:00:00+00:00,online
2026-08-02,2026-08-10 08:09:32+00:00,DE,load,tso_reference,TSO forecast,tso_forecast,2208,2026-08-03 11:00:00+00:00,56765.7588975,56765.7588975,,2026-05-02 18:00:00+00:00,2026-08-02 17:00:00+00:00,online
2026-08-02,2026-08-10 08:09:32+00:00,DE,load,tso_reference,TSO forecast,tso_forecast,2208,2026-08-03 12:00:00+00:00,55686.946379500005,55686.946379500005,,2026-05-02 18:00:00+00:00,2026-08-02 17:00:00+00:00,online
2026-08-02,2026-08-10 08:09:32+00:00,DE,load,tso_reference,TSO forecast,tso_forecast,2208,2026-08-03 13:00:00+00:00,55184.6749145,55184.6749145,,2026-05-02 18:00:00+00:00,2026-08-02 17:00:00+00:00,online
2026-08-02,2026-08-10 08:09:32+00:00,DE,load,tso_reference,TSO forecast,tso_forecast,2208,2026-08-03 14:00:00+00:00,54768.39021225,54768.39021225,,2026-05-02 18:00:00+00:00,2026-08-02 17:00:00+00:00,online
2026-08-02,2026-08-10 08:09:32+00:00,DE,load,tso_reference,TSO forecast,tso_forecast,2208,2026-08-03 15:00:00+00:00,55866.68318925,55866.68318925,,2026-05-02 18:00:00+00:00,2026-08-02 17:00:00+00:00,online
2026-08-02,2026-08-10 08:09:32+00:00,DE,load,tso_reference,TSO forecast,tso_forecast,2208,2026-08-03 16:00:00+00:00,56996.19658325,56996.19658325,,2026-05-02 18:00:00+00:00,2026-08-02 17:00:00+00:00,online
2026-08-02,2026-08-10 08:09:32+00:00,DE,load,tso_reference,TSO forecast,tso_forecast,2208,2026-08-03 17:00:00+00:00,56867.806933,56867.806933,,2026-05-02 18:00:00+00:00,2026-08-02 17:00:00+00:00,online
2026-08-02,2026-08-10 08:09:32+00:00,DE,load,persistence,Persistence,weekly_persistence,2208,2026-08-02 18:00:00+00:00,46643.680855,48703.1917285,,2026-05-02 18:00:00+00:00,2026-08-02 17:00:00+00:00,online
2026-08-02,2026-08-10 08:09:32+00:00,DE,load,persistence,Persistence,weekly_persistence,2208,2026-08-02 19:00:00+00:00,45769.75979,47485.75660075,,2026-05-02 18:00:00+00:00,2026-08-02 17:00:00+00:00,online
2026-08-02,2026-08-10 08:09:32+00:00,DE,load,persistence,Persistence,weekly_persistence,2208,2026-08-02 20:00:00+00:00,44409.8248325,45603.1297095,,2026-05-02 18:00:00+00:00,2026-08-02 17:00:00+00:00,online
2026-08-02,2026-08-10 08:09:32+00:00,DE,load,persistence,Persistence,weekly_persistence,2208,2026-08-02 21:00:00+00:00,42806.103355,43566.924215,,2026-05-02 18:00:00+00:00,2026-08-02 17:00:00+00:00,online
2026-08-02,2026-08-10 08:09:32+00:00,DE,load,persistence,Persistence,weekly_persistence,2208,2026-08-02 22:00:00+00:00,41192.877975,40737.26082725,,2026-05-02 18:00:00+00:00,2026-08-02 17:00:00+00:00,online
2026-08-02,2026-08-10 08:09:32+00:00,DE,load,persistence,Persistence,weekly_persistence,2208,2026-08-02 23:00:00+00:00,39473.15138,39561.61662475,,2026-05-02 18:00:00+00:00,2026-08-02 17:00:00+00:00,online
2026-08-02,2026-08-10 08:09:32+00:00,DE,load,persistence,Persistence,weekly_persistence,2208,2026-08-03 00:00:00+00:00,38608.01389,38906.87854525,,2026-05-02 18:00:00+00:00,2026-08-02 17:00:00+00:00,online
2026-08-02,2026-08-10 08:09:32+00:00,DE,load,persistence,Persistence,weekly_persistence,2208,2026-08-03 01:00:00+00:00,38814.45066,38929.651894,,2026-05-02 18:00:00+00:00,2026-08-02 17:00:00+00:00,online
2026-08-02,2026-08-10 08:09:32+00:00,DE,load,persistence,Persistence,weekly_persistence,2208,2026-08-03 02:00:00+00:00,39320.388875,40073.28644375,,2026-05-02 18:00:00+00:00,2026-08-02 17:00:00+00:00,online
2026-08-02,2026-08-10 08:09:32+00:00,DE,load,persistence,Persistence,weekly_persistence,2208,2026-08-03 03:00:00+00:00,43275.6980675,43900.357995,,2026-05-02 18:00:00+00:00,2026-08-02 17:00:00+00:00,online
2026-08-02,2026-08-10 08:09:32+00:00,DE,load,persistence,Persistence,weekly_persistence,2208,2026-08-03 04:00:00+00:00,49197.4235325,50474.943056250006,,2026-05-02 18:00:00+00:00,2026-08-02 17:00:00+00:00,online
2026-08-02,2026-08-10 08:09:32+00:00,DE,load,persistence,Persistence,weekly_persistence,2208,2026-08-03 05:00:00+00:00,53415.4853625,55806.32363225,,2026-05-02 18:00:00+00:00,2026-08-02 17:00:00+00:00,online
2026-08-02,2026-08-10 08:09:32+00:00,DE,load,persistence,Persistence,weekly_persistence,2208,2026-08-03 06:00:00+00:00,57086.962167499994,58910.64693725,,2026-05-02 18:00:00+00:00,2026-08-02 17:00:00+00:00,online
2026-08-02,2026-08-10 08:09:32+00:00,DE,load,persistence,Persistence,weekly_persistence,2208,2026-08-03 07:00:00+00:00,59078.0178375,59728.40302725,,2026-05-02 18:00:00+00:00,2026-08-02 17:00:00+00:00,online
2026-08-02,2026-08-10 08:09:32+00:00,DE,load,persistence,Persistence,weekly_persistence,2208,2026-08-03 08:00:00+00:00,59597.8127825,59475.9609145,,2026-05-02 18:00:00+00:00,2026-08-02 17:00:00+00:00,online
2026-08-02,2026-08-10 08:09:32+00:00,DE,load,persistence,Persistence,weekly_persistence,2208,2026-08-03 09:00:00+00:00,59246.998705,59156.21392475,,2026-05-02 18:00:00+00:00,2026-08-02 17:00:00+00:00,online
2026-08-02,2026-08-10 08:09:32+00:00,DE,load,persistence,Persistence,weekly_persistence,2208,2026-08-03 10:00:00+00:00,58548.8109075,57765.9694395,,2026-05-02 18:00:00+00:00,2026-08-02 17:00:00+00:00,online
2026-08-02,2026-08-10 08:09:32+00:00,DE,load,persistence,Persistence,weekly_persistence,2208,2026-08-03 11:00:00+00:00,57559.74689,56765.7588975,,2026-05-02 18:00:00+00:00,2026-08-02 17:00:00+00:00,online
2026-08-02,2026-08-10 08:09:32+00:00,DE,load,persistence,Persistence,weekly_persistence,2208,2026-08-03 12:00:00+00:00,57074.410985,55686.946379500005,,2026-05-02 18:00:00+00:00,2026-08-02 17:00:00+00:00,online
2026-08-02,2026-08-10 08:09:32+00:00,DE,load,persistence,Persistence,weekly_persistence,2208,2026-08-03 13:00:00+00:00,55848.529,55184.6749145,,2026-05-02 18:00:00+00:00,2026-08-02 17:00:00+00:00,online
2026-08-02,2026-08-10 08:09:32+00:00,DE,load,persistence,Persistence,weekly_persistence,2208,2026-08-03 14:00:00+00:00,55526.483777500005,54768.39021225,,2026-05-02 18:00:00+00:00,2026-08-02 17:00:00+00:00,online
2026-08-02,2026-08-10 08:09:32+00:00,DE,load,persistence,Persistence,weekly_persistence,2208,2026-08-03 15:00:00+00:00,54966.4875675,55866.68318925,,2026-05-02 18:00:00+00:00,2026-08-02 17:00:00+00:00,online
2026-08-02,2026-08-10 08:09:32+00:00,DE,load,persistence,Persistence,weekly_persistence,2208,2026-08-03 16:00:00+00:00,55853.0347175,56996.19658325,,2026-05-02 18:00:00+00:00,2026-08-02 17:00:00+00:00,online
2026-08-02,2026-08-10 08:09:32+00:00,DE,load,persistence,Persistence,weekly_persistence,2208,2026-08-03 17:00:00+00:00,56147.9733825,56867.806933,,2026-05-02 18:00:00+00:00,2026-08-02 17:00:00+00:00,online
2026-08-02,2026-08-10 08:09:32+00:00,DE,load,ridge_3mo_context,Ridge with covariates,Hum+tso_forecast,2208,2026-08-02 18:00:00+00:00,48458.9283891104,48703.1917285,,2026-05-02 18:00:00+00:00,2026-08-02 17:00:00+00:00,online
2026-08-02,2026-08-10 08:09:32+00:00,DE,load,ridge_3mo_context,Ridge with covariates,Hum+tso_forecast,2208,2026-08-02 19:00:00+00:00,47411.078671724536,47485.75660075,,2026-05-02 18:00:00+00:00,2026-08-02 17:00:00+00:00,online
2026-08-02,2026-08-10 08:09:32+00:00,DE,load,ridge_3mo_context,Ridge with covariates,Hum+tso_forecast,2208,2026-08-02 20:00:00+00:00,45740.59088254116,45603.1297095,,2026-05-02 18:00:00+00:00,2026-08-02 17:00:00+00:00,online
2026-08-02,2026-08-10 08:09:32+00:00,DE,load,ridge_3mo_context,Ridge with covariates,Hum+tso_forecast,2208,2026-08-02 21:00:00+00:00,43821.17777386391,43566.924215,,2026-05-02 18:00:00+00:00,2026-08-02 17:00:00+00:00,online
2026-08-02,2026-08-10 08:09:32+00:00,DE,load,ridge_3mo_context,Ridge with covariates,Hum+tso_forecast,2208,2026-08-02 22:00:00+00:00,41322.46130875619,40737.26082725,,2026-05-02 18:00:00+00:00,2026-08-02 17:00:00+00:00,online
2026-08-02,2026-08-10 08:09:32+00:00,DE,load,ridge_3mo_context,Ridge with covariates,Hum+tso_forecast,2208,2026-08-02 23:00:00+00:00,40348.278281806866,39561.61662475,,2026-05-02 18:00:00+00:00,2026-08-02 17:00:00+00:00,online
2026-08-02,2026-08-10 08:09:32+00:00,DE,load,ridge_3mo_context,Ridge with covariates,Hum+tso_forecast,2208,2026-08-03 00:00:00+00:00,40729.144863427086,38906.87854525,,2026-05-02 18:00:00+00:00,2026-08-02 17:00:00+00:00,online
2026-08-02,2026-08-10 08:09:32+00:00,DE,load,ridge_3mo_context,Ridge with covariates,Hum+tso_forecast,2208,2026-08-03 01:00:00+00:00,40756.048133088145,38929.651894,,2026-05-02 18:00:00+00:00,2026-08-02 17:00:00+00:00,online
2026-08-02,2026-08-10 08:09:32+00:00,DE,load,ridge_3mo_context,Ridge with covariates,Hum+tso_forecast,2208,2026-08-03 02:00:00+00:00,41826.37785947387,40073.28644375,,2026-05-02 18:00:00+00:00,2026-08-02 17:00:00+00:00,online
2026-08-02,2026-08-10 08:09:32+00:00,DE,load,ridge_3mo_context,Ridge with covariates,Hum+tso_forecast,2208,2026-08-03 03:00:00+00:00,45294.82035942004,43900.357995,,2026-05-02 18:00:00+00:00,2026-08-02 17:00:00+00:00,online
2026-08-02,2026-08-10 08:09:32+00:00,DE,load,ridge_3mo_context,Ridge with covariates,Hum+tso_forecast,2208,2026-08-03 04:00:00+00:00,51165.335490018726,50474.943056250006,,2026-05-02 18:00:00+00:00,2026-08-02 17:00:00+00:00,online
2026-08-02,2026-08-10 08:09:32+00:00,DE,load,ridge_3mo_context,Ridge with covariates,Hum+tso_forecast,2208,2026-08-03 05:00:00+00:00,55979.28666408037,55806.32363225,,2026-05-02 18:00:00+00:00,2026-08-02 17:00:00+00:00,online
2026-08-02,2026-08-10 08:09:32+00:00,DE,load,ridge_3mo_context,Ridge with covariates,Hum+tso_forecast,2208,2026-08-03 06:00:00+00:00,58716.64251036379,58910.64693725,,2026-05-02 18:00:00+00:00,2026-08-02 17:00:00+00:00,online
2026-08-02,2026-08-10 08:09:32+00:00,DE,load,ridge_3mo_context,Ridge with covariates,Hum+tso_forecast,2208,2026-08-03 07:00:00+00:00,59474.752584735266,59728.40302725,,2026-05-02 18:00:00+00:00,2026-08-02 17:00:00+00:00,online
2026-08-02,2026-08-10 08:09:32+00:00,DE,load,ridge_3mo_context,Ridge with covariates,Hum+tso_forecast,2208,2026-08-03 08:00:00+00:00,59232.37148398791,59475.9609145,,2026-05-02 18:00:00+00:00,2026-08-02 17:00:00+00:00,online
2026-08-02,2026-08-10 08:09:32+00:00,DE,load,ridge_3mo_context,Ridge with covariates,Hum+tso_forecast,2208,2026-08-03 09:00:00+00:00,58902.68040118554,59156.21392475,,2026-05-02 18:00:00+00:00,2026-08-02 17:00:00+00:00,online
2026-08-02,2026-08-10 08:09:32+00:00,DE,load,ridge_3mo_context,Ridge with covariates,Hum+tso_forecast,2208,2026-08-03 10:00:00+00:00,57628.05440493254,57765.9694395,,2026-05-02 18:00:00+00:00,2026-08-02 17:00:00+00:00,online
2026-08-02,2026-08-10 08:09:32+00:00,DE,load,ridge_3mo_context,Ridge with covariates,Hum+tso_forecast,2208,2026-08-03 11:00:00+00:00,56721.04564738301,56765.7588975,,2026-05-02 18:00:00+00:00,2026-08-02 17:00:00+00:00,online
2026-08-02,2026-08-10 08:09:32+00:00,DE,load,ridge_3mo_context,Ridge with covariates,Hum+tso_forecast,2208,2026-08-03 12:00:00+00:00,55788.13532237186,55686.946379500005,,2026-05-02 18:00:00+00:00,2026-08-02 17:00:00+00:00,online
2026-08-02,2026-08-10 08:09:32+00:00,DE,load,ridge_3mo_context,Ridge with covariates,Hum+tso_forecast,2208,2026-08-03 13:00:00+00:00,55356.10202919951,55184.6749145,,2026-05-02 18:00:00+00:00,2026-08-02 17:00:00+00:00,online
2026-08-02,2026-08-10 08:09:32+00:00,DE,load,ridge_3mo_context,Ridge with covariates,Hum+tso_forecast,2208,2026-08-03 14:00:00+00:00,54992.21535237059,54768.39021225,,2026-05-02 18:00:00+00:00,2026-08-02 17:00:00+00:00,online
2026-08-02,2026-08-10 08:09:32+00:00,DE,load,ridge_3mo_context,Ridge with covariates,Hum+tso_forecast,2208,2026-08-03 15:00:00+00:00,55929.957131091214,55866.68318925,,2026-05-02 18:00:00+00:00,2026-08-02 17:00:00+00:00,online
2026-08-02,2026-08-10 08:09:32+00:00,DE,load,ridge_3mo_context,Ridge with covariates,Hum+tso_forecast,2208,2026-08-03 16:00:00+00:00,56859.4784334436,56996.19658325,,2026-05-02 18:00:00+00:00,2026-08-02 17:00:00+00:00,online
2026-08-02,2026-08-10 08:09:32+00:00,DE,load,ridge_3mo_context,Ridge with covariates,Hum+tso_forecast,2208,2026-08-03 17:00:00+00:00,56719.16389975811,56867.806933,,2026-05-02 18:00:00+00:00,2026-08-02 17:00:00+00:00,online
2026-08-02,2026-08-10 08:09:32+00:00,DE,load,chronos2_online,Chronos2 with covariates,Hum+tso_forecast,2208,2026-08-02 18:00:00+00:00,46883.41796875,48703.1917285,,2026-05-02 18:00:00+00:00,2026-08-02 17:00:00+00:00,online
2026-08-02,2026-08-10 08:09:32+00:00,DE,load,chronos2_online,Chronos2 with covariates,Hum+tso_forecast,2208,2026-08-02 19:00:00+00:00,46851.70703125,47485.75660075,,2026-05-02 18:00:00+00:00,2026-08-02 17:00:00+00:00,online
2026-08-02,2026-08-10 08:09:32+00:00,DE,load,chronos2_online,Chronos2 with covariates,Hum+tso_forecast,2208,2026-08-02 20:00:00+00:00,46103.328125,45603.1297095,,2026-05-02 18:00:00+00:00,2026-08-02 17:00:00+00:00,online
2026-08-02,2026-08-10 08:09:32+00:00,DE,load,chronos2_online,Chronos2 with covariates,Hum+tso_forecast,2208,2026-08-02 21:00:00+00:00,43890.5546875,43566.924215,,2026-05-02 18:00:00+00:00,2026-08-02 17:00:00+00:00,online
2026-08-02,2026-08-10 08:09:32+00:00,DE,load,chronos2_online,Chronos2 with covariates,Hum+tso_forecast,2208,2026-08-02 22:00:00+00:00,42209.828125,40737.26082725,,2026-05-02 18:00:00+00:00,2026-08-02 17:00:00+00:00,online
2026-08-02,2026-08-10 08:09:32+00:00,DE,load,chronos2_online,Chronos2 with covariates,Hum+tso_forecast,2208,2026-08-02 23:00:00+00:00,41082.6171875,39561.61662475,,2026-05-02 18:00:00+00:00,2026-08-02 17:00:00+00:00,online
2026-08-02,2026-08-10 08:09:32+00:00,DE,load,chronos2_online,Chronos2 with covariates,Hum+tso_forecast,2208,2026-08-03 00:00:00+00:00,40619.421875,38906.87854525,,2026-05-02 18:00:00+00:00,2026-08-02 17:00:00+00:00,online
2026-08-02,2026-08-10 08:09:32+00:00,DE,load,chronos2_online,Chronos2 with covariates,Hum+tso_forecast,2208,2026-08-03 01:00:00+00:00,40626.50390625,38929.651894,,2026-05-02 18:00:00+00:00,2026-08-02 17:00:00+00:00,online
2026-08-02,2026-08-10 08:09:32+00:00,DE,load,chronos2_online,Chronos2 with covariates,Hum+tso_forecast,2208,2026-08-03 02:00:00+00:00,41361.1328125,40073.28644375,,2026-05-02 18:00:00+00:00,2026-08-02 17:00:00+00:00,online
2026-08-02,2026-08-10 08:09:32+00:00,DE,load,chronos2_online,Chronos2 with covariates,Hum+tso_forecast,2208,2026-08-03 03:00:00+00:00,44277.8828125,43900.357995,,2026-05-02 18:00:00+00:00,2026-08-02 17:00:00+00:00,online
2026-08-02,2026-08-10 08:09:32+00:00,DE,load,chronos2_online,Chronos2 with covariates,Hum+tso_forecast,2208,2026-08-03 04:00:00+00:00,50251.58984375,50474.943056250006,,2026-05-02 18:00:00+00:00,2026-08-02 17:00:00+00:00,online
2026-08-02,2026-08-10 08:09:32+00:00,DE,load,chronos2_online,Chronos2 with covariates,Hum+tso_forecast,2208,2026-08-03 05:00:00+00:00,55129.91015625,55806.32363225,,2026-05-02 18:00:00+00:00,2026-08-02 17:00:00+00:00,online
2026-08-02,2026-08-10 08:09:32+00:00,DE,load,chronos2_online,Chronos2 with covariates,Hum+tso_forecast,2208,2026-08-03 06:00:00+00:00,57681.77734375,58910.64693725,,2026-05-02 18:00:00+00:00,2026-08-02 17:00:00+00:00,online
2026-08-02,2026-08-10 08:09:32+00:00,DE,load,chronos2_online,Chronos2 with covariates,Hum+tso_forecast,2208,2026-08-03 07:00:00+00:00,58068.7890625,59728.40302725,,2026-05-02 18:00:00+00:00,2026-08-02 17:00:00+00:00,online
2026-08-02,2026-08-10 08:09:32+00:00,DE,load,chronos2_online,Chronos2 with covariates,Hum+tso_forecast,2208,2026-08-03 08:00:00+00:00,57512.3515625,59475.9609145,,2026-05-02 18:00:00+00:00,2026-08-02 17:00:00+00:00,online
2026-08-02,2026-08-10 08:09:32+00:00,DE,load,chronos2_online,Chronos2 with covariates,Hum+tso_forecast,2208,2026-08-03 09:00:00+00:00,57071.74609375,59156.21392475,,2026-05-02 18:00:00+00:00,2026-08-02 17:00:00+00:00,online
2026-08-02,2026-08-10 08:09:32+00:00,DE,load,chronos2_online,Chronos2 with covariates,Hum+tso_forecast,2208,2026-08-03 10:00:00+00:00,56426.828125,57765.9694395,,2026-05-02 18:00:00+00:00,2026-08-02 17:00:00+00:00,online
2026-08-02,2026-08-10 08:09:32+00:00,DE,load,chronos2_online,Chronos2 with covariates,Hum+tso_forecast,2208,2026-08-03 11:00:00+00:00,55641.8359375,56765.7588975,,2026-05-02 18:00:00+00:00,2026-08-02 17:00:00+00:00,online
2026-08-02,2026-08-10 08:09:32+00:00,DE,load,chronos2_online,Chronos2 with covariates,Hum+tso_forecast,2208,2026-08-03 12:00:00+00:00,54695.76953125,55686.946379500005,,2026-05-02 18:00:00+00:00,2026-08-02 17:00:00+00:00,online
2026-08-02,2026-08-10 08:09:32+00:00,DE,load,chronos2_online,Chronos2 with covariates,Hum+tso_forecast,2208,2026-08-03 13:00:00+00:00,54129.4375,55184.6749145,,2026-05-02 18:00:00+00:00,2026-08-02 17:00:00+00:00,online
2026-08-02,2026-08-10 08:09:32+00:00,DE,load,chronos2_online,Chronos2 with covariates,Hum+tso_forecast,2208,2026-08-03 14:00:00+00:00,54283.45703125,54768.39021225,,2026-05-02 18:00:00+00:00,2026-08-02 17:00:00+00:00,online
2026-08-02,2026-08-10 08:09:32+00:00,DE,load,chronos2_online,Chronos2 with covariates,Hum+tso_forecast,2208,2026-08-03 15:00:00+00:00,55857.52734375,55866.68318925,,2026-05-02 18:00:00+00:00,2026-08-02 17:00:00+00:00,online
2026-08-02,2026-08-10 08:09:32+00:00,DE,load,chronos2_online,Chronos2 with covariates,Hum+tso_forecast,2208,2026-08-03 16:00:00+00:00,57504.6953125,56996.19658325,,2026-05-02 18:00:00+00:00,2026-08-02 17:00:00+00:00,online
2026-08-02,2026-08-10 08:09:32+00:00,DE,load,chronos2_online,Chronos2 with covariates,Hum+tso_forecast,2208,2026-08-03 17:00:00+00:00,57639.6796875,56867.806933,,2026-05-02 18:00:00+00:00,2026-08-02 17:00:00+00:00,online
2026-08-02,2026-08-10 08:09:32+00:00,DE,solar,tso_reference,TSO forecast,tso_forecast,2208,2026-08-02 18:00:00+00:00,1450.9225625,1450.9225625,,2026-05-02 18:00:00+00:00,2026-08-02 17:00:00+00:00,online
2026-08-02,2026-08-10 08:09:32+00:00,DE,solar,tso_reference,TSO forecast,tso_forecast,2208,2026-08-02 19:00:00+00:00,26.558225,26.558225,,2026-05-02 18:00:00+00:00,2026-08-02 17:00:00+00:00,online
2026-08-02,2026-08-10 08:09:32+00:00,DE,solar,tso_reference,TSO forecast,tso_forecast,2208,2026-08-02 20:00:00+00:00,0.0,0.0,,2026-05-02 18:00:00+00:00,2026-08-02 17:00:00+00:00,online
2026-08-02,2026-08-10 08:09:32+00:00,DE,solar,tso_reference,TSO forecast,tso_forecast,2208,2026-08-02 21:00:00+00:00,0.0,0.0,,2026-05-02 18:00:00+00:00,2026-08-02 17:00:00+00:00,online
2026-08-02,2026-08-10 08:09:32+00:00,DE,solar,tso_reference,TSO forecast,tso_forecast,2208,2026-08-02 22:00:00+00:00,0.0,0.0,,2026-05-02 18:00:00+00:00,2026-08-02 17:00:00+00:00,online
2026-08-02,2026-08-10 08:09:32+00:00,DE,solar,tso_reference,TSO forecast,tso_forecast,2208,2026-08-02 23:00:00+00:00,0.0,0.0,,2026-05-02 18:00:00+00:00,2026-08-02 17:00:00+00:00,online
2026-08-02,2026-08-10 08:09:32+00:00,DE,solar,tso_reference,TSO forecast,tso_forecast,2208,2026-08-03 00:00:00+00:00,0.0,0.0,,2026-05-02 18:00:00+00:00,2026-08-02 17:00:00+00:00,online
2026-08-02,2026-08-10 08:09:32+00:00,DE,solar,tso_reference,TSO forecast,tso_forecast,2208,2026-08-03 01:00:00+00:00,0.0,0.0,,2026-05-02 18:00:00+00:00,2026-08-02 17:00:00+00:00,online
2026-08-02,2026-08-10 08:09:32+00:00,DE,solar,tso_reference,TSO forecast,tso_forecast,2208,2026-08-03 02:00:00+00:00,0.0,0.0,,2026-05-02 18:00:00+00:00,2026-08-02 17:00:00+00:00,online
2026-08-02,2026-08-10 08:09:32+00:00,DE,solar,tso_reference,TSO forecast,tso_forecast,2208,2026-08-03 03:00:00+00:00,59.289982499999994,59.289982499999994,,2026-05-02 18:00:00+00:00,2026-08-02 17:00:00+00:00,online
2026-08-02,2026-08-10 08:09:32+00:00,DE,solar,tso_reference,TSO forecast,tso_forecast,2208,2026-08-03 04:00:00+00:00,2211.9354475,2211.9354475,,2026-05-02 18:00:00+00:00,2026-08-02 17:00:00+00:00,online
2026-08-02,2026-08-10 08:09:32+00:00,DE,solar,tso_reference,TSO forecast,tso_forecast,2208,2026-08-03 05:00:00+00:00,9210.76666,9210.76666,,2026-05-02 18:00:00+00:00,2026-08-02 17:00:00+00:00,online
2026-08-02,2026-08-10 08:09:32+00:00,DE,solar,tso_reference,TSO forecast,tso_forecast,2208,2026-08-03 06:00:00+00:00,20831.302855,20831.302855,,2026-05-02 18:00:00+00:00,2026-08-02 17:00:00+00:00,online
2026-08-02,2026-08-10 08:09:32+00:00,DE,solar,tso_reference,TSO forecast,tso_forecast,2208,2026-08-03 07:00:00+00:00,32929.18409,32929.18409,,2026-05-02 18:00:00+00:00,2026-08-02 17:00:00+00:00,online
2026-08-02,2026-08-10 08:09:32+00:00,DE,solar,tso_reference,TSO forecast,tso_forecast,2208,2026-08-03 08:00:00+00:00,42999.657385,42999.657385,,2026-05-02 18:00:00+00:00,2026-08-02 17:00:00+00:00,online
2026-08-02,2026-08-10 08:09:32+00:00,DE,solar,tso_reference,TSO forecast,tso_forecast,2208,2026-08-03 09:00:00+00:00,50228.393670000005,50228.393670000005,,2026-05-02 18:00:00+00:00,2026-08-02 17:00:00+00:00,online
2026-08-02,2026-08-10 08:09:32+00:00,DE,solar,tso_reference,TSO forecast,tso_forecast,2208,2026-08-03 10:00:00+00:00,54239.63151,54239.63151,,2026-05-02 18:00:00+00:00,2026-08-02 17:00:00+00:00,online
2026-08-02,2026-08-10 08:09:32+00:00,DE,solar,tso_reference,TSO forecast,tso_forecast,2208,2026-08-03 11:00:00+00:00,54909.7848325,54909.7848325,,2026-05-02 18:00:00+00:00,2026-08-02 17:00:00+00:00,online
2026-08-02,2026-08-10 08:09:32+00:00,DE,solar,tso_reference,TSO forecast,tso_forecast,2208,2026-08-03 12:00:00+00:00,52129.80414,52129.80414,,2026-05-02 18:00:00+00:00,2026-08-02 17:00:00+00:00,online
2026-08-02,2026-08-10 08:09:32+00:00,DE,solar,tso_reference,TSO forecast,tso_forecast,2208,2026-08-03 13:00:00+00:00,46404.5385375,46404.5385375,,2026-05-02 18:00:00+00:00,2026-08-02 17:00:00+00:00,online
2026-08-02,2026-08-10 08:09:32+00:00,DE,solar,tso_reference,TSO forecast,tso_forecast,2208,2026-08-03 14:00:00+00:00,38198.704195,38198.704195,,2026-05-02 18:00:00+00:00,2026-08-02 17:00:00+00:00,online
2026-08-02,2026-08-10 08:09:32+00:00,DE,solar,tso_reference,TSO forecast,tso_forecast,2208,2026-08-03 15:00:00+00:00,27823.47964,27823.47964,,2026-05-02 18:00:00+00:00,2026-08-02 17:00:00+00:00,online
2026-08-02,2026-08-10 08:09:32+00:00,DE,solar,tso_reference,TSO forecast,tso_forecast,2208,2026-08-03 16:00:00+00:00,16206.4719025,16206.4719025,,2026-05-02 18:00:00+00:00,2026-08-02 17:00:00+00:00,online
2026-08-02,2026-08-10 08:09:32+00:00,DE,solar,tso_reference,TSO forecast,tso_forecast,2208,2026-08-03 17:00:00+00:00,6304.5448725,6304.5448725,,2026-05-02 18:00:00+00:00,2026-08-02 17:00:00+00:00,online
2026-08-02,2026-08-10 08:09:32+00:00,DE,solar,persistence,Persistence,daily_persistence,2208,2026-08-02 18:00:00+00:00,1404.8835,1450.9225625,,2026-05-02 18:00:00+00:00,2026-08-02 17:00:00+00:00,online
2026-08-02,2026-08-10 08:09:32+00:00,DE,solar,persistence,Persistence,daily_persistence,2208,2026-08-02 19:00:00+00:00,26.803,26.558225,,2026-05-02 18:00:00+00:00,2026-08-02 17:00:00+00:00,online
2026-08-02,2026-08-10 08:09:32+00:00,DE,solar,persistence,Persistence,daily_persistence,2208,2026-08-02 20:00:00+00:00,0.26325,0.0,,2026-05-02 18:00:00+00:00,2026-08-02 17:00:00+00:00,online
2026-08-02,2026-08-10 08:09:32+00:00,DE,solar,persistence,Persistence,daily_persistence,2208,2026-08-02 21:00:00+00:00,0.192,0.0,,2026-05-02 18:00:00+00:00,2026-08-02 17:00:00+00:00,online
2026-08-02,2026-08-10 08:09:32+00:00,DE,solar,persistence,Persistence,daily_persistence,2208,2026-08-02 22:00:00+00:00,0.135,0.0,,2026-05-02 18:00:00+00:00,2026-08-02 17:00:00+00:00,online
2026-08-02,2026-08-10 08:09:32+00:00,DE,solar,persistence,Persistence,daily_persistence,2208,2026-08-02 23:00:00+00:00,0.113,0.0,,2026-05-02 18:00:00+00:00,2026-08-02 17:00:00+00:00,online
2026-08-02,2026-08-10 08:09:32+00:00,DE,solar,persistence,Persistence,daily_persistence,2208,2026-08-03 00:00:00+00:00,0.09775,0.0,,2026-05-02 18:00:00+00:00,2026-08-02 17:00:00+00:00,online
2026-08-02,2026-08-10 08:09:32+00:00,DE,solar,persistence,Persistence,daily_persistence,2208,2026-08-03 01:00:00+00:00,0.07975,0.0,,2026-05-02 18:00:00+00:00,2026-08-02 17:00:00+00:00,online
2026-08-02,2026-08-10 08:09:32+00:00,DE,solar,persistence,Persistence,daily_persistence,2208,2026-08-03 02:00:00+00:00,0.07275,0.0,,2026-05-02 18:00:00+00:00,2026-08-02 17:00:00+00:00,online
2026-08-02,2026-08-10 08:09:32+00:00,DE,solar,persistence,Persistence,daily_persistence,2208,2026-08-03 03:00:00+00:00,55.72,59.289982499999994,,2026-05-02 18:00:00+00:00,2026-08-02 17:00:00+00:00,online
2026-08-02,2026-08-10 08:09:32+00:00,DE,solar,persistence,Persistence,daily_persistence,2208,2026-08-03 04:00:00+00:00,2265.55375,2211.9354475,,2026-05-02 18:00:00+00:00,2026-08-02 17:00:00+00:00,online
2026-08-02,2026-08-10 08:09:32+00:00,DE,solar,persistence,Persistence,daily_persistence,2208,2026-08-03 05:00:00+00:00,9328.88125,9210.76666,,2026-05-02 18:00:00+00:00,2026-08-02 17:00:00+00:00,online
2026-08-02,2026-08-10 08:09:32+00:00,DE,solar,persistence,Persistence,daily_persistence,2208,2026-08-03 06:00:00+00:00,21236.66375,20831.302855,,2026-05-02 18:00:00+00:00,2026-08-02 17:00:00+00:00,online
2026-08-02,2026-08-10 08:09:32+00:00,DE,solar,persistence,Persistence,daily_persistence,2208,2026-08-03 07:00:00+00:00,34549.933,32929.18409,,2026-05-02 18:00:00+00:00,2026-08-02 17:00:00+00:00,online
2026-08-02,2026-08-10 08:09:32+00:00,DE,solar,persistence,Persistence,daily_persistence,2208,2026-08-03 08:00:00+00:00,43371.853749999995,42999.657385,,2026-05-02 18:00:00+00:00,2026-08-02 17:00:00+00:00,online
2026-08-02,2026-08-10 08:09:32+00:00,DE,solar,persistence,Persistence,daily_persistence,2208,2026-08-03 09:00:00+00:00,47967.95275,50228.393670000005,,2026-05-02 18:00:00+00:00,2026-08-02 17:00:00+00:00,online
2026-08-02,2026-08-10 08:09:32+00:00,DE,solar,persistence,Persistence,daily_persistence,2208,2026-08-03 10:00:00+00:00,50533.3315,54239.63151,,2026-05-02 18:00:00+00:00,2026-08-02 17:00:00+00:00,online
2026-08-02,2026-08-10 08:09:32+00:00,DE,solar,persistence,Persistence,daily_persistence,2208,2026-08-03 11:00:00+00:00,50578.7325,54909.7848325,,2026-05-02 18:00:00+00:00,2026-08-02 17:00:00+00:00,online
2026-08-02,2026-08-10 08:09:32+00:00,DE,solar,persistence,Persistence,daily_persistence,2208,2026-08-03 12:00:00+00:00,49167.21775,52129.80414,,2026-05-02 18:00:00+00:00,2026-08-02 17:00:00+00:00,online
2026-08-02,2026-08-10 08:09:32+00:00,DE,solar,persistence,Persistence,daily_persistence,2208,2026-08-03 13:00:00+00:00,45018.6935,46404.5385375,,2026-05-02 18:00:00+00:00,2026-08-02 17:00:00+00:00,online
2026-08-02,2026-08-10 08:09:32+00:00,DE,solar,persistence,Persistence,daily_persistence,2208,2026-08-03 14:00:00+00:00,39962.88825,38198.704195,,2026-05-02 18:00:00+00:00,2026-08-02 17:00:00+00:00,online
2026-08-02,2026-08-10 08:09:32+00:00,DE,solar,persistence,Persistence,daily_persistence,2208,2026-08-03 15:00:00+00:00,31560.5355,27823.47964,,2026-05-02 18:00:00+00:00,2026-08-02 17:00:00+00:00,online
2026-08-02,2026-08-10 08:09:32+00:00,DE,solar,persistence,Persistence,daily_persistence,2208,2026-08-03 16:00:00+00:00,19231.57425,16206.4719025,,2026-05-02 18:00:00+00:00,2026-08-02 17:00:00+00:00,online
2026-08-02,2026-08-10 08:09:32+00:00,DE,solar,persistence,Persistence,daily_persistence,2208,2026-08-03 17:00:00+00:00,7879.6945,6304.5448725,,2026-05-02 18:00:00+00:00,2026-08-02 17:00:00+00:00,online
2026-08-02,2026-08-10 08:09:32+00:00,DE,solar,chronos2_online,Chronos2 with covariates,weather_4p+tso_forecast,2208,2026-08-02 18:00:00+00:00,1678.3388671875,1450.9225625,,2026-05-02 18:00:00+00:00,2026-08-02 17:00:00+00:00,online
2026-08-02,2026-08-10 08:09:32+00:00,DE,solar,chronos2_online,Chronos2 with covariates,weather_4p+tso_forecast,2208,2026-08-02 19:00:00+00:00,385.4580078125,26.558225,,2026-05-02 18:00:00+00:00,2026-08-02 17:00:00+00:00,online
2026-08-02,2026-08-10 08:09:32+00:00,DE,solar,chronos2_online,Chronos2 with covariates,weather_4p+tso_forecast,2208,2026-08-02 20:00:00+00:00,102.611328125,0.0,,2026-05-02 18:00:00+00:00,2026-08-02 17:00:00+00:00,online
2026-08-02,2026-08-10 08:09:32+00:00,DE,solar,chronos2_online,Chronos2 with covariates,weather_4p+tso_forecast,2208,2026-08-02 21:00:00+00:00,96.830078125,0.0,,2026-05-02 18:00:00+00:00,2026-08-02 17:00:00+00:00,online
2026-08-02,2026-08-10 08:09:32+00:00,DE,solar,chronos2_online,Chronos2 with covariates,weather_4p+tso_forecast,2208,2026-08-02 22:00:00+00:00,139.4521484375,0.0,,2026-05-02 18:00:00+00:00,2026-08-02 17:00:00+00:00,online
2026-08-02,2026-08-10 08:09:32+00:00,DE,solar,chronos2_online,Chronos2 with covariates,weather_4p+tso_forecast,2208,2026-08-02 23:00:00+00:00,323.3447265625,0.0,,2026-05-02 18:00:00+00:00,2026-08-02 17:00:00+00:00,online
2026-08-02,2026-08-10 08:09:32+00:00,DE,solar,chronos2_online,Chronos2 with covariates,weather_4p+tso_forecast,2208,2026-08-03 00:00:00+00:00,183.78515625,0.0,,2026-05-02 18:00:00+00:00,2026-08-02 17:00:00+00:00,online
2026-08-02,2026-08-10 08:09:32+00:00,DE,solar,chronos2_online,Chronos2 with covariates,weather_4p+tso_forecast,2208,2026-08-03 01:00:00+00:00,141.8583984375,0.0,,2026-05-02 18:00:00+00:00,2026-08-02 17:00:00+00:00,online
2026-08-02,2026-08-10 08:09:32+00:00,DE,solar,chronos2_online,Chronos2 with covariates,weather_4p+tso_forecast,2208,2026-08-03 02:00:00+00:00,76.3662109375,0.0,,2026-05-02 18:00:00+00:00,2026-08-02 17:00:00+00:00,online
2026-08-02,2026-08-10 08:09:32+00:00,DE,solar,chronos2_online,Chronos2 with covariates,weather_4p+tso_forecast,2208,2026-08-03 03:00:00+00:00,504.10546875,59.289982499999994,,2026-05-02 18:00:00+00:00,2026-08-02 17:00:00+00:00,online
2026-08-02,2026-08-10 08:09:32+00:00,DE,solar,chronos2_online,Chronos2 with covariates,weather_4p+tso_forecast,2208,2026-08-03 04:00:00+00:00,2577.63671875,2211.9354475,,2026-05-02 18:00:00+00:00,2026-08-02 17:00:00+00:00,online
2026-08-02,2026-08-10 08:09:32+00:00,DE,solar,chronos2_online,Chronos2 with covariates,weather_4p+tso_forecast,2208,2026-08-03 05:00:00+00:00,10214.66015625,9210.76666,,2026-05-02 18:00:00+00:00,2026-08-02 17:00:00+00:00,online
2026-08-02,2026-08-10 08:09:32+00:00,DE,solar,chronos2_online,Chronos2 with covariates,weather_4p+tso_forecast,2208,2026-08-03 06:00:00+00:00,21548.07421875,20831.302855,,2026-05-02 18:00:00+00:00,2026-08-02 17:00:00+00:00,online
2026-08-02,2026-08-10 08:09:32+00:00,DE,solar,chronos2_online,Chronos2 with covariates,weather_4p+tso_forecast,2208,2026-08-03 07:00:00+00:00,34030.30078125,32929.18409,,2026-05-02 18:00:00+00:00,2026-08-02 17:00:00+00:00,online
2026-08-02,2026-08-10 08:09:32+00:00,DE,solar,chronos2_online,Chronos2 with covariates,weather_4p+tso_forecast,2208,2026-08-03 08:00:00+00:00,44419.765625,42999.657385,,2026-05-02 18:00:00+00:00,2026-08-02 17:00:00+00:00,online
2026-08-02,2026-08-10 08:09:32+00:00,DE,solar,chronos2_online,Chronos2 with covariates,weather_4p+tso_forecast,2208,2026-08-03 09:00:00+00:00,49645.2890625,50228.393670000005,,2026-05-02 18:00:00+00:00,2026-08-02 17:00:00+00:00,online
2026-08-02,2026-08-10 08:09:32+00:00,DE,solar,chronos2_online,Chronos2 with covariates,weather_4p+tso_forecast,2208,2026-08-03 10:00:00+00:00,53100.75,54239.63151,,2026-05-02 18:00:00+00:00,2026-08-02 17:00:00+00:00,online
2026-08-02,2026-08-10 08:09:32+00:00,DE,solar,chronos2_online,Chronos2 with covariates,weather_4p+tso_forecast,2208,2026-08-03 11:00:00+00:00,52897.4765625,54909.7848325,,2026-05-02 18:00:00+00:00,2026-08-02 17:00:00+00:00,online
2026-08-02,2026-08-10 08:09:32+00:00,DE,solar,chronos2_online,Chronos2 with covariates,weather_4p+tso_forecast,2208,2026-08-03 12:00:00+00:00,50594.828125,52129.80414,,2026-05-02 18:00:00+00:00,2026-08-02 17:00:00+00:00,online
2026-08-02,2026-08-10 08:09:32+00:00,DE,solar,chronos2_online,Chronos2 with covariates,weather_4p+tso_forecast,2208,2026-08-03 13:00:00+00:00,45990.87890625,46404.5385375,,2026-05-02 18:00:00+00:00,2026-08-02 17:00:00+00:00,online
2026-08-02,2026-08-10 08:09:32+00:00,DE,solar,chronos2_online,Chronos2 with covariates,weather_4p+tso_forecast,2208,2026-08-03 14:00:00+00:00,38958.046875,38198.704195,,2026-05-02 18:00:00+00:00,2026-08-02 17:00:00+00:00,online
2026-08-02,2026-08-10 08:09:32+00:00,DE,solar,chronos2_online,Chronos2 with covariates,weather_4p+tso_forecast,2208,2026-08-03 15:00:00+00:00,29213.3828125,27823.47964,,2026-05-02 18:00:00+00:00,2026-08-02 17:00:00+00:00,online
2026-08-02,2026-08-10 08:09:32+00:00,DE,solar,chronos2_online,Chronos2 with covariates,weather_4p+tso_forecast,2208,2026-08-03 16:00:00+00:00,17942.0546875,16206.4719025,,2026-05-02 18:00:00+00:00,2026-08-02 17:00:00+00:00,online
2026-08-02,2026-08-10 08:09:32+00:00,DE,solar,chronos2_online,Chronos2 with covariates,weather_4p+tso_forecast,2208,2026-08-03 17:00:00+00:00,8002.48974609375,6304.5448725,,2026-05-02 18:00:00+00:00,2026-08-02 17:00:00+00:00,online
2026-08-02,2026-08-10 08:09:32+00:00,DE,solar,xgboost_online,XGBoost with covariates,weather_4p+tso_forecast,2208,2026-08-02 18:00:00+00:00,1647.755615234375,1450.9225625,,2026-05-02 18:00:00+00:00,2026-08-02 17:00:00+00:00,online
2026-08-02,2026-08-10 08:09:32+00:00,DE,solar,xgboost_online,XGBoost with covariates,weather_4p+tso_forecast,2208,2026-08-02 19:00:00+00:00,443.34710693359375,26.558225,,2026-05-02 18:00:00+00:00,2026-08-02 17:00:00+00:00,online
2026-08-02,2026-08-10 08:09:32+00:00,DE,solar,xgboost_online,XGBoost with covariates,weather_4p+tso_forecast,2208,2026-08-02 20:00:00+00:00,279.4925537109375,0.0,,2026-05-02 18:00:00+00:00,2026-08-02 17:00:00+00:00,online
2026-08-02,2026-08-10 08:09:32+00:00,DE,solar,xgboost_online,XGBoost with covariates,weather_4p+tso_forecast,2208,2026-08-02 21:00:00+00:00,279.4925537109375,0.0,,2026-05-02 18:00:00+00:00,2026-08-02 17:00:00+00:00,online
2026-08-02,2026-08-10 08:09:32+00:00,DE,solar,xgboost_online,XGBoost with covariates,weather_4p+tso_forecast,2208,2026-08-02 22:00:00+00:00,279.4925537109375,0.0,,2026-05-02 18:00:00+00:00,2026-08-02 17:00:00+00:00,online
2026-08-02,2026-08-10 08:09:32+00:00,DE,solar,xgboost_online,XGBoost with covariates,weather_4p+tso_forecast,2208,2026-08-02 23:00:00+00:00,279.4925537109375,0.0,,2026-05-02 18:00:00+00:00,2026-08-02 17:00:00+00:00,online
2026-08-02,2026-08-10 08:09:32+00:00,DE,solar,xgboost_online,XGBoost with covariates,weather_4p+tso_forecast,2208,2026-08-03 00:00:00+00:00,304.4036865234375,0.0,,2026-05-02 18:00:00+00:00,2026-08-02 17:00:00+00:00,online
2026-08-02,2026-08-10 08:09:32+00:00,DE,solar,xgboost_online,XGBoost with covariates,weather_4p+tso_forecast,2208,2026-08-03 01:00:00+00:00,304.4036865234375,0.0,,2026-05-02 18:00:00+00:00,2026-08-02 17:00:00+00:00,online
2026-08-02,2026-08-10 08:09:32+00:00,DE,solar,xgboost_online,XGBoost with covariates,weather_4p+tso_forecast,2208,2026-08-03 02:00:00+00:00,304.4036865234375,0.0,,2026-05-02 18:00:00+00:00,2026-08-02 17:00:00+00:00,online
2026-08-02,2026-08-10 08:09:32+00:00,DE,solar,xgboost_online,XGBoost with covariates,weather_4p+tso_forecast,2208,2026-08-03 03:00:00+00:00,304.4036865234375,59.289982499999994,,2026-05-02 18:00:00+00:00,2026-08-02 17:00:00+00:00,online
2026-08-02,2026-08-10 08:09:32+00:00,DE,solar,xgboost_online,XGBoost with covariates,weather_4p+tso_forecast,2208,2026-08-03 04:00:00+00:00,2092.057373046875,2211.9354475,,2026-05-02 18:00:00+00:00,2026-08-02 17:00:00+00:00,online
2026-08-02,2026-08-10 08:09:32+00:00,DE,solar,xgboost_online,XGBoost with covariates,weather_4p+tso_forecast,2208,2026-08-03 05:00:00+00:00,8884.6298828125,9210.76666,,2026-05-02 18:00:00+00:00,2026-08-02 17:00:00+00:00,online
2026-08-02,2026-08-10 08:09:32+00:00,DE,solar,xgboost_online,XGBoost with covariates,weather_4p+tso_forecast,2208,2026-08-03 06:00:00+00:00,19816.55078125,20831.302855,,2026-05-02 18:00:00+00:00,2026-08-02 17:00:00+00:00,online
2026-08-02,2026-08-10 08:09:32+00:00,DE,solar,xgboost_online,XGBoost with covariates,weather_4p+tso_forecast,2208,2026-08-03 07:00:00+00:00,33137.23828125,32929.18409,,2026-05-02 18:00:00+00:00,2026-08-02 17:00:00+00:00,online
2026-08-02,2026-08-10 08:09:32+00:00,DE,solar,xgboost_online,XGBoost with covariates,weather_4p+tso_forecast,2208,2026-08-03 08:00:00+00:00,42838.15234375,42999.657385,,2026-05-02 18:00:00+00:00,2026-08-02 17:00:00+00:00,online
2026-08-02,2026-08-10 08:09:32+00:00,DE,solar,xgboost_online,XGBoost with covariates,weather_4p+tso_forecast,2208,2026-08-03 09:00:00+00:00,50499.3046875,50228.393670000005,,2026-05-02 18:00:00+00:00,2026-08-02 17:00:00+00:00,online
2026-08-02,2026-08-10 08:09:32+00:00,DE,solar,xgboost_online,XGBoost with covariates,weather_4p+tso_forecast,2208,2026-08-03 10:00:00+00:00,52052.640625,54239.63151,,2026-05-02 18:00:00+00:00,2026-08-02 17:00:00+00:00,online
2026-08-02,2026-08-10 08:09:32+00:00,DE,solar,xgboost_online,XGBoost with covariates,weather_4p+tso_forecast,2208,2026-08-03 11:00:00+00:00,51967.1875,54909.7848325,,2026-05-02 18:00:00+00:00,2026-08-02 17:00:00+00:00,online
2026-08-02,2026-08-10 08:09:32+00:00,DE,solar,xgboost_online,XGBoost with covariates,weather_4p+tso_forecast,2208,2026-08-03 12:00:00+00:00,50640.84765625,52129.80414,,2026-05-02 18:00:00+00:00,2026-08-02 17:00:00+00:00,online
2026-08-02,2026-08-10 08:09:32+00:00,DE,solar,xgboost_online,XGBoost with covariates,weather_4p+tso_forecast,2208,2026-08-03 13:00:00+00:00,45616.79296875,46404.5385375,,2026-05-02 18:00:00+00:00,2026-08-02 17:00:00+00:00,online
2026-08-02,2026-08-10 08:09:32+00:00,DE,solar,xgboost_online,XGBoost with covariates,weather_4p+tso_forecast,2208,2026-08-03 14:00:00+00:00,38547.328125,38198.704195,,2026-05-02 18:00:00+00:00,2026-08-02 17:00:00+00:00,online
2026-08-02,2026-08-10 08:09:32+00:00,DE,solar,xgboost_online,XGBoost with covariates,weather_4p+tso_forecast,2208,2026-08-03 15:00:00+00:00,28027.697265625,27823.47964,,2026-05-02 18:00:00+00:00,2026-08-02 17:00:00+00:00,online
2026-08-02,2026-08-10 08:09:32+00:00,DE,solar,xgboost_online,XGBoost with covariates,weather_4p+tso_forecast,2208,2026-08-03 16:00:00+00:00,16699.03125,16206.4719025,,2026-05-02 18:00:00+00:00,2026-08-02 17:00:00+00:00,online
2026-08-02,2026-08-10 08:09:32+00:00,DE,solar,xgboost_online,XGBoost with covariates,weather_4p+tso_forecast,2208,2026-08-03 17:00:00+00:00,5899.6455078125,6304.5448725,,2026-05-02 18:00:00+00:00,2026-08-02 17:00:00+00:00,online
2026-08-02,2026-08-10 08:09:32+00:00,DE,wind_onshore,tso_reference,TSO forecast,tso_forecast,2208,2026-08-02 18:00:00+00:00,8381.580044999999,8381.580044999999,,2026-05-02 18:00:00+00:00,2026-08-02 17:00:00+00:00,online
2026-08-02,2026-08-10 08:09:32+00:00,DE,wind_onshore,tso_reference,TSO forecast,tso_forecast,2208,2026-08-02 19:00:00+00:00,12122.508435,12122.508435,,2026-05-02 18:00:00+00:00,2026-08-02 17:00:00+00:00,online
2026-08-02,2026-08-10 08:09:32+00:00,DE,wind_onshore,tso_reference,TSO forecast,tso_forecast,2208,2026-08-02 20:00:00+00:00,15062.6035525,15062.6035525,,2026-05-02 18:00:00+00:00,2026-08-02 17:00:00+00:00,online
2026-08-02,2026-08-10 08:09:32+00:00,DE,wind_onshore,tso_reference,TSO forecast,tso_forecast,2208,2026-08-02 21:00:00+00:00,16506.30065,16506.30065,,2026-05-02 18:00:00+00:00,2026-08-02 17:00:00+00:00,online
2026-08-02,2026-08-10 08:09:32+00:00,DE,wind_onshore,tso_reference,TSO forecast,tso_forecast,2208,2026-08-02 22:00:00+00:00,17290.26333,17290.26333,,2026-05-02 18:00:00+00:00,2026-08-02 17:00:00+00:00,online
2026-08-02,2026-08-10 08:09:32+00:00,DE,wind_onshore,tso_reference,TSO forecast,tso_forecast,2208,2026-08-02 23:00:00+00:00,16853.6054,16853.6054,,2026-05-02 18:00:00+00:00,2026-08-02 17:00:00+00:00,online
2026-08-02,2026-08-10 08:09:32+00:00,DE,wind_onshore,tso_reference,TSO forecast,tso_forecast,2208,2026-08-03 00:00:00+00:00,16068.66644,16068.66644,,2026-05-02 18:00:00+00:00,2026-08-02 17:00:00+00:00,online
2026-08-02,2026-08-10 08:09:32+00:00,DE,wind_onshore,tso_reference,TSO forecast,tso_forecast,2208,2026-08-03 01:00:00+00:00,15246.17081,15246.17081,,2026-05-02 18:00:00+00:00,2026-08-02 17:00:00+00:00,online
2026-08-02,2026-08-10 08:09:32+00:00,DE,wind_onshore,tso_reference,TSO forecast,tso_forecast,2208,2026-08-03 02:00:00+00:00,14375.1012975,14375.1012975,,2026-05-02 18:00:00+00:00,2026-08-02 17:00:00+00:00,online
2026-08-02,2026-08-10 08:09:32+00:00,DE,wind_onshore,tso_reference,TSO forecast,tso_forecast,2208,2026-08-03 03:00:00+00:00,13663.8399425,13663.8399425,,2026-05-02 18:00:00+00:00,2026-08-02 17:00:00+00:00,online
2026-08-02,2026-08-10 08:09:32+00:00,DE,wind_onshore,tso_reference,TSO forecast,tso_forecast,2208,2026-08-03 04:00:00+00:00,13187.5983425,13187.5983425,,2026-05-02 18:00:00+00:00,2026-08-02 17:00:00+00:00,online
2026-08-02,2026-08-10 08:09:32+00:00,DE,wind_onshore,tso_reference,TSO forecast,tso_forecast,2208,2026-08-03 05:00:00+00:00,11719.989085,11719.989085,,2026-05-02 18:00:00+00:00,2026-08-02 17:00:00+00:00,online
2026-08-02,2026-08-10 08:09:32+00:00,DE,wind_onshore,tso_reference,TSO forecast,tso_forecast,2208,2026-08-03 06:00:00+00:00,8563.518275,8563.518275,,2026-05-02 18:00:00+00:00,2026-08-02 17:00:00+00:00,online
2026-08-02,2026-08-10 08:09:32+00:00,DE,wind_onshore,tso_reference,TSO forecast,tso_forecast,2208,2026-08-03 07:00:00+00:00,5531.50116,5531.50116,,2026-05-02 18:00:00+00:00,2026-08-02 17:00:00+00:00,online
2026-08-02,2026-08-10 08:09:32+00:00,DE,wind_onshore,tso_reference,TSO forecast,tso_forecast,2208,2026-08-03 08:00:00+00:00,4808.92936,4808.92936,,2026-05-02 18:00:00+00:00,2026-08-02 17:00:00+00:00,online
2026-08-02,2026-08-10 08:09:32+00:00,DE,wind_onshore,tso_reference,TSO forecast,tso_forecast,2208,2026-08-03 09:00:00+00:00,5076.054265,5076.054265,,2026-05-02 18:00:00+00:00,2026-08-02 17:00:00+00:00,online
2026-08-02,2026-08-10 08:09:32+00:00,DE,wind_onshore,tso_reference,TSO forecast,tso_forecast,2208,2026-08-03 10:00:00+00:00,5144.676635,5144.676635,,2026-05-02 18:00:00+00:00,2026-08-02 17:00:00+00:00,online
2026-08-02,2026-08-10 08:09:32+00:00,DE,wind_onshore,tso_reference,TSO forecast,tso_forecast,2208,2026-08-03 11:00:00+00:00,4767.7523075,4767.7523075,,2026-05-02 18:00:00+00:00,2026-08-02 17:00:00+00:00,online
2026-08-02,2026-08-10 08:09:32+00:00,DE,wind_onshore,tso_reference,TSO forecast,tso_forecast,2208,2026-08-03 12:00:00+00:00,4551.9416325,4551.9416325,,2026-05-02 18:00:00+00:00,2026-08-02 17:00:00+00:00,online
2026-08-02,2026-08-10 08:09:32+00:00,DE,wind_onshore,tso_reference,TSO forecast,tso_forecast,2208,2026-08-03 13:00:00+00:00,4593.2144075,4593.2144075,,2026-05-02 18:00:00+00:00,2026-08-02 17:00:00+00:00,online
2026-08-02,2026-08-10 08:09:32+00:00,DE,wind_onshore,tso_reference,TSO forecast,tso_forecast,2208,2026-08-03 14:00:00+00:00,5089.79873,5089.79873,,2026-05-02 18:00:00+00:00,2026-08-02 17:00:00+00:00,online
2026-08-02,2026-08-10 08:09:32+00:00,DE,wind_onshore,tso_reference,TSO forecast,tso_forecast,2208,2026-08-03 15:00:00+00:00,5940.376345000001,5940.376345000001,,2026-05-02 18:00:00+00:00,2026-08-02 17:00:00+00:00,online
2026-08-02,2026-08-10 08:09:32+00:00,DE,wind_onshore,tso_reference,TSO forecast,tso_forecast,2208,2026-08-03 16:00:00+00:00,7319.370445,7319.370445,,2026-05-02 18:00:00+00:00,2026-08-02 17:00:00+00:00,online
2026-08-02,2026-08-10 08:09:32+00:00,DE,wind_onshore,tso_reference,TSO forecast,tso_forecast,2208,2026-08-03 17:00:00+00:00,9130.2441025,9130.2441025,,2026-05-02 18:00:00+00:00,2026-08-02 17:00:00+00:00,online
2026-08-02,2026-08-10 08:09:32+00:00,DE,wind_onshore,persistence,Persistence,daily_persistence,2208,2026-08-02 18:00:00+00:00,3045.7742550000003,8381.580044999999,,2026-05-02 18:00:00+00:00,2026-08-02 17:00:00+00:00,online
2026-08-02,2026-08-10 08:09:32+00:00,DE,wind_onshore,persistence,Persistence,daily_persistence,2208,2026-08-02 19:00:00+00:00,3131.2252725,12122.508435,,2026-05-02 18:00:00+00:00,2026-08-02 17:00:00+00:00,online
2026-08-02,2026-08-10 08:09:32+00:00,DE,wind_onshore,persistence,Persistence,daily_persistence,2208,2026-08-02 20:00:00+00:00,3672.0358125,15062.6035525,,2026-05-02 18:00:00+00:00,2026-08-02 17:00:00+00:00,online
2026-08-02,2026-08-10 08:09:32+00:00,DE,wind_onshore,persistence,Persistence,daily_persistence,2208,2026-08-02 21:00:00+00:00,4205.0816,16506.30065,,2026-05-02 18:00:00+00:00,2026-08-02 17:00:00+00:00,online
2026-08-02,2026-08-10 08:09:32+00:00,DE,wind_onshore,persistence,Persistence,daily_persistence,2208,2026-08-02 22:00:00+00:00,4450.2431575,17290.26333,,2026-05-02 18:00:00+00:00,2026-08-02 17:00:00+00:00,online
2026-08-02,2026-08-10 08:09:32+00:00,DE,wind_onshore,persistence,Persistence,daily_persistence,2208,2026-08-02 23:00:00+00:00,4310.188675,16853.6054,,2026-05-02 18:00:00+00:00,2026-08-02 17:00:00+00:00,online
2026-08-02,2026-08-10 08:09:32+00:00,DE,wind_onshore,persistence,Persistence,daily_persistence,2208,2026-08-03 00:00:00+00:00,4044.10597,16068.66644,,2026-05-02 18:00:00+00:00,2026-08-02 17:00:00+00:00,online
2026-08-02,2026-08-10 08:09:32+00:00,DE,wind_onshore,persistence,Persistence,daily_persistence,2208,2026-08-03 01:00:00+00:00,4232.0028325,15246.17081,,2026-05-02 18:00:00+00:00,2026-08-02 17:00:00+00:00,online
2026-08-02,2026-08-10 08:09:32+00:00,DE,wind_onshore,persistence,Persistence,daily_persistence,2208,2026-08-03 02:00:00+00:00,4399.198034999999,14375.1012975,,2026-05-02 18:00:00+00:00,2026-08-02 17:00:00+00:00,online
2026-08-02,2026-08-10 08:09:32+00:00,DE,wind_onshore,persistence,Persistence,daily_persistence,2208,2026-08-03 03:00:00+00:00,4677.517295,13663.8399425,,2026-05-02 18:00:00+00:00,2026-08-02 17:00:00+00:00,online
2026-08-02,2026-08-10 08:09:32+00:00,DE,wind_onshore,persistence,Persistence,daily_persistence,2208,2026-08-03 04:00:00+00:00,4858.5394875,13187.5983425,,2026-05-02 18:00:00+00:00,2026-08-02 17:00:00+00:00,online
2026-08-02,2026-08-10 08:09:32+00:00,DE,wind_onshore,persistence,Persistence,daily_persistence,2208,2026-08-03 05:00:00+00:00,4271.015219999999,11719.989085,,2026-05-02 18:00:00+00:00,2026-08-02 17:00:00+00:00,online
2026-08-02,2026-08-10 08:09:32+00:00,DE,wind_onshore,persistence,Persistence,daily_persistence,2208,2026-08-03 06:00:00+00:00,2900.3683825,8563.518275,,2026-05-02 18:00:00+00:00,2026-08-02 17:00:00+00:00,online
2026-08-02,2026-08-10 08:09:32+00:00,DE,wind_onshore,persistence,Persistence,daily_persistence,2208,2026-08-03 07:00:00+00:00,1863.6595925,5531.50116,,2026-05-02 18:00:00+00:00,2026-08-02 17:00:00+00:00,online
2026-08-02,2026-08-10 08:09:32+00:00,DE,wind_onshore,persistence,Persistence,daily_persistence,2208,2026-08-03 08:00:00+00:00,1725.5963725,4808.92936,,2026-05-02 18:00:00+00:00,2026-08-02 17:00:00+00:00,online
2026-08-02,2026-08-10 08:09:32+00:00,DE,wind_onshore,persistence,Persistence,daily_persistence,2208,2026-08-03 09:00:00+00:00,2050.233025,5076.054265,,2026-05-02 18:00:00+00:00,2026-08-02 17:00:00+00:00,online
2026-08-02,2026-08-10 08:09:32+00:00,DE,wind_onshore,persistence,Persistence,daily_persistence,2208,2026-08-03 10:00:00+00:00,1915.934665,5144.676635,,2026-05-02 18:00:00+00:00,2026-08-02 17:00:00+00:00,online
2026-08-02,2026-08-10 08:09:32+00:00,DE,wind_onshore,persistence,Persistence,daily_persistence,2208,2026-08-03 11:00:00+00:00,1530.5140025,4767.7523075,,2026-05-02 18:00:00+00:00,2026-08-02 17:00:00+00:00,online
2026-08-02,2026-08-10 08:09:32+00:00,DE,wind_onshore,persistence,Persistence,daily_persistence,2208,2026-08-03 12:00:00+00:00,1576.4809525,4551.9416325,,2026-05-02 18:00:00+00:00,2026-08-02 17:00:00+00:00,online
2026-08-02,2026-08-10 08:09:32+00:00,DE,wind_onshore,persistence,Persistence,daily_persistence,2208,2026-08-03 13:00:00+00:00,1530.003115,4593.2144075,,2026-05-02 18:00:00+00:00,2026-08-02 17:00:00+00:00,online
2026-08-02,2026-08-10 08:09:32+00:00,DE,wind_onshore,persistence,Persistence,daily_persistence,2208,2026-08-03 14:00:00+00:00,1676.3504075,5089.79873,,2026-05-02 18:00:00+00:00,2026-08-02 17:00:00+00:00,online
2026-08-02,2026-08-10 08:09:32+00:00,DE,wind_onshore,persistence,Persistence,daily_persistence,2208,2026-08-03 15:00:00+00:00,2862.9644025,5940.376345000001,,2026-05-02 18:00:00+00:00,2026-08-02 17:00:00+00:00,online
2026-08-02,2026-08-10 08:09:32+00:00,DE,wind_onshore,persistence,Persistence,daily_persistence,2208,2026-08-03 16:00:00+00:00,4686.718452499999,7319.370445,,2026-05-02 18:00:00+00:00,2026-08-02 17:00:00+00:00,online
2026-08-02,2026-08-10 08:09:32+00:00,DE,wind_onshore,persistence,Persistence,daily_persistence,2208,2026-08-03 17:00:00+00:00,6249.2914175,9130.2441025,,2026-05-02 18:00:00+00:00,2026-08-02 17:00:00+00:00,online
2026-08-02,2026-08-10 08:09:32+00:00,DE,wind_onshore,chronos2_online,Chronos2 with covariates,weather_4p+tso_forecast,2208,2026-08-02 18:00:00+00:00,8396.068359375,8381.580044999999,,2026-05-02 18:00:00+00:00,2026-08-02 17:00:00+00:00,online
2026-08-02,2026-08-10 08:09:32+00:00,DE,wind_onshore,chronos2_online,Chronos2 with covariates,weather_4p+tso_forecast,2208,2026-08-02 19:00:00+00:00,11302.5615234375,12122.508435,,2026-05-02 18:00:00+00:00,2026-08-02 17:00:00+00:00,online
2026-08-02,2026-08-10 08:09:32+00:00,DE,wind_onshore,chronos2_online,Chronos2 with covariates,weather_4p+tso_forecast,2208,2026-08-02 20:00:00+00:00,14328.703125,15062.6035525,,2026-05-02 18:00:00+00:00,2026-08-02 17:00:00+00:00,online
2026-08-02,2026-08-10 08:09:32+00:00,DE,wind_onshore,chronos2_online,Chronos2 with covariates,weather_4p+tso_forecast,2208,2026-08-02 21:00:00+00:00,15904.6181640625,16506.30065,,2026-05-02 18:00:00+00:00,2026-08-02 17:00:00+00:00,online
2026-08-02,2026-08-10 08:09:32+00:00,DE,wind_onshore,chronos2_online,Chronos2 with covariates,weather_4p+tso_forecast,2208,2026-08-02 22:00:00+00:00,16085.748046875,17290.26333,,2026-05-02 18:00:00+00:00,2026-08-02 17:00:00+00:00,online
2026-08-02,2026-08-10 08:09:32+00:00,DE,wind_onshore,chronos2_online,Chronos2 with covariates,weather_4p+tso_forecast,2208,2026-08-02 23:00:00+00:00,15592.65234375,16853.6054,,2026-05-02 18:00:00+00:00,2026-08-02 17:00:00+00:00,online
2026-08-02,2026-08-10 08:09:32+00:00,DE,wind_onshore,chronos2_online,Chronos2 with covariates,weather_4p+tso_forecast,2208,2026-08-03 00:00:00+00:00,14804.4306640625,16068.66644,,2026-05-02 18:00:00+00:00,2026-08-02 17:00:00+00:00,online
2026-08-02,2026-08-10 08:09:32+00:00,DE,wind_onshore,chronos2_online,Chronos2 with covariates,weather_4p+tso_forecast,2208,2026-08-03 01:00:00+00:00,13593.802734375,15246.17081,,2026-05-02 18:00:00+00:00,2026-08-02 17:00:00+00:00,online
2026-08-02,2026-08-10 08:09:32+00:00,DE,wind_onshore,chronos2_online,Chronos2 with covariates,weather_4p+tso_forecast,2208,2026-08-03 02:00:00+00:00,12696.509765625,14375.1012975,,2026-05-02 18:00:00+00:00,2026-08-02 17:00:00+00:00,online
2026-08-02,2026-08-10 08:09:32+00:00,DE,wind_onshore,chronos2_online,Chronos2 with covariates,weather_4p+tso_forecast,2208,2026-08-03 03:00:00+00:00,12247.111328125,13663.8399425,,2026-05-02 18:00:00+00:00,2026-08-02 17:00:00+00:00,online
2026-08-02,2026-08-10 08:09:32+00:00,DE,wind_onshore,chronos2_online,Chronos2 with covariates,weather_4p+tso_forecast,2208,2026-08-03 04:00:00+00:00,12029.248046875,13187.5983425,,2026-05-02 18:00:00+00:00,2026-08-02 17:00:00+00:00,online
2026-08-02,2026-08-10 08:09:32+00:00,DE,wind_onshore,chronos2_online,Chronos2 with covariates,weather_4p+tso_forecast,2208,2026-08-03 05:00:00+00:00,10307.619140625,11719.989085,,2026-05-02 18:00:00+00:00,2026-08-02 17:00:00+00:00,online
2026-08-02,2026-08-10 08:09:32+00:00,DE,wind_onshore,chronos2_online,Chronos2 with covariates,weather_4p+tso_forecast,2208,2026-08-03 06:00:00+00:00,6725.751953125,8563.518275,,2026-05-02 18:00:00+00:00,2026-08-02 17:00:00+00:00,online
2026-08-02,2026-08-10 08:09:32+00:00,DE,wind_onshore,chronos2_online,Chronos2 with covariates,weather_4p+tso_forecast,2208,2026-08-03 07:00:00+00:00,3750.41748046875,5531.50116,,2026-05-02 18:00:00+00:00,2026-08-02 17:00:00+00:00,online
2026-08-02,2026-08-10 08:09:32+00:00,DE,wind_onshore,chronos2_online,Chronos2 with covariates,weather_4p+tso_forecast,2208,2026-08-03 08:00:00+00:00,3196.552734375,4808.92936,,2026-05-02 18:00:00+00:00,2026-08-02 17:00:00+00:00,online
2026-08-02,2026-08-10 08:09:32+00:00,DE,wind_onshore,chronos2_online,Chronos2 with covariates,weather_4p+tso_forecast,2208,2026-08-03 09:00:00+00:00,4174.37353515625,5076.054265,,2026-05-02 18:00:00+00:00,2026-08-02 17:00:00+00:00,online
2026-08-02,2026-08-10 08:09:32+00:00,DE,wind_onshore,chronos2_online,Chronos2 with covariates,weather_4p+tso_forecast,2208,2026-08-03 10:00:00+00:00,4694.7197265625,5144.676635,,2026-05-02 18:00:00+00:00,2026-08-02 17:00:00+00:00,online
2026-08-02,2026-08-10 08:09:32+00:00,DE,wind_onshore,chronos2_online,Chronos2 with covariates,weather_4p+tso_forecast,2208,2026-08-03 11:00:00+00:00,4736.39794921875,4767.7523075,,2026-05-02 18:00:00+00:00,2026-08-02 17:00:00+00:00,online
2026-08-02,2026-08-10 08:09:32+00:00,DE,wind_onshore,chronos2_online,Chronos2 with covariates,weather_4p+tso_forecast,2208,2026-08-03 12:00:00+00:00,4729.25732421875,4551.9416325,,2026-05-02 18:00:00+00:00,2026-08-02 17:00:00+00:00,online
2026-08-02,2026-08-10 08:09:32+00:00,DE,wind_onshore,chronos2_online,Chronos2 with covariates,weather_4p+tso_forecast,2208,2026-08-03 13:00:00+00:00,4544.31982421875,4593.2144075,,2026-05-02 18:00:00+00:00,2026-08-02 17:00:00+00:00,online
2026-08-02,2026-08-10 08:09:32+00:00,DE,wind_onshore,chronos2_online,Chronos2 with covariates,weather_4p+tso_forecast,2208,2026-08-03 14:00:00+00:00,4869.16650390625,5089.79873,,2026-05-02 18:00:00+00:00,2026-08-02 17:00:00+00:00,online
2026-08-02,2026-08-10 08:09:32+00:00,DE,wind_onshore,chronos2_online,Chronos2 with covariates,weather_4p+tso_forecast,2208,2026-08-03 15:00:00+00:00,5890.76953125,5940.376345000001,,2026-05-02 18:00:00+00:00,2026-08-02 17:00:00+00:00,online
2026-08-02,2026-08-10 08:09:32+00:00,DE,wind_onshore,chronos2_online,Chronos2 with covariates,weather_4p+tso_forecast,2208,2026-08-03 16:00:00+00:00,7904.0927734375,7319.370445,,2026-05-02 18:00:00+00:00,2026-08-02 17:00:00+00:00,online
2026-08-02,2026-08-10 08:09:32+00:00,DE,wind_onshore,chronos2_online,Chronos2 with covariates,weather_4p+tso_forecast,2208,2026-08-03 17:00:00+00:00,8883.1953125,9130.2441025,,2026-05-02 18:00:00+00:00,2026-08-02 17:00:00+00:00,online
2026-08-02,2026-08-10 08:09:32+00:00,DE,wind_onshore,xgboost_online,XGBoost with covariates,weather_4p+tso_forecast,2208,2026-08-02 18:00:00+00:00,8871.7138671875,8381.580044999999,,2026-05-02 18:00:00+00:00,2026-08-02 17:00:00+00:00,online
2026-08-02,2026-08-10 08:09:32+00:00,DE,wind_onshore,xgboost_online,XGBoost with covariates,weather_4p+tso_forecast,2208,2026-08-02 19:00:00+00:00,11807.861328125,12122.508435,,2026-05-02 18:00:00+00:00,2026-08-02 17:00:00+00:00,online
2026-08-02,2026-08-10 08:09:32+00:00,DE,wind_onshore,xgboost_online,XGBoost with covariates,weather_4p+tso_forecast,2208,2026-08-02 20:00:00+00:00,14246.9951171875,15062.6035525,,2026-05-02 18:00:00+00:00,2026-08-02 17:00:00+00:00,online
2026-08-02,2026-08-10 08:09:32+00:00,DE,wind_onshore,xgboost_online,XGBoost with covariates,weather_4p+tso_forecast,2208,2026-08-02 21:00:00+00:00,15557.412109375,16506.30065,,2026-05-02 18:00:00+00:00,2026-08-02 17:00:00+00:00,online
2026-08-02,2026-08-10 08:09:32+00:00,DE,wind_onshore,xgboost_online,XGBoost with covariates,weather_4p+tso_forecast,2208,2026-08-02 22:00:00+00:00,16426.951171875,17290.26333,,2026-05-02 18:00:00+00:00,2026-08-02 17:00:00+00:00,online
2026-08-02,2026-08-10 08:09:32+00:00,DE,wind_onshore,xgboost_online,XGBoost with covariates,weather_4p+tso_forecast,2208,2026-08-02 23:00:00+00:00,15461.1923828125,16853.6054,,2026-05-02 18:00:00+00:00,2026-08-02 17:00:00+00:00,online
2026-08-02,2026-08-10 08:09:32+00:00,DE,wind_onshore,xgboost_online,XGBoost with covariates,weather_4p+tso_forecast,2208,2026-08-03 00:00:00+00:00,15735.658203125,16068.66644,,2026-05-02 18:00:00+00:00,2026-08-02 17:00:00+00:00,online
2026-08-02,2026-08-10 08:09:32+00:00,DE,wind_onshore,xgboost_online,XGBoost with covariates,weather_4p+tso_forecast,2208,2026-08-03 01:00:00+00:00,14790.7900390625,15246.17081,,2026-05-02 18:00:00+00:00,2026-08-02 17:00:00+00:00,online
2026-08-02,2026-08-10 08:09:32+00:00,DE,wind_onshore,xgboost_online,XGBoost with covariates,weather_4p+tso_forecast,2208,2026-08-03 02:00:00+00:00,13993.48046875,14375.1012975,,2026-05-02 18:00:00+00:00,2026-08-02 17:00:00+00:00,online
2026-08-02,2026-08-10 08:09:32+00:00,DE,wind_onshore,xgboost_online,XGBoost with covariates,weather_4p+tso_forecast,2208,2026-08-03 03:00:00+00:00,13461.0625,13663.8399425,,2026-05-02 18:00:00+00:00,2026-08-02 17:00:00+00:00,online
2026-08-02,2026-08-10 08:09:32+00:00,DE,wind_onshore,xgboost_online,XGBoost with covariates,weather_4p+tso_forecast,2208,2026-08-03 04:00:00+00:00,13461.0625,13187.5983425,,2026-05-02 18:00:00+00:00,2026-08-02 17:00:00+00:00,online
2026-08-02,2026-08-10 08:09:32+00:00,DE,wind_onshore,xgboost_online,XGBoost with covariates,weather_4p+tso_forecast,2208,2026-08-03 05:00:00+00:00,11723.095703125,11719.989085,,2026-05-02 18:00:00+00:00,2026-08-02 17:00:00+00:00,online
2026-08-02,2026-08-10 08:09:32+00:00,DE,wind_onshore,xgboost_online,XGBoost with covariates,weather_4p+tso_forecast,2208,2026-08-03 06:00:00+00:00,8880.8330078125,8563.518275,,2026-05-02 18:00:00+00:00,2026-08-02 17:00:00+00:00,online
2026-08-02,2026-08-10 08:09:32+00:00,DE,wind_onshore,xgboost_online,XGBoost with covariates,weather_4p+tso_forecast,2208,2026-08-03 07:00:00+00:00,5214.05810546875,5531.50116,,2026-05-02 18:00:00+00:00,2026-08-02 17:00:00+00:00,online
2026-08-02,2026-08-10 08:09:32+00:00,DE,wind_onshore,xgboost_online,XGBoost with covariates,weather_4p+tso_forecast,2208,2026-08-03 08:00:00+00:00,4622.46435546875,4808.92936,,2026-05-02 18:00:00+00:00,2026-08-02 17:00:00+00:00,online
2026-08-02,2026-08-10 08:09:32+00:00,DE,wind_onshore,xgboost_online,XGBoost with covariates,weather_4p+tso_forecast,2208,2026-08-03 09:00:00+00:00,4823.57666015625,5076.054265,,2026-05-02 18:00:00+00:00,2026-08-02 17:00:00+00:00,online
2026-08-02,2026-08-10 08:09:32+00:00,DE,wind_onshore,xgboost_online,XGBoost with covariates,weather_4p+tso_forecast,2208,2026-08-03 10:00:00+00:00,4918.2783203125,5144.676635,,2026-05-02 18:00:00+00:00,2026-08-02 17:00:00+00:00,online
2026-08-02,2026-08-10 08:09:32+00:00,DE,wind_onshore,xgboost_online,XGBoost with covariates,weather_4p+tso_forecast,2208,2026-08-03 11:00:00+00:00,4740.4453125,4767.7523075,,2026-05-02 18:00:00+00:00,2026-08-02 17:00:00+00:00,online
2026-08-02,2026-08-10 08:09:32+00:00,DE,wind_onshore,xgboost_online,XGBoost with covariates,weather_4p+tso_forecast,2208,2026-08-03 12:00:00+00:00,4633.5244140625,4551.9416325,,2026-05-02 18:00:00+00:00,2026-08-02 17:00:00+00:00,online
2026-08-02,2026-08-10 08:09:32+00:00,DE,wind_onshore,xgboost_online,XGBoost with covariates,weather_4p+tso_forecast,2208,2026-08-03 13:00:00+00:00,4646.78466796875,4593.2144075,,2026-05-02 18:00:00+00:00,2026-08-02 17:00:00+00:00,online
2026-08-02,2026-08-10 08:09:32+00:00,DE,wind_onshore,xgboost_online,XGBoost with covariates,weather_4p+tso_forecast,2208,2026-08-03 14:00:00+00:00,4804.49658203125,5089.79873,,2026-05-02 18:00:00+00:00,2026-08-02 17:00:00+00:00,online
2026-08-02,2026-08-10 08:09:32+00:00,DE,wind_onshore,xgboost_online,XGBoost with covariates,weather_4p+tso_forecast,2208,2026-08-03 15:00:00+00:00,5461.68505859375,5940.376345000001,,2026-05-02 18:00:00+00:00,2026-08-02 17:00:00+00:00,online
2026-08-02,2026-08-10 08:09:32+00:00,DE,wind_onshore,xgboost_online,XGBoost with covariates,weather_4p+tso_forecast,2208,2026-08-03 16:00:00+00:00,7547.84912109375,7319.370445,,2026-05-02 18:00:00+00:00,2026-08-02 17:00:00+00:00,online
2026-08-02,2026-08-10 08:09:32+00:00,DE,wind_onshore,xgboost_online,XGBoost with covariates,weather_4p+tso_forecast,2208,2026-08-03 17:00:00+00:00,9185.056640625,9130.2441025,,2026-05-02 18:00:00+00:00,2026-08-02 17:00:00+00:00,online
2026-08-02,2026-08-10 08:09:32+00:00,DE,wind_offshore,tso_reference,TSO forecast,tso_forecast,2208,2026-08-02 18:00:00+00:00,324.68,324.68,,2026-05-02 18:00:00+00:00,2026-08-02 17:00:00+00:00,online
2026-08-02,2026-08-10 08:09:32+00:00,DE,wind_offshore,tso_reference,TSO forecast,tso_forecast,2208,2026-08-02 19:00:00+00:00,439.4925,439.4925,,2026-05-02 18:00:00+00:00,2026-08-02 17:00:00+00:00,online
2026-08-02,2026-08-10 08:09:32+00:00,DE,wind_offshore,tso_reference,TSO forecast,tso_forecast,2208,2026-08-02 20:00:00+00:00,570.9175,570.9175,,2026-05-02 18:00:00+00:00,2026-08-02 17:00:00+00:00,online
2026-08-02,2026-08-10 08:09:32+00:00,DE,wind_offshore,tso_reference,TSO forecast,tso_forecast,2208,2026-08-02 21:00:00+00:00,698.9925000000001,698.9925000000001,,2026-05-02 18:00:00+00:00,2026-08-02 17:00:00+00:00,online
2026-08-02,2026-08-10 08:09:32+00:00,DE,wind_offshore,tso_reference,TSO forecast,tso_forecast,2208,2026-08-02 22:00:00+00:00,996.4675,996.4675,,2026-05-02 18:00:00+00:00,2026-08-02 17:00:00+00:00,online
2026-08-02,2026-08-10 08:09:32+00:00,DE,wind_offshore,tso_reference,TSO forecast,tso_forecast,2208,2026-08-02 23:00:00+00:00,1247.6875,1247.6875,,2026-05-02 18:00:00+00:00,2026-08-02 17:00:00+00:00,online
2026-08-02,2026-08-10 08:09:32+00:00,DE,wind_offshore,tso_reference,TSO forecast,tso_forecast,2208,2026-08-03 00:00:00+00:00,1498.8875,1498.8875,,2026-05-02 18:00:00+00:00,2026-08-02 17:00:00+00:00,online
2026-08-02,2026-08-10 08:09:32+00:00,DE,wind_offshore,tso_reference,TSO forecast,tso_forecast,2208,2026-08-03 01:00:00+00:00,1721.315,1721.315,,2026-05-02 18:00:00+00:00,2026-08-02 17:00:00+00:00,online
2026-08-02,2026-08-10 08:09:32+00:00,DE,wind_offshore,tso_reference,TSO forecast,tso_forecast,2208,2026-08-03 02:00:00+00:00,1976.4825,1976.4825,,2026-05-02 18:00:00+00:00,2026-08-02 17:00:00+00:00,online
2026-08-02,2026-08-10 08:09:32+00:00,DE,wind_offshore,tso_reference,TSO forecast,tso_forecast,2208,2026-08-03 03:00:00+00:00,2257.12,2257.12,,2026-05-02 18:00:00+00:00,2026-08-02 17:00:00+00:00,online
2026-08-02,2026-08-10 08:09:32+00:00,DE,wind_offshore,tso_reference,TSO forecast,tso_forecast,2208,2026-08-03 04:00:00+00:00,2538.6575000000003,2538.6575000000003,,2026-05-02 18:00:00+00:00,2026-08-02 17:00:00+00:00,online
2026-08-02,2026-08-10 08:09:32+00:00,DE,wind_offshore,tso_reference,TSO forecast,tso_forecast,2208,2026-08-03 05:00:00+00:00,2770.4625,2770.4625,,2026-05-02 18:00:00+00:00,2026-08-02 17:00:00+00:00,online
2026-08-02,2026-08-10 08:09:32+00:00,DE,wind_offshore,tso_reference,TSO forecast,tso_forecast,2208,2026-08-03 06:00:00+00:00,2834.085,2834.085,,2026-05-02 18:00:00+00:00,2026-08-02 17:00:00+00:00,online
2026-08-02,2026-08-10 08:09:32+00:00,DE,wind_offshore,tso_reference,TSO forecast,tso_forecast,2208,2026-08-03 07:00:00+00:00,2687.4475,2687.4475,,2026-05-02 18:00:00+00:00,2026-08-02 17:00:00+00:00,online
2026-08-02,2026-08-10 08:09:32+00:00,DE,wind_offshore,tso_reference,TSO forecast,tso_forecast,2208,2026-08-03 08:00:00+00:00,2486.835,2486.835,,2026-05-02 18:00:00+00:00,2026-08-02 17:00:00+00:00,online
2026-08-02,2026-08-10 08:09:32+00:00,DE,wind_offshore,tso_reference,TSO forecast,tso_forecast,2208,2026-08-03 09:00:00+00:00,2405.8050000000003,2405.8050000000003,,2026-05-02 18:00:00+00:00,2026-08-02 17:00:00+00:00,online
2026-08-02,2026-08-10 08:09:32+00:00,DE,wind_offshore,tso_reference,TSO forecast,tso_forecast,2208,2026-08-03 10:00:00+00:00,2446.685,2446.685,,2026-05-02 18:00:00+00:00,2026-08-02 17:00:00+00:00,online
2026-08-02,2026-08-10 08:09:32+00:00,DE,wind_offshore,tso_reference,TSO forecast,tso_forecast,2208,2026-08-03 11:00:00+00:00,2702.75,2702.75,,2026-05-02 18:00:00+00:00,2026-08-02 17:00:00+00:00,online
2026-08-02,2026-08-10 08:09:32+00:00,DE,wind_offshore,tso_reference,TSO forecast,tso_forecast,2208,2026-08-03 12:00:00+00:00,2807.9,2807.9,,2026-05-02 18:00:00+00:00,2026-08-02 17:00:00+00:00,online
2026-08-02,2026-08-10 08:09:32+00:00,DE,wind_offshore,tso_reference,TSO forecast,tso_forecast,2208,2026-08-03 13:00:00+00:00,3234.0025,3234.0025,,2026-05-02 18:00:00+00:00,2026-08-02 17:00:00+00:00,online
2026-08-02,2026-08-10 08:09:32+00:00,DE,wind_offshore,tso_reference,TSO forecast,tso_forecast,2208,2026-08-03 14:00:00+00:00,3482.94,3482.94,,2026-05-02 18:00:00+00:00,2026-08-02 17:00:00+00:00,online
2026-08-02,2026-08-10 08:09:32+00:00,DE,wind_offshore,tso_reference,TSO forecast,tso_forecast,2208,2026-08-03 15:00:00+00:00,3896.4525,3896.4525,,2026-05-02 18:00:00+00:00,2026-08-02 17:00:00+00:00,online
2026-08-02,2026-08-10 08:09:32+00:00,DE,wind_offshore,tso_reference,TSO forecast,tso_forecast,2208,2026-08-03 16:00:00+00:00,4550.6325,4550.6325,,2026-05-02 18:00:00+00:00,2026-08-02 17:00:00+00:00,online
2026-08-02,2026-08-10 08:09:32+00:00,DE,wind_offshore,tso_reference,TSO forecast,tso_forecast,2208,2026-08-03 17:00:00+00:00,5002.47,5002.47,,2026-05-02 18:00:00+00:00,2026-08-02 17:00:00+00:00,online
2026-08-02,2026-08-10 08:09:32+00:00,DE,wind_offshore,persistence,Persistence,daily_persistence,2208,2026-08-02 18:00:00+00:00,1096.31425,324.68,,2026-05-02 18:00:00+00:00,2026-08-02 17:00:00+00:00,online
2026-08-02,2026-08-10 08:09:32+00:00,DE,wind_offshore,persistence,Persistence,daily_persistence,2208,2026-08-02 19:00:00+00:00,1090.2295,439.4925,,2026-05-02 18:00:00+00:00,2026-08-02 17:00:00+00:00,online
2026-08-02,2026-08-10 08:09:32+00:00,DE,wind_offshore,persistence,Persistence,daily_persistence,2208,2026-08-02 20:00:00+00:00,1312.2135,570.9175,,2026-05-02 18:00:00+00:00,2026-08-02 17:00:00+00:00,online
2026-08-02,2026-08-10 08:09:32+00:00,DE,wind_offshore,persistence,Persistence,daily_persistence,2208,2026-08-02 21:00:00+00:00,1326.83325,698.9925000000001,,2026-05-02 18:00:00+00:00,2026-08-02 17:00:00+00:00,online
2026-08-02,2026-08-10 08:09:32+00:00,DE,wind_offshore,persistence,Persistence,daily_persistence,2208,2026-08-02 22:00:00+00:00,1270.98225,996.4675,,2026-05-02 18:00:00+00:00,2026-08-02 17:00:00+00:00,online
2026-08-02,2026-08-10 08:09:32+00:00,DE,wind_offshore,persistence,Persistence,daily_persistence,2208,2026-08-02 23:00:00+00:00,1241.9125,1247.6875,,2026-05-02 18:00:00+00:00,2026-08-02 17:00:00+00:00,online
2026-08-02,2026-08-10 08:09:32+00:00,DE,wind_offshore,persistence,Persistence,daily_persistence,2208,2026-08-03 00:00:00+00:00,1244.31975,1498.8875,,2026-05-02 18:00:00+00:00,2026-08-02 17:00:00+00:00,online
2026-08-02,2026-08-10 08:09:32+00:00,DE,wind_offshore,persistence,Persistence,daily_persistence,2208,2026-08-03 01:00:00+00:00,1101.533,1721.315,,2026-05-02 18:00:00+00:00,2026-08-02 17:00:00+00:00,online
2026-08-02,2026-08-10 08:09:32+00:00,DE,wind_offshore,persistence,Persistence,daily_persistence,2208,2026-08-03 02:00:00+00:00,927.82825,1976.4825,,2026-05-02 18:00:00+00:00,2026-08-02 17:00:00+00:00,online
2026-08-02,2026-08-10 08:09:32+00:00,DE,wind_offshore,persistence,Persistence,daily_persistence,2208,2026-08-03 03:00:00+00:00,863.9672499999999,2257.12,,2026-05-02 18:00:00+00:00,2026-08-02 17:00:00+00:00,online
2026-08-02,2026-08-10 08:09:32+00:00,DE,wind_offshore,persistence,Persistence,daily_persistence,2208,2026-08-03 04:00:00+00:00,843.677,2538.6575000000003,,2026-05-02 18:00:00+00:00,2026-08-02 17:00:00+00:00,online
2026-08-02,2026-08-10 08:09:32+00:00,DE,wind_offshore,persistence,Persistence,daily_persistence,2208,2026-08-03 05:00:00+00:00,794.54975,2770.4625,,2026-05-02 18:00:00+00:00,2026-08-02 17:00:00+00:00,online
2026-08-02,2026-08-10 08:09:32+00:00,DE,wind_offshore,persistence,Persistence,daily_persistence,2208,2026-08-03 06:00:00+00:00,709.4717499999999,2834.085,,2026-05-02 18:00:00+00:00,2026-08-02 17:00:00+00:00,online
2026-08-02,2026-08-10 08:09:32+00:00,DE,wind_offshore,persistence,Persistence,daily_persistence,2208,2026-08-03 07:00:00+00:00,560.3385,2687.4475,,2026-05-02 18:00:00+00:00,2026-08-02 17:00:00+00:00,online
2026-08-02,2026-08-10 08:09:32+00:00,DE,wind_offshore,persistence,Persistence,daily_persistence,2208,2026-08-03 08:00:00+00:00,444.12075,2486.835,,2026-05-02 18:00:00+00:00,2026-08-02 17:00:00+00:00,online
2026-08-02,2026-08-10 08:09:32+00:00,DE,wind_offshore,persistence,Persistence,daily_persistence,2208,2026-08-03 09:00:00+00:00,383.97,2405.8050000000003,,2026-05-02 18:00:00+00:00,2026-08-02 17:00:00+00:00,online
2026-08-02,2026-08-10 08:09:32+00:00,DE,wind_offshore,persistence,Persistence,daily_persistence,2208,2026-08-03 10:00:00+00:00,297.7745,2446.685,,2026-05-02 18:00:00+00:00,2026-08-02 17:00:00+00:00,online
2026-08-02,2026-08-10 08:09:32+00:00,DE,wind_offshore,persistence,Persistence,daily_persistence,2208,2026-08-03 11:00:00+00:00,228.5705,2702.75,,2026-05-02 18:00:00+00:00,2026-08-02 17:00:00+00:00,online
2026-08-02,2026-08-10 08:09:32+00:00,DE,wind_offshore,persistence,Persistence,daily_persistence,2208,2026-08-03 12:00:00+00:00,179.29125,2807.9,,2026-05-02 18:00:00+00:00,2026-08-02 17:00:00+00:00,online
2026-08-02,2026-08-10 08:09:32+00:00,DE,wind_offshore,persistence,Persistence,daily_persistence,2208,2026-08-03 13:00:00+00:00,144.99775,3234.0025,,2026-05-02 18:00:00+00:00,2026-08-02 17:00:00+00:00,online
2026-08-02,2026-08-10 08:09:32+00:00,DE,wind_offshore,persistence,Persistence,daily_persistence,2208,2026-08-03 14:00:00+00:00,118.99725,3482.94,,2026-05-02 18:00:00+00:00,2026-08-02 17:00:00+00:00,online
2026-08-02,2026-08-10 08:09:32+00:00,DE,wind_offshore,persistence,Persistence,daily_persistence,2208,2026-08-03 15:00:00+00:00,48.1205,3896.4525,,2026-05-02 18:00:00+00:00,2026-08-02 17:00:00+00:00,online
2026-08-02,2026-08-10 08:09:32+00:00,DE,wind_offshore,persistence,Persistence,daily_persistence,2208,2026-08-03 16:00:00+00:00,116.37575,4550.6325,,2026-05-02 18:00:00+00:00,2026-08-02 17:00:00+00:00,online
2026-08-02,2026-08-10 08:09:32+00:00,DE,wind_offshore,persistence,Persistence,daily_persistence,2208,2026-08-03 17:00:00+00:00,256.65274999999997,5002.47,,2026-05-02 18:00:00+00:00,2026-08-02 17:00:00+00:00,online
2026-08-02,2026-08-10 08:09:32+00:00,DE,wind_offshore,chronos2_online,Chronos2 with covariates,weather_4p+tso_forecast,2208,2026-08-02 18:00:00+00:00,482.182373046875,324.68,,2026-05-02 18:00:00+00:00,2026-08-02 17:00:00+00:00,online
2026-08-02,2026-08-10 08:09:32+00:00,DE,wind_offshore,chronos2_online,Chronos2 with covariates,weather_4p+tso_forecast,2208,2026-08-02 19:00:00+00:00,617.9228515625,439.4925,,2026-05-02 18:00:00+00:00,2026-08-02 17:00:00+00:00,online
2026-08-02,2026-08-10 08:09:32+00:00,DE,wind_offshore,chronos2_online,Chronos2 with covariates,weather_4p+tso_forecast,2208,2026-08-02 20:00:00+00:00,848.6448974609375,570.9175,,2026-05-02 18:00:00+00:00,2026-08-02 17:00:00+00:00,online
2026-08-02,2026-08-10 08:09:32+00:00,DE,wind_offshore,chronos2_online,Chronos2 with covariates,weather_4p+tso_forecast,2208,2026-08-02 21:00:00+00:00,1073.0887451171875,698.9925000000001,,2026-05-02 18:00:00+00:00,2026-08-02 17:00:00+00:00,online
2026-08-02,2026-08-10 08:09:32+00:00,DE,wind_offshore,chronos2_online,Chronos2 with covariates,weather_4p+tso_forecast,2208,2026-08-02 22:00:00+00:00,1350.637451171875,996.4675,,2026-05-02 18:00:00+00:00,2026-08-02 17:00:00+00:00,online
2026-08-02,2026-08-10 08:09:32+00:00,DE,wind_offshore,chronos2_online,Chronos2 with covariates,weather_4p+tso_forecast,2208,2026-08-02 23:00:00+00:00,1599.87255859375,1247.6875,,2026-05-02 18:00:00+00:00,2026-08-02 17:00:00+00:00,online
2026-08-02,2026-08-10 08:09:32+00:00,DE,wind_offshore,chronos2_online,Chronos2 with covariates,weather_4p+tso_forecast,2208,2026-08-03 00:00:00+00:00,1742.167236328125,1498.8875,,2026-05-02 18:00:00+00:00,2026-08-02 17:00:00+00:00,online
2026-08-02,2026-08-10 08:09:32+00:00,DE,wind_offshore,chronos2_online,Chronos2 with covariates,weather_4p+tso_forecast,2208,2026-08-03 01:00:00+00:00,1953.7548828125,1721.315,,2026-05-02 18:00:00+00:00,2026-08-02 17:00:00+00:00,online
2026-08-02,2026-08-10 08:09:32+00:00,DE,wind_offshore,chronos2_online,Chronos2 with covariates,weather_4p+tso_forecast,2208,2026-08-03 02:00:00+00:00,2248.57421875,1976.4825,,2026-05-02 18:00:00+00:00,2026-08-02 17:00:00+00:00,online
2026-08-02,2026-08-10 08:09:32+00:00,DE,wind_offshore,chronos2_online,Chronos2 with covariates,weather_4p+tso_forecast,2208,2026-08-03 03:00:00+00:00,2545.41455078125,2257.12,,2026-05-02 18:00:00+00:00,2026-08-02 17:00:00+00:00,online
2026-08-02,2026-08-10 08:09:32+00:00,DE,wind_offshore,chronos2_online,Chronos2 with covariates,weather_4p+tso_forecast,2208,2026-08-03 04:00:00+00:00,2787.035400390625,2538.6575000000003,,2026-05-02 18:00:00+00:00,2026-08-02 17:00:00+00:00,online
2026-08-02,2026-08-10 08:09:32+00:00,DE,wind_offshore,chronos2_online,Chronos2 with covariates,weather_4p+tso_forecast,2208,2026-08-03 05:00:00+00:00,2919.859375,2770.4625,,2026-05-02 18:00:00+00:00,2026-08-02 17:00:00+00:00,online
2026-08-02,2026-08-10 08:09:32+00:00,DE,wind_offshore,chronos2_online,Chronos2 with covariates,weather_4p+tso_forecast,2208,2026-08-03 06:00:00+00:00,2977.675048828125,2834.085,,2026-05-02 18:00:00+00:00,2026-08-02 17:00:00+00:00,online
2026-08-02,2026-08-10 08:09:32+00:00,DE,wind_offshore,chronos2_online,Chronos2 with covariates,weather_4p+tso_forecast,2208,2026-08-03 07:00:00+00:00,2815.269775390625,2687.4475,,2026-05-02 18:00:00+00:00,2026-08-02 17:00:00+00:00,online
2026-08-02,2026-08-10 08:09:32+00:00,DE,wind_offshore,chronos2_online,Chronos2 with covariates,weather_4p+tso_forecast,2208,2026-08-03 08:00:00+00:00,2529.24365234375,2486.835,,2026-05-02 18:00:00+00:00,2026-08-02 17:00:00+00:00,online
2026-08-02,2026-08-10 08:09:32+00:00,DE,wind_offshore,chronos2_online,Chronos2 with covariates,weather_4p+tso_forecast,2208,2026-08-03 09:00:00+00:00,2236.39501953125,2405.8050000000003,,2026-05-02 18:00:00+00:00,2026-08-02 17:00:00+00:00,online
2026-08-02,2026-08-10 08:09:32+00:00,DE,wind_offshore,chronos2_online,Chronos2 with covariates,weather_4p+tso_forecast,2208,2026-08-03 10:00:00+00:00,2447.235595703125,2446.685,,2026-05-02 18:00:00+00:00,2026-08-02 17:00:00+00:00,online
2026-08-02,2026-08-10 08:09:32+00:00,DE,wind_offshore,chronos2_online,Chronos2 with covariates,weather_4p+tso_forecast,2208,2026-08-03 11:00:00+00:00,2557.644287109375,2702.75,,2026-05-02 18:00:00+00:00,2026-08-02 17:00:00+00:00,online
2026-08-02,2026-08-10 08:09:32+00:00,DE,wind_offshore,chronos2_online,Chronos2 with covariates,weather_4p+tso_forecast,2208,2026-08-03 12:00:00+00:00,2752.771484375,2807.9,,2026-05-02 18:00:00+00:00,2026-08-02 17:00:00+00:00,online
2026-08-02,2026-08-10 08:09:32+00:00,DE,wind_offshore,chronos2_online,Chronos2 with covariates,weather_4p+tso_forecast,2208,2026-08-03 13:00:00+00:00,3153.018798828125,3234.0025,,2026-05-02 18:00:00+00:00,2026-08-02 17:00:00+00:00,online
2026-08-02,2026-08-10 08:09:32+00:00,DE,wind_offshore,chronos2_online,Chronos2 with covariates,weather_4p+tso_forecast,2208,2026-08-03 14:00:00+00:00,3465.74365234375,3482.94,,2026-05-02 18:00:00+00:00,2026-08-02 17:00:00+00:00,online
2026-08-02,2026-08-10 08:09:32+00:00,DE,wind_offshore,chronos2_online,Chronos2 with covariates,weather_4p+tso_forecast,2208,2026-08-03 15:00:00+00:00,3738.79541015625,3896.4525,,2026-05-02 18:00:00+00:00,2026-08-02 17:00:00+00:00,online
2026-08-02,2026-08-10 08:09:32+00:00,DE,wind_offshore,chronos2_online,Chronos2 with covariates,weather_4p+tso_forecast,2208,2026-08-03 16:00:00+00:00,4274.158203125,4550.6325,,2026-05-02 18:00:00+00:00,2026-08-02 17:00:00+00:00,online
2026-08-02,2026-08-10 08:09:32+00:00,DE,wind_offshore,chronos2_online,Chronos2 with covariates,weather_4p+tso_forecast,2208,2026-08-03 17:00:00+00:00,4438.85009765625,5002.47,,2026-05-02 18:00:00+00:00,2026-08-02 17:00:00+00:00,online
2026-08-02,2026-08-10 08:09:32+00:00,DE,wind_offshore,xgboost_online,XGBoost with covariates,weather_4p+tso_forecast,2208,2026-08-02 18:00:00+00:00,334.2195129394531,324.68,,2026-05-02 18:00:00+00:00,2026-08-02 17:00:00+00:00,online
2026-08-02,2026-08-10 08:09:32+00:00,DE,wind_offshore,xgboost_online,XGBoost with covariates,weather_4p+tso_forecast,2208,2026-08-02 19:00:00+00:00,502.5333251953125,439.4925,,2026-05-02 18:00:00+00:00,2026-08-02 17:00:00+00:00,online
2026-08-02,2026-08-10 08:09:32+00:00,DE,wind_offshore,xgboost_online,XGBoost with covariates,weather_4p+tso_forecast,2208,2026-08-02 20:00:00+00:00,559.1888427734375,570.9175,,2026-05-02 18:00:00+00:00,2026-08-02 17:00:00+00:00,online
2026-08-02,2026-08-10 08:09:32+00:00,DE,wind_offshore,xgboost_online,XGBoost with covariates,weather_4p+tso_forecast,2208,2026-08-02 21:00:00+00:00,903.7075805664062,698.9925000000001,,2026-05-02 18:00:00+00:00,2026-08-02 17:00:00+00:00,online
2026-08-02,2026-08-10 08:09:32+00:00,DE,wind_offshore,xgboost_online,XGBoost with covariates,weather_4p+tso_forecast,2208,2026-08-02 22:00:00+00:00,1113.0992431640625,996.4675,,2026-05-02 18:00:00+00:00,2026-08-02 17:00:00+00:00,online
2026-08-02,2026-08-10 08:09:32+00:00,DE,wind_offshore,xgboost_online,XGBoost with covariates,weather_4p+tso_forecast,2208,2026-08-02 23:00:00+00:00,1457.3643798828125,1247.6875,,2026-05-02 18:00:00+00:00,2026-08-02 17:00:00+00:00,online
2026-08-02,2026-08-10 08:09:32+00:00,DE,wind_offshore,xgboost_online,XGBoost with covariates,weather_4p+tso_forecast,2208,2026-08-03 00:00:00+00:00,1605.6767578125,1498.8875,,2026-05-02 18:00:00+00:00,2026-08-02 17:00:00+00:00,online
2026-08-02,2026-08-10 08:09:32+00:00,DE,wind_offshore,xgboost_online,XGBoost with covariates,weather_4p+tso_forecast,2208,2026-08-03 01:00:00+00:00,1642.414794921875,1721.315,,2026-05-02 18:00:00+00:00,2026-08-02 17:00:00+00:00,online
2026-08-02,2026-08-10 08:09:32+00:00,DE,wind_offshore,xgboost_online,XGBoost with covariates,weather_4p+tso_forecast,2208,2026-08-03 02:00:00+00:00,2019.81689453125,1976.4825,,2026-05-02 18:00:00+00:00,2026-08-02 17:00:00+00:00,online
2026-08-02,2026-08-10 08:09:32+00:00,DE,wind_offshore,xgboost_online,XGBoost with covariates,weather_4p+tso_forecast,2208,2026-08-03 03:00:00+00:00,2206.372802734375,2257.12,,2026-05-02 18:00:00+00:00,2026-08-02 17:00:00+00:00,online
2026-08-02,2026-08-10 08:09:32+00:00,DE,wind_offshore,xgboost_online,XGBoost with covariates,weather_4p+tso_forecast,2208,2026-08-03 04:00:00+00:00,2655.2578125,2538.6575000000003,,2026-05-02 18:00:00+00:00,2026-08-02 17:00:00+00:00,online
2026-08-02,2026-08-10 08:09:32+00:00,DE,wind_offshore,xgboost_online,XGBoost with covariates,weather_4p+tso_forecast,2208,2026-08-03 05:00:00+00:00,2832.7177734375,2770.4625,,2026-05-02 18:00:00+00:00,2026-08-02 17:00:00+00:00,online
2026-08-02,2026-08-10 08:09:32+00:00,DE,wind_offshore,xgboost_online,XGBoost with covariates,weather_4p+tso_forecast,2208,2026-08-03 06:00:00+00:00,2963.809326171875,2834.085,,2026-05-02 18:00:00+00:00,2026-08-02 17:00:00+00:00,online
2026-08-02,2026-08-10 08:09:32+00:00,DE,wind_offshore,xgboost_online,XGBoost with covariates,weather_4p+tso_forecast,2208,2026-08-03 07:00:00+00:00,2956.186767578125,2687.4475,,2026-05-02 18:00:00+00:00,2026-08-02 17:00:00+00:00,online
2026-08-02,2026-08-10 08:09:32+00:00,DE,wind_offshore,xgboost_online,XGBoost with covariates,weather_4p+tso_forecast,2208,2026-08-03 08:00:00+00:00,2884.419189453125,2486.835,,2026-05-02 18:00:00+00:00,2026-08-02 17:00:00+00:00,online
2026-08-02,2026-08-10 08:09:32+00:00,DE,wind_offshore,xgboost_online,XGBoost with covariates,weather_4p+tso_forecast,2208,2026-08-03 09:00:00+00:00,2526.76806640625,2405.8050000000003,,2026-05-02 18:00:00+00:00,2026-08-02 17:00:00+00:00,online
2026-08-02,2026-08-10 08:09:32+00:00,DE,wind_offshore,xgboost_online,XGBoost with covariates,weather_4p+tso_forecast,2208,2026-08-03 10:00:00+00:00,2814.445068359375,2446.685,,2026-05-02 18:00:00+00:00,2026-08-02 17:00:00+00:00,online
2026-08-02,2026-08-10 08:09:32+00:00,DE,wind_offshore,xgboost_online,XGBoost with covariates,weather_4p+tso_forecast,2208,2026-08-03 11:00:00+00:00,2738.8623046875,2702.75,,2026-05-02 18:00:00+00:00,2026-08-02 17:00:00+00:00,online
2026-08-02,2026-08-10 08:09:32+00:00,DE,wind_offshore,xgboost_online,XGBoost with covariates,weather_4p+tso_forecast,2208,2026-08-03 12:00:00+00:00,2895.66064453125,2807.9,,2026-05-02 18:00:00+00:00,2026-08-02 17:00:00+00:00,online
2026-08-02,2026-08-10 08:09:32+00:00,DE,wind_offshore,xgboost_online,XGBoost with covariates,weather_4p+tso_forecast,2208,2026-08-03 13:00:00+00:00,3447.27783203125,3234.0025,,2026-05-02 18:00:00+00:00,2026-08-02 17:00:00+00:00,online
2026-08-02,2026-08-10 08:09:32+00:00,DE,wind_offshore,xgboost_online,XGBoost with covariates,weather_4p+tso_forecast,2208,2026-08-03 14:00:00+00:00,3906.21630859375,3482.94,,2026-05-02 18:00:00+00:00,2026-08-02 17:00:00+00:00,online
2026-08-02,2026-08-10 08:09:32+00:00,DE,wind_offshore,xgboost_online,XGBoost with covariates,weather_4p+tso_forecast,2208,2026-08-03 15:00:00+00:00,4206.82958984375,3896.4525,,2026-05-02 18:00:00+00:00,2026-08-02 17:00:00+00:00,online
2026-08-02,2026-08-10 08:09:32+00:00,DE,wind_offshore,xgboost_online,XGBoost with covariates,weather_4p+tso_forecast,2208,2026-08-03 16:00:00+00:00,5020.3447265625,4550.6325,,2026-05-02 18:00:00+00:00,2026-08-02 17:00:00+00:00,online
2026-08-02,2026-08-10 08:09:32+00:00,DE,wind_offshore,xgboost_online,XGBoost with covariates,weather_4p+tso_forecast,2208,2026-08-03 17:00:00+00:00,5251.333984375,5002.47,,2026-05-02 18:00:00+00:00,2026-08-02 17:00:00+00:00,online
2026-08-02,2026-08-10T11:31:16+00:00,BE,load,tabpfn_online,TabPFN with covariates,Temp+tso_forecast,2208,2026-08-02 18:00:00+00:00,8082.427734375,8323.675,,2026-05-02 18:00:00+00:00,2026-08-02 17:00:00+00:00,online
2026-08-02,2026-08-10T11:31:16+00:00,BE,load,tabpfn_online,TabPFN with covariates,Temp+tso_forecast,2208,2026-08-02 19:00:00+00:00,7941.31591796875,8157.5575,,2026-05-02 18:00:00+00:00,2026-08-02 17:00:00+00:00,online
2026-08-02,2026-08-10T11:31:16+00:00,BE,load,tabpfn_online,TabPFN with covariates,Temp+tso_forecast,2208,2026-08-02 20:00:00+00:00,7949.56591796875,8134.81,,2026-05-02 18:00:00+00:00,2026-08-02 17:00:00+00:00,online
2026-08-02,2026-08-10T11:31:16+00:00,BE,load,tabpfn_online,TabPFN with covariates,Temp+tso_forecast,2208,2026-08-02 21:00:00+00:00,7640.412109375,7748.8775,,2026-05-02 18:00:00+00:00,2026-08-02 17:00:00+00:00,online
2026-08-02,2026-08-10T11:31:16+00:00,BE,load,tabpfn_online,TabPFN with covariates,Temp+tso_forecast,2208,2026-08-02 22:00:00+00:00,7422.7861328125,7437.2725,,2026-05-02 18:00:00+00:00,2026-08-02 17:00:00+00:00,online
2026-08-02,2026-08-10T11:31:16+00:00,BE,load,tabpfn_online,TabPFN with covariates,Temp+tso_forecast,2208,2026-08-02 23:00:00+00:00,7213.6201171875,7178.4975,,2026-05-02 18:00:00+00:00,2026-08-02 17:00:00+00:00,online
2026-08-02,2026-08-10T11:31:16+00:00,BE,load,tabpfn_online,TabPFN with covariates,Temp+tso_forecast,2208,2026-08-03 00:00:00+00:00,7015.44140625,6910.535,,2026-05-02 18:00:00+00:00,2026-08-02 17:00:00+00:00,online
2026-08-02,2026-08-10T11:31:16+00:00,BE,load,tabpfn_online,TabPFN with covariates,Temp+tso_forecast,2208,2026-08-03 01:00:00+00:00,7012.83203125,6907.2025,,2026-05-02 18:00:00+00:00,2026-08-02 17:00:00+00:00,online
2026-08-02,2026-08-10T11:31:16+00:00,BE,load,tabpfn_online,TabPFN with covariates,Temp+tso_forecast,2208,2026-08-03 02:00:00+00:00,7077.431640625,6933.925,,2026-05-02 18:00:00+00:00,2026-08-02 17:00:00+00:00,online
2026-08-02,2026-08-10T11:31:16+00:00,BE,load,tabpfn_online,TabPFN with covariates,Temp+tso_forecast,2208,2026-08-03 03:00:00+00:00,7289.38427734375,7175.5275,,2026-05-02 18:00:00+00:00,2026-08-02 17:00:00+00:00,online
2026-08-02,2026-08-10T11:31:16+00:00,BE,load,tabpfn_online,TabPFN with covariates,Temp+tso_forecast,2208,2026-08-03 04:00:00+00:00,7709.818359375,7818.5725,,2026-05-02 18:00:00+00:00,2026-08-02 17:00:00+00:00,online
2026-08-02,2026-08-10T11:31:16+00:00,BE,load,tabpfn_online,TabPFN with covariates,Temp+tso_forecast,2208,2026-08-03 05:00:00+00:00,8254.525390625,8525.52,,2026-05-02 18:00:00+00:00,2026-08-02 17:00:00+00:00,online
2026-08-02,2026-08-10T11:31:16+00:00,BE,load,tabpfn_online,TabPFN with covariates,Temp+tso_forecast,2208,2026-08-03 06:00:00+00:00,8909.6728515625,9155.3925,,2026-05-02 18:00:00+00:00,2026-08-02 17:00:00+00:00,online
2026-08-02,2026-08-10T11:31:16+00:00,BE,load,tabpfn_online,TabPFN with covariates,Temp+tso_forecast,2208,2026-08-03 07:00:00+00:00,9453.123046875,9690.3375,,2026-05-02 18:00:00+00:00,2026-08-02 17:00:00+00:00,online
2026-08-02,2026-08-10T11:31:16+00:00,BE,load,tabpfn_online,TabPFN with covariates,Temp+tso_forecast,2208,2026-08-03 08:00:00+00:00,9826.3701171875,9882.6775,,2026-05-02 18:00:00+00:00,2026-08-02 17:00:00+00:00,online
2026-08-02,2026-08-10T11:31:16+00:00,BE,load,tabpfn_online,TabPFN with covariates,Temp+tso_forecast,2208,2026-08-03 09:00:00+00:00,10407.1103515625,10148.48,,2026-05-02 18:00:00+00:00,2026-08-02 17:00:00+00:00,online
2026-08-02,2026-08-10T11:31:16+00:00,BE,load,tabpfn_online,TabPFN with covariates,Temp+tso_forecast,2208,2026-08-03 10:00:00+00:00,10578.244140625,10189.1775,,2026-05-02 18:00:00+00:00,2026-08-02 17:00:00+00:00,online
2026-08-02,2026-08-10T11:31:16+00:00,BE,load,tabpfn_online,TabPFN with covariates,Temp+tso_forecast,2208,2026-08-03 11:00:00+00:00,10552.865234375,10178.692500000001,,2026-05-02 18:00:00+00:00,2026-08-02 17:00:00+00:00,online
2026-08-02,2026-08-10T11:31:16+00:00,BE,load,tabpfn_online,TabPFN with covariates,Temp+tso_forecast,2208,2026-08-03 12:00:00+00:00,10521.435546875,10190.317500000001,,2026-05-02 18:00:00+00:00,2026-08-02 17:00:00+00:00,online
2026-08-02,2026-08-10T11:31:16+00:00,BE,load,tabpfn_online,TabPFN with covariates,Temp+tso_forecast,2208,2026-08-03 13:00:00+00:00,10348.8828125,10196.6625,,2026-05-02 18:00:00+00:00,2026-08-02 17:00:00+00:00,online
2026-08-02,2026-08-10T11:31:16+00:00,BE,load,tabpfn_online,TabPFN with covariates,Temp+tso_forecast,2208,2026-08-03 14:00:00+00:00,9910.3447265625,9874.5125,,2026-05-02 18:00:00+00:00,2026-08-02 17:00:00+00:00,online
2026-08-02,2026-08-10T11:31:16+00:00,BE,load,tabpfn_online,TabPFN with covariates,Temp+tso_forecast,2208,2026-08-03 15:00:00+00:00,9649.2216796875,9758.045,,2026-05-02 18:00:00+00:00,2026-08-02 17:00:00+00:00,online
2026-08-02,2026-08-10T11:31:16+00:00,BE,load,tabpfn_online,TabPFN with covariates,Temp+tso_forecast,2208,2026-08-03 16:00:00+00:00,9560.1708984375,9725.2875,,2026-05-02 18:00:00+00:00,2026-08-02 17:00:00+00:00,online
2026-08-02,2026-08-10T11:31:16+00:00,BE,load,tabpfn_online,TabPFN with covariates,Temp+tso_forecast,2208,2026-08-03 17:00:00+00:00,9442.689453125,9605.93,,2026-05-02 18:00:00+00:00,2026-08-02 17:00:00+00:00,online
2026-08-02,2026-08-10T11:31:16+00:00,BE,solar,tabpfn_online,TabPFN with covariates,weather_4p+tso_forecast,2208,2026-08-02 18:00:00+00:00,432.76788330078125,372.96475,,2026-05-02 18:00:00+00:00,2026-08-02 17:00:00+00:00,online
2026-08-02,2026-08-10T11:31:16+00:00,BE,solar,tabpfn_online,TabPFN with covariates,weather_4p+tso_forecast,2208,2026-08-02 19:00:00+00:00,14.106925964355469,28.658,,2026-05-02 18:00:00+00:00,2026-08-02 17:00:00+00:00,online
2026-08-02,2026-08-10T11:31:16+00:00,BE,solar,tabpfn_online,TabPFN with covariates,weather_4p+tso_forecast,2208,2026-08-02 20:00:00+00:00,0.0,0.0,,2026-05-02 18:00:00+00:00,2026-08-02 17:00:00+00:00,online
2026-08-02,2026-08-10T11:31:16+00:00,BE,solar,tabpfn_online,TabPFN with covariates,weather_4p+tso_forecast,2208,2026-08-02 21:00:00+00:00,0.0,0.0,,2026-05-02 18:00:00+00:00,2026-08-02 17:00:00+00:00,online
2026-08-02,2026-08-10T11:31:16+00:00,BE,solar,tabpfn_online,TabPFN with covariates,weather_4p+tso_forecast,2208,2026-08-02 22:00:00+00:00,0.0,0.0,,2026-05-02 18:00:00+00:00,2026-08-02 17:00:00+00:00,online
2026-08-02,2026-08-10T11:31:16+00:00,BE,solar,tabpfn_online,TabPFN with covariates,weather_4p+tso_forecast,2208,2026-08-02 23:00:00+00:00,0.0,0.0,,2026-05-02 18:00:00+00:00,2026-08-02 17:00:00+00:00,online
2026-08-02,2026-08-10T11:31:16+00:00,BE,solar,tabpfn_online,TabPFN with covariates,weather_4p+tso_forecast,2208,2026-08-03 00:00:00+00:00,0.0,0.0,,2026-05-02 18:00:00+00:00,2026-08-02 17:00:00+00:00,online
2026-08-02,2026-08-10T11:31:16+00:00,BE,solar,tabpfn_online,TabPFN with covariates,weather_4p+tso_forecast,2208,2026-08-03 01:00:00+00:00,0.0,0.0,,2026-05-02 18:00:00+00:00,2026-08-02 17:00:00+00:00,online
2026-08-02,2026-08-10T11:31:16+00:00,BE,solar,tabpfn_online,TabPFN with covariates,weather_4p+tso_forecast,2208,2026-08-03 02:00:00+00:00,0.0,0.0,,2026-05-02 18:00:00+00:00,2026-08-02 17:00:00+00:00,online
2026-08-02,2026-08-10T11:31:16+00:00,BE,solar,tabpfn_online,TabPFN with covariates,weather_4p+tso_forecast,2208,2026-08-03 03:00:00+00:00,0.0,0.0,,2026-05-02 18:00:00+00:00,2026-08-02 17:00:00+00:00,online
2026-08-02,2026-08-10T11:31:16+00:00,BE,solar,tabpfn_online,TabPFN with covariates,weather_4p+tso_forecast,2208,2026-08-03 04:00:00+00:00,63.394874572753906,103.72375,,2026-05-02 18:00:00+00:00,2026-08-02 17:00:00+00:00,online
2026-08-02,2026-08-10T11:31:16+00:00,BE,solar,tabpfn_online,TabPFN with covariates,weather_4p+tso_forecast,2208,2026-08-03 05:00:00+00:00,594.3655395507812,636.02675,,2026-05-02 18:00:00+00:00,2026-08-02 17:00:00+00:00,online
2026-08-02,2026-08-10T11:31:16+00:00,BE,solar,tabpfn_online,TabPFN with covariates,weather_4p+tso_forecast,2208,2026-08-03 06:00:00+00:00,1762.404296875,1791.75675,,2026-05-02 18:00:00+00:00,2026-08-02 17:00:00+00:00,online
2026-08-02,2026-08-10T11:31:16+00:00,BE,solar,tabpfn_online,TabPFN with covariates,weather_4p+tso_forecast,2208,2026-08-03 07:00:00+00:00,3450.145263671875,3305.093496,,2026-05-02 18:00:00+00:00,2026-08-02 17:00:00+00:00,online
2026-08-02,2026-08-10T11:31:16+00:00,BE,solar,tabpfn_online,TabPFN with covariates,weather_4p+tso_forecast,2208,2026-08-03 08:00:00+00:00,5149.1015625,5164.784496,,2026-05-02 18:00:00+00:00,2026-08-02 17:00:00+00:00,online
2026-08-02,2026-08-10T11:31:16+00:00,BE,solar,tabpfn_online,TabPFN with covariates,weather_4p+tso_forecast,2208,2026-08-03 09:00:00+00:00,6455.80029296875,6580.710991,,2026-05-02 18:00:00+00:00,2026-08-02 17:00:00+00:00,online
2026-08-02,2026-08-10T11:31:16+00:00,BE,solar,tabpfn_online,TabPFN with covariates,weather_4p+tso_forecast,2208,2026-08-03 10:00:00+00:00,7350.2060546875,7403.820499,,2026-05-02 18:00:00+00:00,2026-08-02 17:00:00+00:00,online
2026-08-02,2026-08-10T11:31:16+00:00,BE,solar,tabpfn_online,TabPFN with covariates,weather_4p+tso_forecast,2208,2026-08-03 11:00:00+00:00,7668.43994140625,7674.062005,,2026-05-02 18:00:00+00:00,2026-08-02 17:00:00+00:00,online
2026-08-02,2026-08-10T11:31:16+00:00,BE,solar,tabpfn_online,TabPFN with covariates,weather_4p+tso_forecast,2208,2026-08-03 12:00:00+00:00,7339.93798828125,7508.000996,,2026-05-02 18:00:00+00:00,2026-08-02 17:00:00+00:00,online
2026-08-02,2026-08-10T11:31:16+00:00,BE,solar,tabpfn_online,TabPFN with covariates,weather_4p+tso_forecast,2208,2026-08-03 13:00:00+00:00,6686.33837890625,6811.945752,,2026-05-02 18:00:00+00:00,2026-08-02 17:00:00+00:00,online
2026-08-02,2026-08-10T11:31:16+00:00,BE,solar,tabpfn_online,TabPFN with covariates,weather_4p+tso_forecast,2208,2026-08-03 14:00:00+00:00,5590.7021484375,5672.605255,,2026-05-02 18:00:00+00:00,2026-08-02 17:00:00+00:00,online
2026-08-02,2026-08-10T11:31:16+00:00,BE,solar,tabpfn_online,TabPFN with covariates,weather_4p+tso_forecast,2208,2026-08-03 15:00:00+00:00,4087.5439453125,4159.861499,,2026-05-02 18:00:00+00:00,2026-08-02 17:00:00+00:00,online
2026-08-02,2026-08-10T11:31:16+00:00,BE,solar,tabpfn_online,TabPFN with covariates,weather_4p+tso_forecast,2208,2026-08-03 16:00:00+00:00,2566.115234375,2681.1305,,2026-05-02 18:00:00+00:00,2026-08-02 17:00:00+00:00,online
2026-08-02,2026-08-10T11:31:16+00:00,BE,solar,tabpfn_online,TabPFN with covariates,weather_4p+tso_forecast,2208,2026-08-03 17:00:00+00:00,1433.999267578125,1317.212498,,2026-05-02 18:00:00+00:00,2026-08-02 17:00:00+00:00,online
2026-08-02,2026-08-10T11:31:16+00:00,BE,wind_onshore,tabpfn_online,TabPFN with covariates,weather_4p+tso_forecast,2208,2026-08-02 18:00:00+00:00,1028.5533447265625,678.725,,2026-05-02 18:00:00+00:00,2026-08-02 17:00:00+00:00,online
2026-08-02,2026-08-10T11:31:16+00:00,BE,wind_onshore,tabpfn_online,TabPFN with covariates,weather_4p+tso_forecast,2208,2026-08-02 19:00:00+00:00,1157.5048828125,833.15,,2026-05-02 18:00:00+00:00,2026-08-02 17:00:00+00:00,online
2026-08-02,2026-08-10T11:31:16+00:00,BE,wind_onshore,tabpfn_online,TabPFN with covariates,weather_4p+tso_forecast,2208,2026-08-02 20:00:00+00:00,1213.5108642578125,912.45,,2026-05-02 18:00:00+00:00,2026-08-02 17:00:00+00:00,online
2026-08-02,2026-08-10T11:31:16+00:00,BE,wind_onshore,tabpfn_online,TabPFN with covariates,weather_4p+tso_forecast,2208,2026-08-02 21:00:00+00:00,1185.482177734375,911.25,,2026-05-02 18:00:00+00:00,2026-08-02 17:00:00+00:00,online
2026-08-02,2026-08-10T11:31:16+00:00,BE,wind_onshore,tabpfn_online,TabPFN with covariates,weather_4p+tso_forecast,2208,2026-08-02 22:00:00+00:00,1128.4791259765625,861.85,,2026-05-02 18:00:00+00:00,2026-08-02 17:00:00+00:00,online
2026-08-02,2026-08-10T11:31:16+00:00,BE,wind_onshore,tabpfn_online,TabPFN with covariates,weather_4p+tso_forecast,2208,2026-08-02 23:00:00+00:00,1047.782470703125,786.775,,2026-05-02 18:00:00+00:00,2026-08-02 17:00:00+00:00,online
2026-08-02,2026-08-10T11:31:16+00:00,BE,wind_onshore,tabpfn_online,TabPFN with covariates,weather_4p+tso_forecast,2208,2026-08-03 00:00:00+00:00,867.0103759765625,691.175,,2026-05-02 18:00:00+00:00,2026-08-02 17:00:00+00:00,online
2026-08-02,2026-08-10T11:31:16+00:00,BE,wind_onshore,tabpfn_online,TabPFN with covariates,weather_4p+tso_forecast,2208,2026-08-03 01:00:00+00:00,786.4110107421875,603.65,,2026-05-02 18:00:00+00:00,2026-08-02 17:00:00+00:00,online
2026-08-02,2026-08-10T11:31:16+00:00,BE,wind_onshore,tabpfn_online,TabPFN with covariates,weather_4p+tso_forecast,2208,2026-08-03 02:00:00+00:00,696.9675903320312,528.95,,2026-05-02 18:00:00+00:00,2026-08-02 17:00:00+00:00,online
2026-08-02,2026-08-10T11:31:16+00:00,BE,wind_onshore,tabpfn_online,TabPFN with covariates,weather_4p+tso_forecast,2208,2026-08-03 03:00:00+00:00,670.4264526367188,464.5,,2026-05-02 18:00:00+00:00,2026-08-02 17:00:00+00:00,online
2026-08-02,2026-08-10T11:31:16+00:00,BE,wind_onshore,tabpfn_online,TabPFN with covariates,weather_4p+tso_forecast,2208,2026-08-03 04:00:00+00:00,547.9321899414062,411.95,,2026-05-02 18:00:00+00:00,2026-08-02 17:00:00+00:00,online
2026-08-02,2026-08-10T11:31:16+00:00,BE,wind_onshore,tabpfn_online,TabPFN with covariates,weather_4p+tso_forecast,2208,2026-08-03 05:00:00+00:00,370.8557434082031,357.1,,2026-05-02 18:00:00+00:00,2026-08-02 17:00:00+00:00,online
2026-08-02,2026-08-10T11:31:16+00:00,BE,wind_onshore,tabpfn_online,TabPFN with covariates,weather_4p+tso_forecast,2208,2026-08-03 06:00:00+00:00,255.83651733398438,235.225,,2026-05-02 18:00:00+00:00,2026-08-02 17:00:00+00:00,online
2026-08-02,2026-08-10T11:31:16+00:00,BE,wind_onshore,tabpfn_online,TabPFN with covariates,weather_4p+tso_forecast,2208,2026-08-03 07:00:00+00:00,119.40412902832031,112.1,,2026-05-02 18:00:00+00:00,2026-08-02 17:00:00+00:00,online
2026-08-02,2026-08-10T11:31:16+00:00,BE,wind_onshore,tabpfn_online,TabPFN with covariates,weather_4p+tso_forecast,2208,2026-08-03 08:00:00+00:00,74.75464630126953,55.325,,2026-05-02 18:00:00+00:00,2026-08-02 17:00:00+00:00,online
2026-08-02,2026-08-10T11:31:16+00:00,BE,wind_onshore,tabpfn_online,TabPFN with covariates,weather_4p+tso_forecast,2208,2026-08-03 09:00:00+00:00,70.14013671875,35.7,,2026-05-02 18:00:00+00:00,2026-08-02 17:00:00+00:00,online
2026-08-02,2026-08-10T11:31:16+00:00,BE,wind_onshore,tabpfn_online,TabPFN with covariates,weather_4p+tso_forecast,2208,2026-08-03 10:00:00+00:00,56.879425048828125,29.175,,2026-05-02 18:00:00+00:00,2026-08-02 17:00:00+00:00,online
2026-08-02,2026-08-10T11:31:16+00:00,BE,wind_onshore,tabpfn_online,TabPFN with covariates,weather_4p+tso_forecast,2208,2026-08-03 11:00:00+00:00,55.28371810913086,28.225,,2026-05-02 18:00:00+00:00,2026-08-02 17:00:00+00:00,online
2026-08-02,2026-08-10T11:31:16+00:00,BE,wind_onshore,tabpfn_online,TabPFN with covariates,weather_4p+tso_forecast,2208,2026-08-03 12:00:00+00:00,65.4201889038086,38.7,,2026-05-02 18:00:00+00:00,2026-08-02 17:00:00+00:00,online
2026-08-02,2026-08-10T11:31:16+00:00,BE,wind_onshore,tabpfn_online,TabPFN with covariates,weather_4p+tso_forecast,2208,2026-08-03 13:00:00+00:00,75.21137237548828,58.575,,2026-05-02 18:00:00+00:00,2026-08-02 17:00:00+00:00,online
2026-08-02,2026-08-10T11:31:16+00:00,BE,wind_onshore,tabpfn_online,TabPFN with covariates,weather_4p+tso_forecast,2208,2026-08-03 14:00:00+00:00,118.95015716552734,91.274999,,2026-05-02 18:00:00+00:00,2026-08-02 17:00:00+00:00,online
2026-08-02,2026-08-10T11:31:16+00:00,BE,wind_onshore,tabpfn_online,TabPFN with covariates,weather_4p+tso_forecast,2208,2026-08-03 15:00:00+00:00,146.4335479736328,123.525,,2026-05-02 18:00:00+00:00,2026-08-02 17:00:00+00:00,online
2026-08-02,2026-08-10T11:31:16+00:00,BE,wind_onshore,tabpfn_online,TabPFN with covariates,weather_4p+tso_forecast,2208,2026-08-03 16:00:00+00:00,211.4232177734375,200.0,,2026-05-02 18:00:00+00:00,2026-08-02 17:00:00+00:00,online
2026-08-02,2026-08-10T11:31:16+00:00,BE,wind_onshore,tabpfn_online,TabPFN with covariates,weather_4p+tso_forecast,2208,2026-08-03 17:00:00+00:00,443.81976318359375,277.65,,2026-05-02 18:00:00+00:00,2026-08-02 17:00:00+00:00,online
2026-08-02,2026-08-10T11:31:16+00:00,BE,wind_offshore,tabpfn_online,TabPFN with covariates,weather_4p+tso_forecast,2208,2026-08-02 18:00:00+00:00,1103.782470703125,831.55,,2026-05-02 18:00:00+00:00,2026-08-02 17:00:00+00:00,online
2026-08-02,2026-08-10T11:31:16+00:00,BE,wind_offshore,tabpfn_online,TabPFN with covariates,weather_4p+tso_forecast,2208,2026-08-02 19:00:00+00:00,1116.5576171875,891.925,,2026-05-02 18:00:00+00:00,2026-08-02 17:00:00+00:00,online
2026-08-02,2026-08-10T11:31:16+00:00,BE,wind_offshore,tabpfn_online,TabPFN with covariates,weather_4p+tso_forecast,2208,2026-08-02 20:00:00+00:00,1138.083984375,916.85,,2026-05-02 18:00:00+00:00,2026-08-02 17:00:00+00:00,online
2026-08-02,2026-08-10T11:31:16+00:00,BE,wind_offshore,tabpfn_online,TabPFN with covariates,weather_4p+tso_forecast,2208,2026-08-02 21:00:00+00:00,1094.177490234375,907.2,,2026-05-02 18:00:00+00:00,2026-08-02 17:00:00+00:00,online
2026-08-02,2026-08-10T11:31:16+00:00,BE,wind_offshore,tabpfn_online,TabPFN with covariates,weather_4p+tso_forecast,2208,2026-08-02 22:00:00+00:00,1178.537109375,1037.775,,2026-05-02 18:00:00+00:00,2026-08-02 17:00:00+00:00,online
2026-08-02,2026-08-10T11:31:16+00:00,BE,wind_offshore,tabpfn_online,TabPFN with covariates,weather_4p+tso_forecast,2208,2026-08-02 23:00:00+00:00,1017.38818359375,897.025,,2026-05-02 18:00:00+00:00,2026-08-02 17:00:00+00:00,online
2026-08-02,2026-08-10T11:31:16+00:00,BE,wind_offshore,tabpfn_online,TabPFN with covariates,weather_4p+tso_forecast,2208,2026-08-03 00:00:00+00:00,930.3758544921875,743.2,,2026-05-02 18:00:00+00:00,2026-08-02 17:00:00+00:00,online
2026-08-02,2026-08-10T11:31:16+00:00,BE,wind_offshore,tabpfn_online,TabPFN with covariates,weather_4p+tso_forecast,2208,2026-08-03 01:00:00+00:00,821.9155883789062,603.525,,2026-05-02 18:00:00+00:00,2026-08-02 17:00:00+00:00,online
2026-08-02,2026-08-10T11:31:16+00:00,BE,wind_offshore,tabpfn_online,TabPFN with covariates,weather_4p+tso_forecast,2208,2026-08-03 02:00:00+00:00,617.1482543945312,489.6,,2026-05-02 18:00:00+00:00,2026-08-02 17:00:00+00:00,online
2026-08-02,2026-08-10T11:31:16+00:00,BE,wind_offshore,tabpfn_online,TabPFN with covariates,weather_4p+tso_forecast,2208,2026-08-03 03:00:00+00:00,474.7430725097656,386.575,,2026-05-02 18:00:00+00:00,2026-08-02 17:00:00+00:00,online
2026-08-02,2026-08-10T11:31:16+00:00,BE,wind_offshore,tabpfn_online,TabPFN with covariates,weather_4p+tso_forecast,2208,2026-08-03 04:00:00+00:00,375.9488830566406,283.725,,2026-05-02 18:00:00+00:00,2026-08-02 17:00:00+00:00,online
2026-08-02,2026-08-10T11:31:16+00:00,BE,wind_offshore,tabpfn_online,TabPFN with covariates,weather_4p+tso_forecast,2208,2026-08-03 05:00:00+00:00,253.46627807617188,193.325,,2026-05-02 18:00:00+00:00,2026-08-02 17:00:00+00:00,online
2026-08-02,2026-08-10T11:31:16+00:00,BE,wind_offshore,tabpfn_online,TabPFN with covariates,weather_4p+tso_forecast,2208,2026-08-03 06:00:00+00:00,136.12649536132812,122.3,,2026-05-02 18:00:00+00:00,2026-08-02 17:00:00+00:00,online
2026-08-02,2026-08-10T11:31:16+00:00,BE,wind_offshore,tabpfn_online,TabPFN with covariates,weather_4p+tso_forecast,2208,2026-08-03 07:00:00+00:00,92.3295669555664,73.975,,2026-05-02 18:00:00+00:00,2026-08-02 17:00:00+00:00,online
2026-08-02,2026-08-10T11:31:16+00:00,BE,wind_offshore,tabpfn_online,TabPFN with covariates,weather_4p+tso_forecast,2208,2026-08-03 08:00:00+00:00,37.206756591796875,43.875,,2026-05-02 18:00:00+00:00,2026-08-02 17:00:00+00:00,online
2026-08-02,2026-08-10T11:31:16+00:00,BE,wind_offshore,tabpfn_online,TabPFN with covariates,weather_4p+tso_forecast,2208,2026-08-03 09:00:00+00:00,24.176477432250977,26.55,,2026-05-02 18:00:00+00:00,2026-08-02 17:00:00+00:00,online
2026-08-02,2026-08-10T11:31:16+00:00,BE,wind_offshore,tabpfn_online,TabPFN with covariates,weather_4p+tso_forecast,2208,2026-08-03 10:00:00+00:00,22.50432586669922,20.55,,2026-05-02 18:00:00+00:00,2026-08-02 17:00:00+00:00,online
2026-08-02,2026-08-10T11:31:16+00:00,BE,wind_offshore,tabpfn_online,TabPFN with covariates,weather_4p+tso_forecast,2208,2026-08-03 11:00:00+00:00,21.050907135009766,20.625,,2026-05-02 18:00:00+00:00,2026-08-02 17:00:00+00:00,online
2026-08-02,2026-08-10T11:31:16+00:00,BE,wind_offshore,tabpfn_online,TabPFN with covariates,weather_4p+tso_forecast,2208,2026-08-03 12:00:00+00:00,24.567800521850586,23.775,,2026-05-02 18:00:00+00:00,2026-08-02 17:00:00+00:00,online
2026-08-02,2026-08-10T11:31:16+00:00,BE,wind_offshore,tabpfn_online,TabPFN with covariates,weather_4p+tso_forecast,2208,2026-08-03 13:00:00+00:00,21.483745574951172,31.75,,2026-05-02 18:00:00+00:00,2026-08-02 17:00:00+00:00,online
2026-08-02,2026-08-10T11:31:16+00:00,BE,wind_offshore,tabpfn_online,TabPFN with covariates,weather_4p+tso_forecast,2208,2026-08-03 14:00:00+00:00,26.923385620117188,41.1,,2026-05-02 18:00:00+00:00,2026-08-02 17:00:00+00:00,online
2026-08-02,2026-08-10T11:31:16+00:00,BE,wind_offshore,tabpfn_online,TabPFN with covariates,weather_4p+tso_forecast,2208,2026-08-03 15:00:00+00:00,33.706207275390625,53.975,,2026-05-02 18:00:00+00:00,2026-08-02 17:00:00+00:00,online
2026-08-02,2026-08-10T11:31:16+00:00,BE,wind_offshore,tabpfn_online,TabPFN with covariates,weather_4p+tso_forecast,2208,2026-08-03 16:00:00+00:00,60.671958923339844,68.4,,2026-05-02 18:00:00+00:00,2026-08-02 17:00:00+00:00,online
2026-08-02,2026-08-10T11:31:16+00:00,BE,wind_offshore,tabpfn_online,TabPFN with covariates,weather_4p+tso_forecast,2208,2026-08-03 17:00:00+00:00,113.18173217773438,88.3,,2026-05-02 18:00:00+00:00,2026-08-02 17:00:00+00:00,online
2026-08-02,2026-08-10T11:31:16+00:00,FR,load,tabpfn_online,TabPFN with covariates,Temp+tso_forecast,2208,2026-08-02 18:00:00+00:00,44237.78515625,43500.0,,2026-05-02 18:00:00+00:00,2026-08-02 17:00:00+00:00,online
2026-08-02,2026-08-10T11:31:16+00:00,FR,load,tabpfn_online,TabPFN with covariates,Temp+tso_forecast,2208,2026-08-02 19:00:00+00:00,43711.85546875,43075.0,,2026-05-02 18:00:00+00:00,2026-08-02 17:00:00+00:00,online
2026-08-02,2026-08-10T11:31:16+00:00,FR,load,tabpfn_online,TabPFN with covariates,Temp+tso_forecast,2208,2026-08-02 20:00:00+00:00,44615.75,43937.5,,2026-05-02 18:00:00+00:00,2026-08-02 17:00:00+00:00,online
2026-08-02,2026-08-10T11:31:16+00:00,FR,load,tabpfn_online,TabPFN with covariates,Temp+tso_forecast,2208,2026-08-02 21:00:00+00:00,43744.0,43800.0,,2026-05-02 18:00:00+00:00,2026-08-02 17:00:00+00:00,online
2026-08-02,2026-08-10T11:31:16+00:00,FR,load,tabpfn_online,TabPFN with covariates,Temp+tso_forecast,2208,2026-08-02 22:00:00+00:00,40700.94140625,40287.5,,2026-05-02 18:00:00+00:00,2026-08-02 17:00:00+00:00,online
2026-08-02,2026-08-10T11:31:16+00:00,FR,load,tabpfn_online,TabPFN with covariates,Temp+tso_forecast,2208,2026-08-02 23:00:00+00:00,39077.8515625,38487.5,,2026-05-02 18:00:00+00:00,2026-08-02 17:00:00+00:00,online
2026-08-02,2026-08-10T11:31:16+00:00,FR,load,tabpfn_online,TabPFN with covariates,Temp+tso_forecast,2208,2026-08-03 00:00:00+00:00,36710.1328125,36225.0,,2026-05-02 18:00:00+00:00,2026-08-02 17:00:00+00:00,online
2026-08-02,2026-08-10T11:31:16+00:00,FR,load,tabpfn_online,TabPFN with covariates,Temp+tso_forecast,2208,2026-08-03 01:00:00+00:00,35192.578125,34475.0,,2026-05-02 18:00:00+00:00,2026-08-02 17:00:00+00:00,online
2026-08-02,2026-08-10T11:31:16+00:00,FR,load,tabpfn_online,TabPFN with covariates,Temp+tso_forecast,2208,2026-08-03 02:00:00+00:00,34920.6484375,34262.5,,2026-05-02 18:00:00+00:00,2026-08-02 17:00:00+00:00,online
2026-08-02,2026-08-10T11:31:16+00:00,FR,load,tabpfn_online,TabPFN with covariates,Temp+tso_forecast,2208,2026-08-03 03:00:00+00:00,36273.3984375,35862.5,,2026-05-02 18:00:00+00:00,2026-08-02 17:00:00+00:00,online
2026-08-02,2026-08-10T11:31:16+00:00,FR,load,tabpfn_online,TabPFN with covariates,Temp+tso_forecast,2208,2026-08-03 04:00:00+00:00,38264.26953125,38387.5,,2026-05-02 18:00:00+00:00,2026-08-02 17:00:00+00:00,online
2026-08-02,2026-08-10T11:31:16+00:00,FR,load,tabpfn_online,TabPFN with covariates,Temp+tso_forecast,2208,2026-08-03 05:00:00+00:00,40374.078125,41125.0,,2026-05-02 18:00:00+00:00,2026-08-02 17:00:00+00:00,online
2026-08-02,2026-08-10T11:31:16+00:00,FR,load,tabpfn_online,TabPFN with covariates,Temp+tso_forecast,2208,2026-08-03 06:00:00+00:00,43016.81640625,43762.5,,2026-05-02 18:00:00+00:00,2026-08-02 17:00:00+00:00,online
2026-08-02,2026-08-10T11:31:16+00:00,FR,load,tabpfn_online,TabPFN with covariates,Temp+tso_forecast,2208,2026-08-03 07:00:00+00:00,44989.546875,45662.5,,2026-05-02 18:00:00+00:00,2026-08-02 17:00:00+00:00,online
2026-08-02,2026-08-10T11:31:16+00:00,FR,load,tabpfn_online,TabPFN with covariates,Temp+tso_forecast,2208,2026-08-03 08:00:00+00:00,46701.60546875,47325.0,,2026-05-02 18:00:00+00:00,2026-08-02 17:00:00+00:00,online
2026-08-02,2026-08-10T11:31:16+00:00,FR,load,tabpfn_online,TabPFN with covariates,Temp+tso_forecast,2208,2026-08-03 09:00:00+00:00,48724.453125,49025.0,,2026-05-02 18:00:00+00:00,2026-08-02 17:00:00+00:00,online
2026-08-02,2026-08-10T11:31:16+00:00,FR,load,tabpfn_online,TabPFN with covariates,Temp+tso_forecast,2208,2026-08-03 10:00:00+00:00,50706.359375,50537.5,,2026-05-02 18:00:00+00:00,2026-08-02 17:00:00+00:00,online
2026-08-02,2026-08-10T11:31:16+00:00,FR,load,tabpfn_online,TabPFN with covariates,Temp+tso_forecast,2208,2026-08-03 11:00:00+00:00,50787.6796875,50725.0,,2026-05-02 18:00:00+00:00,2026-08-02 17:00:00+00:00,online
2026-08-02,2026-08-10T11:31:16+00:00,FR,load,tabpfn_online,TabPFN with covariates,Temp+tso_forecast,2208,2026-08-03 12:00:00+00:00,51415.1171875,51312.5,,2026-05-02 18:00:00+00:00,2026-08-02 17:00:00+00:00,online
2026-08-02,2026-08-10T11:31:16+00:00,FR,load,tabpfn_online,TabPFN with covariates,Temp+tso_forecast,2208,2026-08-03 13:00:00+00:00,50632.01953125,50337.5,,2026-05-02 18:00:00+00:00,2026-08-02 17:00:00+00:00,online
2026-08-02,2026-08-10T11:31:16+00:00,FR,load,tabpfn_online,TabPFN with covariates,Temp+tso_forecast,2208,2026-08-03 14:00:00+00:00,49866.171875,49375.0,,2026-05-02 18:00:00+00:00,2026-08-02 17:00:00+00:00,online
2026-08-02,2026-08-10T11:31:16+00:00,FR,load,tabpfn_online,TabPFN with covariates,Temp+tso_forecast,2208,2026-08-03 15:00:00+00:00,49531.78125,49250.0,,2026-05-02 18:00:00+00:00,2026-08-02 17:00:00+00:00,online
2026-08-02,2026-08-10T11:31:16+00:00,FR,load,tabpfn_online,TabPFN with covariates,Temp+tso_forecast,2208,2026-08-03 16:00:00+00:00,50458.10546875,50212.5,,2026-05-02 18:00:00+00:00,2026-08-02 17:00:00+00:00,online
2026-08-02,2026-08-10T11:31:16+00:00,FR,load,tabpfn_online,TabPFN with covariates,Temp+tso_forecast,2208,2026-08-03 17:00:00+00:00,50597.453125,51025.0,,2026-05-02 18:00:00+00:00,2026-08-02 17:00:00+00:00,online
2026-08-02,2026-08-10T11:31:16+00:00,FR,solar,tabpfn_online,TabPFN with covariates,weather_4p+tso_forecast,2208,2026-08-02 18:00:00+00:00,1486.9156494140625,1739.1729125,,2026-05-02 18:00:00+00:00,2026-08-02 17:00:00+00:00,online
2026-08-02,2026-08-10T11:31:16+00:00,FR,solar,tabpfn_online,TabPFN with covariates,weather_4p+tso_forecast,2208,2026-08-02 19:00:00+00:00,302.3290710449219,156.74296,,2026-05-02 18:00:00+00:00,2026-08-02 17:00:00+00:00,online
2026-08-02,2026-08-10T11:31:16+00:00,FR,solar,tabpfn_online,TabPFN with covariates,weather_4p+tso_forecast,2208,2026-08-02 20:00:00+00:00,207.65248107910156,0.0,,2026-05-02 18:00:00+00:00,2026-08-02 17:00:00+00:00,online
2026-08-02,2026-08-10T11:31:16+00:00,FR,solar,tabpfn_online,TabPFN with covariates,weather_4p+tso_forecast,2208,2026-08-02 21:00:00+00:00,23.361167907714844,0.0,,2026-05-02 18:00:00+00:00,2026-08-02 17:00:00+00:00,online
2026-08-02,2026-08-10T11:31:16+00:00,FR,solar,tabpfn_online,TabPFN with covariates,weather_4p+tso_forecast,2208,2026-08-02 22:00:00+00:00,3.0717387199401855,0.0,,2026-05-02 18:00:00+00:00,2026-08-02 17:00:00+00:00,online
2026-08-02,2026-08-10T11:31:16+00:00,FR,solar,tabpfn_online,TabPFN with covariates,weather_4p+tso_forecast,2208,2026-08-02 23:00:00+00:00,2.492003917694092,0.0,,2026-05-02 18:00:00+00:00,2026-08-02 17:00:00+00:00,online
2026-08-02,2026-08-10T11:31:16+00:00,FR,solar,tabpfn_online,TabPFN with covariates,weather_4p+tso_forecast,2208,2026-08-03 00:00:00+00:00,2.628843069076538,0.0,,2026-05-02 18:00:00+00:00,2026-08-02 17:00:00+00:00,online
2026-08-02,2026-08-10T11:31:16+00:00,FR,solar,tabpfn_online,TabPFN with covariates,weather_4p+tso_forecast,2208,2026-08-03 01:00:00+00:00,2.8988871574401855,0.0,,2026-05-02 18:00:00+00:00,2026-08-02 17:00:00+00:00,online
2026-08-02,2026-08-10T11:31:16+00:00,FR,solar,tabpfn_online,TabPFN with covariates,weather_4p+tso_forecast,2208,2026-08-03 02:00:00+00:00,6.073373317718506,0.0,,2026-05-02 18:00:00+00:00,2026-08-02 17:00:00+00:00,online
2026-08-02,2026-08-10T11:31:16+00:00,FR,solar,tabpfn_online,TabPFN with covariates,weather_4p+tso_forecast,2208,2026-08-03 03:00:00+00:00,37.21849060058594,0.0,,2026-05-02 18:00:00+00:00,2026-08-02 17:00:00+00:00,online
2026-08-02,2026-08-10T11:31:16+00:00,FR,solar,tabpfn_online,TabPFN with covariates,weather_4p+tso_forecast,2208,2026-08-03 04:00:00+00:00,297.8957214355469,67.90756999999999,,2026-05-02 18:00:00+00:00,2026-08-02 17:00:00+00:00,online
2026-08-02,2026-08-10T11:31:16+00:00,FR,solar,tabpfn_online,TabPFN with covariates,weather_4p+tso_forecast,2208,2026-08-03 05:00:00+00:00,1159.70361328125,935.2556075,,2026-05-02 18:00:00+00:00,2026-08-02 17:00:00+00:00,online
2026-08-02,2026-08-10T11:31:16+00:00,FR,solar,tabpfn_online,TabPFN with covariates,weather_4p+tso_forecast,2208,2026-08-03 06:00:00+00:00,3752.27099609375,3655.763915,,2026-05-02 18:00:00+00:00,2026-08-02 17:00:00+00:00,online
2026-08-02,2026-08-10T11:31:16+00:00,FR,solar,tabpfn_online,TabPFN with covariates,weather_4p+tso_forecast,2208,2026-08-03 07:00:00+00:00,7199.8212890625,7665.993285,,2026-05-02 18:00:00+00:00,2026-08-02 17:00:00+00:00,online
2026-08-02,2026-08-10T11:31:16+00:00,FR,solar,tabpfn_online,TabPFN with covariates,weather_4p+tso_forecast,2208,2026-08-03 08:00:00+00:00,10519.177734375,11655.0490725,,2026-05-02 18:00:00+00:00,2026-08-02 17:00:00+00:00,online
2026-08-02,2026-08-10T11:31:16+00:00,FR,solar,tabpfn_online,TabPFN with covariates,weather_4p+tso_forecast,2208,2026-08-03 09:00:00+00:00,13232.0732421875,14660.9638675,,2026-05-02 18:00:00+00:00,2026-08-02 17:00:00+00:00,online
2026-08-02,2026-08-10T11:31:16+00:00,FR,solar,tabpfn_online,TabPFN with covariates,weather_4p+tso_forecast,2208,2026-08-03 10:00:00+00:00,13760.6005859375,16621.5175775,,2026-05-02 18:00:00+00:00,2026-08-02 17:00:00+00:00,online
2026-08-02,2026-08-10T11:31:16+00:00,FR,solar,tabpfn_online,TabPFN with covariates,weather_4p+tso_forecast,2208,2026-08-03 11:00:00+00:00,13223.986328125,17661.0512675,,2026-05-02 18:00:00+00:00,2026-08-02 17:00:00+00:00,online
2026-08-02,2026-08-10T11:31:16+00:00,FR,solar,tabpfn_online,TabPFN with covariates,weather_4p+tso_forecast,2208,2026-08-03 12:00:00+00:00,13056.673828125,17793.27246,,2026-05-02 18:00:00+00:00,2026-08-02 17:00:00+00:00,online
2026-08-02,2026-08-10T11:31:16+00:00,FR,solar,tabpfn_online,TabPFN with covariates,weather_4p+tso_forecast,2208,2026-08-03 13:00:00+00:00,13445.8603515625,16509.3627925,,2026-05-02 18:00:00+00:00,2026-08-02 17:00:00+00:00,online
2026-08-02,2026-08-10T11:31:16+00:00,FR,solar,tabpfn_online,TabPFN with covariates,weather_4p+tso_forecast,2208,2026-08-03 14:00:00+00:00,12633.466796875,14308.638185,,2026-05-02 18:00:00+00:00,2026-08-02 17:00:00+00:00,online
2026-08-02,2026-08-10T11:31:16+00:00,FR,solar,tabpfn_online,TabPFN with covariates,weather_4p+tso_forecast,2208,2026-08-03 15:00:00+00:00,9466.0859375,11468.6853025,,2026-05-02 18:00:00+00:00,2026-08-02 17:00:00+00:00,online
2026-08-02,2026-08-10T11:31:16+00:00,FR,solar,tabpfn_online,TabPFN with covariates,weather_4p+tso_forecast,2208,2026-08-03 16:00:00+00:00,6916.6845703125,7942.8564475,,2026-05-02 18:00:00+00:00,2026-08-02 17:00:00+00:00,online
2026-08-02,2026-08-10T11:31:16+00:00,FR,solar,tabpfn_online,TabPFN with covariates,weather_4p+tso_forecast,2208,2026-08-03 17:00:00+00:00,3299.044921875,4233.1399525,,2026-05-02 18:00:00+00:00,2026-08-02 17:00:00+00:00,online
2026-08-02,2026-08-10T11:31:16+00:00,FR,wind_onshore,tabpfn_online,TabPFN with covariates,weather_4p+tso_forecast,2208,2026-08-02 18:00:00+00:00,1981.58544921875,1558.869995,,2026-05-02 18:00:00+00:00,2026-08-02 17:00:00+00:00,online
2026-08-02,2026-08-10T11:31:16+00:00,FR,wind_onshore,tabpfn_online,TabPFN with covariates,weather_4p+tso_forecast,2208,2026-08-02 19:00:00+00:00,2457.39697265625,2345.9874875,,2026-05-02 18:00:00+00:00,2026-08-02 17:00:00+00:00,online
2026-08-02,2026-08-10T11:31:16+00:00,FR,wind_onshore,tabpfn_online,TabPFN with covariates,weather_4p+tso_forecast,2208,2026-08-02 20:00:00+00:00,3595.79150390625,3246.6375125,,2026-05-02 18:00:00+00:00,2026-08-02 17:00:00+00:00,online
2026-08-02,2026-08-10T11:31:16+00:00,FR,wind_onshore,tabpfn_online,TabPFN with covariates,weather_4p+tso_forecast,2208,2026-08-02 21:00:00+00:00,4290.630859375,3693.70746,,2026-05-02 18:00:00+00:00,2026-08-02 17:00:00+00:00,online
2026-08-02,2026-08-10T11:31:16+00:00,FR,wind_onshore,tabpfn_online,TabPFN with covariates,weather_4p+tso_forecast,2208,2026-08-02 22:00:00+00:00,4038.548828125,3591.869995,,2026-05-02 18:00:00+00:00,2026-08-02 17:00:00+00:00,online
2026-08-02,2026-08-10T11:31:16+00:00,FR,wind_onshore,tabpfn_online,TabPFN with covariates,weather_4p+tso_forecast,2208,2026-08-02 23:00:00+00:00,3667.31103515625,3289.577515,,2026-05-02 18:00:00+00:00,2026-08-02 17:00:00+00:00,online
2026-08-02,2026-08-10T11:31:16+00:00,FR,wind_onshore,tabpfn_online,TabPFN with covariates,weather_4p+tso_forecast,2208,2026-08-03 00:00:00+00:00,2893.642578125,2929.98999,,2026-05-02 18:00:00+00:00,2026-08-02 17:00:00+00:00,online
2026-08-02,2026-08-10T11:31:16+00:00,FR,wind_onshore,tabpfn_online,TabPFN with covariates,weather_4p+tso_forecast,2208,2026-08-03 01:00:00+00:00,2626.34765625,2665.99005,,2026-05-02 18:00:00+00:00,2026-08-02 17:00:00+00:00,online
2026-08-02,2026-08-10T11:31:16+00:00,FR,wind_onshore,tabpfn_online,TabPFN with covariates,weather_4p+tso_forecast,2208,2026-08-03 02:00:00+00:00,2446.047119140625,2552.3624250000003,,2026-05-02 18:00:00+00:00,2026-08-02 17:00:00+00:00,online
2026-08-02,2026-08-10T11:31:16+00:00,FR,wind_onshore,tabpfn_online,TabPFN with covariates,weather_4p+tso_forecast,2208,2026-08-03 03:00:00+00:00,2341.5498046875,2525.067505,,2026-05-02 18:00:00+00:00,2026-08-02 17:00:00+00:00,online
2026-08-02,2026-08-10T11:31:16+00:00,FR,wind_onshore,tabpfn_online,TabPFN with covariates,weather_4p+tso_forecast,2208,2026-08-03 04:00:00+00:00,2352.8017578125,2473.6675425000003,,2026-05-02 18:00:00+00:00,2026-08-02 17:00:00+00:00,online
2026-08-02,2026-08-10T11:31:16+00:00,FR,wind_onshore,tabpfn_online,TabPFN with covariates,weather_4p+tso_forecast,2208,2026-08-03 05:00:00+00:00,2339.717041015625,2334.5125125,,2026-05-02 18:00:00+00:00,2026-08-02 17:00:00+00:00,online
2026-08-02,2026-08-10T11:31:16+00:00,FR,wind_onshore,tabpfn_online,TabPFN with covariates,weather_4p+tso_forecast,2208,2026-08-03 06:00:00+00:00,2144.13427734375,2027.53,,2026-05-02 18:00:00+00:00,2026-08-02 17:00:00+00:00,online
2026-08-02,2026-08-10T11:31:16+00:00,FR,wind_onshore,tabpfn_online,TabPFN with covariates,weather_4p+tso_forecast,2208,2026-08-03 07:00:00+00:00,1682.727783203125,1505.92749,,2026-05-02 18:00:00+00:00,2026-08-02 17:00:00+00:00,online
2026-08-02,2026-08-10T11:31:16+00:00,FR,wind_onshore,tabpfn_online,TabPFN with covariates,weather_4p+tso_forecast,2208,2026-08-03 08:00:00+00:00,1259.777587890625,1137.9149475,,2026-05-02 18:00:00+00:00,2026-08-02 17:00:00+00:00,online
2026-08-02,2026-08-10T11:31:16+00:00,FR,wind_onshore,tabpfn_online,TabPFN with covariates,weather_4p+tso_forecast,2208,2026-08-03 09:00:00+00:00,1418.512451171875,1194.0800175,,2026-05-02 18:00:00+00:00,2026-08-02 17:00:00+00:00,online
2026-08-02,2026-08-10T11:31:16+00:00,FR,wind_onshore,tabpfn_online,TabPFN with covariates,weather_4p+tso_forecast,2208,2026-08-03 10:00:00+00:00,1635.9432373046875,1418.339995,,2026-05-02 18:00:00+00:00,2026-08-02 17:00:00+00:00,online
2026-08-02,2026-08-10T11:31:16+00:00,FR,wind_onshore,tabpfn_online,TabPFN with covariates,weather_4p+tso_forecast,2208,2026-08-03 11:00:00+00:00,1965.921875,1637.83499,,2026-05-02 18:00:00+00:00,2026-08-02 17:00:00+00:00,online
2026-08-02,2026-08-10T11:31:16+00:00,FR,wind_onshore,tabpfn_online,TabPFN with covariates,weather_4p+tso_forecast,2208,2026-08-03 12:00:00+00:00,2234.689697265625,1898.7724899999998,,2026-05-02 18:00:00+00:00,2026-08-02 17:00:00+00:00,online
2026-08-02,2026-08-10T11:31:16+00:00,FR,wind_onshore,tabpfn_online,TabPFN with covariates,weather_4p+tso_forecast,2208,2026-08-03 13:00:00+00:00,3201.474609375,2483.9450699999998,,2026-05-02 18:00:00+00:00,2026-08-02 17:00:00+00:00,online
2026-08-02,2026-08-10T11:31:16+00:00,FR,wind_onshore,tabpfn_online,TabPFN with covariates,weather_4p+tso_forecast,2208,2026-08-03 14:00:00+00:00,2856.8798828125,2782.4500125,,2026-05-02 18:00:00+00:00,2026-08-02 17:00:00+00:00,online
2026-08-02,2026-08-10T11:31:16+00:00,FR,wind_onshore,tabpfn_online,TabPFN with covariates,weather_4p+tso_forecast,2208,2026-08-03 15:00:00+00:00,2700.1083984375,2835.59497,,2026-05-02 18:00:00+00:00,2026-08-02 17:00:00+00:00,online
2026-08-02,2026-08-10T11:31:16+00:00,FR,wind_onshore,tabpfn_online,TabPFN with covariates,weather_4p+tso_forecast,2208,2026-08-03 16:00:00+00:00,2717.11572265625,2623.2100225,,2026-05-02 18:00:00+00:00,2026-08-02 17:00:00+00:00,online
2026-08-02,2026-08-10T11:31:16+00:00,FR,wind_onshore,tabpfn_online,TabPFN with covariates,weather_4p+tso_forecast,2208,2026-08-03 17:00:00+00:00,2420.19189453125,1736.0024725,,2026-05-02 18:00:00+00:00,2026-08-02 17:00:00+00:00,online
2026-08-02,2026-08-10T11:31:16+00:00,FR,wind_offshore,tabpfn_online,TabPFN with covariates,weather_4p+tso_forecast,2208,2026-08-02 18:00:00+00:00,688.9241943359375,599.40501,,2026-05-02 18:00:00+00:00,2026-08-02 17:00:00+00:00,online
2026-08-02,2026-08-10T11:31:16+00:00,FR,wind_offshore,tabpfn_online,TabPFN with covariates,weather_4p+tso_forecast,2208,2026-08-02 19:00:00+00:00,980.3461303710938,644.8574975,,2026-05-02 18:00:00+00:00,2026-08-02 17:00:00+00:00,online
2026-08-02,2026-08-10T11:31:16+00:00,FR,wind_offshore,tabpfn_online,TabPFN with covariates,weather_4p+tso_forecast,2208,2026-08-02 20:00:00+00:00,1022.352783203125,689.2050025,,2026-05-02 18:00:00+00:00,2026-08-02 17:00:00+00:00,online
2026-08-02,2026-08-10T11:31:16+00:00,FR,wind_offshore,tabpfn_online,TabPFN with covariates,weather_4p+tso_forecast,2208,2026-08-02 21:00:00+00:00,1009.303466796875,666.7650125,,2026-05-02 18:00:00+00:00,2026-08-02 17:00:00+00:00,online
2026-08-02,2026-08-10T11:31:16+00:00,FR,wind_offshore,tabpfn_online,TabPFN with covariates,weather_4p+tso_forecast,2208,2026-08-02 22:00:00+00:00,1012.454345703125,578.9374875,,2026-05-02 18:00:00+00:00,2026-08-02 17:00:00+00:00,online
2026-08-02,2026-08-10T11:31:16+00:00,FR,wind_offshore,tabpfn_online,TabPFN with covariates,weather_4p+tso_forecast,2208,2026-08-02 23:00:00+00:00,685.4938354492188,518.9375075,,2026-05-02 18:00:00+00:00,2026-08-02 17:00:00+00:00,online
2026-08-02,2026-08-10T11:31:16+00:00,FR,wind_offshore,tabpfn_online,TabPFN with covariates,weather_4p+tso_forecast,2208,2026-08-03 00:00:00+00:00,320.282470703125,429.72749999999996,,2026-05-02 18:00:00+00:00,2026-08-02 17:00:00+00:00,online
2026-08-02,2026-08-10T11:31:16+00:00,FR,wind_offshore,tabpfn_online,TabPFN with covariates,weather_4p+tso_forecast,2208,2026-08-03 01:00:00+00:00,250.4210205078125,328.9974975,,2026-05-02 18:00:00+00:00,2026-08-02 17:00:00+00:00,online
2026-08-02,2026-08-10T11:31:16+00:00,FR,wind_offshore,tabpfn_online,TabPFN with covariates,weather_4p+tso_forecast,2208,2026-08-03 02:00:00+00:00,182.3186798095703,210.72000500000001,,2026-05-02 18:00:00+00:00,2026-08-02 17:00:00+00:00,online
2026-08-02,2026-08-10T11:31:16+00:00,FR,wind_offshore,tabpfn_online,TabPFN with covariates,weather_4p+tso_forecast,2208,2026-08-03 03:00:00+00:00,102.301025390625,132.1749975,,2026-05-02 18:00:00+00:00,2026-08-02 17:00:00+00:00,online
2026-08-02,2026-08-10T11:31:16+00:00,FR,wind_offshore,tabpfn_online,TabPFN with covariates,weather_4p+tso_forecast,2208,2026-08-03 04:00:00+00:00,76.66355895996094,106.297495,,2026-05-02 18:00:00+00:00,2026-08-02 17:00:00+00:00,online
2026-08-02,2026-08-10T11:31:16+00:00,FR,wind_offshore,tabpfn_online,TabPFN with covariates,weather_4p+tso_forecast,2208,2026-08-03 05:00:00+00:00,50.37630081176758,92.925005,,2026-05-02 18:00:00+00:00,2026-08-02 17:00:00+00:00,online
2026-08-02,2026-08-10T11:31:16+00:00,FR,wind_offshore,tabpfn_online,TabPFN with covariates,weather_4p+tso_forecast,2208,2026-08-03 06:00:00+00:00,44.13900375366211,84.4724975,,2026-05-02 18:00:00+00:00,2026-08-02 17:00:00+00:00,online
2026-08-02,2026-08-10T11:31:16+00:00,FR,wind_offshore,tabpfn_online,TabPFN with covariates,weather_4p+tso_forecast,2208,2026-08-03 07:00:00+00:00,46.310691833496094,95.1324975,,2026-05-02 18:00:00+00:00,2026-08-02 17:00:00+00:00,online
2026-08-02,2026-08-10T11:31:16+00:00,FR,wind_offshore,tabpfn_online,TabPFN with covariates,weather_4p+tso_forecast,2208,2026-08-03 08:00:00+00:00,81.36566162109375,104.1075025,,2026-05-02 18:00:00+00:00,2026-08-02 17:00:00+00:00,online
2026-08-02,2026-08-10T11:31:16+00:00,FR,wind_offshore,tabpfn_online,TabPFN with covariates,weather_4p+tso_forecast,2208,2026-08-03 09:00:00+00:00,74.8741683959961,138.45,,2026-05-02 18:00:00+00:00,2026-08-02 17:00:00+00:00,online
2026-08-02,2026-08-10T11:31:16+00:00,FR,wind_offshore,tabpfn_online,TabPFN with covariates,weather_4p+tso_forecast,2208,2026-08-03 10:00:00+00:00,164.25938415527344,270.172505,,2026-05-02 18:00:00+00:00,2026-08-02 17:00:00+00:00,online
2026-08-02,2026-08-10T11:31:16+00:00,FR,wind_offshore,tabpfn_online,TabPFN with covariates,weather_4p+tso_forecast,2208,2026-08-03 11:00:00+00:00,283.5113830566406,365.5299975,,2026-05-02 18:00:00+00:00,2026-08-02 17:00:00+00:00,online
2026-08-02,2026-08-10T11:31:16+00:00,FR,wind_offshore,tabpfn_online,TabPFN with covariates,weather_4p+tso_forecast,2208,2026-08-03 12:00:00+00:00,315.7322998046875,371.2850025,,2026-05-02 18:00:00+00:00,2026-08-02 17:00:00+00:00,online
2026-08-02,2026-08-10T11:31:16+00:00,FR,wind_offshore,tabpfn_online,TabPFN with covariates,weather_4p+tso_forecast,2208,2026-08-03 13:00:00+00:00,396.55816650390625,441.6199875,,2026-05-02 18:00:00+00:00,2026-08-02 17:00:00+00:00,online
2026-08-02,2026-08-10T11:31:16+00:00,FR,wind_offshore,tabpfn_online,TabPFN with covariates,weather_4p+tso_forecast,2208,2026-08-03 14:00:00+00:00,413.7447204589844,455.17749,,2026-05-02 18:00:00+00:00,2026-08-02 17:00:00+00:00,online
2026-08-02,2026-08-10T11:31:16+00:00,FR,wind_offshore,tabpfn_online,TabPFN with covariates,weather_4p+tso_forecast,2208,2026-08-03 15:00:00+00:00,490.22686767578125,417.39750749999996,,2026-05-02 18:00:00+00:00,2026-08-02 17:00:00+00:00,online
2026-08-02,2026-08-10T11:31:16+00:00,FR,wind_offshore,tabpfn_online,TabPFN with covariates,weather_4p+tso_forecast,2208,2026-08-03 16:00:00+00:00,506.18145751953125,378.2300025,,2026-05-02 18:00:00+00:00,2026-08-02 17:00:00+00:00,online
2026-08-02,2026-08-10T11:31:16+00:00,FR,wind_offshore,tabpfn_online,TabPFN with covariates,weather_4p+tso_forecast,2208,2026-08-03 17:00:00+00:00,456.0671081542969,338.6525125,,2026-05-02 18:00:00+00:00,2026-08-02 17:00:00+00:00,online
2026-08-02,2026-08-10T11:31:16+00:00,DE,load,tabpfn_online,TabPFN with covariates,Solar+tso_forecast,2208,2026-08-02 18:00:00+00:00,47231.34765625,48703.1917285,,2026-05-02 18:00:00+00:00,2026-08-02 17:00:00+00:00,online
2026-08-02,2026-08-10T11:31:16+00:00,DE,load,tabpfn_online,TabPFN with covariates,Solar+tso_forecast,2208,2026-08-02 19:00:00+00:00,46557.5625,47485.75660075,,2026-05-02 18:00:00+00:00,2026-08-02 17:00:00+00:00,online
2026-08-02,2026-08-10T11:31:16+00:00,DE,load,tabpfn_online,TabPFN with covariates,Solar+tso_forecast,2208,2026-08-02 20:00:00+00:00,45677.125,45603.1297095,,2026-05-02 18:00:00+00:00,2026-08-02 17:00:00+00:00,online
2026-08-02,2026-08-10T11:31:16+00:00,DE,load,tabpfn_online,TabPFN with covariates,Solar+tso_forecast,2208,2026-08-02 21:00:00+00:00,44320.74609375,43566.924215,,2026-05-02 18:00:00+00:00,2026-08-02 17:00:00+00:00,online
2026-08-02,2026-08-10T11:31:16+00:00,DE,load,tabpfn_online,TabPFN with covariates,Solar+tso_forecast,2208,2026-08-02 22:00:00+00:00,42577.21875,40737.26082725,,2026-05-02 18:00:00+00:00,2026-08-02 17:00:00+00:00,online
2026-08-02,2026-08-10T11:31:16+00:00,DE,load,tabpfn_online,TabPFN with covariates,Solar+tso_forecast,2208,2026-08-02 23:00:00+00:00,40703.8671875,39561.61662475,,2026-05-02 18:00:00+00:00,2026-08-02 17:00:00+00:00,online
2026-08-02,2026-08-10T11:31:16+00:00,DE,load,tabpfn_online,TabPFN with covariates,Solar+tso_forecast,2208,2026-08-03 00:00:00+00:00,39907.765625,38906.87854525,,2026-05-02 18:00:00+00:00,2026-08-02 17:00:00+00:00,online
2026-08-02,2026-08-10T11:31:16+00:00,DE,load,tabpfn_online,TabPFN with covariates,Solar+tso_forecast,2208,2026-08-03 01:00:00+00:00,39906.4140625,38929.651894,,2026-05-02 18:00:00+00:00,2026-08-02 17:00:00+00:00,online
2026-08-02,2026-08-10T11:31:16+00:00,DE,load,tabpfn_online,TabPFN with covariates,Solar+tso_forecast,2208,2026-08-03 02:00:00+00:00,40687.33984375,40073.286443749996,,2026-05-02 18:00:00+00:00,2026-08-02 17:00:00+00:00,online
2026-08-02,2026-08-10T11:31:16+00:00,DE,load,tabpfn_online,TabPFN with covariates,Solar+tso_forecast,2208,2026-08-03 03:00:00+00:00,43580.0390625,43900.357995,,2026-05-02 18:00:00+00:00,2026-08-02 17:00:00+00:00,online
2026-08-02,2026-08-10T11:31:16+00:00,DE,load,tabpfn_online,TabPFN with covariates,Solar+tso_forecast,2208,2026-08-03 04:00:00+00:00,50027.9921875,50474.943056250006,,2026-05-02 18:00:00+00:00,2026-08-02 17:00:00+00:00,online
2026-08-02,2026-08-10T11:31:16+00:00,DE,load,tabpfn_online,TabPFN with covariates,Solar+tso_forecast,2208,2026-08-03 05:00:00+00:00,55409.0703125,55806.32363225,,2026-05-02 18:00:00+00:00,2026-08-02 17:00:00+00:00,online
2026-08-02,2026-08-10T11:31:16+00:00,DE,load,tabpfn_online,TabPFN with covariates,Solar+tso_forecast,2208,2026-08-03 06:00:00+00:00,58876.0859375,58910.64693725,,2026-05-02 18:00:00+00:00,2026-08-02 17:00:00+00:00,online
2026-08-02,2026-08-10T11:31:16+00:00,DE,load,tabpfn_online,TabPFN with covariates,Solar+tso_forecast,2208,2026-08-03 07:00:00+00:00,59499.3984375,59728.40302725,,2026-05-02 18:00:00+00:00,2026-08-02 17:00:00+00:00,online
2026-08-02,2026-08-10T11:31:16+00:00,DE,load,tabpfn_online,TabPFN with covariates,Solar+tso_forecast,2208,2026-08-03 08:00:00+00:00,58787.21875,59475.9609145,,2026-05-02 18:00:00+00:00,2026-08-02 17:00:00+00:00,online
2026-08-02,2026-08-10T11:31:16+00:00,DE,load,tabpfn_online,TabPFN with covariates,Solar+tso_forecast,2208,2026-08-03 09:00:00+00:00,58210.1328125,59156.21392475,,2026-05-02 18:00:00+00:00,2026-08-02 17:00:00+00:00,online
2026-08-02,2026-08-10T11:31:16+00:00,DE,load,tabpfn_online,TabPFN with covariates,Solar+tso_forecast,2208,2026-08-03 10:00:00+00:00,57060.96875,57765.9694395,,2026-05-02 18:00:00+00:00,2026-08-02 17:00:00+00:00,online
2026-08-02,2026-08-10T11:31:16+00:00,DE,load,tabpfn_online,TabPFN with covariates,Solar+tso_forecast,2208,2026-08-03 11:00:00+00:00,56063.9296875,56765.758897499996,,2026-05-02 18:00:00+00:00,2026-08-02 17:00:00+00:00,online
2026-08-02,2026-08-10T11:31:16+00:00,DE,load,tabpfn_online,TabPFN with covariates,Solar+tso_forecast,2208,2026-08-03 12:00:00+00:00,54896.609375,55686.946379500005,,2026-05-02 18:00:00+00:00,2026-08-02 17:00:00+00:00,online
2026-08-02,2026-08-10T11:31:16+00:00,DE,load,tabpfn_online,TabPFN with covariates,Solar+tso_forecast,2208,2026-08-03 13:00:00+00:00,54453.1796875,55184.6749145,,2026-05-02 18:00:00+00:00,2026-08-02 17:00:00+00:00,online
2026-08-02,2026-08-10T11:31:16+00:00,DE,load,tabpfn_online,TabPFN with covariates,Solar+tso_forecast,2208,2026-08-03 14:00:00+00:00,54527.1796875,54768.39021225,,2026-05-02 18:00:00+00:00,2026-08-02 17:00:00+00:00,online
2026-08-02,2026-08-10T11:31:16+00:00,DE,load,tabpfn_online,TabPFN with covariates,Solar+tso_forecast,2208,2026-08-03 15:00:00+00:00,56034.7578125,55866.68318925,,2026-05-02 18:00:00+00:00,2026-08-02 17:00:00+00:00,online
2026-08-02,2026-08-10T11:31:16+00:00,DE,load,tabpfn_online,TabPFN with covariates,Solar+tso_forecast,2208,2026-08-03 16:00:00+00:00,58017.15625,56996.19658325,,2026-05-02 18:00:00+00:00,2026-08-02 17:00:00+00:00,online
2026-08-02,2026-08-10T11:31:16+00:00,DE,load,tabpfn_online,TabPFN with covariates,Solar+tso_forecast,2208,2026-08-03 17:00:00+00:00,58211.6640625,56867.806933,,2026-05-02 18:00:00+00:00,2026-08-02 17:00:00+00:00,online
2026-08-02,2026-08-10T11:31:16+00:00,DE,solar,tabpfn_online,TabPFN with covariates,weather_4p+tso_forecast,2208,2026-08-02 18:00:00+00:00,1448.0322265625,1450.9225625,,2026-05-02 18:00:00+00:00,2026-08-02 17:00:00+00:00,online
2026-08-02,2026-08-10T11:31:16+00:00,DE,solar,tabpfn_online,TabPFN with covariates,weather_4p+tso_forecast,2208,2026-08-02 19:00:00+00:00,48.13195037841797,26.558225,,2026-05-02 18:00:00+00:00,2026-08-02 17:00:00+00:00,online
2026-08-02,2026-08-10T11:31:16+00:00,DE,solar,tabpfn_online,TabPFN with covariates,weather_4p+tso_forecast,2208,2026-08-02 20:00:00+00:00,4.7715020179748535,0.0,,2026-05-02 18:00:00+00:00,2026-08-02 17:00:00+00:00,online
2026-08-02,2026-08-10T11:31:16+00:00,DE,solar,tabpfn_online,TabPFN with covariates,weather_4p+tso_forecast,2208,2026-08-02 21:00:00+00:00,1.1826248168945312,0.0,,2026-05-02 18:00:00+00:00,2026-08-02 17:00:00+00:00,online
2026-08-02,2026-08-10T11:31:16+00:00,DE,solar,tabpfn_online,TabPFN with covariates,weather_4p+tso_forecast,2208,2026-08-02 22:00:00+00:00,4.426705360412598,0.0,,2026-05-02 18:00:00+00:00,2026-08-02 17:00:00+00:00,online
2026-08-02,2026-08-10T11:31:16+00:00,DE,solar,tabpfn_online,TabPFN with covariates,weather_4p+tso_forecast,2208,2026-08-02 23:00:00+00:00,0.0,0.0,,2026-05-02 18:00:00+00:00,2026-08-02 17:00:00+00:00,online
2026-08-02,2026-08-10T11:31:16+00:00,DE,solar,tabpfn_online,TabPFN with covariates,weather_4p+tso_forecast,2208,2026-08-03 00:00:00+00:00,6.444357872009277,0.0,,2026-05-02 18:00:00+00:00,2026-08-02 17:00:00+00:00,online
2026-08-02,2026-08-10T11:31:16+00:00,DE,solar,tabpfn_online,TabPFN with covariates,weather_4p+tso_forecast,2208,2026-08-03 01:00:00+00:00,7.066324234008789,0.0,,2026-05-02 18:00:00+00:00,2026-08-02 17:00:00+00:00,online
2026-08-02,2026-08-10T11:31:16+00:00,DE,solar,tabpfn_online,TabPFN with covariates,weather_4p+tso_forecast,2208,2026-08-03 02:00:00+00:00,14.920778274536133,0.0,,2026-05-02 18:00:00+00:00,2026-08-02 17:00:00+00:00,online
2026-08-02,2026-08-10T11:31:16+00:00,DE,solar,tabpfn_online,TabPFN with covariates,weather_4p+tso_forecast,2208,2026-08-03 03:00:00+00:00,74.51021575927734,59.289982499999994,,2026-05-02 18:00:00+00:00,2026-08-02 17:00:00+00:00,online
2026-08-02,2026-08-10T11:31:16+00:00,DE,solar,tabpfn_online,TabPFN with covariates,weather_4p+tso_forecast,2208,2026-08-03 04:00:00+00:00,2327.345458984375,2211.9354475,,2026-05-02 18:00:00+00:00,2026-08-02 17:00:00+00:00,online
2026-08-02,2026-08-10T11:31:16+00:00,DE,solar,tabpfn_online,TabPFN with covariates,weather_4p+tso_forecast,2208,2026-08-03 05:00:00+00:00,9388.833984375,9210.76666,,2026-05-02 18:00:00+00:00,2026-08-02 17:00:00+00:00,online
2026-08-02,2026-08-10T11:31:16+00:00,DE,solar,tabpfn_online,TabPFN with covariates,weather_4p+tso_forecast,2208,2026-08-03 06:00:00+00:00,20816.58203125,20831.302855,,2026-05-02 18:00:00+00:00,2026-08-02 17:00:00+00:00,online
2026-08-02,2026-08-10T11:31:16+00:00,DE,solar,tabpfn_online,TabPFN with covariates,weather_4p+tso_forecast,2208,2026-08-03 07:00:00+00:00,34185.71875,32929.18409,,2026-05-02 18:00:00+00:00,2026-08-02 17:00:00+00:00,online
2026-08-02,2026-08-10T11:31:16+00:00,DE,solar,tabpfn_online,TabPFN with covariates,weather_4p+tso_forecast,2208,2026-08-03 08:00:00+00:00,44421.203125,42999.657385,,2026-05-02 18:00:00+00:00,2026-08-02 17:00:00+00:00,online
2026-08-02,2026-08-10T11:31:16+00:00,DE,solar,tabpfn_online,TabPFN with covariates,weather_4p+tso_forecast,2208,2026-08-03 09:00:00+00:00,51519.265625,50228.393670000005,,2026-05-02 18:00:00+00:00,2026-08-02 17:00:00+00:00,online
2026-08-02,2026-08-10T11:31:16+00:00,DE,solar,tabpfn_online,TabPFN with covariates,weather_4p+tso_forecast,2208,2026-08-03 10:00:00+00:00,54363.97265625,54239.63151,,2026-05-02 18:00:00+00:00,2026-08-02 17:00:00+00:00,online
2026-08-02,2026-08-10T11:31:16+00:00,DE,solar,tabpfn_online,TabPFN with covariates,weather_4p+tso_forecast,2208,2026-08-03 11:00:00+00:00,54792.765625,54909.7848325,,2026-05-02 18:00:00+00:00,2026-08-02 17:00:00+00:00,online
2026-08-02,2026-08-10T11:31:16+00:00,DE,solar,tabpfn_online,TabPFN with covariates,weather_4p+tso_forecast,2208,2026-08-03 12:00:00+00:00,52426.796875,52129.80414,,2026-05-02 18:00:00+00:00,2026-08-02 17:00:00+00:00,online
2026-08-02,2026-08-10T11:31:16+00:00,DE,solar,tabpfn_online,TabPFN with covariates,weather_4p+tso_forecast,2208,2026-08-03 13:00:00+00:00,46800.78125,46404.538537500004,,2026-05-02 18:00:00+00:00,2026-08-02 17:00:00+00:00,online
2026-08-02,2026-08-10T11:31:16+00:00,DE,solar,tabpfn_online,TabPFN with covariates,weather_4p+tso_forecast,2208,2026-08-03 14:00:00+00:00,37829.17578125,38198.704195,,2026-05-02 18:00:00+00:00,2026-08-02 17:00:00+00:00,online
2026-08-02,2026-08-10T11:31:16+00:00,DE,solar,tabpfn_online,TabPFN with covariates,weather_4p+tso_forecast,2208,2026-08-03 15:00:00+00:00,26859.099609375,27823.47964,,2026-05-02 18:00:00+00:00,2026-08-02 17:00:00+00:00,online
2026-08-02,2026-08-10T11:31:16+00:00,DE,solar,tabpfn_online,TabPFN with covariates,weather_4p+tso_forecast,2208,2026-08-03 16:00:00+00:00,16036.7939453125,16206.4719025,,2026-05-02 18:00:00+00:00,2026-08-02 17:00:00+00:00,online
2026-08-02,2026-08-10T11:31:16+00:00,DE,solar,tabpfn_online,TabPFN with covariates,weather_4p+tso_forecast,2208,2026-08-03 17:00:00+00:00,6277.8115234375,6304.5448725,,2026-05-02 18:00:00+00:00,2026-08-02 17:00:00+00:00,online
2026-08-02,2026-08-10T11:31:16+00:00,DE,wind_onshore,tabpfn_online,TabPFN with covariates,weather_4p+tso_forecast,2208,2026-08-02 18:00:00+00:00,9749.69921875,8381.580044999999,,2026-05-02 18:00:00+00:00,2026-08-02 17:00:00+00:00,online
2026-08-02,2026-08-10T11:31:16+00:00,DE,wind_onshore,tabpfn_online,TabPFN with covariates,weather_4p+tso_forecast,2208,2026-08-02 19:00:00+00:00,11253.1572265625,12122.508435,,2026-05-02 18:00:00+00:00,2026-08-02 17:00:00+00:00,online
2026-08-02,2026-08-10T11:31:16+00:00,DE,wind_onshore,tabpfn_online,TabPFN with covariates,weather_4p+tso_forecast,2208,2026-08-02 20:00:00+00:00,13901.244140625,15062.6035525,,2026-05-02 18:00:00+00:00,2026-08-02 17:00:00+00:00,online
2026-08-02,2026-08-10T11:31:16+00:00,DE,wind_onshore,tabpfn_online,TabPFN with covariates,weather_4p+tso_forecast,2208,2026-08-02 21:00:00+00:00,15373.0732421875,16506.30065,,2026-05-02 18:00:00+00:00,2026-08-02 17:00:00+00:00,online
2026-08-02,2026-08-10T11:31:16+00:00,DE,wind_onshore,tabpfn_online,TabPFN with covariates,weather_4p+tso_forecast,2208,2026-08-02 22:00:00+00:00,15714.62109375,17290.26333,,2026-05-02 18:00:00+00:00,2026-08-02 17:00:00+00:00,online
2026-08-02,2026-08-10T11:31:16+00:00,DE,wind_onshore,tabpfn_online,TabPFN with covariates,weather_4p+tso_forecast,2208,2026-08-02 23:00:00+00:00,16497.384765625,16853.6054,,2026-05-02 18:00:00+00:00,2026-08-02 17:00:00+00:00,online
2026-08-02,2026-08-10T11:31:16+00:00,DE,wind_onshore,tabpfn_online,TabPFN with covariates,weather_4p+tso_forecast,2208,2026-08-03 00:00:00+00:00,16338.580078125,16068.66644,,2026-05-02 18:00:00+00:00,2026-08-02 17:00:00+00:00,online
2026-08-02,2026-08-10T11:31:16+00:00,DE,wind_onshore,tabpfn_online,TabPFN with covariates,weather_4p+tso_forecast,2208,2026-08-03 01:00:00+00:00,15669.8701171875,15246.17081,,2026-05-02 18:00:00+00:00,2026-08-02 17:00:00+00:00,online
2026-08-02,2026-08-10T11:31:16+00:00,DE,wind_onshore,tabpfn_online,TabPFN with covariates,weather_4p+tso_forecast,2208,2026-08-03 02:00:00+00:00,15018.8173828125,14375.1012975,,2026-05-02 18:00:00+00:00,2026-08-02 17:00:00+00:00,online
2026-08-02,2026-08-10T11:31:16+00:00,DE,wind_onshore,tabpfn_online,TabPFN with covariates,weather_4p+tso_forecast,2208,2026-08-03 03:00:00+00:00,14374.103515625,13663.839942499999,,2026-05-02 18:00:00+00:00,2026-08-02 17:00:00+00:00,online
2026-08-02,2026-08-10T11:31:16+00:00,DE,wind_onshore,tabpfn_online,TabPFN with covariates,weather_4p+tso_forecast,2208,2026-08-03 04:00:00+00:00,14125.3984375,13187.5983425,,2026-05-02 18:00:00+00:00,2026-08-02 17:00:00+00:00,online
2026-08-02,2026-08-10T11:31:16+00:00,DE,wind_onshore,tabpfn_online,TabPFN with covariates,weather_4p+tso_forecast,2208,2026-08-03 05:00:00+00:00,12939.8076171875,11719.989085000001,,2026-05-02 18:00:00+00:00,2026-08-02 17:00:00+00:00,online
2026-08-02,2026-08-10T11:31:16+00:00,DE,wind_onshore,tabpfn_online,TabPFN with covariates,weather_4p+tso_forecast,2208,2026-08-03 06:00:00+00:00,9697.1201171875,8563.518275,,2026-05-02 18:00:00+00:00,2026-08-02 17:00:00+00:00,online
2026-08-02,2026-08-10T11:31:16+00:00,DE,wind_onshore,tabpfn_online,TabPFN with covariates,weather_4p+tso_forecast,2208,2026-08-03 07:00:00+00:00,5851.15478515625,5531.50116,,2026-05-02 18:00:00+00:00,2026-08-02 17:00:00+00:00,online
2026-08-02,2026-08-10T11:31:16+00:00,DE,wind_onshore,tabpfn_online,TabPFN with covariates,weather_4p+tso_forecast,2208,2026-08-03 08:00:00+00:00,5024.7236328125,4808.92936,,2026-05-02 18:00:00+00:00,2026-08-02 17:00:00+00:00,online
2026-08-02,2026-08-10T11:31:16+00:00,DE,wind_onshore,tabpfn_online,TabPFN with covariates,weather_4p+tso_forecast,2208,2026-08-03 09:00:00+00:00,5343.9462890625,5076.054265,,2026-05-02 18:00:00+00:00,2026-08-02 17:00:00+00:00,online
2026-08-02,2026-08-10T11:31:16+00:00,DE,wind_onshore,tabpfn_online,TabPFN with covariates,weather_4p+tso_forecast,2208,2026-08-03 10:00:00+00:00,5611.5478515625,5144.676635,,2026-05-02 18:00:00+00:00,2026-08-02 17:00:00+00:00,online
2026-08-02,2026-08-10T11:31:16+00:00,DE,wind_onshore,tabpfn_online,TabPFN with covariates,weather_4p+tso_forecast,2208,2026-08-03 11:00:00+00:00,5259.83154296875,4767.7523075,,2026-05-02 18:00:00+00:00,2026-08-02 17:00:00+00:00,online
2026-08-02,2026-08-10T11:31:16+00:00,DE,wind_onshore,tabpfn_online,TabPFN with covariates,weather_4p+tso_forecast,2208,2026-08-03 12:00:00+00:00,4981.9306640625,4551.9416325,,2026-05-02 18:00:00+00:00,2026-08-02 17:00:00+00:00,online
2026-08-02,2026-08-10T11:31:16+00:00,DE,wind_onshore,tabpfn_online,TabPFN with covariates,weather_4p+tso_forecast,2208,2026-08-03 13:00:00+00:00,4823.29296875,4593.2144075,,2026-05-02 18:00:00+00:00,2026-08-02 17:00:00+00:00,online
2026-08-02,2026-08-10T11:31:16+00:00,DE,wind_onshore,tabpfn_online,TabPFN with covariates,weather_4p+tso_forecast,2208,2026-08-03 14:00:00+00:00,5128.7080078125,5089.79873,,2026-05-02 18:00:00+00:00,2026-08-02 17:00:00+00:00,online
2026-08-02,2026-08-10T11:31:16+00:00,DE,wind_onshore,tabpfn_online,TabPFN with covariates,weather_4p+tso_forecast,2208,2026-08-03 15:00:00+00:00,6075.69580078125,5940.376345000001,,2026-05-02 18:00:00+00:00,2026-08-02 17:00:00+00:00,online
2026-08-02,2026-08-10T11:31:16+00:00,DE,wind_onshore,tabpfn_online,TabPFN with covariates,weather_4p+tso_forecast,2208,2026-08-03 16:00:00+00:00,7909.171875,7319.3704450000005,,2026-05-02 18:00:00+00:00,2026-08-02 17:00:00+00:00,online
2026-08-02,2026-08-10T11:31:16+00:00,DE,wind_onshore,tabpfn_online,TabPFN with covariates,weather_4p+tso_forecast,2208,2026-08-03 17:00:00+00:00,9995.916015625,9130.2441025,,2026-05-02 18:00:00+00:00,2026-08-02 17:00:00+00:00,online
2026-08-02,2026-08-10T11:31:16+00:00,DE,wind_offshore,tabpfn_online,TabPFN with covariates,weather_4p+tso_forecast,2208,2026-08-02 18:00:00+00:00,388.3280944824219,324.68,,2026-05-02 18:00:00+00:00,2026-08-02 17:00:00+00:00,online
2026-08-02,2026-08-10T11:31:16+00:00,DE,wind_offshore,tabpfn_online,TabPFN with covariates,weather_4p+tso_forecast,2208,2026-08-02 19:00:00+00:00,529.5977783203125,439.4925,,2026-05-02 18:00:00+00:00,2026-08-02 17:00:00+00:00,online
2026-08-02,2026-08-10T11:31:16+00:00,DE,wind_offshore,tabpfn_online,TabPFN with covariates,weather_4p+tso_forecast,2208,2026-08-02 20:00:00+00:00,678.31396484375,570.9175,,2026-05-02 18:00:00+00:00,2026-08-02 17:00:00+00:00,online
2026-08-02,2026-08-10T11:31:16+00:00,DE,wind_offshore,tabpfn_online,TabPFN with covariates,weather_4p+tso_forecast,2208,2026-08-02 21:00:00+00:00,921.0985107421875,698.9925000000001,,2026-05-02 18:00:00+00:00,2026-08-02 17:00:00+00:00,online
2026-08-02,2026-08-10T11:31:16+00:00,DE,wind_offshore,tabpfn_online,TabPFN with covariates,weather_4p+tso_forecast,2208,2026-08-02 22:00:00+00:00,1313.4761962890625,996.4675,,2026-05-02 18:00:00+00:00,2026-08-02 17:00:00+00:00,online
2026-08-02,2026-08-10T11:31:16+00:00,DE,wind_offshore,tabpfn_online,TabPFN with covariates,weather_4p+tso_forecast,2208,2026-08-02 23:00:00+00:00,1642.410888671875,1247.6875,,2026-05-02 18:00:00+00:00,2026-08-02 17:00:00+00:00,online
2026-08-02,2026-08-10T11:31:16+00:00,DE,wind_offshore,tabpfn_online,TabPFN with covariates,weather_4p+tso_forecast,2208,2026-08-03 00:00:00+00:00,1450.2607421875,1498.8875,,2026-05-02 18:00:00+00:00,2026-08-02 17:00:00+00:00,online
2026-08-02,2026-08-10T11:31:16+00:00,DE,wind_offshore,tabpfn_online,TabPFN with covariates,weather_4p+tso_forecast,2208,2026-08-03 01:00:00+00:00,1665.978515625,1721.315,,2026-05-02 18:00:00+00:00,2026-08-02 17:00:00+00:00,online
2026-08-02,2026-08-10T11:31:16+00:00,DE,wind_offshore,tabpfn_online,TabPFN with covariates,weather_4p+tso_forecast,2208,2026-08-03 02:00:00+00:00,1901.7440185546875,1976.4825,,2026-05-02 18:00:00+00:00,2026-08-02 17:00:00+00:00,online
2026-08-02,2026-08-10T11:31:16+00:00,DE,wind_offshore,tabpfn_online,TabPFN with covariates,weather_4p+tso_forecast,2208,2026-08-03 03:00:00+00:00,2183.738525390625,2257.12,,2026-05-02 18:00:00+00:00,2026-08-02 17:00:00+00:00,online
2026-08-02,2026-08-10T11:31:16+00:00,DE,wind_offshore,tabpfn_online,TabPFN with covariates,weather_4p+tso_forecast,2208,2026-08-03 04:00:00+00:00,2390.05615234375,2538.6575000000003,,2026-05-02 18:00:00+00:00,2026-08-02 17:00:00+00:00,online
2026-08-02,2026-08-10T11:31:16+00:00,DE,wind_offshore,tabpfn_online,TabPFN with covariates,weather_4p+tso_forecast,2208,2026-08-03 05:00:00+00:00,2557.752685546875,2770.4625,,2026-05-02 18:00:00+00:00,2026-08-02 17:00:00+00:00,online
2026-08-02,2026-08-10T11:31:16+00:00,DE,wind_offshore,tabpfn_online,TabPFN with covariates,weather_4p+tso_forecast,2208,2026-08-03 06:00:00+00:00,2633.242431640625,2834.085,,2026-05-02 18:00:00+00:00,2026-08-02 17:00:00+00:00,online
2026-08-02,2026-08-10T11:31:16+00:00,DE,wind_offshore,tabpfn_online,TabPFN with covariates,weather_4p+tso_forecast,2208,2026-08-03 07:00:00+00:00,2511.25244140625,2687.4475,,2026-05-02 18:00:00+00:00,2026-08-02 17:00:00+00:00,online
2026-08-02,2026-08-10T11:31:16+00:00,DE,wind_offshore,tabpfn_online,TabPFN with covariates,weather_4p+tso_forecast,2208,2026-08-03 08:00:00+00:00,2235.94677734375,2486.835,,2026-05-02 18:00:00+00:00,2026-08-02 17:00:00+00:00,online
2026-08-02,2026-08-10T11:31:16+00:00,DE,wind_offshore,tabpfn_online,TabPFN with covariates,weather_4p+tso_forecast,2208,2026-08-03 09:00:00+00:00,1984.34375,2405.8050000000003,,2026-05-02 18:00:00+00:00,2026-08-02 17:00:00+00:00,online
2026-08-02,2026-08-10T11:31:16+00:00,DE,wind_offshore,tabpfn_online,TabPFN with covariates,weather_4p+tso_forecast,2208,2026-08-03 10:00:00+00:00,2026.9803466796875,2446.685,,2026-05-02 18:00:00+00:00,2026-08-02 17:00:00+00:00,online
2026-08-02,2026-08-10T11:31:16+00:00,DE,wind_offshore,tabpfn_online,TabPFN with covariates,weather_4p+tso_forecast,2208,2026-08-03 11:00:00+00:00,2022.255859375,2702.75,,2026-05-02 18:00:00+00:00,2026-08-02 17:00:00+00:00,online
2026-08-02,2026-08-10T11:31:16+00:00,DE,wind_offshore,tabpfn_online,TabPFN with covariates,weather_4p+tso_forecast,2208,2026-08-03 12:00:00+00:00,2213.71240234375,2807.9,,2026-05-02 18:00:00+00:00,2026-08-02 17:00:00+00:00,online
2026-08-02,2026-08-10T11:31:16+00:00,DE,wind_offshore,tabpfn_online,TabPFN with covariates,weather_4p+tso_forecast,2208,2026-08-03 13:00:00+00:00,2703.064697265625,3234.0025,,2026-05-02 18:00:00+00:00,2026-08-02 17:00:00+00:00,online
2026-08-02,2026-08-10T11:31:16+00:00,DE,wind_offshore,tabpfn_online,TabPFN with covariates,weather_4p+tso_forecast,2208,2026-08-03 14:00:00+00:00,3054.66064453125,3482.94,,2026-05-02 18:00:00+00:00,2026-08-02 17:00:00+00:00,online
2026-08-02,2026-08-10T11:31:16+00:00,DE,wind_offshore,tabpfn_online,TabPFN with covariates,weather_4p+tso_forecast,2208,2026-08-03 15:00:00+00:00,3341.12646484375,3896.4525000000003,,2026-05-02 18:00:00+00:00,2026-08-02 17:00:00+00:00,online
2026-08-02,2026-08-10T11:31:16+00:00,DE,wind_offshore,tabpfn_online,TabPFN with covariates,weather_4p+tso_forecast,2208,2026-08-03 16:00:00+00:00,4003.9013671875,4550.6325,,2026-05-02 18:00:00+00:00,2026-08-02 17:00:00+00:00,online
2026-08-02,2026-08-10T11:31:16+00:00,DE,wind_offshore,tabpfn_online,TabPFN with covariates,weather_4p+tso_forecast,2208,2026-08-03 17:00:00+00:00,4333.7041015625,5002.47,,2026-05-02 18:00:00+00:00,2026-08-02 17:00:00+00:00,online
