run_date,run_at,zone,target,model,model_label,covariate_case,context_hours,timestamp,forecast_mw,tso_forecast_mw,actual_mw,context_start,context_end,source
2026-08-07,2026-08-10 08:10:37+00:00,BE,load,tso_reference,TSO forecast,tso_forecast,2208,2026-08-07 18:00:00+00:00,8776.0425,8776.0425,8215.785,2026-05-07 18:00:00+00:00,2026-08-07 17:00:00+00:00,online
2026-08-07,2026-08-10 08:10:37+00:00,BE,load,tso_reference,TSO forecast,tso_forecast,2208,2026-08-07 19:00:00+00:00,8634.807499999999,8634.807499999999,8073.8675,2026-05-07 18:00:00+00:00,2026-08-07 17:00:00+00:00,online
2026-08-07,2026-08-10 08:10:37+00:00,BE,load,tso_reference,TSO forecast,tso_forecast,2208,2026-08-07 20:00:00+00:00,8592.744999999999,8592.744999999999,8085.7225,2026-05-07 18:00:00+00:00,2026-08-07 17:00:00+00:00,online
2026-08-07,2026-08-10 08:10:37+00:00,BE,load,tso_reference,TSO forecast,tso_forecast,2208,2026-08-07 21:00:00+00:00,8247.067500000001,8247.067500000001,7731.67,2026-05-07 18:00:00+00:00,2026-08-07 17:00:00+00:00,online
2026-08-07,2026-08-10 08:10:37+00:00,BE,load,tso_reference,TSO forecast,tso_forecast,2208,2026-08-07 22:00:00+00:00,7202.8025,7202.8025,7393.6425,2026-05-07 18:00:00+00:00,2026-08-07 17:00:00+00:00,online
2026-08-07,2026-08-10 08:10:37+00:00,BE,load,tso_reference,TSO forecast,tso_forecast,2208,2026-08-07 23:00:00+00:00,6888.37,6888.37,7228.5175,2026-05-07 18:00:00+00:00,2026-08-07 17:00:00+00:00,online
2026-08-07,2026-08-10 08:10:37+00:00,BE,load,tso_reference,TSO forecast,tso_forecast,2208,2026-08-08 00:00:00+00:00,7099.3275,7099.3275,6989.47,2026-05-07 18:00:00+00:00,2026-08-07 17:00:00+00:00,online
2026-08-07,2026-08-10 08:10:37+00:00,BE,load,tso_reference,TSO forecast,tso_forecast,2208,2026-08-08 01:00:00+00:00,7018.3625,7018.3625,6859.145,2026-05-07 18:00:00+00:00,2026-08-07 17:00:00+00:00,online
2026-08-07,2026-08-10 08:10:37+00:00,BE,load,tso_reference,TSO forecast,tso_forecast,2208,2026-08-08 02:00:00+00:00,6941.035,6941.035,6737.6925,2026-05-07 18:00:00+00:00,2026-08-07 17:00:00+00:00,online
2026-08-07,2026-08-10 08:10:37+00:00,BE,load,tso_reference,TSO forecast,tso_forecast,2208,2026-08-08 03:00:00+00:00,6786.139999999999,6786.139999999999,6728.0425,2026-05-07 18:00:00+00:00,2026-08-07 17:00:00+00:00,online
2026-08-07,2026-08-10 08:10:37+00:00,BE,load,tso_reference,TSO forecast,tso_forecast,2208,2026-08-08 04:00:00+00:00,6914.0825,6914.0825,6714.82,2026-05-07 18:00:00+00:00,2026-08-07 17:00:00+00:00,online
2026-08-07,2026-08-10 08:10:37+00:00,BE,load,tso_reference,TSO forecast,tso_forecast,2208,2026-08-08 05:00:00+00:00,7319.815,7319.815,7008.1900000000005,2026-05-07 18:00:00+00:00,2026-08-07 17:00:00+00:00,online
2026-08-07,2026-08-10 08:10:37+00:00,BE,load,tso_reference,TSO forecast,tso_forecast,2208,2026-08-08 06:00:00+00:00,7647.7,7647.7,7393.389999999999,2026-05-07 18:00:00+00:00,2026-08-07 17:00:00+00:00,online
2026-08-07,2026-08-10 08:10:37+00:00,BE,load,tso_reference,TSO forecast,tso_forecast,2208,2026-08-08 07:00:00+00:00,8063.0525,8063.0525,7952.0075,2026-05-07 18:00:00+00:00,2026-08-07 17:00:00+00:00,online
2026-08-07,2026-08-10 08:10:37+00:00,BE,load,tso_reference,TSO forecast,tso_forecast,2208,2026-08-08 08:00:00+00:00,8436.0,8436.0,8409.967499999999,2026-05-07 18:00:00+00:00,2026-08-07 17:00:00+00:00,online
2026-08-07,2026-08-10 08:10:37+00:00,BE,load,tso_reference,TSO forecast,tso_forecast,2208,2026-08-08 09:00:00+00:00,8753.54,8753.54,9066.64,2026-05-07 18:00:00+00:00,2026-08-07 17:00:00+00:00,online
2026-08-07,2026-08-10 08:10:37+00:00,BE,load,tso_reference,TSO forecast,tso_forecast,2208,2026-08-08 10:00:00+00:00,8992.8975,8992.8975,9418.255000000001,2026-05-07 18:00:00+00:00,2026-08-07 17:00:00+00:00,online
2026-08-07,2026-08-10 08:10:37+00:00,BE,load,tso_reference,TSO forecast,tso_forecast,2208,2026-08-08 11:00:00+00:00,8881.285,8881.285,9520.21,2026-05-07 18:00:00+00:00,2026-08-07 17:00:00+00:00,online
2026-08-07,2026-08-10 08:10:37+00:00,BE,load,tso_reference,TSO forecast,tso_forecast,2208,2026-08-08 12:00:00+00:00,8527.7925,8527.7925,9356.1175,2026-05-07 18:00:00+00:00,2026-08-07 17:00:00+00:00,online
2026-08-07,2026-08-10 08:10:37+00:00,BE,load,tso_reference,TSO forecast,tso_forecast,2208,2026-08-08 13:00:00+00:00,8326.475,8326.475,9018.7075,2026-05-07 18:00:00+00:00,2026-08-07 17:00:00+00:00,online
2026-08-07,2026-08-10 08:10:37+00:00,BE,load,tso_reference,TSO forecast,tso_forecast,2208,2026-08-08 14:00:00+00:00,8086.5925,8086.5925,8387.52,2026-05-07 18:00:00+00:00,2026-08-07 17:00:00+00:00,online
2026-08-07,2026-08-10 08:10:37+00:00,BE,load,tso_reference,TSO forecast,tso_forecast,2208,2026-08-08 15:00:00+00:00,8122.74,8122.74,8111.5825,2026-05-07 18:00:00+00:00,2026-08-07 17:00:00+00:00,online
2026-08-07,2026-08-10 08:10:37+00:00,BE,load,tso_reference,TSO forecast,tso_forecast,2208,2026-08-08 16:00:00+00:00,8169.4575,8169.4575,8055.0125,2026-05-07 18:00:00+00:00,2026-08-07 17:00:00+00:00,online
2026-08-07,2026-08-10 08:10:37+00:00,BE,load,tso_reference,TSO forecast,tso_forecast,2208,2026-08-08 17:00:00+00:00,8154.89,8154.89,8088.105,2026-05-07 18:00:00+00:00,2026-08-07 17:00:00+00:00,online
2026-08-07,2026-08-10 08:10:37+00:00,BE,load,persistence,Persistence,weekly_persistence,2208,2026-08-07 18:00:00+00:00,8702.2125,8776.0425,8215.785,2026-05-07 18:00:00+00:00,2026-08-07 17:00:00+00:00,online
2026-08-07,2026-08-10 08:10:37+00:00,BE,load,persistence,Persistence,weekly_persistence,2208,2026-08-07 19:00:00+00:00,8506.6975,8634.807499999999,8073.8675,2026-05-07 18:00:00+00:00,2026-08-07 17:00:00+00:00,online
2026-08-07,2026-08-10 08:10:37+00:00,BE,load,persistence,Persistence,weekly_persistence,2208,2026-08-07 20:00:00+00:00,8295.375,8592.744999999999,8085.7225,2026-05-07 18:00:00+00:00,2026-08-07 17:00:00+00:00,online
2026-08-07,2026-08-10 08:10:37+00:00,BE,load,persistence,Persistence,weekly_persistence,2208,2026-08-07 21:00:00+00:00,7961.925,8247.067500000001,7731.67,2026-05-07 18:00:00+00:00,2026-08-07 17:00:00+00:00,online
2026-08-07,2026-08-10 08:10:37+00:00,BE,load,persistence,Persistence,weekly_persistence,2208,2026-08-07 22:00:00+00:00,7449.3225,7202.8025,7393.6425,2026-05-07 18:00:00+00:00,2026-08-07 17:00:00+00:00,online
2026-08-07,2026-08-10 08:10:37+00:00,BE,load,persistence,Persistence,weekly_persistence,2208,2026-08-07 23:00:00+00:00,7190.8725,6888.37,7228.5175,2026-05-07 18:00:00+00:00,2026-08-07 17:00:00+00:00,online
2026-08-07,2026-08-10 08:10:37+00:00,BE,load,persistence,Persistence,weekly_persistence,2208,2026-08-08 00:00:00+00:00,6940.9125,7099.3275,6989.47,2026-05-07 18:00:00+00:00,2026-08-07 17:00:00+00:00,online
2026-08-07,2026-08-10 08:10:37+00:00,BE,load,persistence,Persistence,weekly_persistence,2208,2026-08-08 01:00:00+00:00,6836.6025,7018.3625,6859.145,2026-05-07 18:00:00+00:00,2026-08-07 17:00:00+00:00,online
2026-08-07,2026-08-10 08:10:37+00:00,BE,load,persistence,Persistence,weekly_persistence,2208,2026-08-08 02:00:00+00:00,6680.8425,6941.035,6737.6925,2026-05-07 18:00:00+00:00,2026-08-07 17:00:00+00:00,online
2026-08-07,2026-08-10 08:10:37+00:00,BE,load,persistence,Persistence,weekly_persistence,2208,2026-08-08 03:00:00+00:00,6757.8925,6786.139999999999,6728.0425,2026-05-07 18:00:00+00:00,2026-08-07 17:00:00+00:00,online
2026-08-07,2026-08-10 08:10:37+00:00,BE,load,persistence,Persistence,weekly_persistence,2208,2026-08-08 04:00:00+00:00,6778.27,6914.0825,6714.82,2026-05-07 18:00:00+00:00,2026-08-07 17:00:00+00:00,online
2026-08-07,2026-08-10 08:10:37+00:00,BE,load,persistence,Persistence,weekly_persistence,2208,2026-08-08 05:00:00+00:00,6989.29,7319.815,7008.1900000000005,2026-05-07 18:00:00+00:00,2026-08-07 17:00:00+00:00,online
2026-08-07,2026-08-10 08:10:37+00:00,BE,load,persistence,Persistence,weekly_persistence,2208,2026-08-08 06:00:00+00:00,7290.35,7647.7,7393.389999999999,2026-05-07 18:00:00+00:00,2026-08-07 17:00:00+00:00,online
2026-08-07,2026-08-10 08:10:37+00:00,BE,load,persistence,Persistence,weekly_persistence,2208,2026-08-08 07:00:00+00:00,7713.0875,8063.0525,7952.0075,2026-05-07 18:00:00+00:00,2026-08-07 17:00:00+00:00,online
2026-08-07,2026-08-10 08:10:37+00:00,BE,load,persistence,Persistence,weekly_persistence,2208,2026-08-08 08:00:00+00:00,8057.38,8436.0,8409.967499999999,2026-05-07 18:00:00+00:00,2026-08-07 17:00:00+00:00,online
2026-08-07,2026-08-10 08:10:37+00:00,BE,load,persistence,Persistence,weekly_persistence,2208,2026-08-08 09:00:00+00:00,8514.185,8753.54,9066.64,2026-05-07 18:00:00+00:00,2026-08-07 17:00:00+00:00,online
2026-08-07,2026-08-10 08:10:37+00:00,BE,load,persistence,Persistence,weekly_persistence,2208,2026-08-08 10:00:00+00:00,9025.7825,8992.8975,9418.255000000001,2026-05-07 18:00:00+00:00,2026-08-07 17:00:00+00:00,online
2026-08-07,2026-08-10 08:10:37+00:00,BE,load,persistence,Persistence,weekly_persistence,2208,2026-08-08 11:00:00+00:00,9127.5425,8881.285,9520.21,2026-05-07 18:00:00+00:00,2026-08-07 17:00:00+00:00,online
2026-08-07,2026-08-10 08:10:37+00:00,BE,load,persistence,Persistence,weekly_persistence,2208,2026-08-08 12:00:00+00:00,8719.16,8527.7925,9356.1175,2026-05-07 18:00:00+00:00,2026-08-07 17:00:00+00:00,online
2026-08-07,2026-08-10 08:10:37+00:00,BE,load,persistence,Persistence,weekly_persistence,2208,2026-08-08 13:00:00+00:00,8411.045,8326.475,9018.7075,2026-05-07 18:00:00+00:00,2026-08-07 17:00:00+00:00,online
2026-08-07,2026-08-10 08:10:37+00:00,BE,load,persistence,Persistence,weekly_persistence,2208,2026-08-08 14:00:00+00:00,8098.1525,8086.5925,8387.52,2026-05-07 18:00:00+00:00,2026-08-07 17:00:00+00:00,online
2026-08-07,2026-08-10 08:10:37+00:00,BE,load,persistence,Persistence,weekly_persistence,2208,2026-08-08 15:00:00+00:00,7945.02,8122.74,8111.5825,2026-05-07 18:00:00+00:00,2026-08-07 17:00:00+00:00,online
2026-08-07,2026-08-10 08:10:37+00:00,BE,load,persistence,Persistence,weekly_persistence,2208,2026-08-08 16:00:00+00:00,7819.9375,8169.4575,8055.0125,2026-05-07 18:00:00+00:00,2026-08-07 17:00:00+00:00,online
2026-08-07,2026-08-10 08:10:37+00:00,BE,load,persistence,Persistence,weekly_persistence,2208,2026-08-08 17:00:00+00:00,7956.2125,8154.89,8088.105,2026-05-07 18:00:00+00:00,2026-08-07 17:00:00+00:00,online
2026-08-07,2026-08-10 08:10:37+00:00,BE,load,ridge_3mo_context,Ridge with covariates,Temp+tso_forecast,2208,2026-08-07 18:00:00+00:00,8585.83619128355,8776.0425,8215.785,2026-05-07 18:00:00+00:00,2026-08-07 17:00:00+00:00,online
2026-08-07,2026-08-10 08:10:37+00:00,BE,load,ridge_3mo_context,Ridge with covariates,Temp+tso_forecast,2208,2026-08-07 19:00:00+00:00,8399.79878880663,8634.807499999999,8073.8675,2026-05-07 18:00:00+00:00,2026-08-07 17:00:00+00:00,online
2026-08-07,2026-08-10 08:10:37+00:00,BE,load,ridge_3mo_context,Ridge with covariates,Temp+tso_forecast,2208,2026-08-07 20:00:00+00:00,8297.514429842464,8592.744999999999,8085.7225,2026-05-07 18:00:00+00:00,2026-08-07 17:00:00+00:00,online
2026-08-07,2026-08-10 08:10:37+00:00,BE,load,ridge_3mo_context,Ridge with covariates,Temp+tso_forecast,2208,2026-08-07 21:00:00+00:00,7905.791290582896,8247.067500000001,7731.67,2026-05-07 18:00:00+00:00,2026-08-07 17:00:00+00:00,online
2026-08-07,2026-08-10 08:10:37+00:00,BE,load,ridge_3mo_context,Ridge with covariates,Temp+tso_forecast,2208,2026-08-07 22:00:00+00:00,6854.116136090433,7202.8025,7393.6425,2026-05-07 18:00:00+00:00,2026-08-07 17:00:00+00:00,online
2026-08-07,2026-08-10 08:10:37+00:00,BE,load,ridge_3mo_context,Ridge with covariates,Temp+tso_forecast,2208,2026-08-07 23:00:00+00:00,6539.766356813532,6888.37,7228.5175,2026-05-07 18:00:00+00:00,2026-08-07 17:00:00+00:00,online
2026-08-07,2026-08-10 08:10:37+00:00,BE,load,ridge_3mo_context,Ridge with covariates,Temp+tso_forecast,2208,2026-08-08 00:00:00+00:00,6765.2398501110165,7099.3275,6989.47,2026-05-07 18:00:00+00:00,2026-08-07 17:00:00+00:00,online
2026-08-07,2026-08-10 08:10:37+00:00,BE,load,ridge_3mo_context,Ridge with covariates,Temp+tso_forecast,2208,2026-08-08 01:00:00+00:00,6651.355426558062,7018.3625,6859.145,2026-05-07 18:00:00+00:00,2026-08-07 17:00:00+00:00,online
2026-08-07,2026-08-10 08:10:37+00:00,BE,load,ridge_3mo_context,Ridge with covariates,Temp+tso_forecast,2208,2026-08-08 02:00:00+00:00,6568.805476449701,6941.035,6737.6925,2026-05-07 18:00:00+00:00,2026-08-07 17:00:00+00:00,online
2026-08-07,2026-08-10 08:10:37+00:00,BE,load,ridge_3mo_context,Ridge with covariates,Temp+tso_forecast,2208,2026-08-08 03:00:00+00:00,6399.7702849585585,6786.139999999999,6728.0425,2026-05-07 18:00:00+00:00,2026-08-07 17:00:00+00:00,online
2026-08-07,2026-08-10 08:10:37+00:00,BE,load,ridge_3mo_context,Ridge with covariates,Temp+tso_forecast,2208,2026-08-08 04:00:00+00:00,6505.107351659316,6914.0825,6714.82,2026-05-07 18:00:00+00:00,2026-08-07 17:00:00+00:00,online
2026-08-07,2026-08-10 08:10:37+00:00,BE,load,ridge_3mo_context,Ridge with covariates,Temp+tso_forecast,2208,2026-08-08 05:00:00+00:00,6885.146538269009,7319.815,7008.1900000000005,2026-05-07 18:00:00+00:00,2026-08-07 17:00:00+00:00,online
2026-08-07,2026-08-10 08:10:37+00:00,BE,load,ridge_3mo_context,Ridge with covariates,Temp+tso_forecast,2208,2026-08-08 06:00:00+00:00,7262.685155302241,7647.7,7393.389999999999,2026-05-07 18:00:00+00:00,2026-08-07 17:00:00+00:00,online
2026-08-07,2026-08-10 08:10:37+00:00,BE,load,ridge_3mo_context,Ridge with covariates,Temp+tso_forecast,2208,2026-08-08 07:00:00+00:00,7776.558122865229,8063.0525,7952.0075,2026-05-07 18:00:00+00:00,2026-08-07 17:00:00+00:00,online
2026-08-07,2026-08-10 08:10:37+00:00,BE,load,ridge_3mo_context,Ridge with covariates,Temp+tso_forecast,2208,2026-08-08 08:00:00+00:00,8219.838540296365,8436.0,8409.967499999999,2026-05-07 18:00:00+00:00,2026-08-07 17:00:00+00:00,online
2026-08-07,2026-08-10 08:10:37+00:00,BE,load,ridge_3mo_context,Ridge with covariates,Temp+tso_forecast,2208,2026-08-08 09:00:00+00:00,8575.629441825678,8753.54,9066.64,2026-05-07 18:00:00+00:00,2026-08-07 17:00:00+00:00,online
2026-08-07,2026-08-10 08:10:37+00:00,BE,load,ridge_3mo_context,Ridge with covariates,Temp+tso_forecast,2208,2026-08-08 10:00:00+00:00,8835.098440510887,8992.8975,9418.255000000001,2026-05-07 18:00:00+00:00,2026-08-07 17:00:00+00:00,online
2026-08-07,2026-08-10 08:10:37+00:00,BE,load,ridge_3mo_context,Ridge with covariates,Temp+tso_forecast,2208,2026-08-08 11:00:00+00:00,8753.159358224388,8881.285,9520.21,2026-05-07 18:00:00+00:00,2026-08-07 17:00:00+00:00,online
2026-08-07,2026-08-10 08:10:37+00:00,BE,load,ridge_3mo_context,Ridge with covariates,Temp+tso_forecast,2208,2026-08-08 12:00:00+00:00,8430.860152206016,8527.7925,9356.1175,2026-05-07 18:00:00+00:00,2026-08-07 17:00:00+00:00,online
2026-08-07,2026-08-10 08:10:37+00:00,BE,load,ridge_3mo_context,Ridge with covariates,Temp+tso_forecast,2208,2026-08-08 13:00:00+00:00,8255.030884905436,8326.475,9018.7075,2026-05-07 18:00:00+00:00,2026-08-07 17:00:00+00:00,online
2026-08-07,2026-08-10 08:10:37+00:00,BE,load,ridge_3mo_context,Ridge with covariates,Temp+tso_forecast,2208,2026-08-08 14:00:00+00:00,8037.714254001583,8086.5925,8387.52,2026-05-07 18:00:00+00:00,2026-08-07 17:00:00+00:00,online
2026-08-07,2026-08-10 08:10:37+00:00,BE,load,ridge_3mo_context,Ridge with covariates,Temp+tso_forecast,2208,2026-08-08 15:00:00+00:00,8078.385059236949,8122.74,8111.5825,2026-05-07 18:00:00+00:00,2026-08-07 17:00:00+00:00,online
2026-08-07,2026-08-10 08:10:37+00:00,BE,load,ridge_3mo_context,Ridge with covariates,Temp+tso_forecast,2208,2026-08-08 16:00:00+00:00,8094.171112182822,8169.4575,8055.0125,2026-05-07 18:00:00+00:00,2026-08-07 17:00:00+00:00,online
2026-08-07,2026-08-10 08:10:37+00:00,BE,load,ridge_3mo_context,Ridge with covariates,Temp+tso_forecast,2208,2026-08-08 17:00:00+00:00,8042.499147497283,8154.89,8088.105,2026-05-07 18:00:00+00:00,2026-08-07 17:00:00+00:00,online
2026-08-07,2026-08-10 08:10:37+00:00,BE,load,chronos2_online,Chronos2 with covariates,Solar+tso_forecast,2208,2026-08-07 18:00:00+00:00,8324.369140625,8776.0425,8215.785,2026-05-07 18:00:00+00:00,2026-08-07 17:00:00+00:00,online
2026-08-07,2026-08-10 08:10:37+00:00,BE,load,chronos2_online,Chronos2 with covariates,Solar+tso_forecast,2208,2026-08-07 19:00:00+00:00,8153.24755859375,8634.807499999999,8073.8675,2026-05-07 18:00:00+00:00,2026-08-07 17:00:00+00:00,online
2026-08-07,2026-08-10 08:10:37+00:00,BE,load,chronos2_online,Chronos2 with covariates,Solar+tso_forecast,2208,2026-08-07 20:00:00+00:00,8019.53955078125,8592.744999999999,8085.7225,2026-05-07 18:00:00+00:00,2026-08-07 17:00:00+00:00,online
2026-08-07,2026-08-10 08:10:37+00:00,BE,load,chronos2_online,Chronos2 with covariates,Solar+tso_forecast,2208,2026-08-07 21:00:00+00:00,7739.4189453125,8247.067500000001,7731.67,2026-05-07 18:00:00+00:00,2026-08-07 17:00:00+00:00,online
2026-08-07,2026-08-10 08:10:37+00:00,BE,load,chronos2_online,Chronos2 with covariates,Solar+tso_forecast,2208,2026-08-07 22:00:00+00:00,7323.70947265625,7202.8025,7393.6425,2026-05-07 18:00:00+00:00,2026-08-07 17:00:00+00:00,online
2026-08-07,2026-08-10 08:10:37+00:00,BE,load,chronos2_online,Chronos2 with covariates,Solar+tso_forecast,2208,2026-08-07 23:00:00+00:00,7076.9345703125,6888.37,7228.5175,2026-05-07 18:00:00+00:00,2026-08-07 17:00:00+00:00,online
2026-08-07,2026-08-10 08:10:37+00:00,BE,load,chronos2_online,Chronos2 with covariates,Solar+tso_forecast,2208,2026-08-08 00:00:00+00:00,6937.1494140625,7099.3275,6989.47,2026-05-07 18:00:00+00:00,2026-08-07 17:00:00+00:00,online
2026-08-07,2026-08-10 08:10:37+00:00,BE,load,chronos2_online,Chronos2 with covariates,Solar+tso_forecast,2208,2026-08-08 01:00:00+00:00,6833.9765625,7018.3625,6859.145,2026-05-07 18:00:00+00:00,2026-08-07 17:00:00+00:00,online
2026-08-07,2026-08-10 08:10:37+00:00,BE,load,chronos2_online,Chronos2 with covariates,Solar+tso_forecast,2208,2026-08-08 02:00:00+00:00,6776.6201171875,6941.035,6737.6925,2026-05-07 18:00:00+00:00,2026-08-07 17:00:00+00:00,online
2026-08-07,2026-08-10 08:10:37+00:00,BE,load,chronos2_online,Chronos2 with covariates,Solar+tso_forecast,2208,2026-08-08 03:00:00+00:00,6788.5810546875,6786.139999999999,6728.0425,2026-05-07 18:00:00+00:00,2026-08-07 17:00:00+00:00,online
2026-08-07,2026-08-10 08:10:37+00:00,BE,load,chronos2_online,Chronos2 with covariates,Solar+tso_forecast,2208,2026-08-08 04:00:00+00:00,6868.099609375,6914.0825,6714.82,2026-05-07 18:00:00+00:00,2026-08-07 17:00:00+00:00,online
2026-08-07,2026-08-10 08:10:37+00:00,BE,load,chronos2_online,Chronos2 with covariates,Solar+tso_forecast,2208,2026-08-08 05:00:00+00:00,7096.5498046875,7319.815,7008.1900000000005,2026-05-07 18:00:00+00:00,2026-08-07 17:00:00+00:00,online
2026-08-07,2026-08-10 08:10:37+00:00,BE,load,chronos2_online,Chronos2 with covariates,Solar+tso_forecast,2208,2026-08-08 06:00:00+00:00,7378.3330078125,7647.7,7393.389999999999,2026-05-07 18:00:00+00:00,2026-08-07 17:00:00+00:00,online
2026-08-07,2026-08-10 08:10:37+00:00,BE,load,chronos2_online,Chronos2 with covariates,Solar+tso_forecast,2208,2026-08-08 07:00:00+00:00,7759.81982421875,8063.0525,7952.0075,2026-05-07 18:00:00+00:00,2026-08-07 17:00:00+00:00,online
2026-08-07,2026-08-10 08:10:37+00:00,BE,load,chronos2_online,Chronos2 with covariates,Solar+tso_forecast,2208,2026-08-08 08:00:00+00:00,8104.43359375,8436.0,8409.967499999999,2026-05-07 18:00:00+00:00,2026-08-07 17:00:00+00:00,online
2026-08-07,2026-08-10 08:10:37+00:00,BE,load,chronos2_online,Chronos2 with covariates,Solar+tso_forecast,2208,2026-08-08 09:00:00+00:00,8463.927734375,8753.54,9066.64,2026-05-07 18:00:00+00:00,2026-08-07 17:00:00+00:00,online
2026-08-07,2026-08-10 08:10:37+00:00,BE,load,chronos2_online,Chronos2 with covariates,Solar+tso_forecast,2208,2026-08-08 10:00:00+00:00,8670.56640625,8992.8975,9418.255000000001,2026-05-07 18:00:00+00:00,2026-08-07 17:00:00+00:00,online
2026-08-07,2026-08-10 08:10:37+00:00,BE,load,chronos2_online,Chronos2 with covariates,Solar+tso_forecast,2208,2026-08-08 11:00:00+00:00,8625.1044921875,8881.285,9520.21,2026-05-07 18:00:00+00:00,2026-08-07 17:00:00+00:00,online
2026-08-07,2026-08-10 08:10:37+00:00,BE,load,chronos2_online,Chronos2 with covariates,Solar+tso_forecast,2208,2026-08-08 12:00:00+00:00,8526.58984375,8527.7925,9356.1175,2026-05-07 18:00:00+00:00,2026-08-07 17:00:00+00:00,online
2026-08-07,2026-08-10 08:10:37+00:00,BE,load,chronos2_online,Chronos2 with covariates,Solar+tso_forecast,2208,2026-08-08 13:00:00+00:00,8411.07421875,8326.475,9018.7075,2026-05-07 18:00:00+00:00,2026-08-07 17:00:00+00:00,online
2026-08-07,2026-08-10 08:10:37+00:00,BE,load,chronos2_online,Chronos2 with covariates,Solar+tso_forecast,2208,2026-08-08 14:00:00+00:00,8132.51318359375,8086.5925,8387.52,2026-05-07 18:00:00+00:00,2026-08-07 17:00:00+00:00,online
2026-08-07,2026-08-10 08:10:37+00:00,BE,load,chronos2_online,Chronos2 with covariates,Solar+tso_forecast,2208,2026-08-08 15:00:00+00:00,7925.97607421875,8122.74,8111.5825,2026-05-07 18:00:00+00:00,2026-08-07 17:00:00+00:00,online
2026-08-07,2026-08-10 08:10:37+00:00,BE,load,chronos2_online,Chronos2 with covariates,Solar+tso_forecast,2208,2026-08-08 16:00:00+00:00,7838.81640625,8169.4575,8055.0125,2026-05-07 18:00:00+00:00,2026-08-07 17:00:00+00:00,online
2026-08-07,2026-08-10 08:10:37+00:00,BE,load,chronos2_online,Chronos2 with covariates,Solar+tso_forecast,2208,2026-08-08 17:00:00+00:00,7813.17431640625,8154.89,8088.105,2026-05-07 18:00:00+00:00,2026-08-07 17:00:00+00:00,online
2026-08-07,2026-08-10 08:10:37+00:00,BE,solar,tso_reference,TSO forecast,tso_forecast,2208,2026-08-07 18:00:00+00:00,342.136249,342.136249,416.29425,2026-05-07 18:00:00+00:00,2026-08-07 17:00:00+00:00,online
2026-08-07,2026-08-10 08:10:37+00:00,BE,solar,tso_reference,TSO forecast,tso_forecast,2208,2026-08-07 19:00:00+00:00,12.64875,12.64875,5.6105,2026-05-07 18:00:00+00:00,2026-08-07 17:00:00+00:00,online
2026-08-07,2026-08-10 08:10:37+00:00,BE,solar,tso_reference,TSO forecast,tso_forecast,2208,2026-08-07 20:00:00+00:00,0.0,0.0,0.0,2026-05-07 18:00:00+00:00,2026-08-07 17:00:00+00:00,online
2026-08-07,2026-08-10 08:10:37+00:00,BE,solar,tso_reference,TSO forecast,tso_forecast,2208,2026-08-07 21:00:00+00:00,0.0,0.0,0.0,2026-05-07 18:00:00+00:00,2026-08-07 17:00:00+00:00,online
2026-08-07,2026-08-10 08:10:37+00:00,BE,solar,tso_reference,TSO forecast,tso_forecast,2208,2026-08-07 22:00:00+00:00,0.0,0.0,0.0,2026-05-07 18:00:00+00:00,2026-08-07 17:00:00+00:00,online
2026-08-07,2026-08-10 08:10:37+00:00,BE,solar,tso_reference,TSO forecast,tso_forecast,2208,2026-08-07 23:00:00+00:00,0.0,0.0,0.0,2026-05-07 18:00:00+00:00,2026-08-07 17:00:00+00:00,online
2026-08-07,2026-08-10 08:10:37+00:00,BE,solar,tso_reference,TSO forecast,tso_forecast,2208,2026-08-08 00:00:00+00:00,0.0,0.0,0.0,2026-05-07 18:00:00+00:00,2026-08-07 17:00:00+00:00,online
2026-08-07,2026-08-10 08:10:37+00:00,BE,solar,tso_reference,TSO forecast,tso_forecast,2208,2026-08-08 01:00:00+00:00,0.0,0.0,0.0,2026-05-07 18:00:00+00:00,2026-08-07 17:00:00+00:00,online
2026-08-07,2026-08-10 08:10:37+00:00,BE,solar,tso_reference,TSO forecast,tso_forecast,2208,2026-08-08 02:00:00+00:00,0.0,0.0,0.0,2026-05-07 18:00:00+00:00,2026-08-07 17:00:00+00:00,online
2026-08-07,2026-08-10 08:10:37+00:00,BE,solar,tso_reference,TSO forecast,tso_forecast,2208,2026-08-08 03:00:00+00:00,0.0,0.0,0.0,2026-05-07 18:00:00+00:00,2026-08-07 17:00:00+00:00,online
2026-08-07,2026-08-10 08:10:37+00:00,BE,solar,tso_reference,TSO forecast,tso_forecast,2208,2026-08-08 04:00:00+00:00,73.596,73.596,68.78925,2026-05-07 18:00:00+00:00,2026-08-07 17:00:00+00:00,online
2026-08-07,2026-08-10 08:10:37+00:00,BE,solar,tso_reference,TSO forecast,tso_forecast,2208,2026-08-08 05:00:00+00:00,520.167499,520.167499,809.275,2026-05-07 18:00:00+00:00,2026-08-07 17:00:00+00:00,online
2026-08-07,2026-08-10 08:10:37+00:00,BE,solar,tso_reference,TSO forecast,tso_forecast,2208,2026-08-08 06:00:00+00:00,1836.096001,1836.096001,2123.9765,2026-05-07 18:00:00+00:00,2026-08-07 17:00:00+00:00,online
2026-08-07,2026-08-10 08:10:37+00:00,BE,solar,tso_reference,TSO forecast,tso_forecast,2208,2026-08-08 07:00:00+00:00,3589.63025,3589.63025,3709.31525,2026-05-07 18:00:00+00:00,2026-08-07 17:00:00+00:00,online
2026-08-07,2026-08-10 08:10:37+00:00,BE,solar,tso_reference,TSO forecast,tso_forecast,2208,2026-08-08 08:00:00+00:00,5582.128254,5582.128254,5368.13925,2026-05-07 18:00:00+00:00,2026-08-07 17:00:00+00:00,online
2026-08-07,2026-08-10 08:10:37+00:00,BE,solar,tso_reference,TSO forecast,tso_forecast,2208,2026-08-08 09:00:00+00:00,6938.01925,6938.01925,6759.233,2026-05-07 18:00:00+00:00,2026-08-07 17:00:00+00:00,online
2026-08-07,2026-08-10 08:10:37+00:00,BE,solar,tso_reference,TSO forecast,tso_forecast,2208,2026-08-08 10:00:00+00:00,7717.514004,7717.514004,7697.6785,2026-05-07 18:00:00+00:00,2026-08-07 17:00:00+00:00,online
2026-08-07,2026-08-10 08:10:37+00:00,BE,solar,tso_reference,TSO forecast,tso_forecast,2208,2026-08-08 11:00:00+00:00,7991.443256,7991.443256,8077.98275,2026-05-07 18:00:00+00:00,2026-08-07 17:00:00+00:00,online
2026-08-07,2026-08-10 08:10:37+00:00,BE,solar,tso_reference,TSO forecast,tso_forecast,2208,2026-08-08 12:00:00+00:00,7836.874992,7836.874992,8002.775,2026-05-07 18:00:00+00:00,2026-08-07 17:00:00+00:00,online
2026-08-07,2026-08-10 08:10:37+00:00,BE,solar,tso_reference,TSO forecast,tso_forecast,2208,2026-08-08 13:00:00+00:00,7246.461254,7246.461254,7321.317,2026-05-07 18:00:00+00:00,2026-08-07 17:00:00+00:00,online
2026-08-07,2026-08-10 08:10:37+00:00,BE,solar,tso_reference,TSO forecast,tso_forecast,2208,2026-08-08 14:00:00+00:00,6156.706506,6156.706506,6000.4735,2026-05-07 18:00:00+00:00,2026-08-07 17:00:00+00:00,online
2026-08-07,2026-08-10 08:10:37+00:00,BE,solar,tso_reference,TSO forecast,tso_forecast,2208,2026-08-08 15:00:00+00:00,4562.17075,4562.17075,4442.8205,2026-05-07 18:00:00+00:00,2026-08-07 17:00:00+00:00,online
2026-08-07,2026-08-10 08:10:37+00:00,BE,solar,tso_reference,TSO forecast,tso_forecast,2208,2026-08-08 16:00:00+00:00,2887.633751,2887.633751,2875.592,2026-05-07 18:00:00+00:00,2026-08-07 17:00:00+00:00,online
2026-08-07,2026-08-10 08:10:37+00:00,BE,solar,tso_reference,TSO forecast,tso_forecast,2208,2026-08-08 17:00:00+00:00,1291.86375,1291.86375,1474.1265,2026-05-07 18:00:00+00:00,2026-08-07 17:00:00+00:00,online
2026-08-07,2026-08-10 08:10:37+00:00,BE,solar,persistence,Persistence,daily_persistence,2208,2026-08-07 18:00:00+00:00,438.091,342.136249,416.29425,2026-05-07 18:00:00+00:00,2026-08-07 17:00:00+00:00,online
2026-08-07,2026-08-10 08:10:37+00:00,BE,solar,persistence,Persistence,daily_persistence,2208,2026-08-07 19:00:00+00:00,6.79775,12.64875,5.6105,2026-05-07 18:00:00+00:00,2026-08-07 17:00:00+00:00,online
2026-08-07,2026-08-10 08:10:37+00:00,BE,solar,persistence,Persistence,daily_persistence,2208,2026-08-07 20:00:00+00:00,0.0,0.0,0.0,2026-05-07 18:00:00+00:00,2026-08-07 17:00:00+00:00,online
2026-08-07,2026-08-10 08:10:37+00:00,BE,solar,persistence,Persistence,daily_persistence,2208,2026-08-07 21:00:00+00:00,0.0,0.0,0.0,2026-05-07 18:00:00+00:00,2026-08-07 17:00:00+00:00,online
2026-08-07,2026-08-10 08:10:37+00:00,BE,solar,persistence,Persistence,daily_persistence,2208,2026-08-07 22:00:00+00:00,0.0,0.0,0.0,2026-05-07 18:00:00+00:00,2026-08-07 17:00:00+00:00,online
2026-08-07,2026-08-10 08:10:37+00:00,BE,solar,persistence,Persistence,daily_persistence,2208,2026-08-07 23:00:00+00:00,0.0,0.0,0.0,2026-05-07 18:00:00+00:00,2026-08-07 17:00:00+00:00,online
2026-08-07,2026-08-10 08:10:37+00:00,BE,solar,persistence,Persistence,daily_persistence,2208,2026-08-08 00:00:00+00:00,0.0,0.0,0.0,2026-05-07 18:00:00+00:00,2026-08-07 17:00:00+00:00,online
2026-08-07,2026-08-10 08:10:37+00:00,BE,solar,persistence,Persistence,daily_persistence,2208,2026-08-08 01:00:00+00:00,0.0,0.0,0.0,2026-05-07 18:00:00+00:00,2026-08-07 17:00:00+00:00,online
2026-08-07,2026-08-10 08:10:37+00:00,BE,solar,persistence,Persistence,daily_persistence,2208,2026-08-08 02:00:00+00:00,0.0,0.0,0.0,2026-05-07 18:00:00+00:00,2026-08-07 17:00:00+00:00,online
2026-08-07,2026-08-10 08:10:37+00:00,BE,solar,persistence,Persistence,daily_persistence,2208,2026-08-08 03:00:00+00:00,0.0,0.0,0.0,2026-05-07 18:00:00+00:00,2026-08-07 17:00:00+00:00,online
2026-08-07,2026-08-10 08:10:37+00:00,BE,solar,persistence,Persistence,daily_persistence,2208,2026-08-08 04:00:00+00:00,81.7555,73.596,68.78925,2026-05-07 18:00:00+00:00,2026-08-07 17:00:00+00:00,online
2026-08-07,2026-08-10 08:10:37+00:00,BE,solar,persistence,Persistence,daily_persistence,2208,2026-08-08 05:00:00+00:00,796.59475,520.167499,809.275,2026-05-07 18:00:00+00:00,2026-08-07 17:00:00+00:00,online
2026-08-07,2026-08-10 08:10:37+00:00,BE,solar,persistence,Persistence,daily_persistence,2208,2026-08-08 06:00:00+00:00,2091.36975,1836.096001,2123.9765,2026-05-07 18:00:00+00:00,2026-08-07 17:00:00+00:00,online
2026-08-07,2026-08-10 08:10:37+00:00,BE,solar,persistence,Persistence,daily_persistence,2208,2026-08-08 07:00:00+00:00,3579.77825,3589.63025,3709.31525,2026-05-07 18:00:00+00:00,2026-08-07 17:00:00+00:00,online
2026-08-07,2026-08-10 08:10:37+00:00,BE,solar,persistence,Persistence,daily_persistence,2208,2026-08-08 08:00:00+00:00,5041.5665,5582.128254,5368.13925,2026-05-07 18:00:00+00:00,2026-08-07 17:00:00+00:00,online
2026-08-07,2026-08-10 08:10:37+00:00,BE,solar,persistence,Persistence,daily_persistence,2208,2026-08-08 09:00:00+00:00,5309.857,6938.01925,6759.233,2026-05-07 18:00:00+00:00,2026-08-07 17:00:00+00:00,online
2026-08-07,2026-08-10 08:10:37+00:00,BE,solar,persistence,Persistence,daily_persistence,2208,2026-08-08 10:00:00+00:00,4916.6725,7717.514004,7697.6785,2026-05-07 18:00:00+00:00,2026-08-07 17:00:00+00:00,online
2026-08-07,2026-08-10 08:10:37+00:00,BE,solar,persistence,Persistence,daily_persistence,2208,2026-08-08 11:00:00+00:00,5042.83475,7991.443256,8077.98275,2026-05-07 18:00:00+00:00,2026-08-07 17:00:00+00:00,online
2026-08-07,2026-08-10 08:10:37+00:00,BE,solar,persistence,Persistence,daily_persistence,2208,2026-08-08 12:00:00+00:00,5057.454,7836.874992,8002.775,2026-05-07 18:00:00+00:00,2026-08-07 17:00:00+00:00,online
2026-08-07,2026-08-10 08:10:37+00:00,BE,solar,persistence,Persistence,daily_persistence,2208,2026-08-08 13:00:00+00:00,5213.304,7246.461254,7321.317,2026-05-07 18:00:00+00:00,2026-08-07 17:00:00+00:00,online
2026-08-07,2026-08-10 08:10:37+00:00,BE,solar,persistence,Persistence,daily_persistence,2208,2026-08-08 14:00:00+00:00,5138.24825,6156.706506,6000.4735,2026-05-07 18:00:00+00:00,2026-08-07 17:00:00+00:00,online
2026-08-07,2026-08-10 08:10:37+00:00,BE,solar,persistence,Persistence,daily_persistence,2208,2026-08-08 15:00:00+00:00,4138.57675,4562.17075,4442.8205,2026-05-07 18:00:00+00:00,2026-08-07 17:00:00+00:00,online
2026-08-07,2026-08-10 08:10:37+00:00,BE,solar,persistence,Persistence,daily_persistence,2208,2026-08-08 16:00:00+00:00,2714.19125,2887.633751,2875.592,2026-05-07 18:00:00+00:00,2026-08-07 17:00:00+00:00,online
2026-08-07,2026-08-10 08:10:37+00:00,BE,solar,persistence,Persistence,daily_persistence,2208,2026-08-08 17:00:00+00:00,1442.123,1291.86375,1474.1265,2026-05-07 18:00:00+00:00,2026-08-07 17:00:00+00:00,online
2026-08-07,2026-08-10 08:10:37+00:00,BE,solar,chronos2_online,Chronos2 with covariates,weather_4p+tso_forecast,2208,2026-08-07 18:00:00+00:00,390.6478271484375,342.136249,416.29425,2026-05-07 18:00:00+00:00,2026-08-07 17:00:00+00:00,online
2026-08-07,2026-08-10 08:10:37+00:00,BE,solar,chronos2_online,Chronos2 with covariates,weather_4p+tso_forecast,2208,2026-08-07 19:00:00+00:00,99.83984375,12.64875,5.6105,2026-05-07 18:00:00+00:00,2026-08-07 17:00:00+00:00,online
2026-08-07,2026-08-10 08:10:37+00:00,BE,solar,chronos2_online,Chronos2 with covariates,weather_4p+tso_forecast,2208,2026-08-07 20:00:00+00:00,39.134521484375,0.0,0.0,2026-05-07 18:00:00+00:00,2026-08-07 17:00:00+00:00,online
2026-08-07,2026-08-10 08:10:37+00:00,BE,solar,chronos2_online,Chronos2 with covariates,weather_4p+tso_forecast,2208,2026-08-07 21:00:00+00:00,41.962646484375,0.0,0.0,2026-05-07 18:00:00+00:00,2026-08-07 17:00:00+00:00,online
2026-08-07,2026-08-10 08:10:37+00:00,BE,solar,chronos2_online,Chronos2 with covariates,weather_4p+tso_forecast,2208,2026-08-07 22:00:00+00:00,44.364013671875,0.0,0.0,2026-05-07 18:00:00+00:00,2026-08-07 17:00:00+00:00,online
2026-08-07,2026-08-10 08:10:37+00:00,BE,solar,chronos2_online,Chronos2 with covariates,weather_4p+tso_forecast,2208,2026-08-07 23:00:00+00:00,65.123046875,0.0,0.0,2026-05-07 18:00:00+00:00,2026-08-07 17:00:00+00:00,online
2026-08-07,2026-08-10 08:10:37+00:00,BE,solar,chronos2_online,Chronos2 with covariates,weather_4p+tso_forecast,2208,2026-08-08 00:00:00+00:00,49.630126953125,0.0,0.0,2026-05-07 18:00:00+00:00,2026-08-07 17:00:00+00:00,online
2026-08-07,2026-08-10 08:10:37+00:00,BE,solar,chronos2_online,Chronos2 with covariates,weather_4p+tso_forecast,2208,2026-08-08 01:00:00+00:00,28.696533203125,0.0,0.0,2026-05-07 18:00:00+00:00,2026-08-07 17:00:00+00:00,online
2026-08-07,2026-08-10 08:10:37+00:00,BE,solar,chronos2_online,Chronos2 with covariates,weather_4p+tso_forecast,2208,2026-08-08 02:00:00+00:00,33.719970703125,0.0,0.0,2026-05-07 18:00:00+00:00,2026-08-07 17:00:00+00:00,online
2026-08-07,2026-08-10 08:10:37+00:00,BE,solar,chronos2_online,Chronos2 with covariates,weather_4p+tso_forecast,2208,2026-08-08 03:00:00+00:00,45.77783203125,0.0,0.0,2026-05-07 18:00:00+00:00,2026-08-07 17:00:00+00:00,online
2026-08-07,2026-08-10 08:10:37+00:00,BE,solar,chronos2_online,Chronos2 with covariates,weather_4p+tso_forecast,2208,2026-08-08 04:00:00+00:00,100.6285400390625,73.596,68.78925,2026-05-07 18:00:00+00:00,2026-08-07 17:00:00+00:00,online
2026-08-07,2026-08-10 08:10:37+00:00,BE,solar,chronos2_online,Chronos2 with covariates,weather_4p+tso_forecast,2208,2026-08-08 05:00:00+00:00,606.40771484375,520.167499,809.275,2026-05-07 18:00:00+00:00,2026-08-07 17:00:00+00:00,online
2026-08-07,2026-08-10 08:10:37+00:00,BE,solar,chronos2_online,Chronos2 with covariates,weather_4p+tso_forecast,2208,2026-08-08 06:00:00+00:00,1879.9599609375,1836.096001,2123.9765,2026-05-07 18:00:00+00:00,2026-08-07 17:00:00+00:00,online
2026-08-07,2026-08-10 08:10:37+00:00,BE,solar,chronos2_online,Chronos2 with covariates,weather_4p+tso_forecast,2208,2026-08-08 07:00:00+00:00,3574.0,3589.63025,3709.31525,2026-05-07 18:00:00+00:00,2026-08-07 17:00:00+00:00,online
2026-08-07,2026-08-10 08:10:37+00:00,BE,solar,chronos2_online,Chronos2 with covariates,weather_4p+tso_forecast,2208,2026-08-08 08:00:00+00:00,5215.6845703125,5582.128254,5368.13925,2026-05-07 18:00:00+00:00,2026-08-07 17:00:00+00:00,online
2026-08-07,2026-08-10 08:10:37+00:00,BE,solar,chronos2_online,Chronos2 with covariates,weather_4p+tso_forecast,2208,2026-08-08 09:00:00+00:00,6197.52392578125,6938.01925,6759.233,2026-05-07 18:00:00+00:00,2026-08-07 17:00:00+00:00,online
2026-08-07,2026-08-10 08:10:37+00:00,BE,solar,chronos2_online,Chronos2 with covariates,weather_4p+tso_forecast,2208,2026-08-08 10:00:00+00:00,7125.6435546875,7717.514004,7697.6785,2026-05-07 18:00:00+00:00,2026-08-07 17:00:00+00:00,online
2026-08-07,2026-08-10 08:10:37+00:00,BE,solar,chronos2_online,Chronos2 with covariates,weather_4p+tso_forecast,2208,2026-08-08 11:00:00+00:00,7222.3994140625,7991.443256,8077.98275,2026-05-07 18:00:00+00:00,2026-08-07 17:00:00+00:00,online
2026-08-07,2026-08-10 08:10:37+00:00,BE,solar,chronos2_online,Chronos2 with covariates,weather_4p+tso_forecast,2208,2026-08-08 12:00:00+00:00,7083.9677734375,7836.874992,8002.775,2026-05-07 18:00:00+00:00,2026-08-07 17:00:00+00:00,online
2026-08-07,2026-08-10 08:10:37+00:00,BE,solar,chronos2_online,Chronos2 with covariates,weather_4p+tso_forecast,2208,2026-08-08 13:00:00+00:00,6613.9072265625,7246.461254,7321.317,2026-05-07 18:00:00+00:00,2026-08-07 17:00:00+00:00,online
2026-08-07,2026-08-10 08:10:37+00:00,BE,solar,chronos2_online,Chronos2 with covariates,weather_4p+tso_forecast,2208,2026-08-08 14:00:00+00:00,5621.107421875,6156.706506,6000.4735,2026-05-07 18:00:00+00:00,2026-08-07 17:00:00+00:00,online
2026-08-07,2026-08-10 08:10:37+00:00,BE,solar,chronos2_online,Chronos2 with covariates,weather_4p+tso_forecast,2208,2026-08-08 15:00:00+00:00,4233.283203125,4562.17075,4442.8205,2026-05-07 18:00:00+00:00,2026-08-07 17:00:00+00:00,online
2026-08-07,2026-08-10 08:10:37+00:00,BE,solar,chronos2_online,Chronos2 with covariates,weather_4p+tso_forecast,2208,2026-08-08 16:00:00+00:00,2724.29052734375,2887.633751,2875.592,2026-05-07 18:00:00+00:00,2026-08-07 17:00:00+00:00,online
2026-08-07,2026-08-10 08:10:37+00:00,BE,solar,chronos2_online,Chronos2 with covariates,weather_4p+tso_forecast,2208,2026-08-08 17:00:00+00:00,1462.64013671875,1291.86375,1474.1265,2026-05-07 18:00:00+00:00,2026-08-07 17:00:00+00:00,online
2026-08-07,2026-08-10 08:10:37+00:00,BE,solar,xgboost_online,XGBoost with covariates,weather_4p+tso_forecast,2208,2026-08-07 18:00:00+00:00,453.5188293457031,342.136249,416.29425,2026-05-07 18:00:00+00:00,2026-08-07 17:00:00+00:00,online
2026-08-07,2026-08-10 08:10:37+00:00,BE,solar,xgboost_online,XGBoost with covariates,weather_4p+tso_forecast,2208,2026-08-07 19:00:00+00:00,95.8720932006836,12.64875,5.6105,2026-05-07 18:00:00+00:00,2026-08-07 17:00:00+00:00,online
2026-08-07,2026-08-10 08:10:37+00:00,BE,solar,xgboost_online,XGBoost with covariates,weather_4p+tso_forecast,2208,2026-08-07 20:00:00+00:00,54.69334030151367,0.0,0.0,2026-05-07 18:00:00+00:00,2026-08-07 17:00:00+00:00,online
2026-08-07,2026-08-10 08:10:37+00:00,BE,solar,xgboost_online,XGBoost with covariates,weather_4p+tso_forecast,2208,2026-08-07 21:00:00+00:00,43.91118240356445,0.0,0.0,2026-05-07 18:00:00+00:00,2026-08-07 17:00:00+00:00,online
2026-08-07,2026-08-10 08:10:37+00:00,BE,solar,xgboost_online,XGBoost with covariates,weather_4p+tso_forecast,2208,2026-08-07 22:00:00+00:00,43.91118240356445,0.0,0.0,2026-05-07 18:00:00+00:00,2026-08-07 17:00:00+00:00,online
2026-08-07,2026-08-10 08:10:37+00:00,BE,solar,xgboost_online,XGBoost with covariates,weather_4p+tso_forecast,2208,2026-08-07 23:00:00+00:00,43.91118240356445,0.0,0.0,2026-05-07 18:00:00+00:00,2026-08-07 17:00:00+00:00,online
2026-08-07,2026-08-10 08:10:37+00:00,BE,solar,xgboost_online,XGBoost with covariates,weather_4p+tso_forecast,2208,2026-08-08 00:00:00+00:00,48.612361907958984,0.0,0.0,2026-05-07 18:00:00+00:00,2026-08-07 17:00:00+00:00,online
2026-08-07,2026-08-10 08:10:37+00:00,BE,solar,xgboost_online,XGBoost with covariates,weather_4p+tso_forecast,2208,2026-08-08 01:00:00+00:00,48.612361907958984,0.0,0.0,2026-05-07 18:00:00+00:00,2026-08-07 17:00:00+00:00,online
2026-08-07,2026-08-10 08:10:37+00:00,BE,solar,xgboost_online,XGBoost with covariates,weather_4p+tso_forecast,2208,2026-08-08 02:00:00+00:00,48.612361907958984,0.0,0.0,2026-05-07 18:00:00+00:00,2026-08-07 17:00:00+00:00,online
2026-08-07,2026-08-10 08:10:37+00:00,BE,solar,xgboost_online,XGBoost with covariates,weather_4p+tso_forecast,2208,2026-08-08 03:00:00+00:00,48.612361907958984,0.0,0.0,2026-05-07 18:00:00+00:00,2026-08-07 17:00:00+00:00,online
2026-08-07,2026-08-10 08:10:37+00:00,BE,solar,xgboost_online,XGBoost with covariates,weather_4p+tso_forecast,2208,2026-08-08 04:00:00+00:00,53.76764678955078,73.596,68.78925,2026-05-07 18:00:00+00:00,2026-08-07 17:00:00+00:00,online
2026-08-07,2026-08-10 08:10:37+00:00,BE,solar,xgboost_online,XGBoost with covariates,weather_4p+tso_forecast,2208,2026-08-08 05:00:00+00:00,534.9441528320312,520.167499,809.275,2026-05-07 18:00:00+00:00,2026-08-07 17:00:00+00:00,online
2026-08-07,2026-08-10 08:10:37+00:00,BE,solar,xgboost_online,XGBoost with covariates,weather_4p+tso_forecast,2208,2026-08-08 06:00:00+00:00,1817.9986572265625,1836.096001,2123.9765,2026-05-07 18:00:00+00:00,2026-08-07 17:00:00+00:00,online
2026-08-07,2026-08-10 08:10:37+00:00,BE,solar,xgboost_online,XGBoost with covariates,weather_4p+tso_forecast,2208,2026-08-08 07:00:00+00:00,3421.775634765625,3589.63025,3709.31525,2026-05-07 18:00:00+00:00,2026-08-07 17:00:00+00:00,online
2026-08-07,2026-08-10 08:10:37+00:00,BE,solar,xgboost_online,XGBoost with covariates,weather_4p+tso_forecast,2208,2026-08-08 08:00:00+00:00,5361.93359375,5582.128254,5368.13925,2026-05-07 18:00:00+00:00,2026-08-07 17:00:00+00:00,online
2026-08-07,2026-08-10 08:10:37+00:00,BE,solar,xgboost_online,XGBoost with covariates,weather_4p+tso_forecast,2208,2026-08-08 09:00:00+00:00,6395.79833984375,6938.01925,6759.233,2026-05-07 18:00:00+00:00,2026-08-07 17:00:00+00:00,online
2026-08-07,2026-08-10 08:10:37+00:00,BE,solar,xgboost_online,XGBoost with covariates,weather_4p+tso_forecast,2208,2026-08-08 10:00:00+00:00,7373.66357421875,7717.514004,7697.6785,2026-05-07 18:00:00+00:00,2026-08-07 17:00:00+00:00,online
2026-08-07,2026-08-10 08:10:37+00:00,BE,solar,xgboost_online,XGBoost with covariates,weather_4p+tso_forecast,2208,2026-08-08 11:00:00+00:00,7506.3125,7991.443256,8077.98275,2026-05-07 18:00:00+00:00,2026-08-07 17:00:00+00:00,online
2026-08-07,2026-08-10 08:10:37+00:00,BE,solar,xgboost_online,XGBoost with covariates,weather_4p+tso_forecast,2208,2026-08-08 12:00:00+00:00,7492.36865234375,7836.874992,8002.775,2026-05-07 18:00:00+00:00,2026-08-07 17:00:00+00:00,online
2026-08-07,2026-08-10 08:10:37+00:00,BE,solar,xgboost_online,XGBoost with covariates,weather_4p+tso_forecast,2208,2026-08-08 13:00:00+00:00,7127.79150390625,7246.461254,7321.317,2026-05-07 18:00:00+00:00,2026-08-07 17:00:00+00:00,online
2026-08-07,2026-08-10 08:10:37+00:00,BE,solar,xgboost_online,XGBoost with covariates,weather_4p+tso_forecast,2208,2026-08-08 14:00:00+00:00,5981.25732421875,6156.706506,6000.4735,2026-05-07 18:00:00+00:00,2026-08-07 17:00:00+00:00,online
2026-08-07,2026-08-10 08:10:37+00:00,BE,solar,xgboost_online,XGBoost with covariates,weather_4p+tso_forecast,2208,2026-08-08 15:00:00+00:00,4520.16796875,4562.17075,4442.8205,2026-05-07 18:00:00+00:00,2026-08-07 17:00:00+00:00,online
2026-08-07,2026-08-10 08:10:37+00:00,BE,solar,xgboost_online,XGBoost with covariates,weather_4p+tso_forecast,2208,2026-08-08 16:00:00+00:00,2788.8251953125,2887.633751,2875.592,2026-05-07 18:00:00+00:00,2026-08-07 17:00:00+00:00,online
2026-08-07,2026-08-10 08:10:37+00:00,BE,solar,xgboost_online,XGBoost with covariates,weather_4p+tso_forecast,2208,2026-08-08 17:00:00+00:00,1388.0877685546875,1291.86375,1474.1265,2026-05-07 18:00:00+00:00,2026-08-07 17:00:00+00:00,online
2026-08-07,2026-08-10 08:10:37+00:00,BE,wind_onshore,tso_reference,TSO forecast,tso_forecast,2208,2026-08-07 18:00:00+00:00,208.45,208.45,194.777992,2026-05-07 18:00:00+00:00,2026-08-07 17:00:00+00:00,online
2026-08-07,2026-08-10 08:10:37+00:00,BE,wind_onshore,tso_reference,TSO forecast,tso_forecast,2208,2026-08-07 19:00:00+00:00,294.35,294.35,285.299,2026-05-07 18:00:00+00:00,2026-08-07 17:00:00+00:00,online
2026-08-07,2026-08-10 08:10:37+00:00,BE,wind_onshore,tso_reference,TSO forecast,tso_forecast,2208,2026-08-07 20:00:00+00:00,355.625,355.625,427.383627,2026-05-07 18:00:00+00:00,2026-08-07 17:00:00+00:00,online
2026-08-07,2026-08-10 08:10:37+00:00,BE,wind_onshore,tso_reference,TSO forecast,tso_forecast,2208,2026-08-07 21:00:00+00:00,381.575,381.575,480.214243,2026-05-07 18:00:00+00:00,2026-08-07 17:00:00+00:00,online
2026-08-07,2026-08-10 08:10:37+00:00,BE,wind_onshore,tso_reference,TSO forecast,tso_forecast,2208,2026-08-07 22:00:00+00:00,404.55,404.55,559.631657,2026-05-07 18:00:00+00:00,2026-08-07 17:00:00+00:00,online
2026-08-07,2026-08-10 08:10:37+00:00,BE,wind_onshore,tso_reference,TSO forecast,tso_forecast,2208,2026-08-07 23:00:00+00:00,416.975,416.975,651.984316,2026-05-07 18:00:00+00:00,2026-08-07 17:00:00+00:00,online
2026-08-07,2026-08-10 08:10:37+00:00,BE,wind_onshore,tso_reference,TSO forecast,tso_forecast,2208,2026-08-08 00:00:00+00:00,418.9,418.9,698.46841,2026-05-07 18:00:00+00:00,2026-08-07 17:00:00+00:00,online
2026-08-07,2026-08-10 08:10:37+00:00,BE,wind_onshore,tso_reference,TSO forecast,tso_forecast,2208,2026-08-08 01:00:00+00:00,416.275,416.275,680.936292,2026-05-07 18:00:00+00:00,2026-08-07 17:00:00+00:00,online
2026-08-07,2026-08-10 08:10:37+00:00,BE,wind_onshore,tso_reference,TSO forecast,tso_forecast,2208,2026-08-08 02:00:00+00:00,407.125,407.125,565.692618,2026-05-07 18:00:00+00:00,2026-08-07 17:00:00+00:00,online
2026-08-07,2026-08-10 08:10:37+00:00,BE,wind_onshore,tso_reference,TSO forecast,tso_forecast,2208,2026-08-08 03:00:00+00:00,389.85,389.85,438.102561,2026-05-07 18:00:00+00:00,2026-08-07 17:00:00+00:00,online
2026-08-07,2026-08-10 08:10:37+00:00,BE,wind_onshore,tso_reference,TSO forecast,tso_forecast,2208,2026-08-08 04:00:00+00:00,350.95,350.95,358.41544,2026-05-07 18:00:00+00:00,2026-08-07 17:00:00+00:00,online
2026-08-07,2026-08-10 08:10:37+00:00,BE,wind_onshore,tso_reference,TSO forecast,tso_forecast,2208,2026-08-08 05:00:00+00:00,302.025,302.025,269.501798,2026-05-07 18:00:00+00:00,2026-08-07 17:00:00+00:00,online
2026-08-07,2026-08-10 08:10:37+00:00,BE,wind_onshore,tso_reference,TSO forecast,tso_forecast,2208,2026-08-08 06:00:00+00:00,206.175,206.175,164.267446,2026-05-07 18:00:00+00:00,2026-08-07 17:00:00+00:00,online
2026-08-07,2026-08-10 08:10:37+00:00,BE,wind_onshore,tso_reference,TSO forecast,tso_forecast,2208,2026-08-08 07:00:00+00:00,93.65,93.65,53.638221,2026-05-07 18:00:00+00:00,2026-08-07 17:00:00+00:00,online
2026-08-07,2026-08-10 08:10:37+00:00,BE,wind_onshore,tso_reference,TSO forecast,tso_forecast,2208,2026-08-08 08:00:00+00:00,79.05,79.05,115.653043,2026-05-07 18:00:00+00:00,2026-08-07 17:00:00+00:00,online
2026-08-07,2026-08-10 08:10:37+00:00,BE,wind_onshore,tso_reference,TSO forecast,tso_forecast,2208,2026-08-08 09:00:00+00:00,116.2,116.2,142.420286,2026-05-07 18:00:00+00:00,2026-08-07 17:00:00+00:00,online
2026-08-07,2026-08-10 08:10:37+00:00,BE,wind_onshore,tso_reference,TSO forecast,tso_forecast,2208,2026-08-08 10:00:00+00:00,109.1,109.1,84.7865,2026-05-07 18:00:00+00:00,2026-08-07 17:00:00+00:00,online
2026-08-07,2026-08-10 08:10:37+00:00,BE,wind_onshore,tso_reference,TSO forecast,tso_forecast,2208,2026-08-08 11:00:00+00:00,75.05,75.05,63.411695,2026-05-07 18:00:00+00:00,2026-08-07 17:00:00+00:00,online
2026-08-07,2026-08-10 08:10:37+00:00,BE,wind_onshore,tso_reference,TSO forecast,tso_forecast,2208,2026-08-08 12:00:00+00:00,46.65,46.65,50.147264,2026-05-07 18:00:00+00:00,2026-08-07 17:00:00+00:00,online
2026-08-07,2026-08-10 08:10:37+00:00,BE,wind_onshore,tso_reference,TSO forecast,tso_forecast,2208,2026-08-08 13:00:00+00:00,32.475,32.475,58.81715,2026-05-07 18:00:00+00:00,2026-08-07 17:00:00+00:00,online
2026-08-07,2026-08-10 08:10:37+00:00,BE,wind_onshore,tso_reference,TSO forecast,tso_forecast,2208,2026-08-08 14:00:00+00:00,30.375,30.375,73.439504,2026-05-07 18:00:00+00:00,2026-08-07 17:00:00+00:00,online
2026-08-07,2026-08-10 08:10:37+00:00,BE,wind_onshore,tso_reference,TSO forecast,tso_forecast,2208,2026-08-08 15:00:00+00:00,36.425,36.425,78.785616,2026-05-07 18:00:00+00:00,2026-08-07 17:00:00+00:00,online
2026-08-07,2026-08-10 08:10:37+00:00,BE,wind_onshore,tso_reference,TSO forecast,tso_forecast,2208,2026-08-08 16:00:00+00:00,47.1,47.1,84.958994,2026-05-07 18:00:00+00:00,2026-08-07 17:00:00+00:00,online
2026-08-07,2026-08-10 08:10:37+00:00,BE,wind_onshore,tso_reference,TSO forecast,tso_forecast,2208,2026-08-08 17:00:00+00:00,74.4,74.4,133.01444,2026-05-07 18:00:00+00:00,2026-08-07 17:00:00+00:00,online
2026-08-07,2026-08-10 08:10:37+00:00,BE,wind_onshore,persistence,Persistence,daily_persistence,2208,2026-08-07 18:00:00+00:00,426.823451,208.45,194.777992,2026-05-07 18:00:00+00:00,2026-08-07 17:00:00+00:00,online
2026-08-07,2026-08-10 08:10:37+00:00,BE,wind_onshore,persistence,Persistence,daily_persistence,2208,2026-08-07 19:00:00+00:00,325.965486,294.35,285.299,2026-05-07 18:00:00+00:00,2026-08-07 17:00:00+00:00,online
2026-08-07,2026-08-10 08:10:37+00:00,BE,wind_onshore,persistence,Persistence,daily_persistence,2208,2026-08-07 20:00:00+00:00,231.155044,355.625,427.383627,2026-05-07 18:00:00+00:00,2026-08-07 17:00:00+00:00,online
2026-08-07,2026-08-10 08:10:37+00:00,BE,wind_onshore,persistence,Persistence,daily_persistence,2208,2026-08-07 21:00:00+00:00,189.33073,381.575,480.214243,2026-05-07 18:00:00+00:00,2026-08-07 17:00:00+00:00,online
2026-08-07,2026-08-10 08:10:37+00:00,BE,wind_onshore,persistence,Persistence,daily_persistence,2208,2026-08-07 22:00:00+00:00,102.217656,404.55,559.631657,2026-05-07 18:00:00+00:00,2026-08-07 17:00:00+00:00,online
2026-08-07,2026-08-10 08:10:37+00:00,BE,wind_onshore,persistence,Persistence,daily_persistence,2208,2026-08-07 23:00:00+00:00,68.258849,416.975,651.984316,2026-05-07 18:00:00+00:00,2026-08-07 17:00:00+00:00,online
2026-08-07,2026-08-10 08:10:37+00:00,BE,wind_onshore,persistence,Persistence,daily_persistence,2208,2026-08-08 00:00:00+00:00,44.434359,418.9,698.46841,2026-05-07 18:00:00+00:00,2026-08-07 17:00:00+00:00,online
2026-08-07,2026-08-10 08:10:37+00:00,BE,wind_onshore,persistence,Persistence,daily_persistence,2208,2026-08-08 01:00:00+00:00,38.640678,416.275,680.936292,2026-05-07 18:00:00+00:00,2026-08-07 17:00:00+00:00,online
2026-08-07,2026-08-10 08:10:37+00:00,BE,wind_onshore,persistence,Persistence,daily_persistence,2208,2026-08-08 02:00:00+00:00,28.847761,407.125,565.692618,2026-05-07 18:00:00+00:00,2026-08-07 17:00:00+00:00,online
2026-08-07,2026-08-10 08:10:37+00:00,BE,wind_onshore,persistence,Persistence,daily_persistence,2208,2026-08-08 03:00:00+00:00,18.81957,389.85,438.102561,2026-05-07 18:00:00+00:00,2026-08-07 17:00:00+00:00,online
2026-08-07,2026-08-10 08:10:37+00:00,BE,wind_onshore,persistence,Persistence,daily_persistence,2208,2026-08-08 04:00:00+00:00,19.745403,350.95,358.41544,2026-05-07 18:00:00+00:00,2026-08-07 17:00:00+00:00,online
2026-08-07,2026-08-10 08:10:37+00:00,BE,wind_onshore,persistence,Persistence,daily_persistence,2208,2026-08-08 05:00:00+00:00,21.342271,302.025,269.501798,2026-05-07 18:00:00+00:00,2026-08-07 17:00:00+00:00,online
2026-08-07,2026-08-10 08:10:37+00:00,BE,wind_onshore,persistence,Persistence,daily_persistence,2208,2026-08-08 06:00:00+00:00,20.061694,206.175,164.267446,2026-05-07 18:00:00+00:00,2026-08-07 17:00:00+00:00,online
2026-08-07,2026-08-10 08:10:37+00:00,BE,wind_onshore,persistence,Persistence,daily_persistence,2208,2026-08-08 07:00:00+00:00,16.500468,93.65,53.638221,2026-05-07 18:00:00+00:00,2026-08-07 17:00:00+00:00,online
2026-08-07,2026-08-10 08:10:37+00:00,BE,wind_onshore,persistence,Persistence,daily_persistence,2208,2026-08-08 08:00:00+00:00,19.090207,79.05,115.653043,2026-05-07 18:00:00+00:00,2026-08-07 17:00:00+00:00,online
2026-08-07,2026-08-10 08:10:37+00:00,BE,wind_onshore,persistence,Persistence,daily_persistence,2208,2026-08-08 09:00:00+00:00,15.421188,116.2,142.420286,2026-05-07 18:00:00+00:00,2026-08-07 17:00:00+00:00,online
2026-08-07,2026-08-10 08:10:37+00:00,BE,wind_onshore,persistence,Persistence,daily_persistence,2208,2026-08-08 10:00:00+00:00,20.057119,109.1,84.7865,2026-05-07 18:00:00+00:00,2026-08-07 17:00:00+00:00,online
2026-08-07,2026-08-10 08:10:37+00:00,BE,wind_onshore,persistence,Persistence,daily_persistence,2208,2026-08-08 11:00:00+00:00,30.873196,75.05,63.411695,2026-05-07 18:00:00+00:00,2026-08-07 17:00:00+00:00,online
2026-08-07,2026-08-10 08:10:37+00:00,BE,wind_onshore,persistence,Persistence,daily_persistence,2208,2026-08-08 12:00:00+00:00,44.152235,46.65,50.147264,2026-05-07 18:00:00+00:00,2026-08-07 17:00:00+00:00,online
2026-08-07,2026-08-10 08:10:37+00:00,BE,wind_onshore,persistence,Persistence,daily_persistence,2208,2026-08-08 13:00:00+00:00,47.04968,32.475,58.81715,2026-05-07 18:00:00+00:00,2026-08-07 17:00:00+00:00,online
2026-08-07,2026-08-10 08:10:37+00:00,BE,wind_onshore,persistence,Persistence,daily_persistence,2208,2026-08-08 14:00:00+00:00,81.582292,30.375,73.439504,2026-05-07 18:00:00+00:00,2026-08-07 17:00:00+00:00,online
2026-08-07,2026-08-10 08:10:37+00:00,BE,wind_onshore,persistence,Persistence,daily_persistence,2208,2026-08-08 15:00:00+00:00,90.063564,36.425,78.785616,2026-05-07 18:00:00+00:00,2026-08-07 17:00:00+00:00,online
2026-08-07,2026-08-10 08:10:37+00:00,BE,wind_onshore,persistence,Persistence,daily_persistence,2208,2026-08-08 16:00:00+00:00,127.971087,47.1,84.958994,2026-05-07 18:00:00+00:00,2026-08-07 17:00:00+00:00,online
2026-08-07,2026-08-10 08:10:37+00:00,BE,wind_onshore,persistence,Persistence,daily_persistence,2208,2026-08-08 17:00:00+00:00,158.455018,74.4,133.01444,2026-05-07 18:00:00+00:00,2026-08-07 17:00:00+00:00,online
2026-08-07,2026-08-10 08:10:37+00:00,BE,wind_onshore,chronos2_online,Chronos2 with covariates,weather_4p+tso_forecast,2208,2026-08-07 18:00:00+00:00,213.48452758789065,208.45,194.777992,2026-05-07 18:00:00+00:00,2026-08-07 17:00:00+00:00,online
2026-08-07,2026-08-10 08:10:37+00:00,BE,wind_onshore,chronos2_online,Chronos2 with covariates,weather_4p+tso_forecast,2208,2026-08-07 19:00:00+00:00,299.9486999511719,294.35,285.299,2026-05-07 18:00:00+00:00,2026-08-07 17:00:00+00:00,online
2026-08-07,2026-08-10 08:10:37+00:00,BE,wind_onshore,chronos2_online,Chronos2 with covariates,weather_4p+tso_forecast,2208,2026-08-07 20:00:00+00:00,377.389404296875,355.625,427.383627,2026-05-07 18:00:00+00:00,2026-08-07 17:00:00+00:00,online
2026-08-07,2026-08-10 08:10:37+00:00,BE,wind_onshore,chronos2_online,Chronos2 with covariates,weather_4p+tso_forecast,2208,2026-08-07 21:00:00+00:00,425.0043029785156,381.575,480.214243,2026-05-07 18:00:00+00:00,2026-08-07 17:00:00+00:00,online
2026-08-07,2026-08-10 08:10:37+00:00,BE,wind_onshore,chronos2_online,Chronos2 with covariates,weather_4p+tso_forecast,2208,2026-08-07 22:00:00+00:00,497.2203063964844,404.55,559.631657,2026-05-07 18:00:00+00:00,2026-08-07 17:00:00+00:00,online
2026-08-07,2026-08-10 08:10:37+00:00,BE,wind_onshore,chronos2_online,Chronos2 with covariates,weather_4p+tso_forecast,2208,2026-08-07 23:00:00+00:00,538.85546875,416.975,651.984316,2026-05-07 18:00:00+00:00,2026-08-07 17:00:00+00:00,online
2026-08-07,2026-08-10 08:10:37+00:00,BE,wind_onshore,chronos2_online,Chronos2 with covariates,weather_4p+tso_forecast,2208,2026-08-08 00:00:00+00:00,541.2890625,418.9,698.46841,2026-05-07 18:00:00+00:00,2026-08-07 17:00:00+00:00,online
2026-08-07,2026-08-10 08:10:37+00:00,BE,wind_onshore,chronos2_online,Chronos2 with covariates,weather_4p+tso_forecast,2208,2026-08-08 01:00:00+00:00,543.1734008789062,416.275,680.936292,2026-05-07 18:00:00+00:00,2026-08-07 17:00:00+00:00,online
2026-08-07,2026-08-10 08:10:37+00:00,BE,wind_onshore,chronos2_online,Chronos2 with covariates,weather_4p+tso_forecast,2208,2026-08-08 02:00:00+00:00,523.0400390625,407.125,565.692618,2026-05-07 18:00:00+00:00,2026-08-07 17:00:00+00:00,online
2026-08-07,2026-08-10 08:10:37+00:00,BE,wind_onshore,chronos2_online,Chronos2 with covariates,weather_4p+tso_forecast,2208,2026-08-08 03:00:00+00:00,505.8767700195313,389.85,438.102561,2026-05-07 18:00:00+00:00,2026-08-07 17:00:00+00:00,online
2026-08-07,2026-08-10 08:10:37+00:00,BE,wind_onshore,chronos2_online,Chronos2 with covariates,weather_4p+tso_forecast,2208,2026-08-08 04:00:00+00:00,456.68121337890625,350.95,358.41544,2026-05-07 18:00:00+00:00,2026-08-07 17:00:00+00:00,online
2026-08-07,2026-08-10 08:10:37+00:00,BE,wind_onshore,chronos2_online,Chronos2 with covariates,weather_4p+tso_forecast,2208,2026-08-08 05:00:00+00:00,367.209716796875,302.025,269.501798,2026-05-07 18:00:00+00:00,2026-08-07 17:00:00+00:00,online
2026-08-07,2026-08-10 08:10:37+00:00,BE,wind_onshore,chronos2_online,Chronos2 with covariates,weather_4p+tso_forecast,2208,2026-08-08 06:00:00+00:00,233.8238525390625,206.175,164.267446,2026-05-07 18:00:00+00:00,2026-08-07 17:00:00+00:00,online
2026-08-07,2026-08-10 08:10:37+00:00,BE,wind_onshore,chronos2_online,Chronos2 with covariates,weather_4p+tso_forecast,2208,2026-08-08 07:00:00+00:00,126.98037719726562,93.65,53.638221,2026-05-07 18:00:00+00:00,2026-08-07 17:00:00+00:00,online
2026-08-07,2026-08-10 08:10:37+00:00,BE,wind_onshore,chronos2_online,Chronos2 with covariates,weather_4p+tso_forecast,2208,2026-08-08 08:00:00+00:00,85.54571533203125,79.05,115.653043,2026-05-07 18:00:00+00:00,2026-08-07 17:00:00+00:00,online
2026-08-07,2026-08-10 08:10:37+00:00,BE,wind_onshore,chronos2_online,Chronos2 with covariates,weather_4p+tso_forecast,2208,2026-08-08 09:00:00+00:00,106.6614990234375,116.2,142.420286,2026-05-07 18:00:00+00:00,2026-08-07 17:00:00+00:00,online
2026-08-07,2026-08-10 08:10:37+00:00,BE,wind_onshore,chronos2_online,Chronos2 with covariates,weather_4p+tso_forecast,2208,2026-08-08 10:00:00+00:00,84.25796508789062,109.1,84.7865,2026-05-07 18:00:00+00:00,2026-08-07 17:00:00+00:00,online
2026-08-07,2026-08-10 08:10:37+00:00,BE,wind_onshore,chronos2_online,Chronos2 with covariates,weather_4p+tso_forecast,2208,2026-08-08 11:00:00+00:00,70.94027709960938,75.05,63.411695,2026-05-07 18:00:00+00:00,2026-08-07 17:00:00+00:00,online
2026-08-07,2026-08-10 08:10:37+00:00,BE,wind_onshore,chronos2_online,Chronos2 with covariates,weather_4p+tso_forecast,2208,2026-08-08 12:00:00+00:00,55.725128173828125,46.65,50.147264,2026-05-07 18:00:00+00:00,2026-08-07 17:00:00+00:00,online
2026-08-07,2026-08-10 08:10:37+00:00,BE,wind_onshore,chronos2_online,Chronos2 with covariates,weather_4p+tso_forecast,2208,2026-08-08 13:00:00+00:00,53.70343017578125,32.475,58.81715,2026-05-07 18:00:00+00:00,2026-08-07 17:00:00+00:00,online
2026-08-07,2026-08-10 08:10:37+00:00,BE,wind_onshore,chronos2_online,Chronos2 with covariates,weather_4p+tso_forecast,2208,2026-08-08 14:00:00+00:00,46.12091064453125,30.375,73.439504,2026-05-07 18:00:00+00:00,2026-08-07 17:00:00+00:00,online
2026-08-07,2026-08-10 08:10:37+00:00,BE,wind_onshore,chronos2_online,Chronos2 with covariates,weather_4p+tso_forecast,2208,2026-08-08 15:00:00+00:00,59.767364501953125,36.425,78.785616,2026-05-07 18:00:00+00:00,2026-08-07 17:00:00+00:00,online
2026-08-07,2026-08-10 08:10:37+00:00,BE,wind_onshore,chronos2_online,Chronos2 with covariates,weather_4p+tso_forecast,2208,2026-08-08 16:00:00+00:00,76.53961181640625,47.1,84.958994,2026-05-07 18:00:00+00:00,2026-08-07 17:00:00+00:00,online
2026-08-07,2026-08-10 08:10:37+00:00,BE,wind_onshore,chronos2_online,Chronos2 with covariates,weather_4p+tso_forecast,2208,2026-08-08 17:00:00+00:00,132.238525390625,74.4,133.01444,2026-05-07 18:00:00+00:00,2026-08-07 17:00:00+00:00,online
2026-08-07,2026-08-10 08:10:37+00:00,BE,wind_onshore,xgboost_online,XGBoost with covariates,weather_4p+tso_forecast,2208,2026-08-07 18:00:00+00:00,171.34234619140625,208.45,194.777992,2026-05-07 18:00:00+00:00,2026-08-07 17:00:00+00:00,online
2026-08-07,2026-08-10 08:10:37+00:00,BE,wind_onshore,xgboost_online,XGBoost with covariates,weather_4p+tso_forecast,2208,2026-08-07 19:00:00+00:00,256.2840576171875,294.35,285.299,2026-05-07 18:00:00+00:00,2026-08-07 17:00:00+00:00,online
2026-08-07,2026-08-10 08:10:37+00:00,BE,wind_onshore,xgboost_online,XGBoost with covariates,weather_4p+tso_forecast,2208,2026-08-07 20:00:00+00:00,288.6192932128906,355.625,427.383627,2026-05-07 18:00:00+00:00,2026-08-07 17:00:00+00:00,online
2026-08-07,2026-08-10 08:10:37+00:00,BE,wind_onshore,xgboost_online,XGBoost with covariates,weather_4p+tso_forecast,2208,2026-08-07 21:00:00+00:00,332.7367858886719,381.575,480.214243,2026-05-07 18:00:00+00:00,2026-08-07 17:00:00+00:00,online
2026-08-07,2026-08-10 08:10:37+00:00,BE,wind_onshore,xgboost_online,XGBoost with covariates,weather_4p+tso_forecast,2208,2026-08-07 22:00:00+00:00,536.3894653320312,404.55,559.631657,2026-05-07 18:00:00+00:00,2026-08-07 17:00:00+00:00,online
2026-08-07,2026-08-10 08:10:37+00:00,BE,wind_onshore,xgboost_online,XGBoost with covariates,weather_4p+tso_forecast,2208,2026-08-07 23:00:00+00:00,564.5204467773438,416.975,651.984316,2026-05-07 18:00:00+00:00,2026-08-07 17:00:00+00:00,online
2026-08-07,2026-08-10 08:10:37+00:00,BE,wind_onshore,xgboost_online,XGBoost with covariates,weather_4p+tso_forecast,2208,2026-08-08 00:00:00+00:00,548.4088745117188,418.9,698.46841,2026-05-07 18:00:00+00:00,2026-08-07 17:00:00+00:00,online
2026-08-07,2026-08-10 08:10:37+00:00,BE,wind_onshore,xgboost_online,XGBoost with covariates,weather_4p+tso_forecast,2208,2026-08-08 01:00:00+00:00,600.4747924804688,416.275,680.936292,2026-05-07 18:00:00+00:00,2026-08-07 17:00:00+00:00,online
2026-08-07,2026-08-10 08:10:37+00:00,BE,wind_onshore,xgboost_online,XGBoost with covariates,weather_4p+tso_forecast,2208,2026-08-08 02:00:00+00:00,568.127685546875,407.125,565.692618,2026-05-07 18:00:00+00:00,2026-08-07 17:00:00+00:00,online
2026-08-07,2026-08-10 08:10:37+00:00,BE,wind_onshore,xgboost_online,XGBoost with covariates,weather_4p+tso_forecast,2208,2026-08-08 03:00:00+00:00,596.607177734375,389.85,438.102561,2026-05-07 18:00:00+00:00,2026-08-07 17:00:00+00:00,online
2026-08-07,2026-08-10 08:10:37+00:00,BE,wind_onshore,xgboost_online,XGBoost with covariates,weather_4p+tso_forecast,2208,2026-08-08 04:00:00+00:00,441.41845703125,350.95,358.41544,2026-05-07 18:00:00+00:00,2026-08-07 17:00:00+00:00,online
2026-08-07,2026-08-10 08:10:37+00:00,BE,wind_onshore,xgboost_online,XGBoost with covariates,weather_4p+tso_forecast,2208,2026-08-08 05:00:00+00:00,458.0107727050781,302.025,269.501798,2026-05-07 18:00:00+00:00,2026-08-07 17:00:00+00:00,online
2026-08-07,2026-08-10 08:10:37+00:00,BE,wind_onshore,xgboost_online,XGBoost with covariates,weather_4p+tso_forecast,2208,2026-08-08 06:00:00+00:00,320.5092468261719,206.175,164.267446,2026-05-07 18:00:00+00:00,2026-08-07 17:00:00+00:00,online
2026-08-07,2026-08-10 08:10:37+00:00,BE,wind_onshore,xgboost_online,XGBoost with covariates,weather_4p+tso_forecast,2208,2026-08-08 07:00:00+00:00,148.93316650390625,93.65,53.638221,2026-05-07 18:00:00+00:00,2026-08-07 17:00:00+00:00,online
2026-08-07,2026-08-10 08:10:37+00:00,BE,wind_onshore,xgboost_online,XGBoost with covariates,weather_4p+tso_forecast,2208,2026-08-08 08:00:00+00:00,79.22988891601562,79.05,115.653043,2026-05-07 18:00:00+00:00,2026-08-07 17:00:00+00:00,online
2026-08-07,2026-08-10 08:10:37+00:00,BE,wind_onshore,xgboost_online,XGBoost with covariates,weather_4p+tso_forecast,2208,2026-08-08 09:00:00+00:00,129.45033264160156,116.2,142.420286,2026-05-07 18:00:00+00:00,2026-08-07 17:00:00+00:00,online
2026-08-07,2026-08-10 08:10:37+00:00,BE,wind_onshore,xgboost_online,XGBoost with covariates,weather_4p+tso_forecast,2208,2026-08-08 10:00:00+00:00,127.26571655273438,109.1,84.7865,2026-05-07 18:00:00+00:00,2026-08-07 17:00:00+00:00,online
2026-08-07,2026-08-10 08:10:37+00:00,BE,wind_onshore,xgboost_online,XGBoost with covariates,weather_4p+tso_forecast,2208,2026-08-08 11:00:00+00:00,85.0067138671875,75.05,63.411695,2026-05-07 18:00:00+00:00,2026-08-07 17:00:00+00:00,online
2026-08-07,2026-08-10 08:10:37+00:00,BE,wind_onshore,xgboost_online,XGBoost with covariates,weather_4p+tso_forecast,2208,2026-08-08 12:00:00+00:00,83.16249084472656,46.65,50.147264,2026-05-07 18:00:00+00:00,2026-08-07 17:00:00+00:00,online
2026-08-07,2026-08-10 08:10:37+00:00,BE,wind_onshore,xgboost_online,XGBoost with covariates,weather_4p+tso_forecast,2208,2026-08-08 13:00:00+00:00,83.16249084472656,32.475,58.81715,2026-05-07 18:00:00+00:00,2026-08-07 17:00:00+00:00,online
2026-08-07,2026-08-10 08:10:37+00:00,BE,wind_onshore,xgboost_online,XGBoost with covariates,weather_4p+tso_forecast,2208,2026-08-08 14:00:00+00:00,83.16249084472656,30.375,73.439504,2026-05-07 18:00:00+00:00,2026-08-07 17:00:00+00:00,online
2026-08-07,2026-08-10 08:10:37+00:00,BE,wind_onshore,xgboost_online,XGBoost with covariates,weather_4p+tso_forecast,2208,2026-08-08 15:00:00+00:00,83.16249084472656,36.425,78.785616,2026-05-07 18:00:00+00:00,2026-08-07 17:00:00+00:00,online
2026-08-07,2026-08-10 08:10:37+00:00,BE,wind_onshore,xgboost_online,XGBoost with covariates,weather_4p+tso_forecast,2208,2026-08-08 16:00:00+00:00,83.16249084472656,47.1,84.958994,2026-05-07 18:00:00+00:00,2026-08-07 17:00:00+00:00,online
2026-08-07,2026-08-10 08:10:37+00:00,BE,wind_onshore,xgboost_online,XGBoost with covariates,weather_4p+tso_forecast,2208,2026-08-08 17:00:00+00:00,91.29620361328124,74.4,133.01444,2026-05-07 18:00:00+00:00,2026-08-07 17:00:00+00:00,online
2026-08-07,2026-08-10 08:10:37+00:00,BE,wind_offshore,tso_reference,TSO forecast,tso_forecast,2208,2026-08-07 18:00:00+00:00,32.25,32.25,11.2425,2026-05-07 18:00:00+00:00,2026-08-07 17:00:00+00:00,online
2026-08-07,2026-08-10 08:10:37+00:00,BE,wind_offshore,tso_reference,TSO forecast,tso_forecast,2208,2026-08-07 19:00:00+00:00,33.45,33.45,7.02,2026-05-07 18:00:00+00:00,2026-08-07 17:00:00+00:00,online
2026-08-07,2026-08-10 08:10:37+00:00,BE,wind_offshore,tso_reference,TSO forecast,tso_forecast,2208,2026-08-07 20:00:00+00:00,33.85,33.85,25.1725,2026-05-07 18:00:00+00:00,2026-08-07 17:00:00+00:00,online
2026-08-07,2026-08-10 08:10:37+00:00,BE,wind_offshore,tso_reference,TSO forecast,tso_forecast,2208,2026-08-07 21:00:00+00:00,35.45,35.45,17.405,2026-05-07 18:00:00+00:00,2026-08-07 17:00:00+00:00,online
2026-08-07,2026-08-10 08:10:37+00:00,BE,wind_offshore,tso_reference,TSO forecast,tso_forecast,2208,2026-08-07 22:00:00+00:00,30.825,30.825,10.275,2026-05-07 18:00:00+00:00,2026-08-07 17:00:00+00:00,online
2026-08-07,2026-08-10 08:10:37+00:00,BE,wind_offshore,tso_reference,TSO forecast,tso_forecast,2208,2026-08-07 23:00:00+00:00,41.85,41.85,80.1975,2026-05-07 18:00:00+00:00,2026-08-07 17:00:00+00:00,online
2026-08-07,2026-08-10 08:10:37+00:00,BE,wind_offshore,tso_reference,TSO forecast,tso_forecast,2208,2026-08-08 00:00:00+00:00,57.825,57.825,181.2775,2026-05-07 18:00:00+00:00,2026-08-07 17:00:00+00:00,online
2026-08-07,2026-08-10 08:10:37+00:00,BE,wind_offshore,tso_reference,TSO forecast,tso_forecast,2208,2026-08-08 01:00:00+00:00,74.175,74.175,183.985,2026-05-07 18:00:00+00:00,2026-08-07 17:00:00+00:00,online
2026-08-07,2026-08-10 08:10:37+00:00,BE,wind_offshore,tso_reference,TSO forecast,tso_forecast,2208,2026-08-08 02:00:00+00:00,83.75,83.75,149.84,2026-05-07 18:00:00+00:00,2026-08-07 17:00:00+00:00,online
2026-08-07,2026-08-10 08:10:37+00:00,BE,wind_offshore,tso_reference,TSO forecast,tso_forecast,2208,2026-08-08 03:00:00+00:00,85.125,85.125,136.305,2026-05-07 18:00:00+00:00,2026-08-07 17:00:00+00:00,online
2026-08-07,2026-08-10 08:10:37+00:00,BE,wind_offshore,tso_reference,TSO forecast,tso_forecast,2208,2026-08-08 04:00:00+00:00,80.95,80.95,115.015,2026-05-07 18:00:00+00:00,2026-08-07 17:00:00+00:00,online
2026-08-07,2026-08-10 08:10:37+00:00,BE,wind_offshore,tso_reference,TSO forecast,tso_forecast,2208,2026-08-08 05:00:00+00:00,73.575,73.575,94.4725,2026-05-07 18:00:00+00:00,2026-08-07 17:00:00+00:00,online
2026-08-07,2026-08-10 08:10:37+00:00,BE,wind_offshore,tso_reference,TSO forecast,tso_forecast,2208,2026-08-08 06:00:00+00:00,63.5,63.5,55.9575,2026-05-07 18:00:00+00:00,2026-08-07 17:00:00+00:00,online
2026-08-07,2026-08-10 08:10:37+00:00,BE,wind_offshore,tso_reference,TSO forecast,tso_forecast,2208,2026-08-08 07:00:00+00:00,51.25,51.25,42.6675,2026-05-07 18:00:00+00:00,2026-08-07 17:00:00+00:00,online
2026-08-07,2026-08-10 08:10:37+00:00,BE,wind_offshore,tso_reference,TSO forecast,tso_forecast,2208,2026-08-08 08:00:00+00:00,38.65,38.65,10.775,2026-05-07 18:00:00+00:00,2026-08-07 17:00:00+00:00,online
2026-08-07,2026-08-10 08:10:37+00:00,BE,wind_offshore,tso_reference,TSO forecast,tso_forecast,2208,2026-08-08 09:00:00+00:00,27.125,27.125,26.4775,2026-05-07 18:00:00+00:00,2026-08-07 17:00:00+00:00,online
2026-08-07,2026-08-10 08:10:37+00:00,BE,wind_offshore,tso_reference,TSO forecast,tso_forecast,2208,2026-08-08 10:00:00+00:00,20.55,20.55,27.4,2026-05-07 18:00:00+00:00,2026-08-07 17:00:00+00:00,online
2026-08-07,2026-08-10 08:10:37+00:00,BE,wind_offshore,tso_reference,TSO forecast,tso_forecast,2208,2026-08-08 11:00:00+00:00,20.25,20.25,26.1825,2026-05-07 18:00:00+00:00,2026-08-07 17:00:00+00:00,online
2026-08-07,2026-08-10 08:10:37+00:00,BE,wind_offshore,tso_reference,TSO forecast,tso_forecast,2208,2026-08-08 12:00:00+00:00,27.325,27.325,17.6125,2026-05-07 18:00:00+00:00,2026-08-07 17:00:00+00:00,online
2026-08-07,2026-08-10 08:10:37+00:00,BE,wind_offshore,tso_reference,TSO forecast,tso_forecast,2208,2026-08-08 13:00:00+00:00,40.3,40.3,69.965,2026-05-07 18:00:00+00:00,2026-08-07 17:00:00+00:00,online
2026-08-07,2026-08-10 08:10:37+00:00,BE,wind_offshore,tso_reference,TSO forecast,tso_forecast,2208,2026-08-08 14:00:00+00:00,57.65,57.65,97.83,2026-05-07 18:00:00+00:00,2026-08-07 17:00:00+00:00,online
2026-08-07,2026-08-10 08:10:37+00:00,BE,wind_offshore,tso_reference,TSO forecast,tso_forecast,2208,2026-08-08 15:00:00+00:00,75.975,75.975,133.13,2026-05-07 18:00:00+00:00,2026-08-07 17:00:00+00:00,online
2026-08-07,2026-08-10 08:10:37+00:00,BE,wind_offshore,tso_reference,TSO forecast,tso_forecast,2208,2026-08-08 16:00:00+00:00,97.1,97.1,137.1475,2026-05-07 18:00:00+00:00,2026-08-07 17:00:00+00:00,online
2026-08-07,2026-08-10 08:10:37+00:00,BE,wind_offshore,tso_reference,TSO forecast,tso_forecast,2208,2026-08-08 17:00:00+00:00,122.075,122.075,172.6775,2026-05-07 18:00:00+00:00,2026-08-07 17:00:00+00:00,online
2026-08-07,2026-08-10 08:10:37+00:00,BE,wind_offshore,persistence,Persistence,daily_persistence,2208,2026-08-07 18:00:00+00:00,69.362,32.25,11.2425,2026-05-07 18:00:00+00:00,2026-08-07 17:00:00+00:00,online
2026-08-07,2026-08-10 08:10:37+00:00,BE,wind_offshore,persistence,Persistence,daily_persistence,2208,2026-08-07 19:00:00+00:00,77.61875,33.45,7.02,2026-05-07 18:00:00+00:00,2026-08-07 17:00:00+00:00,online
2026-08-07,2026-08-10 08:10:37+00:00,BE,wind_offshore,persistence,Persistence,daily_persistence,2208,2026-08-07 20:00:00+00:00,25.91525,33.85,25.1725,2026-05-07 18:00:00+00:00,2026-08-07 17:00:00+00:00,online
2026-08-07,2026-08-10 08:10:37+00:00,BE,wind_offshore,persistence,Persistence,daily_persistence,2208,2026-08-07 21:00:00+00:00,1.59875,35.45,17.405,2026-05-07 18:00:00+00:00,2026-08-07 17:00:00+00:00,online
2026-08-07,2026-08-10 08:10:37+00:00,BE,wind_offshore,persistence,Persistence,daily_persistence,2208,2026-08-07 22:00:00+00:00,0.0,30.825,10.275,2026-05-07 18:00:00+00:00,2026-08-07 17:00:00+00:00,online
2026-08-07,2026-08-10 08:10:37+00:00,BE,wind_offshore,persistence,Persistence,daily_persistence,2208,2026-08-07 23:00:00+00:00,0.0,41.85,80.1975,2026-05-07 18:00:00+00:00,2026-08-07 17:00:00+00:00,online
2026-08-07,2026-08-10 08:10:37+00:00,BE,wind_offshore,persistence,Persistence,daily_persistence,2208,2026-08-08 00:00:00+00:00,0.0,57.825,181.2775,2026-05-07 18:00:00+00:00,2026-08-07 17:00:00+00:00,online
2026-08-07,2026-08-10 08:10:37+00:00,BE,wind_offshore,persistence,Persistence,daily_persistence,2208,2026-08-08 01:00:00+00:00,0.0,74.175,183.985,2026-05-07 18:00:00+00:00,2026-08-07 17:00:00+00:00,online
2026-08-07,2026-08-10 08:10:37+00:00,BE,wind_offshore,persistence,Persistence,daily_persistence,2208,2026-08-08 02:00:00+00:00,0.0,83.75,149.84,2026-05-07 18:00:00+00:00,2026-08-07 17:00:00+00:00,online
2026-08-07,2026-08-10 08:10:37+00:00,BE,wind_offshore,persistence,Persistence,daily_persistence,2208,2026-08-08 03:00:00+00:00,0.0,85.125,136.305,2026-05-07 18:00:00+00:00,2026-08-07 17:00:00+00:00,online
2026-08-07,2026-08-10 08:10:37+00:00,BE,wind_offshore,persistence,Persistence,daily_persistence,2208,2026-08-08 04:00:00+00:00,0.0,80.95,115.015,2026-05-07 18:00:00+00:00,2026-08-07 17:00:00+00:00,online
2026-08-07,2026-08-10 08:10:37+00:00,BE,wind_offshore,persistence,Persistence,daily_persistence,2208,2026-08-08 05:00:00+00:00,0.0,73.575,94.4725,2026-05-07 18:00:00+00:00,2026-08-07 17:00:00+00:00,online
2026-08-07,2026-08-10 08:10:37+00:00,BE,wind_offshore,persistence,Persistence,daily_persistence,2208,2026-08-08 06:00:00+00:00,0.0,63.5,55.9575,2026-05-07 18:00:00+00:00,2026-08-07 17:00:00+00:00,online
2026-08-07,2026-08-10 08:10:37+00:00,BE,wind_offshore,persistence,Persistence,daily_persistence,2208,2026-08-08 07:00:00+00:00,2.654,51.25,42.6675,2026-05-07 18:00:00+00:00,2026-08-07 17:00:00+00:00,online
2026-08-07,2026-08-10 08:10:37+00:00,BE,wind_offshore,persistence,Persistence,daily_persistence,2208,2026-08-08 08:00:00+00:00,5.3095,38.65,10.775,2026-05-07 18:00:00+00:00,2026-08-07 17:00:00+00:00,online
2026-08-07,2026-08-10 08:10:37+00:00,BE,wind_offshore,persistence,Persistence,daily_persistence,2208,2026-08-08 09:00:00+00:00,1.93225,27.125,26.4775,2026-05-07 18:00:00+00:00,2026-08-07 17:00:00+00:00,online
2026-08-07,2026-08-10 08:10:37+00:00,BE,wind_offshore,persistence,Persistence,daily_persistence,2208,2026-08-08 10:00:00+00:00,0.21975,20.55,27.4,2026-05-07 18:00:00+00:00,2026-08-07 17:00:00+00:00,online
2026-08-07,2026-08-10 08:10:37+00:00,BE,wind_offshore,persistence,Persistence,daily_persistence,2208,2026-08-08 11:00:00+00:00,0.0,20.25,26.1825,2026-05-07 18:00:00+00:00,2026-08-07 17:00:00+00:00,online
2026-08-07,2026-08-10 08:10:37+00:00,BE,wind_offshore,persistence,Persistence,daily_persistence,2208,2026-08-08 12:00:00+00:00,0.0,27.325,17.6125,2026-05-07 18:00:00+00:00,2026-08-07 17:00:00+00:00,online
2026-08-07,2026-08-10 08:10:37+00:00,BE,wind_offshore,persistence,Persistence,daily_persistence,2208,2026-08-08 13:00:00+00:00,0.0,40.3,69.965,2026-05-07 18:00:00+00:00,2026-08-07 17:00:00+00:00,online
2026-08-07,2026-08-10 08:10:37+00:00,BE,wind_offshore,persistence,Persistence,daily_persistence,2208,2026-08-08 14:00:00+00:00,0.0,57.65,97.83,2026-05-07 18:00:00+00:00,2026-08-07 17:00:00+00:00,online
2026-08-07,2026-08-10 08:10:37+00:00,BE,wind_offshore,persistence,Persistence,daily_persistence,2208,2026-08-08 15:00:00+00:00,0.0,75.975,133.13,2026-05-07 18:00:00+00:00,2026-08-07 17:00:00+00:00,online
2026-08-07,2026-08-10 08:10:37+00:00,BE,wind_offshore,persistence,Persistence,daily_persistence,2208,2026-08-08 16:00:00+00:00,0.0,97.1,137.1475,2026-05-07 18:00:00+00:00,2026-08-07 17:00:00+00:00,online
2026-08-07,2026-08-10 08:10:37+00:00,BE,wind_offshore,persistence,Persistence,daily_persistence,2208,2026-08-08 17:00:00+00:00,0.0,122.075,172.6775,2026-05-07 18:00:00+00:00,2026-08-07 17:00:00+00:00,online
2026-08-07,2026-08-10 08:10:37+00:00,BE,wind_offshore,chronos2_online,Chronos2 with covariates,weather_4p+tso_forecast,2208,2026-08-07 18:00:00+00:00,22.1610107421875,32.25,11.2425,2026-05-07 18:00:00+00:00,2026-08-07 17:00:00+00:00,online
2026-08-07,2026-08-10 08:10:37+00:00,BE,wind_offshore,chronos2_online,Chronos2 with covariates,weather_4p+tso_forecast,2208,2026-08-07 19:00:00+00:00,22.3817138671875,33.45,7.02,2026-05-07 18:00:00+00:00,2026-08-07 17:00:00+00:00,online
2026-08-07,2026-08-10 08:10:37+00:00,BE,wind_offshore,chronos2_online,Chronos2 with covariates,weather_4p+tso_forecast,2208,2026-08-07 20:00:00+00:00,25.43096923828125,33.85,25.1725,2026-05-07 18:00:00+00:00,2026-08-07 17:00:00+00:00,online
2026-08-07,2026-08-10 08:10:37+00:00,BE,wind_offshore,chronos2_online,Chronos2 with covariates,weather_4p+tso_forecast,2208,2026-08-07 21:00:00+00:00,23.343505859375,35.45,17.405,2026-05-07 18:00:00+00:00,2026-08-07 17:00:00+00:00,online
2026-08-07,2026-08-10 08:10:37+00:00,BE,wind_offshore,chronos2_online,Chronos2 with covariates,weather_4p+tso_forecast,2208,2026-08-07 22:00:00+00:00,25.710693359375,30.825,10.275,2026-05-07 18:00:00+00:00,2026-08-07 17:00:00+00:00,online
2026-08-07,2026-08-10 08:10:37+00:00,BE,wind_offshore,chronos2_online,Chronos2 with covariates,weather_4p+tso_forecast,2208,2026-08-07 23:00:00+00:00,36.56072998046875,41.85,80.1975,2026-05-07 18:00:00+00:00,2026-08-07 17:00:00+00:00,online
2026-08-07,2026-08-10 08:10:37+00:00,BE,wind_offshore,chronos2_online,Chronos2 with covariates,weather_4p+tso_forecast,2208,2026-08-08 00:00:00+00:00,44.43328857421875,57.825,181.2775,2026-05-07 18:00:00+00:00,2026-08-07 17:00:00+00:00,online
2026-08-07,2026-08-10 08:10:37+00:00,BE,wind_offshore,chronos2_online,Chronos2 with covariates,weather_4p+tso_forecast,2208,2026-08-08 01:00:00+00:00,52.41107177734375,74.175,183.985,2026-05-07 18:00:00+00:00,2026-08-07 17:00:00+00:00,online
2026-08-07,2026-08-10 08:10:37+00:00,BE,wind_offshore,chronos2_online,Chronos2 with covariates,weather_4p+tso_forecast,2208,2026-08-08 02:00:00+00:00,64.213134765625,83.75,149.84,2026-05-07 18:00:00+00:00,2026-08-07 17:00:00+00:00,online
2026-08-07,2026-08-10 08:10:37+00:00,BE,wind_offshore,chronos2_online,Chronos2 with covariates,weather_4p+tso_forecast,2208,2026-08-08 03:00:00+00:00,76.29324340820312,85.125,136.305,2026-05-07 18:00:00+00:00,2026-08-07 17:00:00+00:00,online
2026-08-07,2026-08-10 08:10:37+00:00,BE,wind_offshore,chronos2_online,Chronos2 with covariates,weather_4p+tso_forecast,2208,2026-08-08 04:00:00+00:00,82.73455810546875,80.95,115.015,2026-05-07 18:00:00+00:00,2026-08-07 17:00:00+00:00,online
2026-08-07,2026-08-10 08:10:37+00:00,BE,wind_offshore,chronos2_online,Chronos2 with covariates,weather_4p+tso_forecast,2208,2026-08-08 05:00:00+00:00,91.74114990234376,73.575,94.4725,2026-05-07 18:00:00+00:00,2026-08-07 17:00:00+00:00,online
2026-08-07,2026-08-10 08:10:37+00:00,BE,wind_offshore,chronos2_online,Chronos2 with covariates,weather_4p+tso_forecast,2208,2026-08-08 06:00:00+00:00,90.63397216796876,63.5,55.9575,2026-05-07 18:00:00+00:00,2026-08-07 17:00:00+00:00,online
2026-08-07,2026-08-10 08:10:37+00:00,BE,wind_offshore,chronos2_online,Chronos2 with covariates,weather_4p+tso_forecast,2208,2026-08-08 07:00:00+00:00,80.64346313476562,51.25,42.6675,2026-05-07 18:00:00+00:00,2026-08-07 17:00:00+00:00,online
2026-08-07,2026-08-10 08:10:37+00:00,BE,wind_offshore,chronos2_online,Chronos2 with covariates,weather_4p+tso_forecast,2208,2026-08-08 08:00:00+00:00,55.30682373046875,38.65,10.775,2026-05-07 18:00:00+00:00,2026-08-07 17:00:00+00:00,online
2026-08-07,2026-08-10 08:10:37+00:00,BE,wind_offshore,chronos2_online,Chronos2 with covariates,weather_4p+tso_forecast,2208,2026-08-08 09:00:00+00:00,41.08843994140625,27.125,26.4775,2026-05-07 18:00:00+00:00,2026-08-07 17:00:00+00:00,online
2026-08-07,2026-08-10 08:10:37+00:00,BE,wind_offshore,chronos2_online,Chronos2 with covariates,weather_4p+tso_forecast,2208,2026-08-08 10:00:00+00:00,31.2691650390625,20.55,27.4,2026-05-07 18:00:00+00:00,2026-08-07 17:00:00+00:00,online
2026-08-07,2026-08-10 08:10:37+00:00,BE,wind_offshore,chronos2_online,Chronos2 with covariates,weather_4p+tso_forecast,2208,2026-08-08 11:00:00+00:00,31.94854736328125,20.25,26.1825,2026-05-07 18:00:00+00:00,2026-08-07 17:00:00+00:00,online
2026-08-07,2026-08-10 08:10:37+00:00,BE,wind_offshore,chronos2_online,Chronos2 with covariates,weather_4p+tso_forecast,2208,2026-08-08 12:00:00+00:00,32.62652587890625,27.325,17.6125,2026-05-07 18:00:00+00:00,2026-08-07 17:00:00+00:00,online
2026-08-07,2026-08-10 08:10:37+00:00,BE,wind_offshore,chronos2_online,Chronos2 with covariates,weather_4p+tso_forecast,2208,2026-08-08 13:00:00+00:00,36.1851806640625,40.3,69.965,2026-05-07 18:00:00+00:00,2026-08-07 17:00:00+00:00,online
2026-08-07,2026-08-10 08:10:37+00:00,BE,wind_offshore,chronos2_online,Chronos2 with covariates,weather_4p+tso_forecast,2208,2026-08-08 14:00:00+00:00,43.09075927734375,57.65,97.83,2026-05-07 18:00:00+00:00,2026-08-07 17:00:00+00:00,online
2026-08-07,2026-08-10 08:10:37+00:00,BE,wind_offshore,chronos2_online,Chronos2 with covariates,weather_4p+tso_forecast,2208,2026-08-08 15:00:00+00:00,59.25347900390625,75.975,133.13,2026-05-07 18:00:00+00:00,2026-08-07 17:00:00+00:00,online
2026-08-07,2026-08-10 08:10:37+00:00,BE,wind_offshore,chronos2_online,Chronos2 with covariates,weather_4p+tso_forecast,2208,2026-08-08 16:00:00+00:00,82.0330810546875,97.1,137.1475,2026-05-07 18:00:00+00:00,2026-08-07 17:00:00+00:00,online
2026-08-07,2026-08-10 08:10:37+00:00,BE,wind_offshore,chronos2_online,Chronos2 with covariates,weather_4p+tso_forecast,2208,2026-08-08 17:00:00+00:00,100.67230224609376,122.075,172.6775,2026-05-07 18:00:00+00:00,2026-08-07 17:00:00+00:00,online
2026-08-07,2026-08-10 08:10:37+00:00,BE,wind_offshore,xgboost_online,XGBoost with covariates,weather_4p+tso_forecast,2208,2026-08-07 18:00:00+00:00,31.00153923034668,32.25,11.2425,2026-05-07 18:00:00+00:00,2026-08-07 17:00:00+00:00,online
2026-08-07,2026-08-10 08:10:37+00:00,BE,wind_offshore,xgboost_online,XGBoost with covariates,weather_4p+tso_forecast,2208,2026-08-07 19:00:00+00:00,31.00153923034668,33.45,7.02,2026-05-07 18:00:00+00:00,2026-08-07 17:00:00+00:00,online
2026-08-07,2026-08-10 08:10:37+00:00,BE,wind_offshore,xgboost_online,XGBoost with covariates,weather_4p+tso_forecast,2208,2026-08-07 20:00:00+00:00,31.00153923034668,33.85,25.1725,2026-05-07 18:00:00+00:00,2026-08-07 17:00:00+00:00,online
2026-08-07,2026-08-10 08:10:37+00:00,BE,wind_offshore,xgboost_online,XGBoost with covariates,weather_4p+tso_forecast,2208,2026-08-07 21:00:00+00:00,32.35398864746094,35.45,17.405,2026-05-07 18:00:00+00:00,2026-08-07 17:00:00+00:00,online
2026-08-07,2026-08-10 08:10:37+00:00,BE,wind_offshore,xgboost_online,XGBoost with covariates,weather_4p+tso_forecast,2208,2026-08-07 22:00:00+00:00,28.919830322265625,30.825,10.275,2026-05-07 18:00:00+00:00,2026-08-07 17:00:00+00:00,online
2026-08-07,2026-08-10 08:10:37+00:00,BE,wind_offshore,xgboost_online,XGBoost with covariates,weather_4p+tso_forecast,2208,2026-08-07 23:00:00+00:00,28.908119201660156,41.85,80.1975,2026-05-07 18:00:00+00:00,2026-08-07 17:00:00+00:00,online
2026-08-07,2026-08-10 08:10:37+00:00,BE,wind_offshore,xgboost_online,XGBoost with covariates,weather_4p+tso_forecast,2208,2026-08-08 00:00:00+00:00,30.496112823486328,57.825,181.2775,2026-05-07 18:00:00+00:00,2026-08-07 17:00:00+00:00,online
2026-08-07,2026-08-10 08:10:37+00:00,BE,wind_offshore,xgboost_online,XGBoost with covariates,weather_4p+tso_forecast,2208,2026-08-08 01:00:00+00:00,37.1182861328125,74.175,183.985,2026-05-07 18:00:00+00:00,2026-08-07 17:00:00+00:00,online
2026-08-07,2026-08-10 08:10:37+00:00,BE,wind_offshore,xgboost_online,XGBoost with covariates,weather_4p+tso_forecast,2208,2026-08-08 02:00:00+00:00,106.6733169555664,83.75,149.84,2026-05-07 18:00:00+00:00,2026-08-07 17:00:00+00:00,online
2026-08-07,2026-08-10 08:10:37+00:00,BE,wind_offshore,xgboost_online,XGBoost with covariates,weather_4p+tso_forecast,2208,2026-08-08 03:00:00+00:00,126.36026000976562,85.125,136.305,2026-05-07 18:00:00+00:00,2026-08-07 17:00:00+00:00,online
2026-08-07,2026-08-10 08:10:37+00:00,BE,wind_offshore,xgboost_online,XGBoost with covariates,weather_4p+tso_forecast,2208,2026-08-08 04:00:00+00:00,153.8899688720703,80.95,115.015,2026-05-07 18:00:00+00:00,2026-08-07 17:00:00+00:00,online
2026-08-07,2026-08-10 08:10:37+00:00,BE,wind_offshore,xgboost_online,XGBoost with covariates,weather_4p+tso_forecast,2208,2026-08-08 05:00:00+00:00,164.54226684570312,73.575,94.4725,2026-05-07 18:00:00+00:00,2026-08-07 17:00:00+00:00,online
2026-08-07,2026-08-10 08:10:37+00:00,BE,wind_offshore,xgboost_online,XGBoost with covariates,weather_4p+tso_forecast,2208,2026-08-08 06:00:00+00:00,200.18234252929688,63.5,55.9575,2026-05-07 18:00:00+00:00,2026-08-07 17:00:00+00:00,online
2026-08-07,2026-08-10 08:10:37+00:00,BE,wind_offshore,xgboost_online,XGBoost with covariates,weather_4p+tso_forecast,2208,2026-08-08 07:00:00+00:00,152.681640625,51.25,42.6675,2026-05-07 18:00:00+00:00,2026-08-07 17:00:00+00:00,online
2026-08-07,2026-08-10 08:10:37+00:00,BE,wind_offshore,xgboost_online,XGBoost with covariates,weather_4p+tso_forecast,2208,2026-08-08 08:00:00+00:00,111.14740753173828,38.65,10.775,2026-05-07 18:00:00+00:00,2026-08-07 17:00:00+00:00,online
2026-08-07,2026-08-10 08:10:37+00:00,BE,wind_offshore,xgboost_online,XGBoost with covariates,weather_4p+tso_forecast,2208,2026-08-08 09:00:00+00:00,38.438377380371094,27.125,26.4775,2026-05-07 18:00:00+00:00,2026-08-07 17:00:00+00:00,online
2026-08-07,2026-08-10 08:10:37+00:00,BE,wind_offshore,xgboost_online,XGBoost with covariates,weather_4p+tso_forecast,2208,2026-08-08 10:00:00+00:00,29.117103576660156,20.55,27.4,2026-05-07 18:00:00+00:00,2026-08-07 17:00:00+00:00,online
2026-08-07,2026-08-10 08:10:37+00:00,BE,wind_offshore,xgboost_online,XGBoost with covariates,weather_4p+tso_forecast,2208,2026-08-08 11:00:00+00:00,26.637922286987305,20.25,26.1825,2026-05-07 18:00:00+00:00,2026-08-07 17:00:00+00:00,online
2026-08-07,2026-08-10 08:10:37+00:00,BE,wind_offshore,xgboost_online,XGBoost with covariates,weather_4p+tso_forecast,2208,2026-08-08 12:00:00+00:00,31.00153923034668,27.325,17.6125,2026-05-07 18:00:00+00:00,2026-08-07 17:00:00+00:00,online
2026-08-07,2026-08-10 08:10:37+00:00,BE,wind_offshore,xgboost_online,XGBoost with covariates,weather_4p+tso_forecast,2208,2026-08-08 13:00:00+00:00,30.98982810974121,40.3,69.965,2026-05-07 18:00:00+00:00,2026-08-07 17:00:00+00:00,online
2026-08-07,2026-08-10 08:10:37+00:00,BE,wind_offshore,xgboost_online,XGBoost with covariates,weather_4p+tso_forecast,2208,2026-08-08 14:00:00+00:00,39.11309051513672,57.65,97.83,2026-05-07 18:00:00+00:00,2026-08-07 17:00:00+00:00,online
2026-08-07,2026-08-10 08:10:37+00:00,BE,wind_offshore,xgboost_online,XGBoost with covariates,weather_4p+tso_forecast,2208,2026-08-08 15:00:00+00:00,69.38328552246094,75.975,133.13,2026-05-07 18:00:00+00:00,2026-08-07 17:00:00+00:00,online
2026-08-07,2026-08-10 08:10:37+00:00,BE,wind_offshore,xgboost_online,XGBoost with covariates,weather_4p+tso_forecast,2208,2026-08-08 16:00:00+00:00,122.41287231445312,97.1,137.1475,2026-05-07 18:00:00+00:00,2026-08-07 17:00:00+00:00,online
2026-08-07,2026-08-10 08:10:37+00:00,BE,wind_offshore,xgboost_online,XGBoost with covariates,weather_4p+tso_forecast,2208,2026-08-08 17:00:00+00:00,145.4830780029297,122.075,172.6775,2026-05-07 18:00:00+00:00,2026-08-07 17:00:00+00:00,online
2026-08-07,2026-08-10 08:10:37+00:00,FR,load,tso_reference,TSO forecast,tso_forecast,2208,2026-08-07 18:00:00+00:00,45650.0,45650.0,45262.09,2026-05-07 18:00:00+00:00,2026-08-07 17:00:00+00:00,online
2026-08-07,2026-08-10 08:10:37+00:00,FR,load,tso_reference,TSO forecast,tso_forecast,2208,2026-08-07 19:00:00+00:00,44337.5,44337.5,44082.63,2026-05-07 18:00:00+00:00,2026-08-07 17:00:00+00:00,online
2026-08-07,2026-08-10 08:10:37+00:00,FR,load,tso_reference,TSO forecast,tso_forecast,2208,2026-08-07 20:00:00+00:00,44775.0,44775.0,44626.93,2026-05-07 18:00:00+00:00,2026-08-07 17:00:00+00:00,online
2026-08-07,2026-08-10 08:10:37+00:00,FR,load,tso_reference,TSO forecast,tso_forecast,2208,2026-08-07 21:00:00+00:00,44925.0,44925.0,43193.090000000004,2026-05-07 18:00:00+00:00,2026-08-07 17:00:00+00:00,online
2026-08-07,2026-08-10 08:10:37+00:00,FR,load,tso_reference,TSO forecast,tso_forecast,2208,2026-08-07 22:00:00+00:00,41587.5,41587.5,40438.567500000005,2026-05-07 18:00:00+00:00,2026-08-07 17:00:00+00:00,online
2026-08-07,2026-08-10 08:10:37+00:00,FR,load,tso_reference,TSO forecast,tso_forecast,2208,2026-08-07 23:00:00+00:00,39700.0,39700.0,38311.8825,2026-05-07 18:00:00+00:00,2026-08-07 17:00:00+00:00,online
2026-08-07,2026-08-10 08:10:37+00:00,FR,load,tso_reference,TSO forecast,tso_forecast,2208,2026-08-08 00:00:00+00:00,37137.5,37137.5,35872.4,2026-05-07 18:00:00+00:00,2026-08-07 17:00:00+00:00,online
2026-08-07,2026-08-10 08:10:37+00:00,FR,load,tso_reference,TSO forecast,tso_forecast,2208,2026-08-08 01:00:00+00:00,34787.5,34787.5,34000.947499999995,2026-05-07 18:00:00+00:00,2026-08-07 17:00:00+00:00,online
2026-08-07,2026-08-10 08:10:37+00:00,FR,load,tso_reference,TSO forecast,tso_forecast,2208,2026-08-08 02:00:00+00:00,33862.5,33862.5,33282.87,2026-05-07 18:00:00+00:00,2026-08-07 17:00:00+00:00,online
2026-08-07,2026-08-10 08:10:37+00:00,FR,load,tso_reference,TSO forecast,tso_forecast,2208,2026-08-08 03:00:00+00:00,33737.5,33737.5,33308.02250000001,2026-05-07 18:00:00+00:00,2026-08-07 17:00:00+00:00,online
2026-08-07,2026-08-10 08:10:37+00:00,FR,load,tso_reference,TSO forecast,tso_forecast,2208,2026-08-08 04:00:00+00:00,34012.5,34012.5,33666.020000000004,2026-05-07 18:00:00+00:00,2026-08-07 17:00:00+00:00,online
2026-08-07,2026-08-10 08:10:37+00:00,FR,load,tso_reference,TSO forecast,tso_forecast,2208,2026-08-08 05:00:00+00:00,34487.5,34487.5,34052.2625,2026-05-07 18:00:00+00:00,2026-08-07 17:00:00+00:00,online
2026-08-07,2026-08-10 08:10:37+00:00,FR,load,tso_reference,TSO forecast,tso_forecast,2208,2026-08-08 06:00:00+00:00,36025.0,36025.0,35780.97,2026-05-07 18:00:00+00:00,2026-08-07 17:00:00+00:00,online
2026-08-07,2026-08-10 08:10:37+00:00,FR,load,tso_reference,TSO forecast,tso_forecast,2208,2026-08-08 07:00:00+00:00,38312.5,38312.5,37814.1425,2026-05-07 18:00:00+00:00,2026-08-07 17:00:00+00:00,online
2026-08-07,2026-08-10 08:10:37+00:00,FR,load,tso_reference,TSO forecast,tso_forecast,2208,2026-08-08 08:00:00+00:00,40225.0,40225.0,39665.25,2026-05-07 18:00:00+00:00,2026-08-07 17:00:00+00:00,online
2026-08-07,2026-08-10 08:10:37+00:00,FR,load,tso_reference,TSO forecast,tso_forecast,2208,2026-08-08 09:00:00+00:00,42100.0,42100.0,41860.48,2026-05-07 18:00:00+00:00,2026-08-07 17:00:00+00:00,online
2026-08-07,2026-08-10 08:10:37+00:00,FR,load,tso_reference,TSO forecast,tso_forecast,2208,2026-08-08 10:00:00+00:00,44212.5,44212.5,43108.8125,2026-05-07 18:00:00+00:00,2026-08-07 17:00:00+00:00,online
2026-08-07,2026-08-10 08:10:37+00:00,FR,load,tso_reference,TSO forecast,tso_forecast,2208,2026-08-08 11:00:00+00:00,44462.5,44462.5,42555.912500000006,2026-05-07 18:00:00+00:00,2026-08-07 17:00:00+00:00,online
2026-08-07,2026-08-10 08:10:37+00:00,FR,load,tso_reference,TSO forecast,tso_forecast,2208,2026-08-08 12:00:00+00:00,44887.5,44887.5,43420.7025,2026-05-07 18:00:00+00:00,2026-08-07 17:00:00+00:00,online
2026-08-07,2026-08-10 08:10:37+00:00,FR,load,tso_reference,TSO forecast,tso_forecast,2208,2026-08-08 13:00:00+00:00,44362.5,44362.5,44125.8725,2026-05-07 18:00:00+00:00,2026-08-07 17:00:00+00:00,online
2026-08-07,2026-08-10 08:10:37+00:00,FR,load,tso_reference,TSO forecast,tso_forecast,2208,2026-08-08 14:00:00+00:00,43512.5,43512.5,43507.1275,2026-05-07 18:00:00+00:00,2026-08-07 17:00:00+00:00,online
2026-08-07,2026-08-10 08:10:37+00:00,FR,load,tso_reference,TSO forecast,tso_forecast,2208,2026-08-08 15:00:00+00:00,43975.0,43975.0,43375.2725,2026-05-07 18:00:00+00:00,2026-08-07 17:00:00+00:00,online
2026-08-07,2026-08-10 08:10:37+00:00,FR,load,tso_reference,TSO forecast,tso_forecast,2208,2026-08-08 16:00:00+00:00,44900.0,44900.0,44504.715,2026-05-07 18:00:00+00:00,2026-08-07 17:00:00+00:00,online
2026-08-07,2026-08-10 08:10:37+00:00,FR,load,tso_reference,TSO forecast,tso_forecast,2208,2026-08-08 17:00:00+00:00,45300.0,45300.0,44880.604999999996,2026-05-07 18:00:00+00:00,2026-08-07 17:00:00+00:00,online
2026-08-07,2026-08-10 08:10:37+00:00,FR,load,persistence,Persistence,weekly_persistence,2208,2026-08-07 18:00:00+00:00,45799.5925,45650.0,45262.09,2026-05-07 18:00:00+00:00,2026-08-07 17:00:00+00:00,online
2026-08-07,2026-08-10 08:10:37+00:00,FR,load,persistence,Persistence,weekly_persistence,2208,2026-08-07 19:00:00+00:00,44626.52,44337.5,44082.63,2026-05-07 18:00:00+00:00,2026-08-07 17:00:00+00:00,online
2026-08-07,2026-08-10 08:10:37+00:00,FR,load,persistence,Persistence,weekly_persistence,2208,2026-08-07 20:00:00+00:00,45526.9675,44775.0,44626.93,2026-05-07 18:00:00+00:00,2026-08-07 17:00:00+00:00,online
2026-08-07,2026-08-10 08:10:37+00:00,FR,load,persistence,Persistence,weekly_persistence,2208,2026-08-07 21:00:00+00:00,44228.692500000005,44925.0,43193.090000000004,2026-05-07 18:00:00+00:00,2026-08-07 17:00:00+00:00,online
2026-08-07,2026-08-10 08:10:37+00:00,FR,load,persistence,Persistence,weekly_persistence,2208,2026-08-07 22:00:00+00:00,41537.3375,41587.5,40438.567500000005,2026-05-07 18:00:00+00:00,2026-08-07 17:00:00+00:00,online
2026-08-07,2026-08-10 08:10:37+00:00,FR,load,persistence,Persistence,weekly_persistence,2208,2026-08-07 23:00:00+00:00,39563.6975,39700.0,38311.8825,2026-05-07 18:00:00+00:00,2026-08-07 17:00:00+00:00,online
2026-08-07,2026-08-10 08:10:37+00:00,FR,load,persistence,Persistence,weekly_persistence,2208,2026-08-08 00:00:00+00:00,37211.932499999995,37137.5,35872.4,2026-05-07 18:00:00+00:00,2026-08-07 17:00:00+00:00,online
2026-08-07,2026-08-10 08:10:37+00:00,FR,load,persistence,Persistence,weekly_persistence,2208,2026-08-08 01:00:00+00:00,35131.425,34787.5,34000.947499999995,2026-05-07 18:00:00+00:00,2026-08-07 17:00:00+00:00,online
2026-08-07,2026-08-10 08:10:37+00:00,FR,load,persistence,Persistence,weekly_persistence,2208,2026-08-08 02:00:00+00:00,34354.96,33862.5,33282.87,2026-05-07 18:00:00+00:00,2026-08-07 17:00:00+00:00,online
2026-08-07,2026-08-10 08:10:37+00:00,FR,load,persistence,Persistence,weekly_persistence,2208,2026-08-08 03:00:00+00:00,34360.792499999996,33737.5,33308.02250000001,2026-05-07 18:00:00+00:00,2026-08-07 17:00:00+00:00,online
2026-08-07,2026-08-10 08:10:37+00:00,FR,load,persistence,Persistence,weekly_persistence,2208,2026-08-08 04:00:00+00:00,34647.634999999995,34012.5,33666.020000000004,2026-05-07 18:00:00+00:00,2026-08-07 17:00:00+00:00,online
2026-08-07,2026-08-10 08:10:37+00:00,FR,load,persistence,Persistence,weekly_persistence,2208,2026-08-08 05:00:00+00:00,35064.4925,34487.5,34052.2625,2026-05-07 18:00:00+00:00,2026-08-07 17:00:00+00:00,online
2026-08-07,2026-08-10 08:10:37+00:00,FR,load,persistence,Persistence,weekly_persistence,2208,2026-08-08 06:00:00+00:00,36638.56,36025.0,35780.97,2026-05-07 18:00:00+00:00,2026-08-07 17:00:00+00:00,online
2026-08-07,2026-08-10 08:10:37+00:00,FR,load,persistence,Persistence,weekly_persistence,2208,2026-08-08 07:00:00+00:00,38995.265,38312.5,37814.1425,2026-05-07 18:00:00+00:00,2026-08-07 17:00:00+00:00,online
2026-08-07,2026-08-10 08:10:37+00:00,FR,load,persistence,Persistence,weekly_persistence,2208,2026-08-08 08:00:00+00:00,40834.595,40225.0,39665.25,2026-05-07 18:00:00+00:00,2026-08-07 17:00:00+00:00,online
2026-08-07,2026-08-10 08:10:37+00:00,FR,load,persistence,Persistence,weekly_persistence,2208,2026-08-08 09:00:00+00:00,42665.4675,42100.0,41860.48,2026-05-07 18:00:00+00:00,2026-08-07 17:00:00+00:00,online
2026-08-07,2026-08-10 08:10:37+00:00,FR,load,persistence,Persistence,weekly_persistence,2208,2026-08-08 10:00:00+00:00,44790.6575,44212.5,43108.8125,2026-05-07 18:00:00+00:00,2026-08-07 17:00:00+00:00,online
2026-08-07,2026-08-10 08:10:37+00:00,FR,load,persistence,Persistence,weekly_persistence,2208,2026-08-08 11:00:00+00:00,44114.7175,44462.5,42555.912500000006,2026-05-07 18:00:00+00:00,2026-08-07 17:00:00+00:00,online
2026-08-07,2026-08-10 08:10:37+00:00,FR,load,persistence,Persistence,weekly_persistence,2208,2026-08-08 12:00:00+00:00,44519.6275,44887.5,43420.7025,2026-05-07 18:00:00+00:00,2026-08-07 17:00:00+00:00,online
2026-08-07,2026-08-10 08:10:37+00:00,FR,load,persistence,Persistence,weekly_persistence,2208,2026-08-08 13:00:00+00:00,43664.600000000006,44362.5,44125.8725,2026-05-07 18:00:00+00:00,2026-08-07 17:00:00+00:00,online
2026-08-07,2026-08-10 08:10:37+00:00,FR,load,persistence,Persistence,weekly_persistence,2208,2026-08-08 14:00:00+00:00,42957.1125,43512.5,43507.1275,2026-05-07 18:00:00+00:00,2026-08-07 17:00:00+00:00,online
2026-08-07,2026-08-10 08:10:37+00:00,FR,load,persistence,Persistence,weekly_persistence,2208,2026-08-08 15:00:00+00:00,43379.8475,43975.0,43375.2725,2026-05-07 18:00:00+00:00,2026-08-07 17:00:00+00:00,online
2026-08-07,2026-08-10 08:10:37+00:00,FR,load,persistence,Persistence,weekly_persistence,2208,2026-08-08 16:00:00+00:00,43999.365,44900.0,44504.715,2026-05-07 18:00:00+00:00,2026-08-07 17:00:00+00:00,online
2026-08-07,2026-08-10 08:10:37+00:00,FR,load,persistence,Persistence,weekly_persistence,2208,2026-08-08 17:00:00+00:00,44348.47,45300.0,44880.604999999996,2026-05-07 18:00:00+00:00,2026-08-07 17:00:00+00:00,online
2026-08-07,2026-08-10 08:10:37+00:00,FR,load,ridge_3mo_context,Ridge with covariates,deg_proxy+tso_forecast,2208,2026-08-07 18:00:00+00:00,45749.05652201843,45650.0,45262.09,2026-05-07 18:00:00+00:00,2026-08-07 17:00:00+00:00,online
2026-08-07,2026-08-10 08:10:37+00:00,FR,load,ridge_3mo_context,Ridge with covariates,deg_proxy+tso_forecast,2208,2026-08-07 19:00:00+00:00,44448.84356777682,44337.5,44082.63,2026-05-07 18:00:00+00:00,2026-08-07 17:00:00+00:00,online
2026-08-07,2026-08-10 08:10:37+00:00,FR,load,ridge_3mo_context,Ridge with covariates,deg_proxy+tso_forecast,2208,2026-08-07 20:00:00+00:00,44845.82956855342,44775.0,44626.93,2026-05-07 18:00:00+00:00,2026-08-07 17:00:00+00:00,online
2026-08-07,2026-08-10 08:10:37+00:00,FR,load,ridge_3mo_context,Ridge with covariates,deg_proxy+tso_forecast,2208,2026-08-07 21:00:00+00:00,44970.20114897575,44925.0,43193.090000000004,2026-05-07 18:00:00+00:00,2026-08-07 17:00:00+00:00,online
2026-08-07,2026-08-10 08:10:37+00:00,FR,load,ridge_3mo_context,Ridge with covariates,deg_proxy+tso_forecast,2208,2026-08-07 22:00:00+00:00,41731.136216816856,41587.5,40438.567500000005,2026-05-07 18:00:00+00:00,2026-08-07 17:00:00+00:00,online
2026-08-07,2026-08-10 08:10:37+00:00,FR,load,ridge_3mo_context,Ridge with covariates,deg_proxy+tso_forecast,2208,2026-08-07 23:00:00+00:00,39898.41564441999,39700.0,38311.8825,2026-05-07 18:00:00+00:00,2026-08-07 17:00:00+00:00,online
2026-08-07,2026-08-10 08:10:37+00:00,FR,load,ridge_3mo_context,Ridge with covariates,deg_proxy+tso_forecast,2208,2026-08-08 00:00:00+00:00,37128.71058337363,37137.5,35872.4,2026-05-07 18:00:00+00:00,2026-08-07 17:00:00+00:00,online
2026-08-07,2026-08-10 08:10:37+00:00,FR,load,ridge_3mo_context,Ridge with covariates,deg_proxy+tso_forecast,2208,2026-08-08 01:00:00+00:00,34855.42025179742,34787.5,34000.947499999995,2026-05-07 18:00:00+00:00,2026-08-07 17:00:00+00:00,online
2026-08-07,2026-08-10 08:10:37+00:00,FR,load,ridge_3mo_context,Ridge with covariates,deg_proxy+tso_forecast,2208,2026-08-08 02:00:00+00:00,33972.922393089684,33862.5,33282.87,2026-05-07 18:00:00+00:00,2026-08-07 17:00:00+00:00,online
2026-08-07,2026-08-10 08:10:37+00:00,FR,load,ridge_3mo_context,Ridge with covariates,deg_proxy+tso_forecast,2208,2026-08-08 03:00:00+00:00,33869.5932592198,33737.5,33308.02250000001,2026-05-07 18:00:00+00:00,2026-08-07 17:00:00+00:00,online
2026-08-07,2026-08-10 08:10:37+00:00,FR,load,ridge_3mo_context,Ridge with covariates,deg_proxy+tso_forecast,2208,2026-08-08 04:00:00+00:00,34151.33450557251,34012.5,33666.020000000004,2026-05-07 18:00:00+00:00,2026-08-07 17:00:00+00:00,online
2026-08-07,2026-08-10 08:10:37+00:00,FR,load,ridge_3mo_context,Ridge with covariates,deg_proxy+tso_forecast,2208,2026-08-08 05:00:00+00:00,34616.58297764385,34487.5,34052.2625,2026-05-07 18:00:00+00:00,2026-08-07 17:00:00+00:00,online
2026-08-07,2026-08-10 08:10:37+00:00,FR,load,ridge_3mo_context,Ridge with covariates,deg_proxy+tso_forecast,2208,2026-08-08 06:00:00+00:00,36079.07831631815,36025.0,35780.97,2026-05-07 18:00:00+00:00,2026-08-07 17:00:00+00:00,online
2026-08-07,2026-08-10 08:10:37+00:00,FR,load,ridge_3mo_context,Ridge with covariates,deg_proxy+tso_forecast,2208,2026-08-08 07:00:00+00:00,38304.001276667885,38312.5,37814.1425,2026-05-07 18:00:00+00:00,2026-08-07 17:00:00+00:00,online
2026-08-07,2026-08-10 08:10:37+00:00,FR,load,ridge_3mo_context,Ridge with covariates,deg_proxy+tso_forecast,2208,2026-08-08 08:00:00+00:00,40198.80049740203,40225.0,39665.25,2026-05-07 18:00:00+00:00,2026-08-07 17:00:00+00:00,online
2026-08-07,2026-08-10 08:10:37+00:00,FR,load,ridge_3mo_context,Ridge with covariates,deg_proxy+tso_forecast,2208,2026-08-08 09:00:00+00:00,42049.95896791234,42100.0,41860.48,2026-05-07 18:00:00+00:00,2026-08-07 17:00:00+00:00,online
2026-08-07,2026-08-10 08:10:37+00:00,FR,load,ridge_3mo_context,Ridge with covariates,deg_proxy+tso_forecast,2208,2026-08-08 10:00:00+00:00,44128.67577638297,44212.5,43108.8125,2026-05-07 18:00:00+00:00,2026-08-07 17:00:00+00:00,online
2026-08-07,2026-08-10 08:10:37+00:00,FR,load,ridge_3mo_context,Ridge with covariates,deg_proxy+tso_forecast,2208,2026-08-08 11:00:00+00:00,44403.48273821693,44462.5,42555.912500000006,2026-05-07 18:00:00+00:00,2026-08-07 17:00:00+00:00,online
2026-08-07,2026-08-10 08:10:37+00:00,FR,load,ridge_3mo_context,Ridge with covariates,deg_proxy+tso_forecast,2208,2026-08-08 12:00:00+00:00,44842.96214273318,44887.5,43420.7025,2026-05-07 18:00:00+00:00,2026-08-07 17:00:00+00:00,online
2026-08-07,2026-08-10 08:10:37+00:00,FR,load,ridge_3mo_context,Ridge with covariates,deg_proxy+tso_forecast,2208,2026-08-08 13:00:00+00:00,44357.02480074779,44362.5,44125.8725,2026-05-07 18:00:00+00:00,2026-08-07 17:00:00+00:00,online
2026-08-07,2026-08-10 08:10:37+00:00,FR,load,ridge_3mo_context,Ridge with covariates,deg_proxy+tso_forecast,2208,2026-08-08 14:00:00+00:00,43549.90794397011,43512.5,43507.1275,2026-05-07 18:00:00+00:00,2026-08-07 17:00:00+00:00,online
2026-08-07,2026-08-10 08:10:37+00:00,FR,load,ridge_3mo_context,Ridge with covariates,deg_proxy+tso_forecast,2208,2026-08-08 15:00:00+00:00,44006.76492956791,43975.0,43375.2725,2026-05-07 18:00:00+00:00,2026-08-07 17:00:00+00:00,online
2026-08-07,2026-08-10 08:10:37+00:00,FR,load,ridge_3mo_context,Ridge with covariates,deg_proxy+tso_forecast,2208,2026-08-08 16:00:00+00:00,44903.78131232719,44900.0,44504.715,2026-05-07 18:00:00+00:00,2026-08-07 17:00:00+00:00,online
2026-08-07,2026-08-10 08:10:37+00:00,FR,load,ridge_3mo_context,Ridge with covariates,deg_proxy+tso_forecast,2208,2026-08-08 17:00:00+00:00,45286.67262816504,45300.0,44880.604999999996,2026-05-07 18:00:00+00:00,2026-08-07 17:00:00+00:00,online
2026-08-07,2026-08-10 08:10:37+00:00,FR,load,chronos2_online,Chronos2 with covariates,Temp+tso_forecast,2208,2026-08-07 18:00:00+00:00,45152.89453125,45650.0,45262.09,2026-05-07 18:00:00+00:00,2026-08-07 17:00:00+00:00,online
2026-08-07,2026-08-10 08:10:37+00:00,FR,load,chronos2_online,Chronos2 with covariates,Temp+tso_forecast,2208,2026-08-07 19:00:00+00:00,43999.9921875,44337.5,44082.63,2026-05-07 18:00:00+00:00,2026-08-07 17:00:00+00:00,online
2026-08-07,2026-08-10 08:10:37+00:00,FR,load,chronos2_online,Chronos2 with covariates,Temp+tso_forecast,2208,2026-08-07 20:00:00+00:00,44645.66796875,44775.0,44626.93,2026-05-07 18:00:00+00:00,2026-08-07 17:00:00+00:00,online
2026-08-07,2026-08-10 08:10:37+00:00,FR,load,chronos2_online,Chronos2 with covariates,Temp+tso_forecast,2208,2026-08-07 21:00:00+00:00,43515.265625,44925.0,43193.090000000004,2026-05-07 18:00:00+00:00,2026-08-07 17:00:00+00:00,online
2026-08-07,2026-08-10 08:10:37+00:00,FR,load,chronos2_online,Chronos2 with covariates,Temp+tso_forecast,2208,2026-08-07 22:00:00+00:00,41004.5546875,41587.5,40438.567500000005,2026-05-07 18:00:00+00:00,2026-08-07 17:00:00+00:00,online
2026-08-07,2026-08-10 08:10:37+00:00,FR,load,chronos2_online,Chronos2 with covariates,Temp+tso_forecast,2208,2026-08-07 23:00:00+00:00,38966.99609375,39700.0,38311.8825,2026-05-07 18:00:00+00:00,2026-08-07 17:00:00+00:00,online
2026-08-07,2026-08-10 08:10:37+00:00,FR,load,chronos2_online,Chronos2 with covariates,Temp+tso_forecast,2208,2026-08-08 00:00:00+00:00,36396.33203125,37137.5,35872.4,2026-05-07 18:00:00+00:00,2026-08-07 17:00:00+00:00,online
2026-08-07,2026-08-10 08:10:37+00:00,FR,load,chronos2_online,Chronos2 with covariates,Temp+tso_forecast,2208,2026-08-08 01:00:00+00:00,34460.72265625,34787.5,34000.947499999995,2026-05-07 18:00:00+00:00,2026-08-07 17:00:00+00:00,online
2026-08-07,2026-08-10 08:10:37+00:00,FR,load,chronos2_online,Chronos2 with covariates,Temp+tso_forecast,2208,2026-08-08 02:00:00+00:00,33810.3203125,33862.5,33282.87,2026-05-07 18:00:00+00:00,2026-08-07 17:00:00+00:00,online
2026-08-07,2026-08-10 08:10:37+00:00,FR,load,chronos2_online,Chronos2 with covariates,Temp+tso_forecast,2208,2026-08-08 03:00:00+00:00,33745.265625,33737.5,33308.02250000001,2026-05-07 18:00:00+00:00,2026-08-07 17:00:00+00:00,online
2026-08-07,2026-08-10 08:10:37+00:00,FR,load,chronos2_online,Chronos2 with covariates,Temp+tso_forecast,2208,2026-08-08 04:00:00+00:00,33756.609375,34012.5,33666.020000000004,2026-05-07 18:00:00+00:00,2026-08-07 17:00:00+00:00,online
2026-08-07,2026-08-10 08:10:37+00:00,FR,load,chronos2_online,Chronos2 with covariates,Temp+tso_forecast,2208,2026-08-08 05:00:00+00:00,34278.9453125,34487.5,34052.2625,2026-05-07 18:00:00+00:00,2026-08-07 17:00:00+00:00,online
2026-08-07,2026-08-10 08:10:37+00:00,FR,load,chronos2_online,Chronos2 with covariates,Temp+tso_forecast,2208,2026-08-08 06:00:00+00:00,35929.796875,36025.0,35780.97,2026-05-07 18:00:00+00:00,2026-08-07 17:00:00+00:00,online
2026-08-07,2026-08-10 08:10:37+00:00,FR,load,chronos2_online,Chronos2 with covariates,Temp+tso_forecast,2208,2026-08-08 07:00:00+00:00,38116.81640625,38312.5,37814.1425,2026-05-07 18:00:00+00:00,2026-08-07 17:00:00+00:00,online
2026-08-07,2026-08-10 08:10:37+00:00,FR,load,chronos2_online,Chronos2 with covariates,Temp+tso_forecast,2208,2026-08-08 08:00:00+00:00,40103.94921875,40225.0,39665.25,2026-05-07 18:00:00+00:00,2026-08-07 17:00:00+00:00,online
2026-08-07,2026-08-10 08:10:37+00:00,FR,load,chronos2_online,Chronos2 with covariates,Temp+tso_forecast,2208,2026-08-08 09:00:00+00:00,41797.83984375,42100.0,41860.48,2026-05-07 18:00:00+00:00,2026-08-07 17:00:00+00:00,online
2026-08-07,2026-08-10 08:10:37+00:00,FR,load,chronos2_online,Chronos2 with covariates,Temp+tso_forecast,2208,2026-08-08 10:00:00+00:00,43828.046875,44212.5,43108.8125,2026-05-07 18:00:00+00:00,2026-08-07 17:00:00+00:00,online
2026-08-07,2026-08-10 08:10:37+00:00,FR,load,chronos2_online,Chronos2 with covariates,Temp+tso_forecast,2208,2026-08-08 11:00:00+00:00,43459.125,44462.5,42555.912500000006,2026-05-07 18:00:00+00:00,2026-08-07 17:00:00+00:00,online
2026-08-07,2026-08-10 08:10:37+00:00,FR,load,chronos2_online,Chronos2 with covariates,Temp+tso_forecast,2208,2026-08-08 12:00:00+00:00,43912.10546875,44887.5,43420.7025,2026-05-07 18:00:00+00:00,2026-08-07 17:00:00+00:00,online
2026-08-07,2026-08-10 08:10:37+00:00,FR,load,chronos2_online,Chronos2 with covariates,Temp+tso_forecast,2208,2026-08-08 13:00:00+00:00,43274.4296875,44362.5,44125.8725,2026-05-07 18:00:00+00:00,2026-08-07 17:00:00+00:00,online
2026-08-07,2026-08-10 08:10:37+00:00,FR,load,chronos2_online,Chronos2 with covariates,Temp+tso_forecast,2208,2026-08-08 14:00:00+00:00,42632.2265625,43512.5,43507.1275,2026-05-07 18:00:00+00:00,2026-08-07 17:00:00+00:00,online
2026-08-07,2026-08-10 08:10:37+00:00,FR,load,chronos2_online,Chronos2 with covariates,Temp+tso_forecast,2208,2026-08-08 15:00:00+00:00,43018.890625,43975.0,43375.2725,2026-05-07 18:00:00+00:00,2026-08-07 17:00:00+00:00,online
2026-08-07,2026-08-10 08:10:37+00:00,FR,load,chronos2_online,Chronos2 with covariates,Temp+tso_forecast,2208,2026-08-08 16:00:00+00:00,44105.765625,44900.0,44504.715,2026-05-07 18:00:00+00:00,2026-08-07 17:00:00+00:00,online
2026-08-07,2026-08-10 08:10:37+00:00,FR,load,chronos2_online,Chronos2 with covariates,Temp+tso_forecast,2208,2026-08-08 17:00:00+00:00,44534.62109375,45300.0,44880.604999999996,2026-05-07 18:00:00+00:00,2026-08-07 17:00:00+00:00,online
2026-08-07,2026-08-10 08:10:37+00:00,FR,solar,tso_reference,TSO forecast,tso_forecast,2208,2026-08-07 18:00:00+00:00,1746.0387875,1746.0387875,1423.8425,2026-05-07 18:00:00+00:00,2026-08-07 17:00:00+00:00,online
2026-08-07,2026-08-10 08:10:37+00:00,FR,solar,tso_reference,TSO forecast,tso_forecast,2208,2026-08-07 19:00:00+00:00,115.5754225,115.5754225,324.35749999999996,2026-05-07 18:00:00+00:00,2026-08-07 17:00:00+00:00,online
2026-08-07,2026-08-10 08:10:37+00:00,FR,solar,tso_reference,TSO forecast,tso_forecast,2208,2026-08-07 20:00:00+00:00,0.0,0.0,258.8225,2026-05-07 18:00:00+00:00,2026-08-07 17:00:00+00:00,online
2026-08-07,2026-08-10 08:10:37+00:00,FR,solar,tso_reference,TSO forecast,tso_forecast,2208,2026-08-07 21:00:00+00:00,0.0,0.0,0.0,2026-05-07 18:00:00+00:00,2026-08-07 17:00:00+00:00,online
2026-08-07,2026-08-10 08:10:37+00:00,FR,solar,tso_reference,TSO forecast,tso_forecast,2208,2026-08-07 22:00:00+00:00,0.0,0.0,0.0,2026-05-07 18:00:00+00:00,2026-08-07 17:00:00+00:00,online
2026-08-07,2026-08-10 08:10:37+00:00,FR,solar,tso_reference,TSO forecast,tso_forecast,2208,2026-08-07 23:00:00+00:00,0.0,0.0,0.0,2026-05-07 18:00:00+00:00,2026-08-07 17:00:00+00:00,online
2026-08-07,2026-08-10 08:10:37+00:00,FR,solar,tso_reference,TSO forecast,tso_forecast,2208,2026-08-08 00:00:00+00:00,0.0,0.0,0.0,2026-05-07 18:00:00+00:00,2026-08-07 17:00:00+00:00,online
2026-08-07,2026-08-10 08:10:37+00:00,FR,solar,tso_reference,TSO forecast,tso_forecast,2208,2026-08-08 01:00:00+00:00,0.0,0.0,0.0,2026-05-07 18:00:00+00:00,2026-08-07 17:00:00+00:00,online
2026-08-07,2026-08-10 08:10:37+00:00,FR,solar,tso_reference,TSO forecast,tso_forecast,2208,2026-08-08 02:00:00+00:00,0.0,0.0,0.0,2026-05-07 18:00:00+00:00,2026-08-07 17:00:00+00:00,online
2026-08-07,2026-08-10 08:10:37+00:00,FR,solar,tso_reference,TSO forecast,tso_forecast,2208,2026-08-08 03:00:00+00:00,0.0,0.0,0.0,2026-05-07 18:00:00+00:00,2026-08-07 17:00:00+00:00,online
2026-08-07,2026-08-10 08:10:37+00:00,FR,solar,tso_reference,TSO forecast,tso_forecast,2208,2026-08-08 04:00:00+00:00,51.2949975,51.2949975,332.255,2026-05-07 18:00:00+00:00,2026-08-07 17:00:00+00:00,online
2026-08-07,2026-08-10 08:10:37+00:00,FR,solar,tso_reference,TSO forecast,tso_forecast,2208,2026-08-08 05:00:00+00:00,996.5083375,996.5083375,1273.73,2026-05-07 18:00:00+00:00,2026-08-07 17:00:00+00:00,online
2026-08-07,2026-08-10 08:10:37+00:00,FR,solar,tso_reference,TSO forecast,tso_forecast,2208,2026-08-08 06:00:00+00:00,4234.13623,4234.13623,4765.1575,2026-05-07 18:00:00+00:00,2026-08-07 17:00:00+00:00,online
2026-08-07,2026-08-10 08:10:37+00:00,FR,solar,tso_reference,TSO forecast,tso_forecast,2208,2026-08-08 07:00:00+00:00,9436.5750725,9436.5750725,9999.2175,2026-05-07 18:00:00+00:00,2026-08-07 17:00:00+00:00,online
2026-08-07,2026-08-10 08:10:37+00:00,FR,solar,tso_reference,TSO forecast,tso_forecast,2208,2026-08-08 08:00:00+00:00,14529.8205575,14529.8205575,14782.1275,2026-05-07 18:00:00+00:00,2026-08-07 17:00:00+00:00,online
2026-08-07,2026-08-10 08:10:37+00:00,FR,solar,tso_reference,TSO forecast,tso_forecast,2208,2026-08-08 09:00:00+00:00,13836.96118,13836.96118,14269.5275,2026-05-07 18:00:00+00:00,2026-08-07 17:00:00+00:00,online
2026-08-07,2026-08-10 08:10:37+00:00,FR,solar,tso_reference,TSO forecast,tso_forecast,2208,2026-08-08 10:00:00+00:00,13831.598635,13831.598635,12728.942500000001,2026-05-07 18:00:00+00:00,2026-08-07 17:00:00+00:00,online
2026-08-07,2026-08-10 08:10:37+00:00,FR,solar,tso_reference,TSO forecast,tso_forecast,2208,2026-08-08 11:00:00+00:00,14558.792235,14558.792235,13082.782500000001,2026-05-07 18:00:00+00:00,2026-08-07 17:00:00+00:00,online
2026-08-07,2026-08-10 08:10:37+00:00,FR,solar,tso_reference,TSO forecast,tso_forecast,2208,2026-08-08 12:00:00+00:00,14501.8752425,14501.8752425,13070.89,2026-05-07 18:00:00+00:00,2026-08-07 17:00:00+00:00,online
2026-08-07,2026-08-10 08:10:37+00:00,FR,solar,tso_reference,TSO forecast,tso_forecast,2208,2026-08-08 13:00:00+00:00,14933.9367675,14933.9367675,14631.352499999999,2026-05-07 18:00:00+00:00,2026-08-07 17:00:00+00:00,online
2026-08-07,2026-08-10 08:10:37+00:00,FR,solar,tso_reference,TSO forecast,tso_forecast,2208,2026-08-08 14:00:00+00:00,14864.1591825,14864.1591825,15036.595,2026-05-07 18:00:00+00:00,2026-08-07 17:00:00+00:00,online
2026-08-07,2026-08-10 08:10:37+00:00,FR,solar,tso_reference,TSO forecast,tso_forecast,2208,2026-08-08 15:00:00+00:00,14846.609865,14846.609865,13450.8525,2026-05-07 18:00:00+00:00,2026-08-07 17:00:00+00:00,online
2026-08-07,2026-08-10 08:10:37+00:00,FR,solar,tso_reference,TSO forecast,tso_forecast,2208,2026-08-08 16:00:00+00:00,10231.38965,10231.38965,8871.91,2026-05-07 18:00:00+00:00,2026-08-07 17:00:00+00:00,online
2026-08-07,2026-08-10 08:10:37+00:00,FR,solar,tso_reference,TSO forecast,tso_forecast,2208,2026-08-08 17:00:00+00:00,5248.4258425,5248.4258425,4224.17,2026-05-07 18:00:00+00:00,2026-08-07 17:00:00+00:00,online
2026-08-07,2026-08-10 08:10:37+00:00,FR,solar,persistence,Persistence,daily_persistence,2208,2026-08-07 18:00:00+00:00,1584.7525,1746.0387875,1423.8425,2026-05-07 18:00:00+00:00,2026-08-07 17:00:00+00:00,online
2026-08-07,2026-08-10 08:10:37+00:00,FR,solar,persistence,Persistence,daily_persistence,2208,2026-08-07 19:00:00+00:00,439.1125,115.5754225,324.35749999999996,2026-05-07 18:00:00+00:00,2026-08-07 17:00:00+00:00,online
2026-08-07,2026-08-10 08:10:37+00:00,FR,solar,persistence,Persistence,daily_persistence,2208,2026-08-07 20:00:00+00:00,273.74,0.0,258.8225,2026-05-07 18:00:00+00:00,2026-08-07 17:00:00+00:00,online
2026-08-07,2026-08-10 08:10:37+00:00,FR,solar,persistence,Persistence,daily_persistence,2208,2026-08-07 21:00:00+00:00,0.0,0.0,0.0,2026-05-07 18:00:00+00:00,2026-08-07 17:00:00+00:00,online
2026-08-07,2026-08-10 08:10:37+00:00,FR,solar,persistence,Persistence,daily_persistence,2208,2026-08-07 22:00:00+00:00,0.0,0.0,0.0,2026-05-07 18:00:00+00:00,2026-08-07 17:00:00+00:00,online
2026-08-07,2026-08-10 08:10:37+00:00,FR,solar,persistence,Persistence,daily_persistence,2208,2026-08-07 23:00:00+00:00,0.0,0.0,0.0,2026-05-07 18:00:00+00:00,2026-08-07 17:00:00+00:00,online
2026-08-07,2026-08-10 08:10:37+00:00,FR,solar,persistence,Persistence,daily_persistence,2208,2026-08-08 00:00:00+00:00,0.0,0.0,0.0,2026-05-07 18:00:00+00:00,2026-08-07 17:00:00+00:00,online
2026-08-07,2026-08-10 08:10:37+00:00,FR,solar,persistence,Persistence,daily_persistence,2208,2026-08-08 01:00:00+00:00,0.0,0.0,0.0,2026-05-07 18:00:00+00:00,2026-08-07 17:00:00+00:00,online
2026-08-07,2026-08-10 08:10:37+00:00,FR,solar,persistence,Persistence,daily_persistence,2208,2026-08-08 02:00:00+00:00,0.0,0.0,0.0,2026-05-07 18:00:00+00:00,2026-08-07 17:00:00+00:00,online
2026-08-07,2026-08-10 08:10:37+00:00,FR,solar,persistence,Persistence,daily_persistence,2208,2026-08-08 03:00:00+00:00,90.31,0.0,0.0,2026-05-07 18:00:00+00:00,2026-08-07 17:00:00+00:00,online
2026-08-07,2026-08-10 08:10:37+00:00,FR,solar,persistence,Persistence,daily_persistence,2208,2026-08-08 04:00:00+00:00,438.2925,51.2949975,332.255,2026-05-07 18:00:00+00:00,2026-08-07 17:00:00+00:00,online
2026-08-07,2026-08-10 08:10:37+00:00,FR,solar,persistence,Persistence,daily_persistence,2208,2026-08-08 05:00:00+00:00,1390.0075000000002,996.5083375,1273.73,2026-05-07 18:00:00+00:00,2026-08-07 17:00:00+00:00,online
2026-08-07,2026-08-10 08:10:37+00:00,FR,solar,persistence,Persistence,daily_persistence,2208,2026-08-08 06:00:00+00:00,4896.995,4234.13623,4765.1575,2026-05-07 18:00:00+00:00,2026-08-07 17:00:00+00:00,online
2026-08-07,2026-08-10 08:10:37+00:00,FR,solar,persistence,Persistence,daily_persistence,2208,2026-08-08 07:00:00+00:00,10352.0975,9436.5750725,9999.2175,2026-05-07 18:00:00+00:00,2026-08-07 17:00:00+00:00,online
2026-08-07,2026-08-10 08:10:37+00:00,FR,solar,persistence,Persistence,daily_persistence,2208,2026-08-08 08:00:00+00:00,15532.1375,14529.8205575,14782.1275,2026-05-07 18:00:00+00:00,2026-08-07 17:00:00+00:00,online
2026-08-07,2026-08-10 08:10:37+00:00,FR,solar,persistence,Persistence,daily_persistence,2208,2026-08-08 09:00:00+00:00,19250.9275,13836.96118,14269.5275,2026-05-07 18:00:00+00:00,2026-08-07 17:00:00+00:00,online
2026-08-07,2026-08-10 08:10:37+00:00,FR,solar,persistence,Persistence,daily_persistence,2208,2026-08-08 10:00:00+00:00,21463.5875,13831.598635,12728.942500000001,2026-05-07 18:00:00+00:00,2026-08-07 17:00:00+00:00,online
2026-08-07,2026-08-10 08:10:37+00:00,FR,solar,persistence,Persistence,daily_persistence,2208,2026-08-08 11:00:00+00:00,22238.9425,14558.792235,13082.782500000001,2026-05-07 18:00:00+00:00,2026-08-07 17:00:00+00:00,online
2026-08-07,2026-08-10 08:10:37+00:00,FR,solar,persistence,Persistence,daily_persistence,2208,2026-08-08 12:00:00+00:00,22135.21,14501.8752425,13070.89,2026-05-07 18:00:00+00:00,2026-08-07 17:00:00+00:00,online
2026-08-07,2026-08-10 08:10:37+00:00,FR,solar,persistence,Persistence,daily_persistence,2208,2026-08-08 13:00:00+00:00,20823.3225,14933.9367675,14631.352499999999,2026-05-07 18:00:00+00:00,2026-08-07 17:00:00+00:00,online
2026-08-07,2026-08-10 08:10:37+00:00,FR,solar,persistence,Persistence,daily_persistence,2208,2026-08-08 14:00:00+00:00,18638.385,14864.1591825,15036.595,2026-05-07 18:00:00+00:00,2026-08-07 17:00:00+00:00,online
2026-08-07,2026-08-10 08:10:37+00:00,FR,solar,persistence,Persistence,daily_persistence,2208,2026-08-08 15:00:00+00:00,15303.4775,14846.609865,13450.8525,2026-05-07 18:00:00+00:00,2026-08-07 17:00:00+00:00,online
2026-08-07,2026-08-10 08:10:37+00:00,FR,solar,persistence,Persistence,daily_persistence,2208,2026-08-08 16:00:00+00:00,10417.0025,10231.38965,8871.91,2026-05-07 18:00:00+00:00,2026-08-07 17:00:00+00:00,online
2026-08-07,2026-08-10 08:10:37+00:00,FR,solar,persistence,Persistence,daily_persistence,2208,2026-08-08 17:00:00+00:00,5040.135,5248.4258425,4224.17,2026-05-07 18:00:00+00:00,2026-08-07 17:00:00+00:00,online
2026-08-07,2026-08-10 08:10:37+00:00,FR,solar,chronos2_online,Chronos2 with covariates,weather_4p+tso_forecast,2208,2026-08-07 18:00:00+00:00,1511.44189453125,1746.0387875,1423.8425,2026-05-07 18:00:00+00:00,2026-08-07 17:00:00+00:00,online
2026-08-07,2026-08-10 08:10:37+00:00,FR,solar,chronos2_online,Chronos2 with covariates,weather_4p+tso_forecast,2208,2026-08-07 19:00:00+00:00,437.19287109375,115.5754225,324.35749999999996,2026-05-07 18:00:00+00:00,2026-08-07 17:00:00+00:00,online
2026-08-07,2026-08-10 08:10:37+00:00,FR,solar,chronos2_online,Chronos2 with covariates,weather_4p+tso_forecast,2208,2026-08-07 20:00:00+00:00,250.95703125,0.0,258.8225,2026-05-07 18:00:00+00:00,2026-08-07 17:00:00+00:00,online
2026-08-07,2026-08-10 08:10:37+00:00,FR,solar,chronos2_online,Chronos2 with covariates,weather_4p+tso_forecast,2208,2026-08-07 21:00:00+00:00,216.86669921875,0.0,0.0,2026-05-07 18:00:00+00:00,2026-08-07 17:00:00+00:00,online
2026-08-07,2026-08-10 08:10:37+00:00,FR,solar,chronos2_online,Chronos2 with covariates,weather_4p+tso_forecast,2208,2026-08-07 22:00:00+00:00,151.201171875,0.0,0.0,2026-05-07 18:00:00+00:00,2026-08-07 17:00:00+00:00,online
2026-08-07,2026-08-10 08:10:37+00:00,FR,solar,chronos2_online,Chronos2 with covariates,weather_4p+tso_forecast,2208,2026-08-07 23:00:00+00:00,175.03271484375,0.0,0.0,2026-05-07 18:00:00+00:00,2026-08-07 17:00:00+00:00,online
2026-08-07,2026-08-10 08:10:37+00:00,FR,solar,chronos2_online,Chronos2 with covariates,weather_4p+tso_forecast,2208,2026-08-08 00:00:00+00:00,127.86669921875,0.0,0.0,2026-05-07 18:00:00+00:00,2026-08-07 17:00:00+00:00,online
2026-08-07,2026-08-10 08:10:37+00:00,FR,solar,chronos2_online,Chronos2 with covariates,weather_4p+tso_forecast,2208,2026-08-08 01:00:00+00:00,75.20703125,0.0,0.0,2026-05-07 18:00:00+00:00,2026-08-07 17:00:00+00:00,online
2026-08-07,2026-08-10 08:10:37+00:00,FR,solar,chronos2_online,Chronos2 with covariates,weather_4p+tso_forecast,2208,2026-08-08 02:00:00+00:00,149.97607421875,0.0,0.0,2026-05-07 18:00:00+00:00,2026-08-07 17:00:00+00:00,online
2026-08-07,2026-08-10 08:10:37+00:00,FR,solar,chronos2_online,Chronos2 with covariates,weather_4p+tso_forecast,2208,2026-08-08 03:00:00+00:00,269.3017578125,0.0,0.0,2026-05-07 18:00:00+00:00,2026-08-07 17:00:00+00:00,online
2026-08-07,2026-08-10 08:10:37+00:00,FR,solar,chronos2_online,Chronos2 with covariates,weather_4p+tso_forecast,2208,2026-08-08 04:00:00+00:00,390.58203125,51.2949975,332.255,2026-05-07 18:00:00+00:00,2026-08-07 17:00:00+00:00,online
2026-08-07,2026-08-10 08:10:37+00:00,FR,solar,chronos2_online,Chronos2 with covariates,weather_4p+tso_forecast,2208,2026-08-08 05:00:00+00:00,1213.4169921875,996.5083375,1273.73,2026-05-07 18:00:00+00:00,2026-08-07 17:00:00+00:00,online
2026-08-07,2026-08-10 08:10:37+00:00,FR,solar,chronos2_online,Chronos2 with covariates,weather_4p+tso_forecast,2208,2026-08-08 06:00:00+00:00,4328.2685546875,4234.13623,4765.1575,2026-05-07 18:00:00+00:00,2026-08-07 17:00:00+00:00,online
2026-08-07,2026-08-10 08:10:37+00:00,FR,solar,chronos2_online,Chronos2 with covariates,weather_4p+tso_forecast,2208,2026-08-08 07:00:00+00:00,9640.3837890625,9436.5750725,9999.2175,2026-05-07 18:00:00+00:00,2026-08-07 17:00:00+00:00,online
2026-08-07,2026-08-10 08:10:37+00:00,FR,solar,chronos2_online,Chronos2 with covariates,weather_4p+tso_forecast,2208,2026-08-08 08:00:00+00:00,14554.390625,14529.8205575,14782.1275,2026-05-07 18:00:00+00:00,2026-08-07 17:00:00+00:00,online
2026-08-07,2026-08-10 08:10:37+00:00,FR,solar,chronos2_online,Chronos2 with covariates,weather_4p+tso_forecast,2208,2026-08-08 09:00:00+00:00,15597.5546875,13836.96118,14269.5275,2026-05-07 18:00:00+00:00,2026-08-07 17:00:00+00:00,online
2026-08-07,2026-08-10 08:10:37+00:00,FR,solar,chronos2_online,Chronos2 with covariates,weather_4p+tso_forecast,2208,2026-08-08 10:00:00+00:00,16619.29296875,13831.598635,12728.942500000001,2026-05-07 18:00:00+00:00,2026-08-07 17:00:00+00:00,online
2026-08-07,2026-08-10 08:10:37+00:00,FR,solar,chronos2_online,Chronos2 with covariates,weather_4p+tso_forecast,2208,2026-08-08 11:00:00+00:00,16957.3125,14558.792235,13082.782500000001,2026-05-07 18:00:00+00:00,2026-08-07 17:00:00+00:00,online
2026-08-07,2026-08-10 08:10:37+00:00,FR,solar,chronos2_online,Chronos2 with covariates,weather_4p+tso_forecast,2208,2026-08-08 12:00:00+00:00,16787.837890625,14501.8752425,13070.89,2026-05-07 18:00:00+00:00,2026-08-07 17:00:00+00:00,online
2026-08-07,2026-08-10 08:10:37+00:00,FR,solar,chronos2_online,Chronos2 with covariates,weather_4p+tso_forecast,2208,2026-08-08 13:00:00+00:00,16547.2109375,14933.9367675,14631.352499999999,2026-05-07 18:00:00+00:00,2026-08-07 17:00:00+00:00,online
2026-08-07,2026-08-10 08:10:37+00:00,FR,solar,chronos2_online,Chronos2 with covariates,weather_4p+tso_forecast,2208,2026-08-08 14:00:00+00:00,15407.931640625,14864.1591825,15036.595,2026-05-07 18:00:00+00:00,2026-08-07 17:00:00+00:00,online
2026-08-07,2026-08-10 08:10:37+00:00,FR,solar,chronos2_online,Chronos2 with covariates,weather_4p+tso_forecast,2208,2026-08-08 15:00:00+00:00,13387.375,14846.609865,13450.8525,2026-05-07 18:00:00+00:00,2026-08-07 17:00:00+00:00,online
2026-08-07,2026-08-10 08:10:37+00:00,FR,solar,chronos2_online,Chronos2 with covariates,weather_4p+tso_forecast,2208,2026-08-08 16:00:00+00:00,8772.7041015625,10231.38965,8871.91,2026-05-07 18:00:00+00:00,2026-08-07 17:00:00+00:00,online
2026-08-07,2026-08-10 08:10:37+00:00,FR,solar,chronos2_online,Chronos2 with covariates,weather_4p+tso_forecast,2208,2026-08-08 17:00:00+00:00,3964.995361328125,5248.4258425,4224.17,2026-05-07 18:00:00+00:00,2026-08-07 17:00:00+00:00,online
2026-08-07,2026-08-10 08:10:37+00:00,FR,solar,xgboost_online,XGBoost with covariates,weather_4p+tso_forecast,2208,2026-08-07 18:00:00+00:00,1839.4412841796875,1746.0387875,1423.8425,2026-05-07 18:00:00+00:00,2026-08-07 17:00:00+00:00,online
2026-08-07,2026-08-10 08:10:37+00:00,FR,solar,xgboost_online,XGBoost with covariates,weather_4p+tso_forecast,2208,2026-08-07 19:00:00+00:00,509.1906127929687,115.5754225,324.35749999999996,2026-05-07 18:00:00+00:00,2026-08-07 17:00:00+00:00,online
2026-08-07,2026-08-10 08:10:37+00:00,FR,solar,xgboost_online,XGBoost with covariates,weather_4p+tso_forecast,2208,2026-08-07 20:00:00+00:00,167.47813415527344,0.0,258.8225,2026-05-07 18:00:00+00:00,2026-08-07 17:00:00+00:00,online
2026-08-07,2026-08-10 08:10:37+00:00,FR,solar,xgboost_online,XGBoost with covariates,weather_4p+tso_forecast,2208,2026-08-07 21:00:00+00:00,160.2400665283203,0.0,0.0,2026-05-07 18:00:00+00:00,2026-08-07 17:00:00+00:00,online
2026-08-07,2026-08-10 08:10:37+00:00,FR,solar,xgboost_online,XGBoost with covariates,weather_4p+tso_forecast,2208,2026-08-07 22:00:00+00:00,160.2400665283203,0.0,0.0,2026-05-07 18:00:00+00:00,2026-08-07 17:00:00+00:00,online
2026-08-07,2026-08-10 08:10:37+00:00,FR,solar,xgboost_online,XGBoost with covariates,weather_4p+tso_forecast,2208,2026-08-07 23:00:00+00:00,160.2400665283203,0.0,0.0,2026-05-07 18:00:00+00:00,2026-08-07 17:00:00+00:00,online
2026-08-07,2026-08-10 08:10:37+00:00,FR,solar,xgboost_online,XGBoost with covariates,weather_4p+tso_forecast,2208,2026-08-08 00:00:00+00:00,152.50381469726562,0.0,0.0,2026-05-07 18:00:00+00:00,2026-08-07 17:00:00+00:00,online
2026-08-07,2026-08-10 08:10:37+00:00,FR,solar,xgboost_online,XGBoost with covariates,weather_4p+tso_forecast,2208,2026-08-08 01:00:00+00:00,152.50381469726562,0.0,0.0,2026-05-07 18:00:00+00:00,2026-08-07 17:00:00+00:00,online
2026-08-07,2026-08-10 08:10:37+00:00,FR,solar,xgboost_online,XGBoost with covariates,weather_4p+tso_forecast,2208,2026-08-08 02:00:00+00:00,152.50381469726562,0.0,0.0,2026-05-07 18:00:00+00:00,2026-08-07 17:00:00+00:00,online
2026-08-07,2026-08-10 08:10:37+00:00,FR,solar,xgboost_online,XGBoost with covariates,weather_4p+tso_forecast,2208,2026-08-08 03:00:00+00:00,159.90509033203125,0.0,0.0,2026-05-07 18:00:00+00:00,2026-08-07 17:00:00+00:00,online
2026-08-07,2026-08-10 08:10:37+00:00,FR,solar,xgboost_online,XGBoost with covariates,weather_4p+tso_forecast,2208,2026-08-08 04:00:00+00:00,336.0252685546875,51.2949975,332.255,2026-05-07 18:00:00+00:00,2026-08-07 17:00:00+00:00,online
2026-08-07,2026-08-10 08:10:37+00:00,FR,solar,xgboost_online,XGBoost with covariates,weather_4p+tso_forecast,2208,2026-08-08 05:00:00+00:00,1264.867431640625,996.5083375,1273.73,2026-05-07 18:00:00+00:00,2026-08-07 17:00:00+00:00,online
2026-08-07,2026-08-10 08:10:37+00:00,FR,solar,xgboost_online,XGBoost with covariates,weather_4p+tso_forecast,2208,2026-08-08 06:00:00+00:00,4379.9228515625,4234.13623,4765.1575,2026-05-07 18:00:00+00:00,2026-08-07 17:00:00+00:00,online
2026-08-07,2026-08-10 08:10:37+00:00,FR,solar,xgboost_online,XGBoost with covariates,weather_4p+tso_forecast,2208,2026-08-08 07:00:00+00:00,9450.8671875,9436.5750725,9999.2175,2026-05-07 18:00:00+00:00,2026-08-07 17:00:00+00:00,online
2026-08-07,2026-08-10 08:10:37+00:00,FR,solar,xgboost_online,XGBoost with covariates,weather_4p+tso_forecast,2208,2026-08-08 08:00:00+00:00,13736.595703125,14529.8205575,14782.1275,2026-05-07 18:00:00+00:00,2026-08-07 17:00:00+00:00,online
2026-08-07,2026-08-10 08:10:37+00:00,FR,solar,xgboost_online,XGBoost with covariates,weather_4p+tso_forecast,2208,2026-08-08 09:00:00+00:00,13540.7958984375,13836.96118,14269.5275,2026-05-07 18:00:00+00:00,2026-08-07 17:00:00+00:00,online
2026-08-07,2026-08-10 08:10:37+00:00,FR,solar,xgboost_online,XGBoost with covariates,weather_4p+tso_forecast,2208,2026-08-08 10:00:00+00:00,13356.38671875,13831.598635,12728.942500000001,2026-05-07 18:00:00+00:00,2026-08-07 17:00:00+00:00,online
2026-08-07,2026-08-10 08:10:37+00:00,FR,solar,xgboost_online,XGBoost with covariates,weather_4p+tso_forecast,2208,2026-08-08 11:00:00+00:00,14031.017578125,14558.792235,13082.782500000001,2026-05-07 18:00:00+00:00,2026-08-07 17:00:00+00:00,online
2026-08-07,2026-08-10 08:10:37+00:00,FR,solar,xgboost_online,XGBoost with covariates,weather_4p+tso_forecast,2208,2026-08-08 12:00:00+00:00,13695.82421875,14501.8752425,13070.89,2026-05-07 18:00:00+00:00,2026-08-07 17:00:00+00:00,online
2026-08-07,2026-08-10 08:10:37+00:00,FR,solar,xgboost_online,XGBoost with covariates,weather_4p+tso_forecast,2208,2026-08-08 13:00:00+00:00,14101.2041015625,14933.9367675,14631.352499999999,2026-05-07 18:00:00+00:00,2026-08-07 17:00:00+00:00,online
2026-08-07,2026-08-10 08:10:37+00:00,FR,solar,xgboost_online,XGBoost with covariates,weather_4p+tso_forecast,2208,2026-08-08 14:00:00+00:00,14083.7216796875,14864.1591825,15036.595,2026-05-07 18:00:00+00:00,2026-08-07 17:00:00+00:00,online
2026-08-07,2026-08-10 08:10:37+00:00,FR,solar,xgboost_online,XGBoost with covariates,weather_4p+tso_forecast,2208,2026-08-08 15:00:00+00:00,14032.59375,14846.609865,13450.8525,2026-05-07 18:00:00+00:00,2026-08-07 17:00:00+00:00,online
2026-08-07,2026-08-10 08:10:37+00:00,FR,solar,xgboost_online,XGBoost with covariates,weather_4p+tso_forecast,2208,2026-08-08 16:00:00+00:00,9533.1943359375,10231.38965,8871.91,2026-05-07 18:00:00+00:00,2026-08-07 17:00:00+00:00,online
2026-08-07,2026-08-10 08:10:37+00:00,FR,solar,xgboost_online,XGBoost with covariates,weather_4p+tso_forecast,2208,2026-08-08 17:00:00+00:00,4947.23046875,5248.4258425,4224.17,2026-05-07 18:00:00+00:00,2026-08-07 17:00:00+00:00,online
2026-08-07,2026-08-10 08:10:37+00:00,FR,wind_onshore,tso_reference,TSO forecast,tso_forecast,2208,2026-08-07 18:00:00+00:00,2121.23999,2121.23999,2119.5699999999997,2026-05-07 18:00:00+00:00,2026-08-07 17:00:00+00:00,online
2026-08-07,2026-08-10 08:10:37+00:00,FR,wind_onshore,tso_reference,TSO forecast,tso_forecast,2208,2026-08-07 19:00:00+00:00,2901.4674675,2901.4674675,2584.64,2026-05-07 18:00:00+00:00,2026-08-07 17:00:00+00:00,online
2026-08-07,2026-08-10 08:10:37+00:00,FR,wind_onshore,tso_reference,TSO forecast,tso_forecast,2208,2026-08-07 20:00:00+00:00,3659.545045,3659.545045,3916.0825,2026-05-07 18:00:00+00:00,2026-08-07 17:00:00+00:00,online
2026-08-07,2026-08-10 08:10:37+00:00,FR,wind_onshore,tso_reference,TSO forecast,tso_forecast,2208,2026-08-07 21:00:00+00:00,4005.50995,4005.50995,4735.6325,2026-05-07 18:00:00+00:00,2026-08-07 17:00:00+00:00,online
2026-08-07,2026-08-10 08:10:37+00:00,FR,wind_onshore,tso_reference,TSO forecast,tso_forecast,2208,2026-08-07 22:00:00+00:00,4223.1174325,4223.1174325,5079.095,2026-05-07 18:00:00+00:00,2026-08-07 17:00:00+00:00,online
2026-08-07,2026-08-10 08:10:37+00:00,FR,wind_onshore,tso_reference,TSO forecast,tso_forecast,2208,2026-08-07 23:00:00+00:00,4104.26996,4104.26996,5241.6025,2026-05-07 18:00:00+00:00,2026-08-07 17:00:00+00:00,online
2026-08-07,2026-08-10 08:10:37+00:00,FR,wind_onshore,tso_reference,TSO forecast,tso_forecast,2208,2026-08-08 00:00:00+00:00,3974.9175425,3974.9175425,5144.775,2026-05-07 18:00:00+00:00,2026-08-07 17:00:00+00:00,online
2026-08-07,2026-08-10 08:10:37+00:00,FR,wind_onshore,tso_reference,TSO forecast,tso_forecast,2208,2026-08-08 01:00:00+00:00,3850.53491,3850.53491,5137.145,2026-05-07 18:00:00+00:00,2026-08-07 17:00:00+00:00,online
2026-08-07,2026-08-10 08:10:37+00:00,FR,wind_onshore,tso_reference,TSO forecast,tso_forecast,2208,2026-08-08 02:00:00+00:00,3750.6575925,3750.6575925,4724.6075,2026-05-07 18:00:00+00:00,2026-08-07 17:00:00+00:00,online
2026-08-07,2026-08-10 08:10:37+00:00,FR,wind_onshore,tso_reference,TSO forecast,tso_forecast,2208,2026-08-08 03:00:00+00:00,3600.64752,3600.64752,4221.4575,2026-05-07 18:00:00+00:00,2026-08-07 17:00:00+00:00,online
2026-08-07,2026-08-10 08:10:37+00:00,FR,wind_onshore,tso_reference,TSO forecast,tso_forecast,2208,2026-08-08 04:00:00+00:00,3422.7124625,3422.7124625,3829.4125,2026-05-07 18:00:00+00:00,2026-08-07 17:00:00+00:00,online
2026-08-07,2026-08-10 08:10:37+00:00,FR,wind_onshore,tso_reference,TSO forecast,tso_forecast,2208,2026-08-08 05:00:00+00:00,3184.227415,3184.227415,3720.0,2026-05-07 18:00:00+00:00,2026-08-07 17:00:00+00:00,online
2026-08-07,2026-08-10 08:10:37+00:00,FR,wind_onshore,tso_reference,TSO forecast,tso_forecast,2208,2026-08-08 06:00:00+00:00,2567.8025525000003,2567.8025525000003,2620.225,2026-05-07 18:00:00+00:00,2026-08-07 17:00:00+00:00,online
2026-08-07,2026-08-10 08:10:37+00:00,FR,wind_onshore,tso_reference,TSO forecast,tso_forecast,2208,2026-08-08 07:00:00+00:00,1533.32251,1533.32251,1226.715,2026-05-07 18:00:00+00:00,2026-08-07 17:00:00+00:00,online
2026-08-07,2026-08-10 08:10:37+00:00,FR,wind_onshore,tso_reference,TSO forecast,tso_forecast,2208,2026-08-08 08:00:00+00:00,922.01494,922.01494,914.0575,2026-05-07 18:00:00+00:00,2026-08-07 17:00:00+00:00,online
2026-08-07,2026-08-10 08:10:37+00:00,FR,wind_onshore,tso_reference,TSO forecast,tso_forecast,2208,2026-08-08 09:00:00+00:00,531.455095,531.455095,1391.99,2026-05-07 18:00:00+00:00,2026-08-07 17:00:00+00:00,online
2026-08-07,2026-08-10 08:10:37+00:00,FR,wind_onshore,tso_reference,TSO forecast,tso_forecast,2208,2026-08-08 10:00:00+00:00,278.00245,278.00245,1197.3525,2026-05-07 18:00:00+00:00,2026-08-07 17:00:00+00:00,online
2026-08-07,2026-08-10 08:10:37+00:00,FR,wind_onshore,tso_reference,TSO forecast,tso_forecast,2208,2026-08-08 11:00:00+00:00,227.694945,227.694945,1141.0775,2026-05-07 18:00:00+00:00,2026-08-07 17:00:00+00:00,online
2026-08-07,2026-08-10 08:10:37+00:00,FR,wind_onshore,tso_reference,TSO forecast,tso_forecast,2208,2026-08-08 12:00:00+00:00,195.9850525,195.9850525,1117.2,2026-05-07 18:00:00+00:00,2026-08-07 17:00:00+00:00,online
2026-08-07,2026-08-10 08:10:37+00:00,FR,wind_onshore,tso_reference,TSO forecast,tso_forecast,2208,2026-08-08 13:00:00+00:00,308.694865,308.694865,1176.54,2026-05-07 18:00:00+00:00,2026-08-07 17:00:00+00:00,online
2026-08-07,2026-08-10 08:10:37+00:00,FR,wind_onshore,tso_reference,TSO forecast,tso_forecast,2208,2026-08-08 14:00:00+00:00,412.2146975,412.2146975,857.11,2026-05-07 18:00:00+00:00,2026-08-07 17:00:00+00:00,online
2026-08-07,2026-08-10 08:10:37+00:00,FR,wind_onshore,tso_reference,TSO forecast,tso_forecast,2208,2026-08-08 15:00:00+00:00,546.5700075,546.5700075,719.7125,2026-05-07 18:00:00+00:00,2026-08-07 17:00:00+00:00,online
2026-08-07,2026-08-10 08:10:37+00:00,FR,wind_onshore,tso_reference,TSO forecast,tso_forecast,2208,2026-08-08 16:00:00+00:00,534.947495,534.947495,717.79,2026-05-07 18:00:00+00:00,2026-08-07 17:00:00+00:00,online
2026-08-07,2026-08-10 08:10:37+00:00,FR,wind_onshore,tso_reference,TSO forecast,tso_forecast,2208,2026-08-08 17:00:00+00:00,580.0200025,580.0200025,712.3175,2026-05-07 18:00:00+00:00,2026-08-07 17:00:00+00:00,online
2026-08-07,2026-08-10 08:10:37+00:00,FR,wind_onshore,persistence,Persistence,daily_persistence,2208,2026-08-07 18:00:00+00:00,3631.865,2121.23999,2119.5699999999997,2026-05-07 18:00:00+00:00,2026-08-07 17:00:00+00:00,online
2026-08-07,2026-08-10 08:10:37+00:00,FR,wind_onshore,persistence,Persistence,daily_persistence,2208,2026-08-07 19:00:00+00:00,3840.29,2901.4674675,2584.64,2026-05-07 18:00:00+00:00,2026-08-07 17:00:00+00:00,online
2026-08-07,2026-08-10 08:10:37+00:00,FR,wind_onshore,persistence,Persistence,daily_persistence,2208,2026-08-07 20:00:00+00:00,4692.9675,3659.545045,3916.0825,2026-05-07 18:00:00+00:00,2026-08-07 17:00:00+00:00,online
2026-08-07,2026-08-10 08:10:37+00:00,FR,wind_onshore,persistence,Persistence,daily_persistence,2208,2026-08-07 21:00:00+00:00,5401.0875,4005.50995,4735.6325,2026-05-07 18:00:00+00:00,2026-08-07 17:00:00+00:00,online
2026-08-07,2026-08-10 08:10:37+00:00,FR,wind_onshore,persistence,Persistence,daily_persistence,2208,2026-08-07 22:00:00+00:00,5399.955,4223.1174325,5079.095,2026-05-07 18:00:00+00:00,2026-08-07 17:00:00+00:00,online
2026-08-07,2026-08-10 08:10:37+00:00,FR,wind_onshore,persistence,Persistence,daily_persistence,2208,2026-08-07 23:00:00+00:00,5047.395,4104.26996,5241.6025,2026-05-07 18:00:00+00:00,2026-08-07 17:00:00+00:00,online
2026-08-07,2026-08-10 08:10:37+00:00,FR,wind_onshore,persistence,Persistence,daily_persistence,2208,2026-08-08 00:00:00+00:00,4612.465,3974.9175425,5144.775,2026-05-07 18:00:00+00:00,2026-08-07 17:00:00+00:00,online
2026-08-07,2026-08-10 08:10:37+00:00,FR,wind_onshore,persistence,Persistence,daily_persistence,2208,2026-08-08 01:00:00+00:00,4191.860000000001,3850.53491,5137.145,2026-05-07 18:00:00+00:00,2026-08-07 17:00:00+00:00,online
2026-08-07,2026-08-10 08:10:37+00:00,FR,wind_onshore,persistence,Persistence,daily_persistence,2208,2026-08-08 02:00:00+00:00,3637.295,3750.6575925,4724.6075,2026-05-07 18:00:00+00:00,2026-08-07 17:00:00+00:00,online
2026-08-07,2026-08-10 08:10:37+00:00,FR,wind_onshore,persistence,Persistence,daily_persistence,2208,2026-08-08 03:00:00+00:00,3201.45,3600.64752,4221.4575,2026-05-07 18:00:00+00:00,2026-08-07 17:00:00+00:00,online
2026-08-07,2026-08-10 08:10:37+00:00,FR,wind_onshore,persistence,Persistence,daily_persistence,2208,2026-08-08 04:00:00+00:00,3000.2975,3422.7124625,3829.4125,2026-05-07 18:00:00+00:00,2026-08-07 17:00:00+00:00,online
2026-08-07,2026-08-10 08:10:37+00:00,FR,wind_onshore,persistence,Persistence,daily_persistence,2208,2026-08-08 05:00:00+00:00,2807.295,3184.227415,3720.0,2026-05-07 18:00:00+00:00,2026-08-07 17:00:00+00:00,online
2026-08-07,2026-08-10 08:10:37+00:00,FR,wind_onshore,persistence,Persistence,daily_persistence,2208,2026-08-08 06:00:00+00:00,2034.51,2567.8025525000003,2620.225,2026-05-07 18:00:00+00:00,2026-08-07 17:00:00+00:00,online
2026-08-07,2026-08-10 08:10:37+00:00,FR,wind_onshore,persistence,Persistence,daily_persistence,2208,2026-08-08 07:00:00+00:00,1402.4,1533.32251,1226.715,2026-05-07 18:00:00+00:00,2026-08-07 17:00:00+00:00,online
2026-08-07,2026-08-10 08:10:37+00:00,FR,wind_onshore,persistence,Persistence,daily_persistence,2208,2026-08-08 08:00:00+00:00,1233.6975,922.01494,914.0575,2026-05-07 18:00:00+00:00,2026-08-07 17:00:00+00:00,online
2026-08-07,2026-08-10 08:10:37+00:00,FR,wind_onshore,persistence,Persistence,daily_persistence,2208,2026-08-08 09:00:00+00:00,1084.8475,531.455095,1391.99,2026-05-07 18:00:00+00:00,2026-08-07 17:00:00+00:00,online
2026-08-07,2026-08-10 08:10:37+00:00,FR,wind_onshore,persistence,Persistence,daily_persistence,2208,2026-08-08 10:00:00+00:00,1043.5325,278.00245,1197.3525,2026-05-07 18:00:00+00:00,2026-08-07 17:00:00+00:00,online
2026-08-07,2026-08-10 08:10:37+00:00,FR,wind_onshore,persistence,Persistence,daily_persistence,2208,2026-08-08 11:00:00+00:00,1043.7725,227.694945,1141.0775,2026-05-07 18:00:00+00:00,2026-08-07 17:00:00+00:00,online
2026-08-07,2026-08-10 08:10:37+00:00,FR,wind_onshore,persistence,Persistence,daily_persistence,2208,2026-08-08 12:00:00+00:00,1047.465,195.9850525,1117.2,2026-05-07 18:00:00+00:00,2026-08-07 17:00:00+00:00,online
2026-08-07,2026-08-10 08:10:37+00:00,FR,wind_onshore,persistence,Persistence,daily_persistence,2208,2026-08-08 13:00:00+00:00,1147.595,308.694865,1176.54,2026-05-07 18:00:00+00:00,2026-08-07 17:00:00+00:00,online
2026-08-07,2026-08-10 08:10:37+00:00,FR,wind_onshore,persistence,Persistence,daily_persistence,2208,2026-08-08 14:00:00+00:00,1262.035,412.2146975,857.11,2026-05-07 18:00:00+00:00,2026-08-07 17:00:00+00:00,online
2026-08-07,2026-08-10 08:10:37+00:00,FR,wind_onshore,persistence,Persistence,daily_persistence,2208,2026-08-08 15:00:00+00:00,1451.265,546.5700075,719.7125,2026-05-07 18:00:00+00:00,2026-08-07 17:00:00+00:00,online
2026-08-07,2026-08-10 08:10:37+00:00,FR,wind_onshore,persistence,Persistence,daily_persistence,2208,2026-08-08 16:00:00+00:00,1553.5975,534.947495,717.79,2026-05-07 18:00:00+00:00,2026-08-07 17:00:00+00:00,online
2026-08-07,2026-08-10 08:10:37+00:00,FR,wind_onshore,persistence,Persistence,daily_persistence,2208,2026-08-08 17:00:00+00:00,1835.88,580.0200025,712.3175,2026-05-07 18:00:00+00:00,2026-08-07 17:00:00+00:00,online
2026-08-07,2026-08-10 08:10:37+00:00,FR,wind_onshore,chronos2_online,Chronos2 with covariates,weather_4p+tso_forecast,2208,2026-08-07 18:00:00+00:00,2340.19091796875,2121.23999,2119.5699999999997,2026-05-07 18:00:00+00:00,2026-08-07 17:00:00+00:00,online
2026-08-07,2026-08-10 08:10:37+00:00,FR,wind_onshore,chronos2_online,Chronos2 with covariates,weather_4p+tso_forecast,2208,2026-08-07 19:00:00+00:00,2982.83642578125,2901.4674675,2584.64,2026-05-07 18:00:00+00:00,2026-08-07 17:00:00+00:00,online
2026-08-07,2026-08-10 08:10:37+00:00,FR,wind_onshore,chronos2_online,Chronos2 with covariates,weather_4p+tso_forecast,2208,2026-08-07 20:00:00+00:00,3867.20947265625,3659.545045,3916.0825,2026-05-07 18:00:00+00:00,2026-08-07 17:00:00+00:00,online
2026-08-07,2026-08-10 08:10:37+00:00,FR,wind_onshore,chronos2_online,Chronos2 with covariates,weather_4p+tso_forecast,2208,2026-08-07 21:00:00+00:00,4335.390625,4005.50995,4735.6325,2026-05-07 18:00:00+00:00,2026-08-07 17:00:00+00:00,online
2026-08-07,2026-08-10 08:10:37+00:00,FR,wind_onshore,chronos2_online,Chronos2 with covariates,weather_4p+tso_forecast,2208,2026-08-07 22:00:00+00:00,4426.49658203125,4223.1174325,5079.095,2026-05-07 18:00:00+00:00,2026-08-07 17:00:00+00:00,online
2026-08-07,2026-08-10 08:10:37+00:00,FR,wind_onshore,chronos2_online,Chronos2 with covariates,weather_4p+tso_forecast,2208,2026-08-07 23:00:00+00:00,4352.36328125,4104.26996,5241.6025,2026-05-07 18:00:00+00:00,2026-08-07 17:00:00+00:00,online
2026-08-07,2026-08-10 08:10:37+00:00,FR,wind_onshore,chronos2_online,Chronos2 with covariates,weather_4p+tso_forecast,2208,2026-08-08 00:00:00+00:00,4225.83544921875,3974.9175425,5144.775,2026-05-07 18:00:00+00:00,2026-08-07 17:00:00+00:00,online
2026-08-07,2026-08-10 08:10:37+00:00,FR,wind_onshore,chronos2_online,Chronos2 with covariates,weather_4p+tso_forecast,2208,2026-08-08 01:00:00+00:00,4026.625244140625,3850.53491,5137.145,2026-05-07 18:00:00+00:00,2026-08-07 17:00:00+00:00,online
2026-08-07,2026-08-10 08:10:37+00:00,FR,wind_onshore,chronos2_online,Chronos2 with covariates,weather_4p+tso_forecast,2208,2026-08-08 02:00:00+00:00,3712.988525390625,3750.6575925,4724.6075,2026-05-07 18:00:00+00:00,2026-08-07 17:00:00+00:00,online
2026-08-07,2026-08-10 08:10:37+00:00,FR,wind_onshore,chronos2_online,Chronos2 with covariates,weather_4p+tso_forecast,2208,2026-08-08 03:00:00+00:00,3486.667724609375,3600.64752,4221.4575,2026-05-07 18:00:00+00:00,2026-08-07 17:00:00+00:00,online
2026-08-07,2026-08-10 08:10:37+00:00,FR,wind_onshore,chronos2_online,Chronos2 with covariates,weather_4p+tso_forecast,2208,2026-08-08 04:00:00+00:00,3348.70068359375,3422.7124625,3829.4125,2026-05-07 18:00:00+00:00,2026-08-07 17:00:00+00:00,online
2026-08-07,2026-08-10 08:10:37+00:00,FR,wind_onshore,chronos2_online,Chronos2 with covariates,weather_4p+tso_forecast,2208,2026-08-08 05:00:00+00:00,3006.220703125,3184.227415,3720.0,2026-05-07 18:00:00+00:00,2026-08-07 17:00:00+00:00,online
2026-08-07,2026-08-10 08:10:37+00:00,FR,wind_onshore,chronos2_online,Chronos2 with covariates,weather_4p+tso_forecast,2208,2026-08-08 06:00:00+00:00,2110.1982421875,2567.8025525000003,2620.225,2026-05-07 18:00:00+00:00,2026-08-07 17:00:00+00:00,online
2026-08-07,2026-08-10 08:10:37+00:00,FR,wind_onshore,chronos2_online,Chronos2 with covariates,weather_4p+tso_forecast,2208,2026-08-08 07:00:00+00:00,1305.702392578125,1533.32251,1226.715,2026-05-07 18:00:00+00:00,2026-08-07 17:00:00+00:00,online
2026-08-07,2026-08-10 08:10:37+00:00,FR,wind_onshore,chronos2_online,Chronos2 with covariates,weather_4p+tso_forecast,2208,2026-08-08 08:00:00+00:00,1058.712890625,922.01494,914.0575,2026-05-07 18:00:00+00:00,2026-08-07 17:00:00+00:00,online
2026-08-07,2026-08-10 08:10:37+00:00,FR,wind_onshore,chronos2_online,Chronos2 with covariates,weather_4p+tso_forecast,2208,2026-08-08 09:00:00+00:00,1053.20458984375,531.455095,1391.99,2026-05-07 18:00:00+00:00,2026-08-07 17:00:00+00:00,online
2026-08-07,2026-08-10 08:10:37+00:00,FR,wind_onshore,chronos2_online,Chronos2 with covariates,weather_4p+tso_forecast,2208,2026-08-08 10:00:00+00:00,775.652099609375,278.00245,1197.3525,2026-05-07 18:00:00+00:00,2026-08-07 17:00:00+00:00,online
2026-08-07,2026-08-10 08:10:37+00:00,FR,wind_onshore,chronos2_online,Chronos2 with covariates,weather_4p+tso_forecast,2208,2026-08-08 11:00:00+00:00,680.81103515625,227.694945,1141.0775,2026-05-07 18:00:00+00:00,2026-08-07 17:00:00+00:00,online
2026-08-07,2026-08-10 08:10:37+00:00,FR,wind_onshore,chronos2_online,Chronos2 with covariates,weather_4p+tso_forecast,2208,2026-08-08 12:00:00+00:00,593.5224609375,195.9850525,1117.2,2026-05-07 18:00:00+00:00,2026-08-07 17:00:00+00:00,online
2026-08-07,2026-08-10 08:10:37+00:00,FR,wind_onshore,chronos2_online,Chronos2 with covariates,weather_4p+tso_forecast,2208,2026-08-08 13:00:00+00:00,566.28076171875,308.694865,1176.54,2026-05-07 18:00:00+00:00,2026-08-07 17:00:00+00:00,online
2026-08-07,2026-08-10 08:10:37+00:00,FR,wind_onshore,chronos2_online,Chronos2 with covariates,weather_4p+tso_forecast,2208,2026-08-08 14:00:00+00:00,639.398681640625,412.2146975,857.11,2026-05-07 18:00:00+00:00,2026-08-07 17:00:00+00:00,online
2026-08-07,2026-08-10 08:10:37+00:00,FR,wind_onshore,chronos2_online,Chronos2 with covariates,weather_4p+tso_forecast,2208,2026-08-08 15:00:00+00:00,730.340576171875,546.5700075,719.7125,2026-05-07 18:00:00+00:00,2026-08-07 17:00:00+00:00,online
2026-08-07,2026-08-10 08:10:37+00:00,FR,wind_onshore,chronos2_online,Chronos2 with covariates,weather_4p+tso_forecast,2208,2026-08-08 16:00:00+00:00,779.102294921875,534.947495,717.79,2026-05-07 18:00:00+00:00,2026-08-07 17:00:00+00:00,online
2026-08-07,2026-08-10 08:10:37+00:00,FR,wind_onshore,chronos2_online,Chronos2 with covariates,weather_4p+tso_forecast,2208,2026-08-08 17:00:00+00:00,888.077880859375,580.0200025,712.3175,2026-05-07 18:00:00+00:00,2026-08-07 17:00:00+00:00,online
2026-08-07,2026-08-10 08:10:37+00:00,FR,wind_onshore,xgboost_online,XGBoost with covariates,weather_4p+tso_forecast,2208,2026-08-07 18:00:00+00:00,2316.324462890625,2121.23999,2119.5699999999997,2026-05-07 18:00:00+00:00,2026-08-07 17:00:00+00:00,online
2026-08-07,2026-08-10 08:10:37+00:00,FR,wind_onshore,xgboost_online,XGBoost with covariates,weather_4p+tso_forecast,2208,2026-08-07 19:00:00+00:00,3230.720947265625,2901.4674675,2584.64,2026-05-07 18:00:00+00:00,2026-08-07 17:00:00+00:00,online
2026-08-07,2026-08-10 08:10:37+00:00,FR,wind_onshore,xgboost_online,XGBoost with covariates,weather_4p+tso_forecast,2208,2026-08-07 20:00:00+00:00,3749.96337890625,3659.545045,3916.0825,2026-05-07 18:00:00+00:00,2026-08-07 17:00:00+00:00,online
2026-08-07,2026-08-10 08:10:37+00:00,FR,wind_onshore,xgboost_online,XGBoost with covariates,weather_4p+tso_forecast,2208,2026-08-07 21:00:00+00:00,4024.776611328125,4005.50995,4735.6325,2026-05-07 18:00:00+00:00,2026-08-07 17:00:00+00:00,online
2026-08-07,2026-08-10 08:10:37+00:00,FR,wind_onshore,xgboost_online,XGBoost with covariates,weather_4p+tso_forecast,2208,2026-08-07 22:00:00+00:00,4232.1005859375,4223.1174325,5079.095,2026-05-07 18:00:00+00:00,2026-08-07 17:00:00+00:00,online
2026-08-07,2026-08-10 08:10:37+00:00,FR,wind_onshore,xgboost_online,XGBoost with covariates,weather_4p+tso_forecast,2208,2026-08-07 23:00:00+00:00,4234.3916015625,4104.26996,5241.6025,2026-05-07 18:00:00+00:00,2026-08-07 17:00:00+00:00,online
2026-08-07,2026-08-10 08:10:37+00:00,FR,wind_onshore,xgboost_online,XGBoost with covariates,weather_4p+tso_forecast,2208,2026-08-08 00:00:00+00:00,4138.50830078125,3974.9175425,5144.775,2026-05-07 18:00:00+00:00,2026-08-07 17:00:00+00:00,online
2026-08-07,2026-08-10 08:10:37+00:00,FR,wind_onshore,xgboost_online,XGBoost with covariates,weather_4p+tso_forecast,2208,2026-08-08 01:00:00+00:00,3935.659423828125,3850.53491,5137.145,2026-05-07 18:00:00+00:00,2026-08-07 17:00:00+00:00,online
2026-08-07,2026-08-10 08:10:37+00:00,FR,wind_onshore,xgboost_online,XGBoost with covariates,weather_4p+tso_forecast,2208,2026-08-08 02:00:00+00:00,4110.810546875,3750.6575925,4724.6075,2026-05-07 18:00:00+00:00,2026-08-07 17:00:00+00:00,online
2026-08-07,2026-08-10 08:10:37+00:00,FR,wind_onshore,xgboost_online,XGBoost with covariates,weather_4p+tso_forecast,2208,2026-08-08 03:00:00+00:00,3919.514892578125,3600.64752,4221.4575,2026-05-07 18:00:00+00:00,2026-08-07 17:00:00+00:00,online
2026-08-07,2026-08-10 08:10:37+00:00,FR,wind_onshore,xgboost_online,XGBoost with covariates,weather_4p+tso_forecast,2208,2026-08-08 04:00:00+00:00,3868.8544921875,3422.7124625,3829.4125,2026-05-07 18:00:00+00:00,2026-08-07 17:00:00+00:00,online
2026-08-07,2026-08-10 08:10:37+00:00,FR,wind_onshore,xgboost_online,XGBoost with covariates,weather_4p+tso_forecast,2208,2026-08-08 05:00:00+00:00,3583.33544921875,3184.227415,3720.0,2026-05-07 18:00:00+00:00,2026-08-07 17:00:00+00:00,online
2026-08-07,2026-08-10 08:10:37+00:00,FR,wind_onshore,xgboost_online,XGBoost with covariates,weather_4p+tso_forecast,2208,2026-08-08 06:00:00+00:00,2864.6796875,2567.8025525000003,2620.225,2026-05-07 18:00:00+00:00,2026-08-07 17:00:00+00:00,online
2026-08-07,2026-08-10 08:10:37+00:00,FR,wind_onshore,xgboost_online,XGBoost with covariates,weather_4p+tso_forecast,2208,2026-08-08 07:00:00+00:00,1818.4453125,1533.32251,1226.715,2026-05-07 18:00:00+00:00,2026-08-07 17:00:00+00:00,online
2026-08-07,2026-08-10 08:10:37+00:00,FR,wind_onshore,xgboost_online,XGBoost with covariates,weather_4p+tso_forecast,2208,2026-08-08 08:00:00+00:00,1310.17041015625,922.01494,914.0575,2026-05-07 18:00:00+00:00,2026-08-07 17:00:00+00:00,online
2026-08-07,2026-08-10 08:10:37+00:00,FR,wind_onshore,xgboost_online,XGBoost with covariates,weather_4p+tso_forecast,2208,2026-08-08 09:00:00+00:00,1100.93603515625,531.455095,1391.99,2026-05-07 18:00:00+00:00,2026-08-07 17:00:00+00:00,online
2026-08-07,2026-08-10 08:10:37+00:00,FR,wind_onshore,xgboost_online,XGBoost with covariates,weather_4p+tso_forecast,2208,2026-08-08 10:00:00+00:00,1023.0844116210938,278.00245,1197.3525,2026-05-07 18:00:00+00:00,2026-08-07 17:00:00+00:00,online
2026-08-07,2026-08-10 08:10:37+00:00,FR,wind_onshore,xgboost_online,XGBoost with covariates,weather_4p+tso_forecast,2208,2026-08-08 11:00:00+00:00,1029.876708984375,227.694945,1141.0775,2026-05-07 18:00:00+00:00,2026-08-07 17:00:00+00:00,online
2026-08-07,2026-08-10 08:10:37+00:00,FR,wind_onshore,xgboost_online,XGBoost with covariates,weather_4p+tso_forecast,2208,2026-08-08 12:00:00+00:00,1015.472900390625,195.9850525,1117.2,2026-05-07 18:00:00+00:00,2026-08-07 17:00:00+00:00,online
2026-08-07,2026-08-10 08:10:37+00:00,FR,wind_onshore,xgboost_online,XGBoost with covariates,weather_4p+tso_forecast,2208,2026-08-08 13:00:00+00:00,1015.472900390625,308.694865,1176.54,2026-05-07 18:00:00+00:00,2026-08-07 17:00:00+00:00,online
2026-08-07,2026-08-10 08:10:37+00:00,FR,wind_onshore,xgboost_online,XGBoost with covariates,weather_4p+tso_forecast,2208,2026-08-08 14:00:00+00:00,1022.2653198242188,412.2146975,857.11,2026-05-07 18:00:00+00:00,2026-08-07 17:00:00+00:00,online
2026-08-07,2026-08-10 08:10:37+00:00,FR,wind_onshore,xgboost_online,XGBoost with covariates,weather_4p+tso_forecast,2208,2026-08-08 15:00:00+00:00,1001.2994384765624,546.5700075,719.7125,2026-05-07 18:00:00+00:00,2026-08-07 17:00:00+00:00,online
2026-08-07,2026-08-10 08:10:37+00:00,FR,wind_onshore,xgboost_online,XGBoost with covariates,weather_4p+tso_forecast,2208,2026-08-08 16:00:00+00:00,1008.091796875,534.947495,717.79,2026-05-07 18:00:00+00:00,2026-08-07 17:00:00+00:00,online
2026-08-07,2026-08-10 08:10:37+00:00,FR,wind_onshore,xgboost_online,XGBoost with covariates,weather_4p+tso_forecast,2208,2026-08-08 17:00:00+00:00,979.9853515625,580.0200025,712.3175,2026-05-07 18:00:00+00:00,2026-08-07 17:00:00+00:00,online
2026-08-07,2026-08-10 08:10:37+00:00,FR,wind_offshore,tso_reference,TSO forecast,tso_forecast,2208,2026-08-07 18:00:00+00:00,355.54499250000003,355.54499250000003,421.7575,2026-05-07 18:00:00+00:00,2026-08-07 17:00:00+00:00,online
2026-08-07,2026-08-10 08:10:37+00:00,FR,wind_offshore,tso_reference,TSO forecast,tso_forecast,2208,2026-08-07 19:00:00+00:00,408.2425075,408.2425075,465.9825,2026-05-07 18:00:00+00:00,2026-08-07 17:00:00+00:00,online
2026-08-07,2026-08-10 08:10:37+00:00,FR,wind_offshore,tso_reference,TSO forecast,tso_forecast,2208,2026-08-07 20:00:00+00:00,414.435005,414.435005,452.105,2026-05-07 18:00:00+00:00,2026-08-07 17:00:00+00:00,online
2026-08-07,2026-08-10 08:10:37+00:00,FR,wind_offshore,tso_reference,TSO forecast,tso_forecast,2208,2026-08-07 21:00:00+00:00,449.9374925,449.9374925,534.635,2026-05-07 18:00:00+00:00,2026-08-07 17:00:00+00:00,online
2026-08-07,2026-08-10 08:10:37+00:00,FR,wind_offshore,tso_reference,TSO forecast,tso_forecast,2208,2026-08-07 22:00:00+00:00,534.9450075,534.9450075,698.635,2026-05-07 18:00:00+00:00,2026-08-07 17:00:00+00:00,online
2026-08-07,2026-08-10 08:10:37+00:00,FR,wind_offshore,tso_reference,TSO forecast,tso_forecast,2208,2026-08-07 23:00:00+00:00,630.0475025000001,630.0475025000001,744.5125,2026-05-07 18:00:00+00:00,2026-08-07 17:00:00+00:00,online
2026-08-07,2026-08-10 08:10:37+00:00,FR,wind_offshore,tso_reference,TSO forecast,tso_forecast,2208,2026-08-08 00:00:00+00:00,631.2774975,631.2774975,675.06,2026-05-07 18:00:00+00:00,2026-08-07 17:00:00+00:00,online
2026-08-07,2026-08-10 08:10:37+00:00,FR,wind_offshore,tso_reference,TSO forecast,tso_forecast,2208,2026-08-08 01:00:00+00:00,563.45999,563.45999,564.3425,2026-05-07 18:00:00+00:00,2026-08-07 17:00:00+00:00,online
2026-08-07,2026-08-10 08:10:37+00:00,FR,wind_offshore,tso_reference,TSO forecast,tso_forecast,2208,2026-08-08 02:00:00+00:00,513.05252,513.05252,467.78,2026-05-07 18:00:00+00:00,2026-08-07 17:00:00+00:00,online
2026-08-07,2026-08-10 08:10:37+00:00,FR,wind_offshore,tso_reference,TSO forecast,tso_forecast,2208,2026-08-08 03:00:00+00:00,443.7649925,443.7649925,373.57,2026-05-07 18:00:00+00:00,2026-08-07 17:00:00+00:00,online
2026-08-07,2026-08-10 08:10:37+00:00,FR,wind_offshore,tso_reference,TSO forecast,tso_forecast,2208,2026-08-08 04:00:00+00:00,377.78,377.78,372.7525,2026-05-07 18:00:00+00:00,2026-08-07 17:00:00+00:00,online
2026-08-07,2026-08-10 08:10:37+00:00,FR,wind_offshore,tso_reference,TSO forecast,tso_forecast,2208,2026-08-08 05:00:00+00:00,334.08751,334.08751,309.7525,2026-05-07 18:00:00+00:00,2026-08-07 17:00:00+00:00,online
2026-08-07,2026-08-10 08:10:37+00:00,FR,wind_offshore,tso_reference,TSO forecast,tso_forecast,2208,2026-08-08 06:00:00+00:00,316.54249,316.54249,252.07,2026-05-07 18:00:00+00:00,2026-08-07 17:00:00+00:00,online
2026-08-07,2026-08-10 08:10:37+00:00,FR,wind_offshore,tso_reference,TSO forecast,tso_forecast,2208,2026-08-08 07:00:00+00:00,260.7849925,260.7849925,215.58249999999998,2026-05-07 18:00:00+00:00,2026-08-07 17:00:00+00:00,online
2026-08-07,2026-08-10 08:10:37+00:00,FR,wind_offshore,tso_reference,TSO forecast,tso_forecast,2208,2026-08-08 08:00:00+00:00,212.11,212.11,161.51,2026-05-07 18:00:00+00:00,2026-08-07 17:00:00+00:00,online
2026-08-07,2026-08-10 08:10:37+00:00,FR,wind_offshore,tso_reference,TSO forecast,tso_forecast,2208,2026-08-08 09:00:00+00:00,174.759995,174.759995,82.475,2026-05-07 18:00:00+00:00,2026-08-07 17:00:00+00:00,online
2026-08-07,2026-08-10 08:10:37+00:00,FR,wind_offshore,tso_reference,TSO forecast,tso_forecast,2208,2026-08-08 10:00:00+00:00,93.63,93.63,61.207499999999996,2026-05-07 18:00:00+00:00,2026-08-07 17:00:00+00:00,online
2026-08-07,2026-08-10 08:10:37+00:00,FR,wind_offshore,tso_reference,TSO forecast,tso_forecast,2208,2026-08-08 11:00:00+00:00,86.64,86.64,46.6775,2026-05-07 18:00:00+00:00,2026-08-07 17:00:00+00:00,online
2026-08-07,2026-08-10 08:10:37+00:00,FR,wind_offshore,tso_reference,TSO forecast,tso_forecast,2208,2026-08-08 12:00:00+00:00,80.01499749999999,80.01499749999999,37.9175,2026-05-07 18:00:00+00:00,2026-08-07 17:00:00+00:00,online
2026-08-07,2026-08-10 08:10:37+00:00,FR,wind_offshore,tso_reference,TSO forecast,tso_forecast,2208,2026-08-08 13:00:00+00:00,103.9049975,103.9049975,131.485,2026-05-07 18:00:00+00:00,2026-08-07 17:00:00+00:00,online
2026-08-07,2026-08-10 08:10:37+00:00,FR,wind_offshore,tso_reference,TSO forecast,tso_forecast,2208,2026-08-08 14:00:00+00:00,139.3025,139.3025,155.4975,2026-05-07 18:00:00+00:00,2026-08-07 17:00:00+00:00,online
2026-08-07,2026-08-10 08:10:37+00:00,FR,wind_offshore,tso_reference,TSO forecast,tso_forecast,2208,2026-08-08 15:00:00+00:00,156.85,156.85,216.735,2026-05-07 18:00:00+00:00,2026-08-07 17:00:00+00:00,online
2026-08-07,2026-08-10 08:10:37+00:00,FR,wind_offshore,tso_reference,TSO forecast,tso_forecast,2208,2026-08-08 16:00:00+00:00,181.5775,181.5775,249.7375,2026-05-07 18:00:00+00:00,2026-08-07 17:00:00+00:00,online
2026-08-07,2026-08-10 08:10:37+00:00,FR,wind_offshore,tso_reference,TSO forecast,tso_forecast,2208,2026-08-08 17:00:00+00:00,203.405005,203.405005,290.75,2026-05-07 18:00:00+00:00,2026-08-07 17:00:00+00:00,online
2026-08-07,2026-08-10 08:10:37+00:00,FR,wind_offshore,persistence,Persistence,daily_persistence,2208,2026-08-07 18:00:00+00:00,669.355,355.54499250000003,421.7575,2026-05-07 18:00:00+00:00,2026-08-07 17:00:00+00:00,online
2026-08-07,2026-08-10 08:10:37+00:00,FR,wind_offshore,persistence,Persistence,daily_persistence,2208,2026-08-07 19:00:00+00:00,705.165,408.2425075,465.9825,2026-05-07 18:00:00+00:00,2026-08-07 17:00:00+00:00,online
2026-08-07,2026-08-10 08:10:37+00:00,FR,wind_offshore,persistence,Persistence,daily_persistence,2208,2026-08-07 20:00:00+00:00,678.25,414.435005,452.105,2026-05-07 18:00:00+00:00,2026-08-07 17:00:00+00:00,online
2026-08-07,2026-08-10 08:10:37+00:00,FR,wind_offshore,persistence,Persistence,daily_persistence,2208,2026-08-07 21:00:00+00:00,755.99,449.9374925,534.635,2026-05-07 18:00:00+00:00,2026-08-07 17:00:00+00:00,online
2026-08-07,2026-08-10 08:10:37+00:00,FR,wind_offshore,persistence,Persistence,daily_persistence,2208,2026-08-07 22:00:00+00:00,742.665,534.9450075,698.635,2026-05-07 18:00:00+00:00,2026-08-07 17:00:00+00:00,online
2026-08-07,2026-08-10 08:10:37+00:00,FR,wind_offshore,persistence,Persistence,daily_persistence,2208,2026-08-07 23:00:00+00:00,687.1575,630.0475025000001,744.5125,2026-05-07 18:00:00+00:00,2026-08-07 17:00:00+00:00,online
2026-08-07,2026-08-10 08:10:37+00:00,FR,wind_offshore,persistence,Persistence,daily_persistence,2208,2026-08-08 00:00:00+00:00,780.7375,631.2774975,675.06,2026-05-07 18:00:00+00:00,2026-08-07 17:00:00+00:00,online
2026-08-07,2026-08-10 08:10:37+00:00,FR,wind_offshore,persistence,Persistence,daily_persistence,2208,2026-08-08 01:00:00+00:00,741.5225,563.45999,564.3425,2026-05-07 18:00:00+00:00,2026-08-07 17:00:00+00:00,online
2026-08-07,2026-08-10 08:10:37+00:00,FR,wind_offshore,persistence,Persistence,daily_persistence,2208,2026-08-08 02:00:00+00:00,651.71,513.05252,467.78,2026-05-07 18:00:00+00:00,2026-08-07 17:00:00+00:00,online
2026-08-07,2026-08-10 08:10:37+00:00,FR,wind_offshore,persistence,Persistence,daily_persistence,2208,2026-08-08 03:00:00+00:00,518.1800000000001,443.7649925,373.57,2026-05-07 18:00:00+00:00,2026-08-07 17:00:00+00:00,online
2026-08-07,2026-08-10 08:10:37+00:00,FR,wind_offshore,persistence,Persistence,daily_persistence,2208,2026-08-08 04:00:00+00:00,511.055,377.78,372.7525,2026-05-07 18:00:00+00:00,2026-08-07 17:00:00+00:00,online
2026-08-07,2026-08-10 08:10:37+00:00,FR,wind_offshore,persistence,Persistence,daily_persistence,2208,2026-08-08 05:00:00+00:00,578.575,334.08751,309.7525,2026-05-07 18:00:00+00:00,2026-08-07 17:00:00+00:00,online
2026-08-07,2026-08-10 08:10:37+00:00,FR,wind_offshore,persistence,Persistence,daily_persistence,2208,2026-08-08 06:00:00+00:00,458.52,316.54249,252.07,2026-05-07 18:00:00+00:00,2026-08-07 17:00:00+00:00,online
2026-08-07,2026-08-10 08:10:37+00:00,FR,wind_offshore,persistence,Persistence,daily_persistence,2208,2026-08-08 07:00:00+00:00,310.51750000000004,260.7849925,215.58249999999998,2026-05-07 18:00:00+00:00,2026-08-07 17:00:00+00:00,online
2026-08-07,2026-08-10 08:10:37+00:00,FR,wind_offshore,persistence,Persistence,daily_persistence,2208,2026-08-08 08:00:00+00:00,214.8575,212.11,161.51,2026-05-07 18:00:00+00:00,2026-08-07 17:00:00+00:00,online
2026-08-07,2026-08-10 08:10:37+00:00,FR,wind_offshore,persistence,Persistence,daily_persistence,2208,2026-08-08 09:00:00+00:00,165.075,174.759995,82.475,2026-05-07 18:00:00+00:00,2026-08-07 17:00:00+00:00,online
2026-08-07,2026-08-10 08:10:37+00:00,FR,wind_offshore,persistence,Persistence,daily_persistence,2208,2026-08-08 10:00:00+00:00,102.545,93.63,61.207499999999996,2026-05-07 18:00:00+00:00,2026-08-07 17:00:00+00:00,online
2026-08-07,2026-08-10 08:10:37+00:00,FR,wind_offshore,persistence,Persistence,daily_persistence,2208,2026-08-08 11:00:00+00:00,88.33500000000001,86.64,46.6775,2026-05-07 18:00:00+00:00,2026-08-07 17:00:00+00:00,online
2026-08-07,2026-08-10 08:10:37+00:00,FR,wind_offshore,persistence,Persistence,daily_persistence,2208,2026-08-08 12:00:00+00:00,99.1075,80.01499749999999,37.9175,2026-05-07 18:00:00+00:00,2026-08-07 17:00:00+00:00,online
2026-08-07,2026-08-10 08:10:37+00:00,FR,wind_offshore,persistence,Persistence,daily_persistence,2208,2026-08-08 13:00:00+00:00,142.85,103.9049975,131.485,2026-05-07 18:00:00+00:00,2026-08-07 17:00:00+00:00,online
2026-08-07,2026-08-10 08:10:37+00:00,FR,wind_offshore,persistence,Persistence,daily_persistence,2208,2026-08-08 14:00:00+00:00,154.505,139.3025,155.4975,2026-05-07 18:00:00+00:00,2026-08-07 17:00:00+00:00,online
2026-08-07,2026-08-10 08:10:37+00:00,FR,wind_offshore,persistence,Persistence,daily_persistence,2208,2026-08-08 15:00:00+00:00,185.975,156.85,216.735,2026-05-07 18:00:00+00:00,2026-08-07 17:00:00+00:00,online
2026-08-07,2026-08-10 08:10:37+00:00,FR,wind_offshore,persistence,Persistence,daily_persistence,2208,2026-08-08 16:00:00+00:00,224.3975,181.5775,249.7375,2026-05-07 18:00:00+00:00,2026-08-07 17:00:00+00:00,online
2026-08-07,2026-08-10 08:10:37+00:00,FR,wind_offshore,persistence,Persistence,daily_persistence,2208,2026-08-08 17:00:00+00:00,351.15749999999997,203.405005,290.75,2026-05-07 18:00:00+00:00,2026-08-07 17:00:00+00:00,online
2026-08-07,2026-08-10 08:10:37+00:00,FR,wind_offshore,chronos2_online,Chronos2 with covariates,weather_4p+tso_forecast,2208,2026-08-07 18:00:00+00:00,441.4581298828125,355.54499250000003,421.7575,2026-05-07 18:00:00+00:00,2026-08-07 17:00:00+00:00,online
2026-08-07,2026-08-10 08:10:37+00:00,FR,wind_offshore,chronos2_online,Chronos2 with covariates,weather_4p+tso_forecast,2208,2026-08-07 19:00:00+00:00,462.58062744140625,408.2425075,465.9825,2026-05-07 18:00:00+00:00,2026-08-07 17:00:00+00:00,online
2026-08-07,2026-08-10 08:10:37+00:00,FR,wind_offshore,chronos2_online,Chronos2 with covariates,weather_4p+tso_forecast,2208,2026-08-07 20:00:00+00:00,471.2404174804687,414.435005,452.105,2026-05-07 18:00:00+00:00,2026-08-07 17:00:00+00:00,online
2026-08-07,2026-08-10 08:10:37+00:00,FR,wind_offshore,chronos2_online,Chronos2 with covariates,weather_4p+tso_forecast,2208,2026-08-07 21:00:00+00:00,510.8829956054687,449.9374925,534.635,2026-05-07 18:00:00+00:00,2026-08-07 17:00:00+00:00,online
2026-08-07,2026-08-10 08:10:37+00:00,FR,wind_offshore,chronos2_online,Chronos2 with covariates,weather_4p+tso_forecast,2208,2026-08-07 22:00:00+00:00,591.4896240234375,534.9450075,698.635,2026-05-07 18:00:00+00:00,2026-08-07 17:00:00+00:00,online
2026-08-07,2026-08-10 08:10:37+00:00,FR,wind_offshore,chronos2_online,Chronos2 with covariates,weather_4p+tso_forecast,2208,2026-08-07 23:00:00+00:00,641.663818359375,630.0475025000001,744.5125,2026-05-07 18:00:00+00:00,2026-08-07 17:00:00+00:00,online
2026-08-07,2026-08-10 08:10:37+00:00,FR,wind_offshore,chronos2_online,Chronos2 with covariates,weather_4p+tso_forecast,2208,2026-08-08 00:00:00+00:00,648.166015625,631.2774975,675.06,2026-05-07 18:00:00+00:00,2026-08-07 17:00:00+00:00,online
2026-08-07,2026-08-10 08:10:37+00:00,FR,wind_offshore,chronos2_online,Chronos2 with covariates,weather_4p+tso_forecast,2208,2026-08-08 01:00:00+00:00,609.80078125,563.45999,564.3425,2026-05-07 18:00:00+00:00,2026-08-07 17:00:00+00:00,online
2026-08-07,2026-08-10 08:10:37+00:00,FR,wind_offshore,chronos2_online,Chronos2 with covariates,weather_4p+tso_forecast,2208,2026-08-08 02:00:00+00:00,531.146728515625,513.05252,467.78,2026-05-07 18:00:00+00:00,2026-08-07 17:00:00+00:00,online
2026-08-07,2026-08-10 08:10:37+00:00,FR,wind_offshore,chronos2_online,Chronos2 with covariates,weather_4p+tso_forecast,2208,2026-08-08 03:00:00+00:00,444.195556640625,443.7649925,373.57,2026-05-07 18:00:00+00:00,2026-08-07 17:00:00+00:00,online
2026-08-07,2026-08-10 08:10:37+00:00,FR,wind_offshore,chronos2_online,Chronos2 with covariates,weather_4p+tso_forecast,2208,2026-08-08 04:00:00+00:00,374.2053527832031,377.78,372.7525,2026-05-07 18:00:00+00:00,2026-08-07 17:00:00+00:00,online
2026-08-07,2026-08-10 08:10:37+00:00,FR,wind_offshore,chronos2_online,Chronos2 with covariates,weather_4p+tso_forecast,2208,2026-08-08 05:00:00+00:00,316.76068115234375,334.08751,309.7525,2026-05-07 18:00:00+00:00,2026-08-07 17:00:00+00:00,online
2026-08-07,2026-08-10 08:10:37+00:00,FR,wind_offshore,chronos2_online,Chronos2 with covariates,weather_4p+tso_forecast,2208,2026-08-08 06:00:00+00:00,264.8467102050781,316.54249,252.07,2026-05-07 18:00:00+00:00,2026-08-07 17:00:00+00:00,online
2026-08-07,2026-08-10 08:10:37+00:00,FR,wind_offshore,chronos2_online,Chronos2 with covariates,weather_4p+tso_forecast,2208,2026-08-08 07:00:00+00:00,215.65106201171875,260.7849925,215.58249999999998,2026-05-07 18:00:00+00:00,2026-08-07 17:00:00+00:00,online
2026-08-07,2026-08-10 08:10:37+00:00,FR,wind_offshore,chronos2_online,Chronos2 with covariates,weather_4p+tso_forecast,2208,2026-08-08 08:00:00+00:00,175.41860961914062,212.11,161.51,2026-05-07 18:00:00+00:00,2026-08-07 17:00:00+00:00,online
2026-08-07,2026-08-10 08:10:37+00:00,FR,wind_offshore,chronos2_online,Chronos2 with covariates,weather_4p+tso_forecast,2208,2026-08-08 09:00:00+00:00,152.06640625,174.759995,82.475,2026-05-07 18:00:00+00:00,2026-08-07 17:00:00+00:00,online
2026-08-07,2026-08-10 08:10:37+00:00,FR,wind_offshore,chronos2_online,Chronos2 with covariates,weather_4p+tso_forecast,2208,2026-08-08 10:00:00+00:00,120.51895141601562,93.63,61.207499999999996,2026-05-07 18:00:00+00:00,2026-08-07 17:00:00+00:00,online
2026-08-07,2026-08-10 08:10:37+00:00,FR,wind_offshore,chronos2_online,Chronos2 with covariates,weather_4p+tso_forecast,2208,2026-08-08 11:00:00+00:00,118.3233642578125,86.64,46.6775,2026-05-07 18:00:00+00:00,2026-08-07 17:00:00+00:00,online
2026-08-07,2026-08-10 08:10:37+00:00,FR,wind_offshore,chronos2_online,Chronos2 with covariates,weather_4p+tso_forecast,2208,2026-08-08 12:00:00+00:00,112.7449951171875,80.01499749999999,37.9175,2026-05-07 18:00:00+00:00,2026-08-07 17:00:00+00:00,online
2026-08-07,2026-08-10 08:10:37+00:00,FR,wind_offshore,chronos2_online,Chronos2 with covariates,weather_4p+tso_forecast,2208,2026-08-08 13:00:00+00:00,131.76055908203125,103.9049975,131.485,2026-05-07 18:00:00+00:00,2026-08-07 17:00:00+00:00,online
2026-08-07,2026-08-10 08:10:37+00:00,FR,wind_offshore,chronos2_online,Chronos2 with covariates,weather_4p+tso_forecast,2208,2026-08-08 14:00:00+00:00,148.26187133789062,139.3025,155.4975,2026-05-07 18:00:00+00:00,2026-08-07 17:00:00+00:00,online
2026-08-07,2026-08-10 08:10:37+00:00,FR,wind_offshore,chronos2_online,Chronos2 with covariates,weather_4p+tso_forecast,2208,2026-08-08 15:00:00+00:00,153.87493896484375,156.85,216.735,2026-05-07 18:00:00+00:00,2026-08-07 17:00:00+00:00,online
2026-08-07,2026-08-10 08:10:37+00:00,FR,wind_offshore,chronos2_online,Chronos2 with covariates,weather_4p+tso_forecast,2208,2026-08-08 16:00:00+00:00,179.19781494140625,181.5775,249.7375,2026-05-07 18:00:00+00:00,2026-08-07 17:00:00+00:00,online
2026-08-07,2026-08-10 08:10:37+00:00,FR,wind_offshore,chronos2_online,Chronos2 with covariates,weather_4p+tso_forecast,2208,2026-08-08 17:00:00+00:00,234.89321899414065,203.405005,290.75,2026-05-07 18:00:00+00:00,2026-08-07 17:00:00+00:00,online
2026-08-07,2026-08-10 08:10:37+00:00,FR,wind_offshore,xgboost_online,XGBoost with covariates,weather_4p+tso_forecast,2208,2026-08-07 18:00:00+00:00,364.8489074707031,355.54499250000003,421.7575,2026-05-07 18:00:00+00:00,2026-08-07 17:00:00+00:00,online
2026-08-07,2026-08-10 08:10:37+00:00,FR,wind_offshore,xgboost_online,XGBoost with covariates,weather_4p+tso_forecast,2208,2026-08-07 19:00:00+00:00,412.6849060058594,408.2425075,465.9825,2026-05-07 18:00:00+00:00,2026-08-07 17:00:00+00:00,online
2026-08-07,2026-08-10 08:10:37+00:00,FR,wind_offshore,xgboost_online,XGBoost with covariates,weather_4p+tso_forecast,2208,2026-08-07 20:00:00+00:00,419.607177734375,414.435005,452.105,2026-05-07 18:00:00+00:00,2026-08-07 17:00:00+00:00,online
2026-08-07,2026-08-10 08:10:37+00:00,FR,wind_offshore,xgboost_online,XGBoost with covariates,weather_4p+tso_forecast,2208,2026-08-07 21:00:00+00:00,459.111328125,449.9374925,534.635,2026-05-07 18:00:00+00:00,2026-08-07 17:00:00+00:00,online
2026-08-07,2026-08-10 08:10:37+00:00,FR,wind_offshore,xgboost_online,XGBoost with covariates,weather_4p+tso_forecast,2208,2026-08-07 22:00:00+00:00,567.1624145507812,534.9450075,698.635,2026-05-07 18:00:00+00:00,2026-08-07 17:00:00+00:00,online
2026-08-07,2026-08-10 08:10:37+00:00,FR,wind_offshore,xgboost_online,XGBoost with covariates,weather_4p+tso_forecast,2208,2026-08-07 23:00:00+00:00,594.4486083984375,630.0475025000001,744.5125,2026-05-07 18:00:00+00:00,2026-08-07 17:00:00+00:00,online
2026-08-07,2026-08-10 08:10:37+00:00,FR,wind_offshore,xgboost_online,XGBoost with covariates,weather_4p+tso_forecast,2208,2026-08-08 00:00:00+00:00,585.6107177734375,631.2774975,675.06,2026-05-07 18:00:00+00:00,2026-08-07 17:00:00+00:00,online
2026-08-07,2026-08-10 08:10:37+00:00,FR,wind_offshore,xgboost_online,XGBoost with covariates,weather_4p+tso_forecast,2208,2026-08-08 01:00:00+00:00,521.5069580078125,563.45999,564.3425,2026-05-07 18:00:00+00:00,2026-08-07 17:00:00+00:00,online
2026-08-07,2026-08-10 08:10:37+00:00,FR,wind_offshore,xgboost_online,XGBoost with covariates,weather_4p+tso_forecast,2208,2026-08-08 02:00:00+00:00,430.2623596191406,513.05252,467.78,2026-05-07 18:00:00+00:00,2026-08-07 17:00:00+00:00,online
2026-08-07,2026-08-10 08:10:37+00:00,FR,wind_offshore,xgboost_online,XGBoost with covariates,weather_4p+tso_forecast,2208,2026-08-08 03:00:00+00:00,365.4606628417969,443.7649925,373.57,2026-05-07 18:00:00+00:00,2026-08-07 17:00:00+00:00,online
2026-08-07,2026-08-10 08:10:37+00:00,FR,wind_offshore,xgboost_online,XGBoost with covariates,weather_4p+tso_forecast,2208,2026-08-08 04:00:00+00:00,291.4812316894531,377.78,372.7525,2026-05-07 18:00:00+00:00,2026-08-07 17:00:00+00:00,online
2026-08-07,2026-08-10 08:10:37+00:00,FR,wind_offshore,xgboost_online,XGBoost with covariates,weather_4p+tso_forecast,2208,2026-08-08 05:00:00+00:00,284.30743408203125,334.08751,309.7525,2026-05-07 18:00:00+00:00,2026-08-07 17:00:00+00:00,online
2026-08-07,2026-08-10 08:10:37+00:00,FR,wind_offshore,xgboost_online,XGBoost with covariates,weather_4p+tso_forecast,2208,2026-08-08 06:00:00+00:00,258.1890563964844,316.54249,252.07,2026-05-07 18:00:00+00:00,2026-08-07 17:00:00+00:00,online
2026-08-07,2026-08-10 08:10:37+00:00,FR,wind_offshore,xgboost_online,XGBoost with covariates,weather_4p+tso_forecast,2208,2026-08-08 07:00:00+00:00,191.11380004882812,260.7849925,215.58249999999998,2026-05-07 18:00:00+00:00,2026-08-07 17:00:00+00:00,online
2026-08-07,2026-08-10 08:10:37+00:00,FR,wind_offshore,xgboost_online,XGBoost with covariates,weather_4p+tso_forecast,2208,2026-08-08 08:00:00+00:00,169.2225799560547,212.11,161.51,2026-05-07 18:00:00+00:00,2026-08-07 17:00:00+00:00,online
2026-08-07,2026-08-10 08:10:37+00:00,FR,wind_offshore,xgboost_online,XGBoost with covariates,weather_4p+tso_forecast,2208,2026-08-08 09:00:00+00:00,149.956787109375,174.759995,82.475,2026-05-07 18:00:00+00:00,2026-08-07 17:00:00+00:00,online
2026-08-07,2026-08-10 08:10:37+00:00,FR,wind_offshore,xgboost_online,XGBoost with covariates,weather_4p+tso_forecast,2208,2026-08-08 10:00:00+00:00,116.7319107055664,93.63,61.207499999999996,2026-05-07 18:00:00+00:00,2026-08-07 17:00:00+00:00,online
2026-08-07,2026-08-10 08:10:37+00:00,FR,wind_offshore,xgboost_online,XGBoost with covariates,weather_4p+tso_forecast,2208,2026-08-08 11:00:00+00:00,92.10541534423828,86.64,46.6775,2026-05-07 18:00:00+00:00,2026-08-07 17:00:00+00:00,online
2026-08-07,2026-08-10 08:10:37+00:00,FR,wind_offshore,xgboost_online,XGBoost with covariates,weather_4p+tso_forecast,2208,2026-08-08 12:00:00+00:00,83.93531036376953,80.01499749999999,37.9175,2026-05-07 18:00:00+00:00,2026-08-07 17:00:00+00:00,online
2026-08-07,2026-08-10 08:10:37+00:00,FR,wind_offshore,xgboost_online,XGBoost with covariates,weather_4p+tso_forecast,2208,2026-08-08 13:00:00+00:00,103.51502990722656,103.9049975,131.485,2026-05-07 18:00:00+00:00,2026-08-07 17:00:00+00:00,online
2026-08-07,2026-08-10 08:10:37+00:00,FR,wind_offshore,xgboost_online,XGBoost with covariates,weather_4p+tso_forecast,2208,2026-08-08 14:00:00+00:00,102.0583953857422,139.3025,155.4975,2026-05-07 18:00:00+00:00,2026-08-07 17:00:00+00:00,online
2026-08-07,2026-08-10 08:10:37+00:00,FR,wind_offshore,xgboost_online,XGBoost with covariates,weather_4p+tso_forecast,2208,2026-08-08 15:00:00+00:00,95.50453186035156,156.85,216.735,2026-05-07 18:00:00+00:00,2026-08-07 17:00:00+00:00,online
2026-08-07,2026-08-10 08:10:37+00:00,FR,wind_offshore,xgboost_online,XGBoost with covariates,weather_4p+tso_forecast,2208,2026-08-08 16:00:00+00:00,152.99644470214844,181.5775,249.7375,2026-05-07 18:00:00+00:00,2026-08-07 17:00:00+00:00,online
2026-08-07,2026-08-10 08:10:37+00:00,FR,wind_offshore,xgboost_online,XGBoost with covariates,weather_4p+tso_forecast,2208,2026-08-08 17:00:00+00:00,185.5193023681641,203.405005,290.75,2026-05-07 18:00:00+00:00,2026-08-07 17:00:00+00:00,online
2026-08-07,2026-08-10 08:10:37+00:00,DE,load,tso_reference,TSO forecast,tso_forecast,2208,2026-08-07 18:00:00+00:00,50942.44385425,50942.44385425,48589.045575,2026-05-07 18:00:00+00:00,2026-08-07 17:00:00+00:00,online
2026-08-07,2026-08-10 08:10:37+00:00,DE,load,tso_reference,TSO forecast,tso_forecast,2208,2026-08-07 19:00:00+00:00,48718.1197715,48718.1197715,46515.5699325,2026-05-07 18:00:00+00:00,2026-08-07 17:00:00+00:00,online
2026-08-07,2026-08-10 08:10:37+00:00,DE,load,tso_reference,TSO forecast,tso_forecast,2208,2026-08-07 20:00:00+00:00,45880.2555385,45880.2555385,43657.8793825,2026-05-07 18:00:00+00:00,2026-08-07 17:00:00+00:00,online
2026-08-07,2026-08-10 08:10:37+00:00,DE,load,tso_reference,TSO forecast,tso_forecast,2208,2026-08-07 21:00:00+00:00,42959.8471705,42959.8471705,41529.2365175,2026-05-07 18:00:00+00:00,2026-08-07 17:00:00+00:00,online
2026-08-07,2026-08-10 08:10:37+00:00,DE,load,tso_reference,TSO forecast,tso_forecast,2208,2026-08-07 22:00:00+00:00,40736.25844125,40736.25844125,40236.385555,2026-05-07 18:00:00+00:00,2026-08-07 17:00:00+00:00,online
2026-08-07,2026-08-10 08:10:37+00:00,DE,load,tso_reference,TSO forecast,tso_forecast,2208,2026-08-07 23:00:00+00:00,39070.3455255,39070.3455255,39278.67808,2026-05-07 18:00:00+00:00,2026-08-07 17:00:00+00:00,online
2026-08-07,2026-08-10 08:10:37+00:00,DE,load,tso_reference,TSO forecast,tso_forecast,2208,2026-08-08 00:00:00+00:00,38063.4668505,38063.4668505,38080.909545,2026-05-07 18:00:00+00:00,2026-08-07 17:00:00+00:00,online
2026-08-07,2026-08-10 08:10:37+00:00,DE,load,tso_reference,TSO forecast,tso_forecast,2208,2026-08-08 01:00:00+00:00,37574.263026,37574.263026,37632.7866125,2026-05-07 18:00:00+00:00,2026-08-07 17:00:00+00:00,online
2026-08-07,2026-08-10 08:10:37+00:00,DE,load,tso_reference,TSO forecast,tso_forecast,2208,2026-08-08 02:00:00+00:00,37636.6783795,37636.6783795,37829.6780275,2026-05-07 18:00:00+00:00,2026-08-07 17:00:00+00:00,online
2026-08-07,2026-08-10 08:10:37+00:00,DE,load,tso_reference,TSO forecast,tso_forecast,2208,2026-08-08 03:00:00+00:00,38152.92769975,38152.92769975,38715.2693425,2026-05-07 18:00:00+00:00,2026-08-07 17:00:00+00:00,online
2026-08-07,2026-08-10 08:10:37+00:00,DE,load,tso_reference,TSO forecast,tso_forecast,2208,2026-08-08 04:00:00+00:00,39493.49641825,39493.49641825,39939.00208,2026-05-07 18:00:00+00:00,2026-08-07 17:00:00+00:00,online
2026-08-07,2026-08-10 08:10:37+00:00,DE,load,tso_reference,TSO forecast,tso_forecast,2208,2026-08-08 05:00:00+00:00,41927.602848,41927.602848,42134.635917499996,2026-05-07 18:00:00+00:00,2026-08-07 17:00:00+00:00,online
2026-08-07,2026-08-10 08:10:37+00:00,DE,load,tso_reference,TSO forecast,tso_forecast,2208,2026-08-08 06:00:00+00:00,44795.99334125,44795.99334125,44691.47694,2026-05-07 18:00:00+00:00,2026-08-07 17:00:00+00:00,online
2026-08-07,2026-08-10 08:10:37+00:00,DE,load,tso_reference,TSO forecast,tso_forecast,2208,2026-08-08 07:00:00+00:00,46976.968068,46976.968068,45268.5051425,2026-05-07 18:00:00+00:00,2026-08-07 17:00:00+00:00,online
2026-08-07,2026-08-10 08:10:37+00:00,DE,load,tso_reference,TSO forecast,tso_forecast,2208,2026-08-08 08:00:00+00:00,47856.702668,47856.702668,45253.0903075,2026-05-07 18:00:00+00:00,2026-08-07 17:00:00+00:00,online
2026-08-07,2026-08-10 08:10:37+00:00,DE,load,tso_reference,TSO forecast,tso_forecast,2208,2026-08-08 09:00:00+00:00,47831.5534725,47831.5534725,46351.398725,2026-05-07 18:00:00+00:00,2026-08-07 17:00:00+00:00,online
2026-08-07,2026-08-10 08:10:37+00:00,DE,load,tso_reference,TSO forecast,tso_forecast,2208,2026-08-08 10:00:00+00:00,46772.7009875,46772.7009875,45555.0537925,2026-05-07 18:00:00+00:00,2026-08-07 17:00:00+00:00,online
2026-08-07,2026-08-10 08:10:37+00:00,DE,load,tso_reference,TSO forecast,tso_forecast,2208,2026-08-08 11:00:00+00:00,45750.41823825,45750.41823825,44665.8674975,2026-05-07 18:00:00+00:00,2026-08-07 17:00:00+00:00,online
2026-08-07,2026-08-10 08:10:37+00:00,DE,load,tso_reference,TSO forecast,tso_forecast,2208,2026-08-08 12:00:00+00:00,44779.4370475,44779.4370475,43697.268685,2026-05-07 18:00:00+00:00,2026-08-07 17:00:00+00:00,online
2026-08-07,2026-08-10 08:10:37+00:00,DE,load,tso_reference,TSO forecast,tso_forecast,2208,2026-08-08 13:00:00+00:00,44085.51815925,44085.51815925,43037.592815,2026-05-07 18:00:00+00:00,2026-08-07 17:00:00+00:00,online
2026-08-07,2026-08-10 08:10:37+00:00,DE,load,tso_reference,TSO forecast,tso_forecast,2208,2026-08-08 14:00:00+00:00,44017.25262675,44017.25262675,43398.4632525,2026-05-07 18:00:00+00:00,2026-08-07 17:00:00+00:00,online
2026-08-07,2026-08-10 08:10:37+00:00,DE,load,tso_reference,TSO forecast,tso_forecast,2208,2026-08-08 15:00:00+00:00,44303.03337025,44303.03337025,44059.982685,2026-05-07 18:00:00+00:00,2026-08-07 17:00:00+00:00,online
2026-08-07,2026-08-10 08:10:37+00:00,DE,load,tso_reference,TSO forecast,tso_forecast,2208,2026-08-08 16:00:00+00:00,45883.79894325,45883.79894325,45415.29632,2026-05-07 18:00:00+00:00,2026-08-07 17:00:00+00:00,online
2026-08-07,2026-08-10 08:10:37+00:00,DE,load,tso_reference,TSO forecast,tso_forecast,2208,2026-08-08 17:00:00+00:00,46080.29539825,46080.29539825,46703.5163725,2026-05-07 18:00:00+00:00,2026-08-07 17:00:00+00:00,online
2026-08-07,2026-08-10 08:10:37+00:00,DE,load,persistence,Persistence,weekly_persistence,2208,2026-08-07 18:00:00+00:00,55196.664545,50942.44385425,48589.045575,2026-05-07 18:00:00+00:00,2026-08-07 17:00:00+00:00,online
2026-08-07,2026-08-10 08:10:37+00:00,DE,load,persistence,Persistence,weekly_persistence,2208,2026-08-07 19:00:00+00:00,53624.8126475,48718.1197715,46515.5699325,2026-05-07 18:00:00+00:00,2026-08-07 17:00:00+00:00,online
2026-08-07,2026-08-10 08:10:37+00:00,DE,load,persistence,Persistence,weekly_persistence,2208,2026-08-07 20:00:00+00:00,50631.66439,45880.2555385,43657.8793825,2026-05-07 18:00:00+00:00,2026-08-07 17:00:00+00:00,online
2026-08-07,2026-08-10 08:10:37+00:00,DE,load,persistence,Persistence,weekly_persistence,2208,2026-08-07 21:00:00+00:00,47538.9050275,42959.8471705,41529.2365175,2026-05-07 18:00:00+00:00,2026-08-07 17:00:00+00:00,online
2026-08-07,2026-08-10 08:10:37+00:00,DE,load,persistence,Persistence,weekly_persistence,2208,2026-08-07 22:00:00+00:00,45667.66561,40736.25844125,40236.385555,2026-05-07 18:00:00+00:00,2026-08-07 17:00:00+00:00,online
2026-08-07,2026-08-10 08:10:37+00:00,DE,load,persistence,Persistence,weekly_persistence,2208,2026-08-07 23:00:00+00:00,44427.845669999995,39070.3455255,39278.67808,2026-05-07 18:00:00+00:00,2026-08-07 17:00:00+00:00,online
2026-08-07,2026-08-10 08:10:37+00:00,DE,load,persistence,Persistence,weekly_persistence,2208,2026-08-08 00:00:00+00:00,43696.9284725,38063.4668505,38080.909545,2026-05-07 18:00:00+00:00,2026-08-07 17:00:00+00:00,online
2026-08-07,2026-08-10 08:10:37+00:00,DE,load,persistence,Persistence,weekly_persistence,2208,2026-08-08 01:00:00+00:00,42230.356055,37574.263026,37632.7866125,2026-05-07 18:00:00+00:00,2026-08-07 17:00:00+00:00,online
2026-08-07,2026-08-10 08:10:37+00:00,DE,load,persistence,Persistence,weekly_persistence,2208,2026-08-08 02:00:00+00:00,42264.932915,37636.6783795,37829.6780275,2026-05-07 18:00:00+00:00,2026-08-07 17:00:00+00:00,online
2026-08-07,2026-08-10 08:10:37+00:00,DE,load,persistence,Persistence,weekly_persistence,2208,2026-08-08 03:00:00+00:00,42237.697405,38152.92769975,38715.2693425,2026-05-07 18:00:00+00:00,2026-08-07 17:00:00+00:00,online
2026-08-07,2026-08-10 08:10:37+00:00,DE,load,persistence,Persistence,weekly_persistence,2208,2026-08-08 04:00:00+00:00,42543.77849,39493.49641825,39939.00208,2026-05-07 18:00:00+00:00,2026-08-07 17:00:00+00:00,online
2026-08-07,2026-08-10 08:10:37+00:00,DE,load,persistence,Persistence,weekly_persistence,2208,2026-08-08 05:00:00+00:00,44626.755635,41927.602848,42134.635917499996,2026-05-07 18:00:00+00:00,2026-08-07 17:00:00+00:00,online
2026-08-07,2026-08-10 08:10:37+00:00,DE,load,persistence,Persistence,weekly_persistence,2208,2026-08-08 06:00:00+00:00,47821.350125,44795.99334125,44691.47694,2026-05-07 18:00:00+00:00,2026-08-07 17:00:00+00:00,online
2026-08-07,2026-08-10 08:10:37+00:00,DE,load,persistence,Persistence,weekly_persistence,2208,2026-08-08 07:00:00+00:00,50187.6383375,46976.968068,45268.5051425,2026-05-07 18:00:00+00:00,2026-08-07 17:00:00+00:00,online
2026-08-07,2026-08-10 08:10:37+00:00,DE,load,persistence,Persistence,weekly_persistence,2208,2026-08-08 08:00:00+00:00,49818.9912,47856.702668,45253.0903075,2026-05-07 18:00:00+00:00,2026-08-07 17:00:00+00:00,online
2026-08-07,2026-08-10 08:10:37+00:00,DE,load,persistence,Persistence,weekly_persistence,2208,2026-08-08 09:00:00+00:00,49721.8838075,47831.5534725,46351.398725,2026-05-07 18:00:00+00:00,2026-08-07 17:00:00+00:00,online
2026-08-07,2026-08-10 08:10:37+00:00,DE,load,persistence,Persistence,weekly_persistence,2208,2026-08-08 10:00:00+00:00,48124.4337375,46772.7009875,45555.0537925,2026-05-07 18:00:00+00:00,2026-08-07 17:00:00+00:00,online
2026-08-07,2026-08-10 08:10:37+00:00,DE,load,persistence,Persistence,weekly_persistence,2208,2026-08-08 11:00:00+00:00,47031.1717575,45750.41823825,44665.8674975,2026-05-07 18:00:00+00:00,2026-08-07 17:00:00+00:00,online
2026-08-07,2026-08-10 08:10:37+00:00,DE,load,persistence,Persistence,weekly_persistence,2208,2026-08-08 12:00:00+00:00,45126.2372775,44779.4370475,43697.268685,2026-05-07 18:00:00+00:00,2026-08-07 17:00:00+00:00,online
2026-08-07,2026-08-10 08:10:37+00:00,DE,load,persistence,Persistence,weekly_persistence,2208,2026-08-08 13:00:00+00:00,43671.8656325,44085.51815925,43037.592815,2026-05-07 18:00:00+00:00,2026-08-07 17:00:00+00:00,online
2026-08-07,2026-08-10 08:10:37+00:00,DE,load,persistence,Persistence,weekly_persistence,2208,2026-08-08 14:00:00+00:00,43724.9267125,44017.25262675,43398.4632525,2026-05-07 18:00:00+00:00,2026-08-07 17:00:00+00:00,online
2026-08-07,2026-08-10 08:10:37+00:00,DE,load,persistence,Persistence,weekly_persistence,2208,2026-08-08 15:00:00+00:00,44928.1674575,44303.03337025,44059.982685,2026-05-07 18:00:00+00:00,2026-08-07 17:00:00+00:00,online
2026-08-07,2026-08-10 08:10:37+00:00,DE,load,persistence,Persistence,weekly_persistence,2208,2026-08-08 16:00:00+00:00,47611.5670175,45883.79894325,45415.29632,2026-05-07 18:00:00+00:00,2026-08-07 17:00:00+00:00,online
2026-08-07,2026-08-10 08:10:37+00:00,DE,load,persistence,Persistence,weekly_persistence,2208,2026-08-08 17:00:00+00:00,48501.7555325,46080.29539825,46703.5163725,2026-05-07 18:00:00+00:00,2026-08-07 17:00:00+00:00,online
2026-08-07,2026-08-10 08:10:37+00:00,DE,load,ridge_3mo_context,Ridge with covariates,Hum+tso_forecast,2208,2026-08-07 18:00:00+00:00,51772.291791923526,50942.44385425,48589.045575,2026-05-07 18:00:00+00:00,2026-08-07 17:00:00+00:00,online
2026-08-07,2026-08-10 08:10:37+00:00,DE,load,ridge_3mo_context,Ridge with covariates,Hum+tso_forecast,2208,2026-08-07 19:00:00+00:00,49572.24915213111,48718.1197715,46515.5699325,2026-05-07 18:00:00+00:00,2026-08-07 17:00:00+00:00,online
2026-08-07,2026-08-10 08:10:37+00:00,DE,load,ridge_3mo_context,Ridge with covariates,Hum+tso_forecast,2208,2026-08-07 20:00:00+00:00,47114.58774803583,45880.2555385,43657.8793825,2026-05-07 18:00:00+00:00,2026-08-07 17:00:00+00:00,online
2026-08-07,2026-08-10 08:10:37+00:00,DE,load,ridge_3mo_context,Ridge with covariates,Hum+tso_forecast,2208,2026-08-07 21:00:00+00:00,44469.93592731584,42959.8471705,41529.2365175,2026-05-07 18:00:00+00:00,2026-08-07 17:00:00+00:00,online
2026-08-07,2026-08-10 08:10:37+00:00,DE,load,ridge_3mo_context,Ridge with covariates,Hum+tso_forecast,2208,2026-08-07 22:00:00+00:00,42491.780317758865,40736.25844125,40236.385555,2026-05-07 18:00:00+00:00,2026-08-07 17:00:00+00:00,online
2026-08-07,2026-08-10 08:10:37+00:00,DE,load,ridge_3mo_context,Ridge with covariates,Hum+tso_forecast,2208,2026-08-07 23:00:00+00:00,41072.997522334554,39070.3455255,39278.67808,2026-05-07 18:00:00+00:00,2026-08-07 17:00:00+00:00,online
2026-08-07,2026-08-10 08:10:37+00:00,DE,load,ridge_3mo_context,Ridge with covariates,Hum+tso_forecast,2208,2026-08-08 00:00:00+00:00,38093.77081069138,38063.4668505,38080.909545,2026-05-07 18:00:00+00:00,2026-08-07 17:00:00+00:00,online
2026-08-07,2026-08-10 08:10:37+00:00,DE,load,ridge_3mo_context,Ridge with covariates,Hum+tso_forecast,2208,2026-08-08 01:00:00+00:00,37664.188015553955,37574.263026,37632.7866125,2026-05-07 18:00:00+00:00,2026-08-07 17:00:00+00:00,online
2026-08-07,2026-08-10 08:10:37+00:00,DE,load,ridge_3mo_context,Ridge with covariates,Hum+tso_forecast,2208,2026-08-08 02:00:00+00:00,37695.50095344358,37636.6783795,37829.6780275,2026-05-07 18:00:00+00:00,2026-08-07 17:00:00+00:00,online
2026-08-07,2026-08-10 08:10:37+00:00,DE,load,ridge_3mo_context,Ridge with covariates,Hum+tso_forecast,2208,2026-08-08 03:00:00+00:00,38160.32479814335,38152.92769975,38715.2693425,2026-05-07 18:00:00+00:00,2026-08-07 17:00:00+00:00,online
2026-08-07,2026-08-10 08:10:37+00:00,DE,load,ridge_3mo_context,Ridge with covariates,Hum+tso_forecast,2208,2026-08-08 04:00:00+00:00,39410.4790060943,39493.49641825,39939.00208,2026-05-07 18:00:00+00:00,2026-08-07 17:00:00+00:00,online
2026-08-07,2026-08-10 08:10:37+00:00,DE,load,ridge_3mo_context,Ridge with covariates,Hum+tso_forecast,2208,2026-08-08 05:00:00+00:00,41703.30691113483,41927.602848,42134.635917499996,2026-05-07 18:00:00+00:00,2026-08-07 17:00:00+00:00,online
2026-08-07,2026-08-10 08:10:37+00:00,DE,load,ridge_3mo_context,Ridge with covariates,Hum+tso_forecast,2208,2026-08-08 06:00:00+00:00,44235.476365770686,44795.99334125,44691.47694,2026-05-07 18:00:00+00:00,2026-08-07 17:00:00+00:00,online
2026-08-07,2026-08-10 08:10:37+00:00,DE,load,ridge_3mo_context,Ridge with covariates,Hum+tso_forecast,2208,2026-08-08 07:00:00+00:00,46285.976812447145,46976.968068,45268.5051425,2026-05-07 18:00:00+00:00,2026-08-07 17:00:00+00:00,online
2026-08-07,2026-08-10 08:10:37+00:00,DE,load,ridge_3mo_context,Ridge with covariates,Hum+tso_forecast,2208,2026-08-08 08:00:00+00:00,47130.892434705886,47856.702668,45253.0903075,2026-05-07 18:00:00+00:00,2026-08-07 17:00:00+00:00,online
2026-08-07,2026-08-10 08:10:37+00:00,DE,load,ridge_3mo_context,Ridge with covariates,Hum+tso_forecast,2208,2026-08-08 09:00:00+00:00,47204.199624984,47831.5534725,46351.398725,2026-05-07 18:00:00+00:00,2026-08-07 17:00:00+00:00,online
2026-08-07,2026-08-10 08:10:37+00:00,DE,load,ridge_3mo_context,Ridge with covariates,Hum+tso_forecast,2208,2026-08-08 10:00:00+00:00,46348.74556000519,46772.7009875,45555.0537925,2026-05-07 18:00:00+00:00,2026-08-07 17:00:00+00:00,online
2026-08-07,2026-08-10 08:10:37+00:00,DE,load,ridge_3mo_context,Ridge with covariates,Hum+tso_forecast,2208,2026-08-08 11:00:00+00:00,45379.16549675811,45750.41823825,44665.8674975,2026-05-07 18:00:00+00:00,2026-08-07 17:00:00+00:00,online
2026-08-07,2026-08-10 08:10:37+00:00,DE,load,ridge_3mo_context,Ridge with covariates,Hum+tso_forecast,2208,2026-08-08 12:00:00+00:00,44588.96674360968,44779.4370475,43697.268685,2026-05-07 18:00:00+00:00,2026-08-07 17:00:00+00:00,online
2026-08-07,2026-08-10 08:10:37+00:00,DE,load,ridge_3mo_context,Ridge with covariates,Hum+tso_forecast,2208,2026-08-08 13:00:00+00:00,43949.97616290432,44085.51815925,43037.592815,2026-05-07 18:00:00+00:00,2026-08-07 17:00:00+00:00,online
2026-08-07,2026-08-10 08:10:37+00:00,DE,load,ridge_3mo_context,Ridge with covariates,Hum+tso_forecast,2208,2026-08-08 14:00:00+00:00,43850.535782105675,44017.25262675,43398.4632525,2026-05-07 18:00:00+00:00,2026-08-07 17:00:00+00:00,online
2026-08-07,2026-08-10 08:10:37+00:00,DE,load,ridge_3mo_context,Ridge with covariates,Hum+tso_forecast,2208,2026-08-08 15:00:00+00:00,44200.847111892064,44303.03337025,44059.982685,2026-05-07 18:00:00+00:00,2026-08-07 17:00:00+00:00,online
2026-08-07,2026-08-10 08:10:37+00:00,DE,load,ridge_3mo_context,Ridge with covariates,Hum+tso_forecast,2208,2026-08-08 16:00:00+00:00,45666.81941442894,45883.79894325,45415.29632,2026-05-07 18:00:00+00:00,2026-08-07 17:00:00+00:00,online
2026-08-07,2026-08-10 08:10:37+00:00,DE,load,ridge_3mo_context,Ridge with covariates,Hum+tso_forecast,2208,2026-08-08 17:00:00+00:00,45859.4492282362,46080.29539825,46703.5163725,2026-05-07 18:00:00+00:00,2026-08-07 17:00:00+00:00,online
2026-08-07,2026-08-10 08:10:37+00:00,DE,load,chronos2_online,Chronos2 with covariates,Hum+tso_forecast,2208,2026-08-07 18:00:00+00:00,51853.4765625,50942.44385425,48589.045575,2026-05-07 18:00:00+00:00,2026-08-07 17:00:00+00:00,online
2026-08-07,2026-08-10 08:10:37+00:00,DE,load,chronos2_online,Chronos2 with covariates,Hum+tso_forecast,2208,2026-08-07 19:00:00+00:00,49423.78515625,48718.1197715,46515.5699325,2026-05-07 18:00:00+00:00,2026-08-07 17:00:00+00:00,online
2026-08-07,2026-08-10 08:10:37+00:00,DE,load,chronos2_online,Chronos2 with covariates,Hum+tso_forecast,2208,2026-08-07 20:00:00+00:00,47259.34375,45880.2555385,43657.8793825,2026-05-07 18:00:00+00:00,2026-08-07 17:00:00+00:00,online
2026-08-07,2026-08-10 08:10:37+00:00,DE,load,chronos2_online,Chronos2 with covariates,Hum+tso_forecast,2208,2026-08-07 21:00:00+00:00,44606.3515625,42959.8471705,41529.2365175,2026-05-07 18:00:00+00:00,2026-08-07 17:00:00+00:00,online
2026-08-07,2026-08-10 08:10:37+00:00,DE,load,chronos2_online,Chronos2 with covariates,Hum+tso_forecast,2208,2026-08-07 22:00:00+00:00,42278.7578125,40736.25844125,40236.385555,2026-05-07 18:00:00+00:00,2026-08-07 17:00:00+00:00,online
2026-08-07,2026-08-10 08:10:37+00:00,DE,load,chronos2_online,Chronos2 with covariates,Hum+tso_forecast,2208,2026-08-07 23:00:00+00:00,40850.3984375,39070.3455255,39278.67808,2026-05-07 18:00:00+00:00,2026-08-07 17:00:00+00:00,online
2026-08-07,2026-08-10 08:10:37+00:00,DE,load,chronos2_online,Chronos2 with covariates,Hum+tso_forecast,2208,2026-08-08 00:00:00+00:00,40121.96875,38063.4668505,38080.909545,2026-05-07 18:00:00+00:00,2026-08-07 17:00:00+00:00,online
2026-08-07,2026-08-10 08:10:37+00:00,DE,load,chronos2_online,Chronos2 with covariates,Hum+tso_forecast,2208,2026-08-08 01:00:00+00:00,39744.5859375,37574.263026,37632.7866125,2026-05-07 18:00:00+00:00,2026-08-07 17:00:00+00:00,online
2026-08-07,2026-08-10 08:10:37+00:00,DE,load,chronos2_online,Chronos2 with covariates,Hum+tso_forecast,2208,2026-08-08 02:00:00+00:00,39517.4921875,37636.6783795,37829.6780275,2026-05-07 18:00:00+00:00,2026-08-07 17:00:00+00:00,online
2026-08-07,2026-08-10 08:10:37+00:00,DE,load,chronos2_online,Chronos2 with covariates,Hum+tso_forecast,2208,2026-08-08 03:00:00+00:00,39763.82421875,38152.92769975,38715.2693425,2026-05-07 18:00:00+00:00,2026-08-07 17:00:00+00:00,online
2026-08-07,2026-08-10 08:10:37+00:00,DE,load,chronos2_online,Chronos2 with covariates,Hum+tso_forecast,2208,2026-08-08 04:00:00+00:00,40936.09375,39493.49641825,39939.00208,2026-05-07 18:00:00+00:00,2026-08-07 17:00:00+00:00,online
2026-08-07,2026-08-10 08:10:37+00:00,DE,load,chronos2_online,Chronos2 with covariates,Hum+tso_forecast,2208,2026-08-08 05:00:00+00:00,42849.07421875,41927.602848,42134.635917499996,2026-05-07 18:00:00+00:00,2026-08-07 17:00:00+00:00,online
2026-08-07,2026-08-10 08:10:37+00:00,DE,load,chronos2_online,Chronos2 with covariates,Hum+tso_forecast,2208,2026-08-08 06:00:00+00:00,44755.80078125,44795.99334125,44691.47694,2026-05-07 18:00:00+00:00,2026-08-07 17:00:00+00:00,online
2026-08-07,2026-08-10 08:10:37+00:00,DE,load,chronos2_online,Chronos2 with covariates,Hum+tso_forecast,2208,2026-08-08 07:00:00+00:00,46055.390625,46976.968068,45268.5051425,2026-05-07 18:00:00+00:00,2026-08-07 17:00:00+00:00,online
2026-08-07,2026-08-10 08:10:37+00:00,DE,load,chronos2_online,Chronos2 with covariates,Hum+tso_forecast,2208,2026-08-08 08:00:00+00:00,46568.953125,47856.702668,45253.0903075,2026-05-07 18:00:00+00:00,2026-08-07 17:00:00+00:00,online
2026-08-07,2026-08-10 08:10:37+00:00,DE,load,chronos2_online,Chronos2 with covariates,Hum+tso_forecast,2208,2026-08-08 09:00:00+00:00,46614.02734375,47831.5534725,46351.398725,2026-05-07 18:00:00+00:00,2026-08-07 17:00:00+00:00,online
2026-08-07,2026-08-10 08:10:37+00:00,DE,load,chronos2_online,Chronos2 with covariates,Hum+tso_forecast,2208,2026-08-08 10:00:00+00:00,45908.6953125,46772.7009875,45555.0537925,2026-05-07 18:00:00+00:00,2026-08-07 17:00:00+00:00,online
2026-08-07,2026-08-10 08:10:37+00:00,DE,load,chronos2_online,Chronos2 with covariates,Hum+tso_forecast,2208,2026-08-08 11:00:00+00:00,44735.3984375,45750.41823825,44665.8674975,2026-05-07 18:00:00+00:00,2026-08-07 17:00:00+00:00,online
2026-08-07,2026-08-10 08:10:37+00:00,DE,load,chronos2_online,Chronos2 with covariates,Hum+tso_forecast,2208,2026-08-08 12:00:00+00:00,43535.1328125,44779.4370475,43697.268685,2026-05-07 18:00:00+00:00,2026-08-07 17:00:00+00:00,online
2026-08-07,2026-08-10 08:10:37+00:00,DE,load,chronos2_online,Chronos2 with covariates,Hum+tso_forecast,2208,2026-08-08 13:00:00+00:00,42916.48046875,44085.51815925,43037.592815,2026-05-07 18:00:00+00:00,2026-08-07 17:00:00+00:00,online
2026-08-07,2026-08-10 08:10:37+00:00,DE,load,chronos2_online,Chronos2 with covariates,Hum+tso_forecast,2208,2026-08-08 14:00:00+00:00,43052.93359375,44017.25262675,43398.4632525,2026-05-07 18:00:00+00:00,2026-08-07 17:00:00+00:00,online
2026-08-07,2026-08-10 08:10:37+00:00,DE,load,chronos2_online,Chronos2 with covariates,Hum+tso_forecast,2208,2026-08-08 15:00:00+00:00,44273.94140625,44303.03337025,44059.982685,2026-05-07 18:00:00+00:00,2026-08-07 17:00:00+00:00,online
2026-08-07,2026-08-10 08:10:37+00:00,DE,load,chronos2_online,Chronos2 with covariates,Hum+tso_forecast,2208,2026-08-08 16:00:00+00:00,46218.65625,45883.79894325,45415.29632,2026-05-07 18:00:00+00:00,2026-08-07 17:00:00+00:00,online
2026-08-07,2026-08-10 08:10:37+00:00,DE,load,chronos2_online,Chronos2 with covariates,Hum+tso_forecast,2208,2026-08-08 17:00:00+00:00,46997.23828125,46080.29539825,46703.5163725,2026-05-07 18:00:00+00:00,2026-08-07 17:00:00+00:00,online
2026-08-07,2026-08-10 08:10:37+00:00,DE,solar,tso_reference,TSO forecast,tso_forecast,2208,2026-08-07 18:00:00+00:00,965.1375175,965.1375175,975.6384999999999,2026-05-07 18:00:00+00:00,2026-08-07 17:00:00+00:00,online
2026-08-07,2026-08-10 08:10:37+00:00,DE,solar,tso_reference,TSO forecast,tso_forecast,2208,2026-08-07 19:00:00+00:00,9.5153675,9.5153675,4.516,2026-05-07 18:00:00+00:00,2026-08-07 17:00:00+00:00,online
2026-08-07,2026-08-10 08:10:37+00:00,DE,solar,tso_reference,TSO forecast,tso_forecast,2208,2026-08-07 20:00:00+00:00,0.0,0.0,0.0,2026-05-07 18:00:00+00:00,2026-08-07 17:00:00+00:00,online
2026-08-07,2026-08-10 08:10:37+00:00,DE,solar,tso_reference,TSO forecast,tso_forecast,2208,2026-08-07 21:00:00+00:00,0.0,0.0,0.0,2026-05-07 18:00:00+00:00,2026-08-07 17:00:00+00:00,online
2026-08-07,2026-08-10 08:10:37+00:00,DE,solar,tso_reference,TSO forecast,tso_forecast,2208,2026-08-07 22:00:00+00:00,0.0,0.0,0.0,2026-05-07 18:00:00+00:00,2026-08-07 17:00:00+00:00,online
2026-08-07,2026-08-10 08:10:37+00:00,DE,solar,tso_reference,TSO forecast,tso_forecast,2208,2026-08-07 23:00:00+00:00,0.0,0.0,0.0,2026-05-07 18:00:00+00:00,2026-08-07 17:00:00+00:00,online
2026-08-07,2026-08-10 08:10:37+00:00,DE,solar,tso_reference,TSO forecast,tso_forecast,2208,2026-08-08 00:00:00+00:00,0.0,0.0,0.0,2026-05-07 18:00:00+00:00,2026-08-07 17:00:00+00:00,online
2026-08-07,2026-08-10 08:10:37+00:00,DE,solar,tso_reference,TSO forecast,tso_forecast,2208,2026-08-08 01:00:00+00:00,0.0,0.0,0.0,2026-05-07 18:00:00+00:00,2026-08-07 17:00:00+00:00,online
2026-08-07,2026-08-10 08:10:37+00:00,DE,solar,tso_reference,TSO forecast,tso_forecast,2208,2026-08-08 02:00:00+00:00,0.0,0.0,0.0,2026-05-07 18:00:00+00:00,2026-08-07 17:00:00+00:00,online
2026-08-07,2026-08-10 08:10:37+00:00,DE,solar,tso_reference,TSO forecast,tso_forecast,2208,2026-08-08 03:00:00+00:00,27.721942499999997,27.721942499999997,20.6675,2026-05-07 18:00:00+00:00,2026-08-07 17:00:00+00:00,online
2026-08-07,2026-08-10 08:10:37+00:00,DE,solar,tso_reference,TSO forecast,tso_forecast,2208,2026-08-08 04:00:00+00:00,1959.9667675,1959.9667675,1929.0635,2026-05-07 18:00:00+00:00,2026-08-07 17:00:00+00:00,online
2026-08-07,2026-08-10 08:10:37+00:00,DE,solar,tso_reference,TSO forecast,tso_forecast,2208,2026-08-08 05:00:00+00:00,9115.10167,9115.10167,9857.46025,2026-05-07 18:00:00+00:00,2026-08-07 17:00:00+00:00,online
2026-08-07,2026-08-10 08:10:37+00:00,DE,solar,tso_reference,TSO forecast,tso_forecast,2208,2026-08-08 06:00:00+00:00,21591.0830825,21591.0830825,23195.975,2026-05-07 18:00:00+00:00,2026-08-07 17:00:00+00:00,online
2026-08-07,2026-08-10 08:10:37+00:00,DE,solar,tso_reference,TSO forecast,tso_forecast,2208,2026-08-08 07:00:00+00:00,34289.8204325,34289.8204325,36802.23725,2026-05-07 18:00:00+00:00,2026-08-07 17:00:00+00:00,online
2026-08-07,2026-08-10 08:10:37+00:00,DE,solar,tso_reference,TSO forecast,tso_forecast,2208,2026-08-08 08:00:00+00:00,43860.4220275,43860.4220275,45929.86225,2026-05-07 18:00:00+00:00,2026-08-07 17:00:00+00:00,online
2026-08-07,2026-08-10 08:10:37+00:00,DE,solar,tso_reference,TSO forecast,tso_forecast,2208,2026-08-08 09:00:00+00:00,49934.78898,49934.78898,49515.28275,2026-05-07 18:00:00+00:00,2026-08-07 17:00:00+00:00,online
2026-08-07,2026-08-10 08:10:37+00:00,DE,solar,tso_reference,TSO forecast,tso_forecast,2208,2026-08-08 10:00:00+00:00,52882.819045,52882.819045,51272.38175,2026-05-07 18:00:00+00:00,2026-08-07 17:00:00+00:00,online
2026-08-07,2026-08-10 08:10:37+00:00,DE,solar,tso_reference,TSO forecast,tso_forecast,2208,2026-08-08 11:00:00+00:00,53571.56961,53571.56961,51227.70975,2026-05-07 18:00:00+00:00,2026-08-07 17:00:00+00:00,online
2026-08-07,2026-08-10 08:10:37+00:00,DE,solar,tso_reference,TSO forecast,tso_forecast,2208,2026-08-08 12:00:00+00:00,51790.7265625,51790.7265625,49303.5965,2026-05-07 18:00:00+00:00,2026-08-07 17:00:00+00:00,online
2026-08-07,2026-08-10 08:10:37+00:00,DE,solar,tso_reference,TSO forecast,tso_forecast,2208,2026-08-08 13:00:00+00:00,47496.32957,47496.32957,46088.221000000005,2026-05-07 18:00:00+00:00,2026-08-07 17:00:00+00:00,online
2026-08-07,2026-08-10 08:10:37+00:00,DE,solar,tso_reference,TSO forecast,tso_forecast,2208,2026-08-08 14:00:00+00:00,40743.3347225,40743.3347225,40334.48975,2026-05-07 18:00:00+00:00,2026-08-07 17:00:00+00:00,online
2026-08-07,2026-08-10 08:10:37+00:00,DE,solar,tso_reference,TSO forecast,tso_forecast,2208,2026-08-08 15:00:00+00:00,30697.63883,30697.63883,32602.72075,2026-05-07 18:00:00+00:00,2026-08-07 17:00:00+00:00,online
2026-08-07,2026-08-10 08:10:37+00:00,DE,solar,tso_reference,TSO forecast,tso_forecast,2208,2026-08-08 16:00:00+00:00,17934.6890975,17934.6890975,18857.8695,2026-05-07 18:00:00+00:00,2026-08-07 17:00:00+00:00,online
2026-08-07,2026-08-10 08:10:37+00:00,DE,solar,tso_reference,TSO forecast,tso_forecast,2208,2026-08-08 17:00:00+00:00,6509.18065,6509.18065,6933.244,2026-05-07 18:00:00+00:00,2026-08-07 17:00:00+00:00,online
2026-08-07,2026-08-10 08:10:37+00:00,DE,solar,persistence,Persistence,daily_persistence,2208,2026-08-07 18:00:00+00:00,1011.87325,965.1375175,975.6384999999999,2026-05-07 18:00:00+00:00,2026-08-07 17:00:00+00:00,online
2026-08-07,2026-08-10 08:10:37+00:00,DE,solar,persistence,Persistence,daily_persistence,2208,2026-08-07 19:00:00+00:00,5.7735,9.5153675,4.516,2026-05-07 18:00:00+00:00,2026-08-07 17:00:00+00:00,online
2026-08-07,2026-08-10 08:10:37+00:00,DE,solar,persistence,Persistence,daily_persistence,2208,2026-08-07 20:00:00+00:00,0.27625,0.0,0.0,2026-05-07 18:00:00+00:00,2026-08-07 17:00:00+00:00,online
2026-08-07,2026-08-10 08:10:37+00:00,DE,solar,persistence,Persistence,daily_persistence,2208,2026-08-07 21:00:00+00:00,0.17925,0.0,0.0,2026-05-07 18:00:00+00:00,2026-08-07 17:00:00+00:00,online
2026-08-07,2026-08-10 08:10:37+00:00,DE,solar,persistence,Persistence,daily_persistence,2208,2026-08-07 22:00:00+00:00,0.0005,0.0,0.0,2026-05-07 18:00:00+00:00,2026-08-07 17:00:00+00:00,online
2026-08-07,2026-08-10 08:10:37+00:00,DE,solar,persistence,Persistence,daily_persistence,2208,2026-08-07 23:00:00+00:00,0.0015,0.0,0.0,2026-05-07 18:00:00+00:00,2026-08-07 17:00:00+00:00,online
2026-08-07,2026-08-10 08:10:37+00:00,DE,solar,persistence,Persistence,daily_persistence,2208,2026-08-08 00:00:00+00:00,0.00075,0.0,0.0,2026-05-07 18:00:00+00:00,2026-08-07 17:00:00+00:00,online
2026-08-07,2026-08-10 08:10:37+00:00,DE,solar,persistence,Persistence,daily_persistence,2208,2026-08-08 01:00:00+00:00,0.00025,0.0,0.0,2026-05-07 18:00:00+00:00,2026-08-07 17:00:00+00:00,online
2026-08-07,2026-08-10 08:10:37+00:00,DE,solar,persistence,Persistence,daily_persistence,2208,2026-08-08 02:00:00+00:00,0.001,0.0,0.0,2026-05-07 18:00:00+00:00,2026-08-07 17:00:00+00:00,online
2026-08-07,2026-08-10 08:10:37+00:00,DE,solar,persistence,Persistence,daily_persistence,2208,2026-08-08 03:00:00+00:00,18.48425,27.721942499999997,20.6675,2026-05-07 18:00:00+00:00,2026-08-07 17:00:00+00:00,online
2026-08-07,2026-08-10 08:10:37+00:00,DE,solar,persistence,Persistence,daily_persistence,2208,2026-08-08 04:00:00+00:00,1699.19125,1959.9667675,1929.0635,2026-05-07 18:00:00+00:00,2026-08-07 17:00:00+00:00,online
2026-08-07,2026-08-10 08:10:37+00:00,DE,solar,persistence,Persistence,daily_persistence,2208,2026-08-08 05:00:00+00:00,8115.7145,9115.10167,9857.46025,2026-05-07 18:00:00+00:00,2026-08-07 17:00:00+00:00,online
2026-08-07,2026-08-10 08:10:37+00:00,DE,solar,persistence,Persistence,daily_persistence,2208,2026-08-08 06:00:00+00:00,18914.61975,21591.0830825,23195.975,2026-05-07 18:00:00+00:00,2026-08-07 17:00:00+00:00,online
2026-08-07,2026-08-10 08:10:37+00:00,DE,solar,persistence,Persistence,daily_persistence,2208,2026-08-08 07:00:00+00:00,30390.65075,34289.8204325,36802.23725,2026-05-07 18:00:00+00:00,2026-08-07 17:00:00+00:00,online
2026-08-07,2026-08-10 08:10:37+00:00,DE,solar,persistence,Persistence,daily_persistence,2208,2026-08-08 08:00:00+00:00,38784.9985,43860.4220275,45929.86225,2026-05-07 18:00:00+00:00,2026-08-07 17:00:00+00:00,online
2026-08-07,2026-08-10 08:10:37+00:00,DE,solar,persistence,Persistence,daily_persistence,2208,2026-08-08 09:00:00+00:00,43449.13,49934.78898,49515.28275,2026-05-07 18:00:00+00:00,2026-08-07 17:00:00+00:00,online
2026-08-07,2026-08-10 08:10:37+00:00,DE,solar,persistence,Persistence,daily_persistence,2208,2026-08-08 10:00:00+00:00,45822.96975,52882.819045,51272.38175,2026-05-07 18:00:00+00:00,2026-08-07 17:00:00+00:00,online
2026-08-07,2026-08-10 08:10:37+00:00,DE,solar,persistence,Persistence,daily_persistence,2208,2026-08-08 11:00:00+00:00,45835.80325,53571.56961,51227.70975,2026-05-07 18:00:00+00:00,2026-08-07 17:00:00+00:00,online
2026-08-07,2026-08-10 08:10:37+00:00,DE,solar,persistence,Persistence,daily_persistence,2208,2026-08-08 12:00:00+00:00,43939.38425,51790.7265625,49303.5965,2026-05-07 18:00:00+00:00,2026-08-07 17:00:00+00:00,online
2026-08-07,2026-08-10 08:10:37+00:00,DE,solar,persistence,Persistence,daily_persistence,2208,2026-08-08 13:00:00+00:00,40230.28975,47496.32957,46088.221000000005,2026-05-07 18:00:00+00:00,2026-08-07 17:00:00+00:00,online
2026-08-07,2026-08-10 08:10:37+00:00,DE,solar,persistence,Persistence,daily_persistence,2208,2026-08-08 14:00:00+00:00,33836.626749999996,40743.3347225,40334.48975,2026-05-07 18:00:00+00:00,2026-08-07 17:00:00+00:00,online
2026-08-07,2026-08-10 08:10:37+00:00,DE,solar,persistence,Persistence,daily_persistence,2208,2026-08-08 15:00:00+00:00,25088.131,30697.63883,32602.72075,2026-05-07 18:00:00+00:00,2026-08-07 17:00:00+00:00,online
2026-08-07,2026-08-10 08:10:37+00:00,DE,solar,persistence,Persistence,daily_persistence,2208,2026-08-08 16:00:00+00:00,15222.221,17934.6890975,18857.8695,2026-05-07 18:00:00+00:00,2026-08-07 17:00:00+00:00,online
2026-08-07,2026-08-10 08:10:37+00:00,DE,solar,persistence,Persistence,daily_persistence,2208,2026-08-08 17:00:00+00:00,6073.54425,6509.18065,6933.244,2026-05-07 18:00:00+00:00,2026-08-07 17:00:00+00:00,online
2026-08-07,2026-08-10 08:10:37+00:00,DE,solar,chronos2_online,Chronos2 with covariates,weather_4p+tso_forecast,2208,2026-08-07 18:00:00+00:00,1028.65234375,965.1375175,975.6384999999999,2026-05-07 18:00:00+00:00,2026-08-07 17:00:00+00:00,online
2026-08-07,2026-08-10 08:10:37+00:00,DE,solar,chronos2_online,Chronos2 with covariates,weather_4p+tso_forecast,2208,2026-08-07 19:00:00+00:00,360.34375,9.5153675,4.516,2026-05-07 18:00:00+00:00,2026-08-07 17:00:00+00:00,online
2026-08-07,2026-08-10 08:10:37+00:00,DE,solar,chronos2_online,Chronos2 with covariates,weather_4p+tso_forecast,2208,2026-08-07 20:00:00+00:00,179.767578125,0.0,0.0,2026-05-07 18:00:00+00:00,2026-08-07 17:00:00+00:00,online
2026-08-07,2026-08-10 08:10:37+00:00,DE,solar,chronos2_online,Chronos2 with covariates,weather_4p+tso_forecast,2208,2026-08-07 21:00:00+00:00,252.931640625,0.0,0.0,2026-05-07 18:00:00+00:00,2026-08-07 17:00:00+00:00,online
2026-08-07,2026-08-10 08:10:37+00:00,DE,solar,chronos2_online,Chronos2 with covariates,weather_4p+tso_forecast,2208,2026-08-07 22:00:00+00:00,341.9482421875,0.0,0.0,2026-05-07 18:00:00+00:00,2026-08-07 17:00:00+00:00,online
2026-08-07,2026-08-10 08:10:37+00:00,DE,solar,chronos2_online,Chronos2 with covariates,weather_4p+tso_forecast,2208,2026-08-07 23:00:00+00:00,501.654296875,0.0,0.0,2026-05-07 18:00:00+00:00,2026-08-07 17:00:00+00:00,online
2026-08-07,2026-08-10 08:10:37+00:00,DE,solar,chronos2_online,Chronos2 with covariates,weather_4p+tso_forecast,2208,2026-08-08 00:00:00+00:00,347.2900390625,0.0,0.0,2026-05-07 18:00:00+00:00,2026-08-07 17:00:00+00:00,online
2026-08-07,2026-08-10 08:10:37+00:00,DE,solar,chronos2_online,Chronos2 with covariates,weather_4p+tso_forecast,2208,2026-08-08 01:00:00+00:00,375.4140625,0.0,0.0,2026-05-07 18:00:00+00:00,2026-08-07 17:00:00+00:00,online
2026-08-07,2026-08-10 08:10:37+00:00,DE,solar,chronos2_online,Chronos2 with covariates,weather_4p+tso_forecast,2208,2026-08-08 02:00:00+00:00,264.2314453125,0.0,0.0,2026-05-07 18:00:00+00:00,2026-08-07 17:00:00+00:00,online
2026-08-07,2026-08-10 08:10:37+00:00,DE,solar,chronos2_online,Chronos2 with covariates,weather_4p+tso_forecast,2208,2026-08-08 03:00:00+00:00,546.2724609375,27.721942499999997,20.6675,2026-05-07 18:00:00+00:00,2026-08-07 17:00:00+00:00,online
2026-08-07,2026-08-10 08:10:37+00:00,DE,solar,chronos2_online,Chronos2 with covariates,weather_4p+tso_forecast,2208,2026-08-08 04:00:00+00:00,2285.236328125,1959.9667675,1929.0635,2026-05-07 18:00:00+00:00,2026-08-07 17:00:00+00:00,online
2026-08-07,2026-08-10 08:10:37+00:00,DE,solar,chronos2_online,Chronos2 with covariates,weather_4p+tso_forecast,2208,2026-08-08 05:00:00+00:00,9578.46875,9115.10167,9857.46025,2026-05-07 18:00:00+00:00,2026-08-07 17:00:00+00:00,online
2026-08-07,2026-08-10 08:10:37+00:00,DE,solar,chronos2_online,Chronos2 with covariates,weather_4p+tso_forecast,2208,2026-08-08 06:00:00+00:00,21259.31640625,21591.0830825,23195.975,2026-05-07 18:00:00+00:00,2026-08-07 17:00:00+00:00,online
2026-08-07,2026-08-10 08:10:37+00:00,DE,solar,chronos2_online,Chronos2 with covariates,weather_4p+tso_forecast,2208,2026-08-08 07:00:00+00:00,33833.1484375,34289.8204325,36802.23725,2026-05-07 18:00:00+00:00,2026-08-07 17:00:00+00:00,online
2026-08-07,2026-08-10 08:10:37+00:00,DE,solar,chronos2_online,Chronos2 with covariates,weather_4p+tso_forecast,2208,2026-08-08 08:00:00+00:00,43664.89453125,43860.4220275,45929.86225,2026-05-07 18:00:00+00:00,2026-08-07 17:00:00+00:00,online
2026-08-07,2026-08-10 08:10:37+00:00,DE,solar,chronos2_online,Chronos2 with covariates,weather_4p+tso_forecast,2208,2026-08-08 09:00:00+00:00,48192.16796875,49934.78898,49515.28275,2026-05-07 18:00:00+00:00,2026-08-07 17:00:00+00:00,online
2026-08-07,2026-08-10 08:10:37+00:00,DE,solar,chronos2_online,Chronos2 with covariates,weather_4p+tso_forecast,2208,2026-08-08 10:00:00+00:00,51202.73046875,52882.819045,51272.38175,2026-05-07 18:00:00+00:00,2026-08-07 17:00:00+00:00,online
2026-08-07,2026-08-10 08:10:37+00:00,DE,solar,chronos2_online,Chronos2 with covariates,weather_4p+tso_forecast,2208,2026-08-08 11:00:00+00:00,50990.43359375,53571.56961,51227.70975,2026-05-07 18:00:00+00:00,2026-08-07 17:00:00+00:00,online
2026-08-07,2026-08-10 08:10:37+00:00,DE,solar,chronos2_online,Chronos2 with covariates,weather_4p+tso_forecast,2208,2026-08-08 12:00:00+00:00,48862.12109375,51790.7265625,49303.5965,2026-05-07 18:00:00+00:00,2026-08-07 17:00:00+00:00,online
2026-08-07,2026-08-10 08:10:37+00:00,DE,solar,chronos2_online,Chronos2 with covariates,weather_4p+tso_forecast,2208,2026-08-08 13:00:00+00:00,44692.26171875,47496.32957,46088.221000000005,2026-05-07 18:00:00+00:00,2026-08-07 17:00:00+00:00,online
2026-08-07,2026-08-10 08:10:37+00:00,DE,solar,chronos2_online,Chronos2 with covariates,weather_4p+tso_forecast,2208,2026-08-08 14:00:00+00:00,37947.6953125,40743.3347225,40334.48975,2026-05-07 18:00:00+00:00,2026-08-07 17:00:00+00:00,online
2026-08-07,2026-08-10 08:10:37+00:00,DE,solar,chronos2_online,Chronos2 with covariates,weather_4p+tso_forecast,2208,2026-08-08 15:00:00+00:00,28259.4609375,30697.63883,32602.72075,2026-05-07 18:00:00+00:00,2026-08-07 17:00:00+00:00,online
2026-08-07,2026-08-10 08:10:37+00:00,DE,solar,chronos2_online,Chronos2 with covariates,weather_4p+tso_forecast,2208,2026-08-08 16:00:00+00:00,17066.16015625,17934.6890975,18857.8695,2026-05-07 18:00:00+00:00,2026-08-07 17:00:00+00:00,online
2026-08-07,2026-08-10 08:10:37+00:00,DE,solar,chronos2_online,Chronos2 with covariates,weather_4p+tso_forecast,2208,2026-08-08 17:00:00+00:00,7221.6201171875,6509.18065,6933.244,2026-05-07 18:00:00+00:00,2026-08-07 17:00:00+00:00,online
2026-08-07,2026-08-10 08:10:37+00:00,DE,solar,xgboost_online,XGBoost with covariates,weather_4p+tso_forecast,2208,2026-08-07 18:00:00+00:00,1392.25244140625,965.1375175,975.6384999999999,2026-05-07 18:00:00+00:00,2026-08-07 17:00:00+00:00,online
2026-08-07,2026-08-10 08:10:37+00:00,DE,solar,xgboost_online,XGBoost with covariates,weather_4p+tso_forecast,2208,2026-08-07 19:00:00+00:00,440.1822509765625,9.5153675,4.516,2026-05-07 18:00:00+00:00,2026-08-07 17:00:00+00:00,online
2026-08-07,2026-08-10 08:10:37+00:00,DE,solar,xgboost_online,XGBoost with covariates,weather_4p+tso_forecast,2208,2026-08-07 20:00:00+00:00,283.55902099609375,0.0,0.0,2026-05-07 18:00:00+00:00,2026-08-07 17:00:00+00:00,online
2026-08-07,2026-08-10 08:10:37+00:00,DE,solar,xgboost_online,XGBoost with covariates,weather_4p+tso_forecast,2208,2026-08-07 21:00:00+00:00,283.55902099609375,0.0,0.0,2026-05-07 18:00:00+00:00,2026-08-07 17:00:00+00:00,online
2026-08-07,2026-08-10 08:10:37+00:00,DE,solar,xgboost_online,XGBoost with covariates,weather_4p+tso_forecast,2208,2026-08-07 22:00:00+00:00,283.55902099609375,0.0,0.0,2026-05-07 18:00:00+00:00,2026-08-07 17:00:00+00:00,online
2026-08-07,2026-08-10 08:10:37+00:00,DE,solar,xgboost_online,XGBoost with covariates,weather_4p+tso_forecast,2208,2026-08-07 23:00:00+00:00,283.55902099609375,0.0,0.0,2026-05-07 18:00:00+00:00,2026-08-07 17:00:00+00:00,online
2026-08-07,2026-08-10 08:10:37+00:00,DE,solar,xgboost_online,XGBoost with covariates,weather_4p+tso_forecast,2208,2026-08-08 00:00:00+00:00,307.1834411621094,0.0,0.0,2026-05-07 18:00:00+00:00,2026-08-07 17:00:00+00:00,online
2026-08-07,2026-08-10 08:10:37+00:00,DE,solar,xgboost_online,XGBoost with covariates,weather_4p+tso_forecast,2208,2026-08-08 01:00:00+00:00,307.1834411621094,0.0,0.0,2026-05-07 18:00:00+00:00,2026-08-07 17:00:00+00:00,online
2026-08-07,2026-08-10 08:10:37+00:00,DE,solar,xgboost_online,XGBoost with covariates,weather_4p+tso_forecast,2208,2026-08-08 02:00:00+00:00,307.1834411621094,0.0,0.0,2026-05-07 18:00:00+00:00,2026-08-07 17:00:00+00:00,online
2026-08-07,2026-08-10 08:10:37+00:00,DE,solar,xgboost_online,XGBoost with covariates,weather_4p+tso_forecast,2208,2026-08-08 03:00:00+00:00,307.1834411621094,27.721942499999997,20.6675,2026-05-07 18:00:00+00:00,2026-08-07 17:00:00+00:00,online
2026-08-07,2026-08-10 08:10:37+00:00,DE,solar,xgboost_online,XGBoost with covariates,weather_4p+tso_forecast,2208,2026-08-08 04:00:00+00:00,1670.7552490234375,1959.9667675,1929.0635,2026-05-07 18:00:00+00:00,2026-08-07 17:00:00+00:00,online
2026-08-07,2026-08-10 08:10:37+00:00,DE,solar,xgboost_online,XGBoost with covariates,weather_4p+tso_forecast,2208,2026-08-08 05:00:00+00:00,8661.091796875,9115.10167,9857.46025,2026-05-07 18:00:00+00:00,2026-08-07 17:00:00+00:00,online
2026-08-07,2026-08-10 08:10:37+00:00,DE,solar,xgboost_online,XGBoost with covariates,weather_4p+tso_forecast,2208,2026-08-08 06:00:00+00:00,20432.779296875,21591.0830825,23195.975,2026-05-07 18:00:00+00:00,2026-08-07 17:00:00+00:00,online
2026-08-07,2026-08-10 08:10:37+00:00,DE,solar,xgboost_online,XGBoost with covariates,weather_4p+tso_forecast,2208,2026-08-08 07:00:00+00:00,34078.8671875,34289.8204325,36802.23725,2026-05-07 18:00:00+00:00,2026-08-07 17:00:00+00:00,online
2026-08-07,2026-08-10 08:10:37+00:00,DE,solar,xgboost_online,XGBoost with covariates,weather_4p+tso_forecast,2208,2026-08-08 08:00:00+00:00,42823.63671875,43860.4220275,45929.86225,2026-05-07 18:00:00+00:00,2026-08-07 17:00:00+00:00,online
2026-08-07,2026-08-10 08:10:37+00:00,DE,solar,xgboost_online,XGBoost with covariates,weather_4p+tso_forecast,2208,2026-08-08 09:00:00+00:00,48894.28515625,49934.78898,49515.28275,2026-05-07 18:00:00+00:00,2026-08-07 17:00:00+00:00,online
2026-08-07,2026-08-10 08:10:37+00:00,DE,solar,xgboost_online,XGBoost with covariates,weather_4p+tso_forecast,2208,2026-08-08 10:00:00+00:00,51794.50390625,52882.819045,51272.38175,2026-05-07 18:00:00+00:00,2026-08-07 17:00:00+00:00,online
2026-08-07,2026-08-10 08:10:37+00:00,DE,solar,xgboost_online,XGBoost with covariates,weather_4p+tso_forecast,2208,2026-08-08 11:00:00+00:00,52200.75390625,53571.56961,51227.70975,2026-05-07 18:00:00+00:00,2026-08-07 17:00:00+00:00,online
2026-08-07,2026-08-10 08:10:37+00:00,DE,solar,xgboost_online,XGBoost with covariates,weather_4p+tso_forecast,2208,2026-08-08 12:00:00+00:00,50674.921875,51790.7265625,49303.5965,2026-05-07 18:00:00+00:00,2026-08-07 17:00:00+00:00,online
2026-08-07,2026-08-10 08:10:37+00:00,DE,solar,xgboost_online,XGBoost with covariates,weather_4p+tso_forecast,2208,2026-08-08 13:00:00+00:00,47455.59375,47496.32957,46088.221000000005,2026-05-07 18:00:00+00:00,2026-08-07 17:00:00+00:00,online
2026-08-07,2026-08-10 08:10:37+00:00,DE,solar,xgboost_online,XGBoost with covariates,weather_4p+tso_forecast,2208,2026-08-08 14:00:00+00:00,40484.74609375,40743.3347225,40334.48975,2026-05-07 18:00:00+00:00,2026-08-07 17:00:00+00:00,online
2026-08-07,2026-08-10 08:10:37+00:00,DE,solar,xgboost_online,XGBoost with covariates,weather_4p+tso_forecast,2208,2026-08-08 15:00:00+00:00,31171.1953125,30697.63883,32602.72075,2026-05-07 18:00:00+00:00,2026-08-07 17:00:00+00:00,online
2026-08-07,2026-08-10 08:10:37+00:00,DE,solar,xgboost_online,XGBoost with covariates,weather_4p+tso_forecast,2208,2026-08-08 16:00:00+00:00,17682.09765625,17934.6890975,18857.8695,2026-05-07 18:00:00+00:00,2026-08-07 17:00:00+00:00,online
2026-08-07,2026-08-10 08:10:37+00:00,DE,solar,xgboost_online,XGBoost with covariates,weather_4p+tso_forecast,2208,2026-08-08 17:00:00+00:00,6349.1865234375,6509.18065,6933.244,2026-05-07 18:00:00+00:00,2026-08-07 17:00:00+00:00,online
2026-08-07,2026-08-10 08:10:37+00:00,DE,wind_onshore,tso_reference,TSO forecast,tso_forecast,2208,2026-08-07 18:00:00+00:00,4645.684175,4645.684175,4234.51775,2026-05-07 18:00:00+00:00,2026-08-07 17:00:00+00:00,online
2026-08-07,2026-08-10 08:10:37+00:00,DE,wind_onshore,tso_reference,TSO forecast,tso_forecast,2208,2026-08-07 19:00:00+00:00,4652.093635,4652.093635,4578.343,2026-05-07 18:00:00+00:00,2026-08-07 17:00:00+00:00,online
2026-08-07,2026-08-10 08:10:37+00:00,DE,wind_onshore,tso_reference,TSO forecast,tso_forecast,2208,2026-08-07 20:00:00+00:00,4943.6736825,4943.6736825,5271.491,2026-05-07 18:00:00+00:00,2026-08-07 17:00:00+00:00,online
2026-08-07,2026-08-10 08:10:37+00:00,DE,wind_onshore,tso_reference,TSO forecast,tso_forecast,2208,2026-08-07 21:00:00+00:00,4883.5409325,4883.5409325,5649.6345,2026-05-07 18:00:00+00:00,2026-08-07 17:00:00+00:00,online
2026-08-07,2026-08-10 08:10:37+00:00,DE,wind_onshore,tso_reference,TSO forecast,tso_forecast,2208,2026-08-07 22:00:00+00:00,4739.396895,4739.396895,5802.0105,2026-05-07 18:00:00+00:00,2026-08-07 17:00:00+00:00,online
2026-08-07,2026-08-10 08:10:37+00:00,DE,wind_onshore,tso_reference,TSO forecast,tso_forecast,2208,2026-08-07 23:00:00+00:00,4543.7783775,4543.7783775,5455.30225,2026-05-07 18:00:00+00:00,2026-08-07 17:00:00+00:00,online
2026-08-07,2026-08-10 08:10:37+00:00,DE,wind_onshore,tso_reference,TSO forecast,tso_forecast,2208,2026-08-08 00:00:00+00:00,4457.864332499999,4457.864332499999,5144.1625,2026-05-07 18:00:00+00:00,2026-08-07 17:00:00+00:00,online
2026-08-07,2026-08-10 08:10:37+00:00,DE,wind_onshore,tso_reference,TSO forecast,tso_forecast,2208,2026-08-08 01:00:00+00:00,4170.4253125,4170.4253125,4638.612,2026-05-07 18:00:00+00:00,2026-08-07 17:00:00+00:00,online
2026-08-07,2026-08-10 08:10:37+00:00,DE,wind_onshore,tso_reference,TSO forecast,tso_forecast,2208,2026-08-08 02:00:00+00:00,3868.4630075,3868.4630075,4184.106,2026-05-07 18:00:00+00:00,2026-08-07 17:00:00+00:00,online
2026-08-07,2026-08-10 08:10:37+00:00,DE,wind_onshore,tso_reference,TSO forecast,tso_forecast,2208,2026-08-08 03:00:00+00:00,3601.9498825,3601.9498825,3977.5405,2026-05-07 18:00:00+00:00,2026-08-07 17:00:00+00:00,online
2026-08-07,2026-08-10 08:10:37+00:00,DE,wind_onshore,tso_reference,TSO forecast,tso_forecast,2208,2026-08-08 04:00:00+00:00,3375.8941425,3375.8941425,3963.42275,2026-05-07 18:00:00+00:00,2026-08-07 17:00:00+00:00,online
2026-08-07,2026-08-10 08:10:37+00:00,DE,wind_onshore,tso_reference,TSO forecast,tso_forecast,2208,2026-08-08 05:00:00+00:00,2943.8076675,2943.8076675,3600.01925,2026-05-07 18:00:00+00:00,2026-08-07 17:00:00+00:00,online
2026-08-07,2026-08-10 08:10:37+00:00,DE,wind_onshore,tso_reference,TSO forecast,tso_forecast,2208,2026-08-08 06:00:00+00:00,2087.9122175,2087.9122175,2044.746,2026-05-07 18:00:00+00:00,2026-08-07 17:00:00+00:00,online
2026-08-07,2026-08-10 08:10:37+00:00,DE,wind_onshore,tso_reference,TSO forecast,tso_forecast,2208,2026-08-08 07:00:00+00:00,1202.0337775,1202.0337775,1097.83775,2026-05-07 18:00:00+00:00,2026-08-07 17:00:00+00:00,online
2026-08-07,2026-08-10 08:10:37+00:00,DE,wind_onshore,tso_reference,TSO forecast,tso_forecast,2208,2026-08-08 08:00:00+00:00,992.07261,992.07261,834.944,2026-05-07 18:00:00+00:00,2026-08-07 17:00:00+00:00,online
2026-08-07,2026-08-10 08:10:37+00:00,DE,wind_onshore,tso_reference,TSO forecast,tso_forecast,2208,2026-08-08 09:00:00+00:00,892.24818,892.24818,892.72425,2026-05-07 18:00:00+00:00,2026-08-07 17:00:00+00:00,online
2026-08-07,2026-08-10 08:10:37+00:00,DE,wind_onshore,tso_reference,TSO forecast,tso_forecast,2208,2026-08-08 10:00:00+00:00,752.4691225,752.4691225,729.365,2026-05-07 18:00:00+00:00,2026-08-07 17:00:00+00:00,online
2026-08-07,2026-08-10 08:10:37+00:00,DE,wind_onshore,tso_reference,TSO forecast,tso_forecast,2208,2026-08-08 11:00:00+00:00,607.8421125,607.8421125,564.02275,2026-05-07 18:00:00+00:00,2026-08-07 17:00:00+00:00,online
2026-08-07,2026-08-10 08:10:37+00:00,DE,wind_onshore,tso_reference,TSO forecast,tso_forecast,2208,2026-08-08 12:00:00+00:00,537.2928525,537.2928525,482.64575,2026-05-07 18:00:00+00:00,2026-08-07 17:00:00+00:00,online
2026-08-07,2026-08-10 08:10:37+00:00,DE,wind_onshore,tso_reference,TSO forecast,tso_forecast,2208,2026-08-08 13:00:00+00:00,526.03484,526.03484,517.33925,2026-05-07 18:00:00+00:00,2026-08-07 17:00:00+00:00,online
2026-08-07,2026-08-10 08:10:37+00:00,DE,wind_onshore,tso_reference,TSO forecast,tso_forecast,2208,2026-08-08 14:00:00+00:00,586.5872125,586.5872125,671.54825,2026-05-07 18:00:00+00:00,2026-08-07 17:00:00+00:00,online
2026-08-07,2026-08-10 08:10:37+00:00,DE,wind_onshore,tso_reference,TSO forecast,tso_forecast,2208,2026-08-08 15:00:00+00:00,708.9784725,708.9784725,1090.4585,2026-05-07 18:00:00+00:00,2026-08-07 17:00:00+00:00,online
2026-08-07,2026-08-10 08:10:37+00:00,DE,wind_onshore,tso_reference,TSO forecast,tso_forecast,2208,2026-08-08 16:00:00+00:00,1005.5886825,1005.5886825,1403.9257499999999,2026-05-07 18:00:00+00:00,2026-08-07 17:00:00+00:00,online
2026-08-07,2026-08-10 08:10:37+00:00,DE,wind_onshore,tso_reference,TSO forecast,tso_forecast,2208,2026-08-08 17:00:00+00:00,1866.9574125,1866.9574125,2088.67725,2026-05-07 18:00:00+00:00,2026-08-07 17:00:00+00:00,online
2026-08-07,2026-08-10 08:10:37+00:00,DE,wind_onshore,persistence,Persistence,daily_persistence,2208,2026-08-07 18:00:00+00:00,14484.412,4645.684175,4234.51775,2026-05-07 18:00:00+00:00,2026-08-07 17:00:00+00:00,online
2026-08-07,2026-08-10 08:10:37+00:00,DE,wind_onshore,persistence,Persistence,daily_persistence,2208,2026-08-07 19:00:00+00:00,11342.6055,4652.093635,4578.343,2026-05-07 18:00:00+00:00,2026-08-07 17:00:00+00:00,online
2026-08-07,2026-08-10 08:10:37+00:00,DE,wind_onshore,persistence,Persistence,daily_persistence,2208,2026-08-07 20:00:00+00:00,10052.45025,4943.6736825,5271.491,2026-05-07 18:00:00+00:00,2026-08-07 17:00:00+00:00,online
2026-08-07,2026-08-10 08:10:37+00:00,DE,wind_onshore,persistence,Persistence,daily_persistence,2208,2026-08-07 21:00:00+00:00,10122.4375,4883.5409325,5649.6345,2026-05-07 18:00:00+00:00,2026-08-07 17:00:00+00:00,online
2026-08-07,2026-08-10 08:10:37+00:00,DE,wind_onshore,persistence,Persistence,daily_persistence,2208,2026-08-07 22:00:00+00:00,9829.86575,4739.396895,5802.0105,2026-05-07 18:00:00+00:00,2026-08-07 17:00:00+00:00,online
2026-08-07,2026-08-10 08:10:37+00:00,DE,wind_onshore,persistence,Persistence,daily_persistence,2208,2026-08-07 23:00:00+00:00,10155.56525,4543.7783775,5455.30225,2026-05-07 18:00:00+00:00,2026-08-07 17:00:00+00:00,online
2026-08-07,2026-08-10 08:10:37+00:00,DE,wind_onshore,persistence,Persistence,daily_persistence,2208,2026-08-08 00:00:00+00:00,9717.44125,4457.864332499999,5144.1625,2026-05-07 18:00:00+00:00,2026-08-07 17:00:00+00:00,online
2026-08-07,2026-08-10 08:10:37+00:00,DE,wind_onshore,persistence,Persistence,daily_persistence,2208,2026-08-08 01:00:00+00:00,8686.8085,4170.4253125,4638.612,2026-05-07 18:00:00+00:00,2026-08-07 17:00:00+00:00,online
2026-08-07,2026-08-10 08:10:37+00:00,DE,wind_onshore,persistence,Persistence,daily_persistence,2208,2026-08-08 02:00:00+00:00,8367.53425,3868.4630075,4184.106,2026-05-07 18:00:00+00:00,2026-08-07 17:00:00+00:00,online
2026-08-07,2026-08-10 08:10:37+00:00,DE,wind_onshore,persistence,Persistence,daily_persistence,2208,2026-08-08 03:00:00+00:00,8442.85475,3601.9498825,3977.5405,2026-05-07 18:00:00+00:00,2026-08-07 17:00:00+00:00,online
2026-08-07,2026-08-10 08:10:37+00:00,DE,wind_onshore,persistence,Persistence,daily_persistence,2208,2026-08-08 04:00:00+00:00,7877.74475,3375.8941425,3963.42275,2026-05-07 18:00:00+00:00,2026-08-07 17:00:00+00:00,online
2026-08-07,2026-08-10 08:10:37+00:00,DE,wind_onshore,persistence,Persistence,daily_persistence,2208,2026-08-08 05:00:00+00:00,6173.084,2943.8076675,3600.01925,2026-05-07 18:00:00+00:00,2026-08-07 17:00:00+00:00,online
2026-08-07,2026-08-10 08:10:37+00:00,DE,wind_onshore,persistence,Persistence,daily_persistence,2208,2026-08-08 06:00:00+00:00,4695.309,2087.9122175,2044.746,2026-05-07 18:00:00+00:00,2026-08-07 17:00:00+00:00,online
2026-08-07,2026-08-10 08:10:37+00:00,DE,wind_onshore,persistence,Persistence,daily_persistence,2208,2026-08-08 07:00:00+00:00,4998.58425,1202.0337775,1097.83775,2026-05-07 18:00:00+00:00,2026-08-07 17:00:00+00:00,online
2026-08-07,2026-08-10 08:10:37+00:00,DE,wind_onshore,persistence,Persistence,daily_persistence,2208,2026-08-08 08:00:00+00:00,5070.351500000001,992.07261,834.944,2026-05-07 18:00:00+00:00,2026-08-07 17:00:00+00:00,online
2026-08-07,2026-08-10 08:10:37+00:00,DE,wind_onshore,persistence,Persistence,daily_persistence,2208,2026-08-08 09:00:00+00:00,4925.02825,892.24818,892.72425,2026-05-07 18:00:00+00:00,2026-08-07 17:00:00+00:00,online
2026-08-07,2026-08-10 08:10:37+00:00,DE,wind_onshore,persistence,Persistence,daily_persistence,2208,2026-08-08 10:00:00+00:00,5072.534,752.4691225,729.365,2026-05-07 18:00:00+00:00,2026-08-07 17:00:00+00:00,online
2026-08-07,2026-08-10 08:10:37+00:00,DE,wind_onshore,persistence,Persistence,daily_persistence,2208,2026-08-08 11:00:00+00:00,5020.4455,607.8421125,564.02275,2026-05-07 18:00:00+00:00,2026-08-07 17:00:00+00:00,online
2026-08-07,2026-08-10 08:10:37+00:00,DE,wind_onshore,persistence,Persistence,daily_persistence,2208,2026-08-08 12:00:00+00:00,5077.57525,537.2928525,482.64575,2026-05-07 18:00:00+00:00,2026-08-07 17:00:00+00:00,online
2026-08-07,2026-08-10 08:10:37+00:00,DE,wind_onshore,persistence,Persistence,daily_persistence,2208,2026-08-08 13:00:00+00:00,5004.45075,526.03484,517.33925,2026-05-07 18:00:00+00:00,2026-08-07 17:00:00+00:00,online
2026-08-07,2026-08-10 08:10:37+00:00,DE,wind_onshore,persistence,Persistence,daily_persistence,2208,2026-08-08 14:00:00+00:00,5149.82075,586.5872125,671.54825,2026-05-07 18:00:00+00:00,2026-08-07 17:00:00+00:00,online
2026-08-07,2026-08-10 08:10:37+00:00,DE,wind_onshore,persistence,Persistence,daily_persistence,2208,2026-08-08 15:00:00+00:00,4996.90075,708.9784725,1090.4585,2026-05-07 18:00:00+00:00,2026-08-07 17:00:00+00:00,online
2026-08-07,2026-08-10 08:10:37+00:00,DE,wind_onshore,persistence,Persistence,daily_persistence,2208,2026-08-08 16:00:00+00:00,4938.6875,1005.5886825,1403.9257499999999,2026-05-07 18:00:00+00:00,2026-08-07 17:00:00+00:00,online
2026-08-07,2026-08-10 08:10:37+00:00,DE,wind_onshore,persistence,Persistence,daily_persistence,2208,2026-08-08 17:00:00+00:00,4910.41925,1866.9574125,2088.67725,2026-05-07 18:00:00+00:00,2026-08-07 17:00:00+00:00,online
2026-08-07,2026-08-10 08:10:37+00:00,DE,wind_onshore,chronos2_online,Chronos2 with covariates,weather_4p+tso_forecast,2208,2026-08-07 18:00:00+00:00,4109.7783203125,4645.684175,4234.51775,2026-05-07 18:00:00+00:00,2026-08-07 17:00:00+00:00,online
2026-08-07,2026-08-10 08:10:37+00:00,DE,wind_onshore,chronos2_online,Chronos2 with covariates,weather_4p+tso_forecast,2208,2026-08-07 19:00:00+00:00,4041.12939453125,4652.093635,4578.343,2026-05-07 18:00:00+00:00,2026-08-07 17:00:00+00:00,online
2026-08-07,2026-08-10 08:10:37+00:00,DE,wind_onshore,chronos2_online,Chronos2 with covariates,weather_4p+tso_forecast,2208,2026-08-07 20:00:00+00:00,4200.73193359375,4943.6736825,5271.491,2026-05-07 18:00:00+00:00,2026-08-07 17:00:00+00:00,online
2026-08-07,2026-08-10 08:10:37+00:00,DE,wind_onshore,chronos2_online,Chronos2 with covariates,weather_4p+tso_forecast,2208,2026-08-07 21:00:00+00:00,4256.93310546875,4883.5409325,5649.6345,2026-05-07 18:00:00+00:00,2026-08-07 17:00:00+00:00,online
2026-08-07,2026-08-10 08:10:37+00:00,DE,wind_onshore,chronos2_online,Chronos2 with covariates,weather_4p+tso_forecast,2208,2026-08-07 22:00:00+00:00,4252.5703125,4739.396895,5802.0105,2026-05-07 18:00:00+00:00,2026-08-07 17:00:00+00:00,online
2026-08-07,2026-08-10 08:10:37+00:00,DE,wind_onshore,chronos2_online,Chronos2 with covariates,weather_4p+tso_forecast,2208,2026-08-07 23:00:00+00:00,4094.5439453125,4543.7783775,5455.30225,2026-05-07 18:00:00+00:00,2026-08-07 17:00:00+00:00,online
2026-08-07,2026-08-10 08:10:37+00:00,DE,wind_onshore,chronos2_online,Chronos2 with covariates,weather_4p+tso_forecast,2208,2026-08-08 00:00:00+00:00,3899.20458984375,4457.864332499999,5144.1625,2026-05-07 18:00:00+00:00,2026-08-07 17:00:00+00:00,online
2026-08-07,2026-08-10 08:10:37+00:00,DE,wind_onshore,chronos2_online,Chronos2 with covariates,weather_4p+tso_forecast,2208,2026-08-08 01:00:00+00:00,3632.2626953125,4170.4253125,4638.612,2026-05-07 18:00:00+00:00,2026-08-07 17:00:00+00:00,online
2026-08-07,2026-08-10 08:10:37+00:00,DE,wind_onshore,chronos2_online,Chronos2 with covariates,weather_4p+tso_forecast,2208,2026-08-08 02:00:00+00:00,3429.96630859375,3868.4630075,4184.106,2026-05-07 18:00:00+00:00,2026-08-07 17:00:00+00:00,online
2026-08-07,2026-08-10 08:10:37+00:00,DE,wind_onshore,chronos2_online,Chronos2 with covariates,weather_4p+tso_forecast,2208,2026-08-08 03:00:00+00:00,3345.53369140625,3601.9498825,3977.5405,2026-05-07 18:00:00+00:00,2026-08-07 17:00:00+00:00,online
2026-08-07,2026-08-10 08:10:37+00:00,DE,wind_onshore,chronos2_online,Chronos2 with covariates,weather_4p+tso_forecast,2208,2026-08-08 04:00:00+00:00,3115.9443359375,3375.8941425,3963.42275,2026-05-07 18:00:00+00:00,2026-08-07 17:00:00+00:00,online
2026-08-07,2026-08-10 08:10:37+00:00,DE,wind_onshore,chronos2_online,Chronos2 with covariates,weather_4p+tso_forecast,2208,2026-08-08 05:00:00+00:00,2548.2529296875,2943.8076675,3600.01925,2026-05-07 18:00:00+00:00,2026-08-07 17:00:00+00:00,online
2026-08-07,2026-08-10 08:10:37+00:00,DE,wind_onshore,chronos2_online,Chronos2 with covariates,weather_4p+tso_forecast,2208,2026-08-08 06:00:00+00:00,1546.9609375,2087.9122175,2044.746,2026-05-07 18:00:00+00:00,2026-08-07 17:00:00+00:00,online
2026-08-07,2026-08-10 08:10:37+00:00,DE,wind_onshore,chronos2_online,Chronos2 with covariates,weather_4p+tso_forecast,2208,2026-08-08 07:00:00+00:00,957.89306640625,1202.0337775,1097.83775,2026-05-07 18:00:00+00:00,2026-08-07 17:00:00+00:00,online
2026-08-07,2026-08-10 08:10:37+00:00,DE,wind_onshore,chronos2_online,Chronos2 with covariates,weather_4p+tso_forecast,2208,2026-08-08 08:00:00+00:00,893.2568359375,992.07261,834.944,2026-05-07 18:00:00+00:00,2026-08-07 17:00:00+00:00,online
2026-08-07,2026-08-10 08:10:37+00:00,DE,wind_onshore,chronos2_online,Chronos2 with covariates,weather_4p+tso_forecast,2208,2026-08-08 09:00:00+00:00,917.6865234375,892.24818,892.72425,2026-05-07 18:00:00+00:00,2026-08-07 17:00:00+00:00,online
2026-08-07,2026-08-10 08:10:37+00:00,DE,wind_onshore,chronos2_online,Chronos2 with covariates,weather_4p+tso_forecast,2208,2026-08-08 10:00:00+00:00,1030.78369140625,752.4691225,729.365,2026-05-07 18:00:00+00:00,2026-08-07 17:00:00+00:00,online
2026-08-07,2026-08-10 08:10:37+00:00,DE,wind_onshore,chronos2_online,Chronos2 with covariates,weather_4p+tso_forecast,2208,2026-08-08 11:00:00+00:00,840.7265625,607.8421125,564.02275,2026-05-07 18:00:00+00:00,2026-08-07 17:00:00+00:00,online
2026-08-07,2026-08-10 08:10:37+00:00,DE,wind_onshore,chronos2_online,Chronos2 with covariates,weather_4p+tso_forecast,2208,2026-08-08 12:00:00+00:00,616.080078125,537.2928525,482.64575,2026-05-07 18:00:00+00:00,2026-08-07 17:00:00+00:00,online
2026-08-07,2026-08-10 08:10:37+00:00,DE,wind_onshore,chronos2_online,Chronos2 with covariates,weather_4p+tso_forecast,2208,2026-08-08 13:00:00+00:00,654.033203125,526.03484,517.33925,2026-05-07 18:00:00+00:00,2026-08-07 17:00:00+00:00,online
2026-08-07,2026-08-10 08:10:37+00:00,DE,wind_onshore,chronos2_online,Chronos2 with covariates,weather_4p+tso_forecast,2208,2026-08-08 14:00:00+00:00,331.9208984375,586.5872125,671.54825,2026-05-07 18:00:00+00:00,2026-08-07 17:00:00+00:00,online
2026-08-07,2026-08-10 08:10:37+00:00,DE,wind_onshore,chronos2_online,Chronos2 with covariates,weather_4p+tso_forecast,2208,2026-08-08 15:00:00+00:00,731.0498046875,708.9784725,1090.4585,2026-05-07 18:00:00+00:00,2026-08-07 17:00:00+00:00,online
2026-08-07,2026-08-10 08:10:37+00:00,DE,wind_onshore,chronos2_online,Chronos2 with covariates,weather_4p+tso_forecast,2208,2026-08-08 16:00:00+00:00,1108.8916015625,1005.5886825,1403.9257499999999,2026-05-07 18:00:00+00:00,2026-08-07 17:00:00+00:00,online
2026-08-07,2026-08-10 08:10:37+00:00,DE,wind_onshore,chronos2_online,Chronos2 with covariates,weather_4p+tso_forecast,2208,2026-08-08 17:00:00+00:00,1420.79052734375,1866.9574125,2088.67725,2026-05-07 18:00:00+00:00,2026-08-07 17:00:00+00:00,online
2026-08-07,2026-08-10 08:10:37+00:00,DE,wind_onshore,xgboost_online,XGBoost with covariates,weather_4p+tso_forecast,2208,2026-08-07 18:00:00+00:00,4656.37255859375,4645.684175,4234.51775,2026-05-07 18:00:00+00:00,2026-08-07 17:00:00+00:00,online
2026-08-07,2026-08-10 08:10:37+00:00,DE,wind_onshore,xgboost_online,XGBoost with covariates,weather_4p+tso_forecast,2208,2026-08-07 19:00:00+00:00,4585.21826171875,4652.093635,4578.343,2026-05-07 18:00:00+00:00,2026-08-07 17:00:00+00:00,online
2026-08-07,2026-08-10 08:10:37+00:00,DE,wind_onshore,xgboost_online,XGBoost with covariates,weather_4p+tso_forecast,2208,2026-08-07 20:00:00+00:00,4776.01123046875,4943.6736825,5271.491,2026-05-07 18:00:00+00:00,2026-08-07 17:00:00+00:00,online
2026-08-07,2026-08-10 08:10:37+00:00,DE,wind_onshore,xgboost_online,XGBoost with covariates,weather_4p+tso_forecast,2208,2026-08-07 21:00:00+00:00,4580.02685546875,4883.5409325,5649.6345,2026-05-07 18:00:00+00:00,2026-08-07 17:00:00+00:00,online
2026-08-07,2026-08-10 08:10:37+00:00,DE,wind_onshore,xgboost_online,XGBoost with covariates,weather_4p+tso_forecast,2208,2026-08-07 22:00:00+00:00,4512.64599609375,4739.396895,5802.0105,2026-05-07 18:00:00+00:00,2026-08-07 17:00:00+00:00,online
2026-08-07,2026-08-10 08:10:37+00:00,DE,wind_onshore,xgboost_online,XGBoost with covariates,weather_4p+tso_forecast,2208,2026-08-07 23:00:00+00:00,4256.9462890625,4543.7783775,5455.30225,2026-05-07 18:00:00+00:00,2026-08-07 17:00:00+00:00,online
2026-08-07,2026-08-10 08:10:37+00:00,DE,wind_onshore,xgboost_online,XGBoost with covariates,weather_4p+tso_forecast,2208,2026-08-08 00:00:00+00:00,4204.71484375,4457.864332499999,5144.1625,2026-05-07 18:00:00+00:00,2026-08-07 17:00:00+00:00,online
2026-08-07,2026-08-10 08:10:37+00:00,DE,wind_onshore,xgboost_online,XGBoost with covariates,weather_4p+tso_forecast,2208,2026-08-08 01:00:00+00:00,4043.31005859375,4170.4253125,4638.612,2026-05-07 18:00:00+00:00,2026-08-07 17:00:00+00:00,online
2026-08-07,2026-08-10 08:10:37+00:00,DE,wind_onshore,xgboost_online,XGBoost with covariates,weather_4p+tso_forecast,2208,2026-08-08 02:00:00+00:00,3797.696533203125,3868.4630075,4184.106,2026-05-07 18:00:00+00:00,2026-08-07 17:00:00+00:00,online
2026-08-07,2026-08-10 08:10:37+00:00,DE,wind_onshore,xgboost_online,XGBoost with covariates,weather_4p+tso_forecast,2208,2026-08-08 03:00:00+00:00,3628.5205078125,3601.9498825,3977.5405,2026-05-07 18:00:00+00:00,2026-08-07 17:00:00+00:00,online
2026-08-07,2026-08-10 08:10:37+00:00,DE,wind_onshore,xgboost_online,XGBoost with covariates,weather_4p+tso_forecast,2208,2026-08-08 04:00:00+00:00,3405.7333984375,3375.8941425,3963.42275,2026-05-07 18:00:00+00:00,2026-08-07 17:00:00+00:00,online
2026-08-07,2026-08-10 08:10:37+00:00,DE,wind_onshore,xgboost_online,XGBoost with covariates,weather_4p+tso_forecast,2208,2026-08-08 05:00:00+00:00,2872.656982421875,2943.8076675,3600.01925,2026-05-07 18:00:00+00:00,2026-08-07 17:00:00+00:00,online
2026-08-07,2026-08-10 08:10:37+00:00,DE,wind_onshore,xgboost_online,XGBoost with covariates,weather_4p+tso_forecast,2208,2026-08-08 06:00:00+00:00,2103.954345703125,2087.9122175,2044.746,2026-05-07 18:00:00+00:00,2026-08-07 17:00:00+00:00,online
2026-08-07,2026-08-10 08:10:37+00:00,DE,wind_onshore,xgboost_online,XGBoost with covariates,weather_4p+tso_forecast,2208,2026-08-08 07:00:00+00:00,1553.468505859375,1202.0337775,1097.83775,2026-05-07 18:00:00+00:00,2026-08-07 17:00:00+00:00,online
2026-08-07,2026-08-10 08:10:37+00:00,DE,wind_onshore,xgboost_online,XGBoost with covariates,weather_4p+tso_forecast,2208,2026-08-08 08:00:00+00:00,1456.91796875,992.07261,834.944,2026-05-07 18:00:00+00:00,2026-08-07 17:00:00+00:00,online
2026-08-07,2026-08-10 08:10:37+00:00,DE,wind_onshore,xgboost_online,XGBoost with covariates,weather_4p+tso_forecast,2208,2026-08-08 09:00:00+00:00,1456.91796875,892.24818,892.72425,2026-05-07 18:00:00+00:00,2026-08-07 17:00:00+00:00,online
2026-08-07,2026-08-10 08:10:37+00:00,DE,wind_onshore,xgboost_online,XGBoost with covariates,weather_4p+tso_forecast,2208,2026-08-08 10:00:00+00:00,1456.91796875,752.4691225,729.365,2026-05-07 18:00:00+00:00,2026-08-07 17:00:00+00:00,online
2026-08-07,2026-08-10 08:10:37+00:00,DE,wind_onshore,xgboost_online,XGBoost with covariates,weather_4p+tso_forecast,2208,2026-08-08 11:00:00+00:00,1497.1131591796875,607.8421125,564.02275,2026-05-07 18:00:00+00:00,2026-08-07 17:00:00+00:00,online
2026-08-07,2026-08-10 08:10:37+00:00,DE,wind_onshore,xgboost_online,XGBoost with covariates,weather_4p+tso_forecast,2208,2026-08-08 12:00:00+00:00,1456.91796875,537.2928525,482.64575,2026-05-07 18:00:00+00:00,2026-08-07 17:00:00+00:00,online
2026-08-07,2026-08-10 08:10:37+00:00,DE,wind_onshore,xgboost_online,XGBoost with covariates,weather_4p+tso_forecast,2208,2026-08-08 13:00:00+00:00,1564.494140625,526.03484,517.33925,2026-05-07 18:00:00+00:00,2026-08-07 17:00:00+00:00,online
2026-08-07,2026-08-10 08:10:37+00:00,DE,wind_onshore,xgboost_online,XGBoost with covariates,weather_4p+tso_forecast,2208,2026-08-08 14:00:00+00:00,1456.0030517578125,586.5872125,671.54825,2026-05-07 18:00:00+00:00,2026-08-07 17:00:00+00:00,online
2026-08-07,2026-08-10 08:10:37+00:00,DE,wind_onshore,xgboost_online,XGBoost with covariates,weather_4p+tso_forecast,2208,2026-08-08 15:00:00+00:00,1456.91796875,708.9784725,1090.4585,2026-05-07 18:00:00+00:00,2026-08-07 17:00:00+00:00,online
2026-08-07,2026-08-10 08:10:37+00:00,DE,wind_onshore,xgboost_online,XGBoost with covariates,weather_4p+tso_forecast,2208,2026-08-08 16:00:00+00:00,1600.08935546875,1005.5886825,1403.9257499999999,2026-05-07 18:00:00+00:00,2026-08-07 17:00:00+00:00,online
2026-08-07,2026-08-10 08:10:37+00:00,DE,wind_onshore,xgboost_online,XGBoost with covariates,weather_4p+tso_forecast,2208,2026-08-08 17:00:00+00:00,1983.158203125,1866.9574125,2088.67725,2026-05-07 18:00:00+00:00,2026-08-07 17:00:00+00:00,online
2026-08-07,2026-08-10 08:10:37+00:00,DE,wind_offshore,tso_reference,TSO forecast,tso_forecast,2208,2026-08-07 18:00:00+00:00,1064.45,1064.45,1089.7155,2026-05-07 18:00:00+00:00,2026-08-07 17:00:00+00:00,online
2026-08-07,2026-08-10 08:10:37+00:00,DE,wind_offshore,tso_reference,TSO forecast,tso_forecast,2208,2026-08-07 19:00:00+00:00,845.4825,845.4825,728.1412499999999,2026-05-07 18:00:00+00:00,2026-08-07 17:00:00+00:00,online
2026-08-07,2026-08-10 08:10:37+00:00,DE,wind_offshore,tso_reference,TSO forecast,tso_forecast,2208,2026-08-07 20:00:00+00:00,693.02,693.02,551.11375,2026-05-07 18:00:00+00:00,2026-08-07 17:00:00+00:00,online
2026-08-07,2026-08-10 08:10:37+00:00,DE,wind_offshore,tso_reference,TSO forecast,tso_forecast,2208,2026-08-07 21:00:00+00:00,595.565,595.565,578.8605,2026-05-07 18:00:00+00:00,2026-08-07 17:00:00+00:00,online
2026-08-07,2026-08-10 08:10:37+00:00,DE,wind_offshore,tso_reference,TSO forecast,tso_forecast,2208,2026-08-07 22:00:00+00:00,741.825,741.825,606.94675,2026-05-07 18:00:00+00:00,2026-08-07 17:00:00+00:00,online
2026-08-07,2026-08-10 08:10:37+00:00,DE,wind_offshore,tso_reference,TSO forecast,tso_forecast,2208,2026-08-07 23:00:00+00:00,738.3375,738.3375,676.653,2026-05-07 18:00:00+00:00,2026-08-07 17:00:00+00:00,online
2026-08-07,2026-08-10 08:10:37+00:00,DE,wind_offshore,tso_reference,TSO forecast,tso_forecast,2208,2026-08-08 00:00:00+00:00,745.75,745.75,768.242,2026-05-07 18:00:00+00:00,2026-08-07 17:00:00+00:00,online
2026-08-07,2026-08-10 08:10:37+00:00,DE,wind_offshore,tso_reference,TSO forecast,tso_forecast,2208,2026-08-08 01:00:00+00:00,741.585,741.585,722.40475,2026-05-07 18:00:00+00:00,2026-08-07 17:00:00+00:00,online
2026-08-07,2026-08-10 08:10:37+00:00,DE,wind_offshore,tso_reference,TSO forecast,tso_forecast,2208,2026-08-08 02:00:00+00:00,706.1825,706.1825,696.2015,2026-05-07 18:00:00+00:00,2026-08-07 17:00:00+00:00,online
2026-08-07,2026-08-10 08:10:37+00:00,DE,wind_offshore,tso_reference,TSO forecast,tso_forecast,2208,2026-08-08 03:00:00+00:00,636.9125,636.9125,670.22325,2026-05-07 18:00:00+00:00,2026-08-07 17:00:00+00:00,online
2026-08-07,2026-08-10 08:10:37+00:00,DE,wind_offshore,tso_reference,TSO forecast,tso_forecast,2208,2026-08-08 04:00:00+00:00,552.155,552.155,616.364,2026-05-07 18:00:00+00:00,2026-08-07 17:00:00+00:00,online
2026-08-07,2026-08-10 08:10:37+00:00,DE,wind_offshore,tso_reference,TSO forecast,tso_forecast,2208,2026-08-08 05:00:00+00:00,486.9575,486.9575,502.21775,2026-05-07 18:00:00+00:00,2026-08-07 17:00:00+00:00,online
2026-08-07,2026-08-10 08:10:37+00:00,DE,wind_offshore,tso_reference,TSO forecast,tso_forecast,2208,2026-08-08 06:00:00+00:00,441.775,441.775,476.18025,2026-05-07 18:00:00+00:00,2026-08-07 17:00:00+00:00,online
2026-08-07,2026-08-10 08:10:37+00:00,DE,wind_offshore,tso_reference,TSO forecast,tso_forecast,2208,2026-08-08 07:00:00+00:00,417.065,417.065,453.9065,2026-05-07 18:00:00+00:00,2026-08-07 17:00:00+00:00,online
2026-08-07,2026-08-10 08:10:37+00:00,DE,wind_offshore,tso_reference,TSO forecast,tso_forecast,2208,2026-08-08 08:00:00+00:00,429.51,429.51,464.88800000000003,2026-05-07 18:00:00+00:00,2026-08-07 17:00:00+00:00,online
2026-08-07,2026-08-10 08:10:37+00:00,DE,wind_offshore,tso_reference,TSO forecast,tso_forecast,2208,2026-08-08 09:00:00+00:00,290.71500000000003,290.71500000000003,201.72725,2026-05-07 18:00:00+00:00,2026-08-07 17:00:00+00:00,online
2026-08-07,2026-08-10 08:10:37+00:00,DE,wind_offshore,tso_reference,TSO forecast,tso_forecast,2208,2026-08-08 10:00:00+00:00,292.15999999999997,292.15999999999997,138.1015,2026-05-07 18:00:00+00:00,2026-08-07 17:00:00+00:00,online
2026-08-07,2026-08-10 08:10:37+00:00,DE,wind_offshore,tso_reference,TSO forecast,tso_forecast,2208,2026-08-08 11:00:00+00:00,286.845,286.845,131.8365,2026-05-07 18:00:00+00:00,2026-08-07 17:00:00+00:00,online
2026-08-07,2026-08-10 08:10:37+00:00,DE,wind_offshore,tso_reference,TSO forecast,tso_forecast,2208,2026-08-08 12:00:00+00:00,286.7475,286.7475,143.59075,2026-05-07 18:00:00+00:00,2026-08-07 17:00:00+00:00,online
2026-08-07,2026-08-10 08:10:37+00:00,DE,wind_offshore,tso_reference,TSO forecast,tso_forecast,2208,2026-08-08 13:00:00+00:00,285.475,285.475,157.58775,2026-05-07 18:00:00+00:00,2026-08-07 17:00:00+00:00,online
2026-08-07,2026-08-10 08:10:37+00:00,DE,wind_offshore,tso_reference,TSO forecast,tso_forecast,2208,2026-08-08 14:00:00+00:00,269.8375,269.8375,186.35525,2026-05-07 18:00:00+00:00,2026-08-07 17:00:00+00:00,online
2026-08-07,2026-08-10 08:10:37+00:00,DE,wind_offshore,tso_reference,TSO forecast,tso_forecast,2208,2026-08-08 15:00:00+00:00,350.195,350.195,189.49325,2026-05-07 18:00:00+00:00,2026-08-07 17:00:00+00:00,online
2026-08-07,2026-08-10 08:10:37+00:00,DE,wind_offshore,tso_reference,TSO forecast,tso_forecast,2208,2026-08-08 16:00:00+00:00,302.22749999999996,302.22749999999996,107.28225,2026-05-07 18:00:00+00:00,2026-08-07 17:00:00+00:00,online
2026-08-07,2026-08-10 08:10:37+00:00,DE,wind_offshore,tso_reference,TSO forecast,tso_forecast,2208,2026-08-08 17:00:00+00:00,268.3675,268.3675,80.6,2026-05-07 18:00:00+00:00,2026-08-07 17:00:00+00:00,online
2026-08-07,2026-08-10 08:10:37+00:00,DE,wind_offshore,persistence,Persistence,daily_persistence,2208,2026-08-07 18:00:00+00:00,5728.48275,1064.45,1089.7155,2026-05-07 18:00:00+00:00,2026-08-07 17:00:00+00:00,online
2026-08-07,2026-08-10 08:10:37+00:00,DE,wind_offshore,persistence,Persistence,daily_persistence,2208,2026-08-07 19:00:00+00:00,5607.0335000000005,845.4825,728.1412499999999,2026-05-07 18:00:00+00:00,2026-08-07 17:00:00+00:00,online
2026-08-07,2026-08-10 08:10:37+00:00,DE,wind_offshore,persistence,Persistence,daily_persistence,2208,2026-08-07 20:00:00+00:00,5465.3935,693.02,551.11375,2026-05-07 18:00:00+00:00,2026-08-07 17:00:00+00:00,online
2026-08-07,2026-08-10 08:10:37+00:00,DE,wind_offshore,persistence,Persistence,daily_persistence,2208,2026-08-07 21:00:00+00:00,5100.91125,595.565,578.8605,2026-05-07 18:00:00+00:00,2026-08-07 17:00:00+00:00,online
2026-08-07,2026-08-10 08:10:37+00:00,DE,wind_offshore,persistence,Persistence,daily_persistence,2208,2026-08-07 22:00:00+00:00,4655.293250000001,741.825,606.94675,2026-05-07 18:00:00+00:00,2026-08-07 17:00:00+00:00,online
2026-08-07,2026-08-10 08:10:37+00:00,DE,wind_offshore,persistence,Persistence,daily_persistence,2208,2026-08-07 23:00:00+00:00,4713.10175,738.3375,676.653,2026-05-07 18:00:00+00:00,2026-08-07 17:00:00+00:00,online
2026-08-07,2026-08-10 08:10:37+00:00,DE,wind_offshore,persistence,Persistence,daily_persistence,2208,2026-08-08 00:00:00+00:00,4429.619,745.75,768.242,2026-05-07 18:00:00+00:00,2026-08-07 17:00:00+00:00,online
2026-08-07,2026-08-10 08:10:37+00:00,DE,wind_offshore,persistence,Persistence,daily_persistence,2208,2026-08-08 01:00:00+00:00,4393.4885,741.585,722.40475,2026-05-07 18:00:00+00:00,2026-08-07 17:00:00+00:00,online
2026-08-07,2026-08-10 08:10:37+00:00,DE,wind_offshore,persistence,Persistence,daily_persistence,2208,2026-08-08 02:00:00+00:00,4181.2275,706.1825,696.2015,2026-05-07 18:00:00+00:00,2026-08-07 17:00:00+00:00,online
2026-08-07,2026-08-10 08:10:37+00:00,DE,wind_offshore,persistence,Persistence,daily_persistence,2208,2026-08-08 03:00:00+00:00,4040.93375,636.9125,670.22325,2026-05-07 18:00:00+00:00,2026-08-07 17:00:00+00:00,online
2026-08-07,2026-08-10 08:10:37+00:00,DE,wind_offshore,persistence,Persistence,daily_persistence,2208,2026-08-08 04:00:00+00:00,4157.93275,552.155,616.364,2026-05-07 18:00:00+00:00,2026-08-07 17:00:00+00:00,online
2026-08-07,2026-08-10 08:10:37+00:00,DE,wind_offshore,persistence,Persistence,daily_persistence,2208,2026-08-08 05:00:00+00:00,3705.935,486.9575,502.21775,2026-05-07 18:00:00+00:00,2026-08-07 17:00:00+00:00,online
2026-08-07,2026-08-10 08:10:37+00:00,DE,wind_offshore,persistence,Persistence,daily_persistence,2208,2026-08-08 06:00:00+00:00,2798.93025,441.775,476.18025,2026-05-07 18:00:00+00:00,2026-08-07 17:00:00+00:00,online
2026-08-07,2026-08-10 08:10:37+00:00,DE,wind_offshore,persistence,Persistence,daily_persistence,2208,2026-08-08 07:00:00+00:00,2474.0545,417.065,453.9065,2026-05-07 18:00:00+00:00,2026-08-07 17:00:00+00:00,online
2026-08-07,2026-08-10 08:10:37+00:00,DE,wind_offshore,persistence,Persistence,daily_persistence,2208,2026-08-08 08:00:00+00:00,2242.4612500000003,429.51,464.88800000000003,2026-05-07 18:00:00+00:00,2026-08-07 17:00:00+00:00,online
2026-08-07,2026-08-10 08:10:37+00:00,DE,wind_offshore,persistence,Persistence,daily_persistence,2208,2026-08-08 09:00:00+00:00,1967.69225,290.71500000000003,201.72725,2026-05-07 18:00:00+00:00,2026-08-07 17:00:00+00:00,online
2026-08-07,2026-08-10 08:10:37+00:00,DE,wind_offshore,persistence,Persistence,daily_persistence,2208,2026-08-08 10:00:00+00:00,1710.474,292.15999999999997,138.1015,2026-05-07 18:00:00+00:00,2026-08-07 17:00:00+00:00,online
2026-08-07,2026-08-10 08:10:37+00:00,DE,wind_offshore,persistence,Persistence,daily_persistence,2208,2026-08-08 11:00:00+00:00,1688.7025,286.845,131.8365,2026-05-07 18:00:00+00:00,2026-08-07 17:00:00+00:00,online
2026-08-07,2026-08-10 08:10:37+00:00,DE,wind_offshore,persistence,Persistence,daily_persistence,2208,2026-08-08 12:00:00+00:00,1712.1395,286.7475,143.59075,2026-05-07 18:00:00+00:00,2026-08-07 17:00:00+00:00,online
2026-08-07,2026-08-10 08:10:37+00:00,DE,wind_offshore,persistence,Persistence,daily_persistence,2208,2026-08-08 13:00:00+00:00,1512.327,285.475,157.58775,2026-05-07 18:00:00+00:00,2026-08-07 17:00:00+00:00,online
2026-08-07,2026-08-10 08:10:37+00:00,DE,wind_offshore,persistence,Persistence,daily_persistence,2208,2026-08-08 14:00:00+00:00,1435.48925,269.8375,186.35525,2026-05-07 18:00:00+00:00,2026-08-07 17:00:00+00:00,online
2026-08-07,2026-08-10 08:10:37+00:00,DE,wind_offshore,persistence,Persistence,daily_persistence,2208,2026-08-08 15:00:00+00:00,1405.493,350.195,189.49325,2026-05-07 18:00:00+00:00,2026-08-07 17:00:00+00:00,online
2026-08-07,2026-08-10 08:10:37+00:00,DE,wind_offshore,persistence,Persistence,daily_persistence,2208,2026-08-08 16:00:00+00:00,1262.8385,302.22749999999996,107.28225,2026-05-07 18:00:00+00:00,2026-08-07 17:00:00+00:00,online
2026-08-07,2026-08-10 08:10:37+00:00,DE,wind_offshore,persistence,Persistence,daily_persistence,2208,2026-08-08 17:00:00+00:00,1363.95225,268.3675,80.6,2026-05-07 18:00:00+00:00,2026-08-07 17:00:00+00:00,online
2026-08-07,2026-08-10 08:10:37+00:00,DE,wind_offshore,chronos2_online,Chronos2 with covariates,weather_4p+tso_forecast,2208,2026-08-07 18:00:00+00:00,1278.66455078125,1064.45,1089.7155,2026-05-07 18:00:00+00:00,2026-08-07 17:00:00+00:00,online
2026-08-07,2026-08-10 08:10:37+00:00,DE,wind_offshore,chronos2_online,Chronos2 with covariates,weather_4p+tso_forecast,2208,2026-08-07 19:00:00+00:00,1117.010986328125,845.4825,728.1412499999999,2026-05-07 18:00:00+00:00,2026-08-07 17:00:00+00:00,online
2026-08-07,2026-08-10 08:10:37+00:00,DE,wind_offshore,chronos2_online,Chronos2 with covariates,weather_4p+tso_forecast,2208,2026-08-07 20:00:00+00:00,888.0355224609375,693.02,551.11375,2026-05-07 18:00:00+00:00,2026-08-07 17:00:00+00:00,online
2026-08-07,2026-08-10 08:10:37+00:00,DE,wind_offshore,chronos2_online,Chronos2 with covariates,weather_4p+tso_forecast,2208,2026-08-07 21:00:00+00:00,835.6915283203125,595.565,578.8605,2026-05-07 18:00:00+00:00,2026-08-07 17:00:00+00:00,online
2026-08-07,2026-08-10 08:10:37+00:00,DE,wind_offshore,chronos2_online,Chronos2 with covariates,weather_4p+tso_forecast,2208,2026-08-07 22:00:00+00:00,869.3739013671875,741.825,606.94675,2026-05-07 18:00:00+00:00,2026-08-07 17:00:00+00:00,online
2026-08-07,2026-08-10 08:10:37+00:00,DE,wind_offshore,chronos2_online,Chronos2 with covariates,weather_4p+tso_forecast,2208,2026-08-07 23:00:00+00:00,840.4609375,738.3375,676.653,2026-05-07 18:00:00+00:00,2026-08-07 17:00:00+00:00,online
2026-08-07,2026-08-10 08:10:37+00:00,DE,wind_offshore,chronos2_online,Chronos2 with covariates,weather_4p+tso_forecast,2208,2026-08-08 00:00:00+00:00,844.229736328125,745.75,768.242,2026-05-07 18:00:00+00:00,2026-08-07 17:00:00+00:00,online
2026-08-07,2026-08-10 08:10:37+00:00,DE,wind_offshore,chronos2_online,Chronos2 with covariates,weather_4p+tso_forecast,2208,2026-08-08 01:00:00+00:00,817.841552734375,741.585,722.40475,2026-05-07 18:00:00+00:00,2026-08-07 17:00:00+00:00,online
2026-08-07,2026-08-10 08:10:37+00:00,DE,wind_offshore,chronos2_online,Chronos2 with covariates,weather_4p+tso_forecast,2208,2026-08-08 02:00:00+00:00,784.3980712890625,706.1825,696.2015,2026-05-07 18:00:00+00:00,2026-08-07 17:00:00+00:00,online
2026-08-07,2026-08-10 08:10:37+00:00,DE,wind_offshore,chronos2_online,Chronos2 with covariates,weather_4p+tso_forecast,2208,2026-08-08 03:00:00+00:00,745.8558349609375,636.9125,670.22325,2026-05-07 18:00:00+00:00,2026-08-07 17:00:00+00:00,online
2026-08-07,2026-08-10 08:10:37+00:00,DE,wind_offshore,chronos2_online,Chronos2 with covariates,weather_4p+tso_forecast,2208,2026-08-08 04:00:00+00:00,709.38037109375,552.155,616.364,2026-05-07 18:00:00+00:00,2026-08-07 17:00:00+00:00,online
2026-08-07,2026-08-10 08:10:37+00:00,DE,wind_offshore,chronos2_online,Chronos2 with covariates,weather_4p+tso_forecast,2208,2026-08-08 05:00:00+00:00,631.8173828125,486.9575,502.21775,2026-05-07 18:00:00+00:00,2026-08-07 17:00:00+00:00,online
2026-08-07,2026-08-10 08:10:37+00:00,DE,wind_offshore,chronos2_online,Chronos2 with covariates,weather_4p+tso_forecast,2208,2026-08-08 06:00:00+00:00,559.06640625,441.775,476.18025,2026-05-07 18:00:00+00:00,2026-08-07 17:00:00+00:00,online
2026-08-07,2026-08-10 08:10:37+00:00,DE,wind_offshore,chronos2_online,Chronos2 with covariates,weather_4p+tso_forecast,2208,2026-08-08 07:00:00+00:00,518.3905029296875,417.065,453.9065,2026-05-07 18:00:00+00:00,2026-08-07 17:00:00+00:00,online
2026-08-07,2026-08-10 08:10:37+00:00,DE,wind_offshore,chronos2_online,Chronos2 with covariates,weather_4p+tso_forecast,2208,2026-08-08 08:00:00+00:00,487.30908203125,429.51,464.88800000000003,2026-05-07 18:00:00+00:00,2026-08-07 17:00:00+00:00,online
2026-08-07,2026-08-10 08:10:37+00:00,DE,wind_offshore,chronos2_online,Chronos2 with covariates,weather_4p+tso_forecast,2208,2026-08-08 09:00:00+00:00,424.175537109375,290.71500000000003,201.72725,2026-05-07 18:00:00+00:00,2026-08-07 17:00:00+00:00,online
2026-08-07,2026-08-10 08:10:37+00:00,DE,wind_offshore,chronos2_online,Chronos2 with covariates,weather_4p+tso_forecast,2208,2026-08-08 10:00:00+00:00,418.058837890625,292.15999999999997,138.1015,2026-05-07 18:00:00+00:00,2026-08-07 17:00:00+00:00,online
2026-08-07,2026-08-10 08:10:37+00:00,DE,wind_offshore,chronos2_online,Chronos2 with covariates,weather_4p+tso_forecast,2208,2026-08-08 11:00:00+00:00,426.5164794921875,286.845,131.8365,2026-05-07 18:00:00+00:00,2026-08-07 17:00:00+00:00,online
2026-08-07,2026-08-10 08:10:37+00:00,DE,wind_offshore,chronos2_online,Chronos2 with covariates,weather_4p+tso_forecast,2208,2026-08-08 12:00:00+00:00,427.506103515625,286.7475,143.59075,2026-05-07 18:00:00+00:00,2026-08-07 17:00:00+00:00,online
2026-08-07,2026-08-10 08:10:37+00:00,DE,wind_offshore,chronos2_online,Chronos2 with covariates,weather_4p+tso_forecast,2208,2026-08-08 13:00:00+00:00,419.1890869140625,285.475,157.58775,2026-05-07 18:00:00+00:00,2026-08-07 17:00:00+00:00,online
2026-08-07,2026-08-10 08:10:37+00:00,DE,wind_offshore,chronos2_online,Chronos2 with covariates,weather_4p+tso_forecast,2208,2026-08-08 14:00:00+00:00,399.2998046875,269.8375,186.35525,2026-05-07 18:00:00+00:00,2026-08-07 17:00:00+00:00,online
2026-08-07,2026-08-10 08:10:37+00:00,DE,wind_offshore,chronos2_online,Chronos2 with covariates,weather_4p+tso_forecast,2208,2026-08-08 15:00:00+00:00,392.2396240234375,350.195,189.49325,2026-05-07 18:00:00+00:00,2026-08-07 17:00:00+00:00,online
2026-08-07,2026-08-10 08:10:37+00:00,DE,wind_offshore,chronos2_online,Chronos2 with covariates,weather_4p+tso_forecast,2208,2026-08-08 16:00:00+00:00,343.0079345703125,302.22749999999996,107.28225,2026-05-07 18:00:00+00:00,2026-08-07 17:00:00+00:00,online
2026-08-07,2026-08-10 08:10:37+00:00,DE,wind_offshore,chronos2_online,Chronos2 with covariates,weather_4p+tso_forecast,2208,2026-08-08 17:00:00+00:00,288.143310546875,268.3675,80.6,2026-05-07 18:00:00+00:00,2026-08-07 17:00:00+00:00,online
2026-08-07,2026-08-10 08:10:37+00:00,DE,wind_offshore,xgboost_online,XGBoost with covariates,weather_4p+tso_forecast,2208,2026-08-07 18:00:00+00:00,1155.396484375,1064.45,1089.7155,2026-05-07 18:00:00+00:00,2026-08-07 17:00:00+00:00,online
2026-08-07,2026-08-10 08:10:37+00:00,DE,wind_offshore,xgboost_online,XGBoost with covariates,weather_4p+tso_forecast,2208,2026-08-07 19:00:00+00:00,981.4375610351562,845.4825,728.1412499999999,2026-05-07 18:00:00+00:00,2026-08-07 17:00:00+00:00,online
2026-08-07,2026-08-10 08:10:37+00:00,DE,wind_offshore,xgboost_online,XGBoost with covariates,weather_4p+tso_forecast,2208,2026-08-07 20:00:00+00:00,641.128662109375,693.02,551.11375,2026-05-07 18:00:00+00:00,2026-08-07 17:00:00+00:00,online
2026-08-07,2026-08-10 08:10:37+00:00,DE,wind_offshore,xgboost_online,XGBoost with covariates,weather_4p+tso_forecast,2208,2026-08-07 21:00:00+00:00,631.15478515625,595.565,578.8605,2026-05-07 18:00:00+00:00,2026-08-07 17:00:00+00:00,online
2026-08-07,2026-08-10 08:10:37+00:00,DE,wind_offshore,xgboost_online,XGBoost with covariates,weather_4p+tso_forecast,2208,2026-08-07 22:00:00+00:00,717.6764526367188,741.825,606.94675,2026-05-07 18:00:00+00:00,2026-08-07 17:00:00+00:00,online
2026-08-07,2026-08-10 08:10:37+00:00,DE,wind_offshore,xgboost_online,XGBoost with covariates,weather_4p+tso_forecast,2208,2026-08-07 23:00:00+00:00,631.6346435546875,738.3375,676.653,2026-05-07 18:00:00+00:00,2026-08-07 17:00:00+00:00,online
2026-08-07,2026-08-10 08:10:37+00:00,DE,wind_offshore,xgboost_online,XGBoost with covariates,weather_4p+tso_forecast,2208,2026-08-08 00:00:00+00:00,703.069580078125,745.75,768.242,2026-05-07 18:00:00+00:00,2026-08-07 17:00:00+00:00,online
2026-08-07,2026-08-10 08:10:37+00:00,DE,wind_offshore,xgboost_online,XGBoost with covariates,weather_4p+tso_forecast,2208,2026-08-08 01:00:00+00:00,678.6856689453125,741.585,722.40475,2026-05-07 18:00:00+00:00,2026-08-07 17:00:00+00:00,online
2026-08-07,2026-08-10 08:10:37+00:00,DE,wind_offshore,xgboost_online,XGBoost with covariates,weather_4p+tso_forecast,2208,2026-08-08 02:00:00+00:00,659.856689453125,706.1825,696.2015,2026-05-07 18:00:00+00:00,2026-08-07 17:00:00+00:00,online
2026-08-07,2026-08-10 08:10:37+00:00,DE,wind_offshore,xgboost_online,XGBoost with covariates,weather_4p+tso_forecast,2208,2026-08-08 03:00:00+00:00,548.835205078125,636.9125,670.22325,2026-05-07 18:00:00+00:00,2026-08-07 17:00:00+00:00,online
2026-08-07,2026-08-10 08:10:37+00:00,DE,wind_offshore,xgboost_online,XGBoost with covariates,weather_4p+tso_forecast,2208,2026-08-08 04:00:00+00:00,536.7677001953125,552.155,616.364,2026-05-07 18:00:00+00:00,2026-08-07 17:00:00+00:00,online
2026-08-07,2026-08-10 08:10:37+00:00,DE,wind_offshore,xgboost_online,XGBoost with covariates,weather_4p+tso_forecast,2208,2026-08-08 05:00:00+00:00,473.54486083984375,486.9575,502.21775,2026-05-07 18:00:00+00:00,2026-08-07 17:00:00+00:00,online
2026-08-07,2026-08-10 08:10:37+00:00,DE,wind_offshore,xgboost_online,XGBoost with covariates,weather_4p+tso_forecast,2208,2026-08-08 06:00:00+00:00,459.4721984863281,441.775,476.18025,2026-05-07 18:00:00+00:00,2026-08-07 17:00:00+00:00,online
2026-08-07,2026-08-10 08:10:37+00:00,DE,wind_offshore,xgboost_online,XGBoost with covariates,weather_4p+tso_forecast,2208,2026-08-08 07:00:00+00:00,447.8158264160156,417.065,453.9065,2026-05-07 18:00:00+00:00,2026-08-07 17:00:00+00:00,online
2026-08-07,2026-08-10 08:10:37+00:00,DE,wind_offshore,xgboost_online,XGBoost with covariates,weather_4p+tso_forecast,2208,2026-08-08 08:00:00+00:00,473.54486083984375,429.51,464.88800000000003,2026-05-07 18:00:00+00:00,2026-08-07 17:00:00+00:00,online
2026-08-07,2026-08-10 08:10:37+00:00,DE,wind_offshore,xgboost_online,XGBoost with covariates,weather_4p+tso_forecast,2208,2026-08-08 09:00:00+00:00,370.6815185546875,290.71500000000003,201.72725,2026-05-07 18:00:00+00:00,2026-08-07 17:00:00+00:00,online
2026-08-07,2026-08-10 08:10:37+00:00,DE,wind_offshore,xgboost_online,XGBoost with covariates,weather_4p+tso_forecast,2208,2026-08-08 10:00:00+00:00,369.51953125,292.15999999999997,138.1015,2026-05-07 18:00:00+00:00,2026-08-07 17:00:00+00:00,online
2026-08-07,2026-08-10 08:10:37+00:00,DE,wind_offshore,xgboost_online,XGBoost with covariates,weather_4p+tso_forecast,2208,2026-08-08 11:00:00+00:00,364.75628662109375,286.845,131.8365,2026-05-07 18:00:00+00:00,2026-08-07 17:00:00+00:00,online
2026-08-07,2026-08-10 08:10:37+00:00,DE,wind_offshore,xgboost_online,XGBoost with covariates,weather_4p+tso_forecast,2208,2026-08-08 12:00:00+00:00,370.6815185546875,286.7475,143.59075,2026-05-07 18:00:00+00:00,2026-08-07 17:00:00+00:00,online
2026-08-07,2026-08-10 08:10:37+00:00,DE,wind_offshore,xgboost_online,XGBoost with covariates,weather_4p+tso_forecast,2208,2026-08-08 13:00:00+00:00,364.75628662109375,285.475,157.58775,2026-05-07 18:00:00+00:00,2026-08-07 17:00:00+00:00,online
2026-08-07,2026-08-10 08:10:37+00:00,DE,wind_offshore,xgboost_online,XGBoost with covariates,weather_4p+tso_forecast,2208,2026-08-08 14:00:00+00:00,311.0508728027344,269.8375,186.35525,2026-05-07 18:00:00+00:00,2026-08-07 17:00:00+00:00,online
2026-08-07,2026-08-10 08:10:37+00:00,DE,wind_offshore,xgboost_online,XGBoost with covariates,weather_4p+tso_forecast,2208,2026-08-08 15:00:00+00:00,368.2483215332031,350.195,189.49325,2026-05-07 18:00:00+00:00,2026-08-07 17:00:00+00:00,online
2026-08-07,2026-08-10 08:10:37+00:00,DE,wind_offshore,xgboost_online,XGBoost with covariates,weather_4p+tso_forecast,2208,2026-08-08 16:00:00+00:00,291.6822814941406,302.22749999999996,107.28225,2026-05-07 18:00:00+00:00,2026-08-07 17:00:00+00:00,online
2026-08-07,2026-08-10 08:10:37+00:00,DE,wind_offshore,xgboost_online,XGBoost with covariates,weather_4p+tso_forecast,2208,2026-08-08 17:00:00+00:00,291.6822814941406,268.3675,80.6,2026-05-07 18:00:00+00:00,2026-08-07 17:00:00+00:00,online
2026-08-07,2026-08-10 11:40:42+00:00,BE,load,tabpfn_online,TabPFN with covariates,Temp+tso_forecast,2208,2026-08-07 18:00:00+00:00,8328.48828125,8776.0425,8215.785,2026-05-07 18:00:00+00:00,2026-08-07 17:00:00+00:00,online
2026-08-07,2026-08-10 11:40:42+00:00,BE,load,tabpfn_online,TabPFN with covariates,Temp+tso_forecast,2208,2026-08-07 19:00:00+00:00,8183.2578125,8634.807499999999,8073.8675,2026-05-07 18:00:00+00:00,2026-08-07 17:00:00+00:00,online
2026-08-07,2026-08-10 11:40:42+00:00,BE,load,tabpfn_online,TabPFN with covariates,Temp+tso_forecast,2208,2026-08-07 20:00:00+00:00,8116.673828125,8592.744999999999,8085.7225,2026-05-07 18:00:00+00:00,2026-08-07 17:00:00+00:00,online
2026-08-07,2026-08-10 11:40:42+00:00,BE,load,tabpfn_online,TabPFN with covariates,Temp+tso_forecast,2208,2026-08-07 21:00:00+00:00,7841.3720703125,8247.067500000001,7731.67,2026-05-07 18:00:00+00:00,2026-08-07 17:00:00+00:00,online
2026-08-07,2026-08-10 11:40:42+00:00,BE,load,tabpfn_online,TabPFN with covariates,Temp+tso_forecast,2208,2026-08-07 22:00:00+00:00,7098.49169921875,7202.8025,7393.6425,2026-05-07 18:00:00+00:00,2026-08-07 17:00:00+00:00,online
2026-08-07,2026-08-10 11:40:42+00:00,BE,load,tabpfn_online,TabPFN with covariates,Temp+tso_forecast,2208,2026-08-07 23:00:00+00:00,6835.78125,6888.37,7228.5175,2026-05-07 18:00:00+00:00,2026-08-07 17:00:00+00:00,online
2026-08-07,2026-08-10 11:40:42+00:00,BE,load,tabpfn_online,TabPFN with covariates,Temp+tso_forecast,2208,2026-08-08 00:00:00+00:00,6932.3447265625,7099.3275,6989.47,2026-05-07 18:00:00+00:00,2026-08-07 17:00:00+00:00,online
2026-08-07,2026-08-10 11:40:42+00:00,BE,load,tabpfn_online,TabPFN with covariates,Temp+tso_forecast,2208,2026-08-08 01:00:00+00:00,6860.88916015625,7018.3625,6859.145,2026-05-07 18:00:00+00:00,2026-08-07 17:00:00+00:00,online
2026-08-07,2026-08-10 11:40:42+00:00,BE,load,tabpfn_online,TabPFN with covariates,Temp+tso_forecast,2208,2026-08-08 02:00:00+00:00,6787.54150390625,6941.035,6737.6925,2026-05-07 18:00:00+00:00,2026-08-07 17:00:00+00:00,online
2026-08-07,2026-08-10 11:40:42+00:00,BE,load,tabpfn_online,TabPFN with covariates,Temp+tso_forecast,2208,2026-08-08 03:00:00+00:00,6668.6083984375,6786.139999999999,6728.0425,2026-05-07 18:00:00+00:00,2026-08-07 17:00:00+00:00,online
2026-08-07,2026-08-10 11:40:42+00:00,BE,load,tabpfn_online,TabPFN with covariates,Temp+tso_forecast,2208,2026-08-08 04:00:00+00:00,6744.6767578125,6914.0825,6714.82,2026-05-07 18:00:00+00:00,2026-08-07 17:00:00+00:00,online
2026-08-07,2026-08-10 11:40:42+00:00,BE,load,tabpfn_online,TabPFN with covariates,Temp+tso_forecast,2208,2026-08-08 05:00:00+00:00,7047.47265625,7319.815,7008.1900000000005,2026-05-07 18:00:00+00:00,2026-08-07 17:00:00+00:00,online
2026-08-07,2026-08-10 11:40:42+00:00,BE,load,tabpfn_online,TabPFN with covariates,Temp+tso_forecast,2208,2026-08-08 06:00:00+00:00,7317.8525390625,7647.7,7393.389999999999,2026-05-07 18:00:00+00:00,2026-08-07 17:00:00+00:00,online
2026-08-07,2026-08-10 11:40:42+00:00,BE,load,tabpfn_online,TabPFN with covariates,Temp+tso_forecast,2208,2026-08-08 07:00:00+00:00,7732.904296875,8063.0525,7952.0075,2026-05-07 18:00:00+00:00,2026-08-07 17:00:00+00:00,online
2026-08-07,2026-08-10 11:40:42+00:00,BE,load,tabpfn_online,TabPFN with covariates,Temp+tso_forecast,2208,2026-08-08 08:00:00+00:00,8093.10888671875,8436.0,8409.967499999999,2026-05-07 18:00:00+00:00,2026-08-07 17:00:00+00:00,online
2026-08-07,2026-08-10 11:40:42+00:00,BE,load,tabpfn_online,TabPFN with covariates,Temp+tso_forecast,2208,2026-08-08 09:00:00+00:00,8540.158203125,8753.54,9066.64,2026-05-07 18:00:00+00:00,2026-08-07 17:00:00+00:00,online
2026-08-07,2026-08-10 11:40:42+00:00,BE,load,tabpfn_online,TabPFN with covariates,Temp+tso_forecast,2208,2026-08-08 10:00:00+00:00,9052.6865234375,8992.8975,9418.255000000001,2026-05-07 18:00:00+00:00,2026-08-07 17:00:00+00:00,online
2026-08-07,2026-08-10 11:40:42+00:00,BE,load,tabpfn_online,TabPFN with covariates,Temp+tso_forecast,2208,2026-08-08 11:00:00+00:00,9128.49609375,8881.285,9520.21,2026-05-07 18:00:00+00:00,2026-08-07 17:00:00+00:00,online
2026-08-07,2026-08-10 11:40:42+00:00,BE,load,tabpfn_online,TabPFN with covariates,Temp+tso_forecast,2208,2026-08-08 12:00:00+00:00,8806.013671875,8527.7925,9356.1175,2026-05-07 18:00:00+00:00,2026-08-07 17:00:00+00:00,online
2026-08-07,2026-08-10 11:40:42+00:00,BE,load,tabpfn_online,TabPFN with covariates,Temp+tso_forecast,2208,2026-08-08 13:00:00+00:00,8462.37890625,8326.475,9018.7075,2026-05-07 18:00:00+00:00,2026-08-07 17:00:00+00:00,online
2026-08-07,2026-08-10 11:40:42+00:00,BE,load,tabpfn_online,TabPFN with covariates,Temp+tso_forecast,2208,2026-08-08 14:00:00+00:00,8079.12353515625,8086.5925,8387.52,2026-05-07 18:00:00+00:00,2026-08-07 17:00:00+00:00,online
2026-08-07,2026-08-10 11:40:42+00:00,BE,load,tabpfn_online,TabPFN with covariates,Temp+tso_forecast,2208,2026-08-08 15:00:00+00:00,7944.619140625,8122.74,8111.5825,2026-05-07 18:00:00+00:00,2026-08-07 17:00:00+00:00,online
2026-08-07,2026-08-10 11:40:42+00:00,BE,load,tabpfn_online,TabPFN with covariates,Temp+tso_forecast,2208,2026-08-08 16:00:00+00:00,7871.79150390625,8169.4575,8055.0125,2026-05-07 18:00:00+00:00,2026-08-07 17:00:00+00:00,online
2026-08-07,2026-08-10 11:40:42+00:00,BE,load,tabpfn_online,TabPFN with covariates,Temp+tso_forecast,2208,2026-08-08 17:00:00+00:00,7815.9501953125,8154.89,8088.105,2026-05-07 18:00:00+00:00,2026-08-07 17:00:00+00:00,online
2026-08-07,2026-08-10 11:40:42+00:00,BE,solar,tabpfn_online,TabPFN with covariates,weather_4p+tso_forecast,2208,2026-08-07 18:00:00+00:00,391.2461853027344,342.136249,416.29425,2026-05-07 18:00:00+00:00,2026-08-07 17:00:00+00:00,online
2026-08-07,2026-08-10 11:40:42+00:00,BE,solar,tabpfn_online,TabPFN with covariates,weather_4p+tso_forecast,2208,2026-08-07 19:00:00+00:00,3.7882487773895264,12.64875,5.6105,2026-05-07 18:00:00+00:00,2026-08-07 17:00:00+00:00,online
2026-08-07,2026-08-10 11:40:42+00:00,BE,solar,tabpfn_online,TabPFN with covariates,weather_4p+tso_forecast,2208,2026-08-07 20:00:00+00:00,0.0,0.0,0.0,2026-05-07 18:00:00+00:00,2026-08-07 17:00:00+00:00,online
2026-08-07,2026-08-10 11:40:42+00:00,BE,solar,tabpfn_online,TabPFN with covariates,weather_4p+tso_forecast,2208,2026-08-07 21:00:00+00:00,0.0,0.0,0.0,2026-05-07 18:00:00+00:00,2026-08-07 17:00:00+00:00,online
2026-08-07,2026-08-10 11:40:42+00:00,BE,solar,tabpfn_online,TabPFN with covariates,weather_4p+tso_forecast,2208,2026-08-07 22:00:00+00:00,0.0,0.0,0.0,2026-05-07 18:00:00+00:00,2026-08-07 17:00:00+00:00,online
2026-08-07,2026-08-10 11:40:42+00:00,BE,solar,tabpfn_online,TabPFN with covariates,weather_4p+tso_forecast,2208,2026-08-07 23:00:00+00:00,0.0,0.0,0.0,2026-05-07 18:00:00+00:00,2026-08-07 17:00:00+00:00,online
2026-08-07,2026-08-10 11:40:42+00:00,BE,solar,tabpfn_online,TabPFN with covariates,weather_4p+tso_forecast,2208,2026-08-08 00:00:00+00:00,0.0,0.0,0.0,2026-05-07 18:00:00+00:00,2026-08-07 17:00:00+00:00,online
2026-08-07,2026-08-10 11:40:42+00:00,BE,solar,tabpfn_online,TabPFN with covariates,weather_4p+tso_forecast,2208,2026-08-08 01:00:00+00:00,0.0,0.0,0.0,2026-05-07 18:00:00+00:00,2026-08-07 17:00:00+00:00,online
2026-08-07,2026-08-10 11:40:42+00:00,BE,solar,tabpfn_online,TabPFN with covariates,weather_4p+tso_forecast,2208,2026-08-08 02:00:00+00:00,0.0,0.0,0.0,2026-05-07 18:00:00+00:00,2026-08-07 17:00:00+00:00,online
2026-08-07,2026-08-10 11:40:42+00:00,BE,solar,tabpfn_online,TabPFN with covariates,weather_4p+tso_forecast,2208,2026-08-08 03:00:00+00:00,0.0,0.0,0.0,2026-05-07 18:00:00+00:00,2026-08-07 17:00:00+00:00,online
2026-08-07,2026-08-10 11:40:42+00:00,BE,solar,tabpfn_online,TabPFN with covariates,weather_4p+tso_forecast,2208,2026-08-08 04:00:00+00:00,65.35118103027344,73.596,68.78925,2026-05-07 18:00:00+00:00,2026-08-07 17:00:00+00:00,online
2026-08-07,2026-08-10 11:40:42+00:00,BE,solar,tabpfn_online,TabPFN with covariates,weather_4p+tso_forecast,2208,2026-08-08 05:00:00+00:00,699.2246704101562,520.167499,809.275,2026-05-07 18:00:00+00:00,2026-08-07 17:00:00+00:00,online
2026-08-07,2026-08-10 11:40:42+00:00,BE,solar,tabpfn_online,TabPFN with covariates,weather_4p+tso_forecast,2208,2026-08-08 06:00:00+00:00,2008.3984375,1836.096001,2123.9765,2026-05-07 18:00:00+00:00,2026-08-07 17:00:00+00:00,online
2026-08-07,2026-08-10 11:40:42+00:00,BE,solar,tabpfn_online,TabPFN with covariates,weather_4p+tso_forecast,2208,2026-08-08 07:00:00+00:00,3710.080078125,3589.63025,3709.31525,2026-05-07 18:00:00+00:00,2026-08-07 17:00:00+00:00,online
2026-08-07,2026-08-10 11:40:42+00:00,BE,solar,tabpfn_online,TabPFN with covariates,weather_4p+tso_forecast,2208,2026-08-08 08:00:00+00:00,5359.2607421875,5582.128254,5368.13925,2026-05-07 18:00:00+00:00,2026-08-07 17:00:00+00:00,online
2026-08-07,2026-08-10 11:40:42+00:00,BE,solar,tabpfn_online,TabPFN with covariates,weather_4p+tso_forecast,2208,2026-08-08 09:00:00+00:00,6702.93994140625,6938.01925,6759.233,2026-05-07 18:00:00+00:00,2026-08-07 17:00:00+00:00,online
2026-08-07,2026-08-10 11:40:42+00:00,BE,solar,tabpfn_online,TabPFN with covariates,weather_4p+tso_forecast,2208,2026-08-08 10:00:00+00:00,7549.19775390625,7717.514004,7697.6785,2026-05-07 18:00:00+00:00,2026-08-07 17:00:00+00:00,online
2026-08-07,2026-08-10 11:40:42+00:00,BE,solar,tabpfn_online,TabPFN with covariates,weather_4p+tso_forecast,2208,2026-08-08 11:00:00+00:00,7647.9296875,7991.443256,8077.98275,2026-05-07 18:00:00+00:00,2026-08-07 17:00:00+00:00,online
2026-08-07,2026-08-10 11:40:42+00:00,BE,solar,tabpfn_online,TabPFN with covariates,weather_4p+tso_forecast,2208,2026-08-08 12:00:00+00:00,7266.49755859375,7836.874992,8002.775,2026-05-07 18:00:00+00:00,2026-08-07 17:00:00+00:00,online
2026-08-07,2026-08-10 11:40:42+00:00,BE,solar,tabpfn_online,TabPFN with covariates,weather_4p+tso_forecast,2208,2026-08-08 13:00:00+00:00,6686.208984375,7246.461254,7321.317,2026-05-07 18:00:00+00:00,2026-08-07 17:00:00+00:00,online
2026-08-07,2026-08-10 11:40:42+00:00,BE,solar,tabpfn_online,TabPFN with covariates,weather_4p+tso_forecast,2208,2026-08-08 14:00:00+00:00,5776.34521484375,6156.706506,6000.4735,2026-05-07 18:00:00+00:00,2026-08-07 17:00:00+00:00,online
2026-08-07,2026-08-10 11:40:42+00:00,BE,solar,tabpfn_online,TabPFN with covariates,weather_4p+tso_forecast,2208,2026-08-08 15:00:00+00:00,4233.974609375,4562.17075,4442.8205,2026-05-07 18:00:00+00:00,2026-08-07 17:00:00+00:00,online
2026-08-07,2026-08-10 11:40:42+00:00,BE,solar,tabpfn_online,TabPFN with covariates,weather_4p+tso_forecast,2208,2026-08-08 16:00:00+00:00,2469.96142578125,2887.633751,2875.592,2026-05-07 18:00:00+00:00,2026-08-07 17:00:00+00:00,online
2026-08-07,2026-08-10 11:40:42+00:00,BE,solar,tabpfn_online,TabPFN with covariates,weather_4p+tso_forecast,2208,2026-08-08 17:00:00+00:00,1102.209228515625,1291.86375,1474.1265,2026-05-07 18:00:00+00:00,2026-08-07 17:00:00+00:00,online
2026-08-07,2026-08-10 11:40:42+00:00,BE,wind_onshore,tabpfn_online,TabPFN with covariates,weather_4p+tso_forecast,2208,2026-08-07 18:00:00+00:00,250.4813537597656,208.45,194.777992,2026-05-07 18:00:00+00:00,2026-08-07 17:00:00+00:00,online
2026-08-07,2026-08-10 11:40:42+00:00,BE,wind_onshore,tabpfn_online,TabPFN with covariates,weather_4p+tso_forecast,2208,2026-08-07 19:00:00+00:00,377.1474914550781,294.35,285.299,2026-05-07 18:00:00+00:00,2026-08-07 17:00:00+00:00,online
2026-08-07,2026-08-10 11:40:42+00:00,BE,wind_onshore,tabpfn_online,TabPFN with covariates,weather_4p+tso_forecast,2208,2026-08-07 20:00:00+00:00,461.50146484375,355.625,427.383627,2026-05-07 18:00:00+00:00,2026-08-07 17:00:00+00:00,online
2026-08-07,2026-08-10 11:40:42+00:00,BE,wind_onshore,tabpfn_online,TabPFN with covariates,weather_4p+tso_forecast,2208,2026-08-07 21:00:00+00:00,504.1839599609375,381.575,480.214243,2026-05-07 18:00:00+00:00,2026-08-07 17:00:00+00:00,online
2026-08-07,2026-08-10 11:40:42+00:00,BE,wind_onshore,tabpfn_online,TabPFN with covariates,weather_4p+tso_forecast,2208,2026-08-07 22:00:00+00:00,592.86572265625,404.55,559.631657,2026-05-07 18:00:00+00:00,2026-08-07 17:00:00+00:00,online
2026-08-07,2026-08-10 11:40:42+00:00,BE,wind_onshore,tabpfn_online,TabPFN with covariates,weather_4p+tso_forecast,2208,2026-08-07 23:00:00+00:00,641.2112426757812,416.975,651.984316,2026-05-07 18:00:00+00:00,2026-08-07 17:00:00+00:00,online
2026-08-07,2026-08-10 11:40:42+00:00,BE,wind_onshore,tabpfn_online,TabPFN with covariates,weather_4p+tso_forecast,2208,2026-08-08 00:00:00+00:00,588.0044555664062,418.9,698.46841,2026-05-07 18:00:00+00:00,2026-08-07 17:00:00+00:00,online
2026-08-07,2026-08-10 11:40:42+00:00,BE,wind_onshore,tabpfn_online,TabPFN with covariates,weather_4p+tso_forecast,2208,2026-08-08 01:00:00+00:00,579.427490234375,416.275,680.936292,2026-05-07 18:00:00+00:00,2026-08-07 17:00:00+00:00,online
2026-08-07,2026-08-10 11:40:42+00:00,BE,wind_onshore,tabpfn_online,TabPFN with covariates,weather_4p+tso_forecast,2208,2026-08-08 02:00:00+00:00,531.9078369140625,407.125,565.692618,2026-05-07 18:00:00+00:00,2026-08-07 17:00:00+00:00,online
2026-08-07,2026-08-10 11:40:42+00:00,BE,wind_onshore,tabpfn_online,TabPFN with covariates,weather_4p+tso_forecast,2208,2026-08-08 03:00:00+00:00,538.1799926757812,389.85,438.102561,2026-05-07 18:00:00+00:00,2026-08-07 17:00:00+00:00,online
2026-08-07,2026-08-10 11:40:42+00:00,BE,wind_onshore,tabpfn_online,TabPFN with covariates,weather_4p+tso_forecast,2208,2026-08-08 04:00:00+00:00,485.5425720214844,350.95,358.41544,2026-05-07 18:00:00+00:00,2026-08-07 17:00:00+00:00,online
2026-08-07,2026-08-10 11:40:42+00:00,BE,wind_onshore,tabpfn_online,TabPFN with covariates,weather_4p+tso_forecast,2208,2026-08-08 05:00:00+00:00,423.2186279296875,302.025,269.501798,2026-05-07 18:00:00+00:00,2026-08-07 17:00:00+00:00,online
2026-08-07,2026-08-10 11:40:42+00:00,BE,wind_onshore,tabpfn_online,TabPFN with covariates,weather_4p+tso_forecast,2208,2026-08-08 06:00:00+00:00,342.66064453125,206.175,164.267446,2026-05-07 18:00:00+00:00,2026-08-07 17:00:00+00:00,online
2026-08-07,2026-08-10 11:40:42+00:00,BE,wind_onshore,tabpfn_online,TabPFN with covariates,weather_4p+tso_forecast,2208,2026-08-08 07:00:00+00:00,213.7916259765625,93.65,53.638221,2026-05-07 18:00:00+00:00,2026-08-07 17:00:00+00:00,online
2026-08-07,2026-08-10 11:40:42+00:00,BE,wind_onshore,tabpfn_online,TabPFN with covariates,weather_4p+tso_forecast,2208,2026-08-08 08:00:00+00:00,150.97695922851562,79.05,115.653043,2026-05-07 18:00:00+00:00,2026-08-07 17:00:00+00:00,online
2026-08-07,2026-08-10 11:40:42+00:00,BE,wind_onshore,tabpfn_online,TabPFN with covariates,weather_4p+tso_forecast,2208,2026-08-08 09:00:00+00:00,217.24713134765625,116.2,142.420286,2026-05-07 18:00:00+00:00,2026-08-07 17:00:00+00:00,online
2026-08-07,2026-08-10 11:40:42+00:00,BE,wind_onshore,tabpfn_online,TabPFN with covariates,weather_4p+tso_forecast,2208,2026-08-08 10:00:00+00:00,190.81707763671875,109.1,84.7865,2026-05-07 18:00:00+00:00,2026-08-07 17:00:00+00:00,online
2026-08-07,2026-08-10 11:40:42+00:00,BE,wind_onshore,tabpfn_online,TabPFN with covariates,weather_4p+tso_forecast,2208,2026-08-08 11:00:00+00:00,133.15171813964844,75.05,63.411695,2026-05-07 18:00:00+00:00,2026-08-07 17:00:00+00:00,online
2026-08-07,2026-08-10 11:40:42+00:00,BE,wind_onshore,tabpfn_online,TabPFN with covariates,weather_4p+tso_forecast,2208,2026-08-08 12:00:00+00:00,107.37020111083984,46.65,50.147264,2026-05-07 18:00:00+00:00,2026-08-07 17:00:00+00:00,online
2026-08-07,2026-08-10 11:40:42+00:00,BE,wind_onshore,tabpfn_online,TabPFN with covariates,weather_4p+tso_forecast,2208,2026-08-08 13:00:00+00:00,93.15151977539062,32.475,58.81715,2026-05-07 18:00:00+00:00,2026-08-07 17:00:00+00:00,online
2026-08-07,2026-08-10 11:40:42+00:00,BE,wind_onshore,tabpfn_online,TabPFN with covariates,weather_4p+tso_forecast,2208,2026-08-08 14:00:00+00:00,88.05418395996094,30.375,73.439504,2026-05-07 18:00:00+00:00,2026-08-07 17:00:00+00:00,online
2026-08-07,2026-08-10 11:40:42+00:00,BE,wind_onshore,tabpfn_online,TabPFN with covariates,weather_4p+tso_forecast,2208,2026-08-08 15:00:00+00:00,95.6148910522461,36.425,78.785616,2026-05-07 18:00:00+00:00,2026-08-07 17:00:00+00:00,online
2026-08-07,2026-08-10 11:40:42+00:00,BE,wind_onshore,tabpfn_online,TabPFN with covariates,weather_4p+tso_forecast,2208,2026-08-08 16:00:00+00:00,116.53335571289062,47.1,84.958994,2026-05-07 18:00:00+00:00,2026-08-07 17:00:00+00:00,online
2026-08-07,2026-08-10 11:40:42+00:00,BE,wind_onshore,tabpfn_online,TabPFN with covariates,weather_4p+tso_forecast,2208,2026-08-08 17:00:00+00:00,187.8623809814453,74.4,133.01444,2026-05-07 18:00:00+00:00,2026-08-07 17:00:00+00:00,online
2026-08-07,2026-08-10 11:40:42+00:00,BE,wind_offshore,tabpfn_online,TabPFN with covariates,weather_4p+tso_forecast,2208,2026-08-07 18:00:00+00:00,2.0134823322296143,32.25,11.2425,2026-05-07 18:00:00+00:00,2026-08-07 17:00:00+00:00,online
2026-08-07,2026-08-10 11:40:42+00:00,BE,wind_offshore,tabpfn_online,TabPFN with covariates,weather_4p+tso_forecast,2208,2026-08-07 19:00:00+00:00,1.8578051328659055,33.45,7.02,2026-05-07 18:00:00+00:00,2026-08-07 17:00:00+00:00,online
2026-08-07,2026-08-10 11:40:42+00:00,BE,wind_offshore,tabpfn_online,TabPFN with covariates,weather_4p+tso_forecast,2208,2026-08-07 20:00:00+00:00,2.5568981170654297,33.85,25.1725,2026-05-07 18:00:00+00:00,2026-08-07 17:00:00+00:00,online
2026-08-07,2026-08-10 11:40:42+00:00,BE,wind_offshore,tabpfn_online,TabPFN with covariates,weather_4p+tso_forecast,2208,2026-08-07 21:00:00+00:00,4.156415939331055,35.45,17.405,2026-05-07 18:00:00+00:00,2026-08-07 17:00:00+00:00,online
2026-08-07,2026-08-10 11:40:42+00:00,BE,wind_offshore,tabpfn_online,TabPFN with covariates,weather_4p+tso_forecast,2208,2026-08-07 22:00:00+00:00,2.3501453399658203,30.825,10.275,2026-05-07 18:00:00+00:00,2026-08-07 17:00:00+00:00,online
2026-08-07,2026-08-10 11:40:42+00:00,BE,wind_offshore,tabpfn_online,TabPFN with covariates,weather_4p+tso_forecast,2208,2026-08-07 23:00:00+00:00,8.316856384277344,41.85,80.1975,2026-05-07 18:00:00+00:00,2026-08-07 17:00:00+00:00,online
2026-08-07,2026-08-10 11:40:42+00:00,BE,wind_offshore,tabpfn_online,TabPFN with covariates,weather_4p+tso_forecast,2208,2026-08-08 00:00:00+00:00,35.71919250488281,57.825,181.2775,2026-05-07 18:00:00+00:00,2026-08-07 17:00:00+00:00,online
2026-08-07,2026-08-10 11:40:42+00:00,BE,wind_offshore,tabpfn_online,TabPFN with covariates,weather_4p+tso_forecast,2208,2026-08-08 01:00:00+00:00,51.38492202758789,74.175,183.985,2026-05-07 18:00:00+00:00,2026-08-07 17:00:00+00:00,online
2026-08-07,2026-08-10 11:40:42+00:00,BE,wind_offshore,tabpfn_online,TabPFN with covariates,weather_4p+tso_forecast,2208,2026-08-08 02:00:00+00:00,87.98619079589844,83.75,149.84,2026-05-07 18:00:00+00:00,2026-08-07 17:00:00+00:00,online
2026-08-07,2026-08-10 11:40:42+00:00,BE,wind_offshore,tabpfn_online,TabPFN with covariates,weather_4p+tso_forecast,2208,2026-08-08 03:00:00+00:00,114.24423217773438,85.125,136.305,2026-05-07 18:00:00+00:00,2026-08-07 17:00:00+00:00,online
2026-08-07,2026-08-10 11:40:42+00:00,BE,wind_offshore,tabpfn_online,TabPFN with covariates,weather_4p+tso_forecast,2208,2026-08-08 04:00:00+00:00,180.852294921875,80.95,115.015,2026-05-07 18:00:00+00:00,2026-08-07 17:00:00+00:00,online
2026-08-07,2026-08-10 11:40:42+00:00,BE,wind_offshore,tabpfn_online,TabPFN with covariates,weather_4p+tso_forecast,2208,2026-08-08 05:00:00+00:00,219.4841156005859,73.575,94.4725,2026-05-07 18:00:00+00:00,2026-08-07 17:00:00+00:00,online
2026-08-07,2026-08-10 11:40:42+00:00,BE,wind_offshore,tabpfn_online,TabPFN with covariates,weather_4p+tso_forecast,2208,2026-08-08 06:00:00+00:00,226.38706970214844,63.5,55.9575,2026-05-07 18:00:00+00:00,2026-08-07 17:00:00+00:00,online
2026-08-07,2026-08-10 11:40:42+00:00,BE,wind_offshore,tabpfn_online,TabPFN with covariates,weather_4p+tso_forecast,2208,2026-08-08 07:00:00+00:00,165.05990600585938,51.25,42.6675,2026-05-07 18:00:00+00:00,2026-08-07 17:00:00+00:00,online
2026-08-07,2026-08-10 11:40:42+00:00,BE,wind_offshore,tabpfn_online,TabPFN with covariates,weather_4p+tso_forecast,2208,2026-08-08 08:00:00+00:00,93.44834899902344,38.65,10.775,2026-05-07 18:00:00+00:00,2026-08-07 17:00:00+00:00,online
2026-08-07,2026-08-10 11:40:42+00:00,BE,wind_offshore,tabpfn_online,TabPFN with covariates,weather_4p+tso_forecast,2208,2026-08-08 09:00:00+00:00,34.49242401123047,27.125,26.4775,2026-05-07 18:00:00+00:00,2026-08-07 17:00:00+00:00,online
2026-08-07,2026-08-10 11:40:42+00:00,BE,wind_offshore,tabpfn_online,TabPFN with covariates,weather_4p+tso_forecast,2208,2026-08-08 10:00:00+00:00,20.696474075317383,20.55,27.4,2026-05-07 18:00:00+00:00,2026-08-07 17:00:00+00:00,online
2026-08-07,2026-08-10 11:40:42+00:00,BE,wind_offshore,tabpfn_online,TabPFN with covariates,weather_4p+tso_forecast,2208,2026-08-08 11:00:00+00:00,24.856212615966797,20.25,26.1825,2026-05-07 18:00:00+00:00,2026-08-07 17:00:00+00:00,online
2026-08-07,2026-08-10 11:40:42+00:00,BE,wind_offshore,tabpfn_online,TabPFN with covariates,weather_4p+tso_forecast,2208,2026-08-08 12:00:00+00:00,24.232759475708008,27.325,17.6125,2026-05-07 18:00:00+00:00,2026-08-07 17:00:00+00:00,online
2026-08-07,2026-08-10 11:40:42+00:00,BE,wind_offshore,tabpfn_online,TabPFN with covariates,weather_4p+tso_forecast,2208,2026-08-08 13:00:00+00:00,18.564409255981445,40.3,69.965,2026-05-07 18:00:00+00:00,2026-08-07 17:00:00+00:00,online
2026-08-07,2026-08-10 11:40:42+00:00,BE,wind_offshore,tabpfn_online,TabPFN with covariates,weather_4p+tso_forecast,2208,2026-08-08 14:00:00+00:00,34.465370178222656,57.65,97.83,2026-05-07 18:00:00+00:00,2026-08-07 17:00:00+00:00,online
2026-08-07,2026-08-10 11:40:42+00:00,BE,wind_offshore,tabpfn_online,TabPFN with covariates,weather_4p+tso_forecast,2208,2026-08-08 15:00:00+00:00,51.14726257324219,75.975,133.13,2026-05-07 18:00:00+00:00,2026-08-07 17:00:00+00:00,online
2026-08-07,2026-08-10 11:40:42+00:00,BE,wind_offshore,tabpfn_online,TabPFN with covariates,weather_4p+tso_forecast,2208,2026-08-08 16:00:00+00:00,88.52609252929688,97.1,137.1475,2026-05-07 18:00:00+00:00,2026-08-07 17:00:00+00:00,online
2026-08-07,2026-08-10 11:40:42+00:00,BE,wind_offshore,tabpfn_online,TabPFN with covariates,weather_4p+tso_forecast,2208,2026-08-08 17:00:00+00:00,150.24267578125,122.075,172.6775,2026-05-07 18:00:00+00:00,2026-08-07 17:00:00+00:00,online
2026-08-07,2026-08-10 11:40:42+00:00,FR,load,tabpfn_online,TabPFN with covariates,Temp+tso_forecast,2208,2026-08-07 18:00:00+00:00,45855.88671875,45650.0,45262.09,2026-05-07 18:00:00+00:00,2026-08-07 17:00:00+00:00,online
2026-08-07,2026-08-10 11:40:42+00:00,FR,load,tabpfn_online,TabPFN with covariates,Temp+tso_forecast,2208,2026-08-07 19:00:00+00:00,44712.984375,44337.5,44082.63,2026-05-07 18:00:00+00:00,2026-08-07 17:00:00+00:00,online
2026-08-07,2026-08-10 11:40:42+00:00,FR,load,tabpfn_online,TabPFN with covariates,Temp+tso_forecast,2208,2026-08-07 20:00:00+00:00,45466.0,44775.0,44626.93,2026-05-07 18:00:00+00:00,2026-08-07 17:00:00+00:00,online
2026-08-07,2026-08-10 11:40:42+00:00,FR,load,tabpfn_online,TabPFN with covariates,Temp+tso_forecast,2208,2026-08-07 21:00:00+00:00,44476.7578125,44925.0,43193.090000000004,2026-05-07 18:00:00+00:00,2026-08-07 17:00:00+00:00,online
2026-08-07,2026-08-10 11:40:42+00:00,FR,load,tabpfn_online,TabPFN with covariates,Temp+tso_forecast,2208,2026-08-07 22:00:00+00:00,41604.3984375,41587.5,40438.567500000005,2026-05-07 18:00:00+00:00,2026-08-07 17:00:00+00:00,online
2026-08-07,2026-08-10 11:40:42+00:00,FR,load,tabpfn_online,TabPFN with covariates,Temp+tso_forecast,2208,2026-08-07 23:00:00+00:00,39723.484375,39700.0,38311.8825,2026-05-07 18:00:00+00:00,2026-08-07 17:00:00+00:00,online
2026-08-07,2026-08-10 11:40:42+00:00,FR,load,tabpfn_online,TabPFN with covariates,Temp+tso_forecast,2208,2026-08-08 00:00:00+00:00,36620.515625,37137.5,35872.4,2026-05-07 18:00:00+00:00,2026-08-07 17:00:00+00:00,online
2026-08-07,2026-08-10 11:40:42+00:00,FR,load,tabpfn_online,TabPFN with covariates,Temp+tso_forecast,2208,2026-08-08 01:00:00+00:00,34578.2890625,34787.5,34000.947499999995,2026-05-07 18:00:00+00:00,2026-08-07 17:00:00+00:00,online
2026-08-07,2026-08-10 11:40:42+00:00,FR,load,tabpfn_online,TabPFN with covariates,Temp+tso_forecast,2208,2026-08-08 02:00:00+00:00,33932.0859375,33862.5,33282.87,2026-05-07 18:00:00+00:00,2026-08-07 17:00:00+00:00,online
2026-08-07,2026-08-10 11:40:42+00:00,FR,load,tabpfn_online,TabPFN with covariates,Temp+tso_forecast,2208,2026-08-08 03:00:00+00:00,33789.796875,33737.5,33308.02250000001,2026-05-07 18:00:00+00:00,2026-08-07 17:00:00+00:00,online
2026-08-07,2026-08-10 11:40:42+00:00,FR,load,tabpfn_online,TabPFN with covariates,Temp+tso_forecast,2208,2026-08-08 04:00:00+00:00,34015.73828125,34012.5,33666.020000000004,2026-05-07 18:00:00+00:00,2026-08-07 17:00:00+00:00,online
2026-08-07,2026-08-10 11:40:42+00:00,FR,load,tabpfn_online,TabPFN with covariates,Temp+tso_forecast,2208,2026-08-08 05:00:00+00:00,34542.4375,34487.5,34052.2625,2026-05-07 18:00:00+00:00,2026-08-07 17:00:00+00:00,online
2026-08-07,2026-08-10 11:40:42+00:00,FR,load,tabpfn_online,TabPFN with covariates,Temp+tso_forecast,2208,2026-08-08 06:00:00+00:00,36067.58203125,36025.0,35780.97,2026-05-07 18:00:00+00:00,2026-08-07 17:00:00+00:00,online
2026-08-07,2026-08-10 11:40:42+00:00,FR,load,tabpfn_online,TabPFN with covariates,Temp+tso_forecast,2208,2026-08-08 07:00:00+00:00,38646.91015625,38312.5,37814.1425,2026-05-07 18:00:00+00:00,2026-08-07 17:00:00+00:00,online
2026-08-07,2026-08-10 11:40:42+00:00,FR,load,tabpfn_online,TabPFN with covariates,Temp+tso_forecast,2208,2026-08-08 08:00:00+00:00,40423.375,40225.0,39665.25,2026-05-07 18:00:00+00:00,2026-08-07 17:00:00+00:00,online
2026-08-07,2026-08-10 11:40:42+00:00,FR,load,tabpfn_online,TabPFN with covariates,Temp+tso_forecast,2208,2026-08-08 09:00:00+00:00,42121.62109375,42100.0,41860.48,2026-05-07 18:00:00+00:00,2026-08-07 17:00:00+00:00,online
2026-08-07,2026-08-10 11:40:42+00:00,FR,load,tabpfn_online,TabPFN with covariates,Temp+tso_forecast,2208,2026-08-08 10:00:00+00:00,44098.78515625,44212.5,43108.8125,2026-05-07 18:00:00+00:00,2026-08-07 17:00:00+00:00,online
2026-08-07,2026-08-10 11:40:42+00:00,FR,load,tabpfn_online,TabPFN with covariates,Temp+tso_forecast,2208,2026-08-08 11:00:00+00:00,44030.8515625,44462.5,42555.912500000006,2026-05-07 18:00:00+00:00,2026-08-07 17:00:00+00:00,online
2026-08-07,2026-08-10 11:40:42+00:00,FR,load,tabpfn_online,TabPFN with covariates,Temp+tso_forecast,2208,2026-08-08 12:00:00+00:00,44724.26171875,44887.5,43420.7025,2026-05-07 18:00:00+00:00,2026-08-07 17:00:00+00:00,online
2026-08-07,2026-08-10 11:40:42+00:00,FR,load,tabpfn_online,TabPFN with covariates,Temp+tso_forecast,2208,2026-08-08 13:00:00+00:00,44387.1875,44362.5,44125.8725,2026-05-07 18:00:00+00:00,2026-08-07 17:00:00+00:00,online
2026-08-07,2026-08-10 11:40:42+00:00,FR,load,tabpfn_online,TabPFN with covariates,Temp+tso_forecast,2208,2026-08-08 14:00:00+00:00,43863.20703125,43512.5,43507.1275,2026-05-07 18:00:00+00:00,2026-08-07 17:00:00+00:00,online
2026-08-07,2026-08-10 11:40:42+00:00,FR,load,tabpfn_online,TabPFN with covariates,Temp+tso_forecast,2208,2026-08-08 15:00:00+00:00,44659.4453125,43975.0,43375.2725,2026-05-07 18:00:00+00:00,2026-08-07 17:00:00+00:00,online
2026-08-07,2026-08-10 11:40:42+00:00,FR,load,tabpfn_online,TabPFN with covariates,Temp+tso_forecast,2208,2026-08-08 16:00:00+00:00,45546.93359375,44900.0,44504.715,2026-05-07 18:00:00+00:00,2026-08-07 17:00:00+00:00,online
2026-08-07,2026-08-10 11:40:42+00:00,FR,load,tabpfn_online,TabPFN with covariates,Temp+tso_forecast,2208,2026-08-08 17:00:00+00:00,45783.28515625,45300.0,44880.604999999996,2026-05-07 18:00:00+00:00,2026-08-07 17:00:00+00:00,online
2026-08-07,2026-08-10 11:40:42+00:00,FR,solar,tabpfn_online,TabPFN with covariates,weather_4p+tso_forecast,2208,2026-08-07 18:00:00+00:00,1505.8199462890625,1746.0387875,1423.8425,2026-05-07 18:00:00+00:00,2026-08-07 17:00:00+00:00,online
2026-08-07,2026-08-10 11:40:42+00:00,FR,solar,tabpfn_online,TabPFN with covariates,weather_4p+tso_forecast,2208,2026-08-07 19:00:00+00:00,364.5276489257813,115.5754225,324.35749999999996,2026-05-07 18:00:00+00:00,2026-08-07 17:00:00+00:00,online
2026-08-07,2026-08-10 11:40:42+00:00,FR,solar,tabpfn_online,TabPFN with covariates,weather_4p+tso_forecast,2208,2026-08-07 20:00:00+00:00,276.64556884765625,0.0,258.8225,2026-05-07 18:00:00+00:00,2026-08-07 17:00:00+00:00,online
2026-08-07,2026-08-10 11:40:42+00:00,FR,solar,tabpfn_online,TabPFN with covariates,weather_4p+tso_forecast,2208,2026-08-07 21:00:00+00:00,26.58728408813477,0.0,0.0,2026-05-07 18:00:00+00:00,2026-08-07 17:00:00+00:00,online
2026-08-07,2026-08-10 11:40:42+00:00,FR,solar,tabpfn_online,TabPFN with covariates,weather_4p+tso_forecast,2208,2026-08-07 22:00:00+00:00,0.0,0.0,0.0,2026-05-07 18:00:00+00:00,2026-08-07 17:00:00+00:00,online
2026-08-07,2026-08-10 11:40:42+00:00,FR,solar,tabpfn_online,TabPFN with covariates,weather_4p+tso_forecast,2208,2026-08-07 23:00:00+00:00,0.0,0.0,0.0,2026-05-07 18:00:00+00:00,2026-08-07 17:00:00+00:00,online
2026-08-07,2026-08-10 11:40:42+00:00,FR,solar,tabpfn_online,TabPFN with covariates,weather_4p+tso_forecast,2208,2026-08-08 00:00:00+00:00,3.647667407989502,0.0,0.0,2026-05-07 18:00:00+00:00,2026-08-07 17:00:00+00:00,online
2026-08-07,2026-08-10 11:40:42+00:00,FR,solar,tabpfn_online,TabPFN with covariates,weather_4p+tso_forecast,2208,2026-08-08 01:00:00+00:00,1.816006422042847,0.0,0.0,2026-05-07 18:00:00+00:00,2026-08-07 17:00:00+00:00,online
2026-08-07,2026-08-10 11:40:42+00:00,FR,solar,tabpfn_online,TabPFN with covariates,weather_4p+tso_forecast,2208,2026-08-08 02:00:00+00:00,1.1488981246948242,0.0,0.0,2026-05-07 18:00:00+00:00,2026-08-07 17:00:00+00:00,online
2026-08-07,2026-08-10 11:40:42+00:00,FR,solar,tabpfn_online,TabPFN with covariates,weather_4p+tso_forecast,2208,2026-08-08 03:00:00+00:00,20.02941513061523,0.0,0.0,2026-05-07 18:00:00+00:00,2026-08-07 17:00:00+00:00,online
2026-08-07,2026-08-10 11:40:42+00:00,FR,solar,tabpfn_online,TabPFN with covariates,weather_4p+tso_forecast,2208,2026-08-08 04:00:00+00:00,314.7746276855469,51.2949975,332.255,2026-05-07 18:00:00+00:00,2026-08-07 17:00:00+00:00,online
2026-08-07,2026-08-10 11:40:42+00:00,FR,solar,tabpfn_online,TabPFN with covariates,weather_4p+tso_forecast,2208,2026-08-08 05:00:00+00:00,1258.2529296875,996.5083375,1273.73,2026-05-07 18:00:00+00:00,2026-08-07 17:00:00+00:00,online
2026-08-07,2026-08-10 11:40:42+00:00,FR,solar,tabpfn_online,TabPFN with covariates,weather_4p+tso_forecast,2208,2026-08-08 06:00:00+00:00,4563.4169921875,4234.13623,4765.1575,2026-05-07 18:00:00+00:00,2026-08-07 17:00:00+00:00,online
2026-08-07,2026-08-10 11:40:42+00:00,FR,solar,tabpfn_online,TabPFN with covariates,weather_4p+tso_forecast,2208,2026-08-08 07:00:00+00:00,10034.5419921875,9436.5750725,9999.2175,2026-05-07 18:00:00+00:00,2026-08-07 17:00:00+00:00,online
2026-08-07,2026-08-10 11:40:42+00:00,FR,solar,tabpfn_online,TabPFN with covariates,weather_4p+tso_forecast,2208,2026-08-08 08:00:00+00:00,15312.3935546875,14529.8205575,14782.1275,2026-05-07 18:00:00+00:00,2026-08-07 17:00:00+00:00,online
2026-08-07,2026-08-10 11:40:42+00:00,FR,solar,tabpfn_online,TabPFN with covariates,weather_4p+tso_forecast,2208,2026-08-08 09:00:00+00:00,14051.740234375,13836.96118,14269.5275,2026-05-07 18:00:00+00:00,2026-08-07 17:00:00+00:00,online
2026-08-07,2026-08-10 11:40:42+00:00,FR,solar,tabpfn_online,TabPFN with covariates,weather_4p+tso_forecast,2208,2026-08-08 10:00:00+00:00,13474.1494140625,13831.598635,12728.942500000001,2026-05-07 18:00:00+00:00,2026-08-07 17:00:00+00:00,online
2026-08-07,2026-08-10 11:40:42+00:00,FR,solar,tabpfn_online,TabPFN with covariates,weather_4p+tso_forecast,2208,2026-08-08 11:00:00+00:00,14223.16796875,14558.792235,13082.782500000001,2026-05-07 18:00:00+00:00,2026-08-07 17:00:00+00:00,online
2026-08-07,2026-08-10 11:40:42+00:00,FR,solar,tabpfn_online,TabPFN with covariates,weather_4p+tso_forecast,2208,2026-08-08 12:00:00+00:00,14356.2265625,14501.8752425,13070.89,2026-05-07 18:00:00+00:00,2026-08-07 17:00:00+00:00,online
2026-08-07,2026-08-10 11:40:42+00:00,FR,solar,tabpfn_online,TabPFN with covariates,weather_4p+tso_forecast,2208,2026-08-08 13:00:00+00:00,15095.419921875,14933.9367675,14631.352499999999,2026-05-07 18:00:00+00:00,2026-08-07 17:00:00+00:00,online
2026-08-07,2026-08-10 11:40:42+00:00,FR,solar,tabpfn_online,TabPFN with covariates,weather_4p+tso_forecast,2208,2026-08-08 14:00:00+00:00,14955.396484375,14864.1591825,15036.595,2026-05-07 18:00:00+00:00,2026-08-07 17:00:00+00:00,online
2026-08-07,2026-08-10 11:40:42+00:00,FR,solar,tabpfn_online,TabPFN with covariates,weather_4p+tso_forecast,2208,2026-08-08 15:00:00+00:00,14374.3798828125,14846.609865,13450.8525,2026-05-07 18:00:00+00:00,2026-08-07 17:00:00+00:00,online
2026-08-07,2026-08-10 11:40:42+00:00,FR,solar,tabpfn_online,TabPFN with covariates,weather_4p+tso_forecast,2208,2026-08-08 16:00:00+00:00,9671.3701171875,10231.38965,8871.91,2026-05-07 18:00:00+00:00,2026-08-07 17:00:00+00:00,online
2026-08-07,2026-08-10 11:40:42+00:00,FR,solar,tabpfn_online,TabPFN with covariates,weather_4p+tso_forecast,2208,2026-08-08 17:00:00+00:00,4626.28466796875,5248.4258425,4224.17,2026-05-07 18:00:00+00:00,2026-08-07 17:00:00+00:00,online
2026-08-07,2026-08-10 11:40:42+00:00,FR,wind_onshore,tabpfn_online,TabPFN with covariates,weather_4p+tso_forecast,2208,2026-08-07 18:00:00+00:00,2273.23583984375,2121.23999,2119.5699999999997,2026-05-07 18:00:00+00:00,2026-08-07 17:00:00+00:00,online
2026-08-07,2026-08-10 11:40:42+00:00,FR,wind_onshore,tabpfn_online,TabPFN with covariates,weather_4p+tso_forecast,2208,2026-08-07 19:00:00+00:00,2984.45703125,2901.4674675,2584.64,2026-05-07 18:00:00+00:00,2026-08-07 17:00:00+00:00,online
2026-08-07,2026-08-10 11:40:42+00:00,FR,wind_onshore,tabpfn_online,TabPFN with covariates,weather_4p+tso_forecast,2208,2026-08-07 20:00:00+00:00,3864.406494140625,3659.545045,3916.0825,2026-05-07 18:00:00+00:00,2026-08-07 17:00:00+00:00,online
2026-08-07,2026-08-10 11:40:42+00:00,FR,wind_onshore,tabpfn_online,TabPFN with covariates,weather_4p+tso_forecast,2208,2026-08-07 21:00:00+00:00,4289.5009765625,4005.50995,4735.6325,2026-05-07 18:00:00+00:00,2026-08-07 17:00:00+00:00,online
2026-08-07,2026-08-10 11:40:42+00:00,FR,wind_onshore,tabpfn_online,TabPFN with covariates,weather_4p+tso_forecast,2208,2026-08-07 22:00:00+00:00,4687.84521484375,4223.1174325,5079.095,2026-05-07 18:00:00+00:00,2026-08-07 17:00:00+00:00,online
2026-08-07,2026-08-10 11:40:42+00:00,FR,wind_onshore,tabpfn_online,TabPFN with covariates,weather_4p+tso_forecast,2208,2026-08-07 23:00:00+00:00,4635.375,4104.26996,5241.6025,2026-05-07 18:00:00+00:00,2026-08-07 17:00:00+00:00,online
2026-08-07,2026-08-10 11:40:42+00:00,FR,wind_onshore,tabpfn_online,TabPFN with covariates,weather_4p+tso_forecast,2208,2026-08-08 00:00:00+00:00,4476.2294921875,3974.9175425,5144.775,2026-05-07 18:00:00+00:00,2026-08-07 17:00:00+00:00,online
2026-08-07,2026-08-10 11:40:42+00:00,FR,wind_onshore,tabpfn_online,TabPFN with covariates,weather_4p+tso_forecast,2208,2026-08-08 01:00:00+00:00,4196.68603515625,3850.53491,5137.145,2026-05-07 18:00:00+00:00,2026-08-07 17:00:00+00:00,online
2026-08-07,2026-08-10 11:40:42+00:00,FR,wind_onshore,tabpfn_online,TabPFN with covariates,weather_4p+tso_forecast,2208,2026-08-08 02:00:00+00:00,4183.48876953125,3750.6575925,4724.6075,2026-05-07 18:00:00+00:00,2026-08-07 17:00:00+00:00,online
2026-08-07,2026-08-10 11:40:42+00:00,FR,wind_onshore,tabpfn_online,TabPFN with covariates,weather_4p+tso_forecast,2208,2026-08-08 03:00:00+00:00,3793.631591796875,3600.64752,4221.4575,2026-05-07 18:00:00+00:00,2026-08-07 17:00:00+00:00,online
2026-08-07,2026-08-10 11:40:42+00:00,FR,wind_onshore,tabpfn_online,TabPFN with covariates,weather_4p+tso_forecast,2208,2026-08-08 04:00:00+00:00,3602.650390625,3422.7124625,3829.4125,2026-05-07 18:00:00+00:00,2026-08-07 17:00:00+00:00,online
2026-08-07,2026-08-10 11:40:42+00:00,FR,wind_onshore,tabpfn_online,TabPFN with covariates,weather_4p+tso_forecast,2208,2026-08-08 05:00:00+00:00,3288.496826171875,3184.227415,3720.0,2026-05-07 18:00:00+00:00,2026-08-07 17:00:00+00:00,online
2026-08-07,2026-08-10 11:40:42+00:00,FR,wind_onshore,tabpfn_online,TabPFN with covariates,weather_4p+tso_forecast,2208,2026-08-08 06:00:00+00:00,2488.109375,2567.8025525000003,2620.225,2026-05-07 18:00:00+00:00,2026-08-07 17:00:00+00:00,online
2026-08-07,2026-08-10 11:40:42+00:00,FR,wind_onshore,tabpfn_online,TabPFN with covariates,weather_4p+tso_forecast,2208,2026-08-08 07:00:00+00:00,1513.539306640625,1533.32251,1226.715,2026-05-07 18:00:00+00:00,2026-08-07 17:00:00+00:00,online
2026-08-07,2026-08-10 11:40:42+00:00,FR,wind_onshore,tabpfn_online,TabPFN with covariates,weather_4p+tso_forecast,2208,2026-08-08 08:00:00+00:00,1053.905517578125,922.01494,914.0575,2026-05-07 18:00:00+00:00,2026-08-07 17:00:00+00:00,online
2026-08-07,2026-08-10 11:40:42+00:00,FR,wind_onshore,tabpfn_online,TabPFN with covariates,weather_4p+tso_forecast,2208,2026-08-08 09:00:00+00:00,1054.388671875,531.455095,1391.99,2026-05-07 18:00:00+00:00,2026-08-07 17:00:00+00:00,online
2026-08-07,2026-08-10 11:40:42+00:00,FR,wind_onshore,tabpfn_online,TabPFN with covariates,weather_4p+tso_forecast,2208,2026-08-08 10:00:00+00:00,1333.5999755859375,278.00245,1197.3525,2026-05-07 18:00:00+00:00,2026-08-07 17:00:00+00:00,online
2026-08-07,2026-08-10 11:40:42+00:00,FR,wind_onshore,tabpfn_online,TabPFN with covariates,weather_4p+tso_forecast,2208,2026-08-08 11:00:00+00:00,1437.259765625,227.694945,1141.0775,2026-05-07 18:00:00+00:00,2026-08-07 17:00:00+00:00,online
2026-08-07,2026-08-10 11:40:42+00:00,FR,wind_onshore,tabpfn_online,TabPFN with covariates,weather_4p+tso_forecast,2208,2026-08-08 12:00:00+00:00,1389.47802734375,195.9850525,1117.2,2026-05-07 18:00:00+00:00,2026-08-07 17:00:00+00:00,online
2026-08-07,2026-08-10 11:40:42+00:00,FR,wind_onshore,tabpfn_online,TabPFN with covariates,weather_4p+tso_forecast,2208,2026-08-08 13:00:00+00:00,1171.090087890625,308.694865,1176.54,2026-05-07 18:00:00+00:00,2026-08-07 17:00:00+00:00,online
2026-08-07,2026-08-10 11:40:42+00:00,FR,wind_onshore,tabpfn_online,TabPFN with covariates,weather_4p+tso_forecast,2208,2026-08-08 14:00:00+00:00,1183.060791015625,412.2146975,857.11,2026-05-07 18:00:00+00:00,2026-08-07 17:00:00+00:00,online
2026-08-07,2026-08-10 11:40:42+00:00,FR,wind_onshore,tabpfn_online,TabPFN with covariates,weather_4p+tso_forecast,2208,2026-08-08 15:00:00+00:00,1146.59423828125,546.5700075,719.7125,2026-05-07 18:00:00+00:00,2026-08-07 17:00:00+00:00,online
2026-08-07,2026-08-10 11:40:42+00:00,FR,wind_onshore,tabpfn_online,TabPFN with covariates,weather_4p+tso_forecast,2208,2026-08-08 16:00:00+00:00,1098.28076171875,534.947495,717.79,2026-05-07 18:00:00+00:00,2026-08-07 17:00:00+00:00,online
2026-08-07,2026-08-10 11:40:42+00:00,FR,wind_onshore,tabpfn_online,TabPFN with covariates,weather_4p+tso_forecast,2208,2026-08-08 17:00:00+00:00,1175.4154052734375,580.0200025,712.3175,2026-05-07 18:00:00+00:00,2026-08-07 17:00:00+00:00,online
2026-08-07,2026-08-10 11:40:42+00:00,FR,wind_offshore,tabpfn_online,TabPFN with covariates,weather_4p+tso_forecast,2208,2026-08-07 18:00:00+00:00,394.0890502929687,355.54499250000003,421.7575,2026-05-07 18:00:00+00:00,2026-08-07 17:00:00+00:00,online
2026-08-07,2026-08-10 11:40:42+00:00,FR,wind_offshore,tabpfn_online,TabPFN with covariates,weather_4p+tso_forecast,2208,2026-08-07 19:00:00+00:00,434.06591796875,408.2425075,465.9825,2026-05-07 18:00:00+00:00,2026-08-07 17:00:00+00:00,online
2026-08-07,2026-08-10 11:40:42+00:00,FR,wind_offshore,tabpfn_online,TabPFN with covariates,weather_4p+tso_forecast,2208,2026-08-07 20:00:00+00:00,433.4077453613281,414.435005,452.105,2026-05-07 18:00:00+00:00,2026-08-07 17:00:00+00:00,online
2026-08-07,2026-08-10 11:40:42+00:00,FR,wind_offshore,tabpfn_online,TabPFN with covariates,weather_4p+tso_forecast,2208,2026-08-07 21:00:00+00:00,444.53076171875,449.9374925,534.635,2026-05-07 18:00:00+00:00,2026-08-07 17:00:00+00:00,online
2026-08-07,2026-08-10 11:40:42+00:00,FR,wind_offshore,tabpfn_online,TabPFN with covariates,weather_4p+tso_forecast,2208,2026-08-07 22:00:00+00:00,644.366455078125,534.9450075,698.635,2026-05-07 18:00:00+00:00,2026-08-07 17:00:00+00:00,online
2026-08-07,2026-08-10 11:40:42+00:00,FR,wind_offshore,tabpfn_online,TabPFN with covariates,weather_4p+tso_forecast,2208,2026-08-07 23:00:00+00:00,663.757080078125,630.0475025000001,744.5125,2026-05-07 18:00:00+00:00,2026-08-07 17:00:00+00:00,online
2026-08-07,2026-08-10 11:40:42+00:00,FR,wind_offshore,tabpfn_online,TabPFN with covariates,weather_4p+tso_forecast,2208,2026-08-08 00:00:00+00:00,723.404296875,631.2774975,675.06,2026-05-07 18:00:00+00:00,2026-08-07 17:00:00+00:00,online
2026-08-07,2026-08-10 11:40:42+00:00,FR,wind_offshore,tabpfn_online,TabPFN with covariates,weather_4p+tso_forecast,2208,2026-08-08 01:00:00+00:00,666.1646118164062,563.45999,564.3425,2026-05-07 18:00:00+00:00,2026-08-07 17:00:00+00:00,online
2026-08-07,2026-08-10 11:40:42+00:00,FR,wind_offshore,tabpfn_online,TabPFN with covariates,weather_4p+tso_forecast,2208,2026-08-08 02:00:00+00:00,499.3453369140625,513.05252,467.78,2026-05-07 18:00:00+00:00,2026-08-07 17:00:00+00:00,online
2026-08-07,2026-08-10 11:40:42+00:00,FR,wind_offshore,tabpfn_online,TabPFN with covariates,weather_4p+tso_forecast,2208,2026-08-08 03:00:00+00:00,455.7088623046875,443.7649925,373.57,2026-05-07 18:00:00+00:00,2026-08-07 17:00:00+00:00,online
2026-08-07,2026-08-10 11:40:42+00:00,FR,wind_offshore,tabpfn_online,TabPFN with covariates,weather_4p+tso_forecast,2208,2026-08-08 04:00:00+00:00,382.3702697753906,377.78,372.7525,2026-05-07 18:00:00+00:00,2026-08-07 17:00:00+00:00,online
2026-08-07,2026-08-10 11:40:42+00:00,FR,wind_offshore,tabpfn_online,TabPFN with covariates,weather_4p+tso_forecast,2208,2026-08-08 05:00:00+00:00,353.1418762207031,334.08751,309.7525,2026-05-07 18:00:00+00:00,2026-08-07 17:00:00+00:00,online
2026-08-07,2026-08-10 11:40:42+00:00,FR,wind_offshore,tabpfn_online,TabPFN with covariates,weather_4p+tso_forecast,2208,2026-08-08 06:00:00+00:00,331.6822814941406,316.54249,252.07,2026-05-07 18:00:00+00:00,2026-08-07 17:00:00+00:00,online
2026-08-07,2026-08-10 11:40:42+00:00,FR,wind_offshore,tabpfn_online,TabPFN with covariates,weather_4p+tso_forecast,2208,2026-08-08 07:00:00+00:00,268.341064453125,260.7849925,215.58249999999998,2026-05-07 18:00:00+00:00,2026-08-07 17:00:00+00:00,online
2026-08-07,2026-08-10 11:40:42+00:00,FR,wind_offshore,tabpfn_online,TabPFN with covariates,weather_4p+tso_forecast,2208,2026-08-08 08:00:00+00:00,211.09747314453125,212.11,161.51,2026-05-07 18:00:00+00:00,2026-08-07 17:00:00+00:00,online
2026-08-07,2026-08-10 11:40:42+00:00,FR,wind_offshore,tabpfn_online,TabPFN with covariates,weather_4p+tso_forecast,2208,2026-08-08 09:00:00+00:00,183.28927612304688,174.759995,82.475,2026-05-07 18:00:00+00:00,2026-08-07 17:00:00+00:00,online
2026-08-07,2026-08-10 11:40:42+00:00,FR,wind_offshore,tabpfn_online,TabPFN with covariates,weather_4p+tso_forecast,2208,2026-08-08 10:00:00+00:00,150.48312377929688,93.63,61.207499999999996,2026-05-07 18:00:00+00:00,2026-08-07 17:00:00+00:00,online
2026-08-07,2026-08-10 11:40:42+00:00,FR,wind_offshore,tabpfn_online,TabPFN with covariates,weather_4p+tso_forecast,2208,2026-08-08 11:00:00+00:00,138.86322021484375,86.64,46.6775,2026-05-07 18:00:00+00:00,2026-08-07 17:00:00+00:00,online
2026-08-07,2026-08-10 11:40:42+00:00,FR,wind_offshore,tabpfn_online,TabPFN with covariates,weather_4p+tso_forecast,2208,2026-08-08 12:00:00+00:00,112.25070190429688,80.01499749999999,37.9175,2026-05-07 18:00:00+00:00,2026-08-07 17:00:00+00:00,online
2026-08-07,2026-08-10 11:40:42+00:00,FR,wind_offshore,tabpfn_online,TabPFN with covariates,weather_4p+tso_forecast,2208,2026-08-08 13:00:00+00:00,134.5941162109375,103.9049975,131.485,2026-05-07 18:00:00+00:00,2026-08-07 17:00:00+00:00,online
2026-08-07,2026-08-10 11:40:42+00:00,FR,wind_offshore,tabpfn_online,TabPFN with covariates,weather_4p+tso_forecast,2208,2026-08-08 14:00:00+00:00,168.39129638671875,139.3025,155.4975,2026-05-07 18:00:00+00:00,2026-08-07 17:00:00+00:00,online
2026-08-07,2026-08-10 11:40:42+00:00,FR,wind_offshore,tabpfn_online,TabPFN with covariates,weather_4p+tso_forecast,2208,2026-08-08 15:00:00+00:00,208.2786407470703,156.85,216.735,2026-05-07 18:00:00+00:00,2026-08-07 17:00:00+00:00,online
2026-08-07,2026-08-10 11:40:42+00:00,FR,wind_offshore,tabpfn_online,TabPFN with covariates,weather_4p+tso_forecast,2208,2026-08-08 16:00:00+00:00,255.0223388671875,181.5775,249.7375,2026-05-07 18:00:00+00:00,2026-08-07 17:00:00+00:00,online
2026-08-07,2026-08-10 11:40:42+00:00,FR,wind_offshore,tabpfn_online,TabPFN with covariates,weather_4p+tso_forecast,2208,2026-08-08 17:00:00+00:00,347.463134765625,203.405005,290.75,2026-05-07 18:00:00+00:00,2026-08-07 17:00:00+00:00,online
2026-08-07,2026-08-10 11:40:42+00:00,DE,load,tabpfn_online,TabPFN with covariates,Solar+tso_forecast,2208,2026-08-07 18:00:00+00:00,50965.09375,50942.44385425,48589.045575,2026-05-07 18:00:00+00:00,2026-08-07 17:00:00+00:00,online
2026-08-07,2026-08-10 11:40:42+00:00,DE,load,tabpfn_online,TabPFN with covariates,Solar+tso_forecast,2208,2026-08-07 19:00:00+00:00,47174.6484375,48718.1197715,46515.5699325,2026-05-07 18:00:00+00:00,2026-08-07 17:00:00+00:00,online
2026-08-07,2026-08-10 11:40:42+00:00,DE,load,tabpfn_online,TabPFN with covariates,Solar+tso_forecast,2208,2026-08-07 20:00:00+00:00,44237.11328125,45880.2555385,43657.8793825,2026-05-07 18:00:00+00:00,2026-08-07 17:00:00+00:00,online
2026-08-07,2026-08-10 11:40:42+00:00,DE,load,tabpfn_online,TabPFN with covariates,Solar+tso_forecast,2208,2026-08-07 21:00:00+00:00,42732.58203125,42959.8471705,41529.2365175,2026-05-07 18:00:00+00:00,2026-08-07 17:00:00+00:00,online
2026-08-07,2026-08-10 11:40:42+00:00,DE,load,tabpfn_online,TabPFN with covariates,Solar+tso_forecast,2208,2026-08-07 22:00:00+00:00,41393.49609375,40736.25844125,40236.385555,2026-05-07 18:00:00+00:00,2026-08-07 17:00:00+00:00,online
2026-08-07,2026-08-10 11:40:42+00:00,DE,load,tabpfn_online,TabPFN with covariates,Solar+tso_forecast,2208,2026-08-07 23:00:00+00:00,39845.046875,39070.3455255,39278.67808,2026-05-07 18:00:00+00:00,2026-08-07 17:00:00+00:00,online
2026-08-07,2026-08-10 11:40:42+00:00,DE,load,tabpfn_online,TabPFN with covariates,Solar+tso_forecast,2208,2026-08-08 00:00:00+00:00,41910.69140625,38063.4668505,38080.909545,2026-05-07 18:00:00+00:00,2026-08-07 17:00:00+00:00,online
2026-08-07,2026-08-10 11:40:42+00:00,DE,load,tabpfn_online,TabPFN with covariates,Solar+tso_forecast,2208,2026-08-08 01:00:00+00:00,41329.6171875,37574.263026,37632.7866125,2026-05-07 18:00:00+00:00,2026-08-07 17:00:00+00:00,online
2026-08-07,2026-08-10 11:40:42+00:00,DE,load,tabpfn_online,TabPFN with covariates,Solar+tso_forecast,2208,2026-08-08 02:00:00+00:00,41187.8046875,37636.6783795,37829.6780275,2026-05-07 18:00:00+00:00,2026-08-07 17:00:00+00:00,online
2026-08-07,2026-08-10 11:40:42+00:00,DE,load,tabpfn_online,TabPFN with covariates,Solar+tso_forecast,2208,2026-08-08 03:00:00+00:00,41449.984375,38152.92769975,38715.2693425,2026-05-07 18:00:00+00:00,2026-08-07 17:00:00+00:00,online
2026-08-07,2026-08-10 11:40:42+00:00,DE,load,tabpfn_online,TabPFN with covariates,Solar+tso_forecast,2208,2026-08-08 04:00:00+00:00,42193.3515625,39493.49641825,39939.00208,2026-05-07 18:00:00+00:00,2026-08-07 17:00:00+00:00,online
2026-08-07,2026-08-10 11:40:42+00:00,DE,load,tabpfn_online,TabPFN with covariates,Solar+tso_forecast,2208,2026-08-08 05:00:00+00:00,43934.26171875,41927.602848,42134.635917499996,2026-05-07 18:00:00+00:00,2026-08-07 17:00:00+00:00,online
2026-08-07,2026-08-10 11:40:42+00:00,DE,load,tabpfn_online,TabPFN with covariates,Solar+tso_forecast,2208,2026-08-08 06:00:00+00:00,45982.3125,44795.99334125,44691.47694,2026-05-07 18:00:00+00:00,2026-08-07 17:00:00+00:00,online
2026-08-07,2026-08-10 11:40:42+00:00,DE,load,tabpfn_online,TabPFN with covariates,Solar+tso_forecast,2208,2026-08-08 07:00:00+00:00,47280.4375,46976.968068,45268.5051425,2026-05-07 18:00:00+00:00,2026-08-07 17:00:00+00:00,online
2026-08-07,2026-08-10 11:40:42+00:00,DE,load,tabpfn_online,TabPFN with covariates,Solar+tso_forecast,2208,2026-08-08 08:00:00+00:00,47480.93359375,47856.702668,45253.0903075,2026-05-07 18:00:00+00:00,2026-08-07 17:00:00+00:00,online
2026-08-07,2026-08-10 11:40:42+00:00,DE,load,tabpfn_online,TabPFN with covariates,Solar+tso_forecast,2208,2026-08-08 09:00:00+00:00,47017.546875,47831.5534725,46351.398725,2026-05-07 18:00:00+00:00,2026-08-07 17:00:00+00:00,online
2026-08-07,2026-08-10 11:40:42+00:00,DE,load,tabpfn_online,TabPFN with covariates,Solar+tso_forecast,2208,2026-08-08 10:00:00+00:00,46175.34375,46772.7009875,45555.0537925,2026-05-07 18:00:00+00:00,2026-08-07 17:00:00+00:00,online
2026-08-07,2026-08-10 11:40:42+00:00,DE,load,tabpfn_online,TabPFN with covariates,Solar+tso_forecast,2208,2026-08-08 11:00:00+00:00,44711.17578125,45750.41823825,44665.8674975,2026-05-07 18:00:00+00:00,2026-08-07 17:00:00+00:00,online
2026-08-07,2026-08-10 11:40:42+00:00,DE,load,tabpfn_online,TabPFN with covariates,Solar+tso_forecast,2208,2026-08-08 12:00:00+00:00,43561.0625,44779.4370475,43697.268685,2026-05-07 18:00:00+00:00,2026-08-07 17:00:00+00:00,online
2026-08-07,2026-08-10 11:40:42+00:00,DE,load,tabpfn_online,TabPFN with covariates,Solar+tso_forecast,2208,2026-08-08 13:00:00+00:00,42300.3515625,44085.51815925,43037.592815,2026-05-07 18:00:00+00:00,2026-08-07 17:00:00+00:00,online
2026-08-07,2026-08-10 11:40:42+00:00,DE,load,tabpfn_online,TabPFN with covariates,Solar+tso_forecast,2208,2026-08-08 14:00:00+00:00,41892.19140625,44017.25262675,43398.4632525,2026-05-07 18:00:00+00:00,2026-08-07 17:00:00+00:00,online
2026-08-07,2026-08-10 11:40:42+00:00,DE,load,tabpfn_online,TabPFN with covariates,Solar+tso_forecast,2208,2026-08-08 15:00:00+00:00,42641.52734375,44303.03337025,44059.982685,2026-05-07 18:00:00+00:00,2026-08-07 17:00:00+00:00,online
2026-08-07,2026-08-10 11:40:42+00:00,DE,load,tabpfn_online,TabPFN with covariates,Solar+tso_forecast,2208,2026-08-08 16:00:00+00:00,44808.1171875,45883.79894325,45415.29632,2026-05-07 18:00:00+00:00,2026-08-07 17:00:00+00:00,online
2026-08-07,2026-08-10 11:40:42+00:00,DE,load,tabpfn_online,TabPFN with covariates,Solar+tso_forecast,2208,2026-08-08 17:00:00+00:00,46155.921875,46080.29539825,46703.5163725,2026-05-07 18:00:00+00:00,2026-08-07 17:00:00+00:00,online
2026-08-07,2026-08-10 11:40:42+00:00,DE,solar,tabpfn_online,TabPFN with covariates,weather_4p+tso_forecast,2208,2026-08-07 18:00:00+00:00,1030.7376708984375,965.1375175,975.6384999999999,2026-05-07 18:00:00+00:00,2026-08-07 17:00:00+00:00,online
2026-08-07,2026-08-10 11:40:42+00:00,DE,solar,tabpfn_online,TabPFN with covariates,weather_4p+tso_forecast,2208,2026-08-07 19:00:00+00:00,17.855833053588867,9.5153675,4.516,2026-05-07 18:00:00+00:00,2026-08-07 17:00:00+00:00,online
2026-08-07,2026-08-10 11:40:42+00:00,DE,solar,tabpfn_online,TabPFN with covariates,weather_4p+tso_forecast,2208,2026-08-07 20:00:00+00:00,0.7393569946289062,0.0,0.0,2026-05-07 18:00:00+00:00,2026-08-07 17:00:00+00:00,online
2026-08-07,2026-08-10 11:40:42+00:00,DE,solar,tabpfn_online,TabPFN with covariates,weather_4p+tso_forecast,2208,2026-08-07 21:00:00+00:00,0.0,0.0,0.0,2026-05-07 18:00:00+00:00,2026-08-07 17:00:00+00:00,online
2026-08-07,2026-08-10 11:40:42+00:00,DE,solar,tabpfn_online,TabPFN with covariates,weather_4p+tso_forecast,2208,2026-08-07 22:00:00+00:00,0.0,0.0,0.0,2026-05-07 18:00:00+00:00,2026-08-07 17:00:00+00:00,online
2026-08-07,2026-08-10 11:40:42+00:00,DE,solar,tabpfn_online,TabPFN with covariates,weather_4p+tso_forecast,2208,2026-08-07 23:00:00+00:00,0.0,0.0,0.0,2026-05-07 18:00:00+00:00,2026-08-07 17:00:00+00:00,online
2026-08-07,2026-08-10 11:40:42+00:00,DE,solar,tabpfn_online,TabPFN with covariates,weather_4p+tso_forecast,2208,2026-08-08 00:00:00+00:00,5.061832427978516,0.0,0.0,2026-05-07 18:00:00+00:00,2026-08-07 17:00:00+00:00,online
2026-08-07,2026-08-10 11:40:42+00:00,DE,solar,tabpfn_online,TabPFN with covariates,weather_4p+tso_forecast,2208,2026-08-08 01:00:00+00:00,5.421034336090088,0.0,0.0,2026-05-07 18:00:00+00:00,2026-08-07 17:00:00+00:00,online
2026-08-07,2026-08-10 11:40:42+00:00,DE,solar,tabpfn_online,TabPFN with covariates,weather_4p+tso_forecast,2208,2026-08-08 02:00:00+00:00,8.034419059753418,0.0,0.0,2026-05-07 18:00:00+00:00,2026-08-07 17:00:00+00:00,online
2026-08-07,2026-08-10 11:40:42+00:00,DE,solar,tabpfn_online,TabPFN with covariates,weather_4p+tso_forecast,2208,2026-08-08 03:00:00+00:00,39.668357849121094,27.721942499999997,20.6675,2026-05-07 18:00:00+00:00,2026-08-07 17:00:00+00:00,online
2026-08-07,2026-08-10 11:40:42+00:00,DE,solar,tabpfn_online,TabPFN with covariates,weather_4p+tso_forecast,2208,2026-08-08 04:00:00+00:00,2009.27587890625,1959.9667675,1929.0635,2026-05-07 18:00:00+00:00,2026-08-07 17:00:00+00:00,online
2026-08-07,2026-08-10 11:40:42+00:00,DE,solar,tabpfn_online,TabPFN with covariates,weather_4p+tso_forecast,2208,2026-08-08 05:00:00+00:00,9422.9873046875,9115.10167,9857.46025,2026-05-07 18:00:00+00:00,2026-08-07 17:00:00+00:00,online
2026-08-07,2026-08-10 11:40:42+00:00,DE,solar,tabpfn_online,TabPFN with covariates,weather_4p+tso_forecast,2208,2026-08-08 06:00:00+00:00,22465.51171875,21591.0830825,23195.975,2026-05-07 18:00:00+00:00,2026-08-07 17:00:00+00:00,online
2026-08-07,2026-08-10 11:40:42+00:00,DE,solar,tabpfn_online,TabPFN with covariates,weather_4p+tso_forecast,2208,2026-08-08 07:00:00+00:00,35306.8984375,34289.8204325,36802.23725,2026-05-07 18:00:00+00:00,2026-08-07 17:00:00+00:00,online
2026-08-07,2026-08-10 11:40:42+00:00,DE,solar,tabpfn_online,TabPFN with covariates,weather_4p+tso_forecast,2208,2026-08-08 08:00:00+00:00,43978.69140625,43860.4220275,45929.86225,2026-05-07 18:00:00+00:00,2026-08-07 17:00:00+00:00,online
2026-08-07,2026-08-10 11:40:42+00:00,DE,solar,tabpfn_online,TabPFN with covariates,weather_4p+tso_forecast,2208,2026-08-08 09:00:00+00:00,49694.3671875,49934.78898,49515.28275,2026-05-07 18:00:00+00:00,2026-08-07 17:00:00+00:00,online
2026-08-07,2026-08-10 11:40:42+00:00,DE,solar,tabpfn_online,TabPFN with covariates,weather_4p+tso_forecast,2208,2026-08-08 10:00:00+00:00,52508.7109375,52882.819045,51272.38175,2026-05-07 18:00:00+00:00,2026-08-07 17:00:00+00:00,online
2026-08-07,2026-08-10 11:40:42+00:00,DE,solar,tabpfn_online,TabPFN with covariates,weather_4p+tso_forecast,2208,2026-08-08 11:00:00+00:00,52407.91015625,53571.56961,51227.70975,2026-05-07 18:00:00+00:00,2026-08-07 17:00:00+00:00,online
2026-08-07,2026-08-10 11:40:42+00:00,DE,solar,tabpfn_online,TabPFN with covariates,weather_4p+tso_forecast,2208,2026-08-08 12:00:00+00:00,50286.03125,51790.7265625,49303.5965,2026-05-07 18:00:00+00:00,2026-08-07 17:00:00+00:00,online
2026-08-07,2026-08-10 11:40:42+00:00,DE,solar,tabpfn_online,TabPFN with covariates,weather_4p+tso_forecast,2208,2026-08-08 13:00:00+00:00,46134.0390625,47496.32957,46088.221000000005,2026-05-07 18:00:00+00:00,2026-08-07 17:00:00+00:00,online
2026-08-07,2026-08-10 11:40:42+00:00,DE,solar,tabpfn_online,TabPFN with covariates,weather_4p+tso_forecast,2208,2026-08-08 14:00:00+00:00,40919.4609375,40743.3347225,40334.48975,2026-05-07 18:00:00+00:00,2026-08-07 17:00:00+00:00,online
2026-08-07,2026-08-10 11:40:42+00:00,DE,solar,tabpfn_online,TabPFN with covariates,weather_4p+tso_forecast,2208,2026-08-08 15:00:00+00:00,32233.42578125,30697.63883,32602.72075,2026-05-07 18:00:00+00:00,2026-08-07 17:00:00+00:00,online
2026-08-07,2026-08-10 11:40:42+00:00,DE,solar,tabpfn_online,TabPFN with covariates,weather_4p+tso_forecast,2208,2026-08-08 16:00:00+00:00,19219.5078125,17934.6890975,18857.8695,2026-05-07 18:00:00+00:00,2026-08-07 17:00:00+00:00,online
2026-08-07,2026-08-10 11:40:42+00:00,DE,solar,tabpfn_online,TabPFN with covariates,weather_4p+tso_forecast,2208,2026-08-08 17:00:00+00:00,6941.5791015625,6509.18065,6933.244,2026-05-07 18:00:00+00:00,2026-08-07 17:00:00+00:00,online
2026-08-07,2026-08-10 11:40:42+00:00,DE,wind_onshore,tabpfn_online,TabPFN with covariates,weather_4p+tso_forecast,2208,2026-08-07 18:00:00+00:00,4661.7001953125,4645.684175,4234.51775,2026-05-07 18:00:00+00:00,2026-08-07 17:00:00+00:00,online
2026-08-07,2026-08-10 11:40:42+00:00,DE,wind_onshore,tabpfn_online,TabPFN with covariates,weather_4p+tso_forecast,2208,2026-08-07 19:00:00+00:00,4190.041015625,4652.093635,4578.343,2026-05-07 18:00:00+00:00,2026-08-07 17:00:00+00:00,online
2026-08-07,2026-08-10 11:40:42+00:00,DE,wind_onshore,tabpfn_online,TabPFN with covariates,weather_4p+tso_forecast,2208,2026-08-07 20:00:00+00:00,4324.3515625,4943.6736825,5271.491,2026-05-07 18:00:00+00:00,2026-08-07 17:00:00+00:00,online
2026-08-07,2026-08-10 11:40:42+00:00,DE,wind_onshore,tabpfn_online,TabPFN with covariates,weather_4p+tso_forecast,2208,2026-08-07 21:00:00+00:00,4275.2880859375,4883.5409325,5649.6345,2026-05-07 18:00:00+00:00,2026-08-07 17:00:00+00:00,online
2026-08-07,2026-08-10 11:40:42+00:00,DE,wind_onshore,tabpfn_online,TabPFN with covariates,weather_4p+tso_forecast,2208,2026-08-07 22:00:00+00:00,4042.85693359375,4739.396895,5802.0105,2026-05-07 18:00:00+00:00,2026-08-07 17:00:00+00:00,online
2026-08-07,2026-08-10 11:40:42+00:00,DE,wind_onshore,tabpfn_online,TabPFN with covariates,weather_4p+tso_forecast,2208,2026-08-07 23:00:00+00:00,4019.31884765625,4543.7783775,5455.30225,2026-05-07 18:00:00+00:00,2026-08-07 17:00:00+00:00,online
2026-08-07,2026-08-10 11:40:42+00:00,DE,wind_onshore,tabpfn_online,TabPFN with covariates,weather_4p+tso_forecast,2208,2026-08-08 00:00:00+00:00,4012.7939453125,4457.864332499999,5144.1625,2026-05-07 18:00:00+00:00,2026-08-07 17:00:00+00:00,online
2026-08-07,2026-08-10 11:40:42+00:00,DE,wind_onshore,tabpfn_online,TabPFN with covariates,weather_4p+tso_forecast,2208,2026-08-08 01:00:00+00:00,3884.568115234375,4170.4253125,4638.612,2026-05-07 18:00:00+00:00,2026-08-07 17:00:00+00:00,online
2026-08-07,2026-08-10 11:40:42+00:00,DE,wind_onshore,tabpfn_online,TabPFN with covariates,weather_4p+tso_forecast,2208,2026-08-08 02:00:00+00:00,3903.954345703125,3868.4630075,4184.106,2026-05-07 18:00:00+00:00,2026-08-07 17:00:00+00:00,online
2026-08-07,2026-08-10 11:40:42+00:00,DE,wind_onshore,tabpfn_online,TabPFN with covariates,weather_4p+tso_forecast,2208,2026-08-08 03:00:00+00:00,3854.4970703125,3601.9498825,3977.5405,2026-05-07 18:00:00+00:00,2026-08-07 17:00:00+00:00,online
2026-08-07,2026-08-10 11:40:42+00:00,DE,wind_onshore,tabpfn_online,TabPFN with covariates,weather_4p+tso_forecast,2208,2026-08-08 04:00:00+00:00,3621.63525390625,3375.8941425,3963.42275,2026-05-07 18:00:00+00:00,2026-08-07 17:00:00+00:00,online
2026-08-07,2026-08-10 11:40:42+00:00,DE,wind_onshore,tabpfn_online,TabPFN with covariates,weather_4p+tso_forecast,2208,2026-08-08 05:00:00+00:00,3030.31103515625,2943.8076675,3600.01925,2026-05-07 18:00:00+00:00,2026-08-07 17:00:00+00:00,online
2026-08-07,2026-08-10 11:40:42+00:00,DE,wind_onshore,tabpfn_online,TabPFN with covariates,weather_4p+tso_forecast,2208,2026-08-08 06:00:00+00:00,1839.93994140625,2087.9122175,2044.746,2026-05-07 18:00:00+00:00,2026-08-07 17:00:00+00:00,online
2026-08-07,2026-08-10 11:40:42+00:00,DE,wind_onshore,tabpfn_online,TabPFN with covariates,weather_4p+tso_forecast,2208,2026-08-08 07:00:00+00:00,1027.4027099609375,1202.0337775,1097.83775,2026-05-07 18:00:00+00:00,2026-08-07 17:00:00+00:00,online
2026-08-07,2026-08-10 11:40:42+00:00,DE,wind_onshore,tabpfn_online,TabPFN with covariates,weather_4p+tso_forecast,2208,2026-08-08 08:00:00+00:00,885.2135009765625,992.07261,834.944,2026-05-07 18:00:00+00:00,2026-08-07 17:00:00+00:00,online
2026-08-07,2026-08-10 11:40:42+00:00,DE,wind_onshore,tabpfn_online,TabPFN with covariates,weather_4p+tso_forecast,2208,2026-08-08 09:00:00+00:00,847.817138671875,892.24818,892.72425,2026-05-07 18:00:00+00:00,2026-08-07 17:00:00+00:00,online
2026-08-07,2026-08-10 11:40:42+00:00,DE,wind_onshore,tabpfn_online,TabPFN with covariates,weather_4p+tso_forecast,2208,2026-08-08 10:00:00+00:00,769.1502685546875,752.4691225,729.365,2026-05-07 18:00:00+00:00,2026-08-07 17:00:00+00:00,online
2026-08-07,2026-08-10 11:40:42+00:00,DE,wind_onshore,tabpfn_online,TabPFN with covariates,weather_4p+tso_forecast,2208,2026-08-08 11:00:00+00:00,702.0577392578125,607.8421125,564.02275,2026-05-07 18:00:00+00:00,2026-08-07 17:00:00+00:00,online
2026-08-07,2026-08-10 11:40:42+00:00,DE,wind_onshore,tabpfn_online,TabPFN with covariates,weather_4p+tso_forecast,2208,2026-08-08 12:00:00+00:00,677.3086547851562,537.2928525,482.64575,2026-05-07 18:00:00+00:00,2026-08-07 17:00:00+00:00,online
2026-08-07,2026-08-10 11:40:42+00:00,DE,wind_onshore,tabpfn_online,TabPFN with covariates,weather_4p+tso_forecast,2208,2026-08-08 13:00:00+00:00,701.7737426757812,526.03484,517.33925,2026-05-07 18:00:00+00:00,2026-08-07 17:00:00+00:00,online
2026-08-07,2026-08-10 11:40:42+00:00,DE,wind_onshore,tabpfn_online,TabPFN with covariates,weather_4p+tso_forecast,2208,2026-08-08 14:00:00+00:00,649.5759887695312,586.5872125,671.54825,2026-05-07 18:00:00+00:00,2026-08-07 17:00:00+00:00,online
2026-08-07,2026-08-10 11:40:42+00:00,DE,wind_onshore,tabpfn_online,TabPFN with covariates,weather_4p+tso_forecast,2208,2026-08-08 15:00:00+00:00,949.88232421875,708.9784725,1090.4585,2026-05-07 18:00:00+00:00,2026-08-07 17:00:00+00:00,online
2026-08-07,2026-08-10 11:40:42+00:00,DE,wind_onshore,tabpfn_online,TabPFN with covariates,weather_4p+tso_forecast,2208,2026-08-08 16:00:00+00:00,1579.168701171875,1005.5886825,1403.9257499999999,2026-05-07 18:00:00+00:00,2026-08-07 17:00:00+00:00,online
2026-08-07,2026-08-10 11:40:42+00:00,DE,wind_onshore,tabpfn_online,TabPFN with covariates,weather_4p+tso_forecast,2208,2026-08-08 17:00:00+00:00,2127.625,1866.9574125,2088.67725,2026-05-07 18:00:00+00:00,2026-08-07 17:00:00+00:00,online
2026-08-07,2026-08-10 11:40:42+00:00,DE,wind_offshore,tabpfn_online,TabPFN with covariates,weather_4p+tso_forecast,2208,2026-08-07 18:00:00+00:00,1262.7158203125,1064.45,1089.7155,2026-05-07 18:00:00+00:00,2026-08-07 17:00:00+00:00,online
2026-08-07,2026-08-10 11:40:42+00:00,DE,wind_offshore,tabpfn_online,TabPFN with covariates,weather_4p+tso_forecast,2208,2026-08-07 19:00:00+00:00,1051.0494384765625,845.4825,728.1412499999999,2026-05-07 18:00:00+00:00,2026-08-07 17:00:00+00:00,online
2026-08-07,2026-08-10 11:40:42+00:00,DE,wind_offshore,tabpfn_online,TabPFN with covariates,weather_4p+tso_forecast,2208,2026-08-07 20:00:00+00:00,877.056396484375,693.02,551.11375,2026-05-07 18:00:00+00:00,2026-08-07 17:00:00+00:00,online
2026-08-07,2026-08-10 11:40:42+00:00,DE,wind_offshore,tabpfn_online,TabPFN with covariates,weather_4p+tso_forecast,2208,2026-08-07 21:00:00+00:00,855.6116943359375,595.565,578.8605,2026-05-07 18:00:00+00:00,2026-08-07 17:00:00+00:00,online
2026-08-07,2026-08-10 11:40:42+00:00,DE,wind_offshore,tabpfn_online,TabPFN with covariates,weather_4p+tso_forecast,2208,2026-08-07 22:00:00+00:00,827.4764404296875,741.825,606.94675,2026-05-07 18:00:00+00:00,2026-08-07 17:00:00+00:00,online
2026-08-07,2026-08-10 11:40:42+00:00,DE,wind_offshore,tabpfn_online,TabPFN with covariates,weather_4p+tso_forecast,2208,2026-08-07 23:00:00+00:00,809.2337646484375,738.3375,676.653,2026-05-07 18:00:00+00:00,2026-08-07 17:00:00+00:00,online
2026-08-07,2026-08-10 11:40:42+00:00,DE,wind_offshore,tabpfn_online,TabPFN with covariates,weather_4p+tso_forecast,2208,2026-08-08 00:00:00+00:00,880.6204833984375,745.75,768.242,2026-05-07 18:00:00+00:00,2026-08-07 17:00:00+00:00,online
2026-08-07,2026-08-10 11:40:42+00:00,DE,wind_offshore,tabpfn_online,TabPFN with covariates,weather_4p+tso_forecast,2208,2026-08-08 01:00:00+00:00,834.76220703125,741.585,722.40475,2026-05-07 18:00:00+00:00,2026-08-07 17:00:00+00:00,online
2026-08-07,2026-08-10 11:40:42+00:00,DE,wind_offshore,tabpfn_online,TabPFN with covariates,weather_4p+tso_forecast,2208,2026-08-08 02:00:00+00:00,808.918212890625,706.1825,696.2015,2026-05-07 18:00:00+00:00,2026-08-07 17:00:00+00:00,online
2026-08-07,2026-08-10 11:40:42+00:00,DE,wind_offshore,tabpfn_online,TabPFN with covariates,weather_4p+tso_forecast,2208,2026-08-08 03:00:00+00:00,771.3548583984375,636.9125,670.22325,2026-05-07 18:00:00+00:00,2026-08-07 17:00:00+00:00,online
2026-08-07,2026-08-10 11:40:42+00:00,DE,wind_offshore,tabpfn_online,TabPFN with covariates,weather_4p+tso_forecast,2208,2026-08-08 04:00:00+00:00,682.2598876953125,552.155,616.364,2026-05-07 18:00:00+00:00,2026-08-07 17:00:00+00:00,online
2026-08-07,2026-08-10 11:40:42+00:00,DE,wind_offshore,tabpfn_online,TabPFN with covariates,weather_4p+tso_forecast,2208,2026-08-08 05:00:00+00:00,569.5203247070312,486.9575,502.21775,2026-05-07 18:00:00+00:00,2026-08-07 17:00:00+00:00,online
2026-08-07,2026-08-10 11:40:42+00:00,DE,wind_offshore,tabpfn_online,TabPFN with covariates,weather_4p+tso_forecast,2208,2026-08-08 06:00:00+00:00,453.79144287109375,441.775,476.18025,2026-05-07 18:00:00+00:00,2026-08-07 17:00:00+00:00,online
2026-08-07,2026-08-10 11:40:42+00:00,DE,wind_offshore,tabpfn_online,TabPFN with covariates,weather_4p+tso_forecast,2208,2026-08-08 07:00:00+00:00,392.0389099121094,417.065,453.9065,2026-05-07 18:00:00+00:00,2026-08-07 17:00:00+00:00,online
2026-08-07,2026-08-10 11:40:42+00:00,DE,wind_offshore,tabpfn_online,TabPFN with covariates,weather_4p+tso_forecast,2208,2026-08-08 08:00:00+00:00,430.3550720214844,429.51,464.88800000000003,2026-05-07 18:00:00+00:00,2026-08-07 17:00:00+00:00,online
2026-08-07,2026-08-10 11:40:42+00:00,DE,wind_offshore,tabpfn_online,TabPFN with covariates,weather_4p+tso_forecast,2208,2026-08-08 09:00:00+00:00,344.06146240234375,290.71500000000003,201.72725,2026-05-07 18:00:00+00:00,2026-08-07 17:00:00+00:00,online
2026-08-07,2026-08-10 11:40:42+00:00,DE,wind_offshore,tabpfn_online,TabPFN with covariates,weather_4p+tso_forecast,2208,2026-08-08 10:00:00+00:00,321.6557312011719,292.15999999999997,138.1015,2026-05-07 18:00:00+00:00,2026-08-07 17:00:00+00:00,online
2026-08-07,2026-08-10 11:40:42+00:00,DE,wind_offshore,tabpfn_online,TabPFN with covariates,weather_4p+tso_forecast,2208,2026-08-08 11:00:00+00:00,290.7618408203125,286.845,131.8365,2026-05-07 18:00:00+00:00,2026-08-07 17:00:00+00:00,online
2026-08-07,2026-08-10 11:40:42+00:00,DE,wind_offshore,tabpfn_online,TabPFN with covariates,weather_4p+tso_forecast,2208,2026-08-08 12:00:00+00:00,302.0982666015625,286.7475,143.59075,2026-05-07 18:00:00+00:00,2026-08-07 17:00:00+00:00,online
2026-08-07,2026-08-10 11:40:42+00:00,DE,wind_offshore,tabpfn_online,TabPFN with covariates,weather_4p+tso_forecast,2208,2026-08-08 13:00:00+00:00,288.6050720214844,285.475,157.58775,2026-05-07 18:00:00+00:00,2026-08-07 17:00:00+00:00,online
2026-08-07,2026-08-10 11:40:42+00:00,DE,wind_offshore,tabpfn_online,TabPFN with covariates,weather_4p+tso_forecast,2208,2026-08-08 14:00:00+00:00,269.9844055175781,269.8375,186.35525,2026-05-07 18:00:00+00:00,2026-08-07 17:00:00+00:00,online
2026-08-07,2026-08-10 11:40:42+00:00,DE,wind_offshore,tabpfn_online,TabPFN with covariates,weather_4p+tso_forecast,2208,2026-08-08 15:00:00+00:00,280.41961669921875,350.195,189.49325,2026-05-07 18:00:00+00:00,2026-08-07 17:00:00+00:00,online
2026-08-07,2026-08-10 11:40:42+00:00,DE,wind_offshore,tabpfn_online,TabPFN with covariates,weather_4p+tso_forecast,2208,2026-08-08 16:00:00+00:00,222.26890563964844,302.22749999999996,107.28225,2026-05-07 18:00:00+00:00,2026-08-07 17:00:00+00:00,online
2026-08-07,2026-08-10 11:40:42+00:00,DE,wind_offshore,tabpfn_online,TabPFN with covariates,weather_4p+tso_forecast,2208,2026-08-08 17:00:00+00:00,222.63211059570312,268.3675,80.6,2026-05-07 18:00:00+00:00,2026-08-07 17:00:00+00:00,online
2026-08-07,2026-09-18T19:00:14+00:00,BE,load,timesfm3_online,TimesFM3 with covariates,Solar+tso_forecast,2208,2026-08-07 16:00:00+00:00,8593.3603515625,9114.05,8678.035,2026-05-07 16:00:00+00:00,2026-08-07 15:00:00+00:00,online
2026-08-07,2026-09-18T19:00:14+00:00,BE,load,timesfm3_online,TimesFM3 with covariates,Solar+tso_forecast,2208,2026-08-07 17:00:00+00:00,8414.66015625,9000.4875,8478.7725,2026-05-07 16:00:00+00:00,2026-08-07 15:00:00+00:00,online
2026-08-07,2026-09-18T19:00:14+00:00,BE,load,timesfm3_online,TimesFM3 with covariates,Solar+tso_forecast,2208,2026-08-07 18:00:00+00:00,8205.0830078125,8776.0425,8215.785,2026-05-07 16:00:00+00:00,2026-08-07 15:00:00+00:00,online
2026-08-07,2026-09-18T19:00:14+00:00,BE,load,timesfm3_online,TimesFM3 with covariates,Solar+tso_forecast,2208,2026-08-07 19:00:00+00:00,8048.75244140625,8634.807499999999,8073.8675,2026-05-07 16:00:00+00:00,2026-08-07 15:00:00+00:00,online
2026-08-07,2026-09-18T19:00:14+00:00,BE,load,timesfm3_online,TimesFM3 with covariates,Solar+tso_forecast,2208,2026-08-07 20:00:00+00:00,7917.42724609375,8592.744999999999,8085.7225,2026-05-07 16:00:00+00:00,2026-08-07 15:00:00+00:00,online
2026-08-07,2026-09-18T19:00:14+00:00,BE,load,timesfm3_online,TimesFM3 with covariates,Solar+tso_forecast,2208,2026-08-07 21:00:00+00:00,7650.0927734375,8247.067500000001,7731.67,2026-05-07 16:00:00+00:00,2026-08-07 15:00:00+00:00,online
2026-08-07,2026-09-18T19:00:14+00:00,BE,load,timesfm3_online,TimesFM3 with covariates,Solar+tso_forecast,2208,2026-08-07 22:00:00+00:00,7123.4189453125,7202.8025,7393.6425,2026-05-07 16:00:00+00:00,2026-08-07 15:00:00+00:00,online
2026-08-07,2026-09-18T19:00:14+00:00,BE,load,timesfm3_online,TimesFM3 with covariates,Solar+tso_forecast,2208,2026-08-07 23:00:00+00:00,6870.240234375,6888.37,7228.5175,2026-05-07 16:00:00+00:00,2026-08-07 15:00:00+00:00,online
2026-08-07,2026-09-18T19:00:14+00:00,BE,load,timesfm3_online,TimesFM3 with covariates,Solar+tso_forecast,2208,2026-08-08 00:00:00+00:00,6804.74169921875,7099.3275,6989.47,2026-05-07 16:00:00+00:00,2026-08-07 15:00:00+00:00,online
2026-08-07,2026-09-18T19:00:14+00:00,BE,load,timesfm3_online,TimesFM3 with covariates,Solar+tso_forecast,2208,2026-08-08 01:00:00+00:00,6714.02685546875,7018.3625,6859.145,2026-05-07 16:00:00+00:00,2026-08-07 15:00:00+00:00,online
2026-08-07,2026-09-18T19:00:14+00:00,BE,load,timesfm3_online,TimesFM3 with covariates,Solar+tso_forecast,2208,2026-08-08 02:00:00+00:00,6653.31005859375,6941.035,6737.6925,2026-05-07 16:00:00+00:00,2026-08-07 15:00:00+00:00,online
2026-08-07,2026-09-18T19:00:14+00:00,BE,load,timesfm3_online,TimesFM3 with covariates,Solar+tso_forecast,2208,2026-08-08 03:00:00+00:00,6631.099609375,6786.139999999999,6728.0425,2026-05-07 16:00:00+00:00,2026-08-07 15:00:00+00:00,online
2026-08-07,2026-09-18T19:00:14+00:00,BE,load,timesfm3_online,TimesFM3 with covariates,Solar+tso_forecast,2208,2026-08-08 04:00:00+00:00,6734.6337890625,6914.0825,6714.82,2026-05-07 16:00:00+00:00,2026-08-07 15:00:00+00:00,online
2026-08-07,2026-09-18T19:00:14+00:00,BE,load,timesfm3_online,TimesFM3 with covariates,Solar+tso_forecast,2208,2026-08-08 05:00:00+00:00,7005.9638671875,7319.815,7008.1900000000005,2026-05-07 16:00:00+00:00,2026-08-07 15:00:00+00:00,online
2026-08-07,2026-09-18T19:00:14+00:00,BE,load,timesfm3_online,TimesFM3 with covariates,Solar+tso_forecast,2208,2026-08-08 06:00:00+00:00,7356.5537109375,7647.7,7393.389999999999,2026-05-07 16:00:00+00:00,2026-08-07 15:00:00+00:00,online
2026-08-07,2026-09-18T19:00:14+00:00,BE,load,timesfm3_online,TimesFM3 with covariates,Solar+tso_forecast,2208,2026-08-08 07:00:00+00:00,7798.0576171875,8063.0525,7952.0075,2026-05-07 16:00:00+00:00,2026-08-07 15:00:00+00:00,online
2026-08-07,2026-09-18T19:00:14+00:00,BE,load,timesfm3_online,TimesFM3 with covariates,Solar+tso_forecast,2208,2026-08-08 08:00:00+00:00,8222.349609375,8436.0,8409.967499999999,2026-05-07 16:00:00+00:00,2026-08-07 15:00:00+00:00,online
2026-08-07,2026-09-18T19:00:14+00:00,BE,load,timesfm3_online,TimesFM3 with covariates,Solar+tso_forecast,2208,2026-08-08 09:00:00+00:00,8623.4794921875,8753.54,9066.64,2026-05-07 16:00:00+00:00,2026-08-07 15:00:00+00:00,online
2026-08-07,2026-09-18T19:00:14+00:00,BE,load,timesfm3_online,TimesFM3 with covariates,Solar+tso_forecast,2208,2026-08-08 10:00:00+00:00,8885.84375,8992.8975,9418.255000000001,2026-05-07 16:00:00+00:00,2026-08-07 15:00:00+00:00,online
2026-08-07,2026-09-18T19:00:14+00:00,BE,load,timesfm3_online,TimesFM3 with covariates,Solar+tso_forecast,2208,2026-08-08 11:00:00+00:00,8900.404296875,8881.285,9520.21,2026-05-07 16:00:00+00:00,2026-08-07 15:00:00+00:00,online
2026-08-07,2026-09-18T19:00:14+00:00,BE,load,timesfm3_online,TimesFM3 with covariates,Solar+tso_forecast,2208,2026-08-08 12:00:00+00:00,8694.001953125,8527.7925,9356.1175,2026-05-07 16:00:00+00:00,2026-08-07 15:00:00+00:00,online
2026-08-07,2026-09-18T19:00:14+00:00,BE,load,timesfm3_online,TimesFM3 with covariates,Solar+tso_forecast,2208,2026-08-08 13:00:00+00:00,8494.232421875,8326.475,9018.7075,2026-05-07 16:00:00+00:00,2026-08-07 15:00:00+00:00,online
2026-08-07,2026-09-18T19:00:14+00:00,BE,load,timesfm3_online,TimesFM3 with covariates,Solar+tso_forecast,2208,2026-08-08 14:00:00+00:00,8155.625,8086.5925,8387.52,2026-05-07 16:00:00+00:00,2026-08-07 15:00:00+00:00,online
2026-08-07,2026-09-18T19:00:14+00:00,BE,load,timesfm3_online,TimesFM3 with covariates,Solar+tso_forecast,2208,2026-08-08 15:00:00+00:00,7945.275390625,8122.74,8111.5825,2026-05-07 16:00:00+00:00,2026-08-07 15:00:00+00:00,online
2026-08-07,2026-09-18T19:00:14+00:00,BE,solar,timesfm3_online,TimesFM3 with covariates,weather_4p+tso_forecast,2208,2026-08-07 16:00:00+00:00,2817.228271484375,2546.053002,2714.19125,2026-05-07 16:00:00+00:00,2026-08-07 15:00:00+00:00,online
2026-08-07,2026-09-18T19:00:14+00:00,BE,solar,timesfm3_online,TimesFM3 with covariates,weather_4p+tso_forecast,2208,2026-08-07 17:00:00+00:00,1392.244384765625,1281.238251,1442.123,2026-05-07 16:00:00+00:00,2026-08-07 15:00:00+00:00,online
2026-08-07,2026-09-18T19:00:14+00:00,BE,solar,timesfm3_online,TimesFM3 with covariates,weather_4p+tso_forecast,2208,2026-08-07 18:00:00+00:00,382.3948974609375,342.136249,416.29425,2026-05-07 16:00:00+00:00,2026-08-07 15:00:00+00:00,online
2026-08-07,2026-09-18T19:00:14+00:00,BE,solar,timesfm3_online,TimesFM3 with covariates,weather_4p+tso_forecast,2208,2026-08-07 19:00:00+00:00,0.0,12.64875,5.6105,2026-05-07 16:00:00+00:00,2026-08-07 15:00:00+00:00,online
2026-08-07,2026-09-18T19:00:14+00:00,BE,solar,timesfm3_online,TimesFM3 with covariates,weather_4p+tso_forecast,2208,2026-08-07 20:00:00+00:00,0.0,0.0,0.0,2026-05-07 16:00:00+00:00,2026-08-07 15:00:00+00:00,online
2026-08-07,2026-09-18T19:00:14+00:00,BE,solar,timesfm3_online,TimesFM3 with covariates,weather_4p+tso_forecast,2208,2026-08-07 21:00:00+00:00,0.0,0.0,0.0,2026-05-07 16:00:00+00:00,2026-08-07 15:00:00+00:00,online
2026-08-07,2026-09-18T19:00:14+00:00,BE,solar,timesfm3_online,TimesFM3 with covariates,weather_4p+tso_forecast,2208,2026-08-07 22:00:00+00:00,0.0,0.0,0.0,2026-05-07 16:00:00+00:00,2026-08-07 15:00:00+00:00,online
2026-08-07,2026-09-18T19:00:14+00:00,BE,solar,timesfm3_online,TimesFM3 with covariates,weather_4p+tso_forecast,2208,2026-08-07 23:00:00+00:00,9.504150390625,0.0,0.0,2026-05-07 16:00:00+00:00,2026-08-07 15:00:00+00:00,online
2026-08-07,2026-09-18T19:00:14+00:00,BE,solar,timesfm3_online,TimesFM3 with covariates,weather_4p+tso_forecast,2208,2026-08-08 00:00:00+00:00,0.0,0.0,0.0,2026-05-07 16:00:00+00:00,2026-08-07 15:00:00+00:00,online
2026-08-07,2026-09-18T19:00:14+00:00,BE,solar,timesfm3_online,TimesFM3 with covariates,weather_4p+tso_forecast,2208,2026-08-08 01:00:00+00:00,0.0,0.0,0.0,2026-05-07 16:00:00+00:00,2026-08-07 15:00:00+00:00,online
2026-08-07,2026-09-18T19:00:14+00:00,BE,solar,timesfm3_online,TimesFM3 with covariates,weather_4p+tso_forecast,2208,2026-08-08 02:00:00+00:00,0.0,0.0,0.0,2026-05-07 16:00:00+00:00,2026-08-07 15:00:00+00:00,online
2026-08-07,2026-09-18T19:00:14+00:00,BE,solar,timesfm3_online,TimesFM3 with covariates,weather_4p+tso_forecast,2208,2026-08-08 03:00:00+00:00,0.0,0.0,0.0,2026-05-07 16:00:00+00:00,2026-08-07 15:00:00+00:00,online
2026-08-07,2026-09-18T19:00:14+00:00,BE,solar,timesfm3_online,TimesFM3 with covariates,weather_4p+tso_forecast,2208,2026-08-08 04:00:00+00:00,67.40087890625,73.596,68.78925,2026-05-07 16:00:00+00:00,2026-08-07 15:00:00+00:00,online
2026-08-07,2026-09-18T19:00:14+00:00,BE,solar,timesfm3_online,TimesFM3 with covariates,weather_4p+tso_forecast,2208,2026-08-08 05:00:00+00:00,756.4239501953125,520.167499,809.275,2026-05-07 16:00:00+00:00,2026-08-07 15:00:00+00:00,online
2026-08-07,2026-09-18T19:00:14+00:00,BE,solar,timesfm3_online,TimesFM3 with covariates,weather_4p+tso_forecast,2208,2026-08-08 06:00:00+00:00,2098.34716796875,1836.096001,2123.9765,2026-05-07 16:00:00+00:00,2026-08-07 15:00:00+00:00,online
2026-08-07,2026-09-18T19:00:14+00:00,BE,solar,timesfm3_online,TimesFM3 with covariates,weather_4p+tso_forecast,2208,2026-08-08 07:00:00+00:00,3813.1552734375,3589.63025,3709.31525,2026-05-07 16:00:00+00:00,2026-08-07 15:00:00+00:00,online
2026-08-07,2026-09-18T19:00:14+00:00,BE,solar,timesfm3_online,TimesFM3 with covariates,weather_4p+tso_forecast,2208,2026-08-08 08:00:00+00:00,5596.1953125,5582.128254,5368.13925,2026-05-07 16:00:00+00:00,2026-08-07 15:00:00+00:00,online
2026-08-07,2026-09-18T19:00:14+00:00,BE,solar,timesfm3_online,TimesFM3 with covariates,weather_4p+tso_forecast,2208,2026-08-08 09:00:00+00:00,6829.916015625,6938.01925,6759.233,2026-05-07 16:00:00+00:00,2026-08-07 15:00:00+00:00,online
2026-08-07,2026-09-18T19:00:14+00:00,BE,solar,timesfm3_online,TimesFM3 with covariates,weather_4p+tso_forecast,2208,2026-08-08 10:00:00+00:00,7448.150390625,7717.514004,7697.6785,2026-05-07 16:00:00+00:00,2026-08-07 15:00:00+00:00,online
2026-08-07,2026-09-18T19:00:14+00:00,BE,solar,timesfm3_online,TimesFM3 with covariates,weather_4p+tso_forecast,2208,2026-08-08 11:00:00+00:00,7618.5556640625,7991.443256,8077.98275,2026-05-07 16:00:00+00:00,2026-08-07 15:00:00+00:00,online
2026-08-07,2026-09-18T19:00:14+00:00,BE,solar,timesfm3_online,TimesFM3 with covariates,weather_4p+tso_forecast,2208,2026-08-08 12:00:00+00:00,7479.4462890625,7836.874992,8002.775,2026-05-07 16:00:00+00:00,2026-08-07 15:00:00+00:00,online
2026-08-07,2026-09-18T19:00:14+00:00,BE,solar,timesfm3_online,TimesFM3 with covariates,weather_4p+tso_forecast,2208,2026-08-08 13:00:00+00:00,6975.0302734375,7246.461254,7321.317,2026-05-07 16:00:00+00:00,2026-08-07 15:00:00+00:00,online
2026-08-07,2026-09-18T19:00:14+00:00,BE,solar,timesfm3_online,TimesFM3 with covariates,weather_4p+tso_forecast,2208,2026-08-08 14:00:00+00:00,5825.16552734375,6156.706506,6000.4735,2026-05-07 16:00:00+00:00,2026-08-07 15:00:00+00:00,online
2026-08-07,2026-09-18T19:00:14+00:00,BE,solar,timesfm3_online,TimesFM3 with covariates,weather_4p+tso_forecast,2208,2026-08-08 15:00:00+00:00,4086.48974609375,4562.17075,4442.8205,2026-05-07 16:00:00+00:00,2026-08-07 15:00:00+00:00,online
2026-08-07,2026-09-18T19:00:14+00:00,BE,wind_onshore,timesfm3_online,TimesFM3 with covariates,weather_4p+tso_forecast,2208,2026-08-07 16:00:00+00:00,110.4097900390625,99.0,124.985036,2026-05-07 16:00:00+00:00,2026-08-07 15:00:00+00:00,online
2026-08-07,2026-09-18T19:00:14+00:00,BE,wind_onshore,timesfm3_online,TimesFM3 with covariates,weather_4p+tso_forecast,2208,2026-08-07 17:00:00+00:00,144.89614868164062,144.375,156.78356,2026-05-07 16:00:00+00:00,2026-08-07 15:00:00+00:00,online
2026-08-07,2026-09-18T19:00:14+00:00,BE,wind_onshore,timesfm3_online,TimesFM3 with covariates,weather_4p+tso_forecast,2208,2026-08-07 18:00:00+00:00,203.07534790039065,208.45,194.777992,2026-05-07 16:00:00+00:00,2026-08-07 15:00:00+00:00,online
2026-08-07,2026-09-18T19:00:14+00:00,BE,wind_onshore,timesfm3_online,TimesFM3 with covariates,weather_4p+tso_forecast,2208,2026-08-07 19:00:00+00:00,298.8021545410156,294.35,285.299,2026-05-07 16:00:00+00:00,2026-08-07 15:00:00+00:00,online
2026-08-07,2026-09-18T19:00:14+00:00,BE,wind_onshore,timesfm3_online,TimesFM3 with covariates,weather_4p+tso_forecast,2208,2026-08-07 20:00:00+00:00,397.759521484375,355.625,427.383627,2026-05-07 16:00:00+00:00,2026-08-07 15:00:00+00:00,online
2026-08-07,2026-09-18T19:00:14+00:00,BE,wind_onshore,timesfm3_online,TimesFM3 with covariates,weather_4p+tso_forecast,2208,2026-08-07 21:00:00+00:00,456.7938232421875,381.575,480.214243,2026-05-07 16:00:00+00:00,2026-08-07 15:00:00+00:00,online
2026-08-07,2026-09-18T19:00:14+00:00,BE,wind_onshore,timesfm3_online,TimesFM3 with covariates,weather_4p+tso_forecast,2208,2026-08-07 22:00:00+00:00,527.4400634765625,404.55,559.631657,2026-05-07 16:00:00+00:00,2026-08-07 15:00:00+00:00,online
2026-08-07,2026-09-18T19:00:14+00:00,BE,wind_onshore,timesfm3_online,TimesFM3 with covariates,weather_4p+tso_forecast,2208,2026-08-07 23:00:00+00:00,589.4002075195312,416.975,651.984316,2026-05-07 16:00:00+00:00,2026-08-07 15:00:00+00:00,online
2026-08-07,2026-09-18T19:00:14+00:00,BE,wind_onshore,timesfm3_online,TimesFM3 with covariates,weather_4p+tso_forecast,2208,2026-08-08 00:00:00+00:00,614.7685546875,418.9,698.46841,2026-05-07 16:00:00+00:00,2026-08-07 15:00:00+00:00,online
2026-08-07,2026-09-18T19:00:14+00:00,BE,wind_onshore,timesfm3_online,TimesFM3 with covariates,weather_4p+tso_forecast,2208,2026-08-08 01:00:00+00:00,614.6033935546875,416.275,680.936292,2026-05-07 16:00:00+00:00,2026-08-07 15:00:00+00:00,online
2026-08-07,2026-09-18T19:00:14+00:00,BE,wind_onshore,timesfm3_online,TimesFM3 with covariates,weather_4p+tso_forecast,2208,2026-08-08 02:00:00+00:00,592.5267944335938,407.125,565.692618,2026-05-07 16:00:00+00:00,2026-08-07 15:00:00+00:00,online
2026-08-07,2026-09-18T19:00:14+00:00,BE,wind_onshore,timesfm3_online,TimesFM3 with covariates,weather_4p+tso_forecast,2208,2026-08-08 03:00:00+00:00,575.8721923828125,389.85,438.102561,2026-05-07 16:00:00+00:00,2026-08-07 15:00:00+00:00,online
2026-08-07,2026-09-18T19:00:14+00:00,BE,wind_onshore,timesfm3_online,TimesFM3 with covariates,weather_4p+tso_forecast,2208,2026-08-08 04:00:00+00:00,523.9923706054688,350.95,358.41544,2026-05-07 16:00:00+00:00,2026-08-07 15:00:00+00:00,online
2026-08-07,2026-09-18T19:00:14+00:00,BE,wind_onshore,timesfm3_online,TimesFM3 with covariates,weather_4p+tso_forecast,2208,2026-08-08 05:00:00+00:00,431.4440002441406,302.025,269.501798,2026-05-07 16:00:00+00:00,2026-08-07 15:00:00+00:00,online
2026-08-07,2026-09-18T19:00:14+00:00,BE,wind_onshore,timesfm3_online,TimesFM3 with covariates,weather_4p+tso_forecast,2208,2026-08-08 06:00:00+00:00,288.51837158203125,206.175,164.267446,2026-05-07 16:00:00+00:00,2026-08-07 15:00:00+00:00,online
2026-08-07,2026-09-18T19:00:14+00:00,BE,wind_onshore,timesfm3_online,TimesFM3 with covariates,weather_4p+tso_forecast,2208,2026-08-08 07:00:00+00:00,154.42965698242188,93.65,53.638221,2026-05-07 16:00:00+00:00,2026-08-07 15:00:00+00:00,online
2026-08-07,2026-09-18T19:00:14+00:00,BE,wind_onshore,timesfm3_online,TimesFM3 with covariates,weather_4p+tso_forecast,2208,2026-08-08 08:00:00+00:00,112.17999267578124,79.05,115.653043,2026-05-07 16:00:00+00:00,2026-08-07 15:00:00+00:00,online
2026-08-07,2026-09-18T19:00:14+00:00,BE,wind_onshore,timesfm3_online,TimesFM3 with covariates,weather_4p+tso_forecast,2208,2026-08-08 09:00:00+00:00,120.11151123046876,116.2,142.420286,2026-05-07 16:00:00+00:00,2026-08-07 15:00:00+00:00,online
2026-08-07,2026-09-18T19:00:14+00:00,BE,wind_onshore,timesfm3_online,TimesFM3 with covariates,weather_4p+tso_forecast,2208,2026-08-08 10:00:00+00:00,120.774658203125,109.1,84.7865,2026-05-07 16:00:00+00:00,2026-08-07 15:00:00+00:00,online
2026-08-07,2026-09-18T19:00:14+00:00,BE,wind_onshore,timesfm3_online,TimesFM3 with covariates,weather_4p+tso_forecast,2208,2026-08-08 11:00:00+00:00,103.86111450195312,75.05,63.411695,2026-05-07 16:00:00+00:00,2026-08-07 15:00:00+00:00,online
2026-08-07,2026-09-18T19:00:14+00:00,BE,wind_onshore,timesfm3_online,TimesFM3 with covariates,weather_4p+tso_forecast,2208,2026-08-08 12:00:00+00:00,84.65554809570312,46.65,50.147264,2026-05-07 16:00:00+00:00,2026-08-07 15:00:00+00:00,online
2026-08-07,2026-09-18T19:00:14+00:00,BE,wind_onshore,timesfm3_online,TimesFM3 with covariates,weather_4p+tso_forecast,2208,2026-08-08 13:00:00+00:00,66.37771606445312,32.475,58.81715,2026-05-07 16:00:00+00:00,2026-08-07 15:00:00+00:00,online
2026-08-07,2026-09-18T19:00:14+00:00,BE,wind_onshore,timesfm3_online,TimesFM3 with covariates,weather_4p+tso_forecast,2208,2026-08-08 14:00:00+00:00,70.50448608398438,30.375,73.439504,2026-05-07 16:00:00+00:00,2026-08-07 15:00:00+00:00,online
2026-08-07,2026-09-18T19:00:14+00:00,BE,wind_onshore,timesfm3_online,TimesFM3 with covariates,weather_4p+tso_forecast,2208,2026-08-08 15:00:00+00:00,103.81478881835938,36.425,78.785616,2026-05-07 16:00:00+00:00,2026-08-07 15:00:00+00:00,online
2026-08-07,2026-09-18T19:00:14+00:00,BE,wind_offshore,timesfm3_online,TimesFM3 with covariates,weather_4p+tso_forecast,2208,2026-08-07 16:00:00+00:00,34.27081298828125,27.525,32.105,2026-05-07 16:00:00+00:00,2026-08-07 15:00:00+00:00,online
2026-08-07,2026-09-18T19:00:14+00:00,BE,wind_offshore,timesfm3_online,TimesFM3 with covariates,weather_4p+tso_forecast,2208,2026-08-07 17:00:00+00:00,32.6871337890625,30.1,30.52,2026-05-07 16:00:00+00:00,2026-08-07 15:00:00+00:00,online
2026-08-07,2026-09-18T19:00:14+00:00,BE,wind_offshore,timesfm3_online,TimesFM3 with covariates,weather_4p+tso_forecast,2208,2026-08-07 18:00:00+00:00,36.43341064453125,32.25,11.2425,2026-05-07 16:00:00+00:00,2026-08-07 15:00:00+00:00,online
2026-08-07,2026-09-18T19:00:14+00:00,BE,wind_offshore,timesfm3_online,TimesFM3 with covariates,weather_4p+tso_forecast,2208,2026-08-07 19:00:00+00:00,32.0328369140625,33.45,7.02,2026-05-07 16:00:00+00:00,2026-08-07 15:00:00+00:00,online
2026-08-07,2026-09-18T19:00:14+00:00,BE,wind_offshore,timesfm3_online,TimesFM3 with covariates,weather_4p+tso_forecast,2208,2026-08-07 20:00:00+00:00,32.419677734375,33.85,25.1725,2026-05-07 16:00:00+00:00,2026-08-07 15:00:00+00:00,online
2026-08-07,2026-09-18T19:00:14+00:00,BE,wind_offshore,timesfm3_online,TimesFM3 with covariates,weather_4p+tso_forecast,2208,2026-08-07 21:00:00+00:00,35.1531982421875,35.45,17.405,2026-05-07 16:00:00+00:00,2026-08-07 15:00:00+00:00,online
2026-08-07,2026-09-18T19:00:14+00:00,BE,wind_offshore,timesfm3_online,TimesFM3 with covariates,weather_4p+tso_forecast,2208,2026-08-07 22:00:00+00:00,39.823974609375,30.825,10.275,2026-05-07 16:00:00+00:00,2026-08-07 15:00:00+00:00,online
2026-08-07,2026-09-18T19:00:14+00:00,BE,wind_offshore,timesfm3_online,TimesFM3 with covariates,weather_4p+tso_forecast,2208,2026-08-07 23:00:00+00:00,42.49163818359375,41.85,80.1975,2026-05-07 16:00:00+00:00,2026-08-07 15:00:00+00:00,online
2026-08-07,2026-09-18T19:00:14+00:00,BE,wind_offshore,timesfm3_online,TimesFM3 with covariates,weather_4p+tso_forecast,2208,2026-08-08 00:00:00+00:00,52.73236083984375,57.825,181.2775,2026-05-07 16:00:00+00:00,2026-08-07 15:00:00+00:00,online
2026-08-07,2026-09-18T19:00:14+00:00,BE,wind_offshore,timesfm3_online,TimesFM3 with covariates,weather_4p+tso_forecast,2208,2026-08-08 01:00:00+00:00,58.1575927734375,74.175,183.985,2026-05-07 16:00:00+00:00,2026-08-07 15:00:00+00:00,online
2026-08-07,2026-09-18T19:00:14+00:00,BE,wind_offshore,timesfm3_online,TimesFM3 with covariates,weather_4p+tso_forecast,2208,2026-08-08 02:00:00+00:00,71.64019775390625,83.75,149.84,2026-05-07 16:00:00+00:00,2026-08-07 15:00:00+00:00,online
2026-08-07,2026-09-18T19:00:14+00:00,BE,wind_offshore,timesfm3_online,TimesFM3 with covariates,weather_4p+tso_forecast,2208,2026-08-08 03:00:00+00:00,83.77218627929688,85.125,136.305,2026-05-07 16:00:00+00:00,2026-08-07 15:00:00+00:00,online
2026-08-07,2026-09-18T19:00:14+00:00,BE,wind_offshore,timesfm3_online,TimesFM3 with covariates,weather_4p+tso_forecast,2208,2026-08-08 04:00:00+00:00,100.99993896484376,80.95,115.015,2026-05-07 16:00:00+00:00,2026-08-07 15:00:00+00:00,online
2026-08-07,2026-09-18T19:00:14+00:00,BE,wind_offshore,timesfm3_online,TimesFM3 with covariates,weather_4p+tso_forecast,2208,2026-08-08 05:00:00+00:00,102.67626953125,73.575,94.4725,2026-05-07 16:00:00+00:00,2026-08-07 15:00:00+00:00,online
2026-08-07,2026-09-18T19:00:14+00:00,BE,wind_offshore,timesfm3_online,TimesFM3 with covariates,weather_4p+tso_forecast,2208,2026-08-08 06:00:00+00:00,87.90072631835938,63.5,55.9575,2026-05-07 16:00:00+00:00,2026-08-07 15:00:00+00:00,online
2026-08-07,2026-09-18T19:00:14+00:00,BE,wind_offshore,timesfm3_online,TimesFM3 with covariates,weather_4p+tso_forecast,2208,2026-08-08 07:00:00+00:00,71.3878173828125,51.25,42.6675,2026-05-07 16:00:00+00:00,2026-08-07 15:00:00+00:00,online
2026-08-07,2026-09-18T19:00:14+00:00,BE,wind_offshore,timesfm3_online,TimesFM3 with covariates,weather_4p+tso_forecast,2208,2026-08-08 08:00:00+00:00,59.0968017578125,38.65,10.775,2026-05-07 16:00:00+00:00,2026-08-07 15:00:00+00:00,online
2026-08-07,2026-09-18T19:00:14+00:00,BE,wind_offshore,timesfm3_online,TimesFM3 with covariates,weather_4p+tso_forecast,2208,2026-08-08 09:00:00+00:00,45.77105712890625,27.125,26.4775,2026-05-07 16:00:00+00:00,2026-08-07 15:00:00+00:00,online
2026-08-07,2026-09-18T19:00:14+00:00,BE,wind_offshore,timesfm3_online,TimesFM3 with covariates,weather_4p+tso_forecast,2208,2026-08-08 10:00:00+00:00,37.15264892578125,20.55,27.4,2026-05-07 16:00:00+00:00,2026-08-07 15:00:00+00:00,online
2026-08-07,2026-09-18T19:00:14+00:00,BE,wind_offshore,timesfm3_online,TimesFM3 with covariates,weather_4p+tso_forecast,2208,2026-08-08 11:00:00+00:00,37.23583984375,20.25,26.1825,2026-05-07 16:00:00+00:00,2026-08-07 15:00:00+00:00,online
2026-08-07,2026-09-18T19:00:14+00:00,BE,wind_offshore,timesfm3_online,TimesFM3 with covariates,weather_4p+tso_forecast,2208,2026-08-08 12:00:00+00:00,33.7628173828125,27.325,17.6125,2026-05-07 16:00:00+00:00,2026-08-07 15:00:00+00:00,online
2026-08-07,2026-09-18T19:00:14+00:00,BE,wind_offshore,timesfm3_online,TimesFM3 with covariates,weather_4p+tso_forecast,2208,2026-08-08 13:00:00+00:00,36.856689453125,40.3,69.965,2026-05-07 16:00:00+00:00,2026-08-07 15:00:00+00:00,online
2026-08-07,2026-09-18T19:00:14+00:00,BE,wind_offshore,timesfm3_online,TimesFM3 with covariates,weather_4p+tso_forecast,2208,2026-08-08 14:00:00+00:00,49.9447021484375,57.65,97.83,2026-05-07 16:00:00+00:00,2026-08-07 15:00:00+00:00,online
2026-08-07,2026-09-18T19:00:14+00:00,BE,wind_offshore,timesfm3_online,TimesFM3 with covariates,weather_4p+tso_forecast,2208,2026-08-08 15:00:00+00:00,66.10955810546875,75.975,133.13,2026-05-07 16:00:00+00:00,2026-08-07 15:00:00+00:00,online
2026-08-07,2026-09-18T19:00:14+00:00,FR,load,timesfm3_online,TimesFM3 with covariates,Temp+tso_forecast,2208,2026-08-07 16:00:00+00:00,46772.9140625,46550.0,46780.1125,2026-05-07 16:00:00+00:00,2026-08-07 15:00:00+00:00,online
2026-08-07,2026-09-18T19:00:14+00:00,FR,load,timesfm3_online,TimesFM3 with covariates,Temp+tso_forecast,2208,2026-08-07 17:00:00+00:00,47014.6015625,47400.0,47018.95,2026-05-07 16:00:00+00:00,2026-08-07 15:00:00+00:00,online
2026-08-07,2026-09-18T19:00:14+00:00,FR,load,timesfm3_online,TimesFM3 with covariates,Temp+tso_forecast,2208,2026-08-07 18:00:00+00:00,45459.6328125,45650.0,45262.09,2026-05-07 16:00:00+00:00,2026-08-07 15:00:00+00:00,online
2026-08-07,2026-09-18T19:00:14+00:00,FR,load,timesfm3_online,TimesFM3 with covariates,Temp+tso_forecast,2208,2026-08-07 19:00:00+00:00,44157.56640625,44337.5,44082.63,2026-05-07 16:00:00+00:00,2026-08-07 15:00:00+00:00,online
2026-08-07,2026-09-18T19:00:14+00:00,FR,load,timesfm3_online,TimesFM3 with covariates,Temp+tso_forecast,2208,2026-08-07 20:00:00+00:00,44759.74609375,44775.0,44626.93,2026-05-07 16:00:00+00:00,2026-08-07 15:00:00+00:00,online
2026-08-07,2026-09-18T19:00:14+00:00,FR,load,timesfm3_online,TimesFM3 with covariates,Temp+tso_forecast,2208,2026-08-07 21:00:00+00:00,43966.1328125,44925.0,43193.090000000004,2026-05-07 16:00:00+00:00,2026-08-07 15:00:00+00:00,online
2026-08-07,2026-09-18T19:00:14+00:00,FR,load,timesfm3_online,TimesFM3 with covariates,Temp+tso_forecast,2208,2026-08-07 22:00:00+00:00,41126.93359375,41587.5,40438.567500000005,2026-05-07 16:00:00+00:00,2026-08-07 15:00:00+00:00,online
2026-08-07,2026-09-18T19:00:14+00:00,FR,load,timesfm3_online,TimesFM3 with covariates,Temp+tso_forecast,2208,2026-08-07 23:00:00+00:00,39074.125,39700.0,38311.8825,2026-05-07 16:00:00+00:00,2026-08-07 15:00:00+00:00,online
2026-08-07,2026-09-18T19:00:14+00:00,FR,load,timesfm3_online,TimesFM3 with covariates,Temp+tso_forecast,2208,2026-08-08 00:00:00+00:00,36723.9375,37137.5,35872.4,2026-05-07 16:00:00+00:00,2026-08-07 15:00:00+00:00,online
2026-08-07,2026-09-18T19:00:14+00:00,FR,load,timesfm3_online,TimesFM3 with covariates,Temp+tso_forecast,2208,2026-08-08 01:00:00+00:00,34684.4375,34787.5,34000.947499999995,2026-05-07 16:00:00+00:00,2026-08-07 15:00:00+00:00,online
2026-08-07,2026-09-18T19:00:14+00:00,FR,load,timesfm3_online,TimesFM3 with covariates,Temp+tso_forecast,2208,2026-08-08 02:00:00+00:00,33844.08984375,33862.5,33282.87,2026-05-07 16:00:00+00:00,2026-08-07 15:00:00+00:00,online
2026-08-07,2026-09-18T19:00:14+00:00,FR,load,timesfm3_online,TimesFM3 with covariates,Temp+tso_forecast,2208,2026-08-08 03:00:00+00:00,33806.7421875,33737.5,33308.02250000001,2026-05-07 16:00:00+00:00,2026-08-07 15:00:00+00:00,online
2026-08-07,2026-09-18T19:00:14+00:00,FR,load,timesfm3_online,TimesFM3 with covariates,Temp+tso_forecast,2208,2026-08-08 04:00:00+00:00,34143.02734375,34012.5,33666.020000000004,2026-05-07 16:00:00+00:00,2026-08-07 15:00:00+00:00,online
2026-08-07,2026-09-18T19:00:14+00:00,FR,load,timesfm3_online,TimesFM3 with covariates,Temp+tso_forecast,2208,2026-08-08 05:00:00+00:00,34588.54296875,34487.5,34052.2625,2026-05-07 16:00:00+00:00,2026-08-07 15:00:00+00:00,online
2026-08-07,2026-09-18T19:00:14+00:00,FR,load,timesfm3_online,TimesFM3 with covariates,Temp+tso_forecast,2208,2026-08-08 06:00:00+00:00,36212.16796875,36025.0,35780.97,2026-05-07 16:00:00+00:00,2026-08-07 15:00:00+00:00,online
2026-08-07,2026-09-18T19:00:14+00:00,FR,load,timesfm3_online,TimesFM3 with covariates,Temp+tso_forecast,2208,2026-08-08 07:00:00+00:00,38432.90625,38312.5,37814.1425,2026-05-07 16:00:00+00:00,2026-08-07 15:00:00+00:00,online
2026-08-07,2026-09-18T19:00:14+00:00,FR,load,timesfm3_online,TimesFM3 with covariates,Temp+tso_forecast,2208,2026-08-08 08:00:00+00:00,40399.70703125,40225.0,39665.25,2026-05-07 16:00:00+00:00,2026-08-07 15:00:00+00:00,online
2026-08-07,2026-09-18T19:00:14+00:00,FR,load,timesfm3_online,TimesFM3 with covariates,Temp+tso_forecast,2208,2026-08-08 09:00:00+00:00,42142.65234375,42100.0,41860.48,2026-05-07 16:00:00+00:00,2026-08-07 15:00:00+00:00,online
2026-08-07,2026-09-18T19:00:14+00:00,FR,load,timesfm3_online,TimesFM3 with covariates,Temp+tso_forecast,2208,2026-08-08 10:00:00+00:00,44202.3984375,44212.5,43108.8125,2026-05-07 16:00:00+00:00,2026-08-07 15:00:00+00:00,online
2026-08-07,2026-09-18T19:00:14+00:00,FR,load,timesfm3_online,TimesFM3 with covariates,Temp+tso_forecast,2208,2026-08-08 11:00:00+00:00,44106.109375,44462.5,42555.912500000006,2026-05-07 16:00:00+00:00,2026-08-07 15:00:00+00:00,online
2026-08-07,2026-09-18T19:00:14+00:00,FR,load,timesfm3_online,TimesFM3 with covariates,Temp+tso_forecast,2208,2026-08-08 12:00:00+00:00,44524.15625,44887.5,43420.7025,2026-05-07 16:00:00+00:00,2026-08-07 15:00:00+00:00,online
2026-08-07,2026-09-18T19:00:14+00:00,FR,load,timesfm3_online,TimesFM3 with covariates,Temp+tso_forecast,2208,2026-08-08 13:00:00+00:00,44011.89453125,44362.5,44125.8725,2026-05-07 16:00:00+00:00,2026-08-07 15:00:00+00:00,online
2026-08-07,2026-09-18T19:00:14+00:00,FR,load,timesfm3_online,TimesFM3 with covariates,Temp+tso_forecast,2208,2026-08-08 14:00:00+00:00,43492.4609375,43512.5,43507.1275,2026-05-07 16:00:00+00:00,2026-08-07 15:00:00+00:00,online
2026-08-07,2026-09-18T19:00:14+00:00,FR,load,timesfm3_online,TimesFM3 with covariates,Temp+tso_forecast,2208,2026-08-08 15:00:00+00:00,43905.10546875,43975.0,43375.2725,2026-05-07 16:00:00+00:00,2026-08-07 15:00:00+00:00,online
2026-08-07,2026-09-18T19:00:14+00:00,FR,solar,timesfm3_online,TimesFM3 with covariates,weather_4p+tso_forecast,2208,2026-08-07 16:00:00+00:00,10799.13671875,11095.09009,10417.002499999999,2026-05-07 16:00:00+00:00,2026-08-07 15:00:00+00:00,online
2026-08-07,2026-09-18T19:00:14+00:00,FR,solar,timesfm3_online,TimesFM3 with covariates,weather_4p+tso_forecast,2208,2026-08-07 17:00:00+00:00,5410.39501953125,5776.2806375,5040.135,2026-05-07 16:00:00+00:00,2026-08-07 15:00:00+00:00,online
2026-08-07,2026-09-18T19:00:14+00:00,FR,solar,timesfm3_online,TimesFM3 with covariates,weather_4p+tso_forecast,2208,2026-08-07 18:00:00+00:00,1675.21142578125,1746.0387875,1423.8425,2026-05-07 16:00:00+00:00,2026-08-07 15:00:00+00:00,online
2026-08-07,2026-09-18T19:00:14+00:00,FR,solar,timesfm3_online,TimesFM3 with covariates,weather_4p+tso_forecast,2208,2026-08-07 19:00:00+00:00,456.43408203125,115.5754225,324.35749999999996,2026-05-07 16:00:00+00:00,2026-08-07 15:00:00+00:00,online
2026-08-07,2026-09-18T19:00:14+00:00,FR,solar,timesfm3_online,TimesFM3 with covariates,weather_4p+tso_forecast,2208,2026-08-07 20:00:00+00:00,328.19775390625,0.0,258.8225,2026-05-07 16:00:00+00:00,2026-08-07 15:00:00+00:00,online
2026-08-07,2026-09-18T19:00:14+00:00,FR,solar,timesfm3_online,TimesFM3 with covariates,weather_4p+tso_forecast,2208,2026-08-07 21:00:00+00:00,307.51220703125,0.0,0.0,2026-05-07 16:00:00+00:00,2026-08-07 15:00:00+00:00,online
2026-08-07,2026-09-18T19:00:14+00:00,FR,solar,timesfm3_online,TimesFM3 with covariates,weather_4p+tso_forecast,2208,2026-08-07 22:00:00+00:00,189.18701171875,0.0,0.0,2026-05-07 16:00:00+00:00,2026-08-07 15:00:00+00:00,online
2026-08-07,2026-09-18T19:00:14+00:00,FR,solar,timesfm3_online,TimesFM3 with covariates,weather_4p+tso_forecast,2208,2026-08-07 23:00:00+00:00,177.33349609375,0.0,0.0,2026-05-07 16:00:00+00:00,2026-08-07 15:00:00+00:00,online
2026-08-07,2026-09-18T19:00:14+00:00,FR,solar,timesfm3_online,TimesFM3 with covariates,weather_4p+tso_forecast,2208,2026-08-08 00:00:00+00:00,248.68701171875,0.0,0.0,2026-05-07 16:00:00+00:00,2026-08-07 15:00:00+00:00,online
2026-08-07,2026-09-18T19:00:14+00:00,FR,solar,timesfm3_online,TimesFM3 with covariates,weather_4p+tso_forecast,2208,2026-08-08 01:00:00+00:00,146.20361328125,0.0,0.0,2026-05-07 16:00:00+00:00,2026-08-07 15:00:00+00:00,online
2026-08-07,2026-09-18T19:00:14+00:00,FR,solar,timesfm3_online,TimesFM3 with covariates,weather_4p+tso_forecast,2208,2026-08-08 02:00:00+00:00,101.0341796875,0.0,0.0,2026-05-07 16:00:00+00:00,2026-08-07 15:00:00+00:00,online
2026-08-07,2026-09-18T19:00:14+00:00,FR,solar,timesfm3_online,TimesFM3 with covariates,weather_4p+tso_forecast,2208,2026-08-08 03:00:00+00:00,94.62255859375,0.0,0.0,2026-05-07 16:00:00+00:00,2026-08-07 15:00:00+00:00,online
2026-08-07,2026-09-18T19:00:14+00:00,FR,solar,timesfm3_online,TimesFM3 with covariates,weather_4p+tso_forecast,2208,2026-08-08 04:00:00+00:00,348.044921875,51.2949975,332.255,2026-05-07 16:00:00+00:00,2026-08-07 15:00:00+00:00,online
2026-08-07,2026-09-18T19:00:14+00:00,FR,solar,timesfm3_online,TimesFM3 with covariates,weather_4p+tso_forecast,2208,2026-08-08 05:00:00+00:00,1403.27880859375,996.5083375,1273.73,2026-05-07 16:00:00+00:00,2026-08-07 15:00:00+00:00,online
2026-08-07,2026-09-18T19:00:14+00:00,FR,solar,timesfm3_online,TimesFM3 with covariates,weather_4p+tso_forecast,2208,2026-08-08 06:00:00+00:00,4736.51318359375,4234.13623,4765.1575,2026-05-07 16:00:00+00:00,2026-08-07 15:00:00+00:00,online
2026-08-07,2026-09-18T19:00:14+00:00,FR,solar,timesfm3_online,TimesFM3 with covariates,weather_4p+tso_forecast,2208,2026-08-08 07:00:00+00:00,9884.3095703125,9436.5750725,9999.2175,2026-05-07 16:00:00+00:00,2026-08-07 15:00:00+00:00,online
2026-08-07,2026-09-18T19:00:14+00:00,FR,solar,timesfm3_online,TimesFM3 with covariates,weather_4p+tso_forecast,2208,2026-08-08 08:00:00+00:00,14886.419921875,14529.8205575,14782.1275,2026-05-07 16:00:00+00:00,2026-08-07 15:00:00+00:00,online
2026-08-07,2026-09-18T19:00:14+00:00,FR,solar,timesfm3_online,TimesFM3 with covariates,weather_4p+tso_forecast,2208,2026-08-08 09:00:00+00:00,14132.46484375,13836.96118,14269.5275,2026-05-07 16:00:00+00:00,2026-08-07 15:00:00+00:00,online
2026-08-07,2026-09-18T19:00:14+00:00,FR,solar,timesfm3_online,TimesFM3 with covariates,weather_4p+tso_forecast,2208,2026-08-08 10:00:00+00:00,14344.09765625,13831.598635,12728.942500000001,2026-05-07 16:00:00+00:00,2026-08-07 15:00:00+00:00,online
2026-08-07,2026-09-18T19:00:14+00:00,FR,solar,timesfm3_online,TimesFM3 with covariates,weather_4p+tso_forecast,2208,2026-08-08 11:00:00+00:00,14768.9638671875,14558.792235,13082.782500000001,2026-05-07 16:00:00+00:00,2026-08-07 15:00:00+00:00,online
2026-08-07,2026-09-18T19:00:14+00:00,FR,solar,timesfm3_online,TimesFM3 with covariates,weather_4p+tso_forecast,2208,2026-08-08 12:00:00+00:00,14831.8671875,14501.8752425,13070.89,2026-05-07 16:00:00+00:00,2026-08-07 15:00:00+00:00,online
2026-08-07,2026-09-18T19:00:14+00:00,FR,solar,timesfm3_online,TimesFM3 with covariates,weather_4p+tso_forecast,2208,2026-08-08 13:00:00+00:00,15268.185546875,14933.9367675,14631.352499999999,2026-05-07 16:00:00+00:00,2026-08-07 15:00:00+00:00,online
2026-08-07,2026-09-18T19:00:14+00:00,FR,solar,timesfm3_online,TimesFM3 with covariates,weather_4p+tso_forecast,2208,2026-08-08 14:00:00+00:00,15165.375,14864.1591825,15036.595,2026-05-07 16:00:00+00:00,2026-08-07 15:00:00+00:00,online
2026-08-07,2026-09-18T19:00:14+00:00,FR,solar,timesfm3_online,TimesFM3 with covariates,weather_4p+tso_forecast,2208,2026-08-08 15:00:00+00:00,14569.3603515625,14846.609865,13450.8525,2026-05-07 16:00:00+00:00,2026-08-07 15:00:00+00:00,online
2026-08-07,2026-09-18T19:00:14+00:00,FR,wind_onshore,timesfm3_online,TimesFM3 with covariates,weather_4p+tso_forecast,2208,2026-08-07 16:00:00+00:00,1640.063720703125,1376.0425125,1553.5974999999999,2026-05-07 16:00:00+00:00,2026-08-07 15:00:00+00:00,online
2026-08-07,2026-09-18T19:00:14+00:00,FR,wind_onshore,timesfm3_online,TimesFM3 with covariates,weather_4p+tso_forecast,2208,2026-08-07 17:00:00+00:00,2036.24365234375,1645.650025,1835.88,2026-05-07 16:00:00+00:00,2026-08-07 15:00:00+00:00,online
2026-08-07,2026-09-18T19:00:14+00:00,FR,wind_onshore,timesfm3_online,TimesFM3 with covariates,weather_4p+tso_forecast,2208,2026-08-07 18:00:00+00:00,2560.061767578125,2121.23999,2119.5699999999997,2026-05-07 16:00:00+00:00,2026-08-07 15:00:00+00:00,online
2026-08-07,2026-09-18T19:00:14+00:00,FR,wind_onshore,timesfm3_online,TimesFM3 with covariates,weather_4p+tso_forecast,2208,2026-08-07 19:00:00+00:00,3212.216552734375,2901.4674675,2584.64,2026-05-07 16:00:00+00:00,2026-08-07 15:00:00+00:00,online
2026-08-07,2026-09-18T19:00:14+00:00,FR,wind_onshore,timesfm3_online,TimesFM3 with covariates,weather_4p+tso_forecast,2208,2026-08-07 20:00:00+00:00,3986.19580078125,3659.545045,3916.0825,2026-05-07 16:00:00+00:00,2026-08-07 15:00:00+00:00,online
2026-08-07,2026-09-18T19:00:14+00:00,FR,wind_onshore,timesfm3_online,TimesFM3 with covariates,weather_4p+tso_forecast,2208,2026-08-07 21:00:00+00:00,4298.9521484375,4005.50995,4735.6325,2026-05-07 16:00:00+00:00,2026-08-07 15:00:00+00:00,online
2026-08-07,2026-09-18T19:00:14+00:00,FR,wind_onshore,timesfm3_online,TimesFM3 with covariates,weather_4p+tso_forecast,2208,2026-08-07 22:00:00+00:00,4372.71923828125,4223.1174325,5079.095,2026-05-07 16:00:00+00:00,2026-08-07 15:00:00+00:00,online
2026-08-07,2026-09-18T19:00:14+00:00,FR,wind_onshore,timesfm3_online,TimesFM3 with covariates,weather_4p+tso_forecast,2208,2026-08-07 23:00:00+00:00,4253.81591796875,4104.26996,5241.6025,2026-05-07 16:00:00+00:00,2026-08-07 15:00:00+00:00,online
2026-08-07,2026-09-18T19:00:14+00:00,FR,wind_onshore,timesfm3_online,TimesFM3 with covariates,weather_4p+tso_forecast,2208,2026-08-08 00:00:00+00:00,4119.95458984375,3974.9175425,5144.775,2026-05-07 16:00:00+00:00,2026-08-07 15:00:00+00:00,online
2026-08-07,2026-09-18T19:00:14+00:00,FR,wind_onshore,timesfm3_online,TimesFM3 with covariates,weather_4p+tso_forecast,2208,2026-08-08 01:00:00+00:00,4018.333984375,3850.53491,5137.145,2026-05-07 16:00:00+00:00,2026-08-07 15:00:00+00:00,online
2026-08-07,2026-09-18T19:00:14+00:00,FR,wind_onshore,timesfm3_online,TimesFM3 with covariates,weather_4p+tso_forecast,2208,2026-08-08 02:00:00+00:00,3876.246337890625,3750.6575925,4724.6075,2026-05-07 16:00:00+00:00,2026-08-07 15:00:00+00:00,online
2026-08-07,2026-09-18T19:00:14+00:00,FR,wind_onshore,timesfm3_online,TimesFM3 with covariates,weather_4p+tso_forecast,2208,2026-08-08 03:00:00+00:00,3702.77099609375,3600.64752,4221.4575,2026-05-07 16:00:00+00:00,2026-08-07 15:00:00+00:00,online
2026-08-07,2026-09-18T19:00:14+00:00,FR,wind_onshore,timesfm3_online,TimesFM3 with covariates,weather_4p+tso_forecast,2208,2026-08-08 04:00:00+00:00,3543.033203125,3422.7124625,3829.4125,2026-05-07 16:00:00+00:00,2026-08-07 15:00:00+00:00,online
2026-08-07,2026-09-18T19:00:14+00:00,FR,wind_onshore,timesfm3_online,TimesFM3 with covariates,weather_4p+tso_forecast,2208,2026-08-08 05:00:00+00:00,3318.22802734375,3184.227415,3720.0,2026-05-07 16:00:00+00:00,2026-08-07 15:00:00+00:00,online
2026-08-07,2026-09-18T19:00:14+00:00,FR,wind_onshore,timesfm3_online,TimesFM3 with covariates,weather_4p+tso_forecast,2208,2026-08-08 06:00:00+00:00,2533.753662109375,2567.8025525000003,2620.225,2026-05-07 16:00:00+00:00,2026-08-07 15:00:00+00:00,online
2026-08-07,2026-09-18T19:00:14+00:00,FR,wind_onshore,timesfm3_online,TimesFM3 with covariates,weather_4p+tso_forecast,2208,2026-08-08 07:00:00+00:00,1604.8759765625,1533.32251,1226.715,2026-05-07 16:00:00+00:00,2026-08-07 15:00:00+00:00,online
2026-08-07,2026-09-18T19:00:14+00:00,FR,wind_onshore,timesfm3_online,TimesFM3 with covariates,weather_4p+tso_forecast,2208,2026-08-08 08:00:00+00:00,1163.859375,922.01494,914.0575,2026-05-07 16:00:00+00:00,2026-08-07 15:00:00+00:00,online
2026-08-07,2026-09-18T19:00:14+00:00,FR,wind_onshore,timesfm3_online,TimesFM3 with covariates,weather_4p+tso_forecast,2208,2026-08-08 09:00:00+00:00,899.187744140625,531.455095,1391.99,2026-05-07 16:00:00+00:00,2026-08-07 15:00:00+00:00,online
2026-08-07,2026-09-18T19:00:14+00:00,FR,wind_onshore,timesfm3_online,TimesFM3 with covariates,weather_4p+tso_forecast,2208,2026-08-08 10:00:00+00:00,716.6103515625,278.00245,1197.3525,2026-05-07 16:00:00+00:00,2026-08-07 15:00:00+00:00,online
2026-08-07,2026-09-18T19:00:14+00:00,FR,wind_onshore,timesfm3_online,TimesFM3 with covariates,weather_4p+tso_forecast,2208,2026-08-08 11:00:00+00:00,627.86181640625,227.694945,1141.0775,2026-05-07 16:00:00+00:00,2026-08-07 15:00:00+00:00,online
2026-08-07,2026-09-18T19:00:14+00:00,FR,wind_onshore,timesfm3_online,TimesFM3 with covariates,weather_4p+tso_forecast,2208,2026-08-08 12:00:00+00:00,590.41064453125,195.9850525,1117.2,2026-05-07 16:00:00+00:00,2026-08-07 15:00:00+00:00,online
2026-08-07,2026-09-18T19:00:14+00:00,FR,wind_onshore,timesfm3_online,TimesFM3 with covariates,weather_4p+tso_forecast,2208,2026-08-08 13:00:00+00:00,619.781005859375,308.694865,1176.54,2026-05-07 16:00:00+00:00,2026-08-07 15:00:00+00:00,online
2026-08-07,2026-09-18T19:00:14+00:00,FR,wind_onshore,timesfm3_online,TimesFM3 with covariates,weather_4p+tso_forecast,2208,2026-08-08 14:00:00+00:00,772.857177734375,412.2146975,857.11,2026-05-07 16:00:00+00:00,2026-08-07 15:00:00+00:00,online
2026-08-07,2026-09-18T19:00:14+00:00,FR,wind_onshore,timesfm3_online,TimesFM3 with covariates,weather_4p+tso_forecast,2208,2026-08-08 15:00:00+00:00,1139.194091796875,546.5700075,719.7125,2026-05-07 16:00:00+00:00,2026-08-07 15:00:00+00:00,online
2026-08-07,2026-09-18T19:00:14+00:00,FR,wind_offshore,timesfm3_online,TimesFM3 with covariates,weather_4p+tso_forecast,2208,2026-08-07 16:00:00+00:00,215.39801025390625,271.865005,224.3975,2026-05-07 16:00:00+00:00,2026-08-07 15:00:00+00:00,online
2026-08-07,2026-09-18T19:00:14+00:00,FR,wind_offshore,timesfm3_online,TimesFM3 with covariates,weather_4p+tso_forecast,2208,2026-08-07 17:00:00+00:00,253.7655334472656,302.86249499999997,351.15749999999997,2026-05-07 16:00:00+00:00,2026-08-07 15:00:00+00:00,online
2026-08-07,2026-09-18T19:00:14+00:00,FR,wind_offshore,timesfm3_online,TimesFM3 with covariates,weather_4p+tso_forecast,2208,2026-08-07 18:00:00+00:00,343.4869079589844,355.54499250000003,421.7575,2026-05-07 16:00:00+00:00,2026-08-07 15:00:00+00:00,online
2026-08-07,2026-09-18T19:00:14+00:00,FR,wind_offshore,timesfm3_online,TimesFM3 with covariates,weather_4p+tso_forecast,2208,2026-08-07 19:00:00+00:00,404.522705078125,408.2425075,465.9825,2026-05-07 16:00:00+00:00,2026-08-07 15:00:00+00:00,online
2026-08-07,2026-09-18T19:00:14+00:00,FR,wind_offshore,timesfm3_online,TimesFM3 with covariates,weather_4p+tso_forecast,2208,2026-08-07 20:00:00+00:00,451.584716796875,414.435005,452.105,2026-05-07 16:00:00+00:00,2026-08-07 15:00:00+00:00,online
2026-08-07,2026-09-18T19:00:14+00:00,FR,wind_offshore,timesfm3_online,TimesFM3 with covariates,weather_4p+tso_forecast,2208,2026-08-07 21:00:00+00:00,504.5367431640625,449.9374925,534.635,2026-05-07 16:00:00+00:00,2026-08-07 15:00:00+00:00,online
2026-08-07,2026-09-18T19:00:14+00:00,FR,wind_offshore,timesfm3_online,TimesFM3 with covariates,weather_4p+tso_forecast,2208,2026-08-07 22:00:00+00:00,586.3750610351562,534.9450075,698.635,2026-05-07 16:00:00+00:00,2026-08-07 15:00:00+00:00,online
2026-08-07,2026-09-18T19:00:14+00:00,FR,wind_offshore,timesfm3_online,TimesFM3 with covariates,weather_4p+tso_forecast,2208,2026-08-07 23:00:00+00:00,601.7824096679688,630.0475025000001,744.5125,2026-05-07 16:00:00+00:00,2026-08-07 15:00:00+00:00,online
2026-08-07,2026-09-18T19:00:14+00:00,FR,wind_offshore,timesfm3_online,TimesFM3 with covariates,weather_4p+tso_forecast,2208,2026-08-08 00:00:00+00:00,591.896240234375,631.2774975,675.06,2026-05-07 16:00:00+00:00,2026-08-07 15:00:00+00:00,online
2026-08-07,2026-09-18T19:00:14+00:00,FR,wind_offshore,timesfm3_online,TimesFM3 with covariates,weather_4p+tso_forecast,2208,2026-08-08 01:00:00+00:00,544.14501953125,563.45999,564.3425,2026-05-07 16:00:00+00:00,2026-08-07 15:00:00+00:00,online
2026-08-07,2026-09-18T19:00:14+00:00,FR,wind_offshore,timesfm3_online,TimesFM3 with covariates,weather_4p+tso_forecast,2208,2026-08-08 02:00:00+00:00,458.8761901855469,513.05252,467.78,2026-05-07 16:00:00+00:00,2026-08-07 15:00:00+00:00,online
2026-08-07,2026-09-18T19:00:14+00:00,FR,wind_offshore,timesfm3_online,TimesFM3 with covariates,weather_4p+tso_forecast,2208,2026-08-08 03:00:00+00:00,393.98724365234375,443.7649925,373.57,2026-05-07 16:00:00+00:00,2026-08-07 15:00:00+00:00,online
2026-08-07,2026-09-18T19:00:14+00:00,FR,wind_offshore,timesfm3_online,TimesFM3 with covariates,weather_4p+tso_forecast,2208,2026-08-08 04:00:00+00:00,338.00347900390625,377.78,372.7525,2026-05-07 16:00:00+00:00,2026-08-07 15:00:00+00:00,online
2026-08-07,2026-09-18T19:00:14+00:00,FR,wind_offshore,timesfm3_online,TimesFM3 with covariates,weather_4p+tso_forecast,2208,2026-08-08 05:00:00+00:00,287.09002685546875,334.08751,309.7525,2026-05-07 16:00:00+00:00,2026-08-07 15:00:00+00:00,online
2026-08-07,2026-09-18T19:00:14+00:00,FR,wind_offshore,timesfm3_online,TimesFM3 with covariates,weather_4p+tso_forecast,2208,2026-08-08 06:00:00+00:00,248.51107788085935,316.54249,252.07,2026-05-07 16:00:00+00:00,2026-08-07 15:00:00+00:00,online
2026-08-07,2026-09-18T19:00:14+00:00,FR,wind_offshore,timesfm3_online,TimesFM3 with covariates,weather_4p+tso_forecast,2208,2026-08-08 07:00:00+00:00,199.09988403320312,260.7849925,215.58249999999998,2026-05-07 16:00:00+00:00,2026-08-07 15:00:00+00:00,online
2026-08-07,2026-09-18T19:00:14+00:00,FR,wind_offshore,timesfm3_online,TimesFM3 with covariates,weather_4p+tso_forecast,2208,2026-08-08 08:00:00+00:00,159.93026733398438,212.11,161.51,2026-05-07 16:00:00+00:00,2026-08-07 15:00:00+00:00,online
2026-08-07,2026-09-18T19:00:14+00:00,FR,wind_offshore,timesfm3_online,TimesFM3 with covariates,weather_4p+tso_forecast,2208,2026-08-08 09:00:00+00:00,127.7684326171875,174.759995,82.475,2026-05-07 16:00:00+00:00,2026-08-07 15:00:00+00:00,online
2026-08-07,2026-09-18T19:00:14+00:00,FR,wind_offshore,timesfm3_online,TimesFM3 with covariates,weather_4p+tso_forecast,2208,2026-08-08 10:00:00+00:00,108.94638061523438,93.63,61.207499999999996,2026-05-07 16:00:00+00:00,2026-08-07 15:00:00+00:00,online
2026-08-07,2026-09-18T19:00:14+00:00,FR,wind_offshore,timesfm3_online,TimesFM3 with covariates,weather_4p+tso_forecast,2208,2026-08-08 11:00:00+00:00,94.12936401367188,86.64,46.6775,2026-05-07 16:00:00+00:00,2026-08-07 15:00:00+00:00,online
2026-08-07,2026-09-18T19:00:14+00:00,FR,wind_offshore,timesfm3_online,TimesFM3 with covariates,weather_4p+tso_forecast,2208,2026-08-08 12:00:00+00:00,82.88119506835938,80.01499749999999,37.9175,2026-05-07 16:00:00+00:00,2026-08-07 15:00:00+00:00,online
2026-08-07,2026-09-18T19:00:14+00:00,FR,wind_offshore,timesfm3_online,TimesFM3 with covariates,weather_4p+tso_forecast,2208,2026-08-08 13:00:00+00:00,91.16873168945312,103.9049975,131.485,2026-05-07 16:00:00+00:00,2026-08-07 15:00:00+00:00,online
2026-08-07,2026-09-18T19:00:14+00:00,FR,wind_offshore,timesfm3_online,TimesFM3 with covariates,weather_4p+tso_forecast,2208,2026-08-08 14:00:00+00:00,117.4173583984375,139.3025,155.4975,2026-05-07 16:00:00+00:00,2026-08-07 15:00:00+00:00,online
2026-08-07,2026-09-18T19:00:14+00:00,FR,wind_offshore,timesfm3_online,TimesFM3 with covariates,weather_4p+tso_forecast,2208,2026-08-08 15:00:00+00:00,171.70526123046875,156.85,216.735,2026-05-07 16:00:00+00:00,2026-08-07 15:00:00+00:00,online
2026-08-07,2026-09-18T19:00:14+00:00,DE,load,timesfm3_online,TimesFM3 with covariates,Hum+tso_forecast,2208,2026-08-07 16:00:00+00:00,52031.1953125,53292.49643975,52632.517065,2026-05-07 16:00:00+00:00,2026-08-07 15:00:00+00:00,online
2026-08-07,2026-09-18T19:00:14+00:00,DE,load,timesfm3_online,TimesFM3 with covariates,Hum+tso_forecast,2208,2026-08-07 17:00:00+00:00,51612.3046875,52884.91758175,53669.4734725,2026-05-07 16:00:00+00:00,2026-08-07 15:00:00+00:00,online
2026-08-07,2026-09-18T19:00:14+00:00,DE,load,timesfm3_online,TimesFM3 with covariates,Hum+tso_forecast,2208,2026-08-07 18:00:00+00:00,49741.29296875,50942.44385425,48589.045575,2026-05-07 16:00:00+00:00,2026-08-07 15:00:00+00:00,online
2026-08-07,2026-09-18T19:00:14+00:00,DE,load,timesfm3_online,TimesFM3 with covariates,Hum+tso_forecast,2208,2026-08-07 19:00:00+00:00,47665.73828125,48718.1197715,46515.5699325,2026-05-07 16:00:00+00:00,2026-08-07 15:00:00+00:00,online
2026-08-07,2026-09-18T19:00:14+00:00,DE,load,timesfm3_online,TimesFM3 with covariates,Hum+tso_forecast,2208,2026-08-07 20:00:00+00:00,45243.484375,45880.2555385,43657.8793825,2026-05-07 16:00:00+00:00,2026-08-07 15:00:00+00:00,online
2026-08-07,2026-09-18T19:00:14+00:00,DE,load,timesfm3_online,TimesFM3 with covariates,Hum+tso_forecast,2208,2026-08-07 21:00:00+00:00,42728.71875,42959.8471705,41529.2365175,2026-05-07 16:00:00+00:00,2026-08-07 15:00:00+00:00,online
2026-08-07,2026-09-18T19:00:14+00:00,DE,load,timesfm3_online,TimesFM3 with covariates,Hum+tso_forecast,2208,2026-08-07 22:00:00+00:00,40831.1171875,40736.25844125,40236.385555,2026-05-07 16:00:00+00:00,2026-08-07 15:00:00+00:00,online
2026-08-07,2026-09-18T19:00:14+00:00,DE,load,timesfm3_online,TimesFM3 with covariates,Hum+tso_forecast,2208,2026-08-07 23:00:00+00:00,39502.171875,39070.3455255,39278.67808,2026-05-07 16:00:00+00:00,2026-08-07 15:00:00+00:00,online
2026-08-07,2026-09-18T19:00:14+00:00,DE,load,timesfm3_online,TimesFM3 with covariates,Hum+tso_forecast,2208,2026-08-08 00:00:00+00:00,38648.7890625,38063.4668505,38080.909545,2026-05-07 16:00:00+00:00,2026-08-07 15:00:00+00:00,online
2026-08-07,2026-09-18T19:00:14+00:00,DE,load,timesfm3_online,TimesFM3 with covariates,Hum+tso_forecast,2208,2026-08-08 01:00:00+00:00,38219.1328125,37574.263026,37632.7866125,2026-05-07 16:00:00+00:00,2026-08-07 15:00:00+00:00,online
2026-08-07,2026-09-18T19:00:14+00:00,DE,load,timesfm3_online,TimesFM3 with covariates,Hum+tso_forecast,2208,2026-08-08 02:00:00+00:00,38003.48046875,37636.6783795,37829.6780275,2026-05-07 16:00:00+00:00,2026-08-07 15:00:00+00:00,online
2026-08-07,2026-09-18T19:00:14+00:00,DE,load,timesfm3_online,TimesFM3 with covariates,Hum+tso_forecast,2208,2026-08-08 03:00:00+00:00,38365.34375,38152.92769975,38715.2693425,2026-05-07 16:00:00+00:00,2026-08-07 15:00:00+00:00,online
2026-08-07,2026-09-18T19:00:14+00:00,DE,load,timesfm3_online,TimesFM3 with covariates,Hum+tso_forecast,2208,2026-08-08 04:00:00+00:00,39492.6640625,39493.49641825,39939.00208,2026-05-07 16:00:00+00:00,2026-08-07 15:00:00+00:00,online
2026-08-07,2026-09-18T19:00:14+00:00,DE,load,timesfm3_online,TimesFM3 with covariates,Hum+tso_forecast,2208,2026-08-08 05:00:00+00:00,41796.5625,41927.602848,42134.635917499996,2026-05-07 16:00:00+00:00,2026-08-07 15:00:00+00:00,online
2026-08-07,2026-09-18T19:00:14+00:00,DE,load,timesfm3_online,TimesFM3 with covariates,Hum+tso_forecast,2208,2026-08-08 06:00:00+00:00,44201.1875,44795.99334125,44691.47694,2026-05-07 16:00:00+00:00,2026-08-07 15:00:00+00:00,online
2026-08-07,2026-09-18T19:00:14+00:00,DE,load,timesfm3_online,TimesFM3 with covariates,Hum+tso_forecast,2208,2026-08-08 07:00:00+00:00,45726.86328125,46976.968068,45268.5051425,2026-05-07 16:00:00+00:00,2026-08-07 15:00:00+00:00,online
2026-08-07,2026-09-18T19:00:14+00:00,DE,load,timesfm3_online,TimesFM3 with covariates,Hum+tso_forecast,2208,2026-08-08 08:00:00+00:00,46227.92578125,47856.702668,45253.0903075,2026-05-07 16:00:00+00:00,2026-08-07 15:00:00+00:00,online
2026-08-07,2026-09-18T19:00:14+00:00,DE,load,timesfm3_online,TimesFM3 with covariates,Hum+tso_forecast,2208,2026-08-08 09:00:00+00:00,46380.84765625,47831.5534725,46351.398725,2026-05-07 16:00:00+00:00,2026-08-07 15:00:00+00:00,online
2026-08-07,2026-09-18T19:00:14+00:00,DE,load,timesfm3_online,TimesFM3 with covariates,Hum+tso_forecast,2208,2026-08-08 10:00:00+00:00,46018.48046875,46772.7009875,45555.0537925,2026-05-07 16:00:00+00:00,2026-08-07 15:00:00+00:00,online
2026-08-07,2026-09-18T19:00:14+00:00,DE,load,timesfm3_online,TimesFM3 with covariates,Hum+tso_forecast,2208,2026-08-08 11:00:00+00:00,44724.2421875,45750.41823825,44665.8674975,2026-05-07 16:00:00+00:00,2026-08-07 15:00:00+00:00,online
2026-08-07,2026-09-18T19:00:14+00:00,DE,load,timesfm3_online,TimesFM3 with covariates,Hum+tso_forecast,2208,2026-08-08 12:00:00+00:00,43417.96875,44779.4370475,43697.268685,2026-05-07 16:00:00+00:00,2026-08-07 15:00:00+00:00,online
2026-08-07,2026-09-18T19:00:14+00:00,DE,load,timesfm3_online,TimesFM3 with covariates,Hum+tso_forecast,2208,2026-08-08 13:00:00+00:00,42522.296875,44085.51815925,43037.592815,2026-05-07 16:00:00+00:00,2026-08-07 15:00:00+00:00,online
2026-08-07,2026-09-18T19:00:14+00:00,DE,load,timesfm3_online,TimesFM3 with covariates,Hum+tso_forecast,2208,2026-08-08 14:00:00+00:00,42341.99609375,44017.25262675,43398.4632525,2026-05-07 16:00:00+00:00,2026-08-07 15:00:00+00:00,online
2026-08-07,2026-09-18T19:00:14+00:00,DE,load,timesfm3_online,TimesFM3 with covariates,Hum+tso_forecast,2208,2026-08-08 15:00:00+00:00,43107.1640625,44303.03337025,44059.982685,2026-05-07 16:00:00+00:00,2026-08-07 15:00:00+00:00,online
2026-08-07,2026-09-18T19:00:14+00:00,DE,solar,timesfm3_online,TimesFM3 with covariates,weather_4p+tso_forecast,2208,2026-08-07 16:00:00+00:00,14860.55859375,15465.3128675,15395.00775,2026-05-07 16:00:00+00:00,2026-08-07 15:00:00+00:00,online
2026-08-07,2026-09-18T19:00:14+00:00,DE,solar,timesfm3_online,TimesFM3 with covariates,weather_4p+tso_forecast,2208,2026-08-07 17:00:00+00:00,5445.3251953125,5912.8813175000005,6203.8565,2026-05-07 16:00:00+00:00,2026-08-07 15:00:00+00:00,online
2026-08-07,2026-09-18T19:00:14+00:00,DE,solar,timesfm3_online,TimesFM3 with covariates,weather_4p+tso_forecast,2208,2026-08-07 18:00:00+00:00,732.833984375,965.1375175,975.6384999999999,2026-05-07 16:00:00+00:00,2026-08-07 15:00:00+00:00,online
2026-08-07,2026-09-18T19:00:14+00:00,DE,solar,timesfm3_online,TimesFM3 with covariates,weather_4p+tso_forecast,2208,2026-08-07 19:00:00+00:00,0.0,9.5153675,4.516,2026-05-07 16:00:00+00:00,2026-08-07 15:00:00+00:00,online
2026-08-07,2026-09-18T19:00:14+00:00,DE,solar,timesfm3_online,TimesFM3 with covariates,weather_4p+tso_forecast,2208,2026-08-07 20:00:00+00:00,0.0,0.0,0.0,2026-05-07 16:00:00+00:00,2026-08-07 15:00:00+00:00,online
2026-08-07,2026-09-18T19:00:14+00:00,DE,solar,timesfm3_online,TimesFM3 with covariates,weather_4p+tso_forecast,2208,2026-08-07 21:00:00+00:00,0.0,0.0,0.0,2026-05-07 16:00:00+00:00,2026-08-07 15:00:00+00:00,online
2026-08-07,2026-09-18T19:00:14+00:00,DE,solar,timesfm3_online,TimesFM3 with covariates,weather_4p+tso_forecast,2208,2026-08-07 22:00:00+00:00,172.6025390625,0.0,0.0,2026-05-07 16:00:00+00:00,2026-08-07 15:00:00+00:00,online
2026-08-07,2026-09-18T19:00:14+00:00,DE,solar,timesfm3_online,TimesFM3 with covariates,weather_4p+tso_forecast,2208,2026-08-07 23:00:00+00:00,371.05859375,0.0,0.0,2026-05-07 16:00:00+00:00,2026-08-07 15:00:00+00:00,online
2026-08-07,2026-09-18T19:00:14+00:00,DE,solar,timesfm3_online,TimesFM3 with covariates,weather_4p+tso_forecast,2208,2026-08-08 00:00:00+00:00,270.533203125,0.0,0.0,2026-05-07 16:00:00+00:00,2026-08-07 15:00:00+00:00,online
2026-08-07,2026-09-18T19:00:14+00:00,DE,solar,timesfm3_online,TimesFM3 with covariates,weather_4p+tso_forecast,2208,2026-08-08 01:00:00+00:00,48.43359375,0.0,0.0,2026-05-07 16:00:00+00:00,2026-08-07 15:00:00+00:00,online
2026-08-07,2026-09-18T19:00:14+00:00,DE,solar,timesfm3_online,TimesFM3 with covariates,weather_4p+tso_forecast,2208,2026-08-08 02:00:00+00:00,0.0,0.0,0.0,2026-05-07 16:00:00+00:00,2026-08-07 15:00:00+00:00,online
2026-08-07,2026-09-18T19:00:14+00:00,DE,solar,timesfm3_online,TimesFM3 with covariates,weather_4p+tso_forecast,2208,2026-08-08 03:00:00+00:00,138.75,27.721942499999997,20.6675,2026-05-07 16:00:00+00:00,2026-08-07 15:00:00+00:00,online
2026-08-07,2026-09-18T19:00:14+00:00,DE,solar,timesfm3_online,TimesFM3 with covariates,weather_4p+tso_forecast,2208,2026-08-08 04:00:00+00:00,1854.6904296875,1959.9667675,1929.0635,2026-05-07 16:00:00+00:00,2026-08-07 15:00:00+00:00,online
2026-08-07,2026-09-18T19:00:14+00:00,DE,solar,timesfm3_online,TimesFM3 with covariates,weather_4p+tso_forecast,2208,2026-08-08 05:00:00+00:00,9898.58984375,9115.10167,9857.46025,2026-05-07 16:00:00+00:00,2026-08-07 15:00:00+00:00,online
2026-08-07,2026-09-18T19:00:14+00:00,DE,solar,timesfm3_online,TimesFM3 with covariates,weather_4p+tso_forecast,2208,2026-08-08 06:00:00+00:00,22884.71484375,21591.0830825,23195.975,2026-05-07 16:00:00+00:00,2026-08-07 15:00:00+00:00,online
2026-08-07,2026-09-18T19:00:14+00:00,DE,solar,timesfm3_online,TimesFM3 with covariates,weather_4p+tso_forecast,2208,2026-08-08 07:00:00+00:00,36402.9296875,34289.8204325,36802.23725,2026-05-07 16:00:00+00:00,2026-08-07 15:00:00+00:00,online
2026-08-07,2026-09-18T19:00:14+00:00,DE,solar,timesfm3_online,TimesFM3 with covariates,weather_4p+tso_forecast,2208,2026-08-08 08:00:00+00:00,46171.375,43860.4220275,45929.86225,2026-05-07 16:00:00+00:00,2026-08-07 15:00:00+00:00,online
2026-08-07,2026-09-18T19:00:14+00:00,DE,solar,timesfm3_online,TimesFM3 with covariates,weather_4p+tso_forecast,2208,2026-08-08 09:00:00+00:00,51583.9609375,49934.78898,49515.28275,2026-05-07 16:00:00+00:00,2026-08-07 15:00:00+00:00,online
2026-08-07,2026-09-18T19:00:14+00:00,DE,solar,timesfm3_online,TimesFM3 with covariates,weather_4p+tso_forecast,2208,2026-08-08 10:00:00+00:00,54096.51953125,52882.819045,51272.38175,2026-05-07 16:00:00+00:00,2026-08-07 15:00:00+00:00,online
2026-08-07,2026-09-18T19:00:14+00:00,DE,solar,timesfm3_online,TimesFM3 with covariates,weather_4p+tso_forecast,2208,2026-08-08 11:00:00+00:00,54108.8828125,53571.56961,51227.70975,2026-05-07 16:00:00+00:00,2026-08-07 15:00:00+00:00,online
2026-08-07,2026-09-18T19:00:14+00:00,DE,solar,timesfm3_online,TimesFM3 with covariates,weather_4p+tso_forecast,2208,2026-08-08 12:00:00+00:00,52240.3359375,51790.7265625,49303.5965,2026-05-07 16:00:00+00:00,2026-08-07 15:00:00+00:00,online
2026-08-07,2026-09-18T19:00:14+00:00,DE,solar,timesfm3_online,TimesFM3 with covariates,weather_4p+tso_forecast,2208,2026-08-08 13:00:00+00:00,47607.8359375,47496.32957,46088.221000000005,2026-05-07 16:00:00+00:00,2026-08-07 15:00:00+00:00,online
2026-08-07,2026-09-18T19:00:14+00:00,DE,solar,timesfm3_online,TimesFM3 with covariates,weather_4p+tso_forecast,2208,2026-08-08 14:00:00+00:00,40292.56640625,40743.3347225,40334.48975,2026-05-07 16:00:00+00:00,2026-08-07 15:00:00+00:00,online
2026-08-07,2026-09-18T19:00:14+00:00,DE,solar,timesfm3_online,TimesFM3 with covariates,weather_4p+tso_forecast,2208,2026-08-08 15:00:00+00:00,29875.47265625,30697.63883,32602.72075,2026-05-07 16:00:00+00:00,2026-08-07 15:00:00+00:00,online
2026-08-07,2026-09-18T19:00:14+00:00,DE,wind_onshore,timesfm3_online,TimesFM3 with covariates,weather_4p+tso_forecast,2208,2026-08-07 16:00:00+00:00,4706.77001953125,4901.337067500001,4927.166499999999,2026-05-07 16:00:00+00:00,2026-08-07 15:00:00+00:00,online
2026-08-07,2026-09-18T19:00:14+00:00,DE,wind_onshore,timesfm3_online,TimesFM3 with covariates,weather_4p+tso_forecast,2208,2026-08-07 17:00:00+00:00,4255.99267578125,4638.8294475,4887.8355,2026-05-07 16:00:00+00:00,2026-08-07 15:00:00+00:00,online
2026-08-07,2026-09-18T19:00:14+00:00,DE,wind_onshore,timesfm3_online,TimesFM3 with covariates,weather_4p+tso_forecast,2208,2026-08-07 18:00:00+00:00,3918.8330078125,4645.684175,4234.51775,2026-05-07 16:00:00+00:00,2026-08-07 15:00:00+00:00,online
2026-08-07,2026-09-18T19:00:14+00:00,DE,wind_onshore,timesfm3_online,TimesFM3 with covariates,weather_4p+tso_forecast,2208,2026-08-07 19:00:00+00:00,3839.4892578125,4652.093635,4578.343,2026-05-07 16:00:00+00:00,2026-08-07 15:00:00+00:00,online
2026-08-07,2026-09-18T19:00:14+00:00,DE,wind_onshore,timesfm3_online,TimesFM3 with covariates,weather_4p+tso_forecast,2208,2026-08-07 20:00:00+00:00,4098.0556640625,4943.6736825,5271.491,2026-05-07 16:00:00+00:00,2026-08-07 15:00:00+00:00,online
2026-08-07,2026-09-18T19:00:14+00:00,DE,wind_onshore,timesfm3_online,TimesFM3 with covariates,weather_4p+tso_forecast,2208,2026-08-07 21:00:00+00:00,4312.30859375,4883.5409325,5649.6345,2026-05-07 16:00:00+00:00,2026-08-07 15:00:00+00:00,online
2026-08-07,2026-09-18T19:00:14+00:00,DE,wind_onshore,timesfm3_online,TimesFM3 with covariates,weather_4p+tso_forecast,2208,2026-08-07 22:00:00+00:00,4344.6162109375,4739.396895,5802.0105,2026-05-07 16:00:00+00:00,2026-08-07 15:00:00+00:00,online
2026-08-07,2026-09-18T19:00:14+00:00,DE,wind_onshore,timesfm3_online,TimesFM3 with covariates,weather_4p+tso_forecast,2208,2026-08-07 23:00:00+00:00,4265.08935546875,4543.7783775,5455.30225,2026-05-07 16:00:00+00:00,2026-08-07 15:00:00+00:00,online
2026-08-07,2026-09-18T19:00:14+00:00,DE,wind_onshore,timesfm3_online,TimesFM3 with covariates,weather_4p+tso_forecast,2208,2026-08-08 00:00:00+00:00,4208.89453125,4457.864332499999,5144.1625,2026-05-07 16:00:00+00:00,2026-08-07 15:00:00+00:00,online
2026-08-07,2026-09-18T19:00:14+00:00,DE,wind_onshore,timesfm3_online,TimesFM3 with covariates,weather_4p+tso_forecast,2208,2026-08-08 01:00:00+00:00,3872.400390625,4170.4253125,4638.612,2026-05-07 16:00:00+00:00,2026-08-07 15:00:00+00:00,online
2026-08-07,2026-09-18T19:00:14+00:00,DE,wind_onshore,timesfm3_online,TimesFM3 with covariates,weather_4p+tso_forecast,2208,2026-08-08 02:00:00+00:00,3469.47900390625,3868.4630075,4184.106,2026-05-07 16:00:00+00:00,2026-08-07 15:00:00+00:00,online
2026-08-07,2026-09-18T19:00:14+00:00,DE,wind_onshore,timesfm3_online,TimesFM3 with covariates,weather_4p+tso_forecast,2208,2026-08-08 03:00:00+00:00,3331.41259765625,3601.9498825,3977.5405,2026-05-07 16:00:00+00:00,2026-08-07 15:00:00+00:00,online
2026-08-07,2026-09-18T19:00:14+00:00,DE,wind_onshore,timesfm3_online,TimesFM3 with covariates,weather_4p+tso_forecast,2208,2026-08-08 04:00:00+00:00,3122.44677734375,3375.8941425,3963.42275,2026-05-07 16:00:00+00:00,2026-08-07 15:00:00+00:00,online
2026-08-07,2026-09-18T19:00:14+00:00,DE,wind_onshore,timesfm3_online,TimesFM3 with covariates,weather_4p+tso_forecast,2208,2026-08-08 05:00:00+00:00,2523.7919921875,2943.8076675,3600.01925,2026-05-07 16:00:00+00:00,2026-08-07 15:00:00+00:00,online
2026-08-07,2026-09-18T19:00:14+00:00,DE,wind_onshore,timesfm3_online,TimesFM3 with covariates,weather_4p+tso_forecast,2208,2026-08-08 06:00:00+00:00,1456.23828125,2087.9122175,2044.746,2026-05-07 16:00:00+00:00,2026-08-07 15:00:00+00:00,online
2026-08-07,2026-09-18T19:00:14+00:00,DE,wind_onshore,timesfm3_online,TimesFM3 with covariates,weather_4p+tso_forecast,2208,2026-08-08 07:00:00+00:00,757.9775390625,1202.0337775,1097.83775,2026-05-07 16:00:00+00:00,2026-08-07 15:00:00+00:00,online
2026-08-07,2026-09-18T19:00:14+00:00,DE,wind_onshore,timesfm3_online,TimesFM3 with covariates,weather_4p+tso_forecast,2208,2026-08-08 08:00:00+00:00,638.5732421875,992.07261,834.944,2026-05-07 16:00:00+00:00,2026-08-07 15:00:00+00:00,online
2026-08-07,2026-09-18T19:00:14+00:00,DE,wind_onshore,timesfm3_online,TimesFM3 with covariates,weather_4p+tso_forecast,2208,2026-08-08 09:00:00+00:00,647.0224609375,892.24818,892.72425,2026-05-07 16:00:00+00:00,2026-08-07 15:00:00+00:00,online
2026-08-07,2026-09-18T19:00:14+00:00,DE,wind_onshore,timesfm3_online,TimesFM3 with covariates,weather_4p+tso_forecast,2208,2026-08-08 10:00:00+00:00,542.732421875,752.4691225,729.365,2026-05-07 16:00:00+00:00,2026-08-07 15:00:00+00:00,online
2026-08-07,2026-09-18T19:00:14+00:00,DE,wind_onshore,timesfm3_online,TimesFM3 with covariates,weather_4p+tso_forecast,2208,2026-08-08 11:00:00+00:00,474.671875,607.8421125,564.02275,2026-05-07 16:00:00+00:00,2026-08-07 15:00:00+00:00,online
2026-08-07,2026-09-18T19:00:14+00:00,DE,wind_onshore,timesfm3_online,TimesFM3 with covariates,weather_4p+tso_forecast,2208,2026-08-08 12:00:00+00:00,290.66015625,537.2928525,482.64575,2026-05-07 16:00:00+00:00,2026-08-07 15:00:00+00:00,online
2026-08-07,2026-09-18T19:00:14+00:00,DE,wind_onshore,timesfm3_online,TimesFM3 with covariates,weather_4p+tso_forecast,2208,2026-08-08 13:00:00+00:00,242.107421875,526.03484,517.33925,2026-05-07 16:00:00+00:00,2026-08-07 15:00:00+00:00,online
2026-08-07,2026-09-18T19:00:14+00:00,DE,wind_onshore,timesfm3_online,TimesFM3 with covariates,weather_4p+tso_forecast,2208,2026-08-08 14:00:00+00:00,614.8564453125,586.5872125,671.54825,2026-05-07 16:00:00+00:00,2026-08-07 15:00:00+00:00,online
2026-08-07,2026-09-18T19:00:14+00:00,DE,wind_onshore,timesfm3_online,TimesFM3 with covariates,weather_4p+tso_forecast,2208,2026-08-08 15:00:00+00:00,1117.126953125,708.9784725,1090.4585,2026-05-07 16:00:00+00:00,2026-08-07 15:00:00+00:00,online
2026-08-07,2026-09-18T19:00:14+00:00,DE,wind_offshore,timesfm3_online,TimesFM3 with covariates,weather_4p+tso_forecast,2208,2026-08-07 16:00:00+00:00,1367.4210205078125,1318.775,1262.8385,2026-05-07 16:00:00+00:00,2026-08-07 15:00:00+00:00,online
2026-08-07,2026-09-18T19:00:14+00:00,DE,wind_offshore,timesfm3_online,TimesFM3 with covariates,weather_4p+tso_forecast,2208,2026-08-07 17:00:00+00:00,1237.49462890625,1236.3525,1363.95225,2026-05-07 16:00:00+00:00,2026-08-07 15:00:00+00:00,online
2026-08-07,2026-09-18T19:00:14+00:00,DE,wind_offshore,timesfm3_online,TimesFM3 with covariates,weather_4p+tso_forecast,2208,2026-08-07 18:00:00+00:00,1132.5343017578125,1064.45,1089.7155,2026-05-07 16:00:00+00:00,2026-08-07 15:00:00+00:00,online
2026-08-07,2026-09-18T19:00:14+00:00,DE,wind_offshore,timesfm3_online,TimesFM3 with covariates,weather_4p+tso_forecast,2208,2026-08-07 19:00:00+00:00,907.992919921875,845.4825,728.1412499999999,2026-05-07 16:00:00+00:00,2026-08-07 15:00:00+00:00,online
2026-08-07,2026-09-18T19:00:14+00:00,DE,wind_offshore,timesfm3_online,TimesFM3 with covariates,weather_4p+tso_forecast,2208,2026-08-07 20:00:00+00:00,696.821533203125,693.02,551.11375,2026-05-07 16:00:00+00:00,2026-08-07 15:00:00+00:00,online
2026-08-07,2026-09-18T19:00:14+00:00,DE,wind_offshore,timesfm3_online,TimesFM3 with covariates,weather_4p+tso_forecast,2208,2026-08-07 21:00:00+00:00,649.209228515625,595.565,578.8605,2026-05-07 16:00:00+00:00,2026-08-07 15:00:00+00:00,online
2026-08-07,2026-09-18T19:00:14+00:00,DE,wind_offshore,timesfm3_online,TimesFM3 with covariates,weather_4p+tso_forecast,2208,2026-08-07 22:00:00+00:00,694.2657470703125,741.825,606.94675,2026-05-07 16:00:00+00:00,2026-08-07 15:00:00+00:00,online
2026-08-07,2026-09-18T19:00:14+00:00,DE,wind_offshore,timesfm3_online,TimesFM3 with covariates,weather_4p+tso_forecast,2208,2026-08-07 23:00:00+00:00,683.3751220703125,738.3375,676.653,2026-05-07 16:00:00+00:00,2026-08-07 15:00:00+00:00,online
2026-08-07,2026-09-18T19:00:14+00:00,DE,wind_offshore,timesfm3_online,TimesFM3 with covariates,weather_4p+tso_forecast,2208,2026-08-08 00:00:00+00:00,754.5386962890625,745.75,768.242,2026-05-07 16:00:00+00:00,2026-08-07 15:00:00+00:00,online
2026-08-07,2026-09-18T19:00:14+00:00,DE,wind_offshore,timesfm3_online,TimesFM3 with covariates,weather_4p+tso_forecast,2208,2026-08-08 01:00:00+00:00,753.26611328125,741.585,722.40475,2026-05-07 16:00:00+00:00,2026-08-07 15:00:00+00:00,online
2026-08-07,2026-09-18T19:00:14+00:00,DE,wind_offshore,timesfm3_online,TimesFM3 with covariates,weather_4p+tso_forecast,2208,2026-08-08 02:00:00+00:00,725.0863037109375,706.1825,696.2015,2026-05-07 16:00:00+00:00,2026-08-07 15:00:00+00:00,online
2026-08-07,2026-09-18T19:00:14+00:00,DE,wind_offshore,timesfm3_online,TimesFM3 with covariates,weather_4p+tso_forecast,2208,2026-08-08 03:00:00+00:00,667.2064208984375,636.9125,670.22325,2026-05-07 16:00:00+00:00,2026-08-07 15:00:00+00:00,online
2026-08-07,2026-09-18T19:00:14+00:00,DE,wind_offshore,timesfm3_online,TimesFM3 with covariates,weather_4p+tso_forecast,2208,2026-08-08 04:00:00+00:00,606.251220703125,552.155,616.364,2026-05-07 16:00:00+00:00,2026-08-07 15:00:00+00:00,online
2026-08-07,2026-09-18T19:00:14+00:00,DE,wind_offshore,timesfm3_online,TimesFM3 with covariates,weather_4p+tso_forecast,2208,2026-08-08 05:00:00+00:00,526.4542236328125,486.9575,502.21775,2026-05-07 16:00:00+00:00,2026-08-07 15:00:00+00:00,online
2026-08-07,2026-09-18T19:00:14+00:00,DE,wind_offshore,timesfm3_online,TimesFM3 with covariates,weather_4p+tso_forecast,2208,2026-08-08 06:00:00+00:00,442.4188232421875,441.775,476.18025,2026-05-07 16:00:00+00:00,2026-08-07 15:00:00+00:00,online
2026-08-07,2026-09-18T19:00:14+00:00,DE,wind_offshore,timesfm3_online,TimesFM3 with covariates,weather_4p+tso_forecast,2208,2026-08-08 07:00:00+00:00,406.5633544921875,417.065,453.9065,2026-05-07 16:00:00+00:00,2026-08-07 15:00:00+00:00,online
2026-08-07,2026-09-18T19:00:14+00:00,DE,wind_offshore,timesfm3_online,TimesFM3 with covariates,weather_4p+tso_forecast,2208,2026-08-08 08:00:00+00:00,428.5223388671875,429.51,464.88800000000003,2026-05-07 16:00:00+00:00,2026-08-07 15:00:00+00:00,online
2026-08-07,2026-09-18T19:00:14+00:00,DE,wind_offshore,timesfm3_online,TimesFM3 with covariates,weather_4p+tso_forecast,2208,2026-08-08 09:00:00+00:00,436.7965087890625,290.71500000000003,201.72725,2026-05-07 16:00:00+00:00,2026-08-07 15:00:00+00:00,online
2026-08-07,2026-09-18T19:00:14+00:00,DE,wind_offshore,timesfm3_online,TimesFM3 with covariates,weather_4p+tso_forecast,2208,2026-08-08 10:00:00+00:00,425.1107177734375,292.15999999999997,138.1015,2026-05-07 16:00:00+00:00,2026-08-07 15:00:00+00:00,online
2026-08-07,2026-09-18T19:00:14+00:00,DE,wind_offshore,timesfm3_online,TimesFM3 with covariates,weather_4p+tso_forecast,2208,2026-08-08 11:00:00+00:00,394.3902587890625,286.845,131.8365,2026-05-07 16:00:00+00:00,2026-08-07 15:00:00+00:00,online
2026-08-07,2026-09-18T19:00:14+00:00,DE,wind_offshore,timesfm3_online,TimesFM3 with covariates,weather_4p+tso_forecast,2208,2026-08-08 12:00:00+00:00,419.7275390625,286.7475,143.59075,2026-05-07 16:00:00+00:00,2026-08-07 15:00:00+00:00,online
2026-08-07,2026-09-18T19:00:14+00:00,DE,wind_offshore,timesfm3_online,TimesFM3 with covariates,weather_4p+tso_forecast,2208,2026-08-08 13:00:00+00:00,387.50244140625,285.475,157.58775,2026-05-07 16:00:00+00:00,2026-08-07 15:00:00+00:00,online
2026-08-07,2026-09-18T19:00:14+00:00,DE,wind_offshore,timesfm3_online,TimesFM3 with covariates,weather_4p+tso_forecast,2208,2026-08-08 14:00:00+00:00,385.44677734375,269.8375,186.35525,2026-05-07 16:00:00+00:00,2026-08-07 15:00:00+00:00,online
2026-08-07,2026-09-18T19:00:14+00:00,DE,wind_offshore,timesfm3_online,TimesFM3 with covariates,weather_4p+tso_forecast,2208,2026-08-08 15:00:00+00:00,540.3258056640625,350.195,189.49325,2026-05-07 16:00:00+00:00,2026-08-07 15:00:00+00:00,online
