source,run_date,run_at,zone,target,model,model_label,covariate_case,context_hours,timestamp,forecast_mw,actual_mw,tso_forecast_mw,context_start,context_end
historical_mock_realized,2025-12-27,2025-12-27 18:00:00+00:00,BE,load,tso_reference,TSO forecast,tso_forecast,2208,2025-12-27 18:00:00+00:00,9820.68,10146.4625,,2025-09-26 18:00:00+00:00,2025-12-27 17:00:00+00:00
historical_mock_realized,2025-12-27,2025-12-27 18:00:00+00:00,BE,load,tso_reference,TSO forecast,tso_forecast,2208,2025-12-27 19:00:00+00:00,9431.66,9658.955,,2025-09-26 18:00:00+00:00,2025-12-27 17:00:00+00:00
historical_mock_realized,2025-12-27,2025-12-27 18:00:00+00:00,BE,load,tso_reference,TSO forecast,tso_forecast,2208,2025-12-27 20:00:00+00:00,9034.9775,9304.6375,,2025-09-26 18:00:00+00:00,2025-12-27 17:00:00+00:00
historical_mock_realized,2025-12-27,2025-12-27 18:00:00+00:00,BE,load,tso_reference,TSO forecast,tso_forecast,2208,2025-12-27 21:00:00+00:00,8887.23,9117.0525,,2025-09-26 18:00:00+00:00,2025-12-27 17:00:00+00:00
historical_mock_realized,2025-12-27,2025-12-27 18:00:00+00:00,BE,load,tso_reference,TSO forecast,tso_forecast,2208,2025-12-27 22:00:00+00:00,8771.165,8897.5475,,2025-09-26 18:00:00+00:00,2025-12-27 17:00:00+00:00
historical_mock_realized,2025-12-27,2025-12-27 18:00:00+00:00,BE,load,tso_reference,TSO forecast,tso_forecast,2208,2025-12-27 23:00:00+00:00,8337.04,8416.66,,2025-09-26 18:00:00+00:00,2025-12-27 17:00:00+00:00
historical_mock_realized,2025-12-27,2025-12-27 18:00:00+00:00,BE,load,tso_reference,TSO forecast,tso_forecast,2208,2025-12-28 00:00:00+00:00,8103.81,8038.0325,,2025-09-26 18:00:00+00:00,2025-12-27 17:00:00+00:00
historical_mock_realized,2025-12-27,2025-12-27 18:00:00+00:00,BE,load,tso_reference,TSO forecast,tso_forecast,2208,2025-12-28 01:00:00+00:00,7854.5,7718.8025,,2025-09-26 18:00:00+00:00,2025-12-27 17:00:00+00:00
historical_mock_realized,2025-12-27,2025-12-27 18:00:00+00:00,BE,load,tso_reference,TSO forecast,tso_forecast,2208,2025-12-28 02:00:00+00:00,7612.952499999999,7560.3,,2025-09-26 18:00:00+00:00,2025-12-27 17:00:00+00:00
historical_mock_realized,2025-12-27,2025-12-27 18:00:00+00:00,BE,load,tso_reference,TSO forecast,tso_forecast,2208,2025-12-28 03:00:00+00:00,7515.395,7516.975,,2025-09-26 18:00:00+00:00,2025-12-27 17:00:00+00:00
historical_mock_realized,2025-12-27,2025-12-27 18:00:00+00:00,BE,load,tso_reference,TSO forecast,tso_forecast,2208,2025-12-28 04:00:00+00:00,7588.3,7560.1225,,2025-09-26 18:00:00+00:00,2025-12-27 17:00:00+00:00
historical_mock_realized,2025-12-27,2025-12-27 18:00:00+00:00,BE,load,tso_reference,TSO forecast,tso_forecast,2208,2025-12-28 05:00:00+00:00,7843.047500000001,7796.2925,,2025-09-26 18:00:00+00:00,2025-12-27 17:00:00+00:00
historical_mock_realized,2025-12-27,2025-12-27 18:00:00+00:00,BE,load,tso_reference,TSO forecast,tso_forecast,2208,2025-12-28 06:00:00+00:00,8066.16,8037.5575,,2025-09-26 18:00:00+00:00,2025-12-27 17:00:00+00:00
historical_mock_realized,2025-12-27,2025-12-27 18:00:00+00:00,BE,load,tso_reference,TSO forecast,tso_forecast,2208,2025-12-28 07:00:00+00:00,8565.28,8503.1075,,2025-09-26 18:00:00+00:00,2025-12-27 17:00:00+00:00
historical_mock_realized,2025-12-27,2025-12-27 18:00:00+00:00,BE,load,tso_reference,TSO forecast,tso_forecast,2208,2025-12-28 08:00:00+00:00,9069.44,9045.825,,2025-09-26 18:00:00+00:00,2025-12-27 17:00:00+00:00
historical_mock_realized,2025-12-27,2025-12-27 18:00:00+00:00,BE,load,tso_reference,TSO forecast,tso_forecast,2208,2025-12-28 09:00:00+00:00,9471.575,9648.6975,,2025-09-26 18:00:00+00:00,2025-12-27 17:00:00+00:00
historical_mock_realized,2025-12-27,2025-12-27 18:00:00+00:00,BE,load,tso_reference,TSO forecast,tso_forecast,2208,2025-12-28 10:00:00+00:00,9742.67,10184.0775,,2025-09-26 18:00:00+00:00,2025-12-27 17:00:00+00:00
historical_mock_realized,2025-12-27,2025-12-27 18:00:00+00:00,BE,load,tso_reference,TSO forecast,tso_forecast,2208,2025-12-28 11:00:00+00:00,9895.0125,10517.3075,,2025-09-26 18:00:00+00:00,2025-12-27 17:00:00+00:00
historical_mock_realized,2025-12-27,2025-12-27 18:00:00+00:00,BE,load,tso_reference,TSO forecast,tso_forecast,2208,2025-12-28 12:00:00+00:00,9757.7375,10396.9825,,2025-09-26 18:00:00+00:00,2025-12-27 17:00:00+00:00
historical_mock_realized,2025-12-27,2025-12-27 18:00:00+00:00,BE,load,tso_reference,TSO forecast,tso_forecast,2208,2025-12-28 13:00:00+00:00,9565.685,10040.9425,,2025-09-26 18:00:00+00:00,2025-12-27 17:00:00+00:00
historical_mock_realized,2025-12-27,2025-12-27 18:00:00+00:00,BE,load,tso_reference,TSO forecast,tso_forecast,2208,2025-12-28 14:00:00+00:00,9482.6675,9538.5225,,2025-09-26 18:00:00+00:00,2025-12-27 17:00:00+00:00
historical_mock_realized,2025-12-27,2025-12-27 18:00:00+00:00,BE,load,tso_reference,TSO forecast,tso_forecast,2208,2025-12-28 15:00:00+00:00,9626.1425,9473.325,,2025-09-26 18:00:00+00:00,2025-12-27 17:00:00+00:00
historical_mock_realized,2025-12-27,2025-12-27 18:00:00+00:00,BE,load,tso_reference,TSO forecast,tso_forecast,2208,2025-12-28 16:00:00+00:00,10058.1975,10020.845,,2025-09-26 18:00:00+00:00,2025-12-27 17:00:00+00:00
historical_mock_realized,2025-12-27,2025-12-27 18:00:00+00:00,BE,load,tso_reference,TSO forecast,tso_forecast,2208,2025-12-28 17:00:00+00:00,10169.7575,10074.7725,,2025-09-26 18:00:00+00:00,2025-12-27 17:00:00+00:00
historical_mock_realized,2025-12-27,2025-12-27 18:00:00+00:00,FR,load,tso_reference,TSO forecast,tso_forecast,2208,2025-12-27 18:00:00+00:00,65025.0,68539.93,,2025-09-26 18:00:00+00:00,2025-12-27 17:00:00+00:00
historical_mock_realized,2025-12-27,2025-12-27 18:00:00+00:00,FR,load,tso_reference,TSO forecast,tso_forecast,2208,2025-12-27 19:00:00+00:00,62950.0,66468.055,,2025-09-26 18:00:00+00:00,2025-12-27 17:00:00+00:00
historical_mock_realized,2025-12-27,2025-12-27 18:00:00+00:00,FR,load,tso_reference,TSO forecast,tso_forecast,2208,2025-12-27 20:00:00+00:00,60700.0,64572.4025,,2025-09-26 18:00:00+00:00,2025-12-27 17:00:00+00:00
historical_mock_realized,2025-12-27,2025-12-27 18:00:00+00:00,FR,load,tso_reference,TSO forecast,tso_forecast,2208,2025-12-27 21:00:00+00:00,60975.0,65580.4925,,2025-09-26 18:00:00+00:00,2025-12-27 17:00:00+00:00
historical_mock_realized,2025-12-27,2025-12-27 18:00:00+00:00,FR,load,tso_reference,TSO forecast,tso_forecast,2208,2025-12-27 22:00:00+00:00,62775.0,65691.3475,,2025-09-26 18:00:00+00:00,2025-12-27 17:00:00+00:00
historical_mock_realized,2025-12-27,2025-12-27 18:00:00+00:00,FR,load,tso_reference,TSO forecast,tso_forecast,2208,2025-12-27 23:00:00+00:00,61887.5,64133.77,,2025-09-26 18:00:00+00:00,2025-12-27 17:00:00+00:00
historical_mock_realized,2025-12-27,2025-12-27 18:00:00+00:00,FR,load,tso_reference,TSO forecast,tso_forecast,2208,2025-12-28 00:00:00+00:00,60200.0,62365.45,,2025-09-26 18:00:00+00:00,2025-12-27 17:00:00+00:00
historical_mock_realized,2025-12-27,2025-12-27 18:00:00+00:00,FR,load,tso_reference,TSO forecast,tso_forecast,2208,2025-12-28 01:00:00+00:00,59050.0,60656.885,,2025-09-26 18:00:00+00:00,2025-12-27 17:00:00+00:00
historical_mock_realized,2025-12-27,2025-12-27 18:00:00+00:00,FR,load,tso_reference,TSO forecast,tso_forecast,2208,2025-12-28 02:00:00+00:00,56625.0,58353.21,,2025-09-26 18:00:00+00:00,2025-12-27 17:00:00+00:00
historical_mock_realized,2025-12-27,2025-12-27 18:00:00+00:00,FR,load,tso_reference,TSO forecast,tso_forecast,2208,2025-12-28 03:00:00+00:00,55512.5,57317.32,,2025-09-26 18:00:00+00:00,2025-12-27 17:00:00+00:00
historical_mock_realized,2025-12-27,2025-12-27 18:00:00+00:00,FR,load,tso_reference,TSO forecast,tso_forecast,2208,2025-12-28 04:00:00+00:00,55562.5,57302.8525,,2025-09-26 18:00:00+00:00,2025-12-27 17:00:00+00:00
historical_mock_realized,2025-12-27,2025-12-27 18:00:00+00:00,FR,load,tso_reference,TSO forecast,tso_forecast,2208,2025-12-28 05:00:00+00:00,56700.0,58302.4075,,2025-09-26 18:00:00+00:00,2025-12-27 17:00:00+00:00
historical_mock_realized,2025-12-27,2025-12-27 18:00:00+00:00,FR,load,tso_reference,TSO forecast,tso_forecast,2208,2025-12-28 06:00:00+00:00,58250.0,59923.8525,,2025-09-26 18:00:00+00:00,2025-12-27 17:00:00+00:00
historical_mock_realized,2025-12-27,2025-12-27 18:00:00+00:00,FR,load,tso_reference,TSO forecast,tso_forecast,2208,2025-12-28 07:00:00+00:00,59900.0,61760.76,,2025-09-26 18:00:00+00:00,2025-12-27 17:00:00+00:00
historical_mock_realized,2025-12-27,2025-12-27 18:00:00+00:00,FR,load,tso_reference,TSO forecast,tso_forecast,2208,2025-12-28 08:00:00+00:00,62250.0,63790.35,,2025-09-26 18:00:00+00:00,2025-12-27 17:00:00+00:00
historical_mock_realized,2025-12-27,2025-12-27 18:00:00+00:00,FR,load,tso_reference,TSO forecast,tso_forecast,2208,2025-12-28 09:00:00+00:00,64762.5,65445.337499999994,,2025-09-26 18:00:00+00:00,2025-12-27 17:00:00+00:00
historical_mock_realized,2025-12-27,2025-12-27 18:00:00+00:00,FR,load,tso_reference,TSO forecast,tso_forecast,2208,2025-12-28 10:00:00+00:00,65475.0,66103.3575,,2025-09-26 18:00:00+00:00,2025-12-27 17:00:00+00:00
historical_mock_realized,2025-12-27,2025-12-27 18:00:00+00:00,FR,load,tso_reference,TSO forecast,tso_forecast,2208,2025-12-28 11:00:00+00:00,66037.5,67134.69750000001,,2025-09-26 18:00:00+00:00,2025-12-27 17:00:00+00:00
historical_mock_realized,2025-12-27,2025-12-27 18:00:00+00:00,FR,load,tso_reference,TSO forecast,tso_forecast,2208,2025-12-28 12:00:00+00:00,64650.0,64488.93,,2025-09-26 18:00:00+00:00,2025-12-27 17:00:00+00:00
historical_mock_realized,2025-12-27,2025-12-27 18:00:00+00:00,FR,load,tso_reference,TSO forecast,tso_forecast,2208,2025-12-28 13:00:00+00:00,61362.5,61972.23,,2025-09-26 18:00:00+00:00,2025-12-27 17:00:00+00:00
historical_mock_realized,2025-12-27,2025-12-27 18:00:00+00:00,FR,load,tso_reference,TSO forecast,tso_forecast,2208,2025-12-28 14:00:00+00:00,59250.0,60312.6625,,2025-09-26 18:00:00+00:00,2025-12-27 17:00:00+00:00
historical_mock_realized,2025-12-27,2025-12-27 18:00:00+00:00,FR,load,tso_reference,TSO forecast,tso_forecast,2208,2025-12-28 15:00:00+00:00,58537.5,60107.3225,,2025-09-26 18:00:00+00:00,2025-12-27 17:00:00+00:00
historical_mock_realized,2025-12-27,2025-12-27 18:00:00+00:00,FR,load,tso_reference,TSO forecast,tso_forecast,2208,2025-12-28 16:00:00+00:00,61150.0,63393.58,,2025-09-26 18:00:00+00:00,2025-12-27 17:00:00+00:00
historical_mock_realized,2025-12-27,2025-12-27 18:00:00+00:00,FR,load,tso_reference,TSO forecast,tso_forecast,2208,2025-12-28 17:00:00+00:00,65500.0,67062.975,,2025-09-26 18:00:00+00:00,2025-12-27 17:00:00+00:00
historical_mock_realized,2025-12-27,2025-12-27 18:00:00+00:00,DE,load,tso_reference,TSO forecast,tso_forecast,2208,2025-12-27 18:00:00+00:00,54343.493419,59704.8453025,,2025-09-26 18:00:00+00:00,2025-12-27 17:00:00+00:00
historical_mock_realized,2025-12-27,2025-12-27 18:00:00+00:00,DE,load,tso_reference,TSO forecast,tso_forecast,2208,2025-12-27 19:00:00+00:00,51604.20208375,56859.0014725,,2025-09-26 18:00:00+00:00,2025-12-27 17:00:00+00:00
historical_mock_realized,2025-12-27,2025-12-27 18:00:00+00:00,DE,load,tso_reference,TSO forecast,tso_forecast,2208,2025-12-27 20:00:00+00:00,49379.51273375,54123.2482925,,2025-09-26 18:00:00+00:00,2025-12-27 17:00:00+00:00
historical_mock_realized,2025-12-27,2025-12-27 18:00:00+00:00,DE,load,tso_reference,TSO forecast,tso_forecast,2208,2025-12-27 21:00:00+00:00,47505.997251,52325.52334,,2025-09-26 18:00:00+00:00,2025-12-27 17:00:00+00:00
historical_mock_realized,2025-12-27,2025-12-27 18:00:00+00:00,DE,load,tso_reference,TSO forecast,tso_forecast,2208,2025-12-27 22:00:00+00:00,45026.587732,49931.592424999995,,2025-09-26 18:00:00+00:00,2025-12-27 17:00:00+00:00
historical_mock_realized,2025-12-27,2025-12-27 18:00:00+00:00,DE,load,tso_reference,TSO forecast,tso_forecast,2208,2025-12-27 23:00:00+00:00,43557.82111375,47257.783715,,2025-09-26 18:00:00+00:00,2025-12-27 17:00:00+00:00
historical_mock_realized,2025-12-27,2025-12-27 18:00:00+00:00,DE,load,tso_reference,TSO forecast,tso_forecast,2208,2025-12-28 00:00:00+00:00,42093.3501895,44832.198535,,2025-09-26 18:00:00+00:00,2025-12-27 17:00:00+00:00
historical_mock_realized,2025-12-27,2025-12-27 18:00:00+00:00,DE,load,tso_reference,TSO forecast,tso_forecast,2208,2025-12-28 01:00:00+00:00,41341.4081975,43119.7591775,,2025-09-26 18:00:00+00:00,2025-12-27 17:00:00+00:00
historical_mock_realized,2025-12-27,2025-12-27 18:00:00+00:00,DE,load,tso_reference,TSO forecast,tso_forecast,2208,2025-12-28 02:00:00+00:00,41102.9947575,42958.6458,,2025-09-26 18:00:00+00:00,2025-12-27 17:00:00+00:00
historical_mock_realized,2025-12-27,2025-12-27 18:00:00+00:00,DE,load,tso_reference,TSO forecast,tso_forecast,2208,2025-12-28 03:00:00+00:00,41403.88722975,43308.818655,,2025-09-26 18:00:00+00:00,2025-12-27 17:00:00+00:00
historical_mock_realized,2025-12-27,2025-12-27 18:00:00+00:00,DE,load,tso_reference,TSO forecast,tso_forecast,2208,2025-12-28 04:00:00+00:00,42422.742432,43830.89901,,2025-09-26 18:00:00+00:00,2025-12-27 17:00:00+00:00
historical_mock_realized,2025-12-27,2025-12-27 18:00:00+00:00,DE,load,tso_reference,TSO forecast,tso_forecast,2208,2025-12-28 05:00:00+00:00,44671.306315,44344.2798975,,2025-09-26 18:00:00+00:00,2025-12-27 17:00:00+00:00
historical_mock_realized,2025-12-27,2025-12-27 18:00:00+00:00,DE,load,tso_reference,TSO forecast,tso_forecast,2208,2025-12-28 06:00:00+00:00,47539.10574825,46178.220915,,2025-09-26 18:00:00+00:00,2025-12-27 17:00:00+00:00
historical_mock_realized,2025-12-27,2025-12-27 18:00:00+00:00,DE,load,tso_reference,TSO forecast,tso_forecast,2208,2025-12-28 07:00:00+00:00,50621.469261,49157.2454975,,2025-09-26 18:00:00+00:00,2025-12-27 17:00:00+00:00
historical_mock_realized,2025-12-27,2025-12-27 18:00:00+00:00,DE,load,tso_reference,TSO forecast,tso_forecast,2208,2025-12-28 08:00:00+00:00,53182.9051765,50636.82059,,2025-09-26 18:00:00+00:00,2025-12-27 17:00:00+00:00
historical_mock_realized,2025-12-27,2025-12-27 18:00:00+00:00,DE,load,tso_reference,TSO forecast,tso_forecast,2208,2025-12-28 09:00:00+00:00,55077.822009,52211.09391,,2025-09-26 18:00:00+00:00,2025-12-27 17:00:00+00:00
historical_mock_realized,2025-12-27,2025-12-27 18:00:00+00:00,DE,load,tso_reference,TSO forecast,tso_forecast,2208,2025-12-28 10:00:00+00:00,56210.9687465,53468.899135,,2025-09-26 18:00:00+00:00,2025-12-27 17:00:00+00:00
historical_mock_realized,2025-12-27,2025-12-27 18:00:00+00:00,DE,load,tso_reference,TSO forecast,tso_forecast,2208,2025-12-28 11:00:00+00:00,55739.0199355,53321.760125,,2025-09-26 18:00:00+00:00,2025-12-27 17:00:00+00:00
historical_mock_realized,2025-12-27,2025-12-27 18:00:00+00:00,DE,load,tso_reference,TSO forecast,tso_forecast,2208,2025-12-28 12:00:00+00:00,54640.034579750005,51393.07492,,2025-09-26 18:00:00+00:00,2025-12-27 17:00:00+00:00
historical_mock_realized,2025-12-27,2025-12-27 18:00:00+00:00,DE,load,tso_reference,TSO forecast,tso_forecast,2208,2025-12-28 13:00:00+00:00,53644.489862,50760.6505325,,2025-09-26 18:00:00+00:00,2025-12-27 17:00:00+00:00
historical_mock_realized,2025-12-27,2025-12-27 18:00:00+00:00,DE,load,tso_reference,TSO forecast,tso_forecast,2208,2025-12-28 14:00:00+00:00,53629.02992875,52224.836015,,2025-09-26 18:00:00+00:00,2025-12-27 17:00:00+00:00
historical_mock_realized,2025-12-27,2025-12-27 18:00:00+00:00,DE,load,tso_reference,TSO forecast,tso_forecast,2208,2025-12-28 15:00:00+00:00,54811.34507725,54035.937565,,2025-09-26 18:00:00+00:00,2025-12-27 17:00:00+00:00
historical_mock_realized,2025-12-27,2025-12-27 18:00:00+00:00,DE,load,tso_reference,TSO forecast,tso_forecast,2208,2025-12-28 16:00:00+00:00,56967.6152825,57278.214495,,2025-09-26 18:00:00+00:00,2025-12-27 17:00:00+00:00
historical_mock_realized,2025-12-27,2025-12-27 18:00:00+00:00,DE,load,tso_reference,TSO forecast,tso_forecast,2208,2025-12-28 17:00:00+00:00,58032.55339525,58082.03903,,2025-09-26 18:00:00+00:00,2025-12-27 17:00:00+00:00
historical_mock_realized,2025-12-27,2025-12-27 18:00:00+00:00,BE,load,persistence,Persistence,weekly_persistence,2208,2025-12-27 18:00:00+00:00,9902.58,10146.4625,,2025-09-26 18:00:00+00:00,2025-12-27 17:00:00+00:00
historical_mock_realized,2025-12-27,2025-12-27 18:00:00+00:00,BE,load,persistence,Persistence,weekly_persistence,2208,2025-12-27 19:00:00+00:00,9454.365,9658.955,,2025-09-26 18:00:00+00:00,2025-12-27 17:00:00+00:00
historical_mock_realized,2025-12-27,2025-12-27 18:00:00+00:00,BE,load,persistence,Persistence,weekly_persistence,2208,2025-12-27 20:00:00+00:00,9040.965,9304.6375,,2025-09-26 18:00:00+00:00,2025-12-27 17:00:00+00:00
historical_mock_realized,2025-12-27,2025-12-27 18:00:00+00:00,BE,load,persistence,Persistence,weekly_persistence,2208,2025-12-27 21:00:00+00:00,8838.015,9117.0525,,2025-09-26 18:00:00+00:00,2025-12-27 17:00:00+00:00
historical_mock_realized,2025-12-27,2025-12-27 18:00:00+00:00,BE,load,persistence,Persistence,weekly_persistence,2208,2025-12-27 22:00:00+00:00,8700.6425,8897.5475,,2025-09-26 18:00:00+00:00,2025-12-27 17:00:00+00:00
historical_mock_realized,2025-12-27,2025-12-27 18:00:00+00:00,BE,load,persistence,Persistence,weekly_persistence,2208,2025-12-27 23:00:00+00:00,8266.885,8416.66,,2025-09-26 18:00:00+00:00,2025-12-27 17:00:00+00:00
historical_mock_realized,2025-12-27,2025-12-27 18:00:00+00:00,BE,load,persistence,Persistence,weekly_persistence,2208,2025-12-28 00:00:00+00:00,7921.7725,8038.0325,,2025-09-26 18:00:00+00:00,2025-12-27 17:00:00+00:00
historical_mock_realized,2025-12-27,2025-12-27 18:00:00+00:00,BE,load,persistence,Persistence,weekly_persistence,2208,2025-12-28 01:00:00+00:00,7779.3975,7718.8025,,2025-09-26 18:00:00+00:00,2025-12-27 17:00:00+00:00
historical_mock_realized,2025-12-27,2025-12-27 18:00:00+00:00,BE,load,persistence,Persistence,weekly_persistence,2208,2025-12-28 02:00:00+00:00,7635.955,7560.3,,2025-09-26 18:00:00+00:00,2025-12-27 17:00:00+00:00
historical_mock_realized,2025-12-27,2025-12-27 18:00:00+00:00,BE,load,persistence,Persistence,weekly_persistence,2208,2025-12-28 03:00:00+00:00,7531.5325,7516.975,,2025-09-26 18:00:00+00:00,2025-12-27 17:00:00+00:00
historical_mock_realized,2025-12-27,2025-12-27 18:00:00+00:00,BE,load,persistence,Persistence,weekly_persistence,2208,2025-12-28 04:00:00+00:00,7562.76,7560.1225,,2025-09-26 18:00:00+00:00,2025-12-27 17:00:00+00:00
historical_mock_realized,2025-12-27,2025-12-27 18:00:00+00:00,BE,load,persistence,Persistence,weekly_persistence,2208,2025-12-28 05:00:00+00:00,7764.110000000001,7796.2925,,2025-09-26 18:00:00+00:00,2025-12-27 17:00:00+00:00
historical_mock_realized,2025-12-27,2025-12-27 18:00:00+00:00,BE,load,persistence,Persistence,weekly_persistence,2208,2025-12-28 06:00:00+00:00,8082.495,8037.5575,,2025-09-26 18:00:00+00:00,2025-12-27 17:00:00+00:00
historical_mock_realized,2025-12-27,2025-12-27 18:00:00+00:00,BE,load,persistence,Persistence,weekly_persistence,2208,2025-12-28 07:00:00+00:00,8516.029999999999,8503.1075,,2025-09-26 18:00:00+00:00,2025-12-27 17:00:00+00:00
historical_mock_realized,2025-12-27,2025-12-27 18:00:00+00:00,BE,load,persistence,Persistence,weekly_persistence,2208,2025-12-28 08:00:00+00:00,9053.315,9045.825,,2025-09-26 18:00:00+00:00,2025-12-27 17:00:00+00:00
historical_mock_realized,2025-12-27,2025-12-27 18:00:00+00:00,BE,load,persistence,Persistence,weekly_persistence,2208,2025-12-28 09:00:00+00:00,9566.9275,9648.6975,,2025-09-26 18:00:00+00:00,2025-12-27 17:00:00+00:00
historical_mock_realized,2025-12-27,2025-12-27 18:00:00+00:00,BE,load,persistence,Persistence,weekly_persistence,2208,2025-12-28 10:00:00+00:00,9711.0975,10184.0775,,2025-09-26 18:00:00+00:00,2025-12-27 17:00:00+00:00
historical_mock_realized,2025-12-27,2025-12-27 18:00:00+00:00,BE,load,persistence,Persistence,weekly_persistence,2208,2025-12-28 11:00:00+00:00,9722.5675,10517.3075,,2025-09-26 18:00:00+00:00,2025-12-27 17:00:00+00:00
historical_mock_realized,2025-12-27,2025-12-27 18:00:00+00:00,BE,load,persistence,Persistence,weekly_persistence,2208,2025-12-28 12:00:00+00:00,9626.585,10396.9825,,2025-09-26 18:00:00+00:00,2025-12-27 17:00:00+00:00
historical_mock_realized,2025-12-27,2025-12-27 18:00:00+00:00,BE,load,persistence,Persistence,weekly_persistence,2208,2025-12-28 13:00:00+00:00,9466.735,10040.9425,,2025-09-26 18:00:00+00:00,2025-12-27 17:00:00+00:00
historical_mock_realized,2025-12-27,2025-12-27 18:00:00+00:00,BE,load,persistence,Persistence,weekly_persistence,2208,2025-12-28 14:00:00+00:00,9304.915,9538.5225,,2025-09-26 18:00:00+00:00,2025-12-27 17:00:00+00:00
historical_mock_realized,2025-12-27,2025-12-27 18:00:00+00:00,BE,load,persistence,Persistence,weekly_persistence,2208,2025-12-28 15:00:00+00:00,9510.8075,9473.325,,2025-09-26 18:00:00+00:00,2025-12-27 17:00:00+00:00
historical_mock_realized,2025-12-27,2025-12-27 18:00:00+00:00,BE,load,persistence,Persistence,weekly_persistence,2208,2025-12-28 16:00:00+00:00,10053.71,10020.845,,2025-09-26 18:00:00+00:00,2025-12-27 17:00:00+00:00
historical_mock_realized,2025-12-27,2025-12-27 18:00:00+00:00,BE,load,persistence,Persistence,weekly_persistence,2208,2025-12-28 17:00:00+00:00,10200.57,10074.7725,,2025-09-26 18:00:00+00:00,2025-12-27 17:00:00+00:00
historical_mock_realized,2025-12-27,2025-12-27 18:00:00+00:00,FR,load,persistence,Persistence,weekly_persistence,2208,2025-12-27 18:00:00+00:00,56547.302500000005,68539.93,,2025-09-26 18:00:00+00:00,2025-12-27 17:00:00+00:00
historical_mock_realized,2025-12-27,2025-12-27 18:00:00+00:00,FR,load,persistence,Persistence,weekly_persistence,2208,2025-12-27 19:00:00+00:00,53844.75,66468.055,,2025-09-26 18:00:00+00:00,2025-12-27 17:00:00+00:00
historical_mock_realized,2025-12-27,2025-12-27 18:00:00+00:00,FR,load,persistence,Persistence,weekly_persistence,2208,2025-12-27 20:00:00+00:00,51622.380000000005,64572.4025,,2025-09-26 18:00:00+00:00,2025-12-27 17:00:00+00:00
historical_mock_realized,2025-12-27,2025-12-27 18:00:00+00:00,FR,load,persistence,Persistence,weekly_persistence,2208,2025-12-27 21:00:00+00:00,52277.985,65580.4925,,2025-09-26 18:00:00+00:00,2025-12-27 17:00:00+00:00
historical_mock_realized,2025-12-27,2025-12-27 18:00:00+00:00,FR,load,persistence,Persistence,weekly_persistence,2208,2025-12-27 22:00:00+00:00,52627.525,65691.3475,,2025-09-26 18:00:00+00:00,2025-12-27 17:00:00+00:00
historical_mock_realized,2025-12-27,2025-12-27 18:00:00+00:00,FR,load,persistence,Persistence,weekly_persistence,2208,2025-12-27 23:00:00+00:00,50757.2325,64133.77,,2025-09-26 18:00:00+00:00,2025-12-27 17:00:00+00:00
historical_mock_realized,2025-12-27,2025-12-27 18:00:00+00:00,FR,load,persistence,Persistence,weekly_persistence,2208,2025-12-28 00:00:00+00:00,48585.72,62365.45,,2025-09-26 18:00:00+00:00,2025-12-27 17:00:00+00:00
historical_mock_realized,2025-12-27,2025-12-27 18:00:00+00:00,FR,load,persistence,Persistence,weekly_persistence,2208,2025-12-28 01:00:00+00:00,46638.515,60656.885,,2025-09-26 18:00:00+00:00,2025-12-27 17:00:00+00:00
historical_mock_realized,2025-12-27,2025-12-27 18:00:00+00:00,FR,load,persistence,Persistence,weekly_persistence,2208,2025-12-28 02:00:00+00:00,44295.555,58353.21,,2025-09-26 18:00:00+00:00,2025-12-27 17:00:00+00:00
historical_mock_realized,2025-12-27,2025-12-27 18:00:00+00:00,FR,load,persistence,Persistence,weekly_persistence,2208,2025-12-28 03:00:00+00:00,43290.8275,57317.32,,2025-09-26 18:00:00+00:00,2025-12-27 17:00:00+00:00
historical_mock_realized,2025-12-27,2025-12-27 18:00:00+00:00,FR,load,persistence,Persistence,weekly_persistence,2208,2025-12-28 04:00:00+00:00,43527.5375,57302.8525,,2025-09-26 18:00:00+00:00,2025-12-27 17:00:00+00:00
historical_mock_realized,2025-12-27,2025-12-27 18:00:00+00:00,FR,load,persistence,Persistence,weekly_persistence,2208,2025-12-28 05:00:00+00:00,44498.1825,58302.4075,,2025-09-26 18:00:00+00:00,2025-12-27 17:00:00+00:00
historical_mock_realized,2025-12-27,2025-12-27 18:00:00+00:00,FR,load,persistence,Persistence,weekly_persistence,2208,2025-12-28 06:00:00+00:00,45795.5075,59923.8525,,2025-09-26 18:00:00+00:00,2025-12-27 17:00:00+00:00
historical_mock_realized,2025-12-27,2025-12-27 18:00:00+00:00,FR,load,persistence,Persistence,weekly_persistence,2208,2025-12-28 07:00:00+00:00,47831.7125,61760.76,,2025-09-26 18:00:00+00:00,2025-12-27 17:00:00+00:00
historical_mock_realized,2025-12-27,2025-12-27 18:00:00+00:00,FR,load,persistence,Persistence,weekly_persistence,2208,2025-12-28 08:00:00+00:00,50412.365000000005,63790.35,,2025-09-26 18:00:00+00:00,2025-12-27 17:00:00+00:00
historical_mock_realized,2025-12-27,2025-12-27 18:00:00+00:00,FR,load,persistence,Persistence,weekly_persistence,2208,2025-12-28 09:00:00+00:00,52774.7575,65445.337499999994,,2025-09-26 18:00:00+00:00,2025-12-27 17:00:00+00:00
historical_mock_realized,2025-12-27,2025-12-27 18:00:00+00:00,FR,load,persistence,Persistence,weekly_persistence,2208,2025-12-28 10:00:00+00:00,54618.26,66103.3575,,2025-09-26 18:00:00+00:00,2025-12-27 17:00:00+00:00
historical_mock_realized,2025-12-27,2025-12-27 18:00:00+00:00,FR,load,persistence,Persistence,weekly_persistence,2208,2025-12-28 11:00:00+00:00,56411.3575,67134.69750000001,,2025-09-26 18:00:00+00:00,2025-12-27 17:00:00+00:00
historical_mock_realized,2025-12-27,2025-12-27 18:00:00+00:00,FR,load,persistence,Persistence,weekly_persistence,2208,2025-12-28 12:00:00+00:00,54532.375,64488.93,,2025-09-26 18:00:00+00:00,2025-12-27 17:00:00+00:00
historical_mock_realized,2025-12-27,2025-12-27 18:00:00+00:00,FR,load,persistence,Persistence,weekly_persistence,2208,2025-12-28 13:00:00+00:00,53024.4025,61972.23,,2025-09-26 18:00:00+00:00,2025-12-27 17:00:00+00:00
historical_mock_realized,2025-12-27,2025-12-27 18:00:00+00:00,FR,load,persistence,Persistence,weekly_persistence,2208,2025-12-28 14:00:00+00:00,51745.0375,60312.6625,,2025-09-26 18:00:00+00:00,2025-12-27 17:00:00+00:00
historical_mock_realized,2025-12-27,2025-12-27 18:00:00+00:00,FR,load,persistence,Persistence,weekly_persistence,2208,2025-12-28 15:00:00+00:00,50955.075,60107.3225,,2025-09-26 18:00:00+00:00,2025-12-27 17:00:00+00:00
historical_mock_realized,2025-12-27,2025-12-27 18:00:00+00:00,FR,load,persistence,Persistence,weekly_persistence,2208,2025-12-28 16:00:00+00:00,53157.3275,63393.58,,2025-09-26 18:00:00+00:00,2025-12-27 17:00:00+00:00
historical_mock_realized,2025-12-27,2025-12-27 18:00:00+00:00,FR,load,persistence,Persistence,weekly_persistence,2208,2025-12-28 17:00:00+00:00,55538.88,67062.975,,2025-09-26 18:00:00+00:00,2025-12-27 17:00:00+00:00
historical_mock_realized,2025-12-27,2025-12-27 18:00:00+00:00,DE,load,persistence,Persistence,weekly_persistence,2208,2025-12-27 18:00:00+00:00,55705.450785,59704.8453025,,2025-09-26 18:00:00+00:00,2025-12-27 17:00:00+00:00
historical_mock_realized,2025-12-27,2025-12-27 18:00:00+00:00,DE,load,persistence,Persistence,weekly_persistence,2208,2025-12-27 19:00:00+00:00,52941.571905,56859.0014725,,2025-09-26 18:00:00+00:00,2025-12-27 17:00:00+00:00
historical_mock_realized,2025-12-27,2025-12-27 18:00:00+00:00,DE,load,persistence,Persistence,weekly_persistence,2208,2025-12-27 20:00:00+00:00,50630.659055,54123.2482925,,2025-09-26 18:00:00+00:00,2025-12-27 17:00:00+00:00
historical_mock_realized,2025-12-27,2025-12-27 18:00:00+00:00,DE,load,persistence,Persistence,weekly_persistence,2208,2025-12-27 21:00:00+00:00,48684.4154825,52325.52334,,2025-09-26 18:00:00+00:00,2025-12-27 17:00:00+00:00
historical_mock_realized,2025-12-27,2025-12-27 18:00:00+00:00,DE,load,persistence,Persistence,weekly_persistence,2208,2025-12-27 22:00:00+00:00,46345.7965,49931.592424999995,,2025-09-26 18:00:00+00:00,2025-12-27 17:00:00+00:00
historical_mock_realized,2025-12-27,2025-12-27 18:00:00+00:00,DE,load,persistence,Persistence,weekly_persistence,2208,2025-12-27 23:00:00+00:00,43270.3420075,47257.783715,,2025-09-26 18:00:00+00:00,2025-12-27 17:00:00+00:00
historical_mock_realized,2025-12-27,2025-12-27 18:00:00+00:00,DE,load,persistence,Persistence,weekly_persistence,2208,2025-12-28 00:00:00+00:00,41541.9858875,44832.198535,,2025-09-26 18:00:00+00:00,2025-12-27 17:00:00+00:00
historical_mock_realized,2025-12-27,2025-12-27 18:00:00+00:00,DE,load,persistence,Persistence,weekly_persistence,2208,2025-12-28 01:00:00+00:00,40602.06899,43119.7591775,,2025-09-26 18:00:00+00:00,2025-12-27 17:00:00+00:00
historical_mock_realized,2025-12-27,2025-12-27 18:00:00+00:00,DE,load,persistence,Persistence,weekly_persistence,2208,2025-12-28 02:00:00+00:00,40604.71499,42958.6458,,2025-09-26 18:00:00+00:00,2025-12-27 17:00:00+00:00
historical_mock_realized,2025-12-27,2025-12-27 18:00:00+00:00,DE,load,persistence,Persistence,weekly_persistence,2208,2025-12-28 03:00:00+00:00,40608.7158925,43308.818655,,2025-09-26 18:00:00+00:00,2025-12-27 17:00:00+00:00
historical_mock_realized,2025-12-27,2025-12-27 18:00:00+00:00,DE,load,persistence,Persistence,weekly_persistence,2208,2025-12-28 04:00:00+00:00,41198.22435,43830.89901,,2025-09-26 18:00:00+00:00,2025-12-27 17:00:00+00:00
historical_mock_realized,2025-12-27,2025-12-27 18:00:00+00:00,DE,load,persistence,Persistence,weekly_persistence,2208,2025-12-28 05:00:00+00:00,41955.925025,44344.2798975,,2025-09-26 18:00:00+00:00,2025-12-27 17:00:00+00:00
historical_mock_realized,2025-12-27,2025-12-27 18:00:00+00:00,DE,load,persistence,Persistence,weekly_persistence,2208,2025-12-28 06:00:00+00:00,44267.4908575,46178.220915,,2025-09-26 18:00:00+00:00,2025-12-27 17:00:00+00:00
historical_mock_realized,2025-12-27,2025-12-27 18:00:00+00:00,DE,load,persistence,Persistence,weekly_persistence,2208,2025-12-28 07:00:00+00:00,47007.9728325,49157.2454975,,2025-09-26 18:00:00+00:00,2025-12-27 17:00:00+00:00
historical_mock_realized,2025-12-27,2025-12-27 18:00:00+00:00,DE,load,persistence,Persistence,weekly_persistence,2208,2025-12-28 08:00:00+00:00,49775.6171475,50636.82059,,2025-09-26 18:00:00+00:00,2025-12-27 17:00:00+00:00
historical_mock_realized,2025-12-27,2025-12-27 18:00:00+00:00,DE,load,persistence,Persistence,weekly_persistence,2208,2025-12-28 09:00:00+00:00,51941.681115,52211.09391,,2025-09-26 18:00:00+00:00,2025-12-27 17:00:00+00:00
historical_mock_realized,2025-12-27,2025-12-27 18:00:00+00:00,DE,load,persistence,Persistence,weekly_persistence,2208,2025-12-28 10:00:00+00:00,53558.1004225,53468.899135,,2025-09-26 18:00:00+00:00,2025-12-27 17:00:00+00:00
historical_mock_realized,2025-12-27,2025-12-27 18:00:00+00:00,DE,load,persistence,Persistence,weekly_persistence,2208,2025-12-28 11:00:00+00:00,53513.74374,53321.760125,,2025-09-26 18:00:00+00:00,2025-12-27 17:00:00+00:00
historical_mock_realized,2025-12-27,2025-12-27 18:00:00+00:00,DE,load,persistence,Persistence,weekly_persistence,2208,2025-12-28 12:00:00+00:00,51702.78414,51393.07492,,2025-09-26 18:00:00+00:00,2025-12-27 17:00:00+00:00
historical_mock_realized,2025-12-27,2025-12-27 18:00:00+00:00,DE,load,persistence,Persistence,weekly_persistence,2208,2025-12-28 13:00:00+00:00,50668.33278,50760.6505325,,2025-09-26 18:00:00+00:00,2025-12-27 17:00:00+00:00
historical_mock_realized,2025-12-27,2025-12-27 18:00:00+00:00,DE,load,persistence,Persistence,weekly_persistence,2208,2025-12-28 14:00:00+00:00,51161.03829,52224.836015,,2025-09-26 18:00:00+00:00,2025-12-27 17:00:00+00:00
historical_mock_realized,2025-12-27,2025-12-27 18:00:00+00:00,DE,load,persistence,Persistence,weekly_persistence,2208,2025-12-28 15:00:00+00:00,52972.054645,54035.937565,,2025-09-26 18:00:00+00:00,2025-12-27 17:00:00+00:00
historical_mock_realized,2025-12-27,2025-12-27 18:00:00+00:00,DE,load,persistence,Persistence,weekly_persistence,2208,2025-12-28 16:00:00+00:00,55598.495755,57278.214495,,2025-09-26 18:00:00+00:00,2025-12-27 17:00:00+00:00
historical_mock_realized,2025-12-27,2025-12-27 18:00:00+00:00,DE,load,persistence,Persistence,weekly_persistence,2208,2025-12-28 17:00:00+00:00,56467.0212975,58082.03903,,2025-09-26 18:00:00+00:00,2025-12-27 17:00:00+00:00
historical_mock_realized,2025-12-27,2025-12-27 18:00:00+00:00,BE,load,ridge_3mo_context,Ridge with covariates,selected_covariates+tso_forecast,2208,2025-12-27 18:00:00+00:00,10146.564008645217,10146.4625,,2025-09-26 18:00:00+00:00,2025-12-27 17:00:00+00:00
historical_mock_realized,2025-12-27,2025-12-27 18:00:00+00:00,BE,load,ridge_3mo_context,Ridge with covariates,selected_covariates+tso_forecast,2208,2025-12-27 19:00:00+00:00,9688.972541822308,9658.955,,2025-09-26 18:00:00+00:00,2025-12-27 17:00:00+00:00
historical_mock_realized,2025-12-27,2025-12-27 18:00:00+00:00,BE,load,ridge_3mo_context,Ridge with covariates,selected_covariates+tso_forecast,2208,2025-12-27 20:00:00+00:00,9245.403520674095,9304.6375,,2025-09-26 18:00:00+00:00,2025-12-27 17:00:00+00:00
historical_mock_realized,2025-12-27,2025-12-27 18:00:00+00:00,BE,load,ridge_3mo_context,Ridge with covariates,selected_covariates+tso_forecast,2208,2025-12-27 21:00:00+00:00,8934.205054965347,9117.0525,,2025-09-26 18:00:00+00:00,2025-12-27 17:00:00+00:00
historical_mock_realized,2025-12-27,2025-12-27 18:00:00+00:00,BE,load,ridge_3mo_context,Ridge with covariates,selected_covariates+tso_forecast,2208,2025-12-27 22:00:00+00:00,8729.565877472589,8897.5475,,2025-09-26 18:00:00+00:00,2025-12-27 17:00:00+00:00
historical_mock_realized,2025-12-27,2025-12-27 18:00:00+00:00,BE,load,ridge_3mo_context,Ridge with covariates,selected_covariates+tso_forecast,2208,2025-12-27 23:00:00+00:00,8496.094308141766,8416.66,,2025-09-26 18:00:00+00:00,2025-12-27 17:00:00+00:00
historical_mock_realized,2025-12-27,2025-12-27 18:00:00+00:00,BE,load,ridge_3mo_context,Ridge with covariates,selected_covariates+tso_forecast,2208,2025-12-28 00:00:00+00:00,8320.605011989908,8038.0325,,2025-09-26 18:00:00+00:00,2025-12-27 17:00:00+00:00
historical_mock_realized,2025-12-27,2025-12-27 18:00:00+00:00,BE,load,ridge_3mo_context,Ridge with covariates,selected_covariates+tso_forecast,2208,2025-12-28 01:00:00+00:00,8179.239554742604,7718.8025,,2025-09-26 18:00:00+00:00,2025-12-27 17:00:00+00:00
historical_mock_realized,2025-12-27,2025-12-27 18:00:00+00:00,BE,load,ridge_3mo_context,Ridge with covariates,selected_covariates+tso_forecast,2208,2025-12-28 02:00:00+00:00,8064.754812422246,7560.3,,2025-09-26 18:00:00+00:00,2025-12-27 17:00:00+00:00
historical_mock_realized,2025-12-27,2025-12-27 18:00:00+00:00,BE,load,ridge_3mo_context,Ridge with covariates,selected_covariates+tso_forecast,2208,2025-12-28 03:00:00+00:00,8012.653426669594,7516.975,,2025-09-26 18:00:00+00:00,2025-12-27 17:00:00+00:00
historical_mock_realized,2025-12-27,2025-12-27 18:00:00+00:00,BE,load,ridge_3mo_context,Ridge with covariates,selected_covariates+tso_forecast,2208,2025-12-28 04:00:00+00:00,8056.741040187547,7560.1225,,2025-09-26 18:00:00+00:00,2025-12-27 17:00:00+00:00
historical_mock_realized,2025-12-27,2025-12-27 18:00:00+00:00,BE,load,ridge_3mo_context,Ridge with covariates,selected_covariates+tso_forecast,2208,2025-12-28 05:00:00+00:00,8220.67785596517,7796.2925,,2025-09-26 18:00:00+00:00,2025-12-27 17:00:00+00:00
historical_mock_realized,2025-12-27,2025-12-27 18:00:00+00:00,BE,load,ridge_3mo_context,Ridge with covariates,selected_covariates+tso_forecast,2208,2025-12-28 06:00:00+00:00,8438.63908719534,8037.5575,,2025-09-26 18:00:00+00:00,2025-12-27 17:00:00+00:00
historical_mock_realized,2025-12-27,2025-12-27 18:00:00+00:00,BE,load,ridge_3mo_context,Ridge with covariates,selected_covariates+tso_forecast,2208,2025-12-28 07:00:00+00:00,8774.221398789581,8503.1075,,2025-09-26 18:00:00+00:00,2025-12-27 17:00:00+00:00
historical_mock_realized,2025-12-27,2025-12-27 18:00:00+00:00,BE,load,ridge_3mo_context,Ridge with covariates,selected_covariates+tso_forecast,2208,2025-12-28 08:00:00+00:00,9177.494654644386,9045.825,,2025-09-26 18:00:00+00:00,2025-12-27 17:00:00+00:00
historical_mock_realized,2025-12-27,2025-12-27 18:00:00+00:00,BE,load,ridge_3mo_context,Ridge with covariates,selected_covariates+tso_forecast,2208,2025-12-28 09:00:00+00:00,9569.460572614584,9648.6975,,2025-09-26 18:00:00+00:00,2025-12-27 17:00:00+00:00
historical_mock_realized,2025-12-27,2025-12-27 18:00:00+00:00,BE,load,ridge_3mo_context,Ridge with covariates,selected_covariates+tso_forecast,2208,2025-12-28 10:00:00+00:00,9882.773020915369,10184.0775,,2025-09-26 18:00:00+00:00,2025-12-27 17:00:00+00:00
historical_mock_realized,2025-12-27,2025-12-27 18:00:00+00:00,BE,load,ridge_3mo_context,Ridge with covariates,selected_covariates+tso_forecast,2208,2025-12-28 11:00:00+00:00,10084.66116166636,10517.3075,,2025-09-26 18:00:00+00:00,2025-12-27 17:00:00+00:00
historical_mock_realized,2025-12-27,2025-12-27 18:00:00+00:00,BE,load,ridge_3mo_context,Ridge with covariates,selected_covariates+tso_forecast,2208,2025-12-28 12:00:00+00:00,10113.765845034795,10396.9825,,2025-09-26 18:00:00+00:00,2025-12-27 17:00:00+00:00
historical_mock_realized,2025-12-27,2025-12-27 18:00:00+00:00,BE,load,ridge_3mo_context,Ridge with covariates,selected_covariates+tso_forecast,2208,2025-12-28 13:00:00+00:00,9985.780103370704,10040.9425,,2025-09-26 18:00:00+00:00,2025-12-27 17:00:00+00:00
historical_mock_realized,2025-12-27,2025-12-27 18:00:00+00:00,BE,load,ridge_3mo_context,Ridge with covariates,selected_covariates+tso_forecast,2208,2025-12-28 14:00:00+00:00,9786.30547014436,9538.5225,,2025-09-26 18:00:00+00:00,2025-12-27 17:00:00+00:00
historical_mock_realized,2025-12-27,2025-12-27 18:00:00+00:00,BE,load,ridge_3mo_context,Ridge with covariates,selected_covariates+tso_forecast,2208,2025-12-28 15:00:00+00:00,9639.221921737211,9473.325,,2025-09-26 18:00:00+00:00,2025-12-27 17:00:00+00:00
historical_mock_realized,2025-12-27,2025-12-27 18:00:00+00:00,BE,load,ridge_3mo_context,Ridge with covariates,selected_covariates+tso_forecast,2208,2025-12-28 16:00:00+00:00,9652.284371295043,10020.845,,2025-09-26 18:00:00+00:00,2025-12-27 17:00:00+00:00
historical_mock_realized,2025-12-27,2025-12-27 18:00:00+00:00,BE,load,ridge_3mo_context,Ridge with covariates,selected_covariates+tso_forecast,2208,2025-12-28 17:00:00+00:00,9660.898089586142,10074.7725,,2025-09-26 18:00:00+00:00,2025-12-27 17:00:00+00:00
historical_mock_realized,2025-12-27,2025-12-27 18:00:00+00:00,FR,load,ridge_3mo_context,Ridge with covariates,selected_covariates+tso_forecast,2208,2025-12-27 18:00:00+00:00,65378.68651267322,68539.93,,2025-09-26 18:00:00+00:00,2025-12-27 17:00:00+00:00
historical_mock_realized,2025-12-27,2025-12-27 18:00:00+00:00,FR,load,ridge_3mo_context,Ridge with covariates,selected_covariates+tso_forecast,2208,2025-12-27 19:00:00+00:00,63237.42920569326,66468.055,,2025-09-26 18:00:00+00:00,2025-12-27 17:00:00+00:00
historical_mock_realized,2025-12-27,2025-12-27 18:00:00+00:00,FR,load,ridge_3mo_context,Ridge with covariates,selected_covariates+tso_forecast,2208,2025-12-27 20:00:00+00:00,61034.66677819064,64572.4025,,2025-09-26 18:00:00+00:00,2025-12-27 17:00:00+00:00
historical_mock_realized,2025-12-27,2025-12-27 18:00:00+00:00,FR,load,ridge_3mo_context,Ridge with covariates,selected_covariates+tso_forecast,2208,2025-12-27 21:00:00+00:00,60793.95136913672,65580.4925,,2025-09-26 18:00:00+00:00,2025-12-27 17:00:00+00:00
historical_mock_realized,2025-12-27,2025-12-27 18:00:00+00:00,FR,load,ridge_3mo_context,Ridge with covariates,selected_covariates+tso_forecast,2208,2025-12-27 22:00:00+00:00,62101.44574406918,65691.3475,,2025-09-26 18:00:00+00:00,2025-12-27 17:00:00+00:00
historical_mock_realized,2025-12-27,2025-12-27 18:00:00+00:00,FR,load,ridge_3mo_context,Ridge with covariates,selected_covariates+tso_forecast,2208,2025-12-27 23:00:00+00:00,61754.71327948719,64133.77,,2025-09-26 18:00:00+00:00,2025-12-27 17:00:00+00:00
historical_mock_realized,2025-12-27,2025-12-27 18:00:00+00:00,FR,load,ridge_3mo_context,Ridge with covariates,selected_covariates+tso_forecast,2208,2025-12-28 00:00:00+00:00,60503.21760690612,62365.45,,2025-09-26 18:00:00+00:00,2025-12-27 17:00:00+00:00
historical_mock_realized,2025-12-27,2025-12-27 18:00:00+00:00,FR,load,ridge_3mo_context,Ridge with covariates,selected_covariates+tso_forecast,2208,2025-12-28 01:00:00+00:00,59415.81456516469,60656.885,,2025-09-26 18:00:00+00:00,2025-12-27 17:00:00+00:00
historical_mock_realized,2025-12-27,2025-12-27 18:00:00+00:00,FR,load,ridge_3mo_context,Ridge with covariates,selected_covariates+tso_forecast,2208,2025-12-28 02:00:00+00:00,57420.002784772165,58353.21,,2025-09-26 18:00:00+00:00,2025-12-27 17:00:00+00:00
historical_mock_realized,2025-12-27,2025-12-27 18:00:00+00:00,FR,load,ridge_3mo_context,Ridge with covariates,selected_covariates+tso_forecast,2208,2025-12-28 03:00:00+00:00,56208.18463209944,57317.32,,2025-09-26 18:00:00+00:00,2025-12-27 17:00:00+00:00
historical_mock_realized,2025-12-27,2025-12-27 18:00:00+00:00,FR,load,ridge_3mo_context,Ridge with covariates,selected_covariates+tso_forecast,2208,2025-12-28 04:00:00+00:00,56070.49421604288,57302.8525,,2025-09-26 18:00:00+00:00,2025-12-27 17:00:00+00:00
historical_mock_realized,2025-12-27,2025-12-27 18:00:00+00:00,FR,load,ridge_3mo_context,Ridge with covariates,selected_covariates+tso_forecast,2208,2025-12-28 05:00:00+00:00,56977.05403912136,58302.4075,,2025-09-26 18:00:00+00:00,2025-12-27 17:00:00+00:00
historical_mock_realized,2025-12-27,2025-12-27 18:00:00+00:00,FR,load,ridge_3mo_context,Ridge with covariates,selected_covariates+tso_forecast,2208,2025-12-28 06:00:00+00:00,58425.08566643589,59923.8525,,2025-09-26 18:00:00+00:00,2025-12-27 17:00:00+00:00
historical_mock_realized,2025-12-27,2025-12-27 18:00:00+00:00,FR,load,ridge_3mo_context,Ridge with covariates,selected_covariates+tso_forecast,2208,2025-12-28 07:00:00+00:00,60053.14513288572,61760.76,,2025-09-26 18:00:00+00:00,2025-12-27 17:00:00+00:00
historical_mock_realized,2025-12-27,2025-12-27 18:00:00+00:00,FR,load,ridge_3mo_context,Ridge with covariates,selected_covariates+tso_forecast,2208,2025-12-28 08:00:00+00:00,62209.90837010569,63790.35,,2025-09-26 18:00:00+00:00,2025-12-27 17:00:00+00:00
historical_mock_realized,2025-12-27,2025-12-27 18:00:00+00:00,FR,load,ridge_3mo_context,Ridge with covariates,selected_covariates+tso_forecast,2208,2025-12-28 09:00:00+00:00,64535.97905240432,65445.337499999994,,2025-09-26 18:00:00+00:00,2025-12-27 17:00:00+00:00
historical_mock_realized,2025-12-27,2025-12-27 18:00:00+00:00,FR,load,ridge_3mo_context,Ridge with covariates,selected_covariates+tso_forecast,2208,2025-12-28 10:00:00+00:00,65524.64825116117,66103.3575,,2025-09-26 18:00:00+00:00,2025-12-27 17:00:00+00:00
historical_mock_realized,2025-12-27,2025-12-27 18:00:00+00:00,FR,load,ridge_3mo_context,Ridge with covariates,selected_covariates+tso_forecast,2208,2025-12-28 11:00:00+00:00,66100.26225231933,67134.69750000001,,2025-09-26 18:00:00+00:00,2025-12-27 17:00:00+00:00
historical_mock_realized,2025-12-27,2025-12-27 18:00:00+00:00,FR,load,ridge_3mo_context,Ridge with covariates,selected_covariates+tso_forecast,2208,2025-12-28 12:00:00+00:00,65045.86568098106,64488.93,,2025-09-26 18:00:00+00:00,2025-12-27 17:00:00+00:00
historical_mock_realized,2025-12-27,2025-12-27 18:00:00+00:00,FR,load,ridge_3mo_context,Ridge with covariates,selected_covariates+tso_forecast,2208,2025-12-28 13:00:00+00:00,62222.55832632462,61972.23,,2025-09-26 18:00:00+00:00,2025-12-27 17:00:00+00:00
historical_mock_realized,2025-12-27,2025-12-27 18:00:00+00:00,FR,load,ridge_3mo_context,Ridge with covariates,selected_covariates+tso_forecast,2208,2025-12-28 14:00:00+00:00,59878.55531781906,60312.6625,,2025-09-26 18:00:00+00:00,2025-12-27 17:00:00+00:00
historical_mock_realized,2025-12-27,2025-12-27 18:00:00+00:00,FR,load,ridge_3mo_context,Ridge with covariates,selected_covariates+tso_forecast,2208,2025-12-28 15:00:00+00:00,58733.79257770315,60107.3225,,2025-09-26 18:00:00+00:00,2025-12-27 17:00:00+00:00
historical_mock_realized,2025-12-27,2025-12-27 18:00:00+00:00,FR,load,ridge_3mo_context,Ridge with covariates,selected_covariates+tso_forecast,2208,2025-12-28 16:00:00+00:00,60425.914233264375,63393.58,,2025-09-26 18:00:00+00:00,2025-12-27 17:00:00+00:00
historical_mock_realized,2025-12-27,2025-12-27 18:00:00+00:00,FR,load,ridge_3mo_context,Ridge with covariates,selected_covariates+tso_forecast,2208,2025-12-28 17:00:00+00:00,64051.68177451065,67062.975,,2025-09-26 18:00:00+00:00,2025-12-27 17:00:00+00:00
historical_mock_realized,2025-12-27,2025-12-27 18:00:00+00:00,DE,load,ridge_3mo_context,Ridge with covariates,selected_covariates+tso_forecast,2208,2025-12-27 18:00:00+00:00,57024.25633382124,59704.8453025,,2025-09-26 18:00:00+00:00,2025-12-27 17:00:00+00:00
historical_mock_realized,2025-12-27,2025-12-27 18:00:00+00:00,DE,load,ridge_3mo_context,Ridge with covariates,selected_covariates+tso_forecast,2208,2025-12-27 19:00:00+00:00,53363.091078802674,56859.0014725,,2025-09-26 18:00:00+00:00,2025-12-27 17:00:00+00:00
historical_mock_realized,2025-12-27,2025-12-27 18:00:00+00:00,DE,load,ridge_3mo_context,Ridge with covariates,selected_covariates+tso_forecast,2208,2025-12-27 20:00:00+00:00,50506.583069017346,54123.2482925,,2025-09-26 18:00:00+00:00,2025-12-27 17:00:00+00:00
historical_mock_realized,2025-12-27,2025-12-27 18:00:00+00:00,DE,load,ridge_3mo_context,Ridge with covariates,selected_covariates+tso_forecast,2208,2025-12-27 21:00:00+00:00,48294.71339536662,52325.52334,,2025-09-26 18:00:00+00:00,2025-12-27 17:00:00+00:00
historical_mock_realized,2025-12-27,2025-12-27 18:00:00+00:00,DE,load,ridge_3mo_context,Ridge with covariates,selected_covariates+tso_forecast,2208,2025-12-27 22:00:00+00:00,46085.06237732147,49931.592424999995,,2025-09-26 18:00:00+00:00,2025-12-27 17:00:00+00:00
historical_mock_realized,2025-12-27,2025-12-27 18:00:00+00:00,DE,load,ridge_3mo_context,Ridge with covariates,selected_covariates+tso_forecast,2208,2025-12-27 23:00:00+00:00,44256.52304165791,47257.783715,,2025-09-26 18:00:00+00:00,2025-12-27 17:00:00+00:00
historical_mock_realized,2025-12-27,2025-12-27 18:00:00+00:00,DE,load,ridge_3mo_context,Ridge with covariates,selected_covariates+tso_forecast,2208,2025-12-28 00:00:00+00:00,42833.89724182993,44832.198535,,2025-09-26 18:00:00+00:00,2025-12-27 17:00:00+00:00
historical_mock_realized,2025-12-27,2025-12-27 18:00:00+00:00,DE,load,ridge_3mo_context,Ridge with covariates,selected_covariates+tso_forecast,2208,2025-12-28 01:00:00+00:00,41921.00833624243,43119.7591775,,2025-09-26 18:00:00+00:00,2025-12-27 17:00:00+00:00
historical_mock_realized,2025-12-27,2025-12-27 18:00:00+00:00,DE,load,ridge_3mo_context,Ridge with covariates,selected_covariates+tso_forecast,2208,2025-12-28 02:00:00+00:00,41534.287213434545,42958.6458,,2025-09-26 18:00:00+00:00,2025-12-27 17:00:00+00:00
historical_mock_realized,2025-12-27,2025-12-27 18:00:00+00:00,DE,load,ridge_3mo_context,Ridge with covariates,selected_covariates+tso_forecast,2208,2025-12-28 03:00:00+00:00,41621.3018262282,43308.818655,,2025-09-26 18:00:00+00:00,2025-12-27 17:00:00+00:00
historical_mock_realized,2025-12-27,2025-12-27 18:00:00+00:00,DE,load,ridge_3mo_context,Ridge with covariates,selected_covariates+tso_forecast,2208,2025-12-28 04:00:00+00:00,42256.41254863949,43830.89901,,2025-09-26 18:00:00+00:00,2025-12-27 17:00:00+00:00
historical_mock_realized,2025-12-27,2025-12-27 18:00:00+00:00,DE,load,ridge_3mo_context,Ridge with covariates,selected_covariates+tso_forecast,2208,2025-12-28 05:00:00+00:00,43702.869757372864,44344.2798975,,2025-09-26 18:00:00+00:00,2025-12-27 17:00:00+00:00
historical_mock_realized,2025-12-27,2025-12-27 18:00:00+00:00,DE,load,ridge_3mo_context,Ridge with covariates,selected_covariates+tso_forecast,2208,2025-12-28 06:00:00+00:00,45918.61047787441,46178.220915,,2025-09-26 18:00:00+00:00,2025-12-27 17:00:00+00:00
historical_mock_realized,2025-12-27,2025-12-27 18:00:00+00:00,DE,load,ridge_3mo_context,Ridge with covariates,selected_covariates+tso_forecast,2208,2025-12-28 07:00:00+00:00,48620.11685765312,49157.2454975,,2025-09-26 18:00:00+00:00,2025-12-27 17:00:00+00:00
historical_mock_realized,2025-12-27,2025-12-27 18:00:00+00:00,DE,load,ridge_3mo_context,Ridge with covariates,selected_covariates+tso_forecast,2208,2025-12-28 08:00:00+00:00,51236.775250125895,50636.82059,,2025-09-26 18:00:00+00:00,2025-12-27 17:00:00+00:00
historical_mock_realized,2025-12-27,2025-12-27 18:00:00+00:00,DE,load,ridge_3mo_context,Ridge with covariates,selected_covariates+tso_forecast,2208,2025-12-28 09:00:00+00:00,53360.91081933148,52211.09391,,2025-09-26 18:00:00+00:00,2025-12-27 17:00:00+00:00
historical_mock_realized,2025-12-27,2025-12-27 18:00:00+00:00,DE,load,ridge_3mo_context,Ridge with covariates,selected_covariates+tso_forecast,2208,2025-12-28 10:00:00+00:00,54831.877566522795,53468.899135,,2025-09-26 18:00:00+00:00,2025-12-27 17:00:00+00:00
historical_mock_realized,2025-12-27,2025-12-27 18:00:00+00:00,DE,load,ridge_3mo_context,Ridge with covariates,selected_covariates+tso_forecast,2208,2025-12-28 11:00:00+00:00,55084.65921840888,53321.760125,,2025-09-26 18:00:00+00:00,2025-12-27 17:00:00+00:00
historical_mock_realized,2025-12-27,2025-12-27 18:00:00+00:00,DE,load,ridge_3mo_context,Ridge with covariates,selected_covariates+tso_forecast,2208,2025-12-28 12:00:00+00:00,54238.30109052619,51393.07492,,2025-09-26 18:00:00+00:00,2025-12-27 17:00:00+00:00
historical_mock_realized,2025-12-27,2025-12-27 18:00:00+00:00,DE,load,ridge_3mo_context,Ridge with covariates,selected_covariates+tso_forecast,2208,2025-12-28 13:00:00+00:00,52983.58949022822,50760.6505325,,2025-09-26 18:00:00+00:00,2025-12-27 17:00:00+00:00
historical_mock_realized,2025-12-27,2025-12-27 18:00:00+00:00,DE,load,ridge_3mo_context,Ridge with covariates,selected_covariates+tso_forecast,2208,2025-12-28 14:00:00+00:00,52217.549156825866,52224.836015,,2025-09-26 18:00:00+00:00,2025-12-27 17:00:00+00:00
historical_mock_realized,2025-12-27,2025-12-27 18:00:00+00:00,DE,load,ridge_3mo_context,Ridge with covariates,selected_covariates+tso_forecast,2208,2025-12-28 15:00:00+00:00,52517.19455046099,54035.937565,,2025-09-26 18:00:00+00:00,2025-12-27 17:00:00+00:00
historical_mock_realized,2025-12-27,2025-12-27 18:00:00+00:00,DE,load,ridge_3mo_context,Ridge with covariates,selected_covariates+tso_forecast,2208,2025-12-28 16:00:00+00:00,53918.57855287082,57278.214495,,2025-09-26 18:00:00+00:00,2025-12-27 17:00:00+00:00
historical_mock_realized,2025-12-27,2025-12-27 18:00:00+00:00,DE,load,ridge_3mo_context,Ridge with covariates,selected_covariates+tso_forecast,2208,2025-12-28 17:00:00+00:00,55213.05621960567,58082.03903,,2025-09-26 18:00:00+00:00,2025-12-27 17:00:00+00:00
historical_mock_realized,2025-12-27,2025-12-27 18:00:00+00:00,BE,solar,tso_reference,TSO forecast,tso_forecast,2208,2025-12-27 18:00:00+00:00,0.0,0.0,,2025-09-26 18:00:00+00:00,2025-12-27 17:00:00+00:00
historical_mock_realized,2025-12-27,2025-12-27 18:00:00+00:00,BE,solar,tso_reference,TSO forecast,tso_forecast,2208,2025-12-27 19:00:00+00:00,0.0,0.0,,2025-09-26 18:00:00+00:00,2025-12-27 17:00:00+00:00
historical_mock_realized,2025-12-27,2025-12-27 18:00:00+00:00,BE,solar,tso_reference,TSO forecast,tso_forecast,2208,2025-12-27 20:00:00+00:00,0.0,0.0,,2025-09-26 18:00:00+00:00,2025-12-27 17:00:00+00:00
historical_mock_realized,2025-12-27,2025-12-27 18:00:00+00:00,BE,solar,tso_reference,TSO forecast,tso_forecast,2208,2025-12-27 21:00:00+00:00,0.0,0.0,,2025-09-26 18:00:00+00:00,2025-12-27 17:00:00+00:00
historical_mock_realized,2025-12-27,2025-12-27 18:00:00+00:00,BE,solar,tso_reference,TSO forecast,tso_forecast,2208,2025-12-27 22:00:00+00:00,0.0,0.0,,2025-09-26 18:00:00+00:00,2025-12-27 17:00:00+00:00
historical_mock_realized,2025-12-27,2025-12-27 18:00:00+00:00,BE,solar,tso_reference,TSO forecast,tso_forecast,2208,2025-12-27 23:00:00+00:00,0.0,0.0,,2025-09-26 18:00:00+00:00,2025-12-27 17:00:00+00:00
historical_mock_realized,2025-12-27,2025-12-27 18:00:00+00:00,BE,solar,tso_reference,TSO forecast,tso_forecast,2208,2025-12-28 00:00:00+00:00,0.0,0.0,,2025-09-26 18:00:00+00:00,2025-12-27 17:00:00+00:00
historical_mock_realized,2025-12-27,2025-12-27 18:00:00+00:00,BE,solar,tso_reference,TSO forecast,tso_forecast,2208,2025-12-28 01:00:00+00:00,0.0,0.0,,2025-09-26 18:00:00+00:00,2025-12-27 17:00:00+00:00
historical_mock_realized,2025-12-27,2025-12-27 18:00:00+00:00,BE,solar,tso_reference,TSO forecast,tso_forecast,2208,2025-12-28 02:00:00+00:00,0.0,0.0,,2025-09-26 18:00:00+00:00,2025-12-27 17:00:00+00:00
historical_mock_realized,2025-12-27,2025-12-27 18:00:00+00:00,BE,solar,tso_reference,TSO forecast,tso_forecast,2208,2025-12-28 03:00:00+00:00,0.0,0.0,,2025-09-26 18:00:00+00:00,2025-12-27 17:00:00+00:00
historical_mock_realized,2025-12-27,2025-12-27 18:00:00+00:00,BE,solar,tso_reference,TSO forecast,tso_forecast,2208,2025-12-28 04:00:00+00:00,0.0,0.0,,2025-09-26 18:00:00+00:00,2025-12-27 17:00:00+00:00
historical_mock_realized,2025-12-27,2025-12-27 18:00:00+00:00,BE,solar,tso_reference,TSO forecast,tso_forecast,2208,2025-12-28 05:00:00+00:00,0.0,0.0,,2025-09-26 18:00:00+00:00,2025-12-27 17:00:00+00:00
historical_mock_realized,2025-12-27,2025-12-27 18:00:00+00:00,BE,solar,tso_reference,TSO forecast,tso_forecast,2208,2025-12-28 06:00:00+00:00,0.0,0.0,,2025-09-26 18:00:00+00:00,2025-12-27 17:00:00+00:00
historical_mock_realized,2025-12-27,2025-12-27 18:00:00+00:00,BE,solar,tso_reference,TSO forecast,tso_forecast,2208,2025-12-28 07:00:00+00:00,3.44875,0.76025,,2025-09-26 18:00:00+00:00,2025-12-27 17:00:00+00:00
historical_mock_realized,2025-12-27,2025-12-27 18:00:00+00:00,BE,solar,tso_reference,TSO forecast,tso_forecast,2208,2025-12-28 08:00:00+00:00,238.51375,276.443,,2025-09-26 18:00:00+00:00,2025-12-27 17:00:00+00:00
historical_mock_realized,2025-12-27,2025-12-27 18:00:00+00:00,BE,solar,tso_reference,TSO forecast,tso_forecast,2208,2025-12-28 09:00:00+00:00,695.307501,1208.697,,2025-09-26 18:00:00+00:00,2025-12-27 17:00:00+00:00
historical_mock_realized,2025-12-27,2025-12-27 18:00:00+00:00,BE,solar,tso_reference,TSO forecast,tso_forecast,2208,2025-12-28 10:00:00+00:00,1054.8845,2445.958,,2025-09-26 18:00:00+00:00,2025-12-27 17:00:00+00:00
historical_mock_realized,2025-12-27,2025-12-27 18:00:00+00:00,BE,solar,tso_reference,TSO forecast,tso_forecast,2208,2025-12-28 11:00:00+00:00,1250.995998,3462.123,,2025-09-26 18:00:00+00:00,2025-12-27 17:00:00+00:00
historical_mock_realized,2025-12-27,2025-12-27 18:00:00+00:00,BE,solar,tso_reference,TSO forecast,tso_forecast,2208,2025-12-28 12:00:00+00:00,1320.001752,3643.9285,,2025-09-26 18:00:00+00:00,2025-12-27 17:00:00+00:00
historical_mock_realized,2025-12-27,2025-12-27 18:00:00+00:00,BE,solar,tso_reference,TSO forecast,tso_forecast,2208,2025-12-28 13:00:00+00:00,1155.225999,2842.0245,,2025-09-26 18:00:00+00:00,2025-12-27 17:00:00+00:00
historical_mock_realized,2025-12-27,2025-12-27 18:00:00+00:00,BE,solar,tso_reference,TSO forecast,tso_forecast,2208,2025-12-28 14:00:00+00:00,593.97475,1409.3005,,2025-09-26 18:00:00+00:00,2025-12-27 17:00:00+00:00
historical_mock_realized,2025-12-27,2025-12-27 18:00:00+00:00,BE,solar,tso_reference,TSO forecast,tso_forecast,2208,2025-12-28 15:00:00+00:00,69.40475,162.14975,,2025-09-26 18:00:00+00:00,2025-12-27 17:00:00+00:00
historical_mock_realized,2025-12-27,2025-12-27 18:00:00+00:00,BE,solar,tso_reference,TSO forecast,tso_forecast,2208,2025-12-28 16:00:00+00:00,0.0,0.0,,2025-09-26 18:00:00+00:00,2025-12-27 17:00:00+00:00
historical_mock_realized,2025-12-27,2025-12-27 18:00:00+00:00,BE,solar,tso_reference,TSO forecast,tso_forecast,2208,2025-12-28 17:00:00+00:00,0.0,0.0,,2025-09-26 18:00:00+00:00,2025-12-27 17:00:00+00:00
historical_mock_realized,2025-12-27,2025-12-27 18:00:00+00:00,BE,solar,persistence,Persistence,daily_persistence,2208,2025-12-27 18:00:00+00:00,0.0,0.0,,2025-09-26 18:00:00+00:00,2025-12-27 17:00:00+00:00
historical_mock_realized,2025-12-27,2025-12-27 18:00:00+00:00,BE,solar,persistence,Persistence,daily_persistence,2208,2025-12-27 19:00:00+00:00,0.0,0.0,,2025-09-26 18:00:00+00:00,2025-12-27 17:00:00+00:00
historical_mock_realized,2025-12-27,2025-12-27 18:00:00+00:00,BE,solar,persistence,Persistence,daily_persistence,2208,2025-12-27 20:00:00+00:00,0.0,0.0,,2025-09-26 18:00:00+00:00,2025-12-27 17:00:00+00:00
historical_mock_realized,2025-12-27,2025-12-27 18:00:00+00:00,BE,solar,persistence,Persistence,daily_persistence,2208,2025-12-27 21:00:00+00:00,0.0,0.0,,2025-09-26 18:00:00+00:00,2025-12-27 17:00:00+00:00
historical_mock_realized,2025-12-27,2025-12-27 18:00:00+00:00,BE,solar,persistence,Persistence,daily_persistence,2208,2025-12-27 22:00:00+00:00,0.0,0.0,,2025-09-26 18:00:00+00:00,2025-12-27 17:00:00+00:00
historical_mock_realized,2025-12-27,2025-12-27 18:00:00+00:00,BE,solar,persistence,Persistence,daily_persistence,2208,2025-12-27 23:00:00+00:00,0.0,0.0,,2025-09-26 18:00:00+00:00,2025-12-27 17:00:00+00:00
historical_mock_realized,2025-12-27,2025-12-27 18:00:00+00:00,BE,solar,persistence,Persistence,daily_persistence,2208,2025-12-28 00:00:00+00:00,0.0,0.0,,2025-09-26 18:00:00+00:00,2025-12-27 17:00:00+00:00
historical_mock_realized,2025-12-27,2025-12-27 18:00:00+00:00,BE,solar,persistence,Persistence,daily_persistence,2208,2025-12-28 01:00:00+00:00,0.0,0.0,,2025-09-26 18:00:00+00:00,2025-12-27 17:00:00+00:00
historical_mock_realized,2025-12-27,2025-12-27 18:00:00+00:00,BE,solar,persistence,Persistence,daily_persistence,2208,2025-12-28 02:00:00+00:00,0.0,0.0,,2025-09-26 18:00:00+00:00,2025-12-27 17:00:00+00:00
historical_mock_realized,2025-12-27,2025-12-27 18:00:00+00:00,BE,solar,persistence,Persistence,daily_persistence,2208,2025-12-28 03:00:00+00:00,0.0,0.0,,2025-09-26 18:00:00+00:00,2025-12-27 17:00:00+00:00
historical_mock_realized,2025-12-27,2025-12-27 18:00:00+00:00,BE,solar,persistence,Persistence,daily_persistence,2208,2025-12-28 04:00:00+00:00,0.0,0.0,,2025-09-26 18:00:00+00:00,2025-12-27 17:00:00+00:00
historical_mock_realized,2025-12-27,2025-12-27 18:00:00+00:00,BE,solar,persistence,Persistence,daily_persistence,2208,2025-12-28 05:00:00+00:00,0.0,0.0,,2025-09-26 18:00:00+00:00,2025-12-27 17:00:00+00:00
historical_mock_realized,2025-12-27,2025-12-27 18:00:00+00:00,BE,solar,persistence,Persistence,daily_persistence,2208,2025-12-28 06:00:00+00:00,0.0,0.0,,2025-09-26 18:00:00+00:00,2025-12-27 17:00:00+00:00
historical_mock_realized,2025-12-27,2025-12-27 18:00:00+00:00,BE,solar,persistence,Persistence,daily_persistence,2208,2025-12-28 07:00:00+00:00,1.557,0.76025,,2025-09-26 18:00:00+00:00,2025-12-27 17:00:00+00:00
historical_mock_realized,2025-12-27,2025-12-27 18:00:00+00:00,BE,solar,persistence,Persistence,daily_persistence,2208,2025-12-28 08:00:00+00:00,767.38025,276.443,,2025-09-26 18:00:00+00:00,2025-12-27 17:00:00+00:00
historical_mock_realized,2025-12-27,2025-12-27 18:00:00+00:00,BE,solar,persistence,Persistence,daily_persistence,2208,2025-12-28 09:00:00+00:00,2172.17775,1208.697,,2025-09-26 18:00:00+00:00,2025-12-27 17:00:00+00:00
historical_mock_realized,2025-12-27,2025-12-27 18:00:00+00:00,BE,solar,persistence,Persistence,daily_persistence,2208,2025-12-28 10:00:00+00:00,3318.454,2445.958,,2025-09-26 18:00:00+00:00,2025-12-27 17:00:00+00:00
historical_mock_realized,2025-12-27,2025-12-27 18:00:00+00:00,BE,solar,persistence,Persistence,daily_persistence,2208,2025-12-28 11:00:00+00:00,3790.73675,3462.123,,2025-09-26 18:00:00+00:00,2025-12-27 17:00:00+00:00
historical_mock_realized,2025-12-27,2025-12-27 18:00:00+00:00,BE,solar,persistence,Persistence,daily_persistence,2208,2025-12-28 12:00:00+00:00,3679.03,3643.9285,,2025-09-26 18:00:00+00:00,2025-12-27 17:00:00+00:00
historical_mock_realized,2025-12-27,2025-12-27 18:00:00+00:00,BE,solar,persistence,Persistence,daily_persistence,2208,2025-12-28 13:00:00+00:00,2717.97425,2842.0245,,2025-09-26 18:00:00+00:00,2025-12-27 17:00:00+00:00
historical_mock_realized,2025-12-27,2025-12-27 18:00:00+00:00,BE,solar,persistence,Persistence,daily_persistence,2208,2025-12-28 14:00:00+00:00,1336.58375,1409.3005,,2025-09-26 18:00:00+00:00,2025-12-27 17:00:00+00:00
historical_mock_realized,2025-12-27,2025-12-27 18:00:00+00:00,BE,solar,persistence,Persistence,daily_persistence,2208,2025-12-28 15:00:00+00:00,129.793,162.14975,,2025-09-26 18:00:00+00:00,2025-12-27 17:00:00+00:00
historical_mock_realized,2025-12-27,2025-12-27 18:00:00+00:00,BE,solar,persistence,Persistence,daily_persistence,2208,2025-12-28 16:00:00+00:00,0.0,0.0,,2025-09-26 18:00:00+00:00,2025-12-27 17:00:00+00:00
historical_mock_realized,2025-12-27,2025-12-27 18:00:00+00:00,BE,solar,persistence,Persistence,daily_persistence,2208,2025-12-28 17:00:00+00:00,0.0,0.0,,2025-09-26 18:00:00+00:00,2025-12-27 17:00:00+00:00
historical_mock_realized,2025-12-27,2025-12-27 18:00:00+00:00,BE,solar,xgboost_online,XGBoost with covariates,XGBoost_Weather_TSOCov,2208,2025-12-27 18:00:00+00:00,19.119346618652344,0.0,,2025-09-26 18:00:00+00:00,2025-12-27 17:00:00+00:00
historical_mock_realized,2025-12-27,2025-12-27 18:00:00+00:00,BE,solar,xgboost_online,XGBoost with covariates,XGBoost_Weather_TSOCov,2208,2025-12-27 19:00:00+00:00,19.119346618652344,0.0,,2025-09-26 18:00:00+00:00,2025-12-27 17:00:00+00:00
historical_mock_realized,2025-12-27,2025-12-27 18:00:00+00:00,BE,solar,xgboost_online,XGBoost with covariates,XGBoost_Weather_TSOCov,2208,2025-12-27 20:00:00+00:00,19.119346618652344,0.0,,2025-09-26 18:00:00+00:00,2025-12-27 17:00:00+00:00
historical_mock_realized,2025-12-27,2025-12-27 18:00:00+00:00,BE,solar,xgboost_online,XGBoost with covariates,XGBoost_Weather_TSOCov,2208,2025-12-27 21:00:00+00:00,19.119346618652344,0.0,,2025-09-26 18:00:00+00:00,2025-12-27 17:00:00+00:00
historical_mock_realized,2025-12-27,2025-12-27 18:00:00+00:00,BE,solar,xgboost_online,XGBoost with covariates,XGBoost_Weather_TSOCov,2208,2025-12-27 22:00:00+00:00,19.119346618652344,0.0,,2025-09-26 18:00:00+00:00,2025-12-27 17:00:00+00:00
historical_mock_realized,2025-12-27,2025-12-27 18:00:00+00:00,BE,solar,xgboost_online,XGBoost with covariates,XGBoost_Weather_TSOCov,2208,2025-12-27 23:00:00+00:00,19.119346618652344,0.0,,2025-09-26 18:00:00+00:00,2025-12-27 17:00:00+00:00
historical_mock_realized,2025-12-27,2025-12-27 18:00:00+00:00,BE,solar,xgboost_online,XGBoost with covariates,XGBoost_Weather_TSOCov,2208,2025-12-28 00:00:00+00:00,19.119346618652344,0.0,,2025-09-26 18:00:00+00:00,2025-12-27 17:00:00+00:00
historical_mock_realized,2025-12-27,2025-12-27 18:00:00+00:00,BE,solar,xgboost_online,XGBoost with covariates,XGBoost_Weather_TSOCov,2208,2025-12-28 01:00:00+00:00,19.119346618652344,0.0,,2025-09-26 18:00:00+00:00,2025-12-27 17:00:00+00:00
historical_mock_realized,2025-12-27,2025-12-27 18:00:00+00:00,BE,solar,xgboost_online,XGBoost with covariates,XGBoost_Weather_TSOCov,2208,2025-12-28 02:00:00+00:00,19.119346618652344,0.0,,2025-09-26 18:00:00+00:00,2025-12-27 17:00:00+00:00
historical_mock_realized,2025-12-27,2025-12-27 18:00:00+00:00,BE,solar,xgboost_online,XGBoost with covariates,XGBoost_Weather_TSOCov,2208,2025-12-28 03:00:00+00:00,19.119346618652344,0.0,,2025-09-26 18:00:00+00:00,2025-12-27 17:00:00+00:00
historical_mock_realized,2025-12-27,2025-12-27 18:00:00+00:00,BE,solar,xgboost_online,XGBoost with covariates,XGBoost_Weather_TSOCov,2208,2025-12-28 04:00:00+00:00,19.119346618652344,0.0,,2025-09-26 18:00:00+00:00,2025-12-27 17:00:00+00:00
historical_mock_realized,2025-12-27,2025-12-27 18:00:00+00:00,BE,solar,xgboost_online,XGBoost with covariates,XGBoost_Weather_TSOCov,2208,2025-12-28 05:00:00+00:00,19.119346618652344,0.0,,2025-09-26 18:00:00+00:00,2025-12-27 17:00:00+00:00
historical_mock_realized,2025-12-27,2025-12-27 18:00:00+00:00,BE,solar,xgboost_online,XGBoost with covariates,XGBoost_Weather_TSOCov,2208,2025-12-28 06:00:00+00:00,19.119346618652344,0.0,,2025-09-26 18:00:00+00:00,2025-12-27 17:00:00+00:00
historical_mock_realized,2025-12-27,2025-12-27 18:00:00+00:00,BE,solar,xgboost_online,XGBoost with covariates,XGBoost_Weather_TSOCov,2208,2025-12-28 07:00:00+00:00,19.119346618652344,0.76025,,2025-09-26 18:00:00+00:00,2025-12-27 17:00:00+00:00
historical_mock_realized,2025-12-27,2025-12-27 18:00:00+00:00,BE,solar,xgboost_online,XGBoost with covariates,XGBoost_Weather_TSOCov,2208,2025-12-28 08:00:00+00:00,336.36712646484375,276.443,,2025-09-26 18:00:00+00:00,2025-12-27 17:00:00+00:00
historical_mock_realized,2025-12-27,2025-12-27 18:00:00+00:00,BE,solar,xgboost_online,XGBoost with covariates,XGBoost_Weather_TSOCov,2208,2025-12-28 09:00:00+00:00,756.0760498046875,1208.697,,2025-09-26 18:00:00+00:00,2025-12-27 17:00:00+00:00
historical_mock_realized,2025-12-27,2025-12-27 18:00:00+00:00,BE,solar,xgboost_online,XGBoost with covariates,XGBoost_Weather_TSOCov,2208,2025-12-28 10:00:00+00:00,1224.1712646484375,2445.958,,2025-09-26 18:00:00+00:00,2025-12-27 17:00:00+00:00
historical_mock_realized,2025-12-27,2025-12-27 18:00:00+00:00,BE,solar,xgboost_online,XGBoost with covariates,XGBoost_Weather_TSOCov,2208,2025-12-28 11:00:00+00:00,1316.3262939453125,3462.123,,2025-09-26 18:00:00+00:00,2025-12-27 17:00:00+00:00
historical_mock_realized,2025-12-27,2025-12-27 18:00:00+00:00,BE,solar,xgboost_online,XGBoost with covariates,XGBoost_Weather_TSOCov,2208,2025-12-28 12:00:00+00:00,1383.6077880859375,3643.9285,,2025-09-26 18:00:00+00:00,2025-12-27 17:00:00+00:00
historical_mock_realized,2025-12-27,2025-12-27 18:00:00+00:00,BE,solar,xgboost_online,XGBoost with covariates,XGBoost_Weather_TSOCov,2208,2025-12-28 13:00:00+00:00,1148.742919921875,2842.0245,,2025-09-26 18:00:00+00:00,2025-12-27 17:00:00+00:00
historical_mock_realized,2025-12-27,2025-12-27 18:00:00+00:00,BE,solar,xgboost_online,XGBoost with covariates,XGBoost_Weather_TSOCov,2208,2025-12-28 14:00:00+00:00,637.216552734375,1409.3005,,2025-09-26 18:00:00+00:00,2025-12-27 17:00:00+00:00
historical_mock_realized,2025-12-27,2025-12-27 18:00:00+00:00,BE,solar,xgboost_online,XGBoost with covariates,XGBoost_Weather_TSOCov,2208,2025-12-28 15:00:00+00:00,55.53944778442383,162.14975,,2025-09-26 18:00:00+00:00,2025-12-27 17:00:00+00:00
historical_mock_realized,2025-12-27,2025-12-27 18:00:00+00:00,BE,solar,xgboost_online,XGBoost with covariates,XGBoost_Weather_TSOCov,2208,2025-12-28 16:00:00+00:00,19.119346618652344,0.0,,2025-09-26 18:00:00+00:00,2025-12-27 17:00:00+00:00
historical_mock_realized,2025-12-27,2025-12-27 18:00:00+00:00,BE,solar,xgboost_online,XGBoost with covariates,XGBoost_Weather_TSOCov,2208,2025-12-28 17:00:00+00:00,19.119346618652344,0.0,,2025-09-26 18:00:00+00:00,2025-12-27 17:00:00+00:00
historical_mock_realized,2025-12-27,2025-12-27 18:00:00+00:00,FR,solar,tso_reference,TSO forecast,tso_forecast,2208,2025-12-27 18:00:00+00:00,0.0,0.0,,2025-09-26 18:00:00+00:00,2025-12-27 17:00:00+00:00
historical_mock_realized,2025-12-27,2025-12-27 18:00:00+00:00,FR,solar,tso_reference,TSO forecast,tso_forecast,2208,2025-12-27 19:00:00+00:00,0.0,0.0,,2025-09-26 18:00:00+00:00,2025-12-27 17:00:00+00:00
historical_mock_realized,2025-12-27,2025-12-27 18:00:00+00:00,FR,solar,tso_reference,TSO forecast,tso_forecast,2208,2025-12-27 20:00:00+00:00,0.0,0.0,,2025-09-26 18:00:00+00:00,2025-12-27 17:00:00+00:00
historical_mock_realized,2025-12-27,2025-12-27 18:00:00+00:00,FR,solar,tso_reference,TSO forecast,tso_forecast,2208,2025-12-27 21:00:00+00:00,0.0,0.0,,2025-09-26 18:00:00+00:00,2025-12-27 17:00:00+00:00
historical_mock_realized,2025-12-27,2025-12-27 18:00:00+00:00,FR,solar,tso_reference,TSO forecast,tso_forecast,2208,2025-12-27 22:00:00+00:00,0.0,0.0,,2025-09-26 18:00:00+00:00,2025-12-27 17:00:00+00:00
historical_mock_realized,2025-12-27,2025-12-27 18:00:00+00:00,FR,solar,tso_reference,TSO forecast,tso_forecast,2208,2025-12-27 23:00:00+00:00,0.0,0.0,,2025-09-26 18:00:00+00:00,2025-12-27 17:00:00+00:00
historical_mock_realized,2025-12-27,2025-12-27 18:00:00+00:00,FR,solar,tso_reference,TSO forecast,tso_forecast,2208,2025-12-28 00:00:00+00:00,0.0,0.0,,2025-09-26 18:00:00+00:00,2025-12-27 17:00:00+00:00
historical_mock_realized,2025-12-27,2025-12-27 18:00:00+00:00,FR,solar,tso_reference,TSO forecast,tso_forecast,2208,2025-12-28 01:00:00+00:00,0.0,0.0,,2025-09-26 18:00:00+00:00,2025-12-27 17:00:00+00:00
historical_mock_realized,2025-12-27,2025-12-27 18:00:00+00:00,FR,solar,tso_reference,TSO forecast,tso_forecast,2208,2025-12-28 02:00:00+00:00,0.0,0.0,,2025-09-26 18:00:00+00:00,2025-12-27 17:00:00+00:00
historical_mock_realized,2025-12-27,2025-12-27 18:00:00+00:00,FR,solar,tso_reference,TSO forecast,tso_forecast,2208,2025-12-28 03:00:00+00:00,0.0,0.0,,2025-09-26 18:00:00+00:00,2025-12-27 17:00:00+00:00
historical_mock_realized,2025-12-27,2025-12-27 18:00:00+00:00,FR,solar,tso_reference,TSO forecast,tso_forecast,2208,2025-12-28 04:00:00+00:00,0.0,0.0,,2025-09-26 18:00:00+00:00,2025-12-27 17:00:00+00:00
historical_mock_realized,2025-12-27,2025-12-27 18:00:00+00:00,FR,solar,tso_reference,TSO forecast,tso_forecast,2208,2025-12-28 05:00:00+00:00,0.0,0.0,,2025-09-26 18:00:00+00:00,2025-12-27 17:00:00+00:00
historical_mock_realized,2025-12-27,2025-12-27 18:00:00+00:00,FR,solar,tso_reference,TSO forecast,tso_forecast,2208,2025-12-28 06:00:00+00:00,0.0,0.0,,2025-09-26 18:00:00+00:00,2025-12-27 17:00:00+00:00
historical_mock_realized,2025-12-27,2025-12-27 18:00:00+00:00,FR,solar,tso_reference,TSO forecast,tso_forecast,2208,2025-12-28 07:00:00+00:00,0.0,404.52,,2025-09-26 18:00:00+00:00,2025-12-27 17:00:00+00:00
historical_mock_realized,2025-12-27,2025-12-27 18:00:00+00:00,FR,solar,tso_reference,TSO forecast,tso_forecast,2208,2025-12-28 08:00:00+00:00,305.79999,2064.6875,,2025-09-26 18:00:00+00:00,2025-12-27 17:00:00+00:00
historical_mock_realized,2025-12-27,2025-12-27 18:00:00+00:00,FR,solar,tso_reference,TSO forecast,tso_forecast,2208,2025-12-28 09:00:00+00:00,2312.45508,5616.825,,2025-09-26 18:00:00+00:00,2025-12-27 17:00:00+00:00
historical_mock_realized,2025-12-27,2025-12-27 18:00:00+00:00,FR,solar,tso_reference,TSO forecast,tso_forecast,2208,2025-12-28 10:00:00+00:00,5764.71045,8867.07,,2025-09-26 18:00:00+00:00,2025-12-27 17:00:00+00:00
historical_mock_realized,2025-12-27,2025-12-27 18:00:00+00:00,FR,solar,tso_reference,TSO forecast,tso_forecast,2208,2025-12-28 11:00:00+00:00,8665.25098,10649.8875,,2025-09-26 18:00:00+00:00,2025-12-27 17:00:00+00:00
historical_mock_realized,2025-12-27,2025-12-27 18:00:00+00:00,FR,solar,tso_reference,TSO forecast,tso_forecast,2208,2025-12-28 12:00:00+00:00,9932.67676,10628.58,,2025-09-26 18:00:00+00:00,2025-12-27 17:00:00+00:00
historical_mock_realized,2025-12-27,2025-12-27 18:00:00+00:00,FR,solar,tso_reference,TSO forecast,tso_forecast,2208,2025-12-28 13:00:00+00:00,9601.67773,8753.317500000001,,2025-09-26 18:00:00+00:00,2025-12-27 17:00:00+00:00
historical_mock_realized,2025-12-27,2025-12-27 18:00:00+00:00,FR,solar,tso_reference,TSO forecast,tso_forecast,2208,2025-12-28 14:00:00+00:00,7436.62402,5160.8125,,2025-09-26 18:00:00+00:00,2025-12-27 17:00:00+00:00
historical_mock_realized,2025-12-27,2025-12-27 18:00:00+00:00,FR,solar,tso_reference,TSO forecast,tso_forecast,2208,2025-12-28 15:00:00+00:00,3861.06494,1582.6925,,2025-09-26 18:00:00+00:00,2025-12-27 17:00:00+00:00
historical_mock_realized,2025-12-27,2025-12-27 18:00:00+00:00,FR,solar,tso_reference,TSO forecast,tso_forecast,2208,2025-12-28 16:00:00+00:00,958.73499,271.2825,,2025-09-26 18:00:00+00:00,2025-12-27 17:00:00+00:00
historical_mock_realized,2025-12-27,2025-12-27 18:00:00+00:00,FR,solar,tso_reference,TSO forecast,tso_forecast,2208,2025-12-28 17:00:00+00:00,40.88625,221.715,,2025-09-26 18:00:00+00:00,2025-12-27 17:00:00+00:00
historical_mock_realized,2025-12-27,2025-12-27 18:00:00+00:00,FR,solar,persistence,Persistence,daily_persistence,2208,2025-12-27 18:00:00+00:00,0.0,0.0,,2025-09-26 18:00:00+00:00,2025-12-27 17:00:00+00:00
historical_mock_realized,2025-12-27,2025-12-27 18:00:00+00:00,FR,solar,persistence,Persistence,daily_persistence,2208,2025-12-27 19:00:00+00:00,0.0,0.0,,2025-09-26 18:00:00+00:00,2025-12-27 17:00:00+00:00
historical_mock_realized,2025-12-27,2025-12-27 18:00:00+00:00,FR,solar,persistence,Persistence,daily_persistence,2208,2025-12-27 20:00:00+00:00,0.0,0.0,,2025-09-26 18:00:00+00:00,2025-12-27 17:00:00+00:00
historical_mock_realized,2025-12-27,2025-12-27 18:00:00+00:00,FR,solar,persistence,Persistence,daily_persistence,2208,2025-12-27 21:00:00+00:00,0.0,0.0,,2025-09-26 18:00:00+00:00,2025-12-27 17:00:00+00:00
historical_mock_realized,2025-12-27,2025-12-27 18:00:00+00:00,FR,solar,persistence,Persistence,daily_persistence,2208,2025-12-27 22:00:00+00:00,0.0,0.0,,2025-09-26 18:00:00+00:00,2025-12-27 17:00:00+00:00
historical_mock_realized,2025-12-27,2025-12-27 18:00:00+00:00,FR,solar,persistence,Persistence,daily_persistence,2208,2025-12-27 23:00:00+00:00,0.0,0.0,,2025-09-26 18:00:00+00:00,2025-12-27 17:00:00+00:00
historical_mock_realized,2025-12-27,2025-12-27 18:00:00+00:00,FR,solar,persistence,Persistence,daily_persistence,2208,2025-12-28 00:00:00+00:00,0.0,0.0,,2025-09-26 18:00:00+00:00,2025-12-27 17:00:00+00:00
historical_mock_realized,2025-12-27,2025-12-27 18:00:00+00:00,FR,solar,persistence,Persistence,daily_persistence,2208,2025-12-28 01:00:00+00:00,0.0,0.0,,2025-09-26 18:00:00+00:00,2025-12-27 17:00:00+00:00
historical_mock_realized,2025-12-27,2025-12-27 18:00:00+00:00,FR,solar,persistence,Persistence,daily_persistence,2208,2025-12-28 02:00:00+00:00,0.0,0.0,,2025-09-26 18:00:00+00:00,2025-12-27 17:00:00+00:00
historical_mock_realized,2025-12-27,2025-12-27 18:00:00+00:00,FR,solar,persistence,Persistence,daily_persistence,2208,2025-12-28 03:00:00+00:00,0.0,0.0,,2025-09-26 18:00:00+00:00,2025-12-27 17:00:00+00:00
historical_mock_realized,2025-12-27,2025-12-27 18:00:00+00:00,FR,solar,persistence,Persistence,daily_persistence,2208,2025-12-28 04:00:00+00:00,0.0,0.0,,2025-09-26 18:00:00+00:00,2025-12-27 17:00:00+00:00
historical_mock_realized,2025-12-27,2025-12-27 18:00:00+00:00,FR,solar,persistence,Persistence,daily_persistence,2208,2025-12-28 05:00:00+00:00,0.0,0.0,,2025-09-26 18:00:00+00:00,2025-12-27 17:00:00+00:00
historical_mock_realized,2025-12-27,2025-12-27 18:00:00+00:00,FR,solar,persistence,Persistence,daily_persistence,2208,2025-12-28 06:00:00+00:00,0.0,0.0,,2025-09-26 18:00:00+00:00,2025-12-27 17:00:00+00:00
historical_mock_realized,2025-12-27,2025-12-27 18:00:00+00:00,FR,solar,persistence,Persistence,daily_persistence,2208,2025-12-28 07:00:00+00:00,402.1875,404.52,,2025-09-26 18:00:00+00:00,2025-12-27 17:00:00+00:00
historical_mock_realized,2025-12-27,2025-12-27 18:00:00+00:00,FR,solar,persistence,Persistence,daily_persistence,2208,2025-12-28 08:00:00+00:00,1803.2175,2064.6875,,2025-09-26 18:00:00+00:00,2025-12-27 17:00:00+00:00
historical_mock_realized,2025-12-27,2025-12-27 18:00:00+00:00,FR,solar,persistence,Persistence,daily_persistence,2208,2025-12-28 09:00:00+00:00,4835.1725,5616.825,,2025-09-26 18:00:00+00:00,2025-12-27 17:00:00+00:00
historical_mock_realized,2025-12-27,2025-12-27 18:00:00+00:00,FR,solar,persistence,Persistence,daily_persistence,2208,2025-12-28 10:00:00+00:00,7715.12,8867.07,,2025-09-26 18:00:00+00:00,2025-12-27 17:00:00+00:00
historical_mock_realized,2025-12-27,2025-12-27 18:00:00+00:00,FR,solar,persistence,Persistence,daily_persistence,2208,2025-12-28 11:00:00+00:00,9312.255,10649.8875,,2025-09-26 18:00:00+00:00,2025-12-27 17:00:00+00:00
historical_mock_realized,2025-12-27,2025-12-27 18:00:00+00:00,FR,solar,persistence,Persistence,daily_persistence,2208,2025-12-28 12:00:00+00:00,9561.85,10628.58,,2025-09-26 18:00:00+00:00,2025-12-27 17:00:00+00:00
historical_mock_realized,2025-12-27,2025-12-27 18:00:00+00:00,FR,solar,persistence,Persistence,daily_persistence,2208,2025-12-28 13:00:00+00:00,7759.5225,8753.317500000001,,2025-09-26 18:00:00+00:00,2025-12-27 17:00:00+00:00
historical_mock_realized,2025-12-27,2025-12-27 18:00:00+00:00,FR,solar,persistence,Persistence,daily_persistence,2208,2025-12-28 14:00:00+00:00,4284.2125,5160.8125,,2025-09-26 18:00:00+00:00,2025-12-27 17:00:00+00:00
historical_mock_realized,2025-12-27,2025-12-27 18:00:00+00:00,FR,solar,persistence,Persistence,daily_persistence,2208,2025-12-28 15:00:00+00:00,1334.7525,1582.6925,,2025-09-26 18:00:00+00:00,2025-12-27 17:00:00+00:00
historical_mock_realized,2025-12-27,2025-12-27 18:00:00+00:00,FR,solar,persistence,Persistence,daily_persistence,2208,2025-12-28 16:00:00+00:00,310.6225,271.2825,,2025-09-26 18:00:00+00:00,2025-12-27 17:00:00+00:00
historical_mock_realized,2025-12-27,2025-12-27 18:00:00+00:00,FR,solar,persistence,Persistence,daily_persistence,2208,2025-12-28 17:00:00+00:00,261.84000000000003,221.715,,2025-09-26 18:00:00+00:00,2025-12-27 17:00:00+00:00
historical_mock_realized,2025-12-27,2025-12-27 18:00:00+00:00,FR,solar,xgboost_online,XGBoost with covariates,XGBoost_TSOCov,2208,2025-12-27 18:00:00+00:00,57.77022933959961,0.0,,2025-09-26 18:00:00+00:00,2025-12-27 17:00:00+00:00
historical_mock_realized,2025-12-27,2025-12-27 18:00:00+00:00,FR,solar,xgboost_online,XGBoost with covariates,XGBoost_TSOCov,2208,2025-12-27 19:00:00+00:00,57.77022933959961,0.0,,2025-09-26 18:00:00+00:00,2025-12-27 17:00:00+00:00
historical_mock_realized,2025-12-27,2025-12-27 18:00:00+00:00,FR,solar,xgboost_online,XGBoost with covariates,XGBoost_TSOCov,2208,2025-12-27 20:00:00+00:00,57.77022933959961,0.0,,2025-09-26 18:00:00+00:00,2025-12-27 17:00:00+00:00
historical_mock_realized,2025-12-27,2025-12-27 18:00:00+00:00,FR,solar,xgboost_online,XGBoost with covariates,XGBoost_TSOCov,2208,2025-12-27 21:00:00+00:00,57.77022933959961,0.0,,2025-09-26 18:00:00+00:00,2025-12-27 17:00:00+00:00
historical_mock_realized,2025-12-27,2025-12-27 18:00:00+00:00,FR,solar,xgboost_online,XGBoost with covariates,XGBoost_TSOCov,2208,2025-12-27 22:00:00+00:00,57.77022933959961,0.0,,2025-09-26 18:00:00+00:00,2025-12-27 17:00:00+00:00
historical_mock_realized,2025-12-27,2025-12-27 18:00:00+00:00,FR,solar,xgboost_online,XGBoost with covariates,XGBoost_TSOCov,2208,2025-12-27 23:00:00+00:00,57.77022933959961,0.0,,2025-09-26 18:00:00+00:00,2025-12-27 17:00:00+00:00
historical_mock_realized,2025-12-27,2025-12-27 18:00:00+00:00,FR,solar,xgboost_online,XGBoost with covariates,XGBoost_TSOCov,2208,2025-12-28 00:00:00+00:00,57.77022933959961,0.0,,2025-09-26 18:00:00+00:00,2025-12-27 17:00:00+00:00
historical_mock_realized,2025-12-27,2025-12-27 18:00:00+00:00,FR,solar,xgboost_online,XGBoost with covariates,XGBoost_TSOCov,2208,2025-12-28 01:00:00+00:00,57.77022933959961,0.0,,2025-09-26 18:00:00+00:00,2025-12-27 17:00:00+00:00
historical_mock_realized,2025-12-27,2025-12-27 18:00:00+00:00,FR,solar,xgboost_online,XGBoost with covariates,XGBoost_TSOCov,2208,2025-12-28 02:00:00+00:00,57.77022933959961,0.0,,2025-09-26 18:00:00+00:00,2025-12-27 17:00:00+00:00
historical_mock_realized,2025-12-27,2025-12-27 18:00:00+00:00,FR,solar,xgboost_online,XGBoost with covariates,XGBoost_TSOCov,2208,2025-12-28 03:00:00+00:00,57.77022933959961,0.0,,2025-09-26 18:00:00+00:00,2025-12-27 17:00:00+00:00
historical_mock_realized,2025-12-27,2025-12-27 18:00:00+00:00,FR,solar,xgboost_online,XGBoost with covariates,XGBoost_TSOCov,2208,2025-12-28 04:00:00+00:00,57.77022933959961,0.0,,2025-09-26 18:00:00+00:00,2025-12-27 17:00:00+00:00
historical_mock_realized,2025-12-27,2025-12-27 18:00:00+00:00,FR,solar,xgboost_online,XGBoost with covariates,XGBoost_TSOCov,2208,2025-12-28 05:00:00+00:00,57.77022933959961,0.0,,2025-09-26 18:00:00+00:00,2025-12-27 17:00:00+00:00
historical_mock_realized,2025-12-27,2025-12-27 18:00:00+00:00,FR,solar,xgboost_online,XGBoost with covariates,XGBoost_TSOCov,2208,2025-12-28 06:00:00+00:00,57.77022933959961,0.0,,2025-09-26 18:00:00+00:00,2025-12-27 17:00:00+00:00
historical_mock_realized,2025-12-27,2025-12-27 18:00:00+00:00,FR,solar,xgboost_online,XGBoost with covariates,XGBoost_TSOCov,2208,2025-12-28 07:00:00+00:00,418.9325866699219,404.52,,2025-09-26 18:00:00+00:00,2025-12-27 17:00:00+00:00
historical_mock_realized,2025-12-27,2025-12-27 18:00:00+00:00,FR,solar,xgboost_online,XGBoost with covariates,XGBoost_TSOCov,2208,2025-12-28 08:00:00+00:00,1630.7415771484375,2064.6875,,2025-09-26 18:00:00+00:00,2025-12-27 17:00:00+00:00
historical_mock_realized,2025-12-27,2025-12-27 18:00:00+00:00,FR,solar,xgboost_online,XGBoost with covariates,XGBoost_TSOCov,2208,2025-12-28 09:00:00+00:00,3571.03466796875,5616.825,,2025-09-26 18:00:00+00:00,2025-12-27 17:00:00+00:00
historical_mock_realized,2025-12-27,2025-12-27 18:00:00+00:00,FR,solar,xgboost_online,XGBoost with covariates,XGBoost_TSOCov,2208,2025-12-28 10:00:00+00:00,5747.25,8867.07,,2025-09-26 18:00:00+00:00,2025-12-27 17:00:00+00:00
historical_mock_realized,2025-12-27,2025-12-27 18:00:00+00:00,FR,solar,xgboost_online,XGBoost with covariates,XGBoost_TSOCov,2208,2025-12-28 11:00:00+00:00,7823.29296875,10649.8875,,2025-09-26 18:00:00+00:00,2025-12-27 17:00:00+00:00
historical_mock_realized,2025-12-27,2025-12-27 18:00:00+00:00,FR,solar,xgboost_online,XGBoost with covariates,XGBoost_TSOCov,2208,2025-12-28 12:00:00+00:00,8947.9609375,10628.58,,2025-09-26 18:00:00+00:00,2025-12-27 17:00:00+00:00
historical_mock_realized,2025-12-27,2025-12-27 18:00:00+00:00,FR,solar,xgboost_online,XGBoost with covariates,XGBoost_TSOCov,2208,2025-12-28 13:00:00+00:00,8294.5927734375,8753.317500000001,,2025-09-26 18:00:00+00:00,2025-12-27 17:00:00+00:00
historical_mock_realized,2025-12-27,2025-12-27 18:00:00+00:00,FR,solar,xgboost_online,XGBoost with covariates,XGBoost_TSOCov,2208,2025-12-28 14:00:00+00:00,5817.349609375,5160.8125,,2025-09-26 18:00:00+00:00,2025-12-27 17:00:00+00:00
historical_mock_realized,2025-12-27,2025-12-27 18:00:00+00:00,FR,solar,xgboost_online,XGBoost with covariates,XGBoost_TSOCov,2208,2025-12-28 15:00:00+00:00,1616.6339111328125,1582.6925,,2025-09-26 18:00:00+00:00,2025-12-27 17:00:00+00:00
historical_mock_realized,2025-12-27,2025-12-27 18:00:00+00:00,FR,solar,xgboost_online,XGBoost with covariates,XGBoost_TSOCov,2208,2025-12-28 16:00:00+00:00,343.95672607421875,271.2825,,2025-09-26 18:00:00+00:00,2025-12-27 17:00:00+00:00
historical_mock_realized,2025-12-27,2025-12-27 18:00:00+00:00,FR,solar,xgboost_online,XGBoost with covariates,XGBoost_TSOCov,2208,2025-12-28 17:00:00+00:00,271.3747253417969,221.715,,2025-09-26 18:00:00+00:00,2025-12-27 17:00:00+00:00
historical_mock_realized,2025-12-27,2025-12-27 18:00:00+00:00,DE,solar,tso_reference,TSO forecast,tso_forecast,2208,2025-12-27 18:00:00+00:00,0.0,16.013352,,2025-09-26 18:00:00+00:00,2025-12-27 17:00:00+00:00
historical_mock_realized,2025-12-27,2025-12-27 18:00:00+00:00,DE,solar,tso_reference,TSO forecast,tso_forecast,2208,2025-12-27 19:00:00+00:00,0.0,10.784037,,2025-09-26 18:00:00+00:00,2025-12-27 17:00:00+00:00
historical_mock_realized,2025-12-27,2025-12-27 18:00:00+00:00,DE,solar,tso_reference,TSO forecast,tso_forecast,2208,2025-12-27 20:00:00+00:00,0.0,9.163767,,2025-09-26 18:00:00+00:00,2025-12-27 17:00:00+00:00
historical_mock_realized,2025-12-27,2025-12-27 18:00:00+00:00,DE,solar,tso_reference,TSO forecast,tso_forecast,2208,2025-12-27 21:00:00+00:00,0.0,8.391671,,2025-09-26 18:00:00+00:00,2025-12-27 17:00:00+00:00
historical_mock_realized,2025-12-27,2025-12-27 18:00:00+00:00,DE,solar,tso_reference,TSO forecast,tso_forecast,2208,2025-12-27 22:00:00+00:00,0.0,7.073077,,2025-09-26 18:00:00+00:00,2025-12-27 17:00:00+00:00
historical_mock_realized,2025-12-27,2025-12-27 18:00:00+00:00,DE,solar,tso_reference,TSO forecast,tso_forecast,2208,2025-12-27 23:00:00+00:00,0.0,7.145769,,2025-09-26 18:00:00+00:00,2025-12-27 17:00:00+00:00
historical_mock_realized,2025-12-27,2025-12-27 18:00:00+00:00,DE,solar,tso_reference,TSO forecast,tso_forecast,2208,2025-12-28 00:00:00+00:00,0.0,8.265754999999999,,2025-09-26 18:00:00+00:00,2025-12-27 17:00:00+00:00
historical_mock_realized,2025-12-27,2025-12-27 18:00:00+00:00,DE,solar,tso_reference,TSO forecast,tso_forecast,2208,2025-12-28 01:00:00+00:00,0.0,7.823746,,2025-09-26 18:00:00+00:00,2025-12-27 17:00:00+00:00
historical_mock_realized,2025-12-27,2025-12-27 18:00:00+00:00,DE,solar,tso_reference,TSO forecast,tso_forecast,2208,2025-12-28 02:00:00+00:00,0.0,7.720186,,2025-09-26 18:00:00+00:00,2025-12-27 17:00:00+00:00
historical_mock_realized,2025-12-27,2025-12-27 18:00:00+00:00,DE,solar,tso_reference,TSO forecast,tso_forecast,2208,2025-12-28 03:00:00+00:00,0.0,6.898331000000001,,2025-09-26 18:00:00+00:00,2025-12-27 17:00:00+00:00
historical_mock_realized,2025-12-27,2025-12-27 18:00:00+00:00,DE,solar,tso_reference,TSO forecast,tso_forecast,2208,2025-12-28 04:00:00+00:00,0.0,7.602524,,2025-09-26 18:00:00+00:00,2025-12-27 17:00:00+00:00
historical_mock_realized,2025-12-27,2025-12-27 18:00:00+00:00,DE,solar,tso_reference,TSO forecast,tso_forecast,2208,2025-12-28 05:00:00+00:00,0.0,10.937333,,2025-09-26 18:00:00+00:00,2025-12-27 17:00:00+00:00
historical_mock_realized,2025-12-27,2025-12-27 18:00:00+00:00,DE,solar,tso_reference,TSO forecast,tso_forecast,2208,2025-12-28 06:00:00+00:00,0.0,17.783058999999998,,2025-09-26 18:00:00+00:00,2025-12-27 17:00:00+00:00
historical_mock_realized,2025-12-27,2025-12-27 18:00:00+00:00,DE,solar,tso_reference,TSO forecast,tso_forecast,2208,2025-12-28 07:00:00+00:00,890.4121725000001,622.3549089999999,,2025-09-26 18:00:00+00:00,2025-12-27 17:00:00+00:00
historical_mock_realized,2025-12-27,2025-12-27 18:00:00+00:00,DE,solar,tso_reference,TSO forecast,tso_forecast,2208,2025-12-28 08:00:00+00:00,5948.9311325,5326.141853,,2025-09-26 18:00:00+00:00,2025-12-27 17:00:00+00:00
historical_mock_realized,2025-12-27,2025-12-27 18:00:00+00:00,DE,solar,tso_reference,TSO forecast,tso_forecast,2208,2025-12-28 09:00:00+00:00,12039.3219075,11858.657025,,2025-09-26 18:00:00+00:00,2025-12-27 17:00:00+00:00
historical_mock_realized,2025-12-27,2025-12-27 18:00:00+00:00,DE,solar,tso_reference,TSO forecast,tso_forecast,2208,2025-12-28 10:00:00+00:00,16457.784585,16426.284247,,2025-09-26 18:00:00+00:00,2025-12-27 17:00:00+00:00
historical_mock_realized,2025-12-27,2025-12-27 18:00:00+00:00,DE,solar,tso_reference,TSO forecast,tso_forecast,2208,2025-12-28 11:00:00+00:00,17963.42519,17676.892158,,2025-09-26 18:00:00+00:00,2025-12-27 17:00:00+00:00
historical_mock_realized,2025-12-27,2025-12-27 18:00:00+00:00,DE,solar,tso_reference,TSO forecast,tso_forecast,2208,2025-12-28 12:00:00+00:00,15866.7918475,15598.391046,,2025-09-26 18:00:00+00:00,2025-12-27 17:00:00+00:00
historical_mock_realized,2025-12-27,2025-12-27 18:00:00+00:00,DE,solar,tso_reference,TSO forecast,tso_forecast,2208,2025-12-28 13:00:00+00:00,10728.6408125,10232.279672,,2025-09-26 18:00:00+00:00,2025-12-27 17:00:00+00:00
historical_mock_realized,2025-12-27,2025-12-27 18:00:00+00:00,DE,solar,tso_reference,TSO forecast,tso_forecast,2208,2025-12-28 14:00:00+00:00,4044.938725,3482.753234,,2025-09-26 18:00:00+00:00,2025-12-27 17:00:00+00:00
historical_mock_realized,2025-12-27,2025-12-27 18:00:00+00:00,DE,solar,tso_reference,TSO forecast,tso_forecast,2208,2025-12-28 15:00:00+00:00,290.410885,181.558577,,2025-09-26 18:00:00+00:00,2025-12-27 17:00:00+00:00
historical_mock_realized,2025-12-27,2025-12-27 18:00:00+00:00,DE,solar,tso_reference,TSO forecast,tso_forecast,2208,2025-12-28 16:00:00+00:00,0.0,74.299516,,2025-09-26 18:00:00+00:00,2025-12-27 17:00:00+00:00
historical_mock_realized,2025-12-27,2025-12-27 18:00:00+00:00,DE,solar,tso_reference,TSO forecast,tso_forecast,2208,2025-12-28 17:00:00+00:00,0.0,32.598541,,2025-09-26 18:00:00+00:00,2025-12-27 17:00:00+00:00
historical_mock_realized,2025-12-27,2025-12-27 18:00:00+00:00,DE,solar,persistence,Persistence,daily_persistence,2208,2025-12-27 18:00:00+00:00,42.987708,16.013352,,2025-09-26 18:00:00+00:00,2025-12-27 17:00:00+00:00
historical_mock_realized,2025-12-27,2025-12-27 18:00:00+00:00,DE,solar,persistence,Persistence,daily_persistence,2208,2025-12-27 19:00:00+00:00,28.066245,10.784037,,2025-09-26 18:00:00+00:00,2025-12-27 17:00:00+00:00
historical_mock_realized,2025-12-27,2025-12-27 18:00:00+00:00,DE,solar,persistence,Persistence,daily_persistence,2208,2025-12-27 20:00:00+00:00,12.608177,9.163767,,2025-09-26 18:00:00+00:00,2025-12-27 17:00:00+00:00
historical_mock_realized,2025-12-27,2025-12-27 18:00:00+00:00,DE,solar,persistence,Persistence,daily_persistence,2208,2025-12-27 21:00:00+00:00,12.40386,8.391671,,2025-09-26 18:00:00+00:00,2025-12-27 17:00:00+00:00
historical_mock_realized,2025-12-27,2025-12-27 18:00:00+00:00,DE,solar,persistence,Persistence,daily_persistence,2208,2025-12-27 22:00:00+00:00,9.309493,7.073077,,2025-09-26 18:00:00+00:00,2025-12-27 17:00:00+00:00
historical_mock_realized,2025-12-27,2025-12-27 18:00:00+00:00,DE,solar,persistence,Persistence,daily_persistence,2208,2025-12-27 23:00:00+00:00,9.168587,7.145769,,2025-09-26 18:00:00+00:00,2025-12-27 17:00:00+00:00
historical_mock_realized,2025-12-27,2025-12-27 18:00:00+00:00,DE,solar,persistence,Persistence,daily_persistence,2208,2025-12-28 00:00:00+00:00,9.58885,8.265754999999999,,2025-09-26 18:00:00+00:00,2025-12-27 17:00:00+00:00
historical_mock_realized,2025-12-27,2025-12-27 18:00:00+00:00,DE,solar,persistence,Persistence,daily_persistence,2208,2025-12-28 01:00:00+00:00,10.297696,7.823746,,2025-09-26 18:00:00+00:00,2025-12-27 17:00:00+00:00
historical_mock_realized,2025-12-27,2025-12-27 18:00:00+00:00,DE,solar,persistence,Persistence,daily_persistence,2208,2025-12-28 02:00:00+00:00,8.97195,7.720186,,2025-09-26 18:00:00+00:00,2025-12-27 17:00:00+00:00
historical_mock_realized,2025-12-27,2025-12-27 18:00:00+00:00,DE,solar,persistence,Persistence,daily_persistence,2208,2025-12-28 03:00:00+00:00,8.773305,6.898331000000001,,2025-09-26 18:00:00+00:00,2025-12-27 17:00:00+00:00
historical_mock_realized,2025-12-27,2025-12-27 18:00:00+00:00,DE,solar,persistence,Persistence,daily_persistence,2208,2025-12-28 04:00:00+00:00,9.452485,7.602524,,2025-09-26 18:00:00+00:00,2025-12-27 17:00:00+00:00
historical_mock_realized,2025-12-27,2025-12-27 18:00:00+00:00,DE,solar,persistence,Persistence,daily_persistence,2208,2025-12-28 05:00:00+00:00,9.96378,10.937333,,2025-09-26 18:00:00+00:00,2025-12-27 17:00:00+00:00
historical_mock_realized,2025-12-27,2025-12-27 18:00:00+00:00,DE,solar,persistence,Persistence,daily_persistence,2208,2025-12-28 06:00:00+00:00,13.111762,17.783058999999998,,2025-09-26 18:00:00+00:00,2025-12-27 17:00:00+00:00
historical_mock_realized,2025-12-27,2025-12-27 18:00:00+00:00,DE,solar,persistence,Persistence,daily_persistence,2208,2025-12-28 07:00:00+00:00,699.235032,622.3549089999999,,2025-09-26 18:00:00+00:00,2025-12-27 17:00:00+00:00
historical_mock_realized,2025-12-27,2025-12-27 18:00:00+00:00,DE,solar,persistence,Persistence,daily_persistence,2208,2025-12-28 08:00:00+00:00,5046.114111,5326.141853,,2025-09-26 18:00:00+00:00,2025-12-27 17:00:00+00:00
historical_mock_realized,2025-12-27,2025-12-27 18:00:00+00:00,DE,solar,persistence,Persistence,daily_persistence,2208,2025-12-28 09:00:00+00:00,10815.960452,11858.657025,,2025-09-26 18:00:00+00:00,2025-12-27 17:00:00+00:00
historical_mock_realized,2025-12-27,2025-12-27 18:00:00+00:00,DE,solar,persistence,Persistence,daily_persistence,2208,2025-12-28 10:00:00+00:00,14933.612404,16426.284247,,2025-09-26 18:00:00+00:00,2025-12-27 17:00:00+00:00
historical_mock_realized,2025-12-27,2025-12-27 18:00:00+00:00,DE,solar,persistence,Persistence,daily_persistence,2208,2025-12-28 11:00:00+00:00,16068.751779,17676.892158,,2025-09-26 18:00:00+00:00,2025-12-27 17:00:00+00:00
historical_mock_realized,2025-12-27,2025-12-27 18:00:00+00:00,DE,solar,persistence,Persistence,daily_persistence,2208,2025-12-28 12:00:00+00:00,13746.383892,15598.391046,,2025-09-26 18:00:00+00:00,2025-12-27 17:00:00+00:00
historical_mock_realized,2025-12-27,2025-12-27 18:00:00+00:00,DE,solar,persistence,Persistence,daily_persistence,2208,2025-12-28 13:00:00+00:00,8818.823164,10232.279672,,2025-09-26 18:00:00+00:00,2025-12-27 17:00:00+00:00
historical_mock_realized,2025-12-27,2025-12-27 18:00:00+00:00,DE,solar,persistence,Persistence,daily_persistence,2208,2025-12-28 14:00:00+00:00,3052.742196,3482.753234,,2025-09-26 18:00:00+00:00,2025-12-27 17:00:00+00:00
historical_mock_realized,2025-12-27,2025-12-27 18:00:00+00:00,DE,solar,persistence,Persistence,daily_persistence,2208,2025-12-28 15:00:00+00:00,201.146488,181.558577,,2025-09-26 18:00:00+00:00,2025-12-27 17:00:00+00:00
historical_mock_realized,2025-12-27,2025-12-27 18:00:00+00:00,DE,solar,persistence,Persistence,daily_persistence,2208,2025-12-28 16:00:00+00:00,56.177879,74.299516,,2025-09-26 18:00:00+00:00,2025-12-27 17:00:00+00:00
historical_mock_realized,2025-12-27,2025-12-27 18:00:00+00:00,DE,solar,persistence,Persistence,daily_persistence,2208,2025-12-28 17:00:00+00:00,49.257649,32.598541,,2025-09-26 18:00:00+00:00,2025-12-27 17:00:00+00:00
historical_mock_realized,2025-12-27,2025-12-27 18:00:00+00:00,DE,solar,xgboost_online,XGBoost with covariates,XGBoost_Weather_TSOCov,2208,2025-12-27 18:00:00+00:00,125.63237762451172,16.013352,,2025-09-26 18:00:00+00:00,2025-12-27 17:00:00+00:00
historical_mock_realized,2025-12-27,2025-12-27 18:00:00+00:00,DE,solar,xgboost_online,XGBoost with covariates,XGBoost_Weather_TSOCov,2208,2025-12-27 19:00:00+00:00,125.63237762451172,10.784037,,2025-09-26 18:00:00+00:00,2025-12-27 17:00:00+00:00
historical_mock_realized,2025-12-27,2025-12-27 18:00:00+00:00,DE,solar,xgboost_online,XGBoost with covariates,XGBoost_Weather_TSOCov,2208,2025-12-27 20:00:00+00:00,125.63237762451172,9.163767,,2025-09-26 18:00:00+00:00,2025-12-27 17:00:00+00:00
historical_mock_realized,2025-12-27,2025-12-27 18:00:00+00:00,DE,solar,xgboost_online,XGBoost with covariates,XGBoost_Weather_TSOCov,2208,2025-12-27 21:00:00+00:00,125.63237762451172,8.391671,,2025-09-26 18:00:00+00:00,2025-12-27 17:00:00+00:00
historical_mock_realized,2025-12-27,2025-12-27 18:00:00+00:00,DE,solar,xgboost_online,XGBoost with covariates,XGBoost_Weather_TSOCov,2208,2025-12-27 22:00:00+00:00,125.63237762451172,7.073077,,2025-09-26 18:00:00+00:00,2025-12-27 17:00:00+00:00
historical_mock_realized,2025-12-27,2025-12-27 18:00:00+00:00,DE,solar,xgboost_online,XGBoost with covariates,XGBoost_Weather_TSOCov,2208,2025-12-27 23:00:00+00:00,125.63237762451172,7.145769,,2025-09-26 18:00:00+00:00,2025-12-27 17:00:00+00:00
historical_mock_realized,2025-12-27,2025-12-27 18:00:00+00:00,DE,solar,xgboost_online,XGBoost with covariates,XGBoost_Weather_TSOCov,2208,2025-12-28 00:00:00+00:00,125.63237762451172,8.265754999999999,,2025-09-26 18:00:00+00:00,2025-12-27 17:00:00+00:00
historical_mock_realized,2025-12-27,2025-12-27 18:00:00+00:00,DE,solar,xgboost_online,XGBoost with covariates,XGBoost_Weather_TSOCov,2208,2025-12-28 01:00:00+00:00,125.63237762451172,7.823746,,2025-09-26 18:00:00+00:00,2025-12-27 17:00:00+00:00
historical_mock_realized,2025-12-27,2025-12-27 18:00:00+00:00,DE,solar,xgboost_online,XGBoost with covariates,XGBoost_Weather_TSOCov,2208,2025-12-28 02:00:00+00:00,125.63237762451172,7.720186,,2025-09-26 18:00:00+00:00,2025-12-27 17:00:00+00:00
historical_mock_realized,2025-12-27,2025-12-27 18:00:00+00:00,DE,solar,xgboost_online,XGBoost with covariates,XGBoost_Weather_TSOCov,2208,2025-12-28 03:00:00+00:00,125.63237762451172,6.898331000000001,,2025-09-26 18:00:00+00:00,2025-12-27 17:00:00+00:00
historical_mock_realized,2025-12-27,2025-12-27 18:00:00+00:00,DE,solar,xgboost_online,XGBoost with covariates,XGBoost_Weather_TSOCov,2208,2025-12-28 04:00:00+00:00,125.63237762451172,7.602524,,2025-09-26 18:00:00+00:00,2025-12-27 17:00:00+00:00
historical_mock_realized,2025-12-27,2025-12-27 18:00:00+00:00,DE,solar,xgboost_online,XGBoost with covariates,XGBoost_Weather_TSOCov,2208,2025-12-28 05:00:00+00:00,125.63237762451172,10.937333,,2025-09-26 18:00:00+00:00,2025-12-27 17:00:00+00:00
historical_mock_realized,2025-12-27,2025-12-27 18:00:00+00:00,DE,solar,xgboost_online,XGBoost with covariates,XGBoost_Weather_TSOCov,2208,2025-12-28 06:00:00+00:00,125.63237762451172,17.783058999999998,,2025-09-26 18:00:00+00:00,2025-12-27 17:00:00+00:00
historical_mock_realized,2025-12-27,2025-12-27 18:00:00+00:00,DE,solar,xgboost_online,XGBoost with covariates,XGBoost_Weather_TSOCov,2208,2025-12-28 07:00:00+00:00,710.6245727539062,622.3549089999999,,2025-09-26 18:00:00+00:00,2025-12-27 17:00:00+00:00
historical_mock_realized,2025-12-27,2025-12-27 18:00:00+00:00,DE,solar,xgboost_online,XGBoost with covariates,XGBoost_Weather_TSOCov,2208,2025-12-28 08:00:00+00:00,5558.26171875,5326.141853,,2025-09-26 18:00:00+00:00,2025-12-27 17:00:00+00:00
historical_mock_realized,2025-12-27,2025-12-27 18:00:00+00:00,DE,solar,xgboost_online,XGBoost with covariates,XGBoost_Weather_TSOCov,2208,2025-12-28 09:00:00+00:00,11789.3056640625,11858.657025,,2025-09-26 18:00:00+00:00,2025-12-27 17:00:00+00:00
historical_mock_realized,2025-12-27,2025-12-27 18:00:00+00:00,DE,solar,xgboost_online,XGBoost with covariates,XGBoost_Weather_TSOCov,2208,2025-12-28 10:00:00+00:00,15915.3857421875,16426.284247,,2025-09-26 18:00:00+00:00,2025-12-27 17:00:00+00:00
historical_mock_realized,2025-12-27,2025-12-27 18:00:00+00:00,DE,solar,xgboost_online,XGBoost with covariates,XGBoost_Weather_TSOCov,2208,2025-12-28 11:00:00+00:00,16803.244140625,17676.892158,,2025-09-26 18:00:00+00:00,2025-12-27 17:00:00+00:00
historical_mock_realized,2025-12-27,2025-12-27 18:00:00+00:00,DE,solar,xgboost_online,XGBoost with covariates,XGBoost_Weather_TSOCov,2208,2025-12-28 12:00:00+00:00,15446.529296875,15598.391046,,2025-09-26 18:00:00+00:00,2025-12-27 17:00:00+00:00
historical_mock_realized,2025-12-27,2025-12-27 18:00:00+00:00,DE,solar,xgboost_online,XGBoost with covariates,XGBoost_Weather_TSOCov,2208,2025-12-28 13:00:00+00:00,9954.205078125,10232.279672,,2025-09-26 18:00:00+00:00,2025-12-27 17:00:00+00:00
historical_mock_realized,2025-12-27,2025-12-27 18:00:00+00:00,DE,solar,xgboost_online,XGBoost with covariates,XGBoost_Weather_TSOCov,2208,2025-12-28 14:00:00+00:00,3447.121337890625,3482.753234,,2025-09-26 18:00:00+00:00,2025-12-27 17:00:00+00:00
historical_mock_realized,2025-12-27,2025-12-27 18:00:00+00:00,DE,solar,xgboost_online,XGBoost with covariates,XGBoost_Weather_TSOCov,2208,2025-12-28 15:00:00+00:00,238.14828491210935,181.558577,,2025-09-26 18:00:00+00:00,2025-12-27 17:00:00+00:00
historical_mock_realized,2025-12-27,2025-12-27 18:00:00+00:00,DE,solar,xgboost_online,XGBoost with covariates,XGBoost_Weather_TSOCov,2208,2025-12-28 16:00:00+00:00,125.63237762451172,74.299516,,2025-09-26 18:00:00+00:00,2025-12-27 17:00:00+00:00
historical_mock_realized,2025-12-27,2025-12-27 18:00:00+00:00,DE,solar,xgboost_online,XGBoost with covariates,XGBoost_Weather_TSOCov,2208,2025-12-28 17:00:00+00:00,125.63237762451172,32.598541,,2025-09-26 18:00:00+00:00,2025-12-27 17:00:00+00:00
historical_mock_realized,2025-12-27,2025-12-27 17:00:00+00:00,BE,wind_onshore,tso_reference,TSO forecast,tso_forecast,2208,2025-12-27 18:00:00+00:00,895.55,996.760557,,2025-09-26 17:00:00+00:00,2025-12-27 16:00:00+00:00
historical_mock_realized,2025-12-27,2025-12-27 17:00:00+00:00,BE,wind_onshore,tso_reference,TSO forecast,tso_forecast,2208,2025-12-27 19:00:00+00:00,785.525,784.974974,,2025-09-26 17:00:00+00:00,2025-12-27 16:00:00+00:00
historical_mock_realized,2025-12-27,2025-12-27 17:00:00+00:00,BE,wind_onshore,tso_reference,TSO forecast,tso_forecast,2208,2025-12-27 20:00:00+00:00,723.425,575.419061,,2025-09-26 17:00:00+00:00,2025-12-27 16:00:00+00:00
historical_mock_realized,2025-12-27,2025-12-27 17:00:00+00:00,BE,wind_onshore,tso_reference,TSO forecast,tso_forecast,2208,2025-12-27 21:00:00+00:00,662.725,507.070134,,2025-09-26 17:00:00+00:00,2025-12-27 16:00:00+00:00
historical_mock_realized,2025-12-27,2025-12-27 17:00:00+00:00,BE,wind_onshore,tso_reference,TSO forecast,tso_forecast,2208,2025-12-27 22:00:00+00:00,626.5,589.564404,,2025-09-26 17:00:00+00:00,2025-12-27 16:00:00+00:00
historical_mock_realized,2025-12-27,2025-12-27 17:00:00+00:00,BE,wind_onshore,tso_reference,TSO forecast,tso_forecast,2208,2025-12-27 23:00:00+00:00,634.05,506.607021,,2025-09-26 17:00:00+00:00,2025-12-27 16:00:00+00:00
historical_mock_realized,2025-12-27,2025-12-27 17:00:00+00:00,BE,wind_onshore,tso_reference,TSO forecast,tso_forecast,2208,2025-12-28 00:00:00+00:00,520.575,465.585452,,2025-09-26 17:00:00+00:00,2025-12-27 16:00:00+00:00
historical_mock_realized,2025-12-27,2025-12-27 17:00:00+00:00,BE,wind_onshore,tso_reference,TSO forecast,tso_forecast,2208,2025-12-28 01:00:00+00:00,619.875,536.300164,,2025-09-26 17:00:00+00:00,2025-12-27 16:00:00+00:00
historical_mock_realized,2025-12-27,2025-12-27 17:00:00+00:00,BE,wind_onshore,tso_reference,TSO forecast,tso_forecast,2208,2025-12-28 02:00:00+00:00,771.75,671.487524,,2025-09-26 17:00:00+00:00,2025-12-27 16:00:00+00:00
historical_mock_realized,2025-12-27,2025-12-27 17:00:00+00:00,BE,wind_onshore,tso_reference,TSO forecast,tso_forecast,2208,2025-12-28 03:00:00+00:00,787.725,760.648267,,2025-09-26 17:00:00+00:00,2025-12-27 16:00:00+00:00
historical_mock_realized,2025-12-27,2025-12-27 17:00:00+00:00,BE,wind_onshore,tso_reference,TSO forecast,tso_forecast,2208,2025-12-28 04:00:00+00:00,662.575,665.506015,,2025-09-26 17:00:00+00:00,2025-12-27 16:00:00+00:00
historical_mock_realized,2025-12-27,2025-12-27 17:00:00+00:00,BE,wind_onshore,tso_reference,TSO forecast,tso_forecast,2208,2025-12-28 05:00:00+00:00,531.225,488.464196,,2025-09-26 17:00:00+00:00,2025-12-27 16:00:00+00:00
historical_mock_realized,2025-12-27,2025-12-27 17:00:00+00:00,BE,wind_onshore,tso_reference,TSO forecast,tso_forecast,2208,2025-12-28 06:00:00+00:00,441.75,414.539876,,2025-09-26 17:00:00+00:00,2025-12-27 16:00:00+00:00
historical_mock_realized,2025-12-27,2025-12-27 17:00:00+00:00,BE,wind_onshore,tso_reference,TSO forecast,tso_forecast,2208,2025-12-28 07:00:00+00:00,433.925,456.15863,,2025-09-26 17:00:00+00:00,2025-12-27 16:00:00+00:00
historical_mock_realized,2025-12-27,2025-12-27 17:00:00+00:00,BE,wind_onshore,tso_reference,TSO forecast,tso_forecast,2208,2025-12-28 08:00:00+00:00,510.3,471.854041,,2025-09-26 17:00:00+00:00,2025-12-27 16:00:00+00:00
historical_mock_realized,2025-12-27,2025-12-27 17:00:00+00:00,BE,wind_onshore,tso_reference,TSO forecast,tso_forecast,2208,2025-12-28 09:00:00+00:00,520.375,437.348114,,2025-09-26 17:00:00+00:00,2025-12-27 16:00:00+00:00
historical_mock_realized,2025-12-27,2025-12-27 17:00:00+00:00,BE,wind_onshore,tso_reference,TSO forecast,tso_forecast,2208,2025-12-28 10:00:00+00:00,431.05,409.644732,,2025-09-26 17:00:00+00:00,2025-12-27 16:00:00+00:00
historical_mock_realized,2025-12-27,2025-12-27 17:00:00+00:00,BE,wind_onshore,tso_reference,TSO forecast,tso_forecast,2208,2025-12-28 11:00:00+00:00,351.65,338.944643,,2025-09-26 17:00:00+00:00,2025-12-27 16:00:00+00:00
historical_mock_realized,2025-12-27,2025-12-27 17:00:00+00:00,BE,wind_onshore,tso_reference,TSO forecast,tso_forecast,2208,2025-12-28 12:00:00+00:00,325.0,435.015352,,2025-09-26 17:00:00+00:00,2025-12-27 16:00:00+00:00
historical_mock_realized,2025-12-27,2025-12-27 17:00:00+00:00,BE,wind_onshore,tso_reference,TSO forecast,tso_forecast,2208,2025-12-28 13:00:00+00:00,332.425,548.964568,,2025-09-26 17:00:00+00:00,2025-12-27 16:00:00+00:00
historical_mock_realized,2025-12-27,2025-12-27 17:00:00+00:00,BE,wind_onshore,tso_reference,TSO forecast,tso_forecast,2208,2025-12-28 14:00:00+00:00,358.1,569.574462,,2025-09-26 17:00:00+00:00,2025-12-27 16:00:00+00:00
historical_mock_realized,2025-12-27,2025-12-27 17:00:00+00:00,BE,wind_onshore,tso_reference,TSO forecast,tso_forecast,2208,2025-12-28 15:00:00+00:00,417.625,583.66748,,2025-09-26 17:00:00+00:00,2025-12-27 16:00:00+00:00
historical_mock_realized,2025-12-27,2025-12-27 17:00:00+00:00,BE,wind_onshore,tso_reference,TSO forecast,tso_forecast,2208,2025-12-28 16:00:00+00:00,509.95,754.555529,,2025-09-26 17:00:00+00:00,2025-12-27 16:00:00+00:00
historical_mock_realized,2025-12-27,2025-12-27 17:00:00+00:00,BE,wind_onshore,tso_reference,TSO forecast,tso_forecast,2208,2025-12-28 17:00:00+00:00,582.2,1046.350383,,2025-09-26 17:00:00+00:00,2025-12-27 16:00:00+00:00
historical_mock_realized,2025-12-27,2025-12-27 17:00:00+00:00,FR,wind_onshore,tso_reference,TSO forecast,tso_forecast,2208,2025-12-27 18:00:00+00:00,6743.9165,7029.655,,2025-09-26 17:00:00+00:00,2025-12-27 16:00:00+00:00
historical_mock_realized,2025-12-27,2025-12-27 17:00:00+00:00,FR,wind_onshore,tso_reference,TSO forecast,tso_forecast,2208,2025-12-27 19:00:00+00:00,7793.21387,7831.9325,,2025-09-26 17:00:00+00:00,2025-12-27 16:00:00+00:00
historical_mock_realized,2025-12-27,2025-12-27 17:00:00+00:00,FR,wind_onshore,tso_reference,TSO forecast,tso_forecast,2208,2025-12-27 20:00:00+00:00,8301.05762,7918.2975,,2025-09-26 17:00:00+00:00,2025-12-27 16:00:00+00:00
historical_mock_realized,2025-12-27,2025-12-27 17:00:00+00:00,FR,wind_onshore,tso_reference,TSO forecast,tso_forecast,2208,2025-12-27 21:00:00+00:00,8365.81934,7646.9475,,2025-09-26 17:00:00+00:00,2025-12-27 16:00:00+00:00
historical_mock_realized,2025-12-27,2025-12-27 17:00:00+00:00,FR,wind_onshore,tso_reference,TSO forecast,tso_forecast,2208,2025-12-27 22:00:00+00:00,8316.14551,6832.9974999999995,,2025-09-26 17:00:00+00:00,2025-12-27 16:00:00+00:00
historical_mock_realized,2025-12-27,2025-12-27 17:00:00+00:00,FR,wind_onshore,tso_reference,TSO forecast,tso_forecast,2208,2025-12-27 23:00:00+00:00,8278.90039,7127.625,,2025-09-26 17:00:00+00:00,2025-12-27 16:00:00+00:00
historical_mock_realized,2025-12-27,2025-12-27 17:00:00+00:00,FR,wind_onshore,tso_reference,TSO forecast,tso_forecast,2208,2025-12-28 00:00:00+00:00,7601.27246,6828.2675,,2025-09-26 17:00:00+00:00,2025-12-27 16:00:00+00:00
historical_mock_realized,2025-12-27,2025-12-27 17:00:00+00:00,FR,wind_onshore,tso_reference,TSO forecast,tso_forecast,2208,2025-12-28 01:00:00+00:00,7334.5874,6924.3,,2025-09-26 17:00:00+00:00,2025-12-27 16:00:00+00:00
historical_mock_realized,2025-12-27,2025-12-27 17:00:00+00:00,FR,wind_onshore,tso_reference,TSO forecast,tso_forecast,2208,2025-12-28 02:00:00+00:00,7105.19629,6978.765,,2025-09-26 17:00:00+00:00,2025-12-27 16:00:00+00:00
historical_mock_realized,2025-12-27,2025-12-27 17:00:00+00:00,FR,wind_onshore,tso_reference,TSO forecast,tso_forecast,2208,2025-12-28 03:00:00+00:00,7294.48096,7195.055,,2025-09-26 17:00:00+00:00,2025-12-27 16:00:00+00:00
historical_mock_realized,2025-12-27,2025-12-27 17:00:00+00:00,FR,wind_onshore,tso_reference,TSO forecast,tso_forecast,2208,2025-12-28 04:00:00+00:00,7585.77246,7853.695,,2025-09-26 17:00:00+00:00,2025-12-27 16:00:00+00:00
historical_mock_realized,2025-12-27,2025-12-27 17:00:00+00:00,FR,wind_onshore,tso_reference,TSO forecast,tso_forecast,2208,2025-12-28 05:00:00+00:00,7827.97559,8712.6025,,2025-09-26 17:00:00+00:00,2025-12-27 16:00:00+00:00
historical_mock_realized,2025-12-27,2025-12-27 17:00:00+00:00,FR,wind_onshore,tso_reference,TSO forecast,tso_forecast,2208,2025-12-28 06:00:00+00:00,7970.33008,8701.3225,,2025-09-26 17:00:00+00:00,2025-12-27 16:00:00+00:00
historical_mock_realized,2025-12-27,2025-12-27 17:00:00+00:00,FR,wind_onshore,tso_reference,TSO forecast,tso_forecast,2208,2025-12-28 07:00:00+00:00,7799.50977,8004.17,,2025-09-26 17:00:00+00:00,2025-12-27 16:00:00+00:00
historical_mock_realized,2025-12-27,2025-12-27 17:00:00+00:00,FR,wind_onshore,tso_reference,TSO forecast,tso_forecast,2208,2025-12-28 08:00:00+00:00,7430.7832,7593.875,,2025-09-26 17:00:00+00:00,2025-12-27 16:00:00+00:00
historical_mock_realized,2025-12-27,2025-12-27 17:00:00+00:00,FR,wind_onshore,tso_reference,TSO forecast,tso_forecast,2208,2025-12-28 09:00:00+00:00,7015.73242,7325.535,,2025-09-26 17:00:00+00:00,2025-12-27 16:00:00+00:00
historical_mock_realized,2025-12-27,2025-12-27 17:00:00+00:00,FR,wind_onshore,tso_reference,TSO forecast,tso_forecast,2208,2025-12-28 10:00:00+00:00,6955.55762,6419.797500000001,,2025-09-26 17:00:00+00:00,2025-12-27 16:00:00+00:00
historical_mock_realized,2025-12-27,2025-12-27 17:00:00+00:00,FR,wind_onshore,tso_reference,TSO forecast,tso_forecast,2208,2025-12-28 11:00:00+00:00,7079.14404,5579.475,,2025-09-26 17:00:00+00:00,2025-12-27 16:00:00+00:00
historical_mock_realized,2025-12-27,2025-12-27 17:00:00+00:00,FR,wind_onshore,tso_reference,TSO forecast,tso_forecast,2208,2025-12-28 12:00:00+00:00,5798.67236,4850.2725,,2025-09-26 17:00:00+00:00,2025-12-27 16:00:00+00:00
historical_mock_realized,2025-12-27,2025-12-27 17:00:00+00:00,FR,wind_onshore,tso_reference,TSO forecast,tso_forecast,2208,2025-12-28 13:00:00+00:00,4166.42529,4233.3175,,2025-09-26 17:00:00+00:00,2025-12-27 16:00:00+00:00
historical_mock_realized,2025-12-27,2025-12-27 17:00:00+00:00,FR,wind_onshore,tso_reference,TSO forecast,tso_forecast,2208,2025-12-28 14:00:00+00:00,3446.80884,4192.72,,2025-09-26 17:00:00+00:00,2025-12-27 16:00:00+00:00
historical_mock_realized,2025-12-27,2025-12-27 17:00:00+00:00,FR,wind_onshore,tso_reference,TSO forecast,tso_forecast,2208,2025-12-28 15:00:00+00:00,3432.34375,4474.0175,,2025-09-26 17:00:00+00:00,2025-12-27 16:00:00+00:00
historical_mock_realized,2025-12-27,2025-12-27 17:00:00+00:00,FR,wind_onshore,tso_reference,TSO forecast,tso_forecast,2208,2025-12-28 16:00:00+00:00,4077.9751,5129.6,,2025-09-26 17:00:00+00:00,2025-12-27 16:00:00+00:00
historical_mock_realized,2025-12-27,2025-12-27 17:00:00+00:00,FR,wind_onshore,tso_reference,TSO forecast,tso_forecast,2208,2025-12-28 17:00:00+00:00,5394.08496,6068.3975,,2025-09-26 17:00:00+00:00,2025-12-27 16:00:00+00:00
historical_mock_realized,2025-12-27,2025-12-27 17:00:00+00:00,DE,wind_onshore,tso_reference,TSO forecast,tso_forecast,2208,2025-12-27 18:00:00+00:00,16752.5544925,16424.7757,,2025-09-26 17:00:00+00:00,2025-12-27 16:00:00+00:00
historical_mock_realized,2025-12-27,2025-12-27 17:00:00+00:00,DE,wind_onshore,tso_reference,TSO forecast,tso_forecast,2208,2025-12-27 19:00:00+00:00,15853.03368,16301.614048,,2025-09-26 17:00:00+00:00,2025-12-27 16:00:00+00:00
historical_mock_realized,2025-12-27,2025-12-27 17:00:00+00:00,DE,wind_onshore,tso_reference,TSO forecast,tso_forecast,2208,2025-12-27 20:00:00+00:00,14963.0154775,15223.324133,,2025-09-26 17:00:00+00:00,2025-12-27 16:00:00+00:00
historical_mock_realized,2025-12-27,2025-12-27 17:00:00+00:00,DE,wind_onshore,tso_reference,TSO forecast,tso_forecast,2208,2025-12-27 21:00:00+00:00,13867.8828875,13586.558213,,2025-09-26 17:00:00+00:00,2025-12-27 16:00:00+00:00
historical_mock_realized,2025-12-27,2025-12-27 17:00:00+00:00,DE,wind_onshore,tso_reference,TSO forecast,tso_forecast,2208,2025-12-27 22:00:00+00:00,12805.608755,12139.04921,,2025-09-26 17:00:00+00:00,2025-12-27 16:00:00+00:00
historical_mock_realized,2025-12-27,2025-12-27 17:00:00+00:00,DE,wind_onshore,tso_reference,TSO forecast,tso_forecast,2208,2025-12-27 23:00:00+00:00,12236.494045,11735.983658,,2025-09-26 17:00:00+00:00,2025-12-27 16:00:00+00:00
historical_mock_realized,2025-12-27,2025-12-27 17:00:00+00:00,DE,wind_onshore,tso_reference,TSO forecast,tso_forecast,2208,2025-12-28 00:00:00+00:00,11951.07932,11359.417032,,2025-09-26 17:00:00+00:00,2025-12-27 16:00:00+00:00
historical_mock_realized,2025-12-27,2025-12-27 17:00:00+00:00,DE,wind_onshore,tso_reference,TSO forecast,tso_forecast,2208,2025-12-28 01:00:00+00:00,11335.734365,11350.126543,,2025-09-26 17:00:00+00:00,2025-12-27 16:00:00+00:00
historical_mock_realized,2025-12-27,2025-12-27 17:00:00+00:00,DE,wind_onshore,tso_reference,TSO forecast,tso_forecast,2208,2025-12-28 02:00:00+00:00,10871.350805,11473.247266,,2025-09-26 17:00:00+00:00,2025-12-27 16:00:00+00:00
historical_mock_realized,2025-12-27,2025-12-27 17:00:00+00:00,DE,wind_onshore,tso_reference,TSO forecast,tso_forecast,2208,2025-12-28 03:00:00+00:00,10309.90357,10733.273953,,2025-09-26 17:00:00+00:00,2025-12-27 16:00:00+00:00
historical_mock_realized,2025-12-27,2025-12-27 17:00:00+00:00,DE,wind_onshore,tso_reference,TSO forecast,tso_forecast,2208,2025-12-28 04:00:00+00:00,9450.825055,9494.627698,,2025-09-26 17:00:00+00:00,2025-12-27 16:00:00+00:00
historical_mock_realized,2025-12-27,2025-12-27 17:00:00+00:00,DE,wind_onshore,tso_reference,TSO forecast,tso_forecast,2208,2025-12-28 05:00:00+00:00,8712.3606125,8554.748693,,2025-09-26 17:00:00+00:00,2025-12-27 16:00:00+00:00
historical_mock_realized,2025-12-27,2025-12-27 17:00:00+00:00,DE,wind_onshore,tso_reference,TSO forecast,tso_forecast,2208,2025-12-28 06:00:00+00:00,8304.2577925,7709.211101,,2025-09-26 17:00:00+00:00,2025-12-27 16:00:00+00:00
historical_mock_realized,2025-12-27,2025-12-27 17:00:00+00:00,DE,wind_onshore,tso_reference,TSO forecast,tso_forecast,2208,2025-12-28 07:00:00+00:00,7865.5139775,6895.925632,,2025-09-26 17:00:00+00:00,2025-12-27 16:00:00+00:00
historical_mock_realized,2025-12-27,2025-12-27 17:00:00+00:00,DE,wind_onshore,tso_reference,TSO forecast,tso_forecast,2208,2025-12-28 08:00:00+00:00,7424.40259,6601.862134,,2025-09-26 17:00:00+00:00,2025-12-27 16:00:00+00:00
historical_mock_realized,2025-12-27,2025-12-27 17:00:00+00:00,DE,wind_onshore,tso_reference,TSO forecast,tso_forecast,2208,2025-12-28 09:00:00+00:00,6700.701552500001,5703.689947,,2025-09-26 17:00:00+00:00,2025-12-27 16:00:00+00:00
historical_mock_realized,2025-12-27,2025-12-27 17:00:00+00:00,DE,wind_onshore,tso_reference,TSO forecast,tso_forecast,2208,2025-12-28 10:00:00+00:00,5702.5228075,4614.798754,,2025-09-26 17:00:00+00:00,2025-12-27 16:00:00+00:00
historical_mock_realized,2025-12-27,2025-12-27 17:00:00+00:00,DE,wind_onshore,tso_reference,TSO forecast,tso_forecast,2208,2025-12-28 11:00:00+00:00,4841.8245375,3850.892071,,2025-09-26 17:00:00+00:00,2025-12-27 16:00:00+00:00
historical_mock_realized,2025-12-27,2025-12-27 17:00:00+00:00,DE,wind_onshore,tso_reference,TSO forecast,tso_forecast,2208,2025-12-28 12:00:00+00:00,4463.2988425,3879.768384,,2025-09-26 17:00:00+00:00,2025-12-27 16:00:00+00:00
historical_mock_realized,2025-12-27,2025-12-27 17:00:00+00:00,DE,wind_onshore,tso_reference,TSO forecast,tso_forecast,2208,2025-12-28 13:00:00+00:00,4840.1652375,4183.539006999999,,2025-09-26 17:00:00+00:00,2025-12-27 16:00:00+00:00
historical_mock_realized,2025-12-27,2025-12-27 17:00:00+00:00,DE,wind_onshore,tso_reference,TSO forecast,tso_forecast,2208,2025-12-28 14:00:00+00:00,6070.6590025,4971.258585,,2025-09-26 17:00:00+00:00,2025-12-27 16:00:00+00:00
historical_mock_realized,2025-12-27,2025-12-27 17:00:00+00:00,DE,wind_onshore,tso_reference,TSO forecast,tso_forecast,2208,2025-12-28 15:00:00+00:00,8072.487677499999,7306.884656,,2025-09-26 17:00:00+00:00,2025-12-27 16:00:00+00:00
historical_mock_realized,2025-12-27,2025-12-27 17:00:00+00:00,DE,wind_onshore,tso_reference,TSO forecast,tso_forecast,2208,2025-12-28 16:00:00+00:00,10527.3950125,10370.809159,,2025-09-26 17:00:00+00:00,2025-12-27 16:00:00+00:00
historical_mock_realized,2025-12-27,2025-12-27 17:00:00+00:00,DE,wind_onshore,tso_reference,TSO forecast,tso_forecast,2208,2025-12-28 17:00:00+00:00,12505.050015,12368.243256,,2025-09-26 17:00:00+00:00,2025-12-27 16:00:00+00:00
historical_mock_realized,2025-12-27,2025-12-27 17:00:00+00:00,BE,wind_onshore,persistence,Persistence,daily_persistence,2208,2025-12-27 18:00:00+00:00,1304.64275,996.760557,,2025-09-26 17:00:00+00:00,2025-12-27 16:00:00+00:00
historical_mock_realized,2025-12-27,2025-12-27 17:00:00+00:00,BE,wind_onshore,persistence,Persistence,daily_persistence,2208,2025-12-27 19:00:00+00:00,1359.747039,784.974974,,2025-09-26 17:00:00+00:00,2025-12-27 16:00:00+00:00
historical_mock_realized,2025-12-27,2025-12-27 17:00:00+00:00,BE,wind_onshore,persistence,Persistence,daily_persistence,2208,2025-12-27 20:00:00+00:00,1244.317336,575.419061,,2025-09-26 17:00:00+00:00,2025-12-27 16:00:00+00:00
historical_mock_realized,2025-12-27,2025-12-27 17:00:00+00:00,BE,wind_onshore,persistence,Persistence,daily_persistence,2208,2025-12-27 21:00:00+00:00,1219.001854,507.070134,,2025-09-26 17:00:00+00:00,2025-12-27 16:00:00+00:00
historical_mock_realized,2025-12-27,2025-12-27 17:00:00+00:00,BE,wind_onshore,persistence,Persistence,daily_persistence,2208,2025-12-27 22:00:00+00:00,1180.076902,589.564404,,2025-09-26 17:00:00+00:00,2025-12-27 16:00:00+00:00
historical_mock_realized,2025-12-27,2025-12-27 17:00:00+00:00,BE,wind_onshore,persistence,Persistence,daily_persistence,2208,2025-12-27 23:00:00+00:00,1178.758003,506.607021,,2025-09-26 17:00:00+00:00,2025-12-27 16:00:00+00:00
historical_mock_realized,2025-12-27,2025-12-27 17:00:00+00:00,BE,wind_onshore,persistence,Persistence,daily_persistence,2208,2025-12-28 00:00:00+00:00,1179.794987,465.585452,,2025-09-26 17:00:00+00:00,2025-12-27 16:00:00+00:00
historical_mock_realized,2025-12-27,2025-12-27 17:00:00+00:00,BE,wind_onshore,persistence,Persistence,daily_persistence,2208,2025-12-28 01:00:00+00:00,1130.378903,536.300164,,2025-09-26 17:00:00+00:00,2025-12-27 16:00:00+00:00
historical_mock_realized,2025-12-27,2025-12-27 17:00:00+00:00,BE,wind_onshore,persistence,Persistence,daily_persistence,2208,2025-12-28 02:00:00+00:00,1187.660705,671.487524,,2025-09-26 17:00:00+00:00,2025-12-27 16:00:00+00:00
historical_mock_realized,2025-12-27,2025-12-27 17:00:00+00:00,BE,wind_onshore,persistence,Persistence,daily_persistence,2208,2025-12-28 03:00:00+00:00,1323.825128,760.648267,,2025-09-26 17:00:00+00:00,2025-12-27 16:00:00+00:00
historical_mock_realized,2025-12-27,2025-12-27 17:00:00+00:00,BE,wind_onshore,persistence,Persistence,daily_persistence,2208,2025-12-28 04:00:00+00:00,1311.074012,665.506015,,2025-09-26 17:00:00+00:00,2025-12-27 16:00:00+00:00
historical_mock_realized,2025-12-27,2025-12-27 17:00:00+00:00,BE,wind_onshore,persistence,Persistence,daily_persistence,2208,2025-12-28 05:00:00+00:00,1302.638188,488.464196,,2025-09-26 17:00:00+00:00,2025-12-27 16:00:00+00:00
historical_mock_realized,2025-12-27,2025-12-27 17:00:00+00:00,BE,wind_onshore,persistence,Persistence,daily_persistence,2208,2025-12-28 06:00:00+00:00,1380.820785,414.539876,,2025-09-26 17:00:00+00:00,2025-12-27 16:00:00+00:00
historical_mock_realized,2025-12-27,2025-12-27 17:00:00+00:00,BE,wind_onshore,persistence,Persistence,daily_persistence,2208,2025-12-28 07:00:00+00:00,1495.18443,456.15863,,2025-09-26 17:00:00+00:00,2025-12-27 16:00:00+00:00
historical_mock_realized,2025-12-27,2025-12-27 17:00:00+00:00,BE,wind_onshore,persistence,Persistence,daily_persistence,2208,2025-12-28 08:00:00+00:00,1513.392753,471.854041,,2025-09-26 17:00:00+00:00,2025-12-27 16:00:00+00:00
historical_mock_realized,2025-12-27,2025-12-27 17:00:00+00:00,BE,wind_onshore,persistence,Persistence,daily_persistence,2208,2025-12-28 09:00:00+00:00,1495.4196,437.348114,,2025-09-26 17:00:00+00:00,2025-12-27 16:00:00+00:00
historical_mock_realized,2025-12-27,2025-12-27 17:00:00+00:00,BE,wind_onshore,persistence,Persistence,daily_persistence,2208,2025-12-28 10:00:00+00:00,1217.43044,409.644732,,2025-09-26 17:00:00+00:00,2025-12-27 16:00:00+00:00
historical_mock_realized,2025-12-27,2025-12-27 17:00:00+00:00,BE,wind_onshore,persistence,Persistence,daily_persistence,2208,2025-12-28 11:00:00+00:00,844.599008,338.944643,,2025-09-26 17:00:00+00:00,2025-12-27 16:00:00+00:00
historical_mock_realized,2025-12-27,2025-12-27 17:00:00+00:00,BE,wind_onshore,persistence,Persistence,daily_persistence,2208,2025-12-28 12:00:00+00:00,633.803683,435.015352,,2025-09-26 17:00:00+00:00,2025-12-27 16:00:00+00:00
historical_mock_realized,2025-12-27,2025-12-27 17:00:00+00:00,BE,wind_onshore,persistence,Persistence,daily_persistence,2208,2025-12-28 13:00:00+00:00,583.947951,548.964568,,2025-09-26 17:00:00+00:00,2025-12-27 16:00:00+00:00
historical_mock_realized,2025-12-27,2025-12-27 17:00:00+00:00,BE,wind_onshore,persistence,Persistence,daily_persistence,2208,2025-12-28 14:00:00+00:00,634.781937,569.574462,,2025-09-26 17:00:00+00:00,2025-12-27 16:00:00+00:00
historical_mock_realized,2025-12-27,2025-12-27 17:00:00+00:00,BE,wind_onshore,persistence,Persistence,daily_persistence,2208,2025-12-28 15:00:00+00:00,770.717484,583.66748,,2025-09-26 17:00:00+00:00,2025-12-27 16:00:00+00:00
historical_mock_realized,2025-12-27,2025-12-27 17:00:00+00:00,BE,wind_onshore,persistence,Persistence,daily_persistence,2208,2025-12-28 16:00:00+00:00,926.985707,754.555529,,2025-09-26 17:00:00+00:00,2025-12-27 16:00:00+00:00
historical_mock_realized,2025-12-27,2025-12-27 17:00:00+00:00,BE,wind_onshore,persistence,Persistence,daily_persistence,2208,2025-12-28 17:00:00+00:00,1070.892211,1046.350383,,2025-09-26 17:00:00+00:00,2025-12-27 16:00:00+00:00
historical_mock_realized,2025-12-27,2025-12-27 17:00:00+00:00,FR,wind_onshore,persistence,Persistence,daily_persistence,2208,2025-12-27 18:00:00+00:00,6532.985000000001,7029.655,,2025-09-26 17:00:00+00:00,2025-12-27 16:00:00+00:00
historical_mock_realized,2025-12-27,2025-12-27 17:00:00+00:00,FR,wind_onshore,persistence,Persistence,daily_persistence,2208,2025-12-27 19:00:00+00:00,6961.8525,7831.9325,,2025-09-26 17:00:00+00:00,2025-12-27 16:00:00+00:00
historical_mock_realized,2025-12-27,2025-12-27 17:00:00+00:00,FR,wind_onshore,persistence,Persistence,daily_persistence,2208,2025-12-27 20:00:00+00:00,7466.9775,7918.2975,,2025-09-26 17:00:00+00:00,2025-12-27 16:00:00+00:00
historical_mock_realized,2025-12-27,2025-12-27 17:00:00+00:00,FR,wind_onshore,persistence,Persistence,daily_persistence,2208,2025-12-27 21:00:00+00:00,7164.047500000001,7646.9475,,2025-09-26 17:00:00+00:00,2025-12-27 16:00:00+00:00
historical_mock_realized,2025-12-27,2025-12-27 17:00:00+00:00,FR,wind_onshore,persistence,Persistence,daily_persistence,2208,2025-12-27 22:00:00+00:00,6596.555,6832.9974999999995,,2025-09-26 17:00:00+00:00,2025-12-27 16:00:00+00:00
historical_mock_realized,2025-12-27,2025-12-27 17:00:00+00:00,FR,wind_onshore,persistence,Persistence,daily_persistence,2208,2025-12-27 23:00:00+00:00,6390.6925,7127.625,,2025-09-26 17:00:00+00:00,2025-12-27 16:00:00+00:00
historical_mock_realized,2025-12-27,2025-12-27 17:00:00+00:00,FR,wind_onshore,persistence,Persistence,daily_persistence,2208,2025-12-28 00:00:00+00:00,6348.015,6828.2675,,2025-09-26 17:00:00+00:00,2025-12-27 16:00:00+00:00
historical_mock_realized,2025-12-27,2025-12-27 17:00:00+00:00,FR,wind_onshore,persistence,Persistence,daily_persistence,2208,2025-12-28 01:00:00+00:00,6869.4625,6924.3,,2025-09-26 17:00:00+00:00,2025-12-27 16:00:00+00:00
historical_mock_realized,2025-12-27,2025-12-27 17:00:00+00:00,FR,wind_onshore,persistence,Persistence,daily_persistence,2208,2025-12-28 02:00:00+00:00,6998.8825,6978.765,,2025-09-26 17:00:00+00:00,2025-12-27 16:00:00+00:00
historical_mock_realized,2025-12-27,2025-12-27 17:00:00+00:00,FR,wind_onshore,persistence,Persistence,daily_persistence,2208,2025-12-28 03:00:00+00:00,6480.675,7195.055,,2025-09-26 17:00:00+00:00,2025-12-27 16:00:00+00:00
historical_mock_realized,2025-12-27,2025-12-27 17:00:00+00:00,FR,wind_onshore,persistence,Persistence,daily_persistence,2208,2025-12-28 04:00:00+00:00,6812.57,7853.695,,2025-09-26 17:00:00+00:00,2025-12-27 16:00:00+00:00
historical_mock_realized,2025-12-27,2025-12-27 17:00:00+00:00,FR,wind_onshore,persistence,Persistence,daily_persistence,2208,2025-12-28 05:00:00+00:00,7014.045,8712.6025,,2025-09-26 17:00:00+00:00,2025-12-27 16:00:00+00:00
historical_mock_realized,2025-12-27,2025-12-27 17:00:00+00:00,FR,wind_onshore,persistence,Persistence,daily_persistence,2208,2025-12-28 06:00:00+00:00,7642.8425,8701.3225,,2025-09-26 17:00:00+00:00,2025-12-27 16:00:00+00:00
historical_mock_realized,2025-12-27,2025-12-27 17:00:00+00:00,FR,wind_onshore,persistence,Persistence,daily_persistence,2208,2025-12-28 07:00:00+00:00,7694.755,8004.17,,2025-09-26 17:00:00+00:00,2025-12-27 16:00:00+00:00
historical_mock_realized,2025-12-27,2025-12-27 17:00:00+00:00,FR,wind_onshore,persistence,Persistence,daily_persistence,2208,2025-12-28 08:00:00+00:00,7140.7,7593.875,,2025-09-26 17:00:00+00:00,2025-12-27 16:00:00+00:00
historical_mock_realized,2025-12-27,2025-12-27 17:00:00+00:00,FR,wind_onshore,persistence,Persistence,daily_persistence,2208,2025-12-28 09:00:00+00:00,6864.912499999999,7325.535,,2025-09-26 17:00:00+00:00,2025-12-27 16:00:00+00:00
historical_mock_realized,2025-12-27,2025-12-27 17:00:00+00:00,FR,wind_onshore,persistence,Persistence,daily_persistence,2208,2025-12-28 10:00:00+00:00,6319.6975,6419.797500000001,,2025-09-26 17:00:00+00:00,2025-12-27 16:00:00+00:00
historical_mock_realized,2025-12-27,2025-12-27 17:00:00+00:00,FR,wind_onshore,persistence,Persistence,daily_persistence,2208,2025-12-28 11:00:00+00:00,5058.5575,5579.475,,2025-09-26 17:00:00+00:00,2025-12-27 16:00:00+00:00
historical_mock_realized,2025-12-27,2025-12-27 17:00:00+00:00,FR,wind_onshore,persistence,Persistence,daily_persistence,2208,2025-12-28 12:00:00+00:00,3943.1175,4850.2725,,2025-09-26 17:00:00+00:00,2025-12-27 16:00:00+00:00
historical_mock_realized,2025-12-27,2025-12-27 17:00:00+00:00,FR,wind_onshore,persistence,Persistence,daily_persistence,2208,2025-12-28 13:00:00+00:00,3197.9300000000003,4233.3175,,2025-09-26 17:00:00+00:00,2025-12-27 16:00:00+00:00
historical_mock_realized,2025-12-27,2025-12-27 17:00:00+00:00,FR,wind_onshore,persistence,Persistence,daily_persistence,2208,2025-12-28 14:00:00+00:00,3092.1525,4192.72,,2025-09-26 17:00:00+00:00,2025-12-27 16:00:00+00:00
historical_mock_realized,2025-12-27,2025-12-27 17:00:00+00:00,FR,wind_onshore,persistence,Persistence,daily_persistence,2208,2025-12-28 15:00:00+00:00,3432.59,4474.0175,,2025-09-26 17:00:00+00:00,2025-12-27 16:00:00+00:00
historical_mock_realized,2025-12-27,2025-12-27 17:00:00+00:00,FR,wind_onshore,persistence,Persistence,daily_persistence,2208,2025-12-28 16:00:00+00:00,4338.2575,5129.6,,2025-09-26 17:00:00+00:00,2025-12-27 16:00:00+00:00
historical_mock_realized,2025-12-27,2025-12-27 17:00:00+00:00,FR,wind_onshore,persistence,Persistence,daily_persistence,2208,2025-12-28 17:00:00+00:00,5878.7375,6068.3975,,2025-09-26 17:00:00+00:00,2025-12-27 16:00:00+00:00
historical_mock_realized,2025-12-27,2025-12-27 17:00:00+00:00,DE,wind_onshore,persistence,Persistence,daily_persistence,2208,2025-12-27 18:00:00+00:00,10306.709822,16424.7757,,2025-09-26 17:00:00+00:00,2025-12-27 16:00:00+00:00
historical_mock_realized,2025-12-27,2025-12-27 17:00:00+00:00,DE,wind_onshore,persistence,Persistence,daily_persistence,2208,2025-12-27 19:00:00+00:00,10339.551259,16301.614048,,2025-09-26 17:00:00+00:00,2025-12-27 16:00:00+00:00
historical_mock_realized,2025-12-27,2025-12-27 17:00:00+00:00,DE,wind_onshore,persistence,Persistence,daily_persistence,2208,2025-12-27 20:00:00+00:00,10391.846701,15223.324133,,2025-09-26 17:00:00+00:00,2025-12-27 16:00:00+00:00
historical_mock_realized,2025-12-27,2025-12-27 17:00:00+00:00,DE,wind_onshore,persistence,Persistence,daily_persistence,2208,2025-12-27 21:00:00+00:00,10522.077303,13586.558213,,2025-09-26 17:00:00+00:00,2025-12-27 16:00:00+00:00
historical_mock_realized,2025-12-27,2025-12-27 17:00:00+00:00,DE,wind_onshore,persistence,Persistence,daily_persistence,2208,2025-12-27 22:00:00+00:00,10128.616627,12139.04921,,2025-09-26 17:00:00+00:00,2025-12-27 16:00:00+00:00
historical_mock_realized,2025-12-27,2025-12-27 17:00:00+00:00,DE,wind_onshore,persistence,Persistence,daily_persistence,2208,2025-12-27 23:00:00+00:00,10108.222006,11735.983658,,2025-09-26 17:00:00+00:00,2025-12-27 16:00:00+00:00
historical_mock_realized,2025-12-27,2025-12-27 17:00:00+00:00,DE,wind_onshore,persistence,Persistence,daily_persistence,2208,2025-12-28 00:00:00+00:00,9983.598115,11359.417032,,2025-09-26 17:00:00+00:00,2025-12-27 16:00:00+00:00
historical_mock_realized,2025-12-27,2025-12-27 17:00:00+00:00,DE,wind_onshore,persistence,Persistence,daily_persistence,2208,2025-12-28 01:00:00+00:00,9878.740974,11350.126543,,2025-09-26 17:00:00+00:00,2025-12-27 16:00:00+00:00
historical_mock_realized,2025-12-27,2025-12-27 17:00:00+00:00,DE,wind_onshore,persistence,Persistence,daily_persistence,2208,2025-12-28 02:00:00+00:00,9700.36158,11473.247266,,2025-09-26 17:00:00+00:00,2025-12-27 16:00:00+00:00
historical_mock_realized,2025-12-27,2025-12-27 17:00:00+00:00,DE,wind_onshore,persistence,Persistence,daily_persistence,2208,2025-12-28 03:00:00+00:00,9678.888914,10733.273953,,2025-09-26 17:00:00+00:00,2025-12-27 16:00:00+00:00
historical_mock_realized,2025-12-27,2025-12-27 17:00:00+00:00,DE,wind_onshore,persistence,Persistence,daily_persistence,2208,2025-12-28 04:00:00+00:00,9386.374492,9494.627698,,2025-09-26 17:00:00+00:00,2025-12-27 16:00:00+00:00
historical_mock_realized,2025-12-27,2025-12-27 17:00:00+00:00,DE,wind_onshore,persistence,Persistence,daily_persistence,2208,2025-12-28 05:00:00+00:00,9757.759435,8554.748693,,2025-09-26 17:00:00+00:00,2025-12-27 16:00:00+00:00
historical_mock_realized,2025-12-27,2025-12-27 17:00:00+00:00,DE,wind_onshore,persistence,Persistence,daily_persistence,2208,2025-12-28 06:00:00+00:00,10224.091031,7709.211101,,2025-09-26 17:00:00+00:00,2025-12-27 16:00:00+00:00
historical_mock_realized,2025-12-27,2025-12-27 17:00:00+00:00,DE,wind_onshore,persistence,Persistence,daily_persistence,2208,2025-12-28 07:00:00+00:00,10891.355989,6895.925632,,2025-09-26 17:00:00+00:00,2025-12-27 16:00:00+00:00
historical_mock_realized,2025-12-27,2025-12-27 17:00:00+00:00,DE,wind_onshore,persistence,Persistence,daily_persistence,2208,2025-12-28 08:00:00+00:00,11962.74949,6601.862134,,2025-09-26 17:00:00+00:00,2025-12-27 16:00:00+00:00
historical_mock_realized,2025-12-27,2025-12-27 17:00:00+00:00,DE,wind_onshore,persistence,Persistence,daily_persistence,2208,2025-12-28 09:00:00+00:00,12094.044512,5703.689947,,2025-09-26 17:00:00+00:00,2025-12-27 16:00:00+00:00
historical_mock_realized,2025-12-27,2025-12-27 17:00:00+00:00,DE,wind_onshore,persistence,Persistence,daily_persistence,2208,2025-12-28 10:00:00+00:00,12771.41482,4614.798754,,2025-09-26 17:00:00+00:00,2025-12-27 16:00:00+00:00
historical_mock_realized,2025-12-27,2025-12-27 17:00:00+00:00,DE,wind_onshore,persistence,Persistence,daily_persistence,2208,2025-12-28 11:00:00+00:00,14187.225501,3850.892071,,2025-09-26 17:00:00+00:00,2025-12-27 16:00:00+00:00
historical_mock_realized,2025-12-27,2025-12-27 17:00:00+00:00,DE,wind_onshore,persistence,Persistence,daily_persistence,2208,2025-12-28 12:00:00+00:00,15147.475576,3879.768384,,2025-09-26 17:00:00+00:00,2025-12-27 16:00:00+00:00
historical_mock_realized,2025-12-27,2025-12-27 17:00:00+00:00,DE,wind_onshore,persistence,Persistence,daily_persistence,2208,2025-12-28 13:00:00+00:00,16165.227325,4183.539006999999,,2025-09-26 17:00:00+00:00,2025-12-27 16:00:00+00:00
historical_mock_realized,2025-12-27,2025-12-27 17:00:00+00:00,DE,wind_onshore,persistence,Persistence,daily_persistence,2208,2025-12-28 14:00:00+00:00,16312.938934,4971.258585,,2025-09-26 17:00:00+00:00,2025-12-27 16:00:00+00:00
historical_mock_realized,2025-12-27,2025-12-27 17:00:00+00:00,DE,wind_onshore,persistence,Persistence,daily_persistence,2208,2025-12-28 15:00:00+00:00,16547.774261,7306.884656,,2025-09-26 17:00:00+00:00,2025-12-27 16:00:00+00:00
historical_mock_realized,2025-12-27,2025-12-27 17:00:00+00:00,DE,wind_onshore,persistence,Persistence,daily_persistence,2208,2025-12-28 16:00:00+00:00,16233.782215,10370.809159,,2025-09-26 17:00:00+00:00,2025-12-27 16:00:00+00:00
historical_mock_realized,2025-12-27,2025-12-27 17:00:00+00:00,DE,wind_onshore,persistence,Persistence,daily_persistence,2208,2025-12-28 17:00:00+00:00,16244.232335,12368.243256,,2025-09-26 17:00:00+00:00,2025-12-27 16:00:00+00:00
historical_mock_realized,2025-12-27,2025-12-27 17:00:00+00:00,BE,wind_onshore,xgboost_online,XGBoost with covariates,weather_4p+tso_forecast,2208,2025-12-27 18:00:00+00:00,1062.947265625,996.760557,,2025-09-26 17:00:00+00:00,2025-12-27 16:00:00+00:00
historical_mock_realized,2025-12-27,2025-12-27 17:00:00+00:00,BE,wind_onshore,xgboost_online,XGBoost with covariates,weather_4p+tso_forecast,2208,2025-12-27 19:00:00+00:00,1024.971435546875,784.974974,,2025-09-26 17:00:00+00:00,2025-12-27 16:00:00+00:00
historical_mock_realized,2025-12-27,2025-12-27 17:00:00+00:00,BE,wind_onshore,xgboost_online,XGBoost with covariates,weather_4p+tso_forecast,2208,2025-12-27 20:00:00+00:00,1000.2638549804688,575.419061,,2025-09-26 17:00:00+00:00,2025-12-27 16:00:00+00:00
historical_mock_realized,2025-12-27,2025-12-27 17:00:00+00:00,BE,wind_onshore,xgboost_online,XGBoost with covariates,weather_4p+tso_forecast,2208,2025-12-27 21:00:00+00:00,974.5844116210938,507.070134,,2025-09-26 17:00:00+00:00,2025-12-27 16:00:00+00:00
historical_mock_realized,2025-12-27,2025-12-27 17:00:00+00:00,BE,wind_onshore,xgboost_online,XGBoost with covariates,weather_4p+tso_forecast,2208,2025-12-27 22:00:00+00:00,957.6983642578124,589.564404,,2025-09-26 17:00:00+00:00,2025-12-27 16:00:00+00:00
historical_mock_realized,2025-12-27,2025-12-27 17:00:00+00:00,BE,wind_onshore,xgboost_online,XGBoost with covariates,weather_4p+tso_forecast,2208,2025-12-27 23:00:00+00:00,887.6561279296875,506.607021,,2025-09-26 17:00:00+00:00,2025-12-27 16:00:00+00:00
historical_mock_realized,2025-12-27,2025-12-27 17:00:00+00:00,BE,wind_onshore,xgboost_online,XGBoost with covariates,weather_4p+tso_forecast,2208,2025-12-28 00:00:00+00:00,799.6767578125,465.585452,,2025-09-26 17:00:00+00:00,2025-12-27 16:00:00+00:00
historical_mock_realized,2025-12-27,2025-12-27 17:00:00+00:00,BE,wind_onshore,xgboost_online,XGBoost with covariates,weather_4p+tso_forecast,2208,2025-12-28 01:00:00+00:00,773.9060668945312,536.300164,,2025-09-26 17:00:00+00:00,2025-12-27 16:00:00+00:00
historical_mock_realized,2025-12-27,2025-12-27 17:00:00+00:00,BE,wind_onshore,xgboost_online,XGBoost with covariates,weather_4p+tso_forecast,2208,2025-12-28 02:00:00+00:00,796.309326171875,671.487524,,2025-09-26 17:00:00+00:00,2025-12-27 16:00:00+00:00
historical_mock_realized,2025-12-27,2025-12-27 17:00:00+00:00,BE,wind_onshore,xgboost_online,XGBoost with covariates,weather_4p+tso_forecast,2208,2025-12-28 03:00:00+00:00,802.9488525390625,760.648267,,2025-09-26 17:00:00+00:00,2025-12-27 16:00:00+00:00
historical_mock_realized,2025-12-27,2025-12-27 17:00:00+00:00,BE,wind_onshore,xgboost_online,XGBoost with covariates,weather_4p+tso_forecast,2208,2025-12-28 04:00:00+00:00,773.0022583007812,665.506015,,2025-09-26 17:00:00+00:00,2025-12-27 16:00:00+00:00
historical_mock_realized,2025-12-27,2025-12-27 17:00:00+00:00,BE,wind_onshore,xgboost_online,XGBoost with covariates,weather_4p+tso_forecast,2208,2025-12-28 05:00:00+00:00,731.73291015625,488.464196,,2025-09-26 17:00:00+00:00,2025-12-27 16:00:00+00:00
historical_mock_realized,2025-12-27,2025-12-27 17:00:00+00:00,BE,wind_onshore,xgboost_online,XGBoost with covariates,weather_4p+tso_forecast,2208,2025-12-28 06:00:00+00:00,673.4068603515625,414.539876,,2025-09-26 17:00:00+00:00,2025-12-27 16:00:00+00:00
historical_mock_realized,2025-12-27,2025-12-27 17:00:00+00:00,BE,wind_onshore,xgboost_online,XGBoost with covariates,weather_4p+tso_forecast,2208,2025-12-28 07:00:00+00:00,626.0700073242188,456.15863,,2025-09-26 17:00:00+00:00,2025-12-27 16:00:00+00:00
historical_mock_realized,2025-12-27,2025-12-27 17:00:00+00:00,BE,wind_onshore,xgboost_online,XGBoost with covariates,weather_4p+tso_forecast,2208,2025-12-28 08:00:00+00:00,589.8745727539062,471.854041,,2025-09-26 17:00:00+00:00,2025-12-27 16:00:00+00:00
historical_mock_realized,2025-12-27,2025-12-27 17:00:00+00:00,BE,wind_onshore,xgboost_online,XGBoost with covariates,weather_4p+tso_forecast,2208,2025-12-28 09:00:00+00:00,519.3007202148438,437.348114,,2025-09-26 17:00:00+00:00,2025-12-27 16:00:00+00:00
historical_mock_realized,2025-12-27,2025-12-27 17:00:00+00:00,BE,wind_onshore,xgboost_online,XGBoost with covariates,weather_4p+tso_forecast,2208,2025-12-28 10:00:00+00:00,436.9360046386719,409.644732,,2025-09-26 17:00:00+00:00,2025-12-27 16:00:00+00:00
historical_mock_realized,2025-12-27,2025-12-27 17:00:00+00:00,BE,wind_onshore,xgboost_online,XGBoost with covariates,weather_4p+tso_forecast,2208,2025-12-28 11:00:00+00:00,374.4541931152344,338.944643,,2025-09-26 17:00:00+00:00,2025-12-27 16:00:00+00:00
historical_mock_realized,2025-12-27,2025-12-27 17:00:00+00:00,BE,wind_onshore,xgboost_online,XGBoost with covariates,weather_4p+tso_forecast,2208,2025-12-28 12:00:00+00:00,341.3603820800781,435.015352,,2025-09-26 17:00:00+00:00,2025-12-27 16:00:00+00:00
historical_mock_realized,2025-12-27,2025-12-27 17:00:00+00:00,BE,wind_onshore,xgboost_online,XGBoost with covariates,weather_4p+tso_forecast,2208,2025-12-28 13:00:00+00:00,325.6918640136719,548.964568,,2025-09-26 17:00:00+00:00,2025-12-27 16:00:00+00:00
historical_mock_realized,2025-12-27,2025-12-27 17:00:00+00:00,BE,wind_onshore,xgboost_online,XGBoost with covariates,weather_4p+tso_forecast,2208,2025-12-28 14:00:00+00:00,306.1568908691406,569.574462,,2025-09-26 17:00:00+00:00,2025-12-27 16:00:00+00:00
historical_mock_realized,2025-12-27,2025-12-27 17:00:00+00:00,BE,wind_onshore,xgboost_online,XGBoost with covariates,weather_4p+tso_forecast,2208,2025-12-28 15:00:00+00:00,309.2767333984375,583.66748,,2025-09-26 17:00:00+00:00,2025-12-27 16:00:00+00:00
historical_mock_realized,2025-12-27,2025-12-27 17:00:00+00:00,BE,wind_onshore,xgboost_online,XGBoost with covariates,weather_4p+tso_forecast,2208,2025-12-28 16:00:00+00:00,386.425537109375,754.555529,,2025-09-26 17:00:00+00:00,2025-12-27 16:00:00+00:00
historical_mock_realized,2025-12-27,2025-12-27 17:00:00+00:00,BE,wind_onshore,xgboost_online,XGBoost with covariates,weather_4p+tso_forecast,2208,2025-12-28 17:00:00+00:00,451.3794860839844,1046.350383,,2025-09-26 17:00:00+00:00,2025-12-27 16:00:00+00:00
historical_mock_realized,2025-12-27,2025-12-27 17:00:00+00:00,FR,wind_onshore,xgboost_online,XGBoost with covariates,weather_4p+tso_forecast,2208,2025-12-27 18:00:00+00:00,6040.6513671875,7029.655,,2025-09-26 17:00:00+00:00,2025-12-27 16:00:00+00:00
historical_mock_realized,2025-12-27,2025-12-27 17:00:00+00:00,FR,wind_onshore,xgboost_online,XGBoost with covariates,weather_4p+tso_forecast,2208,2025-12-27 19:00:00+00:00,6314.43798828125,7831.9325,,2025-09-26 17:00:00+00:00,2025-12-27 16:00:00+00:00
historical_mock_realized,2025-12-27,2025-12-27 17:00:00+00:00,FR,wind_onshore,xgboost_online,XGBoost with covariates,weather_4p+tso_forecast,2208,2025-12-27 20:00:00+00:00,6562.62890625,7918.2975,,2025-09-26 17:00:00+00:00,2025-12-27 16:00:00+00:00
historical_mock_realized,2025-12-27,2025-12-27 17:00:00+00:00,FR,wind_onshore,xgboost_online,XGBoost with covariates,weather_4p+tso_forecast,2208,2025-12-27 21:00:00+00:00,6850.27197265625,7646.9475,,2025-09-26 17:00:00+00:00,2025-12-27 16:00:00+00:00
historical_mock_realized,2025-12-27,2025-12-27 17:00:00+00:00,FR,wind_onshore,xgboost_online,XGBoost with covariates,weather_4p+tso_forecast,2208,2025-12-27 22:00:00+00:00,6993.9912109375,6832.9974999999995,,2025-09-26 17:00:00+00:00,2025-12-27 16:00:00+00:00
historical_mock_realized,2025-12-27,2025-12-27 17:00:00+00:00,FR,wind_onshore,xgboost_online,XGBoost with covariates,weather_4p+tso_forecast,2208,2025-12-27 23:00:00+00:00,7135.02685546875,7127.625,,2025-09-26 17:00:00+00:00,2025-12-27 16:00:00+00:00
historical_mock_realized,2025-12-27,2025-12-27 17:00:00+00:00,FR,wind_onshore,xgboost_online,XGBoost with covariates,weather_4p+tso_forecast,2208,2025-12-28 00:00:00+00:00,7155.5947265625,6828.2675,,2025-09-26 17:00:00+00:00,2025-12-27 16:00:00+00:00
historical_mock_realized,2025-12-27,2025-12-27 17:00:00+00:00,FR,wind_onshore,xgboost_online,XGBoost with covariates,weather_4p+tso_forecast,2208,2025-12-28 01:00:00+00:00,7041.869140625,6924.3,,2025-09-26 17:00:00+00:00,2025-12-27 16:00:00+00:00
historical_mock_realized,2025-12-27,2025-12-27 17:00:00+00:00,FR,wind_onshore,xgboost_online,XGBoost with covariates,weather_4p+tso_forecast,2208,2025-12-28 02:00:00+00:00,7032.9072265625,6978.765,,2025-09-26 17:00:00+00:00,2025-12-27 16:00:00+00:00
historical_mock_realized,2025-12-27,2025-12-27 17:00:00+00:00,FR,wind_onshore,xgboost_online,XGBoost with covariates,weather_4p+tso_forecast,2208,2025-12-28 03:00:00+00:00,7041.869140625,7195.055,,2025-09-26 17:00:00+00:00,2025-12-27 16:00:00+00:00
historical_mock_realized,2025-12-27,2025-12-27 17:00:00+00:00,FR,wind_onshore,xgboost_online,XGBoost with covariates,weather_4p+tso_forecast,2208,2025-12-28 04:00:00+00:00,7129.8994140625,7853.695,,2025-09-26 17:00:00+00:00,2025-12-27 16:00:00+00:00
historical_mock_realized,2025-12-27,2025-12-27 17:00:00+00:00,FR,wind_onshore,xgboost_online,XGBoost with covariates,weather_4p+tso_forecast,2208,2025-12-28 05:00:00+00:00,7208.40625,8712.6025,,2025-09-26 17:00:00+00:00,2025-12-27 16:00:00+00:00
historical_mock_realized,2025-12-27,2025-12-27 17:00:00+00:00,FR,wind_onshore,xgboost_online,XGBoost with covariates,weather_4p+tso_forecast,2208,2025-12-28 06:00:00+00:00,7197.30224609375,8701.3225,,2025-09-26 17:00:00+00:00,2025-12-27 16:00:00+00:00
historical_mock_realized,2025-12-27,2025-12-27 17:00:00+00:00,FR,wind_onshore,xgboost_online,XGBoost with covariates,weather_4p+tso_forecast,2208,2025-12-28 07:00:00+00:00,7197.30224609375,8004.17,,2025-09-26 17:00:00+00:00,2025-12-27 16:00:00+00:00
historical_mock_realized,2025-12-27,2025-12-27 17:00:00+00:00,FR,wind_onshore,xgboost_online,XGBoost with covariates,weather_4p+tso_forecast,2208,2025-12-28 08:00:00+00:00,7045.220703125,7593.875,,2025-09-26 17:00:00+00:00,2025-12-27 16:00:00+00:00
historical_mock_realized,2025-12-27,2025-12-27 17:00:00+00:00,FR,wind_onshore,xgboost_online,XGBoost with covariates,weather_4p+tso_forecast,2208,2025-12-28 09:00:00+00:00,7036.77490234375,7325.535,,2025-09-26 17:00:00+00:00,2025-12-27 16:00:00+00:00
historical_mock_realized,2025-12-27,2025-12-27 17:00:00+00:00,FR,wind_onshore,xgboost_online,XGBoost with covariates,weather_4p+tso_forecast,2208,2025-12-28 10:00:00+00:00,7032.525390625,6419.797500000001,,2025-09-26 17:00:00+00:00,2025-12-27 16:00:00+00:00
historical_mock_realized,2025-12-27,2025-12-27 17:00:00+00:00,FR,wind_onshore,xgboost_online,XGBoost with covariates,weather_4p+tso_forecast,2208,2025-12-28 11:00:00+00:00,6983.41259765625,5579.475,,2025-09-26 17:00:00+00:00,2025-12-27 16:00:00+00:00
historical_mock_realized,2025-12-27,2025-12-27 17:00:00+00:00,FR,wind_onshore,xgboost_online,XGBoost with covariates,weather_4p+tso_forecast,2208,2025-12-28 12:00:00+00:00,6646.51025390625,4850.2725,,2025-09-26 17:00:00+00:00,2025-12-27 16:00:00+00:00
historical_mock_realized,2025-12-27,2025-12-27 17:00:00+00:00,FR,wind_onshore,xgboost_online,XGBoost with covariates,weather_4p+tso_forecast,2208,2025-12-28 13:00:00+00:00,6181.197265625,4233.3175,,2025-09-26 17:00:00+00:00,2025-12-27 16:00:00+00:00
historical_mock_realized,2025-12-27,2025-12-27 17:00:00+00:00,FR,wind_onshore,xgboost_online,XGBoost with covariates,weather_4p+tso_forecast,2208,2025-12-28 14:00:00+00:00,5602.42138671875,4192.72,,2025-09-26 17:00:00+00:00,2025-12-27 16:00:00+00:00
historical_mock_realized,2025-12-27,2025-12-27 17:00:00+00:00,FR,wind_onshore,xgboost_online,XGBoost with covariates,weather_4p+tso_forecast,2208,2025-12-28 15:00:00+00:00,5274.18994140625,4474.0175,,2025-09-26 17:00:00+00:00,2025-12-27 16:00:00+00:00
historical_mock_realized,2025-12-27,2025-12-27 17:00:00+00:00,FR,wind_onshore,xgboost_online,XGBoost with covariates,weather_4p+tso_forecast,2208,2025-12-28 16:00:00+00:00,5061.84814453125,5129.6,,2025-09-26 17:00:00+00:00,2025-12-27 16:00:00+00:00
historical_mock_realized,2025-12-27,2025-12-27 17:00:00+00:00,FR,wind_onshore,xgboost_online,XGBoost with covariates,weather_4p+tso_forecast,2208,2025-12-28 17:00:00+00:00,4987.21435546875,6068.3975,,2025-09-26 17:00:00+00:00,2025-12-27 16:00:00+00:00
historical_mock_realized,2025-12-27,2025-12-27 17:00:00+00:00,DE,wind_onshore,xgboost_online,XGBoost with covariates,weather_4p+tso_forecast,2208,2025-12-27 18:00:00+00:00,17031.935546875,16424.7757,,2025-09-26 17:00:00+00:00,2025-12-27 16:00:00+00:00
historical_mock_realized,2025-12-27,2025-12-27 17:00:00+00:00,DE,wind_onshore,xgboost_online,XGBoost with covariates,weather_4p+tso_forecast,2208,2025-12-27 19:00:00+00:00,17376.6796875,16301.614048,,2025-09-26 17:00:00+00:00,2025-12-27 16:00:00+00:00
historical_mock_realized,2025-12-27,2025-12-27 17:00:00+00:00,DE,wind_onshore,xgboost_online,XGBoost with covariates,weather_4p+tso_forecast,2208,2025-12-27 20:00:00+00:00,17516.541015625,15223.324133,,2025-09-26 17:00:00+00:00,2025-12-27 16:00:00+00:00
historical_mock_realized,2025-12-27,2025-12-27 17:00:00+00:00,DE,wind_onshore,xgboost_online,XGBoost with covariates,weather_4p+tso_forecast,2208,2025-12-27 21:00:00+00:00,16805.412109375,13586.558213,,2025-09-26 17:00:00+00:00,2025-12-27 16:00:00+00:00
historical_mock_realized,2025-12-27,2025-12-27 17:00:00+00:00,DE,wind_onshore,xgboost_online,XGBoost with covariates,weather_4p+tso_forecast,2208,2025-12-27 22:00:00+00:00,16297.8935546875,12139.04921,,2025-09-26 17:00:00+00:00,2025-12-27 16:00:00+00:00
historical_mock_realized,2025-12-27,2025-12-27 17:00:00+00:00,DE,wind_onshore,xgboost_online,XGBoost with covariates,weather_4p+tso_forecast,2208,2025-12-27 23:00:00+00:00,15342.9130859375,11735.983658,,2025-09-26 17:00:00+00:00,2025-12-27 16:00:00+00:00
historical_mock_realized,2025-12-27,2025-12-27 17:00:00+00:00,DE,wind_onshore,xgboost_online,XGBoost with covariates,weather_4p+tso_forecast,2208,2025-12-28 00:00:00+00:00,14904.919921875,11359.417032,,2025-09-26 17:00:00+00:00,2025-12-27 16:00:00+00:00
historical_mock_realized,2025-12-27,2025-12-27 17:00:00+00:00,DE,wind_onshore,xgboost_online,XGBoost with covariates,weather_4p+tso_forecast,2208,2025-12-28 01:00:00+00:00,14480.236328125,11350.126543,,2025-09-26 17:00:00+00:00,2025-12-27 16:00:00+00:00
historical_mock_realized,2025-12-27,2025-12-27 17:00:00+00:00,DE,wind_onshore,xgboost_online,XGBoost with covariates,weather_4p+tso_forecast,2208,2025-12-28 02:00:00+00:00,13616.3466796875,11473.247266,,2025-09-26 17:00:00+00:00,2025-12-27 16:00:00+00:00
historical_mock_realized,2025-12-27,2025-12-27 17:00:00+00:00,DE,wind_onshore,xgboost_online,XGBoost with covariates,weather_4p+tso_forecast,2208,2025-12-28 03:00:00+00:00,12974.2373046875,10733.273953,,2025-09-26 17:00:00+00:00,2025-12-27 16:00:00+00:00
historical_mock_realized,2025-12-27,2025-12-27 17:00:00+00:00,DE,wind_onshore,xgboost_online,XGBoost with covariates,weather_4p+tso_forecast,2208,2025-12-28 04:00:00+00:00,12231.2421875,9494.627698,,2025-09-26 17:00:00+00:00,2025-12-27 16:00:00+00:00
historical_mock_realized,2025-12-27,2025-12-27 17:00:00+00:00,DE,wind_onshore,xgboost_online,XGBoost with covariates,weather_4p+tso_forecast,2208,2025-12-28 05:00:00+00:00,11425.517578125,8554.748693,,2025-09-26 17:00:00+00:00,2025-12-27 16:00:00+00:00
historical_mock_realized,2025-12-27,2025-12-27 17:00:00+00:00,DE,wind_onshore,xgboost_online,XGBoost with covariates,weather_4p+tso_forecast,2208,2025-12-28 06:00:00+00:00,10971.4833984375,7709.211101,,2025-09-26 17:00:00+00:00,2025-12-27 16:00:00+00:00
historical_mock_realized,2025-12-27,2025-12-27 17:00:00+00:00,DE,wind_onshore,xgboost_online,XGBoost with covariates,weather_4p+tso_forecast,2208,2025-12-28 07:00:00+00:00,10590.1357421875,6895.925632,,2025-09-26 17:00:00+00:00,2025-12-27 16:00:00+00:00
historical_mock_realized,2025-12-27,2025-12-27 17:00:00+00:00,DE,wind_onshore,xgboost_online,XGBoost with covariates,weather_4p+tso_forecast,2208,2025-12-28 08:00:00+00:00,9829.779296875,6601.862134,,2025-09-26 17:00:00+00:00,2025-12-27 16:00:00+00:00
historical_mock_realized,2025-12-27,2025-12-27 17:00:00+00:00,DE,wind_onshore,xgboost_online,XGBoost with covariates,weather_4p+tso_forecast,2208,2025-12-28 09:00:00+00:00,9148.95703125,5703.689947,,2025-09-26 17:00:00+00:00,2025-12-27 16:00:00+00:00
historical_mock_realized,2025-12-27,2025-12-27 17:00:00+00:00,DE,wind_onshore,xgboost_online,XGBoost with covariates,weather_4p+tso_forecast,2208,2025-12-28 10:00:00+00:00,7841.8505859375,4614.798754,,2025-09-26 17:00:00+00:00,2025-12-27 16:00:00+00:00
historical_mock_realized,2025-12-27,2025-12-27 17:00:00+00:00,DE,wind_onshore,xgboost_online,XGBoost with covariates,weather_4p+tso_forecast,2208,2025-12-28 11:00:00+00:00,6030.03515625,3850.892071,,2025-09-26 17:00:00+00:00,2025-12-27 16:00:00+00:00
historical_mock_realized,2025-12-27,2025-12-27 17:00:00+00:00,DE,wind_onshore,xgboost_online,XGBoost with covariates,weather_4p+tso_forecast,2208,2025-12-28 12:00:00+00:00,5272.3740234375,3879.768384,,2025-09-26 17:00:00+00:00,2025-12-27 16:00:00+00:00
historical_mock_realized,2025-12-27,2025-12-27 17:00:00+00:00,DE,wind_onshore,xgboost_online,XGBoost with covariates,weather_4p+tso_forecast,2208,2025-12-28 13:00:00+00:00,4879.998046875,4183.539006999999,,2025-09-26 17:00:00+00:00,2025-12-27 16:00:00+00:00
historical_mock_realized,2025-12-27,2025-12-27 17:00:00+00:00,DE,wind_onshore,xgboost_online,XGBoost with covariates,weather_4p+tso_forecast,2208,2025-12-28 14:00:00+00:00,5405.66796875,4971.258585,,2025-09-26 17:00:00+00:00,2025-12-27 16:00:00+00:00
historical_mock_realized,2025-12-27,2025-12-27 17:00:00+00:00,DE,wind_onshore,xgboost_online,XGBoost with covariates,weather_4p+tso_forecast,2208,2025-12-28 15:00:00+00:00,6626.22705078125,7306.884656,,2025-09-26 17:00:00+00:00,2025-12-27 16:00:00+00:00
historical_mock_realized,2025-12-27,2025-12-27 17:00:00+00:00,DE,wind_onshore,xgboost_online,XGBoost with covariates,weather_4p+tso_forecast,2208,2025-12-28 16:00:00+00:00,8409.6884765625,10370.809159,,2025-09-26 17:00:00+00:00,2025-12-27 16:00:00+00:00
historical_mock_realized,2025-12-27,2025-12-27 17:00:00+00:00,DE,wind_onshore,xgboost_online,XGBoost with covariates,weather_4p+tso_forecast,2208,2025-12-28 17:00:00+00:00,9821.91015625,12368.243256,,2025-09-26 17:00:00+00:00,2025-12-27 16:00:00+00:00
historical_mock_realized,2025-12-27,2025-12-27 17:00:00+00:00,BE,wind_offshore,tso_reference,TSO forecast,tso_forecast,2208,2025-12-27 18:00:00+00:00,1238.15,1439.78,,2025-09-26 17:00:00+00:00,2025-12-27 16:00:00+00:00
historical_mock_realized,2025-12-27,2025-12-27 17:00:00+00:00,BE,wind_offshore,tso_reference,TSO forecast,tso_forecast,2208,2025-12-27 19:00:00+00:00,1237.2,1081.2875,,2025-09-26 17:00:00+00:00,2025-12-27 16:00:00+00:00
historical_mock_realized,2025-12-27,2025-12-27 17:00:00+00:00,BE,wind_offshore,tso_reference,TSO forecast,tso_forecast,2208,2025-12-27 20:00:00+00:00,1104.75,885.21,,2025-09-26 17:00:00+00:00,2025-12-27 16:00:00+00:00
historical_mock_realized,2025-12-27,2025-12-27 17:00:00+00:00,BE,wind_offshore,tso_reference,TSO forecast,tso_forecast,2208,2025-12-27 21:00:00+00:00,1089.825,891.5975,,2025-09-26 17:00:00+00:00,2025-12-27 16:00:00+00:00
historical_mock_realized,2025-12-27,2025-12-27 17:00:00+00:00,BE,wind_offshore,tso_reference,TSO forecast,tso_forecast,2208,2025-12-27 22:00:00+00:00,1070.875,696.725,,2025-09-26 17:00:00+00:00,2025-12-27 16:00:00+00:00
historical_mock_realized,2025-12-27,2025-12-27 17:00:00+00:00,BE,wind_offshore,tso_reference,TSO forecast,tso_forecast,2208,2025-12-27 23:00:00+00:00,937.225,746.2875,,2025-09-26 17:00:00+00:00,2025-12-27 16:00:00+00:00
historical_mock_realized,2025-12-27,2025-12-27 17:00:00+00:00,BE,wind_offshore,tso_reference,TSO forecast,tso_forecast,2208,2025-12-28 00:00:00+00:00,726.175,821.98,,2025-09-26 17:00:00+00:00,2025-12-27 16:00:00+00:00
historical_mock_realized,2025-12-27,2025-12-27 17:00:00+00:00,BE,wind_offshore,tso_reference,TSO forecast,tso_forecast,2208,2025-12-28 01:00:00+00:00,697.45,696.815,,2025-09-26 17:00:00+00:00,2025-12-27 16:00:00+00:00
historical_mock_realized,2025-12-27,2025-12-27 17:00:00+00:00,BE,wind_offshore,tso_reference,TSO forecast,tso_forecast,2208,2025-12-28 02:00:00+00:00,722.7,720.8025,,2025-09-26 17:00:00+00:00,2025-12-27 16:00:00+00:00
historical_mock_realized,2025-12-27,2025-12-27 17:00:00+00:00,BE,wind_offshore,tso_reference,TSO forecast,tso_forecast,2208,2025-12-28 03:00:00+00:00,720.675,789.3,,2025-09-26 17:00:00+00:00,2025-12-27 16:00:00+00:00
historical_mock_realized,2025-12-27,2025-12-27 17:00:00+00:00,BE,wind_offshore,tso_reference,TSO forecast,tso_forecast,2208,2025-12-28 04:00:00+00:00,626.325,798.025,,2025-09-26 17:00:00+00:00,2025-12-27 16:00:00+00:00
historical_mock_realized,2025-12-27,2025-12-27 17:00:00+00:00,BE,wind_offshore,tso_reference,TSO forecast,tso_forecast,2208,2025-12-28 05:00:00+00:00,477.125,577.88,,2025-09-26 17:00:00+00:00,2025-12-27 16:00:00+00:00
historical_mock_realized,2025-12-27,2025-12-27 17:00:00+00:00,BE,wind_offshore,tso_reference,TSO forecast,tso_forecast,2208,2025-12-28 06:00:00+00:00,379.575,394.34,,2025-09-26 17:00:00+00:00,2025-12-27 16:00:00+00:00
historical_mock_realized,2025-12-27,2025-12-27 17:00:00+00:00,BE,wind_offshore,tso_reference,TSO forecast,tso_forecast,2208,2025-12-28 07:00:00+00:00,337.65,410.2125,,2025-09-26 17:00:00+00:00,2025-12-27 16:00:00+00:00
historical_mock_realized,2025-12-27,2025-12-27 17:00:00+00:00,BE,wind_offshore,tso_reference,TSO forecast,tso_forecast,2208,2025-12-28 08:00:00+00:00,329.925,418.135,,2025-09-26 17:00:00+00:00,2025-12-27 16:00:00+00:00
historical_mock_realized,2025-12-27,2025-12-27 17:00:00+00:00,BE,wind_offshore,tso_reference,TSO forecast,tso_forecast,2208,2025-12-28 09:00:00+00:00,331.0,428.9925,,2025-09-26 17:00:00+00:00,2025-12-27 16:00:00+00:00
historical_mock_realized,2025-12-27,2025-12-27 17:00:00+00:00,BE,wind_offshore,tso_reference,TSO forecast,tso_forecast,2208,2025-12-28 10:00:00+00:00,292.675,459.15,,2025-09-26 17:00:00+00:00,2025-12-27 16:00:00+00:00
historical_mock_realized,2025-12-27,2025-12-27 17:00:00+00:00,BE,wind_offshore,tso_reference,TSO forecast,tso_forecast,2208,2025-12-28 11:00:00+00:00,255.05,520.99,,2025-09-26 17:00:00+00:00,2025-12-27 16:00:00+00:00
historical_mock_realized,2025-12-27,2025-12-27 17:00:00+00:00,BE,wind_offshore,tso_reference,TSO forecast,tso_forecast,2208,2025-12-28 12:00:00+00:00,237.7,570.0525,,2025-09-26 17:00:00+00:00,2025-12-27 16:00:00+00:00
historical_mock_realized,2025-12-27,2025-12-27 17:00:00+00:00,BE,wind_offshore,tso_reference,TSO forecast,tso_forecast,2208,2025-12-28 13:00:00+00:00,246.225,699.15,,2025-09-26 17:00:00+00:00,2025-12-27 16:00:00+00:00
historical_mock_realized,2025-12-27,2025-12-27 17:00:00+00:00,BE,wind_offshore,tso_reference,TSO forecast,tso_forecast,2208,2025-12-28 14:00:00+00:00,297.4,807.4425,,2025-09-26 17:00:00+00:00,2025-12-27 16:00:00+00:00
historical_mock_realized,2025-12-27,2025-12-27 17:00:00+00:00,BE,wind_offshore,tso_reference,TSO forecast,tso_forecast,2208,2025-12-28 15:00:00+00:00,360.425,1003.1725,,2025-09-26 17:00:00+00:00,2025-12-27 16:00:00+00:00
historical_mock_realized,2025-12-27,2025-12-27 17:00:00+00:00,BE,wind_offshore,tso_reference,TSO forecast,tso_forecast,2208,2025-12-28 16:00:00+00:00,347.675,756.07,,2025-09-26 17:00:00+00:00,2025-12-27 16:00:00+00:00
historical_mock_realized,2025-12-27,2025-12-27 17:00:00+00:00,BE,wind_offshore,tso_reference,TSO forecast,tso_forecast,2208,2025-12-28 17:00:00+00:00,318.8,615.1875,,2025-09-26 17:00:00+00:00,2025-12-27 16:00:00+00:00
historical_mock_realized,2025-12-27,2025-12-27 17:00:00+00:00,FR,wind_offshore,tso_reference,TSO forecast,tso_forecast,2208,2025-12-27 18:00:00+00:00,765.0,1586.255,,2025-09-26 17:00:00+00:00,2025-12-27 16:00:00+00:00
historical_mock_realized,2025-12-27,2025-12-27 17:00:00+00:00,FR,wind_offshore,tso_reference,TSO forecast,tso_forecast,2208,2025-12-27 19:00:00+00:00,818.5,1624.0775,,2025-09-26 17:00:00+00:00,2025-12-27 16:00:00+00:00
historical_mock_realized,2025-12-27,2025-12-27 17:00:00+00:00,FR,wind_offshore,tso_reference,TSO forecast,tso_forecast,2208,2025-12-27 20:00:00+00:00,842.5,1564.765,,2025-09-26 17:00:00+00:00,2025-12-27 16:00:00+00:00
historical_mock_realized,2025-12-27,2025-12-27 17:00:00+00:00,FR,wind_offshore,tso_reference,TSO forecast,tso_forecast,2208,2025-12-27 21:00:00+00:00,844.0,1458.8075,,2025-09-26 17:00:00+00:00,2025-12-27 16:00:00+00:00
historical_mock_realized,2025-12-27,2025-12-27 17:00:00+00:00,FR,wind_offshore,tso_reference,TSO forecast,tso_forecast,2208,2025-12-27 22:00:00+00:00,824.5,1425.9375,,2025-09-26 17:00:00+00:00,2025-12-27 16:00:00+00:00
historical_mock_realized,2025-12-27,2025-12-27 17:00:00+00:00,FR,wind_offshore,tso_reference,TSO forecast,tso_forecast,2208,2025-12-27 23:00:00+00:00,807.0,1293.3225,,2025-09-26 17:00:00+00:00,2025-12-27 16:00:00+00:00
historical_mock_realized,2025-12-27,2025-12-27 17:00:00+00:00,FR,wind_offshore,tso_reference,TSO forecast,tso_forecast,2208,2025-12-28 00:00:00+00:00,814.0,1284.17,,2025-09-26 17:00:00+00:00,2025-12-27 16:00:00+00:00
historical_mock_realized,2025-12-27,2025-12-27 17:00:00+00:00,FR,wind_offshore,tso_reference,TSO forecast,tso_forecast,2208,2025-12-28 01:00:00+00:00,833.0,1267.58,,2025-09-26 17:00:00+00:00,2025-12-27 16:00:00+00:00
historical_mock_realized,2025-12-27,2025-12-27 17:00:00+00:00,FR,wind_offshore,tso_reference,TSO forecast,tso_forecast,2208,2025-12-28 02:00:00+00:00,829.0,1226.47,,2025-09-26 17:00:00+00:00,2025-12-27 16:00:00+00:00
historical_mock_realized,2025-12-27,2025-12-27 17:00:00+00:00,FR,wind_offshore,tso_reference,TSO forecast,tso_forecast,2208,2025-12-28 03:00:00+00:00,814.5,1333.3575,,2025-09-26 17:00:00+00:00,2025-12-27 16:00:00+00:00
historical_mock_realized,2025-12-27,2025-12-27 17:00:00+00:00,FR,wind_offshore,tso_reference,TSO forecast,tso_forecast,2208,2025-12-28 04:00:00+00:00,808.0,1292.1175,,2025-09-26 17:00:00+00:00,2025-12-27 16:00:00+00:00
historical_mock_realized,2025-12-27,2025-12-27 17:00:00+00:00,FR,wind_offshore,tso_reference,TSO forecast,tso_forecast,2208,2025-12-28 05:00:00+00:00,820.5,1332.3975,,2025-09-26 17:00:00+00:00,2025-12-27 16:00:00+00:00
historical_mock_realized,2025-12-27,2025-12-27 17:00:00+00:00,FR,wind_offshore,tso_reference,TSO forecast,tso_forecast,2208,2025-12-28 06:00:00+00:00,837.0,1509.5925,,2025-09-26 17:00:00+00:00,2025-12-27 16:00:00+00:00
historical_mock_realized,2025-12-27,2025-12-27 17:00:00+00:00,FR,wind_offshore,tso_reference,TSO forecast,tso_forecast,2208,2025-12-28 07:00:00+00:00,835.5,1488.6174999999998,,2025-09-26 17:00:00+00:00,2025-12-27 16:00:00+00:00
historical_mock_realized,2025-12-27,2025-12-27 17:00:00+00:00,FR,wind_offshore,tso_reference,TSO forecast,tso_forecast,2208,2025-12-28 08:00:00+00:00,815.5,1444.795,,2025-09-26 17:00:00+00:00,2025-12-27 16:00:00+00:00
historical_mock_realized,2025-12-27,2025-12-27 17:00:00+00:00,FR,wind_offshore,tso_reference,TSO forecast,tso_forecast,2208,2025-12-28 09:00:00+00:00,795.5,1511.3625000000002,,2025-09-26 17:00:00+00:00,2025-12-27 16:00:00+00:00
historical_mock_realized,2025-12-27,2025-12-27 17:00:00+00:00,FR,wind_offshore,tso_reference,TSO forecast,tso_forecast,2208,2025-12-28 10:00:00+00:00,780.5,1520.6975,,2025-09-26 17:00:00+00:00,2025-12-27 16:00:00+00:00
historical_mock_realized,2025-12-27,2025-12-27 17:00:00+00:00,FR,wind_offshore,tso_reference,TSO forecast,tso_forecast,2208,2025-12-28 11:00:00+00:00,744.5,1364.4775,,2025-09-26 17:00:00+00:00,2025-12-27 16:00:00+00:00
historical_mock_realized,2025-12-27,2025-12-27 17:00:00+00:00,FR,wind_offshore,tso_reference,TSO forecast,tso_forecast,2208,2025-12-28 12:00:00+00:00,692.5,1392.3725,,2025-09-26 17:00:00+00:00,2025-12-27 16:00:00+00:00
historical_mock_realized,2025-12-27,2025-12-27 17:00:00+00:00,FR,wind_offshore,tso_reference,TSO forecast,tso_forecast,2208,2025-12-28 13:00:00+00:00,637.5,1368.1825,,2025-09-26 17:00:00+00:00,2025-12-27 16:00:00+00:00
historical_mock_realized,2025-12-27,2025-12-27 17:00:00+00:00,FR,wind_offshore,tso_reference,TSO forecast,tso_forecast,2208,2025-12-28 14:00:00+00:00,597.0,1411.905,,2025-09-26 17:00:00+00:00,2025-12-27 16:00:00+00:00
historical_mock_realized,2025-12-27,2025-12-27 17:00:00+00:00,FR,wind_offshore,tso_reference,TSO forecast,tso_forecast,2208,2025-12-28 15:00:00+00:00,580.5,1425.885,,2025-09-26 17:00:00+00:00,2025-12-27 16:00:00+00:00
historical_mock_realized,2025-12-27,2025-12-27 17:00:00+00:00,FR,wind_offshore,tso_reference,TSO forecast,tso_forecast,2208,2025-12-28 16:00:00+00:00,593.0,1448.4675,,2025-09-26 17:00:00+00:00,2025-12-27 16:00:00+00:00
historical_mock_realized,2025-12-27,2025-12-27 17:00:00+00:00,FR,wind_offshore,tso_reference,TSO forecast,tso_forecast,2208,2025-12-28 17:00:00+00:00,611.5,1543.98,,2025-09-26 17:00:00+00:00,2025-12-27 16:00:00+00:00
historical_mock_realized,2025-12-27,2025-12-27 17:00:00+00:00,DE,wind_offshore,tso_reference,TSO forecast,tso_forecast,2208,2025-12-27 18:00:00+00:00,6200.8425,7686.65775,,2025-09-26 17:00:00+00:00,2025-12-27 16:00:00+00:00
historical_mock_realized,2025-12-27,2025-12-27 17:00:00+00:00,DE,wind_offshore,tso_reference,TSO forecast,tso_forecast,2208,2025-12-27 19:00:00+00:00,5915.592500000001,7248.47475,,2025-09-26 17:00:00+00:00,2025-12-27 16:00:00+00:00
historical_mock_realized,2025-12-27,2025-12-27 17:00:00+00:00,DE,wind_offshore,tso_reference,TSO forecast,tso_forecast,2208,2025-12-27 20:00:00+00:00,5224.5575,7004.0337500000005,,2025-09-26 17:00:00+00:00,2025-12-27 16:00:00+00:00
historical_mock_realized,2025-12-27,2025-12-27 17:00:00+00:00,DE,wind_offshore,tso_reference,TSO forecast,tso_forecast,2208,2025-12-27 21:00:00+00:00,4289.535,6235.51175,,2025-09-26 17:00:00+00:00,2025-12-27 16:00:00+00:00
historical_mock_realized,2025-12-27,2025-12-27 17:00:00+00:00,DE,wind_offshore,tso_reference,TSO forecast,tso_forecast,2208,2025-12-27 22:00:00+00:00,3431.6475,5094.9185,,2025-09-26 17:00:00+00:00,2025-12-27 16:00:00+00:00
historical_mock_realized,2025-12-27,2025-12-27 17:00:00+00:00,DE,wind_offshore,tso_reference,TSO forecast,tso_forecast,2208,2025-12-27 23:00:00+00:00,2822.87,4432.5845,,2025-09-26 17:00:00+00:00,2025-12-27 16:00:00+00:00
historical_mock_realized,2025-12-27,2025-12-27 17:00:00+00:00,DE,wind_offshore,tso_reference,TSO forecast,tso_forecast,2208,2025-12-28 00:00:00+00:00,2831.6625,4597.5085,,2025-09-26 17:00:00+00:00,2025-12-27 16:00:00+00:00
historical_mock_realized,2025-12-27,2025-12-27 17:00:00+00:00,DE,wind_offshore,tso_reference,TSO forecast,tso_forecast,2208,2025-12-28 01:00:00+00:00,2411.665,3612.06725,,2025-09-26 17:00:00+00:00,2025-12-27 16:00:00+00:00
historical_mock_realized,2025-12-27,2025-12-27 17:00:00+00:00,DE,wind_offshore,tso_reference,TSO forecast,tso_forecast,2208,2025-12-28 02:00:00+00:00,2033.9675,2417.2915000000003,,2025-09-26 17:00:00+00:00,2025-12-27 16:00:00+00:00
historical_mock_realized,2025-12-27,2025-12-27 17:00:00+00:00,DE,wind_offshore,tso_reference,TSO forecast,tso_forecast,2208,2025-12-28 03:00:00+00:00,1779.4525,1815.10375,,2025-09-26 17:00:00+00:00,2025-12-27 16:00:00+00:00
historical_mock_realized,2025-12-27,2025-12-27 17:00:00+00:00,DE,wind_offshore,tso_reference,TSO forecast,tso_forecast,2208,2025-12-28 04:00:00+00:00,1633.3925,1586.2765,,2025-09-26 17:00:00+00:00,2025-12-27 16:00:00+00:00
historical_mock_realized,2025-12-27,2025-12-27 17:00:00+00:00,DE,wind_offshore,tso_reference,TSO forecast,tso_forecast,2208,2025-12-28 05:00:00+00:00,1536.4675,1534.74725,,2025-09-26 17:00:00+00:00,2025-12-27 16:00:00+00:00
historical_mock_realized,2025-12-27,2025-12-27 17:00:00+00:00,DE,wind_offshore,tso_reference,TSO forecast,tso_forecast,2208,2025-12-28 06:00:00+00:00,1455.7825,1483.7315,,2025-09-26 17:00:00+00:00,2025-12-27 16:00:00+00:00
historical_mock_realized,2025-12-27,2025-12-27 17:00:00+00:00,DE,wind_offshore,tso_reference,TSO forecast,tso_forecast,2208,2025-12-28 07:00:00+00:00,1384.1475,1383.221,,2025-09-26 17:00:00+00:00,2025-12-27 16:00:00+00:00
historical_mock_realized,2025-12-27,2025-12-27 17:00:00+00:00,DE,wind_offshore,tso_reference,TSO forecast,tso_forecast,2208,2025-12-28 08:00:00+00:00,1268.3625,1182.9655,,2025-09-26 17:00:00+00:00,2025-12-27 16:00:00+00:00
historical_mock_realized,2025-12-27,2025-12-27 17:00:00+00:00,DE,wind_offshore,tso_reference,TSO forecast,tso_forecast,2208,2025-12-28 09:00:00+00:00,1149.86,581.8855,,2025-09-26 17:00:00+00:00,2025-12-27 16:00:00+00:00
historical_mock_realized,2025-12-27,2025-12-27 17:00:00+00:00,DE,wind_offshore,tso_reference,TSO forecast,tso_forecast,2208,2025-12-28 10:00:00+00:00,1117.75,537.794,,2025-09-26 17:00:00+00:00,2025-12-27 16:00:00+00:00
historical_mock_realized,2025-12-27,2025-12-27 17:00:00+00:00,DE,wind_offshore,tso_reference,TSO forecast,tso_forecast,2208,2025-12-28 11:00:00+00:00,1160.4675,864.9200000000001,,2025-09-26 17:00:00+00:00,2025-12-27 16:00:00+00:00
historical_mock_realized,2025-12-27,2025-12-27 17:00:00+00:00,DE,wind_offshore,tso_reference,TSO forecast,tso_forecast,2208,2025-12-28 12:00:00+00:00,1261.1375,972.96475,,2025-09-26 17:00:00+00:00,2025-12-27 16:00:00+00:00
historical_mock_realized,2025-12-27,2025-12-27 17:00:00+00:00,DE,wind_offshore,tso_reference,TSO forecast,tso_forecast,2208,2025-12-28 13:00:00+00:00,1468.345,1595.95525,,2025-09-26 17:00:00+00:00,2025-12-27 16:00:00+00:00
historical_mock_realized,2025-12-27,2025-12-27 17:00:00+00:00,DE,wind_offshore,tso_reference,TSO forecast,tso_forecast,2208,2025-12-28 14:00:00+00:00,1724.8,2559.52975,,2025-09-26 17:00:00+00:00,2025-12-27 16:00:00+00:00
historical_mock_realized,2025-12-27,2025-12-27 17:00:00+00:00,DE,wind_offshore,tso_reference,TSO forecast,tso_forecast,2208,2025-12-28 15:00:00+00:00,2005.14,2945.154,,2025-09-26 17:00:00+00:00,2025-12-27 16:00:00+00:00
historical_mock_realized,2025-12-27,2025-12-27 17:00:00+00:00,DE,wind_offshore,tso_reference,TSO forecast,tso_forecast,2208,2025-12-28 16:00:00+00:00,2348.16,2462.9145,,2025-09-26 17:00:00+00:00,2025-12-27 16:00:00+00:00
historical_mock_realized,2025-12-27,2025-12-27 17:00:00+00:00,DE,wind_offshore,tso_reference,TSO forecast,tso_forecast,2208,2025-12-28 17:00:00+00:00,2717.8375,2632.15425,,2025-09-26 17:00:00+00:00,2025-12-27 16:00:00+00:00
historical_mock_realized,2025-12-27,2025-12-27 17:00:00+00:00,BE,wind_offshore,persistence,Persistence,daily_persistence,2208,2025-12-27 18:00:00+00:00,1035.845,1439.78,,2025-09-26 17:00:00+00:00,2025-12-27 16:00:00+00:00
historical_mock_realized,2025-12-27,2025-12-27 17:00:00+00:00,BE,wind_offshore,persistence,Persistence,daily_persistence,2208,2025-12-27 19:00:00+00:00,1084.2875,1081.2875,,2025-09-26 17:00:00+00:00,2025-12-27 16:00:00+00:00
historical_mock_realized,2025-12-27,2025-12-27 17:00:00+00:00,BE,wind_offshore,persistence,Persistence,daily_persistence,2208,2025-12-27 20:00:00+00:00,826.0025,885.21,,2025-09-26 17:00:00+00:00,2025-12-27 16:00:00+00:00
historical_mock_realized,2025-12-27,2025-12-27 17:00:00+00:00,BE,wind_offshore,persistence,Persistence,daily_persistence,2208,2025-12-27 21:00:00+00:00,549.745,891.5975,,2025-09-26 17:00:00+00:00,2025-12-27 16:00:00+00:00
historical_mock_realized,2025-12-27,2025-12-27 17:00:00+00:00,BE,wind_offshore,persistence,Persistence,daily_persistence,2208,2025-12-27 22:00:00+00:00,598.5425,696.725,,2025-09-26 17:00:00+00:00,2025-12-27 16:00:00+00:00
historical_mock_realized,2025-12-27,2025-12-27 17:00:00+00:00,BE,wind_offshore,persistence,Persistence,daily_persistence,2208,2025-12-27 23:00:00+00:00,726.0225,746.2875,,2025-09-26 17:00:00+00:00,2025-12-27 16:00:00+00:00
historical_mock_realized,2025-12-27,2025-12-27 17:00:00+00:00,BE,wind_offshore,persistence,Persistence,daily_persistence,2208,2025-12-28 00:00:00+00:00,580.6325,821.98,,2025-09-26 17:00:00+00:00,2025-12-27 16:00:00+00:00
historical_mock_realized,2025-12-27,2025-12-27 17:00:00+00:00,BE,wind_offshore,persistence,Persistence,daily_persistence,2208,2025-12-28 01:00:00+00:00,598.905,696.815,,2025-09-26 17:00:00+00:00,2025-12-27 16:00:00+00:00
historical_mock_realized,2025-12-27,2025-12-27 17:00:00+00:00,BE,wind_offshore,persistence,Persistence,daily_persistence,2208,2025-12-28 02:00:00+00:00,867.465,720.8025,,2025-09-26 17:00:00+00:00,2025-12-27 16:00:00+00:00
historical_mock_realized,2025-12-27,2025-12-27 17:00:00+00:00,BE,wind_offshore,persistence,Persistence,daily_persistence,2208,2025-12-28 03:00:00+00:00,792.47,789.3,,2025-09-26 17:00:00+00:00,2025-12-27 16:00:00+00:00
historical_mock_realized,2025-12-27,2025-12-27 17:00:00+00:00,BE,wind_offshore,persistence,Persistence,daily_persistence,2208,2025-12-28 04:00:00+00:00,863.7875,798.025,,2025-09-26 17:00:00+00:00,2025-12-27 16:00:00+00:00
historical_mock_realized,2025-12-27,2025-12-27 17:00:00+00:00,BE,wind_offshore,persistence,Persistence,daily_persistence,2208,2025-12-28 05:00:00+00:00,785.4275,577.88,,2025-09-26 17:00:00+00:00,2025-12-27 16:00:00+00:00
historical_mock_realized,2025-12-27,2025-12-27 17:00:00+00:00,BE,wind_offshore,persistence,Persistence,daily_persistence,2208,2025-12-28 06:00:00+00:00,1002.8075,394.34,,2025-09-26 17:00:00+00:00,2025-12-27 16:00:00+00:00
historical_mock_realized,2025-12-27,2025-12-27 17:00:00+00:00,BE,wind_offshore,persistence,Persistence,daily_persistence,2208,2025-12-28 07:00:00+00:00,1130.445,410.2125,,2025-09-26 17:00:00+00:00,2025-12-27 16:00:00+00:00
historical_mock_realized,2025-12-27,2025-12-27 17:00:00+00:00,BE,wind_offshore,persistence,Persistence,daily_persistence,2208,2025-12-28 08:00:00+00:00,1405.9275,418.135,,2025-09-26 17:00:00+00:00,2025-12-27 16:00:00+00:00
historical_mock_realized,2025-12-27,2025-12-27 17:00:00+00:00,BE,wind_offshore,persistence,Persistence,daily_persistence,2208,2025-12-28 09:00:00+00:00,1930.0425,428.9925,,2025-09-26 17:00:00+00:00,2025-12-27 16:00:00+00:00
historical_mock_realized,2025-12-27,2025-12-27 17:00:00+00:00,BE,wind_offshore,persistence,Persistence,daily_persistence,2208,2025-12-28 10:00:00+00:00,2086.0725,459.15,,2025-09-26 17:00:00+00:00,2025-12-27 16:00:00+00:00
historical_mock_realized,2025-12-27,2025-12-27 17:00:00+00:00,BE,wind_offshore,persistence,Persistence,daily_persistence,2208,2025-12-28 11:00:00+00:00,2056.5175,520.99,,2025-09-26 17:00:00+00:00,2025-12-27 16:00:00+00:00
historical_mock_realized,2025-12-27,2025-12-27 17:00:00+00:00,BE,wind_offshore,persistence,Persistence,daily_persistence,2208,2025-12-28 12:00:00+00:00,1984.36,570.0525,,2025-09-26 17:00:00+00:00,2025-12-27 16:00:00+00:00
historical_mock_realized,2025-12-27,2025-12-27 17:00:00+00:00,BE,wind_offshore,persistence,Persistence,daily_persistence,2208,2025-12-28 13:00:00+00:00,1880.625,699.15,,2025-09-26 17:00:00+00:00,2025-12-27 16:00:00+00:00
historical_mock_realized,2025-12-27,2025-12-27 17:00:00+00:00,BE,wind_offshore,persistence,Persistence,daily_persistence,2208,2025-12-28 14:00:00+00:00,1740.19,807.4425,,2025-09-26 17:00:00+00:00,2025-12-27 16:00:00+00:00
historical_mock_realized,2025-12-27,2025-12-27 17:00:00+00:00,BE,wind_offshore,persistence,Persistence,daily_persistence,2208,2025-12-28 15:00:00+00:00,1471.9375,1003.1725,,2025-09-26 17:00:00+00:00,2025-12-27 16:00:00+00:00
historical_mock_realized,2025-12-27,2025-12-27 17:00:00+00:00,BE,wind_offshore,persistence,Persistence,daily_persistence,2208,2025-12-28 16:00:00+00:00,1664.8375,756.07,,2025-09-26 17:00:00+00:00,2025-12-27 16:00:00+00:00
historical_mock_realized,2025-12-27,2025-12-27 17:00:00+00:00,BE,wind_offshore,persistence,Persistence,daily_persistence,2208,2025-12-28 17:00:00+00:00,1781.3925,615.1875,,2025-09-26 17:00:00+00:00,2025-12-27 16:00:00+00:00
historical_mock_realized,2025-12-27,2025-12-27 17:00:00+00:00,FR,wind_offshore,persistence,Persistence,daily_persistence,2208,2025-12-27 18:00:00+00:00,1193.6625,1586.255,,2025-09-26 17:00:00+00:00,2025-12-27 16:00:00+00:00
historical_mock_realized,2025-12-27,2025-12-27 17:00:00+00:00,FR,wind_offshore,persistence,Persistence,daily_persistence,2208,2025-12-27 19:00:00+00:00,1141.9875,1624.0775,,2025-09-26 17:00:00+00:00,2025-12-27 16:00:00+00:00
historical_mock_realized,2025-12-27,2025-12-27 17:00:00+00:00,FR,wind_offshore,persistence,Persistence,daily_persistence,2208,2025-12-27 20:00:00+00:00,1293.085,1564.765,,2025-09-26 17:00:00+00:00,2025-12-27 16:00:00+00:00
historical_mock_realized,2025-12-27,2025-12-27 17:00:00+00:00,FR,wind_offshore,persistence,Persistence,daily_persistence,2208,2025-12-27 21:00:00+00:00,1164.04,1458.8075,,2025-09-26 17:00:00+00:00,2025-12-27 16:00:00+00:00
historical_mock_realized,2025-12-27,2025-12-27 17:00:00+00:00,FR,wind_offshore,persistence,Persistence,daily_persistence,2208,2025-12-27 22:00:00+00:00,1034.5675,1425.9375,,2025-09-26 17:00:00+00:00,2025-12-27 16:00:00+00:00
historical_mock_realized,2025-12-27,2025-12-27 17:00:00+00:00,FR,wind_offshore,persistence,Persistence,daily_persistence,2208,2025-12-27 23:00:00+00:00,954.5025,1293.3225,,2025-09-26 17:00:00+00:00,2025-12-27 16:00:00+00:00
historical_mock_realized,2025-12-27,2025-12-27 17:00:00+00:00,FR,wind_offshore,persistence,Persistence,daily_persistence,2208,2025-12-28 00:00:00+00:00,878.705,1284.17,,2025-09-26 17:00:00+00:00,2025-12-27 16:00:00+00:00
historical_mock_realized,2025-12-27,2025-12-27 17:00:00+00:00,FR,wind_offshore,persistence,Persistence,daily_persistence,2208,2025-12-28 01:00:00+00:00,808.21,1267.58,,2025-09-26 17:00:00+00:00,2025-12-27 16:00:00+00:00
historical_mock_realized,2025-12-27,2025-12-27 17:00:00+00:00,FR,wind_offshore,persistence,Persistence,daily_persistence,2208,2025-12-28 02:00:00+00:00,823.265,1226.47,,2025-09-26 17:00:00+00:00,2025-12-27 16:00:00+00:00
historical_mock_realized,2025-12-27,2025-12-27 17:00:00+00:00,FR,wind_offshore,persistence,Persistence,daily_persistence,2208,2025-12-28 03:00:00+00:00,886.8075,1333.3575,,2025-09-26 17:00:00+00:00,2025-12-27 16:00:00+00:00
historical_mock_realized,2025-12-27,2025-12-27 17:00:00+00:00,FR,wind_offshore,persistence,Persistence,daily_persistence,2208,2025-12-28 04:00:00+00:00,1137.215,1292.1175,,2025-09-26 17:00:00+00:00,2025-12-27 16:00:00+00:00
historical_mock_realized,2025-12-27,2025-12-27 17:00:00+00:00,FR,wind_offshore,persistence,Persistence,daily_persistence,2208,2025-12-28 05:00:00+00:00,1145.4675,1332.3975,,2025-09-26 17:00:00+00:00,2025-12-27 16:00:00+00:00
historical_mock_realized,2025-12-27,2025-12-27 17:00:00+00:00,FR,wind_offshore,persistence,Persistence,daily_persistence,2208,2025-12-28 06:00:00+00:00,1234.8475,1509.5925,,2025-09-26 17:00:00+00:00,2025-12-27 16:00:00+00:00
historical_mock_realized,2025-12-27,2025-12-27 17:00:00+00:00,FR,wind_offshore,persistence,Persistence,daily_persistence,2208,2025-12-28 07:00:00+00:00,1280.2175,1488.6174999999998,,2025-09-26 17:00:00+00:00,2025-12-27 16:00:00+00:00
historical_mock_realized,2025-12-27,2025-12-27 17:00:00+00:00,FR,wind_offshore,persistence,Persistence,daily_persistence,2208,2025-12-28 08:00:00+00:00,1235.8075,1444.795,,2025-09-26 17:00:00+00:00,2025-12-27 16:00:00+00:00
historical_mock_realized,2025-12-27,2025-12-27 17:00:00+00:00,FR,wind_offshore,persistence,Persistence,daily_persistence,2208,2025-12-28 09:00:00+00:00,1194.11,1511.3625000000002,,2025-09-26 17:00:00+00:00,2025-12-27 16:00:00+00:00
historical_mock_realized,2025-12-27,2025-12-27 17:00:00+00:00,FR,wind_offshore,persistence,Persistence,daily_persistence,2208,2025-12-28 10:00:00+00:00,1192.875,1520.6975,,2025-09-26 17:00:00+00:00,2025-12-27 16:00:00+00:00
historical_mock_realized,2025-12-27,2025-12-27 17:00:00+00:00,FR,wind_offshore,persistence,Persistence,daily_persistence,2208,2025-12-28 11:00:00+00:00,1242.4725,1364.4775,,2025-09-26 17:00:00+00:00,2025-12-27 16:00:00+00:00
historical_mock_realized,2025-12-27,2025-12-27 17:00:00+00:00,FR,wind_offshore,persistence,Persistence,daily_persistence,2208,2025-12-28 12:00:00+00:00,1269.4975,1392.3725,,2025-09-26 17:00:00+00:00,2025-12-27 16:00:00+00:00
historical_mock_realized,2025-12-27,2025-12-27 17:00:00+00:00,FR,wind_offshore,persistence,Persistence,daily_persistence,2208,2025-12-28 13:00:00+00:00,1118.2225,1368.1825,,2025-09-26 17:00:00+00:00,2025-12-27 16:00:00+00:00
historical_mock_realized,2025-12-27,2025-12-27 17:00:00+00:00,FR,wind_offshore,persistence,Persistence,daily_persistence,2208,2025-12-28 14:00:00+00:00,1208.8249999999998,1411.905,,2025-09-26 17:00:00+00:00,2025-12-27 16:00:00+00:00
historical_mock_realized,2025-12-27,2025-12-27 17:00:00+00:00,FR,wind_offshore,persistence,Persistence,daily_persistence,2208,2025-12-28 15:00:00+00:00,1183.6975,1425.885,,2025-09-26 17:00:00+00:00,2025-12-27 16:00:00+00:00
historical_mock_realized,2025-12-27,2025-12-27 17:00:00+00:00,FR,wind_offshore,persistence,Persistence,daily_persistence,2208,2025-12-28 16:00:00+00:00,1409.2025,1448.4675,,2025-09-26 17:00:00+00:00,2025-12-27 16:00:00+00:00
historical_mock_realized,2025-12-27,2025-12-27 17:00:00+00:00,FR,wind_offshore,persistence,Persistence,daily_persistence,2208,2025-12-28 17:00:00+00:00,1498.0875,1543.98,,2025-09-26 17:00:00+00:00,2025-12-27 16:00:00+00:00
historical_mock_realized,2025-12-27,2025-12-27 17:00:00+00:00,DE,wind_offshore,persistence,Persistence,daily_persistence,2208,2025-12-27 18:00:00+00:00,179.62025,7686.65775,,2025-09-26 17:00:00+00:00,2025-12-27 16:00:00+00:00
historical_mock_realized,2025-12-27,2025-12-27 17:00:00+00:00,DE,wind_offshore,persistence,Persistence,daily_persistence,2208,2025-12-27 19:00:00+00:00,227.745,7248.47475,,2025-09-26 17:00:00+00:00,2025-12-27 16:00:00+00:00
historical_mock_realized,2025-12-27,2025-12-27 17:00:00+00:00,DE,wind_offshore,persistence,Persistence,daily_persistence,2208,2025-12-27 20:00:00+00:00,332.91,7004.0337500000005,,2025-09-26 17:00:00+00:00,2025-12-27 16:00:00+00:00
historical_mock_realized,2025-12-27,2025-12-27 17:00:00+00:00,DE,wind_offshore,persistence,Persistence,daily_persistence,2208,2025-12-27 21:00:00+00:00,464.221,6235.51175,,2025-09-26 17:00:00+00:00,2025-12-27 16:00:00+00:00
historical_mock_realized,2025-12-27,2025-12-27 17:00:00+00:00,DE,wind_offshore,persistence,Persistence,daily_persistence,2208,2025-12-27 22:00:00+00:00,535.963,5094.9185,,2025-09-26 17:00:00+00:00,2025-12-27 16:00:00+00:00
historical_mock_realized,2025-12-27,2025-12-27 17:00:00+00:00,DE,wind_offshore,persistence,Persistence,daily_persistence,2208,2025-12-27 23:00:00+00:00,734.43175,4432.5845,,2025-09-26 17:00:00+00:00,2025-12-27 16:00:00+00:00
historical_mock_realized,2025-12-27,2025-12-27 17:00:00+00:00,DE,wind_offshore,persistence,Persistence,daily_persistence,2208,2025-12-28 00:00:00+00:00,760.02975,4597.5085,,2025-09-26 17:00:00+00:00,2025-12-27 16:00:00+00:00
historical_mock_realized,2025-12-27,2025-12-27 17:00:00+00:00,DE,wind_offshore,persistence,Persistence,daily_persistence,2208,2025-12-28 01:00:00+00:00,865.99725,3612.06725,,2025-09-26 17:00:00+00:00,2025-12-27 16:00:00+00:00
historical_mock_realized,2025-12-27,2025-12-27 17:00:00+00:00,DE,wind_offshore,persistence,Persistence,daily_persistence,2208,2025-12-28 02:00:00+00:00,1279.6725,2417.2915000000003,,2025-09-26 17:00:00+00:00,2025-12-27 16:00:00+00:00
historical_mock_realized,2025-12-27,2025-12-27 17:00:00+00:00,DE,wind_offshore,persistence,Persistence,daily_persistence,2208,2025-12-28 03:00:00+00:00,1998.7185,1815.10375,,2025-09-26 17:00:00+00:00,2025-12-27 16:00:00+00:00
historical_mock_realized,2025-12-27,2025-12-27 17:00:00+00:00,DE,wind_offshore,persistence,Persistence,daily_persistence,2208,2025-12-28 04:00:00+00:00,2594.859,1586.2765,,2025-09-26 17:00:00+00:00,2025-12-27 16:00:00+00:00
historical_mock_realized,2025-12-27,2025-12-27 17:00:00+00:00,DE,wind_offshore,persistence,Persistence,daily_persistence,2208,2025-12-28 05:00:00+00:00,3140.6635,1534.74725,,2025-09-26 17:00:00+00:00,2025-12-27 16:00:00+00:00
historical_mock_realized,2025-12-27,2025-12-27 17:00:00+00:00,DE,wind_offshore,persistence,Persistence,daily_persistence,2208,2025-12-28 06:00:00+00:00,3305.00775,1483.7315,,2025-09-26 17:00:00+00:00,2025-12-27 16:00:00+00:00
historical_mock_realized,2025-12-27,2025-12-27 17:00:00+00:00,DE,wind_offshore,persistence,Persistence,daily_persistence,2208,2025-12-28 07:00:00+00:00,3912.321,1383.221,,2025-09-26 17:00:00+00:00,2025-12-27 16:00:00+00:00
historical_mock_realized,2025-12-27,2025-12-27 17:00:00+00:00,DE,wind_offshore,persistence,Persistence,daily_persistence,2208,2025-12-28 08:00:00+00:00,5142.20025,1182.9655,,2025-09-26 17:00:00+00:00,2025-12-27 16:00:00+00:00
historical_mock_realized,2025-12-27,2025-12-27 17:00:00+00:00,DE,wind_offshore,persistence,Persistence,daily_persistence,2208,2025-12-28 09:00:00+00:00,5274.19475,581.8855,,2025-09-26 17:00:00+00:00,2025-12-27 16:00:00+00:00
historical_mock_realized,2025-12-27,2025-12-27 17:00:00+00:00,DE,wind_offshore,persistence,Persistence,daily_persistence,2208,2025-12-28 10:00:00+00:00,4053.21475,537.794,,2025-09-26 17:00:00+00:00,2025-12-27 16:00:00+00:00
historical_mock_realized,2025-12-27,2025-12-27 17:00:00+00:00,DE,wind_offshore,persistence,Persistence,daily_persistence,2208,2025-12-28 11:00:00+00:00,4858.6425,864.9200000000001,,2025-09-26 17:00:00+00:00,2025-12-27 16:00:00+00:00
historical_mock_realized,2025-12-27,2025-12-27 17:00:00+00:00,DE,wind_offshore,persistence,Persistence,daily_persistence,2208,2025-12-28 12:00:00+00:00,6155.686,972.96475,,2025-09-26 17:00:00+00:00,2025-12-27 16:00:00+00:00
historical_mock_realized,2025-12-27,2025-12-27 17:00:00+00:00,DE,wind_offshore,persistence,Persistence,daily_persistence,2208,2025-12-28 13:00:00+00:00,5951.77525,1595.95525,,2025-09-26 17:00:00+00:00,2025-12-27 16:00:00+00:00
historical_mock_realized,2025-12-27,2025-12-27 17:00:00+00:00,DE,wind_offshore,persistence,Persistence,daily_persistence,2208,2025-12-28 14:00:00+00:00,5985.1845,2559.52975,,2025-09-26 17:00:00+00:00,2025-12-27 16:00:00+00:00
historical_mock_realized,2025-12-27,2025-12-27 17:00:00+00:00,DE,wind_offshore,persistence,Persistence,daily_persistence,2208,2025-12-28 15:00:00+00:00,6638.9155,2945.154,,2025-09-26 17:00:00+00:00,2025-12-27 16:00:00+00:00
historical_mock_realized,2025-12-27,2025-12-27 17:00:00+00:00,DE,wind_offshore,persistence,Persistence,daily_persistence,2208,2025-12-28 16:00:00+00:00,7414.24375,2462.9145,,2025-09-26 17:00:00+00:00,2025-12-27 16:00:00+00:00
historical_mock_realized,2025-12-27,2025-12-27 17:00:00+00:00,DE,wind_offshore,persistence,Persistence,daily_persistence,2208,2025-12-28 17:00:00+00:00,7968.1595,2632.15425,,2025-09-26 17:00:00+00:00,2025-12-27 16:00:00+00:00
historical_mock_realized,2025-12-27,2025-12-27 17:00:00+00:00,BE,wind_offshore,xgboost_online,XGBoost with covariates,weather_4p+tso_forecast,2208,2025-12-27 18:00:00+00:00,1726.931884765625,1439.78,,2025-09-26 17:00:00+00:00,2025-12-27 16:00:00+00:00
historical_mock_realized,2025-12-27,2025-12-27 17:00:00+00:00,BE,wind_offshore,xgboost_online,XGBoost with covariates,weather_4p+tso_forecast,2208,2025-12-27 19:00:00+00:00,1575.167724609375,1081.2875,,2025-09-26 17:00:00+00:00,2025-12-27 16:00:00+00:00
historical_mock_realized,2025-12-27,2025-12-27 17:00:00+00:00,BE,wind_offshore,xgboost_online,XGBoost with covariates,weather_4p+tso_forecast,2208,2025-12-27 20:00:00+00:00,1455.8988037109375,885.21,,2025-09-26 17:00:00+00:00,2025-12-27 16:00:00+00:00
historical_mock_realized,2025-12-27,2025-12-27 17:00:00+00:00,BE,wind_offshore,xgboost_online,XGBoost with covariates,weather_4p+tso_forecast,2208,2025-12-27 21:00:00+00:00,1415.79931640625,891.5975,,2025-09-26 17:00:00+00:00,2025-12-27 16:00:00+00:00
historical_mock_realized,2025-12-27,2025-12-27 17:00:00+00:00,BE,wind_offshore,xgboost_online,XGBoost with covariates,weather_4p+tso_forecast,2208,2025-12-27 22:00:00+00:00,1415.79931640625,696.725,,2025-09-26 17:00:00+00:00,2025-12-27 16:00:00+00:00
historical_mock_realized,2025-12-27,2025-12-27 17:00:00+00:00,BE,wind_offshore,xgboost_online,XGBoost with covariates,weather_4p+tso_forecast,2208,2025-12-27 23:00:00+00:00,1388.98388671875,746.2875,,2025-09-26 17:00:00+00:00,2025-12-27 16:00:00+00:00
historical_mock_realized,2025-12-27,2025-12-27 17:00:00+00:00,BE,wind_offshore,xgboost_online,XGBoost with covariates,weather_4p+tso_forecast,2208,2025-12-28 00:00:00+00:00,1311.98388671875,821.98,,2025-09-26 17:00:00+00:00,2025-12-27 16:00:00+00:00
historical_mock_realized,2025-12-27,2025-12-27 17:00:00+00:00,BE,wind_offshore,xgboost_online,XGBoost with covariates,weather_4p+tso_forecast,2208,2025-12-28 01:00:00+00:00,1154.9322509765625,696.815,,2025-09-26 17:00:00+00:00,2025-12-27 16:00:00+00:00
historical_mock_realized,2025-12-27,2025-12-27 17:00:00+00:00,BE,wind_offshore,xgboost_online,XGBoost with covariates,weather_4p+tso_forecast,2208,2025-12-28 02:00:00+00:00,999.6201171875,720.8025,,2025-09-26 17:00:00+00:00,2025-12-27 16:00:00+00:00
historical_mock_realized,2025-12-27,2025-12-27 17:00:00+00:00,BE,wind_offshore,xgboost_online,XGBoost with covariates,weather_4p+tso_forecast,2208,2025-12-28 03:00:00+00:00,944.0115966796876,789.3,,2025-09-26 17:00:00+00:00,2025-12-27 16:00:00+00:00
historical_mock_realized,2025-12-27,2025-12-27 17:00:00+00:00,BE,wind_offshore,xgboost_online,XGBoost with covariates,weather_4p+tso_forecast,2208,2025-12-28 04:00:00+00:00,796.4833374023438,798.025,,2025-09-26 17:00:00+00:00,2025-12-27 16:00:00+00:00
historical_mock_realized,2025-12-27,2025-12-27 17:00:00+00:00,BE,wind_offshore,xgboost_online,XGBoost with covariates,weather_4p+tso_forecast,2208,2025-12-28 05:00:00+00:00,727.1581420898438,577.88,,2025-09-26 17:00:00+00:00,2025-12-27 16:00:00+00:00
historical_mock_realized,2025-12-27,2025-12-27 17:00:00+00:00,BE,wind_offshore,xgboost_online,XGBoost with covariates,weather_4p+tso_forecast,2208,2025-12-28 06:00:00+00:00,656.381103515625,394.34,,2025-09-26 17:00:00+00:00,2025-12-27 16:00:00+00:00
historical_mock_realized,2025-12-27,2025-12-27 17:00:00+00:00,BE,wind_offshore,xgboost_online,XGBoost with covariates,weather_4p+tso_forecast,2208,2025-12-28 07:00:00+00:00,630.188232421875,410.2125,,2025-09-26 17:00:00+00:00,2025-12-27 16:00:00+00:00
historical_mock_realized,2025-12-27,2025-12-27 17:00:00+00:00,BE,wind_offshore,xgboost_online,XGBoost with covariates,weather_4p+tso_forecast,2208,2025-12-28 08:00:00+00:00,649.5391845703125,418.135,,2025-09-26 17:00:00+00:00,2025-12-27 16:00:00+00:00
historical_mock_realized,2025-12-27,2025-12-27 17:00:00+00:00,BE,wind_offshore,xgboost_online,XGBoost with covariates,weather_4p+tso_forecast,2208,2025-12-28 09:00:00+00:00,649.4835815429688,428.9925,,2025-09-26 17:00:00+00:00,2025-12-27 16:00:00+00:00
historical_mock_realized,2025-12-27,2025-12-27 17:00:00+00:00,BE,wind_offshore,xgboost_online,XGBoost with covariates,weather_4p+tso_forecast,2208,2025-12-28 10:00:00+00:00,550.1142578125,459.15,,2025-09-26 17:00:00+00:00,2025-12-27 16:00:00+00:00
historical_mock_realized,2025-12-27,2025-12-27 17:00:00+00:00,BE,wind_offshore,xgboost_online,XGBoost with covariates,weather_4p+tso_forecast,2208,2025-12-28 11:00:00+00:00,446.1326599121094,520.99,,2025-09-26 17:00:00+00:00,2025-12-27 16:00:00+00:00
historical_mock_realized,2025-12-27,2025-12-27 17:00:00+00:00,BE,wind_offshore,xgboost_online,XGBoost with covariates,weather_4p+tso_forecast,2208,2025-12-28 12:00:00+00:00,369.6844177246094,570.0525,,2025-09-26 17:00:00+00:00,2025-12-27 16:00:00+00:00
historical_mock_realized,2025-12-27,2025-12-27 17:00:00+00:00,BE,wind_offshore,xgboost_online,XGBoost with covariates,weather_4p+tso_forecast,2208,2025-12-28 13:00:00+00:00,280.0568542480469,699.15,,2025-09-26 17:00:00+00:00,2025-12-27 16:00:00+00:00
historical_mock_realized,2025-12-27,2025-12-27 17:00:00+00:00,BE,wind_offshore,xgboost_online,XGBoost with covariates,weather_4p+tso_forecast,2208,2025-12-28 14:00:00+00:00,226.28648376464844,807.4425,,2025-09-26 17:00:00+00:00,2025-12-27 16:00:00+00:00
historical_mock_realized,2025-12-27,2025-12-27 17:00:00+00:00,BE,wind_offshore,xgboost_online,XGBoost with covariates,weather_4p+tso_forecast,2208,2025-12-28 15:00:00+00:00,348.75677490234375,1003.1725,,2025-09-26 17:00:00+00:00,2025-12-27 16:00:00+00:00
historical_mock_realized,2025-12-27,2025-12-27 17:00:00+00:00,BE,wind_offshore,xgboost_online,XGBoost with covariates,weather_4p+tso_forecast,2208,2025-12-28 16:00:00+00:00,432.3835754394531,756.07,,2025-09-26 17:00:00+00:00,2025-12-27 16:00:00+00:00
historical_mock_realized,2025-12-27,2025-12-27 17:00:00+00:00,BE,wind_offshore,xgboost_online,XGBoost with covariates,weather_4p+tso_forecast,2208,2025-12-28 17:00:00+00:00,338.80181884765625,615.1875,,2025-09-26 17:00:00+00:00,2025-12-27 16:00:00+00:00
historical_mock_realized,2025-12-27,2025-12-27 17:00:00+00:00,FR,wind_offshore,xgboost_online,XGBoost with covariates,weather_4p+tso_forecast,2208,2025-12-27 18:00:00+00:00,1360.9110107421875,1586.255,,2025-09-26 17:00:00+00:00,2025-12-27 16:00:00+00:00
historical_mock_realized,2025-12-27,2025-12-27 17:00:00+00:00,FR,wind_offshore,xgboost_online,XGBoost with covariates,weather_4p+tso_forecast,2208,2025-12-27 19:00:00+00:00,1297.3692626953125,1624.0775,,2025-09-26 17:00:00+00:00,2025-12-27 16:00:00+00:00
historical_mock_realized,2025-12-27,2025-12-27 17:00:00+00:00,FR,wind_offshore,xgboost_online,XGBoost with covariates,weather_4p+tso_forecast,2208,2025-12-27 20:00:00+00:00,1357.817626953125,1564.765,,2025-09-26 17:00:00+00:00,2025-12-27 16:00:00+00:00
historical_mock_realized,2025-12-27,2025-12-27 17:00:00+00:00,FR,wind_offshore,xgboost_online,XGBoost with covariates,weather_4p+tso_forecast,2208,2025-12-27 21:00:00+00:00,1357.817626953125,1458.8075,,2025-09-26 17:00:00+00:00,2025-12-27 16:00:00+00:00
historical_mock_realized,2025-12-27,2025-12-27 17:00:00+00:00,FR,wind_offshore,xgboost_online,XGBoost with covariates,weather_4p+tso_forecast,2208,2025-12-27 22:00:00+00:00,1307.0087890625,1425.9375,,2025-09-26 17:00:00+00:00,2025-12-27 16:00:00+00:00
historical_mock_realized,2025-12-27,2025-12-27 17:00:00+00:00,FR,wind_offshore,xgboost_online,XGBoost with covariates,weather_4p+tso_forecast,2208,2025-12-27 23:00:00+00:00,1312.5784912109375,1293.3225,,2025-09-26 17:00:00+00:00,2025-12-27 16:00:00+00:00
historical_mock_realized,2025-12-27,2025-12-27 17:00:00+00:00,FR,wind_offshore,xgboost_online,XGBoost with covariates,weather_4p+tso_forecast,2208,2025-12-28 00:00:00+00:00,1312.5784912109375,1284.17,,2025-09-26 17:00:00+00:00,2025-12-27 16:00:00+00:00
historical_mock_realized,2025-12-27,2025-12-27 17:00:00+00:00,FR,wind_offshore,xgboost_online,XGBoost with covariates,weather_4p+tso_forecast,2208,2025-12-28 01:00:00+00:00,1361.8294677734375,1267.58,,2025-09-26 17:00:00+00:00,2025-12-27 16:00:00+00:00
historical_mock_realized,2025-12-27,2025-12-27 17:00:00+00:00,FR,wind_offshore,xgboost_online,XGBoost with covariates,weather_4p+tso_forecast,2208,2025-12-28 02:00:00+00:00,1375.63330078125,1226.47,,2025-09-26 17:00:00+00:00,2025-12-27 16:00:00+00:00
historical_mock_realized,2025-12-27,2025-12-27 17:00:00+00:00,FR,wind_offshore,xgboost_online,XGBoost with covariates,weather_4p+tso_forecast,2208,2025-12-28 03:00:00+00:00,1329.250244140625,1333.3575,,2025-09-26 17:00:00+00:00,2025-12-27 16:00:00+00:00
historical_mock_realized,2025-12-27,2025-12-27 17:00:00+00:00,FR,wind_offshore,xgboost_online,XGBoost with covariates,weather_4p+tso_forecast,2208,2025-12-28 04:00:00+00:00,1315.7685546875,1292.1175,,2025-09-26 17:00:00+00:00,2025-12-27 16:00:00+00:00
historical_mock_realized,2025-12-27,2025-12-27 17:00:00+00:00,FR,wind_offshore,xgboost_online,XGBoost with covariates,weather_4p+tso_forecast,2208,2025-12-28 05:00:00+00:00,1315.7685546875,1332.3975,,2025-09-26 17:00:00+00:00,2025-12-27 16:00:00+00:00
historical_mock_realized,2025-12-27,2025-12-27 17:00:00+00:00,FR,wind_offshore,xgboost_online,XGBoost with covariates,weather_4p+tso_forecast,2208,2025-12-28 06:00:00+00:00,1358.9615478515625,1509.5925,,2025-09-26 17:00:00+00:00,2025-12-27 16:00:00+00:00
historical_mock_realized,2025-12-27,2025-12-27 17:00:00+00:00,FR,wind_offshore,xgboost_online,XGBoost with covariates,weather_4p+tso_forecast,2208,2025-12-28 07:00:00+00:00,1387.5916748046875,1488.6174999999998,,2025-09-26 17:00:00+00:00,2025-12-27 16:00:00+00:00
historical_mock_realized,2025-12-27,2025-12-27 17:00:00+00:00,FR,wind_offshore,xgboost_online,XGBoost with covariates,weather_4p+tso_forecast,2208,2025-12-28 08:00:00+00:00,1385.824462890625,1444.795,,2025-09-26 17:00:00+00:00,2025-12-27 16:00:00+00:00
historical_mock_realized,2025-12-27,2025-12-27 17:00:00+00:00,FR,wind_offshore,xgboost_online,XGBoost with covariates,weather_4p+tso_forecast,2208,2025-12-28 09:00:00+00:00,1370.319091796875,1511.3625000000002,,2025-09-26 17:00:00+00:00,2025-12-27 16:00:00+00:00
historical_mock_realized,2025-12-27,2025-12-27 17:00:00+00:00,FR,wind_offshore,xgboost_online,XGBoost with covariates,weather_4p+tso_forecast,2208,2025-12-28 10:00:00+00:00,1297.0731201171875,1520.6975,,2025-09-26 17:00:00+00:00,2025-12-27 16:00:00+00:00
historical_mock_realized,2025-12-27,2025-12-27 17:00:00+00:00,FR,wind_offshore,xgboost_online,XGBoost with covariates,weather_4p+tso_forecast,2208,2025-12-28 11:00:00+00:00,1284.645751953125,1364.4775,,2025-09-26 17:00:00+00:00,2025-12-27 16:00:00+00:00
historical_mock_realized,2025-12-27,2025-12-27 17:00:00+00:00,FR,wind_offshore,xgboost_online,XGBoost with covariates,weather_4p+tso_forecast,2208,2025-12-28 12:00:00+00:00,1274.147216796875,1392.3725,,2025-09-26 17:00:00+00:00,2025-12-27 16:00:00+00:00
historical_mock_realized,2025-12-27,2025-12-27 17:00:00+00:00,FR,wind_offshore,xgboost_online,XGBoost with covariates,weather_4p+tso_forecast,2208,2025-12-28 13:00:00+00:00,1203.832763671875,1368.1825,,2025-09-26 17:00:00+00:00,2025-12-27 16:00:00+00:00
historical_mock_realized,2025-12-27,2025-12-27 17:00:00+00:00,FR,wind_offshore,xgboost_online,XGBoost with covariates,weather_4p+tso_forecast,2208,2025-12-28 14:00:00+00:00,1157.78564453125,1411.905,,2025-09-26 17:00:00+00:00,2025-12-27 16:00:00+00:00
historical_mock_realized,2025-12-27,2025-12-27 17:00:00+00:00,FR,wind_offshore,xgboost_online,XGBoost with covariates,weather_4p+tso_forecast,2208,2025-12-28 15:00:00+00:00,1108.0638427734375,1425.885,,2025-09-26 17:00:00+00:00,2025-12-27 16:00:00+00:00
historical_mock_realized,2025-12-27,2025-12-27 17:00:00+00:00,FR,wind_offshore,xgboost_online,XGBoost with covariates,weather_4p+tso_forecast,2208,2025-12-28 16:00:00+00:00,1108.7490234375,1448.4675,,2025-09-26 17:00:00+00:00,2025-12-27 16:00:00+00:00
historical_mock_realized,2025-12-27,2025-12-27 17:00:00+00:00,FR,wind_offshore,xgboost_online,XGBoost with covariates,weather_4p+tso_forecast,2208,2025-12-28 17:00:00+00:00,1116.52783203125,1543.98,,2025-09-26 17:00:00+00:00,2025-12-27 16:00:00+00:00
historical_mock_realized,2025-12-27,2025-12-27 17:00:00+00:00,DE,wind_offshore,xgboost_online,XGBoost with covariates,weather_4p+tso_forecast,2208,2025-12-27 18:00:00+00:00,7412.5341796875,7686.65775,,2025-09-26 17:00:00+00:00,2025-12-27 16:00:00+00:00
historical_mock_realized,2025-12-27,2025-12-27 17:00:00+00:00,DE,wind_offshore,xgboost_online,XGBoost with covariates,weather_4p+tso_forecast,2208,2025-12-27 19:00:00+00:00,7338.59765625,7248.47475,,2025-09-26 17:00:00+00:00,2025-12-27 16:00:00+00:00
historical_mock_realized,2025-12-27,2025-12-27 17:00:00+00:00,DE,wind_offshore,xgboost_online,XGBoost with covariates,weather_4p+tso_forecast,2208,2025-12-27 20:00:00+00:00,7144.93603515625,7004.0337500000005,,2025-09-26 17:00:00+00:00,2025-12-27 16:00:00+00:00
historical_mock_realized,2025-12-27,2025-12-27 17:00:00+00:00,DE,wind_offshore,xgboost_online,XGBoost with covariates,weather_4p+tso_forecast,2208,2025-12-27 21:00:00+00:00,6741.3408203125,6235.51175,,2025-09-26 17:00:00+00:00,2025-12-27 16:00:00+00:00
historical_mock_realized,2025-12-27,2025-12-27 17:00:00+00:00,DE,wind_offshore,xgboost_online,XGBoost with covariates,weather_4p+tso_forecast,2208,2025-12-27 22:00:00+00:00,6059.46142578125,5094.9185,,2025-09-26 17:00:00+00:00,2025-12-27 16:00:00+00:00
historical_mock_realized,2025-12-27,2025-12-27 17:00:00+00:00,DE,wind_offshore,xgboost_online,XGBoost with covariates,weather_4p+tso_forecast,2208,2025-12-27 23:00:00+00:00,5354.87255859375,4432.5845,,2025-09-26 17:00:00+00:00,2025-12-27 16:00:00+00:00
historical_mock_realized,2025-12-27,2025-12-27 17:00:00+00:00,DE,wind_offshore,xgboost_online,XGBoost with covariates,weather_4p+tso_forecast,2208,2025-12-28 00:00:00+00:00,4753.3095703125,4597.5085,,2025-09-26 17:00:00+00:00,2025-12-27 16:00:00+00:00
historical_mock_realized,2025-12-27,2025-12-27 17:00:00+00:00,DE,wind_offshore,xgboost_online,XGBoost with covariates,weather_4p+tso_forecast,2208,2025-12-28 01:00:00+00:00,4450.875,3612.06725,,2025-09-26 17:00:00+00:00,2025-12-27 16:00:00+00:00
historical_mock_realized,2025-12-27,2025-12-27 17:00:00+00:00,DE,wind_offshore,xgboost_online,XGBoost with covariates,weather_4p+tso_forecast,2208,2025-12-28 02:00:00+00:00,3843.4384765625,2417.2915000000003,,2025-09-26 17:00:00+00:00,2025-12-27 16:00:00+00:00
historical_mock_realized,2025-12-27,2025-12-27 17:00:00+00:00,DE,wind_offshore,xgboost_online,XGBoost with covariates,weather_4p+tso_forecast,2208,2025-12-28 03:00:00+00:00,3012.29443359375,1815.10375,,2025-09-26 17:00:00+00:00,2025-12-27 16:00:00+00:00
historical_mock_realized,2025-12-27,2025-12-27 17:00:00+00:00,DE,wind_offshore,xgboost_online,XGBoost with covariates,weather_4p+tso_forecast,2208,2025-12-28 04:00:00+00:00,2307.7392578125,1586.2765,,2025-09-26 17:00:00+00:00,2025-12-27 16:00:00+00:00
historical_mock_realized,2025-12-27,2025-12-27 17:00:00+00:00,DE,wind_offshore,xgboost_online,XGBoost with covariates,weather_4p+tso_forecast,2208,2025-12-28 05:00:00+00:00,1482.0574951171875,1534.74725,,2025-09-26 17:00:00+00:00,2025-12-27 16:00:00+00:00
historical_mock_realized,2025-12-27,2025-12-27 17:00:00+00:00,DE,wind_offshore,xgboost_online,XGBoost with covariates,weather_4p+tso_forecast,2208,2025-12-28 06:00:00+00:00,1218.3763427734375,1483.7315,,2025-09-26 17:00:00+00:00,2025-12-27 16:00:00+00:00
historical_mock_realized,2025-12-27,2025-12-27 17:00:00+00:00,DE,wind_offshore,xgboost_online,XGBoost with covariates,weather_4p+tso_forecast,2208,2025-12-28 07:00:00+00:00,1127.468505859375,1383.221,,2025-09-26 17:00:00+00:00,2025-12-27 16:00:00+00:00
historical_mock_realized,2025-12-27,2025-12-27 17:00:00+00:00,DE,wind_offshore,xgboost_online,XGBoost with covariates,weather_4p+tso_forecast,2208,2025-12-28 08:00:00+00:00,1011.6945190429688,1182.9655,,2025-09-26 17:00:00+00:00,2025-12-27 16:00:00+00:00
historical_mock_realized,2025-12-27,2025-12-27 17:00:00+00:00,DE,wind_offshore,xgboost_online,XGBoost with covariates,weather_4p+tso_forecast,2208,2025-12-28 09:00:00+00:00,881.3595581054688,581.8855,,2025-09-26 17:00:00+00:00,2025-12-27 16:00:00+00:00
historical_mock_realized,2025-12-27,2025-12-27 17:00:00+00:00,DE,wind_offshore,xgboost_online,XGBoost with covariates,weather_4p+tso_forecast,2208,2025-12-28 10:00:00+00:00,835.6498413085938,537.794,,2025-09-26 17:00:00+00:00,2025-12-27 16:00:00+00:00
historical_mock_realized,2025-12-27,2025-12-27 17:00:00+00:00,DE,wind_offshore,xgboost_online,XGBoost with covariates,weather_4p+tso_forecast,2208,2025-12-28 11:00:00+00:00,835.6498413085938,864.9200000000001,,2025-09-26 17:00:00+00:00,2025-12-27 16:00:00+00:00
historical_mock_realized,2025-12-27,2025-12-27 17:00:00+00:00,DE,wind_offshore,xgboost_online,XGBoost with covariates,weather_4p+tso_forecast,2208,2025-12-28 12:00:00+00:00,847.3563842773438,972.96475,,2025-09-26 17:00:00+00:00,2025-12-27 16:00:00+00:00
historical_mock_realized,2025-12-27,2025-12-27 17:00:00+00:00,DE,wind_offshore,xgboost_online,XGBoost with covariates,weather_4p+tso_forecast,2208,2025-12-28 13:00:00+00:00,1024.318603515625,1595.95525,,2025-09-26 17:00:00+00:00,2025-12-27 16:00:00+00:00
historical_mock_realized,2025-12-27,2025-12-27 17:00:00+00:00,DE,wind_offshore,xgboost_online,XGBoost with covariates,weather_4p+tso_forecast,2208,2025-12-28 14:00:00+00:00,1310.7176513671875,2559.52975,,2025-09-26 17:00:00+00:00,2025-12-27 16:00:00+00:00
historical_mock_realized,2025-12-27,2025-12-27 17:00:00+00:00,DE,wind_offshore,xgboost_online,XGBoost with covariates,weather_4p+tso_forecast,2208,2025-12-28 15:00:00+00:00,1698.8873291015625,2945.154,,2025-09-26 17:00:00+00:00,2025-12-27 16:00:00+00:00
historical_mock_realized,2025-12-27,2025-12-27 17:00:00+00:00,DE,wind_offshore,xgboost_online,XGBoost with covariates,weather_4p+tso_forecast,2208,2025-12-28 16:00:00+00:00,1960.3311767578125,2462.9145,,2025-09-26 17:00:00+00:00,2025-12-27 16:00:00+00:00
historical_mock_realized,2025-12-27,2025-12-27 17:00:00+00:00,DE,wind_offshore,xgboost_online,XGBoost with covariates,weather_4p+tso_forecast,2208,2025-12-28 17:00:00+00:00,2059.672119140625,2632.15425,,2025-09-26 17:00:00+00:00,2025-12-27 16:00:00+00:00
